[Trace] Gravando em: C:\Users\lucas_alves\Workspace\self-adaptive-arm-simulator\3-dejavu\output\arm\traces\trace_20260830_121817.log
[DejaVu] Aguardando new_perception do Manager...

[step=   2 12:18:18.440][DejaVu] ep=1  subtask=APPROACH_OBJECT  reward=-0.4000
[step=   2 12:18:18.440][Perception]
  CONTEXTO                                        PARÂMETROS SM
  ----------------------------------------------  --------------------------------------
  fingers_width         = 0.0788 m                gripper_width_cm      = 7 cm
  dist_ee_to_cube       = 0.2806 m                distance_ee_object_cm = 25 cm
  dist_cube_to_target   = 0.4000 m  (3D)          distance_obj_goal_cm  = 40 cm  (XY)
  cube_position (z)     = 0.0200 m                object_lift_height_cm = 0 cm
  cube_position (xy)    = [-0.250, 0.000]         grasp_completed       = 0
  finger_contacts (raw) = 0                       finger_contacts       = 0
  x                                               grasp_attempts        = 0
  x                                               task_started          = 1
  x                                               object_available      = 1
  x                                               task_aborted          = 0
  episode                = 1                      x
  step                   = 2                      x
  ee_position            = [-0.0225, 0.0000, 0.1842]  x
  ee_velocity            = [-0.3693, 0.0001, -0.0756]  x
  target_position        = [0.1500, 0.0000, 0.0200]  x
  reward                 = -0.4000                x
  is_success             = False                  x
  obstacle_in_path       = False                  x
  obstacle_count_in_path = 0                      x
  obstacles              = {}                     x
  objects                = {'object_1': {'type': 'box', 'size': [0.04, 0.04, 0.04], 'mass': 10, 'color': [0.1, 0.2, 0.9, 1.0], 'initial_position': [-0.25, 0.0, 0.02], 'spinning_friction': 0.001, 'current_position': [-0.2500007504158555, 8.24417698433732e-07, 0.019989433475159142]}}  x
  scripts                = {'script_1': True, 'reach_only': True, 'left_right': True}  x
  target_goal            = {'type': 'goal_sequence', 'targets': [{'name': 'target', 'position': [0.15000000596046448, 0.0, 0.019999999552965164]}], 'mode': 'goal_sequence'}  x
  scene                  = {'table': {'length': 1.1, 'width': 0.7, 'height': 0.4, 'x_offset': -0.3, 'lateral_friction': 3.0, 'spinning_friction': 0.001}}  x
  robot_config           = {'control_type': 'ee', 'block_gripper': False, 'base_position': [-0.6, 0.0, 0.05]}  x
  current_task           = OBJECT_DELIVERY_SEQUENCE  x
  current_subtask        = APPROACH_OBJECT        x
  active_target_name     = target                 x
  action                 = [-0.9849, -0.0000, -0.1732, 1.0000]  x
  joint_angles           = [-0.0006, 0.2683, 0.0007, -2.1078, -0.0003, 2.3756, 0.7857]  x
  joint_velocities       = [-0.0007, -0.7571, 0.0008, -1.3320, 0.0000, 0.4389, -0.0038]  x
  cube_rotation          = [0.0000, -0.0000, -0.0000]  x
  cube_linear_velocity   = [-0.0000, 0.0000, -0.0000]  x
  obstacle_positions     = {}                     x
[step=   2 12:18:18.440][SM] INIT ──[task_started == 1]──► PHI_1   ✓
[step=   2 12:18:18.440][SM] PHI_1 ──[object_available >= 1 and gripper_width_cm >= 6]──► S2   ✓
[step=   2 12:18:18.440][SM] estado=S2   SAT=None

[step=   3 12:18:19.585][DejaVu] ep=1  subtask=APPROACH_OBJECT  reward=-0.4000
[step=   3 12:18:19.585][Perception]
  CONTEXTO                                        PARÂMETROS SM
  ----------------------------------------------  --------------------------------------
  fingers_width         = 0.0799 m                gripper_width_cm      = 7 cm
  dist_ee_to_cube       = 0.2501 m                distance_ee_object_cm = 22 cm
  dist_cube_to_target   = 0.4000 m  (3D)          distance_obj_goal_cm  = 40 cm  (XY)
  cube_position (z)     = 0.0200 m                object_lift_height_cm = 0 cm
  cube_position (xy)    = [-0.250, 0.000]         grasp_completed       = 0
  finger_contacts (raw) = 0                       finger_contacts       = 0
  x                                               grasp_attempts        = 0
  x                                               task_started          = 1
  x                                               object_available      = 1
  x                                               task_aborted          = 0
  episode                = 1                      x
  step                   = 3                      x
  ee_position            = [-0.0556, 0.0000, 0.1774]  x
  ee_velocity            = [-0.3892, 0.0002, -0.0654]  x
  target_position        = [0.1500, 0.0000, 0.0200]  x
  reward                 = -0.4000                x
  is_success             = False                  x
  obstacle_in_path       = False                  x
  obstacle_count_in_path = 0                      x
  obstacles              = {}                     x
  objects                = {'object_1': {'type': 'box', 'size': [0.04, 0.04, 0.04], 'mass': 10, 'color': [0.1, 0.2, 0.9, 1.0], 'initial_position': [-0.25, 0.0, 0.02], 'spinning_friction': 0.001, 'current_position': [-0.2500007855749166, 1.2751467347975804e-06, 0.019989415568297347]}}  x
  scripts                = {'script_1': True, 'reach_only': True, 'left_right': True}  x
  target_goal            = {'type': 'goal_sequence', 'targets': [{'name': 'target', 'position': [0.15000000596046448, 0.0, 0.019999999552965164]}], 'mode': 'goal_sequence'}  x
  scene                  = {'table': {'length': 1.1, 'width': 0.7, 'height': 0.4, 'x_offset': -0.3, 'lateral_friction': 3.0, 'spinning_friction': 0.001}}  x
  robot_config           = {'control_type': 'ee', 'block_gripper': False, 'base_position': [-0.6, 0.0, 0.05]}  x
  current_task           = OBJECT_DELIVERY_SEQUENCE  x
  current_subtask        = APPROACH_OBJECT        x
  active_target_name     = target                 x
  action                 = [-0.9855, -0.0001, -0.1699, 1.0000]  x
  joint_angles           = [-0.0007, 0.1972, 0.0007, -2.2343, -0.0002, 2.4311, 0.7856]  x
  joint_velocities       = [-0.0002, -0.8030, 0.0006, -1.3457, 0.0004, 0.4268, -0.0006]  x
  cube_rotation          = [0.0000, -0.0000, -0.0000]  x
  cube_linear_velocity   = [-0.0000, 0.0000, -0.0000]  x
  obstacle_positions     = {}                     x
[step=   3 12:18:19.585][SM] (sem transições neste tick)
[step=   3 12:18:19.585][SM] estado=S2   SAT=None

[step=   4 12:18:20.732][DejaVu] ep=1  subtask=APPROACH_OBJECT  reward=-0.4000
[step=   4 12:18:20.732][Perception]
  CONTEXTO                                        PARÂMETROS SM
  ----------------------------------------------  --------------------------------------
  fingers_width         = 0.0800 m                gripper_width_cm      = 7 cm
  dist_ee_to_cube       = 0.2199 m                distance_ee_object_cm = 19 cm
  dist_cube_to_target   = 0.4000 m  (3D)          distance_obj_goal_cm  = 40 cm  (XY)
  cube_position (z)     = 0.0200 m                object_lift_height_cm = 0 cm
  cube_position (xy)    = [-0.250, 0.000]         grasp_completed       = 0
  finger_contacts (raw) = 0                       finger_contacts       = 0
  x                                               grasp_attempts        = 0
  x                                               task_started          = 1
  x                                               object_available      = 1
  x                                               task_aborted          = 0
  episode                = 1                      x
  step                   = 4                      x
  ee_position            = [-0.0897, 0.0001, 0.1706]  x
  ee_velocity            = [-0.4008, 0.0003, -0.0701]  x
  target_position        = [0.1500, 0.0000, 0.0200]  x
  reward                 = -0.4000                x
  is_success             = False                  x
  obstacle_in_path       = False                  x
  obstacle_count_in_path = 0                      x
  obstacles              = {}                     x
  objects                = {'object_1': {'type': 'box', 'size': [0.04, 0.04, 0.04], 'mass': 10, 'color': [0.1, 0.2, 0.9, 1.0], 'initial_position': [-0.25, 0.0, 0.02], 'spinning_friction': 0.001, 'current_position': [-0.25000080621045623, 1.7258736698107818e-06, 0.019989412192645814]}}  x
  scripts                = {'script_1': True, 'reach_only': True, 'left_right': True}  x
  target_goal            = {'type': 'goal_sequence', 'targets': [{'name': 'target', 'position': [0.15000000596046448, 0.0, 0.019999999552965164]}], 'mode': 'goal_sequence'}  x
  scene                  = {'table': {'length': 1.1, 'width': 0.7, 'height': 0.4, 'x_offset': -0.3, 'lateral_friction': 3.0, 'spinning_friction': 0.001}}  x
  robot_config           = {'control_type': 'ee', 'block_gripper': False, 'base_position': [-0.6, 0.0, 0.05]}  x
  current_task           = OBJECT_DELIVERY_SEQUENCE  x
  current_subtask        = APPROACH_OBJECT        x
  active_target_name     = target                 x
  action                 = [-0.9864, -0.0002, -0.1645, 1.0000]  x
  joint_angles           = [-0.0007, 0.1263, 0.0008, -2.3582, -0.0002, 2.4846, 0.7856]  x
  joint_velocities       = [-0.0002, -0.8024, 0.0008, -1.3278, 0.0005, 0.4108, -0.0002]  x
  cube_rotation          = [0.0000, -0.0000, -0.0000]  x
  cube_linear_velocity   = [-0.0000, 0.0000, -0.0000]  x
  obstacle_positions     = {}                     x
[step=   4 12:18:20.732][SM] (sem transições neste tick)
[step=   4 12:18:20.732][SM] estado=S2   SAT=None

[step=   5 12:18:21.880][DejaVu] ep=1  subtask=APPROACH_OBJECT  reward=-0.4000
[step=   5 12:18:21.880][Perception]
  CONTEXTO                                        PARÂMETROS SM
  ----------------------------------------------  --------------------------------------
  fingers_width         = 0.0800 m                gripper_width_cm      = 7 cm
  dist_ee_to_cube       = 0.1900 m                distance_ee_object_cm = 16 cm
  dist_cube_to_target   = 0.4000 m  (3D)          distance_obj_goal_cm  = 40 cm  (XY)
  cube_position (z)     = 0.0200 m                object_lift_height_cm = 0 cm
  cube_position (xy)    = [-0.250, 0.000]         grasp_completed       = 0
  finger_contacts (raw) = 0                       finger_contacts       = 0
  x                                               grasp_attempts        = 0
  x                                               task_started          = 1
  x                                               object_available      = 1
  x                                               task_aborted          = 0
  episode                = 1                      x
  step                   = 5                      x
  ee_position            = [-0.1251, 0.0001, 0.1632]  x
  ee_velocity            = [-0.3810, 0.0007, -0.0494]  x
  target_position        = [0.1500, 0.0000, 0.0200]  x
  reward                 = -0.4000                x
  is_success             = False                  x
  obstacle_in_path       = False                  x
  obstacle_count_in_path = 0                      x
  obstacles              = {}                     x
  objects                = {'object_1': {'type': 'box', 'size': [0.04, 0.04, 0.04], 'mass': 10, 'color': [0.1, 0.2, 0.9, 1.0], 'initial_position': [-0.25, 0.0, 0.02], 'spinning_friction': 0.001, 'current_position': [-0.25000082410733043, 2.1765994240181245e-06, 0.01998941155619958]}}  x
  scripts                = {'script_1': True, 'reach_only': True, 'left_right': True}  x
  target_goal            = {'type': 'goal_sequence', 'targets': [{'name': 'target', 'position': [0.15000000596046448, 0.0, 0.019999999552965164]}], 'mode': 'goal_sequence'}  x
  scene                  = {'table': {'length': 1.1, 'width': 0.7, 'height': 0.4, 'x_offset': -0.3, 'lateral_friction': 3.0, 'spinning_friction': 0.001}}  x
  robot_config           = {'control_type': 'ee', 'block_gripper': False, 'base_position': [-0.6, 0.0, 0.05]}  x
  current_task           = OBJECT_DELIVERY_SEQUENCE  x
  current_subtask        = APPROACH_OBJECT        x
  active_target_name     = target                 x
  action                 = [-0.9875, -0.0003, -0.1576, 1.0000]  x
  joint_angles           = [-0.0007, 0.0555, 0.0008, -2.4806, -0.0001, 2.5352, 0.7855]  x
  joint_velocities       = [-0.0001, -0.8110, 0.0017, -1.2507, 0.0006, 0.3895, -0.0002]  x
  cube_rotation          = [0.0000, -0.0000, -0.0000]  x
  cube_linear_velocity   = [-0.0000, 0.0000, -0.0000]  x
  obstacle_positions     = {}                     x
[step=   5 12:18:21.880][SM] (sem transições neste tick)
[step=   5 12:18:21.880][SM] estado=S2   SAT=None

[step=   6 12:18:23.025][DejaVu] ep=1  subtask=APPROACH_OBJECT  reward=-0.4000
[step=   6 12:18:23.025][Perception]
  CONTEXTO                                        PARÂMETROS SM
  ----------------------------------------------  --------------------------------------
  fingers_width         = 0.0800 m                gripper_width_cm      = 7 cm
  dist_ee_to_cube       = 0.1629 m                distance_ee_object_cm = 13 cm
  dist_cube_to_target   = 0.4000 m  (3D)          distance_obj_goal_cm  = 40 cm  (XY)
  cube_position (z)     = 0.0200 m                object_lift_height_cm = 0 cm
  cube_position (xy)    = [-0.250, 0.000]         grasp_completed       = 0
  finger_contacts (raw) = 0                       finger_contacts       = 0
  x                                               grasp_attempts        = 0
  x                                               task_started          = 1
  x                                               object_available      = 1
  x                                               task_aborted          = 0
  episode                = 1                      x
  step                   = 6                      x
  ee_position            = [-0.1607, 0.0001, 0.1562]  x
  ee_velocity            = [-0.4082, 0.0008, -0.0668]  x
  target_position        = [0.1500, 0.0000, 0.0200]  x
  reward                 = -0.4000                x
  is_success             = False                  x
  obstacle_in_path       = False                  x
  obstacle_count_in_path = 0                      x
  obstacles              = {}                     x
  objects                = {'object_1': {'type': 'box', 'size': [0.04, 0.04, 0.04], 'mass': 10, 'color': [0.1, 0.2, 0.9, 1.0], 'initial_position': [-0.25, 0.0, 0.02], 'spinning_friction': 0.001, 'current_position': [-0.25000084148704027, 2.6273241808382546e-06, 0.01998941143610688]}}  x
  scripts                = {'script_1': True, 'reach_only': True, 'left_right': True}  x
  target_goal            = {'type': 'goal_sequence', 'targets': [{'name': 'target', 'position': [0.15000000596046448, 0.0, 0.019999999552965164]}], 'mode': 'goal_sequence'}  x
  scene                  = {'table': {'length': 1.1, 'width': 0.7, 'height': 0.4, 'x_offset': -0.3, 'lateral_friction': 3.0, 'spinning_friction': 0.001}}  x
  robot_config           = {'control_type': 'ee', 'block_gripper': False, 'base_position': [-0.6, 0.0, 0.05]}  x
  current_task           = OBJECT_DELIVERY_SEQUENCE  x
  current_subtask        = APPROACH_OBJECT        x
  active_target_name     = target                 x
  action                 = [-0.9895, -0.0005, -0.1444, 1.0000]  x
  joint_angles           = [-0.0007, -0.0164, 0.0009, -2.6004, 0.0000, 2.5839, 0.7855]  x
  joint_velocities       = [-0.0001, -0.8300, 0.0023, -1.2837, 0.0008, 0.3742, -0.0004]  x
  cube_rotation          = [0.0000, -0.0000, -0.0000]  x
  cube_linear_velocity   = [-0.0000, 0.0000, -0.0000]  x
  obstacle_positions     = {}                     x
[step=   6 12:18:23.025][SM] (sem transições neste tick)
[step=   6 12:18:23.025][SM] estado=S2   SAT=None

[step=   7 12:18:24.177][DejaVu] ep=1  subtask=APPROACH_OBJECT  reward=-0.4000
[step=   7 12:18:24.177][Perception]
  CONTEXTO                                        PARÂMETROS SM
  ----------------------------------------------  --------------------------------------
  fingers_width         = 0.0800 m                gripper_width_cm      = 7 cm
  dist_ee_to_cube       = 0.1396 m                distance_ee_object_cm = 11 cm
  dist_cube_to_target   = 0.4000 m  (3D)          distance_obj_goal_cm  = 40 cm  (XY)
  cube_position (z)     = 0.0200 m                object_lift_height_cm = 0 cm
  cube_position (xy)    = [-0.250, 0.000]         grasp_completed       = 0
  finger_contacts (raw) = 0                       finger_contacts       = 0
  x                                               grasp_attempts        = 0
  x                                               task_started          = 1
  x                                               object_available      = 1
  x                                               task_aborted          = 0
  episode                = 1                      x
  step                   = 7                      x
  ee_position            = [-0.1970, 0.0001, 0.1492]  x
  ee_velocity            = [-0.4312, 0.0003, -0.0816]  x
  target_position        = [0.1500, 0.0000, 0.0200]  x
  reward                 = -0.4000                x
  is_success             = False                  x
  obstacle_in_path       = False                  x
  obstacle_count_in_path = 0                      x
  obstacles              = {}                     x
  objects                = {'object_1': {'type': 'box', 'size': [0.04, 0.04, 0.04], 'mass': 10, 'color': [0.1, 0.2, 0.9, 1.0], 'initial_position': [-0.25, 0.0, 0.02], 'spinning_friction': 0.001, 'current_position': [-0.25000085876834893, 3.0780479764936186e-06, 0.01998941141334932]}}  x
  scripts                = {'script_1': True, 'reach_only': True, 'left_right': True}  x
  target_goal            = {'type': 'goal_sequence', 'targets': [{'name': 'target', 'position': [0.15000000596046448, 0.0, 0.019999999552965164]}], 'mode': 'goal_sequence'}  x
  scene                  = {'table': {'length': 1.1, 'width': 0.7, 'height': 0.4, 'x_offset': -0.3, 'lateral_friction': 3.0, 'spinning_friction': 0.001}}  x
  robot_config           = {'control_type': 'ee', 'block_gripper': False, 'base_position': [-0.6, 0.0, 0.05]}  x
  current_task           = OBJECT_DELIVERY_SEQUENCE  x
  current_subtask        = APPROACH_OBJECT        x
  active_target_name     = target                 x
  action                 = [-0.9922, -0.0007, -0.1249, 1.0000]  x
  joint_angles           = [-0.0007, -0.0897, 0.0009, -2.7181, 0.0001, 2.6278, 0.7854]  x
  joint_velocities       = [-0.0000, -0.8522, 0.0015, -1.3031, 0.0010, 0.3374, -0.0007]  x
  cube_rotation          = [0.0000, -0.0000, -0.0000]  x
  cube_linear_velocity   = [-0.0000, 0.0000, -0.0000]  x
  obstacle_positions     = {}                     x
[step=   7 12:18:24.177][SM] (sem transições neste tick)
[step=   7 12:18:24.177][SM] estado=S2   SAT=None

[step=   8 12:18:25.319][DejaVu] ep=1  subtask=APPROACH_OBJECT  reward=-0.4000
[step=   8 12:18:25.319][Perception]
  CONTEXTO                                        PARÂMETROS SM
  ----------------------------------------------  --------------------------------------
  fingers_width         = 0.0800 m                gripper_width_cm      = 7 cm
  dist_ee_to_cube       = 0.1238 m                distance_ee_object_cm = 9 cm
  dist_cube_to_target   = 0.4000 m  (3D)          distance_obj_goal_cm  = 40 cm  (XY)
  cube_position (z)     = 0.0200 m                object_lift_height_cm = 0 cm
  cube_position (xy)    = [-0.250, 0.000]         grasp_completed       = 0
  finger_contacts (raw) = 0                       finger_contacts       = 0
  x                                               grasp_attempts        = 0
  x                                               task_started          = 1
  x                                               object_available      = 1
  x                                               task_aborted          = 0
  episode                = 1                      x
  step                   = 8                      x
  ee_position            = [-0.2336, 0.0000, 0.1427]  x
  ee_velocity            = [-0.4297, -0.0001, -0.0722]  x
  target_position        = [0.1500, 0.0000, 0.0200]  x
  reward                 = -0.4000                x
  is_success             = False                  x
  obstacle_in_path       = False                  x
  obstacle_count_in_path = 0                      x
  obstacles              = {}                     x
  objects                = {'object_1': {'type': 'box', 'size': [0.04, 0.04, 0.04], 'mass': 10, 'color': [0.1, 0.2, 0.9, 1.0], 'initial_position': [-0.25, 0.0, 0.02], 'spinning_friction': 0.001, 'current_position': [-0.25000087603019555, 3.5287708181100302e-06, 0.019989411408939946]}}  x
  scripts                = {'script_1': True, 'reach_only': True, 'left_right': True}  x
  target_goal            = {'type': 'goal_sequence', 'targets': [{'name': 'target', 'position': [0.15000000596046448, 0.0, 0.019999999552965164]}], 'mode': 'goal_sequence'}  x
  scene                  = {'table': {'length': 1.1, 'width': 0.7, 'height': 0.4, 'x_offset': -0.3, 'lateral_friction': 3.0, 'spinning_friction': 0.001}}  x
  robot_config           = {'control_type': 'ee', 'block_gripper': False, 'base_position': [-0.6, 0.0, 0.05]}  x
  current_task           = OBJECT_DELIVERY_SEQUENCE  x
  current_subtask        = APPROACH_OBJECT        x
  active_target_name     = target                 x
  action                 = [-0.9969, -0.0010, -0.0788, 1.0000]  x
  joint_angles           = [-0.0007, -0.1676, 0.0008, -2.8337, 0.0003, 2.6648, 0.7852]  x
  joint_velocities       = [0.0001, -0.9251, 0.0004, -1.2920, 0.0011, 0.2850, -0.0012]  x
  cube_rotation          = [0.0000, -0.0000, -0.0000]  x
  cube_linear_velocity   = [-0.0000, 0.0000, -0.0000]  x
  obstacle_positions     = {}                     x
[step=   8 12:18:25.319][SM] (sem transições neste tick)
[step=   8 12:18:25.319][SM] estado=S2   SAT=None

[step=   9 12:18:26.469][DejaVu] ep=1  subtask=APPROACH_OBJECT  reward=-0.4000
[step=   9 12:18:26.469][Perception]
  CONTEXTO                                        PARÂMETROS SM
  ----------------------------------------------  --------------------------------------
  fingers_width         = 0.0800 m                gripper_width_cm      = 7 cm
  dist_ee_to_cube       = 0.1214 m                distance_ee_object_cm = 9 cm
  dist_cube_to_target   = 0.4000 m  (3D)          distance_obj_goal_cm  = 40 cm  (XY)
  cube_position (z)     = 0.0200 m                object_lift_height_cm = 0 cm
  cube_position (xy)    = [-0.250, 0.000]         grasp_completed       = 0
  finger_contacts (raw) = 0                       finger_contacts       = 0
  x                                               grasp_attempts        = 0
  x                                               task_started          = 1
  x                                               object_available      = 1
  x                                               task_aborted          = 0
  episode                = 1                      x
  step                   = 9                      x
  ee_position            = [-0.2714, -0.0000, 0.1395]  x
  ee_velocity            = [-0.3739, -0.0003, 0.0261]  x
  target_position        = [0.1500, 0.0000, 0.0200]  x
  reward                 = -0.4000                x
  is_success             = False                  x
  obstacle_in_path       = False                  x
  obstacle_count_in_path = 0                      x
  obstacles              = {}                     x
  objects                = {'object_1': {'type': 'box', 'size': [0.04, 0.04, 0.04], 'mass': 10, 'color': [0.1, 0.2, 0.9, 1.0], 'initial_position': [-0.25, 0.0, 0.02], 'spinning_friction': 0.001, 'current_position': [-0.2500008932874603, 3.979492706971148e-06, 0.01998941140798929]}}  x
  scripts                = {'script_1': True, 'reach_only': True, 'left_right': True}  x
  target_goal            = {'type': 'goal_sequence', 'targets': [{'name': 'target', 'position': [0.15000000596046448, 0.0, 0.019999999552965164]}], 'mode': 'goal_sequence'}  x
  scene                  = {'table': {'length': 1.1, 'width': 0.7, 'height': 0.4, 'x_offset': -0.3, 'lateral_friction': 3.0, 'spinning_friction': 0.001}}  x
  robot_config           = {'control_type': 'ee', 'block_gripper': False, 'base_position': [-0.6, 0.0, 0.05]}  x
  current_task           = OBJECT_DELIVERY_SEQUENCE  x
  current_subtask        = APPROACH_OBJECT        x
  active_target_name     = target                 x
  action                 = [-0.9907, -0.0012, 0.1364, 1.0000]  x
  joint_angles           = [-0.0007, -0.2644, 0.0007, -2.9453, 0.0004, 2.6725, 0.7850]  x
  joint_velocities       = [0.0002, -1.3025, -0.0006, -1.2276, 0.0009, 0.0589, -0.0015]  x
  cube_rotation          = [0.0000, -0.0000, -0.0000]  x
  cube_linear_velocity   = [-0.0000, 0.0000, -0.0000]  x
  obstacle_positions     = {}                     x
[step=   9 12:18:26.469][SM] (sem transições neste tick)
[step=   9 12:18:26.469][SM] estado=S2   SAT=None

[step=  10 12:18:27.642][DejaVu] ep=1  subtask=APPROACH_OBJECT  reward=-0.4000
[step=  10 12:18:27.642][Perception]
  CONTEXTO                                        PARÂMETROS SM
  ----------------------------------------------  --------------------------------------
  fingers_width         = 0.0800 m                gripper_width_cm      = 7 cm
  dist_ee_to_cube       = 0.1080 m                distance_ee_object_cm = 8 cm
  dist_cube_to_target   = 0.4000 m  (3D)          distance_obj_goal_cm  = 40 cm  (XY)
  cube_position (z)     = 0.0200 m                object_lift_height_cm = 0 cm
  cube_position (xy)    = [-0.250, 0.000]         grasp_completed       = 0
  finger_contacts (raw) = 0                       finger_contacts       = 0
  x                                               grasp_attempts        = 0
  x                                               task_started          = 1
  x                                               object_available      = 1
  x                                               task_aborted          = 0
  episode                = 1                      x
  step                   = 10                     x
  ee_position            = [-0.2591, -0.0000, 0.1276]  x
  ee_velocity            = [-0.4097, 0.0005, -1.0626]  x
  target_position        = [0.1500, 0.0000, 0.0200]  x
  reward                 = -0.4000                x
  is_success             = False                  x
  obstacle_in_path       = False                  x
  obstacle_count_in_path = 0                      x
  obstacles              = {}                     x
  objects                = {'object_1': {'type': 'box', 'size': [0.04, 0.04, 0.04], 'mass': 10, 'color': [0.1, 0.2, 0.9, 1.0], 'initial_position': [-0.25, 0.0, 0.02], 'spinning_friction': 0.001, 'current_position': [-0.2500009105429481, 4.430213643280044e-06, 0.019989411407690623]}}  x
  scripts                = {'script_1': True, 'reach_only': True, 'left_right': True}  x
  target_goal            = {'type': 'goal_sequence', 'targets': [{'name': 'target', 'position': [0.15000000596046448, 0.0, 0.019999999552965164]}], 'mode': 'goal_sequence'}  x
  scene                  = {'table': {'length': 1.1, 'width': 0.7, 'height': 0.4, 'x_offset': -0.3, 'lateral_friction': 3.0, 'spinning_friction': 0.001}}  x
  robot_config           = {'control_type': 'ee', 'block_gripper': False, 'base_position': [-0.6, 0.0, 0.05]}  x
  current_task           = OBJECT_DELIVERY_SEQUENCE  x
  current_subtask        = APPROACH_OBJECT        x
  active_target_name     = target                 x
  action                 = [0.2206, 0.0003, -0.9754, 1.0000]  x
  joint_angles           = [-0.0007, -0.1840, 0.0008, -2.9402, 0.0003, 2.7943, 0.7851]  x
  joint_velocities       = [-0.0002, 3.6343, 0.0001, 0.2702, -0.0005, 0.9369, 0.0005]  x
  cube_rotation          = [0.0000, -0.0000, -0.0000]  x
  cube_linear_velocity   = [-0.0000, 0.0000, -0.0000]  x
  obstacle_positions     = {}                     x
[step=  10 12:18:27.642][SM] (sem transições neste tick)
[step=  10 12:18:27.642][SM] estado=S2   SAT=None

[step=  11 12:18:28.757][DejaVu] ep=1  subtask=APPROACH_OBJECT  reward=-0.4000
[step=  11 12:18:28.757][Perception]
  CONTEXTO                                        PARÂMETROS SM
  ----------------------------------------------  --------------------------------------
  fingers_width         = 0.0800 m                gripper_width_cm      = 7 cm
  dist_ee_to_cube       = 0.0700 m                distance_ee_object_cm = 4 cm
  dist_cube_to_target   = 0.4000 m  (3D)          distance_obj_goal_cm  = 40 cm  (XY)
  cube_position (z)     = 0.0200 m                object_lift_height_cm = 0 cm
  cube_position (xy)    = [-0.250, 0.000]         grasp_completed       = 0
  finger_contacts (raw) = 0                       finger_contacts       = 0
  x                                               grasp_attempts        = 0
  x                                               task_started          = 1
  x                                               object_available      = 1
  x                                               task_aborted          = 0
  episode                = 1                      x
  step                   = 11                     x
  ee_position            = [-0.2648, -0.0000, 0.0884]  x
  ee_velocity            = [-0.2715, 0.0004, -0.6197]  x
  target_position        = [0.1500, 0.0000, 0.0200]  x
  reward                 = -0.4000                x
  is_success             = False                  x
  obstacle_in_path       = False                  x
  obstacle_count_in_path = 0                      x
  obstacles              = {}                     x
  objects                = {'object_1': {'type': 'box', 'size': [0.04, 0.04, 0.04], 'mass': 10, 'color': [0.1, 0.2, 0.9, 1.0], 'initial_position': [-0.25, 0.0, 0.02], 'spinning_friction': 0.001, 'current_position': [-0.25000070043087186, 4.903380098346267e-06, 0.019989489633383064]}}  x
  scripts                = {'script_1': True, 'reach_only': True, 'left_right': True}  x
  target_goal            = {'type': 'goal_sequence', 'targets': [{'name': 'target', 'position': [0.15000000596046448, 0.0, 0.019999999552965164]}], 'mode': 'goal_sequence'}  x
  scene                  = {'table': {'length': 1.1, 'width': 0.7, 'height': 0.4, 'x_offset': -0.3, 'lateral_friction': 3.0, 'spinning_friction': 0.001}}  x
  robot_config           = {'control_type': 'ee', 'block_gripper': False, 'base_position': [-0.6, 0.0, 0.05]}  x
  current_task           = OBJECT_DELIVERY_SEQUENCE  x
  current_subtask        = APPROACH_OBJECT        x
  active_target_name     = target                 x
  action                 = [0.1090, 0.0003, -0.9940, 1.0000]  x
  joint_angles           = [-0.0008, -0.0286, 0.0008, -2.9115, 0.0002, 2.8606, 0.7852]  x
  joint_velocities       = [-0.0004, 2.1932, 0.0002, 0.2782, -0.0010, 0.5096, 0.0006]  x
  cube_rotation          = [0.0000, -0.0000, -0.0000]  x
  cube_linear_velocity   = [0.0000, 0.0000, 0.0000]  x
  obstacle_positions     = {}                     x
[step=  11 12:18:28.757][SM] (sem transições neste tick)
[step=  11 12:18:28.757][SM] estado=S2   SAT=None

[step=  12 12:18:29.903][DejaVu] ep=1  subtask=APPROACH_OBJECT  reward=-0.4000
[step=  12 12:18:29.903][Perception]
  CONTEXTO                                        PARÂMETROS SM
  ----------------------------------------------  --------------------------------------
  fingers_width         = 0.0800 m                gripper_width_cm      = 7 cm
  dist_ee_to_cube       = 0.0391 m                distance_ee_object_cm = 1 cm
  dist_cube_to_target   = 0.4000 m  (3D)          distance_obj_goal_cm  = 40 cm  (XY)
  cube_position (z)     = 0.0200 m                object_lift_height_cm = 0 cm
  cube_position (xy)    = [-0.250, 0.000]         grasp_completed       = 0
  finger_contacts (raw) = 0                       finger_contacts       = 0
  x                                               grasp_attempts        = 0
  x                                               task_started          = 1
  x                                               object_available      = 1
  x                                               task_aborted          = 0
  episode                = 1                      x
  step                   = 12                     x
  ee_position            = [-0.2567, -0.0000, 0.0585]  x
  ee_velocity            = [-0.1778, 0.0003, -0.5876]  x
  target_position        = [0.1500, 0.0000, 0.0200]  x
  reward                 = -0.4000                x
  is_success             = False                  x
  obstacle_in_path       = False                  x
  obstacle_count_in_path = 0                      x
  obstacles              = {}                     x
  objects                = {'object_1': {'type': 'box', 'size': [0.04, 0.04, 0.04], 'mass': 10, 'color': [0.1, 0.2, 0.9, 1.0], 'initial_position': [-0.25, 0.0, 0.02], 'spinning_friction': 0.001, 'current_position': [-0.2500002862534306, 4.903496398527796e-06, 0.01998990368716314]}}  x
  scripts                = {'script_1': True, 'reach_only': True, 'left_right': True}  x
  target_goal            = {'type': 'goal_sequence', 'targets': [{'name': 'target', 'position': [0.15000000596046448, 0.0, 0.019999999552965164]}], 'mode': 'goal_sequence'}  x
  scene                  = {'table': {'length': 1.1, 'width': 0.7, 'height': 0.4, 'x_offset': -0.3, 'lateral_friction': 3.0, 'spinning_friction': 0.001}}  x
  robot_config           = {'control_type': 'ee', 'block_gripper': False, 'base_position': [-0.6, 0.0, 0.05]}  x
  current_task           = OBJECT_DELIVERY_SEQUENCE  x
  current_subtask        = APPROACH_OBJECT        x
  active_target_name     = target                 x
  action                 = [0.3224, 0.0003, -0.9466, 1.0000]  x
  joint_angles           = [-0.0008, 0.1141, 0.0006, -2.8742, -0.0001, 2.9734, 0.7853]  x
  joint_velocities       = [0.0001, 2.2020, -0.0008, 0.4190, -0.0021, 0.8672, 0.0012]  x
  cube_rotation          = [-0.0000, -0.0000, -0.0000]  x
  cube_linear_velocity   = [0.0000, -0.0000, 0.0000]  x
  obstacle_positions     = {}                     x
[step=  12 12:18:29.903][SM] (sem transições neste tick)
[step=  12 12:18:29.903][SM] estado=S2   SAT=None

[step=  13 12:18:31.052][DejaVu] ep=1  subtask=APPROACH_OBJECT  reward=-0.4000
[step=  13 12:18:31.052][Perception]
  CONTEXTO                                        PARÂMETROS SM
  ----------------------------------------------  --------------------------------------
  fingers_width         = 0.0800 m                gripper_width_cm      = 7 cm
  dist_ee_to_cube       = 0.0092 m                distance_ee_object_cm = 0 cm
  dist_cube_to_target   = 0.4000 m  (3D)          distance_obj_goal_cm  = 40 cm  (XY)
  cube_position (z)     = 0.0200 m                object_lift_height_cm = 0 cm
  cube_position (xy)    = [-0.250, 0.000]         grasp_completed       = 0
  finger_contacts (raw) = 0                       finger_contacts       = 0
  x                                               grasp_attempts        = 0
  x                                               task_started          = 1
  x                                               object_available      = 1
  x                                               task_aborted          = 0
  episode                = 1                      x
  step                   = 13                     x
  ee_position            = [-0.2448, 0.0000, 0.0275]  x
  ee_velocity            = [-0.1041, 0.0003, -0.6151]  x
  target_position        = [0.1500, 0.0000, 0.0200]  x
  reward                 = -0.4000                x
  is_success             = False                  x
  obstacle_in_path       = False                  x
  obstacle_count_in_path = 0                      x
  obstacles              = {}                     x
  objects                = {'object_1': {'type': 'box', 'size': [0.04, 0.04, 0.04], 'mass': 10, 'color': [0.1, 0.2, 0.9, 1.0], 'initial_position': [-0.25, 0.0, 0.02], 'spinning_friction': 0.001, 'current_position': [-0.25000020811022666, 4.90349559121593e-06, 0.019989981825612593]}}  x
  scripts                = {'script_1': True, 'reach_only': True, 'left_right': True}  x
  target_goal            = {'type': 'goal_sequence', 'targets': [{'name': 'target', 'position': [0.15000000596046448, 0.0, 0.019999999552965164]}], 'mode': 'goal_sequence'}  x
  scene                  = {'table': {'length': 1.1, 'width': 0.7, 'height': 0.4, 'x_offset': -0.3, 'lateral_friction': 3.0, 'spinning_friction': 0.001}}  x
  robot_config           = {'control_type': 'ee', 'block_gripper': False, 'base_position': [-0.6, 0.0, 0.05]}  x
  current_task           = OBJECT_DELIVERY_SEQUENCE  x
  current_subtask        = APPROACH_OBJECT        x
  active_target_name     = target                 x
  action                 = [0.4439, 0.0015, -0.8961, 1.0000]  x
  joint_angles           = [-0.0005, 0.2612, 0.0004, -2.8099, -0.0003, 3.0542, 0.7856]  x
  joint_velocities       = [0.0022, 2.3164, -0.0022, 0.8002, -0.0016, 0.6211, 0.0017]  x
  cube_rotation          = [-0.0000, -0.0000, -0.0000]  x
  cube_linear_velocity   = [0.0000, -0.0000, 0.0000]  x
  obstacle_positions     = {}                     x
[step=  13 12:18:31.052][SM] (sem transições neste tick)
[step=  13 12:18:31.052][SM] estado=S2   SAT=None

[step=  14 12:18:32.198][DejaVu] ep=1  subtask=GRASP_OBJECT  reward=-0.3997
[step=  14 12:18:32.198][Perception]
  CONTEXTO                                        PARÂMETROS SM
  ----------------------------------------------  --------------------------------------
  fingers_width         = 0.0379 m                gripper_width_cm      = 3 cm
  dist_ee_to_cube       = 0.0011 m                distance_ee_object_cm = 0 cm
  dist_cube_to_target   = 0.3997 m  (3D)          distance_obj_goal_cm  = 39 cm  (XY)
  cube_position (z)     = 0.0209 m                object_lift_height_cm = 0 cm
  cube_position (xy)    = [-0.250, 0.000]         grasp_completed       = 1
  finger_contacts (raw) = 2                       finger_contacts       = 2
  x                                               grasp_attempts        = 1
  x                                               task_started          = 1
  x                                               object_available      = 1
  x                                               task_aborted          = 0
  episode                = 1                      x
  step                   = 14                     x
  ee_position            = [-0.2507, 0.0000, 0.0204]  x
  ee_velocity            = [0.0491, 0.0002, 0.0735]  x
  target_position        = [0.1500, 0.0000, 0.0200]  x
  reward                 = -0.3997                x
  is_success             = False                  x
  obstacle_in_path       = False                  x
  obstacle_count_in_path = 0                      x
  obstacles              = {}                     x
  objects                = {'object_1': {'type': 'box', 'size': [0.04, 0.04, 0.04], 'mass': 10, 'color': [0.1, 0.2, 0.9, 1.0], 'initial_position': [-0.25, 0.0, 0.02], 'spinning_friction': 0.001, 'current_position': [-0.24968150354028387, 4.616979010375576e-06, 0.02092472057117453]}}  x
  scripts                = {'script_1': True, 'reach_only': True, 'left_right': True}  x
  target_goal            = {'type': 'goal_sequence', 'targets': [{'name': 'target', 'position': [0.15000000596046448, 0.0, 0.019999999552965164]}], 'mode': 'goal_sequence'}  x
  scene                  = {'table': {'length': 1.1, 'width': 0.7, 'height': 0.4, 'x_offset': -0.3, 'lateral_friction': 3.0, 'spinning_friction': 0.001}}  x
  robot_config           = {'control_type': 'ee', 'block_gripper': False, 'base_position': [-0.6, 0.0, 0.05]}  x
  current_task           = OBJECT_DELIVERY_SEQUENCE  x
  current_subtask        = GRASP_OBJECT           x
  active_target_name     = target                 x
  action                 = [0.0000, 0.0000, 0.0000, -1.0000]  x
  joint_angles           = [-0.0003, 0.2779, 0.0002, -2.8174, -0.0003, 3.0728, 0.7856]  x
  joint_velocities       = [0.0011, -0.2210, -0.0006, -0.0854, -0.0007, 0.1434, 0.0004]  x
  cube_rotation          = [0.0011, -0.0055, 0.0046]  x
  cube_linear_velocity   = [0.0488, -0.0000, 0.0740]  x
  obstacle_positions     = {}                     x
[step=  14 12:18:32.198][SM] ação→ approach_object() (APPROACH_OBJECT)  [nova neste tick]
[step=  14 12:18:32.198][SM] S2 ──[approach_object() (APPROACH_OBJECT)]──► PHI_3   ✓
[step=  14 12:18:32.198][SM] PHI_3 ──[distance_ee_object_cm <= 2]──► S4   ✓
[step=  14 12:18:32.198][SM] S4 ──[gripper_width_cm >= 6 and distance_ee_object_cm <= 2]──► PHI_5   ✓
[step=  14 12:18:32.198][SM] PHI_5 ──[gripper_width_cm >= 6]──► S6   ✓
[step=  14 12:18:32.198][SM] estado=S6   SAT=True

[step=  15 12:18:33.357][DejaVu] ep=1  subtask=GRASP_OBJECT  reward=-0.3993
[step=  15 12:18:33.357][Perception]
  CONTEXTO                                        PARÂMETROS SM
  ----------------------------------------------  --------------------------------------
  fingers_width         = 0.0370 m                gripper_width_cm      = 3 cm
  dist_ee_to_cube       = 0.0010 m                distance_ee_object_cm = 0 cm
  dist_cube_to_target   = 0.3993 m  (3D)          distance_obj_goal_cm  = 39 cm  (XY)
  cube_position (z)     = 0.0218 m                object_lift_height_cm = 0 cm
  cube_position (xy)    = [-0.249, 0.000]         grasp_completed       = 1
  finger_contacts (raw) = 2                       finger_contacts       = 2
  x                                               grasp_attempts        = 1
  x                                               task_started          = 1
  x                                               object_available      = 1
  x                                               task_aborted          = 0
  episode                = 1                      x
  step                   = 15                     x
  ee_position            = [-0.2502, 0.0000, 0.0214]  x
  ee_velocity            = [0.0016, 0.0000, 0.0065]  x
  target_position        = [0.1500, 0.0000, 0.0200]  x
  reward                 = -0.3993                x
  is_success             = False                  x
  obstacle_in_path       = False                  x
  obstacle_count_in_path = 0                      x
  obstacles              = {}                     x
  objects                = {'object_1': {'type': 'box', 'size': [0.04, 0.04, 0.04], 'mass': 10, 'color': [0.1, 0.2, 0.9, 1.0], 'initial_position': [-0.25, 0.0, 0.02], 'spinning_friction': 0.001, 'current_position': [-0.2493187877803508, 3.7365167837853136e-06, 0.021770772976891388]}}  x
  scripts                = {'script_1': True, 'reach_only': True, 'left_right': True}  x
  target_goal            = {'type': 'goal_sequence', 'targets': [{'name': 'target', 'position': [0.15000000596046448, 0.0, 0.019999999552965164]}], 'mode': 'goal_sequence'}  x
  scene                  = {'table': {'length': 1.1, 'width': 0.7, 'height': 0.4, 'x_offset': -0.3, 'lateral_friction': 3.0, 'spinning_friction': 0.001}}  x
  robot_config           = {'control_type': 'ee', 'block_gripper': False, 'base_position': [-0.6, 0.0, 0.05]}  x
  current_task           = OBJECT_DELIVERY_SEQUENCE  x
  current_subtask        = GRASP_OBJECT           x
  active_target_name     = target                 x
  action                 = [0.0000, 0.0000, 0.0000, -1.0000]  x
  joint_angles           = [-0.0002, 0.2773, 0.0001, -2.8275, -0.0004, 3.1016, 0.7857]  x
  joint_velocities       = [0.0006, -0.0048, -0.0005, -0.0789, -0.0000, 0.2210, 0.0002]  x
  cube_rotation          = [0.0011, -0.0244, 0.0049]  x
  cube_linear_velocity   = [0.0015, -0.0000, 0.0066]  x
  obstacle_positions     = {}                     x
[step=  15 12:18:33.357][SM] (sem transições neste tick)
[step=  15 12:18:33.357][SM] estado=S6   SAT=True

[step=  16 12:18:34.496][DejaVu] ep=1  subtask=LIFT_OBJECT  reward=-0.4053
[step=  16 12:18:34.496][Perception]
  CONTEXTO                                        PARÂMETROS SM
  ----------------------------------------------  --------------------------------------
  fingers_width         = 0.0330 m                gripper_width_cm      = 3 cm
  dist_ee_to_cube       = 0.0127 m                distance_ee_object_cm = 0 cm
  dist_cube_to_target   = 0.4053 m  (3D)          distance_obj_goal_cm  = 40 cm  (XY)
  cube_position (z)     = 0.0234 m                object_lift_height_cm = 0 cm
  cube_position (xy)    = [-0.255, 0.000]         grasp_completed       = 1
  finger_contacts (raw) = 2                       finger_contacts       = 2
  x                                               grasp_attempts        = 1
  x                                               task_started          = 1
  x                                               object_available      = 1
  x                                               task_aborted          = 0
  episode                = 1                      x
  step                   = 16                     x
  ee_position            = [-0.2647, 0.0000, 0.0319]  x
  ee_velocity            = [0.1122, 0.0004, 0.4579]  x
  target_position        = [0.1500, 0.0000, 0.0200]  x
  reward                 = -0.4053                x
  is_success             = False                  x
  obstacle_in_path       = False                  x
  obstacle_count_in_path = 0                      x
  obstacles              = {}                     x
  objects                = {'object_1': {'type': 'box', 'size': [0.04, 0.04, 0.04], 'mass': 10, 'color': [0.1, 0.2, 0.9, 1.0], 'initial_position': [-0.25, 0.0, 0.02], 'spinning_friction': 0.001, 'current_position': [-0.2552778638850288, 0.00013666471090037824, 0.02336602598369493]}}  x
  scripts                = {'script_1': True, 'reach_only': True, 'left_right': True}  x
  target_goal            = {'type': 'goal_sequence', 'targets': [{'name': 'target', 'position': [0.15000000596046448, 0.0, 0.019999999552965164]}], 'mode': 'goal_sequence'}  x
  scene                  = {'table': {'length': 1.1, 'width': 0.7, 'height': 0.4, 'x_offset': -0.3, 'lateral_friction': 3.0, 'spinning_friction': 0.001}}  x
  robot_config           = {'control_type': 'ee', 'block_gripper': False, 'base_position': [-0.6, 0.0, 0.05]}  x
  current_task           = OBJECT_DELIVERY_SEQUENCE  x
  current_subtask        = LIFT_OBJECT            x
  active_target_name     = target                 x
  action                 = [0.0000, 0.0000, 1.0000, -1.0000]  x
  joint_angles           = [-0.0002, 0.2069, 0.0002, -2.8515, -0.0003, 3.0011, 0.7856]  x
  joint_velocities       = [0.0001, -1.7848, 0.0011, -0.4296, -0.0014, -0.7823, 0.0027]  x
  cube_rotation          = [-0.0000, 0.1932, -0.0016]  x
  cube_linear_velocity   = [-0.1146, 0.0057, 0.1750]  x
  obstacle_positions     = {}                     x
[step=  16 12:18:34.496][SM] ação→ close_gripper() (GRASP_OBJECT)  [nova neste tick]
[step=  16 12:18:34.496][SM] S6 ──[close_gripper() (GRASP_OBJECT)]──► PHI_7   ✓
[step=  16 12:18:34.496][SM] PHI_7 ──[grasp_completed == 1]──► S8   ✓
[step=  16 12:18:34.496][SM] S8 ──[finger_contacts >= 2 and grasp_completed == 1]──► PHI_17   ✓
[step=  16 12:18:34.496][SM] PHI_17 ──[finger_contacts >= 2]──► S18   ✓
[step=  16 12:18:34.496][SM] estado=S18   SAT=True

[step=  17 12:18:35.637][DejaVu] ep=1  subtask=LIFT_OBJECT  reward=-0.4140
[step=  17 12:18:35.637][Perception]
  CONTEXTO                                        PARÂMETROS SM
  ----------------------------------------------  --------------------------------------
  fingers_width         = 0.0321 m                gripper_width_cm      = 3 cm
  dist_ee_to_cube       = 0.0224 m                distance_ee_object_cm = 0 cm
  dist_cube_to_target   = 0.4140 m  (3D)          distance_obj_goal_cm  = 41 cm  (XY)
  cube_position (z)     = 0.0348 m                object_lift_height_cm = 1 cm
  cube_position (xy)    = [-0.264, 0.000]         grasp_completed       = 1
  finger_contacts (raw) = 2                       finger_contacts       = 2
  x                                               grasp_attempts        = 1
  x                                               task_started          = 1
  x                                               object_available      = 1
  x                                               task_aborted          = 0
  episode                = 1                      x
  step                   = 17                     x
  ee_position            = [-0.2688, 0.0000, 0.0566]  x
  ee_velocity            = [0.2342, 0.0006, 0.6062]  x
  target_position        = [0.1500, 0.0000, 0.0200]  x
  reward                 = -0.4140                x
  is_success             = False                  x
  obstacle_in_path       = False                  x
  obstacle_count_in_path = 0                      x
  obstacles              = {}                     x
  objects                = {'object_1': {'type': 'box', 'size': [0.04, 0.04, 0.04], 'mass': 10, 'color': [0.1, 0.2, 0.9, 1.0], 'initial_position': [-0.25, 0.0, 0.02], 'spinning_friction': 0.001, 'current_position': [-0.26373244566478576, 0.0003877312608698137, 0.034752904391246245]}}  x
  scripts                = {'script_1': True, 'reach_only': True, 'left_right': True}  x
  target_goal            = {'type': 'goal_sequence', 'targets': [{'name': 'target', 'position': [0.15000000596046448, 0.0, 0.019999999552965164]}], 'mode': 'goal_sequence'}  x
  scene                  = {'table': {'length': 1.1, 'width': 0.7, 'height': 0.4, 'x_offset': -0.3, 'lateral_friction': 3.0, 'spinning_friction': 0.001}}  x
  robot_config           = {'control_type': 'ee', 'block_gripper': False, 'base_position': [-0.6, 0.0, 0.05]}  x
  current_task           = OBJECT_DELIVERY_SEQUENCE  x
  current_subtask        = LIFT_OBJECT            x
  active_target_name     = target                 x
  action                 = [0.0000, 0.0000, 1.0000, -1.0000]  x
  joint_angles           = [-0.0002, 0.0936, 0.0003, -2.8998, -0.0002, 2.9639, 0.7856]  x
  joint_velocities       = [0.0000, -2.2804, 0.0022, -0.5734, 0.0005, -0.2859, 0.0000]  x
  cube_rotation          = [0.0073, 0.8579, 0.0162]  x
  cube_linear_velocity   = [-0.1647, 0.0061, 0.3678]  x
  obstacle_positions     = {}                     x
[step=  17 12:18:35.637][SM] (sem transições neste tick)
[step=  17 12:18:35.637][SM] estado=S18   SAT=True

[step=  18 12:18:36.784][DejaVu] ep=1  subtask=LIFT_OBJECT  reward=-0.4251
[step=  18 12:18:36.784][Perception]
  CONTEXTO                                        PARÂMETROS SM
  ----------------------------------------------  --------------------------------------
  fingers_width         = 0.0072 m                gripper_width_cm      = 0 cm
  dist_ee_to_cube       = 0.0405 m                distance_ee_object_cm = 1 cm
  dist_cube_to_target   = 0.4251 m  (3D)          distance_obj_goal_cm  = 42 cm  (XY)
  cube_position (z)     = 0.0461 m                object_lift_height_cm = 2 cm
  cube_position (xy)    = [-0.274, -0.001]        grasp_completed       = 1
  finger_contacts (raw) = 0                       finger_contacts       = 0
  x                                               grasp_attempts        = 1
  x                                               task_started          = 1
  x                                               object_available      = 1
  x                                               task_aborted          = 0
  episode                = 1                      x
  step                   = 18                     x
  ee_position            = [-0.2662, 0.0001, 0.0858]  x
  ee_velocity            = [0.1363, -0.0009, 0.4159]  x
  target_position        = [0.1500, 0.0000, 0.0200]  x
  reward                 = -0.4251                x
  is_success             = False                  x
  obstacle_in_path       = False                  x
  obstacle_count_in_path = 0                      x
  obstacles              = {}                     x
  objects                = {'object_1': {'type': 'box', 'size': [0.04, 0.04, 0.04], 'mass': 10, 'color': [0.1, 0.2, 0.9, 1.0], 'initial_position': [-0.25, 0.0, 0.02], 'spinning_friction': 0.001, 'current_position': [-0.27429904123573806, -0.0012741308987596859, 0.04607947375678693]}}  x
  scripts                = {'script_1': True, 'reach_only': True, 'left_right': True}  x
  target_goal            = {'type': 'goal_sequence', 'targets': [{'name': 'target', 'position': [0.15000000596046448, 0.0, 0.019999999552965164]}], 'mode': 'goal_sequence'}  x
  scene                  = {'table': {'length': 1.1, 'width': 0.7, 'height': 0.4, 'x_offset': -0.3, 'lateral_friction': 3.0, 'spinning_friction': 0.001}}  x
  robot_config           = {'control_type': 'ee', 'block_gripper': False, 'base_position': [-0.6, 0.0, 0.05]}  x
  current_task           = OBJECT_DELIVERY_SEQUENCE  x
  current_subtask        = LIFT_OBJECT            x
  active_target_name     = target                 x
  action                 = [0.0000, 0.0000, 1.0000, -1.0000]  x
  joint_angles           = [-0.0002, -0.0289, 0.0004, -2.9226, -0.0001, 2.8868, 0.7856]  x
  joint_velocities       = [0.0003, -1.5734, -0.0026, -0.2228, 0.0012, -0.5932, -0.0004]  x
  cube_rotation          = [1.2774, 1.3577, 1.2309]  x
  cube_linear_velocity   = [-0.2739, -0.0597, 0.1195]  x
  obstacle_positions     = {}                     x
[step=  18 12:18:36.784][SM] (sem transições neste tick)
[step=  18 12:18:36.784][SM] estado=S18   SAT=True

[step=  19 12:18:37.932][DejaVu] ep=1  subtask=LIFT_OBJECT  reward=-0.4358
[step=  19 12:18:37.932][Perception]
  CONTEXTO                                        PARÂMETROS SM
  ----------------------------------------------  --------------------------------------
  fingers_width         = 0.0009 m                gripper_width_cm      = 0 cm
  dist_ee_to_cube       = 0.0730 m                distance_ee_object_cm = 4 cm
  dist_cube_to_target   = 0.4358 m  (3D)          distance_obj_goal_cm  = 43 cm  (XY)
  cube_position (z)     = 0.0426 m                object_lift_height_cm = 2 cm
  cube_position (xy)    = [-0.285, -0.004]        grasp_completed       = 1
  finger_contacts (raw) = 0                       finger_contacts       = 0
  x                                               grasp_attempts        = 1
  x                                               task_started          = 1
  x                                               object_available      = 1
  x                                               task_aborted          = 0
  episode                = 1                      x
  step                   = 19                     x
  ee_position            = [-0.2642, 0.0001, 0.1124]  x
  ee_velocity            = [0.1784, 0.0001, 0.4721]  x
  target_position        = [0.1500, 0.0000, 0.0200]  x
  reward                 = -0.4358                x
  is_success             = False                  x
  obstacle_in_path       = False                  x
  obstacle_count_in_path = 0                      x
  obstacles              = {}                     x
  objects                = {'object_1': {'type': 'box', 'size': [0.04, 0.04, 0.04], 'mass': 10, 'color': [0.1, 0.2, 0.9, 1.0], 'initial_position': [-0.25, 0.0, 0.02], 'spinning_friction': 0.001, 'current_position': [-0.2852411658215933, -0.0036603867901124475, 0.04262082776688875]}}  x
  scripts                = {'script_1': True, 'reach_only': True, 'left_right': True}  x
  target_goal            = {'type': 'goal_sequence', 'targets': [{'name': 'target', 'position': [0.15000000596046448, 0.0, 0.019999999552965164]}], 'mode': 'goal_sequence'}  x
  scene                  = {'table': {'length': 1.1, 'width': 0.7, 'height': 0.4, 'x_offset': -0.3, 'lateral_friction': 3.0, 'spinning_friction': 0.001}}  x
  robot_config           = {'control_type': 'ee', 'block_gripper': False, 'base_position': [-0.6, 0.0, 0.05]}  x
  current_task           = OBJECT_DELIVERY_SEQUENCE  x
  current_subtask        = LIFT_OBJECT            x
  active_target_name     = target                 x
  action                 = [0.0000, 0.0000, 1.0000, -1.0000]  x
  joint_angles           = [-0.0001, -0.1361, 0.0004, -2.9212, 0.0001, 2.7752, 0.7855]  x
  joint_velocities       = [0.0004, -1.6161, 0.0001, 0.0098, 0.0012, -0.8577, -0.0004]  x
  cube_rotation          = [2.4998, 0.8770, 2.4003]  x
  cube_linear_velocity   = [-0.2733, -0.0596, -0.2727]  x
  obstacle_positions     = {}                     x
[step=  19 12:18:37.932][SM] (sem transições neste tick)
[step=  19 12:18:37.932][SM] estado=S18   SAT=True

[step=  20 12:18:39.077][DejaVu] ep=1  subtask=LIFT_OBJECT  reward=-0.4422
[step=  20 12:18:39.077][Perception]
  CONTEXTO                                        PARÂMETROS SM
  ----------------------------------------------  --------------------------------------
  fingers_width         = 0.0001 m                gripper_width_cm      = 0 cm
  dist_ee_to_cube       = 0.1125 m                distance_ee_object_cm = 8 cm
  dist_cube_to_target   = 0.4422 m  (3D)          distance_obj_goal_cm  = 44 cm  (XY)
  cube_position (z)     = 0.0333 m                object_lift_height_cm = 1 cm
  cube_position (xy)    = [-0.292, -0.006]        grasp_completed       = 1
  finger_contacts (raw) = 0                       finger_contacts       = 0
  x                                               grasp_attempts        = 1
  x                                               task_started          = 1
  x                                               object_available      = 1
  x                                               task_aborted          = 0
  episode                = 1                      x
  step                   = 20                     x
  ee_position            = [-0.2607, 0.0001, 0.1413]  x
  ee_velocity            = [0.1398, 0.0001, 0.4466]  x
  target_position        = [0.1500, 0.0000, 0.0200]  x
  reward                 = -0.4422                x
  is_success             = False                  x
  obstacle_in_path       = False                  x
  obstacle_count_in_path = 0                      x
  obstacles              = {}                     x
  objects                = {'object_1': {'type': 'box', 'size': [0.04, 0.04, 0.04], 'mass': 10, 'color': [0.1, 0.2, 0.9, 1.0], 'initial_position': [-0.25, 0.0, 0.02], 'spinning_friction': 0.001, 'current_position': [-0.29195009014654966, -0.005628937145503993, 0.03334310921157843]}}  x
  scripts                = {'script_1': True, 'reach_only': True, 'left_right': True}  x
  target_goal            = {'type': 'goal_sequence', 'targets': [{'name': 'target', 'position': [0.15000000596046448, 0.0, 0.019999999552965164]}], 'mode': 'goal_sequence'}  x
  scene                  = {'table': {'length': 1.1, 'width': 0.7, 'height': 0.4, 'x_offset': -0.3, 'lateral_friction': 3.0, 'spinning_friction': 0.001}}  x
  robot_config           = {'control_type': 'ee', 'block_gripper': False, 'base_position': [-0.6, 0.0, 0.05]}  x
  current_task           = OBJECT_DELIVERY_SEQUENCE  x
  current_subtask        = LIFT_OBJECT            x
  active_target_name     = target                 x
  action                 = [0.0000, 0.0000, 1.0000, -1.0000]  x
  joint_angles           = [-0.0001, -0.2387, 0.0003, -2.9089, 0.0002, 2.6620, 0.7855]  x
  joint_velocities       = [0.0005, -1.4436, -0.0001, 0.0945, 0.0004, -0.8704, -0.0003]  x
  cube_rotation          = [2.6165, 0.5048, 2.4900]  x
  cube_linear_velocity   = [0.0019, -0.0287, 0.0128]  x
  obstacle_positions     = {}                     x
[step=  20 12:18:39.077][SM] (sem transições neste tick)
[step=  20 12:18:39.077][SM] estado=S18   SAT=True

[step=  21 12:18:40.224][DejaVu] ep=1  subtask=LIFT_OBJECT  reward=-0.4406
[step=  21 12:18:40.224][Perception]
  CONTEXTO                                        PARÂMETROS SM
  ----------------------------------------------  --------------------------------------
  fingers_width         = 0.0000 m                gripper_width_cm      = 0 cm
  dist_ee_to_cube       = 0.1427 m                distance_ee_object_cm = 11 cm
  dist_cube_to_target   = 0.4406 m  (3D)          distance_obj_goal_cm  = 44 cm  (XY)
  cube_position (z)     = 0.0332 m                object_lift_height_cm = 1 cm
  cube_position (xy)    = [-0.290, -0.006]        grasp_completed       = 1
  finger_contacts (raw) = 0                       finger_contacts       = 0
  x                                               grasp_attempts        = 1
  x                                               task_started          = 1
  x                                               object_available      = 1
  x                                               task_aborted          = 0
  episode                = 1                      x
  step                   = 21                     x
  ee_position            = [-0.2567, 0.0001, 0.1717]  x
  ee_velocity            = [0.1289, 0.0001, 0.4676]  x
  target_position        = [0.1500, 0.0000, 0.0200]  x
  reward                 = -0.4406                x
  is_success             = False                  x
  obstacle_in_path       = False                  x
  obstacle_count_in_path = 0                      x
  obstacles              = {}                     x
  objects                = {'object_1': {'type': 'box', 'size': [0.04, 0.04, 0.04], 'mass': 10, 'color': [0.1, 0.2, 0.9, 1.0], 'initial_position': [-0.25, 0.0, 0.02], 'spinning_friction': 0.001, 'current_position': [-0.29039913925752325, -0.006244014290042193, 0.03319483657786659]}}  x
  scripts                = {'script_1': True, 'reach_only': True, 'left_right': True}  x
  target_goal            = {'type': 'goal_sequence', 'targets': [{'name': 'target', 'position': [0.15000000596046448, 0.0, 0.019999999552965164]}], 'mode': 'goal_sequence'}  x
  scene                  = {'table': {'length': 1.1, 'width': 0.7, 'height': 0.4, 'x_offset': -0.3, 'lateral_friction': 3.0, 'spinning_friction': 0.001}}  x
  robot_config           = {'control_type': 'ee', 'block_gripper': False, 'base_position': [-0.6, 0.0, 0.05]}  x
  current_task           = OBJECT_DELIVERY_SEQUENCE  x
  current_subtask        = LIFT_OBJECT            x
  active_target_name     = target                 x
  action                 = [0.0000, 0.0000, 1.0000, -1.0000]  x
  joint_angles           = [-0.0001, -0.3315, 0.0003, -2.8833, 0.0001, 2.5433, 0.7854]  x
  joint_velocities       = [-0.0000, -1.3611, -0.0000, 0.2141, 0.0037, -0.9120, -0.0005]  x
  cube_rotation          = [2.6316, 0.4568, 2.4968]  x
  cube_linear_velocity   = [0.0742, -0.0041, -0.0183]  x
  obstacle_positions     = {}                     x
[step=  21 12:18:40.224][SM] (sem transições neste tick)
[step=  21 12:18:40.224][SM] estado=S18   SAT=True

[step=  22 12:18:41.384][DejaVu] ep=1  subtask=LIFT_OBJECT  reward=-0.4358
[step=  22 12:18:41.384][Perception]
  CONTEXTO                                        PARÂMETROS SM
  ----------------------------------------------  --------------------------------------
  fingers_width         = 0.0000 m                gripper_width_cm      = 0 cm
  dist_ee_to_cube       = 0.1759 m                distance_ee_object_cm = 15 cm
  dist_cube_to_target   = 0.4358 m  (3D)          distance_obj_goal_cm  = 43 cm  (XY)
  cube_position (z)     = 0.0315 m                object_lift_height_cm = 1 cm
  cube_position (xy)    = [-0.286, -0.006]        grasp_completed       = 1
  finger_contacts (raw) = 0                       finger_contacts       = 0
  x                                               grasp_attempts        = 1
  x                                               task_started          = 1
  x                                               object_available      = 1
  x                                               task_aborted          = 0
  episode                = 1                      x
  step                   = 22                     x
  ee_position            = [-0.2531, 0.0001, 0.2042]  x
  ee_velocity            = [0.1094, 0.0003, 0.4557]  x
  target_position        = [0.1500, 0.0000, 0.0200]  x
  reward                 = -0.4358                x
  is_success             = False                  x
  obstacle_in_path       = False                  x
  obstacle_count_in_path = 0                      x
  obstacles              = {}                     x
  objects                = {'object_1': {'type': 'box', 'size': [0.04, 0.04, 0.04], 'mass': 10, 'color': [0.1, 0.2, 0.9, 1.0], 'initial_position': [-0.25, 0.0, 0.02], 'spinning_friction': 0.001, 'current_position': [-0.28558506896206637, -0.005951390889132699, 0.031466907550570564]}}  x
  scripts                = {'script_1': True, 'reach_only': True, 'left_right': True}  x
  target_goal            = {'type': 'goal_sequence', 'targets': [{'name': 'target', 'position': [0.15000000596046448, 0.0, 0.019999999552965164]}], 'mode': 'goal_sequence'}  x
  scene                  = {'table': {'length': 1.1, 'width': 0.7, 'height': 0.4, 'x_offset': -0.3, 'lateral_friction': 3.0, 'spinning_friction': 0.001}}  x
  robot_config           = {'control_type': 'ee', 'block_gripper': False, 'base_position': [-0.6, 0.0, 0.05]}  x
  current_task           = OBJECT_DELIVERY_SEQUENCE  x
  current_subtask        = LIFT_OBJECT            x
  active_target_name     = target                 x
  action                 = [0.0000, 0.0000, 1.0000, -1.0000]  x
  joint_angles           = [-0.0001, -0.4148, 0.0003, -2.8469, 0.0001, 2.4236, 0.7854]  x
  joint_velocities       = [-0.0001, -1.1346, -0.0001, 0.3545, 0.0043, -0.9207, -0.0002]  x
  cube_rotation          = [2.7337, 0.3418, 2.5363]  x
  cube_linear_velocity   = [0.1656, 0.0175, -0.0747]  x
  obstacle_positions     = {}                     x
[step=  22 12:18:41.384][SM] (sem transições neste tick)
[step=  22 12:18:41.384][SM] estado=S18   SAT=True

[step=  23 12:18:42.527][DejaVu] ep=1  subtask=TRANSPORT_OBJECT  reward=-0.4269  *** CENÁRIO NÃO ANTECIPADO ***
[step=  23 12:18:42.527][Perception]
  CONTEXTO                                        PARÂMETROS SM
  ----------------------------------------------  --------------------------------------
  fingers_width         = 0.0000 m                gripper_width_cm      = 0 cm
  dist_ee_to_cube       = 0.2019 m                distance_ee_object_cm = 17 cm
  dist_cube_to_target   = 0.4269 m  (3D)          distance_obj_goal_cm  = 42 cm  (XY)
  cube_position (z)     = 0.0257 m                object_lift_height_cm = 0 cm
  cube_position (xy)    = [-0.277, -0.005]        grasp_completed       = 1
  finger_contacts (raw) = 0                       finger_contacts       = 0
  x                                               grasp_attempts        = 1
  x                                               task_started          = 1
  x                                               object_available      = 1
  x                                               task_aborted          = 0
  episode                = 1                      x
  step                   = 23                     x
  ee_position            = [-0.2161, 0.0000, 0.2182]  x
  ee_velocity            = [0.5437, -0.0001, -0.2435]  x
  target_position        = [0.1500, 0.0000, 0.0200]  x
  reward                 = -0.4269                x
  is_success             = False                  x
  obstacle_in_path       = False                  x
  obstacle_count_in_path = 0                      x
  obstacles              = {}                     x
  objects                = {'object_1': {'type': 'box', 'size': [0.04, 0.04, 0.04], 'mass': 10, 'color': [0.1, 0.2, 0.9, 1.0], 'initial_position': [-0.25, 0.0, 0.02], 'spinning_friction': 0.001, 'current_position': [-0.27684206875305256, -0.004836393074111236, 0.025701207214362035]}}  x
  scripts                = {'script_1': True, 'reach_only': True, 'left_right': True}  x
  target_goal            = {'type': 'goal_sequence', 'targets': [{'name': 'target', 'position': [0.15000000596046448, 0.0, 0.019999999552965164]}], 'mode': 'goal_sequence'}  x
  scene                  = {'table': {'length': 1.1, 'width': 0.7, 'height': 0.4, 'x_offset': -0.3, 'lateral_friction': 3.0, 'spinning_friction': 0.001}}  x
  robot_config           = {'control_type': 'ee', 'block_gripper': False, 'base_position': [-0.6, 0.0, 0.05]}  x
  current_task           = OBJECT_DELIVERY_SEQUENCE  x
  current_subtask        = TRANSPORT_OBJECT       x
  active_target_name     = target                 x
  action                 = [1.0000, -0.0001, 0.0000, -1.0000]  x
  joint_angles           = [-0.0001, -0.3347, 0.0003, -2.7463, 0.0001, 2.4367, 0.7854]  x
  joint_velocities       = [-0.0003, 2.6677, -0.0005, 1.8823, 0.0001, 0.1009, -0.0001]  x
  cube_rotation          = [2.9367, 0.1102, 2.5820]  x
  cube_linear_velocity   = [0.2614, 0.0360, -0.2313]  x
  obstacle_positions     = {}                     x
[step=  23 12:18:42.527][SM] ação→ lift_object() (LIFT_OBJECT)  [nova neste tick]
[step=  23 12:18:42.527][SM] S18 ──[lift_object() (LIFT_OBJECT)]──► PHI_19   ✓
[step=  23 12:18:42.527][SM] PHI_19 ──[not (object_lift_height_cm >= 10 and finger_contacts >= 2)]──► ERR_19   ✗  UNSAT
[step=  23 12:18:42.527][SM] estado=ERR_19   SAT=False  *** UNSAT ***
  ┌─ IDENTIFY ───────────────────────────────────────────────────────────────────
  │  Nome  : LIFT_OBJECT_unanticipated
  │  Given : (object_lift_height_cm < 10) AND (finger_contacts < 2)
  │  When  : grasp_completed == 1
  │  Do    : lift_object()
  │  Then  : object_lift_height_cm >= 10 AND finger_contacts >= 2
  └─────────────────────────────────────────────────────────────────────
  [PIPELINE] Erro: Nenhuma feature estática encontrada para 'LIFT_OBJECT' — não é possível diagnosticar.

[step=  24 12:18:43.690][DejaVu] ep=1  subtask=TRANSPORT_OBJECT  reward=-0.4214  *** CENÁRIO NÃO ANTECIPADO ***
[step=  24 12:18:43.690][Perception]
  CONTEXTO                                        PARÂMETROS SM
  ----------------------------------------------  --------------------------------------
  fingers_width         = 0.0000 m                gripper_width_cm      = 0 cm
  dist_ee_to_cube       = 0.2089 m                distance_ee_object_cm = 18 cm
  dist_cube_to_target   = 0.4214 m  (3D)          distance_obj_goal_cm  = 42 cm  (XY)
  cube_position (z)     = 0.0215 m                object_lift_height_cm = 0 cm
  cube_position (xy)    = [-0.271, -0.001]        grasp_completed       = 1
  finger_contacts (raw) = 0                       finger_contacts       = 0
  x                                               grasp_attempts        = 1
  x                                               task_started          = 1
  x                                               object_available      = 1
  x                                               task_aborted          = 0
  episode                = 1                      x
  step                   = 24                     x
  ee_position            = [-0.1838, 0.0000, 0.2112]  x
  ee_velocity            = [0.3844, -0.0001, -0.1084]  x
  target_position        = [0.1500, 0.0000, 0.0200]  x
  reward                 = -0.4214                x
  is_success             = False                  x
  obstacle_in_path       = False                  x
  obstacle_count_in_path = 0                      x
  obstacles              = {}                     x
  objects                = {'object_1': {'type': 'box', 'size': [0.04, 0.04, 0.04], 'mass': 10, 'color': [0.1, 0.2, 0.9, 1.0], 'initial_position': [-0.25, 0.0, 0.02], 'spinning_friction': 0.001, 'current_position': [-0.2713548821506982, -0.00075356057365695, 0.021548354172876448]}}  x
  scripts                = {'script_1': True, 'reach_only': True, 'left_right': True}  x
  target_goal            = {'type': 'goal_sequence', 'targets': [{'name': 'target', 'position': [0.15000000596046448, 0.0, 0.019999999552965164]}], 'mode': 'goal_sequence'}  x
  scene                  = {'table': {'length': 1.1, 'width': 0.7, 'height': 0.4, 'x_offset': -0.3, 'lateral_friction': 3.0, 'spinning_friction': 0.001}}  x
  robot_config           = {'control_type': 'ee', 'block_gripper': False, 'base_position': [-0.6, 0.0, 0.05]}  x
  current_task           = OBJECT_DELIVERY_SEQUENCE  x
  current_subtask        = TRANSPORT_OBJECT       x
  active_target_name     = target                 x
  action                 = [0.9993, -0.0001, -0.0382, -1.0000]  x
  joint_angles           = [-0.0001, -0.2028, 0.0002, -2.6267, 0.0001, 2.4106, 0.7854]  x
  joint_velocities       = [-0.0002, 1.5336, -0.0003, 1.3704, -0.0003, -0.2004, 0.0000]  x
  cube_rotation          = [-3.0626, 0.0100, 2.5822]  x
  cube_linear_velocity   = [0.0032, 0.0491, 0.0653]  x
  obstacle_positions     = {}                     x
[step=  24 12:18:43.690][SM] (sem transições neste tick)
[step=  24 12:18:43.690][SM] estado=ERR_19   SAT=False  *** UNSAT ***

[step=  25 12:18:44.812][DejaVu] ep=1  subtask=TRANSPORT_OBJECT  reward=-0.4216  *** CENÁRIO NÃO ANTECIPADO ***
[step=  25 12:18:44.812][Perception]
  CONTEXTO                                        PARÂMETROS SM
  ----------------------------------------------  --------------------------------------
  fingers_width         = -0.0000 m               gripper_width_cm      = 0 cm
  dist_ee_to_cube       = 0.2236 m                distance_ee_object_cm = 19 cm
  dist_cube_to_target   = 0.4216 m  (3D)          distance_obj_goal_cm  = 42 cm  (XY)
  cube_position (z)     = 0.0208 m                object_lift_height_cm = 0 cm
  cube_position (xy)    = [-0.272, -0.002]        grasp_completed       = 1
  finger_contacts (raw) = 0                       finger_contacts       = 0
  x                                               grasp_attempts        = 1
  x                                               task_started          = 1
  x                                               object_available      = 1
  x                                               task_aborted          = 0
  episode                = 1                      x
  step                   = 25                     x
  ee_position            = [-0.1493, 0.0000, 0.2079]  x
  ee_velocity            = [0.4128, -0.0003, -0.0319]  x
  target_position        = [0.1500, 0.0000, 0.0200]  x
  reward                 = -0.4216                x
  is_success             = False                  x
  obstacle_in_path       = False                  x
  obstacle_count_in_path = 0                      x
  obstacles              = {}                     x
  objects                = {'object_1': {'type': 'box', 'size': [0.04, 0.04, 0.04], 'mass': 10, 'color': [0.1, 0.2, 0.9, 1.0], 'initial_position': [-0.25, 0.0, 0.02], 'spinning_friction': 0.001, 'current_position': [-0.2716219080896284, -0.001572765045808949, 0.020754045442769174]}}  x
  scripts                = {'script_1': True, 'reach_only': True, 'left_right': True}  x
  target_goal            = {'type': 'goal_sequence', 'targets': [{'name': 'target', 'position': [0.15000000596046448, 0.0, 0.019999999552965164]}], 'mode': 'goal_sequence'}  x
  scene                  = {'table': {'length': 1.1, 'width': 0.7, 'height': 0.4, 'x_offset': -0.3, 'lateral_friction': 3.0, 'spinning_friction': 0.001}}  x
  robot_config           = {'control_type': 'ee', 'block_gripper': False, 'base_position': [-0.6, 0.0, 0.05]}  x
  current_task           = OBJECT_DELIVERY_SEQUENCE  x
  current_subtask        = TRANSPORT_OBJECT       x
  active_target_name     = target                 x
  action                 = [0.9998, -0.0001, -0.0209, -1.0000]  x
  joint_angles           = [-0.0002, -0.0992, 0.0002, -2.5229, 0.0000, 2.4143, 0.7854]  x
  joint_velocities       = [-0.0001, 1.1731, -0.0006, 1.2365, -0.0003, 0.0278, 0.0000]  x
  cube_rotation          = [-3.1021, 0.0006, 2.5824]  x
  cube_linear_velocity   = [-0.0464, -0.0754, -0.0801]  x
  obstacle_positions     = {}                     x
[step=  25 12:18:44.812][SM] (sem transições neste tick)
[step=  25 12:18:44.812][SM] estado=ERR_19   SAT=False  *** UNSAT ***

[step=  26 12:18:45.984][DejaVu] ep=1  subtask=TRANSPORT_OBJECT  reward=-0.4221  *** CENÁRIO NÃO ANTECIPADO ***
[step=  26 12:18:45.984][Perception]
  CONTEXTO                                        PARÂMETROS SM
  ----------------------------------------------  --------------------------------------
  fingers_width         = -0.0000 m               gripper_width_cm      = 0 cm
  dist_ee_to_cube       = 0.2429 m                distance_ee_object_cm = 21 cm
  dist_cube_to_target   = 0.4221 m  (3D)          distance_obj_goal_cm  = 42 cm  (XY)
  cube_position (z)     = 0.0200 m                object_lift_height_cm = 0 cm
  cube_position (xy)    = [-0.272, -0.002]        grasp_completed       = 1
  finger_contacts (raw) = 0                       finger_contacts       = 0
  x                                               grasp_attempts        = 1
  x                                               task_started          = 1
  x                                               object_available      = 1
  x                                               task_aborted          = 0
  episode                = 1                      x
  step                   = 26                     x
  ee_position            = [-0.1150, -0.0000, 0.2052]  x
  ee_velocity            = [0.4146, -0.0006, -0.0562]  x
  target_position        = [0.1500, 0.0000, 0.0200]  x
  reward                 = -0.4221                x
  is_success             = False                  x
  obstacle_in_path       = False                  x
  obstacle_count_in_path = 0                      x
  obstacles              = {}                     x
  objects                = {'object_1': {'type': 'box', 'size': [0.04, 0.04, 0.04], 'mass': 10, 'color': [0.1, 0.2, 0.9, 1.0], 'initial_position': [-0.25, 0.0, 0.02], 'spinning_friction': 0.001, 'current_position': [-0.2720460632572696, -0.0022708371638173385, 0.019983070023727404]}}  x
  scripts                = {'script_1': True, 'reach_only': True, 'left_right': True}  x
  target_goal            = {'type': 'goal_sequence', 'targets': [{'name': 'target', 'position': [0.15000000596046448, 0.0, 0.019999999552965164]}], 'mode': 'goal_sequence'}  x
  scene                  = {'table': {'length': 1.1, 'width': 0.7, 'height': 0.4, 'x_offset': -0.3, 'lateral_friction': 3.0, 'spinning_friction': 0.001}}  x
  robot_config           = {'control_type': 'ee', 'block_gripper': False, 'base_position': [-0.6, 0.0, 0.05]}  x
  current_task           = OBJECT_DELIVERY_SEQUENCE  x
  current_subtask        = TRANSPORT_OBJECT       x
  active_target_name     = target                 x
  action                 = [0.9999, -0.0000, -0.0123, -1.0000]  x
  joint_angles           = [-0.0002, -0.0016, 0.0001, -2.4142, 0.0000, 2.4058, 0.7854]  x
  joint_velocities       = [-0.0000, 1.1911, -0.0011, 1.3080, -0.0003, -0.0654, -0.0001]  x
  cube_rotation          = [3.1413, 0.0000, 2.5824]  x
  cube_linear_velocity   = [0.0002, 0.0003, 0.0003]  x
  obstacle_positions     = {}                     x
[step=  26 12:18:45.984][SM] (sem transições neste tick)
[step=  26 12:18:45.984][SM] estado=ERR_19   SAT=False  *** UNSAT ***

[step=  27 12:18:47.105][DejaVu] ep=1  subtask=TRANSPORT_OBJECT  reward=-0.4220  *** CENÁRIO NÃO ANTECIPADO ***
[step=  27 12:18:47.105][Perception]
  CONTEXTO                                        PARÂMETROS SM
  ----------------------------------------------  --------------------------------------
  fingers_width         = -0.0000 m               gripper_width_cm      = 0 cm
  dist_ee_to_cube       = 0.2640 m                distance_ee_object_cm = 23 cm
  dist_cube_to_target   = 0.4220 m  (3D)          distance_obj_goal_cm  = 42 cm  (XY)
  cube_position (z)     = 0.0200 m                object_lift_height_cm = 0 cm
  cube_position (xy)    = [-0.272, -0.002]        grasp_completed       = 1
  finger_contacts (raw) = 0                       finger_contacts       = 0
  x                                               grasp_attempts        = 1
  x                                               task_started          = 1
  x                                               object_available      = 1
  x                                               task_aborted          = 0
  episode                = 1                      x
  step                   = 27                     x
  ee_position            = [-0.0811, -0.0000, 0.2022]  x
  ee_velocity            = [0.4066, -0.0007, -0.0488]  x
  target_position        = [0.1500, 0.0000, 0.0200]  x
  reward                 = -0.4220                x
  is_success             = False                  x
  obstacle_in_path       = False                  x
  obstacle_count_in_path = 0                      x
  obstacles              = {}                     x
  objects                = {'object_1': {'type': 'box', 'size': [0.04, 0.04, 0.04], 'mass': 10, 'color': [0.1, 0.2, 0.9, 1.0], 'initial_position': [-0.25, 0.0, 0.02], 'spinning_friction': 0.001, 'current_position': [-0.2720432120020038, -0.0022658167434820935, 0.019988625603056226]}}  x
  scripts                = {'script_1': True, 'reach_only': True, 'left_right': True}  x
  target_goal            = {'type': 'goal_sequence', 'targets': [{'name': 'target', 'position': [0.15000000596046448, 0.0, 0.019999999552965164]}], 'mode': 'goal_sequence'}  x
  scene                  = {'table': {'length': 1.1, 'width': 0.7, 'height': 0.4, 'x_offset': -0.3, 'lateral_friction': 3.0, 'spinning_friction': 0.001}}  x
  robot_config           = {'control_type': 'ee', 'block_gripper': False, 'base_position': [-0.6, 0.0, 0.05]}  x
  current_task           = OBJECT_DELIVERY_SEQUENCE  x
  current_subtask        = TRANSPORT_OBJECT       x
  active_target_name     = target                 x
  action                 = [1.0000, 0.0000, -0.0037, -1.0000]  x
  joint_angles           = [-0.0002, 0.0928, 0.0001, -2.3007, -0.0000, 2.3871, 0.7854]  x
  joint_velocities       = [0.0000, 1.1163, -0.0012, 1.3319, -0.0002, -0.1436, -0.0002]  x
  cube_rotation          = [3.1415, 0.0000, 2.5824]  x
  cube_linear_velocity   = [0.0000, 0.0001, 0.0001]  x
  obstacle_positions     = {}                     x
[step=  27 12:18:47.105][SM] (sem transições neste tick)
[step=  27 12:18:47.105][SM] estado=ERR_19   SAT=False  *** UNSAT ***

[step=  28 12:18:48.252][DejaVu] ep=1  subtask=TRANSPORT_OBJECT  reward=-0.4220  *** CENÁRIO NÃO ANTECIPADO ***
[step=  28 12:18:48.252][Perception]
  CONTEXTO                                        PARÂMETROS SM
  ----------------------------------------------  --------------------------------------
  fingers_width         = -0.0000 m               gripper_width_cm      = 0 cm
  dist_ee_to_cube       = 0.2866 m                distance_ee_object_cm = 26 cm
  dist_cube_to_target   = 0.4220 m  (3D)          distance_obj_goal_cm  = 42 cm  (XY)
  cube_position (z)     = 0.0200 m                object_lift_height_cm = 0 cm
  cube_position (xy)    = [-0.272, -0.002]        grasp_completed       = 1
  finger_contacts (raw) = 0                       finger_contacts       = 0
  x                                               grasp_attempts        = 1
  x                                               task_started          = 1
  x                                               object_available      = 1
  x                                               task_aborted          = 0
  episode                = 1                      x
  step                   = 28                     x
  ee_position            = [-0.0479, -0.0000, 0.1986]  x
  ee_velocity            = [0.3833, -0.0005, -0.0806]  x
  target_position        = [0.1500, 0.0000, 0.0200]  x
  reward                 = -0.4220                x
  is_success             = False                  x
  obstacle_in_path       = False                  x
  obstacle_count_in_path = 0                      x
  obstacles              = {}                     x
  objects                = {'object_1': {'type': 'box', 'size': [0.04, 0.04, 0.04], 'mass': 10, 'color': [0.1, 0.2, 0.9, 1.0], 'initial_position': [-0.25, 0.0, 0.02], 'spinning_friction': 0.001, 'current_position': [-0.27204270170659195, -0.002264799786281319, 0.019989662861350697]}}  x
  scripts                = {'script_1': True, 'reach_only': True, 'left_right': True}  x
  target_goal            = {'type': 'goal_sequence', 'targets': [{'name': 'target', 'position': [0.15000000596046448, 0.0, 0.019999999552965164]}], 'mode': 'goal_sequence'}  x
  scene                  = {'table': {'length': 1.1, 'width': 0.7, 'height': 0.4, 'x_offset': -0.3, 'lateral_friction': 3.0, 'spinning_friction': 0.001}}  x
  robot_config           = {'control_type': 'ee', 'block_gripper': False, 'base_position': [-0.6, 0.0, 0.05]}  x
  current_task           = OBJECT_DELIVERY_SEQUENCE  x
  current_subtask        = TRANSPORT_OBJECT       x
  active_target_name     = target                 x
  action                 = [1.0000, 0.0001, 0.0088, -1.0000]  x
  joint_angles           = [-0.0002, 0.1852, 0.0001, -2.1836, -0.0000, 2.3614, 0.7854]  x
  joint_velocities       = [0.0001, 1.1162, -0.0009, 1.3386, -0.0001, -0.1975, -0.0002]  x
  cube_rotation          = [-3.1416, 0.0000, 2.5824]  x
  cube_linear_velocity   = [0.0000, 0.0000, 0.0000]  x
  obstacle_positions     = {}                     x
[step=  28 12:18:48.252][SM] (sem transições neste tick)
[step=  28 12:18:48.252][SM] estado=ERR_19   SAT=False  *** UNSAT ***

[step=  29 12:18:49.405][DejaVu] ep=1  subtask=TRANSPORT_OBJECT  reward=-0.4220  *** CENÁRIO NÃO ANTECIPADO ***
[step=  29 12:18:49.405][Perception]
  CONTEXTO                                        PARÂMETROS SM
  ----------------------------------------------  --------------------------------------
  fingers_width         = -0.0000 m               gripper_width_cm      = 0 cm
  dist_ee_to_cube       = 0.3102 m                distance_ee_object_cm = 28 cm
  dist_cube_to_target   = 0.4220 m  (3D)          distance_obj_goal_cm  = 42 cm  (XY)
  cube_position (z)     = 0.0200 m                object_lift_height_cm = 0 cm
  cube_position (xy)    = [-0.272, -0.002]        grasp_completed       = 1
  finger_contacts (raw) = 0                       finger_contacts       = 0
  x                                               grasp_attempts        = 1
  x                                               task_started          = 1
  x                                               object_available      = 1
  x                                               task_aborted          = 0
  episode                = 1                      x
  step                   = 29                     x
  ee_position            = [-0.0158, -0.0000, 0.1947]  x
  ee_velocity            = [0.3665, -0.0003, -0.0766]  x
  target_position        = [0.1500, 0.0000, 0.0200]  x
  reward                 = -0.4220                x
  is_success             = False                  x
  obstacle_in_path       = False                  x
  obstacle_count_in_path = 0                      x
  obstacles              = {}                     x
  objects                = {'object_1': {'type': 'box', 'size': [0.04, 0.04, 0.04], 'mass': 10, 'color': [0.1, 0.2, 0.9, 1.0], 'initial_position': [-0.25, 0.0, 0.02], 'spinning_friction': 0.001, 'current_position': [-0.27204257450197145, -0.002264780807260876, 0.019989845212948186]}}  x
  scripts                = {'script_1': True, 'reach_only': True, 'left_right': True}  x
  target_goal            = {'type': 'goal_sequence', 'targets': [{'name': 'target', 'position': [0.15000000596046448, 0.0, 0.019999999552965164]}], 'mode': 'goal_sequence'}  x
  scene                  = {'table': {'length': 1.1, 'width': 0.7, 'height': 0.4, 'x_offset': -0.3, 'lateral_friction': 3.0, 'spinning_friction': 0.001}}  x
  robot_config           = {'control_type': 'ee', 'block_gripper': False, 'base_position': [-0.6, 0.0, 0.05]}  x
  current_task           = OBJECT_DELIVERY_SEQUENCE  x
  current_subtask        = TRANSPORT_OBJECT       x
  active_target_name     = target                 x
  action                 = [0.9996, 0.0002, 0.0284, -1.0000]  x
  joint_angles           = [-0.0001, 0.2750, 0.0001, -2.0638, -0.0000, 2.3305, 0.7854]  x
  joint_velocities       = [0.0001, 1.0583, -0.0006, 1.3414, -0.0000, -0.2377, -0.0001]  x
  cube_rotation          = [-3.1416, 0.0000, 2.5824]  x
  cube_linear_velocity   = [0.0000, 0.0000, 0.0000]  x
  obstacle_positions     = {}                     x
[step=  29 12:18:49.405][SM] (sem transições neste tick)
[step=  29 12:18:49.405][SM] estado=ERR_19   SAT=False  *** UNSAT ***

[step=  30 12:18:50.545][DejaVu] ep=1  subtask=TRANSPORT_OBJECT  reward=-0.4220  *** CENÁRIO NÃO ANTECIPADO ***
[step=  30 12:18:50.545][Perception]
  CONTEXTO                                        PARÂMETROS SM
  ----------------------------------------------  --------------------------------------
  fingers_width         = -0.0000 m               gripper_width_cm      = 0 cm
  dist_ee_to_cube       = 0.3343 m                distance_ee_object_cm = 30 cm
  dist_cube_to_target   = 0.4220 m  (3D)          distance_obj_goal_cm  = 42 cm  (XY)
  cube_position (z)     = 0.0200 m                object_lift_height_cm = 0 cm
  cube_position (xy)    = [-0.272, -0.002]        grasp_completed       = 1
  finger_contacts (raw) = 0                       finger_contacts       = 0
  x                                               grasp_attempts        = 1
  x                                               task_started          = 1
  x                                               object_available      = 1
  x                                               task_aborted          = 0
  episode                = 1                      x
  step                   = 30                     x
  ee_position            = [0.0151, -0.0000, 0.1912]  x
  ee_velocity            = [0.3435, -0.0002, -0.0668]  x
  target_position        = [0.1500, 0.0000, 0.0200]  x
  reward                 = -0.4220                x
  is_success             = False                  x
  obstacle_in_path       = False                  x
  obstacle_count_in_path = 0                      x
  obstacles              = {}                     x
  objects                = {'object_1': {'type': 'box', 'size': [0.04, 0.04, 0.04], 'mass': 10, 'color': [0.1, 0.2, 0.9, 1.0], 'initial_position': [-0.25, 0.0, 0.02], 'spinning_friction': 0.001, 'current_position': [-0.27204259025486766, -0.0022646947519304127, 0.019989882466952956]}}  x
  scripts                = {'script_1': True, 'reach_only': True, 'left_right': True}  x
  target_goal            = {'type': 'goal_sequence', 'targets': [{'name': 'target', 'position': [0.15000000596046448, 0.0, 0.019999999552965164]}], 'mode': 'goal_sequence'}  x
  scene                  = {'table': {'length': 1.1, 'width': 0.7, 'height': 0.4, 'x_offset': -0.3, 'lateral_friction': 3.0, 'spinning_friction': 0.001}}  x
  robot_config           = {'control_type': 'ee', 'block_gripper': False, 'base_position': [-0.6, 0.0, 0.05]}  x
  current_task           = OBJECT_DELIVERY_SEQUENCE  x
  current_subtask        = TRANSPORT_OBJECT       x
  active_target_name     = target                 x
  action                 = [0.9984, 0.0003, 0.0573, -1.0000]  x
  joint_angles           = [-0.0001, 0.3617, 0.0001, -1.9417, -0.0000, 2.2948, 0.7854]  x
  joint_velocities       = [0.0001, 0.9911, -0.0004, 1.3290, -0.0000, -0.2747, 0.0000]  x
  cube_rotation          = [-3.1416, 0.0000, 2.5824]  x
  cube_linear_velocity   = [-0.0000, 0.0000, 0.0000]  x
  obstacle_positions     = {}                     x
[step=  30 12:18:50.545][SM] (sem transições neste tick)
[step=  30 12:18:50.545][SM] estado=ERR_19   SAT=False  *** UNSAT ***

[step=  31 12:18:51.692][DejaVu] ep=1  subtask=TRANSPORT_OBJECT  reward=-0.4220  *** CENÁRIO NÃO ANTECIPADO ***
[step=  31 12:18:51.692][Perception]
  CONTEXTO                                        PARÂMETROS SM
  ----------------------------------------------  --------------------------------------
  fingers_width         = -0.0000 m               gripper_width_cm      = 0 cm
  dist_ee_to_cube       = 0.3585 m                distance_ee_object_cm = 33 cm
  dist_cube_to_target   = 0.4220 m  (3D)          distance_obj_goal_cm  = 42 cm  (XY)
  cube_position (z)     = 0.0200 m                object_lift_height_cm = 0 cm
  cube_position (xy)    = [-0.272, -0.002]        grasp_completed       = 1
  finger_contacts (raw) = 0                       finger_contacts       = 0
  x                                               grasp_attempts        = 1
  x                                               task_started          = 1
  x                                               object_available      = 1
  x                                               task_aborted          = 0
  episode                = 1                      x
  step                   = 31                     x
  ee_position            = [0.0443, -0.0000, 0.1886]  x
  ee_velocity            = [0.3185, -0.0001, -0.0459]  x
  target_position        = [0.1500, 0.0000, 0.0200]  x
  reward                 = -0.4220                x
  is_success             = False                  x
  obstacle_in_path       = False                  x
  obstacle_count_in_path = 0                      x
  obstacles              = {}                     x
  objects                = {'object_1': {'type': 'box', 'size': [0.04, 0.04, 0.04], 'mass': 10, 'color': [0.1, 0.2, 0.9, 1.0], 'initial_position': [-0.25, 0.0, 0.02], 'spinning_friction': 0.001, 'current_position': [-0.2720426316357735, -0.0022645926526666123, 0.019989889487575855]}}  x
  scripts                = {'script_1': True, 'reach_only': True, 'left_right': True}  x
  target_goal            = {'type': 'goal_sequence', 'targets': [{'name': 'target', 'position': [0.15000000596046448, 0.0, 0.019999999552965164]}], 'mode': 'goal_sequence'}  x
  scene                  = {'table': {'length': 1.1, 'width': 0.7, 'height': 0.4, 'x_offset': -0.3, 'lateral_friction': 3.0, 'spinning_friction': 0.001}}  x
  robot_config           = {'control_type': 'ee', 'block_gripper': False, 'base_position': [-0.6, 0.0, 0.05]}  x
  current_task           = OBJECT_DELIVERY_SEQUENCE  x
  current_subtask        = TRANSPORT_OBJECT       x
  active_target_name     = target                 x
  action                 = [0.9954, 0.0003, 0.0957, -1.0000]  x
  joint_angles           = [-0.0001, 0.4449, 0.0001, -1.8176, -0.0000, 2.2539, 0.7854]  x
  joint_velocities       = [0.0001, 0.9133, -0.0002, 1.3123, -0.0000, -0.3141, 0.0001]  x
  cube_rotation          = [-3.1416, 0.0000, 2.5824]  x
  cube_linear_velocity   = [-0.0000, 0.0000, 0.0000]  x
  obstacle_positions     = {}                     x
[step=  31 12:18:51.692][SM] (sem transições neste tick)
[step=  31 12:18:51.692][SM] estado=ERR_19   SAT=False  *** UNSAT ***

[step=  32 12:18:52.839][DejaVu] ep=1  subtask=TRANSPORT_OBJECT  reward=-0.4220  *** CENÁRIO NÃO ANTECIPADO ***
[step=  32 12:18:52.839][Perception]
  CONTEXTO                                        PARÂMETROS SM
  ----------------------------------------------  --------------------------------------
  fingers_width         = -0.0000 m               gripper_width_cm      = 0 cm
  dist_ee_to_cube       = 0.3825 m                distance_ee_object_cm = 35 cm
  dist_cube_to_target   = 0.4220 m  (3D)          distance_obj_goal_cm  = 42 cm  (XY)
  cube_position (z)     = 0.0200 m                object_lift_height_cm = 0 cm
  cube_position (xy)    = [-0.272, -0.002]        grasp_completed       = 1
  finger_contacts (raw) = 0                       finger_contacts       = 0
  x                                               grasp_attempts        = 1
  x                                               task_started          = 1
  x                                               object_available      = 1
  x                                               task_aborted          = 0
  episode                = 1                      x
  step                   = 32                     x
  ee_position            = [0.0716, -0.0000, 0.1879]  x
  ee_velocity            = [0.2949, -0.0000, 0.0070]  x
  target_position        = [0.1500, 0.0000, 0.0200]  x
  reward                 = -0.4220                x
  is_success             = False                  x
  obstacle_in_path       = False                  x
  obstacle_count_in_path = 0                      x
  obstacles              = {}                     x
  objects                = {'object_1': {'type': 'box', 'size': [0.04, 0.04, 0.04], 'mass': 10, 'color': [0.1, 0.2, 0.9, 1.0], 'initial_position': [-0.25, 0.0, 0.02], 'spinning_friction': 0.001, 'current_position': [-0.2720426778485297, -0.002264487527623014, 0.01998989081014952]}}  x
  scripts                = {'script_1': True, 'reach_only': True, 'left_right': True}  x
  target_goal            = {'type': 'goal_sequence', 'targets': [{'name': 'target', 'position': [0.15000000596046448, 0.0, 0.019999999552965164]}], 'mode': 'goal_sequence'}  x
  scene                  = {'table': {'length': 1.1, 'width': 0.7, 'height': 0.4, 'x_offset': -0.3, 'lateral_friction': 3.0, 'spinning_friction': 0.001}}  x
  robot_config           = {'control_type': 'ee', 'block_gripper': False, 'base_position': [-0.6, 0.0, 0.05]}  x
  current_task           = OBJECT_DELIVERY_SEQUENCE  x
  current_subtask        = TRANSPORT_OBJECT       x
  active_target_name     = target                 x
  action                 = [0.9893, 0.0004, 0.1458, -1.0000]  x
  joint_angles           = [-0.0001, 0.5232, 0.0000, -1.6926, -0.0000, 2.2081, 0.7854]  x
  joint_velocities       = [0.0002, 0.7892, -0.0002, 1.2825, -0.0000, -0.3519, 0.0001]  x
  cube_rotation          = [-3.1416, 0.0000, 2.5824]  x
  cube_linear_velocity   = [-0.0000, 0.0000, 0.0000]  x
  obstacle_positions     = {}                     x
[step=  32 12:18:52.839][SM] (sem transições neste tick)
[step=  32 12:18:52.839][SM] estado=ERR_19   SAT=False  *** UNSAT ***

[step=  33 12:18:53.998][DejaVu] ep=1  subtask=TRANSPORT_OBJECT  reward=-0.4220  *** CENÁRIO NÃO ANTECIPADO ***
[step=  33 12:18:53.998][Perception]
  CONTEXTO                                        PARÂMETROS SM
  ----------------------------------------------  --------------------------------------
  fingers_width         = -0.0000 m               gripper_width_cm      = 0 cm
  dist_ee_to_cube       = 0.4059 m                distance_ee_object_cm = 38 cm
  dist_cube_to_target   = 0.4220 m  (3D)          distance_obj_goal_cm  = 42 cm  (XY)
  cube_position (z)     = 0.0200 m                object_lift_height_cm = 0 cm
  cube_position (xy)    = [-0.272, -0.002]        grasp_completed       = 1
  finger_contacts (raw) = 0                       finger_contacts       = 0
  x                                               grasp_attempts        = 1
  x                                               task_started          = 1
  x                                               object_available      = 1
  x                                               task_aborted          = 0
  episode                = 1                      x
  step                   = 33                     x
  ee_position            = [0.0965, -0.0000, 0.1900]  x
  ee_velocity            = [0.2688, 0.0000, 0.0805]  x
  target_position        = [0.1500, 0.0000, 0.0200]  x
  reward                 = -0.4220                x
  is_success             = False                  x
  obstacle_in_path       = False                  x
  obstacle_count_in_path = 0                      x
  obstacles              = {}                     x
  objects                = {'object_1': {'type': 'box', 'size': [0.04, 0.04, 0.04], 'mass': 10, 'color': [0.1, 0.2, 0.9, 1.0], 'initial_position': [-0.25, 0.0, 0.02], 'spinning_friction': 0.001, 'current_position': [-0.2720427249737486, -0.0022643818303311465, 0.019989891058825576]}}  x
  scripts                = {'script_1': True, 'reach_only': True, 'left_right': True}  x
  target_goal            = {'type': 'goal_sequence', 'targets': [{'name': 'target', 'position': [0.15000000596046448, 0.0, 0.019999999552965164]}], 'mode': 'goal_sequence'}  x
  scene                  = {'table': {'length': 1.1, 'width': 0.7, 'height': 0.4, 'x_offset': -0.3, 'lateral_friction': 3.0, 'spinning_friction': 0.001}}  x
  robot_config           = {'control_type': 'ee', 'block_gripper': False, 'base_position': [-0.6, 0.0, 0.05]}  x
  current_task           = OBJECT_DELIVERY_SEQUENCE  x
  current_subtask        = TRANSPORT_OBJECT       x
  active_target_name     = target                 x
  action                 = [0.9790, 0.0004, 0.2038, -1.0000]  x
  joint_angles           = [-0.0001, 0.5951, 0.0000, -1.5677, -0.0000, 2.1575, 0.7854]  x
  joint_velocities       = [0.0002, 0.6356, -0.0001, 1.2347, -0.0000, -0.3897, 0.0001]  x
  cube_rotation          = [-3.1416, 0.0000, 2.5824]  x
  cube_linear_velocity   = [-0.0000, 0.0000, 0.0000]  x
  obstacle_positions     = {}                     x
[step=  33 12:18:53.998][SM] (sem transições neste tick)
[step=  33 12:18:53.998][SM] estado=ERR_19   SAT=False  *** UNSAT ***

[step=  34 12:18:55.134][DejaVu] ep=1  subtask=TRANSPORT_OBJECT  reward=-0.4220  *** CENÁRIO NÃO ANTECIPADO ***
[step=  34 12:18:55.134][Perception]
  CONTEXTO                                        PARÂMETROS SM
  ----------------------------------------------  --------------------------------------
  fingers_width         = -0.0000 m               gripper_width_cm      = 0 cm
  dist_ee_to_cube       = 0.4286 m                distance_ee_object_cm = 40 cm
  dist_cube_to_target   = 0.4220 m  (3D)          distance_obj_goal_cm  = 42 cm  (XY)
  cube_position (z)     = 0.0200 m                object_lift_height_cm = 0 cm
  cube_position (xy)    = [-0.272, -0.002]        grasp_completed       = 1
  finger_contacts (raw) = 0                       finger_contacts       = 0
  x                                               grasp_attempts        = 1
  x                                               task_started          = 1
  x                                               object_available      = 1
  x                                               task_aborted          = 0
  episode                = 1                      x
  step                   = 34                     x
  ee_position            = [0.1187, -0.0000, 0.1959]  x
  ee_velocity            = [0.2441, 0.0000, 0.1806]  x
  target_position        = [0.1500, 0.0000, 0.0200]  x
  reward                 = -0.4220                x
  is_success             = False                  x
  obstacle_in_path       = False                  x
  obstacle_count_in_path = 0                      x
  obstacles              = {}                     x
  objects                = {'object_1': {'type': 'box', 'size': [0.04, 0.04, 0.04], 'mass': 10, 'color': [0.1, 0.2, 0.9, 1.0], 'initial_position': [-0.25, 0.0, 0.02], 'spinning_friction': 0.001, 'current_position': [-0.2720427722727506, -0.00226427602319874, 0.019989891105106666]}}  x
  scripts                = {'script_1': True, 'reach_only': True, 'left_right': True}  x
  target_goal            = {'type': 'goal_sequence', 'targets': [{'name': 'target', 'position': [0.15000000596046448, 0.0, 0.019999999552965164]}], 'mode': 'goal_sequence'}  x
  scene                  = {'table': {'length': 1.1, 'width': 0.7, 'height': 0.4, 'x_offset': -0.3, 'lateral_friction': 3.0, 'spinning_friction': 0.001}}  x
  robot_config           = {'control_type': 'ee', 'block_gripper': False, 'base_position': [-0.6, 0.0, 0.05]}  x
  current_task           = OBJECT_DELIVERY_SEQUENCE  x
  current_subtask        = TRANSPORT_OBJECT       x
  active_target_name     = target                 x
  action                 = [0.9665, 0.0004, 0.2566, -1.0000]  x
  joint_angles           = [-0.0000, 0.6590, 0.0000, -1.4444, -0.0000, 2.1025, 0.7854]  x
  joint_velocities       = [0.0002, 0.4499, -0.0001, 1.1759, -0.0000, -0.4227, 0.0001]  x
  cube_rotation          = [-3.1416, 0.0000, 2.5824]  x
  cube_linear_velocity   = [-0.0000, 0.0000, 0.0000]  x
  obstacle_positions     = {}                     x
[step=  34 12:18:55.134][SM] (sem transições neste tick)
[step=  34 12:18:55.134][SM] estado=ERR_19   SAT=False  *** UNSAT ***

[step=  35 12:18:56.280][DejaVu] ep=1  subtask=TRANSPORT_OBJECT  reward=-0.4220  *** CENÁRIO NÃO ANTECIPADO ***
[step=  35 12:18:56.280][Perception]
  CONTEXTO                                        PARÂMETROS SM
  ----------------------------------------------  --------------------------------------
  fingers_width         = 0.0000 m                gripper_width_cm      = 0 cm
  dist_ee_to_cube       = 0.4497 m                distance_ee_object_cm = 42 cm
  dist_cube_to_target   = 0.4220 m  (3D)          distance_obj_goal_cm  = 42 cm  (XY)
  cube_position (z)     = 0.0200 m                object_lift_height_cm = 0 cm
  cube_position (xy)    = [-0.272, -0.002]        grasp_completed       = 1
  finger_contacts (raw) = 0                       finger_contacts       = 0
  x                                               grasp_attempts        = 1
  x                                               task_started          = 1
  x                                               object_available      = 1
  x                                               task_aborted          = 0
  episode                = 1                      x
  step                   = 35                     x
  ee_position            = [0.1383, -0.0000, 0.2041]  x
  ee_velocity            = [0.1862, 0.0000, 0.0843]  x
  target_position        = [0.1500, 0.0000, 0.0200]  x
  reward                 = -0.4220                x
  is_success             = False                  x
  obstacle_in_path       = False                  x
  obstacle_count_in_path = 0                      x
  obstacles              = {}                     x
  objects                = {'object_1': {'type': 'box', 'size': [0.04, 0.04, 0.04], 'mass': 10, 'color': [0.1, 0.2, 0.9, 1.0], 'initial_position': [-0.25, 0.0, 0.02], 'spinning_friction': 0.001, 'current_position': [-0.2720428196063182, -0.0022641701933739772, 0.019989891113242834]}}  x
  scripts                = {'script_1': True, 'reach_only': True, 'left_right': True}  x
  target_goal            = {'type': 'goal_sequence', 'targets': [{'name': 'target', 'position': [0.15000000596046448, 0.0, 0.019999999552965164]}], 'mode': 'goal_sequence'}  x
  scene                  = {'table': {'length': 1.1, 'width': 0.7, 'height': 0.4, 'x_offset': -0.3, 'lateral_friction': 3.0, 'spinning_friction': 0.001}}  x
  robot_config           = {'control_type': 'ee', 'block_gripper': False, 'base_position': [-0.6, 0.0, 0.05]}  x
  current_task           = OBJECT_DELIVERY_SEQUENCE  x
  current_subtask        = TRANSPORT_OBJECT       x
  active_target_name     = target                 x
  action                 = [0.9667, 0.0003, 0.2558, -1.0000]  x
  joint_angles           = [-0.0000, 0.7185, 0.0000, -1.3232, -0.0000, 2.0460, 0.7854]  x
  joint_velocities       = [0.0001, 0.5394, -0.0001, 1.1128, 0.0000, -0.4345, 0.0001]  x
  cube_rotation          = [-3.1416, 0.0000, 2.5824]  x
  cube_linear_velocity   = [-0.0000, 0.0000, 0.0000]  x
  obstacle_positions     = {}                     x
[step=  35 12:18:56.280][SM] (sem transições neste tick)
[step=  35 12:18:56.280][SM] estado=ERR_19   SAT=False  *** UNSAT ***

[step=  36 12:18:57.426][DejaVu] ep=1  subtask=TRANSPORT_OBJECT  reward=-0.4220  *** CENÁRIO NÃO ANTECIPADO ***
[step=  36 12:18:57.426][Perception]
  CONTEXTO                                        PARÂMETROS SM
  ----------------------------------------------  --------------------------------------
  fingers_width         = -0.0000 m               gripper_width_cm      = 0 cm
  dist_ee_to_cube       = 0.4641 m                distance_ee_object_cm = 43 cm
  dist_cube_to_target   = 0.4220 m  (3D)          distance_obj_goal_cm  = 42 cm  (XY)
  cube_position (z)     = 0.0200 m                object_lift_height_cm = 0 cm
  cube_position (xy)    = [-0.272, -0.002]        grasp_completed       = 1
  finger_contacts (raw) = 0                       finger_contacts       = 0
  x                                               grasp_attempts        = 1
  x                                               task_started          = 1
  x                                               object_available      = 1
  x                                               task_aborted          = 0
  episode                = 1                      x
  step                   = 36                     x
  ee_position            = [0.1554, -0.0000, 0.2009]  x
  ee_velocity            = [0.1229, -0.0002, -0.1750]  x
  target_position        = [0.1500, 0.0000, 0.0200]  x
  reward                 = -0.4220                x
  is_success             = False                  x
  obstacle_in_path       = False                  x
  obstacle_count_in_path = 0                      x
  obstacles              = {}                     x
  objects                = {'object_1': {'type': 'box', 'size': [0.04, 0.04, 0.04], 'mass': 10, 'color': [0.1, 0.2, 0.9, 1.0], 'initial_position': [-0.25, 0.0, 0.02], 'spinning_friction': 0.001, 'current_position': [-0.27204286694821334, -0.002264064357281293, 0.01998989111418988]}}  x
  scripts                = {'script_1': True, 'reach_only': True, 'left_right': True}  x
  target_goal            = {'type': 'goal_sequence', 'targets': [{'name': 'target', 'position': [0.15000000596046448, 0.0, 0.019999999552965164]}], 'mode': 'goal_sequence'}  x
  scene                  = {'table': {'length': 1.1, 'width': 0.7, 'height': 0.4, 'x_offset': -0.3, 'lateral_friction': 3.0, 'spinning_friction': 0.001}}  x
  robot_config           = {'control_type': 'ee', 'block_gripper': False, 'base_position': [-0.6, 0.0, 0.05]}  x
  current_task           = OBJECT_DELIVERY_SEQUENCE  x
  current_subtask        = TRANSPORT_OBJECT       x
  active_target_name     = target                 x
  action                 = [0.9999, 0.0001, 0.0124, -1.0000]  x
  joint_angles           = [-0.0000, 0.7921, 0.0000, -1.2061, -0.0000, 2.0032, 0.7854]  x
  joint_velocities       = [0.0000, 0.8339, -0.0003, 1.0245, 0.0000, -0.3290, -0.0000]  x
  cube_rotation          = [-3.1416, 0.0000, 2.5824]  x
  cube_linear_velocity   = [-0.0000, 0.0000, -0.0000]  x
  obstacle_positions     = {}                     x
[step=  36 12:18:57.426][SM] (sem transições neste tick)
[step=  36 12:18:57.426][SM] estado=ERR_19   SAT=False  *** UNSAT ***

[step=  37 12:18:58.573][DejaVu] ep=1  subtask=TRANSPORT_OBJECT  reward=-0.4220  *** CENÁRIO NÃO ANTECIPADO ***
[step=  37 12:18:58.573][Perception]
  CONTEXTO                                        PARÂMETROS SM
  ----------------------------------------------  --------------------------------------
  fingers_width         = -0.0000 m               gripper_width_cm      = 0 cm
  dist_ee_to_cube       = 0.4379 m                distance_ee_object_cm = 41 cm
  dist_cube_to_target   = 0.4220 m  (3D)          distance_obj_goal_cm  = 42 cm  (XY)
  cube_position (z)     = 0.0200 m                object_lift_height_cm = 0 cm
  cube_position (xy)    = [-0.272, -0.002]        grasp_completed       = 1
  finger_contacts (raw) = 0                       finger_contacts       = 0
  x                                               grasp_attempts        = 1
  x                                               task_started          = 1
  x                                               object_available      = 1
  x                                               task_aborted          = 0
  episode                = 1                      x
  step                   = 37                     x
  ee_position            = [0.1320, 0.0000, 0.1887]  x
  ee_velocity            = [-0.2144, 0.0000, 0.0696]  x
  target_position        = [0.1500, 0.0000, 0.0200]  x
  reward                 = -0.4220                x
  is_success             = False                  x
  obstacle_in_path       = False                  x
  obstacle_count_in_path = 0                      x
  obstacles              = {}                     x
  objects                = {'object_1': {'type': 'box', 'size': [0.04, 0.04, 0.04], 'mass': 10, 'color': [0.1, 0.2, 0.9, 1.0], 'initial_position': [-0.25, 0.0, 0.02], 'spinning_friction': 0.001, 'current_position': [-0.27204291429349126, -0.002263958518016084, 0.019989891113781983]}}  x
  scripts                = {'script_1': True, 'reach_only': True, 'left_right': True}  x
  target_goal            = {'type': 'goal_sequence', 'targets': [{'name': 'target', 'position': [0.15000000596046448, 0.0, 0.019999999552965164]}], 'mode': 'goal_sequence'}  x
  scene                  = {'table': {'length': 1.1, 'width': 0.7, 'height': 0.4, 'x_offset': -0.3, 'lateral_friction': 3.0, 'spinning_friction': 0.001}}  x
  robot_config           = {'control_type': 'ee', 'block_gripper': False, 'base_position': [-0.6, 0.0, 0.05]}  x
  current_task           = OBJECT_DELIVERY_SEQUENCE  x
  current_subtask        = TRANSPORT_OBJECT       x
  active_target_name     = target                 x
  action                 = [-0.8537, 0.0002, 0.5208, -1.0000]  x
  joint_angles           = [-0.0000, 0.7520, 0.0000, -1.2932, -0.0000, 1.9903, 0.7854]  x
  joint_velocities       = [0.0001, -0.6721, -0.0000, -0.9099, 0.0000, -0.0990, 0.0001]  x
  cube_rotation          = [-3.1416, 0.0000, 2.5824]  x
  cube_linear_velocity   = [-0.0000, 0.0000, -0.0000]  x
  obstacle_positions     = {}                     x
[step=  37 12:18:58.573][SM] (sem transições neste tick)
[step=  37 12:18:58.573][SM] estado=ERR_19   SAT=False  *** UNSAT ***

[step=  38 12:18:59.722][DejaVu] ep=1  subtask=TRANSPORT_OBJECT  reward=-0.4220  *** CENÁRIO NÃO ANTECIPADO ***
[step=  38 12:18:59.722][Perception]
  CONTEXTO                                        PARÂMETROS SM
  ----------------------------------------------  --------------------------------------
  fingers_width         = -0.0000 m               gripper_width_cm      = 0 cm
  dist_ee_to_cube       = 0.4588 m                distance_ee_object_cm = 43 cm
  dist_cube_to_target   = 0.4220 m  (3D)          distance_obj_goal_cm  = 42 cm  (XY)
  cube_position (z)     = 0.0200 m                object_lift_height_cm = 0 cm
  cube_position (xy)    = [-0.272, -0.002]        grasp_completed       = 1
  finger_contacts (raw) = 0                       finger_contacts       = 0
  x                                               grasp_attempts        = 1
  x                                               task_started          = 1
  x                                               object_available      = 1
  x                                               task_aborted          = 0
  episode                = 1                      x
  step                   = 38                     x
  ee_position            = [0.1481, -0.0000, 0.2045]  x
  ee_velocity            = [0.2533, -0.0001, 0.5211]  x
  target_position        = [0.1500, 0.0000, 0.0200]  x
  reward                 = -0.4220                x
  is_success             = False                  x
  obstacle_in_path       = False                  x
  obstacle_count_in_path = 0                      x
  obstacles              = {}                     x
  objects                = {'object_1': {'type': 'box', 'size': [0.04, 0.04, 0.04], 'mass': 10, 'color': [0.1, 0.2, 0.9, 1.0], 'initial_position': [-0.25, 0.0, 0.02], 'spinning_friction': 0.001, 'current_position': [-0.27204296164122016, -0.002263852676161613, 0.019989891113118705]}}  x
  scripts                = {'script_1': True, 'reach_only': True, 'left_right': True}  x
  target_goal            = {'type': 'goal_sequence', 'targets': [{'name': 'target', 'position': [0.15000000596046448, 0.0, 0.019999999552965164]}], 'mode': 'goal_sequence'}  x
  scene                  = {'table': {'length': 1.1, 'width': 0.7, 'height': 0.4, 'x_offset': -0.3, 'lateral_friction': 3.0, 'spinning_friction': 0.001}}  x
  robot_config           = {'control_type': 'ee', 'block_gripper': False, 'base_position': [-0.6, 0.0, 0.05]}  x
  current_task           = OBJECT_DELIVERY_SEQUENCE  x
  current_subtask        = TRANSPORT_OBJECT       x
  active_target_name     = target                 x
  action                 = [0.7574, -0.0001, 0.6530, -1.0000]  x
  joint_angles           = [-0.0000, 0.7757, 0.0000, -1.2164, -0.0000, 1.9745, 0.7854]  x
  joint_velocities       = [-0.0001, -0.1653, -0.0001, 0.8712, 0.0000, -0.1219, -0.0001]  x
  cube_rotation          = [-3.1416, 0.0000, 2.5824]  x
  cube_linear_velocity   = [-0.0000, 0.0000, -0.0000]  x
  obstacle_positions     = {}                     x
[step=  38 12:18:59.722][SM] (sem transições neste tick)
[step=  38 12:18:59.722][SM] estado=ERR_19   SAT=False  *** UNSAT ***

[step=  39 12:19:00.867][DejaVu] ep=1  subtask=TRANSPORT_OBJECT  reward=-0.4220  *** CENÁRIO NÃO ANTECIPADO ***
[step=  39 12:19:00.867][Perception]
  CONTEXTO                                        PARÂMETROS SM
  ----------------------------------------------  --------------------------------------
  fingers_width         = 0.0000 m                gripper_width_cm      = 0 cm
  dist_ee_to_cube       = 0.4621 m                distance_ee_object_cm = 43 cm
  dist_cube_to_target   = 0.4220 m  (3D)          distance_obj_goal_cm  = 42 cm  (XY)
  cube_position (z)     = 0.0200 m                object_lift_height_cm = 0 cm
  cube_position (xy)    = [-0.272, -0.002]        grasp_completed       = 1
  finger_contacts (raw) = 0                       finger_contacts       = 0
  x                                               grasp_attempts        = 1
  x                                               task_started          = 1
  x                                               object_available      = 1
  x                                               task_aborted          = 0
  episode                = 1                      x
  step                   = 39                     x
  ee_position            = [0.1511, -0.0000, 0.2057]  x
  ee_velocity            = [0.0092, -0.0002, -0.0425]  x
  target_position        = [0.1500, 0.0000, 0.0200]  x
  reward                 = -0.4220                x
  is_success             = False                  x
  obstacle_in_path       = False                  x
  obstacle_count_in_path = 0                      x
  obstacles              = {}                     x
  objects                = {'object_1': {'type': 'box', 'size': [0.04, 0.04, 0.04], 'mass': 10, 'color': [0.1, 0.2, 0.9, 1.0], 'initial_position': [-0.25, 0.0, 0.02], 'spinning_friction': 0.001, 'current_position': [-0.27204300899122436, -0.002263746831827769, 0.019989891112407288]}}  x
  scripts                = {'script_1': True, 'reach_only': True, 'left_right': True}  x
  target_goal            = {'type': 'goal_sequence', 'targets': [{'name': 'target', 'position': [0.15000000596046448, 0.0, 0.019999999552965164]}], 'mode': 'goal_sequence'}  x
  scene                  = {'table': {'length': 1.1, 'width': 0.7, 'height': 0.4, 'x_offset': -0.3, 'lateral_friction': 3.0, 'spinning_friction': 0.001}}  x
  robot_config           = {'control_type': 'ee', 'block_gripper': False, 'base_position': [-0.6, 0.0, 0.05]}  x
  current_task           = OBJECT_DELIVERY_SEQUENCE  x
  current_subtask        = TRANSPORT_OBJECT       x
  active_target_name     = target                 x
  action                 = [0.0000, 0.0000, 0.0000, -1.0000]  x
  joint_angles           = [-0.0000, 0.7733, 0.0000, -1.2239, -0.0000, 1.9953, 0.7854]  x
  joint_velocities       = [-0.0000, 0.0309, -0.0003, -0.0705, 0.0001, 0.1601, -0.0001]  x
  cube_rotation          = [-3.1416, 0.0000, 2.5824]  x
  cube_linear_velocity   = [-0.0000, 0.0000, -0.0000]  x
  obstacle_positions     = {}                     x
[step=  39 12:19:00.867][SM] (sem transições neste tick)
[step=  39 12:19:00.867][SM] estado=ERR_19   SAT=False  *** UNSAT ***

[step=  40 12:19:02.013][DejaVu] ep=1  subtask=PLACE_OBJECT  reward=-0.4220  *** CENÁRIO NÃO ANTECIPADO ***
[step=  40 12:19:02.013][Perception]
  CONTEXTO                                        PARÂMETROS SM
  ----------------------------------------------  --------------------------------------
  fingers_width         = 0.0000 m                gripper_width_cm      = 0 cm
  dist_ee_to_cube       = 0.4602 m                distance_ee_object_cm = 43 cm
  dist_cube_to_target   = 0.4220 m  (3D)          distance_obj_goal_cm  = 42 cm  (XY)
  cube_position (z)     = 0.0200 m                object_lift_height_cm = 0 cm
  cube_position (xy)    = [-0.272, -0.002]        grasp_completed       = 1
  finger_contacts (raw) = 0                       finger_contacts       = 0
  x                                               grasp_attempts        = 1
  x                                               task_started          = 1
  x                                               object_available      = 1
  x                                               task_aborted          = 0
  episode                = 1                      x
  step                   = 40                     x
  ee_position            = [0.1518, -0.0000, 0.1994]  x
  ee_velocity            = [0.0044, -0.0001, -0.0531]  x
  target_position        = [0.1500, 0.0000, 0.0200]  x
  reward                 = -0.4220                x
  is_success             = False                  x
  obstacle_in_path       = False                  x
  obstacle_count_in_path = 0                      x
  obstacles              = {}                     x
  objects                = {'object_1': {'type': 'box', 'size': [0.04, 0.04, 0.04], 'mass': 10, 'color': [0.1, 0.2, 0.9, 1.0], 'initial_position': [-0.25, 0.0, 0.02], 'spinning_friction': 0.001, 'current_position': [-0.27204305634347087, -0.0022636409850352104, 0.019989891111686725]}}  x
  scripts                = {'script_1': True, 'reach_only': True, 'left_right': True}  x
  target_goal            = {'type': 'goal_sequence', 'targets': [{'name': 'target', 'position': [0.15000000596046448, 0.0, 0.019999999552965164]}], 'mode': 'goal_sequence'}  x
  scene                  = {'table': {'length': 1.1, 'width': 0.7, 'height': 0.4, 'x_offset': -0.3, 'lateral_friction': 3.0, 'spinning_friction': 0.001}}  x
  robot_config           = {'control_type': 'ee', 'block_gripper': False, 'base_position': [-0.6, 0.0, 0.05]}  x
  current_task           = OBJECT_DELIVERY_SEQUENCE  x
  current_subtask        = PLACE_OBJECT           x
  active_target_name     = target                 x
  action                 = [0.0000, 0.0000, -0.1500, -1.0000]  x
  joint_angles           = [-0.0000, 0.7813, 0.0000, -1.2270, -0.0000, 2.0080, 0.7854]  x
  joint_velocities       = [0.0000, 0.0666, -0.0001, -0.0247, 0.0001, 0.0977, -0.0001]  x
  cube_rotation          = [-3.1416, 0.0000, 2.5824]  x
  cube_linear_velocity   = [-0.0000, 0.0000, -0.0000]  x
  obstacle_positions     = {}                     x
[step=  40 12:19:02.013][SM] ação→ transport_to_goal() (TRANSPORT_OBJECT)  [nova neste tick]
[step=  40 12:19:02.013][SM] (sem transições neste tick)
[step=  40 12:19:02.013][SM] estado=ERR_19   SAT=False  *** UNSAT ***

[step=  41 12:19:03.161][DejaVu] ep=1  subtask=PLACE_OBJECT  reward=-0.4220  *** CENÁRIO NÃO ANTECIPADO ***
[step=  41 12:19:03.161][Perception]
  CONTEXTO                                        PARÂMETROS SM
  ----------------------------------------------  --------------------------------------
  fingers_width         = 0.0000 m                gripper_width_cm      = 0 cm
  dist_ee_to_cube       = 0.4582 m                distance_ee_object_cm = 43 cm
  dist_cube_to_target   = 0.4220 m  (3D)          distance_obj_goal_cm  = 42 cm  (XY)
  cube_position (z)     = 0.0200 m                object_lift_height_cm = 0 cm
  cube_position (xy)    = [-0.272, -0.002]        grasp_completed       = 1
  finger_contacts (raw) = 0                       finger_contacts       = 0
  x                                               grasp_attempts        = 1
  x                                               task_started          = 1
  x                                               object_available      = 1
  x                                               task_aborted          = 0
  episode                = 1                      x
  step                   = 41                     x
  ee_position            = [0.1523, -0.0000, 0.1929]  x
  ee_velocity            = [0.0028, -0.0001, -0.0509]  x
  target_position        = [0.1500, 0.0000, 0.0200]  x
  reward                 = -0.4220                x
  is_success             = False                  x
  obstacle_in_path       = False                  x
  obstacle_count_in_path = 0                      x
  obstacles              = {}                     x
  objects                = {'object_1': {'type': 'box', 'size': [0.04, 0.04, 0.04], 'mass': 10, 'color': [0.1, 0.2, 0.9, 1.0], 'initial_position': [-0.25, 0.0, 0.02], 'spinning_friction': 0.001, 'current_position': [-0.27204310369795365, -0.002263535135787728, 0.019989891110964463]}}  x
  scripts                = {'script_1': True, 'reach_only': True, 'left_right': True}  x
  target_goal            = {'type': 'goal_sequence', 'targets': [{'name': 'target', 'position': [0.15000000596046448, 0.0, 0.019999999552965164]}], 'mode': 'goal_sequence'}  x
  scene                  = {'table': {'length': 1.1, 'width': 0.7, 'height': 0.4, 'x_offset': -0.3, 'lateral_friction': 3.0, 'spinning_friction': 0.001}}  x
  robot_config           = {'control_type': 'ee', 'block_gripper': False, 'base_position': [-0.6, 0.0, 0.05]}  x
  current_task           = OBJECT_DELIVERY_SEQUENCE  x
  current_subtask        = PLACE_OBJECT           x
  active_target_name     = target                 x
  action                 = [0.0000, 0.0000, -0.1500, -1.0000]  x
  joint_angles           = [-0.0000, 0.7896, 0.0000, -1.2294, -0.0000, 2.0189, 0.7854]  x
  joint_velocities       = [-0.0000, 0.0655, -0.0001, -0.0191, 0.0001, 0.0841, -0.0001]  x
  cube_rotation          = [-3.1416, 0.0000, 2.5825]  x
  cube_linear_velocity   = [-0.0000, 0.0000, -0.0000]  x
  obstacle_positions     = {}                     x
[step=  41 12:19:03.161][SM] (sem transições neste tick)
[step=  41 12:19:03.161][SM] estado=ERR_19   SAT=False  *** UNSAT ***

[step=  42 12:19:04.307][DejaVu] ep=1  subtask=PLACE_OBJECT  reward=-0.4220  *** CENÁRIO NÃO ANTECIPADO ***
[step=  42 12:19:04.307][Perception]
  CONTEXTO                                        PARÂMETROS SM
  ----------------------------------------------  --------------------------------------
  fingers_width         = 0.0000 m                gripper_width_cm      = 0 cm
  dist_ee_to_cube       = 0.4562 m                distance_ee_object_cm = 43 cm
  dist_cube_to_target   = 0.4220 m  (3D)          distance_obj_goal_cm  = 42 cm  (XY)
  cube_position (z)     = 0.0200 m                object_lift_height_cm = 0 cm
  cube_position (xy)    = [-0.272, -0.002]        grasp_completed       = 1
  finger_contacts (raw) = 0                       finger_contacts       = 0
  x                                               grasp_attempts        = 1
  x                                               task_started          = 1
  x                                               object_available      = 1
  x                                               task_aborted          = 0
  episode                = 1                      x
  step                   = 42                     x
  ee_position            = [0.1526, -0.0000, 0.1865]  x
  ee_velocity            = [0.0024, -0.0001, -0.0505]  x
  target_position        = [0.1500, 0.0000, 0.0200]  x
  reward                 = -0.4220                x
  is_success             = False                  x
  obstacle_in_path       = False                  x
  obstacle_count_in_path = 0                      x
  obstacles              = {}                     x
  objects                = {'object_1': {'type': 'box', 'size': [0.04, 0.04, 0.04], 'mass': 10, 'color': [0.1, 0.2, 0.9, 1.0], 'initial_position': [-0.25, 0.0, 0.02], 'spinning_friction': 0.001, 'current_position': [-0.27204315105467153, -0.002263429284086023, 0.01998989111024182]}}  x
  scripts                = {'script_1': True, 'reach_only': True, 'left_right': True}  x
  target_goal            = {'type': 'goal_sequence', 'targets': [{'name': 'target', 'position': [0.15000000596046448, 0.0, 0.019999999552965164]}], 'mode': 'goal_sequence'}  x
  scene                  = {'table': {'length': 1.1, 'width': 0.7, 'height': 0.4, 'x_offset': -0.3, 'lateral_friction': 3.0, 'spinning_friction': 0.001}}  x
  robot_config           = {'control_type': 'ee', 'block_gripper': False, 'base_position': [-0.6, 0.0, 0.05]}  x
  current_task           = OBJECT_DELIVERY_SEQUENCE  x
  current_subtask        = PLACE_OBJECT           x
  active_target_name     = target                 x
  action                 = [0.0000, 0.0000, -0.1500, -1.0000]  x
  joint_angles           = [-0.0000, 0.7981, -0.0000, -1.2316, -0.0000, 2.0296, 0.7854]  x
  joint_velocities       = [-0.0000, 0.0660, -0.0001, -0.0172, 0.0001, 0.0820, -0.0001]  x
  cube_rotation          = [-3.1416, 0.0000, 2.5825]  x
  cube_linear_velocity   = [-0.0000, 0.0000, -0.0000]  x
  obstacle_positions     = {}                     x
[step=  42 12:19:04.307][SM] (sem transições neste tick)
[step=  42 12:19:04.307][SM] estado=ERR_19   SAT=False  *** UNSAT ***

[step=  43 12:19:05.482][DejaVu] ep=1  subtask=PLACE_OBJECT  reward=-0.4220  *** CENÁRIO NÃO ANTECIPADO ***
[step=  43 12:19:05.482][Perception]
  CONTEXTO                                        PARÂMETROS SM
  ----------------------------------------------  --------------------------------------
  fingers_width         = 0.0000 m                gripper_width_cm      = 0 cm
  dist_ee_to_cube       = 0.4542 m                distance_ee_object_cm = 42 cm
  dist_cube_to_target   = 0.4220 m  (3D)          distance_obj_goal_cm  = 42 cm  (XY)
  cube_position (z)     = 0.0200 m                object_lift_height_cm = 0 cm
  cube_position (xy)    = [-0.272, -0.002]        grasp_completed       = 1
  finger_contacts (raw) = 0                       finger_contacts       = 0
  x                                               grasp_attempts        = 1
  x                                               task_started          = 1
  x                                               object_available      = 1
  x                                               task_aborted          = 0
  episode                = 1                      x
  step                   = 43                     x
  ee_position            = [0.1530, -0.0000, 0.1800]  x
  ee_velocity            = [0.0022, -0.0001, -0.0502]  x
  target_position        = [0.1500, 0.0000, 0.0200]  x
  reward                 = -0.4220                x
  is_success             = False                  x
  obstacle_in_path       = False                  x
  obstacle_count_in_path = 0                      x
  obstacles              = {}                     x
  objects                = {'object_1': {'type': 'box', 'size': [0.04, 0.04, 0.04], 'mass': 10, 'color': [0.1, 0.2, 0.9, 1.0], 'initial_position': [-0.25, 0.0, 0.02], 'spinning_friction': 0.001, 'current_position': [-0.27204319841362445, -0.002263323429930108, 0.019989891109519084]}}  x
  scripts                = {'script_1': True, 'reach_only': True, 'left_right': True}  x
  target_goal            = {'type': 'goal_sequence', 'targets': [{'name': 'target', 'position': [0.15000000596046448, 0.0, 0.019999999552965164]}], 'mode': 'goal_sequence'}  x
  scene                  = {'table': {'length': 1.1, 'width': 0.7, 'height': 0.4, 'x_offset': -0.3, 'lateral_friction': 3.0, 'spinning_friction': 0.001}}  x
  robot_config           = {'control_type': 'ee', 'block_gripper': False, 'base_position': [-0.6, 0.0, 0.05]}  x
  current_task           = OBJECT_DELIVERY_SEQUENCE  x
  current_subtask        = PLACE_OBJECT           x
  active_target_name     = target                 x
  action                 = [0.0000, 0.0000, -0.1500, -1.0000]  x
  joint_angles           = [-0.0000, 0.8067, -0.0000, -1.2336, -0.0000, 2.0402, 0.7854]  x
  joint_velocities       = [-0.0000, 0.0663, -0.0001, -0.0158, 0.0001, 0.0814, -0.0001]  x
  cube_rotation          = [-3.1416, 0.0000, 2.5825]  x
  cube_linear_velocity   = [-0.0000, 0.0000, -0.0000]  x
  obstacle_positions     = {}                     x
[step=  43 12:19:05.482][SM] (sem transições neste tick)
[step=  43 12:19:05.482][SM] estado=ERR_19   SAT=False  *** UNSAT ***

[step=  44 12:19:06.627][DejaVu] ep=1  subtask=PLACE_OBJECT  reward=-0.4220  *** CENÁRIO NÃO ANTECIPADO ***
[step=  44 12:19:06.627][Perception]
  CONTEXTO                                        PARÂMETROS SM
  ----------------------------------------------  --------------------------------------
  fingers_width         = 0.0000 m                gripper_width_cm      = 0 cm
  dist_ee_to_cube       = 0.4522 m                distance_ee_object_cm = 42 cm
  dist_cube_to_target   = 0.4220 m  (3D)          distance_obj_goal_cm  = 42 cm  (XY)
  cube_position (z)     = 0.0200 m                object_lift_height_cm = 0 cm
  cube_position (xy)    = [-0.272, -0.002]        grasp_completed       = 1
  finger_contacts (raw) = 0                       finger_contacts       = 0
  x                                               grasp_attempts        = 1
  x                                               task_started          = 1
  x                                               object_available      = 1
  x                                               task_aborted          = 0
  episode                = 1                      x
  step                   = 44                     x
  ee_position            = [0.1533, -0.0000, 0.1735]  x
  ee_velocity            = [0.0019, -0.0001, -0.0498]  x
  target_position        = [0.1500, 0.0000, 0.0200]  x
  reward                 = -0.4220                x
  is_success             = False                  x
  obstacle_in_path       = False                  x
  obstacle_count_in_path = 0                      x
  obstacles              = {}                     x
  objects                = {'object_1': {'type': 'box', 'size': [0.04, 0.04, 0.04], 'mass': 10, 'color': [0.1, 0.2, 0.9, 1.0], 'initial_position': [-0.25, 0.0, 0.02], 'spinning_friction': 0.001, 'current_position': [-0.2720432457748126, -0.0022632175733199485, 0.01998989110879633]}}  x
  scripts                = {'script_1': True, 'reach_only': True, 'left_right': True}  x
  target_goal            = {'type': 'goal_sequence', 'targets': [{'name': 'target', 'position': [0.15000000596046448, 0.0, 0.019999999552965164]}], 'mode': 'goal_sequence'}  x
  scene                  = {'table': {'length': 1.1, 'width': 0.7, 'height': 0.4, 'x_offset': -0.3, 'lateral_friction': 3.0, 'spinning_friction': 0.001}}  x
  robot_config           = {'control_type': 'ee', 'block_gripper': False, 'base_position': [-0.6, 0.0, 0.05]}  x
  current_task           = OBJECT_DELIVERY_SEQUENCE  x
  current_subtask        = PLACE_OBJECT           x
  active_target_name     = target                 x
  action                 = [0.0000, 0.0000, -0.1500, -1.0000]  x
  joint_angles           = [-0.0000, 0.8154, -0.0000, -1.2354, 0.0000, 2.0507, 0.7853]  x
  joint_velocities       = [-0.0000, 0.0666, -0.0001, -0.0145, 0.0001, 0.0809, -0.0001]  x
  cube_rotation          = [-3.1416, 0.0000, 2.5825]  x
  cube_linear_velocity   = [-0.0000, 0.0000, -0.0000]  x
  obstacle_positions     = {}                     x
[step=  44 12:19:06.627][SM] (sem transições neste tick)
[step=  44 12:19:06.627][SM] estado=ERR_19   SAT=False  *** UNSAT ***

[step=  45 12:19:07.747][DejaVu] ep=1  subtask=PLACE_OBJECT  reward=-0.4220  *** CENÁRIO NÃO ANTECIPADO ***
[step=  45 12:19:07.747][Perception]
  CONTEXTO                                        PARÂMETROS SM
  ----------------------------------------------  --------------------------------------
  fingers_width         = 0.0000 m                gripper_width_cm      = 0 cm
  dist_ee_to_cube       = 0.4503 m                distance_ee_object_cm = 42 cm
  dist_cube_to_target   = 0.4220 m  (3D)          distance_obj_goal_cm  = 42 cm  (XY)
  cube_position (z)     = 0.0200 m                object_lift_height_cm = 0 cm
  cube_position (xy)    = [-0.272, -0.002]        grasp_completed       = 1
  finger_contacts (raw) = 0                       finger_contacts       = 0
  x                                               grasp_attempts        = 1
  x                                               task_started          = 1
  x                                               object_available      = 1
  x                                               task_aborted          = 0
  episode                = 1                      x
  step                   = 45                     x
  ee_position            = [0.1535, -0.0001, 0.1670]  x
  ee_velocity            = [0.0017, -0.0001, -0.0494]  x
  target_position        = [0.1500, 0.0000, 0.0200]  x
  reward                 = -0.4220                x
  is_success             = False                  x
  obstacle_in_path       = False                  x
  obstacle_count_in_path = 0                      x
  obstacles              = {}                     x
  objects                = {'object_1': {'type': 'box', 'size': [0.04, 0.04, 0.04], 'mass': 10, 'color': [0.1, 0.2, 0.9, 1.0], 'initial_position': [-0.25, 0.0, 0.02], 'spinning_friction': 0.001, 'current_position': [-0.27204329313823594, -0.0022631117142554533, 0.019989891108073525]}}  x
  scripts                = {'script_1': True, 'reach_only': True, 'left_right': True}  x
  target_goal            = {'type': 'goal_sequence', 'targets': [{'name': 'target', 'position': [0.15000000596046448, 0.0, 0.019999999552965164]}], 'mode': 'goal_sequence'}  x
  scene                  = {'table': {'length': 1.1, 'width': 0.7, 'height': 0.4, 'x_offset': -0.3, 'lateral_friction': 3.0, 'spinning_friction': 0.001}}  x
  robot_config           = {'control_type': 'ee', 'block_gripper': False, 'base_position': [-0.6, 0.0, 0.05]}  x
  current_task           = OBJECT_DELIVERY_SEQUENCE  x
  current_subtask        = PLACE_OBJECT           x
  active_target_name     = target                 x
  action                 = [0.0000, 0.0000, -0.1500, -1.0000]  x
  joint_angles           = [-0.0001, 0.8242, -0.0000, -1.2371, 0.0000, 2.0612, 0.7853]  x
  joint_velocities       = [0.0000, 0.0668, -0.0001, -0.0133, 0.0001, 0.0805, -0.0001]  x
  cube_rotation          = [-3.1416, 0.0000, 2.5825]  x
  cube_linear_velocity   = [-0.0000, 0.0000, -0.0000]  x
  obstacle_positions     = {}                     x
[step=  45 12:19:07.747][SM] (sem transições neste tick)
[step=  45 12:19:07.747][SM] estado=ERR_19   SAT=False  *** UNSAT ***

[step=  46 12:19:08.921][DejaVu] ep=1  subtask=PLACE_OBJECT  reward=-0.4220  *** CENÁRIO NÃO ANTECIPADO ***
[step=  46 12:19:08.921][Perception]
  CONTEXTO                                        PARÂMETROS SM
  ----------------------------------------------  --------------------------------------
  fingers_width         = 0.0000 m                gripper_width_cm      = 0 cm
  dist_ee_to_cube       = 0.4484 m                distance_ee_object_cm = 42 cm
  dist_cube_to_target   = 0.4220 m  (3D)          distance_obj_goal_cm  = 42 cm  (XY)
  cube_position (z)     = 0.0200 m                object_lift_height_cm = 0 cm
  cube_position (xy)    = [-0.272, -0.002]        grasp_completed       = 1
  finger_contacts (raw) = 0                       finger_contacts       = 0
  x                                               grasp_attempts        = 1
  x                                               task_started          = 1
  x                                               object_available      = 1
  x                                               task_aborted          = 0
  episode                = 1                      x
  step                   = 46                     x
  ee_position            = [0.1538, -0.0001, 0.1605]  x
  ee_velocity            = [0.0016, -0.0001, -0.0489]  x
  target_position        = [0.1500, 0.0000, 0.0200]  x
  reward                 = -0.4220                x
  is_success             = False                  x
  obstacle_in_path       = False                  x
  obstacle_count_in_path = 0                      x
  obstacles              = {}                     x
  objects                = {'object_1': {'type': 'box', 'size': [0.04, 0.04, 0.04], 'mass': 10, 'color': [0.1, 0.2, 0.9, 1.0], 'initial_position': [-0.25, 0.0, 0.02], 'spinning_friction': 0.001, 'current_position': [-0.27204334050389467, -0.002263005852736558, 0.019989891107350697]}}  x
  scripts                = {'script_1': True, 'reach_only': True, 'left_right': True}  x
  target_goal            = {'type': 'goal_sequence', 'targets': [{'name': 'target', 'position': [0.15000000596046448, 0.0, 0.019999999552965164]}], 'mode': 'goal_sequence'}  x
  scene                  = {'table': {'length': 1.1, 'width': 0.7, 'height': 0.4, 'x_offset': -0.3, 'lateral_friction': 3.0, 'spinning_friction': 0.001}}  x
  robot_config           = {'control_type': 'ee', 'block_gripper': False, 'base_position': [-0.6, 0.0, 0.05]}  x
  current_task           = OBJECT_DELIVERY_SEQUENCE  x
  current_subtask        = PLACE_OBJECT           x
  active_target_name     = target                 x
  action                 = [0.0000, 0.0000, -0.1500, -1.0000]  x
  joint_angles           = [-0.0001, 0.8332, -0.0000, -1.2385, 0.0000, 2.0716, 0.7853]  x
  joint_velocities       = [0.0000, 0.0669, -0.0001, -0.0119, 0.0001, 0.0800, -0.0001]  x
  cube_rotation          = [-3.1416, 0.0000, 2.5825]  x
  cube_linear_velocity   = [-0.0000, 0.0000, -0.0000]  x
  obstacle_positions     = {}                     x
[step=  46 12:19:08.921][SM] (sem transições neste tick)
[step=  46 12:19:08.921][SM] estado=ERR_19   SAT=False  *** UNSAT ***

[step=  47 12:19:10.042][DejaVu] ep=1  subtask=PLACE_OBJECT  reward=-0.4220  *** CENÁRIO NÃO ANTECIPADO ***
[step=  47 12:19:10.042][Perception]
  CONTEXTO                                        PARÂMETROS SM
  ----------------------------------------------  --------------------------------------
  fingers_width         = 0.0000 m                gripper_width_cm      = 0 cm
  dist_ee_to_cube       = 0.4466 m                distance_ee_object_cm = 42 cm
  dist_cube_to_target   = 0.4220 m  (3D)          distance_obj_goal_cm  = 42 cm  (XY)
  cube_position (z)     = 0.0200 m                object_lift_height_cm = 0 cm
  cube_position (xy)    = [-0.272, -0.002]        grasp_completed       = 1
  finger_contacts (raw) = 0                       finger_contacts       = 0
  x                                               grasp_attempts        = 1
  x                                               task_started          = 1
  x                                               object_available      = 1
  x                                               task_aborted          = 0
  episode                = 1                      x
  step                   = 47                     x
  ee_position            = [0.1539, -0.0001, 0.1540]  x
  ee_velocity            = [0.0014, -0.0001, -0.0485]  x
  target_position        = [0.1500, 0.0000, 0.0200]  x
  reward                 = -0.4220                x
  is_success             = False                  x
  obstacle_in_path       = False                  x
  obstacle_count_in_path = 0                      x
  obstacles              = {}                     x
  objects                = {'object_1': {'type': 'box', 'size': [0.04, 0.04, 0.04], 'mass': 10, 'color': [0.1, 0.2, 0.9, 1.0], 'initial_position': [-0.25, 0.0, 0.02], 'spinning_friction': 0.001, 'current_position': [-0.2720433878717888, -0.0022628999887632016, 0.01998989110662781]}}  x
  scripts                = {'script_1': True, 'reach_only': True, 'left_right': True}  x
  target_goal            = {'type': 'goal_sequence', 'targets': [{'name': 'target', 'position': [0.15000000596046448, 0.0, 0.019999999552965164]}], 'mode': 'goal_sequence'}  x
  scene                  = {'table': {'length': 1.1, 'width': 0.7, 'height': 0.4, 'x_offset': -0.3, 'lateral_friction': 3.0, 'spinning_friction': 0.001}}  x
  robot_config           = {'control_type': 'ee', 'block_gripper': False, 'base_position': [-0.6, 0.0, 0.05]}  x
  current_task           = OBJECT_DELIVERY_SEQUENCE  x
  current_subtask        = PLACE_OBJECT           x
  active_target_name     = target                 x
  action                 = [0.0000, 0.0000, -0.1500, -1.0000]  x
  joint_angles           = [-0.0001, 0.8422, -0.0000, -1.2398, 0.0000, 2.0819, 0.7853]  x
  joint_velocities       = [0.0000, 0.0670, -0.0001, -0.0106, 0.0001, 0.0796, -0.0001]  x
  cube_rotation          = [-3.1416, 0.0000, 2.5825]  x
  cube_linear_velocity   = [-0.0000, 0.0000, -0.0000]  x
  obstacle_positions     = {}                     x
[step=  47 12:19:10.042][SM] (sem transições neste tick)
[step=  47 12:19:10.042][SM] estado=ERR_19   SAT=False  *** UNSAT ***

[step=  48 12:19:11.188][DejaVu] ep=1  subtask=PLACE_OBJECT  reward=-0.4220  *** CENÁRIO NÃO ANTECIPADO ***
[step=  48 12:19:11.188][Perception]
  CONTEXTO                                        PARÂMETROS SM
  ----------------------------------------------  --------------------------------------
  fingers_width         = 0.0000 m                gripper_width_cm      = 0 cm
  dist_ee_to_cube       = 0.4448 m                distance_ee_object_cm = 41 cm
  dist_cube_to_target   = 0.4220 m  (3D)          distance_obj_goal_cm  = 42 cm  (XY)
  cube_position (z)     = 0.0200 m                object_lift_height_cm = 0 cm
  cube_position (xy)    = [-0.272, -0.002]        grasp_completed       = 1
  finger_contacts (raw) = 0                       finger_contacts       = 0
  x                                               grasp_attempts        = 1
  x                                               task_started          = 1
  x                                               object_available      = 1
  x                                               task_aborted          = 0
  episode                = 1                      x
  step                   = 48                     x
  ee_position            = [0.1541, -0.0001, 0.1475]  x
  ee_velocity            = [0.0012, -0.0001, -0.0480]  x
  target_position        = [0.1500, 0.0000, 0.0200]  x
  reward                 = -0.4220                x
  is_success             = False                  x
  obstacle_in_path       = False                  x
  obstacle_count_in_path = 0                      x
  obstacles              = {}                     x
  objects                = {'object_1': {'type': 'box', 'size': [0.04, 0.04, 0.04], 'mass': 10, 'color': [0.1, 0.2, 0.9, 1.0], 'initial_position': [-0.25, 0.0, 0.02], 'spinning_friction': 0.001, 'current_position': [-0.2720434352419186, -0.002262794122335243, 0.019989891105904944]}}  x
  scripts                = {'script_1': True, 'reach_only': True, 'left_right': True}  x
  target_goal            = {'type': 'goal_sequence', 'targets': [{'name': 'target', 'position': [0.15000000596046448, 0.0, 0.019999999552965164]}], 'mode': 'goal_sequence'}  x
  scene                  = {'table': {'length': 1.1, 'width': 0.7, 'height': 0.4, 'x_offset': -0.3, 'lateral_friction': 3.0, 'spinning_friction': 0.001}}  x
  robot_config           = {'control_type': 'ee', 'block_gripper': False, 'base_position': [-0.6, 0.0, 0.05]}  x
  current_task           = OBJECT_DELIVERY_SEQUENCE  x
  current_subtask        = PLACE_OBJECT           x
  active_target_name     = target                 x
  action                 = [0.0000, 0.0000, -0.1500, -1.0000]  x
  joint_angles           = [-0.0001, 0.8514, -0.0000, -1.2409, 0.0000, 2.0922, 0.7853]  x
  joint_velocities       = [0.0000, 0.0672, -0.0001, -0.0093, 0.0001, 0.0792, -0.0001]  x
  cube_rotation          = [-3.1416, 0.0000, 2.5825]  x
  cube_linear_velocity   = [-0.0000, 0.0000, -0.0000]  x
  obstacle_positions     = {}                     x
[step=  48 12:19:11.188][SM] (sem transições neste tick)
[step=  48 12:19:11.188][SM] estado=ERR_19   SAT=False  *** UNSAT ***

[step=  49 12:19:12.336][DejaVu] ep=1  subtask=PLACE_OBJECT  reward=-0.4220  *** CENÁRIO NÃO ANTECIPADO ***
[step=  49 12:19:12.336][Perception]
  CONTEXTO                                        PARÂMETROS SM
  ----------------------------------------------  --------------------------------------
  fingers_width         = 0.0000 m                gripper_width_cm      = 0 cm
  dist_ee_to_cube       = 0.4431 m                distance_ee_object_cm = 41 cm
  dist_cube_to_target   = 0.4220 m  (3D)          distance_obj_goal_cm  = 42 cm  (XY)
  cube_position (z)     = 0.0200 m                object_lift_height_cm = 0 cm
  cube_position (xy)    = [-0.272, -0.002]        grasp_completed       = 1
  finger_contacts (raw) = 0                       finger_contacts       = 0
  x                                               grasp_attempts        = 1
  x                                               task_started          = 1
  x                                               object_available      = 1
  x                                               task_aborted          = 0
  episode                = 1                      x
  step                   = 49                     x
  ee_position            = [0.1542, -0.0001, 0.1409]  x
  ee_velocity            = [0.0011, -0.0001, -0.0477]  x
  target_position        = [0.1500, 0.0000, 0.0200]  x
  reward                 = -0.4220                x
  is_success             = False                  x
  obstacle_in_path       = False                  x
  obstacle_count_in_path = 0                      x
  obstacles              = {}                     x
  objects                = {'object_1': {'type': 'box', 'size': [0.04, 0.04, 0.04], 'mass': 10, 'color': [0.1, 0.2, 0.9, 1.0], 'initial_position': [-0.25, 0.0, 0.02], 'spinning_friction': 0.001, 'current_position': [-0.272043482614284, -0.0022626882534526405, 0.019989891105182]}}  x
  scripts                = {'script_1': True, 'reach_only': True, 'left_right': True}  x
  target_goal            = {'type': 'goal_sequence', 'targets': [{'name': 'target', 'position': [0.15000000596046448, 0.0, 0.019999999552965164]}], 'mode': 'goal_sequence'}  x
  scene                  = {'table': {'length': 1.1, 'width': 0.7, 'height': 0.4, 'x_offset': -0.3, 'lateral_friction': 3.0, 'spinning_friction': 0.001}}  x
  robot_config           = {'control_type': 'ee', 'block_gripper': False, 'base_position': [-0.6, 0.0, 0.05]}  x
  current_task           = OBJECT_DELIVERY_SEQUENCE  x
  current_subtask        = PLACE_OBJECT           x
  active_target_name     = target                 x
  action                 = [0.0000, 0.0000, -0.1500, -1.0000]  x
  joint_angles           = [-0.0001, 0.8607, -0.0000, -1.2419, 0.0000, 2.1025, 0.7853]  x
  joint_velocities       = [0.0000, 0.0676, -0.0001, -0.0079, 0.0001, 0.0787, -0.0001]  x
  cube_rotation          = [-3.1416, 0.0000, 2.5825]  x
  cube_linear_velocity   = [-0.0000, 0.0000, -0.0000]  x
  obstacle_positions     = {}                     x
[step=  49 12:19:12.336][SM] (sem transições neste tick)
[step=  49 12:19:12.336][SM] estado=ERR_19   SAT=False  *** UNSAT ***

[step=  50 12:19:13.521][DejaVu] ep=1  subtask=PLACE_OBJECT  reward=-0.4220  *** CENÁRIO NÃO ANTECIPADO ***
[step=  50 12:19:13.521][Perception]
  CONTEXTO                                        PARÂMETROS SM
  ----------------------------------------------  --------------------------------------
  fingers_width         = 0.0000 m                gripper_width_cm      = 0 cm
  dist_ee_to_cube       = 0.4414 m                distance_ee_object_cm = 41 cm
  dist_cube_to_target   = 0.4220 m  (3D)          distance_obj_goal_cm  = 42 cm  (XY)
  cube_position (z)     = 0.0200 m                object_lift_height_cm = 0 cm
  cube_position (xy)    = [-0.272, -0.002]        grasp_completed       = 1
  finger_contacts (raw) = 0                       finger_contacts       = 0
  x                                               grasp_attempts        = 1
  x                                               task_started          = 1
  x                                               object_available      = 1
  x                                               task_aborted          = 0
  episode                = 1                      x
  step                   = 50                     x
  ee_position            = [0.1542, -0.0001, 0.1344]  x
  ee_velocity            = [0.0008, -0.0001, -0.0475]  x
  target_position        = [0.1500, 0.0000, 0.0200]  x
  reward                 = -0.4220                x
  is_success             = False                  x
  obstacle_in_path       = False                  x
  obstacle_count_in_path = 0                      x
  obstacles              = {}                     x
  objects                = {'object_1': {'type': 'box', 'size': [0.04, 0.04, 0.04], 'mass': 10, 'color': [0.1, 0.2, 0.9, 1.0], 'initial_position': [-0.25, 0.0, 0.02], 'spinning_friction': 0.001, 'current_position': [-0.2720435299888854, -0.00226258238211531, 0.019989891104459052]}}  x
  scripts                = {'script_1': True, 'reach_only': True, 'left_right': True}  x
  target_goal            = {'type': 'goal_sequence', 'targets': [{'name': 'target', 'position': [0.15000000596046448, 0.0, 0.019999999552965164]}], 'mode': 'goal_sequence'}  x
  scene                  = {'table': {'length': 1.1, 'width': 0.7, 'height': 0.4, 'x_offset': -0.3, 'lateral_friction': 3.0, 'spinning_friction': 0.001}}  x
  robot_config           = {'control_type': 'ee', 'block_gripper': False, 'base_position': [-0.6, 0.0, 0.05]}  x
  current_task           = OBJECT_DELIVERY_SEQUENCE  x
  current_subtask        = PLACE_OBJECT           x
  active_target_name     = target                 x
  action                 = [0.0000, 0.0000, -0.1500, -1.0000]  x
  joint_angles           = [-0.0001, 0.8701, -0.0000, -1.2426, 0.0000, 2.1126, 0.7853]  x
  joint_velocities       = [0.0000, 0.0683, -0.0001, -0.0062, 0.0001, 0.0779, -0.0001]  x
  cube_rotation          = [-3.1416, 0.0000, 2.5825]  x
  cube_linear_velocity   = [-0.0000, 0.0000, -0.0000]  x
  obstacle_positions     = {}                     x
[step=  50 12:19:13.521][SM] (sem transições neste tick)
[step=  50 12:19:13.521][SM] estado=ERR_19   SAT=False  *** UNSAT ***

[step=  51 12:19:14.660][DejaVu] ep=1  subtask=PLACE_OBJECT  reward=-0.4220  *** CENÁRIO NÃO ANTECIPADO ***
[step=  51 12:19:14.660][Perception]
  CONTEXTO                                        PARÂMETROS SM
  ----------------------------------------------  --------------------------------------
  fingers_width         = 0.0000 m                gripper_width_cm      = 0 cm
  dist_ee_to_cube       = 0.4398 m                distance_ee_object_cm = 41 cm
  dist_cube_to_target   = 0.4220 m  (3D)          distance_obj_goal_cm  = 42 cm  (XY)
  cube_position (z)     = 0.0200 m                object_lift_height_cm = 0 cm
  cube_position (xy)    = [-0.272, -0.002]        grasp_completed       = 1
  finger_contacts (raw) = 0                       finger_contacts       = 0
  x                                               grasp_attempts        = 1
  x                                               task_started          = 1
  x                                               object_available      = 1
  x                                               task_aborted          = 0
  episode                = 1                      x
  step                   = 51                     x
  ee_position            = [0.1543, -0.0001, 0.1279]  x
  ee_velocity            = [0.0006, -0.0001, -0.0469]  x
  target_position        = [0.1500, 0.0000, 0.0200]  x
  reward                 = -0.4220                x
  is_success             = False                  x
  obstacle_in_path       = False                  x
  obstacle_count_in_path = 0                      x
  obstacles              = {}                     x
  objects                = {'object_1': {'type': 'box', 'size': [0.04, 0.04, 0.04], 'mass': 10, 'color': [0.1, 0.2, 0.9, 1.0], 'initial_position': [-0.25, 0.0, 0.02], 'spinning_friction': 0.001, 'current_position': [-0.2720435773657226, -0.0022624765083231737, 0.01998989110373607]}}  x
  scripts                = {'script_1': True, 'reach_only': True, 'left_right': True}  x
  target_goal            = {'type': 'goal_sequence', 'targets': [{'name': 'target', 'position': [0.15000000596046448, 0.0, 0.019999999552965164]}], 'mode': 'goal_sequence'}  x
  scene                  = {'table': {'length': 1.1, 'width': 0.7, 'height': 0.4, 'x_offset': -0.3, 'lateral_friction': 3.0, 'spinning_friction': 0.001}}  x
  robot_config           = {'control_type': 'ee', 'block_gripper': False, 'base_position': [-0.6, 0.0, 0.05]}  x
  current_task           = OBJECT_DELIVERY_SEQUENCE  x
  current_subtask        = PLACE_OBJECT           x
  active_target_name     = target                 x
  action                 = [0.0000, 0.0000, -0.1500, -1.0000]  x
  joint_angles           = [-0.0001, 0.8795, -0.0001, -1.2432, 0.0000, 2.1226, 0.7853]  x
  joint_velocities       = [0.0000, 0.0681, -0.0001, -0.0050, 0.0001, 0.0771, -0.0001]  x
  cube_rotation          = [-3.1416, 0.0000, 2.5825]  x
  cube_linear_velocity   = [-0.0000, 0.0000, -0.0000]  x
  obstacle_positions     = {}                     x
[step=  51 12:19:14.660][SM] (sem transições neste tick)
[step=  51 12:19:14.660][SM] estado=ERR_19   SAT=False  *** UNSAT ***

[step=  52 12:19:15.775][DejaVu] ep=1  subtask=PLACE_OBJECT  reward=-0.4220  *** CENÁRIO NÃO ANTECIPADO ***
[step=  52 12:19:15.775][Perception]
  CONTEXTO                                        PARÂMETROS SM
  ----------------------------------------------  --------------------------------------
  fingers_width         = 0.0000 m                gripper_width_cm      = 0 cm
  dist_ee_to_cube       = 0.4382 m                distance_ee_object_cm = 41 cm
  dist_cube_to_target   = 0.4220 m  (3D)          distance_obj_goal_cm  = 42 cm  (XY)
  cube_position (z)     = 0.0200 m                object_lift_height_cm = 0 cm
  cube_position (xy)    = [-0.272, -0.002]        grasp_completed       = 1
  finger_contacts (raw) = 0                       finger_contacts       = 0
  x                                               grasp_attempts        = 1
  x                                               task_started          = 1
  x                                               object_available      = 1
  x                                               task_aborted          = 0
  episode                = 1                      x
  step                   = 52                     x
  ee_position            = [0.1542, -0.0001, 0.1214]  x
  ee_velocity            = [0.0002, -0.0001, -0.0474]  x
  target_position        = [0.1500, 0.0000, 0.0200]  x
  reward                 = -0.4220                x
  is_success             = False                  x
  obstacle_in_path       = False                  x
  obstacle_count_in_path = 0                      x
  obstacles              = {}                     x
  objects                = {'object_1': {'type': 'box', 'size': [0.04, 0.04, 0.04], 'mass': 10, 'color': [0.1, 0.2, 0.9, 1.0], 'initial_position': [-0.25, 0.0, 0.02], 'spinning_friction': 0.001, 'current_position': [-0.27204362474479593, -0.002262370632076136, 0.019989891103013024]}}  x
  scripts                = {'script_1': True, 'reach_only': True, 'left_right': True}  x
  target_goal            = {'type': 'goal_sequence', 'targets': [{'name': 'target', 'position': [0.15000000596046448, 0.0, 0.019999999552965164]}], 'mode': 'goal_sequence'}  x
  scene                  = {'table': {'length': 1.1, 'width': 0.7, 'height': 0.4, 'x_offset': -0.3, 'lateral_friction': 3.0, 'spinning_friction': 0.001}}  x
  robot_config           = {'control_type': 'ee', 'block_gripper': False, 'base_position': [-0.6, 0.0, 0.05]}  x
  current_task           = OBJECT_DELIVERY_SEQUENCE  x
  current_subtask        = PLACE_OBJECT           x
  active_target_name     = target                 x
  action                 = [0.0000, 0.0000, -0.1500, -1.0000]  x
  joint_angles           = [-0.0001, 0.8891, -0.0001, -1.2436, 0.0000, 2.1326, 0.7853]  x
  joint_velocities       = [0.0000, 0.0694, -0.0001, -0.0039, 0.0001, 0.0768, -0.0001]  x
  cube_rotation          = [-3.1416, 0.0000, 2.5825]  x
  cube_linear_velocity   = [-0.0000, 0.0000, -0.0000]  x
  obstacle_positions     = {}                     x
[step=  52 12:19:15.775][SM] (sem transições neste tick)
[step=  52 12:19:15.775][SM] estado=ERR_19   SAT=False  *** UNSAT ***

[step=  53 12:19:16.922][DejaVu] ep=1  subtask=PLACE_OBJECT  reward=-0.4220  *** CENÁRIO NÃO ANTECIPADO ***
[step=  53 12:19:16.922][Perception]
  CONTEXTO                                        PARÂMETROS SM
  ----------------------------------------------  --------------------------------------
  fingers_width         = 0.0000 m                gripper_width_cm      = 0 cm
  dist_ee_to_cube       = 0.4367 m                distance_ee_object_cm = 41 cm
  dist_cube_to_target   = 0.4220 m  (3D)          distance_obj_goal_cm  = 42 cm  (XY)
  cube_position (z)     = 0.0200 m                object_lift_height_cm = 0 cm
  cube_position (xy)    = [-0.272, -0.002]        grasp_completed       = 1
  finger_contacts (raw) = 0                       finger_contacts       = 0
  x                                               grasp_attempts        = 1
  x                                               task_started          = 1
  x                                               object_available      = 1
  x                                               task_aborted          = 0
  episode                = 1                      x
  step                   = 53                     x
  ee_position            = [0.1542, -0.0001, 0.1148]  x
  ee_velocity            = [0.0001, -0.0001, -0.0468]  x
  target_position        = [0.1500, 0.0000, 0.0200]  x
  reward                 = -0.4220                x
  is_success             = False                  x
  obstacle_in_path       = False                  x
  obstacle_count_in_path = 0                      x
  obstacles              = {}                     x
  objects                = {'object_1': {'type': 'box', 'size': [0.04, 0.04, 0.04], 'mass': 10, 'color': [0.1, 0.2, 0.9, 1.0], 'initial_position': [-0.25, 0.0, 0.02], 'spinning_friction': 0.001, 'current_position': [-0.2720436721261055, -0.002262264753374128, 0.01998989110228997]}}  x
  scripts                = {'script_1': True, 'reach_only': True, 'left_right': True}  x
  target_goal            = {'type': 'goal_sequence', 'targets': [{'name': 'target', 'position': [0.15000000596046448, 0.0, 0.019999999552965164]}], 'mode': 'goal_sequence'}  x
  scene                  = {'table': {'length': 1.1, 'width': 0.7, 'height': 0.4, 'x_offset': -0.3, 'lateral_friction': 3.0, 'spinning_friction': 0.001}}  x
  robot_config           = {'control_type': 'ee', 'block_gripper': False, 'base_position': [-0.6, 0.0, 0.05]}  x
  current_task           = OBJECT_DELIVERY_SEQUENCE  x
  current_subtask        = PLACE_OBJECT           x
  active_target_name     = target                 x
  action                 = [0.0000, 0.0000, -0.1500, -1.0000]  x
  joint_angles           = [-0.0001, 0.8987, -0.0001, -1.2439, 0.0000, 2.1425, 0.7853]  x
  joint_velocities       = [0.0000, 0.0692, -0.0001, -0.0028, 0.0001, 0.0762, -0.0001]  x
  cube_rotation          = [-3.1416, 0.0000, 2.5825]  x
  cube_linear_velocity   = [-0.0000, 0.0000, -0.0000]  x
  obstacle_positions     = {}                     x
[step=  53 12:19:16.922][SM] (sem transições neste tick)
[step=  53 12:19:16.922][SM] estado=ERR_19   SAT=False  *** UNSAT ***

[step=  54 12:19:18.068][DejaVu] ep=1  subtask=PLACE_OBJECT  reward=-0.4220  *** CENÁRIO NÃO ANTECIPADO ***
[step=  54 12:19:18.068][Perception]
  CONTEXTO                                        PARÂMETROS SM
  ----------------------------------------------  --------------------------------------
  fingers_width         = 0.0000 m                gripper_width_cm      = 0 cm
  dist_ee_to_cube       = 0.4352 m                distance_ee_object_cm = 41 cm
  dist_cube_to_target   = 0.4220 m  (3D)          distance_obj_goal_cm  = 42 cm  (XY)
  cube_position (z)     = 0.0200 m                object_lift_height_cm = 0 cm
  cube_position (xy)    = [-0.272, -0.002]        grasp_completed       = 1
  finger_contacts (raw) = 0                       finger_contacts       = 0
  x                                               grasp_attempts        = 1
  x                                               task_started          = 1
  x                                               object_available      = 1
  x                                               task_aborted          = 0
  episode                = 1                      x
  step                   = 54                     x
  ee_position            = [0.1541, -0.0001, 0.1083]  x
  ee_velocity            = [-0.0007, -0.0001, -0.0490]  x
  target_position        = [0.1500, 0.0000, 0.0200]  x
  reward                 = -0.4220                x
  is_success             = False                  x
  obstacle_in_path       = False                  x
  obstacle_count_in_path = 0                      x
  obstacles              = {}                     x
  objects                = {'object_1': {'type': 'box', 'size': [0.04, 0.04, 0.04], 'mass': 10, 'color': [0.1, 0.2, 0.9, 1.0], 'initial_position': [-0.25, 0.0, 0.02], 'spinning_friction': 0.001, 'current_position': [-0.27204371950965134, -0.002262158872217059, 0.019989891101566903]}}  x
  scripts                = {'script_1': True, 'reach_only': True, 'left_right': True}  x
  target_goal            = {'type': 'goal_sequence', 'targets': [{'name': 'target', 'position': [0.15000000596046448, 0.0, 0.019999999552965164]}], 'mode': 'goal_sequence'}  x
  scene                  = {'table': {'length': 1.1, 'width': 0.7, 'height': 0.4, 'x_offset': -0.3, 'lateral_friction': 3.0, 'spinning_friction': 0.001}}  x
  robot_config           = {'control_type': 'ee', 'block_gripper': False, 'base_position': [-0.6, 0.0, 0.05]}  x
  current_task           = OBJECT_DELIVERY_SEQUENCE  x
  current_subtask        = PLACE_OBJECT           x
  active_target_name     = target                 x
  action                 = [0.0000, 0.0000, -0.1500, -1.0000]  x
  joint_angles           = [-0.0001, 0.9085, -0.0001, -1.2440, 0.0001, 2.1524, 0.7853]  x
  joint_velocities       = [0.0000, 0.0732, -0.0001, -0.0011, 0.0001, 0.0761, -0.0001]  x
  cube_rotation          = [-3.1416, 0.0000, 2.5825]  x
  cube_linear_velocity   = [-0.0000, 0.0000, -0.0000]  x
  obstacle_positions     = {}                     x
[step=  54 12:19:18.068][SM] (sem transições neste tick)
[step=  54 12:19:18.068][SM] estado=ERR_19   SAT=False  *** UNSAT ***

[step=  55 12:19:19.228][DejaVu] ep=1  subtask=PLACE_OBJECT  reward=-0.4220  *** CENÁRIO NÃO ANTECIPADO ***
[step=  55 12:19:19.228][Perception]
  CONTEXTO                                        PARÂMETROS SM
  ----------------------------------------------  --------------------------------------
  fingers_width         = 0.0000 m                gripper_width_cm      = 0 cm
  dist_ee_to_cube       = 0.4338 m                distance_ee_object_cm = 40 cm
  dist_cube_to_target   = 0.4220 m  (3D)          distance_obj_goal_cm  = 42 cm  (XY)
  cube_position (z)     = 0.0200 m                object_lift_height_cm = 0 cm
  cube_position (xy)    = [-0.272, -0.002]        grasp_completed       = 1
  finger_contacts (raw) = 0                       finger_contacts       = 0
  x                                               grasp_attempts        = 1
  x                                               task_started          = 1
  x                                               object_available      = 1
  x                                               task_aborted          = 0
  episode                = 1                      x
  step                   = 55                     x
  ee_position            = [0.1539, -0.0001, 0.1018]  x
  ee_velocity            = [-0.0003, -0.0001, -0.0463]  x
  target_position        = [0.1500, 0.0000, 0.0200]  x
  reward                 = -0.4220                x
  is_success             = False                  x
  obstacle_in_path       = False                  x
  obstacle_count_in_path = 0                      x
  obstacles              = {}                     x
  objects                = {'object_1': {'type': 'box', 'size': [0.04, 0.04, 0.04], 'mass': 10, 'color': [0.1, 0.2, 0.9, 1.0], 'initial_position': [-0.25, 0.0, 0.02], 'spinning_friction': 0.001, 'current_position': [-0.27204376689543364, -0.002262052988604846, 0.01998989110084379]}}  x
  scripts                = {'script_1': True, 'reach_only': True, 'left_right': True}  x
  target_goal            = {'type': 'goal_sequence', 'targets': [{'name': 'target', 'position': [0.15000000596046448, 0.0, 0.019999999552965164]}], 'mode': 'goal_sequence'}  x
  scene                  = {'table': {'length': 1.1, 'width': 0.7, 'height': 0.4, 'x_offset': -0.3, 'lateral_friction': 3.0, 'spinning_friction': 0.001}}  x
  robot_config           = {'control_type': 'ee', 'block_gripper': False, 'base_position': [-0.6, 0.0, 0.05]}  x
  current_task           = OBJECT_DELIVERY_SEQUENCE  x
  current_subtask        = PLACE_OBJECT           x
  active_target_name     = target                 x
  action                 = [0.0000, 0.0000, -0.1500, -1.0000]  x
  joint_angles           = [-0.0001, 0.9184, -0.0001, -1.2439, 0.0001, 2.1621, 0.7852]  x
  joint_velocities       = [0.0000, 0.0703, -0.0001, 0.0004, 0.0001, 0.0749, -0.0001]  x
  cube_rotation          = [-3.1416, 0.0000, 2.5825]  x
  cube_linear_velocity   = [-0.0000, 0.0000, -0.0000]  x
  obstacle_positions     = {}                     x
[step=  55 12:19:19.228][SM] (sem transições neste tick)
[step=  55 12:19:19.228][SM] estado=ERR_19   SAT=False  *** UNSAT ***

[step=  56 12:19:20.377][DejaVu] ep=1  subtask=PLACE_OBJECT  reward=-0.4220  *** CENÁRIO NÃO ANTECIPADO ***
[step=  56 12:19:20.377][Perception]
  CONTEXTO                                        PARÂMETROS SM
  ----------------------------------------------  --------------------------------------
  fingers_width         = 0.0000 m                gripper_width_cm      = 0 cm
  dist_ee_to_cube       = 0.4324 m                distance_ee_object_cm = 40 cm
  dist_cube_to_target   = 0.4220 m  (3D)          distance_obj_goal_cm  = 42 cm  (XY)
  cube_position (z)     = 0.0200 m                object_lift_height_cm = 0 cm
  cube_position (xy)    = [-0.272, -0.002]        grasp_completed       = 1
  finger_contacts (raw) = 0                       finger_contacts       = 0
  x                                               grasp_attempts        = 1
  x                                               task_started          = 1
  x                                               object_available      = 1
  x                                               task_aborted          = 0
  episode                = 1                      x
  step                   = 56                     x
  ee_position            = [0.1538, -0.0001, 0.0953]  x
  ee_velocity            = [-0.0014, -0.0001, -0.0494]  x
  target_position        = [0.1500, 0.0000, 0.0200]  x
  reward                 = -0.4220                x
  is_success             = False                  x
  obstacle_in_path       = False                  x
  obstacle_count_in_path = 0                      x
  obstacles              = {}                     x
  objects                = {'object_1': {'type': 'box', 'size': [0.04, 0.04, 0.04], 'mass': 10, 'color': [0.1, 0.2, 0.9, 1.0], 'initial_position': [-0.25, 0.0, 0.02], 'spinning_friction': 0.001, 'current_position': [-0.27204381428345253, -0.0022619471025374176, 0.01998989110012063]}}  x
  scripts                = {'script_1': True, 'reach_only': True, 'left_right': True}  x
  target_goal            = {'type': 'goal_sequence', 'targets': [{'name': 'target', 'position': [0.15000000596046448, 0.0, 0.019999999552965164]}], 'mode': 'goal_sequence'}  x
  scene                  = {'table': {'length': 1.1, 'width': 0.7, 'height': 0.4, 'x_offset': -0.3, 'lateral_friction': 3.0, 'spinning_friction': 0.001}}  x
  robot_config           = {'control_type': 'ee', 'block_gripper': False, 'base_position': [-0.6, 0.0, 0.05]}  x
  current_task           = OBJECT_DELIVERY_SEQUENCE  x
  current_subtask        = PLACE_OBJECT           x
  active_target_name     = target                 x
  action                 = [0.0000, 0.0000, -0.1500, -1.0000]  x
  joint_angles           = [-0.0001, 0.9283, -0.0001, -1.2436, 0.0001, 2.1719, 0.7852]  x
  joint_velocities       = [0.0000, 0.0753, -0.0001, 0.0017, 0.0001, 0.0748, -0.0001]  x
  cube_rotation          = [-3.1416, 0.0000, 2.5825]  x
  cube_linear_velocity   = [-0.0000, 0.0000, -0.0000]  x
  obstacle_positions     = {}                     x
[step=  56 12:19:20.377][SM] (sem transições neste tick)
[step=  56 12:19:20.377][SM] estado=ERR_19   SAT=False  *** UNSAT ***

[step=  57 12:19:21.535][DejaVu] ep=1  subtask=PLACE_OBJECT  reward=-0.4220  *** CENÁRIO NÃO ANTECIPADO ***
[step=  57 12:19:21.535][Perception]
  CONTEXTO                                        PARÂMETROS SM
  ----------------------------------------------  --------------------------------------
  fingers_width         = 0.0000 m                gripper_width_cm      = 0 cm
  dist_ee_to_cube       = 0.4311 m                distance_ee_object_cm = 40 cm
  dist_cube_to_target   = 0.4220 m  (3D)          distance_obj_goal_cm  = 42 cm  (XY)
  cube_position (z)     = 0.0200 m                object_lift_height_cm = 0 cm
  cube_position (xy)    = [-0.272, -0.002]        grasp_completed       = 1
  finger_contacts (raw) = 0                       finger_contacts       = 0
  x                                               grasp_attempts        = 1
  x                                               task_started          = 1
  x                                               object_available      = 1
  x                                               task_aborted          = 0
  episode                = 1                      x
  step                   = 57                     x
  ee_position            = [0.1535, -0.0001, 0.0887]  x
  ee_velocity            = [-0.0006, -0.0000, -0.0455]  x
  target_position        = [0.1500, 0.0000, 0.0200]  x
  reward                 = -0.4220                x
  is_success             = False                  x
  obstacle_in_path       = False                  x
  obstacle_count_in_path = 0                      x
  obstacles              = {}                     x
  objects                = {'object_1': {'type': 'box', 'size': [0.04, 0.04, 0.04], 'mass': 10, 'color': [0.1, 0.2, 0.9, 1.0], 'initial_position': [-0.25, 0.0, 0.02], 'spinning_friction': 0.001, 'current_position': [-0.2720438616737081, -0.002261841214014685, 0.019989891099397458]}}  x
  scripts                = {'script_1': True, 'reach_only': True, 'left_right': True}  x
  target_goal            = {'type': 'goal_sequence', 'targets': [{'name': 'target', 'position': [0.15000000596046448, 0.0, 0.019999999552965164]}], 'mode': 'goal_sequence'}  x
  scene                  = {'table': {'length': 1.1, 'width': 0.7, 'height': 0.4, 'x_offset': -0.3, 'lateral_friction': 3.0, 'spinning_friction': 0.001}}  x
  robot_config           = {'control_type': 'ee', 'block_gripper': False, 'base_position': [-0.6, 0.0, 0.05]}  x
  current_task           = OBJECT_DELIVERY_SEQUENCE  x
  current_subtask        = PLACE_OBJECT           x
  active_target_name     = target                 x
  action                 = [0.0000, 0.0000, -0.1500, -1.0000]  x
  joint_angles           = [-0.0001, 0.9384, -0.0001, -1.2431, 0.0001, 2.1814, 0.7852]  x
  joint_velocities       = [0.0000, 0.0709, -0.0001, 0.0032, 0.0001, 0.0735, -0.0001]  x
  cube_rotation          = [-3.1416, 0.0000, 2.5825]  x
  cube_linear_velocity   = [-0.0000, 0.0000, -0.0000]  x
  obstacle_positions     = {}                     x
[step=  57 12:19:21.535][SM] (sem transições neste tick)
[step=  57 12:19:21.535][SM] estado=ERR_19   SAT=False  *** UNSAT ***

[step=  58 12:19:22.694][DejaVu] ep=1  subtask=PLACE_OBJECT  reward=-0.4220  *** CENÁRIO NÃO ANTECIPADO ***
[step=  58 12:19:22.694][Perception]
  CONTEXTO                                        PARÂMETROS SM
  ----------------------------------------------  --------------------------------------
  fingers_width         = 0.0000 m                gripper_width_cm      = 0 cm
  dist_ee_to_cube       = 0.4299 m                distance_ee_object_cm = 40 cm
  dist_cube_to_target   = 0.4220 m  (3D)          distance_obj_goal_cm  = 42 cm  (XY)
  cube_position (z)     = 0.0200 m                object_lift_height_cm = 0 cm
  cube_position (xy)    = [-0.272, -0.002]        grasp_completed       = 1
  finger_contacts (raw) = 0                       finger_contacts       = 0
  x                                               grasp_attempts        = 1
  x                                               task_started          = 1
  x                                               object_available      = 1
  x                                               task_aborted          = 0
  episode                = 1                      x
  step                   = 58                     x
  ee_position            = [0.1533, -0.0001, 0.0822]  x
  ee_velocity            = [-0.0023, -0.0000, -0.0500]  x
  target_position        = [0.1500, 0.0000, 0.0200]  x
  reward                 = -0.4220                x
  is_success             = False                  x
  obstacle_in_path       = False                  x
  obstacle_count_in_path = 0                      x
  obstacles              = {}                     x
  objects                = {'object_1': {'type': 'box', 'size': [0.04, 0.04, 0.04], 'mass': 10, 'color': [0.1, 0.2, 0.9, 1.0], 'initial_position': [-0.25, 0.0, 0.02], 'spinning_friction': 0.001, 'current_position': [-0.27204390906620035, -0.002261735323036563, 0.019989891098674255]}}  x
  scripts                = {'script_1': True, 'reach_only': True, 'left_right': True}  x
  target_goal            = {'type': 'goal_sequence', 'targets': [{'name': 'target', 'position': [0.15000000596046448, 0.0, 0.019999999552965164]}], 'mode': 'goal_sequence'}  x
  scene                  = {'table': {'length': 1.1, 'width': 0.7, 'height': 0.4, 'x_offset': -0.3, 'lateral_friction': 3.0, 'spinning_friction': 0.001}}  x
  robot_config           = {'control_type': 'ee', 'block_gripper': False, 'base_position': [-0.6, 0.0, 0.05]}  x
  current_task           = OBJECT_DELIVERY_SEQUENCE  x
  current_subtask        = PLACE_OBJECT           x
  active_target_name     = target                 x
  action                 = [0.0000, 0.0000, -0.1500, -1.0000]  x
  joint_angles           = [-0.0001, 0.9486, -0.0001, -1.2424, 0.0001, 2.1910, 0.7852]  x
  joint_velocities       = [0.0000, 0.0776, -0.0001, 0.0044, 0.0001, 0.0736, -0.0001]  x
  cube_rotation          = [-3.1416, 0.0000, 2.5825]  x
  cube_linear_velocity   = [-0.0000, 0.0000, -0.0000]  x
  obstacle_positions     = {}                     x
[step=  58 12:19:22.694][SM] (sem transições neste tick)
[step=  58 12:19:22.694][SM] estado=ERR_19   SAT=False  *** UNSAT ***

[step=  59 12:19:23.801][DejaVu] ep=1  subtask=PLACE_OBJECT  reward=-0.4220  *** CENÁRIO NÃO ANTECIPADO ***
[step=  59 12:19:23.801][Perception]
  CONTEXTO                                        PARÂMETROS SM
  ----------------------------------------------  --------------------------------------
  fingers_width         = 0.0000 m                gripper_width_cm      = 0 cm
  dist_ee_to_cube       = 0.4287 m                distance_ee_object_cm = 40 cm
  dist_cube_to_target   = 0.4220 m  (3D)          distance_obj_goal_cm  = 42 cm  (XY)
  cube_position (z)     = 0.0200 m                object_lift_height_cm = 0 cm
  cube_position (xy)    = [-0.272, -0.002]        grasp_completed       = 1
  finger_contacts (raw) = 0                       finger_contacts       = 0
  x                                               grasp_attempts        = 1
  x                                               task_started          = 1
  x                                               object_available      = 1
  x                                               task_aborted          = 0
  episode                = 1                      x
  step                   = 59                     x
  ee_position            = [0.1530, -0.0001, 0.0756]  x
  ee_velocity            = [-0.0008, -0.0000, -0.0444]  x
  target_position        = [0.1500, 0.0000, 0.0200]  x
  reward                 = -0.4220                x
  is_success             = False                  x
  obstacle_in_path       = False                  x
  obstacle_count_in_path = 0                      x
  obstacles              = {}                     x
  objects                = {'object_1': {'type': 'box', 'size': [0.04, 0.04, 0.04], 'mass': 10, 'color': [0.1, 0.2, 0.9, 1.0], 'initial_position': [-0.25, 0.0, 0.02], 'spinning_friction': 0.001, 'current_position': [-0.2720439564609296, -0.0022616294296029936, 0.019989891097951015]}}  x
  scripts                = {'script_1': True, 'reach_only': True, 'left_right': True}  x
  target_goal            = {'type': 'goal_sequence', 'targets': [{'name': 'target', 'position': [0.15000000596046448, 0.0, 0.019999999552965164]}], 'mode': 'goal_sequence'}  x
  scene                  = {'table': {'length': 1.1, 'width': 0.7, 'height': 0.4, 'x_offset': -0.3, 'lateral_friction': 3.0, 'spinning_friction': 0.001}}  x
  robot_config           = {'control_type': 'ee', 'block_gripper': False, 'base_position': [-0.6, 0.0, 0.05]}  x
  current_task           = OBJECT_DELIVERY_SEQUENCE  x
  current_subtask        = PLACE_OBJECT           x
  active_target_name     = target                 x
  action                 = [0.0000, 0.0000, -0.1500, -1.0000]  x
  joint_angles           = [-0.0001, 0.9589, -0.0001, -1.2416, 0.0001, 2.2004, 0.7852]  x
  joint_velocities       = [0.0000, 0.0710, -0.0001, 0.0060, 0.0001, 0.0720, -0.0001]  x
  cube_rotation          = [-3.1416, 0.0000, 2.5825]  x
  cube_linear_velocity   = [-0.0000, 0.0000, -0.0000]  x
  obstacle_positions     = {}                     x
[step=  59 12:19:23.801][SM] (sem transições neste tick)
[step=  59 12:19:23.801][SM] estado=ERR_19   SAT=False  *** UNSAT ***

[step=  60 12:19:24.957][DejaVu] ep=1  subtask=PLACE_OBJECT  reward=-0.4221  *** CENÁRIO NÃO ANTECIPADO ***
[step=  60 12:19:24.957][Perception]
  CONTEXTO                                        PARÂMETROS SM
  ----------------------------------------------  --------------------------------------
  fingers_width         = 0.0000 m                gripper_width_cm      = 0 cm
  dist_ee_to_cube       = 0.4276 m                distance_ee_object_cm = 40 cm
  dist_cube_to_target   = 0.4221 m  (3D)          distance_obj_goal_cm  = 42 cm  (XY)
  cube_position (z)     = 0.0200 m                object_lift_height_cm = 0 cm
  cube_position (xy)    = [-0.272, -0.002]        grasp_completed       = 1
  finger_contacts (raw) = 0                       finger_contacts       = 0
  x                                               grasp_attempts        = 1
  x                                               task_started          = 1
  x                                               object_available      = 1
  x                                               task_aborted          = 0
  episode                = 1                      x
  step                   = 60                     x
  ee_position            = [0.1527, -0.0001, 0.0692]  x
  ee_velocity            = [-0.0032, -0.0000, -0.0510]  x
  target_position        = [0.1500, 0.0000, 0.0200]  x
  reward                 = -0.4221                x
  is_success             = False                  x
  obstacle_in_path       = False                  x
  obstacle_count_in_path = 0                      x
  obstacles              = {}                     x
  objects                = {'object_1': {'type': 'box', 'size': [0.04, 0.04, 0.04], 'mass': 10, 'color': [0.1, 0.2, 0.9, 1.0], 'initial_position': [-0.25, 0.0, 0.02], 'spinning_friction': 0.001, 'current_position': [-0.2720440038578958, -0.0022615235337138805, 0.019989891097227735]}}  x
  scripts                = {'script_1': True, 'reach_only': True, 'left_right': True}  x
  target_goal            = {'type': 'goal_sequence', 'targets': [{'name': 'target', 'position': [0.15000000596046448, 0.0, 0.019999999552965164]}], 'mode': 'goal_sequence'}  x
  scene                  = {'table': {'length': 1.1, 'width': 0.7, 'height': 0.4, 'x_offset': -0.3, 'lateral_friction': 3.0, 'spinning_friction': 0.001}}  x
  robot_config           = {'control_type': 'ee', 'block_gripper': False, 'base_position': [-0.6, 0.0, 0.05]}  x
  current_task           = OBJECT_DELIVERY_SEQUENCE  x
  current_subtask        = PLACE_OBJECT           x
  active_target_name     = target                 x
  action                 = [0.0000, 0.0000, -0.1500, -1.0000]  x
  joint_angles           = [-0.0001, 0.9692, -0.0001, -1.2406, 0.0001, 2.2098, 0.7852]  x
  joint_velocities       = [-0.0000, 0.0804, -0.0001, 0.0071, 0.0001, 0.0725, -0.0001]  x
  cube_rotation          = [-3.1416, 0.0000, 2.5825]  x
  cube_linear_velocity   = [-0.0000, 0.0000, -0.0000]  x
  obstacle_positions     = {}                     x
[step=  60 12:19:24.957][SM] (sem transições neste tick)
[step=  60 12:19:24.957][SM] estado=ERR_19   SAT=False  *** UNSAT ***

[step=  61 12:19:26.110][DejaVu] ep=1  subtask=PLACE_OBJECT  reward=-0.4221  *** CENÁRIO NÃO ANTECIPADO ***
[step=  61 12:19:26.110][Perception]
  CONTEXTO                                        PARÂMETROS SM
  ----------------------------------------------  --------------------------------------
  fingers_width         = 0.0000 m                gripper_width_cm      = 0 cm
  dist_ee_to_cube       = 0.4264 m                distance_ee_object_cm = 40 cm
  dist_cube_to_target   = 0.4221 m  (3D)          distance_obj_goal_cm  = 42 cm  (XY)
  cube_position (z)     = 0.0200 m                object_lift_height_cm = 0 cm
  cube_position (xy)    = [-0.272, -0.002]        grasp_completed       = 1
  finger_contacts (raw) = 0                       finger_contacts       = 0
  x                                               grasp_attempts        = 1
  x                                               task_started          = 1
  x                                               object_available      = 1
  x                                               task_aborted          = 0
  episode                = 1                      x
  step                   = 61                     x
  ee_position            = [0.1523, -0.0001, 0.0626]  x
  ee_velocity            = [-0.0008, -0.0000, -0.0428]  x
  target_position        = [0.1500, 0.0000, 0.0200]  x
  reward                 = -0.4221                x
  is_success             = False                  x
  obstacle_in_path       = False                  x
  obstacle_count_in_path = 0                      x
  obstacles              = {}                     x
  objects                = {'object_1': {'type': 'box', 'size': [0.04, 0.04, 0.04], 'mass': 10, 'color': [0.1, 0.2, 0.9, 1.0], 'initial_position': [-0.25, 0.0, 0.02], 'spinning_friction': 0.001, 'current_position': [-0.2720440512570992, -0.0022614176353691184, 0.019989891096504432]}}  x
  scripts                = {'script_1': True, 'reach_only': True, 'left_right': True}  x
  target_goal            = {'type': 'goal_sequence', 'targets': [{'name': 'target', 'position': [0.15000000596046448, 0.0, 0.019999999552965164]}], 'mode': 'goal_sequence'}  x
  scene                  = {'table': {'length': 1.1, 'width': 0.7, 'height': 0.4, 'x_offset': -0.3, 'lateral_friction': 3.0, 'spinning_friction': 0.001}}  x
  robot_config           = {'control_type': 'ee', 'block_gripper': False, 'base_position': [-0.6, 0.0, 0.05]}  x
  current_task           = OBJECT_DELIVERY_SEQUENCE  x
  current_subtask        = PLACE_OBJECT           x
  active_target_name     = target                 x
  action                 = [0.0000, 0.0000, -0.1500, -1.0000]  x
  joint_angles           = [-0.0001, 0.9797, -0.0001, -1.2393, 0.0001, 2.2190, 0.7852]  x
  joint_velocities       = [0.0000, 0.0703, -0.0001, 0.0087, 0.0001, 0.0704, -0.0001]  x
  cube_rotation          = [-3.1416, 0.0000, 2.5825]  x
  cube_linear_velocity   = [-0.0000, 0.0000, -0.0000]  x
  obstacle_positions     = {}                     x
[step=  61 12:19:26.110][SM] (sem transições neste tick)
[step=  61 12:19:26.110][SM] estado=ERR_19   SAT=False  *** UNSAT ***

[step=  62 12:19:27.256][DejaVu] ep=1  subtask=PLACE_OBJECT  reward=-0.4221  *** CENÁRIO NÃO ANTECIPADO ***
[step=  62 12:19:27.256][Perception]
  CONTEXTO                                        PARÂMETROS SM
  ----------------------------------------------  --------------------------------------
  fingers_width         = 0.0000 m                gripper_width_cm      = 0 cm
  dist_ee_to_cube       = 0.4255 m                distance_ee_object_cm = 40 cm
  dist_cube_to_target   = 0.4221 m  (3D)          distance_obj_goal_cm  = 42 cm  (XY)
  cube_position (z)     = 0.0200 m                object_lift_height_cm = 0 cm
  cube_position (xy)    = [-0.272, -0.002]        grasp_completed       = 1
  finger_contacts (raw) = 0                       finger_contacts       = 0
  x                                               grasp_attempts        = 1
  x                                               task_started          = 1
  x                                               object_available      = 1
  x                                               task_aborted          = 0
  episode                = 1                      x
  step                   = 62                     x
  ee_position            = [0.1519, -0.0001, 0.0562]  x
  ee_velocity            = [-0.0038, -0.0000, -0.0508]  x
  target_position        = [0.1500, 0.0000, 0.0200]  x
  reward                 = -0.4221                x
  is_success             = False                  x
  obstacle_in_path       = False                  x
  obstacle_count_in_path = 0                      x
  obstacles              = {}                     x
  objects                = {'object_1': {'type': 'box', 'size': [0.04, 0.04, 0.04], 'mass': 10, 'color': [0.1, 0.2, 0.9, 1.0], 'initial_position': [-0.25, 0.0, 0.02], 'spinning_friction': 0.001, 'current_position': [-0.2720440986585399, -0.0022613117345686505, 0.019989891095781115]}}  x
  scripts                = {'script_1': True, 'reach_only': True, 'left_right': True}  x
  target_goal            = {'type': 'goal_sequence', 'targets': [{'name': 'target', 'position': [0.15000000596046448, 0.0, 0.019999999552965164]}], 'mode': 'goal_sequence'}  x
  scene                  = {'table': {'length': 1.1, 'width': 0.7, 'height': 0.4, 'x_offset': -0.3, 'lateral_friction': 3.0, 'spinning_friction': 0.001}}  x
  robot_config           = {'control_type': 'ee', 'block_gripper': False, 'base_position': [-0.6, 0.0, 0.05]}  x
  current_task           = OBJECT_DELIVERY_SEQUENCE  x
  current_subtask        = PLACE_OBJECT           x
  active_target_name     = target                 x
  action                 = [0.0000, 0.0000, -0.1500, -1.0000]  x
  joint_angles           = [-0.0001, 0.9901, -0.0001, -1.2380, 0.0001, 2.2282, 0.7852]  x
  joint_velocities       = [-0.0000, 0.0817, -0.0001, 0.0098, 0.0001, 0.0714, -0.0001]  x
  cube_rotation          = [-3.1416, 0.0000, 2.5826]  x
  cube_linear_velocity   = [-0.0000, 0.0000, -0.0000]  x
  obstacle_positions     = {}                     x
[step=  62 12:19:27.256][SM] (sem transições neste tick)
[step=  62 12:19:27.256][SM] estado=ERR_19   SAT=False  *** UNSAT ***

[step=  63 12:19:28.402][DejaVu] ep=1  subtask=PLACE_OBJECT  reward=-0.4221  *** CENÁRIO NÃO ANTECIPADO ***
[step=  63 12:19:28.402][Perception]
  CONTEXTO                                        PARÂMETROS SM
  ----------------------------------------------  --------------------------------------
  fingers_width         = 0.0000 m                gripper_width_cm      = 0 cm
  dist_ee_to_cube       = 0.4245 m                distance_ee_object_cm = 39 cm
  dist_cube_to_target   = 0.4221 m  (3D)          distance_obj_goal_cm  = 42 cm  (XY)
  cube_position (z)     = 0.0200 m                object_lift_height_cm = 0 cm
  cube_position (xy)    = [-0.272, -0.002]        grasp_completed       = 1
  finger_contacts (raw) = 0                       finger_contacts       = 0
  x                                               grasp_attempts        = 1
  x                                               task_started          = 1
  x                                               object_available      = 1
  x                                               task_aborted          = 0
  episode                = 1                      x
  step                   = 63                     x
  ee_position            = [0.1514, -0.0001, 0.0496]  x
  ee_velocity            = [-0.0012, -0.0000, -0.0426]  x
  target_position        = [0.1500, 0.0000, 0.0200]  x
  reward                 = -0.4221                x
  is_success             = False                  x
  obstacle_in_path       = False                  x
  obstacle_count_in_path = 0                      x
  obstacles              = {}                     x
  objects                = {'object_1': {'type': 'box', 'size': [0.04, 0.04, 0.04], 'mass': 10, 'color': [0.1, 0.2, 0.9, 1.0], 'initial_position': [-0.25, 0.0, 0.02], 'spinning_friction': 0.001, 'current_position': [-0.2720441460622179, -0.0022612058313123936, 0.019989891095057763]}}  x
  scripts                = {'script_1': True, 'reach_only': True, 'left_right': True}  x
  target_goal            = {'type': 'goal_sequence', 'targets': [{'name': 'target', 'position': [0.15000000596046448, 0.0, 0.019999999552965164]}], 'mode': 'goal_sequence'}  x
  scene                  = {'table': {'length': 1.1, 'width': 0.7, 'height': 0.4, 'x_offset': -0.3, 'lateral_friction': 3.0, 'spinning_friction': 0.001}}  x
  robot_config           = {'control_type': 'ee', 'block_gripper': False, 'base_position': [-0.6, 0.0, 0.05]}  x
  current_task           = OBJECT_DELIVERY_SEQUENCE  x
  current_subtask        = PLACE_OBJECT           x
  active_target_name     = target                 x
  action                 = [0.0000, 0.0000, -0.1500, -1.0000]  x
  joint_angles           = [-0.0001, 1.0009, -0.0001, -1.2364, 0.0001, 2.2372, 0.7852]  x
  joint_velocities       = [0.0000, 0.0714, -0.0000, 0.0114, 0.0002, 0.0691, -0.0001]  x
  cube_rotation          = [-3.1416, 0.0000, 2.5826]  x
  cube_linear_velocity   = [-0.0000, 0.0000, -0.0000]  x
  obstacle_positions     = {}                     x
[step=  63 12:19:28.402][SM] (sem transições neste tick)
[step=  63 12:19:28.402][SM] estado=ERR_19   SAT=False  *** UNSAT ***

[step=  64 12:19:29.550][DejaVu] ep=1  subtask=PLACE_OBJECT  reward=-0.4221  *** CENÁRIO NÃO ANTECIPADO ***
[step=  64 12:19:29.550][Perception]
  CONTEXTO                                        PARÂMETROS SM
  ----------------------------------------------  --------------------------------------
  fingers_width         = 0.0000 m                gripper_width_cm      = 0 cm
  dist_ee_to_cube       = 0.4236 m                distance_ee_object_cm = 39 cm
  dist_cube_to_target   = 0.4221 m  (3D)          distance_obj_goal_cm  = 42 cm  (XY)
  cube_position (z)     = 0.0200 m                object_lift_height_cm = 0 cm
  cube_position (xy)    = [-0.272, -0.002]        grasp_completed       = 1
  finger_contacts (raw) = 0                       finger_contacts       = 0
  x                                               grasp_attempts        = 1
  x                                               task_started          = 1
  x                                               object_available      = 1
  x                                               task_aborted          = 0
  episode                = 1                      x
  step                   = 64                     x
  ee_position            = [0.1509, -0.0001, 0.0432]  x
  ee_velocity            = [-0.0039, -0.0000, -0.0488]  x
  target_position        = [0.1500, 0.0000, 0.0200]  x
  reward                 = -0.4221                x
  is_success             = False                  x
  obstacle_in_path       = False                  x
  obstacle_count_in_path = 0                      x
  obstacles              = {}                     x
  objects                = {'object_1': {'type': 'box', 'size': [0.04, 0.04, 0.04], 'mass': 10, 'color': [0.1, 0.2, 0.9, 1.0], 'initial_position': [-0.25, 0.0, 0.02], 'spinning_friction': 0.001, 'current_position': [-0.2720441934681334, -0.002261099925600264, 0.019989891094334356]}}  x
  scripts                = {'script_1': True, 'reach_only': True, 'left_right': True}  x
  target_goal            = {'type': 'goal_sequence', 'targets': [{'name': 'target', 'position': [0.15000000596046448, 0.0, 0.019999999552965164]}], 'mode': 'goal_sequence'}  x
  scene                  = {'table': {'length': 1.1, 'width': 0.7, 'height': 0.4, 'x_offset': -0.3, 'lateral_friction': 3.0, 'spinning_friction': 0.001}}  x
  robot_config           = {'control_type': 'ee', 'block_gripper': False, 'base_position': [-0.6, 0.0, 0.05]}  x
  current_task           = OBJECT_DELIVERY_SEQUENCE  x
  current_subtask        = PLACE_OBJECT           x
  active_target_name     = target                 x
  action                 = [0.0000, 0.0000, -0.1479, -1.0000]  x
  joint_angles           = [-0.0001, 1.0114, -0.0001, -1.2348, 0.0001, 2.2462, 0.7852]  x
  joint_velocities       = [-0.0000, 0.0802, -0.0000, 0.0122, 0.0001, 0.0690, -0.0001]  x
  cube_rotation          = [-3.1416, 0.0000, 2.5826]  x
  cube_linear_velocity   = [-0.0000, 0.0000, -0.0000]  x
  obstacle_positions     = {}                     x
[step=  64 12:19:29.550][SM] (sem transições neste tick)
[step=  64 12:19:29.550][SM] estado=ERR_19   SAT=False  *** UNSAT ***

[step=  65 12:19:30.696][DejaVu] ep=1  subtask=PLACE_OBJECT  reward=-0.4221  *** CENÁRIO NÃO ANTECIPADO ***
[step=  65 12:19:30.696][Perception]
  CONTEXTO                                        PARÂMETROS SM
  ----------------------------------------------  --------------------------------------
  fingers_width         = 0.0000 m                gripper_width_cm      = 0 cm
  dist_ee_to_cube       = 0.4230 m                distance_ee_object_cm = 39 cm
  dist_cube_to_target   = 0.4221 m  (3D)          distance_obj_goal_cm  = 42 cm  (XY)
  cube_position (z)     = 0.0200 m                object_lift_height_cm = 0 cm
  cube_position (xy)    = [-0.272, -0.002]        grasp_completed       = 1
  finger_contacts (raw) = 0                       finger_contacts       = 0
  x                                               grasp_attempts        = 1
  x                                               task_started          = 1
  x                                               object_available      = 1
  x                                               task_aborted          = 0
  episode                = 1                      x
  step                   = 65                     x
  ee_position            = [0.1506, -0.0001, 0.0383]  x
  ee_velocity            = [-0.0048, -0.0000, -0.0422]  x
  target_position        = [0.1500, 0.0000, 0.0200]  x
  reward                 = -0.4221                x
  is_success             = False                  x
  obstacle_in_path       = False                  x
  obstacle_count_in_path = 0                      x
  obstacles              = {}                     x
  objects                = {'object_1': {'type': 'box', 'size': [0.04, 0.04, 0.04], 'mass': 10, 'color': [0.1, 0.2, 0.9, 1.0], 'initial_position': [-0.25, 0.0, 0.02], 'spinning_friction': 0.001, 'current_position': [-0.27204424087628665, -0.0022609940174321825, 0.01998989109361093]}}  x
  scripts                = {'script_1': True, 'reach_only': True, 'left_right': True}  x
  target_goal            = {'type': 'goal_sequence', 'targets': [{'name': 'target', 'position': [0.15000000596046448, 0.0, 0.019999999552965164]}], 'mode': 'goal_sequence'}  x
  scene                  = {'table': {'length': 1.1, 'width': 0.7, 'height': 0.4, 'x_offset': -0.3, 'lateral_friction': 3.0, 'spinning_friction': 0.001}}  x
  robot_config           = {'control_type': 'ee', 'block_gripper': False, 'base_position': [-0.6, 0.0, 0.05]}  x
  current_task           = OBJECT_DELIVERY_SEQUENCE  x
  current_subtask        = PLACE_OBJECT           x
  active_target_name     = target                 x
  action                 = [0.0000, 0.0000, -0.1161, -1.0000]  x
  joint_angles           = [-0.0001, 1.0195, -0.0001, -1.2333, 0.0001, 2.2530, 0.7852]  x
  joint_velocities       = [-0.0000, 0.0688, -0.0000, 0.0112, 0.0001, 0.0523, -0.0001]  x
  cube_rotation          = [-3.1416, 0.0000, 2.5826]  x
  cube_linear_velocity   = [-0.0000, 0.0000, -0.0000]  x
  obstacle_positions     = {}                     x
[step=  65 12:19:30.696][SM] (sem transições neste tick)
[step=  65 12:19:30.696][SM] estado=ERR_19   SAT=False  *** UNSAT ***

[step=  66 12:19:31.869][DejaVu] ep=1  subtask=PLACE_OBJECT  reward=-0.4221  *** CENÁRIO NÃO ANTECIPADO ***
[step=  66 12:19:31.869][Perception]
  CONTEXTO                                        PARÂMETROS SM
  ----------------------------------------------  --------------------------------------
  fingers_width         = 0.0000 m                gripper_width_cm      = 0 cm
  dist_ee_to_cube       = 0.4225 m                distance_ee_object_cm = 39 cm
  dist_cube_to_target   = 0.4221 m  (3D)          distance_obj_goal_cm  = 42 cm  (XY)
  cube_position (z)     = 0.0200 m                object_lift_height_cm = 0 cm
  cube_position (xy)    = [-0.272, -0.002]        grasp_completed       = 1
  finger_contacts (raw) = 0                       finger_contacts       = 0
  x                                               grasp_attempts        = 1
  x                                               task_started          = 1
  x                                               object_available      = 1
  x                                               task_aborted          = 0
  episode                = 1                      x
  step                   = 66                     x
  ee_position            = [0.1502, -0.0001, 0.0345]  x
  ee_velocity            = [-0.0038, -0.0000, -0.0326]  x
  target_position        = [0.1500, 0.0000, 0.0200]  x
  reward                 = -0.4221                x
  is_success             = False                  x
  obstacle_in_path       = False                  x
  obstacle_count_in_path = 0                      x
  obstacles              = {}                     x
  objects                = {'object_1': {'type': 'box', 'size': [0.04, 0.04, 0.04], 'mass': 10, 'color': [0.1, 0.2, 0.9, 1.0], 'initial_position': [-0.25, 0.0, 0.02], 'spinning_friction': 0.001, 'current_position': [-0.2720442882866775, -0.0022608881068080663, 0.01998989109288745]}}  x
  scripts                = {'script_1': True, 'reach_only': True, 'left_right': True}  x
  target_goal            = {'type': 'goal_sequence', 'targets': [{'name': 'target', 'position': [0.15000000596046448, 0.0, 0.019999999552965164]}], 'mode': 'goal_sequence'}  x
  scene                  = {'table': {'length': 1.1, 'width': 0.7, 'height': 0.4, 'x_offset': -0.3, 'lateral_friction': 3.0, 'spinning_friction': 0.001}}  x
  robot_config           = {'control_type': 'ee', 'block_gripper': False, 'base_position': [-0.6, 0.0, 0.05]}  x
  current_task           = OBJECT_DELIVERY_SEQUENCE  x
  current_subtask        = PLACE_OBJECT           x
  active_target_name     = target                 x
  action                 = [0.0000, 0.0000, -0.0916, -1.0000]  x
  joint_angles           = [-0.0001, 1.0260, -0.0001, -1.2320, 0.0001, 2.2582, 0.7852]  x
  joint_velocities       = [-0.0000, 0.0538, -0.0000, 0.0098, 0.0000, 0.0399, -0.0001]  x
  cube_rotation          = [-3.1416, 0.0000, 2.5826]  x
  cube_linear_velocity   = [-0.0000, 0.0000, -0.0000]  x
  obstacle_positions     = {}                     x
[step=  66 12:19:31.869][SM] (sem transições neste tick)
[step=  66 12:19:31.869][SM] estado=ERR_19   SAT=False  *** UNSAT ***

[step=  67 12:19:33.044][DejaVu] ep=1  subtask=PLACE_OBJECT  reward=-0.4221  *** CENÁRIO NÃO ANTECIPADO ***
[step=  67 12:19:33.044][Perception]
  CONTEXTO                                        PARÂMETROS SM
  ----------------------------------------------  --------------------------------------
  fingers_width         = 0.0000 m                gripper_width_cm      = 0 cm
  dist_ee_to_cube       = 0.4221 m                distance_ee_object_cm = 39 cm
  dist_cube_to_target   = 0.4221 m  (3D)          distance_obj_goal_cm  = 42 cm  (XY)
  cube_position (z)     = 0.0200 m                object_lift_height_cm = 0 cm
  cube_position (xy)    = [-0.272, -0.002]        grasp_completed       = 1
  finger_contacts (raw) = 0                       finger_contacts       = 0
  x                                               grasp_attempts        = 1
  x                                               task_started          = 1
  x                                               object_available      = 1
  x                                               task_aborted          = 0
  episode                = 1                      x
  step                   = 67                     x
  ee_position            = [0.1499, -0.0002, 0.0314]  x
  ee_velocity            = [-0.0028, -0.0000, -0.0250]  x
  target_position        = [0.1500, 0.0000, 0.0200]  x
  reward                 = -0.4221                x
  is_success             = False                  x
  obstacle_in_path       = False                  x
  obstacle_count_in_path = 0                      x
  obstacles              = {}                     x
  objects                = {'object_1': {'type': 'box', 'size': [0.04, 0.04, 0.04], 'mass': 10, 'color': [0.1, 0.2, 0.9, 1.0], 'initial_position': [-0.25, 0.0, 0.02], 'spinning_friction': 0.001, 'current_position': [-0.2720443356993063, -0.00226078219372783, 0.019989891092163977]}}  x
  scripts                = {'script_1': True, 'reach_only': True, 'left_right': True}  x
  target_goal            = {'type': 'goal_sequence', 'targets': [{'name': 'target', 'position': [0.15000000596046448, 0.0, 0.019999999552965164]}], 'mode': 'goal_sequence'}  x
  scene                  = {'table': {'length': 1.1, 'width': 0.7, 'height': 0.4, 'x_offset': -0.3, 'lateral_friction': 3.0, 'spinning_friction': 0.001}}  x
  robot_config           = {'control_type': 'ee', 'block_gripper': False, 'base_position': [-0.6, 0.0, 0.05]}  x
  current_task           = OBJECT_DELIVERY_SEQUENCE  x
  current_subtask        = PLACE_OBJECT           x
  active_target_name     = target                 x
  action                 = [0.0000, 0.0000, -0.0723, -1.0000]  x
  joint_angles           = [-0.0001, 1.0311, -0.0001, -1.2310, 0.0001, 2.2622, 0.7852]  x
  joint_velocities       = [-0.0000, 0.0416, -0.0000, 0.0080, 0.0000, 0.0313, -0.0001]  x
  cube_rotation          = [-3.1416, 0.0000, 2.5826]  x
  cube_linear_velocity   = [-0.0000, 0.0000, -0.0000]  x
  obstacle_positions     = {}                     x
[step=  67 12:19:33.044][SM] (sem transições neste tick)
[step=  67 12:19:33.044][SM] estado=ERR_19   SAT=False  *** UNSAT ***

[step=  68 12:19:34.137][DejaVu] ep=1  subtask=PLACE_OBJECT  reward=-0.4221  *** CENÁRIO NÃO ANTECIPADO ***
[step=  68 12:19:34.137][Perception]
  CONTEXTO                                        PARÂMETROS SM
  ----------------------------------------------  --------------------------------------
  fingers_width         = 0.0000 m                gripper_width_cm      = 0 cm
  dist_ee_to_cube       = 0.4219 m                distance_ee_object_cm = 39 cm
  dist_cube_to_target   = 0.4221 m  (3D)          distance_obj_goal_cm  = 42 cm  (XY)
  cube_position (z)     = 0.0200 m                object_lift_height_cm = 0 cm
  cube_position (xy)    = [-0.272, -0.002]        grasp_completed       = 1
  finger_contacts (raw) = 0                       finger_contacts       = 0
  x                                               grasp_attempts        = 1
  x                                               task_started          = 1
  x                                               object_available      = 1
  x                                               task_aborted          = 0
  episode                = 1                      x
  step                   = 68                     x
  ee_position            = [0.1497, -0.0002, 0.0290]  x
  ee_velocity            = [-0.0021, -0.0000, -0.0194]  x
  target_position        = [0.1500, 0.0000, 0.0200]  x
  reward                 = -0.4221                x
  is_success             = False                  x
  obstacle_in_path       = False                  x
  obstacle_count_in_path = 0                      x
  obstacles              = {}                     x
  objects                = {'object_1': {'type': 'box', 'size': [0.04, 0.04, 0.04], 'mass': 10, 'color': [0.1, 0.2, 0.9, 1.0], 'initial_position': [-0.25, 0.0, 0.02], 'spinning_friction': 0.001, 'current_position': [-0.2720443831141732, -0.002260676278191412, 0.019989891091440448]}}  x
  scripts                = {'script_1': True, 'reach_only': True, 'left_right': True}  x
  target_goal            = {'type': 'goal_sequence', 'targets': [{'name': 'target', 'position': [0.15000000596046448, 0.0, 0.019999999552965164]}], 'mode': 'goal_sequence'}  x
  scene                  = {'table': {'length': 1.1, 'width': 0.7, 'height': 0.4, 'x_offset': -0.3, 'lateral_friction': 3.0, 'spinning_friction': 0.001}}  x
  robot_config           = {'control_type': 'ee', 'block_gripper': False, 'base_position': [-0.6, 0.0, 0.05]}  x
  current_task           = OBJECT_DELIVERY_SEQUENCE  x
  current_subtask        = PLACE_OBJECT           x
  active_target_name     = target                 x
  action                 = [0.0000, 0.0000, -0.0569, -1.0000]  x
  joint_angles           = [-0.0001, 1.0352, -0.0001, -1.2302, 0.0001, 2.2655, 0.7851]  x
  joint_velocities       = [-0.0000, 0.0325, -0.0000, 0.0064, 0.0000, 0.0247, -0.0001]  x
  cube_rotation          = [-3.1416, 0.0000, 2.5826]  x
  cube_linear_velocity   = [-0.0000, 0.0000, -0.0000]  x
  obstacle_positions     = {}                     x
[step=  68 12:19:34.137][SM] (sem transições neste tick)
[step=  68 12:19:34.137][SM] estado=ERR_19   SAT=False  *** UNSAT ***

[step=  69 12:19:35.286][DejaVu] ep=1  subtask=PLACE_OBJECT  reward=-0.4221  *** CENÁRIO NÃO ANTECIPADO ***
[step=  69 12:19:35.286][Perception]
  CONTEXTO                                        PARÂMETROS SM
  ----------------------------------------------  --------------------------------------
  fingers_width         = 0.0000 m                gripper_width_cm      = 0 cm
  dist_ee_to_cube       = 0.4216 m                distance_ee_object_cm = 39 cm
  dist_cube_to_target   = 0.4221 m  (3D)          distance_obj_goal_cm  = 42 cm  (XY)
  cube_position (z)     = 0.0200 m                object_lift_height_cm = 0 cm
  cube_position (xy)    = [-0.272, -0.002]        grasp_completed       = 1
  finger_contacts (raw) = 0                       finger_contacts       = 0
  x                                               grasp_attempts        = 1
  x                                               task_started          = 1
  x                                               object_available      = 1
  x                                               task_aborted          = 0
  episode                = 1                      x
  step                   = 69                     x
  ee_position            = [0.1495, -0.0002, 0.0271]  x
  ee_velocity            = [-0.0016, -0.0000, -0.0151]  x
  target_position        = [0.1500, 0.0000, 0.0200]  x
  reward                 = -0.4221                x
  is_success             = False                  x
  obstacle_in_path       = False                  x
  obstacle_count_in_path = 0                      x
  obstacles              = {}                     x
  objects                = {'object_1': {'type': 'box', 'size': [0.04, 0.04, 0.04], 'mass': 10, 'color': [0.1, 0.2, 0.9, 1.0], 'initial_position': [-0.25, 0.0, 0.02], 'spinning_friction': 0.001, 'current_position': [-0.2720444305312781, -0.0022605703601986838, 0.01998989109071689]}}  x
  scripts                = {'script_1': True, 'reach_only': True, 'left_right': True}  x
  target_goal            = {'type': 'goal_sequence', 'targets': [{'name': 'target', 'position': [0.15000000596046448, 0.0, 0.019999999552965164]}], 'mode': 'goal_sequence'}  x
  scene                  = {'table': {'length': 1.1, 'width': 0.7, 'height': 0.4, 'x_offset': -0.3, 'lateral_friction': 3.0, 'spinning_friction': 0.001}}  x
  robot_config           = {'control_type': 'ee', 'block_gripper': False, 'base_position': [-0.6, 0.0, 0.05]}  x
  current_task           = OBJECT_DELIVERY_SEQUENCE  x
  current_subtask        = PLACE_OBJECT           x
  active_target_name     = target                 x
  action                 = [0.0000, 0.0000, -0.0448, -1.0000]  x
  joint_angles           = [-0.0001, 1.0384, -0.0001, -1.2295, 0.0001, 2.2680, 0.7851]  x
  joint_velocities       = [-0.0000, 0.0254, -0.0000, 0.0051, 0.0000, 0.0195, -0.0001]  x
  cube_rotation          = [-3.1416, 0.0000, 2.5826]  x
  cube_linear_velocity   = [-0.0000, 0.0000, -0.0000]  x
  obstacle_positions     = {}                     x
[step=  69 12:19:35.286][SM] (sem transições neste tick)
[step=  69 12:19:35.286][SM] estado=ERR_19   SAT=False  *** UNSAT ***

[step=  70 12:19:36.457][DejaVu] ep=1  subtask=PLACE_OBJECT  reward=-0.4221  *** CENÁRIO NÃO ANTECIPADO ***
[step=  70 12:19:36.457][Perception]
  CONTEXTO                                        PARÂMETROS SM
  ----------------------------------------------  --------------------------------------
  fingers_width         = 0.0000 m                gripper_width_cm      = 0 cm
  dist_ee_to_cube       = 0.4215 m                distance_ee_object_cm = 39 cm
  dist_cube_to_target   = 0.4221 m  (3D)          distance_obj_goal_cm  = 42 cm  (XY)
  cube_position (z)     = 0.0200 m                object_lift_height_cm = 0 cm
  cube_position (xy)    = [-0.272, -0.002]        grasp_completed       = 1
  finger_contacts (raw) = 0                       finger_contacts       = 0
  x                                               grasp_attempts        = 1
  x                                               task_started          = 1
  x                                               object_available      = 1
  x                                               task_aborted          = 0
  episode                = 1                      x
  step                   = 70                     x
  ee_position            = [0.1494, -0.0002, 0.0255]  x
  ee_velocity            = [-0.0012, -0.0000, -0.0116]  x
  target_position        = [0.1500, 0.0000, 0.0200]  x
  reward                 = -0.4221                x
  is_success             = False                  x
  obstacle_in_path       = False                  x
  obstacle_count_in_path = 0                      x
  obstacles              = {}                     x
  objects                = {'object_1': {'type': 'box', 'size': [0.04, 0.04, 0.04], 'mass': 10, 'color': [0.1, 0.2, 0.9, 1.0], 'initial_position': [-0.25, 0.0, 0.02], 'spinning_friction': 0.001, 'current_position': [-0.27204447795062114, -0.002260464439749605, 0.019989891089993325]}}  x
  scripts                = {'script_1': True, 'reach_only': True, 'left_right': True}  x
  target_goal            = {'type': 'goal_sequence', 'targets': [{'name': 'target', 'position': [0.15000000596046448, 0.0, 0.019999999552965164]}], 'mode': 'goal_sequence'}  x
  scene                  = {'table': {'length': 1.1, 'width': 0.7, 'height': 0.4, 'x_offset': -0.3, 'lateral_friction': 3.0, 'spinning_friction': 0.001}}  x
  robot_config           = {'control_type': 'ee', 'block_gripper': False, 'base_position': [-0.6, 0.0, 0.05]}  x
  current_task           = OBJECT_DELIVERY_SEQUENCE  x
  current_subtask        = PLACE_OBJECT           x
  active_target_name     = target                 x
  action                 = [0.0000, 0.0000, -0.0353, -1.0000]  x
  joint_angles           = [-0.0001, 1.0410, -0.0001, -1.2290, 0.0001, 2.2700, 0.7851]  x
  joint_velocities       = [-0.0000, 0.0197, -0.0000, 0.0041, 0.0000, 0.0154, -0.0000]  x
  cube_rotation          = [-3.1416, 0.0000, 2.5826]  x
  cube_linear_velocity   = [-0.0000, 0.0000, -0.0000]  x
  obstacle_positions     = {}                     x
[step=  70 12:19:36.457][SM] (sem transições neste tick)
[step=  70 12:19:36.457][SM] estado=ERR_19   SAT=False  *** UNSAT ***

[step=  71 12:19:37.578][DejaVu] ep=1  subtask=PLACE_OBJECT  reward=-0.4221  *** CENÁRIO NÃO ANTECIPADO ***
[step=  71 12:19:37.578][Perception]
  CONTEXTO                                        PARÂMETROS SM
  ----------------------------------------------  --------------------------------------
  fingers_width         = 0.0000 m                gripper_width_cm      = 0 cm
  dist_ee_to_cube       = 0.4213 m                distance_ee_object_cm = 39 cm
  dist_cube_to_target   = 0.4221 m  (3D)          distance_obj_goal_cm  = 42 cm  (XY)
  cube_position (z)     = 0.0200 m                object_lift_height_cm = 0 cm
  cube_position (xy)    = [-0.272, -0.002]        grasp_completed       = 1
  finger_contacts (raw) = 0                       finger_contacts       = 0
  x                                               grasp_attempts        = 1
  x                                               task_started          = 1
  x                                               object_available      = 1
  x                                               task_aborted          = 0
  episode                = 1                      x
  step                   = 71                     x
  ee_position            = [0.1493, -0.0002, 0.0244]  x
  ee_velocity            = [-0.0009, -0.0000, -0.0091]  x
  target_position        = [0.1500, 0.0000, 0.0200]  x
  reward                 = -0.4221                x
  is_success             = False                  x
  obstacle_in_path       = False                  x
  obstacle_count_in_path = 0                      x
  obstacles              = {}                     x
  objects                = {'object_1': {'type': 'box', 'size': [0.04, 0.04, 0.04], 'mass': 10, 'color': [0.1, 0.2, 0.9, 1.0], 'initial_position': [-0.25, 0.0, 0.02], 'spinning_friction': 0.001, 'current_position': [-0.2720445253722026, -0.0022603585168440936, 0.019989891089269705]}}  x
  scripts                = {'script_1': True, 'reach_only': True, 'left_right': True}  x
  target_goal            = {'type': 'goal_sequence', 'targets': [{'name': 'target', 'position': [0.15000000596046448, 0.0, 0.019999999552965164]}], 'mode': 'goal_sequence'}  x
  scene                  = {'table': {'length': 1.1, 'width': 0.7, 'height': 0.4, 'x_offset': -0.3, 'lateral_friction': 3.0, 'spinning_friction': 0.001}}  x
  robot_config           = {'control_type': 'ee', 'block_gripper': False, 'base_position': [-0.6, 0.0, 0.05]}  x
  current_task           = OBJECT_DELIVERY_SEQUENCE  x
  current_subtask        = PLACE_OBJECT           x
  active_target_name     = target                 x
  action                 = [0.0000, 0.0000, -0.0277, -1.0000]  x
  joint_angles           = [-0.0001, 1.0430, -0.0001, -1.2286, 0.0001, 2.2716, 0.7851]  x
  joint_velocities       = [-0.0000, 0.0154, -0.0000, 0.0032, 0.0000, 0.0121, -0.0000]  x
  cube_rotation          = [-3.1416, 0.0000, 2.5826]  x
  cube_linear_velocity   = [-0.0000, 0.0000, -0.0000]  x
  obstacle_positions     = {}                     x
[step=  71 12:19:37.578][SM] (sem transições neste tick)
[step=  71 12:19:37.578][SM] estado=ERR_19   SAT=False  *** UNSAT ***

[step=  72 12:19:38.726][DejaVu] ep=1  subtask=PLACE_OBJECT  reward=-0.4221  *** CENÁRIO NÃO ANTECIPADO ***
[step=  72 12:19:38.726][Perception]
  CONTEXTO                                        PARÂMETROS SM
  ----------------------------------------------  --------------------------------------
  fingers_width         = 0.0703 m                gripper_width_cm      = 7 cm
  dist_ee_to_cube       = 0.4213 m                distance_ee_object_cm = 39 cm
  dist_cube_to_target   = 0.4221 m  (3D)          distance_obj_goal_cm  = 42 cm  (XY)
  cube_position (z)     = 0.0200 m                object_lift_height_cm = 0 cm
  cube_position (xy)    = [-0.272, -0.002]        grasp_completed       = 1
  finger_contacts (raw) = 0                       finger_contacts       = 0
  x                                               grasp_attempts        = 1
  x                                               task_started          = 1
  x                                               object_available      = 1
  x                                               task_aborted          = 0
  episode                = 1                      x
  step                   = 72                     x
  ee_position            = [0.1492, -0.0002, 0.0243]  x
  ee_velocity            = [-0.0000, -0.0000, -0.0000]  x
  target_position        = [0.1500, 0.0000, 0.0200]  x
  reward                 = -0.4221                x
  is_success             = False                  x
  obstacle_in_path       = False                  x
  obstacle_count_in_path = 0                      x
  obstacles              = {}                     x
  objects                = {'object_1': {'type': 'box', 'size': [0.04, 0.04, 0.04], 'mass': 10, 'color': [0.1, 0.2, 0.9, 1.0], 'initial_position': [-0.25, 0.0, 0.02], 'spinning_friction': 0.001, 'current_position': [-0.2720445727960225, -0.002260252591482053, 0.019989891088546045]}}  x
  scripts                = {'script_1': True, 'reach_only': True, 'left_right': True}  x
  target_goal            = {'type': 'goal_sequence', 'targets': [{'name': 'target', 'position': [0.15000000596046448, 0.0, 0.019999999552965164]}], 'mode': 'goal_sequence'}  x
  scene                  = {'table': {'length': 1.1, 'width': 0.7, 'height': 0.4, 'x_offset': -0.3, 'lateral_friction': 3.0, 'spinning_friction': 0.001}}  x
  robot_config           = {'control_type': 'ee', 'block_gripper': False, 'base_position': [-0.6, 0.0, 0.05]}  x
  current_task           = OBJECT_DELIVERY_SEQUENCE  x
  current_subtask        = PLACE_OBJECT           x
  active_target_name     = target                 x
  action                 = [0.0000, 0.0000, 0.0000, 1.0000]  x
  joint_angles           = [-0.0001, 1.0430, -0.0001, -1.2286, 0.0001, 2.2716, 0.7851]  x
  joint_velocities       = [0.0000, -0.0001, -0.0000, -0.0001, 0.0000, -0.0001, -0.0000]  x
  cube_rotation          = [-3.1416, 0.0000, 2.5826]  x
  cube_linear_velocity   = [-0.0000, 0.0000, -0.0000]  x
  obstacle_positions     = {}                     x
[step=  72 12:19:38.726][SM] (sem transições neste tick)
[step=  72 12:19:38.726][SM] estado=ERR_19   SAT=False  *** UNSAT ***

[step=  73 12:19:39.898][DejaVu] ep=1  subtask=PLACE_OBJECT  reward=-0.4221  *** CENÁRIO NÃO ANTECIPADO ***
[step=  73 12:19:39.898][Perception]
  CONTEXTO                                        PARÂMETROS SM
  ----------------------------------------------  --------------------------------------
  fingers_width         = 0.0788 m                gripper_width_cm      = 7 cm
  dist_ee_to_cube       = 0.4213 m                distance_ee_object_cm = 39 cm
  dist_cube_to_target   = 0.4221 m  (3D)          distance_obj_goal_cm  = 42 cm  (XY)
  cube_position (z)     = 0.0200 m                object_lift_height_cm = 0 cm
  cube_position (xy)    = [-0.272, -0.002]        grasp_completed       = 0
  finger_contacts (raw) = 0                       finger_contacts       = 0
  x                                               grasp_attempts        = 1
  x                                               task_started          = 1
  x                                               object_available      = 1
  x                                               task_aborted          = 0
  episode                = 1                      x
  step                   = 73                     x
  ee_position            = [0.1492, -0.0002, 0.0243]  x
  ee_velocity            = [-0.0000, -0.0000, -0.0000]  x
  target_position        = [0.1500, 0.0000, 0.0200]  x
  reward                 = -0.4221                x
  is_success             = False                  x
  obstacle_in_path       = False                  x
  obstacle_count_in_path = 0                      x
  obstacles              = {}                     x
  objects                = {'object_1': {'type': 'box', 'size': [0.04, 0.04, 0.04], 'mass': 10, 'color': [0.1, 0.2, 0.9, 1.0], 'initial_position': [-0.25, 0.0, 0.02], 'spinning_friction': 0.001, 'current_position': [-0.272044620222081, -0.002260146663663401, 0.019989891087822363]}}  x
  scripts                = {'script_1': True, 'reach_only': True, 'left_right': True}  x
  target_goal            = {'type': 'goal_sequence', 'targets': [{'name': 'target', 'position': [0.15000000596046448, 0.0, 0.019999999552965164]}], 'mode': 'goal_sequence'}  x
  scene                  = {'table': {'length': 1.1, 'width': 0.7, 'height': 0.4, 'x_offset': -0.3, 'lateral_friction': 3.0, 'spinning_friction': 0.001}}  x
  robot_config           = {'control_type': 'ee', 'block_gripper': False, 'base_position': [-0.6, 0.0, 0.05]}  x
  current_task           = OBJECT_DELIVERY_SEQUENCE  x
  current_subtask        = PLACE_OBJECT           x
  active_target_name     = target                 x
  action                 = [0.0000, 0.0000, 0.0000, 1.0000]  x
  joint_angles           = [-0.0001, 1.0430, -0.0001, -1.2286, 0.0001, 2.2716, 0.7851]  x
  joint_velocities       = [0.0000, -0.0000, -0.0000, -0.0001, 0.0000, 0.0000, -0.0000]  x
  cube_rotation          = [-3.1416, 0.0000, 2.5826]  x
  cube_linear_velocity   = [-0.0000, 0.0000, -0.0000]  x
  obstacle_positions     = {}                     x
[step=  73 12:19:39.898][SM] (sem transições neste tick)
[step=  73 12:19:39.898][SM] estado=ERR_19   SAT=False  *** UNSAT ***

[step=  74 12:19:41.018][DejaVu] ep=1  subtask=PLACE_OBJECT  reward=-0.4221  *** CENÁRIO NÃO ANTECIPADO ***
[step=  74 12:19:41.018][Perception]
  CONTEXTO                                        PARÂMETROS SM
  ----------------------------------------------  --------------------------------------
  fingers_width         = 0.0799 m                gripper_width_cm      = 7 cm
  dist_ee_to_cube       = 0.4213 m                distance_ee_object_cm = 39 cm
  dist_cube_to_target   = 0.4221 m  (3D)          distance_obj_goal_cm  = 42 cm  (XY)
  cube_position (z)     = 0.0200 m                object_lift_height_cm = 0 cm
  cube_position (xy)    = [-0.272, -0.002]        grasp_completed       = 0
  finger_contacts (raw) = 0                       finger_contacts       = 0
  x                                               grasp_attempts        = 1
  x                                               task_started          = 1
  x                                               object_available      = 1
  x                                               task_aborted          = 0
  episode                = 1                      x
  step                   = 74                     x
  ee_position            = [0.1492, -0.0002, 0.0243]  x
  ee_velocity            = [-0.0000, -0.0000, -0.0000]  x
  target_position        = [0.1500, 0.0000, 0.0200]  x
  reward                 = -0.4221                x
  is_success             = False                  x
  obstacle_in_path       = False                  x
  obstacle_count_in_path = 0                      x
  obstacles              = {}                     x
  objects                = {'object_1': {'type': 'box', 'size': [0.04, 0.04, 0.04], 'mass': 10, 'color': [0.1, 0.2, 0.9, 1.0], 'initial_position': [-0.25, 0.0, 0.02], 'spinning_friction': 0.001, 'current_position': [-0.2720446676503782, -0.002260040733388055, 0.019989891087098657]}}  x
  scripts                = {'script_1': True, 'reach_only': True, 'left_right': True}  x
  target_goal            = {'type': 'goal_sequence', 'targets': [{'name': 'target', 'position': [0.15000000596046448, 0.0, 0.019999999552965164]}], 'mode': 'goal_sequence'}  x
  scene                  = {'table': {'length': 1.1, 'width': 0.7, 'height': 0.4, 'x_offset': -0.3, 'lateral_friction': 3.0, 'spinning_friction': 0.001}}  x
  robot_config           = {'control_type': 'ee', 'block_gripper': False, 'base_position': [-0.6, 0.0, 0.05]}  x
  current_task           = OBJECT_DELIVERY_SEQUENCE  x
  current_subtask        = PLACE_OBJECT           x
  active_target_name     = target                 x
  action                 = [0.0000, 0.0000, 0.0000, 1.0000]  x
  joint_angles           = [-0.0001, 1.0430, -0.0001, -1.2286, 0.0001, 2.2716, 0.7851]  x
  joint_velocities       = [0.0000, -0.0000, -0.0000, -0.0001, 0.0000, 0.0000, -0.0000]  x
  cube_rotation          = [-3.1416, 0.0000, 2.5826]  x
  cube_linear_velocity   = [-0.0000, 0.0000, -0.0000]  x
  obstacle_positions     = {}                     x
[step=  74 12:19:41.018][SM] (sem transições neste tick)
[step=  74 12:19:41.018][SM] estado=ERR_19   SAT=False  *** UNSAT ***

[step=  75 12:19:42.178][DejaVu] ep=1  subtask=PLACE_OBJECT  reward=-0.4221  *** CENÁRIO NÃO ANTECIPADO ***
[step=  75 12:19:42.178][Perception]
  CONTEXTO                                        PARÂMETROS SM
  ----------------------------------------------  --------------------------------------
  fingers_width         = 0.0800 m                gripper_width_cm      = 7 cm
  dist_ee_to_cube       = 0.4213 m                distance_ee_object_cm = 39 cm
  dist_cube_to_target   = 0.4221 m  (3D)          distance_obj_goal_cm  = 42 cm  (XY)
  cube_position (z)     = 0.0200 m                object_lift_height_cm = 0 cm
  cube_position (xy)    = [-0.272, -0.002]        grasp_completed       = 0
  finger_contacts (raw) = 0                       finger_contacts       = 0
  x                                               grasp_attempts        = 1
  x                                               task_started          = 1
  x                                               object_available      = 1
  x                                               task_aborted          = 0
  episode                = 1                      x
  step                   = 75                     x
  ee_position            = [0.1492, -0.0002, 0.0243]  x
  ee_velocity            = [-0.0000, -0.0000, -0.0000]  x
  target_position        = [0.1500, 0.0000, 0.0200]  x
  reward                 = -0.4221                x
  is_success             = False                  x
  obstacle_in_path       = False                  x
  obstacle_count_in_path = 0                      x
  obstacles              = {}                     x
  objects                = {'object_1': {'type': 'box', 'size': [0.04, 0.04, 0.04], 'mass': 10, 'color': [0.1, 0.2, 0.9, 1.0], 'initial_position': [-0.25, 0.0, 0.02], 'spinning_friction': 0.001, 'current_position': [-0.27204471508091416, -0.0022599348006559533, 0.019989891086374924]}}  x
  scripts                = {'script_1': True, 'reach_only': True, 'left_right': True}  x
  target_goal            = {'type': 'goal_sequence', 'targets': [{'name': 'target', 'position': [0.15000000596046448, 0.0, 0.019999999552965164]}], 'mode': 'goal_sequence'}  x
  scene                  = {'table': {'length': 1.1, 'width': 0.7, 'height': 0.4, 'x_offset': -0.3, 'lateral_friction': 3.0, 'spinning_friction': 0.001}}  x
  robot_config           = {'control_type': 'ee', 'block_gripper': False, 'base_position': [-0.6, 0.0, 0.05]}  x
  current_task           = OBJECT_DELIVERY_SEQUENCE  x
  current_subtask        = PLACE_OBJECT           x
  active_target_name     = target                 x
  action                 = [0.0000, 0.0000, 0.0000, 1.0000]  x
  joint_angles           = [-0.0001, 1.0430, -0.0001, -1.2286, 0.0001, 2.2716, 0.7851]  x
  joint_velocities       = [0.0000, -0.0000, -0.0000, -0.0001, 0.0000, 0.0001, -0.0000]  x
  cube_rotation          = [-3.1416, 0.0000, 2.5826]  x
  cube_linear_velocity   = [-0.0000, 0.0000, -0.0000]  x
  obstacle_positions     = {}                     x
[step=  75 12:19:42.178][SM] (sem transições neste tick)
[step=  75 12:19:42.178][SM] estado=ERR_19   SAT=False  *** UNSAT ***

[step=  76 12:19:43.311][DejaVu] ep=1  subtask=PLACE_OBJECT  reward=-0.4221  *** CENÁRIO NÃO ANTECIPADO ***
[step=  76 12:19:43.311][Perception]
  CONTEXTO                                        PARÂMETROS SM
  ----------------------------------------------  --------------------------------------
  fingers_width         = 0.0800 m                gripper_width_cm      = 7 cm
  dist_ee_to_cube       = 0.4213 m                distance_ee_object_cm = 39 cm
  dist_cube_to_target   = 0.4221 m  (3D)          distance_obj_goal_cm  = 42 cm  (XY)
  cube_position (z)     = 0.0200 m                object_lift_height_cm = 0 cm
  cube_position (xy)    = [-0.272, -0.002]        grasp_completed       = 0
  finger_contacts (raw) = 0                       finger_contacts       = 0
  x                                               grasp_attempts        = 1
  x                                               task_started          = 1
  x                                               object_available      = 1
  x                                               task_aborted          = 0
  episode                = 1                      x
  step                   = 76                     x
  ee_position            = [0.1492, -0.0002, 0.0243]  x
  ee_velocity            = [-0.0000, -0.0000, -0.0000]  x
  target_position        = [0.1500, 0.0000, 0.0200]  x
  reward                 = -0.4221                x
  is_success             = False                  x
  obstacle_in_path       = False                  x
  obstacle_count_in_path = 0                      x
  obstacles              = {}                     x
  objects                = {'object_1': {'type': 'box', 'size': [0.04, 0.04, 0.04], 'mass': 10, 'color': [0.1, 0.2, 0.9, 1.0], 'initial_position': [-0.25, 0.0, 0.02], 'spinning_friction': 0.001, 'current_position': [-0.27204476251368914, -0.0022598288654669847, 0.01998989108565117]}}  x
  scripts                = {'script_1': True, 'reach_only': True, 'left_right': True}  x
  target_goal            = {'type': 'goal_sequence', 'targets': [{'name': 'target', 'position': [0.15000000596046448, 0.0, 0.019999999552965164]}], 'mode': 'goal_sequence'}  x
  scene                  = {'table': {'length': 1.1, 'width': 0.7, 'height': 0.4, 'x_offset': -0.3, 'lateral_friction': 3.0, 'spinning_friction': 0.001}}  x
  robot_config           = {'control_type': 'ee', 'block_gripper': False, 'base_position': [-0.6, 0.0, 0.05]}  x
  current_task           = OBJECT_DELIVERY_SEQUENCE  x
  current_subtask        = PLACE_OBJECT           x
  active_target_name     = target                 x
  action                 = [0.0000, 0.0000, 0.0000, 1.0000]  x
  joint_angles           = [-0.0001, 1.0430, -0.0001, -1.2286, 0.0001, 2.2716, 0.7851]  x
  joint_velocities       = [0.0000, -0.0000, -0.0000, -0.0001, 0.0000, 0.0001, -0.0000]  x
  cube_rotation          = [-3.1416, 0.0000, 2.5826]  x
  cube_linear_velocity   = [-0.0000, 0.0000, -0.0000]  x
  obstacle_positions     = {}                     x
[step=  76 12:19:43.311][SM] (sem transições neste tick)
[step=  76 12:19:43.311][SM] estado=ERR_19   SAT=False  *** UNSAT ***

[step=  77 12:19:44.473][DejaVu] ep=1  subtask=PLACE_OBJECT  reward=-0.4221  *** CENÁRIO NÃO ANTECIPADO ***
[step=  77 12:19:44.473][Perception]
  CONTEXTO                                        PARÂMETROS SM
  ----------------------------------------------  --------------------------------------
  fingers_width         = 0.0800 m                gripper_width_cm      = 7 cm
  dist_ee_to_cube       = 0.4213 m                distance_ee_object_cm = 39 cm
  dist_cube_to_target   = 0.4221 m  (3D)          distance_obj_goal_cm  = 42 cm  (XY)
  cube_position (z)     = 0.0200 m                object_lift_height_cm = 0 cm
  cube_position (xy)    = [-0.272, -0.002]        grasp_completed       = 0
  finger_contacts (raw) = 0                       finger_contacts       = 0
  x                                               grasp_attempts        = 1
  x                                               task_started          = 1
  x                                               object_available      = 1
  x                                               task_aborted          = 0
  episode                = 1                      x
  step                   = 77                     x
  ee_position            = [0.1492, -0.0002, 0.0243]  x
  ee_velocity            = [-0.0000, -0.0000, -0.0000]  x
  target_position        = [0.1500, 0.0000, 0.0200]  x
  reward                 = -0.4221                x
  is_success             = True                   x
  obstacle_in_path       = False                  x
  obstacle_count_in_path = 0                      x
  obstacles              = {}                     x
  objects                = {'object_1': {'type': 'box', 'size': [0.04, 0.04, 0.04], 'mass': 10, 'color': [0.1, 0.2, 0.9, 1.0], 'initial_position': [-0.25, 0.0, 0.02], 'spinning_friction': 0.001, 'current_position': [-0.27204480994870306, -0.0022597229278211017, 0.01998989108492736]}}  x
  scripts                = {'script_1': True, 'reach_only': True, 'left_right': True}  x
  target_goal            = {'type': 'goal_sequence', 'targets': [{'name': 'target', 'position': [0.15000000596046448, 0.0, 0.019999999552965164]}], 'mode': 'goal_sequence'}  x
  scene                  = {'table': {'length': 1.1, 'width': 0.7, 'height': 0.4, 'x_offset': -0.3, 'lateral_friction': 3.0, 'spinning_friction': 0.001}}  x
  robot_config           = {'control_type': 'ee', 'block_gripper': False, 'base_position': [-0.6, 0.0, 0.05]}  x
  current_task           = OBJECT_DELIVERY_SEQUENCE  x
  current_subtask        = PLACE_OBJECT           x
  active_target_name     = target                 x
  action                 = [0.0000, 0.0000, 0.0000, 0.0000]  x
  joint_angles           = [-0.0001, 1.0430, -0.0001, -1.2287, 0.0001, 2.2716, 0.7851]  x
  joint_velocities       = [0.0000, -0.0000, -0.0000, -0.0001, 0.0000, 0.0001, -0.0000]  x
  cube_rotation          = [-3.1416, 0.0000, 2.5826]  x
  cube_linear_velocity   = [-0.0000, 0.0000, -0.0000]  x
  obstacle_positions     = {}                     x
[step=  77 12:19:44.473][SM] ação→ place_object() (PLACE_OBJECT)  [nova neste tick]
[step=  77 12:19:44.473][SM] (sem transições neste tick)
[step=  77 12:19:44.473][SM] estado=ERR_19   SAT=False  *** UNSAT ***
