[Trace] Gravando em: C:\Users\lucas_alves\Workspace\self-adaptive-arm-simulator\3-dejavu\output\arm\traces\trace_20260816_230937.log
[DejaVu] Aguardando new_perception do Manager...

[step=   5 23:09:38.881][DejaVu] ep=1  subtask=APPROACH_OBJECT  reward=-0.4000
[step=   5 23:09:38.881][Perception]
  CONTEXTO                                        PARÂMETROS SM
  ----------------------------------------------  --------------------------------------
  fingers_width         = 0.0800 m                gripper_width_cm      = 7 cm
  dist_ee_to_cube       = 0.1900 m                distance_ee_object_cm = 16 cm
  dist_cube_to_target   = 0.4000 m  (3D)          distance_obj_goal_cm  = 40 cm  (XY)
  cube_position (z)     = 0.0200 m                object_lift_height_cm = 0 cm
  cube_position (xy)    = [-0.250, 0.000]         grasp_completed       = 0
  finger_contacts (raw) = 0                       finger_contacts       = 0
  x                                               grasp_attempts        = 0
  x                                               task_started          = 1
  x                                               object_available      = 1
  x                                               task_aborted          = 0
  episode                = 1                      x
  step                   = 5                      x
  ee_position            = [-0.1251, 0.0001, 0.1632]  x
  ee_velocity            = [-0.3810, 0.0007, -0.0494]  x
  target_position        = [0.1500, 0.0000, 0.0200]  x
  reward                 = -0.4000                x
  is_success             = False                  x
  obstacle_in_path       = False                  x
  obstacle_count_in_path = 0                      x
  obstacles              = {}                     x
  objects                = {'object_1': {'type': 'box', 'size': [0.04, 0.04, 0.04], 'mass': 1.0, 'color': [0.1, 0.2, 0.9, 1.0], 'initial_position': [-0.25, 0.0, 0.02], 'spinning_friction': 0.001, 'current_position': [-0.25000082410733043, 2.1765994240189325e-06, 0.019989411556199578]}}  x
  scripts                = {'script_1': True, 'reach_only': True, 'left_right': True}  x
  target_goal            = {'type': 'goal_sequence', 'targets': [{'name': 'target', 'position': [0.15000000596046448, 0.0, 0.019999999552965164]}], 'mode': 'goal_sequence'}  x
  scene                  = {'table': {'length': 1.1, 'width': 0.7, 'height': 0.4, 'x_offset': -0.3, 'lateral_friction': 3.0, 'spinning_friction': 0.001}}  x
  robot_config           = {'control_type': 'ee', 'block_gripper': False, 'base_position': [-0.6, 0.0, 0.05]}  x
  current_task           = OBJECT_DELIVERY_SEQUENCE  x
  current_subtask        = APPROACH_OBJECT        x
  active_target_name     = target                 x
  action                 = [-0.9875, -0.0003, -0.1576, 1.0000]  x
  joint_angles           = [-0.0007, 0.0555, 0.0008, -2.4806, -0.0001, 2.5352, 0.7855]  x
  joint_velocities       = [-0.0001, -0.8110, 0.0017, -1.2507, 0.0006, 0.3895, -0.0002]  x
  cube_rotation          = [0.0000, -0.0000, -0.0000]  x
  cube_linear_velocity   = [-0.0000, 0.0000, -0.0000]  x
  obstacle_positions     = {}                     x
[step=   5 23:09:38.881][SM] INIT ──[task_started == 1]──► PHI_1   ✓
[step=   5 23:09:38.881][SM] PHI_1 ──[object_available >= 1 and gripper_width_cm >= 6]──► S2   ✓
[step=   5 23:09:38.881][SM] estado=S2   SAT=None

[step=   6 23:09:39.941][DejaVu] ep=1  subtask=APPROACH_OBJECT  reward=-0.4000
[step=   6 23:09:39.941][Perception]
  CONTEXTO                                        PARÂMETROS SM
  ----------------------------------------------  --------------------------------------
  fingers_width         = 0.0800 m                gripper_width_cm      = 7 cm
  dist_ee_to_cube       = 0.1629 m                distance_ee_object_cm = 13 cm
  dist_cube_to_target   = 0.4000 m  (3D)          distance_obj_goal_cm  = 40 cm  (XY)
  cube_position (z)     = 0.0200 m                object_lift_height_cm = 0 cm
  cube_position (xy)    = [-0.250, 0.000]         grasp_completed       = 0
  finger_contacts (raw) = 0                       finger_contacts       = 0
  x                                               grasp_attempts        = 0
  x                                               task_started          = 1
  x                                               object_available      = 1
  x                                               task_aborted          = 0
  episode                = 1                      x
  step                   = 6                      x
  ee_position            = [-0.1607, 0.0001, 0.1562]  x
  ee_velocity            = [-0.4082, 0.0008, -0.0668]  x
  target_position        = [0.1500, 0.0000, 0.0200]  x
  reward                 = -0.4000                x
  is_success             = False                  x
  obstacle_in_path       = False                  x
  obstacle_count_in_path = 0                      x
  obstacles              = {}                     x
  objects                = {'object_1': {'type': 'box', 'size': [0.04, 0.04, 0.04], 'mass': 1.0, 'color': [0.1, 0.2, 0.9, 1.0], 'initial_position': [-0.25, 0.0, 0.02], 'spinning_friction': 0.001, 'current_position': [-0.25000084148704027, 2.627324180841425e-06, 0.01998941143610688]}}  x
  scripts                = {'script_1': True, 'reach_only': True, 'left_right': True}  x
  target_goal            = {'type': 'goal_sequence', 'targets': [{'name': 'target', 'position': [0.15000000596046448, 0.0, 0.019999999552965164]}], 'mode': 'goal_sequence'}  x
  scene                  = {'table': {'length': 1.1, 'width': 0.7, 'height': 0.4, 'x_offset': -0.3, 'lateral_friction': 3.0, 'spinning_friction': 0.001}}  x
  robot_config           = {'control_type': 'ee', 'block_gripper': False, 'base_position': [-0.6, 0.0, 0.05]}  x
  current_task           = OBJECT_DELIVERY_SEQUENCE  x
  current_subtask        = APPROACH_OBJECT        x
  active_target_name     = target                 x
  action                 = [-0.9895, -0.0005, -0.1444, 1.0000]  x
  joint_angles           = [-0.0007, -0.0164, 0.0009, -2.6004, 0.0000, 2.5839, 0.7855]  x
  joint_velocities       = [-0.0001, -0.8300, 0.0023, -1.2837, 0.0008, 0.3742, -0.0004]  x
  cube_rotation          = [0.0000, -0.0000, -0.0000]  x
  cube_linear_velocity   = [-0.0000, 0.0000, -0.0000]  x
  obstacle_positions     = {}                     x
[step=   6 23:09:39.941][SM] (sem transições neste tick)
[step=   6 23:09:39.941][SM] estado=S2   SAT=None

[step=   7 23:09:41.064][DejaVu] ep=1  subtask=APPROACH_OBJECT  reward=-0.4000
[step=   7 23:09:41.064][Perception]
  CONTEXTO                                        PARÂMETROS SM
  ----------------------------------------------  --------------------------------------
  fingers_width         = 0.0800 m                gripper_width_cm      = 7 cm
  dist_ee_to_cube       = 0.1396 m                distance_ee_object_cm = 11 cm
  dist_cube_to_target   = 0.4000 m  (3D)          distance_obj_goal_cm  = 40 cm  (XY)
  cube_position (z)     = 0.0200 m                object_lift_height_cm = 0 cm
  cube_position (xy)    = [-0.250, 0.000]         grasp_completed       = 0
  finger_contacts (raw) = 0                       finger_contacts       = 0
  x                                               grasp_attempts        = 0
  x                                               task_started          = 1
  x                                               object_available      = 1
  x                                               task_aborted          = 0
  episode                = 1                      x
  step                   = 7                      x
  ee_position            = [-0.1970, 0.0001, 0.1492]  x
  ee_velocity            = [-0.4312, 0.0003, -0.0816]  x
  target_position        = [0.1500, 0.0000, 0.0200]  x
  reward                 = -0.4000                x
  is_success             = False                  x
  obstacle_in_path       = False                  x
  obstacle_count_in_path = 0                      x
  obstacles              = {}                     x
  objects                = {'object_1': {'type': 'box', 'size': [0.04, 0.04, 0.04], 'mass': 1.0, 'color': [0.1, 0.2, 0.9, 1.0], 'initial_position': [-0.25, 0.0, 0.02], 'spinning_friction': 0.001, 'current_position': [-0.25000085876834904, 3.0780479764908263e-06, 0.019989411413349322]}}  x
  scripts                = {'script_1': True, 'reach_only': True, 'left_right': True}  x
  target_goal            = {'type': 'goal_sequence', 'targets': [{'name': 'target', 'position': [0.15000000596046448, 0.0, 0.019999999552965164]}], 'mode': 'goal_sequence'}  x
  scene                  = {'table': {'length': 1.1, 'width': 0.7, 'height': 0.4, 'x_offset': -0.3, 'lateral_friction': 3.0, 'spinning_friction': 0.001}}  x
  robot_config           = {'control_type': 'ee', 'block_gripper': False, 'base_position': [-0.6, 0.0, 0.05]}  x
  current_task           = OBJECT_DELIVERY_SEQUENCE  x
  current_subtask        = APPROACH_OBJECT        x
  active_target_name     = target                 x
  action                 = [-0.9922, -0.0007, -0.1249, 1.0000]  x
  joint_angles           = [-0.0007, -0.0897, 0.0009, -2.7181, 0.0001, 2.6278, 0.7854]  x
  joint_velocities       = [-0.0000, -0.8522, 0.0015, -1.3031, 0.0010, 0.3374, -0.0007]  x
  cube_rotation          = [0.0000, -0.0000, -0.0000]  x
  cube_linear_velocity   = [-0.0000, 0.0000, -0.0000]  x
  obstacle_positions     = {}                     x
[step=   7 23:09:41.064][SM] (sem transições neste tick)
[step=   7 23:09:41.064][SM] estado=S2   SAT=None

[step=   8 23:09:42.212][DejaVu] ep=1  subtask=APPROACH_OBJECT  reward=-0.4000
[step=   8 23:09:42.212][Perception]
  CONTEXTO                                        PARÂMETROS SM
  ----------------------------------------------  --------------------------------------
  fingers_width         = 0.0800 m                gripper_width_cm      = 7 cm
  dist_ee_to_cube       = 0.1238 m                distance_ee_object_cm = 9 cm
  dist_cube_to_target   = 0.4000 m  (3D)          distance_obj_goal_cm  = 40 cm  (XY)
  cube_position (z)     = 0.0200 m                object_lift_height_cm = 0 cm
  cube_position (xy)    = [-0.250, 0.000]         grasp_completed       = 0
  finger_contacts (raw) = 0                       finger_contacts       = 0
  x                                               grasp_attempts        = 0
  x                                               task_started          = 1
  x                                               object_available      = 1
  x                                               task_aborted          = 0
  episode                = 1                      x
  step                   = 8                      x
  ee_position            = [-0.2336, 0.0000, 0.1427]  x
  ee_velocity            = [-0.4297, -0.0001, -0.0722]  x
  target_position        = [0.1500, 0.0000, 0.0200]  x
  reward                 = -0.4000                x
  is_success             = False                  x
  obstacle_in_path       = False                  x
  obstacle_count_in_path = 0                      x
  obstacles              = {}                     x
  objects                = {'object_1': {'type': 'box', 'size': [0.04, 0.04, 0.04], 'mass': 1.0, 'color': [0.1, 0.2, 0.9, 1.0], 'initial_position': [-0.25, 0.0, 0.02], 'spinning_friction': 0.001, 'current_position': [-0.2500008760301956, 3.528770818098008e-06, 0.019989411408939943]}}  x
  scripts                = {'script_1': True, 'reach_only': True, 'left_right': True}  x
  target_goal            = {'type': 'goal_sequence', 'targets': [{'name': 'target', 'position': [0.15000000596046448, 0.0, 0.019999999552965164]}], 'mode': 'goal_sequence'}  x
  scene                  = {'table': {'length': 1.1, 'width': 0.7, 'height': 0.4, 'x_offset': -0.3, 'lateral_friction': 3.0, 'spinning_friction': 0.001}}  x
  robot_config           = {'control_type': 'ee', 'block_gripper': False, 'base_position': [-0.6, 0.0, 0.05]}  x
  current_task           = OBJECT_DELIVERY_SEQUENCE  x
  current_subtask        = APPROACH_OBJECT        x
  active_target_name     = target                 x
  action                 = [-0.9969, -0.0010, -0.0788, 1.0000]  x
  joint_angles           = [-0.0007, -0.1676, 0.0008, -2.8337, 0.0003, 2.6648, 0.7852]  x
  joint_velocities       = [0.0001, -0.9251, 0.0004, -1.2920, 0.0011, 0.2850, -0.0012]  x
  cube_rotation          = [0.0000, -0.0000, -0.0000]  x
  cube_linear_velocity   = [-0.0000, 0.0000, -0.0000]  x
  obstacle_positions     = {}                     x
[step=   8 23:09:42.212][SM] (sem transições neste tick)
[step=   8 23:09:42.212][SM] estado=S2   SAT=None

[step=   9 23:09:43.358][DejaVu] ep=1  subtask=APPROACH_OBJECT  reward=-0.4000
[step=   9 23:09:43.358][Perception]
  CONTEXTO                                        PARÂMETROS SM
  ----------------------------------------------  --------------------------------------
  fingers_width         = 0.0800 m                gripper_width_cm      = 7 cm
  dist_ee_to_cube       = 0.1214 m                distance_ee_object_cm = 9 cm
  dist_cube_to_target   = 0.4000 m  (3D)          distance_obj_goal_cm  = 40 cm  (XY)
  cube_position (z)     = 0.0200 m                object_lift_height_cm = 0 cm
  cube_position (xy)    = [-0.250, 0.000]         grasp_completed       = 0
  finger_contacts (raw) = 0                       finger_contacts       = 0
  x                                               grasp_attempts        = 0
  x                                               task_started          = 1
  x                                               object_available      = 1
  x                                               task_aborted          = 0
  episode                = 1                      x
  step                   = 9                      x
  ee_position            = [-0.2714, -0.0000, 0.1395]  x
  ee_velocity            = [-0.3739, -0.0003, 0.0261]  x
  target_position        = [0.1500, 0.0000, 0.0200]  x
  reward                 = -0.4000                x
  is_success             = False                  x
  obstacle_in_path       = False                  x
  obstacle_count_in_path = 0                      x
  obstacles              = {}                     x
  objects                = {'object_1': {'type': 'box', 'size': [0.04, 0.04, 0.04], 'mass': 1.0, 'color': [0.1, 0.2, 0.9, 1.0], 'initial_position': [-0.25, 0.0, 0.02], 'spinning_friction': 0.001, 'current_position': [-0.25000089328746017, 3.979492706986637e-06, 0.019989411407989287]}}  x
  scripts                = {'script_1': True, 'reach_only': True, 'left_right': True}  x
  target_goal            = {'type': 'goal_sequence', 'targets': [{'name': 'target', 'position': [0.15000000596046448, 0.0, 0.019999999552965164]}], 'mode': 'goal_sequence'}  x
  scene                  = {'table': {'length': 1.1, 'width': 0.7, 'height': 0.4, 'x_offset': -0.3, 'lateral_friction': 3.0, 'spinning_friction': 0.001}}  x
  robot_config           = {'control_type': 'ee', 'block_gripper': False, 'base_position': [-0.6, 0.0, 0.05]}  x
  current_task           = OBJECT_DELIVERY_SEQUENCE  x
  current_subtask        = APPROACH_OBJECT        x
  active_target_name     = target                 x
  action                 = [-0.9907, -0.0012, 0.1364, 1.0000]  x
  joint_angles           = [-0.0007, -0.2644, 0.0007, -2.9453, 0.0004, 2.6725, 0.7850]  x
  joint_velocities       = [0.0002, -1.3025, -0.0006, -1.2276, 0.0009, 0.0589, -0.0015]  x
  cube_rotation          = [0.0000, -0.0000, -0.0000]  x
  cube_linear_velocity   = [-0.0000, 0.0000, -0.0000]  x
  obstacle_positions     = {}                     x
[step=   9 23:09:43.358][SM] (sem transições neste tick)
[step=   9 23:09:43.358][SM] estado=S2   SAT=None

[step=  10 23:09:44.501][DejaVu] ep=1  subtask=APPROACH_OBJECT  reward=-0.4000
[step=  10 23:09:44.501][Perception]
  CONTEXTO                                        PARÂMETROS SM
  ----------------------------------------------  --------------------------------------
  fingers_width         = 0.0800 m                gripper_width_cm      = 7 cm
  dist_ee_to_cube       = 0.1080 m                distance_ee_object_cm = 8 cm
  dist_cube_to_target   = 0.4000 m  (3D)          distance_obj_goal_cm  = 40 cm  (XY)
  cube_position (z)     = 0.0200 m                object_lift_height_cm = 0 cm
  cube_position (xy)    = [-0.250, 0.000]         grasp_completed       = 0
  finger_contacts (raw) = 0                       finger_contacts       = 0
  x                                               grasp_attempts        = 0
  x                                               task_started          = 1
  x                                               object_available      = 1
  x                                               task_aborted          = 0
  episode                = 1                      x
  step                   = 10                     x
  ee_position            = [-0.2591, -0.0000, 0.1276]  x
  ee_velocity            = [-0.4097, 0.0005, -1.0626]  x
  target_position        = [0.1500, 0.0000, 0.0200]  x
  reward                 = -0.4000                x
  is_success             = False                  x
  obstacle_in_path       = False                  x
  obstacle_count_in_path = 0                      x
  obstacles              = {}                     x
  objects                = {'object_1': {'type': 'box', 'size': [0.04, 0.04, 0.04], 'mass': 1.0, 'color': [0.1, 0.2, 0.9, 1.0], 'initial_position': [-0.25, 0.0, 0.02], 'spinning_friction': 0.001, 'current_position': [-0.250000910542948, 4.430213643272149e-06, 0.019989411407690616]}}  x
  scripts                = {'script_1': True, 'reach_only': True, 'left_right': True}  x
  target_goal            = {'type': 'goal_sequence', 'targets': [{'name': 'target', 'position': [0.15000000596046448, 0.0, 0.019999999552965164]}], 'mode': 'goal_sequence'}  x
  scene                  = {'table': {'length': 1.1, 'width': 0.7, 'height': 0.4, 'x_offset': -0.3, 'lateral_friction': 3.0, 'spinning_friction': 0.001}}  x
  robot_config           = {'control_type': 'ee', 'block_gripper': False, 'base_position': [-0.6, 0.0, 0.05]}  x
  current_task           = OBJECT_DELIVERY_SEQUENCE  x
  current_subtask        = APPROACH_OBJECT        x
  active_target_name     = target                 x
  action                 = [0.2206, 0.0003, -0.9754, 1.0000]  x
  joint_angles           = [-0.0007, -0.1840, 0.0008, -2.9402, 0.0003, 2.7943, 0.7851]  x
  joint_velocities       = [-0.0002, 3.6343, 0.0001, 0.2702, -0.0005, 0.9369, 0.0005]  x
  cube_rotation          = [0.0000, -0.0000, -0.0000]  x
  cube_linear_velocity   = [-0.0000, 0.0000, -0.0000]  x
  obstacle_positions     = {}                     x
[step=  10 23:09:44.501][SM] (sem transições neste tick)
[step=  10 23:09:44.501][SM] estado=S2   SAT=None

[step=  11 23:09:45.644][DejaVu] ep=1  subtask=APPROACH_OBJECT  reward=-0.4000
[step=  11 23:09:45.644][Perception]
  CONTEXTO                                        PARÂMETROS SM
  ----------------------------------------------  --------------------------------------
  fingers_width         = 0.0800 m                gripper_width_cm      = 7 cm
  dist_ee_to_cube       = 0.0700 m                distance_ee_object_cm = 4 cm
  dist_cube_to_target   = 0.4000 m  (3D)          distance_obj_goal_cm  = 40 cm  (XY)
  cube_position (z)     = 0.0200 m                object_lift_height_cm = 0 cm
  cube_position (xy)    = [-0.250, 0.000]         grasp_completed       = 0
  finger_contacts (raw) = 0                       finger_contacts       = 0
  x                                               grasp_attempts        = 0
  x                                               task_started          = 1
  x                                               object_available      = 1
  x                                               task_aborted          = 0
  episode                = 1                      x
  step                   = 11                     x
  ee_position            = [-0.2648, -0.0000, 0.0884]  x
  ee_velocity            = [-0.2715, 0.0004, -0.6197]  x
  target_position        = [0.1500, 0.0000, 0.0200]  x
  reward                 = -0.4000                x
  is_success             = False                  x
  obstacle_in_path       = False                  x
  obstacle_count_in_path = 0                      x
  obstacles              = {}                     x
  objects                = {'object_1': {'type': 'box', 'size': [0.04, 0.04, 0.04], 'mass': 1.0, 'color': [0.1, 0.2, 0.9, 1.0], 'initial_position': [-0.25, 0.0, 0.02], 'spinning_friction': 0.001, 'current_position': [-0.25000070043087186, 4.903380098338324e-06, 0.01998948963338307]}}  x
  scripts                = {'script_1': True, 'reach_only': True, 'left_right': True}  x
  target_goal            = {'type': 'goal_sequence', 'targets': [{'name': 'target', 'position': [0.15000000596046448, 0.0, 0.019999999552965164]}], 'mode': 'goal_sequence'}  x
  scene                  = {'table': {'length': 1.1, 'width': 0.7, 'height': 0.4, 'x_offset': -0.3, 'lateral_friction': 3.0, 'spinning_friction': 0.001}}  x
  robot_config           = {'control_type': 'ee', 'block_gripper': False, 'base_position': [-0.6, 0.0, 0.05]}  x
  current_task           = OBJECT_DELIVERY_SEQUENCE  x
  current_subtask        = APPROACH_OBJECT        x
  active_target_name     = target                 x
  action                 = [0.1090, 0.0003, -0.9940, 1.0000]  x
  joint_angles           = [-0.0008, -0.0286, 0.0008, -2.9115, 0.0002, 2.8606, 0.7852]  x
  joint_velocities       = [-0.0004, 2.1932, 0.0002, 0.2782, -0.0010, 0.5096, 0.0006]  x
  cube_rotation          = [0.0000, -0.0000, -0.0000]  x
  cube_linear_velocity   = [0.0000, 0.0000, 0.0000]  x
  obstacle_positions     = {}                     x
[step=  11 23:09:45.644][SM] (sem transições neste tick)
[step=  11 23:09:45.644][SM] estado=S2   SAT=None

[step=  12 23:09:46.790][DejaVu] ep=1  subtask=APPROACH_OBJECT  reward=-0.4000
[step=  12 23:09:46.790][Perception]
  CONTEXTO                                        PARÂMETROS SM
  ----------------------------------------------  --------------------------------------
  fingers_width         = 0.0800 m                gripper_width_cm      = 7 cm
  dist_ee_to_cube       = 0.0391 m                distance_ee_object_cm = 1 cm
  dist_cube_to_target   = 0.4000 m  (3D)          distance_obj_goal_cm  = 40 cm  (XY)
  cube_position (z)     = 0.0200 m                object_lift_height_cm = 0 cm
  cube_position (xy)    = [-0.250, 0.000]         grasp_completed       = 0
  finger_contacts (raw) = 0                       finger_contacts       = 0
  x                                               grasp_attempts        = 0
  x                                               task_started          = 1
  x                                               object_available      = 1
  x                                               task_aborted          = 0
  episode                = 1                      x
  step                   = 12                     x
  ee_position            = [-0.2567, -0.0000, 0.0585]  x
  ee_velocity            = [-0.1778, 0.0003, -0.5876]  x
  target_position        = [0.1500, 0.0000, 0.0200]  x
  reward                 = -0.4000                x
  is_success             = False                  x
  obstacle_in_path       = False                  x
  obstacle_count_in_path = 0                      x
  obstacles              = {}                     x
  objects                = {'object_1': {'type': 'box', 'size': [0.04, 0.04, 0.04], 'mass': 1.0, 'color': [0.1, 0.2, 0.9, 1.0], 'initial_position': [-0.25, 0.0, 0.02], 'spinning_friction': 0.001, 'current_position': [-0.2500002862534305, 4.903496398524369e-06, 0.01998990368716314]}}  x
  scripts                = {'script_1': True, 'reach_only': True, 'left_right': True}  x
  target_goal            = {'type': 'goal_sequence', 'targets': [{'name': 'target', 'position': [0.15000000596046448, 0.0, 0.019999999552965164]}], 'mode': 'goal_sequence'}  x
  scene                  = {'table': {'length': 1.1, 'width': 0.7, 'height': 0.4, 'x_offset': -0.3, 'lateral_friction': 3.0, 'spinning_friction': 0.001}}  x
  robot_config           = {'control_type': 'ee', 'block_gripper': False, 'base_position': [-0.6, 0.0, 0.05]}  x
  current_task           = OBJECT_DELIVERY_SEQUENCE  x
  current_subtask        = APPROACH_OBJECT        x
  active_target_name     = target                 x
  action                 = [0.3224, 0.0003, -0.9466, 1.0000]  x
  joint_angles           = [-0.0008, 0.1141, 0.0006, -2.8742, -0.0001, 2.9734, 0.7853]  x
  joint_velocities       = [0.0001, 2.2020, -0.0008, 0.4190, -0.0021, 0.8672, 0.0012]  x
  cube_rotation          = [0.0000, -0.0000, -0.0000]  x
  cube_linear_velocity   = [0.0000, -0.0000, 0.0000]  x
  obstacle_positions     = {}                     x
[step=  12 23:09:46.790][SM] (sem transições neste tick)
[step=  12 23:09:46.790][SM] estado=S2   SAT=None

[step=  13 23:09:47.938][DejaVu] ep=1  subtask=APPROACH_OBJECT  reward=-0.4000
[step=  13 23:09:47.938][Perception]
  CONTEXTO                                        PARÂMETROS SM
  ----------------------------------------------  --------------------------------------
  fingers_width         = 0.0800 m                gripper_width_cm      = 7 cm
  dist_ee_to_cube       = 0.0092 m                distance_ee_object_cm = 0 cm
  dist_cube_to_target   = 0.4000 m  (3D)          distance_obj_goal_cm  = 40 cm  (XY)
  cube_position (z)     = 0.0200 m                object_lift_height_cm = 0 cm
  cube_position (xy)    = [-0.250, 0.000]         grasp_completed       = 0
  finger_contacts (raw) = 0                       finger_contacts       = 0
  x                                               grasp_attempts        = 0
  x                                               task_started          = 1
  x                                               object_available      = 1
  x                                               task_aborted          = 0
  episode                = 1                      x
  step                   = 13                     x
  ee_position            = [-0.2448, 0.0000, 0.0275]  x
  ee_velocity            = [-0.1041, 0.0003, -0.6151]  x
  target_position        = [0.1500, 0.0000, 0.0200]  x
  reward                 = -0.4000                x
  is_success             = False                  x
  obstacle_in_path       = False                  x
  obstacle_count_in_path = 0                      x
  obstacles              = {}                     x
  objects                = {'object_1': {'type': 'box', 'size': [0.04, 0.04, 0.04], 'mass': 1.0, 'color': [0.1, 0.2, 0.9, 1.0], 'initial_position': [-0.25, 0.0, 0.02], 'spinning_friction': 0.001, 'current_position': [-0.2500002081102265, 4.903495591203585e-06, 0.01998998182561259]}}  x
  scripts                = {'script_1': True, 'reach_only': True, 'left_right': True}  x
  target_goal            = {'type': 'goal_sequence', 'targets': [{'name': 'target', 'position': [0.15000000596046448, 0.0, 0.019999999552965164]}], 'mode': 'goal_sequence'}  x
  scene                  = {'table': {'length': 1.1, 'width': 0.7, 'height': 0.4, 'x_offset': -0.3, 'lateral_friction': 3.0, 'spinning_friction': 0.001}}  x
  robot_config           = {'control_type': 'ee', 'block_gripper': False, 'base_position': [-0.6, 0.0, 0.05]}  x
  current_task           = OBJECT_DELIVERY_SEQUENCE  x
  current_subtask        = APPROACH_OBJECT        x
  active_target_name     = target                 x
  action                 = [0.4439, 0.0015, -0.8961, 1.0000]  x
  joint_angles           = [-0.0005, 0.2612, 0.0004, -2.8099, -0.0003, 3.0542, 0.7856]  x
  joint_velocities       = [0.0022, 2.3164, -0.0022, 0.8002, -0.0016, 0.6211, 0.0017]  x
  cube_rotation          = [-0.0000, -0.0000, -0.0000]  x
  cube_linear_velocity   = [0.0000, -0.0000, 0.0000]  x
  obstacle_positions     = {}                     x
[step=  13 23:09:47.938][SM] (sem transições neste tick)
[step=  13 23:09:47.938][SM] estado=S2   SAT=None

[step=  14 23:09:49.086][DejaVu] ep=1  subtask=GRASP_OBJECT  reward=-0.3975
[step=  14 23:09:49.086][Perception]
  CONTEXTO                                        PARÂMETROS SM
  ----------------------------------------------  --------------------------------------
  fingers_width         = 0.0387 m                gripper_width_cm      = 3 cm
  dist_ee_to_cube       = 0.0015 m                distance_ee_object_cm = 0 cm
  dist_cube_to_target   = 0.3975 m  (3D)          distance_obj_goal_cm  = 39 cm  (XY)
  cube_position (z)     = 0.0236 m                object_lift_height_cm = 0 cm
  cube_position (xy)    = [-0.247, 0.000]         grasp_completed       = 1
  finger_contacts (raw) = 2                       finger_contacts       = 2
  x                                               grasp_attempts        = 1
  x                                               task_started          = 1
  x                                               object_available      = 1
  x                                               task_aborted          = 0
  episode                = 1                      x
  step                   = 14                     x
  ee_position            = [-0.2486, 0.0000, 0.0228]  x
  ee_velocity            = [0.2117, -0.0002, 0.2586]  x
  target_position        = [0.1500, 0.0000, 0.0200]  x
  reward                 = -0.3975                x
  is_success             = False                  x
  obstacle_in_path       = False                  x
  obstacle_count_in_path = 0                      x
  obstacles              = {}                     x
  objects                = {'object_1': {'type': 'box', 'size': [0.04, 0.04, 0.04], 'mass': 1.0, 'color': [0.1, 0.2, 0.9, 1.0], 'initial_position': [-0.25, 0.0, 0.02], 'spinning_friction': 0.001, 'current_position': [-0.24749579137114333, 0.000474920184264866, 0.023637808834862207]}}  x
  scripts                = {'script_1': True, 'reach_only': True, 'left_right': True}  x
  target_goal            = {'type': 'goal_sequence', 'targets': [{'name': 'target', 'position': [0.15000000596046448, 0.0, 0.019999999552965164]}], 'mode': 'goal_sequence'}  x
  scene                  = {'table': {'length': 1.1, 'width': 0.7, 'height': 0.4, 'x_offset': -0.3, 'lateral_friction': 3.0, 'spinning_friction': 0.001}}  x
  robot_config           = {'control_type': 'ee', 'block_gripper': False, 'base_position': [-0.6, 0.0, 0.05]}  x
  current_task           = OBJECT_DELIVERY_SEQUENCE  x
  current_subtask        = GRASP_OBJECT           x
  active_target_name     = target                 x
  action                 = [0.0000, 0.0000, 0.0000, -1.0000]  x
  joint_angles           = [-0.0003, 0.2701, 0.0002, -2.8174, -0.0003, 3.0728, 0.7856]  x
  joint_velocities       = [0.0011, -0.7471, -0.0014, -0.0854, -0.0007, 0.1429, 0.0004]  x
  cube_rotation          = [-0.0021, -0.0133, 0.0058]  x
  cube_linear_velocity   = [0.2113, 0.0202, 0.2593]  x
  obstacle_positions     = {}                     x
[step=  14 23:09:49.086][SM] ação→ approach_object() (APPROACH_OBJECT)  [nova neste tick]
[step=  14 23:09:49.086][SM] S2 ──[approach_object() (APPROACH_OBJECT)]──► PHI_3   ✓
[step=  14 23:09:49.086][SM] PHI_3 ──[distance_ee_object_cm <= 2]──► S4   ✓
[step=  14 23:09:49.086][SM] S4 ──[gripper_width_cm >= 6 and distance_ee_object_cm <= 2]──► PHI_5   ✓
[step=  14 23:09:49.086][SM] PHI_5 ──[gripper_width_cm >= 6]──► S6   ✓
[step=  14 23:09:49.086][SM] estado=S6   SAT=True

[step=  15 23:09:50.244][DejaVu] ep=1  subtask=GRASP_OBJECT  reward=-0.3974
[step=  15 23:09:50.244][Perception]
  CONTEXTO                                        PARÂMETROS SM
  ----------------------------------------------  --------------------------------------
  fingers_width         = 0.0380 m                gripper_width_cm      = 3 cm
  dist_ee_to_cube       = 0.0015 m                distance_ee_object_cm = 0 cm
  dist_cube_to_target   = 0.3974 m  (3D)          distance_obj_goal_cm  = 39 cm  (XY)
  cube_position (z)     = 0.0241 m                object_lift_height_cm = 0 cm
  cube_position (xy)    = [-0.247, 0.001]         grasp_completed       = 1
  finger_contacts (raw) = 2                       finger_contacts       = 2
  x                                               grasp_attempts        = 1
  x                                               task_started          = 1
  x                                               object_available      = 1
  x                                               task_aborted          = 0
  episode                = 1                      x
  step                   = 15                     x
  ee_position            = [-0.2481, -0.0000, 0.0237]  x
  ee_velocity            = [-0.0092, -0.0000, -0.0071]  x
  target_position        = [0.1500, 0.0000, 0.0200]  x
  reward                 = -0.3974                x
  is_success             = False                  x
  obstacle_in_path       = False                  x
  obstacle_count_in_path = 0                      x
  obstacles              = {}                     x
  objects                = {'object_1': {'type': 'box', 'size': [0.04, 0.04, 0.04], 'mass': 1.0, 'color': [0.1, 0.2, 0.9, 1.0], 'initial_position': [-0.25, 0.0, 0.02], 'spinning_friction': 0.001, 'current_position': [-0.2473934038367595, 0.001298835001794699, 0.02408821702796899]}}  x
  scripts                = {'script_1': True, 'reach_only': True, 'left_right': True}  x
  target_goal            = {'type': 'goal_sequence', 'targets': [{'name': 'target', 'position': [0.15000000596046448, 0.0, 0.019999999552965164]}], 'mode': 'goal_sequence'}  x
  scene                  = {'table': {'length': 1.1, 'width': 0.7, 'height': 0.4, 'x_offset': -0.3, 'lateral_friction': 3.0, 'spinning_friction': 0.001}}  x
  robot_config           = {'control_type': 'ee', 'block_gripper': False, 'base_position': [-0.6, 0.0, 0.05]}  x
  current_task           = OBJECT_DELIVERY_SEQUENCE  x
  current_subtask        = GRASP_OBJECT           x
  active_target_name     = target                 x
  action                 = [0.0000, 0.0000, 0.0000, -1.0000]  x
  joint_angles           = [-0.0002, 0.2701, 0.0001, -2.8245, -0.0004, 3.0930, 0.7856]  x
  joint_velocities       = [0.0006, 0.0289, -0.0007, -0.0562, -0.0003, 0.1557, 0.0002]  x
  cube_rotation          = [-0.0013, -0.0263, 0.0048]  x
  cube_linear_velocity   = [-0.0092, 0.0209, -0.0070]  x
  obstacle_positions     = {}                     x
[step=  15 23:09:50.244][SM] (sem transições neste tick)
[step=  15 23:09:50.244][SM] estado=S6   SAT=True

[step=  16 23:09:51.379][DejaVu] ep=1  subtask=LIFT_OBJECT  reward=-0.4127
[step=  16 23:09:51.379][Perception]
  CONTEXTO                                        PARÂMETROS SM
  ----------------------------------------------  --------------------------------------
  fingers_width         = 0.0373 m                gripper_width_cm      = 3 cm
  dist_ee_to_cube       = 0.0036 m                distance_ee_object_cm = 0 cm
  dist_cube_to_target   = 0.4127 m  (3D)          distance_obj_goal_cm  = 41 cm  (XY)
  cube_position (z)     = 0.0363 m                object_lift_height_cm = 1 cm
  cube_position (xy)    = [-0.262, 0.002]         grasp_completed       = 1
  finger_contacts (raw) = 2                       finger_contacts       = 2
  x                                               grasp_attempts        = 1
  x                                               task_started          = 1
  x                                               object_available      = 1
  x                                               task_aborted          = 0
  episode                = 1                      x
  step                   = 16                     x
  ee_position            = [-0.2647, 0.0000, 0.0345]  x
  ee_velocity            = [0.3207, 0.0001, 0.6911]  x
  target_position        = [0.1500, 0.0000, 0.0200]  x
  reward                 = -0.4127                x
  is_success             = False                  x
  obstacle_in_path       = False                  x
  obstacle_count_in_path = 0                      x
  obstacles              = {}                     x
  objects                = {'object_1': {'type': 'box', 'size': [0.04, 0.04, 0.04], 'mass': 1.0, 'color': [0.1, 0.2, 0.9, 1.0], 'initial_position': [-0.25, 0.0, 0.02], 'spinning_friction': 0.001, 'current_position': [-0.26240839394108656, 0.002160838523847857, 0.036276600943496495]}}  x
  scripts                = {'script_1': True, 'reach_only': True, 'left_right': True}  x
  target_goal            = {'type': 'goal_sequence', 'targets': [{'name': 'target', 'position': [0.15000000596046448, 0.0, 0.019999999552965164]}], 'mode': 'goal_sequence'}  x
  scene                  = {'table': {'length': 1.1, 'width': 0.7, 'height': 0.4, 'x_offset': -0.3, 'lateral_friction': 3.0, 'spinning_friction': 0.001}}  x
  robot_config           = {'control_type': 'ee', 'block_gripper': False, 'base_position': [-0.6, 0.0, 0.05]}  x
  current_task           = OBJECT_DELIVERY_SEQUENCE  x
  current_subtask        = LIFT_OBJECT            x
  active_target_name     = target                 x
  action                 = [0.0000, 0.0000, 1.0000, -1.0000]  x
  joint_angles           = [-0.0003, 0.1945, 0.0002, -2.8528, -0.0003, 2.9897, 0.7856]  x
  joint_velocities       = [-0.0001, -2.4779, 0.0011, -0.4146, 0.0005, -0.7948, -0.0002]  x
  cube_rotation          = [0.0009, 0.0396, 0.0025]  x
  cube_linear_velocity   = [0.3204, 0.0203, 0.6934]  x
  obstacle_positions     = {}                     x
[step=  16 23:09:51.379][SM] ação→ close_gripper() (GRASP_OBJECT)  [nova neste tick]
[step=  16 23:09:51.379][SM] S6 ──[close_gripper() (GRASP_OBJECT)]──► PHI_7   ✓
[step=  16 23:09:51.379][SM] PHI_7 ──[grasp_completed == 1]──► S8   ✓
[step=  16 23:09:51.379][SM] S8 ──[finger_contacts >= 2 and grasp_completed == 1]──► PHI_17   ✓
[step=  16 23:09:51.379][SM] PHI_17 ──[finger_contacts >= 2]──► S18   ✓
[step=  16 23:09:51.379][SM] estado=S18   SAT=True

[step=  17 23:09:52.523][DejaVu] ep=1  subtask=LIFT_OBJECT  reward=-0.4129
[step=  17 23:09:52.523][Perception]
  CONTEXTO                                        PARÂMETROS SM
  ----------------------------------------------  --------------------------------------
  fingers_width         = 0.0379 m                gripper_width_cm      = 3 cm
  dist_ee_to_cube       = 0.0037 m                distance_ee_object_cm = 0 cm
  dist_cube_to_target   = 0.4129 m  (3D)          distance_obj_goal_cm  = 41 cm  (XY)
  cube_position (z)     = 0.0675 m                object_lift_height_cm = 4 cm
  cube_position (xy)    = [-0.260, 0.003]         grasp_completed       = 1
  finger_contacts (raw) = 2                       finger_contacts       = 2
  x                                               grasp_attempts        = 1
  x                                               task_started          = 1
  x                                               object_available      = 1
  x                                               task_aborted          = 0
  episode                = 1                      x
  step                   = 17                     x
  ee_position            = [-0.2620, 0.0000, 0.0661]  x
  ee_velocity            = [0.1090, -0.0003, 0.4045]  x
  target_position        = [0.1500, 0.0000, 0.0200]  x
  reward                 = -0.4129                x
  is_success             = False                  x
  obstacle_in_path       = False                  x
  obstacle_count_in_path = 0                      x
  obstacles              = {}                     x
  objects                = {'object_1': {'type': 'box', 'size': [0.04, 0.04, 0.04], 'mass': 1.0, 'color': [0.1, 0.2, 0.9, 1.0], 'initial_position': [-0.25, 0.0, 0.02], 'spinning_friction': 0.001, 'current_position': [-0.2601768793566606, 0.0029548442001335875, 0.06746933049038055]}}  x
  scripts                = {'script_1': True, 'reach_only': True, 'left_right': True}  x
  target_goal            = {'type': 'goal_sequence', 'targets': [{'name': 'target', 'position': [0.15000000596046448, 0.0, 0.019999999552965164]}], 'mode': 'goal_sequence'}  x
  scene                  = {'table': {'length': 1.1, 'width': 0.7, 'height': 0.4, 'x_offset': -0.3, 'lateral_friction': 3.0, 'spinning_friction': 0.001}}  x
  robot_config           = {'control_type': 'ee', 'block_gripper': False, 'base_position': [-0.6, 0.0, 0.05]}  x
  current_task           = OBJECT_DELIVERY_SEQUENCE  x
  current_subtask        = LIFT_OBJECT            x
  active_target_name     = target                 x
  action                 = [0.0000, 0.0000, 1.0000, -1.0000]  x
  joint_angles           = [-0.0003, 0.0647, 0.0002, -2.8982, -0.0002, 2.9535, 0.7856]  x
  joint_velocities       = [-0.0000, -1.5695, -0.0004, -0.4341, 0.0007, -0.2781, -0.0002]  x
  cube_rotation          = [0.0011, -0.0091, 0.0021]  x
  cube_linear_velocity   = [0.1073, 0.0200, 0.4057]  x
  obstacle_positions     = {}                     x
[step=  17 23:09:52.523][SM] (sem transições neste tick)
[step=  17 23:09:52.523][SM] estado=S18   SAT=True

[step=  18 23:09:53.684][DejaVu] ep=1  subtask=LIFT_OBJECT  reward=-0.4154
[step=  18 23:09:53.684][Perception]
  CONTEXTO                                        PARÂMETROS SM
  ----------------------------------------------  --------------------------------------
  fingers_width         = 0.0376 m                gripper_width_cm      = 3 cm
  dist_ee_to_cube       = 0.0052 m                distance_ee_object_cm = 0 cm
  dist_cube_to_target   = 0.4154 m  (3D)          distance_obj_goal_cm  = 40 cm  (XY)
  cube_position (z)     = 0.0939 m                object_lift_height_cm = 7 cm
  cube_position (xy)    = [-0.259, 0.004]         grasp_completed       = 1
  finger_contacts (raw) = 2                       finger_contacts       = 2
  x                                               grasp_attempts        = 1
  x                                               task_started          = 1
  x                                               object_available      = 1
  x                                               task_aborted          = 0
  episode                = 1                      x
  step                   = 18                     x
  ee_position            = [-0.2618, 0.0000, 0.0921]  x
  ee_velocity            = [0.2687, -0.0002, 0.5786]  x
  target_position        = [0.1500, 0.0000, 0.0200]  x
  reward                 = -0.4154                x
  is_success             = False                  x
  obstacle_in_path       = False                  x
  obstacle_count_in_path = 0                      x
  obstacles              = {}                     x
  objects                = {'object_1': {'type': 'box', 'size': [0.04, 0.04, 0.04], 'mass': 1.0, 'color': [0.1, 0.2, 0.9, 1.0], 'initial_position': [-0.25, 0.0, 0.02], 'spinning_friction': 0.001, 'current_position': [-0.25875933079189706, 0.0038100254330672993, 0.0938922078160032]}}  x
  scripts                = {'script_1': True, 'reach_only': True, 'left_right': True}  x
  target_goal            = {'type': 'goal_sequence', 'targets': [{'name': 'target', 'position': [0.15000000596046448, 0.0, 0.019999999552965164]}], 'mode': 'goal_sequence'}  x
  scene                  = {'table': {'length': 1.1, 'width': 0.7, 'height': 0.4, 'x_offset': -0.3, 'lateral_friction': 3.0, 'spinning_friction': 0.001}}  x
  robot_config           = {'control_type': 'ee', 'block_gripper': False, 'base_position': [-0.6, 0.0, 0.05]}  x
  current_task           = OBJECT_DELIVERY_SEQUENCE  x
  current_subtask        = LIFT_OBJECT            x
  active_target_name     = target                 x
  action                 = [0.0000, 0.0000, 1.0000, -1.0000]  x
  joint_angles           = [-0.0002, -0.0466, 0.0002, -2.9078, -0.0000, 2.8494, 0.7855]  x
  joint_velocities       = [0.0003, -1.9560, -0.0005, -0.0554, 0.0014, -0.7999, -0.0009]  x
  cube_rotation          = [0.0020, 0.0007, 0.0024]  x
  cube_linear_velocity   = [0.2669, 0.0212, 0.5816]  x
  obstacle_positions     = {}                     x
[step=  18 23:09:53.684][SM] (sem transições neste tick)
[step=  18 23:09:53.684][SM] estado=S18   SAT=True

[step=  19 23:09:54.817][DejaVu] ep=1  subtask=LIFT_OBJECT  reward=-0.4176
[step=  19 23:09:54.817][Perception]
  CONTEXTO                                        PARÂMETROS SM
  ----------------------------------------------  --------------------------------------
  fingers_width         = 0.0378 m                gripper_width_cm      = 3 cm
  dist_ee_to_cube       = 0.0061 m                distance_ee_object_cm = 0 cm
  dist_cube_to_target   = 0.4176 m  (3D)          distance_obj_goal_cm  = 40 cm  (XY)
  cube_position (z)     = 0.1235 m                object_lift_height_cm = 10 cm
  cube_position (xy)    = [-0.255, 0.005]         grasp_completed       = 1
  finger_contacts (raw) = 2                       finger_contacts       = 2
  x                                               grasp_attempts        = 1
  x                                               task_started          = 1
  x                                               object_available      = 1
  x                                               task_aborted          = 0
  episode                = 1                      x
  step                   = 19                     x
  ee_position            = [-0.2582, 0.0000, 0.1219]  x
  ee_velocity            = [0.1549, -0.0000, 0.4627]  x
  target_position        = [0.1500, 0.0000, 0.0200]  x
  reward                 = -0.4176                x
  is_success             = False                  x
  obstacle_in_path       = False                  x
  obstacle_count_in_path = 0                      x
  obstacles              = {}                     x
  objects                = {'object_1': {'type': 'box', 'size': [0.04, 0.04, 0.04], 'mass': 1.0, 'color': [0.1, 0.2, 0.9, 1.0], 'initial_position': [-0.25, 0.0, 0.02], 'spinning_friction': 0.001, 'current_position': [-0.2546046019928685, 0.004632235597855961, 0.12345715401451857]}}  x
  scripts                = {'script_1': True, 'reach_only': True, 'left_right': True}  x
  target_goal            = {'type': 'goal_sequence', 'targets': [{'name': 'target', 'position': [0.15000000596046448, 0.0, 0.019999999552965164]}], 'mode': 'goal_sequence'}  x
  scene                  = {'table': {'length': 1.1, 'width': 0.7, 'height': 0.4, 'x_offset': -0.3, 'lateral_friction': 3.0, 'spinning_friction': 0.001}}  x
  robot_config           = {'control_type': 'ee', 'block_gripper': False, 'base_position': [-0.6, 0.0, 0.05]}  x
  current_task           = OBJECT_DELIVERY_SEQUENCE  x
  current_subtask        = LIFT_OBJECT            x
  active_target_name     = target                 x
  action                 = [0.0000, 0.0000, 1.0000, -1.0000]  x
  joint_angles           = [-0.0002, -0.1590, 0.0002, -2.9065, 0.0001, 2.7430, 0.7854]  x
  joint_velocities       = [0.0003, -1.5617, -0.0002, -0.0004, 0.0008, -0.8184, -0.0006]  x
  cube_rotation          = [0.0024, -0.0003, 0.0015]  x
  cube_linear_velocity   = [0.1536, 0.0200, 0.4654]  x
  obstacle_positions     = {}                     x
[step=  19 23:09:54.817][SM] (sem transições neste tick)
[step=  19 23:09:54.817][SM] estado=S18   SAT=True

[step=  20 23:09:55.989][DejaVu] ep=1  subtask=LIFT_OBJECT  reward=-0.4227
[step=  20 23:09:55.989][Perception]
  CONTEXTO                                        PARÂMETROS SM
  ----------------------------------------------  --------------------------------------
  fingers_width         = 0.0382 m                gripper_width_cm      = 3 cm
  dist_ee_to_cube       = 0.0068 m                distance_ee_object_cm = 0 cm
  dist_cube_to_target   = 0.4227 m  (3D)          distance_obj_goal_cm  = 40 cm  (XY)
  cube_position (z)     = 0.1528 m                object_lift_height_cm = 13 cm
  cube_position (xy)    = [-0.251, 0.005]         grasp_completed       = 1
  finger_contacts (raw) = 2                       finger_contacts       = 2
  x                                               grasp_attempts        = 1
  x                                               task_started          = 1
  x                                               object_available      = 1
  x                                               task_aborted          = 0
  episode                = 1                      x
  step                   = 20                     x
  ee_position            = [-0.2549, -0.0000, 0.1511]  x
  ee_velocity            = [0.1664, 0.0001, 0.5217]  x
  target_position        = [0.1500, 0.0000, 0.0200]  x
  reward                 = -0.4227                x
  is_success             = False                  x
  obstacle_in_path       = False                  x
  obstacle_count_in_path = 0                      x
  obstacles              = {}                     x
  objects                = {'object_1': {'type': 'box', 'size': [0.04, 0.04, 0.04], 'mass': 1.0, 'color': [0.1, 0.2, 0.9, 1.0], 'initial_position': [-0.25, 0.0, 0.02], 'spinning_friction': 0.001, 'current_position': [-0.25122560968272484, 0.005452610240458566, 0.15280635844981796]}}  x
  scripts                = {'script_1': True, 'reach_only': True, 'left_right': True}  x
  target_goal            = {'type': 'goal_sequence', 'targets': [{'name': 'target', 'position': [0.15000000596046448, 0.0, 0.019999999552965164]}], 'mode': 'goal_sequence'}  x
  scene                  = {'table': {'length': 1.1, 'width': 0.7, 'height': 0.4, 'x_offset': -0.3, 'lateral_friction': 3.0, 'spinning_friction': 0.001}}  x
  robot_config           = {'control_type': 'ee', 'block_gripper': False, 'base_position': [-0.6, 0.0, 0.05]}  x
  current_task           = OBJECT_DELIVERY_SEQUENCE  x
  current_subtask        = LIFT_OBJECT            x
  active_target_name     = target                 x
  action                 = [0.0000, 0.0000, 1.0000, -1.0000]  x
  joint_angles           = [-0.0002, -0.2567, 0.0002, -2.8877, 0.0000, 2.6229, 0.7854]  x
  joint_velocities       = [0.0002, -1.5972, -0.0001, 0.1443, 0.0037, -0.9238, -0.0003]  x
  cube_rotation          = [0.0022, 0.0038, 0.0016]  x
  cube_linear_velocity   = [0.1636, 0.0208, 0.5248]  x
  obstacle_positions     = {}                     x
[step=  20 23:09:55.989][SM] (sem transições neste tick)
[step=  20 23:09:55.989][SM] estado=S18   SAT=True

[step=  21 23:09:57.111][DejaVu] ep=1  subtask=LIFT_OBJECT  reward=-0.4301
[step=  21 23:09:57.111][Perception]
  CONTEXTO                                        PARÂMETROS SM
  ----------------------------------------------  --------------------------------------
  fingers_width         = 0.0382 m                gripper_width_cm      = 3 cm
  dist_ee_to_cube       = 0.0074 m                distance_ee_object_cm = 0 cm
  dist_cube_to_target   = 0.4301 m  (3D)          distance_obj_goal_cm  = 39 cm  (XY)
  cube_position (z)     = 0.1848 m                object_lift_height_cm = 16 cm
  cube_position (xy)    = [-0.247, 0.006]         grasp_completed       = 1
  finger_contacts (raw) = 2                       finger_contacts       = 2
  x                                               grasp_attempts        = 1
  x                                               task_started          = 1
  x                                               object_available      = 1
  x                                               task_aborted          = 0
  episode                = 1                      x
  step                   = 21                     x
  ee_position            = [-0.2508, -0.0000, 0.1832]  x
  ee_velocity            = [0.1326, 0.0002, 0.5156]  x
  target_position        = [0.1500, 0.0000, 0.0200]  x
  reward                 = -0.4301                x
  is_success             = False                  x
  obstacle_in_path       = False                  x
  obstacle_count_in_path = 0                      x
  obstacles              = {}                     x
  objects                = {'object_1': {'type': 'box', 'size': [0.04, 0.04, 0.04], 'mass': 1.0, 'color': [0.1, 0.2, 0.9, 1.0], 'initial_position': [-0.25, 0.0, 0.02], 'spinning_friction': 0.001, 'current_position': [-0.2472447807160936, 0.006297772956651792, 0.18483497993139328]}}  x
  scripts                = {'script_1': True, 'reach_only': True, 'left_right': True}  x
  target_goal            = {'type': 'goal_sequence', 'targets': [{'name': 'target', 'position': [0.15000000596046448, 0.0, 0.019999999552965164]}], 'mode': 'goal_sequence'}  x
  scene                  = {'table': {'length': 1.1, 'width': 0.7, 'height': 0.4, 'x_offset': -0.3, 'lateral_friction': 3.0, 'spinning_friction': 0.001}}  x
  robot_config           = {'control_type': 'ee', 'block_gripper': False, 'base_position': [-0.6, 0.0, 0.05]}  x
  current_task           = OBJECT_DELIVERY_SEQUENCE  x
  current_subtask        = LIFT_OBJECT            x
  active_target_name     = target                 x
  action                 = [0.0000, 0.0000, 1.0000, -1.0000]  x
  joint_angles           = [-0.0001, -0.3483, 0.0001, -2.8590, -0.0000, 2.5043, 0.7853]  x
  joint_velocities       = [0.0001, -1.4508, -0.0003, 0.2311, 0.0055, -0.9111, -0.0001]  x
  cube_rotation          = [0.0022, 0.0019, 0.0015]  x
  cube_linear_velocity   = [0.1297, 0.0212, 0.5186]  x
  obstacle_positions     = {}                     x
[step=  21 23:09:57.111][SM] (sem transições neste tick)
[step=  21 23:09:57.111][SM] estado=S18   SAT=True

[step=  22 23:09:58.257][DejaVu] ep=1  subtask=LIFT_OBJECT  reward=-0.4211
[step=  22 23:09:58.257][Perception]
  CONTEXTO                                        PARÂMETROS SM
  ----------------------------------------------  --------------------------------------
  fingers_width         = 0.0370 m                gripper_width_cm      = 3 cm
  dist_ee_to_cube       = 0.0075 m                distance_ee_object_cm = 0 cm
  dist_cube_to_target   = 0.4211 m  (3D)          distance_obj_goal_cm  = 39 cm  (XY)
  cube_position (z)     = 0.1769 m                object_lift_height_cm = 15 cm
  cube_position (xy)    = [-0.241, 0.007]         grasp_completed       = 1
  finger_contacts (raw) = 2                       finger_contacts       = 2
  x                                               grasp_attempts        = 1
  x                                               task_started          = 1
  x                                               object_available      = 1
  x                                               task_aborted          = 0
  episode                = 1                      x
  step                   = 22                     x
  ee_position            = [-0.2420, -0.0000, 0.1779]  x
  ee_velocity            = [-0.3065, -0.0004, -0.8683]  x
  target_position        = [0.1500, 0.0000, 0.0200]  x
  reward                 = -0.4211                x
  is_success             = False                  x
  obstacle_in_path       = False                  x
  obstacle_count_in_path = 0                      x
  obstacles              = {}                     x
  objects                = {'object_1': {'type': 'box', 'size': [0.04, 0.04, 0.04], 'mass': 1.0, 'color': [0.1, 0.2, 0.9, 1.0], 'initial_position': [-0.25, 0.0, 0.02], 'spinning_friction': 0.001, 'current_position': [-0.2407757025201528, 0.007273351729129308, 0.17685364241235169]}}  x
  scripts                = {'script_1': True, 'reach_only': True, 'left_right': True}  x
  target_goal            = {'type': 'goal_sequence', 'targets': [{'name': 'target', 'position': [0.15000000596046448, 0.0, 0.019999999552965164]}], 'mode': 'goal_sequence'}  x
  scene                  = {'table': {'length': 1.1, 'width': 0.7, 'height': 0.4, 'x_offset': -0.3, 'lateral_friction': 3.0, 'spinning_friction': 0.001}}  x
  robot_config           = {'control_type': 'ee', 'block_gripper': False, 'base_position': [-0.6, 0.0, 0.05]}  x
  current_task           = OBJECT_DELIVERY_SEQUENCE  x
  current_subtask        = LIFT_OBJECT            x
  active_target_name     = target                 x
  action                 = [0.0000, 0.0000, -1.0000, -1.0000]  x
  joint_angles           = [-0.0001, -0.3279, 0.0001, -2.8950, 0.0003, 2.6395, 0.7853]  x
  joint_velocities       = [0.0001, 2.4063, -0.0004, -0.3007, -0.0134, 1.0397, -0.0001]  x
  cube_rotation          = [-0.0014, -0.0865, 0.0039]  x
  cube_linear_velocity   = [-0.3044, 0.0237, -0.8711]  x
  obstacle_positions     = {}                     x
[step=  22 23:09:58.257][SM] (sem transições neste tick)
[step=  22 23:09:58.257][SM] estado=S18   SAT=True

[step=  23 23:09:59.380][DejaVu] ep=1  subtask=TRANSPORT_OBJECT  reward=-0.4085
[step=  23 23:09:59.380][Perception]
  CONTEXTO                                        PARÂMETROS SM
  ----------------------------------------------  --------------------------------------
  fingers_width         = 0.0358 m                gripper_width_cm      = 3 cm
  dist_ee_to_cube       = 0.0090 m                distance_ee_object_cm = 0 cm
  dist_cube_to_target   = 0.4085 m  (3D)          distance_obj_goal_cm  = 38 cm  (XY)
  cube_position (z)     = 0.1462 m                object_lift_height_cm = 12 cm
  cube_position (xy)    = [-0.238, 0.008]         grasp_completed       = 1
  finger_contacts (raw) = 2                       finger_contacts       = 2
  x                                               grasp_attempts        = 1
  x                                               task_started          = 1
  x                                               object_available      = 1
  x                                               task_aborted          = 0
  episode                = 1                      x
  step                   = 23                     x
  ee_position            = [-0.2425, -0.0000, 0.1463]  x
  ee_velocity            = [0.7548, 0.0005, -0.3155]  x
  target_position        = [0.1500, 0.0000, 0.0200]  x
  reward                 = -0.4085                x
  is_success             = False                  x
  obstacle_in_path       = False                  x
  obstacle_count_in_path = 0                      x
  obstacles              = {}                     x
  objects                = {'object_1': {'type': 'box', 'size': [0.04, 0.04, 0.04], 'mass': 1.0, 'color': [0.1, 0.2, 0.9, 1.0], 'initial_position': [-0.25, 0.0, 0.02], 'spinning_friction': 0.001, 'current_position': [-0.23848289605560063, 0.008006074179698829, 0.14616466305231554]}}  x
  scripts                = {'script_1': True, 'reach_only': True, 'left_right': True}  x
  target_goal            = {'type': 'goal_sequence', 'targets': [{'name': 'target', 'position': [0.15000000596046448, 0.0, 0.019999999552965164]}], 'mode': 'goal_sequence'}  x
  scene                  = {'table': {'length': 1.1, 'width': 0.7, 'height': 0.4, 'x_offset': -0.3, 'lateral_friction': 3.0, 'spinning_friction': 0.001}}  x
  robot_config           = {'control_type': 'ee', 'block_gripper': False, 'base_position': [-0.6, 0.0, 0.05]}  x
  current_task           = OBJECT_DELIVERY_SEQUENCE  x
  current_subtask        = TRANSPORT_OBJECT       x
  active_target_name     = target                 x
  action                 = [1.0000, 0.0000, 0.0000, -1.0000]  x
  joint_angles           = [-0.0002, -0.1677, 0.0001, -2.7963, -0.0002, 2.5453, 0.7853]  x
  joint_velocities       = [-0.0004, 3.5865, -0.0004, 3.0901, 0.0155, -0.7243, -0.0001]  x
  cube_rotation          = [-0.0012, 0.0696, 0.0118]  x
  cube_linear_velocity   = [0.7549, 0.0202, -0.3158]  x
  obstacle_positions     = {}                     x
[step=  23 23:09:59.380][SM] ação→ lift_object() (LIFT_OBJECT)  [nova neste tick]
[step=  23 23:09:59.380][SM] S18 ──[lift_object() (LIFT_OBJECT)]──► PHI_19   ✓
[step=  23 23:09:59.380][SM] PHI_19 ──[object_lift_height_cm >= 10 and finger_contacts >= 2]──► S20   ✓
[step=  23 23:09:59.380][SM] S20 ──[finger_contacts >= 2 and object_lift_height_cm >= 10]──► PHI_21   ✓
[step=  23 23:09:59.380][SM] PHI_21 ──[finger_contacts >= 2]──► S22   ✓
[step=  23 23:09:59.380][SM] estado=S22   SAT=True

[step=  24 23:10:00.524][DejaVu] ep=1  subtask=TRANSPORT_OBJECT  reward=-0.3758
[step=  24 23:10:00.524][Perception]
  CONTEXTO                                        PARÂMETROS SM
  ----------------------------------------------  --------------------------------------
  fingers_width         = 0.0379 m                gripper_width_cm      = 3 cm
  dist_ee_to_cube       = 0.0097 m                distance_ee_object_cm = 0 cm
  dist_cube_to_target   = 0.3758 m  (3D)          distance_obj_goal_cm  = 35 cm  (XY)
  cube_position (z)     = 0.1466 m                object_lift_height_cm = 12 cm
  cube_position (xy)    = [-0.204, 0.009]         grasp_completed       = 1
  finger_contacts (raw) = 2                       finger_contacts       = 2
  x                                               grasp_attempts        = 1
  x                                               task_started          = 1
  x                                               object_available      = 1
  x                                               task_aborted          = 0
  episode                = 1                      x
  step                   = 24                     x
  ee_position            = [-0.2068, -0.0001, 0.1455]  x
  ee_velocity            = [0.4174, -0.0001, 0.2374]  x
  target_position        = [0.1500, 0.0000, 0.0200]  x
  reward                 = -0.3758                x
  is_success             = False                  x
  obstacle_in_path       = False                  x
  obstacle_count_in_path = 0                      x
  obstacles              = {}                     x
  objects                = {'object_1': {'type': 'box', 'size': [0.04, 0.04, 0.04], 'mass': 1.0, 'color': [0.1, 0.2, 0.9, 1.0], 'initial_position': [-0.25, 0.0, 0.02], 'spinning_friction': 0.001, 'current_position': [-0.20368766927147983, 0.009075126569423813, 0.14657176711045533]}}  x
  scripts                = {'script_1': True, 'reach_only': True, 'left_right': True}  x
  target_goal            = {'type': 'goal_sequence', 'targets': [{'name': 'target', 'position': [0.15000000596046448, 0.0, 0.019999999552965164]}], 'mode': 'goal_sequence'}  x
  scene                  = {'table': {'length': 1.1, 'width': 0.7, 'height': 0.4, 'x_offset': -0.3, 'lateral_friction': 3.0, 'spinning_friction': 0.001}}  x
  robot_config           = {'control_type': 'ee', 'block_gripper': False, 'base_position': [-0.6, 0.0, 0.05]}  x
  current_task           = OBJECT_DELIVERY_SEQUENCE  x
  current_subtask        = TRANSPORT_OBJECT       x
  active_target_name     = target                 x
  action                 = [0.9968, 0.0001, 0.0802, -1.0000]  x
  joint_angles           = [-0.0002, -0.0933, 0.0000, -2.7248, -0.0000, 2.6026, 0.7853]  x
  joint_velocities       = [0.0002, 0.0515, -0.0005, 0.6519, 0.0016, 0.4407, 0.0001]  x
  cube_rotation          = [0.0003, 0.0193, 0.0112]  x
  cube_linear_velocity   = [0.4160, 0.0265, 0.2398]  x
  obstacle_positions     = {}                     x
[step=  24 23:10:00.524][SM] (sem transições neste tick)
[step=  24 23:10:00.524][SM] estado=S22   SAT=True

[step=  25 23:10:01.685][DejaVu] ep=1  subtask=TRANSPORT_OBJECT  reward=-0.3453
[step=  25 23:10:01.685][Perception]
  CONTEXTO                                        PARÂMETROS SM
  ----------------------------------------------  --------------------------------------
  fingers_width         = 0.0389 m                gripper_width_cm      = 3 cm
  dist_ee_to_cube       = 0.0107 m                distance_ee_object_cm = 0 cm
  dist_cube_to_target   = 0.3453 m  (3D)          distance_obj_goal_cm  = 31 cm  (XY)
  cube_position (z)     = 0.1498 m                object_lift_height_cm = 12 cm
  cube_position (xy)    = [-0.170, 0.010]         grasp_completed       = 1
  finger_contacts (raw) = 2                       finger_contacts       = 2
  x                                               grasp_attempts        = 1
  x                                               task_started          = 1
  x                                               object_available      = 1
  x                                               task_aborted          = 0
  episode                = 1                      x
  step                   = 25                     x
  ee_position            = [-0.1731, -0.0001, 0.1489]  x
  ee_velocity            = [0.5505, -0.0012, 0.1566]  x
  target_position        = [0.1500, 0.0000, 0.0200]  x
  reward                 = -0.3453                x
  is_success             = False                  x
  obstacle_in_path       = False                  x
  obstacle_count_in_path = 0                      x
  obstacles              = {}                     x
  objects                = {'object_1': {'type': 'box', 'size': [0.04, 0.04, 0.04], 'mass': 1.0, 'color': [0.1, 0.2, 0.9, 1.0], 'initial_position': [-0.25, 0.0, 0.02], 'spinning_friction': 0.001, 'current_position': [-0.16980960737533804, 0.010086338229053832, 0.14977909207349]}}  x
  scripts                = {'script_1': True, 'reach_only': True, 'left_right': True}  x
  target_goal            = {'type': 'goal_sequence', 'targets': [{'name': 'target', 'position': [0.15000000596046448, 0.0, 0.019999999552965164]}], 'mode': 'goal_sequence'}  x
  scene                  = {'table': {'length': 1.1, 'width': 0.7, 'height': 0.4, 'x_offset': -0.3, 'lateral_friction': 3.0, 'spinning_friction': 0.001}}  x
  robot_config           = {'control_type': 'ee', 'block_gripper': False, 'base_position': [-0.6, 0.0, 0.05]}  x
  current_task           = OBJECT_DELIVERY_SEQUENCE  x
  current_subtask        = TRANSPORT_OBJECT       x
  active_target_name     = target                 x
  action                 = [0.9959, 0.0002, 0.0902, -1.0000]  x
  joint_angles           = [-0.0001, -0.0212, -0.0001, -2.6290, -0.0000, 2.5977, 0.7853]  x
  joint_velocities       = [0.0001, 0.7752, -0.0027, 1.3974, 0.0001, -0.0376, -0.0002]  x
  cube_rotation          = [0.0012, 0.0009, 0.0044]  x
  cube_linear_velocity   = [0.5510, 0.0247, 0.1579]  x
  obstacle_positions     = {}                     x
[step=  25 23:10:01.685][SM] (sem transições neste tick)
[step=  25 23:10:01.685][SM] estado=S22   SAT=True

[step=  26 23:10:02.844][DejaVu] ep=1  subtask=TRANSPORT_OBJECT  reward=-0.3148
[step=  26 23:10:02.844][Perception]
  CONTEXTO                                        PARÂMETROS SM
  ----------------------------------------------  --------------------------------------
  fingers_width         = 0.0394 m                gripper_width_cm      = 3 cm
  dist_ee_to_cube       = 0.0117 m                distance_ee_object_cm = 0 cm
  dist_cube_to_target   = 0.3148 m  (3D)          distance_obj_goal_cm  = 28 cm  (XY)
  cube_position (z)     = 0.1512 m                object_lift_height_cm = 13 cm
  cube_position (xy)    = [-0.136, 0.011]         grasp_completed       = 1
  finger_contacts (raw) = 2                       finger_contacts       = 2
  x                                               grasp_attempts        = 1
  x                                               task_started          = 1
  x                                               object_available      = 1
  x                                               task_aborted          = 0
  episode                = 1                      x
  step                   = 26                     x
  ee_position            = [-0.1391, -0.0001, 0.1504]  x
  ee_velocity            = [0.4805, -0.0009, 0.1308]  x
  target_position        = [0.1500, 0.0000, 0.0200]  x
  reward                 = -0.3148                x
  is_success             = False                  x
  obstacle_in_path       = False                  x
  obstacle_count_in_path = 0                      x
  obstacles              = {}                     x
  objects                = {'object_1': {'type': 'box', 'size': [0.04, 0.04, 0.04], 'mass': 1.0, 'color': [0.1, 0.2, 0.9, 1.0], 'initial_position': [-0.25, 0.0, 0.02], 'spinning_friction': 0.001, 'current_position': [-0.13593506930267002, 0.011074265066461551, 0.1512215572740312]}}  x
  scripts                = {'script_1': True, 'reach_only': True, 'left_right': True}  x
  target_goal            = {'type': 'goal_sequence', 'targets': [{'name': 'target', 'position': [0.15000000596046448, 0.0, 0.019999999552965164]}], 'mode': 'goal_sequence'}  x
  scene                  = {'table': {'length': 1.1, 'width': 0.7, 'height': 0.4, 'x_offset': -0.3, 'lateral_friction': 3.0, 'spinning_friction': 0.001}}  x
  robot_config           = {'control_type': 'ee', 'block_gripper': False, 'base_position': [-0.6, 0.0, 0.05]}  x
  current_task           = OBJECT_DELIVERY_SEQUENCE  x
  current_subtask        = TRANSPORT_OBJECT       x
  active_target_name     = target                 x
  action                 = [0.9960, 0.0003, 0.0894, -1.0000]  x
  joint_angles           = [-0.0001, 0.0580, -0.0002, -2.5192, 0.0000, 2.5682, 0.7852]  x
  joint_velocities       = [0.0002, 0.7206, -0.0019, 1.3386, 0.0001, -0.2266, -0.0003]  x
  cube_rotation          = [0.0013, 0.0011, 0.0030]  x
  cube_linear_velocity   = [0.4803, 0.0253, 0.1315]  x
  obstacle_positions     = {}                     x
[step=  26 23:10:02.844][SM] (sem transições neste tick)
[step=  26 23:10:02.844][SM] estado=S22   SAT=True

[step=  27 23:10:03.980][DejaVu] ep=1  subtask=TRANSPORT_OBJECT  reward=-0.2852
[step=  27 23:10:03.980][Perception]
  CONTEXTO                                        PARÂMETROS SM
  ----------------------------------------------  --------------------------------------
  fingers_width         = 0.0399 m                gripper_width_cm      = 3 cm
  dist_ee_to_cube       = 0.0127 m                distance_ee_object_cm = 0 cm
  dist_cube_to_target   = 0.2852 m  (3D)          distance_obj_goal_cm  = 25 cm  (XY)
  cube_position (z)     = 0.1515 m                object_lift_height_cm = 13 cm
  cube_position (xy)    = [-0.103, 0.012]         grasp_completed       = 1
  finger_contacts (raw) = 2                       finger_contacts       = 2
  x                                               grasp_attempts        = 1
  x                                               task_started          = 1
  x                                               object_available      = 1
  x                                               task_aborted          = 0
  episode                = 1                      x
  step                   = 27                     x
  ee_position            = [-0.1059, -0.0002, 0.1507]  x
  ee_velocity            = [0.4667, -0.0011, 0.0873]  x
  target_position        = [0.1500, 0.0000, 0.0200]  x
  reward                 = -0.2852                x
  is_success             = False                  x
  obstacle_in_path       = False                  x
  obstacle_count_in_path = 0                      x
  obstacles              = {}                     x
  objects                = {'object_1': {'type': 'box', 'size': [0.04, 0.04, 0.04], 'mass': 1.0, 'color': [0.1, 0.2, 0.9, 1.0], 'initial_position': [-0.25, 0.0, 0.02], 'spinning_friction': 0.001, 'current_position': [-0.10280493384160072, 0.012060304342850468, 0.1514640449888704]}}  x
  scripts                = {'script_1': True, 'reach_only': True, 'left_right': True}  x
  target_goal            = {'type': 'goal_sequence', 'targets': [{'name': 'target', 'position': [0.15000000596046448, 0.0, 0.019999999552965164]}], 'mode': 'goal_sequence'}  x
  scene                  = {'table': {'length': 1.1, 'width': 0.7, 'height': 0.4, 'x_offset': -0.3, 'lateral_friction': 3.0, 'spinning_friction': 0.001}}  x
  robot_config           = {'control_type': 'ee', 'block_gripper': False, 'base_position': [-0.6, 0.0, 0.05]}  x
  current_task           = OBJECT_DELIVERY_SEQUENCE  x
  current_subtask        = TRANSPORT_OBJECT       x
  active_target_name     = target                 x
  action                 = [0.9955, 0.0005, 0.0948, -1.0000]  x
  joint_angles           = [-0.0001, 0.1372, -0.0003, -2.4067, 0.0000, 2.5334, 0.7852]  x
  joint_velocities       = [0.0002, 0.8150, -0.0019, 1.3888, 0.0002, -0.2676, -0.0006]  x
  cube_rotation          = [0.0011, 0.0035, 0.0030]  x
  cube_linear_velocity   = [0.4666, 0.0243, 0.0877]  x
  obstacle_positions     = {}                     x
[step=  27 23:10:03.980][SM] (sem transições neste tick)
[step=  27 23:10:03.980][SM] estado=S22   SAT=True

[step=  28 23:10:05.177][DejaVu] ep=1  subtask=TRANSPORT_OBJECT  reward=-0.2565
[step=  28 23:10:05.177][Perception]
  CONTEXTO                                        PARÂMETROS SM
  ----------------------------------------------  --------------------------------------
  fingers_width         = 0.0400 m                gripper_width_cm      = 3 cm
  dist_ee_to_cube       = 0.0136 m                distance_ee_object_cm = 0 cm
  dist_cube_to_target   = 0.2565 m  (3D)          distance_obj_goal_cm  = 22 cm  (XY)
  cube_position (z)     = 0.1503 m                object_lift_height_cm = 13 cm
  cube_position (xy)    = [-0.071, 0.013]         grasp_completed       = 1
  finger_contacts (raw) = 2                       finger_contacts       = 2
  x                                               grasp_attempts        = 1
  x                                               task_started          = 1
  x                                               object_available      = 1
  x                                               task_aborted          = 0
  episode                = 1                      x
  step                   = 28                     x
  ee_position            = [-0.0736, -0.0002, 0.1496]  x
  ee_velocity            = [0.4329, -0.0008, 0.0438]  x
  target_position        = [0.1500, 0.0000, 0.0200]  x
  reward                 = -0.2565                x
  is_success             = False                  x
  obstacle_in_path       = False                  x
  obstacle_count_in_path = 0                      x
  obstacles              = {}                     x
  objects                = {'object_1': {'type': 'box', 'size': [0.04, 0.04, 0.04], 'mass': 1.0, 'color': [0.1, 0.2, 0.9, 1.0], 'initial_position': [-0.25, 0.0, 0.02], 'spinning_friction': 0.001, 'current_position': [-0.07052649367266911, 0.013022478652925969, 0.1502783938169424]}}  x
  scripts                = {'script_1': True, 'reach_only': True, 'left_right': True}  x
  target_goal            = {'type': 'goal_sequence', 'targets': [{'name': 'target', 'position': [0.15000000596046448, 0.0, 0.019999999552965164]}], 'mode': 'goal_sequence'}  x
  scene                  = {'table': {'length': 1.1, 'width': 0.7, 'height': 0.4, 'x_offset': -0.3, 'lateral_friction': 3.0, 'spinning_friction': 0.001}}  x
  robot_config           = {'control_type': 'ee', 'block_gripper': False, 'base_position': [-0.6, 0.0, 0.05]}  x
  current_task           = OBJECT_DELIVERY_SEQUENCE  x
  current_subtask        = TRANSPORT_OBJECT       x
  active_target_name     = target                 x
  action                 = [0.9944, 0.0007, 0.1056, -1.0000]  x
  joint_angles           = [-0.0001, 0.2170, -0.0004, -2.2924, 0.0001, 2.4963, 0.7851]  x
  joint_velocities       = [0.0002, 0.8561, -0.0014, 1.3724, 0.0003, -0.2856, -0.0006]  x
  cube_rotation          = [0.0012, 0.0064, 0.0029]  x
  cube_linear_velocity   = [0.4327, 0.0240, 0.0440]  x
  obstacle_positions     = {}                     x
[step=  28 23:10:05.177][SM] (sem transições neste tick)
[step=  28 23:10:05.177][SM] estado=S22   SAT=True

[step=  29 23:10:06.288][DejaVu] ep=1  subtask=TRANSPORT_OBJECT  reward=-0.2291
[step=  29 23:10:06.288][Perception]
  CONTEXTO                                        PARÂMETROS SM
  ----------------------------------------------  --------------------------------------
  fingers_width         = 0.0400 m                gripper_width_cm      = 4 cm
  dist_ee_to_cube       = 0.0146 m                distance_ee_object_cm = 0 cm
  dist_cube_to_target   = 0.2291 m  (3D)          distance_obj_goal_cm  = 18 cm  (XY)
  cube_position (z)     = 0.1485 m                object_lift_height_cm = 12 cm
  cube_position (xy)    = [-0.039, 0.014]         grasp_completed       = 1
  finger_contacts (raw) = 2                       finger_contacts       = 2
  x                                               grasp_attempts        = 1
  x                                               task_started          = 1
  x                                               object_available      = 1
  x                                               task_aborted          = 0
  episode                = 1                      x
  step                   = 29                     x
  ee_position            = [-0.0422, -0.0003, 0.1478]  x
  ee_velocity            = [0.4126, -0.0006, 0.0315]  x
  target_position        = [0.1500, 0.0000, 0.0200]  x
  reward                 = -0.2291                x
  is_success             = False                  x
  obstacle_in_path       = False                  x
  obstacle_count_in_path = 0                      x
  obstacles              = {}                     x
  objects                = {'object_1': {'type': 'box', 'size': [0.04, 0.04, 0.04], 'mass': 1.0, 'color': [0.1, 0.2, 0.9, 1.0], 'initial_position': [-0.25, 0.0, 0.02], 'spinning_friction': 0.001, 'current_position': [-0.039195615490231095, 0.013975236467348303, 0.14849366437703448]}}  x
  scripts                = {'script_1': True, 'reach_only': True, 'left_right': True}  x
  target_goal            = {'type': 'goal_sequence', 'targets': [{'name': 'target', 'position': [0.15000000596046448, 0.0, 0.019999999552965164]}], 'mode': 'goal_sequence'}  x
  scene                  = {'table': {'length': 1.1, 'width': 0.7, 'height': 0.4, 'x_offset': -0.3, 'lateral_friction': 3.0, 'spinning_friction': 0.001}}  x
  robot_config           = {'control_type': 'ee', 'block_gripper': False, 'base_position': [-0.6, 0.0, 0.05]}  x
  current_task           = OBJECT_DELIVERY_SEQUENCE  x
  current_subtask        = TRANSPORT_OBJECT       x
  active_target_name     = target                 x
  action                 = [0.9921, 0.0010, 0.1255, -1.0000]  x
  joint_angles           = [-0.0000, 0.2955, -0.0004, -2.1771, 0.0001, 2.4577, 0.7850]  x
  joint_velocities       = [0.0002, 0.8451, -0.0009, 1.3644, 0.0004, -0.2966, -0.0005]  x
  cube_rotation          = [0.0012, 0.0083, 0.0029]  x
  cube_linear_velocity   = [0.4122, 0.0238, 0.0318]  x
  obstacle_positions     = {}                     x
[step=  29 23:10:06.288][SM] (sem transições neste tick)
[step=  29 23:10:06.288][SM] estado=S22   SAT=True

[step=  30 23:10:07.461][DejaVu] ep=1  subtask=TRANSPORT_OBJECT  reward=-0.2036
[step=  30 23:10:07.461][Perception]
  CONTEXTO                                        PARÂMETROS SM
  ----------------------------------------------  --------------------------------------
  fingers_width         = 0.0401 m                gripper_width_cm      = 4 cm
  dist_ee_to_cube       = 0.0155 m                distance_ee_object_cm = 0 cm
  dist_cube_to_target   = 0.2036 m  (3D)          distance_obj_goal_cm  = 15 cm  (XY)
  cube_position (z)     = 0.1462 m                object_lift_height_cm = 12 cm
  cube_position (xy)    = [-0.009, 0.015]         grasp_completed       = 1
  finger_contacts (raw) = 2                       finger_contacts       = 2
  x                                               grasp_attempts        = 1
  x                                               task_started          = 1
  x                                               object_available      = 1
  x                                               task_aborted          = 0
  episode                = 1                      x
  step                   = 30                     x
  ee_position            = [-0.0120, -0.0003, 0.1456]  x
  ee_velocity            = [0.3793, -0.0004, 0.0076]  x
  target_position        = [0.1500, 0.0000, 0.0200]  x
  reward                 = -0.2036                x
  is_success             = False                  x
  obstacle_in_path       = False                  x
  obstacle_count_in_path = 0                      x
  obstacles              = {}                     x
  objects                = {'object_1': {'type': 'box', 'size': [0.04, 0.04, 0.04], 'mass': 1.0, 'color': [0.1, 0.2, 0.9, 1.0], 'initial_position': [-0.25, 0.0, 0.02], 'spinning_friction': 0.001, 'current_position': [-0.009077500353857848, 0.014923764999196712, 0.14622784920188192]}}  x
  scripts                = {'script_1': True, 'reach_only': True, 'left_right': True}  x
  target_goal            = {'type': 'goal_sequence', 'targets': [{'name': 'target', 'position': [0.15000000596046448, 0.0, 0.019999999552965164]}], 'mode': 'goal_sequence'}  x
  scene                  = {'table': {'length': 1.1, 'width': 0.7, 'height': 0.4, 'x_offset': -0.3, 'lateral_friction': 3.0, 'spinning_friction': 0.001}}  x
  robot_config           = {'control_type': 'ee', 'block_gripper': False, 'base_position': [-0.6, 0.0, 0.05]}  x
  current_task           = OBJECT_DELIVERY_SEQUENCE  x
  current_subtask        = TRANSPORT_OBJECT       x
  active_target_name     = target                 x
  action                 = [0.9880, 0.0013, 0.1544, -1.0000]  x
  joint_angles           = [0.0000, 0.3730, -0.0005, -2.0607, 0.0002, 2.4168, 0.7850]  x
  joint_velocities       = [0.0003, 0.8439, -0.0007, 1.3385, 0.0004, -0.3142, -0.0003]  x
  cube_rotation          = [0.0012, 0.0104, 0.0029]  x
  cube_linear_velocity   = [0.3789, 0.0237, 0.0078]  x
  obstacle_positions     = {}                     x
[step=  30 23:10:07.461][SM] (sem transições neste tick)
[step=  30 23:10:07.461][SM] estado=S22   SAT=True

[step=  31 23:10:08.621][DejaVu] ep=1  subtask=TRANSPORT_OBJECT  reward=-0.1811
[step=  31 23:10:08.621][Perception]
  CONTEXTO                                        PARÂMETROS SM
  ----------------------------------------------  --------------------------------------
  fingers_width         = 0.0401 m                gripper_width_cm      = 4 cm
  dist_ee_to_cube       = 0.0164 m                distance_ee_object_cm = 0 cm
  dist_cube_to_target   = 0.1811 m  (3D)          distance_obj_goal_cm  = 13 cm  (XY)
  cube_position (z)     = 0.1447 m                object_lift_height_cm = 12 cm
  cube_position (xy)    = [0.020, 0.016]          grasp_completed       = 1
  finger_contacts (raw) = 2                       finger_contacts       = 2
  x                                               grasp_attempts        = 1
  x                                               task_started          = 1
  x                                               object_available      = 1
  x                                               task_aborted          = 0
  episode                = 1                      x
  step                   = 31                     x
  ee_position            = [0.0168, -0.0003, 0.1440]  x
  ee_velocity            = [0.3616, -0.0003, 0.0304]  x
  target_position        = [0.1500, 0.0000, 0.0200]  x
  reward                 = -0.1811                x
  is_success             = False                  x
  obstacle_in_path       = False                  x
  obstacle_count_in_path = 0                      x
  obstacles              = {}                     x
  objects                = {'object_1': {'type': 'box', 'size': [0.04, 0.04, 0.04], 'mass': 1.0, 'color': [0.1, 0.2, 0.9, 1.0], 'initial_position': [-0.25, 0.0, 0.02], 'spinning_friction': 0.001, 'current_position': [0.019654128642353927, 0.01586998991969658, 0.1446692865412373]}}  x
  scripts                = {'script_1': True, 'reach_only': True, 'left_right': True}  x
  target_goal            = {'type': 'goal_sequence', 'targets': [{'name': 'target', 'position': [0.15000000596046448, 0.0, 0.019999999552965164]}], 'mode': 'goal_sequence'}  x
  scene                  = {'table': {'length': 1.1, 'width': 0.7, 'height': 0.4, 'x_offset': -0.3, 'lateral_friction': 3.0, 'spinning_friction': 0.001}}  x
  robot_config           = {'control_type': 'ee', 'block_gripper': False, 'base_position': [-0.6, 0.0, 0.05]}  x
  current_task           = OBJECT_DELIVERY_SEQUENCE  x
  current_subtask        = TRANSPORT_OBJECT       x
  active_target_name     = target                 x
  action                 = [0.9808, 0.0016, 0.1952, -1.0000]  x
  joint_angles           = [0.0000, 0.4473, -0.0005, -1.9440, 0.0002, 2.3735, 0.7850]  x
  joint_velocities       = [0.0003, 0.7751, -0.0006, 1.3218, 0.0004, -0.3330, -0.0001]  x
  cube_rotation          = [0.0012, 0.0112, 0.0029]  x
  cube_linear_velocity   = [0.3612, 0.0237, 0.0307]  x
  obstacle_positions     = {}                     x
[step=  31 23:10:08.621][SM] (sem transições neste tick)
[step=  31 23:10:08.621][SM] estado=S22   SAT=True

[step=  32 23:10:09.741][DejaVu] ep=1  subtask=TRANSPORT_OBJECT  reward=-0.1625
[step=  32 23:10:09.741][Perception]
  CONTEXTO                                        PARÂMETROS SM
  ----------------------------------------------  --------------------------------------
  fingers_width         = 0.0401 m                gripper_width_cm      = 4 cm
  dist_ee_to_cube       = 0.0173 m                distance_ee_object_cm = 0 cm
  dist_cube_to_target   = 0.1625 m  (3D)          distance_obj_goal_cm  = 10 cm  (XY)
  cube_position (z)     = 0.1444 m                object_lift_height_cm = 12 cm
  cube_position (xy)    = [0.047, 0.017]          grasp_completed       = 1
  finger_contacts (raw) = 2                       finger_contacts       = 2
  x                                               grasp_attempts        = 1
  x                                               task_started          = 1
  x                                               object_available      = 1
  x                                               task_aborted          = 0
  episode                = 1                      x
  step                   = 32                     x
  ee_position            = [0.0439, -0.0003, 0.1437]  x
  ee_velocity            = [0.3315, -0.0002, 0.0534]  x
  target_position        = [0.1500, 0.0000, 0.0200]  x
  reward                 = -0.1625                x
  is_success             = False                  x
  obstacle_in_path       = False                  x
  obstacle_count_in_path = 0                      x
  obstacles              = {}                     x
  objects                = {'object_1': {'type': 'box', 'size': [0.04, 0.04, 0.04], 'mass': 1.0, 'color': [0.1, 0.2, 0.9, 1.0], 'initial_position': [-0.25, 0.0, 0.02], 'spinning_friction': 0.001, 'current_position': [0.0467744887338513, 0.01681470506620083, 0.1444061249170591]}}  x
  scripts                = {'script_1': True, 'reach_only': True, 'left_right': True}  x
  target_goal            = {'type': 'goal_sequence', 'targets': [{'name': 'target', 'position': [0.15000000596046448, 0.0, 0.019999999552965164]}], 'mode': 'goal_sequence'}  x
  scene                  = {'table': {'length': 1.1, 'width': 0.7, 'height': 0.4, 'x_offset': -0.3, 'lateral_friction': 3.0, 'spinning_friction': 0.001}}  x
  robot_config           = {'control_type': 'ee', 'block_gripper': False, 'base_position': [-0.6, 0.0, 0.05]}  x
  current_task           = OBJECT_DELIVERY_SEQUENCE  x
  current_subtask        = TRANSPORT_OBJECT       x
  active_target_name     = target                 x
  action                 = [0.9692, 0.0020, 0.2462, -1.0000]  x
  joint_angles           = [0.0001, 0.5178, -0.0005, -1.8269, 0.0003, 2.3269, 0.7850]  x
  joint_velocities       = [0.0004, 0.6941, -0.0007, 1.2752, 0.0003, -0.3582, 0.0001]  x
  cube_rotation          = [0.0012, 0.0113, 0.0029]  x
  cube_linear_velocity   = [0.3311, 0.0236, 0.0538]  x
  obstacle_positions     = {}                     x
[step=  32 23:10:09.741][SM] (sem transições neste tick)
[step=  32 23:10:09.741][SM] estado=S22   SAT=True

[step=  33 23:10:10.873][DejaVu] ep=1  subtask=TRANSPORT_OBJECT  reward=-0.1497
[step=  33 23:10:10.873][Perception]
  CONTEXTO                                        PARÂMETROS SM
  ----------------------------------------------  --------------------------------------
  fingers_width         = 0.0401 m                gripper_width_cm      = 4 cm
  dist_ee_to_cube       = 0.0182 m                distance_ee_object_cm = 0 cm
  dist_cube_to_target   = 0.1497 m  (3D)          distance_obj_goal_cm  = 8 cm  (XY)
  cube_position (z)     = 0.1465 m                object_lift_height_cm = 12 cm
  cube_position (xy)    = [0.072, 0.018]          grasp_completed       = 1
  finger_contacts (raw) = 2                       finger_contacts       = 2
  x                                               grasp_attempts        = 1
  x                                               task_started          = 1
  x                                               object_available      = 1
  x                                               task_aborted          = 0
  episode                = 1                      x
  step                   = 33                     x
  ee_position            = [0.0692, -0.0003, 0.1457]  x
  ee_velocity            = [0.3112, -0.0003, 0.1116]  x
  target_position        = [0.1500, 0.0000, 0.0200]  x
  reward                 = -0.1497                x
  is_success             = False                  x
  obstacle_in_path       = False                  x
  obstacle_count_in_path = 0                      x
  obstacles              = {}                     x
  objects                = {'object_1': {'type': 'box', 'size': [0.04, 0.04, 0.04], 'mass': 1.0, 'color': [0.1, 0.2, 0.9, 1.0], 'initial_position': [-0.25, 0.0, 0.02], 'spinning_friction': 0.001, 'current_position': [0.07196436814272045, 0.017758543388948528, 0.1464815985725495]}}  x
  scripts                = {'script_1': True, 'reach_only': True, 'left_right': True}  x
  target_goal            = {'type': 'goal_sequence', 'targets': [{'name': 'target', 'position': [0.15000000596046448, 0.0, 0.019999999552965164]}], 'mode': 'goal_sequence'}  x
  scene                  = {'table': {'length': 1.1, 'width': 0.7, 'height': 0.4, 'x_offset': -0.3, 'lateral_friction': 3.0, 'spinning_friction': 0.001}}  x
  robot_config           = {'control_type': 'ee', 'block_gripper': False, 'base_position': [-0.6, 0.0, 0.05]}  x
  current_task           = OBJECT_DELIVERY_SEQUENCE  x
  current_subtask        = TRANSPORT_OBJECT       x
  active_target_name     = target                 x
  action                 = [0.9519, 0.0024, 0.3065, -1.0000]  x
  joint_angles           = [0.0002, 0.5827, -0.0006, -1.7108, 0.0003, 2.2767, 0.7850]  x
  joint_velocities       = [0.0005, 0.5711, -0.0010, 1.2338, 0.0003, -0.3862, 0.0002]  x
  cube_rotation          = [0.0012, 0.0103, 0.0029]  x
  cube_linear_velocity   = [0.3107, 0.0236, 0.1121]  x
  obstacle_positions     = {}                     x
[step=  33 23:10:10.873][SM] (sem transições neste tick)
[step=  33 23:10:10.873][SM] estado=S22   SAT=True

[step=  34 23:10:12.025][DejaVu] ep=1  subtask=TRANSPORT_OBJECT  reward=-0.1440
[step=  34 23:10:12.025][Perception]
  CONTEXTO                                        PARÂMETROS SM
  ----------------------------------------------  --------------------------------------
  fingers_width         = 0.0401 m                gripper_width_cm      = 4 cm
  dist_ee_to_cube       = 0.0192 m                distance_ee_object_cm = 0 cm
  dist_cube_to_target   = 0.1440 m  (3D)          distance_obj_goal_cm  = 5 cm  (XY)
  cube_position (z)     = 0.1518 m                object_lift_height_cm = 13 cm
  cube_position (xy)    = [0.095, 0.019]          grasp_completed       = 1
  finger_contacts (raw) = 2                       finger_contacts       = 2
  x                                               grasp_attempts        = 1
  x                                               task_started          = 1
  x                                               object_available      = 1
  x                                               task_aborted          = 0
  episode                = 1                      x
  step                   = 34                     x
  ee_position            = [0.0923, -0.0002, 0.1508]  x
  ee_velocity            = [0.2870, -0.0005, 0.1856]  x
  target_position        = [0.1500, 0.0000, 0.0200]  x
  reward                 = -0.1440                x
  is_success             = False                  x
  obstacle_in_path       = False                  x
  obstacle_count_in_path = 0                      x
  obstacles              = {}                     x
  objects                = {'object_1': {'type': 'box', 'size': [0.04, 0.04, 0.04], 'mass': 1.0, 'color': [0.1, 0.2, 0.9, 1.0], 'initial_position': [-0.25, 0.0, 0.02], 'spinning_friction': 0.001, 'current_position': [0.09504608034786065, 0.018702263903168974, 0.15176789016883108]}}  x
  scripts                = {'script_1': True, 'reach_only': True, 'left_right': True}  x
  target_goal            = {'type': 'goal_sequence', 'targets': [{'name': 'target', 'position': [0.15000000596046448, 0.0, 0.019999999552965164]}], 'mode': 'goal_sequence'}  x
  scene                  = {'table': {'length': 1.1, 'width': 0.7, 'height': 0.4, 'x_offset': -0.3, 'lateral_friction': 3.0, 'spinning_friction': 0.001}}  x
  robot_config           = {'control_type': 'ee', 'block_gripper': False, 'base_position': [-0.6, 0.0, 0.05]}  x
  current_task           = OBJECT_DELIVERY_SEQUENCE  x
  current_subtask        = TRANSPORT_OBJECT       x
  active_target_name     = target                 x
  action                 = [0.9290, 0.0029, 0.3700, -1.0000]  x
  joint_angles           = [0.0002, 0.6410, -0.0007, -1.5962, 0.0004, 2.2228, 0.7850]  x
  joint_velocities       = [0.0006, 0.4209, -0.0016, 1.1709, 0.0003, -0.4143, 0.0004]  x
  cube_rotation          = [0.0011, 0.0078, 0.0029]  x
  cube_linear_velocity   = [0.2864, 0.0236, 0.1863]  x
  obstacle_positions     = {}                     x
[step=  34 23:10:12.025][SM] (sem transições neste tick)
[step=  34 23:10:12.025][SM] estado=S22   SAT=True

[step=  35 23:10:13.169][DejaVu] ep=1  subtask=TRANSPORT_OBJECT  reward=-0.1465
[step=  35 23:10:13.169][Perception]
  CONTEXTO                                        PARÂMETROS SM
  ----------------------------------------------  --------------------------------------
  fingers_width         = 0.0402 m                gripper_width_cm      = 4 cm
  dist_ee_to_cube       = 0.0201 m                distance_ee_object_cm = 0 cm
  dist_cube_to_target   = 0.1465 m  (3D)          distance_obj_goal_cm  = 3 cm  (XY)
  cube_position (z)     = 0.1612 m                object_lift_height_cm = 14 cm
  cube_position (xy)    = [0.116, 0.020]          grasp_completed       = 1
  finger_contacts (raw) = 2                       finger_contacts       = 2
  x                                               grasp_attempts        = 1
  x                                               task_started          = 1
  x                                               object_available      = 1
  x                                               task_aborted          = 0
  episode                = 1                      x
  step                   = 35                     x
  ee_position            = [0.1132, -0.0002, 0.1600]  x
  ee_velocity            = [0.2673, -0.0012, 0.2842]  x
  target_position        = [0.1500, 0.0000, 0.0200]  x
  reward                 = -0.1465                x
  is_success             = False                  x
  obstacle_in_path       = False                  x
  obstacle_count_in_path = 0                      x
  obstacles              = {}                     x
  objects                = {'object_1': {'type': 'box', 'size': [0.04, 0.04, 0.04], 'mass': 1.0, 'color': [0.1, 0.2, 0.9, 1.0], 'initial_position': [-0.25, 0.0, 0.02], 'spinning_friction': 0.001, 'current_position': [0.11595384622662024, 0.019622549709185245, 0.16116648181008733]}}  x
  scripts                = {'script_1': True, 'reach_only': True, 'left_right': True}  x
  target_goal            = {'type': 'goal_sequence', 'targets': [{'name': 'target', 'position': [0.15000000596046448, 0.0, 0.019999999552965164]}], 'mode': 'goal_sequence'}  x
  scene                  = {'table': {'length': 1.1, 'width': 0.7, 'height': 0.4, 'x_offset': -0.3, 'lateral_friction': 3.0, 'spinning_friction': 0.001}}  x
  robot_config           = {'control_type': 'ee', 'block_gripper': False, 'base_position': [-0.6, 0.0, 0.05]}  x
  current_task           = OBJECT_DELIVERY_SEQUENCE  x
  current_subtask        = TRANSPORT_OBJECT       x
  active_target_name     = target                 x
  action                 = [0.9054, 0.0037, 0.4246, -1.0000]  x
  joint_angles           = [0.0003, 0.6915, -0.0008, -1.4839, 0.0004, 2.1654, 0.7851]  x
  joint_velocities       = [0.0008, 0.2468, -0.0030, 1.1110, 0.0002, -0.4414, 0.0005]  x
  cube_rotation          = [0.0011, 0.0032, 0.0028]  x
  cube_linear_velocity   = [0.2667, 0.0176, 0.2852]  x
  obstacle_positions     = {}                     x
[step=  35 23:10:13.169][SM] (sem transições neste tick)
[step=  35 23:10:13.169][SM] estado=S22   SAT=True

[step=  36 23:10:14.316][DejaVu] ep=1  subtask=TRANSPORT_OBJECT  reward=-0.1564
[step=  36 23:10:14.316][Perception]
  CONTEXTO                                        PARÂMETROS SM
  ----------------------------------------------  --------------------------------------
  fingers_width         = 0.0402 m                gripper_width_cm      = 4 cm
  dist_ee_to_cube       = 0.0201 m                distance_ee_object_cm = 0 cm
  dist_cube_to_target   = 0.1564 m  (3D)          distance_obj_goal_cm  = 2 cm  (XY)
  cube_position (z)     = 0.1744 m                object_lift_height_cm = 15 cm
  cube_position (xy)    = [0.135, 0.020]          grasp_completed       = 1
  finger_contacts (raw) = 2                       finger_contacts       = 2
  x                                               grasp_attempts        = 1
  x                                               task_started          = 1
  x                                               object_available      = 1
  x                                               task_aborted          = 0
  episode                = 1                      x
  step                   = 36                     x
  ee_position            = [0.1323, -0.0001, 0.1731]  x
  ee_velocity            = [0.2396, 0.0013, 0.3527]  x
  target_position        = [0.1500, 0.0000, 0.0200]  x
  reward                 = -0.1564                x
  is_success             = False                  x
  obstacle_in_path       = False                  x
  obstacle_count_in_path = 0                      x
  obstacles              = {}                     x
  objects                = {'object_1': {'type': 'box', 'size': [0.04, 0.04, 0.04], 'mass': 1.0, 'color': [0.1, 0.2, 0.9, 1.0], 'initial_position': [-0.25, 0.0, 0.02], 'spinning_friction': 0.001, 'current_position': [0.13498513493192707, 0.01972762067602768, 0.1743943079633814]}}  x
  scripts                = {'script_1': True, 'reach_only': True, 'left_right': True}  x
  target_goal            = {'type': 'goal_sequence', 'targets': [{'name': 'target', 'position': [0.15000000596046448, 0.0, 0.019999999552965164]}], 'mode': 'goal_sequence'}  x
  scene                  = {'table': {'length': 1.1, 'width': 0.7, 'height': 0.4, 'x_offset': -0.3, 'lateral_friction': 3.0, 'spinning_friction': 0.001}}  x
  robot_config           = {'control_type': 'ee', 'block_gripper': False, 'base_position': [-0.6, 0.0, 0.05]}  x
  current_task           = OBJECT_DELIVERY_SEQUENCE  x
  current_subtask        = TRANSPORT_OBJECT       x
  active_target_name     = target                 x
  action                 = [0.8993, 0.0057, 0.4372, -1.0000]  x
  joint_angles           = [0.0005, 0.7362, -0.0009, -1.3721, 0.0005, 2.1055, 0.7852]  x
  joint_velocities       = [0.0013, 0.1260, 0.0001, 1.0566, 0.0006, -0.4609, 0.0008]  x
  cube_rotation          = [0.0010, -0.0039, 0.0028]  x
  cube_linear_velocity   = [0.2388, -0.0030, 0.3538]  x
  obstacle_positions     = {}                     x
[step=  36 23:10:14.316][SM] (sem transições neste tick)
[step=  36 23:10:14.316][SM] estado=S22   SAT=True

[step=  37 23:10:15.488][DejaVu] ep=1  subtask=TRANSPORT_OBJECT  reward=-0.1644
[step=  37 23:10:15.488][Perception]
  CONTEXTO                                        PARÂMETROS SM
  ----------------------------------------------  --------------------------------------
  fingers_width         = 0.0402 m                gripper_width_cm      = 4 cm
  dist_ee_to_cube       = 0.0197 m                distance_ee_object_cm = 0 cm
  dist_cube_to_target   = 0.1644 m  (3D)          distance_obj_goal_cm  = 1 cm  (XY)
  cube_position (z)     = 0.1832 m                object_lift_height_cm = 16 cm
  cube_position (xy)    = [0.153, 0.020]          grasp_completed       = 1
  finger_contacts (raw) = 2                       finger_contacts       = 2
  x                                               grasp_attempts        = 1
  x                                               task_started          = 1
  x                                               object_available      = 1
  x                                               task_aborted          = 0
  episode                = 1                      x
  step                   = 37                     x
  ee_position            = [0.1504, 0.0001, 0.1824]  x
  ee_velocity            = [0.1690, 0.0014, 0.0738]  x
  target_position        = [0.1500, 0.0000, 0.0200]  x
  reward                 = -0.1644                x
  is_success             = False                  x
  obstacle_in_path       = False                  x
  obstacle_count_in_path = 0                      x
  obstacles              = {}                     x
  objects                = {'object_1': {'type': 'box', 'size': [0.04, 0.04, 0.04], 'mass': 1.0, 'color': [0.1, 0.2, 0.9, 1.0], 'initial_position': [-0.25, 0.0, 0.02], 'spinning_friction': 0.001, 'current_position': [0.15289354414564835, 0.019605835554663772, 0.18319465053726372]}}  x
  scripts                = {'script_1': True, 'reach_only': True, 'left_right': True}  x
  target_goal            = {'type': 'goal_sequence', 'targets': [{'name': 'target', 'position': [0.15000000596046448, 0.0, 0.019999999552965164]}], 'mode': 'goal_sequence'}  x
  scene                  = {'table': {'length': 1.1, 'width': 0.7, 'height': 0.4, 'x_offset': -0.3, 'lateral_friction': 3.0, 'spinning_friction': 0.001}}  x
  robot_config           = {'control_type': 'ee', 'block_gripper': False, 'base_position': [-0.6, 0.0, 0.05]}  x
  current_task           = OBJECT_DELIVERY_SEQUENCE  x
  current_subtask        = TRANSPORT_OBJECT       x
  active_target_name     = target                 x
  action                 = [0.9651, 0.0073, 0.2618, -1.0000]  x
  joint_angles           = [0.0007, 0.7904, -0.0009, -1.2561, 0.0005, 2.0512, 0.7854]  x
  joint_velocities       = [0.0018, 0.5177, -0.0005, 1.0675, 0.0006, -0.4180, 0.0015]  x
  cube_rotation          = [0.0010, -0.0114, 0.0029]  x
  cube_linear_velocity   = [0.1686, -0.0030, 0.0741]  x
  obstacle_positions     = {}                     x
[step=  37 23:10:15.488][SM] (sem transições neste tick)
[step=  37 23:10:15.488][SM] estado=S22   SAT=True

[step=  38 23:10:16.608][DejaVu] ep=1  subtask=TRANSPORT_OBJECT  reward=-0.1642
[step=  38 23:10:16.608][Perception]
  CONTEXTO                                        PARÂMETROS SM
  ----------------------------------------------  --------------------------------------
  fingers_width         = 0.0402 m                gripper_width_cm      = 4 cm
  dist_ee_to_cube       = 0.0197 m                distance_ee_object_cm = 0 cm
  dist_cube_to_target   = 0.1642 m  (3D)          distance_obj_goal_cm  = 1 cm  (XY)
  cube_position (z)     = 0.1830 m                object_lift_height_cm = 16 cm
  cube_position (xy)    = [0.152, 0.019]          grasp_completed       = 1
  finger_contacts (raw) = 2                       finger_contacts       = 2
  x                                               grasp_attempts        = 1
  x                                               task_started          = 1
  x                                               object_available      = 1
  x                                               task_aborted          = 0
  episode                = 1                      x
  step                   = 38                     x
  ee_position            = [0.1500, -0.0001, 0.1824]  x
  ee_velocity            = [-0.0062, -0.0009, -0.0018]  x
  target_position        = [0.1500, 0.0000, 0.0200]  x
  reward                 = -0.1642                x
  is_success             = False                  x
  obstacle_in_path       = False                  x
  obstacle_count_in_path = 0                      x
  obstacles              = {}                     x
  objects                = {'object_1': {'type': 'box', 'size': [0.04, 0.04, 0.04], 'mass': 1.0, 'color': [0.1, 0.2, 0.9, 1.0], 'initial_position': [-0.25, 0.0, 0.02], 'spinning_friction': 0.001, 'current_position': [0.1521363794428374, 0.01948933967951605, 0.1830027862176895]}}  x
  scripts                = {'script_1': True, 'reach_only': True, 'left_right': True}  x
  target_goal            = {'type': 'goal_sequence', 'targets': [{'name': 'target', 'position': [0.15000000596046448, 0.0, 0.019999999552965164]}], 'mode': 'goal_sequence'}  x
  scene                  = {'table': {'length': 1.1, 'width': 0.7, 'height': 0.4, 'x_offset': -0.3, 'lateral_friction': 3.0, 'spinning_friction': 0.001}}  x
  robot_config           = {'control_type': 'ee', 'block_gripper': False, 'base_position': [-0.6, 0.0, 0.05]}  x
  current_task           = OBJECT_DELIVERY_SEQUENCE  x
  current_subtask        = TRANSPORT_OBJECT       x
  active_target_name     = target                 x
  action                 = [0.0000, 0.0000, 0.0000, -1.0000]  x
  joint_angles           = [0.0006, 0.7906, -0.0010, -1.2553, 0.0006, 2.0466, 0.7852]  x
  joint_velocities       = [-0.0007, 0.0013, -0.0008, 0.0048, 0.0007, -0.0353, -0.0017]  x
  cube_rotation          = [0.0010, -0.0074, 0.0029]  x
  cube_linear_velocity   = [-0.0062, -0.0029, -0.0019]  x
  obstacle_positions     = {}                     x
[step=  38 23:10:16.608][SM] (sem transições neste tick)
[step=  38 23:10:16.608][SM] estado=S22   SAT=True

[step=  39 23:10:17.767][DejaVu] ep=1  subtask=PLACE_OBJECT  reward=-0.1569
[step=  39 23:10:17.767][Perception]
  CONTEXTO                                        PARÂMETROS SM
  ----------------------------------------------  --------------------------------------
  fingers_width         = 0.0402 m                gripper_width_cm      = 4 cm
  dist_ee_to_cube       = 0.0197 m                distance_ee_object_cm = 0 cm
  dist_cube_to_target   = 0.1569 m  (3D)          distance_obj_goal_cm  = 1 cm  (XY)
  cube_position (z)     = 0.1757 m                object_lift_height_cm = 15 cm
  cube_position (xy)    = [0.152, 0.019]          grasp_completed       = 1
  finger_contacts (raw) = 2                       finger_contacts       = 2
  x                                               grasp_attempts        = 1
  x                                               task_started          = 1
  x                                               object_available      = 1
  x                                               task_aborted          = 0
  episode                = 1                      x
  step                   = 39                     x
  ee_position            = [0.1500, -0.0002, 0.1752]  x
  ee_velocity            = [-0.0052, -0.0010, -0.0820]  x
  target_position        = [0.1500, 0.0000, 0.0200]  x
  reward                 = -0.1569                x
  is_success             = False                  x
  obstacle_in_path       = False                  x
  obstacle_count_in_path = 0                      x
  obstacles              = {}                     x
  objects                = {'object_1': {'type': 'box', 'size': [0.04, 0.04, 0.04], 'mass': 1.0, 'color': [0.1, 0.2, 0.9, 1.0], 'initial_position': [-0.25, 0.0, 0.02], 'spinning_friction': 0.001, 'current_position': [0.1521973819215763, 0.019374560134454828, 0.17568827350606747]}}  x
  scripts                = {'script_1': True, 'reach_only': True, 'left_right': True}  x
  target_goal            = {'type': 'goal_sequence', 'targets': [{'name': 'target', 'position': [0.15000000596046448, 0.0, 0.019999999552965164]}], 'mode': 'goal_sequence'}  x
  scene                  = {'table': {'length': 1.1, 'width': 0.7, 'height': 0.4, 'x_offset': -0.3, 'lateral_friction': 3.0, 'spinning_friction': 0.001}}  x
  robot_config           = {'control_type': 'ee', 'block_gripper': False, 'base_position': [-0.6, 0.0, 0.05]}  x
  current_task           = OBJECT_DELIVERY_SEQUENCE  x
  current_subtask        = PLACE_OBJECT           x
  active_target_name     = target                 x
  action                 = [0.0000, 0.0000, -0.1500, -1.0000]  x
  joint_angles           = [0.0005, 0.8005, -0.0011, -1.2570, 0.0007, 2.0565, 0.7850]  x
  joint_velocities       = [-0.0007, 0.1106, -0.0008, -0.0123, 0.0008, 0.0761, -0.0017]  x
  cube_rotation          = [0.0010, -0.0057, 0.0029]  x
  cube_linear_velocity   = [-0.0052, -0.0028, -0.0821]  x
  obstacle_positions     = {}                     x
[step=  39 23:10:17.767][SM] ação→ transport_to_goal() (TRANSPORT_OBJECT)  [nova neste tick]
[step=  39 23:10:17.767][SM] S22 ──[transport_to_goal() (TRANSPORT_OBJECT)]──► PHI_23   ✓
[step=  39 23:10:17.767][SM] PHI_23 ──[distance_object_goal_cm <= 5 and object_lift_height_cm >= 10 and finger_contacts >= 2]──► S24   ✓
[step=  39 23:10:17.767][SM] S24 ──[object_lift_height_cm >= 10 and finger_contacts >= 2 and distance_object_goal_cm <= 5]──► PHI_25   ✓
[step=  39 23:10:17.767][SM] PHI_25 ──[object_lift_height_cm >= 10 and finger_contacts >= 2]──► S26   ✓
[step=  39 23:10:17.767][SM] estado=S26   SAT=True

[step=  40 23:10:18.927][DejaVu] ep=1  subtask=PLACE_OBJECT  reward=-0.1493
[step=  40 23:10:18.927][Perception]
  CONTEXTO                                        PARÂMETROS SM
  ----------------------------------------------  --------------------------------------
  fingers_width         = 0.0402 m                gripper_width_cm      = 4 cm
  dist_ee_to_cube       = 0.0197 m                distance_ee_object_cm = 0 cm
  dist_cube_to_target   = 0.1493 m  (3D)          distance_obj_goal_cm  = 1 cm  (XY)
  cube_position (z)     = 0.1680 m                object_lift_height_cm = 14 cm
  cube_position (xy)    = [0.152, 0.019]          grasp_completed       = 1
  finger_contacts (raw) = 2                       finger_contacts       = 2
  x                                               grasp_attempts        = 1
  x                                               task_started          = 1
  x                                               object_available      = 1
  x                                               task_aborted          = 0
  episode                = 1                      x
  step                   = 40                     x
  ee_position            = [0.1502, -0.0003, 0.1676]  x
  ee_velocity            = [-0.0027, -0.0009, -0.0737]  x
  target_position        = [0.1500, 0.0000, 0.0200]  x
  reward                 = -0.1493                x
  is_success             = False                  x
  obstacle_in_path       = False                  x
  obstacle_count_in_path = 0                      x
  obstacles              = {}                     x
  objects                = {'object_1': {'type': 'box', 'size': [0.04, 0.04, 0.04], 'mass': 1.0, 'color': [0.1, 0.2, 0.9, 1.0], 'initial_position': [-0.25, 0.0, 0.02], 'spinning_friction': 0.001, 'current_position': [0.15231525195156545, 0.019262576160113107, 0.16804059486132694]}}  x
  scripts                = {'script_1': True, 'reach_only': True, 'left_right': True}  x
  target_goal            = {'type': 'goal_sequence', 'targets': [{'name': 'target', 'position': [0.15000000596046448, 0.0, 0.019999999552965164]}], 'mode': 'goal_sequence'}  x
  scene                  = {'table': {'length': 1.1, 'width': 0.7, 'height': 0.4, 'x_offset': -0.3, 'lateral_friction': 3.0, 'spinning_friction': 0.001}}  x
  robot_config           = {'control_type': 'ee', 'block_gripper': False, 'base_position': [-0.6, 0.0, 0.05]}  x
  current_task           = OBJECT_DELIVERY_SEQUENCE  x
  current_subtask        = PLACE_OBJECT           x
  active_target_name     = target                 x
  action                 = [0.0000, 0.0000, -0.1500, -1.0000]  x
  joint_angles           = [0.0005, 0.8108, -0.0012, -1.2589, 0.0008, 2.0679, 0.7848]  x
  joint_velocities       = [-0.0007, 0.0991, -0.0008, -0.0152, 0.0008, 0.0875, -0.0017]  x
  cube_rotation          = [0.0011, -0.0048, 0.0029]  x
  cube_linear_velocity   = [-0.0027, -0.0027, -0.0738]  x
  obstacle_positions     = {}                     x
[step=  40 23:10:18.927][SM] (sem transições neste tick)
[step=  40 23:10:18.927][SM] estado=S26   SAT=True

[step=  41 23:10:20.075][DejaVu] ep=1  subtask=PLACE_OBJECT  reward=-0.1416
[step=  41 23:10:20.075][Perception]
  CONTEXTO                                        PARÂMETROS SM
  ----------------------------------------------  --------------------------------------
  fingers_width         = 0.0402 m                gripper_width_cm      = 4 cm
  dist_ee_to_cube       = 0.0197 m                distance_ee_object_cm = 0 cm
  dist_cube_to_target   = 0.1416 m  (3D)          distance_obj_goal_cm  = 1 cm  (XY)
  cube_position (z)     = 0.1603 m                object_lift_height_cm = 14 cm
  cube_position (xy)    = [0.152, 0.019]          grasp_completed       = 1
  finger_contacts (raw) = 2                       finger_contacts       = 2
  x                                               grasp_attempts        = 1
  x                                               task_started          = 1
  x                                               object_available      = 1
  x                                               task_aborted          = 0
  episode                = 1                      x
  step                   = 41                     x
  ee_position            = [0.1503, -0.0005, 0.1599]  x
  ee_velocity            = [-0.0035, -0.0009, -0.0784]  x
  target_position        = [0.1500, 0.0000, 0.0200]  x
  reward                 = -0.1416                x
  is_success             = False                  x
  obstacle_in_path       = False                  x
  obstacle_count_in_path = 0                      x
  obstacles              = {}                     x
  objects                = {'object_1': {'type': 'box', 'size': [0.04, 0.04, 0.04], 'mass': 1.0, 'color': [0.1, 0.2, 0.9, 1.0], 'initial_position': [-0.25, 0.0, 0.02], 'spinning_friction': 0.001, 'current_position': [0.15247863756367655, 0.019153403377914702, 0.1603152571546739]}}  x
  scripts                = {'script_1': True, 'reach_only': True, 'left_right': True}  x
  target_goal            = {'type': 'goal_sequence', 'targets': [{'name': 'target', 'position': [0.15000000596046448, 0.0, 0.019999999552965164]}], 'mode': 'goal_sequence'}  x
  scene                  = {'table': {'length': 1.1, 'width': 0.7, 'height': 0.4, 'x_offset': -0.3, 'lateral_friction': 3.0, 'spinning_friction': 0.001}}  x
  robot_config           = {'control_type': 'ee', 'block_gripper': False, 'base_position': [-0.6, 0.0, 0.05]}  x
  current_task           = OBJECT_DELIVERY_SEQUENCE  x
  current_subtask        = PLACE_OBJECT           x
  active_target_name     = target                 x
  action                 = [0.0000, 0.0000, -0.1500, -1.0000]  x
  joint_angles           = [0.0004, 0.8213, -0.0013, -1.2610, 0.0009, 2.0802, 0.7845]  x
  joint_velocities       = [-0.0007, 0.1055, -0.0007, -0.0162, 0.0008, 0.0947, -0.0017]  x
  cube_rotation          = [0.0011, -0.0046, 0.0029]  x
  cube_linear_velocity   = [-0.0035, -0.0027, -0.0784]  x
  obstacle_positions     = {}                     x
[step=  41 23:10:20.075][SM] (sem transições neste tick)
[step=  41 23:10:20.075][SM] estado=S26   SAT=True

[step=  42 23:10:21.197][DejaVu] ep=1  subtask=PLACE_OBJECT  reward=-0.1340
[step=  42 23:10:21.197][Perception]
  CONTEXTO                                        PARÂMETROS SM
  ----------------------------------------------  --------------------------------------
  fingers_width         = 0.0402 m                gripper_width_cm      = 4 cm
  dist_ee_to_cube       = 0.0198 m                distance_ee_object_cm = 0 cm
  dist_cube_to_target   = 0.1340 m  (3D)          distance_obj_goal_cm  = 1 cm  (XY)
  cube_position (z)     = 0.1526 m                object_lift_height_cm = 13 cm
  cube_position (xy)    = [0.153, 0.019]          grasp_completed       = 1
  finger_contacts (raw) = 2                       finger_contacts       = 2
  x                                               grasp_attempts        = 1
  x                                               task_started          = 1
  x                                               object_available      = 1
  x                                               task_aborted          = 0
  episode                = 1                      x
  step                   = 42                     x
  ee_position            = [0.1505, -0.0006, 0.1521]  x
  ee_velocity            = [-0.0040, -0.0009, -0.0786]  x
  target_position        = [0.1500, 0.0000, 0.0200]  x
  reward                 = -0.1340                x
  is_success             = False                  x
  obstacle_in_path       = False                  x
  obstacle_count_in_path = 0                      x
  obstacles              = {}                     x
  objects                = {'object_1': {'type': 'box', 'size': [0.04, 0.04, 0.04], 'mass': 1.0, 'color': [0.1, 0.2, 0.9, 1.0], 'initial_position': [-0.25, 0.0, 0.02], 'spinning_friction': 0.001, 'current_position': [0.15260894184299006, 0.01904708389609669, 0.1525797048978714]}}  x
  scripts                = {'script_1': True, 'reach_only': True, 'left_right': True}  x
  target_goal            = {'type': 'goal_sequence', 'targets': [{'name': 'target', 'position': [0.15000000596046448, 0.0, 0.019999999552965164]}], 'mode': 'goal_sequence'}  x
  scene                  = {'table': {'length': 1.1, 'width': 0.7, 'height': 0.4, 'x_offset': -0.3, 'lateral_friction': 3.0, 'spinning_friction': 0.001}}  x
  robot_config           = {'control_type': 'ee', 'block_gripper': False, 'base_position': [-0.6, 0.0, 0.05]}  x
  current_task           = OBJECT_DELIVERY_SEQUENCE  x
  current_subtask        = PLACE_OBJECT           x
  active_target_name     = target                 x
  action                 = [0.0000, 0.0000, -0.1500, -1.0000]  x
  joint_angles           = [0.0003, 0.8318, -0.0014, -1.2630, 0.0010, 2.0927, 0.7843]  x
  joint_velocities       = [-0.0007, 0.1066, -0.0007, -0.0151, 0.0008, 0.0959, -0.0017]  x
  cube_rotation          = [0.0011, -0.0045, 0.0029]  x
  cube_linear_velocity   = [-0.0040, -0.0026, -0.0786]  x
  obstacle_positions     = {}                     x
[step=  42 23:10:21.197][SM] (sem transições neste tick)
[step=  42 23:10:21.197][SM] estado=S26   SAT=True

[step=  43 23:10:22.329][DejaVu] ep=1  subtask=PLACE_OBJECT  reward=-0.1263
[step=  43 23:10:22.329][Perception]
  CONTEXTO                                        PARÂMETROS SM
  ----------------------------------------------  --------------------------------------
  fingers_width         = 0.0402 m                gripper_width_cm      = 4 cm
  dist_ee_to_cube       = 0.0198 m                distance_ee_object_cm = 0 cm
  dist_cube_to_target   = 0.1263 m  (3D)          distance_obj_goal_cm  = 1 cm  (XY)
  cube_position (z)     = 0.1448 m                object_lift_height_cm = 12 cm
  cube_position (xy)    = [0.153, 0.019]          grasp_completed       = 1
  finger_contacts (raw) = 2                       finger_contacts       = 2
  x                                               grasp_attempts        = 1
  x                                               task_started          = 1
  x                                               object_available      = 1
  x                                               task_aborted          = 0
  episode                = 1                      x
  step                   = 43                     x
  ee_position            = [0.1505, -0.0007, 0.1444]  x
  ee_velocity            = [-0.0050, -0.0009, -0.0803]  x
  target_position        = [0.1500, 0.0000, 0.0200]  x
  reward                 = -0.1263                x
  is_success             = False                  x
  obstacle_in_path       = False                  x
  obstacle_count_in_path = 0                      x
  obstacles              = {}                     x
  objects                = {'object_1': {'type': 'box', 'size': [0.04, 0.04, 0.04], 'mass': 1.0, 'color': [0.1, 0.2, 0.9, 1.0], 'initial_position': [-0.25, 0.0, 0.02], 'spinning_friction': 0.001, 'current_position': [0.15267837716691726, 0.0189436126910006, 0.14480916423824344]}}  x
  scripts                = {'script_1': True, 'reach_only': True, 'left_right': True}  x
  target_goal            = {'type': 'goal_sequence', 'targets': [{'name': 'target', 'position': [0.15000000596046448, 0.0, 0.019999999552965164]}], 'mode': 'goal_sequence'}  x
  scene                  = {'table': {'length': 1.1, 'width': 0.7, 'height': 0.4, 'x_offset': -0.3, 'lateral_friction': 3.0, 'spinning_friction': 0.001}}  x
  robot_config           = {'control_type': 'ee', 'block_gripper': False, 'base_position': [-0.6, 0.0, 0.05]}  x
  current_task           = OBJECT_DELIVERY_SEQUENCE  x
  current_subtask        = PLACE_OBJECT           x
  active_target_name     = target                 x
  action                 = [0.0000, 0.0000, -0.1500, -1.0000]  x
  joint_angles           = [0.0002, 0.8426, -0.0015, -1.2647, 0.0011, 2.1051, 0.7841]  x
  joint_velocities       = [-0.0007, 0.1098, -0.0006, -0.0136, 0.0008, 0.0957, -0.0017]  x
  cube_rotation          = [0.0011, -0.0045, 0.0029]  x
  cube_linear_velocity   = [-0.0050, -0.0025, -0.0803]  x
  obstacle_positions     = {}                     x
[step=  43 23:10:22.329][SM] (sem transições neste tick)
[step=  43 23:10:22.329][SM] estado=S26   SAT=True

[step=  44 23:10:23.475][DejaVu] ep=1  subtask=PLACE_OBJECT  reward=-0.1186
[step=  44 23:10:23.475][Perception]
  CONTEXTO                                        PARÂMETROS SM
  ----------------------------------------------  --------------------------------------
  fingers_width         = 0.0402 m                gripper_width_cm      = 4 cm
  dist_ee_to_cube       = 0.0198 m                distance_ee_object_cm = 0 cm
  dist_cube_to_target   = 0.1186 m  (3D)          distance_obj_goal_cm  = 1 cm  (XY)
  cube_position (z)     = 0.1370 m                object_lift_height_cm = 11 cm
  cube_position (xy)    = [0.153, 0.019]          grasp_completed       = 1
  finger_contacts (raw) = 2                       finger_contacts       = 2
  x                                               grasp_attempts        = 1
  x                                               task_started          = 1
  x                                               object_available      = 1
  x                                               task_aborted          = 0
  episode                = 1                      x
  step                   = 44                     x
  ee_position            = [0.1505, -0.0008, 0.1366]  x
  ee_velocity            = [-0.0059, -0.0009, -0.0814]  x
  target_position        = [0.1500, 0.0000, 0.0200]  x
  reward                 = -0.1186                x
  is_success             = False                  x
  obstacle_in_path       = False                  x
  obstacle_count_in_path = 0                      x
  obstacles              = {}                     x
  objects                = {'object_1': {'type': 'box', 'size': [0.04, 0.04, 0.04], 'mass': 1.0, 'color': [0.1, 0.2, 0.9, 1.0], 'initial_position': [-0.25, 0.0, 0.02], 'spinning_friction': 0.001, 'current_position': [0.15268753400319193, 0.018842986404442905, 0.13701407026911486]}}  x
  scripts                = {'script_1': True, 'reach_only': True, 'left_right': True}  x
  target_goal            = {'type': 'goal_sequence', 'targets': [{'name': 'target', 'position': [0.15000000596046448, 0.0, 0.019999999552965164]}], 'mode': 'goal_sequence'}  x
  scene                  = {'table': {'length': 1.1, 'width': 0.7, 'height': 0.4, 'x_offset': -0.3, 'lateral_friction': 3.0, 'spinning_friction': 0.001}}  x
  robot_config           = {'control_type': 'ee', 'block_gripper': False, 'base_position': [-0.6, 0.0, 0.05]}  x
  current_task           = OBJECT_DELIVERY_SEQUENCE  x
  current_subtask        = PLACE_OBJECT           x
  active_target_name     = target                 x
  action                 = [0.0000, 0.0000, -0.1500, -1.0000]  x
  joint_angles           = [0.0001, 0.8534, -0.0016, -1.2663, 0.0012, 2.1175, 0.7839]  x
  joint_velocities       = [-0.0008, 0.1123, -0.0006, -0.0120, 0.0008, 0.0954, -0.0017]  x
  cube_rotation          = [0.0011, -0.0045, 0.0029]  x
  cube_linear_velocity   = [-0.0059, -0.0025, -0.0815]  x
  obstacle_positions     = {}                     x
[step=  44 23:10:23.475][SM] (sem transições neste tick)
[step=  44 23:10:23.475][SM] estado=S26   SAT=True

[step=  45 23:10:24.622][DejaVu] ep=1  subtask=PLACE_OBJECT  reward=-0.1108
[step=  45 23:10:24.622][Perception]
  CONTEXTO                                        PARÂMETROS SM
  ----------------------------------------------  --------------------------------------
  fingers_width         = 0.0402 m                gripper_width_cm      = 4 cm
  dist_ee_to_cube       = 0.0198 m                distance_ee_object_cm = 0 cm
  dist_cube_to_target   = 0.1108 m  (3D)          distance_obj_goal_cm  = 1 cm  (XY)
  cube_position (z)     = 0.1292 m                object_lift_height_cm = 10 cm
  cube_position (xy)    = [0.153, 0.019]          grasp_completed       = 1
  finger_contacts (raw) = 2                       finger_contacts       = 2
  x                                               grasp_attempts        = 1
  x                                               task_started          = 1
  x                                               object_available      = 1
  x                                               task_aborted          = 0
  episode                = 1                      x
  step                   = 45                     x
  ee_position            = [0.1505, -0.0010, 0.1287]  x
  ee_velocity            = [-0.0069, -0.0009, -0.0827]  x
  target_position        = [0.1500, 0.0000, 0.0200]  x
  reward                 = -0.1108                x
  is_success             = False                  x
  obstacle_in_path       = False                  x
  obstacle_count_in_path = 0                      x
  obstacles              = {}                     x
  objects                = {'object_1': {'type': 'box', 'size': [0.04, 0.04, 0.04], 'mass': 1.0, 'color': [0.1, 0.2, 0.9, 1.0], 'initial_position': [-0.25, 0.0, 0.02], 'spinning_friction': 0.001, 'current_position': [0.1526341662839318, 0.01874520040365731, 0.1291933465107218]}}  x
  scripts                = {'script_1': True, 'reach_only': True, 'left_right': True}  x
  target_goal            = {'type': 'goal_sequence', 'targets': [{'name': 'target', 'position': [0.15000000596046448, 0.0, 0.019999999552965164]}], 'mode': 'goal_sequence'}  x
  scene                  = {'table': {'length': 1.1, 'width': 0.7, 'height': 0.4, 'x_offset': -0.3, 'lateral_friction': 3.0, 'spinning_friction': 0.001}}  x
  robot_config           = {'control_type': 'ee', 'block_gripper': False, 'base_position': [-0.6, 0.0, 0.05]}  x
  current_task           = OBJECT_DELIVERY_SEQUENCE  x
  current_subtask        = PLACE_OBJECT           x
  active_target_name     = target                 x
  action                 = [0.0000, 0.0000, -0.1500, -1.0000]  x
  joint_angles           = [-0.0000, 0.8645, -0.0017, -1.2676, 0.0013, 2.1299, 0.7837]  x
  joint_velocities       = [-0.0008, 0.1149, -0.0006, -0.0104, 0.0008, 0.0950, -0.0017]  x
  cube_rotation          = [0.0011, -0.0044, 0.0029]  x
  cube_linear_velocity   = [-0.0069, -0.0024, -0.0827]  x
  obstacle_positions     = {}                     x
[step=  45 23:10:24.622][SM] (sem transições neste tick)
[step=  45 23:10:24.622][SM] estado=S26   SAT=True

[step=  46 23:10:25.793][DejaVu] ep=1  subtask=PLACE_OBJECT  reward=-0.1031
[step=  46 23:10:25.793][Perception]
  CONTEXTO                                        PARÂMETROS SM
  ----------------------------------------------  --------------------------------------
  fingers_width         = 0.0402 m                gripper_width_cm      = 4 cm
  dist_ee_to_cube       = 0.0198 m                distance_ee_object_cm = 0 cm
  dist_cube_to_target   = 0.1031 m  (3D)          distance_obj_goal_cm  = 1 cm  (XY)
  cube_position (z)     = 0.1213 m                object_lift_height_cm = 10 cm
  cube_position (xy)    = [0.153, 0.019]          grasp_completed       = 1
  finger_contacts (raw) = 2                       finger_contacts       = 2
  x                                               grasp_attempts        = 1
  x                                               task_started          = 1
  x                                               object_available      = 1
  x                                               task_aborted          = 0
  episode                = 1                      x
  step                   = 46                     x
  ee_position            = [0.1504, -0.0011, 0.1209]  x
  ee_velocity            = [-0.0079, -0.0009, -0.0838]  x
  target_position        = [0.1500, 0.0000, 0.0200]  x
  reward                 = -0.1031                x
  is_success             = False                  x
  obstacle_in_path       = False                  x
  obstacle_count_in_path = 0                      x
  obstacles              = {}                     x
  objects                = {'object_1': {'type': 'box', 'size': [0.04, 0.04, 0.04], 'mass': 1.0, 'color': [0.1, 0.2, 0.9, 1.0], 'initial_position': [-0.25, 0.0, 0.02], 'spinning_friction': 0.001, 'current_position': [0.15251818270618125, 0.018650250535239728, 0.12134994745357673]}}  x
  scripts                = {'script_1': True, 'reach_only': True, 'left_right': True}  x
  target_goal            = {'type': 'goal_sequence', 'targets': [{'name': 'target', 'position': [0.15000000596046448, 0.0, 0.019999999552965164]}], 'mode': 'goal_sequence'}  x
  scene                  = {'table': {'length': 1.1, 'width': 0.7, 'height': 0.4, 'x_offset': -0.3, 'lateral_friction': 3.0, 'spinning_friction': 0.001}}  x
  robot_config           = {'control_type': 'ee', 'block_gripper': False, 'base_position': [-0.6, 0.0, 0.05]}  x
  current_task           = OBJECT_DELIVERY_SEQUENCE  x
  current_subtask        = PLACE_OBJECT           x
  active_target_name     = target                 x
  action                 = [0.0000, 0.0000, -0.1500, -1.0000]  x
  joint_angles           = [-0.0001, 0.8757, -0.0018, -1.2687, 0.0014, 2.1422, 0.7835]  x
  joint_velocities       = [-0.0008, 0.1174, -0.0005, -0.0088, 0.0008, 0.0946, -0.0017]  x
  cube_rotation          = [0.0011, -0.0044, 0.0029]  x
  cube_linear_velocity   = [-0.0079, -0.0023, -0.0839]  x
  obstacle_positions     = {}                     x
[step=  46 23:10:25.793][SM] (sem transições neste tick)
[step=  46 23:10:25.793][SM] estado=S26   SAT=True

[step=  47 23:10:26.914][DejaVu] ep=1  subtask=PLACE_OBJECT  reward=-0.0953
[step=  47 23:10:26.914][Perception]
  CONTEXTO                                        PARÂMETROS SM
  ----------------------------------------------  --------------------------------------
  fingers_width         = 0.0402 m                gripper_width_cm      = 4 cm
  dist_ee_to_cube       = 0.0199 m                distance_ee_object_cm = 0 cm
  dist_cube_to_target   = 0.0953 m  (3D)          distance_obj_goal_cm  = 1 cm  (XY)
  cube_position (z)     = 0.1135 m                object_lift_height_cm = 9 cm
  cube_position (xy)    = [0.152, 0.019]          grasp_completed       = 1
  finger_contacts (raw) = 2                       finger_contacts       = 2
  x                                               grasp_attempts        = 1
  x                                               task_started          = 1
  x                                               object_available      = 1
  x                                               task_aborted          = 0
  episode                = 1                      x
  step                   = 47                     x
  ee_position            = [0.1502, -0.0012, 0.1130]  x
  ee_velocity            = [-0.0089, -0.0009, -0.0849]  x
  target_position        = [0.1500, 0.0000, 0.0200]  x
  reward                 = -0.0953                x
  is_success             = False                  x
  obstacle_in_path       = False                  x
  obstacle_count_in_path = 0                      x
  obstacles              = {}                     x
  objects                = {'object_1': {'type': 'box', 'size': [0.04, 0.04, 0.04], 'mass': 1.0, 'color': [0.1, 0.2, 0.9, 1.0], 'initial_position': [-0.25, 0.0, 0.02], 'spinning_friction': 0.001, 'current_position': [0.1523390046306444, 0.01855813675822881, 0.11348563782906813]}}  x
  scripts                = {'script_1': True, 'reach_only': True, 'left_right': True}  x
  target_goal            = {'type': 'goal_sequence', 'targets': [{'name': 'target', 'position': [0.15000000596046448, 0.0, 0.019999999552965164]}], 'mode': 'goal_sequence'}  x
  scene                  = {'table': {'length': 1.1, 'width': 0.7, 'height': 0.4, 'x_offset': -0.3, 'lateral_friction': 3.0, 'spinning_friction': 0.001}}  x
  robot_config           = {'control_type': 'ee', 'block_gripper': False, 'base_position': [-0.6, 0.0, 0.05]}  x
  current_task           = OBJECT_DELIVERY_SEQUENCE  x
  current_subtask        = PLACE_OBJECT           x
  active_target_name     = target                 x
  action                 = [0.0000, 0.0000, -0.1500, -1.0000]  x
  joint_angles           = [-0.0002, 0.8870, -0.0019, -1.2697, 0.0015, 2.1545, 0.7832]  x
  joint_velocities       = [-0.0008, 0.1199, -0.0005, -0.0071, 0.0008, 0.0942, -0.0017]  x
  cube_rotation          = [0.0011, -0.0044, 0.0029]  x
  cube_linear_velocity   = [-0.0089, -0.0023, -0.0850]  x
  obstacle_positions     = {}                     x
[step=  47 23:10:26.914][SM] (sem transições neste tick)
[step=  47 23:10:26.914][SM] estado=S26   SAT=True

[step=  48 23:10:28.087][DejaVu] ep=1  subtask=PLACE_OBJECT  reward=-0.0876
[step=  48 23:10:28.087][Perception]
  CONTEXTO                                        PARÂMETROS SM
  ----------------------------------------------  --------------------------------------
  fingers_width         = 0.0402 m                gripper_width_cm      = 4 cm
  dist_ee_to_cube       = 0.0199 m                distance_ee_object_cm = 0 cm
  dist_cube_to_target   = 0.0876 m  (3D)          distance_obj_goal_cm  = 1 cm  (XY)
  cube_position (z)     = 0.1056 m                object_lift_height_cm = 8 cm
  cube_position (xy)    = [0.152, 0.018]          grasp_completed       = 1
  finger_contacts (raw) = 2                       finger_contacts       = 2
  x                                               grasp_attempts        = 1
  x                                               task_started          = 1
  x                                               object_available      = 1
  x                                               task_aborted          = 0
  episode                = 1                      x
  step                   = 48                     x
  ee_position            = [0.1500, -0.0013, 0.1052]  x
  ee_velocity            = [-0.0100, -0.0008, -0.0859]  x
  target_position        = [0.1500, 0.0000, 0.0200]  x
  reward                 = -0.0876                x
  is_success             = False                  x
  obstacle_in_path       = False                  x
  obstacle_count_in_path = 0                      x
  obstacles              = {}                     x
  objects                = {'object_1': {'type': 'box', 'size': [0.04, 0.04, 0.04], 'mass': 1.0, 'color': [0.1, 0.2, 0.9, 1.0], 'initial_position': [-0.25, 0.0, 0.02], 'spinning_friction': 0.001, 'current_position': [0.15209626694099504, 0.01846886242689181, 0.10560260265065624]}}  x
  scripts                = {'script_1': True, 'reach_only': True, 'left_right': True}  x
  target_goal            = {'type': 'goal_sequence', 'targets': [{'name': 'target', 'position': [0.15000000596046448, 0.0, 0.019999999552965164]}], 'mode': 'goal_sequence'}  x
  scene                  = {'table': {'length': 1.1, 'width': 0.7, 'height': 0.4, 'x_offset': -0.3, 'lateral_friction': 3.0, 'spinning_friction': 0.001}}  x
  robot_config           = {'control_type': 'ee', 'block_gripper': False, 'base_position': [-0.6, 0.0, 0.05]}  x
  current_task           = OBJECT_DELIVERY_SEQUENCE  x
  current_subtask        = PLACE_OBJECT           x
  active_target_name     = target                 x
  action                 = [0.0000, 0.0000, -0.1500, -1.0000]  x
  joint_angles           = [-0.0003, 0.8986, -0.0020, -1.2704, 0.0016, 2.1667, 0.7830]  x
  joint_velocities       = [-0.0008, 0.1223, -0.0005, -0.0055, 0.0008, 0.0937, -0.0016]  x
  cube_rotation          = [0.0011, -0.0044, 0.0029]  x
  cube_linear_velocity   = [-0.0099, -0.0022, -0.0860]  x
  obstacle_positions     = {}                     x
[step=  48 23:10:28.087][SM] (sem transições neste tick)
[step=  48 23:10:28.087][SM] estado=S26   SAT=True

[step=  49 23:10:29.222][DejaVu] ep=1  subtask=PLACE_OBJECT  reward=-0.0799
[step=  49 23:10:29.222][Perception]
  CONTEXTO                                        PARÂMETROS SM
  ----------------------------------------------  --------------------------------------
  fingers_width         = 0.0402 m                gripper_width_cm      = 4 cm
  dist_ee_to_cube       = 0.0199 m                distance_ee_object_cm = 0 cm
  dist_cube_to_target   = 0.0799 m  (3D)          distance_obj_goal_cm  = 1 cm  (XY)
  cube_position (z)     = 0.0977 m                object_lift_height_cm = 7 cm
  cube_position (xy)    = [0.152, 0.018]          grasp_completed       = 1
  finger_contacts (raw) = 2                       finger_contacts       = 2
  x                                               grasp_attempts        = 1
  x                                               task_started          = 1
  x                                               object_available      = 1
  x                                               task_aborted          = 0
  episode                = 1                      x
  step                   = 49                     x
  ee_position            = [0.1497, -0.0014, 0.0973]  x
  ee_velocity            = [-0.0110, -0.0008, -0.0869]  x
  target_position        = [0.1500, 0.0000, 0.0200]  x
  reward                 = -0.0799                x
  is_success             = False                  x
  obstacle_in_path       = False                  x
  obstacle_count_in_path = 0                      x
  obstacles              = {}                     x
  objects                = {'object_1': {'type': 'box', 'size': [0.04, 0.04, 0.04], 'mass': 1.0, 'color': [0.1, 0.2, 0.9, 1.0], 'initial_position': [-0.25, 0.0, 0.02], 'spinning_friction': 0.001, 'current_position': [0.15178957535286183, 0.018382435589143802, 0.0977028879925357]}}  x
  scripts                = {'script_1': True, 'reach_only': True, 'left_right': True}  x
  target_goal            = {'type': 'goal_sequence', 'targets': [{'name': 'target', 'position': [0.15000000596046448, 0.0, 0.019999999552965164]}], 'mode': 'goal_sequence'}  x
  scene                  = {'table': {'length': 1.1, 'width': 0.7, 'height': 0.4, 'x_offset': -0.3, 'lateral_friction': 3.0, 'spinning_friction': 0.001}}  x
  robot_config           = {'control_type': 'ee', 'block_gripper': False, 'base_position': [-0.6, 0.0, 0.05]}  x
  current_task           = OBJECT_DELIVERY_SEQUENCE  x
  current_subtask        = PLACE_OBJECT           x
  active_target_name     = target                 x
  action                 = [0.0000, 0.0000, -0.1500, -1.0000]  x
  joint_angles           = [-0.0005, 0.9102, -0.0020, -1.2708, 0.0017, 2.1788, 0.7828]  x
  joint_velocities       = [-0.0008, 0.1246, -0.0004, -0.0038, 0.0008, 0.0932, -0.0016]  x
  cube_rotation          = [0.0011, -0.0044, 0.0029]  x
  cube_linear_velocity   = [-0.0110, -0.0021, -0.0870]  x
  obstacle_positions     = {}                     x
[step=  49 23:10:29.222][SM] (sem transições neste tick)
[step=  49 23:10:29.222][SM] estado=S26   SAT=True

[step=  50 23:10:30.407][DejaVu] ep=1  subtask=PLACE_OBJECT  reward=-0.0722
[step=  50 23:10:30.407][Perception]
  CONTEXTO                                        PARÂMETROS SM
  ----------------------------------------------  --------------------------------------
  fingers_width         = 0.0402 m                gripper_width_cm      = 4 cm
  dist_ee_to_cube       = 0.0200 m                distance_ee_object_cm = 0 cm
  dist_cube_to_target   = 0.0722 m  (3D)          distance_obj_goal_cm  = 1 cm  (XY)
  cube_position (z)     = 0.0898 m                object_lift_height_cm = 6 cm
  cube_position (xy)    = [0.151, 0.018]          grasp_completed       = 1
  finger_contacts (raw) = 2                       finger_contacts       = 2
  x                                               grasp_attempts        = 1
  x                                               task_started          = 1
  x                                               object_available      = 1
  x                                               task_aborted          = 0
  episode                = 1                      x
  step                   = 50                     x
  ee_position            = [0.1493, -0.0016, 0.0893]  x
  ee_velocity            = [-0.0120, -0.0008, -0.0878]  x
  target_position        = [0.1500, 0.0000, 0.0200]  x
  reward                 = -0.0722                x
  is_success             = False                  x
  obstacle_in_path       = False                  x
  obstacle_count_in_path = 0                      x
  obstacles              = {}                     x
  objects                = {'object_1': {'type': 'box', 'size': [0.04, 0.04, 0.04], 'mass': 1.0, 'color': [0.1, 0.2, 0.9, 1.0], 'initial_position': [-0.25, 0.0, 0.02], 'spinning_friction': 0.001, 'current_position': [0.1514186388951276, 0.0182988694202124, 0.0897887154462355]}}  x
  scripts                = {'script_1': True, 'reach_only': True, 'left_right': True}  x
  target_goal            = {'type': 'goal_sequence', 'targets': [{'name': 'target', 'position': [0.15000000596046448, 0.0, 0.019999999552965164]}], 'mode': 'goal_sequence'}  x
  scene                  = {'table': {'length': 1.1, 'width': 0.7, 'height': 0.4, 'x_offset': -0.3, 'lateral_friction': 3.0, 'spinning_friction': 0.001}}  x
  robot_config           = {'control_type': 'ee', 'block_gripper': False, 'base_position': [-0.6, 0.0, 0.05]}  x
  current_task           = OBJECT_DELIVERY_SEQUENCE  x
  current_subtask        = PLACE_OBJECT           x
  active_target_name     = target                 x
  action                 = [0.0000, 0.0000, -0.1500, -1.0000]  x
  joint_angles           = [-0.0006, 0.9220, -0.0021, -1.2711, 0.0019, 2.1908, 0.7826]  x
  joint_velocities       = [-0.0008, 0.1268, -0.0004, -0.0021, 0.0008, 0.0927, -0.0016]  x
  cube_rotation          = [0.0011, -0.0044, 0.0029]  x
  cube_linear_velocity   = [-0.0120, -0.0020, -0.0879]  x
  obstacle_positions     = {}                     x
[step=  50 23:10:30.407][SM] (sem transições neste tick)
[step=  50 23:10:30.407][SM] estado=S26   SAT=True

[step=  51 23:10:31.542][DejaVu] ep=1  subtask=PLACE_OBJECT  reward=-0.0646
[step=  51 23:10:31.542][Perception]
  CONTEXTO                                        PARÂMETROS SM
  ----------------------------------------------  --------------------------------------
  fingers_width         = 0.0402 m                gripper_width_cm      = 4 cm
  dist_ee_to_cube       = 0.0200 m                distance_ee_object_cm = 0 cm
  dist_cube_to_target   = 0.0646 m  (3D)          distance_obj_goal_cm  = 1 cm  (XY)
  cube_position (z)     = 0.0819 m                object_lift_height_cm = 6 cm
  cube_position (xy)    = [0.151, 0.018]          grasp_completed       = 1
  finger_contacts (raw) = 2                       finger_contacts       = 2
  x                                               grasp_attempts        = 1
  x                                               task_started          = 1
  x                                               object_available      = 1
  x                                               task_aborted          = 0
  episode                = 1                      x
  step                   = 51                     x
  ee_position            = [0.1489, -0.0017, 0.0815]  x
  ee_velocity            = [-0.0123, -0.0008, -0.0863]  x
  target_position        = [0.1500, 0.0000, 0.0200]  x
  reward                 = -0.0646                x
  is_success             = False                  x
  obstacle_in_path       = False                  x
  obstacle_count_in_path = 0                      x
  obstacles              = {}                     x
  objects                = {'object_1': {'type': 'box', 'size': [0.04, 0.04, 0.04], 'mass': 1.0, 'color': [0.1, 0.2, 0.9, 1.0], 'initial_position': [-0.25, 0.0, 0.02], 'spinning_friction': 0.001, 'current_position': [0.15099954356958128, 0.018218193419603495, 0.08194408160240085]}}  x
  scripts                = {'script_1': True, 'reach_only': True, 'left_right': True}  x
  target_goal            = {'type': 'goal_sequence', 'targets': [{'name': 'target', 'position': [0.15000000596046448, 0.0, 0.019999999552965164]}], 'mode': 'goal_sequence'}  x
  scene                  = {'table': {'length': 1.1, 'width': 0.7, 'height': 0.4, 'x_offset': -0.3, 'lateral_friction': 3.0, 'spinning_friction': 0.001}}  x
  robot_config           = {'control_type': 'ee', 'block_gripper': False, 'base_position': [-0.6, 0.0, 0.05]}  x
  current_task           = OBJECT_DELIVERY_SEQUENCE  x
  current_subtask        = PLACE_OBJECT           x
  active_target_name     = target                 x
  action                 = [0.0000, 0.0000, -0.1500, -1.0000]  x
  joint_angles           = [-0.0007, 0.9339, -0.0022, -1.2711, 0.0020, 2.2027, 0.7824]  x
  joint_velocities       = [-0.0008, 0.1258, -0.0004, -0.0001, 0.0008, 0.0913, -0.0016]  x
  cube_rotation          = [0.0011, -0.0044, 0.0029]  x
  cube_linear_velocity   = [-0.0123, -0.0020, -0.0863]  x
  obstacle_positions     = {}                     x
[step=  51 23:10:31.542][SM] (sem transições neste tick)
[step=  51 23:10:31.542][SM] estado=S26   SAT=True

[step=  52 23:10:32.688][DejaVu] ep=1  subtask=PLACE_OBJECT  reward=-0.0570
[step=  52 23:10:32.688][Perception]
  CONTEXTO                                        PARÂMETROS SM
  ----------------------------------------------  --------------------------------------
  fingers_width         = 0.0402 m                gripper_width_cm      = 4 cm
  dist_ee_to_cube       = 0.0201 m                distance_ee_object_cm = 0 cm
  dist_cube_to_target   = 0.0570 m  (3D)          distance_obj_goal_cm  = 1 cm  (XY)
  cube_position (z)     = 0.0741 m                object_lift_height_cm = 5 cm
  cube_position (xy)    = [0.151, 0.018]          grasp_completed       = 1
  finger_contacts (raw) = 2                       finger_contacts       = 2
  x                                               grasp_attempts        = 1
  x                                               task_started          = 1
  x                                               object_available      = 1
  x                                               task_aborted          = 0
  episode                = 1                      x
  step                   = 52                     x
  ee_position            = [0.1484, -0.0018, 0.0736]  x
  ee_velocity            = [-0.0136, -0.0008, -0.0877]  x
  target_position        = [0.1500, 0.0000, 0.0200]  x
  reward                 = -0.0570                x
  is_success             = False                  x
  obstacle_in_path       = False                  x
  obstacle_count_in_path = 0                      x
  obstacles              = {}                     x
  objects                = {'object_1': {'type': 'box', 'size': [0.04, 0.04, 0.04], 'mass': 1.0, 'color': [0.1, 0.2, 0.9, 1.0], 'initial_position': [-0.25, 0.0, 0.02], 'spinning_friction': 0.001, 'current_position': [0.15050438470481992, 0.01814043106951629, 0.074079495336294]}}  x
  scripts                = {'script_1': True, 'reach_only': True, 'left_right': True}  x
  target_goal            = {'type': 'goal_sequence', 'targets': [{'name': 'target', 'position': [0.15000000596046448, 0.0, 0.019999999552965164]}], 'mode': 'goal_sequence'}  x
  scene                  = {'table': {'length': 1.1, 'width': 0.7, 'height': 0.4, 'x_offset': -0.3, 'lateral_friction': 3.0, 'spinning_friction': 0.001}}  x
  robot_config           = {'control_type': 'ee', 'block_gripper': False, 'base_position': [-0.6, 0.0, 0.05]}  x
  current_task           = OBJECT_DELIVERY_SEQUENCE  x
  current_subtask        = PLACE_OBJECT           x
  active_target_name     = target                 x
  action                 = [0.0000, 0.0000, -0.1500, -1.0000]  x
  joint_angles           = [-0.0008, 0.9459, -0.0023, -1.2709, 0.0021, 2.2145, 0.7822]  x
  joint_velocities       = [-0.0008, 0.1286, -0.0003, 0.0013, 0.0008, 0.0907, -0.0016]  x
  cube_rotation          = [0.0011, -0.0044, 0.0029]  x
  cube_linear_velocity   = [-0.0136, -0.0019, -0.0878]  x
  obstacle_positions     = {}                     x
[step=  52 23:10:32.688][SM] (sem transições neste tick)
[step=  52 23:10:32.688][SM] estado=S26   SAT=True

[step=  53 23:10:33.821][DejaVu] ep=1  subtask=PLACE_OBJECT  reward=-0.0496
[step=  53 23:10:33.821][Perception]
  CONTEXTO                                        PARÂMETROS SM
  ----------------------------------------------  --------------------------------------
  fingers_width         = 0.0402 m                gripper_width_cm      = 4 cm
  dist_ee_to_cube       = 0.0201 m                distance_ee_object_cm = 0 cm
  dist_cube_to_target   = 0.0496 m  (3D)          distance_obj_goal_cm  = 1 cm  (XY)
  cube_position (z)     = 0.0662 m                object_lift_height_cm = 4 cm
  cube_position (xy)    = [0.150, 0.018]          grasp_completed       = 1
  finger_contacts (raw) = 2                       finger_contacts       = 2
  x                                               grasp_attempts        = 1
  x                                               task_started          = 1
  x                                               object_available      = 1
  x                                               task_aborted          = 0
  episode                = 1                      x
  step                   = 53                     x
  ee_position            = [0.1478, -0.0019, 0.0657]  x
  ee_velocity            = [-0.0148, -0.0008, -0.0890]  x
  target_position        = [0.1500, 0.0000, 0.0200]  x
  reward                 = -0.0496                x
  is_success             = False                  x
  obstacle_in_path       = False                  x
  obstacle_count_in_path = 0                      x
  obstacles              = {}                     x
  objects                = {'object_1': {'type': 'box', 'size': [0.04, 0.04, 0.04], 'mass': 1.0, 'color': [0.1, 0.2, 0.9, 1.0], 'initial_position': [-0.25, 0.0, 0.02], 'spinning_friction': 0.001, 'current_position': [0.14993884842572025, 0.018065631927071567, 0.0661845146475202]}}  x
  scripts                = {'script_1': True, 'reach_only': True, 'left_right': True}  x
  target_goal            = {'type': 'goal_sequence', 'targets': [{'name': 'target', 'position': [0.15000000596046448, 0.0, 0.019999999552965164]}], 'mode': 'goal_sequence'}  x
  scene                  = {'table': {'length': 1.1, 'width': 0.7, 'height': 0.4, 'x_offset': -0.3, 'lateral_friction': 3.0, 'spinning_friction': 0.001}}  x
  robot_config           = {'control_type': 'ee', 'block_gripper': False, 'base_position': [-0.6, 0.0, 0.05]}  x
  current_task           = OBJECT_DELIVERY_SEQUENCE  x
  current_subtask        = PLACE_OBJECT           x
  active_target_name     = target                 x
  action                 = [0.0000, 0.0000, -0.1500, -1.0000]  x
  joint_angles           = [-0.0009, 0.9580, -0.0023, -1.2706, 0.0022, 2.2263, 0.7820]  x
  joint_velocities       = [-0.0009, 0.1311, -0.0003, 0.0027, 0.0008, 0.0904, -0.0017]  x
  cube_rotation          = [0.0011, -0.0044, 0.0029]  x
  cube_linear_velocity   = [-0.0148, -0.0018, -0.0890]  x
  obstacle_positions     = {}                     x
[step=  53 23:10:33.821][SM] (sem transições neste tick)
[step=  53 23:10:33.821][SM] estado=S26   SAT=True

[step=  54 23:10:34.993][DejaVu] ep=1  subtask=PLACE_OBJECT  reward=-0.0421
[step=  54 23:10:34.993][Perception]
  CONTEXTO                                        PARÂMETROS SM
  ----------------------------------------------  --------------------------------------
  fingers_width         = 0.0402 m                gripper_width_cm      = 4 cm
  dist_ee_to_cube       = 0.0197 m                distance_ee_object_cm = 0 cm
  dist_cube_to_target   = 0.0421 m  (3D)          distance_obj_goal_cm  = 1 cm  (XY)
  cube_position (z)     = 0.0582 m                object_lift_height_cm = 3 cm
  cube_position (xy)    = [0.149, 0.018]          grasp_completed       = 1
  finger_contacts (raw) = 2                       finger_contacts       = 2
  x                                               grasp_attempts        = 1
  x                                               task_started          = 1
  x                                               object_available      = 1
  x                                               task_aborted          = 0
  episode                = 1                      x
  step                   = 54                     x
  ee_position            = [0.1472, -0.0020, 0.0578]  x
  ee_velocity            = [-0.0163, -0.0002, -0.0912]  x
  target_position        = [0.1500, 0.0000, 0.0200]  x
  reward                 = -0.0421                x
  is_success             = False                  x
  obstacle_in_path       = False                  x
  obstacle_count_in_path = 0                      x
  obstacles              = {}                     x
  objects                = {'object_1': {'type': 'box', 'size': [0.04, 0.04, 0.04], 'mass': 1.0, 'color': [0.1, 0.2, 0.9, 1.0], 'initial_position': [-0.25, 0.0, 0.02], 'spinning_friction': 0.001, 'current_position': [0.14930570188616576, 0.017581761743387124, 0.0582304927218504]}}  x
  scripts                = {'script_1': True, 'reach_only': True, 'left_right': True}  x
  target_goal            = {'type': 'goal_sequence', 'targets': [{'name': 'target', 'position': [0.15000000596046448, 0.0, 0.019999999552965164]}], 'mode': 'goal_sequence'}  x
  scene                  = {'table': {'length': 1.1, 'width': 0.7, 'height': 0.4, 'x_offset': -0.3, 'lateral_friction': 3.0, 'spinning_friction': 0.001}}  x
  robot_config           = {'control_type': 'ee', 'block_gripper': False, 'base_position': [-0.6, 0.0, 0.05]}  x
  current_task           = OBJECT_DELIVERY_SEQUENCE  x
  current_subtask        = PLACE_OBJECT           x
  active_target_name     = target                 x
  action                 = [0.0000, 0.0000, -0.1500, -1.0000]  x
  joint_angles           = [-0.0010, 0.9704, -0.0023, -1.2699, 0.0023, 2.2380, 0.7818]  x
  joint_velocities       = [-0.0009, 0.1354, 0.0007, 0.0047, 0.0009, 0.0901, -0.0017]  x
  cube_rotation          = [0.0011, -0.0043, 0.0029]  x
  cube_linear_velocity   = [-0.0163, -0.0132, -0.0912]  x
  obstacle_positions     = {}                     x
[step=  54 23:10:34.993][SM] (sem transições neste tick)
[step=  54 23:10:34.993][SM] estado=S26   SAT=True

[step=  55 23:10:36.128][DejaVu] ep=1  subtask=PLACE_OBJECT  reward=-0.0348
[step=  55 23:10:36.128][Perception]
  CONTEXTO                                        PARÂMETROS SM
  ----------------------------------------------  --------------------------------------
  fingers_width         = 0.0402 m                gripper_width_cm      = 4 cm
  dist_ee_to_cube       = 0.0193 m                distance_ee_object_cm = 0 cm
  dist_cube_to_target   = 0.0348 m  (3D)          distance_obj_goal_cm  = 1 cm  (XY)
  cube_position (z)     = 0.0503 m                object_lift_height_cm = 3 cm
  cube_position (xy)    = [0.149, 0.017]          grasp_completed       = 1
  finger_contacts (raw) = 2                       finger_contacts       = 2
  x                                               grasp_attempts        = 1
  x                                               task_started          = 1
  x                                               object_available      = 1
  x                                               task_aborted          = 0
  episode                = 1                      x
  step                   = 55                     x
  ee_position            = [0.1465, -0.0021, 0.0498]  x
  ee_velocity            = [-0.0171, -0.0003, -0.0912]  x
  target_position        = [0.1500, 0.0000, 0.0200]  x
  reward                 = -0.0348                x
  is_success             = False                  x
  obstacle_in_path       = False                  x
  obstacle_count_in_path = 0                      x
  obstacles              = {}                     x
  objects                = {'object_1': {'type': 'box', 'size': [0.04, 0.04, 0.04], 'mass': 1.0, 'color': [0.1, 0.2, 0.9, 1.0], 'initial_position': [-0.25, 0.0, 0.02], 'spinning_friction': 0.001, 'current_position': [0.14861355380840877, 0.017055090874451402, 0.05028258056612481]}}  x
  scripts                = {'script_1': True, 'reach_only': True, 'left_right': True}  x
  target_goal            = {'type': 'goal_sequence', 'targets': [{'name': 'target', 'position': [0.15000000596046448, 0.0, 0.019999999552965164]}], 'mode': 'goal_sequence'}  x
  scene                  = {'table': {'length': 1.1, 'width': 0.7, 'height': 0.4, 'x_offset': -0.3, 'lateral_friction': 3.0, 'spinning_friction': 0.001}}  x
  robot_config           = {'control_type': 'ee', 'block_gripper': False, 'base_position': [-0.6, 0.0, 0.05]}  x
  current_task           = OBJECT_DELIVERY_SEQUENCE  x
  current_subtask        = PLACE_OBJECT           x
  active_target_name     = target                 x
  action                 = [0.0000, 0.0000, -0.1500, -1.0000]  x
  joint_angles           = [-0.0011, 0.9829, -0.0023, -1.2691, 0.0024, 2.2497, 0.7816]  x
  joint_velocities       = [-0.0008, 0.1364, 0.0004, 0.0064, 0.0007, 0.0896, -0.0014]  x
  cube_rotation          = [0.0011, -0.0043, 0.0030]  x
  cube_linear_velocity   = [-0.0171, -0.0131, -0.0913]  x
  obstacle_positions     = {}                     x
[step=  55 23:10:36.128][SM] (sem transições neste tick)
[step=  55 23:10:36.128][SM] estado=S26   SAT=True

[step=  56 23:10:37.288][DejaVu] ep=1  subtask=PLACE_OBJECT  reward=-0.0279
[step=  56 23:10:37.288][Perception]
  CONTEXTO                                        PARÂMETROS SM
  ----------------------------------------------  --------------------------------------
  fingers_width         = 0.0401 m                gripper_width_cm      = 4 cm
  dist_ee_to_cube       = 0.0188 m                distance_ee_object_cm = 0 cm
  dist_cube_to_target   = 0.0279 m  (3D)          distance_obj_goal_cm  = 1 cm  (XY)
  cube_position (z)     = 0.0424 m                object_lift_height_cm = 2 cm
  cube_position (xy)    = [0.148, 0.017]          grasp_completed       = 1
  finger_contacts (raw) = 2                       finger_contacts       = 2
  x                                               grasp_attempts        = 1
  x                                               task_started          = 1
  x                                               object_available      = 1
  x                                               task_aborted          = 0
  episode                = 1                      x
  step                   = 56                     x
  ee_position            = [0.1457, -0.0022, 0.0420]  x
  ee_velocity            = [-0.0176, -0.0003, -0.0900]  x
  target_position        = [0.1500, 0.0000, 0.0200]  x
  reward                 = -0.0279                x
  is_success             = False                  x
  obstacle_in_path       = False                  x
  obstacle_count_in_path = 0                      x
  obstacles              = {}                     x
  objects                = {'object_1': {'type': 'box', 'size': [0.04, 0.04, 0.04], 'mass': 1.0, 'color': [0.1, 0.2, 0.9, 1.0], 'initial_position': [-0.25, 0.0, 0.02], 'spinning_friction': 0.001, 'current_position': [0.1478688743978182, 0.016531473934006988, 0.04239371537234407]}}  x
  scripts                = {'script_1': True, 'reach_only': True, 'left_right': True}  x
  target_goal            = {'type': 'goal_sequence', 'targets': [{'name': 'target', 'position': [0.15000000596046448, 0.0, 0.019999999552965164]}], 'mode': 'goal_sequence'}  x
  scene                  = {'table': {'length': 1.1, 'width': 0.7, 'height': 0.4, 'x_offset': -0.3, 'lateral_friction': 3.0, 'spinning_friction': 0.001}}  x
  robot_config           = {'control_type': 'ee', 'block_gripper': False, 'base_position': [-0.6, 0.0, 0.05]}  x
  current_task           = OBJECT_DELIVERY_SEQUENCE  x
  current_subtask        = PLACE_OBJECT           x
  active_target_name     = target                 x
  action                 = [0.0000, 0.0000, -0.1492, -1.0000]  x
  joint_angles           = [-0.0012, 0.9955, -0.0024, -1.2680, 0.0024, 2.2612, 0.7814]  x
  joint_velocities       = [-0.0006, 0.1358, 0.0002, 0.0081, 0.0006, 0.0885, -0.0011]  x
  cube_rotation          = [0.0011, -0.0043, 0.0030]  x
  cube_linear_velocity   = [-0.0176, -0.0130, -0.0901]  x
  obstacle_positions     = {}                     x
[step=  56 23:10:37.288][SM] (sem transições neste tick)
[step=  56 23:10:37.288][SM] estado=S26   SAT=True

[step=  57 23:10:38.461][DejaVu] ep=1  subtask=PLACE_OBJECT  reward=-0.0238
[step=  57 23:10:38.461][Perception]
  CONTEXTO                                        PARÂMETROS SM
  ----------------------------------------------  --------------------------------------
  fingers_width         = 0.0401 m                gripper_width_cm      = 4 cm
  dist_ee_to_cube       = 0.0184 m                distance_ee_object_cm = 0 cm
  dist_cube_to_target   = 0.0238 m  (3D)          distance_obj_goal_cm  = 1 cm  (XY)
  cube_position (z)     = 0.0374 m                object_lift_height_cm = 1 cm
  cube_position (xy)    = [0.148, 0.016]          grasp_completed       = 1
  finger_contacts (raw) = 2                       finger_contacts       = 2
  x                                               grasp_attempts        = 1
  x                                               task_started          = 1
  x                                               object_available      = 1
  x                                               task_aborted          = 0
  episode                = 1                      x
  step                   = 57                     x
  ee_position            = [0.1455, -0.0022, 0.0369]  x
  ee_velocity            = [0.0054, -0.0003, -0.0190]  x
  target_position        = [0.1500, 0.0000, 0.0200]  x
  reward                 = -0.0238                x
  is_success             = False                  x
  obstacle_in_path       = False                  x
  obstacle_count_in_path = 0                      x
  obstacles              = {}                     x
  objects                = {'object_1': {'type': 'box', 'size': [0.04, 0.04, 0.04], 'mass': 1.0, 'color': [0.1, 0.2, 0.9, 1.0], 'initial_position': [-0.25, 0.0, 0.02], 'spinning_friction': 0.001, 'current_position': [0.14767585635482203, 0.016010822849481642, 0.0374341308781998]}}  x
  scripts                = {'script_1': True, 'reach_only': True, 'left_right': True}  x
  target_goal            = {'type': 'goal_sequence', 'targets': [{'name': 'target', 'position': [0.15000000596046448, 0.0, 0.019999999552965164]}], 'mode': 'goal_sequence'}  x
  scene                  = {'table': {'length': 1.1, 'width': 0.7, 'height': 0.4, 'x_offset': -0.3, 'lateral_friction': 3.0, 'spinning_friction': 0.001}}  x
  robot_config           = {'control_type': 'ee', 'block_gripper': False, 'base_position': [-0.6, 0.0, 0.05]}  x
  current_task           = OBJECT_DELIVERY_SEQUENCE  x
  current_subtask        = PLACE_OBJECT           x
  active_target_name     = target                 x
  action                 = [0.0000, 0.0000, -0.1098, -1.0000]  x
  joint_angles           = [-0.0013, 1.0036, -0.0024, -1.2673, 0.0025, 2.2702, 0.7813]  x
  joint_velocities       = [-0.0004, 0.0357, -0.0001, 0.0035, 0.0007, 0.0686, -0.0011]  x
  cube_rotation          = [0.0011, -0.0059, 0.0030]  x
  cube_linear_velocity   = [0.0053, -0.0130, -0.0189]  x
  obstacle_positions     = {}                     x
[step=  57 23:10:38.461][SM] (sem transições neste tick)
[step=  57 23:10:38.461][SM] estado=S26   SAT=True

[step=  58 23:10:39.582][DejaVu] ep=1  subtask=PLACE_OBJECT  reward=-0.0209
[step=  58 23:10:39.582][Perception]
  CONTEXTO                                        PARÂMETROS SM
  ----------------------------------------------  --------------------------------------
  fingers_width         = 0.0401 m                gripper_width_cm      = 4 cm
  dist_ee_to_cube       = 0.0179 m                distance_ee_object_cm = 0 cm
  dist_cube_to_target   = 0.0209 m  (3D)          distance_obj_goal_cm  = 1 cm  (XY)
  cube_position (z)     = 0.0338 m                object_lift_height_cm = 1 cm
  cube_position (xy)    = [0.147, 0.015]          grasp_completed       = 1
  finger_contacts (raw) = 2                       finger_contacts       = 2
  x                                               grasp_attempts        = 1
  x                                               task_started          = 1
  x                                               object_available      = 1
  x                                               task_aborted          = 0
  episode                = 1                      x
  step                   = 58                     x
  ee_position            = [0.1453, -0.0023, 0.0332]  x
  ee_velocity            = [-0.0027, -0.0003, -0.0295]  x
  target_position        = [0.1500, 0.0000, 0.0200]  x
  reward                 = -0.0209                x
  is_success             = False                  x
  obstacle_in_path       = False                  x
  obstacle_count_in_path = 0                      x
  obstacles              = {}                     x
  objects                = {'object_1': {'type': 'box', 'size': [0.04, 0.04, 0.04], 'mass': 1.0, 'color': [0.1, 0.2, 0.9, 1.0], 'initial_position': [-0.25, 0.0, 0.02], 'spinning_friction': 0.001, 'current_position': [0.14745406734075991, 0.0154926788685369, 0.03381054559778434]}}  x
  scripts                = {'script_1': True, 'reach_only': True, 'left_right': True}  x
  target_goal            = {'type': 'goal_sequence', 'targets': [{'name': 'target', 'position': [0.15000000596046448, 0.0, 0.019999999552965164]}], 'mode': 'goal_sequence'}  x
  scene                  = {'table': {'length': 1.1, 'width': 0.7, 'height': 0.4, 'x_offset': -0.3, 'lateral_friction': 3.0, 'spinning_friction': 0.001}}  x
  robot_config           = {'control_type': 'ee', 'block_gripper': False, 'base_position': [-0.6, 0.0, 0.05]}  x
  current_task           = OBJECT_DELIVERY_SEQUENCE  x
  current_subtask        = PLACE_OBJECT           x
  active_target_name     = target                 x
  action                 = [0.0000, 0.0000, -0.0843, -1.0000]  x
  joint_angles           = [-0.0013, 1.0097, -0.0024, -1.2664, 0.0025, 2.2760, 0.7812]  x
  joint_velocities       = [-0.0004, 0.0483, -0.0000, 0.0060, 0.0005, 0.0446, -0.0008]  x
  cube_rotation          = [0.0011, -0.0067, 0.0030]  x
  cube_linear_velocity   = [-0.0027, -0.0129, -0.0295]  x
  obstacle_positions     = {}                     x
[step=  58 23:10:39.582][SM] (sem transições neste tick)
[step=  58 23:10:39.582][SM] estado=S26   SAT=True

[step=  59 23:10:40.717][DejaVu] ep=1  subtask=PLACE_OBJECT  reward=-0.0188
[step=  59 23:10:40.717][Perception]
  CONTEXTO                                        PARÂMETROS SM
  ----------------------------------------------  --------------------------------------
  fingers_width         = 0.0401 m                gripper_width_cm      = 4 cm
  dist_ee_to_cube       = 0.0174 m                distance_ee_object_cm = 0 cm
  dist_cube_to_target   = 0.0188 m  (3D)          distance_obj_goal_cm  = 1 cm  (XY)
  cube_position (z)     = 0.0310 m                object_lift_height_cm = 1 cm
  cube_position (xy)    = [0.147, 0.015]          grasp_completed       = 1
  finger_contacts (raw) = 2                       finger_contacts       = 2
  x                                               grasp_attempts        = 1
  x                                               task_started          = 1
  x                                               object_available      = 1
  x                                               task_aborted          = 0
  episode                = 1                      x
  step                   = 59                     x
  ee_position            = [0.1451, -0.0023, 0.0304]  x
  ee_velocity            = [-0.0024, -0.0002, -0.0230]  x
  target_position        = [0.1500, 0.0000, 0.0200]  x
  reward                 = -0.0188                x
  is_success             = False                  x
  obstacle_in_path       = False                  x
  obstacle_count_in_path = 0                      x
  obstacles              = {}                     x
  objects                = {'object_1': {'type': 'box', 'size': [0.04, 0.04, 0.04], 'mass': 1.0, 'color': [0.1, 0.2, 0.9, 1.0], 'initial_position': [-0.25, 0.0, 0.02], 'spinning_friction': 0.001, 'current_position': [0.1472110900425846, 0.014976821768198756, 0.030995596761946496]}}  x
  scripts                = {'script_1': True, 'reach_only': True, 'left_right': True}  x
  target_goal            = {'type': 'goal_sequence', 'targets': [{'name': 'target', 'position': [0.15000000596046448, 0.0, 0.019999999552965164]}], 'mode': 'goal_sequence'}  x
  scene                  = {'table': {'length': 1.1, 'width': 0.7, 'height': 0.4, 'x_offset': -0.3, 'lateral_friction': 3.0, 'spinning_friction': 0.001}}  x
  robot_config           = {'control_type': 'ee', 'block_gripper': False, 'base_position': [-0.6, 0.0, 0.05]}  x
  current_task           = OBJECT_DELIVERY_SEQUENCE  x
  current_subtask        = PLACE_OBJECT           x
  active_target_name     = target                 x
  action                 = [0.0000, 0.0000, -0.0662, -1.0000]  x
  joint_angles           = [-0.0014, 1.0144, -0.0024, -1.2655, 0.0026, 2.2800, 0.7811]  x
  joint_velocities       = [-0.0004, 0.0386, 0.0000, 0.0071, 0.0003, 0.0305, -0.0007]  x
  cube_rotation          = [0.0011, -0.0068, 0.0030]  x
  cube_linear_velocity   = [-0.0024, -0.0129, -0.0230]  x
  obstacle_positions     = {}                     x
[step=  59 23:10:40.717][SM] (sem transições neste tick)
[step=  59 23:10:40.717][SM] estado=S26   SAT=True

[step=  60 23:10:41.879][DejaVu] ep=1  subtask=PLACE_OBJECT  reward=-0.0172
[step=  60 23:10:41.879][Perception]
  CONTEXTO                                        PARÂMETROS SM
  ----------------------------------------------  --------------------------------------
  fingers_width         = 0.0401 m                gripper_width_cm      = 4 cm
  dist_ee_to_cube       = 0.0170 m                distance_ee_object_cm = 0 cm
  dist_cube_to_target   = 0.0172 m  (3D)          distance_obj_goal_cm  = 1 cm  (XY)
  cube_position (z)     = 0.0288 m                object_lift_height_cm = 0 cm
  cube_position (xy)    = [0.147, 0.014]          grasp_completed       = 1
  finger_contacts (raw) = 2                       finger_contacts       = 2
  x                                               grasp_attempts        = 1
  x                                               task_started          = 1
  x                                               object_available      = 1
  x                                               task_aborted          = 0
  episode                = 1                      x
  step                   = 60                     x
  ee_position            = [0.1448, -0.0023, 0.0282]  x
  ee_velocity            = [-0.0019, -0.0002, -0.0178]  x
  target_position        = [0.1500, 0.0000, 0.0200]  x
  reward                 = -0.0172                x
  is_success             = False                  x
  obstacle_in_path       = False                  x
  obstacle_count_in_path = 0                      x
  obstacles              = {}                     x
  objects                = {'object_1': {'type': 'box', 'size': [0.04, 0.04, 0.04], 'mass': 1.0, 'color': [0.1, 0.2, 0.9, 1.0], 'initial_position': [-0.25, 0.0, 0.02], 'spinning_friction': 0.001, 'current_position': [0.14700234728251696, 0.014463048817328553, 0.028775324011623873]}}  x
  scripts                = {'script_1': True, 'reach_only': True, 'left_right': True}  x
  target_goal            = {'type': 'goal_sequence', 'targets': [{'name': 'target', 'position': [0.15000000596046448, 0.0, 0.019999999552965164]}], 'mode': 'goal_sequence'}  x
  scene                  = {'table': {'length': 1.1, 'width': 0.7, 'height': 0.4, 'x_offset': -0.3, 'lateral_friction': 3.0, 'spinning_friction': 0.001}}  x
  robot_config           = {'control_type': 'ee', 'block_gripper': False, 'base_position': [-0.6, 0.0, 0.05]}  x
  current_task           = OBJECT_DELIVERY_SEQUENCE  x
  current_subtask        = PLACE_OBJECT           x
  active_target_name     = target                 x
  action                 = [0.0000, 0.0000, -0.0521, -1.0000]  x
  joint_angles           = [-0.0014, 1.0182, -0.0024, -1.2648, 0.0026, 2.2830, 0.7810]  x
  joint_velocities       = [-0.0003, 0.0301, 0.0000, 0.0058, 0.0003, 0.0233, -0.0006]  x
  cube_rotation          = [0.0011, -0.0067, 0.0030]  x
  cube_linear_velocity   = [-0.0019, -0.0128, -0.0178]  x
  obstacle_positions     = {}                     x
[step=  60 23:10:41.879][SM] (sem transições neste tick)
[step=  60 23:10:41.879][SM] estado=S26   SAT=True

[step=  61 23:10:42.998][DejaVu] ep=1  subtask=PLACE_OBJECT  reward=-0.0159
[step=  61 23:10:42.998][Perception]
  CONTEXTO                                        PARÂMETROS SM
  ----------------------------------------------  --------------------------------------
  fingers_width         = 0.0401 m                gripper_width_cm      = 4 cm
  dist_ee_to_cube       = 0.0165 m                distance_ee_object_cm = 0 cm
  dist_cube_to_target   = 0.0159 m  (3D)          distance_obj_goal_cm  = 1 cm  (XY)
  cube_position (z)     = 0.0270 m                object_lift_height_cm = 0 cm
  cube_position (xy)    = [0.147, 0.014]          grasp_completed       = 1
  finger_contacts (raw) = 2                       finger_contacts       = 2
  x                                               grasp_attempts        = 1
  x                                               task_started          = 1
  x                                               object_available      = 1
  x                                               task_aborted          = 0
  episode                = 1                      x
  step                   = 61                     x
  ee_position            = [0.1447, -0.0024, 0.0264]  x
  ee_velocity            = [-0.0015, -0.0002, -0.0138]  x
  target_position        = [0.1500, 0.0000, 0.0200]  x
  reward                 = -0.0159                x
  is_success             = False                  x
  obstacle_in_path       = False                  x
  obstacle_count_in_path = 0                      x
  obstacles              = {}                     x
  objects                = {'object_1': {'type': 'box', 'size': [0.04, 0.04, 0.04], 'mass': 1.0, 'color': [0.1, 0.2, 0.9, 1.0], 'initial_position': [-0.25, 0.0, 0.02], 'spinning_friction': 0.001, 'current_position': [0.1468304465035068, 0.013951215496035486, 0.02702358465372706]}}  x
  scripts                = {'script_1': True, 'reach_only': True, 'left_right': True}  x
  target_goal            = {'type': 'goal_sequence', 'targets': [{'name': 'target', 'position': [0.15000000596046448, 0.0, 0.019999999552965164]}], 'mode': 'goal_sequence'}  x
  scene                  = {'table': {'length': 1.1, 'width': 0.7, 'height': 0.4, 'x_offset': -0.3, 'lateral_friction': 3.0, 'spinning_friction': 0.001}}  x
  robot_config           = {'control_type': 'ee', 'block_gripper': False, 'base_position': [-0.6, 0.0, 0.05]}  x
  current_task           = OBJECT_DELIVERY_SEQUENCE  x
  current_subtask        = PLACE_OBJECT           x
  active_target_name     = target                 x
  action                 = [0.0000, 0.0000, -0.0409, -1.0000]  x
  joint_angles           = [-0.0014, 1.0212, -0.0024, -1.2642, 0.0027, 2.2854, 0.7810]  x
  joint_velocities       = [-0.0003, 0.0234, -0.0000, 0.0046, 0.0003, 0.0183, -0.0006]  x
  cube_rotation          = [0.0011, -0.0067, 0.0030]  x
  cube_linear_velocity   = [-0.0015, -0.0128, -0.0138]  x
  obstacle_positions     = {}                     x
[step=  61 23:10:42.998][SM] (sem transições neste tick)
[step=  61 23:10:42.998][SM] estado=S26   SAT=True

[step=  62 23:10:44.150][DejaVu] ep=1  subtask=PLACE_OBJECT  reward=-0.0149
[step=  62 23:10:44.150][Perception]
  CONTEXTO                                        PARÂMETROS SM
  ----------------------------------------------  --------------------------------------
  fingers_width         = 0.0401 m                gripper_width_cm      = 4 cm
  dist_ee_to_cube       = 0.0160 m                distance_ee_object_cm = 0 cm
  dist_cube_to_target   = 0.0149 m  (3D)          distance_obj_goal_cm  = 1 cm  (XY)
  cube_position (z)     = 0.0256 m                object_lift_height_cm = 0 cm
  cube_position (xy)    = [0.147, 0.013]          grasp_completed       = 1
  finger_contacts (raw) = 2                       finger_contacts       = 2
  x                                               grasp_attempts        = 1
  x                                               task_started          = 1
  x                                               object_available      = 1
  x                                               task_aborted          = 0
  episode                = 1                      x
  step                   = 62                     x
  ee_position            = [0.1445, -0.0024, 0.0250]  x
  ee_velocity            = [-0.0011, -0.0002, -0.0107]  x
  target_position        = [0.1500, 0.0000, 0.0200]  x
  reward                 = -0.0149                x
  is_success             = False                  x
  obstacle_in_path       = False                  x
  obstacle_count_in_path = 0                      x
  obstacles              = {}                     x
  objects                = {'object_1': {'type': 'box', 'size': [0.04, 0.04, 0.04], 'mass': 1.0, 'color': [0.1, 0.2, 0.9, 1.0], 'initial_position': [-0.25, 0.0, 0.02], 'spinning_friction': 0.001, 'current_position': [0.14669008782828968, 0.013441195957661418, 0.02564124558528461]}}  x
  scripts                = {'script_1': True, 'reach_only': True, 'left_right': True}  x
  target_goal            = {'type': 'goal_sequence', 'targets': [{'name': 'target', 'position': [0.15000000596046448, 0.0, 0.019999999552965164]}], 'mode': 'goal_sequence'}  x
  scene                  = {'table': {'length': 1.1, 'width': 0.7, 'height': 0.4, 'x_offset': -0.3, 'lateral_friction': 3.0, 'spinning_friction': 0.001}}  x
  robot_config           = {'control_type': 'ee', 'block_gripper': False, 'base_position': [-0.6, 0.0, 0.05]}  x
  current_task           = OBJECT_DELIVERY_SEQUENCE  x
  current_subtask        = PLACE_OBJECT           x
  active_target_name     = target                 x
  action                 = [0.0000, 0.0000, -0.0321, -1.0000]  x
  joint_angles           = [-0.0015, 1.0235, -0.0025, -1.2637, 0.0027, 2.2872, 0.7809]  x
  joint_velocities       = [-0.0003, 0.0182, -0.0000, 0.0036, 0.0002, 0.0144, -0.0005]  x
  cube_rotation          = [0.0011, -0.0067, 0.0030]  x
  cube_linear_velocity   = [-0.0011, -0.0127, -0.0107]  x
  obstacle_positions     = {}                     x
[step=  62 23:10:44.150][SM] (sem transições neste tick)
[step=  62 23:10:44.150][SM] estado=S26   SAT=True

[step=  63 23:10:45.319][DejaVu] ep=1  subtask=PLACE_OBJECT  reward=-0.0141
[step=  63 23:10:45.319][Perception]
  CONTEXTO                                        PARÂMETROS SM
  ----------------------------------------------  --------------------------------------
  fingers_width         = 0.0401 m                gripper_width_cm      = 4 cm
  dist_ee_to_cube       = 0.0155 m                distance_ee_object_cm = 0 cm
  dist_cube_to_target   = 0.0141 m  (3D)          distance_obj_goal_cm  = 1 cm  (XY)
  cube_position (z)     = 0.0246 m                object_lift_height_cm = 0 cm
  cube_position (xy)    = [0.147, 0.013]          grasp_completed       = 1
  finger_contacts (raw) = 2                       finger_contacts       = 2
  x                                               grasp_attempts        = 1
  x                                               task_started          = 1
  x                                               object_available      = 1
  x                                               task_aborted          = 0
  episode                = 1                      x
  step                   = 63                     x
  ee_position            = [0.1444, -0.0024, 0.0239]  x
  ee_velocity            = [-0.0009, -0.0002, -0.0084]  x
  target_position        = [0.1500, 0.0000, 0.0200]  x
  reward                 = -0.0141                x
  is_success             = False                  x
  obstacle_in_path       = False                  x
  obstacle_count_in_path = 0                      x
  obstacles              = {}                     x
  objects                = {'object_1': {'type': 'box', 'size': [0.04, 0.04, 0.04], 'mass': 1.0, 'color': [0.1, 0.2, 0.9, 1.0], 'initial_position': [-0.25, 0.0, 0.02], 'spinning_friction': 0.001, 'current_position': [0.14657682717887546, 0.012932902803262316, 0.024552581843576653]}}  x
  scripts                = {'script_1': True, 'reach_only': True, 'left_right': True}  x
  target_goal            = {'type': 'goal_sequence', 'targets': [{'name': 'target', 'position': [0.15000000596046448, 0.0, 0.019999999552965164]}], 'mode': 'goal_sequence'}  x
  scene                  = {'table': {'length': 1.1, 'width': 0.7, 'height': 0.4, 'x_offset': -0.3, 'lateral_friction': 3.0, 'spinning_friction': 0.001}}  x
  robot_config           = {'control_type': 'ee', 'block_gripper': False, 'base_position': [-0.6, 0.0, 0.05]}  x
  current_task           = OBJECT_DELIVERY_SEQUENCE  x
  current_subtask        = PLACE_OBJECT           x
  active_target_name     = target                 x
  action                 = [0.0000, 0.0000, -0.0252, -1.0000]  x
  joint_angles           = [-0.0015, 1.0254, -0.0025, -1.2634, 0.0027, 2.2887, 0.7808]  x
  joint_velocities       = [-0.0002, 0.0141, -0.0000, 0.0027, 0.0002, 0.0114, -0.0005]  x
  cube_rotation          = [0.0011, -0.0067, 0.0030]  x
  cube_linear_velocity   = [-0.0009, -0.0127, -0.0084]  x
  obstacle_positions     = {}                     x
[step=  63 23:10:45.319][SM] (sem transições neste tick)
[step=  63 23:10:45.319][SM] estado=S26   SAT=True

[step=  64 23:10:46.453][DejaVu] ep=1  subtask=PLACE_OBJECT  reward=-0.0130
[step=  64 23:10:46.453][Perception]
  CONTEXTO                                        PARÂMETROS SM
  ----------------------------------------------  --------------------------------------
  fingers_width         = 0.0751 m                gripper_width_cm      = 7 cm
  dist_ee_to_cube       = 0.0157 m                distance_ee_object_cm = 0 cm
  dist_cube_to_target   = 0.0130 m  (3D)          distance_obj_goal_cm  = 1 cm  (XY)
  cube_position (z)     = 0.0197 m                object_lift_height_cm = 0 cm
  cube_position (xy)    = [0.147, 0.013]          grasp_completed       = 0
  finger_contacts (raw) = 0                       finger_contacts       = 0
  x                                               grasp_attempts        = 1
  x                                               task_started          = 1
  x                                               object_available      = 1
  x                                               task_aborted          = 0
  episode                = 1                      x
  step                   = 64                     x
  ee_position            = [0.1444, -0.0024, 0.0239]  x
  ee_velocity            = [0.0000, 0.0001, 0.0001]  x
  target_position        = [0.1500, 0.0000, 0.0200]  x
  reward                 = -0.0130                x
  is_success             = False                  x
  obstacle_in_path       = False                  x
  obstacle_count_in_path = 0                      x
  obstacles              = {}                     x
  objects                = {'object_1': {'type': 'box', 'size': [0.04, 0.04, 0.04], 'mass': 1.0, 'color': [0.1, 0.2, 0.9, 1.0], 'initial_position': [-0.25, 0.0, 0.02], 'spinning_friction': 0.001, 'current_position': [0.14659631682825727, 0.01256031657001355, 0.019730082720476813]}}  x
  scripts                = {'script_1': True, 'reach_only': True, 'left_right': True}  x
  target_goal            = {'type': 'goal_sequence', 'targets': [{'name': 'target', 'position': [0.15000000596046448, 0.0, 0.019999999552965164]}], 'mode': 'goal_sequence'}  x
  scene                  = {'table': {'length': 1.1, 'width': 0.7, 'height': 0.4, 'x_offset': -0.3, 'lateral_friction': 3.0, 'spinning_friction': 0.001}}  x
  robot_config           = {'control_type': 'ee', 'block_gripper': False, 'base_position': [-0.6, 0.0, 0.05]}  x
  current_task           = OBJECT_DELIVERY_SEQUENCE  x
  current_subtask        = PLACE_OBJECT           x
  active_target_name     = target                 x
  action                 = [0.0000, 0.0000, 0.0000, 1.0000]  x
  joint_angles           = [-0.0015, 1.0253, -0.0025, -1.2634, 0.0028, 2.2887, 0.7808]  x
  joint_velocities       = [-0.0000, -0.0001, 0.0001, -0.0000, 0.0001, 0.0001, -0.0001]  x
  cube_rotation          = [0.0007, -0.0044, 0.0030]  x
  cube_linear_velocity   = [0.0038, 0.0007, 0.0113]  x
  obstacle_positions     = {}                     x
[step=  64 23:10:46.453][SM] (sem transições neste tick)
[step=  64 23:10:46.453][SM] estado=S26   SAT=True

[step=  65 23:10:47.601][DejaVu] ep=1  subtask=PLACE_OBJECT  reward=-0.0130
[step=  65 23:10:47.601][Perception]
  CONTEXTO                                        PARÂMETROS SM
  ----------------------------------------------  --------------------------------------
  fingers_width         = 0.0794 m                gripper_width_cm      = 7 cm
  dist_ee_to_cube       = 0.0157 m                distance_ee_object_cm = 0 cm
  dist_cube_to_target   = 0.0130 m  (3D)          distance_obj_goal_cm  = 1 cm  (XY)
  cube_position (z)     = 0.0199 m                object_lift_height_cm = 0 cm
  cube_position (xy)    = [0.147, 0.013]          grasp_completed       = 0
  finger_contacts (raw) = 0                       finger_contacts       = 0
  x                                               grasp_attempts        = 1
  x                                               task_started          = 1
  x                                               object_available      = 1
  x                                               task_aborted          = 0
  episode                = 1                      x
  step                   = 65                     x
  ee_position            = [0.1444, -0.0024, 0.0239]  x
  ee_velocity            = [-0.0000, 0.0000, -0.0000]  x
  target_position        = [0.1500, 0.0000, 0.0200]  x
  reward                 = -0.0130                x
  is_success             = False                  x
  obstacle_in_path       = False                  x
  obstacle_count_in_path = 0                      x
  obstacles              = {}                     x
  objects                = {'object_1': {'type': 'box', 'size': [0.04, 0.04, 0.04], 'mass': 1.0, 'color': [0.1, 0.2, 0.9, 1.0], 'initial_position': [-0.25, 0.0, 0.02], 'spinning_friction': 0.001, 'current_position': [0.14666771617475657, 0.01257252192724322, 0.019940988724522487]}}  x
  scripts                = {'script_1': True, 'reach_only': True, 'left_right': True}  x
  target_goal            = {'type': 'goal_sequence', 'targets': [{'name': 'target', 'position': [0.15000000596046448, 0.0, 0.019999999552965164]}], 'mode': 'goal_sequence'}  x
  scene                  = {'table': {'length': 1.1, 'width': 0.7, 'height': 0.4, 'x_offset': -0.3, 'lateral_friction': 3.0, 'spinning_friction': 0.001}}  x
  robot_config           = {'control_type': 'ee', 'block_gripper': False, 'base_position': [-0.6, 0.0, 0.05]}  x
  current_task           = OBJECT_DELIVERY_SEQUENCE  x
  current_subtask        = PLACE_OBJECT           x
  active_target_name     = target                 x
  action                 = [0.0000, 0.0000, 0.0000, 1.0000]  x
  joint_angles           = [-0.0015, 1.0253, -0.0025, -1.2634, 0.0028, 2.2887, 0.7808]  x
  joint_velocities       = [-0.0000, -0.0000, 0.0001, -0.0001, 0.0001, 0.0001, -0.0001]  x
  cube_rotation          = [0.0001, -0.0008, 0.0030]  x
  cube_linear_velocity   = [0.0007, 0.0001, 0.0021]  x
  obstacle_positions     = {}                     x
[step=  65 23:10:47.601][SM] (sem transições neste tick)
[step=  65 23:10:47.601][SM] estado=S26   SAT=True

[step=  66 23:10:48.772][DejaVu] ep=1  subtask=PLACE_OBJECT  reward=-0.0130
[step=  66 23:10:48.772][Perception]
  CONTEXTO                                        PARÂMETROS SM
  ----------------------------------------------  --------------------------------------
  fingers_width         = 0.0799 m                gripper_width_cm      = 7 cm
  dist_ee_to_cube       = 0.0157 m                distance_ee_object_cm = 0 cm
  dist_cube_to_target   = 0.0130 m  (3D)          distance_obj_goal_cm  = 1 cm  (XY)
  cube_position (z)     = 0.0200 m                object_lift_height_cm = 0 cm
  cube_position (xy)    = [0.147, 0.013]          grasp_completed       = 0
  finger_contacts (raw) = 0                       finger_contacts       = 0
  x                                               grasp_attempts        = 1
  x                                               task_started          = 1
  x                                               object_available      = 1
  x                                               task_aborted          = 0
  episode                = 1                      x
  step                   = 66                     x
  ee_position            = [0.1444, -0.0024, 0.0239]  x
  ee_velocity            = [-0.0000, 0.0000, -0.0000]  x
  target_position        = [0.1500, 0.0000, 0.0200]  x
  reward                 = -0.0130                x
  is_success             = False                  x
  obstacle_in_path       = False                  x
  obstacle_count_in_path = 0                      x
  obstacles              = {}                     x
  objects                = {'object_1': {'type': 'box', 'size': [0.04, 0.04, 0.04], 'mass': 1.0, 'color': [0.1, 0.2, 0.9, 1.0], 'initial_position': [-0.25, 0.0, 0.02], 'spinning_friction': 0.001, 'current_position': [0.14668121958683833, 0.012574836994370973, 0.019980753087033662]}}  x
  scripts                = {'script_1': True, 'reach_only': True, 'left_right': True}  x
  target_goal            = {'type': 'goal_sequence', 'targets': [{'name': 'target', 'position': [0.15000000596046448, 0.0, 0.019999999552965164]}], 'mode': 'goal_sequence'}  x
  scene                  = {'table': {'length': 1.1, 'width': 0.7, 'height': 0.4, 'x_offset': -0.3, 'lateral_friction': 3.0, 'spinning_friction': 0.001}}  x
  robot_config           = {'control_type': 'ee', 'block_gripper': False, 'base_position': [-0.6, 0.0, 0.05]}  x
  current_task           = OBJECT_DELIVERY_SEQUENCE  x
  current_subtask        = PLACE_OBJECT           x
  active_target_name     = target                 x
  action                 = [0.0000, 0.0000, 0.0000, 1.0000]  x
  joint_angles           = [-0.0015, 1.0253, -0.0025, -1.2634, 0.0028, 2.2887, 0.7808]  x
  joint_velocities       = [0.0000, -0.0000, 0.0000, -0.0001, 0.0000, 0.0001, -0.0000]  x
  cube_rotation          = [0.0000, -0.0002, 0.0030]  x
  cube_linear_velocity   = [0.0001, 0.0000, 0.0004]  x
  obstacle_positions     = {}                     x
[step=  66 23:10:48.772][SM] (sem transições neste tick)
[step=  66 23:10:48.772][SM] estado=S26   SAT=True

[step=  67 23:10:49.929][DejaVu] ep=1  subtask=PLACE_OBJECT  reward=-0.0130
[step=  67 23:10:49.929][Perception]
  CONTEXTO                                        PARÂMETROS SM
  ----------------------------------------------  --------------------------------------
  fingers_width         = 0.0800 m                gripper_width_cm      = 7 cm
  dist_ee_to_cube       = 0.0157 m                distance_ee_object_cm = 0 cm
  dist_cube_to_target   = 0.0130 m  (3D)          distance_obj_goal_cm  = 1 cm  (XY)
  cube_position (z)     = 0.0200 m                object_lift_height_cm = 0 cm
  cube_position (xy)    = [0.147, 0.013]          grasp_completed       = 0
  finger_contacts (raw) = 0                       finger_contacts       = 0
  x                                               grasp_attempts        = 1
  x                                               task_started          = 1
  x                                               object_available      = 1
  x                                               task_aborted          = 0
  episode                = 1                      x
  step                   = 67                     x
  ee_position            = [0.1444, -0.0024, 0.0239]  x
  ee_velocity            = [-0.0000, 0.0000, -0.0000]  x
  target_position        = [0.1500, 0.0000, 0.0200]  x
  reward                 = -0.0130                x
  is_success             = False                  x
  obstacle_in_path       = False                  x
  obstacle_count_in_path = 0                      x
  obstacles              = {}                     x
  objects                = {'object_1': {'type': 'box', 'size': [0.04, 0.04, 0.04], 'mass': 1.0, 'color': [0.1, 0.2, 0.9, 1.0], 'initial_position': [-0.25, 0.0, 0.02], 'spinning_friction': 0.001, 'current_position': [0.14668376867803784, 0.012575274255700685, 0.019988255211493344]}}  x
  scripts                = {'script_1': True, 'reach_only': True, 'left_right': True}  x
  target_goal            = {'type': 'goal_sequence', 'targets': [{'name': 'target', 'position': [0.15000000596046448, 0.0, 0.019999999552965164]}], 'mode': 'goal_sequence'}  x
  scene                  = {'table': {'length': 1.1, 'width': 0.7, 'height': 0.4, 'x_offset': -0.3, 'lateral_friction': 3.0, 'spinning_friction': 0.001}}  x
  robot_config           = {'control_type': 'ee', 'block_gripper': False, 'base_position': [-0.6, 0.0, 0.05]}  x
  current_task           = OBJECT_DELIVERY_SEQUENCE  x
  current_subtask        = PLACE_OBJECT           x
  active_target_name     = target                 x
  action                 = [0.0000, 0.0000, 0.0000, 1.0000]  x
  joint_angles           = [-0.0015, 1.0253, -0.0025, -1.2634, 0.0028, 2.2887, 0.7808]  x
  joint_velocities       = [0.0000, -0.0000, -0.0000, -0.0001, 0.0000, 0.0001, -0.0000]  x
  cube_rotation          = [0.0000, -0.0000, 0.0030]  x
  cube_linear_velocity   = [0.0000, 0.0000, 0.0001]  x
  obstacle_positions     = {}                     x
[step=  67 23:10:49.929][SM] (sem transições neste tick)
[step=  67 23:10:49.929][SM] estado=S26   SAT=True

[step=  68 23:10:51.063][DejaVu] ep=1  subtask=PLACE_OBJECT  reward=-0.0130
[step=  68 23:10:51.063][Perception]
  CONTEXTO                                        PARÂMETROS SM
  ----------------------------------------------  --------------------------------------
  fingers_width         = 0.0800 m                gripper_width_cm      = 7 cm
  dist_ee_to_cube       = 0.0157 m                distance_ee_object_cm = 0 cm
  dist_cube_to_target   = 0.0130 m  (3D)          distance_obj_goal_cm  = 1 cm  (XY)
  cube_position (z)     = 0.0200 m                object_lift_height_cm = 0 cm
  cube_position (xy)    = [0.147, 0.013]          grasp_completed       = 0
  finger_contacts (raw) = 0                       finger_contacts       = 0
  x                                               grasp_attempts        = 1
  x                                               task_started          = 1
  x                                               object_available      = 1
  x                                               task_aborted          = 0
  episode                = 1                      x
  step                   = 68                     x
  ee_position            = [0.1444, -0.0024, 0.0239]  x
  ee_velocity            = [-0.0000, -0.0000, -0.0000]  x
  target_position        = [0.1500, 0.0000, 0.0200]  x
  reward                 = -0.0130                x
  is_success             = False                  x
  obstacle_in_path       = False                  x
  obstacle_count_in_path = 0                      x
  obstacles              = {}                     x
  objects                = {'object_1': {'type': 'box', 'size': [0.04, 0.04, 0.04], 'mass': 1.0, 'color': [0.1, 0.2, 0.9, 1.0], 'initial_position': [-0.25, 0.0, 0.02], 'spinning_friction': 0.001, 'current_position': [0.14668424971319047, 0.012575356779055077, 0.019989670771553537]}}  x
  scripts                = {'script_1': True, 'reach_only': True, 'left_right': True}  x
  target_goal            = {'type': 'goal_sequence', 'targets': [{'name': 'target', 'position': [0.15000000596046448, 0.0, 0.019999999552965164]}], 'mode': 'goal_sequence'}  x
  scene                  = {'table': {'length': 1.1, 'width': 0.7, 'height': 0.4, 'x_offset': -0.3, 'lateral_friction': 3.0, 'spinning_friction': 0.001}}  x
  robot_config           = {'control_type': 'ee', 'block_gripper': False, 'base_position': [-0.6, 0.0, 0.05]}  x
  current_task           = OBJECT_DELIVERY_SEQUENCE  x
  current_subtask        = PLACE_OBJECT           x
  active_target_name     = target                 x
  action                 = [0.0000, 0.0000, 0.0000, 1.0000]  x
  joint_angles           = [-0.0015, 1.0253, -0.0025, -1.2634, 0.0028, 2.2888, 0.7808]  x
  joint_velocities       = [0.0000, -0.0000, -0.0000, -0.0001, 0.0000, 0.0001, -0.0000]  x
  cube_rotation          = [0.0000, -0.0000, 0.0030]  x
  cube_linear_velocity   = [0.0000, 0.0000, 0.0000]  x
  obstacle_positions     = {}                     x
[step=  68 23:10:51.063][SM] (sem transições neste tick)
[step=  68 23:10:51.063][SM] estado=S26   SAT=True

[step=  69 23:10:52.225][DejaVu] ep=1  subtask=PLACE_OBJECT  reward=-0.0130
[step=  69 23:10:52.225][Perception]
  CONTEXTO                                        PARÂMETROS SM
  ----------------------------------------------  --------------------------------------
  fingers_width         = 0.0800 m                gripper_width_cm      = 7 cm
  dist_ee_to_cube       = 0.0157 m                distance_ee_object_cm = 0 cm
  dist_cube_to_target   = 0.0130 m  (3D)          distance_obj_goal_cm  = 1 cm  (XY)
  cube_position (z)     = 0.0200 m                object_lift_height_cm = 0 cm
  cube_position (xy)    = [0.147, 0.013]          grasp_completed       = 0
  finger_contacts (raw) = 0                       finger_contacts       = 0
  x                                               grasp_attempts        = 1
  x                                               task_started          = 1
  x                                               object_available      = 1
  x                                               task_aborted          = 0
  episode                = 1                      x
  step                   = 69                     x
  ee_position            = [0.1444, -0.0024, 0.0239]  x
  ee_velocity            = [-0.0000, -0.0000, -0.0000]  x
  target_position        = [0.1500, 0.0000, 0.0200]  x
  reward                 = -0.0130                x
  is_success             = True                   x
  obstacle_in_path       = False                  x
  obstacle_count_in_path = 0                      x
  obstacles              = {}                     x
  objects                = {'object_1': {'type': 'box', 'size': [0.04, 0.04, 0.04], 'mass': 1.0, 'color': [0.1, 0.2, 0.9, 1.0], 'initial_position': [-0.25, 0.0, 0.02], 'spinning_friction': 0.001, 'current_position': [0.14668434048269047, 0.012575372351197545, 0.01998993787684198]}}  x
  scripts                = {'script_1': True, 'reach_only': True, 'left_right': True}  x
  target_goal            = {'type': 'goal_sequence', 'targets': [{'name': 'target', 'position': [0.15000000596046448, 0.0, 0.019999999552965164]}], 'mode': 'goal_sequence'}  x
  scene                  = {'table': {'length': 1.1, 'width': 0.7, 'height': 0.4, 'x_offset': -0.3, 'lateral_friction': 3.0, 'spinning_friction': 0.001}}  x
  robot_config           = {'control_type': 'ee', 'block_gripper': False, 'base_position': [-0.6, 0.0, 0.05]}  x
  current_task           = OBJECT_DELIVERY_SEQUENCE  x
  current_subtask        = PLACE_OBJECT           x
  active_target_name     = target                 x
  action                 = [0.0000, 0.0000, 0.0000, 0.0000]  x
  joint_angles           = [-0.0015, 1.0253, -0.0025, -1.2634, 0.0028, 2.2888, 0.7808]  x
  joint_velocities       = [0.0000, -0.0000, -0.0000, -0.0001, 0.0000, 0.0001, -0.0000]  x
  cube_rotation          = [0.0000, -0.0000, 0.0030]  x
  cube_linear_velocity   = [0.0000, 0.0000, 0.0000]  x
  obstacle_positions     = {}                     x
[step=  69 23:10:52.225][SM] ação→ place_object() (PLACE_OBJECT)  [nova neste tick]
[step=  69 23:10:52.225][SM] S26 ──[place_object() (PLACE_OBJECT)]──► PHI_27   ✓
[step=  69 23:10:52.225][SM] PHI_27 ──[distance_object_goal_cm <= 5 and gripper_width_cm >= 6]──► S28   ✓
[step=  69 23:10:52.225][SM] S28 ──[True]──► FINAL   ✓
[step=  69 23:10:52.225][SM] estado=—   SAT=True
