────────────────────────────────────────────
 Ep  1 | Step   1
────────────────────────────────────────────
  Task            : OBJECT_DELIVERY_SEQUENCE
  Action          : [-0.984, +0.000, -0.179, +1.000]
  EE posição      : [+0.009, +0.000, +0.191]
  EE velocidade   : [-0.416, +0.000, -0.050]
  Garra           : 0.070 m  (ABERTA)  contatos=0
  Cubo posição    : [-0.250, +0.000, +0.020]
  Target (target): [+0.150, +0.000, +0.020]
  Dist EE→Cubo    : 0.3106 m
  Dist Cubo→target: 0.4000 m
  Reward          : -0.4000
  Sucesso         : False
  Obstáculo caminho: nao  (count: 0)
  Objeto [object_1]: tipo=box  massa=1.0 kg  tamanho=[0.04, 0.04, 0.04]
  Target goal     : {'type': 'goal_sequence', 'targets': [{'name': 'target', 'position': [0.15000000596046448, 0.0, 0.019999999552965164]}], 'mode': 'goal_sequence'}
  Mesa            : 1.1x0.7x0.4 m  offset_x=-0.3
  Robô config     : control=ee  block_gripper=False  base=[-0.6, 0.0, 0.05]
  Scripts         : ['script_1', 'reach_only', 'left_right']
  Juntas ângulos  : [-0.00, +0.34, +0.00, -1.98, -0.00, +2.32, +0.79]
  Juntas veloc.   : [-0.00, -0.95, +0.01, -1.57, -0.00, +0.45, -0.03]
  Cubo rotação    : [+0.000, -0.000, -0.000]  (roll/pitch/yaw)
  Cubo vel.linear : [-0.000, +0.000, -0.000]
────────────────────────────────────────────
 Ep  1 | Step   2
────────────────────────────────────────────
  Task            : OBJECT_DELIVERY_SEQUENCE
  Action          : [-0.985, -0.000, -0.173, +1.000]
  EE posição      : [-0.022, +0.000, +0.184]
  EE velocidade   : [-0.369, +0.000, -0.076]
  Garra           : 0.079 m  (ABERTA)  contatos=0
  Cubo posição    : [-0.250, +0.000, +0.020]
  Target (target): [+0.150, +0.000, +0.020]
  Dist EE→Cubo    : 0.2806 m
  Dist Cubo→target: 0.4000 m
  Reward          : -0.4000
  Sucesso         : False
  Obstáculo caminho: nao  (count: 0)
  Objeto [object_1]: tipo=box  massa=1.0 kg  tamanho=[0.04, 0.04, 0.04]
  Target goal     : {'type': 'goal_sequence', 'targets': [{'name': 'target', 'position': [0.15000000596046448, 0.0, 0.019999999552965164]}], 'mode': 'goal_sequence'}
  Mesa            : 1.1x0.7x0.4 m  offset_x=-0.3
  Robô config     : control=ee  block_gripper=False  base=[-0.6, 0.0, 0.05]
  Scripts         : ['script_1', 'reach_only', 'left_right']
  Juntas ângulos  : [-0.00, +0.27, +0.00, -2.11, -0.00, +2.38, +0.79]
  Juntas veloc.   : [-0.00, -0.76, +0.00, -1.33, +0.00, +0.44, -0.00]
  Cubo rotação    : [+0.000, -0.000, -0.000]  (roll/pitch/yaw)
  Cubo vel.linear : [-0.000, +0.000, -0.000]
────────────────────────────────────────────
 Ep  1 | Step   3
────────────────────────────────────────────
  Task            : OBJECT_DELIVERY_SEQUENCE
  Action          : [-0.985, -0.000, -0.170, +1.000]
  EE posição      : [-0.056, +0.000, +0.177]
  EE velocidade   : [-0.389, +0.000, -0.065]
  Garra           : 0.080 m  (ABERTA)  contatos=0
  Cubo posição    : [-0.250, +0.000, +0.020]
  Target (target): [+0.150, +0.000, +0.020]
  Dist EE→Cubo    : 0.2501 m
  Dist Cubo→target: 0.4000 m
  Reward          : -0.4000
  Sucesso         : False
  Obstáculo caminho: nao  (count: 0)
  Objeto [object_1]: tipo=box  massa=1.0 kg  tamanho=[0.04, 0.04, 0.04]
  Target goal     : {'type': 'goal_sequence', 'targets': [{'name': 'target', 'position': [0.15000000596046448, 0.0, 0.019999999552965164]}], 'mode': 'goal_sequence'}
  Mesa            : 1.1x0.7x0.4 m  offset_x=-0.3
  Robô config     : control=ee  block_gripper=False  base=[-0.6, 0.0, 0.05]
  Scripts         : ['script_1', 'reach_only', 'left_right']
  Juntas ângulos  : [-0.00, +0.20, +0.00, -2.23, -0.00, +2.43, +0.79]
  Juntas veloc.   : [-0.00, -0.80, +0.00, -1.35, +0.00, +0.43, -0.00]
  Cubo rotação    : [+0.000, -0.000, -0.000]  (roll/pitch/yaw)
  Cubo vel.linear : [-0.000, +0.000, -0.000]
────────────────────────────────────────────
 Ep  1 | Step   4
────────────────────────────────────────────
  Task            : OBJECT_DELIVERY_SEQUENCE
  Action          : [-0.986, -0.000, -0.164, +1.000]
  EE posição      : [-0.090, +0.000, +0.171]
  EE velocidade   : [-0.401, +0.000, -0.070]
  Garra           : 0.080 m  (ABERTA)  contatos=0
  Cubo posição    : [-0.250, +0.000, +0.020]
  Target (target): [+0.150, +0.000, +0.020]
  Dist EE→Cubo    : 0.2199 m
  Dist Cubo→target: 0.4000 m
  Reward          : -0.4000
  Sucesso         : False
  Obstáculo caminho: nao  (count: 0)
  Objeto [object_1]: tipo=box  massa=1.0 kg  tamanho=[0.04, 0.04, 0.04]
  Target goal     : {'type': 'goal_sequence', 'targets': [{'name': 'target', 'position': [0.15000000596046448, 0.0, 0.019999999552965164]}], 'mode': 'goal_sequence'}
  Mesa            : 1.1x0.7x0.4 m  offset_x=-0.3
  Robô config     : control=ee  block_gripper=False  base=[-0.6, 0.0, 0.05]
  Scripts         : ['script_1', 'reach_only', 'left_right']
  Juntas ângulos  : [-0.00, +0.13, +0.00, -2.36, -0.00, +2.48, +0.79]
  Juntas veloc.   : [-0.00, -0.80, +0.00, -1.33, +0.00, +0.41, -0.00]
  Cubo rotação    : [+0.000, -0.000, -0.000]  (roll/pitch/yaw)
  Cubo vel.linear : [-0.000, +0.000, -0.000]
────────────────────────────────────────────
 Ep  1 | Step   5
────────────────────────────────────────────
  Task            : OBJECT_DELIVERY_SEQUENCE
  Action          : [-0.988, -0.000, -0.158, +1.000]
  EE posição      : [-0.125, +0.000, +0.163]
  EE velocidade   : [-0.381, +0.001, -0.049]
  Garra           : 0.080 m  (ABERTA)  contatos=0
  Cubo posição    : [-0.250, +0.000, +0.020]
  Target (target): [+0.150, +0.000, +0.020]
  Dist EE→Cubo    : 0.1900 m
  Dist Cubo→target: 0.4000 m
  Reward          : -0.4000
  Sucesso         : False
  Obstáculo caminho: nao  (count: 0)
  Objeto [object_1]: tipo=box  massa=1.0 kg  tamanho=[0.04, 0.04, 0.04]
  Target goal     : {'type': 'goal_sequence', 'targets': [{'name': 'target', 'position': [0.15000000596046448, 0.0, 0.019999999552965164]}], 'mode': 'goal_sequence'}
  Mesa            : 1.1x0.7x0.4 m  offset_x=-0.3
  Robô config     : control=ee  block_gripper=False  base=[-0.6, 0.0, 0.05]
  Scripts         : ['script_1', 'reach_only', 'left_right']
  Juntas ângulos  : [-0.00, +0.06, +0.00, -2.48, -0.00, +2.54, +0.79]
  Juntas veloc.   : [-0.00, -0.81, +0.00, -1.25, +0.00, +0.39, -0.00]
  Cubo rotação    : [+0.000, -0.000, -0.000]  (roll/pitch/yaw)
  Cubo vel.linear : [-0.000, +0.000, -0.000]
────────────────────────────────────────────
 Ep  1 | Step   6
────────────────────────────────────────────
  Task            : OBJECT_DELIVERY_SEQUENCE
  Action          : [-0.990, -0.001, -0.144, +1.000]
  EE posição      : [-0.161, +0.000, +0.156]
  EE velocidade   : [-0.408, +0.001, -0.067]
  Garra           : 0.080 m  (ABERTA)  contatos=0
  Cubo posição    : [-0.250, +0.000, +0.020]
  Target (target): [+0.150, +0.000, +0.020]
  Dist EE→Cubo    : 0.1629 m
  Dist Cubo→target: 0.4000 m
  Reward          : -0.4000
  Sucesso         : False
  Obstáculo caminho: nao  (count: 0)
  Objeto [object_1]: tipo=box  massa=1.0 kg  tamanho=[0.04, 0.04, 0.04]
  Target goal     : {'type': 'goal_sequence', 'targets': [{'name': 'target', 'position': [0.15000000596046448, 0.0, 0.019999999552965164]}], 'mode': 'goal_sequence'}
  Mesa            : 1.1x0.7x0.4 m  offset_x=-0.3
  Robô config     : control=ee  block_gripper=False  base=[-0.6, 0.0, 0.05]
  Scripts         : ['script_1', 'reach_only', 'left_right']
  Juntas ângulos  : [-0.00, -0.02, +0.00, -2.60, +0.00, +2.58, +0.79]
  Juntas veloc.   : [-0.00, -0.83, +0.00, -1.28, +0.00, +0.37, -0.00]
  Cubo rotação    : [+0.000, -0.000, -0.000]  (roll/pitch/yaw)
  Cubo vel.linear : [-0.000, +0.000, -0.000]
────────────────────────────────────────────
 Ep  1 | Step   7
────────────────────────────────────────────
  Task            : OBJECT_DELIVERY_SEQUENCE
  Action          : [-0.992, -0.001, -0.125, +1.000]
  EE posição      : [-0.197, +0.000, +0.149]
  EE velocidade   : [-0.431, +0.000, -0.082]
  Garra           : 0.080 m  (ABERTA)  contatos=0
  Cubo posição    : [-0.250, +0.000, +0.020]
  Target (target): [+0.150, +0.000, +0.020]
  Dist EE→Cubo    : 0.1396 m
  Dist Cubo→target: 0.4000 m
  Reward          : -0.4000
  Sucesso         : False
  Obstáculo caminho: nao  (count: 0)
  Objeto [object_1]: tipo=box  massa=1.0 kg  tamanho=[0.04, 0.04, 0.04]
  Target goal     : {'type': 'goal_sequence', 'targets': [{'name': 'target', 'position': [0.15000000596046448, 0.0, 0.019999999552965164]}], 'mode': 'goal_sequence'}
  Mesa            : 1.1x0.7x0.4 m  offset_x=-0.3
  Robô config     : control=ee  block_gripper=False  base=[-0.6, 0.0, 0.05]
  Scripts         : ['script_1', 'reach_only', 'left_right']
  Juntas ângulos  : [-0.00, -0.09, +0.00, -2.72, +0.00, +2.63, +0.79]
  Juntas veloc.   : [-0.00, -0.85, +0.00, -1.30, +0.00, +0.34, -0.00]
  Cubo rotação    : [+0.000, -0.000, -0.000]  (roll/pitch/yaw)
  Cubo vel.linear : [-0.000, +0.000, -0.000]
────────────────────────────────────────────
 Ep  1 | Step   8
────────────────────────────────────────────
  Task            : OBJECT_DELIVERY_SEQUENCE
  Action          : [-0.997, -0.001, -0.079, +1.000]
  EE posição      : [-0.234, +0.000, +0.143]
  EE velocidade   : [-0.430, -0.000, -0.072]
  Garra           : 0.080 m  (ABERTA)  contatos=0
  Cubo posição    : [-0.250, +0.000, +0.020]
  Target (target): [+0.150, +0.000, +0.020]
  Dist EE→Cubo    : 0.1238 m
  Dist Cubo→target: 0.4000 m
  Reward          : -0.4000
  Sucesso         : False
  Obstáculo caminho: nao  (count: 0)
  Objeto [object_1]: tipo=box  massa=1.0 kg  tamanho=[0.04, 0.04, 0.04]
  Target goal     : {'type': 'goal_sequence', 'targets': [{'name': 'target', 'position': [0.15000000596046448, 0.0, 0.019999999552965164]}], 'mode': 'goal_sequence'}
  Mesa            : 1.1x0.7x0.4 m  offset_x=-0.3
  Robô config     : control=ee  block_gripper=False  base=[-0.6, 0.0, 0.05]
  Scripts         : ['script_1', 'reach_only', 'left_right']
  Juntas ângulos  : [-0.00, -0.17, +0.00, -2.83, +0.00, +2.66, +0.79]
  Juntas veloc.   : [+0.00, -0.93, +0.00, -1.29, +0.00, +0.28, -0.00]
  Cubo rotação    : [+0.000, -0.000, -0.000]  (roll/pitch/yaw)
  Cubo vel.linear : [-0.000, +0.000, -0.000]
────────────────────────────────────────────
 Ep  1 | Step   9
────────────────────────────────────────────
  Task            : OBJECT_DELIVERY_SEQUENCE
  Action          : [-0.991, -0.001, +0.136, +1.000]
  EE posição      : [-0.271, -0.000, +0.139]
  EE velocidade   : [-0.374, -0.000, +0.026]
  Garra           : 0.080 m  (ABERTA)  contatos=0
  Cubo posição    : [-0.250, +0.000, +0.020]
  Target (target): [+0.150, +0.000, +0.020]
  Dist EE→Cubo    : 0.1214 m
  Dist Cubo→target: 0.4000 m
  Reward          : -0.4000
  Sucesso         : False
  Obstáculo caminho: nao  (count: 0)
  Objeto [object_1]: tipo=box  massa=1.0 kg  tamanho=[0.04, 0.04, 0.04]
  Target goal     : {'type': 'goal_sequence', 'targets': [{'name': 'target', 'position': [0.15000000596046448, 0.0, 0.019999999552965164]}], 'mode': 'goal_sequence'}
  Mesa            : 1.1x0.7x0.4 m  offset_x=-0.3
  Robô config     : control=ee  block_gripper=False  base=[-0.6, 0.0, 0.05]
  Scripts         : ['script_1', 'reach_only', 'left_right']
  Juntas ângulos  : [-0.00, -0.26, +0.00, -2.95, +0.00, +2.67, +0.79]
  Juntas veloc.   : [+0.00, -1.30, -0.00, -1.23, +0.00, +0.06, -0.00]
  Cubo rotação    : [+0.000, -0.000, -0.000]  (roll/pitch/yaw)
  Cubo vel.linear : [-0.000, +0.000, -0.000]
────────────────────────────────────────────
 Ep  1 | Step  10
────────────────────────────────────────────
  Task            : OBJECT_DELIVERY_SEQUENCE
  Action          : [+0.221, +0.000, -0.975, +1.000]
  EE posição      : [-0.259, -0.000, +0.128]
  EE velocidade   : [-0.410, +0.000, -1.063]
  Garra           : 0.080 m  (ABERTA)  contatos=0
  Cubo posição    : [-0.250, +0.000, +0.020]
  Target (target): [+0.150, +0.000, +0.020]
  Dist EE→Cubo    : 0.1080 m
  Dist Cubo→target: 0.4000 m
  Reward          : -0.4000
  Sucesso         : False
  Obstáculo caminho: nao  (count: 0)
  Objeto [object_1]: tipo=box  massa=1.0 kg  tamanho=[0.04, 0.04, 0.04]
  Target goal     : {'type': 'goal_sequence', 'targets': [{'name': 'target', 'position': [0.15000000596046448, 0.0, 0.019999999552965164]}], 'mode': 'goal_sequence'}
  Mesa            : 1.1x0.7x0.4 m  offset_x=-0.3
  Robô config     : control=ee  block_gripper=False  base=[-0.6, 0.0, 0.05]
  Scripts         : ['script_1', 'reach_only', 'left_right']
  Juntas ângulos  : [-0.00, -0.18, +0.00, -2.94, +0.00, +2.79, +0.79]
  Juntas veloc.   : [-0.00, +3.63, +0.00, +0.27, -0.00, +0.94, +0.00]
  Cubo rotação    : [+0.000, -0.000, -0.000]  (roll/pitch/yaw)
  Cubo vel.linear : [-0.000, +0.000, -0.000]
────────────────────────────────────────────
 Ep  1 | Step  11
────────────────────────────────────────────
  Task            : OBJECT_DELIVERY_SEQUENCE
  Action          : [+0.109, +0.000, -0.994, +1.000]
  EE posição      : [-0.265, -0.000, +0.088]
  EE velocidade   : [-0.271, +0.000, -0.620]
  Garra           : 0.080 m  (ABERTA)  contatos=0
  Cubo posição    : [-0.250, +0.000, +0.020]
  Target (target): [+0.150, +0.000, +0.020]
  Dist EE→Cubo    : 0.0700 m
  Dist Cubo→target: 0.4000 m
  Reward          : -0.4000
  Sucesso         : False
  Obstáculo caminho: nao  (count: 0)
  Objeto [object_1]: tipo=box  massa=1.0 kg  tamanho=[0.04, 0.04, 0.04]
  Target goal     : {'type': 'goal_sequence', 'targets': [{'name': 'target', 'position': [0.15000000596046448, 0.0, 0.019999999552965164]}], 'mode': 'goal_sequence'}
  Mesa            : 1.1x0.7x0.4 m  offset_x=-0.3
  Robô config     : control=ee  block_gripper=False  base=[-0.6, 0.0, 0.05]
  Scripts         : ['script_1', 'reach_only', 'left_right']
  Juntas ângulos  : [-0.00, -0.03, +0.00, -2.91, +0.00, +2.86, +0.79]
  Juntas veloc.   : [-0.00, +2.19, +0.00, +0.28, -0.00, +0.51, +0.00]
  Cubo rotação    : [+0.000, -0.000, -0.000]  (roll/pitch/yaw)
  Cubo vel.linear : [+0.000, +0.000, +0.000]
────────────────────────────────────────────
 Ep  1 | Step  12
────────────────────────────────────────────
  Task            : OBJECT_DELIVERY_SEQUENCE
  Action          : [+0.322, +0.000, -0.947, +1.000]
  EE posição      : [-0.257, -0.000, +0.059]
  EE velocidade   : [-0.178, +0.000, -0.588]
  Garra           : 0.080 m  (ABERTA)  contatos=0
  Cubo posição    : [-0.250, +0.000, +0.020]
  Target (target): [+0.150, +0.000, +0.020]
  Dist EE→Cubo    : 0.0391 m
  Dist Cubo→target: 0.4000 m
  Reward          : -0.4000
  Sucesso         : False
  Obstáculo caminho: nao  (count: 0)
  Objeto [object_1]: tipo=box  massa=1.0 kg  tamanho=[0.04, 0.04, 0.04]
  Target goal     : {'type': 'goal_sequence', 'targets': [{'name': 'target', 'position': [0.15000000596046448, 0.0, 0.019999999552965164]}], 'mode': 'goal_sequence'}
  Mesa            : 1.1x0.7x0.4 m  offset_x=-0.3
  Robô config     : control=ee  block_gripper=False  base=[-0.6, 0.0, 0.05]
  Scripts         : ['script_1', 'reach_only', 'left_right']
  Juntas ângulos  : [-0.00, +0.11, +0.00, -2.87, -0.00, +2.97, +0.79]
  Juntas veloc.   : [+0.00, +2.20, -0.00, +0.42, -0.00, +0.87, +0.00]
  Cubo rotação    : [+0.000, -0.000, -0.000]  (roll/pitch/yaw)
  Cubo vel.linear : [+0.000, -0.000, +0.000]
────────────────────────────────────────────
 Ep  1 | Step  13
────────────────────────────────────────────
  Task            : OBJECT_DELIVERY_SEQUENCE
  Action          : [+0.444, +0.001, -0.896, +1.000]
  EE posição      : [-0.245, +0.000, +0.027]
  EE velocidade   : [-0.104, +0.000, -0.615]
  Garra           : 0.080 m  (ABERTA)  contatos=0
  Cubo posição    : [-0.250, +0.000, +0.020]
  Target (target): [+0.150, +0.000, +0.020]
  Dist EE→Cubo    : 0.0092 m
  Dist Cubo→target: 0.4000 m
  Reward          : -0.4000
  Sucesso         : False
  Obstáculo caminho: nao  (count: 0)
  Objeto [object_1]: tipo=box  massa=1.0 kg  tamanho=[0.04, 0.04, 0.04]
  Target goal     : {'type': 'goal_sequence', 'targets': [{'name': 'target', 'position': [0.15000000596046448, 0.0, 0.019999999552965164]}], 'mode': 'goal_sequence'}
  Mesa            : 1.1x0.7x0.4 m  offset_x=-0.3
  Robô config     : control=ee  block_gripper=False  base=[-0.6, 0.0, 0.05]
  Scripts         : ['script_1', 'reach_only', 'left_right']
  Juntas ângulos  : [-0.00, +0.26, +0.00, -2.81, -0.00, +3.05, +0.79]
  Juntas veloc.   : [+0.00, +2.32, -0.00, +0.80, -0.00, +0.62, +0.00]
  Cubo rotação    : [-0.000, -0.000, -0.000]  (roll/pitch/yaw)
  Cubo vel.linear : [+0.000, -0.000, +0.000]
────────────────────────────────────────────
 Ep  1 | Step  14
────────────────────────────────────────────
  Task            : OBJECT_DELIVERY_SEQUENCE
  Action          : [+0.000, +0.000, +0.000, -1.000]
  EE posição      : [-0.251, +0.000, +0.020]
  EE velocidade   : [+0.235, -0.000, +0.280]
  Garra           : 0.032 m  (AGARRADA)  contatos=2
  Cubo posição    : [-0.251, -0.001, +0.021]
  Target (target): [+0.150, +0.000, +0.020]
  Dist EE→Cubo    : 0.0012 m
  Dist Cubo→target: 0.4010 m
  Reward          : -0.4010
  Sucesso         : False
  Obstáculo caminho: nao  (count: 0)
  Objeto [object_1]: tipo=box  massa=1.0 kg  tamanho=[0.04, 0.04, 0.04]
  Target goal     : {'type': 'goal_sequence', 'targets': [{'name': 'target', 'position': [0.15000000596046448, 0.0, 0.019999999552965164]}], 'mode': 'goal_sequence'}
  Mesa            : 1.1x0.7x0.4 m  offset_x=-0.3
  Robô config     : control=ee  block_gripper=False  base=[-0.6, 0.0, 0.05]
  Scripts         : ['script_1', 'reach_only', 'left_right']
  Juntas ângulos  : [-0.00, +0.28, +0.00, -2.82, -0.00, +3.07, +0.79]
  Juntas veloc.   : [+0.00, -0.81, -0.00, -0.09, -0.00, +0.14, +0.00]
  Cubo rotação    : [-0.066, +0.008, -0.031]  (roll/pitch/yaw)
  Cubo vel.linear : [+0.074, -0.012, +0.080]
────────────────────────────────────────────
 Ep  1 | Step  15
────────────────────────────────────────────
  Task            : OBJECT_DELIVERY_SEQUENCE
  Action          : [+0.000, +0.000, +0.000, -1.000]
  EE posição      : [-0.250, +0.000, +0.021]
  EE velocidade   : [-0.009, -0.000, -0.005]
  Garra           : 0.025 m  (AGARRADA)  contatos=2
  Cubo posição    : [-0.251, -0.002, +0.021]
  Target (target): [+0.150, +0.000, +0.020]
  Dist EE→Cubo    : 0.0018 m
  Dist Cubo→target: 0.4007 m
  Reward          : -0.4007
  Sucesso         : False
  Obstáculo caminho: nao  (count: 0)
  Objeto [object_1]: tipo=box  massa=1.0 kg  tamanho=[0.04, 0.04, 0.04]
  Target goal     : {'type': 'goal_sequence', 'targets': [{'name': 'target', 'position': [0.15000000596046448, 0.0, 0.019999999552965164]}], 'mode': 'goal_sequence'}
  Mesa            : 1.1x0.7x0.4 m  offset_x=-0.3
  Robô config     : control=ee  block_gripper=False  base=[-0.6, 0.0, 0.05]
  Scripts         : ['script_1', 'reach_only', 'left_right']
  Juntas ângulos  : [-0.00, +0.28, +0.00, -2.83, -0.00, +3.10, +0.79]
  Juntas veloc.   : [+0.00, +0.03, -0.00, -0.08, -0.00, +0.23, +0.00]
  Cubo rotação    : [+0.000, -0.011, -0.016]  (roll/pitch/yaw)
  Cubo vel.linear : [-0.024, -0.026, -0.024]
────────────────────────────────────────────
 Ep  1 | Step  16
────────────────────────────────────────────
  Task            : OBJECT_DELIVERY_SEQUENCE
  Action          : [+0.000, +0.000, +1.000, -1.000]
  EE posição      : [-0.264, +0.000, +0.033]
  EE velocidade   : [+0.456, -0.000, +0.783]
  Garra           : 0.024 m  (AGARRADA)  contatos=2
  Cubo posição    : [-0.263, -0.002, +0.027]
  Target (target): [+0.150, +0.000, +0.020]
  Dist EE→Cubo    : 0.0065 m
  Dist Cubo→target: 0.4131 m
  Reward          : -0.4131
  Sucesso         : False
  Obstáculo caminho: nao  (count: 0)
  Objeto [object_1]: tipo=box  massa=1.0 kg  tamanho=[0.04, 0.04, 0.04]
  Target goal     : {'type': 'goal_sequence', 'targets': [{'name': 'target', 'position': [0.15000000596046448, 0.0, 0.019999999552965164]}], 'mode': 'goal_sequence'}
  Mesa            : 1.1x0.7x0.4 m  offset_x=-0.3
  Robô config     : control=ee  block_gripper=False  base=[-0.6, 0.0, 0.05]
  Scripts         : ['script_1', 'reach_only', 'left_right']
  Juntas ângulos  : [-0.00, +0.20, +0.00, -2.85, -0.00, +3.00, +0.79]
  Juntas veloc.   : [-0.00, -2.68, -0.00, -0.30, +0.00, -0.78, +0.00]
  Cubo rotação    : [+0.046, +0.028, -0.015]  (roll/pitch/yaw)
  Cubo vel.linear : [-0.010, +0.018, +0.455]
────────────────────────────────────────────
 Ep  1 | Step  17
────────────────────────────────────────────
  Task            : OBJECT_DELIVERY_SEQUENCE
  Action          : [+0.000, +0.000, +1.000, -1.000]
  EE posição      : [-0.261, +0.000, +0.066]
  EE velocidade   : [+0.063, -0.001, +0.357]
  Garra           : 0.027 m  (AGARRADA)  contatos=2
  Cubo posição    : [-0.261, -0.001, +0.050]
  Target (target): [+0.150, +0.000, +0.020]
  Dist EE→Cubo    : 0.0152 m
  Dist Cubo→target: 0.4126 m
  Reward          : -0.4126
  Sucesso         : False
  Obstáculo caminho: nao  (count: 0)
  Objeto [object_1]: tipo=box  massa=1.0 kg  tamanho=[0.04, 0.04, 0.04]
  Target goal     : {'type': 'goal_sequence', 'targets': [{'name': 'target', 'position': [0.15000000596046448, 0.0, 0.019999999552965164]}], 'mode': 'goal_sequence'}
  Mesa            : 1.1x0.7x0.4 m  offset_x=-0.3
  Robô config     : control=ee  block_gripper=False  base=[-0.6, 0.0, 0.05]
  Scripts         : ['script_1', 'reach_only', 'left_right']
  Juntas ângulos  : [-0.00, +0.07, +0.00, -2.90, -0.00, +2.96, +0.79]
  Juntas veloc.   : [-0.00, -1.44, -0.00, -0.44, +0.00, -0.32, +0.00]
  Cubo rotação    : [+0.008, -0.018, -0.020]  (roll/pitch/yaw)
  Cubo vel.linear : [+0.111, +0.013, +0.393]
────────────────────────────────────────────
 Ep  1 | Step  18
────────────────────────────────────────────
  Task            : OBJECT_DELIVERY_SEQUENCE
  Action          : [+0.000, +0.000, +1.000, -1.000]
  EE posição      : [-0.261, +0.000, +0.091]
  EE velocidade   : [+0.252, +0.003, +0.566]
  Garra           : 0.018 m  (AGARRADA)  contatos=2
  Cubo posição    : [-0.262, +0.002, +0.071]
  Target (target): [+0.150, +0.000, +0.020]
  Dist EE→Cubo    : 0.0199 m
  Dist Cubo→target: 0.4155 m
  Reward          : -0.4155
  Sucesso         : False
  Obstáculo caminho: nao  (count: 0)
  Objeto [object_1]: tipo=box  massa=1.0 kg  tamanho=[0.04, 0.04, 0.04]
  Target goal     : {'type': 'goal_sequence', 'targets': [{'name': 'target', 'position': [0.15000000596046448, 0.0, 0.019999999552965164]}], 'mode': 'goal_sequence'}
  Mesa            : 1.1x0.7x0.4 m  offset_x=-0.3
  Robô config     : control=ee  block_gripper=False  base=[-0.6, 0.0, 0.05]
  Scripts         : ['script_1', 'reach_only', 'left_right']
  Juntas ângulos  : [-0.00, -0.04, +0.00, -2.90, -0.00, +2.85, +0.79]
  Juntas veloc.   : [+0.00, -1.93, +0.01, -0.07, +0.00, -0.83, -0.00]
  Cubo rotação    : [-0.224, -0.004, +0.030]  (roll/pitch/yaw)
  Cubo vel.linear : [+0.188, +0.444, +0.444]
────────────────────────────────────────────
 Ep  1 | Step  19
────────────────────────────────────────────
  Task            : OBJECT_DELIVERY_SEQUENCE
  Action          : [+0.000, +0.000, +1.000, -1.000]
  EE posição      : [-0.258, +0.000, +0.121]
  EE velocidade   : [+0.114, -0.000, +0.394]
  Garra           : 0.002 m  (FECHADA)  contatos=0
  Cubo posição    : [-0.256, +0.015, +0.067]
  Target (target): [+0.150, +0.000, +0.020]
  Dist EE→Cubo    : 0.0552 m
  Dist Cubo→target: 0.4094 m
  Reward          : -0.4094
  Sucesso         : False
  Obstáculo caminho: nao  (count: 0)
  Objeto [object_1]: tipo=box  massa=1.0 kg  tamanho=[0.04, 0.04, 0.04]
  Target goal     : {'type': 'goal_sequence', 'targets': [{'name': 'target', 'position': [0.15000000596046448, 0.0, 0.019999999552965164]}], 'mode': 'goal_sequence'}
  Mesa            : 1.1x0.7x0.4 m  offset_x=-0.3
  Robô config     : control=ee  block_gripper=False  base=[-0.6, 0.0, 0.05]
  Scripts         : ['script_1', 'reach_only', 'left_right']
  Juntas ângulos  : [-0.00, -0.15, +0.00, -2.90, +0.00, +2.75, +0.79]
  Juntas veloc.   : [+0.00, -1.36, -0.00, -0.01, +0.00, -0.80, -0.00]
  Cubo rotação    : [-1.206, +0.167, -0.087]  (roll/pitch/yaw)
  Cubo vel.linear : [+0.145, +0.299, -0.303]
────────────────────────────────────────────
 Ep  1 | Step  20
────────────────────────────────────────────
  Task            : OBJECT_DELIVERY_SEQUENCE
  Action          : [+0.000, +0.000, +1.000, -1.000]
  EE posição      : [-0.255, +0.000, +0.149]
  EE velocidade   : [+0.168, +0.000, +0.520]
  Garra           : 0.000 m  (FECHADA)  contatos=0
  Cubo posição    : [-0.251, +0.027, +0.047]
  Target (target): [+0.150, +0.000, +0.020]
  Dist EE→Cubo    : 0.1057 m
  Dist Cubo→target: 0.4024 m
  Reward          : -0.4024
  Sucesso         : False
  Obstáculo caminho: nao  (count: 0)
  Objeto [object_1]: tipo=box  massa=1.0 kg  tamanho=[0.04, 0.04, 0.04]
  Target goal     : {'type': 'goal_sequence', 'targets': [{'name': 'target', 'position': [0.15000000596046448, 0.0, 0.019999999552965164]}], 'mode': 'goal_sequence'}
  Mesa            : 1.1x0.7x0.4 m  offset_x=-0.3
  Robô config     : control=ee  block_gripper=False  base=[-0.6, 0.0, 0.05]
  Scripts         : ['script_1', 'reach_only', 'left_right']
  Juntas ângulos  : [-0.00, -0.25, +0.00, -2.89, +0.00, +2.63, +0.79]
  Juntas veloc.   : [+0.00, -1.60, -0.00, +0.14, +0.00, -0.92, -0.00]
  Cubo rotação    : [-2.123, +0.165, -0.260]  (roll/pitch/yaw)
  Cubo vel.linear : [+0.144, +0.298, -0.694]
────────────────────────────────────────────
 Ep  1 | Step  21
────────────────────────────────────────────
  Task            : OBJECT_DELIVERY_SEQUENCE
  Action          : [+0.000, +0.000, +1.000, -1.000]
  EE posição      : [-0.251, +0.000, +0.181]
  EE velocidade   : [+0.113, +0.000, +0.461]
  Garra           : 0.000 m  (FECHADA)  contatos=0
  Cubo posição    : [-0.246, +0.042, +0.023]
  Target (target): [+0.150, +0.000, +0.020]
  Dist EE→Cubo    : 0.1644 m
  Dist Cubo→target: 0.3984 m
  Reward          : -0.3984
  Sucesso         : False
  Obstáculo caminho: nao  (count: 0)
  Objeto [object_1]: tipo=box  massa=1.0 kg  tamanho=[0.04, 0.04, 0.04]
  Target goal     : {'type': 'goal_sequence', 'targets': [{'name': 'target', 'position': [0.15000000596046448, 0.0, 0.019999999552965164]}], 'mode': 'goal_sequence'}
  Mesa            : 1.1x0.7x0.4 m  offset_x=-0.3
  Robô config     : control=ee  block_gripper=False  base=[-0.6, 0.0, 0.05]
  Scripts         : ['script_1', 'reach_only', 'left_right']
  Juntas ângulos  : [-0.00, -0.34, +0.00, -2.86, +0.00, +2.51, +0.79]
  Juntas veloc.   : [-0.00, -1.30, -0.00, +0.23, +0.00, -0.90, -0.00]
  Cubo rotação    : [-3.045, -0.048, -0.340]  (roll/pitch/yaw)
  Cubo vel.linear : [+0.108, +0.518, -0.318]
────────────────────────────────────────────
 Ep  1 | Step  22
────────────────────────────────────────────
  Task            : OBJECT_DELIVERY_SEQUENCE
  Action          : [+0.000, +0.000, -1.000, -1.000]
  EE posição      : [-0.244, +0.000, +0.172]
  EE velocidade   : [-0.430, -0.000, -1.095]
  Garra           : 0.000 m  (FECHADA)  contatos=0
  Cubo posição    : [-0.241, +0.056, +0.021]
  Target (target): [+0.150, +0.000, +0.020]
  Dist EE→Cubo    : 0.1608 m
  Dist Cubo→target: 0.3954 m
  Reward          : -0.3954
  Sucesso         : False
  Obstáculo caminho: nao  (count: 0)
  Objeto [object_1]: tipo=box  massa=1.0 kg  tamanho=[0.04, 0.04, 0.04]
  Target goal     : {'type': 'goal_sequence', 'targets': [{'name': 'target', 'position': [0.15000000596046448, 0.0, 0.019999999552965164]}], 'mode': 'goal_sequence'}
  Mesa            : 1.1x0.7x0.4 m  offset_x=-0.3
  Robô config     : control=ee  block_gripper=False  base=[-0.6, 0.0, 0.05]
  Scripts         : ['script_1', 'reach_only', 'left_right']
  Juntas ângulos  : [-0.00, -0.31, +0.00, -2.89, +0.00, +2.65, +0.79]
  Juntas veloc.   : [-0.00, +3.04, +0.00, -0.31, -0.01, +1.03, +0.00]
  Cubo rotação    : [+3.077, -0.004, -0.403]  (roll/pitch/yaw)
  Cubo vel.linear : [+0.103, +0.289, -0.050]
────────────────────────────────────────────
 Ep  1 | Step  23
────────────────────────────────────────────
  Task            : OBJECT_DELIVERY_SEQUENCE
  Action          : [+1.000, -0.000, +0.000, -1.000]
  EE posição      : [-0.243, +0.000, +0.139]
  EE velocidade   : [+1.111, +0.001, -0.057]
  Garra           : 0.000 m  (FECHADA)  contatos=0
  Cubo posição    : [-0.239, +0.064, +0.020]
  Target (target): [+0.150, +0.000, +0.020]
  Dist EE→Cubo    : 0.1358 m
  Dist Cubo→target: 0.3940 m
  Reward          : -0.3940
  Sucesso         : False
  Obstáculo caminho: nao  (count: 0)
  Objeto [object_1]: tipo=box  massa=1.0 kg  tamanho=[0.04, 0.04, 0.04]
  Target goal     : {'type': 'goal_sequence', 'targets': [{'name': 'target', 'position': [0.15000000596046448, 0.0, 0.019999999552965164]}], 'mode': 'goal_sequence'}
  Mesa            : 1.1x0.7x0.4 m  offset_x=-0.3
  Robô config     : control=ee  block_gripper=False  base=[-0.6, 0.0, 0.05]
  Scripts         : ['script_1', 'reach_only', 'left_right']
  Juntas ângulos  : [-0.00, -0.14, +0.00, -2.79, -0.00, +2.56, +0.79]
  Juntas veloc.   : [-0.00, +3.32, +0.00, +3.65, +0.01, -0.64, +0.00]
  Cubo rotação    : [-3.140, -0.000, -0.412]  (roll/pitch/yaw)
  Cubo vel.linear : [+0.035, +0.130, +0.002]
────────────────────────────────────────────
 Ep  1 | Step  24
────────────────────────────────────────────
  Task            : VACUUM_ASSIST
  Action          : [+0.000, +0.000, +0.000, +1.000]
  EE posição      : [-0.232, -0.000, +0.137]
  EE velocidade   : [-0.698, +0.001, +0.054]
  Garra           : 0.070 m  (ABERTA)  contatos=0
  Cubo posição    : [-0.250, -0.000, +0.020]
  Target (target): [+0.150, +0.000, +0.020]
  Dist EE→Cubo    : 0.1179 m
  Dist Cubo→target: 0.4000 m
  Reward          : -0.4000
  Sucesso         : False
  Obstáculo caminho: nao  (count: 0)
  Objeto [object_1]: tipo=box  massa=1.0 kg  tamanho=[0.04, 0.04, 0.04]
  Target goal     : {'type': 'goal_sequence', 'targets': [{'name': 'target', 'position': [0.15000000596046448, 0.0, 0.019999999552965164]}], 'mode': 'goal_sequence'}
  Mesa            : 1.1x0.7x0.4 m  offset_x=-0.3
  Robô config     : control=ee  block_gripper=False  base=[-0.6, 0.0, 0.05]
  Scripts         : ['script_1', 'reach_only', 'left_right']
  Juntas ângulos  : [-0.00, -0.14, +0.00, -2.82, +0.00, +2.66, +0.79]
  Juntas veloc.   : [+0.00, -2.19, +0.00, -2.46, -0.01, +0.73, -0.00]
  Cubo rotação    : [+0.000, +0.000, +0.000]  (roll/pitch/yaw)
  Cubo vel.linear : [-0.000, +0.000, -0.000]
────────────────────────────────────────────
 Ep  1 | Step  25
────────────────────────────────────────────
  Task            : VACUUM_ASSIST
  Action          : [-0.192, +0.000, -0.981, +1.000]
  EE posição      : [-0.231, +0.000, +0.125]
  EE velocidade   : [-0.567, -0.000, -1.144]
  Garra           : 0.079 m  (ABERTA)  contatos=0
  Cubo posição    : [-0.250, +0.000, +0.020]
  Target (target): [+0.150, +0.000, +0.020]
  Dist EE→Cubo    : 0.1063 m
  Dist Cubo→target: 0.4000 m
  Reward          : -0.4000
  Sucesso         : False
  Obstáculo caminho: nao  (count: 0)
  Objeto [object_1]: tipo=box  massa=1.0 kg  tamanho=[0.04, 0.04, 0.04]
  Target goal     : {'type': 'goal_sequence', 'targets': [{'name': 'target', 'position': [0.15000000596046448, 0.0, 0.019999999552965164]}], 'mode': 'goal_sequence'}
  Mesa            : 1.1x0.7x0.4 m  offset_x=-0.3
  Robô config     : control=ee  block_gripper=False  base=[-0.6, 0.0, 0.05]
  Scripts         : ['script_1', 'reach_only', 'left_right']
  Juntas ângulos  : [-0.00, -0.10, +0.00, -2.86, +0.00, +2.81, +0.79]
  Juntas veloc.   : [-0.00, +3.18, -0.00, -0.26, -0.00, +1.14, -0.00]
  Cubo rotação    : [+0.000, +0.000, +0.000]  (roll/pitch/yaw)
  Cubo vel.linear : [-0.000, +0.000, -0.000]
────────────────────────────────────────────
 Ep  1 | Step  26
────────────────────────────────────────────
  Task            : VACUUM_ASSIST
  Action          : [-0.234, -0.000, -0.972, +1.000]
  EE posição      : [-0.250, -0.000, +0.082]
  EE velocidade   : [-0.388, +0.000, -0.633]
  Garra           : 0.080 m  (ABERTA)  contatos=0
  Cubo posição    : [-0.250, +0.000, +0.020]
  Target (target): [+0.150, +0.000, +0.020]
  Dist EE→Cubo    : 0.0618 m
  Dist Cubo→target: 0.4000 m
  Reward          : -0.4000
  Sucesso         : False
  Obstáculo caminho: nao  (count: 0)
  Objeto [object_1]: tipo=box  massa=1.0 kg  tamanho=[0.04, 0.04, 0.04]
  Target goal     : {'type': 'goal_sequence', 'targets': [{'name': 'target', 'position': [0.15000000596046448, 0.0, 0.019999999552965164]}], 'mode': 'goal_sequence'}
  Mesa            : 1.1x0.7x0.4 m  offset_x=-0.3
  Robô config     : control=ee  block_gripper=False  base=[-0.6, 0.0, 0.05]
  Scripts         : ['script_1', 'reach_only', 'left_right']
  Juntas ângulos  : [-0.00, +0.03, +0.00, -2.86, +0.00, +2.87, +0.79]
  Juntas veloc.   : [+0.00, +1.91, +0.00, -0.03, -0.00, +0.50, +0.00]
  Cubo rotação    : [+0.000, +0.000, +0.000]  (roll/pitch/yaw)
  Cubo vel.linear : [-0.000, +0.000, +0.000]
────────────────────────────────────────────
 Ep  1 | Step  27
────────────────────────────────────────────
  Task            : VACUUM_ASSIST
  Action          : [-0.012, +0.000, -1.000, +1.000]
  EE posição      : [-0.254, -0.000, +0.048]
  EE velocidade   : [-0.398, +0.000, -0.690]
  Garra           : 0.080 m  (ABERTA)  contatos=0
  Cubo posição    : [-0.250, +0.000, +0.020]
  Target (target): [+0.150, +0.000, +0.020]
  Dist EE→Cubo    : 0.0286 m
  Dist Cubo→target: 0.4000 m
  Reward          : -0.4000
  Sucesso         : False
  Obstáculo caminho: nao  (count: 0)
  Objeto [object_1]: tipo=box  massa=1.0 kg  tamanho=[0.04, 0.04, 0.04]
  Target goal     : {'type': 'goal_sequence', 'targets': [{'name': 'target', 'position': [0.15000000596046448, 0.0, 0.019999999552965164]}], 'mode': 'goal_sequence'}
  Mesa            : 1.1x0.7x0.4 m  offset_x=-0.3
  Robô config     : control=ee  block_gripper=False  base=[-0.6, 0.0, 0.05]
  Scripts         : ['script_1', 'reach_only', 'left_right']
  Juntas ângulos  : [-0.00, +0.16, +0.00, -2.86, -0.00, +3.00, +0.79]
  Juntas veloc.   : [+0.00, +2.28, -0.00, +0.06, -0.00, +1.03, +0.00]
  Cubo rotação    : [+0.000, +0.000, +0.000]  (roll/pitch/yaw)
  Cubo vel.linear : [+0.000, +0.000, +0.000]
────────────────────────────────────────────
 Ep  1 | Step  28
────────────────────────────────────────────
  Task            : VACUUM_ASSIST
  Action          : [+0.000, +0.000, +0.000, -1.000]
  EE posição      : [-0.260, -0.000, +0.041]
  EE velocidade   : [+0.277, +0.000, +0.326]
  Garra           : 0.039 m  (AGARRADA)  contatos=2
  Cubo posição    : [-0.248, -0.000, +0.023]
  Target (target): [+0.150, +0.000, +0.020]
  Dist EE→Cubo    : 0.0217 m
  Dist Cubo→target: 0.3978 m
  Reward          : -0.3978
  Sucesso         : False
  Obstáculo caminho: nao  (count: 0)
  Objeto [object_1]: tipo=box  massa=1.0 kg  tamanho=[0.04, 0.04, 0.04]
  Target goal     : {'type': 'goal_sequence', 'targets': [{'name': 'target', 'position': [0.15000000596046448, 0.0, 0.019999999552965164]}], 'mode': 'goal_sequence'}
  Mesa            : 1.1x0.7x0.4 m  offset_x=-0.3
  Robô config     : control=ee  block_gripper=False  base=[-0.6, 0.0, 0.05]
  Scripts         : ['script_1', 'reach_only', 'left_right']
  Juntas ângulos  : [-0.00, +0.18, +0.00, -2.86, -0.00, +3.02, +0.79]
  Juntas veloc.   : [+0.00, -0.96, +0.00, -0.05, -0.00, +0.12, +0.00]
  Cubo rotação    : [+0.001, -0.012, +0.003]  (roll/pitch/yaw)
  Cubo vel.linear : [+0.296, -0.004, +0.337]
────────────────────────────────────────────
 Ep  1 | Step  29
────────────────────────────────────────────
  Task            : VACUUM_ASSIST
  Action          : [+0.000, +0.000, +1.000, -1.000]
  EE posição      : [-0.263, +0.000, +0.065]
  EE velocidade   : [+0.367, -0.000, +0.663]
  Garra           : 0.038 m  (AGARRADA)  contatos=2
  Cubo posição    : [-0.250, -0.000, +0.048]
  Target (target): [+0.150, +0.000, +0.020]
  Dist EE→Cubo    : 0.0217 m
  Dist Cubo→target: 0.4008 m
  Reward          : -0.4008
  Sucesso         : False
  Obstáculo caminho: nao  (count: 0)
  Objeto [object_1]: tipo=box  massa=1.0 kg  tamanho=[0.04, 0.04, 0.04]
  Target goal     : {'type': 'goal_sequence', 'targets': [{'name': 'target', 'position': [0.15000000596046448, 0.0, 0.019999999552965164]}], 'mode': 'goal_sequence'}
  Mesa            : 1.1x0.7x0.4 m  offset_x=-0.3
  Robô config     : control=ee  block_gripper=False  base=[-0.6, 0.0, 0.05]
  Scripts         : ['script_1', 'reach_only', 'left_right']
  Juntas ângulos  : [-0.00, +0.07, +0.00, -2.89, -0.00, +2.94, +0.79]
  Juntas veloc.   : [+0.00, -2.24, -0.00, -0.17, +0.00, -0.64, +0.00]
  Cubo rotação    : [+0.001, -0.049, +0.005]  (roll/pitch/yaw)
  Cubo vel.linear : [+0.391, -0.004, +0.681]
────────────────────────────────────────────
 Ep  1 | Step  30
────────────────────────────────────────────
  Task            : VACUUM_ASSIST
  Action          : [+0.000, +0.000, +1.000, -1.000]
  EE posição      : [-0.260, +0.000, +0.095]
  EE velocidade   : [+0.130, -0.000, +0.413]
  Garra           : 0.037 m  (AGARRADA)  contatos=2
  Cubo posição    : [-0.246, -0.001, +0.078]
  Target (target): [+0.150, +0.000, +0.020]
  Dist EE→Cubo    : 0.0222 m
  Dist Cubo→target: 0.4001 m
  Reward          : -0.4001
  Sucesso         : False
  Obstáculo caminho: nao  (count: 0)
  Objeto [object_1]: tipo=box  massa=1.0 kg  tamanho=[0.04, 0.04, 0.04]
  Target goal     : {'type': 'goal_sequence', 'targets': [{'name': 'target', 'position': [0.15000000596046448, 0.0, 0.019999999552965164]}], 'mode': 'goal_sequence'}
  Mesa            : 1.1x0.7x0.4 m  offset_x=-0.3
  Robô config     : control=ee  block_gripper=False  base=[-0.6, 0.0, 0.05]
  Scripts         : ['script_1', 'reach_only', 'left_right']
  Juntas ângulos  : [-0.00, -0.06, +0.00, -2.91, +0.00, +2.85, +0.79]
  Juntas veloc.   : [+0.00, -1.51, -0.00, -0.16, +0.00, -0.67, -0.00]
  Cubo rotação    : [+0.002, -0.085, +0.013]  (roll/pitch/yaw)
  Cubo vel.linear : [+0.141, -0.005, +0.423]
────────────────────────────────────────────
 Ep  1 | Step  31
────────────────────────────────────────────
  Task            : VACUUM_ASSIST
  Action          : [+0.000, +0.000, +1.000, -1.000]
  EE posição      : [-0.258, +0.000, +0.122]
  EE velocidade   : [+0.215, -0.000, +0.553]
  Garra           : 0.037 m  (AGARRADA)  contatos=2
  Cubo posição    : [-0.242, -0.001, +0.106]
  Target (target): [+0.150, +0.000, +0.020]
  Dist EE→Cubo    : 0.0228 m
  Dist Cubo→target: 0.4014 m
  Reward          : -0.4014
  Sucesso         : False
  Obstáculo caminho: nao  (count: 0)
  Objeto [object_1]: tipo=box  massa=1.0 kg  tamanho=[0.04, 0.04, 0.04]
  Target goal     : {'type': 'goal_sequence', 'targets': [{'name': 'target', 'position': [0.15000000596046448, 0.0, 0.019999999552965164]}], 'mode': 'goal_sequence'}
  Mesa            : 1.1x0.7x0.4 m  offset_x=-0.3
  Robô config     : control=ee  block_gripper=False  base=[-0.6, 0.0, 0.05]
  Scripts         : ['script_1', 'reach_only', 'left_right']
  Juntas ângulos  : [-0.00, -0.16, +0.00, -2.90, +0.00, +2.73, +0.79]
  Juntas veloc.   : [+0.00, -1.79, -0.00, +0.05, +0.00, -0.90, -0.00]
  Cubo rotação    : [+0.004, -0.125, +0.004]  (roll/pitch/yaw)
  Cubo vel.linear : [+0.231, -0.003, +0.569]
────────────────────────────────────────────
 Ep  1 | Step  32
────────────────────────────────────────────
  Task            : VACUUM_ASSIST
  Action          : [+0.000, +0.000, +1.000, -1.000]
  EE posição      : [-0.254, +0.000, +0.153]
  EE velocidade   : [+0.143, +0.000, +0.481]
  Garra           : 0.037 m  (AGARRADA)  contatos=2
  Cubo posição    : [-0.237, -0.001, +0.137]
  Target (target): [+0.150, +0.000, +0.020]
  Dist EE→Cubo    : 0.0234 m
  Dist Cubo→target: 0.4044 m
  Reward          : -0.4044
  Sucesso         : False
  Obstáculo caminho: nao  (count: 0)
  Objeto [object_1]: tipo=box  massa=1.0 kg  tamanho=[0.04, 0.04, 0.04]
  Target goal     : {'type': 'goal_sequence', 'targets': [{'name': 'target', 'position': [0.15000000596046448, 0.0, 0.019999999552965164]}], 'mode': 'goal_sequence'}
  Mesa            : 1.1x0.7x0.4 m  offset_x=-0.3
  Robô config     : control=ee  block_gripper=False  base=[-0.6, 0.0, 0.05]
  Scripts         : ['script_1', 'reach_only', 'left_right']
  Juntas ângulos  : [-0.00, -0.26, +0.00, -2.89, +0.00, +2.62, +0.79]
  Juntas veloc.   : [+0.00, -1.49, -0.00, +0.12, +0.00, -0.87, -0.00]
  Cubo rotação    : [-0.003, -0.156, +0.007]  (roll/pitch/yaw)
  Cubo vel.linear : [+0.155, -0.007, +0.493]
────────────────────────────────────────────
 Ep  1 | Step  33
────────────────────────────────────────────
  Task            : VACUUM_ASSIST
  Action          : [+0.000, +0.000, +1.000, -1.000]
  EE posição      : [-0.251, +0.000, +0.184]
  EE velocidade   : [+0.137, +0.000, +0.522]
  Garra           : 0.033 m  (AGARRADA)  contatos=2
  Cubo posição    : [-0.233, -0.001, +0.168]
  Target (target): [+0.150, +0.000, +0.020]
  Dist EE→Cubo    : 0.0240 m
  Dist Cubo→target: 0.4104 m
  Reward          : -0.4104
  Sucesso         : False
  Obstáculo caminho: nao  (count: 0)
  Objeto [object_1]: tipo=box  massa=1.0 kg  tamanho=[0.04, 0.04, 0.04]
  Target goal     : {'type': 'goal_sequence', 'targets': [{'name': 'target', 'position': [0.15000000596046448, 0.0, 0.019999999552965164]}], 'mode': 'goal_sequence'}
  Mesa            : 1.1x0.7x0.4 m  offset_x=-0.3
  Robô config     : control=ee  block_gripper=False  base=[-0.6, 0.0, 0.05]
  Scripts         : ['script_1', 'reach_only', 'left_right']
  Juntas ângulos  : [-0.00, -0.35, +0.00, -2.86, -0.00, +2.50, +0.79]
  Juntas veloc.   : [+0.00, -1.45, -0.00, +0.25, +0.01, -0.93, -0.00]
  Cubo rotação    : [-0.000, -0.161, +0.004]  (roll/pitch/yaw)
  Cubo vel.linear : [+0.148, -0.004, +0.537]
────────────────────────────────────────────
 Ep  1 | Step  34
────────────────────────────────────────────
  Task            : OBJECT_DELIVERY_SEQUENCE
  Action          : [+1.000, -0.000, +0.000, -1.000]
  EE posição      : [-0.216, +0.000, +0.196]
  EE velocidade   : [+0.779, -0.000, -0.079]
  Garra           : 0.035 m  (AGARRADA)  contatos=2
  Cubo posição    : [-0.196, -0.001, +0.180]
  Target (target): [+0.150, +0.000, +0.020]
  Dist EE→Cubo    : 0.0257 m
  Dist Cubo→target: 0.3813 m
  Reward          : -0.3813
  Sucesso         : False
  Obstáculo caminho: nao  (count: 0)
  Objeto [object_1]: tipo=box  massa=1.0 kg  tamanho=[0.04, 0.04, 0.04]
  Target goal     : {'type': 'goal_sequence', 'targets': [{'name': 'target', 'position': [0.15000000596046448, 0.0, 0.019999999552965164]}], 'mode': 'goal_sequence'}
  Mesa            : 1.1x0.7x0.4 m  offset_x=-0.3
  Robô config     : control=ee  block_gripper=False  base=[-0.6, 0.0, 0.05]
  Scripts         : ['script_1', 'reach_only', 'left_right']
  Juntas ângulos  : [-0.00, -0.28, +0.00, -2.76, +0.00, +2.50, +0.79]
  Juntas veloc.   : [+0.00, +2.73, -0.00, +2.47, +0.00, +0.04, +0.00]
  Cubo rotação    : [+0.000, -0.189, +0.002]  (roll/pitch/yaw)
  Cubo vel.linear : [+0.779, -0.004, -0.082]
────────────────────────────────────────────
 Ep  1 | Step  35
────────────────────────────────────────────
  Task            : OBJECT_DELIVERY_SEQUENCE
  Action          : [+0.999, -0.000, -0.033, -1.000]
  EE posição      : [-0.182, -0.000, +0.190]
  EE velocidade   : [+0.333, +0.000, -0.094]
  Garra           : 0.036 m  (AGARRADA)  contatos=2
  Cubo posição    : [-0.164, -0.002, +0.173]
  Target (target): [+0.150, +0.000, +0.020]
  Dist EE→Cubo    : 0.0251 m
  Dist Cubo→target: 0.3494 m
  Reward          : -0.3494
  Sucesso         : False
  Obstáculo caminho: nao  (count: 0)
  Objeto [object_1]: tipo=box  massa=1.0 kg  tamanho=[0.04, 0.04, 0.04]
  Target goal     : {'type': 'goal_sequence', 'targets': [{'name': 'target', 'position': [0.15000000596046448, 0.0, 0.019999999552965164]}], 'mode': 'goal_sequence'}
  Mesa            : 1.1x0.7x0.4 m  offset_x=-0.3
  Robô config     : control=ee  block_gripper=False  base=[-0.6, 0.0, 0.05]
  Scripts         : ['script_1', 'reach_only', 'left_right']
  Juntas ângulos  : [-0.00, -0.15, +0.00, -2.64, +0.00, +2.48, +0.79]
  Juntas veloc.   : [-0.00, +1.29, +0.00, +1.20, -0.00, -0.22, +0.00]
  Cubo rotação    : [-0.000, -0.158, +0.002]  (roll/pitch/yaw)
  Cubo vel.linear : [+0.329, -0.005, -0.100]
────────────────────────────────────────────
 Ep  1 | Step  36
────────────────────────────────────────────
  Task            : OBJECT_DELIVERY_SEQUENCE
  Action          : [+1.000, +0.000, -0.019, -1.000]
  EE posição      : [-0.150, -0.000, +0.184]
  EE velocidade   : [+0.445, -0.001, -0.105]
  Garra           : 0.037 m  (AGARRADA)  contatos=2
  Cubo posição    : [-0.132, -0.002, +0.167]
  Target (target): [+0.150, +0.000, +0.020]
  Dist EE→Cubo    : 0.0252 m
  Dist Cubo→target: 0.3176 m
  Reward          : -0.3176
  Sucesso         : False
  Obstáculo caminho: nao  (count: 0)
  Objeto [object_1]: tipo=box  massa=1.0 kg  tamanho=[0.04, 0.04, 0.04]
  Target goal     : {'type': 'goal_sequence', 'targets': [{'name': 'target', 'position': [0.15000000596046448, 0.0, 0.019999999552965164]}], 'mode': 'goal_sequence'}
  Mesa            : 1.1x0.7x0.4 m  offset_x=-0.3
  Robô config     : control=ee  block_gripper=False  base=[-0.6, 0.0, 0.05]
  Scripts         : ['script_1', 'reach_only', 'left_right']
  Juntas ângulos  : [-0.00, -0.05, +0.00, -2.54, +0.00, +2.47, +0.79]
  Juntas veloc.   : [+0.00, +1.43, -0.00, +1.42, -0.00, -0.03, -0.00]
  Cubo rotação    : [-0.000, -0.152, +0.002]  (roll/pitch/yaw)
  Cubo vel.linear : [+0.444, -0.005, -0.106]
────────────────────────────────────────────
 Ep  1 | Step  37
────────────────────────────────────────────
  Task            : OBJECT_DELIVERY_SEQUENCE
  Action          : [+1.000, +0.000, +0.001, -1.000]
  EE posição      : [-0.117, -0.000, +0.177]
  EE velocidade   : [+0.405, -0.001, -0.103]
  Garra           : 0.037 m  (AGARRADA)  contatos=2
  Cubo posição    : [-0.099, -0.002, +0.160]
  Target (target): [+0.150, +0.000, +0.020]
  Dist EE→Cubo    : 0.0252 m
  Dist Cubo→target: 0.2855 m
  Reward          : -0.2855
  Sucesso         : False
  Obstáculo caminho: nao  (count: 0)
  Objeto [object_1]: tipo=box  massa=1.0 kg  tamanho=[0.04, 0.04, 0.04]
  Target goal     : {'type': 'goal_sequence', 'targets': [{'name': 'target', 'position': [0.15000000596046448, 0.0, 0.019999999552965164]}], 'mode': 'goal_sequence'}
  Mesa            : 1.1x0.7x0.4 m  offset_x=-0.3
  Robô config     : control=ee  block_gripper=False  base=[-0.6, 0.0, 0.05]
  Scripts         : ['script_1', 'reach_only', 'left_right']
  Juntas ângulos  : [-0.00, +0.05, +0.00, -2.43, -0.00, +2.47, +0.79]
  Juntas veloc.   : [+0.00, +1.24, -0.00, +1.30, -0.00, -0.05, -0.00]
  Cubo rotação    : [-0.000, -0.152, +0.002]  (roll/pitch/yaw)
  Cubo vel.linear : [+0.405, -0.005, -0.103]
────────────────────────────────────────────
 Ep  1 | Step  38
────────────────────────────────────────────
  Task            : OBJECT_DELIVERY_SEQUENCE
  Action          : [+1.000, +0.000, +0.027, -1.000]
  EE posição      : [-0.085, -0.000, +0.170]
  EE velocidade   : [+0.406, -0.001, -0.109]
  Garra           : 0.037 m  (AGARRADA)  contatos=2
  Cubo posição    : [-0.067, -0.002, +0.153]
  Target (target): [+0.150, +0.000, +0.020]
  Dist EE→Cubo    : 0.0252 m
  Dist Cubo→target: 0.2542 m
  Reward          : -0.2542
  Sucesso         : False
  Obstáculo caminho: nao  (count: 0)
  Objeto [object_1]: tipo=box  massa=1.0 kg  tamanho=[0.04, 0.04, 0.04]
  Target goal     : {'type': 'goal_sequence', 'targets': [{'name': 'target', 'position': [0.15000000596046448, 0.0, 0.019999999552965164]}], 'mode': 'goal_sequence'}
  Mesa            : 1.1x0.7x0.4 m  offset_x=-0.3
  Robô config     : control=ee  block_gripper=False  base=[-0.6, 0.0, 0.05]
  Scripts         : ['script_1', 'reach_only', 'left_right']
  Juntas ângulos  : [-0.00, +0.15, -0.00, -2.32, -0.00, +2.45, +0.79]
  Juntas veloc.   : [+0.00, +1.21, -0.00, +1.35, -0.00, -0.11, -0.00]
  Cubo rotação    : [-0.000, -0.152, +0.002]  (roll/pitch/yaw)
  Cubo vel.linear : [+0.406, -0.005, -0.109]
────────────────────────────────────────────
 Ep  1 | Step  39
────────────────────────────────────────────
  Task            : OBJECT_DELIVERY_SEQUENCE
  Action          : [+0.998, +0.000, +0.060, -1.000]
  EE posição      : [-0.054, -0.000, +0.163]
  EE velocidade   : [+0.386, -0.000, -0.108]
  Garra           : 0.037 m  (AGARRADA)  contatos=2
  Cubo posição    : [-0.036, -0.002, +0.146]
  Target (target): [+0.150, +0.000, +0.020]
  Dist EE→Cubo    : 0.0252 m
  Dist Cubo→target: 0.2240 m
  Reward          : -0.2240
  Sucesso         : False
  Obstáculo caminho: nao  (count: 0)
  Objeto [object_1]: tipo=box  massa=1.0 kg  tamanho=[0.04, 0.04, 0.04]
  Target goal     : {'type': 'goal_sequence', 'targets': [{'name': 'target', 'position': [0.15000000596046448, 0.0, 0.019999999552965164]}], 'mode': 'goal_sequence'}
  Mesa            : 1.1x0.7x0.4 m  offset_x=-0.3
  Robô config     : control=ee  block_gripper=False  base=[-0.6, 0.0, 0.05]
  Scripts         : ['script_1', 'reach_only', 'left_right']
  Juntas ângulos  : [-0.00, +0.24, -0.00, -2.21, -0.00, +2.43, +0.79]
  Juntas veloc.   : [+0.00, +1.13, -0.00, +1.34, +0.00, -0.16, -0.00]
  Cubo rotação    : [-0.000, -0.151, +0.002]  (roll/pitch/yaw)
  Cubo vel.linear : [+0.387, -0.005, -0.107]
────────────────────────────────────────────
 Ep  1 | Step  40
────────────────────────────────────────────
  Task            : OBJECT_DELIVERY_SEQUENCE
  Action          : [+0.995, +0.000, +0.103, -1.000]
  EE posição      : [-0.024, -0.000, +0.156]
  EE velocidade   : [+0.367, -0.000, -0.099]
  Garra           : 0.037 m  (AGARRADA)  contatos=2
  Cubo posição    : [-0.005, -0.002, +0.139]
  Target (target): [+0.150, +0.000, +0.020]
  Dist EE→Cubo    : 0.0252 m
  Dist Cubo→target: 0.1956 m
  Reward          : -0.1956
  Sucesso         : False
  Obstáculo caminho: nao  (count: 0)
  Objeto [object_1]: tipo=box  massa=1.0 kg  tamanho=[0.04, 0.04, 0.04]
  Target goal     : {'type': 'goal_sequence', 'targets': [{'name': 'target', 'position': [0.15000000596046448, 0.0, 0.019999999552965164]}], 'mode': 'goal_sequence'}
  Mesa            : 1.1x0.7x0.4 m  offset_x=-0.3
  Robô config     : control=ee  block_gripper=False  base=[-0.6, 0.0, 0.05]
  Scripts         : ['script_1', 'reach_only', 'left_right']
  Juntas ângulos  : [-0.00, +0.33, -0.00, -2.10, -0.00, +2.40, +0.79]
  Juntas veloc.   : [+0.00, +1.06, -0.00, +1.33, +0.00, -0.21, +0.00]
  Cubo rotação    : [-0.000, -0.149, +0.002]  (roll/pitch/yaw)
  Cubo vel.linear : [+0.368, -0.005, -0.098]
────────────────────────────────────────────
 Ep  1 | Step  41
────────────────────────────────────────────
  Task            : OBJECT_DELIVERY_SEQUENCE
  Action          : [+0.987, +0.000, +0.159, -1.000]
  EE posição      : [+0.005, -0.000, +0.151]
  EE velocidade   : [+0.350, -0.000, -0.067]
  Garra           : 0.037 m  (AGARRADA)  contatos=2
  Cubo posição    : [+0.024, -0.003, +0.133]
  Target (target): [+0.150, +0.000, +0.020]
  Dist EE→Cubo    : 0.0251 m
  Dist Cubo→target: 0.1698 m
  Reward          : -0.1698
  Sucesso         : False
  Obstáculo caminho: nao  (count: 0)
  Objeto [object_1]: tipo=box  massa=1.0 kg  tamanho=[0.04, 0.04, 0.04]
  Target goal     : {'type': 'goal_sequence', 'targets': [{'name': 'target', 'position': [0.15000000596046448, 0.0, 0.019999999552965164]}], 'mode': 'goal_sequence'}
  Mesa            : 1.1x0.7x0.4 m  offset_x=-0.3
  Robô config     : control=ee  block_gripper=False  base=[-0.6, 0.0, 0.05]
  Scripts         : ['script_1', 'reach_only', 'left_right']
  Juntas ângulos  : [-0.00, +0.41, -0.00, -1.98, -0.00, +2.37, +0.79]
  Juntas veloc.   : [+0.00, +0.95, -0.00, +1.31, +0.00, -0.25, +0.00]
  Cubo rotação    : [-0.000, -0.149, +0.002]  (roll/pitch/yaw)
  Cubo vel.linear : [+0.351, -0.005, -0.065]
────────────────────────────────────────────
 Ep  1 | Step  42
────────────────────────────────────────────
  Task            : OBJECT_DELIVERY_SEQUENCE
  Action          : [+0.974, +0.000, +0.225, -1.000]
  EE posição      : [+0.033, -0.000, +0.147]
  EE velocidade   : [+0.334, -0.000, -0.009]
  Garra           : 0.037 m  (AGARRADA)  contatos=2
  Cubo posição    : [+0.051, -0.003, +0.130]
  Target (target): [+0.150, +0.000, +0.020]
  Dist EE→Cubo    : 0.0251 m
  Dist Cubo→target: 0.1482 m
  Reward          : -0.1482
  Sucesso         : False
  Obstáculo caminho: nao  (count: 0)
  Objeto [object_1]: tipo=box  massa=1.0 kg  tamanho=[0.04, 0.04, 0.04]
  Target goal     : {'type': 'goal_sequence', 'targets': [{'name': 'target', 'position': [0.15000000596046448, 0.0, 0.019999999552965164]}], 'mode': 'goal_sequence'}
  Mesa            : 1.1x0.7x0.4 m  offset_x=-0.3
  Robô config     : control=ee  block_gripper=False  base=[-0.6, 0.0, 0.05]
  Scripts         : ['script_1', 'reach_only', 'left_right']
  Juntas ângulos  : [-0.00, +0.48, +0.00, -1.87, -0.00, +2.33, +0.79]
  Juntas veloc.   : [+0.00, +0.81, -0.00, +1.29, -0.00, -0.30, +0.00]
  Cubo rotação    : [-0.000, -0.149, +0.002]  (roll/pitch/yaw)
  Cubo vel.linear : [+0.337, -0.005, -0.006]
────────────────────────────────────────────
 Ep  1 | Step  43
────────────────────────────────────────────
  Task            : OBJECT_DELIVERY_SEQUENCE
  Action          : [+0.954, +0.000, +0.298, -1.000]
  EE posição      : [+0.059, -0.000, +0.147]
  EE velocidade   : [+0.310, +0.000, +0.056]
  Garra           : 0.037 m  (AGARRADA)  contatos=2
  Cubo posição    : [+0.077, -0.003, +0.130]
  Target (target): [+0.150, +0.000, +0.020]
  Dist EE→Cubo    : 0.0250 m
  Dist Cubo→target: 0.1322 m
  Reward          : -0.1322
  Sucesso         : False
  Obstáculo caminho: nao  (count: 0)
  Objeto [object_1]: tipo=box  massa=1.0 kg  tamanho=[0.04, 0.04, 0.04]
  Target goal     : {'type': 'goal_sequence', 'targets': [{'name': 'target', 'position': [0.15000000596046448, 0.0, 0.019999999552965164]}], 'mode': 'goal_sequence'}
  Mesa            : 1.1x0.7x0.4 m  offset_x=-0.3
  Robô config     : control=ee  block_gripper=False  base=[-0.6, 0.0, 0.05]
  Scripts         : ['script_1', 'reach_only', 'left_right']
  Juntas ângulos  : [-0.00, +0.55, +0.00, -1.76, -0.00, +2.29, +0.79]
  Juntas veloc.   : [+0.00, +0.66, -0.00, +1.23, -0.00, -0.34, +0.00]
  Cubo rotação    : [-0.000, -0.151, +0.002]  (roll/pitch/yaw)
  Cubo vel.linear : [+0.313, -0.005, +0.060]
────────────────────────────────────────────
 Ep  1 | Step  44
────────────────────────────────────────────
  Task            : OBJECT_DELIVERY_SEQUENCE
  Action          : [+0.927, +0.000, +0.375, -1.000]
  EE posição      : [+0.082, -0.000, +0.151]
  EE velocidade   : [+0.299, +0.000, +0.165]
  Garra           : 0.037 m  (AGARRADA)  contatos=2
  Cubo posição    : [+0.100, -0.003, +0.134]
  Target (target): [+0.150, +0.000, +0.020]
  Dist EE→Cubo    : 0.0248 m
  Dist Cubo→target: 0.1245 m
  Reward          : -0.1245
  Sucesso         : False
  Obstáculo caminho: nao  (count: 0)
  Objeto [object_1]: tipo=box  massa=1.0 kg  tamanho=[0.04, 0.04, 0.04]
  Target goal     : {'type': 'goal_sequence', 'targets': [{'name': 'target', 'position': [0.15000000596046448, 0.0, 0.019999999552965164]}], 'mode': 'goal_sequence'}
  Mesa            : 1.1x0.7x0.4 m  offset_x=-0.3
  Robô config     : control=ee  block_gripper=False  base=[-0.6, 0.0, 0.05]
  Scripts         : ['script_1', 'reach_only', 'left_right']
  Juntas ângulos  : [-0.00, +0.61, +0.00, -1.64, -0.00, +2.24, +0.79]
  Juntas veloc.   : [+0.00, +0.46, -0.00, +1.18, -0.00, -0.38, +0.00]
  Cubo rotação    : [-0.000, -0.154, +0.002]  (roll/pitch/yaw)
  Cubo vel.linear : [+0.305, -0.005, +0.171]
────────────────────────────────────────────
 Ep  1 | Step  45
────────────────────────────────────────────
  Task            : OBJECT_DELIVERY_SEQUENCE
  Action          : [+0.898, +0.000, +0.440, -1.000]
  EE posição      : [+0.104, -0.000, +0.159]
  EE velocidade   : [+0.275, +0.000, +0.268]
  Garra           : 0.037 m  (AGARRADA)  contatos=2
  Cubo posição    : [+0.122, -0.003, +0.143]
  Target (target): [+0.150, +0.000, +0.020]
  Dist EE→Cubo    : 0.0247 m
  Dist Cubo→target: 0.1260 m
  Reward          : -0.1260
  Sucesso         : False
  Obstáculo caminho: nao  (count: 0)
  Objeto [object_1]: tipo=box  massa=1.0 kg  tamanho=[0.04, 0.04, 0.04]
  Target goal     : {'type': 'goal_sequence', 'targets': [{'name': 'target', 'position': [0.15000000596046448, 0.0, 0.019999999552965164]}], 'mode': 'goal_sequence'}
  Mesa            : 1.1x0.7x0.4 m  offset_x=-0.3
  Robô config     : control=ee  block_gripper=False  base=[-0.6, 0.0, 0.05]
  Scripts         : ['script_1', 'reach_only', 'left_right']
  Juntas ângulos  : [-0.00, +0.66, +0.00, -1.53, -0.00, +2.18, +0.79]
  Juntas veloc.   : [+0.00, +0.27, -0.00, +1.10, +0.00, -0.42, +0.00]
  Cubo rotação    : [-0.000, -0.158, +0.002]  (roll/pitch/yaw)
  Cubo vel.linear : [+0.281, -0.004, +0.275]
────────────────────────────────────────────
 Ep  1 | Step  46
────────────────────────────────────────────
  Task            : OBJECT_DELIVERY_SEQUENCE
  Action          : [+0.881, +0.000, +0.474, -1.000]
  EE posição      : [+0.123, +0.000, +0.172]
  EE velocidade   : [+0.250, +0.000, +0.356]
  Garra           : 0.037 m  (AGARRADA)  contatos=2
  Cubo posição    : [+0.142, -0.004, +0.156]
  Target (target): [+0.150, +0.000, +0.020]
  Dist EE→Cubo    : 0.0246 m
  Dist Cubo→target: 0.1358 m
  Reward          : -0.1358
  Sucesso         : False
  Obstáculo caminho: nao  (count: 0)
  Objeto [object_1]: tipo=box  massa=1.0 kg  tamanho=[0.04, 0.04, 0.04]
  Target goal     : {'type': 'goal_sequence', 'targets': [{'name': 'target', 'position': [0.15000000596046448, 0.0, 0.019999999552965164]}], 'mode': 'goal_sequence'}
  Mesa            : 1.1x0.7x0.4 m  offset_x=-0.3
  Robô config     : control=ee  block_gripper=False  base=[-0.6, 0.0, 0.05]
  Scripts         : ['script_1', 'reach_only', 'left_right']
  Juntas ângulos  : [-0.00, +0.71, +0.00, -1.42, -0.00, +2.12, +0.79]
  Juntas veloc.   : [+0.00, +0.11, -0.00, +1.05, +0.00, -0.46, +0.00]
  Cubo rotação    : [-0.000, -0.164, +0.002]  (roll/pitch/yaw)
  Cubo vel.linear : [+0.257, -0.004, +0.365]
────────────────────────────────────────────
 Ep  1 | Step  47
────────────────────────────────────────────
  Task            : OBJECT_DELIVERY_SEQUENCE
  Action          : [+0.906, -0.000, +0.422, -1.000]
  EE posição      : [+0.141, +0.000, +0.186]
  EE velocidade   : [+0.191, +0.000, +0.218]
  Garra           : 0.037 m  (AGARRADA)  contatos=2
  Cubo posição    : [+0.160, -0.004, +0.170]
  Target (target): [+0.150, +0.000, +0.020]
  Dist EE→Cubo    : 0.0247 m
  Dist Cubo→target: 0.1502 m
  Reward          : -0.1502
  Sucesso         : False
  Obstáculo caminho: nao  (count: 0)
  Objeto [object_1]: tipo=box  massa=1.0 kg  tamanho=[0.04, 0.04, 0.04]
  Target goal     : {'type': 'goal_sequence', 'targets': [{'name': 'target', 'position': [0.15000000596046448, 0.0, 0.019999999552965164]}], 'mode': 'goal_sequence'}
  Mesa            : 1.1x0.7x0.4 m  offset_x=-0.3
  Robô config     : control=ee  block_gripper=False  base=[-0.6, 0.0, 0.05]
  Scripts         : ['script_1', 'reach_only', 'left_right']
  Juntas ângulos  : [-0.00, +0.75, +0.00, -1.31, -0.00, +2.06, +0.79]
  Juntas veloc.   : [-0.00, +0.30, +0.00, +1.04, -0.00, -0.46, -0.00]
  Cubo rotação    : [-0.000, -0.170, +0.003]  (roll/pitch/yaw)
  Cubo vel.linear : [+0.196, -0.004, +0.223]
────────────────────────────────────────────
 Ep  1 | Step  48
────────────────────────────────────────────
  Task            : OBJECT_DELIVERY_SEQUENCE
  Action          : [+0.971, -0.001, -0.239, -1.000]
  EE posição      : [+0.161, -0.000, +0.180]
  EE velocidade   : [+0.011, -0.000, -0.577]
  Garra           : 0.037 m  (AGARRADA)  contatos=2
  Cubo posição    : [+0.179, -0.004, +0.162]
  Target (target): [+0.150, +0.000, +0.020]
  Dist EE→Cubo    : 0.0255 m
  Dist Cubo→target: 0.1450 m
  Reward          : -0.1450
  Sucesso         : False
  Obstáculo caminho: nao  (count: 0)
  Objeto [object_1]: tipo=box  massa=1.0 kg  tamanho=[0.04, 0.04, 0.04]
  Target goal     : {'type': 'goal_sequence', 'targets': [{'name': 'target', 'position': [0.15000000596046448, 0.0, 0.019999999552965164]}], 'mode': 'goal_sequence'}
  Mesa            : 1.1x0.7x0.4 m  offset_x=-0.3
  Robô config     : control=ee  block_gripper=False  base=[-0.6, 0.0, 0.05]
  Scripts         : ['script_1', 'reach_only', 'left_right']
  Juntas ângulos  : [-0.00, +0.83, +0.00, -1.20, -0.00, +2.04, +0.79]
  Juntas veloc.   : [-0.00, +1.21, -0.00, +0.77, +0.00, -0.18, -0.00]
  Cubo rotação    : [-0.001, -0.180, +0.003]  (roll/pitch/yaw)
  Cubo vel.linear : [+0.000, -0.004, -0.588]
────────────────────────────────────────────
 Ep  1 | Step  49
────────────────────────────────────────────
  Task            : OBJECT_DELIVERY_SEQUENCE
  Action          : [-0.927, +0.001, +0.375, -1.000]
  EE posição      : [+0.133, +0.000, +0.153]
  EE velocidade   : [-0.340, +0.000, -0.407]
  Garra           : 0.037 m  (AGARRADA)  contatos=2
  Cubo posição    : [+0.149, -0.004, +0.134]
  Target (target): [+0.150, +0.000, +0.020]
  Dist EE→Cubo    : 0.0249 m
  Dist Cubo→target: 0.1145 m
  Reward          : -0.1145
  Sucesso         : False
  Obstáculo caminho: nao  (count: 0)
  Objeto [object_1]: tipo=box  massa=1.0 kg  tamanho=[0.04, 0.04, 0.04]
  Target goal     : {'type': 'goal_sequence', 'targets': [{'name': 'target', 'position': [0.15000000596046448, 0.0, 0.019999999552965164]}], 'mode': 'goal_sequence'}
  Mesa            : 1.1x0.7x0.4 m  offset_x=-0.3
  Robô config     : control=ee  block_gripper=False  base=[-0.6, 0.0, 0.05]
  Scripts         : ['script_1', 'reach_only', 'left_right']
  Juntas ângulos  : [+0.00, +0.81, +0.00, -1.30, -0.00, +2.04, +0.79]
  Juntas veloc.   : [+0.00, -0.06, +0.00, -1.00, -0.00, -0.05, +0.00]
  Cubo rotação    : [+0.004, -0.119, +0.004]  (roll/pitch/yaw)
  Cubo vel.linear : [-0.358, -0.002, -0.423]
────────────────────────────────────────────
 Ep  1 | Step  50
────────────────────────────────────────────
  Task            : OBJECT_DELIVERY_SEQUENCE
  Action          : [+0.485, -0.001, +0.874, -1.000]
  EE posição      : [+0.137, -0.000, +0.147]
  EE velocidade   : [+0.145, -0.000, +0.007]
  Garra           : 0.038 m  (AGARRADA)  contatos=2
  Cubo posição    : [+0.154, -0.004, +0.130]
  Target (target): [+0.150, +0.000, +0.020]
  Dist EE→Cubo    : 0.0250 m
  Dist Cubo→target: 0.1098 m
  Reward          : -0.1098
  Sucesso         : False
  Obstáculo caminho: nao  (count: 0)
  Objeto [object_1]: tipo=box  massa=1.0 kg  tamanho=[0.04, 0.04, 0.04]
  Target goal     : {'type': 'goal_sequence', 'targets': [{'name': 'target', 'position': [0.15000000596046448, 0.0, 0.019999999552965164]}], 'mode': 'goal_sequence'}
  Mesa            : 1.1x0.7x0.4 m  offset_x=-0.3
  Robô config     : control=ee  block_gripper=False  base=[-0.6, 0.0, 0.05]
  Scripts         : ['script_1', 'reach_only', 'left_right']
  Juntas ângulos  : [-0.00, +0.84, +0.00, -1.26, -0.00, +2.02, +0.79]
  Juntas veloc.   : [-0.00, +0.42, +0.00, +0.72, +0.00, -0.09, -0.00]
  Cubo rotação    : [+0.004, -0.117, +0.004]  (roll/pitch/yaw)
  Cubo vel.linear : [+0.149, -0.002, +0.011]
────────────────────────────────────────────
 Ep  1 | Step  51
────────────────────────────────────────────
  Task            : OBJECT_DELIVERY_SEQUENCE
  Action          : [+0.328, +0.000, +0.945, -1.000]
  EE posição      : [+0.143, +0.000, +0.153]
  EE velocidade   : [+0.097, +0.000, +0.262]
  Garra           : 0.038 m  (AGARRADA)  contatos=2
  Cubo posição    : [+0.160, -0.004, +0.136]
  Target (target): [+0.150, +0.000, +0.020]
  Dist EE→Cubo    : 0.0246 m
  Dist Cubo→target: 0.1165 m
  Reward          : -0.1165
  Sucesso         : False
  Obstáculo caminho: nao  (count: 0)
  Objeto [object_1]: tipo=box  massa=1.0 kg  tamanho=[0.04, 0.04, 0.04]
  Target goal     : {'type': 'goal_sequence', 'targets': [{'name': 'target', 'position': [0.15000000596046448, 0.0, 0.019999999552965164]}], 'mode': 'goal_sequence'}
  Mesa            : 1.1x0.7x0.4 m  offset_x=-0.3
  Robô config     : control=ee  block_gripper=False  base=[-0.6, 0.0, 0.05]
  Scripts         : ['script_1', 'reach_only', 'left_right']
  Juntas ângulos  : [-0.00, +0.84, +0.00, -1.23, -0.00, +2.02, +0.79]
  Juntas veloc.   : [+0.00, -0.24, +0.00, +0.20, -0.00, -0.05, +0.00]
  Cubo rotação    : [+0.004, -0.130, +0.004]  (roll/pitch/yaw)
  Cubo vel.linear : [+0.103, -0.004, +0.269]
────────────────────────────────────────────
 Ep  1 | Step  52
────────────────────────────────────────────
  Task            : OBJECT_DELIVERY_SEQUENCE
  Action          : [+0.217, -0.000, +0.976, -1.000]
  EE posição      : [+0.147, +0.000, +0.169]
  EE velocidade   : [+0.124, -0.000, +0.545]
  Garra           : 0.038 m  (AGARRADA)  contatos=2
  Cubo posição    : [+0.165, -0.004, +0.153]
  Target (target): [+0.150, +0.000, +0.020]
  Dist EE→Cubo    : 0.0243 m
  Dist Cubo→target: 0.1340 m
  Reward          : -0.1340
  Sucesso         : False
  Obstáculo caminho: nao  (count: 0)
  Objeto [object_1]: tipo=box  massa=1.0 kg  tamanho=[0.04, 0.04, 0.04]
  Target goal     : {'type': 'goal_sequence', 'targets': [{'name': 'target', 'position': [0.15000000596046448, 0.0, 0.019999999552965164]}], 'mode': 'goal_sequence'}
  Mesa            : 1.1x0.7x0.4 m  offset_x=-0.3
  Robô config     : control=ee  block_gripper=False  base=[-0.6, 0.0, 0.05]
  Scripts         : ['script_1', 'reach_only', 'left_right']
  Juntas ângulos  : [-0.00, +0.83, +0.00, -1.21, -0.00, +2.00, +0.79]
  Juntas veloc.   : [-0.00, -0.66, +0.00, +0.14, -0.00, -0.13, -0.00]
  Cubo rotação    : [+0.004, -0.144, +0.004]  (roll/pitch/yaw)
  Cubo vel.linear : [+0.135, -0.004, +0.557]
────────────────────────────────────────────
 Ep  1 | Step  53
────────────────────────────────────────────
  Task            : OBJECT_DELIVERY_SEQUENCE
  Action          : [+0.000, +0.000, +0.000, -1.000]
  EE posição      : [+0.154, +0.000, +0.171]
  EE velocidade   : [+0.020, -0.000, -0.111]
  Garra           : 0.038 m  (AGARRADA)  contatos=2
  Cubo posição    : [+0.172, -0.005, +0.155]
  Target (target): [+0.150, +0.000, +0.020]
  Dist EE→Cubo    : 0.0250 m
  Dist Cubo→target: 0.1365 m
  Reward          : -0.1365
  Sucesso         : False
  Obstáculo caminho: nao  (count: 0)
  Objeto [object_1]: tipo=box  massa=1.0 kg  tamanho=[0.04, 0.04, 0.04]
  Target goal     : {'type': 'goal_sequence', 'targets': [{'name': 'target', 'position': [0.15000000596046448, 0.0, 0.019999999552965164]}], 'mode': 'goal_sequence'}
  Mesa            : 1.1x0.7x0.4 m  offset_x=-0.3
  Robô config     : control=ee  block_gripper=False  base=[-0.6, 0.0, 0.05]
  Scripts         : ['script_1', 'reach_only', 'left_right']
  Juntas ângulos  : [-0.00, +0.82, +0.00, -1.23, -0.00, +2.05, +0.79]
  Juntas veloc.   : [+0.00, +0.12, -0.00, -0.11, +0.00, +0.35, +0.00]
  Cubo rotação    : [+0.004, -0.175, +0.002]  (roll/pitch/yaw)
  Cubo vel.linear : [+0.022, -0.004, -0.109]
────────────────────────────────────────────
 Ep  1 | Step  54
────────────────────────────────────────────
  Task            : OBJECT_DELIVERY_SEQUENCE
  Action          : [+0.000, +0.000, -0.150, -1.000]
  EE posição      : [+0.154, +0.000, +0.164]
  EE velocidade   : [+0.002, +0.000, -0.068]
  Garra           : 0.038 m  (AGARRADA)  contatos=2
  Cubo posição    : [+0.172, -0.005, +0.147]
  Target (target): [+0.150, +0.000, +0.020]
  Dist EE→Cubo    : 0.0250 m
  Dist Cubo→target: 0.1292 m
  Reward          : -0.1292
  Sucesso         : False
  Obstáculo caminho: nao  (count: 0)
  Objeto [object_1]: tipo=box  massa=1.0 kg  tamanho=[0.04, 0.04, 0.04]
  Target goal     : {'type': 'goal_sequence', 'targets': [{'name': 'target', 'position': [0.15000000596046448, 0.0, 0.019999999552965164]}], 'mode': 'goal_sequence'}
  Mesa            : 1.1x0.7x0.4 m  offset_x=-0.3
  Robô config     : control=ee  block_gripper=False  base=[-0.6, 0.0, 0.05]
  Scripts         : ['script_1', 'reach_only', 'left_right']
  Juntas ângulos  : [-0.00, +0.83, +0.00, -1.23, -0.00, +2.06, +0.79]
  Juntas veloc.   : [+0.00, +0.09, -0.00, -0.02, -0.00, +0.11, +0.00]
  Cubo rotação    : [+0.004, -0.177, +0.002]  (roll/pitch/yaw)
  Cubo vel.linear : [+0.002, -0.004, -0.068]
────────────────────────────────────────────
 Ep  1 | Step  55
────────────────────────────────────────────
  Task            : OBJECT_DELIVERY_SEQUENCE
  Action          : [+0.000, +0.000, -0.150, -1.000]
  EE posição      : [+0.154, +0.000, +0.156]
  EE velocidade   : [-0.004, +0.000, -0.081]
  Garra           : 0.038 m  (AGARRADA)  contatos=2
  Cubo posição    : [+0.172, -0.005, +0.139]
  Target (target): [+0.150, +0.000, +0.020]
  Dist EE→Cubo    : 0.0250 m
  Dist Cubo→target: 0.1217 m
  Reward          : -0.1217
  Sucesso         : False
  Obstáculo caminho: nao  (count: 0)
  Objeto [object_1]: tipo=box  massa=1.0 kg  tamanho=[0.04, 0.04, 0.04]
  Target goal     : {'type': 'goal_sequence', 'targets': [{'name': 'target', 'position': [0.15000000596046448, 0.0, 0.019999999552965164]}], 'mode': 'goal_sequence'}
  Mesa            : 1.1x0.7x0.4 m  offset_x=-0.3
  Robô config     : control=ee  block_gripper=False  base=[-0.6, 0.0, 0.05]
  Scripts         : ['script_1', 'reach_only', 'left_right']
  Juntas ângulos  : [-0.00, +0.84, +0.00, -1.23, -0.00, +2.07, +0.79]
  Juntas veloc.   : [+0.00, +0.11, -0.00, -0.02, -0.00, +0.10, +0.00]
  Cubo rotação    : [+0.004, -0.177, +0.002]  (roll/pitch/yaw)
  Cubo vel.linear : [-0.004, -0.004, -0.082]
────────────────────────────────────────────
 Ep  1 | Step  56
────────────────────────────────────────────
  Task            : OBJECT_DELIVERY_SEQUENCE
  Action          : [+0.000, +0.000, -0.150, -1.000]
  EE posição      : [+0.155, +0.000, +0.148]
  EE velocidade   : [-0.005, +0.000, -0.083]
  Garra           : 0.038 m  (AGARRADA)  contatos=2
  Cubo posição    : [+0.172, -0.005, +0.132]
  Target (target): [+0.150, +0.000, +0.020]
  Dist EE→Cubo    : 0.0251 m
  Dist Cubo→target: 0.1141 m
  Reward          : -0.1141
  Sucesso         : False
  Obstáculo caminho: nao  (count: 0)
  Objeto [object_1]: tipo=box  massa=1.0 kg  tamanho=[0.04, 0.04, 0.04]
  Target goal     : {'type': 'goal_sequence', 'targets': [{'name': 'target', 'position': [0.15000000596046448, 0.0, 0.019999999552965164]}], 'mode': 'goal_sequence'}
  Mesa            : 1.1x0.7x0.4 m  offset_x=-0.3
  Robô config     : control=ee  block_gripper=False  base=[-0.6, 0.0, 0.05]
  Scripts         : ['script_1', 'reach_only', 'left_right']
  Juntas ângulos  : [-0.00, +0.85, +0.00, -1.23, -0.00, +2.09, +0.79]
  Juntas veloc.   : [+0.00, +0.11, -0.00, -0.01, -0.00, +0.09, +0.00]
  Cubo rotação    : [+0.004, -0.177, +0.002]  (roll/pitch/yaw)
  Cubo vel.linear : [-0.006, -0.004, -0.083]
────────────────────────────────────────────
 Ep  1 | Step  57
────────────────────────────────────────────
  Task            : OBJECT_DELIVERY_SEQUENCE
  Action          : [+0.000, +0.000, -0.150, -1.000]
  EE posição      : [+0.155, +0.000, +0.141]
  EE velocidade   : [-0.006, +0.000, -0.084]
  Garra           : 0.038 m  (AGARRADA)  contatos=2
  Cubo posição    : [+0.173, -0.005, +0.124]
  Target (target): [+0.150, +0.000, +0.020]
  Dist EE→Cubo    : 0.0251 m
  Dist Cubo→target: 0.1064 m
  Reward          : -0.1064
  Sucesso         : False
  Obstáculo caminho: nao  (count: 0)
  Objeto [object_1]: tipo=box  massa=1.0 kg  tamanho=[0.04, 0.04, 0.04]
  Target goal     : {'type': 'goal_sequence', 'targets': [{'name': 'target', 'position': [0.15000000596046448, 0.0, 0.019999999552965164]}], 'mode': 'goal_sequence'}
  Mesa            : 1.1x0.7x0.4 m  offset_x=-0.3
  Robô config     : control=ee  block_gripper=False  base=[-0.6, 0.0, 0.05]
  Scripts         : ['script_1', 'reach_only', 'left_right']
  Juntas ângulos  : [+0.00, +0.86, +0.00, -1.24, -0.00, +2.10, +0.79]
  Juntas veloc.   : [+0.00, +0.11, -0.00, -0.01, -0.00, +0.10, +0.00]
  Cubo rotação    : [+0.004, -0.177, +0.002]  (roll/pitch/yaw)
  Cubo vel.linear : [-0.007, -0.004, -0.084]
────────────────────────────────────────────
 Ep  1 | Step  58
────────────────────────────────────────────
  Task            : OBJECT_DELIVERY_SEQUENCE
  Action          : [+0.000, +0.000, -0.150, -1.000]
  EE posição      : [+0.155, +0.000, +0.133]
  EE velocidade   : [-0.007, +0.000, -0.085]
  Garra           : 0.038 m  (AGARRADA)  contatos=2
  Cubo posição    : [+0.173, -0.006, +0.116]
  Target (target): [+0.150, +0.000, +0.020]
  Dist EE→Cubo    : 0.0251 m
  Dist Cubo→target: 0.0988 m
  Reward          : -0.0988
  Sucesso         : False
  Obstáculo caminho: nao  (count: 0)
  Objeto [object_1]: tipo=box  massa=1.0 kg  tamanho=[0.04, 0.04, 0.04]
  Target goal     : {'type': 'goal_sequence', 'targets': [{'name': 'target', 'position': [0.15000000596046448, 0.0, 0.019999999552965164]}], 'mode': 'goal_sequence'}
  Mesa            : 1.1x0.7x0.4 m  offset_x=-0.3
  Robô config     : control=ee  block_gripper=False  base=[-0.6, 0.0, 0.05]
  Scripts         : ['script_1', 'reach_only', 'left_right']
  Juntas ângulos  : [+0.00, +0.88, +0.00, -1.24, -0.00, +2.11, +0.79]
  Juntas veloc.   : [+0.00, +0.12, -0.00, -0.01, -0.00, +0.10, +0.00]
  Cubo rotação    : [+0.004, -0.177, +0.002]  (roll/pitch/yaw)
  Cubo vel.linear : [-0.008, -0.004, -0.086]
────────────────────────────────────────────
 Ep  1 | Step  59
────────────────────────────────────────────
  Task            : OBJECT_DELIVERY_SEQUENCE
  Action          : [+0.000, +0.000, -0.150, -1.000]
  EE posição      : [+0.155, +0.000, +0.125]
  EE velocidade   : [-0.008, +0.000, -0.086]
  Garra           : 0.038 m  (AGARRADA)  contatos=2
  Cubo posição    : [+0.172, -0.006, +0.108]
  Target (target): [+0.150, +0.000, +0.020]
  Dist EE→Cubo    : 0.0252 m
  Dist Cubo→target: 0.0912 m
  Reward          : -0.0912
  Sucesso         : False
  Obstáculo caminho: nao  (count: 0)
  Objeto [object_1]: tipo=box  massa=1.0 kg  tamanho=[0.04, 0.04, 0.04]
  Target goal     : {'type': 'goal_sequence', 'targets': [{'name': 'target', 'position': [0.15000000596046448, 0.0, 0.019999999552965164]}], 'mode': 'goal_sequence'}
  Mesa            : 1.1x0.7x0.4 m  offset_x=-0.3
  Robô config     : control=ee  block_gripper=False  base=[-0.6, 0.0, 0.05]
  Scripts         : ['script_1', 'reach_only', 'left_right']
  Juntas ângulos  : [+0.00, +0.89, +0.00, -1.24, -0.00, +2.12, +0.79]
  Juntas veloc.   : [+0.00, +0.12, -0.00, -0.01, -0.00, +0.09, +0.00]
  Cubo rotação    : [+0.004, -0.177, +0.002]  (roll/pitch/yaw)
  Cubo vel.linear : [-0.009, -0.004, -0.087]
────────────────────────────────────────────
 Ep  1 | Step  60
────────────────────────────────────────────
  Task            : OBJECT_DELIVERY_SEQUENCE
  Action          : [+0.000, +0.000, -0.150, -1.000]
  EE posição      : [+0.154, +0.000, +0.117]
  EE velocidade   : [-0.009, +0.000, -0.087]
  Garra           : 0.038 m  (AGARRADA)  contatos=2
  Cubo posição    : [+0.172, -0.006, +0.100]
  Target (target): [+0.150, +0.000, +0.020]
  Dist EE→Cubo    : 0.0252 m
  Dist Cubo→target: 0.0835 m
  Reward          : -0.0835
  Sucesso         : False
  Obstáculo caminho: nao  (count: 0)
  Objeto [object_1]: tipo=box  massa=1.0 kg  tamanho=[0.04, 0.04, 0.04]
  Target goal     : {'type': 'goal_sequence', 'targets': [{'name': 'target', 'position': [0.15000000596046448, 0.0, 0.019999999552965164]}], 'mode': 'goal_sequence'}
  Mesa            : 1.1x0.7x0.4 m  offset_x=-0.3
  Robô config     : control=ee  block_gripper=False  base=[-0.6, 0.0, 0.05]
  Scripts         : ['script_1', 'reach_only', 'left_right']
  Juntas ângulos  : [+0.00, +0.90, +0.00, -1.24, -0.00, +2.13, +0.79]
  Juntas veloc.   : [+0.00, +0.12, -0.00, -0.01, -0.00, +0.09, +0.00]
  Cubo rotação    : [+0.004, -0.177, +0.002]  (roll/pitch/yaw)
  Cubo vel.linear : [-0.010, -0.004, -0.088]
────────────────────────────────────────────
 Ep  1 | Step  61
────────────────────────────────────────────
  Task            : OBJECT_DELIVERY_SEQUENCE
  Action          : [+0.000, +0.000, -0.150, -1.000]
  EE posição      : [+0.154, +0.000, +0.109]
  EE velocidade   : [-0.010, +0.000, -0.088]
  Garra           : 0.038 m  (AGARRADA)  contatos=2
  Cubo posição    : [+0.172, -0.006, +0.092]
  Target (target): [+0.150, +0.000, +0.020]
  Dist EE→Cubo    : 0.0253 m
  Dist Cubo→target: 0.0759 m
  Reward          : -0.0759
  Sucesso         : False
  Obstáculo caminho: nao  (count: 0)
  Objeto [object_1]: tipo=box  massa=1.0 kg  tamanho=[0.04, 0.04, 0.04]
  Target goal     : {'type': 'goal_sequence', 'targets': [{'name': 'target', 'position': [0.15000000596046448, 0.0, 0.019999999552965164]}], 'mode': 'goal_sequence'}
  Mesa            : 1.1x0.7x0.4 m  offset_x=-0.3
  Robô config     : control=ee  block_gripper=False  base=[-0.6, 0.0, 0.05]
  Scripts         : ['script_1', 'reach_only', 'left_right']
  Juntas ângulos  : [+0.00, +0.91, +0.00, -1.24, -0.00, +2.15, +0.79]
  Juntas veloc.   : [+0.00, +0.12, -0.00, -0.01, -0.00, +0.09, +0.00]
  Cubo rotação    : [+0.004, -0.177, +0.002]  (roll/pitch/yaw)
  Cubo vel.linear : [-0.011, -0.004, -0.089]
────────────────────────────────────────────
 Ep  1 | Step  62
────────────────────────────────────────────
  Task            : OBJECT_DELIVERY_SEQUENCE
  Action          : [+0.000, +0.000, -0.150, -1.000]
  EE posição      : [+0.154, +0.000, +0.101]
  EE velocidade   : [-0.011, +0.000, -0.089]
  Garra           : 0.038 m  (AGARRADA)  contatos=2
  Cubo posição    : [+0.172, -0.006, +0.084]
  Target (target): [+0.150, +0.000, +0.020]
  Dist EE→Cubo    : 0.0253 m
  Dist Cubo→target: 0.0683 m
  Reward          : -0.0683
  Sucesso         : False
  Obstáculo caminho: nao  (count: 0)
  Objeto [object_1]: tipo=box  massa=1.0 kg  tamanho=[0.04, 0.04, 0.04]
  Target goal     : {'type': 'goal_sequence', 'targets': [{'name': 'target', 'position': [0.15000000596046448, 0.0, 0.019999999552965164]}], 'mode': 'goal_sequence'}
  Mesa            : 1.1x0.7x0.4 m  offset_x=-0.3
  Robô config     : control=ee  block_gripper=False  base=[-0.6, 0.0, 0.05]
  Scripts         : ['script_1', 'reach_only', 'left_right']
  Juntas ângulos  : [+0.00, +0.92, +0.00, -1.24, -0.00, +2.16, +0.79]
  Juntas veloc.   : [+0.00, +0.13, -0.00, -0.00, -0.00, +0.09, +0.00]
  Cubo rotação    : [+0.004, -0.177, +0.002]  (roll/pitch/yaw)
  Cubo vel.linear : [-0.012, -0.004, -0.090]
────────────────────────────────────────────
 Ep  1 | Step  63
────────────────────────────────────────────
  Task            : OBJECT_DELIVERY_SEQUENCE
  Action          : [+0.000, +0.000, -0.150, -1.000]
  EE posição      : [+0.154, +0.000, +0.093]
  EE velocidade   : [-0.012, +0.000, -0.090]
  Garra           : 0.038 m  (AGARRADA)  contatos=2
  Cubo posição    : [+0.172, -0.006, +0.076]
  Target (target): [+0.150, +0.000, +0.020]
  Dist EE→Cubo    : 0.0254 m
  Dist Cubo→target: 0.0608 m
  Reward          : -0.0608
  Sucesso         : False
  Obstáculo caminho: nao  (count: 0)
  Objeto [object_1]: tipo=box  massa=1.0 kg  tamanho=[0.04, 0.04, 0.04]
  Target goal     : {'type': 'goal_sequence', 'targets': [{'name': 'target', 'position': [0.15000000596046448, 0.0, 0.019999999552965164]}], 'mode': 'goal_sequence'}
  Mesa            : 1.1x0.7x0.4 m  offset_x=-0.3
  Robô config     : control=ee  block_gripper=False  base=[-0.6, 0.0, 0.05]
  Scripts         : ['script_1', 'reach_only', 'left_right']
  Juntas ângulos  : [+0.00, +0.93, +0.00, -1.24, -0.00, +2.17, +0.79]
  Juntas veloc.   : [+0.00, +0.13, -0.00, -0.00, -0.00, +0.09, +0.00]
  Cubo rotação    : [+0.004, -0.177, +0.002]  (roll/pitch/yaw)
  Cubo vel.linear : [-0.013, -0.004, -0.091]
────────────────────────────────────────────
 Ep  1 | Step  64
────────────────────────────────────────────
  Task            : OBJECT_DELIVERY_SEQUENCE
  Action          : [+0.000, +0.000, -0.150, -1.000]
  EE posição      : [+0.153, +0.000, +0.085]
  EE velocidade   : [-0.013, +0.000, -0.090]
  Garra           : 0.038 m  (AGARRADA)  contatos=2
  Cubo posição    : [+0.171, -0.007, +0.069]
  Target (target): [+0.150, +0.000, +0.020]
  Dist EE→Cubo    : 0.0254 m
  Dist Cubo→target: 0.0534 m
  Reward          : -0.0534
  Sucesso         : False
  Obstáculo caminho: nao  (count: 0)
  Objeto [object_1]: tipo=box  massa=1.0 kg  tamanho=[0.04, 0.04, 0.04]
  Target goal     : {'type': 'goal_sequence', 'targets': [{'name': 'target', 'position': [0.15000000596046448, 0.0, 0.019999999552965164]}], 'mode': 'goal_sequence'}
  Mesa            : 1.1x0.7x0.4 m  offset_x=-0.3
  Robô config     : control=ee  block_gripper=False  base=[-0.6, 0.0, 0.05]
  Scripts         : ['script_1', 'reach_only', 'left_right']
  Juntas ângulos  : [+0.00, +0.94, +0.00, -1.24, -0.00, +2.18, +0.79]
  Juntas veloc.   : [+0.00, +0.13, -0.00, -0.00, -0.00, +0.09, +0.00]
  Cubo rotação    : [+0.004, -0.177, +0.002]  (roll/pitch/yaw)
  Cubo vel.linear : [-0.014, -0.004, -0.091]
────────────────────────────────────────────
 Ep  1 | Step  65
────────────────────────────────────────────
  Task            : OBJECT_DELIVERY_SEQUENCE
  Action          : [+0.000, +0.000, -0.150, -1.000]
  EE posição      : [+0.153, +0.000, +0.077]
  EE velocidade   : [-0.014, +0.000, -0.090]
  Garra           : 0.038 m  (AGARRADA)  contatos=2
  Cubo posição    : [+0.171, -0.007, +0.061]
  Target (target): [+0.150, +0.000, +0.020]
  Dist EE→Cubo    : 0.0255 m
  Dist Cubo→target: 0.0461 m
  Reward          : -0.0461
  Sucesso         : False
  Obstáculo caminho: nao  (count: 0)
  Objeto [object_1]: tipo=box  massa=1.0 kg  tamanho=[0.04, 0.04, 0.04]
  Target goal     : {'type': 'goal_sequence', 'targets': [{'name': 'target', 'position': [0.15000000596046448, 0.0, 0.019999999552965164]}], 'mode': 'goal_sequence'}
  Mesa            : 1.1x0.7x0.4 m  offset_x=-0.3
  Robô config     : control=ee  block_gripper=False  base=[-0.6, 0.0, 0.05]
  Scripts         : ['script_1', 'reach_only', 'left_right']
  Juntas ângulos  : [+0.00, +0.96, +0.00, -1.24, -0.00, +2.19, +0.79]
  Juntas veloc.   : [+0.00, +0.13, -0.00, +0.00, -0.00, +0.09, +0.00]
  Cubo rotação    : [+0.004, -0.177, +0.002]  (roll/pitch/yaw)
  Cubo vel.linear : [-0.014, -0.004, -0.090]
────────────────────────────────────────────
 Ep  1 | Step  66
────────────────────────────────────────────
  Task            : OBJECT_DELIVERY_SEQUENCE
  Action          : [+0.000, +0.000, -0.150, -1.000]
  EE posição      : [+0.152, +0.000, +0.070]
  EE velocidade   : [-0.015, +0.000, -0.091]
  Garra           : 0.038 m  (AGARRADA)  contatos=2
  Cubo posição    : [+0.170, -0.007, +0.053]
  Target (target): [+0.150, +0.000, +0.020]
  Dist EE→Cubo    : 0.0255 m
  Dist Cubo→target: 0.0391 m
  Reward          : -0.0391
  Sucesso         : False
  Obstáculo caminho: nao  (count: 0)
  Objeto [object_1]: tipo=box  massa=1.0 kg  tamanho=[0.04, 0.04, 0.04]
  Target goal     : {'type': 'goal_sequence', 'targets': [{'name': 'target', 'position': [0.15000000596046448, 0.0, 0.019999999552965164]}], 'mode': 'goal_sequence'}
  Mesa            : 1.1x0.7x0.4 m  offset_x=-0.3
  Robô config     : control=ee  block_gripper=False  base=[-0.6, 0.0, 0.05]
  Scripts         : ['script_1', 'reach_only', 'left_right']
  Juntas ângulos  : [+0.00, +0.97, +0.00, -1.24, -0.00, +2.21, +0.79]
  Juntas veloc.   : [+0.00, +0.13, -0.00, +0.00, -0.00, +0.09, +0.00]
  Cubo rotação    : [+0.004, -0.177, +0.002]  (roll/pitch/yaw)
  Cubo vel.linear : [-0.016, -0.004, -0.091]
────────────────────────────────────────────
 Ep  1 | Step  67
────────────────────────────────────────────
  Task            : OBJECT_DELIVERY_SEQUENCE
  Action          : [+0.000, +0.000, -0.150, -1.000]
  EE posição      : [+0.152, +0.000, +0.062]
  EE velocidade   : [-0.017, +0.000, -0.093]
  Garra           : 0.038 m  (AGARRADA)  contatos=2
  Cubo posição    : [+0.170, -0.007, +0.045]
  Target (target): [+0.150, +0.000, +0.020]
  Dist EE→Cubo    : 0.0256 m
  Dist Cubo→target: 0.0323 m
  Reward          : -0.0323
  Sucesso         : False
  Obstáculo caminho: nao  (count: 0)
  Objeto [object_1]: tipo=box  massa=1.0 kg  tamanho=[0.04, 0.04, 0.04]
  Target goal     : {'type': 'goal_sequence', 'targets': [{'name': 'target', 'position': [0.15000000596046448, 0.0, 0.019999999552965164]}], 'mode': 'goal_sequence'}
  Mesa            : 1.1x0.7x0.4 m  offset_x=-0.3
  Robô config     : control=ee  block_gripper=False  base=[-0.6, 0.0, 0.05]
  Scripts         : ['script_1', 'reach_only', 'left_right']
  Juntas ângulos  : [+0.00, +0.98, +0.00, -1.24, -0.00, +2.22, +0.79]
  Juntas veloc.   : [+0.00, +0.14, -0.00, +0.00, -0.00, +0.09, +0.00]
  Cubo rotação    : [+0.004, -0.176, +0.002]  (roll/pitch/yaw)
  Cubo vel.linear : [-0.017, -0.004, -0.094]
────────────────────────────────────────────
 Ep  1 | Step  68
────────────────────────────────────────────
  Task            : OBJECT_DELIVERY_SEQUENCE
  Action          : [+0.000, +0.000, -0.150, -1.000]
  EE posição      : [+0.151, +0.000, +0.054]
  EE velocidade   : [-0.018, +0.000, -0.094]
  Garra           : 0.038 m  (AGARRADA)  contatos=2
  Cubo posição    : [+0.169, -0.007, +0.037]
  Target (target): [+0.150, +0.000, +0.020]
  Dist EE→Cubo    : 0.0256 m
  Dist Cubo→target: 0.0263 m
  Reward          : -0.0263
  Sucesso         : False
  Obstáculo caminho: nao  (count: 0)
  Objeto [object_1]: tipo=box  massa=1.0 kg  tamanho=[0.04, 0.04, 0.04]
  Target goal     : {'type': 'goal_sequence', 'targets': [{'name': 'target', 'position': [0.15000000596046448, 0.0, 0.019999999552965164]}], 'mode': 'goal_sequence'}
  Mesa            : 1.1x0.7x0.4 m  offset_x=-0.3
  Robô config     : control=ee  block_gripper=False  base=[-0.6, 0.0, 0.05]
  Scripts         : ['script_1', 'reach_only', 'left_right']
  Juntas ângulos  : [+0.00, +0.99, +0.00, -1.24, -0.00, +2.23, +0.79]
  Juntas veloc.   : [+0.00, +0.14, -0.00, +0.01, -0.00, +0.09, +0.00]
  Cubo rotação    : [+0.004, -0.176, +0.002]  (roll/pitch/yaw)
  Cubo vel.linear : [-0.018, -0.004, -0.095]
────────────────────────────────────────────
 Ep  1 | Step  69
────────────────────────────────────────────
  Task            : OBJECT_DELIVERY_SEQUENCE
  Action          : [+0.000, +0.000, -0.150, -1.000]
  EE posição      : [+0.150, +0.000, +0.046]
  EE velocidade   : [-0.019, +0.000, -0.094]
  Garra           : 0.038 m  (AGARRADA)  contatos=2
  Cubo posição    : [+0.168, -0.007, +0.029]
  Target (target): [+0.150, +0.000, +0.020]
  Dist EE→Cubo    : 0.0257 m
  Dist Cubo→target: 0.0215 m
  Reward          : -0.0215
  Sucesso         : False
  Obstáculo caminho: nao  (count: 0)
  Objeto [object_1]: tipo=box  massa=1.0 kg  tamanho=[0.04, 0.04, 0.04]
  Target goal     : {'type': 'goal_sequence', 'targets': [{'name': 'target', 'position': [0.15000000596046448, 0.0, 0.019999999552965164]}], 'mode': 'goal_sequence'}
  Mesa            : 1.1x0.7x0.4 m  offset_x=-0.3
  Robô config     : control=ee  block_gripper=False  base=[-0.6, 0.0, 0.05]
  Scripts         : ['script_1', 'reach_only', 'left_right']
  Juntas ângulos  : [+0.00, +1.01, +0.00, -1.24, -0.00, +2.24, +0.79]
  Juntas veloc.   : [+0.00, +0.14, -0.00, +0.01, -0.00, +0.09, +0.00]
  Cubo rotação    : [+0.004, -0.176, +0.002]  (roll/pitch/yaw)
  Cubo vel.linear : [-0.019, -0.004, -0.095]
────────────────────────────────────────────
 Ep  1 | Step  70
────────────────────────────────────────────
  Task            : OBJECT_DELIVERY_SEQUENCE
  Action          : [+0.000, +0.000, -0.128, -1.000]
  EE posição      : [+0.150, +0.000, +0.040]
  EE velocidade   : [+0.013, +0.000, -0.012]
  Garra           : 0.038 m  (AGARRADA)  contatos=2
  Cubo posição    : [+0.168, -0.008, +0.023]
  Target (target): [+0.150, +0.000, +0.020]
  Dist EE→Cubo    : 0.0255 m
  Dist Cubo→target: 0.0196 m
  Reward          : -0.0196
  Sucesso         : False
  Obstáculo caminho: nao  (count: 0)
  Objeto [object_1]: tipo=box  massa=1.0 kg  tamanho=[0.04, 0.04, 0.04]
  Target goal     : {'type': 'goal_sequence', 'targets': [{'name': 'target', 'position': [0.15000000596046448, 0.0, 0.019999999552965164]}], 'mode': 'goal_sequence'}
  Mesa            : 1.1x0.7x0.4 m  offset_x=-0.3
  Robô config     : control=ee  block_gripper=False  base=[-0.6, 0.0, 0.05]
  Scripts         : ['script_1', 'reach_only', 'left_right']
  Juntas ângulos  : [+0.00, +1.02, +0.00, -1.24, -0.00, +2.25, +0.79]
  Juntas veloc.   : [-0.00, +0.03, +0.00, +0.01, -0.00, +0.08, -0.00]
  Cubo rotação    : [+0.003, -0.175, +0.002]  (roll/pitch/yaw)
  Cubo vel.linear : [+0.007, +0.003, -0.002]
────────────────────────────────────────────
 Ep  1 | Step  71
────────────────────────────────────────────
  Task            : OBJECT_DELIVERY_SEQUENCE
  Action          : [+0.000, +0.000, -0.098, -1.000]
  EE posição      : [+0.150, +0.000, +0.036]
  EE velocidade   : [-0.006, +0.000, -0.047]
  Garra           : 0.035 m  (AGARRADA)  contatos=2
  Cubo posição    : [+0.168, -0.007, +0.023]
  Target (target): [+0.150, +0.000, +0.020]
  Dist EE→Cubo    : 0.0234 m
  Dist Cubo→target: 0.0197 m
  Reward          : -0.0197
  Sucesso         : False
  Obstáculo caminho: nao  (count: 0)
  Objeto [object_1]: tipo=box  massa=1.0 kg  tamanho=[0.04, 0.04, 0.04]
  Target goal     : {'type': 'goal_sequence', 'targets': [{'name': 'target', 'position': [0.15000000596046448, 0.0, 0.019999999552965164]}], 'mode': 'goal_sequence'}
  Mesa            : 1.1x0.7x0.4 m  offset_x=-0.3
  Robô config     : control=ee  block_gripper=False  base=[-0.6, 0.0, 0.05]
  Scripts         : ['script_1', 'reach_only', 'left_right']
  Juntas ângulos  : [+0.00, +1.02, +0.00, -1.24, -0.00, +2.26, +0.79]
  Juntas veloc.   : [-0.00, +0.08, +0.00, +0.01, -0.00, +0.06, -0.00]
  Cubo rotação    : [+0.000, -0.168, +0.003]  (roll/pitch/yaw)
  Cubo vel.linear : [-0.003, +0.001, +0.002]
────────────────────────────────────────────
 Ep  1 | Step  72
────────────────────────────────────────────
  Task            : OBJECT_DELIVERY_SEQUENCE
  Action          : [+0.000, +0.000, -0.079, -1.000]
  EE posição      : [+0.150, +0.000, +0.033]
  EE velocidade   : [-0.003, +0.000, -0.030]
  Garra           : 0.035 m  (AGARRADA)  contatos=2
  Cubo posição    : [+0.168, -0.007, +0.023]
  Target (target): [+0.150, +0.000, +0.020]
  Dist EE→Cubo    : 0.0219 m
  Dist Cubo→target: 0.0196 m
  Reward          : -0.0196
  Sucesso         : False
  Obstáculo caminho: nao  (count: 0)
  Objeto [object_1]: tipo=box  massa=1.0 kg  tamanho=[0.04, 0.04, 0.04]
  Target goal     : {'type': 'goal_sequence', 'targets': [{'name': 'target', 'position': [0.15000000596046448, 0.0, 0.019999999552965164]}], 'mode': 'goal_sequence'}
  Mesa            : 1.1x0.7x0.4 m  offset_x=-0.3
  Robô config     : control=ee  block_gripper=False  base=[-0.6, 0.0, 0.05]
  Scripts         : ['script_1', 'reach_only', 'left_right']
  Juntas ângulos  : [+0.00, +1.03, +0.00, -1.24, -0.00, +2.26, +0.79]
  Juntas veloc.   : [+0.00, +0.05, +0.00, +0.01, -0.00, +0.03, +0.00]
  Cubo rotação    : [-0.000, -0.170, +0.003]  (roll/pitch/yaw)
  Cubo vel.linear : [-0.003, +0.001, +0.001]
────────────────────────────────────────────
 Ep  1 | Step  73
────────────────────────────────────────────
  Task            : OBJECT_DELIVERY_SEQUENCE
  Action          : [+0.000, +0.000, -0.063, -1.000]
  EE posição      : [+0.149, +0.000, +0.030]
  EE velocidade   : [-0.002, +0.000, -0.023]
  Garra           : 0.035 m  (AGARRADA)  contatos=2
  Cubo posição    : [+0.168, -0.007, +0.023]
  Target (target): [+0.150, +0.000, +0.020]
  Dist EE→Cubo    : 0.0210 m
  Dist Cubo→target: 0.0195 m
  Reward          : -0.0195
  Sucesso         : False
  Obstáculo caminho: nao  (count: 0)
  Objeto [object_1]: tipo=box  massa=1.0 kg  tamanho=[0.04, 0.04, 0.04]
  Target goal     : {'type': 'goal_sequence', 'targets': [{'name': 'target', 'position': [0.15000000596046448, 0.0, 0.019999999552965164]}], 'mode': 'goal_sequence'}
  Mesa            : 1.1x0.7x0.4 m  offset_x=-0.3
  Robô config     : control=ee  block_gripper=False  base=[-0.6, 0.0, 0.05]
  Scripts         : ['script_1', 'reach_only', 'left_right']
  Juntas ângulos  : [+0.00, +1.03, +0.00, -1.23, -0.00, +2.27, +0.79]
  Juntas veloc.   : [-0.00, +0.04, +0.00, +0.01, -0.00, +0.03, -0.00]
  Cubo rotação    : [-0.000, -0.172, +0.003]  (roll/pitch/yaw)
  Cubo vel.linear : [-0.003, +0.001, +0.002]
────────────────────────────────────────────
 Ep  1 | Step  74
────────────────────────────────────────────
  Task            : OBJECT_DELIVERY_SEQUENCE
  Action          : [+0.000, +0.000, -0.050, -1.000]
  EE posição      : [+0.149, +0.000, +0.028]
  EE velocidade   : [-0.001, +0.000, -0.017]
  Garra           : 0.035 m  (AGARRADA)  contatos=2
  Cubo posição    : [+0.168, -0.007, +0.023]
  Target (target): [+0.150, +0.000, +0.020]
  Dist EE→Cubo    : 0.0205 m
  Dist Cubo→target: 0.0195 m
  Reward          : -0.0195
  Sucesso         : False
  Obstáculo caminho: nao  (count: 0)
  Objeto [object_1]: tipo=box  massa=1.0 kg  tamanho=[0.04, 0.04, 0.04]
  Target goal     : {'type': 'goal_sequence', 'targets': [{'name': 'target', 'position': [0.15000000596046448, 0.0, 0.019999999552965164]}], 'mode': 'goal_sequence'}
  Mesa            : 1.1x0.7x0.4 m  offset_x=-0.3
  Robô config     : control=ee  block_gripper=False  base=[-0.6, 0.0, 0.05]
  Scripts         : ['script_1', 'reach_only', 'left_right']
  Juntas ângulos  : [+0.00, +1.04, +0.00, -1.23, -0.00, +2.27, +0.79]
  Juntas veloc.   : [-0.00, +0.03, +0.00, +0.01, -0.00, +0.02, -0.00]
  Cubo rotação    : [-0.000, -0.175, +0.003]  (roll/pitch/yaw)
  Cubo vel.linear : [-0.003, +0.001, +0.001]
────────────────────────────────────────────
 Ep  1 | Step  75
────────────────────────────────────────────
  Task            : OBJECT_DELIVERY_SEQUENCE
  Action          : [+0.000, +0.000, -0.040, -1.000]
  EE posição      : [+0.149, +0.000, +0.026]
  EE velocidade   : [-0.001, -0.000, -0.013]
  Garra           : 0.036 m  (AGARRADA)  contatos=2
  Cubo posição    : [+0.168, -0.007, +0.023]
  Target (target): [+0.150, +0.000, +0.020]
  Dist EE→Cubo    : 0.0202 m
  Dist Cubo→target: 0.0194 m
  Reward          : -0.0194
  Sucesso         : False
  Obstáculo caminho: nao  (count: 0)
  Objeto [object_1]: tipo=box  massa=1.0 kg  tamanho=[0.04, 0.04, 0.04]
  Target goal     : {'type': 'goal_sequence', 'targets': [{'name': 'target', 'position': [0.15000000596046448, 0.0, 0.019999999552965164]}], 'mode': 'goal_sequence'}
  Mesa            : 1.1x0.7x0.4 m  offset_x=-0.3
  Robô config     : control=ee  block_gripper=False  base=[-0.6, 0.0, 0.05]
  Scripts         : ['script_1', 'reach_only', 'left_right']
  Juntas ângulos  : [+0.00, +1.04, +0.00, -1.23, -0.00, +2.27, +0.79]
  Juntas veloc.   : [-0.00, +0.02, +0.00, +0.01, -0.00, +0.01, -0.00]
  Cubo rotação    : [+0.000, -0.177, +0.002]  (roll/pitch/yaw)
  Cubo vel.linear : [-0.002, +0.001, +0.001]
────────────────────────────────────────────
 Ep  1 | Step  76
────────────────────────────────────────────
  Task            : OBJECT_DELIVERY_SEQUENCE
  Action          : [+0.000, +0.000, -0.032, -1.000]
  EE posição      : [+0.149, +0.000, +0.025]
  EE velocidade   : [-0.001, +0.000, -0.011]
  Garra           : 0.035 m  (AGARRADA)  contatos=2
  Cubo posição    : [+0.168, -0.007, +0.023]
  Target (target): [+0.150, +0.000, +0.020]
  Dist EE→Cubo    : 0.0200 m
  Dist Cubo→target: 0.0193 m
  Reward          : -0.0193
  Sucesso         : False
  Obstáculo caminho: nao  (count: 0)
  Objeto [object_1]: tipo=box  massa=1.0 kg  tamanho=[0.04, 0.04, 0.04]
  Target goal     : {'type': 'goal_sequence', 'targets': [{'name': 'target', 'position': [0.15000000596046448, 0.0, 0.019999999552965164]}], 'mode': 'goal_sequence'}
  Mesa            : 1.1x0.7x0.4 m  offset_x=-0.3
  Robô config     : control=ee  block_gripper=False  base=[-0.6, 0.0, 0.05]
  Scripts         : ['script_1', 'reach_only', 'left_right']
  Juntas ângulos  : [+0.00, +1.04, +0.00, -1.23, -0.00, +2.27, +0.79]
  Juntas veloc.   : [+0.00, +0.02, +0.00, +0.01, -0.00, +0.01, -0.00]
  Cubo rotação    : [-0.000, -0.180, +0.004]  (roll/pitch/yaw)
  Cubo vel.linear : [-0.003, +0.001, +0.001]
────────────────────────────────────────────
 Ep  1 | Step  77
────────────────────────────────────────────
  Task            : OBJECT_DELIVERY_SEQUENCE
  Action          : [+0.000, +0.000, -0.026, -1.000]
  EE posição      : [+0.149, +0.000, +0.024]
  EE velocidade   : [+0.001, +0.000, -0.006]
  Garra           : 0.035 m  (AGARRADA)  contatos=2
  Cubo posição    : [+0.167, -0.007, +0.023]
  Target (target): [+0.150, +0.000, +0.020]
  Dist EE→Cubo    : 0.0199 m
  Dist Cubo→target: 0.0192 m
  Reward          : -0.0192
  Sucesso         : False
  Obstáculo caminho: nao  (count: 0)
  Objeto [object_1]: tipo=box  massa=1.0 kg  tamanho=[0.04, 0.04, 0.04]
  Target goal     : {'type': 'goal_sequence', 'targets': [{'name': 'target', 'position': [0.15000000596046448, 0.0, 0.019999999552965164]}], 'mode': 'goal_sequence'}
  Mesa            : 1.1x0.7x0.4 m  offset_x=-0.3
  Robô config     : control=ee  block_gripper=False  base=[-0.6, 0.0, 0.05]
  Scripts         : ['script_1', 'reach_only', 'left_right']
  Juntas ângulos  : [+0.00, +1.04, +0.00, -1.23, -0.00, +2.27, +0.79]
  Juntas veloc.   : [-0.00, +0.02, +0.00, +0.01, -0.00, +0.01, +0.00]
  Cubo rotação    : [-0.002, -0.183, +0.001]  (roll/pitch/yaw)
  Cubo vel.linear : [-0.001, -0.001, +0.000]
────────────────────────────────────────────
 Ep  1 | Step  78
────────────────────────────────────────────
  Task            : OBJECT_DELIVERY_SEQUENCE
  Action          : [+0.000, +0.000, +0.000, +1.000]
  EE posição      : [+0.149, +0.000, +0.024]
  EE velocidade   : [-0.001, -0.000, -0.001]
  Garra           : 0.075 m  (ABERTA)  contatos=0
  Cubo posição    : [+0.170, -0.007, +0.021]
  Target (target): [+0.150, +0.000, +0.020]
  Dist EE→Cubo    : 0.0222 m
  Dist Cubo→target: 0.0209 m
  Reward          : -0.0209
  Sucesso         : False
  Obstáculo caminho: nao  (count: 0)
  Objeto [object_1]: tipo=box  massa=1.0 kg  tamanho=[0.04, 0.04, 0.04]
  Target goal     : {'type': 'goal_sequence', 'targets': [{'name': 'target', 'position': [0.15000000596046448, 0.0, 0.019999999552965164]}], 'mode': 'goal_sequence'}
  Mesa            : 1.1x0.7x0.4 m  offset_x=-0.3
  Robô config     : control=ee  block_gripper=False  base=[-0.6, 0.0, 0.05]
  Scripts         : ['script_1', 'reach_only', 'left_right']
  Juntas ângulos  : [+0.00, +1.04, +0.00, -1.23, -0.00, +2.27, +0.79]
  Juntas veloc.   : [-0.00, +0.00, -0.00, -0.00, +0.00, -0.00, +0.00]
  Cubo rotação    : [-0.000, -0.032, +0.001]  (roll/pitch/yaw)
  Cubo vel.linear : [+0.097, -0.001, -0.142]
────────────────────────────────────────────
 Ep  1 | Step  79
────────────────────────────────────────────
  Task            : OBJECT_DELIVERY_SEQUENCE
  Action          : [+0.000, +0.000, +0.000, +1.000]
  EE posição      : [+0.149, +0.000, +0.024]
  EE velocidade   : [-0.000, -0.000, -0.000]
  Garra           : 0.079 m  (ABERTA)  contatos=0
  Cubo posição    : [+0.170, -0.007, +0.020]
  Target (target): [+0.150, +0.000, +0.020]
  Dist EE→Cubo    : 0.0229 m
  Dist Cubo→target: 0.0215 m
  Reward          : -0.0215
  Sucesso         : False
  Obstáculo caminho: nao  (count: 0)
  Objeto [object_1]: tipo=box  massa=1.0 kg  tamanho=[0.04, 0.04, 0.04]
  Target goal     : {'type': 'goal_sequence', 'targets': [{'name': 'target', 'position': [0.15000000596046448, 0.0, 0.019999999552965164]}], 'mode': 'goal_sequence'}
  Mesa            : 1.1x0.7x0.4 m  offset_x=-0.3
  Robô config     : control=ee  block_gripper=False  base=[-0.6, 0.0, 0.05]
  Scripts         : ['script_1', 'reach_only', 'left_right']
  Juntas ângulos  : [+0.00, +1.04, +0.00, -1.23, -0.00, +2.27, +0.79]
  Juntas veloc.   : [-0.00, +0.00, -0.00, -0.00, +0.00, -0.00, +0.00]
  Cubo rotação    : [+0.000, +0.000, +0.001]  (roll/pitch/yaw)
  Cubo vel.linear : [-0.000, -0.000, +0.000]
────────────────────────────────────────────
 Ep  1 | Step  80
────────────────────────────────────────────
  Task            : OBJECT_DELIVERY_SEQUENCE
  Action          : [+0.000, +0.000, +0.000, +1.000]
  EE posição      : [+0.149, +0.000, +0.024]
  EE velocidade   : [-0.000, -0.000, -0.000]
  Garra           : 0.080 m  (ABERTA)  contatos=0
  Cubo posição    : [+0.170, -0.007, +0.020]
  Target (target): [+0.150, +0.000, +0.020]
  Dist EE→Cubo    : 0.0229 m
  Dist Cubo→target: 0.0215 m
  Reward          : -0.0215
  Sucesso         : False
  Obstáculo caminho: nao  (count: 0)
  Objeto [object_1]: tipo=box  massa=1.0 kg  tamanho=[0.04, 0.04, 0.04]
  Target goal     : {'type': 'goal_sequence', 'targets': [{'name': 'target', 'position': [0.15000000596046448, 0.0, 0.019999999552965164]}], 'mode': 'goal_sequence'}
  Mesa            : 1.1x0.7x0.4 m  offset_x=-0.3
  Robô config     : control=ee  block_gripper=False  base=[-0.6, 0.0, 0.05]
  Scripts         : ['script_1', 'reach_only', 'left_right']
  Juntas ângulos  : [+0.00, +1.04, +0.00, -1.23, -0.00, +2.27, +0.79]
  Juntas veloc.   : [-0.00, +0.00, -0.00, -0.00, +0.00, -0.00, +0.00]
  Cubo rotação    : [+0.000, +0.000, +0.001]  (roll/pitch/yaw)
  Cubo vel.linear : [-0.000, -0.000, +0.000]
────────────────────────────────────────────
 Ep  1 | Step  81
────────────────────────────────────────────
  Task            : OBJECT_DELIVERY_SEQUENCE
  Action          : [+0.000, +0.000, +0.000, +1.000]
  EE posição      : [+0.149, +0.000, +0.024]
  EE velocidade   : [-0.000, -0.000, -0.000]
  Garra           : 0.080 m  (ABERTA)  contatos=0
  Cubo posição    : [+0.170, -0.007, +0.020]
  Target (target): [+0.150, +0.000, +0.020]
  Dist EE→Cubo    : 0.0229 m
  Dist Cubo→target: 0.0215 m
  Reward          : -0.0215
  Sucesso         : False
  Obstáculo caminho: nao  (count: 0)
  Objeto [object_1]: tipo=box  massa=1.0 kg  tamanho=[0.04, 0.04, 0.04]
  Target goal     : {'type': 'goal_sequence', 'targets': [{'name': 'target', 'position': [0.15000000596046448, 0.0, 0.019999999552965164]}], 'mode': 'goal_sequence'}
  Mesa            : 1.1x0.7x0.4 m  offset_x=-0.3
  Robô config     : control=ee  block_gripper=False  base=[-0.6, 0.0, 0.05]
  Scripts         : ['script_1', 'reach_only', 'left_right']
  Juntas ângulos  : [+0.00, +1.04, +0.00, -1.23, -0.00, +2.27, +0.79]
  Juntas veloc.   : [+0.00, -0.00, -0.00, -0.00, +0.00, -0.00, -0.00]
  Cubo rotação    : [+0.000, +0.000, +0.001]  (roll/pitch/yaw)
  Cubo vel.linear : [-0.000, -0.000, +0.000]
────────────────────────────────────────────
 Ep  1 | Step  82
────────────────────────────────────────────
  Task            : OBJECT_DELIVERY_SEQUENCE
  Action          : [+0.000, +0.000, +0.000, +1.000]
  EE posição      : [+0.149, +0.000, +0.024]
  EE velocidade   : [-0.000, -0.000, -0.000]
  Garra           : 0.080 m  (ABERTA)  contatos=0
  Cubo posição    : [+0.170, -0.007, +0.020]
  Target (target): [+0.150, +0.000, +0.020]
  Dist EE→Cubo    : 0.0229 m
  Dist Cubo→target: 0.0215 m
  Reward          : -0.0215
  Sucesso         : False
  Obstáculo caminho: nao  (count: 0)
  Objeto [object_1]: tipo=box  massa=1.0 kg  tamanho=[0.04, 0.04, 0.04]
  Target goal     : {'type': 'goal_sequence', 'targets': [{'name': 'target', 'position': [0.15000000596046448, 0.0, 0.019999999552965164]}], 'mode': 'goal_sequence'}
  Mesa            : 1.1x0.7x0.4 m  offset_x=-0.3
  Robô config     : control=ee  block_gripper=False  base=[-0.6, 0.0, 0.05]
  Scripts         : ['script_1', 'reach_only', 'left_right']
  Juntas ângulos  : [+0.00, +1.04, +0.00, -1.23, -0.00, +2.27, +0.79]
  Juntas veloc.   : [+0.00, -0.00, -0.00, -0.00, +0.00, +0.00, -0.00]
  Cubo rotação    : [+0.000, +0.000, +0.001]  (roll/pitch/yaw)
  Cubo vel.linear : [-0.000, -0.000, +0.000]
────────────────────────────────────────────
 Ep  1 | Step  83
────────────────────────────────────────────
  Task            : OBJECT_DELIVERY_SEQUENCE
  Action          : [+0.000, +0.000, +0.000, +0.000]
  EE posição      : [+0.149, +0.000, +0.024]
  EE velocidade   : [-0.000, -0.000, -0.000]
  Garra           : 0.080 m  (ABERTA)  contatos=0
  Cubo posição    : [+0.170, -0.007, +0.020]
  Target (target): [+0.150, +0.000, +0.020]
  Dist EE→Cubo    : 0.0229 m
  Dist Cubo→target: 0.0215 m
  Reward          : -0.0215
  Sucesso         : True
  Obstáculo caminho: nao  (count: 0)
  Objeto [object_1]: tipo=box  massa=1.0 kg  tamanho=[0.04, 0.04, 0.04]
  Target goal     : {'type': 'goal_sequence', 'targets': [{'name': 'target', 'position': [0.15000000596046448, 0.0, 0.019999999552965164]}], 'mode': 'goal_sequence'}
  Mesa            : 1.1x0.7x0.4 m  offset_x=-0.3
  Robô config     : control=ee  block_gripper=False  base=[-0.6, 0.0, 0.05]
  Scripts         : ['script_1', 'reach_only', 'left_right']
  Juntas ângulos  : [+0.00, +1.04, +0.00, -1.23, -0.00, +2.27, +0.79]
  Juntas veloc.   : [+0.00, -0.00, -0.00, -0.00, +0.00, +0.00, -0.00]
  Cubo rotação    : [+0.000, +0.000, +0.001]  (roll/pitch/yaw)
  Cubo vel.linear : [-0.000, -0.000, +0.000]
