────────────────────────────────────────────
 Ep  1 | Step   1
────────────────────────────────────────────
  Task            : PICK_AND_PLACE
  Action          : [-0.108, +0.000, -0.994, +1.000]
  EE posição      : [+0.040, +0.000, +0.171]
  EE velocidade   : [-0.265, -0.001, -1.261]
  Garra           : 0.070 m  (ABERTA)
  Cubo posição    : [+0.030, +0.000, +0.020]
  Target (target): [+0.150, +0.000, +0.020]
  Dist EE→Cubo    : 0.1510 m
  Dist Cubo→target: 0.1200 m
  Reward          : -0.1200
  Sucesso         : False
  Obstáculo caminho: SIM  (count: 1)
  Obstáculo [obstacle_1]: tipo=box  massa=0.0 kg  tamanho=[0.02, 0.3, 0.02]
  Objeto [object_1]: tipo=box  massa=1.0 kg  tamanho=[0.04, 0.04, 0.04]
  Target goal     : {'type': 'goal_sequence', 'targets': [{'name': 'target', 'position': [0.15000000596046448, 0.0, 0.019999999552965164]}, {'name': 'target_1', 'position': [0.15000000596046448, 0.10000000149011612, 0.019999999552965164]}, {'name': 'target_2', 'position': [-0.10000000149011612, 0.0, 0.019999999552965164]}, {'name': 'target_3', 'position': [-0.10000000149011612, 0.10000000149011612, 0.019999999552965164]}], 'mode': 'goal_sequence'}
  Mesa            : 1.1x0.7x0.4 m  offset_x=-0.3
  Robô config     : control=ee  block_gripper=False  base=[-0.6, 0.0, 0.05]
  Scripts         : ['script_1', 'reach_only', 'left_right']
  Juntas ângulos  : [-0.00, +0.45, +0.00, -1.88, -0.00, +2.35, +0.79]
  Juntas veloc.   : [-0.00, +1.91, +0.00, -0.24, -0.01, +0.69, -0.03]
  Cubo rotação    : [+0.000, -0.000, -0.000]  (roll/pitch/yaw)
  Cubo vel.linear : [-0.000, +0.000, -0.000]
────────────────────────────────────────────
 Ep  1 | Step   2
────────────────────────────────────────────
  Task            : PICK_AND_PLACE
  Action          : [-0.198, -0.000, -0.980, +1.000]
  EE posição      : [+0.028, +0.000, +0.114]
  EE velocidade   : [-0.377, +0.000, -1.176]
  Garra           : 0.079 m  (ABERTA)
  Cubo posição    : [+0.030, +0.000, +0.020]
  Target (target): [+0.150, +0.000, +0.020]
  Dist EE→Cubo    : 0.0944 m
  Dist Cubo→target: 0.1200 m
  Reward          : -0.1200
  Sucesso         : False
  Obstáculo caminho: SIM  (count: 1)
  Obstáculo [obstacle_1]: tipo=box  massa=0.0 kg  tamanho=[0.02, 0.3, 0.02]
  Objeto [object_1]: tipo=box  massa=1.0 kg  tamanho=[0.04, 0.04, 0.04]
  Target goal     : {'type': 'goal_sequence', 'targets': [{'name': 'target', 'position': [0.15000000596046448, 0.0, 0.019999999552965164]}, {'name': 'target_1', 'position': [0.15000000596046448, 0.10000000149011612, 0.019999999552965164]}, {'name': 'target_2', 'position': [-0.10000000149011612, 0.0, 0.019999999552965164]}, {'name': 'target_3', 'position': [-0.10000000149011612, 0.10000000149011612, 0.019999999552965164]}], 'mode': 'goal_sequence'}
  Mesa            : 1.1x0.7x0.4 m  offset_x=-0.3
  Robô config     : control=ee  block_gripper=False  base=[-0.6, 0.0, 0.05]
  Scripts         : ['script_1', 'reach_only', 'left_right']
  Juntas ângulos  : [-0.00, +0.53, +0.00, -1.90, -0.00, +2.41, +0.79]
  Juntas veloc.   : [-0.00, +1.83, +0.00, -0.17, -0.00, +0.47, -0.00]
  Cubo rotação    : [+0.000, -0.000, -0.000]  (roll/pitch/yaw)
  Cubo vel.linear : [-0.000, +0.000, -0.000]
────────────────────────────────────────────
 Ep  1 | Step   3
────────────────────────────────────────────
  Task            : PICK_AND_PLACE
  Action          : [+0.336, -0.000, +0.942, +1.000]
  EE posição      : [+0.014, +0.000, +0.080]
  EE velocidade   : [-0.211, +0.000, -0.558]
  Garra           : 0.080 m  (ABERTA)
  Cubo posição    : [+0.030, +0.000, +0.020]
  Target (target): [+0.150, +0.000, +0.020]
  Dist EE→Cubo    : 0.0620 m
  Dist Cubo→target: 0.1200 m
  Reward          : -0.1200
  Sucesso         : False
  Obstáculo caminho: SIM  (count: 1)
  Obstáculo [obstacle_1]: tipo=box  massa=0.0 kg  tamanho=[0.02, 0.3, 0.02]
  Objeto [object_1]: tipo=box  massa=1.0 kg  tamanho=[0.04, 0.04, 0.04]
  Target goal     : {'type': 'goal_sequence', 'targets': [{'name': 'target', 'position': [0.15000000596046448, 0.0, 0.019999999552965164]}, {'name': 'target_1', 'position': [0.15000000596046448, 0.10000000149011612, 0.019999999552965164]}, {'name': 'target_2', 'position': [-0.10000000149011612, 0.0, 0.019999999552965164]}, {'name': 'target_3', 'position': [-0.10000000149011612, 0.10000000149011612, 0.019999999552965164]}], 'mode': 'goal_sequence'}
  Mesa            : 1.1x0.7x0.4 m  offset_x=-0.3
  Robô config     : control=ee  block_gripper=False  base=[-0.6, 0.0, 0.05]
  Scripts         : ['script_1', 'reach_only', 'left_right']
  Juntas ângulos  : [-0.00, +0.60, +0.00, -1.86, -0.00, +2.34, +0.79]
  Juntas veloc.   : [-0.00, +1.09, +0.00, +0.40, +0.00, -0.55, -0.00]
  Cubo rotação    : [+0.000, -0.000, -0.000]  (roll/pitch/yaw)
  Cubo vel.linear : [+0.000, -0.000, +0.000]
────────────────────────────────────────────
 Ep  1 | Step   4
────────────────────────────────────────────
  Task            : PICK_AND_PLACE
  Action          : [+0.115, -0.000, -0.501, +1.000]
  EE posição      : [+0.022, +0.000, +0.051]
  EE velocidade   : [-0.131, -0.002, -0.595]
  Garra           : 0.080 m  (ABERTA)
  Cubo posição    : [+0.030, +0.000, +0.020]
  Target (target): [+0.150, +0.000, +0.020]
  Dist EE→Cubo    : 0.0317 m
  Dist Cubo→target: 0.1200 m
  Reward          : -0.1200
  Sucesso         : False
  Obstáculo caminho: SIM  (count: 1)
  Obstáculo [obstacle_1]: tipo=box  massa=0.0 kg  tamanho=[0.02, 0.3, 0.02]
  Objeto [object_1]: tipo=box  massa=1.0 kg  tamanho=[0.04, 0.04, 0.04]
  Target goal     : {'type': 'goal_sequence', 'targets': [{'name': 'target', 'position': [0.15000000596046448, 0.0, 0.019999999552965164]}, {'name': 'target_1', 'position': [0.15000000596046448, 0.10000000149011612, 0.019999999552965164]}, {'name': 'target_2', 'position': [-0.10000000149011612, 0.0, 0.019999999552965164]}, {'name': 'target_3', 'position': [-0.10000000149011612, 0.10000000149011612, 0.019999999552965164]}], 'mode': 'goal_sequence'}
  Mesa            : 1.1x0.7x0.4 m  offset_x=-0.3
  Robô config     : control=ee  block_gripper=False  base=[-0.6, 0.0, 0.05]
  Scripts         : ['script_1', 'reach_only', 'left_right']
  Juntas ângulos  : [-0.00, +0.65, +0.00, -1.90, -0.00, +2.52, +0.79]
  Juntas veloc.   : [+0.00, +0.95, -0.00, -0.32, -0.03, +1.38, +0.00]
  Cubo rotação    : [-0.000, -0.000, -0.000]  (roll/pitch/yaw)
  Cubo vel.linear : [+0.000, -0.000, +0.000]
────────────────────────────────────────────
 Ep  1 | Step   5
────────────────────────────────────────────
  Task            : PICK_AND_PLACE
  Action          : [+0.035, -0.000, -0.168, +1.000]
  EE posição      : [+0.022, +0.000, +0.038]
  EE velocidade   : [+0.016, -0.000, -0.057]
  Garra           : 0.080 m  (ABERTA)
  Cubo posição    : [+0.030, +0.000, +0.020]
  Target (target): [+0.150, +0.000, +0.020]
  Dist EE→Cubo    : 0.0195 m
  Dist Cubo→target: 0.1200 m
  Reward          : -0.1200
  Sucesso         : False
  Obstáculo caminho: SIM  (count: 1)
  Obstáculo [obstacle_1]: tipo=box  massa=0.0 kg  tamanho=[0.02, 0.3, 0.02]
  Objeto [object_1]: tipo=box  massa=1.0 kg  tamanho=[0.04, 0.04, 0.04]
  Target goal     : {'type': 'goal_sequence', 'targets': [{'name': 'target', 'position': [0.15000000596046448, 0.0, 0.019999999552965164]}, {'name': 'target_1', 'position': [0.15000000596046448, 0.10000000149011612, 0.019999999552965164]}, {'name': 'target_2', 'position': [-0.10000000149011612, 0.0, 0.019999999552965164]}, {'name': 'target_3', 'position': [-0.10000000149011612, 0.10000000149011612, 0.019999999552965164]}], 'mode': 'goal_sequence'}
  Mesa            : 1.1x0.7x0.4 m  offset_x=-0.3
  Robô config     : control=ee  block_gripper=False  base=[-0.6, 0.0, 0.05]
  Scripts         : ['script_1', 'reach_only', 'left_right']
  Juntas ângulos  : [-0.00, +0.67, +0.00, -1.91, -0.00, +2.56, +0.79]
  Juntas veloc.   : [+0.00, +0.11, -0.00, -0.05, -0.00, +0.34, -0.00]
  Cubo rotação    : [-0.000, -0.000, -0.000]  (roll/pitch/yaw)
  Cubo vel.linear : [+0.000, +0.000, +0.000]
────────────────────────────────────────────
 Ep  1 | Step   6
────────────────────────────────────────────
  Task            : PICK_AND_PLACE
  Action          : [+0.024, -0.000, -0.079, +1.000]
  EE posição      : [+0.023, +0.000, +0.034]
  EE velocidade   : [+0.010, -0.000, -0.027]
  Garra           : 0.080 m  (ABERTA)
  Cubo posição    : [+0.030, +0.000, +0.020]
  Target (target): [+0.150, +0.000, +0.020]
  Dist EE→Cubo    : 0.0158 m
  Dist Cubo→target: 0.1200 m
  Reward          : -0.1200
  Sucesso         : False
  Obstáculo caminho: SIM  (count: 1)
  Obstáculo [obstacle_1]: tipo=box  massa=0.0 kg  tamanho=[0.02, 0.3, 0.02]
  Objeto [object_1]: tipo=box  massa=1.0 kg  tamanho=[0.04, 0.04, 0.04]
  Target goal     : {'type': 'goal_sequence', 'targets': [{'name': 'target', 'position': [0.15000000596046448, 0.0, 0.019999999552965164]}, {'name': 'target_1', 'position': [0.15000000596046448, 0.10000000149011612, 0.019999999552965164]}, {'name': 'target_2', 'position': [-0.10000000149011612, 0.0, 0.019999999552965164]}, {'name': 'target_3', 'position': [-0.10000000149011612, 0.10000000149011612, 0.019999999552965164]}], 'mode': 'goal_sequence'}
  Mesa            : 1.1x0.7x0.4 m  offset_x=-0.3
  Robô config     : control=ee  block_gripper=False  base=[-0.6, 0.0, 0.05]
  Scripts         : ['script_1', 'reach_only', 'left_right']
  Juntas ângulos  : [-0.00, +0.67, +0.00, -1.91, -0.00, +2.58, +0.79]
  Juntas veloc.   : [+0.00, +0.06, -0.00, -0.01, -0.00, +0.15, -0.00]
  Cubo rotação    : [-0.000, -0.000, -0.000]  (roll/pitch/yaw)
  Cubo vel.linear : [+0.000, -0.000, +0.000]
────────────────────────────────────────────
 Ep  1 | Step   7
────────────────────────────────────────────
  Task            : PICK_AND_PLACE
  Action          : [+0.018, -0.000, -0.061, +1.000]
  EE posição      : [+0.024, +0.000, +0.032]
  EE velocidade   : [+0.004, -0.000, -0.020]
  Garra           : 0.080 m  (ABERTA)
  Cubo posição    : [+0.030, +0.000, +0.020]
  Target (target): [+0.150, +0.000, +0.020]
  Dist EE→Cubo    : 0.0133 m
  Dist Cubo→target: 0.1200 m
  Reward          : -0.1200
  Sucesso         : False
  Obstáculo caminho: SIM  (count: 1)
  Obstáculo [obstacle_1]: tipo=box  massa=0.0 kg  tamanho=[0.02, 0.3, 0.02]
  Objeto [object_1]: tipo=box  massa=1.0 kg  tamanho=[0.04, 0.04, 0.04]
  Target goal     : {'type': 'goal_sequence', 'targets': [{'name': 'target', 'position': [0.15000000596046448, 0.0, 0.019999999552965164]}, {'name': 'target_1', 'position': [0.15000000596046448, 0.10000000149011612, 0.019999999552965164]}, {'name': 'target_2', 'position': [-0.10000000149011612, 0.0, 0.019999999552965164]}, {'name': 'target_3', 'position': [-0.10000000149011612, 0.10000000149011612, 0.019999999552965164]}], 'mode': 'goal_sequence'}
  Mesa            : 1.1x0.7x0.4 m  offset_x=-0.3
  Robô config     : control=ee  block_gripper=False  base=[-0.6, 0.0, 0.05]
  Scripts         : ['script_1', 'reach_only', 'left_right']
  Juntas ângulos  : [-0.00, +0.68, +0.00, -1.91, -0.00, +2.59, +0.79]
  Juntas veloc.   : [-0.00, +0.05, -0.00, +0.02, -0.00, +0.04, -0.00]
  Cubo rotação    : [-0.000, -0.000, -0.000]  (roll/pitch/yaw)
  Cubo vel.linear : [+0.000, -0.000, +0.000]
────────────────────────────────────────────
 Ep  1 | Step   8
────────────────────────────────────────────
  Task            : PICK_AND_PLACE
  Action          : [+0.017, -0.000, -0.057, +1.000]
  EE posição      : [+0.024, +0.000, +0.029]
  EE velocidade   : [+0.003, -0.000, -0.019]
  Garra           : 0.080 m  (ABERTA)
  Cubo posição    : [+0.030, +0.000, +0.020]
  Target (target): [+0.150, +0.000, +0.020]
  Dist EE→Cubo    : 0.0110 m
  Dist Cubo→target: 0.1200 m
  Reward          : -0.1200
  Sucesso         : False
  Obstáculo caminho: SIM  (count: 1)
  Obstáculo [obstacle_1]: tipo=box  massa=0.0 kg  tamanho=[0.02, 0.3, 0.02]
  Objeto [object_1]: tipo=box  massa=1.0 kg  tamanho=[0.04, 0.04, 0.04]
  Target goal     : {'type': 'goal_sequence', 'targets': [{'name': 'target', 'position': [0.15000000596046448, 0.0, 0.019999999552965164]}, {'name': 'target_1', 'position': [0.15000000596046448, 0.10000000149011612, 0.019999999552965164]}, {'name': 'target_2', 'position': [-0.10000000149011612, 0.0, 0.019999999552965164]}, {'name': 'target_3', 'position': [-0.10000000149011612, 0.10000000149011612, 0.019999999552965164]}], 'mode': 'goal_sequence'}
  Mesa            : 1.1x0.7x0.4 m  offset_x=-0.3
  Robô config     : control=ee  block_gripper=False  base=[-0.6, 0.0, 0.05]
  Scripts         : ['script_1', 'reach_only', 'left_right']
  Juntas ângulos  : [-0.00, +0.69, +0.00, -1.90, -0.00, +2.59, +0.79]
  Juntas veloc.   : [-0.00, +0.05, -0.00, +0.03, -0.00, +0.02, -0.00]
  Cubo rotação    : [-0.000, -0.000, -0.000]  (roll/pitch/yaw)
  Cubo vel.linear : [+0.000, -0.000, +0.000]
────────────────────────────────────────────
 Ep  1 | Step   9
────────────────────────────────────────────
  Task            : PICK_AND_PLACE
  Action          : [+0.018, -0.000, -0.057, +1.000]
  EE posição      : [+0.024, +0.000, +0.027]
  EE velocidade   : [+0.003, -0.000, -0.019]
  Garra           : 0.080 m  (ABERTA)
  Cubo posição    : [+0.030, +0.000, +0.020]
  Target (target): [+0.150, +0.000, +0.020]
  Dist EE→Cubo    : 0.0088 m
  Dist Cubo→target: 0.1200 m
  Reward          : -0.1200
  Sucesso         : False
  Obstáculo caminho: SIM  (count: 1)
  Obstáculo [obstacle_1]: tipo=box  massa=0.0 kg  tamanho=[0.02, 0.3, 0.02]
  Objeto [object_1]: tipo=box  massa=1.0 kg  tamanho=[0.04, 0.04, 0.04]
  Target goal     : {'type': 'goal_sequence', 'targets': [{'name': 'target', 'position': [0.15000000596046448, 0.0, 0.019999999552965164]}, {'name': 'target_1', 'position': [0.15000000596046448, 0.10000000149011612, 0.019999999552965164]}, {'name': 'target_2', 'position': [-0.10000000149011612, 0.0, 0.019999999552965164]}, {'name': 'target_3', 'position': [-0.10000000149011612, 0.10000000149011612, 0.019999999552965164]}], 'mode': 'goal_sequence'}
  Mesa            : 1.1x0.7x0.4 m  offset_x=-0.3
  Robô config     : control=ee  block_gripper=False  base=[-0.6, 0.0, 0.05]
  Scripts         : ['script_1', 'reach_only', 'left_right']
  Juntas ângulos  : [-0.00, +0.69, +0.00, -1.90, -0.00, +2.59, +0.79]
  Juntas veloc.   : [-0.00, +0.05, -0.00, +0.03, -0.00, +0.02, -0.00]
  Cubo rotação    : [-0.000, -0.000, -0.000]  (roll/pitch/yaw)
  Cubo vel.linear : [+0.000, -0.000, +0.000]
────────────────────────────────────────────
 Ep  1 | Step  10
────────────────────────────────────────────
  Task            : PICK_AND_PLACE
  Action          : [+0.019, -0.000, -0.057, +1.000]
  EE posição      : [+0.025, +0.000, +0.024]
  EE velocidade   : [+0.003, -0.000, -0.019]
  Garra           : 0.080 m  (ABERTA)
  Cubo posição    : [+0.030, +0.000, +0.020]
  Target (target): [+0.150, +0.000, +0.020]
  Dist EE→Cubo    : 0.0067 m
  Dist Cubo→target: 0.1200 m
  Reward          : -0.1200
  Sucesso         : False
  Obstáculo caminho: SIM  (count: 1)
  Obstáculo [obstacle_1]: tipo=box  massa=0.0 kg  tamanho=[0.02, 0.3, 0.02]
  Objeto [object_1]: tipo=box  massa=1.0 kg  tamanho=[0.04, 0.04, 0.04]
  Target goal     : {'type': 'goal_sequence', 'targets': [{'name': 'target', 'position': [0.15000000596046448, 0.0, 0.019999999552965164]}, {'name': 'target_1', 'position': [0.15000000596046448, 0.10000000149011612, 0.019999999552965164]}, {'name': 'target_2', 'position': [-0.10000000149011612, 0.0, 0.019999999552965164]}, {'name': 'target_3', 'position': [-0.10000000149011612, 0.10000000149011612, 0.019999999552965164]}], 'mode': 'goal_sequence'}
  Mesa            : 1.1x0.7x0.4 m  offset_x=-0.3
  Robô config     : control=ee  block_gripper=False  base=[-0.6, 0.0, 0.05]
  Scripts         : ['script_1', 'reach_only', 'left_right']
  Juntas ângulos  : [-0.00, +0.70, +0.00, -1.89, -0.00, +2.59, +0.79]
  Juntas veloc.   : [-0.00, +0.05, -0.00, +0.03, -0.00, +0.02, -0.00]
  Cubo rotação    : [-0.000, -0.000, -0.000]  (roll/pitch/yaw)
  Cubo vel.linear : [+0.000, -0.000, +0.000]
────────────────────────────────────────────
 Ep  1 | Step  11
────────────────────────────────────────────
  Task            : PICK_AND_PLACE
  Action          : [+0.020, -0.000, -0.057, +1.000]
  EE posição      : [+0.025, +0.000, +0.022]
  EE velocidade   : [+0.004, -0.000, -0.019]
  Garra           : 0.080 m  (ABERTA)
  Cubo posição    : [+0.030, +0.000, +0.020]
  Target (target): [+0.150, +0.000, +0.020]
  Dist EE→Cubo    : 0.0050 m
  Dist Cubo→target: 0.1200 m
  Reward          : -0.1200
  Sucesso         : False
  Obstáculo caminho: SIM  (count: 1)
  Obstáculo [obstacle_1]: tipo=box  massa=0.0 kg  tamanho=[0.02, 0.3, 0.02]
  Objeto [object_1]: tipo=box  massa=1.0 kg  tamanho=[0.04, 0.04, 0.04]
  Target goal     : {'type': 'goal_sequence', 'targets': [{'name': 'target', 'position': [0.15000000596046448, 0.0, 0.019999999552965164]}, {'name': 'target_1', 'position': [0.15000000596046448, 0.10000000149011612, 0.019999999552965164]}, {'name': 'target_2', 'position': [-0.10000000149011612, 0.0, 0.019999999552965164]}, {'name': 'target_3', 'position': [-0.10000000149011612, 0.10000000149011612, 0.019999999552965164]}], 'mode': 'goal_sequence'}
  Mesa            : 1.1x0.7x0.4 m  offset_x=-0.3
  Robô config     : control=ee  block_gripper=False  base=[-0.6, 0.0, 0.05]
  Scripts         : ['script_1', 'reach_only', 'left_right']
  Juntas ângulos  : [-0.00, +0.71, +0.00, -1.89, -0.00, +2.60, +0.79]
  Juntas veloc.   : [-0.00, +0.05, -0.00, +0.03, -0.00, +0.02, -0.00]
  Cubo rotação    : [-0.000, +0.000, -0.000]  (roll/pitch/yaw)
  Cubo vel.linear : [+0.000, -0.000, +0.000]
────────────────────────────────────────────
 Ep  1 | Step  12
────────────────────────────────────────────
  Task            : PICK_AND_PLACE
  Action          : [+0.021, +0.000, -0.056, +1.000]
  EE posição      : [+0.026, -0.000, +0.020]
  EE velocidade   : [+0.004, -0.000, -0.019]
  Garra           : 0.080 m  (ABERTA)
  Cubo posição    : [+0.030, +0.000, +0.020]
  Target (target): [+0.150, +0.000, +0.020]
  Dist EE→Cubo    : 0.0040 m
  Dist Cubo→target: 0.1200 m
  Reward          : -0.1200
  Sucesso         : False
  Obstáculo caminho: SIM  (count: 1)
  Obstáculo [obstacle_1]: tipo=box  massa=0.0 kg  tamanho=[0.02, 0.3, 0.02]
  Objeto [object_1]: tipo=box  massa=1.0 kg  tamanho=[0.04, 0.04, 0.04]
  Target goal     : {'type': 'goal_sequence', 'targets': [{'name': 'target', 'position': [0.15000000596046448, 0.0, 0.019999999552965164]}, {'name': 'target_1', 'position': [0.15000000596046448, 0.10000000149011612, 0.019999999552965164]}, {'name': 'target_2', 'position': [-0.10000000149011612, 0.0, 0.019999999552965164]}, {'name': 'target_3', 'position': [-0.10000000149011612, 0.10000000149011612, 0.019999999552965164]}], 'mode': 'goal_sequence'}
  Mesa            : 1.1x0.7x0.4 m  offset_x=-0.3
  Robô config     : control=ee  block_gripper=False  base=[-0.6, 0.0, 0.05]
  Scripts         : ['script_1', 'reach_only', 'left_right']
  Juntas ângulos  : [-0.00, +0.71, +0.00, -1.89, -0.00, +2.60, +0.79]
  Juntas veloc.   : [-0.00, +0.05, -0.00, +0.03, -0.00, +0.02, +0.00]
  Cubo rotação    : [-0.000, +0.000, -0.000]  (roll/pitch/yaw)
  Cubo vel.linear : [+0.000, -0.000, -0.000]
────────────────────────────────────────────
 Ep  1 | Step  13
────────────────────────────────────────────
  Task            : PICK_AND_PLACE
  Action          : [+0.023, +0.000, -0.056, +1.000]
  EE posição      : [+0.027, -0.000, +0.017]
  EE velocidade   : [+0.004, -0.000, -0.019]
  Garra           : 0.080 m  (ABERTA)
  Cubo posição    : [+0.030, +0.000, +0.020]
  Target (target): [+0.150, +0.000, +0.020]
  Dist EE→Cubo    : 0.0042 m
  Dist Cubo→target: 0.1200 m
  Reward          : -0.1200
  Sucesso         : False
  Obstáculo caminho: SIM  (count: 1)
  Obstáculo [obstacle_1]: tipo=box  massa=0.0 kg  tamanho=[0.02, 0.3, 0.02]
  Objeto [object_1]: tipo=box  massa=1.0 kg  tamanho=[0.04, 0.04, 0.04]
  Target goal     : {'type': 'goal_sequence', 'targets': [{'name': 'target', 'position': [0.15000000596046448, 0.0, 0.019999999552965164]}, {'name': 'target_1', 'position': [0.15000000596046448, 0.10000000149011612, 0.019999999552965164]}, {'name': 'target_2', 'position': [-0.10000000149011612, 0.0, 0.019999999552965164]}, {'name': 'target_3', 'position': [-0.10000000149011612, 0.10000000149011612, 0.019999999552965164]}], 'mode': 'goal_sequence'}
  Mesa            : 1.1x0.7x0.4 m  offset_x=-0.3
  Robô config     : control=ee  block_gripper=False  base=[-0.6, 0.0, 0.05]
  Scripts         : ['script_1', 'reach_only', 'left_right']
  Juntas ângulos  : [-0.00, +0.72, +0.00, -1.88, -0.00, +2.60, +0.79]
  Juntas veloc.   : [-0.00, +0.05, -0.00, +0.03, -0.00, +0.02, +0.00]
  Cubo rotação    : [-0.000, +0.000, -0.000]  (roll/pitch/yaw)
  Cubo vel.linear : [+0.000, -0.000, -0.000]
────────────────────────────────────────────
 Ep  1 | Step  14
────────────────────────────────────────────
  Task            : PICK_AND_PLACE
  Action          : [+0.025, +0.000, -0.055, +1.000]
  EE posição      : [+0.027, -0.000, +0.015]
  EE velocidade   : [+0.005, +0.000, -0.018]
  Garra           : 0.080 m  (ABERTA)
  Cubo posição    : [+0.030, +0.000, +0.020]
  Target (target): [+0.150, +0.000, +0.020]
  Dist EE→Cubo    : 0.0055 m
  Dist Cubo→target: 0.1200 m
  Reward          : -0.1200
  Sucesso         : False
  Obstáculo caminho: SIM  (count: 1)
  Obstáculo [obstacle_1]: tipo=box  massa=0.0 kg  tamanho=[0.02, 0.3, 0.02]
  Objeto [object_1]: tipo=box  massa=1.0 kg  tamanho=[0.04, 0.04, 0.04]
  Target goal     : {'type': 'goal_sequence', 'targets': [{'name': 'target', 'position': [0.15000000596046448, 0.0, 0.019999999552965164]}, {'name': 'target_1', 'position': [0.15000000596046448, 0.10000000149011612, 0.019999999552965164]}, {'name': 'target_2', 'position': [-0.10000000149011612, 0.0, 0.019999999552965164]}, {'name': 'target_3', 'position': [-0.10000000149011612, 0.10000000149011612, 0.019999999552965164]}], 'mode': 'goal_sequence'}
  Mesa            : 1.1x0.7x0.4 m  offset_x=-0.3
  Robô config     : control=ee  block_gripper=False  base=[-0.6, 0.0, 0.05]
  Scripts         : ['script_1', 'reach_only', 'left_right']
  Juntas ângulos  : [-0.00, +0.73, +0.00, -1.88, -0.00, +2.60, +0.79]
  Juntas veloc.   : [+0.00, +0.05, -0.00, +0.04, -0.00, +0.01, +0.00]
  Cubo rotação    : [-0.000, +0.000, -0.000]  (roll/pitch/yaw)
  Cubo vel.linear : [+0.000, -0.000, -0.000]
────────────────────────────────────────────
 Ep  1 | Step  15
────────────────────────────────────────────
  Task            : PICK_AND_PLACE
  Action          : [+0.027, +0.000, -0.053, +1.000]
  EE posição      : [+0.028, -0.000, +0.013]
  EE velocidade   : [+0.005, +0.000, -0.018]
  Garra           : 0.080 m  (ABERTA)
  Cubo posição    : [+0.030, +0.000, +0.020]
  Target (target): [+0.150, +0.000, +0.020]
  Dist EE→Cubo    : 0.0072 m
  Dist Cubo→target: 0.1200 m
  Reward          : -0.1200
  Sucesso         : False
  Obstáculo caminho: SIM  (count: 1)
  Obstáculo [obstacle_1]: tipo=box  massa=0.0 kg  tamanho=[0.02, 0.3, 0.02]
  Objeto [object_1]: tipo=box  massa=1.0 kg  tamanho=[0.04, 0.04, 0.04]
  Target goal     : {'type': 'goal_sequence', 'targets': [{'name': 'target', 'position': [0.15000000596046448, 0.0, 0.019999999552965164]}, {'name': 'target_1', 'position': [0.15000000596046448, 0.10000000149011612, 0.019999999552965164]}, {'name': 'target_2', 'position': [-0.10000000149011612, 0.0, 0.019999999552965164]}, {'name': 'target_3', 'position': [-0.10000000149011612, 0.10000000149011612, 0.019999999552965164]}], 'mode': 'goal_sequence'}
  Mesa            : 1.1x0.7x0.4 m  offset_x=-0.3
  Robô config     : control=ee  block_gripper=False  base=[-0.6, 0.0, 0.05]
  Scripts         : ['script_1', 'reach_only', 'left_right']
  Juntas ângulos  : [-0.00, +0.73, +0.00, -1.87, -0.00, +2.60, +0.79]
  Juntas veloc.   : [+0.00, +0.05, -0.00, +0.04, -0.00, +0.01, +0.00]
  Cubo rotação    : [-0.000, +0.000, -0.000]  (roll/pitch/yaw)
  Cubo vel.linear : [+0.000, -0.000, -0.000]
────────────────────────────────────────────
 Ep  1 | Step  16
────────────────────────────────────────────
  Task            : PICK_AND_PLACE
  Action          : [+0.032, +0.000, -0.051, -1.000]
  EE posição      : [+0.029, -0.000, +0.011]
  EE velocidade   : [+0.007, -0.000, -0.017]
  Garra           : 0.038 m  (AGARRADA)
  Cubo posição    : [+0.030, +0.000, +0.020]
  Target (target): [+0.150, +0.000, +0.020]
  Dist EE→Cubo    : 0.0091 m
  Dist Cubo→target: 0.1200 m
  Reward          : -0.1200
  Sucesso         : False
  Obstáculo caminho: SIM  (count: 1)
  Obstáculo [obstacle_1]: tipo=box  massa=0.0 kg  tamanho=[0.02, 0.3, 0.02]
  Objeto [object_1]: tipo=box  massa=1.0 kg  tamanho=[0.04, 0.04, 0.04]
  Target goal     : {'type': 'goal_sequence', 'targets': [{'name': 'target', 'position': [0.15000000596046448, 0.0, 0.019999999552965164]}, {'name': 'target_1', 'position': [0.15000000596046448, 0.10000000149011612, 0.019999999552965164]}, {'name': 'target_2', 'position': [-0.10000000149011612, 0.0, 0.019999999552965164]}, {'name': 'target_3', 'position': [-0.10000000149011612, 0.10000000149011612, 0.019999999552965164]}], 'mode': 'goal_sequence'}
  Mesa            : 1.1x0.7x0.4 m  offset_x=-0.3
  Robô config     : control=ee  block_gripper=False  base=[-0.6, 0.0, 0.05]
  Scripts         : ['script_1', 'reach_only', 'left_right']
  Juntas ângulos  : [-0.00, +0.74, +0.00, -1.87, -0.00, +2.61, +0.79]
  Juntas veloc.   : [+0.00, +0.05, -0.00, +0.04, -0.00, +0.01, -0.00]
  Cubo rotação    : [-0.000, -0.000, -0.011]  (roll/pitch/yaw)
  Cubo vel.linear : [+0.003, -0.005, +0.000]
────────────────────────────────────────────
 Ep  1 | Step  17
────────────────────────────────────────────
  Task            : PICK_AND_PLACE
  Action          : [-0.009, -0.000, +1.000, -1.000]
  EE posição      : [+0.014, +0.000, +0.018]
  EE velocidade   : [+0.086, -0.001, +0.484]
  Garra           : 0.026 m  (AGARRADA)
  Cubo posição    : [+0.018, -0.000, +0.023]
  Target (target): [+0.150, +0.000, +0.020]
  Dist EE→Cubo    : 0.0064 m
  Dist Cubo→target: 0.1320 m
  Reward          : -0.1320
  Sucesso         : False
  Obstáculo caminho: SIM  (count: 1)
  Obstáculo [obstacle_1]: tipo=box  massa=0.0 kg  tamanho=[0.02, 0.3, 0.02]
  Objeto [object_1]: tipo=box  massa=1.0 kg  tamanho=[0.04, 0.04, 0.04]
  Target goal     : {'type': 'goal_sequence', 'targets': [{'name': 'target', 'position': [0.15000000596046448, 0.0, 0.019999999552965164]}, {'name': 'target_1', 'position': [0.15000000596046448, 0.10000000149011612, 0.019999999552965164]}, {'name': 'target_2', 'position': [-0.10000000149011612, 0.0, 0.019999999552965164]}, {'name': 'target_3', 'position': [-0.10000000149011612, 0.10000000149011612, 0.019999999552965164]}], 'mode': 'goal_sequence'}
  Mesa            : 1.1x0.7x0.4 m  offset_x=-0.3
  Robô config     : control=ee  block_gripper=False  base=[-0.6, 0.0, 0.05]
  Scripts         : ['script_1', 'reach_only', 'left_right']
  Juntas ângulos  : [-0.00, +0.71, +0.00, -1.89, -0.00, +2.54, +0.79]
  Juntas veloc.   : [-0.00, -0.97, -0.00, -0.20, +0.00, -0.54, -0.00]
  Cubo rotação    : [+0.060, +0.032, +0.009]  (roll/pitch/yaw)
  Cubo vel.linear : [-0.186, -0.018, +0.150]
────────────────────────────────────────────
 Ep  1 | Step  18
────────────────────────────────────────────
  Task            : PICK_AND_PLACE
  Action          : [+0.145, -0.000, +0.990, -1.000]
  EE posição      : [+0.017, +0.000, +0.044]
  EE velocidade   : [+0.327, +0.000, +0.867]
  Garra           : 0.025 m  (AGARRADA)
  Cubo posição    : [+0.018, -0.001, +0.040]
  Target (target): [+0.150, +0.000, +0.020]
  Dist EE→Cubo    : 0.0038 m
  Dist Cubo→target: 0.1337 m
  Reward          : -0.1337
  Sucesso         : False
  Obstáculo caminho: SIM  (count: 1)
  Obstáculo [obstacle_1]: tipo=box  massa=0.0 kg  tamanho=[0.02, 0.3, 0.02]
  Objeto [object_1]: tipo=box  massa=1.0 kg  tamanho=[0.04, 0.04, 0.04]
  Target goal     : {'type': 'goal_sequence', 'targets': [{'name': 'target', 'position': [0.15000000596046448, 0.0, 0.019999999552965164]}, {'name': 'target_1', 'position': [0.15000000596046448, 0.10000000149011612, 0.019999999552965164]}, {'name': 'target_2', 'position': [-0.10000000149011612, 0.0, 0.019999999552965164]}, {'name': 'target_3', 'position': [-0.10000000149011612, 0.10000000149011612, 0.019999999552965164]}], 'mode': 'goal_sequence'}
  Mesa            : 1.1x0.7x0.4 m  offset_x=-0.3
  Robô config     : control=ee  block_gripper=False  base=[-0.6, 0.0, 0.05]
  Scripts         : ['script_1', 'reach_only', 'left_right']
  Juntas ângulos  : [-0.00, +0.65, +0.00, -1.91, -0.00, +2.53, +0.79]
  Juntas veloc.   : [-0.00, -1.54, +0.00, -0.20, +0.00, -0.07, -0.00]
  Cubo rotação    : [+0.038, +0.009, +0.021]  (roll/pitch/yaw)
  Cubo vel.linear : [+0.260, -0.016, +0.643]
────────────────────────────────────────────
 Ep  1 | Step  19
────────────────────────────────────────────
  Task            : PICK_AND_PLACE
  Action          : [+0.161, -0.000, +0.987, -1.000]
  EE posição      : [+0.024, +0.000, +0.082]
  EE velocidade   : [+0.213, -0.000, +0.714]
  Garra           : 0.029 m  (AGARRADA)
  Cubo posição    : [+0.026, -0.001, +0.075]
  Target (target): [+0.150, +0.000, +0.020]
  Dist EE→Cubo    : 0.0076 m
  Dist Cubo→target: 0.1359 m
  Reward          : -0.1359
  Sucesso         : False
  Obstáculo caminho: SIM  (count: 1)
  Obstáculo [obstacle_1]: tipo=box  massa=0.0 kg  tamanho=[0.02, 0.3, 0.02]
  Objeto [object_1]: tipo=box  massa=1.0 kg  tamanho=[0.04, 0.04, 0.04]
  Target goal     : {'type': 'goal_sequence', 'targets': [{'name': 'target', 'position': [0.15000000596046448, 0.0, 0.019999999552965164]}, {'name': 'target_1', 'position': [0.15000000596046448, 0.10000000149011612, 0.019999999552965164]}, {'name': 'target_2', 'position': [-0.10000000149011612, 0.0, 0.019999999552965164]}, {'name': 'target_3', 'position': [-0.10000000149011612, 0.10000000149011612, 0.019999999552965164]}], 'mode': 'goal_sequence'}
  Mesa            : 1.1x0.7x0.4 m  offset_x=-0.3
  Robô config     : control=ee  block_gripper=False  base=[-0.6, 0.0, 0.05]
  Scripts         : ['script_1', 'reach_only', 'left_right']
  Juntas ângulos  : [-0.00, +0.58, +0.00, -1.92, -0.00, +2.48, +0.79]
  Juntas veloc.   : [-0.00, -1.22, +0.00, -0.05, +0.00, -0.32, +0.00]
  Cubo rotação    : [+0.018, -0.015, -0.004]  (roll/pitch/yaw)
  Cubo vel.linear : [+0.239, -0.016, +0.737]
────────────────────────────────────────────
 Ep  1 | Step  20
────────────────────────────────────────────
  Task            : PICK_AND_PLACE
  Action          : [+0.135, -0.000, +0.991, -1.000]
  EE posição      : [+0.027, +0.000, +0.117]
  EE velocidade   : [+0.190, +0.001, +0.778]
  Garra           : 0.026 m  (AGARRADA)
  Cubo posição    : [+0.030, -0.001, +0.106]
  Target (target): [+0.150, +0.000, +0.020]
  Dist EE→Cubo    : 0.0120 m
  Dist Cubo→target: 0.1477 m
  Reward          : -0.1477
  Sucesso         : False
  Obstáculo caminho: SIM  (count: 1)
  Obstáculo [obstacle_1]: tipo=box  massa=0.0 kg  tamanho=[0.02, 0.3, 0.02]
  Objeto [object_1]: tipo=box  massa=1.0 kg  tamanho=[0.04, 0.04, 0.04]
  Target goal     : {'type': 'goal_sequence', 'targets': [{'name': 'target', 'position': [0.15000000596046448, 0.0, 0.019999999552965164]}, {'name': 'target_1', 'position': [0.15000000596046448, 0.10000000149011612, 0.019999999552965164]}, {'name': 'target_2', 'position': [-0.10000000149011612, 0.0, 0.019999999552965164]}, {'name': 'target_3', 'position': [-0.10000000149011612, 0.10000000149011612, 0.019999999552965164]}], 'mode': 'goal_sequence'}
  Mesa            : 1.1x0.7x0.4 m  offset_x=-0.3
  Robô config     : control=ee  block_gripper=False  base=[-0.6, 0.0, 0.05]
  Scripts         : ['script_1', 'reach_only', 'left_right']
  Juntas ângulos  : [-0.00, +0.52, +0.00, -1.91, -0.00, +2.41, +0.79]
  Juntas veloc.   : [-0.00, -1.26, +0.00, +0.08, +0.00, -0.55, -0.00]
  Cubo rotação    : [+0.034, -0.029, -0.012]  (roll/pitch/yaw)
  Cubo vel.linear : [+0.205, -0.002, +0.821]
────────────────────────────────────────────
 Ep  1 | Step  21
────────────────────────────────────────────
  Task            : PICK_AND_PLACE
  Action          : [+0.177, -0.001, -0.984, -1.000]
  EE posição      : [+0.052, -0.000, +0.129]
  EE velocidade   : [+0.021, -0.000, -0.491]
  Garra           : 0.029 m  (AGARRADA)
  Cubo posição    : [+0.049, -0.002, +0.118]
  Target (target): [+0.150, +0.000, +0.020]
  Dist EE→Cubo    : 0.0121 m
  Dist Cubo→target: 0.1408 m
  Reward          : -0.1408
  Sucesso         : False
  Obstáculo caminho: SIM  (count: 1)
  Obstáculo [obstacle_1]: tipo=box  massa=0.0 kg  tamanho=[0.02, 0.3, 0.02]
  Objeto [object_1]: tipo=box  massa=1.0 kg  tamanho=[0.04, 0.04, 0.04]
  Target goal     : {'type': 'goal_sequence', 'targets': [{'name': 'target', 'position': [0.15000000596046448, 0.0, 0.019999999552965164]}, {'name': 'target_1', 'position': [0.15000000596046448, 0.10000000149011612, 0.019999999552965164]}, {'name': 'target_2', 'position': [-0.10000000149011612, 0.0, 0.019999999552965164]}, {'name': 'target_3', 'position': [-0.10000000149011612, 0.10000000149011612, 0.019999999552965164]}], 'mode': 'goal_sequence'}
  Mesa            : 1.1x0.7x0.4 m  offset_x=-0.3
  Robô config     : control=ee  block_gripper=False  base=[-0.6, 0.0, 0.05]
  Scripts         : ['script_1', 'reach_only', 'left_right']
  Juntas ângulos  : [-0.00, +0.53, +0.00, -1.89, -0.00, +2.50, +0.79]
  Juntas veloc.   : [-0.00, +1.00, -0.00, +0.22, -0.00, +0.64, +0.00]
  Cubo rotação    : [-0.016, -0.033, -0.035]  (roll/pitch/yaw)
  Cubo vel.linear : [+0.178, +0.025, -0.326]
────────────────────────────────────────────
 Ep  1 | Step  22
────────────────────────────────────────────
  Task            : PICK_AND_PLACE
  Action          : [+0.981, +0.000, -0.193, -1.000]
  EE posição      : [+0.067, -0.000, +0.104]
  EE velocidade   : [+0.194, +0.002, -0.564]
  Garra           : 0.029 m  (AGARRADA)
  Cubo posição    : [+0.060, -0.002, +0.094]
  Target (target): [+0.150, +0.000, +0.020]
  Dist EE→Cubo    : 0.0124 m
  Dist Cubo→target: 0.1162 m
  Reward          : -0.1162
  Sucesso         : False
  Obstáculo caminho: SIM  (count: 1)
  Obstáculo [obstacle_1]: tipo=box  massa=0.0 kg  tamanho=[0.02, 0.3, 0.02]
  Objeto [object_1]: tipo=box  massa=1.0 kg  tamanho=[0.04, 0.04, 0.04]
  Target goal     : {'type': 'goal_sequence', 'targets': [{'name': 'target', 'position': [0.15000000596046448, 0.0, 0.019999999552965164]}, {'name': 'target_1', 'position': [0.15000000596046448, 0.10000000149011612, 0.019999999552965164]}, {'name': 'target_2', 'position': [-0.10000000149011612, 0.0, 0.019999999552965164]}, {'name': 'target_3', 'position': [-0.10000000149011612, 0.10000000149011612, 0.019999999552965164]}], 'mode': 'goal_sequence'}
  Mesa            : 1.1x0.7x0.4 m  offset_x=-0.3
  Robô config     : control=ee  block_gripper=False  base=[-0.6, 0.0, 0.05]
  Scripts         : ['script_1', 'reach_only', 'left_right']
  Juntas ângulos  : [-0.00, +0.65, +0.00, -1.73, -0.00, +2.36, +0.79]
  Juntas veloc.   : [+0.00, +1.95, -0.00, +2.01, +0.02, -1.07, -0.00]
  Cubo rotação    : [+0.009, +0.031, +0.008]  (roll/pitch/yaw)
  Cubo vel.linear : [+0.265, -0.001, -0.586]
────────────────────────────────────────────
 Ep  1 | Step  23
────────────────────────────────────────────
  Task            : PICK_AND_PLACE
  Action          : [+0.998, +0.001, +0.066, -1.000]
  EE posição      : [+0.087, -0.000, +0.084]
  EE velocidade   : [+0.118, +0.000, -0.427]
  Garra           : 0.028 m  (AGARRADA)
  Cubo posição    : [+0.079, -0.002, +0.071]
  Target (target): [+0.150, +0.000, +0.020]
  Dist EE→Cubo    : 0.0155 m
  Dist Cubo→target: 0.0875 m
  Reward          : -0.0875
  Sucesso         : False
  Obstáculo caminho: SIM  (count: 1)
  Obstáculo [obstacle_1]: tipo=box  massa=0.0 kg  tamanho=[0.02, 0.3, 0.02]
  Objeto [object_1]: tipo=box  massa=1.0 kg  tamanho=[0.04, 0.04, 0.04]
  Target goal     : {'type': 'goal_sequence', 'targets': [{'name': 'target', 'position': [0.15000000596046448, 0.0, 0.019999999552965164]}, {'name': 'target_1', 'position': [0.15000000596046448, 0.10000000149011612, 0.019999999552965164]}, {'name': 'target_2', 'position': [-0.10000000149011612, 0.0, 0.019999999552965164]}, {'name': 'target_3', 'position': [-0.10000000149011612, 0.10000000149011612, 0.019999999552965164]}], 'mode': 'goal_sequence'}
  Mesa            : 1.1x0.7x0.4 m  offset_x=-0.3
  Robô config     : control=ee  block_gripper=False  base=[-0.6, 0.0, 0.05]
  Scripts         : ['script_1', 'reach_only', 'left_right']
  Juntas ângulos  : [-0.00, +0.75, +0.00, -1.60, -0.00, +2.31, +0.79]
  Juntas veloc.   : [-0.00, +1.31, +0.00, +1.21, +0.00, -0.33, +0.00]
  Cubo rotação    : [+0.014, +0.051, +0.021]  (roll/pitch/yaw)
  Cubo vel.linear : [+0.233, -0.003, -0.521]
────────────────────────────────────────────
 Ep  1 | Step  24
────────────────────────────────────────────
  Task            : PICK_AND_PLACE
  Action          : [+0.926, +0.000, +0.376, -1.000]
  EE posição      : [+0.105, -0.000, +0.079]
  EE velocidade   : [+0.241, +0.000, +0.042]
  Garra           : 0.029 m  (AGARRADA)
  Cubo posição    : [+0.094, -0.002, +0.070]
  Target (target): [+0.150, +0.000, +0.020]
  Dist EE→Cubo    : 0.0139 m
  Dist Cubo→target: 0.0747 m
  Reward          : -0.0747
  Sucesso         : False
  Obstáculo caminho: SIM  (count: 1)
  Obstáculo [obstacle_1]: tipo=box  massa=0.0 kg  tamanho=[0.02, 0.3, 0.02]
  Objeto [object_1]: tipo=box  massa=1.0 kg  tamanho=[0.04, 0.04, 0.04]
  Target goal     : {'type': 'goal_sequence', 'targets': [{'name': 'target', 'position': [0.15000000596046448, 0.0, 0.019999999552965164]}, {'name': 'target_1', 'position': [0.15000000596046448, 0.10000000149011612, 0.019999999552965164]}, {'name': 'target_2', 'position': [-0.10000000149011612, 0.0, 0.019999999552965164]}, {'name': 'target_3', 'position': [-0.10000000149011612, 0.10000000149011612, 0.019999999552965164]}], 'mode': 'goal_sequence'}
  Mesa            : 1.1x0.7x0.4 m  offset_x=-0.3
  Robô config     : control=ee  block_gripper=False  base=[-0.6, 0.0, 0.05]
  Scripts         : ['script_1', 'reach_only', 'left_right']
  Juntas ângulos  : [-0.00, +0.81, +0.00, -1.50, -0.00, +2.28, +0.79]
  Juntas veloc.   : [+0.00, +0.54, +0.00, +1.07, +0.00, -0.29, +0.00]
  Cubo rotação    : [+0.000, +0.002, +0.024]  (roll/pitch/yaw)
  Cubo vel.linear : [+0.291, -0.003, +0.024]
────────────────────────────────────────────
 Ep  1 | Step  25
────────────────────────────────────────────
  Task            : PICK_AND_PLACE
  Action          : [+0.820, +0.000, +0.572, -1.000]
  EE posição      : [+0.122, +0.000, +0.089]
  EE velocidade   : [+0.286, -0.000, +0.368]
  Garra           : 0.030 m  (AGARRADA)
  Cubo posição    : [+0.111, -0.002, +0.077]
  Target (target): [+0.150, +0.000, +0.020]
  Dist EE→Cubo    : 0.0165 m
  Dist Cubo→target: 0.0691 m
  Reward          : -0.0691
  Sucesso         : False
  Obstáculo caminho: SIM  (count: 1)
  Obstáculo [obstacle_1]: tipo=box  massa=0.0 kg  tamanho=[0.02, 0.3, 0.02]
  Objeto [object_1]: tipo=box  massa=1.0 kg  tamanho=[0.04, 0.04, 0.04]
  Target goal     : {'type': 'goal_sequence', 'targets': [{'name': 'target', 'position': [0.15000000596046448, 0.0, 0.019999999552965164]}, {'name': 'target_1', 'position': [0.15000000596046448, 0.10000000149011612, 0.019999999552965164]}, {'name': 'target_2', 'position': [-0.10000000149011612, 0.0, 0.019999999552965164]}, {'name': 'target_3', 'position': [-0.10000000149011612, 0.10000000149011612, 0.019999999552965164]}], 'mode': 'goal_sequence'}
  Mesa            : 1.1x0.7x0.4 m  offset_x=-0.3
  Robô config     : control=ee  block_gripper=False  base=[-0.6, 0.0, 0.05]
  Scripts         : ['script_1', 'reach_only', 'left_right']
  Juntas ângulos  : [-0.00, +0.84, +0.00, -1.42, -0.00, +2.23, +0.79]
  Juntas veloc.   : [+0.00, -0.01, -0.00, +0.90, +0.00, -0.33, +0.00]
  Cubo rotação    : [-0.020, -0.022, +0.027]  (roll/pitch/yaw)
  Cubo vel.linear : [+0.337, +0.003, +0.260]
────────────────────────────────────────────
 Ep  1 | Step  26
────────────────────────────────────────────
  Task            : PICK_AND_PLACE
  Action          : [+0.791, -0.000, +0.612, -1.000]
  EE posição      : [+0.140, +0.000, +0.109]
  EE velocidade   : [+0.270, +0.000, +0.521]
  Garra           : 0.030 m  (AGARRADA)
  Cubo posição    : [+0.127, -0.002, +0.094]
  Target (target): [+0.150, +0.000, +0.020]
  Dist EE→Cubo    : 0.0205 m
  Dist Cubo→target: 0.0773 m
  Reward          : -0.0773
  Sucesso         : False
  Obstáculo caminho: nao  (count: 0)
  Obstáculo [obstacle_1]: tipo=box  massa=0.0 kg  tamanho=[0.02, 0.3, 0.02]
  Objeto [object_1]: tipo=box  massa=1.0 kg  tamanho=[0.04, 0.04, 0.04]
  Target goal     : {'type': 'goal_sequence', 'targets': [{'name': 'target', 'position': [0.15000000596046448, 0.0, 0.019999999552965164]}, {'name': 'target_1', 'position': [0.15000000596046448, 0.10000000149011612, 0.019999999552965164]}, {'name': 'target_2', 'position': [-0.10000000149011612, 0.0, 0.019999999552965164]}, {'name': 'target_3', 'position': [-0.10000000149011612, 0.10000000149011612, 0.019999999552965164]}], 'mode': 'goal_sequence'}
  Mesa            : 1.1x0.7x0.4 m  offset_x=-0.3
  Robô config     : control=ee  block_gripper=False  base=[-0.6, 0.0, 0.05]
  Scripts         : ['script_1', 'reach_only', 'left_right']
  Juntas ângulos  : [-0.00, +0.86, +0.00, -1.33, -0.00, +2.18, +0.79]
  Juntas veloc.   : [+0.00, -0.26, +0.00, +0.81, +0.00, -0.42, -0.00]
  Cubo rotação    : [+0.021, -0.044, +0.008]  (roll/pitch/yaw)
  Cubo vel.linear : [+0.378, -0.010, +0.457]
────────────────────────────────────────────
 Ep  1 | Step  27
────────────────────────────────────────────
  Task            : PICK_AND_PLACE
  Action          : [+0.995, -0.000, +0.096, -1.000]
  EE posição      : [+0.159, +0.000, +0.115]
  EE velocidade   : [+0.134, -0.000, -0.062]
  Garra           : 0.033 m  (AGARRADA)
  Cubo posição    : [+0.145, -0.003, +0.100]
  Target (target): [+0.150, +0.000, +0.020]
  Dist EE→Cubo    : 0.0216 m
  Dist Cubo→target: 0.0798 m
  Reward          : -0.0798
  Sucesso         : False
  Obstáculo caminho: nao  (count: 0)
  Obstáculo [obstacle_1]: tipo=box  massa=0.0 kg  tamanho=[0.02, 0.3, 0.02]
  Objeto [object_1]: tipo=box  massa=1.0 kg  tamanho=[0.04, 0.04, 0.04]
  Target goal     : {'type': 'goal_sequence', 'targets': [{'name': 'target', 'position': [0.15000000596046448, 0.0, 0.019999999552965164]}, {'name': 'target_1', 'position': [0.15000000596046448, 0.10000000149011612, 0.019999999552965164]}, {'name': 'target_2', 'position': [-0.10000000149011612, 0.0, 0.019999999552965164]}, {'name': 'target_3', 'position': [-0.10000000149011612, 0.10000000149011612, 0.019999999552965164]}], 'mode': 'goal_sequence'}
  Mesa            : 1.1x0.7x0.4 m  offset_x=-0.3
  Robô config     : control=ee  block_gripper=False  base=[-0.6, 0.0, 0.05]
  Scripts         : ['script_1', 'reach_only', 'left_right']
  Juntas ângulos  : [-0.00, +0.91, +0.00, -1.22, -0.00, +2.14, +0.79]
  Juntas veloc.   : [+0.00, +0.65, -0.00, +1.00, +0.00, -0.33, -0.00]
  Cubo rotação    : [+0.006, -0.036, +0.001]  (roll/pitch/yaw)
  Cubo vel.linear : [+0.199, -0.007, -0.116]
────────────────────────────────────────────
 Ep  1 | Step  28
────────────────────────────────────────────
  Task            : PICK_AND_PLACE
  Action          : [-0.085, -0.000, -0.996, -1.000]
  EE posição      : [+0.161, +0.000, +0.089]
  EE velocidade   : [-0.329, -0.000, -1.259]
  Garra           : 0.036 m  (AGARRADA)
  Cubo posição    : [+0.146, -0.003, +0.071]
  Target (target): [+0.150, +0.000, +0.020]
  Dist EE→Cubo    : 0.0235 m
  Dist Cubo→target: 0.0516 m
  Reward          : -0.0516
  Sucesso         : False
  Obstáculo caminho: nao  (count: 0)
  Obstáculo [obstacle_1]: tipo=box  massa=0.0 kg  tamanho=[0.02, 0.3, 0.02]
  Objeto [object_1]: tipo=box  massa=1.0 kg  tamanho=[0.04, 0.04, 0.04]
  Target goal     : {'type': 'goal_sequence', 'targets': [{'name': 'target', 'position': [0.15000000596046448, 0.0, 0.019999999552965164]}, {'name': 'target_1', 'position': [0.15000000596046448, 0.10000000149011612, 0.019999999552965164]}, {'name': 'target_2', 'position': [-0.10000000149011612, 0.0, 0.019999999552965164]}, {'name': 'target_3', 'position': [-0.10000000149011612, 0.10000000149011612, 0.019999999552965164]}], 'mode': 'goal_sequence'}
  Mesa            : 1.1x0.7x0.4 m  offset_x=-0.3
  Robô config     : control=ee  block_gripper=False  base=[-0.6, 0.0, 0.05]
  Scripts         : ['script_1', 'reach_only', 'left_right']
  Juntas ângulos  : [-0.00, +0.96, +0.00, -1.22, -0.00, +2.20, +0.79]
  Juntas veloc.   : [+0.00, +1.69, -0.00, -0.04, -0.00, +0.47, +0.00]
  Cubo rotação    : [+0.000, -0.025, -0.007]  (roll/pitch/yaw)
  Cubo vel.linear : [-0.355, -0.002, -1.255]
────────────────────────────────────────────
 Ep  1 | Step  29
────────────────────────────────────────────
  Task            : PICK_AND_PLACE
  Action          : [-0.089, -0.000, -0.627, -1.000]
  EE posição      : [+0.148, +0.000, +0.041]
  EE velocidade   : [-0.387, +0.000, -1.058]
  Garra           : 0.037 m  (AGARRADA)
  Cubo posição    : [+0.131, -0.003, +0.024]
  Target (target): [+0.150, +0.000, +0.020]
  Dist EE→Cubo    : 0.0235 m
  Dist Cubo→target: 0.0195 m
  Reward          : -0.0195
  Sucesso         : False
  Obstáculo caminho: nao  (count: 0)
  Obstáculo [obstacle_1]: tipo=box  massa=0.0 kg  tamanho=[0.02, 0.3, 0.02]
  Objeto [object_1]: tipo=box  massa=1.0 kg  tamanho=[0.04, 0.04, 0.04]
  Target goal     : {'type': 'goal_sequence', 'targets': [{'name': 'target', 'position': [0.15000000596046448, 0.0, 0.019999999552965164]}, {'name': 'target_1', 'position': [0.15000000596046448, 0.10000000149011612, 0.019999999552965164]}, {'name': 'target_2', 'position': [-0.10000000149011612, 0.0, 0.019999999552965164]}, {'name': 'target_3', 'position': [-0.10000000149011612, 0.10000000149011612, 0.019999999552965164]}], 'mode': 'goal_sequence'}
  Mesa            : 1.1x0.7x0.4 m  offset_x=-0.3
  Robô config     : control=ee  block_gripper=False  base=[-0.6, 0.0, 0.05]
  Scripts         : ['script_1', 'reach_only', 'left_right']
  Juntas ângulos  : [-0.00, +1.02, +0.00, -1.22, -0.00, +2.22, +0.79]
  Juntas veloc.   : [+0.00, +1.43, -0.00, +0.01, -0.00, +0.14, +0.00]
  Cubo rotação    : [-0.011, +0.022, -0.003]  (roll/pitch/yaw)
  Cubo vel.linear : [-0.407, -0.002, -1.038]
────────────────────────────────────────────
 Ep  1 | Step  30
────────────────────────────────────────────
  Task            : PICK_AND_PLACE
  Action          : [+0.007, -0.000, -0.095, -1.000]
  EE posição      : [+0.140, +0.000, +0.011]
  EE velocidade   : [-0.124, +0.000, -0.370]
  Garra           : 0.032 m  (AGARRADA)
  Cubo posição    : [+0.125, -0.002, +0.020]
  Target (target): [+0.150, +0.000, +0.020]
  Dist EE→Cubo    : 0.0178 m
  Dist Cubo→target: 0.0254 m
  Reward          : -0.0254
  Sucesso         : False
  Obstáculo caminho: nao  (count: 0)
  Obstáculo [obstacle_1]: tipo=box  massa=0.0 kg  tamanho=[0.02, 0.3, 0.02]
  Objeto [object_1]: tipo=box  massa=1.0 kg  tamanho=[0.04, 0.04, 0.04]
  Target goal     : {'type': 'goal_sequence', 'targets': [{'name': 'target', 'position': [0.15000000596046448, 0.0, 0.019999999552965164]}, {'name': 'target_1', 'position': [0.15000000596046448, 0.10000000149011612, 0.019999999552965164]}, {'name': 'target_2', 'position': [-0.10000000149011612, 0.0, 0.019999999552965164]}, {'name': 'target_3', 'position': [-0.10000000149011612, 0.10000000149011612, 0.019999999552965164]}], 'mode': 'goal_sequence'}
  Mesa            : 1.1x0.7x0.4 m  offset_x=-0.3
  Robô config     : control=ee  block_gripper=False  base=[-0.6, 0.0, 0.05]
  Scripts         : ['script_1', 'reach_only', 'left_right']
  Juntas ângulos  : [-0.00, +1.06, +0.00, -1.22, -0.00, +2.25, +0.79]
  Juntas veloc.   : [+0.00, +0.51, +0.00, -0.04, -0.00, +0.25, +0.00]
  Cubo rotação    : [+0.000, -0.008, -0.005]  (roll/pitch/yaw)
  Cubo vel.linear : [-0.065, +0.019, +0.008]
────────────────────────────────────────────
 Ep  1 | Step  31
────────────────────────────────────────────
  Task            : PICK_AND_PLACE
  Action          : [+0.099, -0.000, +0.995, +1.000]
  EE posição      : [+0.134, +0.000, +0.013]
  EE velocidade   : [+0.082, -0.001, +0.351]
  Garra           : 0.073 m  (ABERTA)
  Cubo posição    : [+0.124, -0.002, +0.020]
  Target (target): [+0.150, +0.000, +0.020]
  Dist EE→Cubo    : 0.0128 m
  Dist Cubo→target: 0.0264 m
  Reward          : -0.0264
  Sucesso         : False
  Obstáculo caminho: nao  (count: 0)
  Obstáculo [obstacle_1]: tipo=box  massa=0.0 kg  tamanho=[0.02, 0.3, 0.02]
  Objeto [object_1]: tipo=box  massa=1.0 kg  tamanho=[0.04, 0.04, 0.04]
  Target goal     : {'type': 'goal_sequence', 'targets': [{'name': 'target', 'position': [0.15000000596046448, 0.0, 0.019999999552965164]}, {'name': 'target_1', 'position': [0.15000000596046448, 0.10000000149011612, 0.019999999552965164]}, {'name': 'target_2', 'position': [-0.10000000149011612, 0.0, 0.019999999552965164]}, {'name': 'target_3', 'position': [-0.10000000149011612, 0.10000000149011612, 0.019999999552965164]}], 'mode': 'goal_sequence'}
  Mesa            : 1.1x0.7x0.4 m  offset_x=-0.3
  Robô config     : control=ee  block_gripper=False  base=[-0.6, 0.0, 0.05]
  Scripts         : ['script_1', 'reach_only', 'left_right']
  Juntas ângulos  : [-0.00, +1.05, +0.00, -1.24, -0.00, +2.23, +0.78]
  Juntas veloc.   : [-0.00, -0.56, +0.00, -0.09, -0.01, -0.27, +0.06]
  Cubo rotação    : [+0.000, -0.002, -0.067]  (roll/pitch/yaw)
  Cubo vel.linear : [+0.001, -0.000, +0.001]
────────────────────────────────────────────
 Ep  1 | Step  32
────────────────────────────────────────────
  Task            : PICK_AND_PLACE
  Action          : [+0.159, -0.000, +0.987, +1.000]
  EE posição      : [+0.140, +0.000, +0.035]
  EE velocidade   : [+0.288, -0.000, +0.773]
  Garra           : 0.079 m  (ABERTA)
  Cubo posição    : [+0.124, -0.002, +0.020]
  Target (target): [+0.150, +0.000, +0.020]
  Dist EE→Cubo    : 0.0225 m
  Dist Cubo→target: 0.0264 m
  Reward          : -0.0264
  Sucesso         : False
  Obstáculo caminho: nao  (count: 0)
  Obstáculo [obstacle_1]: tipo=box  massa=0.0 kg  tamanho=[0.02, 0.3, 0.02]
  Objeto [object_1]: tipo=box  massa=1.0 kg  tamanho=[0.04, 0.04, 0.04]
  Target goal     : {'type': 'goal_sequence', 'targets': [{'name': 'target', 'position': [0.15000000596046448, 0.0, 0.019999999552965164]}, {'name': 'target_1', 'position': [0.15000000596046448, 0.10000000149011612, 0.019999999552965164]}, {'name': 'target_2', 'position': [-0.10000000149011612, 0.0, 0.019999999552965164]}, {'name': 'target_3', 'position': [-0.10000000149011612, 0.10000000149011612, 0.019999999552965164]}], 'mode': 'goal_sequence'}
  Mesa            : 1.1x0.7x0.4 m  offset_x=-0.3
  Robô config     : control=ee  block_gripper=False  base=[-0.6, 0.0, 0.05]
  Scripts         : ['script_1', 'reach_only', 'left_right']
  Juntas ângulos  : [-0.00, +1.01, +0.00, -1.25, -0.00, +2.22, +0.79]
  Juntas veloc.   : [+0.00, -1.10, -0.00, -0.09, +0.00, -0.01, +0.01]
  Cubo rotação    : [+0.000, -0.000, -0.067]  (roll/pitch/yaw)
  Cubo vel.linear : [+0.000, -0.000, +0.000]
────────────────────────────────────────────
 Ep  1 | Step  33
────────────────────────────────────────────
  Task            : PICK_AND_PLACE
  Action          : [+0.128, -0.000, +0.992, +1.000]
  EE posição      : [+0.148, +0.000, +0.071]
  EE velocidade   : [+0.215, +0.000, +0.753]
  Garra           : 0.080 m  (ABERTA)
  Cubo posição    : [+0.124, -0.002, +0.020]
  Target (target): [+0.150, +0.000, +0.020]
  Dist EE→Cubo    : 0.0564 m
  Dist Cubo→target: 0.0264 m
  Reward          : -0.0264
  Sucesso         : False
  Obstáculo caminho: nao  (count: 0)
  Obstáculo [obstacle_1]: tipo=box  massa=0.0 kg  tamanho=[0.02, 0.3, 0.02]
  Objeto [object_1]: tipo=box  massa=1.0 kg  tamanho=[0.04, 0.04, 0.04]
  Target goal     : {'type': 'goal_sequence', 'targets': [{'name': 'target', 'position': [0.15000000596046448, 0.0, 0.019999999552965164]}, {'name': 'target_1', 'position': [0.15000000596046448, 0.10000000149011612, 0.019999999552965164]}, {'name': 'target_2', 'position': [-0.10000000149011612, 0.0, 0.019999999552965164]}, {'name': 'target_3', 'position': [-0.10000000149011612, 0.10000000149011612, 0.019999999552965164]}], 'mode': 'goal_sequence'}
  Mesa            : 1.1x0.7x0.4 m  offset_x=-0.3
  Robô config     : control=ee  block_gripper=False  base=[-0.6, 0.0, 0.05]
  Scripts         : ['script_1', 'reach_only', 'left_right']
  Juntas ângulos  : [-0.00, +0.95, +0.00, -1.26, -0.00, +2.20, +0.79]
  Juntas veloc.   : [+0.00, -1.06, +0.00, -0.05, +0.00, -0.21, +0.00]
  Cubo rotação    : [+0.000, -0.000, -0.067]  (roll/pitch/yaw)
  Cubo vel.linear : [+0.000, -0.000, +0.000]
────────────────────────────────────────────
 Ep  1 | Step  34
────────────────────────────────────────────
  Task            : PICK_AND_PLACE
  Action          : [+0.059, -0.000, +0.998, +1.000]
  EE posição      : [+0.150, -0.000, +0.106]
  EE velocidade   : [+0.169, +0.000, +0.808]
  Garra           : 0.080 m  (ABERTA)
  Cubo posição    : [+0.124, -0.002, +0.020]
  Target (target): [+0.150, +0.000, +0.020]
  Dist EE→Cubo    : 0.0902 m
  Dist Cubo→target: 0.0264 m
  Reward          : -0.0264
  Sucesso         : False
  Obstáculo caminho: nao  (count: 0)
  Obstáculo [obstacle_1]: tipo=box  massa=0.0 kg  tamanho=[0.02, 0.3, 0.02]
  Objeto [object_1]: tipo=box  massa=1.0 kg  tamanho=[0.04, 0.04, 0.04]
  Target goal     : {'type': 'goal_sequence', 'targets': [{'name': 'target', 'position': [0.15000000596046448, 0.0, 0.019999999552965164]}, {'name': 'target_1', 'position': [0.15000000596046448, 0.10000000149011612, 0.019999999552965164]}, {'name': 'target_2', 'position': [-0.10000000149011612, 0.0, 0.019999999552965164]}, {'name': 'target_3', 'position': [-0.10000000149011612, 0.10000000149011612, 0.019999999552965164]}], 'mode': 'goal_sequence'}
  Mesa            : 1.1x0.7x0.4 m  offset_x=-0.3
  Robô config     : control=ee  block_gripper=False  base=[-0.6, 0.0, 0.05]
  Scripts         : ['script_1', 'reach_only', 'left_right']
  Juntas ângulos  : [-0.00, +0.90, +0.00, -1.26, -0.00, +2.15, +0.79]
  Juntas veloc.   : [-0.00, -1.13, +0.00, -0.01, +0.00, -0.39, +0.00]
  Cubo rotação    : [+0.000, +0.000, -0.067]  (roll/pitch/yaw)
  Cubo vel.linear : [+0.000, -0.000, +0.000]
────────────────────────────────────────────
 Ep  1 | Step  35
────────────────────────────────────────────
  Task            : PICK_AND_PLACE
  Action          : [+0.104, +0.000, +0.995, +1.000]
  EE posição      : [+0.152, +0.000, +0.144]
  EE velocidade   : [+0.121, +0.001, +0.739]
  Garra           : 0.080 m  (ABERTA)
  Cubo posição    : [+0.124, -0.002, +0.020]
  Target (target_1): [+0.150, +0.100, +0.020]
  Dist EE→Cubo    : 0.1269 m
  Dist Cubo→target_1: 0.1054 m
  Reward          : -0.1054
  Sucesso         : False
  Obstáculo caminho: nao  (count: 0)
  Obstáculo [obstacle_1]: tipo=box  massa=0.0 kg  tamanho=[0.02, 0.3, 0.02]
  Objeto [object_1]: tipo=box  massa=1.0 kg  tamanho=[0.04, 0.04, 0.04]
  Target goal     : {'type': 'goal_sequence', 'targets': [{'name': 'target', 'position': [0.15000000596046448, 0.0, 0.019999999552965164]}, {'name': 'target_1', 'position': [0.15000000596046448, 0.10000000149011612, 0.019999999552965164]}, {'name': 'target_2', 'position': [-0.10000000149011612, 0.0, 0.019999999552965164]}, {'name': 'target_3', 'position': [-0.10000000149011612, 0.10000000149011612, 0.019999999552965164]}], 'mode': 'goal_sequence'}
  Mesa            : 1.1x0.7x0.4 m  offset_x=-0.3
  Robô config     : control=ee  block_gripper=False  base=[-0.6, 0.0, 0.05]
  Scripts         : ['script_1', 'reach_only', 'left_right']
  Juntas ângulos  : [-0.00, +0.85, +0.00, -1.25, -0.00, +2.09, +0.79]
  Juntas veloc.   : [+0.00, -0.98, +0.00, +0.09, +0.00, -0.44, +0.00]
  Cubo rotação    : [+0.000, +0.000, -0.067]  (roll/pitch/yaw)
  Cubo vel.linear : [+0.000, -0.000, +0.000]
────────────────────────────────────────────
 Ep  1 | Step  36
────────────────────────────────────────────
  Task            : PICK_AND_PLACE
  Action          : [-0.761, -0.058, -0.646, +1.000]
  EE posição      : [+0.147, -0.003, +0.142]
  EE velocidade   : [-0.322, -0.022, -0.749]
  Garra           : 0.080 m  (ABERTA)
  Cubo posição    : [+0.124, -0.002, +0.020]
  Target (target_1): [+0.150, +0.100, +0.020]
  Dist EE→Cubo    : 0.1244 m
  Dist Cubo→target_1: 0.1054 m
  Reward          : -0.1054
  Sucesso         : False
  Obstáculo caminho: nao  (count: 0)
  Obstáculo [obstacle_1]: tipo=box  massa=0.0 kg  tamanho=[0.02, 0.3, 0.02]
  Objeto [object_1]: tipo=box  massa=1.0 kg  tamanho=[0.04, 0.04, 0.04]
  Target goal     : {'type': 'goal_sequence', 'targets': [{'name': 'target', 'position': [0.15000000596046448, 0.0, 0.019999999552965164]}, {'name': 'target_1', 'position': [0.15000000596046448, 0.10000000149011612, 0.019999999552965164]}, {'name': 'target_2', 'position': [-0.10000000149011612, 0.0, 0.019999999552965164]}, {'name': 'target_3', 'position': [-0.10000000149011612, 0.10000000149011612, 0.019999999552965164]}], 'mode': 'goal_sequence'}
  Mesa            : 1.1x0.7x0.4 m  offset_x=-0.3
  Robô config     : control=ee  block_gripper=False  base=[-0.6, 0.0, 0.05]
  Scripts         : ['script_1', 'reach_only', 'left_right']
  Juntas ângulos  : [-0.00, +0.81, -0.00, -1.34, +0.00, +2.18, +0.78]
  Juntas veloc.   : [-0.03, +0.40, -0.00, -1.13, -0.00, +0.71, -0.03]
  Cubo rotação    : [+0.000, +0.000, -0.067]  (roll/pitch/yaw)
  Cubo vel.linear : [+0.000, -0.000, -0.000]
────────────────────────────────────────────
 Ep  1 | Step  37
────────────────────────────────────────────
  Task            : PICK_AND_PLACE
  Action          : [-0.731, +0.014, -0.682, +1.000]
  EE posição      : [+0.126, -0.002, +0.105]
  EE velocidade   : [-0.320, +0.005, -0.668]
  Garra           : 0.080 m  (ABERTA)
  Cubo posição    : [+0.124, -0.002, +0.020]
  Target (target_1): [+0.150, +0.100, +0.020]
  Dist EE→Cubo    : 0.0851 m
  Dist Cubo→target_1: 0.1054 m
  Reward          : -0.1054
  Sucesso         : False
  Obstáculo caminho: nao  (count: 0)
  Obstáculo [obstacle_1]: tipo=box  massa=0.0 kg  tamanho=[0.02, 0.3, 0.02]
  Objeto [object_1]: tipo=box  massa=1.0 kg  tamanho=[0.04, 0.04, 0.04]
  Target goal     : {'type': 'goal_sequence', 'targets': [{'name': 'target', 'position': [0.15000000596046448, 0.0, 0.019999999552965164]}, {'name': 'target_1', 'position': [0.15000000596046448, 0.10000000149011612, 0.019999999552965164]}, {'name': 'target_2', 'position': [-0.10000000149011612, 0.0, 0.019999999552965164]}, {'name': 'target_3', 'position': [-0.10000000149011612, 0.10000000149011612, 0.019999999552965164]}], 'mode': 'goal_sequence'}
  Mesa            : 1.1x0.7x0.4 m  offset_x=-0.3
  Robô config     : control=ee  block_gripper=False  base=[-0.6, 0.0, 0.05]
  Scripts         : ['script_1', 'reach_only', 'left_right']
  Juntas ângulos  : [-0.00, +0.82, +0.00, -1.42, -0.00, +2.23, +0.78]
  Juntas veloc.   : [+0.01, +0.53, +0.00, -0.72, -0.00, +0.36, +0.01]
  Cubo rotação    : [+0.000, +0.000, -0.067]  (roll/pitch/yaw)
  Cubo vel.linear : [+0.000, -0.000, -0.000]
────────────────────────────────────────────
 Ep  1 | Step  38
────────────────────────────────────────────
  Task            : PICK_AND_PLACE
  Action          : [-0.160, -0.007, +0.987, +1.000]
  EE posição      : [+0.105, -0.002, +0.085]
  EE velocidade   : [-0.184, -0.002, -0.183]
  Garra           : 0.080 m  (ABERTA)
  Cubo posição    : [+0.124, -0.002, +0.020]
  Target (target_1): [+0.150, +0.100, +0.020]
  Dist EE→Cubo    : 0.0681 m
  Dist Cubo→target_1: 0.1054 m
  Reward          : -0.1054
  Sucesso         : False
  Obstáculo caminho: nao  (count: 0)
  Obstáculo [obstacle_1]: tipo=box  massa=0.0 kg  tamanho=[0.02, 0.3, 0.02]
  Objeto [object_1]: tipo=box  massa=1.0 kg  tamanho=[0.04, 0.04, 0.04]
  Target goal     : {'type': 'goal_sequence', 'targets': [{'name': 'target', 'position': [0.15000000596046448, 0.0, 0.019999999552965164]}, {'name': 'target_1', 'position': [0.15000000596046448, 0.10000000149011612, 0.019999999552965164]}, {'name': 'target_2', 'position': [-0.10000000149011612, 0.0, 0.019999999552965164]}, {'name': 'target_3', 'position': [-0.10000000149011612, 0.10000000149011612, 0.019999999552965164]}], 'mode': 'goal_sequence'}
  Mesa            : 1.1x0.7x0.4 m  offset_x=-0.3
  Robô config     : control=ee  block_gripper=False  base=[-0.6, 0.0, 0.05]
  Scripts         : ['script_1', 'reach_only', 'left_right']
  Juntas ângulos  : [-0.00, +0.83, -0.00, -1.44, +0.00, +2.18, +0.78]
  Juntas veloc.   : [-0.00, +0.13, -0.00, -0.16, +0.00, -0.40, -0.00]
  Cubo rotação    : [+0.000, +0.000, -0.067]  (roll/pitch/yaw)
  Cubo vel.linear : [-0.000, +0.000, +0.000]
────────────────────────────────────────────
 Ep  1 | Step  39
────────────────────────────────────────────
  Task            : PICK_AND_PLACE
  Action          : [+0.149, +0.001, -0.586, +1.000]
  EE posição      : [+0.117, -0.002, +0.061]
  EE velocidade   : [-0.137, +0.001, -0.789]
  Garra           : 0.080 m  (ABERTA)
  Cubo posição    : [+0.124, -0.002, +0.020]
  Target (target_1): [+0.150, +0.100, +0.020]
  Dist EE→Cubo    : 0.0419 m
  Dist Cubo→target_1: 0.1054 m
  Reward          : -0.1054
  Sucesso         : False
  Obstáculo caminho: nao  (count: 0)
  Obstáculo [obstacle_1]: tipo=box  massa=0.0 kg  tamanho=[0.02, 0.3, 0.02]
  Objeto [object_1]: tipo=box  massa=1.0 kg  tamanho=[0.04, 0.04, 0.04]
  Target goal     : {'type': 'goal_sequence', 'targets': [{'name': 'target', 'position': [0.15000000596046448, 0.0, 0.019999999552965164]}, {'name': 'target_1', 'position': [0.15000000596046448, 0.10000000149011612, 0.019999999552965164]}, {'name': 'target_2', 'position': [-0.10000000149011612, 0.0, 0.019999999552965164]}, {'name': 'target_3', 'position': [-0.10000000149011612, 0.10000000149011612, 0.019999999552965164]}], 'mode': 'goal_sequence'}
  Mesa            : 1.1x0.7x0.4 m  offset_x=-0.3
  Robô config     : control=ee  block_gripper=False  base=[-0.6, 0.0, 0.05]
  Scripts         : ['script_1', 'reach_only', 'left_right']
  Juntas ângulos  : [-0.00, +0.87, -0.00, -1.45, +0.00, +2.31, +0.78]
  Juntas veloc.   : [+0.00, +1.17, -0.00, -0.09, -0.00, +1.04, +0.00]
  Cubo rotação    : [+0.000, +0.000, -0.067]  (roll/pitch/yaw)
  Cubo vel.linear : [-0.000, +0.000, +0.000]
────────────────────────────────────────────
 Ep  1 | Step  40
────────────────────────────────────────────
  Task            : PICK_AND_PLACE
  Action          : [+0.033, +0.001, -0.266, +1.000]
  EE posição      : [+0.114, -0.002, +0.038]
  EE velocidade   : [-0.107, +0.001, -0.362]
  Garra           : 0.080 m  (ABERTA)
  Cubo posição    : [+0.124, -0.002, +0.020]
  Target (target_1): [+0.150, +0.100, +0.020]
  Dist EE→Cubo    : 0.0209 m
  Dist Cubo→target_1: 0.1054 m
  Reward          : -0.1054
  Sucesso         : False
  Obstáculo caminho: nao  (count: 0)
  Obstáculo [obstacle_1]: tipo=box  massa=0.0 kg  tamanho=[0.02, 0.3, 0.02]
  Objeto [object_1]: tipo=box  massa=1.0 kg  tamanho=[0.04, 0.04, 0.04]
  Target goal     : {'type': 'goal_sequence', 'targets': [{'name': 'target', 'position': [0.15000000596046448, 0.0, 0.019999999552965164]}, {'name': 'target_1', 'position': [0.15000000596046448, 0.10000000149011612, 0.019999999552965164]}, {'name': 'target_2', 'position': [-0.10000000149011612, 0.0, 0.019999999552965164]}, {'name': 'target_3', 'position': [-0.10000000149011612, 0.10000000149011612, 0.019999999552965164]}], 'mode': 'goal_sequence'}
  Mesa            : 1.1x0.7x0.4 m  offset_x=-0.3
  Robô config     : control=ee  block_gripper=False  base=[-0.6, 0.0, 0.05]
  Scripts         : ['script_1', 'reach_only', 'left_right']
  Juntas ângulos  : [-0.00, +0.90, -0.00, -1.45, +0.00, +2.34, +0.78]
  Juntas veloc.   : [+0.00, +0.55, -0.00, +0.03, -0.00, +0.20, +0.00]
  Cubo rotação    : [+0.000, +0.000, -0.067]  (roll/pitch/yaw)
  Cubo vel.linear : [-0.000, +0.000, +0.000]
────────────────────────────────────────────
 Ep  1 | Step  41
────────────────────────────────────────────
  Task            : PICK_AND_PLACE
  Action          : [+0.029, +0.000, -0.086, +1.000]
  EE posição      : [+0.115, -0.002, +0.033]
  EE velocidade   : [+0.051, +0.000, +0.052]
  Garra           : 0.080 m  (ABERTA)
  Cubo posição    : [+0.124, -0.002, +0.020]
  Target (target_1): [+0.150, +0.100, +0.020]
  Dist EE→Cubo    : 0.0154 m
  Dist Cubo→target_1: 0.1054 m
  Reward          : -0.1054
  Sucesso         : False
  Obstáculo caminho: nao  (count: 0)
  Obstáculo [obstacle_1]: tipo=box  massa=0.0 kg  tamanho=[0.02, 0.3, 0.02]
  Objeto [object_1]: tipo=box  massa=1.0 kg  tamanho=[0.04, 0.04, 0.04]
  Target goal     : {'type': 'goal_sequence', 'targets': [{'name': 'target', 'position': [0.15000000596046448, 0.0, 0.019999999552965164]}, {'name': 'target_1', 'position': [0.15000000596046448, 0.10000000149011612, 0.019999999552965164]}, {'name': 'target_2', 'position': [-0.10000000149011612, 0.0, 0.019999999552965164]}, {'name': 'target_3', 'position': [-0.10000000149011612, 0.10000000149011612, 0.019999999552965164]}], 'mode': 'goal_sequence'}
  Mesa            : 1.1x0.7x0.4 m  offset_x=-0.3
  Robô config     : control=ee  block_gripper=False  base=[-0.6, 0.0, 0.05]
  Scripts         : ['script_1', 'reach_only', 'left_right']
  Juntas ângulos  : [-0.00, +0.91, -0.00, -1.45, +0.00, +2.36, +0.78]
  Juntas veloc.   : [+0.00, -0.06, +0.00, -0.01, -0.00, +0.18, +0.00]
  Cubo rotação    : [+0.000, +0.000, -0.067]  (roll/pitch/yaw)
  Cubo vel.linear : [-0.000, +0.000, +0.000]
────────────────────────────────────────────
 Ep  1 | Step  42
────────────────────────────────────────────
  Task            : PICK_AND_PLACE
  Action          : [+0.020, +0.000, -0.056, +1.000]
  EE posição      : [+0.116, -0.002, +0.031]
  EE velocidade   : [+0.004, +0.000, -0.023]
  Garra           : 0.080 m  (ABERTA)
  Cubo posição    : [+0.124, -0.002, +0.020]
  Target (target_1): [+0.150, +0.100, +0.020]
  Dist EE→Cubo    : 0.0130 m
  Dist Cubo→target_1: 0.1054 m
  Reward          : -0.1054
  Sucesso         : False
  Obstáculo caminho: nao  (count: 0)
  Obstáculo [obstacle_1]: tipo=box  massa=0.0 kg  tamanho=[0.02, 0.3, 0.02]
  Objeto [object_1]: tipo=box  massa=1.0 kg  tamanho=[0.04, 0.04, 0.04]
  Target goal     : {'type': 'goal_sequence', 'targets': [{'name': 'target', 'position': [0.15000000596046448, 0.0, 0.019999999552965164]}, {'name': 'target_1', 'position': [0.15000000596046448, 0.10000000149011612, 0.019999999552965164]}, {'name': 'target_2', 'position': [-0.10000000149011612, 0.0, 0.019999999552965164]}, {'name': 'target_3', 'position': [-0.10000000149011612, 0.10000000149011612, 0.019999999552965164]}], 'mode': 'goal_sequence'}
  Mesa            : 1.1x0.7x0.4 m  offset_x=-0.3
  Robô config     : control=ee  block_gripper=False  base=[-0.6, 0.0, 0.05]
  Scripts         : ['script_1', 'reach_only', 'left_right']
  Juntas ângulos  : [-0.00, +0.92, -0.00, -1.45, +0.00, +2.37, +0.78]
  Juntas veloc.   : [+0.00, +0.05, +0.00, +0.01, +0.00, +0.06, +0.00]
  Cubo rotação    : [+0.000, +0.000, -0.067]  (roll/pitch/yaw)
  Cubo vel.linear : [-0.000, +0.000, +0.000]
────────────────────────────────────────────
 Ep  1 | Step  43
────────────────────────────────────────────
  Task            : PICK_AND_PLACE
  Action          : [+0.020, +0.000, -0.056, +1.000]
  EE posição      : [+0.117, -0.002, +0.028]
  EE velocidade   : [+0.002, +0.000, -0.019]
  Garra           : 0.080 m  (ABERTA)
  Cubo posição    : [+0.124, -0.002, +0.020]
  Target (target_1): [+0.150, +0.100, +0.020]
  Dist EE→Cubo    : 0.0109 m
  Dist Cubo→target_1: 0.1054 m
  Reward          : -0.1054
  Sucesso         : False
  Obstáculo caminho: nao  (count: 0)
  Obstáculo [obstacle_1]: tipo=box  massa=0.0 kg  tamanho=[0.02, 0.3, 0.02]
  Objeto [object_1]: tipo=box  massa=1.0 kg  tamanho=[0.04, 0.04, 0.04]
  Target goal     : {'type': 'goal_sequence', 'targets': [{'name': 'target', 'position': [0.15000000596046448, 0.0, 0.019999999552965164]}, {'name': 'target_1', 'position': [0.15000000596046448, 0.10000000149011612, 0.019999999552965164]}, {'name': 'target_2', 'position': [-0.10000000149011612, 0.0, 0.019999999552965164]}, {'name': 'target_3', 'position': [-0.10000000149011612, 0.10000000149011612, 0.019999999552965164]}], 'mode': 'goal_sequence'}
  Mesa            : 1.1x0.7x0.4 m  offset_x=-0.3
  Robô config     : control=ee  block_gripper=False  base=[-0.6, 0.0, 0.05]
  Scripts         : ['script_1', 'reach_only', 'left_right']
  Juntas ângulos  : [-0.00, +0.92, -0.00, -1.45, +0.00, +2.37, +0.78]
  Juntas veloc.   : [-0.00, +0.04, +0.00, +0.03, -0.00, +0.02, +0.00]
  Cubo rotação    : [+0.000, +0.000, -0.067]  (roll/pitch/yaw)
  Cubo vel.linear : [-0.000, +0.000, +0.000]
────────────────────────────────────────────
 Ep  1 | Step  44
────────────────────────────────────────────
  Task            : PICK_AND_PLACE
  Action          : [+0.022, +0.000, -0.056, +1.000]
  EE posição      : [+0.117, -0.002, +0.026]
  EE velocidade   : [+0.002, +0.000, -0.019]
  Garra           : 0.080 m  (ABERTA)
  Cubo posição    : [+0.124, -0.002, +0.020]
  Target (target_1): [+0.150, +0.100, +0.020]
  Dist EE→Cubo    : 0.0090 m
  Dist Cubo→target_1: 0.1054 m
  Reward          : -0.1054
  Sucesso         : False
  Obstáculo caminho: nao  (count: 0)
  Obstáculo [obstacle_1]: tipo=box  massa=0.0 kg  tamanho=[0.02, 0.3, 0.02]
  Objeto [object_1]: tipo=box  massa=1.0 kg  tamanho=[0.04, 0.04, 0.04]
  Target goal     : {'type': 'goal_sequence', 'targets': [{'name': 'target', 'position': [0.15000000596046448, 0.0, 0.019999999552965164]}, {'name': 'target_1', 'position': [0.15000000596046448, 0.10000000149011612, 0.019999999552965164]}, {'name': 'target_2', 'position': [-0.10000000149011612, 0.0, 0.019999999552965164]}, {'name': 'target_3', 'position': [-0.10000000149011612, 0.10000000149011612, 0.019999999552965164]}], 'mode': 'goal_sequence'}
  Mesa            : 1.1x0.7x0.4 m  offset_x=-0.3
  Robô config     : control=ee  block_gripper=False  base=[-0.6, 0.0, 0.05]
  Scripts         : ['script_1', 'reach_only', 'left_right']
  Juntas ângulos  : [-0.00, +0.93, -0.00, -1.44, +0.00, +2.37, +0.78]
  Juntas veloc.   : [+0.00, +0.05, -0.00, +0.03, +0.00, +0.01, +0.00]
  Cubo rotação    : [+0.000, +0.000, -0.067]  (roll/pitch/yaw)
  Cubo vel.linear : [-0.000, +0.000, +0.000]
────────────────────────────────────────────
 Ep  1 | Step  45
────────────────────────────────────────────
  Task            : PICK_AND_PLACE
  Action          : [+0.023, +0.000, -0.055, +1.000]
  EE posição      : [+0.117, -0.002, +0.024]
  EE velocidade   : [+0.002, +0.000, -0.018]
  Garra           : 0.080 m  (ABERTA)
  Cubo posição    : [+0.124, -0.002, +0.020]
  Target (target_1): [+0.150, +0.100, +0.020]
  Dist EE→Cubo    : 0.0074 m
  Dist Cubo→target_1: 0.1054 m
  Reward          : -0.1054
  Sucesso         : False
  Obstáculo caminho: nao  (count: 0)
  Obstáculo [obstacle_1]: tipo=box  massa=0.0 kg  tamanho=[0.02, 0.3, 0.02]
  Objeto [object_1]: tipo=box  massa=1.0 kg  tamanho=[0.04, 0.04, 0.04]
  Target goal     : {'type': 'goal_sequence', 'targets': [{'name': 'target', 'position': [0.15000000596046448, 0.0, 0.019999999552965164]}, {'name': 'target_1', 'position': [0.15000000596046448, 0.10000000149011612, 0.019999999552965164]}, {'name': 'target_2', 'position': [-0.10000000149011612, 0.0, 0.019999999552965164]}, {'name': 'target_3', 'position': [-0.10000000149011612, 0.10000000149011612, 0.019999999552965164]}], 'mode': 'goal_sequence'}
  Mesa            : 1.1x0.7x0.4 m  offset_x=-0.3
  Robô config     : control=ee  block_gripper=False  base=[-0.6, 0.0, 0.05]
  Scripts         : ['script_1', 'reach_only', 'left_right']
  Juntas ângulos  : [-0.00, +0.93, -0.00, -1.44, +0.00, +2.37, +0.78]
  Juntas veloc.   : [+0.00, +0.05, -0.00, +0.03, +0.00, +0.01, +0.00]
  Cubo rotação    : [+0.000, +0.000, -0.067]  (roll/pitch/yaw)
  Cubo vel.linear : [-0.000, +0.000, +0.000]
────────────────────────────────────────────
 Ep  1 | Step  46
────────────────────────────────────────────
  Task            : PICK_AND_PLACE
  Action          : [+0.025, +0.000, -0.054, +1.000]
  EE posição      : [+0.118, -0.002, +0.022]
  EE velocidade   : [+0.003, +0.000, -0.018]
  Garra           : 0.080 m  (ABERTA)
  Cubo posição    : [+0.124, -0.002, +0.020]
  Target (target_1): [+0.150, +0.100, +0.020]
  Dist EE→Cubo    : 0.0062 m
  Dist Cubo→target_1: 0.1054 m
  Reward          : -0.1054
  Sucesso         : False
  Obstáculo caminho: nao  (count: 0)
  Obstáculo [obstacle_1]: tipo=box  massa=0.0 kg  tamanho=[0.02, 0.3, 0.02]
  Objeto [object_1]: tipo=box  massa=1.0 kg  tamanho=[0.04, 0.04, 0.04]
  Target goal     : {'type': 'goal_sequence', 'targets': [{'name': 'target', 'position': [0.15000000596046448, 0.0, 0.019999999552965164]}, {'name': 'target_1', 'position': [0.15000000596046448, 0.10000000149011612, 0.019999999552965164]}, {'name': 'target_2', 'position': [-0.10000000149011612, 0.0, 0.019999999552965164]}, {'name': 'target_3', 'position': [-0.10000000149011612, 0.10000000149011612, 0.019999999552965164]}], 'mode': 'goal_sequence'}
  Mesa            : 1.1x0.7x0.4 m  offset_x=-0.3
  Robô config     : control=ee  block_gripper=False  base=[-0.6, 0.0, 0.05]
  Scripts         : ['script_1', 'reach_only', 'left_right']
  Juntas ângulos  : [-0.00, +0.94, -0.00, -1.43, +0.00, +2.38, +0.78]
  Juntas veloc.   : [+0.00, +0.05, -0.00, +0.03, +0.00, +0.01, +0.00]
  Cubo rotação    : [+0.000, +0.000, -0.067]  (roll/pitch/yaw)
  Cubo vel.linear : [-0.000, +0.000, +0.000]
────────────────────────────────────────────
 Ep  1 | Step  47
────────────────────────────────────────────
  Task            : PICK_AND_PLACE
  Action          : [+0.028, +0.000, -0.053, +1.000]
  EE posição      : [+0.118, -0.002, +0.019]
  EE velocidade   : [+0.003, +0.000, -0.017]
  Garra           : 0.080 m  (ABERTA)
  Cubo posição    : [+0.124, -0.002, +0.020]
  Target (target_1): [+0.150, +0.100, +0.020]
  Dist EE→Cubo    : 0.0056 m
  Dist Cubo→target_1: 0.1054 m
  Reward          : -0.1054
  Sucesso         : False
  Obstáculo caminho: nao  (count: 0)
  Obstáculo [obstacle_1]: tipo=box  massa=0.0 kg  tamanho=[0.02, 0.3, 0.02]
  Objeto [object_1]: tipo=box  massa=1.0 kg  tamanho=[0.04, 0.04, 0.04]
  Target goal     : {'type': 'goal_sequence', 'targets': [{'name': 'target', 'position': [0.15000000596046448, 0.0, 0.019999999552965164]}, {'name': 'target_1', 'position': [0.15000000596046448, 0.10000000149011612, 0.019999999552965164]}, {'name': 'target_2', 'position': [-0.10000000149011612, 0.0, 0.019999999552965164]}, {'name': 'target_3', 'position': [-0.10000000149011612, 0.10000000149011612, 0.019999999552965164]}], 'mode': 'goal_sequence'}
  Mesa            : 1.1x0.7x0.4 m  offset_x=-0.3
  Robô config     : control=ee  block_gripper=False  base=[-0.6, 0.0, 0.05]
  Scripts         : ['script_1', 'reach_only', 'left_right']
  Juntas ângulos  : [-0.00, +0.95, -0.00, -1.43, +0.00, +2.38, +0.78]
  Juntas veloc.   : [+0.00, +0.05, -0.00, +0.04, +0.00, +0.01, +0.00]
  Cubo rotação    : [+0.000, +0.000, -0.067]  (roll/pitch/yaw)
  Cubo vel.linear : [-0.000, +0.000, +0.000]
────────────────────────────────────────────
 Ep  1 | Step  48
────────────────────────────────────────────
  Task            : PICK_AND_PLACE
  Action          : [+0.031, +0.000, -0.052, +1.000]
  EE posição      : [+0.119, -0.002, +0.017]
  EE velocidade   : [+0.003, +0.000, -0.017]
  Garra           : 0.080 m  (ABERTA)
  Cubo posição    : [+0.124, -0.002, +0.020]
  Target (target_1): [+0.150, +0.100, +0.020]
  Dist EE→Cubo    : 0.0057 m
  Dist Cubo→target_1: 0.1054 m
  Reward          : -0.1054
  Sucesso         : False
  Obstáculo caminho: nao  (count: 0)
  Obstáculo [obstacle_1]: tipo=box  massa=0.0 kg  tamanho=[0.02, 0.3, 0.02]
  Objeto [object_1]: tipo=box  massa=1.0 kg  tamanho=[0.04, 0.04, 0.04]
  Target goal     : {'type': 'goal_sequence', 'targets': [{'name': 'target', 'position': [0.15000000596046448, 0.0, 0.019999999552965164]}, {'name': 'target_1', 'position': [0.15000000596046448, 0.10000000149011612, 0.019999999552965164]}, {'name': 'target_2', 'position': [-0.10000000149011612, 0.0, 0.019999999552965164]}, {'name': 'target_3', 'position': [-0.10000000149011612, 0.10000000149011612, 0.019999999552965164]}], 'mode': 'goal_sequence'}
  Mesa            : 1.1x0.7x0.4 m  offset_x=-0.3
  Robô config     : control=ee  block_gripper=False  base=[-0.6, 0.0, 0.05]
  Scripts         : ['script_1', 'reach_only', 'left_right']
  Juntas ângulos  : [-0.00, +0.95, -0.00, -1.43, +0.00, +2.38, +0.78]
  Juntas veloc.   : [+0.00, +0.05, -0.00, +0.04, +0.00, +0.01, +0.00]
  Cubo rotação    : [+0.000, +0.000, -0.067]  (roll/pitch/yaw)
  Cubo vel.linear : [-0.000, +0.000, +0.000]
────────────────────────────────────────────
 Ep  1 | Step  49
────────────────────────────────────────────
  Task            : PICK_AND_PLACE
  Action          : [+0.034, +0.000, -0.049, +1.000]
  EE posição      : [+0.119, -0.002, +0.015]
  EE velocidade   : [+0.004, +0.000, -0.016]
  Garra           : 0.080 m  (ABERTA)
  Cubo posição    : [+0.124, -0.002, +0.020]
  Target (target_1): [+0.150, +0.100, +0.020]
  Dist EE→Cubo    : 0.0065 m
  Dist Cubo→target_1: 0.1054 m
  Reward          : -0.1054
  Sucesso         : False
  Obstáculo caminho: nao  (count: 0)
  Obstáculo [obstacle_1]: tipo=box  massa=0.0 kg  tamanho=[0.02, 0.3, 0.02]
  Objeto [object_1]: tipo=box  massa=1.0 kg  tamanho=[0.04, 0.04, 0.04]
  Target goal     : {'type': 'goal_sequence', 'targets': [{'name': 'target', 'position': [0.15000000596046448, 0.0, 0.019999999552965164]}, {'name': 'target_1', 'position': [0.15000000596046448, 0.10000000149011612, 0.019999999552965164]}, {'name': 'target_2', 'position': [-0.10000000149011612, 0.0, 0.019999999552965164]}, {'name': 'target_3', 'position': [-0.10000000149011612, 0.10000000149011612, 0.019999999552965164]}], 'mode': 'goal_sequence'}
  Mesa            : 1.1x0.7x0.4 m  offset_x=-0.3
  Robô config     : control=ee  block_gripper=False  base=[-0.6, 0.0, 0.05]
  Scripts         : ['script_1', 'reach_only', 'left_right']
  Juntas ângulos  : [-0.00, +0.96, -0.00, -1.42, +0.00, +2.38, +0.78]
  Juntas veloc.   : [+0.00, +0.05, -0.00, +0.04, +0.00, +0.00, +0.00]
  Cubo rotação    : [+0.000, +0.000, -0.067]  (roll/pitch/yaw)
  Cubo vel.linear : [-0.000, +0.000, +0.000]
────────────────────────────────────────────
 Ep  1 | Step  50
────────────────────────────────────────────
  Task            : PICK_AND_PLACE
  Action          : [+0.038, +0.000, -0.046, +1.000]
  EE posição      : [+0.120, -0.002, +0.014]
  EE velocidade   : [+0.005, +0.000, -0.014]
  Garra           : 0.080 m  (ABERTA)
  Cubo posição    : [+0.124, -0.002, +0.020]
  Target (target_1): [+0.150, +0.100, +0.020]
  Dist EE→Cubo    : 0.0075 m
  Dist Cubo→target_1: 0.1054 m
  Reward          : -0.1054
  Sucesso         : False
  Obstáculo caminho: nao  (count: 0)
  Obstáculo [obstacle_1]: tipo=box  massa=0.0 kg  tamanho=[0.02, 0.3, 0.02]
  Objeto [object_1]: tipo=box  massa=1.0 kg  tamanho=[0.04, 0.04, 0.04]
  Target goal     : {'type': 'goal_sequence', 'targets': [{'name': 'target', 'position': [0.15000000596046448, 0.0, 0.019999999552965164]}, {'name': 'target_1', 'position': [0.15000000596046448, 0.10000000149011612, 0.019999999552965164]}, {'name': 'target_2', 'position': [-0.10000000149011612, 0.0, 0.019999999552965164]}, {'name': 'target_3', 'position': [-0.10000000149011612, 0.10000000149011612, 0.019999999552965164]}], 'mode': 'goal_sequence'}
  Mesa            : 1.1x0.7x0.4 m  offset_x=-0.3
  Robô config     : control=ee  block_gripper=False  base=[-0.6, 0.0, 0.05]
  Scripts         : ['script_1', 'reach_only', 'left_right']
  Juntas ângulos  : [-0.00, +0.96, -0.00, -1.41, +0.00, +2.38, +0.78]
  Juntas veloc.   : [+0.00, +0.05, -0.00, +0.05, +0.00, -0.00, +0.00]
  Cubo rotação    : [+0.000, +0.000, -0.067]  (roll/pitch/yaw)
  Cubo vel.linear : [-0.000, +0.000, +0.000]
────────────────────────────────────────────
 Ep  1 | Step  51
────────────────────────────────────────────
  Task            : PICK_AND_PLACE
  Action          : [+0.044, +0.000, -0.041, -1.000]
  EE posição      : [+0.121, -0.002, +0.012]
  EE velocidade   : [+0.006, -0.000, -0.013]
  Garra           : 0.035 m  (AGARRADA)
  Cubo posição    : [+0.124, -0.002, +0.020]
  Target (target_1): [+0.150, +0.100, +0.020]
  Dist EE→Cubo    : 0.0086 m
  Dist Cubo→target_1: 0.1057 m
  Reward          : -0.1057
  Sucesso         : False
  Obstáculo caminho: nao  (count: 0)
  Obstáculo [obstacle_1]: tipo=box  massa=0.0 kg  tamanho=[0.02, 0.3, 0.02]
  Objeto [object_1]: tipo=box  massa=1.0 kg  tamanho=[0.04, 0.04, 0.04]
  Target goal     : {'type': 'goal_sequence', 'targets': [{'name': 'target', 'position': [0.15000000596046448, 0.0, 0.019999999552965164]}, {'name': 'target_1', 'position': [0.15000000596046448, 0.10000000149011612, 0.019999999552965164]}, {'name': 'target_2', 'position': [-0.10000000149011612, 0.0, 0.019999999552965164]}, {'name': 'target_3', 'position': [-0.10000000149011612, 0.10000000149011612, 0.019999999552965164]}], 'mode': 'goal_sequence'}
  Mesa            : 1.1x0.7x0.4 m  offset_x=-0.3
  Robô config     : control=ee  block_gripper=False  base=[-0.6, 0.0, 0.05]
  Scripts         : ['script_1', 'reach_only', 'left_right']
  Juntas ângulos  : [-0.00, +0.97, -0.00, -1.41, +0.00, +2.38, +0.78]
  Juntas veloc.   : [+0.00, +0.05, -0.00, +0.05, +0.00, -0.01, +0.00]
  Cubo rotação    : [+0.002, -0.001, -0.010]  (roll/pitch/yaw)
  Cubo vel.linear : [+0.001, +0.007, -0.017]
────────────────────────────────────────────
 Ep  1 | Step  52
────────────────────────────────────────────
  Task            : PICK_AND_PLACE
  Action          : [-0.008, -0.000, +1.000, -1.000]
  EE posição      : [+0.109, -0.002, +0.019]
  EE velocidade   : [+0.061, +0.002, +0.417]
  Garra           : 0.031 m  (AGARRADA)
  Cubo posição    : [+0.119, -0.003, +0.025]
  Target (target_1): [+0.150, +0.100, +0.020]
  Dist EE→Cubo    : 0.0116 m
  Dist Cubo→target_1: 0.1078 m
  Reward          : -0.1078
  Sucesso         : False
  Obstáculo caminho: SIM  (count: 1)
  Obstáculo [obstacle_1]: tipo=box  massa=0.0 kg  tamanho=[0.02, 0.3, 0.02]
  Objeto [object_1]: tipo=box  massa=1.0 kg  tamanho=[0.04, 0.04, 0.04]
  Target goal     : {'type': 'goal_sequence', 'targets': [{'name': 'target', 'position': [0.15000000596046448, 0.0, 0.019999999552965164]}, {'name': 'target_1', 'position': [0.15000000596046448, 0.10000000149011612, 0.019999999552965164]}, {'name': 'target_2', 'position': [-0.10000000149011612, 0.0, 0.019999999552965164]}, {'name': 'target_3', 'position': [-0.10000000149011612, 0.10000000149011612, 0.019999999552965164]}], 'mode': 'goal_sequence'}
  Mesa            : 1.1x0.7x0.4 m  offset_x=-0.3
  Robô config     : control=ee  block_gripper=False  base=[-0.6, 0.0, 0.05]
  Scripts         : ['script_1', 'reach_only', 'left_right']
  Juntas ângulos  : [-0.00, +0.94, -0.00, -1.42, -0.00, +2.32, +0.78]
  Juntas veloc.   : [-0.00, -0.72, -0.00, -0.14, +0.02, -0.47, -0.00]
  Cubo rotação    : [+0.016, +0.097, -0.002]  (roll/pitch/yaw)
  Cubo vel.linear : [+0.048, -0.024, +0.306]
────────────────────────────────────────────
 Ep  1 | Step  53
────────────────────────────────────────────
  Task            : PICK_AND_PLACE
  Action          : [+0.114, +0.000, +0.993, -1.000]
  EE posição      : [+0.111, -0.002, +0.039]
  EE velocidade   : [+0.221, -0.001, +0.665]
  Garra           : 0.034 m  (AGARRADA)
  Cubo posição    : [+0.123, -0.004, +0.044]
  Target (target_1): [+0.150, +0.100, +0.020]
  Dist EE→Cubo    : 0.0132 m
  Dist Cubo→target_1: 0.1098 m
  Reward          : -0.1098
  Sucesso         : False
  Obstáculo caminho: nao  (count: 0)
  Obstáculo [obstacle_1]: tipo=box  massa=0.0 kg  tamanho=[0.02, 0.3, 0.02]
  Objeto [object_1]: tipo=box  massa=1.0 kg  tamanho=[0.04, 0.04, 0.04]
  Target goal     : {'type': 'goal_sequence', 'targets': [{'name': 'target', 'position': [0.15000000596046448, 0.0, 0.019999999552965164]}, {'name': 'target_1', 'position': [0.15000000596046448, 0.10000000149011612, 0.019999999552965164]}, {'name': 'target_2', 'position': [-0.10000000149011612, 0.0, 0.019999999552965164]}, {'name': 'target_3', 'position': [-0.10000000149011612, 0.10000000149011612, 0.019999999552965164]}], 'mode': 'goal_sequence'}
  Mesa            : 1.1x0.7x0.4 m  offset_x=-0.3
  Robô config     : control=ee  block_gripper=False  base=[-0.6, 0.0, 0.05]
  Scripts         : ['script_1', 'reach_only', 'left_right']
  Juntas ângulos  : [-0.00, +0.90, +0.00, -1.44, -0.00, +2.31, +0.78]
  Juntas veloc.   : [-0.00, -1.03, +0.00, -0.15, +0.00, -0.08, +0.00]
  Cubo rotação    : [+0.005, +0.103, -0.003]  (roll/pitch/yaw)
  Cubo vel.linear : [+0.216, -0.015, +0.675]
────────────────────────────────────────────
 Ep  1 | Step  54
────────────────────────────────────────────
  Task            : PICK_AND_PLACE
  Action          : [+0.119, -0.000, +0.993, -1.000]
  EE posição      : [+0.116, -0.002, +0.072]
  EE velocidade   : [+0.262, -0.000, +0.873]
  Garra           : 0.030 m  (AGARRADA)
  Cubo posição    : [+0.129, -0.004, +0.074]
  Target (target_1): [+0.150, +0.100, +0.020]
  Dist EE→Cubo    : 0.0133 m
  Dist Cubo→target_1: 0.1194 m
  Reward          : -0.1194
  Sucesso         : False
  Obstáculo caminho: nao  (count: 0)
  Obstáculo [obstacle_1]: tipo=box  massa=0.0 kg  tamanho=[0.02, 0.3, 0.02]
  Objeto [object_1]: tipo=box  massa=1.0 kg  tamanho=[0.04, 0.04, 0.04]
  Target goal     : {'type': 'goal_sequence', 'targets': [{'name': 'target', 'position': [0.15000000596046448, 0.0, 0.019999999552965164]}, {'name': 'target_1', 'position': [0.15000000596046448, 0.10000000149011612, 0.019999999552965164]}, {'name': 'target_2', 'position': [-0.10000000149011612, 0.0, 0.019999999552965164]}, {'name': 'target_3', 'position': [-0.10000000149011612, 0.10000000149011612, 0.019999999552965164]}], 'mode': 'goal_sequence'}
  Mesa            : 1.1x0.7x0.4 m  offset_x=-0.3
  Robô config     : control=ee  block_gripper=False  base=[-0.6, 0.0, 0.05]
  Scripts         : ['script_1', 'reach_only', 'left_right']
  Juntas ângulos  : [-0.00, +0.85, +0.00, -1.45, -0.00, +2.28, +0.78]
  Juntas veloc.   : [-0.00, -1.29, +0.00, -0.08, +0.00, -0.19, +0.00]
  Cubo rotação    : [+0.011, +0.088, +0.025]  (roll/pitch/yaw)
  Cubo vel.linear : [+0.314, -0.037, +0.879]
────────────────────────────────────────────
 Ep  1 | Step  55
────────────────────────────────────────────
  Task            : PICK_AND_PLACE
  Action          : [+0.087, -0.000, +0.996, -1.000]
  EE posição      : [+0.120, -0.002, +0.110]
  EE velocidade   : [+0.154, -0.000, +0.727]
  Garra           : 0.031 m  (AGARRADA)
  Cubo posição    : [+0.136, -0.005, +0.109]
  Target (target_1): [+0.150, +0.100, +0.020]
  Dist EE→Cubo    : 0.0158 m
  Dist Cubo→target_1: 0.1386 m
  Reward          : -0.1386
  Sucesso         : False
  Obstáculo caminho: nao  (count: 0)
  Obstáculo [obstacle_1]: tipo=box  massa=0.0 kg  tamanho=[0.02, 0.3, 0.02]
  Objeto [object_1]: tipo=box  massa=1.0 kg  tamanho=[0.04, 0.04, 0.04]
  Target goal     : {'type': 'goal_sequence', 'targets': [{'name': 'target', 'position': [0.15000000596046448, 0.0, 0.019999999552965164]}, {'name': 'target_1', 'position': [0.15000000596046448, 0.10000000149011612, 0.019999999552965164]}, {'name': 'target_2', 'position': [-0.10000000149011612, 0.0, 0.019999999552965164]}, {'name': 'target_3', 'position': [-0.10000000149011612, 0.10000000149011612, 0.019999999552965164]}], 'mode': 'goal_sequence'}
  Mesa            : 1.1x0.7x0.4 m  offset_x=-0.3
  Robô config     : control=ee  block_gripper=False  base=[-0.6, 0.0, 0.05]
  Scripts         : ['script_1', 'reach_only', 'left_right']
  Juntas ângulos  : [-0.00, +0.79, +0.00, -1.45, -0.00, +2.23, +0.78]
  Juntas veloc.   : [+0.00, -1.06, +0.00, -0.01, +0.00, -0.37, +0.00]
  Cubo rotação    : [+0.009, +0.090, -0.010]  (roll/pitch/yaw)
  Cubo vel.linear : [+0.151, -0.014, +0.756]
────────────────────────────────────────────
 Ep  1 | Step  56
────────────────────────────────────────────
  Task            : PICK_AND_PLACE
  Action          : [-0.053, -0.001, +0.999, -1.000]
  EE posição      : [+0.117, -0.002, +0.143]
  EE velocidade   : [+0.136, -0.000, +0.887]
  Garra           : 0.034 m  (AGARRADA)
  Cubo posição    : [+0.136, -0.005, +0.143]
  Target (target_1): [+0.150, +0.100, +0.020]
  Dist EE→Cubo    : 0.0187 m
  Dist Cubo→target_1: 0.1624 m
  Reward          : -0.1624
  Sucesso         : False
  Obstáculo caminho: nao  (count: 0)
  Obstáculo [obstacle_1]: tipo=box  massa=0.0 kg  tamanho=[0.02, 0.3, 0.02]
  Objeto [object_1]: tipo=box  massa=1.0 kg  tamanho=[0.04, 0.04, 0.04]
  Target goal     : {'type': 'goal_sequence', 'targets': [{'name': 'target', 'position': [0.15000000596046448, 0.0, 0.019999999552965164]}, {'name': 'target_1', 'position': [0.15000000596046448, 0.10000000149011612, 0.019999999552965164]}, {'name': 'target_2', 'position': [-0.10000000149011612, 0.0, 0.019999999552965164]}, {'name': 'target_3', 'position': [-0.10000000149011612, 0.10000000149011612, 0.019999999552965164]}], 'mode': 'goal_sequence'}
  Mesa            : 1.1x0.7x0.4 m  offset_x=-0.3
  Robô config     : control=ee  block_gripper=False  base=[-0.6, 0.0, 0.05]
  Scripts         : ['script_1', 'reach_only', 'left_right']
  Juntas ângulos  : [-0.00, +0.73, +0.00, -1.46, -0.00, +2.18, +0.78]
  Juntas veloc.   : [-0.00, -1.32, +0.00, -0.06, +0.00, -0.43, -0.00]
  Cubo rotação    : [+0.002, +0.119, +0.007]  (roll/pitch/yaw)
  Cubo vel.linear : [+0.144, -0.013, +0.923]
────────────────────────────────────────────
 Ep  1 | Step  57
────────────────────────────────────────────
  Task            : PICK_AND_PLACE
  Action          : [+0.290, +0.910, -0.297, -1.000]
  EE posição      : [+0.133, +0.017, +0.158]
  EE velocidade   : [-0.005, +0.897, -0.364]
  Garra           : 0.031 m  (AGARRADA)
  Cubo posição    : [+0.152, +0.004, +0.163]
  Target (target_1): [+0.150, +0.100, +0.020]
  Dist EE→Cubo    : 0.0235 m
  Dist Cubo→target_1: 0.1725 m
  Reward          : -0.1725
  Sucesso         : False
  Obstáculo caminho: nao  (count: 0)
  Obstáculo [obstacle_1]: tipo=box  massa=0.0 kg  tamanho=[0.02, 0.3, 0.02]
  Objeto [object_1]: tipo=box  massa=1.0 kg  tamanho=[0.04, 0.04, 0.04]
  Target goal     : {'type': 'goal_sequence', 'targets': [{'name': 'target', 'position': [0.15000000596046448, 0.0, 0.019999999552965164]}, {'name': 'target_1', 'position': [0.15000000596046448, 0.10000000149011612, 0.019999999552965164]}, {'name': 'target_2', 'position': [-0.10000000149011612, 0.0, 0.019999999552965164]}, {'name': 'target_3', 'position': [-0.10000000149011612, 0.10000000149011612, 0.019999999552965164]}], 'mode': 'goal_sequence'}
  Mesa            : 1.1x0.7x0.4 m  offset_x=-0.3
  Robô config     : control=ee  block_gripper=False  base=[-0.6, 0.0, 0.05]
  Scripts         : ['script_1', 'reach_only', 'left_right']
  Juntas ângulos  : [+0.02, +0.73, +0.01, -1.43, -0.01, +2.20, +0.84]
  Juntas veloc.   : [+1.18, +0.70, +0.05, +0.28, -0.05, +0.18, +0.44]
  Cubo rotação    : [+0.061, +0.045, -0.054]  (roll/pitch/yaw)
  Cubo vel.linear : [+0.170, +0.644, -0.075]
────────────────────────────────────────────
 Ep  1 | Step  58
────────────────────────────────────────────
  Task            : PICK_AND_PLACE
  Action          : [+0.174, +0.853, -0.492, -1.000]
  EE posição      : [+0.131, +0.055, +0.133]
  EE velocidade   : [-0.158, +0.532, -0.615]
  Garra           : 0.033 m  (AGARRADA)
  Cubo posição    : [+0.153, +0.050, +0.139]
  Target (target_1): [+0.150, +0.100, +0.020]
  Dist EE→Cubo    : 0.0233 m
  Dist Cubo→target_1: 0.1296 m
  Reward          : -0.1296
  Sucesso         : False
  Obstáculo caminho: nao  (count: 0)
  Obstáculo [obstacle_1]: tipo=box  massa=0.0 kg  tamanho=[0.02, 0.3, 0.02]
  Objeto [object_1]: tipo=box  massa=1.0 kg  tamanho=[0.04, 0.04, 0.04]
  Target goal     : {'type': 'goal_sequence', 'targets': [{'name': 'target', 'position': [0.15000000596046448, 0.0, 0.019999999552965164]}, {'name': 'target_1', 'position': [0.15000000596046448, 0.10000000149011612, 0.019999999552965164]}, {'name': 'target_2', 'position': [-0.10000000149011612, 0.0, 0.019999999552965164]}, {'name': 'target_3', 'position': [-0.10000000149011612, 0.10000000149011612, 0.019999999552965164]}], 'mode': 'goal_sequence'}
  Mesa            : 1.1x0.7x0.4 m  offset_x=-0.3
  Robô config     : control=ee  block_gripper=False  base=[-0.6, 0.0, 0.05]
  Scripts         : ['script_1', 'reach_only', 'left_right']
  Juntas ângulos  : [+0.06, +0.79, +0.02, -1.39, -0.01, +2.18, +0.87]
  Juntas veloc.   : [+0.68, +1.02, +0.08, +0.32, -0.07, -0.14, +0.23]
  Cubo rotação    : [+0.001, +0.078, -0.029]  (roll/pitch/yaw)
  Cubo vel.linear : [-0.128, +1.214, -0.663]
────────────────────────────────────────────
 Ep  1 | Step  59
────────────────────────────────────────────
  Task            : PICK_AND_PLACE
  Action          : [+0.347, +0.835, -0.428, -1.000]
  EE posição      : [+0.134, +0.088, +0.106]
  EE velocidade   : [-0.148, +0.586, -0.625]
  Garra           : 0.036 m  (AGARRADA)
  Cubo posição    : [+0.155, +0.098, +0.111]
  Target (target_1): [+0.150, +0.100, +0.020]
  Dist EE→Cubo    : 0.0240 m
  Dist Cubo→target_1: 0.0915 m
  Reward          : -0.0915
  Sucesso         : False
  Obstáculo caminho: nao  (count: 0)
  Obstáculo [obstacle_1]: tipo=box  massa=0.0 kg  tamanho=[0.02, 0.3, 0.02]
  Objeto [object_1]: tipo=box  massa=1.0 kg  tamanho=[0.04, 0.04, 0.04]
  Target goal     : {'type': 'goal_sequence', 'targets': [{'name': 'target', 'position': [0.15000000596046448, 0.0, 0.019999999552965164]}, {'name': 'target_1', 'position': [0.15000000596046448, 0.10000000149011612, 0.019999999552965164]}, {'name': 'target_2', 'position': [-0.10000000149011612, 0.0, 0.019999999552965164]}, {'name': 'target_3', 'position': [-0.10000000149011612, 0.10000000149011612, 0.019999999552965164]}], 'mode': 'goal_sequence'}
  Mesa            : 1.1x0.7x0.4 m  offset_x=-0.3
  Robô config     : control=ee  block_gripper=False  base=[-0.6, 0.0, 0.05]
  Scripts         : ['script_1', 'reach_only', 'left_right']
  Juntas ângulos  : [+0.11, +0.86, +0.02, -1.34, -0.02, +2.19, +0.92]
  Juntas veloc.   : [+0.78, +1.13, +0.04, +0.46, -0.04, +0.04, +0.36]
  Cubo rotação    : [+0.006, +0.106, +0.007]  (roll/pitch/yaw)
  Cubo vel.linear : [-0.148, +1.180, -0.639]
────────────────────────────────────────────
 Ep  1 | Step  60
────────────────────────────────────────────
  Task            : PICK_AND_PLACE
  Action          : [+0.800, +0.571, +0.183, -1.000]
  EE posição      : [+0.138, +0.112, +0.087]
  EE velocidade   : [-0.017, +0.217, -0.415]
  Garra           : 0.037 m  (AGARRADA)
  Cubo posição    : [+0.158, +0.130, +0.090]
  Target (target_1): [+0.150, +0.100, +0.020]
  Dist EE→Cubo    : 0.0271 m
  Dist Cubo→target_1: 0.0769 m
  Reward          : -0.0769
  Sucesso         : False
  Obstáculo caminho: nao  (count: 0)
  Obstáculo [obstacle_1]: tipo=box  massa=0.0 kg  tamanho=[0.02, 0.3, 0.02]
  Objeto [object_1]: tipo=box  massa=1.0 kg  tamanho=[0.04, 0.04, 0.04]
  Target goal     : {'type': 'goal_sequence', 'targets': [{'name': 'target', 'position': [0.15000000596046448, 0.0, 0.019999999552965164]}, {'name': 'target_1', 'position': [0.15000000596046448, 0.10000000149011612, 0.019999999552965164]}, {'name': 'target_2', 'position': [-0.10000000149011612, 0.0, 0.019999999552965164]}, {'name': 'target_3', 'position': [-0.10000000149011612, 0.10000000149011612, 0.019999999552965164]}], 'mode': 'goal_sequence'}
  Mesa            : 1.1x0.7x0.4 m  offset_x=-0.3
  Robô config     : control=ee  block_gripper=False  base=[-0.6, 0.0, 0.05]
  Scripts         : ['script_1', 'reach_only', 'left_right']
  Juntas ângulos  : [+0.13, +0.94, +0.02, -1.24, -0.02, +2.14, +0.94]
  Juntas veloc.   : [+0.29, +1.10, +0.02, +0.98, -0.02, -0.34, +0.19]
  Cubo rotação    : [-0.005, +0.132, +0.011]  (roll/pitch/yaw)
  Cubo vel.linear : [-0.013, +0.285, -0.447]
────────────────────────────────────────────
 Ep  1 | Step  61
────────────────────────────────────────────
  Task            : PICK_AND_PLACE
  Action          : [+0.408, -0.415, +0.813, -1.000]
  EE posição      : [+0.136, +0.105, +0.074]
  EE velocidade   : [+0.018, -0.556, -0.180]
  Garra           : 0.039 m  (AGARRADA)
  Cubo posição    : [+0.156, +0.124, +0.078]
  Target (target_1): [+0.150, +0.100, +0.020]
  Dist EE→Cubo    : 0.0276 m
  Dist Cubo→target_1: 0.0627 m
  Reward          : -0.0627
  Sucesso         : False
  Obstáculo caminho: nao  (count: 0)
  Obstáculo [obstacle_1]: tipo=box  massa=0.0 kg  tamanho=[0.02, 0.3, 0.02]
  Objeto [object_1]: tipo=box  massa=1.0 kg  tamanho=[0.04, 0.04, 0.04]
  Target goal     : {'type': 'goal_sequence', 'targets': [{'name': 'target', 'position': [0.15000000596046448, 0.0, 0.019999999552965164]}, {'name': 'target_1', 'position': [0.15000000596046448, 0.10000000149011612, 0.019999999552965164]}, {'name': 'target_2', 'position': [-0.10000000149011612, 0.0, 0.019999999552965164]}, {'name': 'target_3', 'position': [-0.10000000149011612, 0.10000000149011612, 0.019999999552965164]}], 'mode': 'goal_sequence'}
  Mesa            : 1.1x0.7x0.4 m  offset_x=-0.3
  Robô config     : control=ee  block_gripper=False  base=[-0.6, 0.0, 0.05]
  Scripts         : ['script_1', 'reach_only', 'left_right']
  Juntas ângulos  : [+0.13, +0.97, +0.02, -1.21, -0.02, +2.11, +0.92]
  Juntas veloc.   : [-0.73, +0.35, -0.02, +0.22, +0.02, -0.24, -0.19]
  Cubo rotação    : [-0.009, +0.168, +0.019]  (roll/pitch/yaw)
  Cubo vel.linear : [+0.031, -0.541, -0.188]
────────────────────────────────────────────
 Ep  1 | Step  62
────────────────────────────────────────────
  Task            : PICK_AND_PLACE
  Action          : [+0.367, -0.132, +0.921, -1.000]
  EE posição      : [+0.140, +0.097, +0.073]
  EE velocidade   : [+0.064, -0.026, +0.095]
  Garra           : 0.040 m  (AGARRADA)
  Cubo posição    : [+0.160, +0.102, +0.077]
  Target (target_1): [+0.150, +0.100, +0.020]
  Dist EE→Cubo    : 0.0214 m
  Dist Cubo→target_1: 0.0581 m
  Reward          : -0.0581
  Sucesso         : False
  Obstáculo caminho: nao  (count: 0)
  Obstáculo [obstacle_1]: tipo=box  massa=0.0 kg  tamanho=[0.02, 0.3, 0.02]
  Objeto [object_1]: tipo=box  massa=1.0 kg  tamanho=[0.04, 0.04, 0.04]
  Target goal     : {'type': 'goal_sequence', 'targets': [{'name': 'target', 'position': [0.15000000596046448, 0.0, 0.019999999552965164]}, {'name': 'target_1', 'position': [0.15000000596046448, 0.10000000149011612, 0.019999999552965164]}, {'name': 'target_2', 'position': [-0.10000000149011612, 0.0, 0.019999999552965164]}, {'name': 'target_3', 'position': [-0.10000000149011612, 0.10000000149011612, 0.019999999552965164]}], 'mode': 'goal_sequence'}
  Mesa            : 1.1x0.7x0.4 m  offset_x=-0.3
  Robô config     : control=ee  block_gripper=False  base=[-0.6, 0.0, 0.05]
  Scripts         : ['script_1', 'reach_only', 'left_right']
  Juntas ângulos  : [+0.12, +0.98, +0.02, -1.19, -0.02, +2.11, +0.92]
  Juntas veloc.   : [-0.03, -0.05, -0.02, +0.14, +0.02, -0.02, +0.04]
  Cubo rotação    : [-0.007, +0.164, +0.001]  (roll/pitch/yaw)
  Cubo vel.linear : [+0.064, -0.531, +0.102]
────────────────────────────────────────────
 Ep  1 | Step  63
────────────────────────────────────────────
  Task            : PICK_AND_PLACE
  Action          : [+0.268, +0.067, +0.961, -1.000]
  EE posição      : [+0.144, +0.099, +0.082]
  EE velocidade   : [+0.127, +0.029, +0.362]
  Garra           : 0.040 m  (AGARRADA)
  Cubo posição    : [+0.164, +0.084, +0.087]
  Target (target_1): [+0.150, +0.100, +0.020]
  Dist EE→Cubo    : 0.0261 m
  Dist Cubo→target_1: 0.0705 m
  Reward          : -0.0705
  Sucesso         : False
  Obstáculo caminho: nao  (count: 0)
  Obstáculo [obstacle_1]: tipo=box  massa=0.0 kg  tamanho=[0.02, 0.3, 0.02]
  Objeto [object_1]: tipo=box  massa=1.0 kg  tamanho=[0.04, 0.04, 0.04]
  Target goal     : {'type': 'goal_sequence', 'targets': [{'name': 'target', 'position': [0.15000000596046448, 0.0, 0.019999999552965164]}, {'name': 'target_1', 'position': [0.15000000596046448, 0.10000000149011612, 0.019999999552965164]}, {'name': 'target_2', 'position': [-0.10000000149011612, 0.0, 0.019999999552965164]}, {'name': 'target_3', 'position': [-0.10000000149011612, 0.10000000149011612, 0.019999999552965164]}], 'mode': 'goal_sequence'}
  Mesa            : 1.1x0.7x0.4 m  offset_x=-0.3
  Robô config     : control=ee  block_gripper=False  base=[-0.6, 0.0, 0.05]
  Scripts         : ['script_1', 'reach_only', 'left_right']
  Juntas ângulos  : [+0.12, +0.97, +0.02, -1.18, -0.02, +2.10, +0.93]
  Juntas veloc.   : [+0.02, -0.44, +0.00, +0.08, -0.00, -0.04, +0.03]
  Cubo rotação    : [+0.000, +0.151, -0.002]  (roll/pitch/yaw)
  Cubo vel.linear : [+0.123, -0.226, +0.368]
────────────────────────────────────────────
 Ep  1 | Step  64
────────────────────────────────────────────
  Task            : PICK_AND_PLACE
  Action          : [+0.216, +0.021, +0.976, -1.000]
  EE posição      : [+0.149, +0.100, +0.102]
  EE velocidade   : [+0.181, +0.021, +0.631]
  Garra           : 0.040 m  (AGARRADA)
  Cubo posição    : [+0.169, +0.080, +0.108]
  Target (target_1): [+0.150, +0.100, +0.020]
  Dist EE→Cubo    : 0.0288 m
  Dist Cubo→target_1: 0.0918 m
  Reward          : -0.0918
  Sucesso         : False
  Obstáculo caminho: nao  (count: 0)
  Obstáculo [obstacle_1]: tipo=box  massa=0.0 kg  tamanho=[0.02, 0.3, 0.02]
  Objeto [object_1]: tipo=box  massa=1.0 kg  tamanho=[0.04, 0.04, 0.04]
  Target goal     : {'type': 'goal_sequence', 'targets': [{'name': 'target', 'position': [0.15000000596046448, 0.0, 0.019999999552965164]}, {'name': 'target_1', 'position': [0.15000000596046448, 0.10000000149011612, 0.019999999552965164]}, {'name': 'target_2', 'position': [-0.10000000149011612, 0.0, 0.019999999552965164]}, {'name': 'target_3', 'position': [-0.10000000149011612, 0.10000000149011612, 0.019999999552965164]}], 'mode': 'goal_sequence'}
  Mesa            : 1.1x0.7x0.4 m  offset_x=-0.3
  Robô config     : control=ee  block_gripper=False  base=[-0.6, 0.0, 0.05]
  Scripts         : ['script_1', 'reach_only', 'left_right']
  Juntas ângulos  : [+0.12, +0.95, +0.02, -1.17, -0.02, +2.09, +0.93]
  Juntas veloc.   : [-0.00, -0.81, +0.00, +0.07, +0.00, -0.13, -0.00]
  Cubo rotação    : [+0.004, +0.135, -0.001]  (roll/pitch/yaw)
  Cubo vel.linear : [+0.178, -0.009, +0.645]
────────────────────────────────────────────
 Ep  1 | Step  65
────────────────────────────────────────────
  Task            : PICK_AND_PLACE
  Action          : [+0.145, +0.020, +0.989, -1.000]
  EE posição      : [+0.153, +0.101, +0.132]
  EE velocidade   : [+0.204, +0.026, +0.907]
  Garra           : 0.040 m  (AGARRADA)
  Cubo posição    : [+0.174, +0.081, +0.139]
  Target (target_1): [+0.150, +0.100, +0.020]
  Dist EE→Cubo    : 0.0294 m
  Dist Cubo→target_1: 0.1225 m
  Reward          : -0.1225
  Sucesso         : False
  Obstáculo caminho: nao  (count: 0)
  Obstáculo [obstacle_1]: tipo=box  massa=0.0 kg  tamanho=[0.02, 0.3, 0.02]
  Objeto [object_1]: tipo=box  massa=1.0 kg  tamanho=[0.04, 0.04, 0.04]
  Target goal     : {'type': 'goal_sequence', 'targets': [{'name': 'target', 'position': [0.15000000596046448, 0.0, 0.019999999552965164]}, {'name': 'target_1', 'position': [0.15000000596046448, 0.10000000149011612, 0.019999999552965164]}, {'name': 'target_2', 'position': [-0.10000000149011612, 0.0, 0.019999999552965164]}, {'name': 'target_3', 'position': [-0.10000000149011612, 0.10000000149011612, 0.019999999552965164]}], 'mode': 'goal_sequence'}
  Mesa            : 1.1x0.7x0.4 m  offset_x=-0.3
  Robô config     : control=ee  block_gripper=False  base=[-0.6, 0.0, 0.05]
  Scripts         : ['script_1', 'reach_only', 'left_right']
  Juntas ângulos  : [+0.12, +0.91, +0.02, -1.16, -0.02, +2.06, +0.93]
  Juntas veloc.   : [-0.00, -1.18, +0.00, +0.06, +0.00, -0.24, +0.00]
  Cubo rotação    : [+0.003, +0.121, -0.005]  (roll/pitch/yaw)
  Cubo vel.linear : [+0.200, +0.022, +0.925]
────────────────────────────────────────────
 Ep  1 | Step  66
────────────────────────────────────────────
  Task            : PICK_AND_PLACE
  Action          : [-0.026, -0.004, -1.000, -1.000]
  EE posição      : [+0.171, +0.103, +0.147]
  EE velocidade   : [+0.032, +0.004, -0.326]
  Garra           : 0.034 m  (AGARRADA)
  Cubo posição    : [+0.190, +0.093, +0.157]
  Target (target_1): [+0.150, +0.100, +0.020]
  Dist EE→Cubo    : 0.0232 m
  Dist Cubo→target_1: 0.1426 m
  Reward          : -0.1426
  Sucesso         : False
  Obstáculo caminho: nao  (count: 0)
  Obstáculo [obstacle_1]: tipo=box  massa=0.0 kg  tamanho=[0.02, 0.3, 0.02]
  Objeto [object_1]: tipo=box  massa=1.0 kg  tamanho=[0.04, 0.04, 0.04]
  Target goal     : {'type': 'goal_sequence', 'targets': [{'name': 'target', 'position': [0.15000000596046448, 0.0, 0.019999999552965164]}, {'name': 'target_1', 'position': [0.15000000596046448, 0.10000000149011612, 0.019999999552965164]}, {'name': 'target_2', 'position': [-0.10000000149011612, 0.0, 0.019999999552965164]}, {'name': 'target_3', 'position': [-0.10000000149011612, 0.10000000149011612, 0.019999999552965164]}], 'mode': 'goal_sequence'}
  Mesa            : 1.1x0.7x0.4 m  offset_x=-0.3
  Robô config     : control=ee  block_gripper=False  base=[-0.6, 0.0, 0.05]
  Scripts         : ['script_1', 'reach_only', 'left_right']
  Juntas ângulos  : [+0.12, +0.90, +0.02, -1.17, -0.02, +2.15, +0.93]
  Juntas veloc.   : [+0.00, +0.46, -0.01, -0.08, -0.01, +0.70, +0.00]
  Cubo rotação    : [-0.011, +0.010, +0.020]  (roll/pitch/yaw)
  Cubo vel.linear : [+0.171, +0.343, -0.169]
────────────────────────────────────────────
 Ep  1 | Step  67
────────────────────────────────────────────
  Task            : PICK_AND_PLACE
  Action          : [-0.153, -0.020, -0.988, -1.000]
  EE posição      : [+0.161, +0.101, +0.112]
  EE velocidade   : [-0.339, -0.043, -1.156]
  Garra           : 0.034 m  (AGARRADA)
  Cubo posição    : [+0.184, +0.106, +0.122]
  Target (target_1): [+0.150, +0.100, +0.020]
  Dist EE→Cubo    : 0.0258 m
  Dist Cubo→target_1: 0.1080 m
  Reward          : -0.1080
  Sucesso         : False
  Obstáculo caminho: nao  (count: 0)
  Obstáculo [obstacle_1]: tipo=box  massa=0.0 kg  tamanho=[0.02, 0.3, 0.02]
  Objeto [object_1]: tipo=box  massa=1.0 kg  tamanho=[0.04, 0.04, 0.04]
  Target goal     : {'type': 'goal_sequence', 'targets': [{'name': 'target', 'position': [0.15000000596046448, 0.0, 0.019999999552965164]}, {'name': 'target_1', 'position': [0.15000000596046448, 0.10000000149011612, 0.019999999552965164]}, {'name': 'target_2', 'position': [-0.10000000149011612, 0.0, 0.019999999552965164]}, {'name': 'target_3', 'position': [-0.10000000149011612, 0.10000000149011612, 0.019999999552965164]}], 'mode': 'goal_sequence'}
  Mesa            : 1.1x0.7x0.4 m  offset_x=-0.3
  Robô config     : control=ee  block_gripper=False  base=[-0.6, 0.0, 0.05]
  Scripts         : ['script_1', 'reach_only', 'left_right']
  Juntas ângulos  : [+0.12, +0.95, +0.02, -1.17, -0.02, +2.14, +0.93]
  Juntas veloc.   : [-0.00, +1.51, -0.00, +0.01, +0.00, -0.07, -0.00]
  Cubo rotação    : [+0.011, +0.061, -0.011]  (roll/pitch/yaw)
  Cubo vel.linear : [-0.320, +0.344, -1.198]
────────────────────────────────────────────
 Ep  1 | Step  68
────────────────────────────────────────────
  Task            : PICK_AND_PLACE
  Action          : [-0.108, -0.013, -0.994, -1.000]
  EE posição      : [+0.151, +0.100, +0.056]
  EE velocidade   : [-0.437, -0.055, -1.365]
  Garra           : 0.037 m  (AGARRADA)
  Cubo posição    : [+0.173, +0.117, +0.065]
  Target (target_1): [+0.150, +0.100, +0.020]
  Dist EE→Cubo    : 0.0293 m
  Dist Cubo→target_1: 0.0531 m
  Reward          : -0.0531
  Sucesso         : False
  Obstáculo caminho: nao  (count: 0)
  Obstáculo [obstacle_1]: tipo=box  massa=0.0 kg  tamanho=[0.02, 0.3, 0.02]
  Objeto [object_1]: tipo=box  massa=1.0 kg  tamanho=[0.04, 0.04, 0.04]
  Target goal     : {'type': 'goal_sequence', 'targets': [{'name': 'target', 'position': [0.15000000596046448, 0.0, 0.019999999552965164]}, {'name': 'target_1', 'position': [0.15000000596046448, 0.10000000149011612, 0.019999999552965164]}, {'name': 'target_2', 'position': [-0.10000000149011612, 0.0, 0.019999999552965164]}, {'name': 'target_3', 'position': [-0.10000000149011612, 0.10000000149011612, 0.019999999552965164]}], 'mode': 'goal_sequence'}
  Mesa            : 1.1x0.7x0.4 m  offset_x=-0.3
  Robô config     : control=ee  block_gripper=False  base=[-0.6, 0.0, 0.05]
  Scripts         : ['script_1', 'reach_only', 'left_right']
  Juntas ângulos  : [+0.12, +1.03, +0.02, -1.17, -0.02, +2.18, +0.93]
  Juntas veloc.   : [+0.00, +1.83, -0.01, -0.02, -0.00, +0.35, +0.00]
  Cubo rotação    : [+0.010, +0.097, +0.002]  (roll/pitch/yaw)
  Cubo vel.linear : [-0.417, +0.082, -1.407]
────────────────────────────────────────────
 Ep  1 | Step  69
────────────────────────────────────────────
  Task            : PICK_AND_PLACE
  Action          : [-0.003, -0.000, -0.210, -1.000]
  EE posição      : [+0.137, +0.098, +0.008]
  EE velocidade   : [+0.001, -0.004, -0.335]
  Garra           : 0.039 m  (AGARRADA)
  Cubo posição    : [+0.158, +0.117, +0.019]
  Target (target_1): [+0.150, +0.100, +0.020]
  Dist EE→Cubo    : 0.0310 m
  Dist Cubo→target_1: 0.0193 m
  Reward          : -0.0193
  Sucesso         : False
  Obstáculo caminho: nao  (count: 0)
  Obstáculo [obstacle_1]: tipo=box  massa=0.0 kg  tamanho=[0.02, 0.3, 0.02]
  Objeto [object_1]: tipo=box  massa=1.0 kg  tamanho=[0.04, 0.04, 0.04]
  Target goal     : {'type': 'goal_sequence', 'targets': [{'name': 'target', 'position': [0.15000000596046448, 0.0, 0.019999999552965164]}, {'name': 'target_1', 'position': [0.15000000596046448, 0.10000000149011612, 0.019999999552965164]}, {'name': 'target_2', 'position': [-0.10000000149011612, 0.0, 0.019999999552965164]}, {'name': 'target_3', 'position': [-0.10000000149011612, 0.10000000149011612, 0.019999999552965164]}], 'mode': 'goal_sequence'}
  Mesa            : 1.1x0.7x0.4 m  offset_x=-0.3
  Robô config     : control=ee  block_gripper=False  base=[-0.6, 0.0, 0.05]
  Scripts         : ['script_1', 'reach_only', 'left_right']
  Juntas ângulos  : [+0.12, +1.09, +0.02, -1.17, -0.02, +2.21, +0.93]
  Juntas veloc.   : [+0.00, +0.79, -0.01, +0.57, -0.01, +0.14, -0.00]
  Cubo rotação    : [-0.004, -0.016, -0.004]  (roll/pitch/yaw)
  Cubo vel.linear : [-0.463, -0.020, -0.383]
────────────────────────────────────────────
 Ep  1 | Step  70
────────────────────────────────────────────
  Task            : PICK_AND_PLACE
  Action          : [+0.059, +0.007, +0.009, -1.000]
  EE posição      : [+0.137, +0.099, +0.003]
  EE velocidade   : [-0.003, +0.005, -0.037]
  Garra           : 0.039 m  (AGARRADA)
  Cubo posição    : [+0.156, +0.117, +0.021]
  Target (target_1): [+0.150, +0.100, +0.020]
  Dist EE→Cubo    : 0.0324 m
  Dist Cubo→target_1: 0.0184 m
  Reward          : -0.0184
  Sucesso         : False
  Obstáculo caminho: nao  (count: 0)
  Obstáculo [obstacle_1]: tipo=box  massa=0.0 kg  tamanho=[0.02, 0.3, 0.02]
  Objeto [object_1]: tipo=box  massa=1.0 kg  tamanho=[0.04, 0.04, 0.04]
  Target goal     : {'type': 'goal_sequence', 'targets': [{'name': 'target', 'position': [0.15000000596046448, 0.0, 0.019999999552965164]}, {'name': 'target_1', 'position': [0.15000000596046448, 0.10000000149011612, 0.019999999552965164]}, {'name': 'target_2', 'position': [-0.10000000149011612, 0.0, 0.019999999552965164]}, {'name': 'target_3', 'position': [-0.10000000149011612, 0.10000000149011612, 0.019999999552965164]}], 'mode': 'goal_sequence'}
  Mesa            : 1.1x0.7x0.4 m  offset_x=-0.3
  Robô config     : control=ee  block_gripper=False  base=[-0.6, 0.0, 0.05]
  Scripts         : ['script_1', 'reach_only', 'left_right']
  Juntas ângulos  : [+0.12, +1.08, +0.02, -1.21, -0.02, +2.26, +0.93]
  Juntas veloc.   : [+0.00, -0.11, -0.00, -0.39, +0.02, +0.56, -0.00]
  Cubo rotação    : [-0.001, -0.037, +0.003]  (roll/pitch/yaw)
  Cubo vel.linear : [+0.043, -0.002, -0.036]
────────────────────────────────────────────
 Ep  1 | Step  71
────────────────────────────────────────────
  Task            : PICK_AND_PLACE
  Action          : [+0.124, +0.013, +0.992, +1.000]
  EE posição      : [+0.135, +0.098, +0.016]
  EE velocidade   : [+0.185, +0.023, +0.592]
  Garra           : 0.075 m  (ABERTA)
  Cubo posição    : [+0.157, +0.117, +0.020]
  Target (target_1): [+0.150, +0.100, +0.020]
  Dist EE→Cubo    : 0.0290 m
  Dist Cubo→target_1: 0.0179 m
  Reward          : -0.0179
  Sucesso         : False
  Obstáculo caminho: nao  (count: 0)
  Obstáculo [obstacle_1]: tipo=box  massa=0.0 kg  tamanho=[0.02, 0.3, 0.02]
  Objeto [object_1]: tipo=box  massa=1.0 kg  tamanho=[0.04, 0.04, 0.04]
  Target goal     : {'type': 'goal_sequence', 'targets': [{'name': 'target', 'position': [0.15000000596046448, 0.0, 0.019999999552965164]}, {'name': 'target_1', 'position': [0.15000000596046448, 0.10000000149011612, 0.019999999552965164]}, {'name': 'target_2', 'position': [-0.10000000149011612, 0.0, 0.019999999552965164]}, {'name': 'target_3', 'position': [-0.10000000149011612, 0.10000000149011612, 0.019999999552965164]}], 'mode': 'goal_sequence'}
  Mesa            : 1.1x0.7x0.4 m  offset_x=-0.3
  Robô config     : control=ee  block_gripper=False  base=[-0.6, 0.0, 0.05]
  Scripts         : ['script_1', 'reach_only', 'left_right']
  Juntas ângulos  : [+0.12, +1.06, +0.02, -1.21, -0.02, +2.23, +0.93]
  Juntas veloc.   : [-0.00, -0.87, +0.00, -0.07, -0.00, -0.29, +0.00]
  Cubo rotação    : [+0.001, +0.001, +0.016]  (roll/pitch/yaw)
  Cubo vel.linear : [-0.002, +0.001, +0.001]
────────────────────────────────────────────
 Ep  1 | Step  72
────────────────────────────────────────────
  Task            : PICK_AND_PLACE
  Action          : [+0.162, +0.018, +0.987, +1.000]
  EE posição      : [+0.142, +0.099, +0.047]
  EE velocidade   : [+0.311, +0.038, +0.919]
  Garra           : 0.079 m  (ABERTA)
  Cubo posição    : [+0.157, +0.117, +0.020]
  Target (target_1): [+0.150, +0.100, +0.020]
  Dist EE→Cubo    : 0.0352 m
  Dist Cubo→target_1: 0.0179 m
  Reward          : -0.0179
  Sucesso         : False
  Obstáculo caminho: nao  (count: 0)
  Obstáculo [obstacle_1]: tipo=box  massa=0.0 kg  tamanho=[0.02, 0.3, 0.02]
  Objeto [object_1]: tipo=box  massa=1.0 kg  tamanho=[0.04, 0.04, 0.04]
  Target goal     : {'type': 'goal_sequence', 'targets': [{'name': 'target', 'position': [0.15000000596046448, 0.0, 0.019999999552965164]}, {'name': 'target_1', 'position': [0.15000000596046448, 0.10000000149011612, 0.019999999552965164]}, {'name': 'target_2', 'position': [-0.10000000149011612, 0.0, 0.019999999552965164]}, {'name': 'target_3', 'position': [-0.10000000149011612, 0.10000000149011612, 0.019999999552965164]}], 'mode': 'goal_sequence'}
  Mesa            : 1.1x0.7x0.4 m  offset_x=-0.3
  Robô config     : control=ee  block_gripper=False  base=[-0.6, 0.0, 0.05]
  Scripts         : ['script_1', 'reach_only', 'left_right']
  Juntas ângulos  : [+0.12, +1.01, +0.02, -1.22, -0.02, +2.21, +0.93]
  Juntas veloc.   : [-0.00, -1.27, +0.00, -0.05, +0.00, -0.15, -0.00]
  Cubo rotação    : [+0.000, +0.000, +0.016]  (roll/pitch/yaw)
  Cubo vel.linear : [-0.000, -0.000, +0.000]
────────────────────────────────────────────
 Ep  1 | Step  73
────────────────────────────────────────────
  Task            : PICK_AND_PLACE
  Action          : [+0.124, +0.013, +0.992, +1.000]
  EE posição      : [+0.148, +0.100, +0.086]
  EE velocidade   : [+0.166, +0.020, +0.698]
  Garra           : 0.080 m  (ABERTA)
  Cubo posição    : [+0.157, +0.117, +0.020]
  Target (target_1): [+0.150, +0.100, +0.020]
  Dist EE→Cubo    : 0.0690 m
  Dist Cubo→target_1: 0.0179 m
  Reward          : -0.0179
  Sucesso         : False
  Obstáculo caminho: nao  (count: 0)
  Obstáculo [obstacle_1]: tipo=box  massa=0.0 kg  tamanho=[0.02, 0.3, 0.02]
  Objeto [object_1]: tipo=box  massa=1.0 kg  tamanho=[0.04, 0.04, 0.04]
  Target goal     : {'type': 'goal_sequence', 'targets': [{'name': 'target', 'position': [0.15000000596046448, 0.0, 0.019999999552965164]}, {'name': 'target_1', 'position': [0.15000000596046448, 0.10000000149011612, 0.019999999552965164]}, {'name': 'target_2', 'position': [-0.10000000149011612, 0.0, 0.019999999552965164]}, {'name': 'target_3', 'position': [-0.10000000149011612, 0.10000000149011612, 0.019999999552965164]}], 'mode': 'goal_sequence'}
  Mesa            : 1.1x0.7x0.4 m  offset_x=-0.3
  Robô config     : control=ee  block_gripper=False  base=[-0.6, 0.0, 0.05]
  Scripts         : ['script_1', 'reach_only', 'left_right']
  Juntas ângulos  : [+0.12, +0.95, +0.02, -1.22, -0.02, +2.17, +0.93]
  Juntas veloc.   : [-0.00, -0.96, +0.00, +0.01, +0.00, -0.34, -0.00]
  Cubo rotação    : [+0.000, +0.000, +0.016]  (roll/pitch/yaw)
  Cubo vel.linear : [-0.000, -0.000, +0.000]
────────────────────────────────────────────
 Ep  1 | Step  74
────────────────────────────────────────────
  Task            : PICK_AND_PLACE
  Action          : [+0.074, +0.006, +0.997, +1.000]
  EE posição      : [+0.149, +0.100, +0.120]
  EE velocidade   : [+0.161, +0.019, +0.850]
  Garra           : 0.080 m  (ABERTA)
  Cubo posição    : [+0.157, +0.117, +0.020]
  Target (target_1): [+0.150, +0.100, +0.020]
  Dist EE→Cubo    : 0.1019 m
  Dist Cubo→target_1: 0.0179 m
  Reward          : -0.0179
  Sucesso         : False
  Obstáculo caminho: nao  (count: 0)
  Obstáculo [obstacle_1]: tipo=box  massa=0.0 kg  tamanho=[0.02, 0.3, 0.02]
  Objeto [object_1]: tipo=box  massa=1.0 kg  tamanho=[0.04, 0.04, 0.04]
  Target goal     : {'type': 'goal_sequence', 'targets': [{'name': 'target', 'position': [0.15000000596046448, 0.0, 0.019999999552965164]}, {'name': 'target_1', 'position': [0.15000000596046448, 0.10000000149011612, 0.019999999552965164]}, {'name': 'target_2', 'position': [-0.10000000149011612, 0.0, 0.019999999552965164]}, {'name': 'target_3', 'position': [-0.10000000149011612, 0.10000000149011612, 0.019999999552965164]}], 'mode': 'goal_sequence'}
  Mesa            : 1.1x0.7x0.4 m  offset_x=-0.3
  Robô config     : control=ee  block_gripper=False  base=[-0.6, 0.0, 0.05]
  Scripts         : ['script_1', 'reach_only', 'left_right']
  Juntas ângulos  : [+0.12, +0.90, +0.02, -1.21, -0.02, +2.11, +0.93]
  Juntas veloc.   : [-0.00, -1.15, +0.01, +0.05, +0.01, -0.46, -0.00]
  Cubo rotação    : [+0.000, -0.000, +0.016]  (roll/pitch/yaw)
  Cubo vel.linear : [-0.000, -0.000, +0.000]
────────────────────────────────────────────
 Ep  1 | Step  75
────────────────────────────────────────────
  Task            : PICK_AND_PLACE
  Action          : [+0.124, +0.021, -0.992, +1.000]
  EE posição      : [+0.168, +0.102, +0.133]
  EE velocidade   : [-0.010, +0.001, -0.511]
  Garra           : 0.080 m  (ABERTA)
  Cubo posição    : [+0.157, +0.117, +0.020]
  Target (target_2): [-0.100, +0.000, +0.020]
  Dist EE→Cubo    : 0.1146 m
  Dist Cubo→target_2: 0.2819 m
  Reward          : -0.2819
  Sucesso         : False
  Obstáculo caminho: SIM  (count: 1)
  Obstáculo [obstacle_1]: tipo=box  massa=0.0 kg  tamanho=[0.02, 0.3, 0.02]
  Objeto [object_1]: tipo=box  massa=1.0 kg  tamanho=[0.04, 0.04, 0.04]
  Target goal     : {'type': 'goal_sequence', 'targets': [{'name': 'target', 'position': [0.15000000596046448, 0.0, 0.019999999552965164]}, {'name': 'target_1', 'position': [0.15000000596046448, 0.10000000149011612, 0.019999999552965164]}, {'name': 'target_2', 'position': [-0.10000000149011612, 0.0, 0.019999999552965164]}, {'name': 'target_3', 'position': [-0.10000000149011612, 0.10000000149011612, 0.019999999552965164]}], 'mode': 'goal_sequence'}
  Mesa            : 1.1x0.7x0.4 m  offset_x=-0.3
  Robô config     : control=ee  block_gripper=False  base=[-0.6, 0.0, 0.05]
  Scripts         : ['script_1', 'reach_only', 'left_right']
  Juntas ângulos  : [+0.12, +0.91, +0.02, -1.20, -0.02, +2.18, +0.93]
  Juntas veloc.   : [+0.01, +0.80, -0.01, +0.10, -0.01, +0.57, +0.01]
  Cubo rotação    : [+0.000, -0.000, +0.016]  (roll/pitch/yaw)
  Cubo vel.linear : [-0.000, -0.000, +0.000]
────────────────────────────────────────────
 Ep  1 | Step  76
────────────────────────────────────────────
  Task            : PICK_AND_PLACE
  Action          : [-0.498, +0.641, -0.584, +1.000]
  EE posição      : [+0.147, +0.118, +0.100]
  EE velocidade   : [-0.408, +0.805, -0.616]
  Garra           : 0.080 m  (ABERTA)
  Cubo posição    : [+0.157, +0.117, +0.020]
  Target (target_2): [-0.100, +0.000, +0.020]
  Dist EE→Cubo    : 0.0806 m
  Dist Cubo→target_2: 0.2819 m
  Reward          : -0.2819
  Sucesso         : False
  Obstáculo caminho: SIM  (count: 1)
  Obstáculo [obstacle_1]: tipo=box  massa=0.0 kg  tamanho=[0.02, 0.3, 0.02]
  Objeto [object_1]: tipo=box  massa=1.0 kg  tamanho=[0.04, 0.04, 0.04]
  Target goal     : {'type': 'goal_sequence', 'targets': [{'name': 'target', 'position': [0.15000000596046448, 0.0, 0.019999999552965164]}, {'name': 'target_1', 'position': [0.15000000596046448, 0.10000000149011612, 0.019999999552965164]}, {'name': 'target_2', 'position': [-0.10000000149011612, 0.0, 0.019999999552965164]}, {'name': 'target_3', 'position': [-0.10000000149011612, 0.10000000149011612, 0.019999999552965164]}], 'mode': 'goal_sequence'}
  Mesa            : 1.1x0.7x0.4 m  offset_x=-0.3
  Robô config     : control=ee  block_gripper=False  base=[-0.6, 0.0, 0.05]
  Scripts         : ['script_1', 'reach_only', 'left_right']
  Juntas ângulos  : [+0.15, +0.93, +0.02, -1.23, -0.02, +2.16, +0.97]
  Juntas veloc.   : [+1.11, +0.64, +0.03, -0.25, -0.02, -0.18, +0.32]
  Cubo rotação    : [+0.000, -0.000, +0.016]  (roll/pitch/yaw)
  Cubo vel.linear : [-0.000, -0.000, +0.000]
────────────────────────────────────────────
 Ep  1 | Step  77
────────────────────────────────────────────
  Task            : PICK_AND_PLACE
  Action          : [+0.429, -0.069, +0.901, +1.000]
  EE posição      : [+0.136, +0.133, +0.086]
  EE velocidade   : [-0.051, -0.103, -0.144]
  Garra           : 0.080 m  (ABERTA)
  Cubo posição    : [+0.157, +0.117, +0.020]
  Target (target_2): [-0.100, +0.000, +0.020]
  Dist EE→Cubo    : 0.0709 m
  Dist Cubo→target_2: 0.2819 m
  Reward          : -0.2819
  Sucesso         : False
  Obstáculo caminho: SIM  (count: 1)
  Obstáculo [obstacle_1]: tipo=box  massa=0.0 kg  tamanho=[0.02, 0.3, 0.02]
  Objeto [object_1]: tipo=box  massa=1.0 kg  tamanho=[0.04, 0.04, 0.04]
  Target goal     : {'type': 'goal_sequence', 'targets': [{'name': 'target', 'position': [0.15000000596046448, 0.0, 0.019999999552965164]}, {'name': 'target_1', 'position': [0.15000000596046448, 0.10000000149011612, 0.019999999552965164]}, {'name': 'target_2', 'position': [-0.10000000149011612, 0.0, 0.019999999552965164]}, {'name': 'target_3', 'position': [-0.10000000149011612, 0.10000000149011612, 0.019999999552965164]}], 'mode': 'goal_sequence'}
  Mesa            : 1.1x0.7x0.4 m  offset_x=-0.3
  Robô config     : control=ee  block_gripper=False  base=[-0.6, 0.0, 0.05]
  Scripts         : ['script_1', 'reach_only', 'left_right']
  Juntas ângulos  : [+0.16, +0.97, +0.02, -1.18, -0.02, +2.08, +0.95]
  Juntas veloc.   : [-0.13, +0.39, +0.01, +0.44, -0.00, -0.59, -0.17]
  Cubo rotação    : [+0.000, -0.000, +0.016]  (roll/pitch/yaw)
  Cubo vel.linear : [-0.000, +0.000, +0.000]
────────────────────────────────────────────
 Ep  1 | Step  78
────────────────────────────────────────────
  Task            : PICK_AND_PLACE
  Action          : [+0.482, -0.374, +0.792, +1.000]
  EE posição      : [+0.146, +0.118, +0.090]
  EE velocidade   : [+0.181, -0.258, +0.270]
  Garra           : 0.080 m  (ABERTA)
  Cubo posição    : [+0.157, +0.117, +0.020]
  Target (target_2): [-0.100, +0.000, +0.020]
  Dist EE→Cubo    : 0.0704 m
  Dist Cubo→target_2: 0.2819 m
  Reward          : -0.2819
  Sucesso         : False
  Obstáculo caminho: SIM  (count: 1)
  Obstáculo [obstacle_1]: tipo=box  massa=0.0 kg  tamanho=[0.02, 0.3, 0.02]
  Objeto [object_1]: tipo=box  massa=1.0 kg  tamanho=[0.04, 0.04, 0.04]
  Target goal     : {'type': 'goal_sequence', 'targets': [{'name': 'target', 'position': [0.15000000596046448, 0.0, 0.019999999552965164]}, {'name': 'target_1', 'position': [0.15000000596046448, 0.10000000149011612, 0.019999999552965164]}, {'name': 'target_2', 'position': [-0.10000000149011612, 0.0, 0.019999999552965164]}, {'name': 'target_3', 'position': [-0.10000000149011612, 0.10000000149011612, 0.019999999552965164]}], 'mode': 'goal_sequence'}
  Mesa            : 1.1x0.7x0.4 m  offset_x=-0.3
  Robô config     : control=ee  block_gripper=False  base=[-0.6, 0.0, 0.05]
  Scripts         : ['script_1', 'reach_only', 'left_right']
  Juntas ângulos  : [+0.15, +0.98, +0.02, -1.15, -0.01, +2.08, +0.94]
  Juntas veloc.   : [-0.34, -0.22, -0.05, +0.22, +0.04, +0.03, -0.03]
  Cubo rotação    : [+0.000, -0.000, +0.016]  (roll/pitch/yaw)
  Cubo vel.linear : [+0.000, +0.000, +0.000]
────────────────────────────────────────────
 Ep  1 | Step  79
────────────────────────────────────────────
  Task            : PICK_AND_PLACE
  Action          : [+0.333, -0.027, +0.943, +1.000]
  EE posição      : [+0.152, +0.115, +0.108]
  EE velocidade   : [+0.200, +0.010, +0.667]
  Garra           : 0.080 m  (ABERTA)
  Cubo posição    : [+0.157, +0.117, +0.020]
  Target (target_2): [-0.100, +0.000, +0.020]
  Dist EE→Cubo    : 0.0885 m
  Dist Cubo→target_2: 0.2819 m
  Reward          : -0.2819
  Sucesso         : False
  Obstáculo caminho: SIM  (count: 1)
  Obstáculo [obstacle_1]: tipo=box  massa=0.0 kg  tamanho=[0.02, 0.3, 0.02]
  Objeto [object_1]: tipo=box  massa=1.0 kg  tamanho=[0.04, 0.04, 0.04]
  Target goal     : {'type': 'goal_sequence', 'targets': [{'name': 'target', 'position': [0.15000000596046448, 0.0, 0.019999999552965164]}, {'name': 'target_1', 'position': [0.15000000596046448, 0.10000000149011612, 0.019999999552965164]}, {'name': 'target_2', 'position': [-0.10000000149011612, 0.0, 0.019999999552965164]}, {'name': 'target_3', 'position': [-0.10000000149011612, 0.10000000149011612, 0.019999999552965164]}], 'mode': 'goal_sequence'}
  Mesa            : 1.1x0.7x0.4 m  offset_x=-0.3
  Robô config     : control=ee  block_gripper=False  base=[-0.6, 0.0, 0.05]
  Scripts         : ['script_1', 'reach_only', 'left_right']
  Juntas ângulos  : [+0.14, +0.97, +0.02, -1.13, -0.01, +2.06, +0.94]
  Juntas veloc.   : [-0.02, -0.79, -0.01, +0.18, +0.01, -0.17, +0.01]
  Cubo rotação    : [+0.000, -0.000, +0.016]  (roll/pitch/yaw)
  Cubo vel.linear : [-0.000, -0.000, -0.000]
────────────────────────────────────────────
 Ep  1 | Step  80
────────────────────────────────────────────
  Task            : PICK_AND_PLACE
  Action          : [+0.326, +0.125, +0.937, +1.000]
  EE posição      : [+0.160, +0.119, +0.142]
  EE velocidade   : [+0.156, +0.054, +0.688]
  Garra           : 0.080 m  (ABERTA)
  Cubo posição    : [+0.157, +0.117, +0.020]
  Target (target_2): [-0.100, +0.000, +0.020]
  Dist EE→Cubo    : 0.1224 m
  Dist Cubo→target_2: 0.2819 m
  Reward          : -0.2819
  Sucesso         : False
  Obstáculo caminho: SIM  (count: 1)
  Obstáculo [obstacle_1]: tipo=box  massa=0.0 kg  tamanho=[0.02, 0.3, 0.02]
  Objeto [object_1]: tipo=box  massa=1.0 kg  tamanho=[0.04, 0.04, 0.04]
  Target goal     : {'type': 'goal_sequence', 'targets': [{'name': 'target', 'position': [0.15000000596046448, 0.0, 0.019999999552965164]}, {'name': 'target_1', 'position': [0.15000000596046448, 0.10000000149011612, 0.019999999552965164]}, {'name': 'target_2', 'position': [-0.10000000149011612, 0.0, 0.019999999552965164]}, {'name': 'target_3', 'position': [-0.10000000149011612, 0.10000000149011612, 0.019999999552965164]}], 'mode': 'goal_sequence'}
  Mesa            : 1.1x0.7x0.4 m  offset_x=-0.3
  Robô config     : control=ee  block_gripper=False  base=[-0.6, 0.0, 0.05]
  Scripts         : ['script_1', 'reach_only', 'left_right']
  Juntas ângulos  : [+0.15, +0.94, +0.02, -1.10, -0.01, +2.02, +0.95]
  Juntas veloc.   : [+0.04, -0.78, +0.01, +0.24, -0.00, -0.29, +0.04]
  Cubo rotação    : [+0.000, -0.000, +0.016]  (roll/pitch/yaw)
  Cubo vel.linear : [-0.000, -0.000, -0.000]
────────────────────────────────────────────
 Ep  1 | Step  81
────────────────────────────────────────────
  Task            : PICK_AND_PLACE
  Action          : [-0.026, -0.020, -0.999, +1.000]
  EE posição      : [+0.174, +0.121, +0.146]
  EE velocidade   : [-0.070, -0.017, -0.711]
  Garra           : 0.080 m  (ABERTA)
  Cubo posição    : [+0.157, +0.117, +0.020]
  Target (target_2): [-0.100, +0.000, +0.020]
  Dist EE→Cubo    : 0.1273 m
  Dist Cubo→target_2: 0.2819 m
  Reward          : -0.2819
  Sucesso         : False
  Obstáculo caminho: SIM  (count: 1)
  Obstáculo [obstacle_1]: tipo=box  massa=0.0 kg  tamanho=[0.02, 0.3, 0.02]
  Objeto [object_1]: tipo=box  massa=1.0 kg  tamanho=[0.04, 0.04, 0.04]
  Target goal     : {'type': 'goal_sequence', 'targets': [{'name': 'target', 'position': [0.15000000596046448, 0.0, 0.019999999552965164]}, {'name': 'target_1', 'position': [0.15000000596046448, 0.10000000149011612, 0.019999999552965164]}, {'name': 'target_2', 'position': [-0.10000000149011612, 0.0, 0.019999999552965164]}, {'name': 'target_3', 'position': [-0.10000000149011612, 0.10000000149011612, 0.019999999552965164]}], 'mode': 'goal_sequence'}
  Mesa            : 1.1x0.7x0.4 m  offset_x=-0.3
  Robô config     : control=ee  block_gripper=False  base=[-0.6, 0.0, 0.05]
  Scripts         : ['script_1', 'reach_only', 'left_right']
  Juntas ângulos  : [+0.15, +0.94, +0.01, -1.11, -0.01, +2.10, +0.95]
  Juntas veloc.   : [-0.01, +0.94, -0.01, -0.07, -0.01, +0.61, -0.01]
  Cubo rotação    : [+0.000, -0.000, +0.016]  (roll/pitch/yaw)
  Cubo vel.linear : [-0.000, -0.000, -0.000]
────────────────────────────────────────────
 Ep  1 | Step  82
────────────────────────────────────────────
  Task            : PICK_AND_PLACE
  Action          : [-0.126, -0.030, -0.992, +1.000]
  EE posição      : [+0.162, +0.119, +0.099]
  EE velocidade   : [-0.356, -0.056, -1.210]
  Garra           : 0.080 m  (ABERTA)
  Cubo posição    : [+0.157, +0.117, +0.020]
  Target (target_2): [-0.100, +0.000, +0.020]
  Dist EE→Cubo    : 0.0788 m
  Dist Cubo→target_2: 0.2819 m
  Reward          : -0.2819
  Sucesso         : False
  Obstáculo caminho: SIM  (count: 1)
  Obstáculo [obstacle_1]: tipo=box  massa=0.0 kg  tamanho=[0.02, 0.3, 0.02]
  Objeto [object_1]: tipo=box  massa=1.0 kg  tamanho=[0.04, 0.04, 0.04]
  Target goal     : {'type': 'goal_sequence', 'targets': [{'name': 'target', 'position': [0.15000000596046448, 0.0, 0.019999999552965164]}, {'name': 'target_1', 'position': [0.15000000596046448, 0.10000000149011612, 0.019999999552965164]}, {'name': 'target_2', 'position': [-0.10000000149011612, 0.0, 0.019999999552965164]}, {'name': 'target_3', 'position': [-0.10000000149011612, 0.10000000149011612, 0.019999999552965164]}], 'mode': 'goal_sequence'}
  Mesa            : 1.1x0.7x0.4 m  offset_x=-0.3
  Robô config     : control=ee  block_gripper=False  base=[-0.6, 0.0, 0.05]
  Scripts         : ['script_1', 'reach_only', 'left_right']
  Juntas ângulos  : [+0.15, +1.00, +0.01, -1.11, -0.01, +2.11, +0.95]
  Juntas veloc.   : [-0.00, +1.57, -0.00, -0.00, +0.00, +0.04, -0.01]
  Cubo rotação    : [+0.000, -0.000, +0.016]  (roll/pitch/yaw)
  Cubo vel.linear : [-0.000, -0.000, -0.000]
────────────────────────────────────────────
 Ep  1 | Step  83
────────────────────────────────────────────
  Task            : PICK_AND_PLACE
  Action          : [-0.051, -0.016, -0.786, +1.000]
  EE posição      : [+0.154, +0.117, +0.048]
  EE velocidade   : [-0.355, -0.055, -1.134]
  Garra           : 0.080 m  (ABERTA)
  Cubo posição    : [+0.157, +0.117, +0.020]
  Target (target_2): [-0.100, +0.000, +0.020]
  Dist EE→Cubo    : 0.0277 m
  Dist Cubo→target_2: 0.2819 m
  Reward          : -0.2819
  Sucesso         : False
  Obstáculo caminho: SIM  (count: 1)
  Obstáculo [obstacle_1]: tipo=box  massa=0.0 kg  tamanho=[0.02, 0.3, 0.02]
  Objeto [object_1]: tipo=box  massa=1.0 kg  tamanho=[0.04, 0.04, 0.04]
  Target goal     : {'type': 'goal_sequence', 'targets': [{'name': 'target', 'position': [0.15000000596046448, 0.0, 0.019999999552965164]}, {'name': 'target_1', 'position': [0.15000000596046448, 0.10000000149011612, 0.019999999552965164]}, {'name': 'target_2', 'position': [-0.10000000149011612, 0.0, 0.019999999552965164]}, {'name': 'target_3', 'position': [-0.10000000149011612, 0.10000000149011612, 0.019999999552965164]}], 'mode': 'goal_sequence'}
  Mesa            : 1.1x0.7x0.4 m  offset_x=-0.3
  Robô config     : control=ee  block_gripper=False  base=[-0.6, 0.0, 0.05]
  Scripts         : ['script_1', 'reach_only', 'left_right']
  Juntas ângulos  : [+0.14, +1.07, +0.01, -1.11, -0.01, +2.16, +0.95]
  Juntas veloc.   : [-0.00, +1.52, -0.00, -0.01, -0.00, +0.37, -0.00]
  Cubo rotação    : [+0.000, -0.000, +0.016]  (roll/pitch/yaw)
  Cubo vel.linear : [+0.000, +0.000, +0.000]
────────────────────────────────────────────
 Ep  1 | Step  84
────────────────────────────────────────────
  Task            : PICK_AND_PLACE
  Action          : [+0.011, -0.001, -0.142, +1.000]
  EE posição      : [+0.144, +0.115, +0.011]
  EE velocidade   : [-0.270, -0.040, -0.731]
  Garra           : 0.080 m  (ABERTA)
  Cubo posição    : [+0.157, +0.117, +0.020]
  Target (target_2): [-0.100, +0.000, +0.020]
  Dist EE→Cubo    : 0.0156 m
  Dist Cubo→target_2: 0.2819 m
  Reward          : -0.2819
  Sucesso         : False
  Obstáculo caminho: SIM  (count: 1)
  Obstáculo [obstacle_1]: tipo=box  massa=0.0 kg  tamanho=[0.02, 0.3, 0.02]
  Objeto [object_1]: tipo=box  massa=1.0 kg  tamanho=[0.04, 0.04, 0.04]
  Target goal     : {'type': 'goal_sequence', 'targets': [{'name': 'target', 'position': [0.15000000596046448, 0.0, 0.019999999552965164]}, {'name': 'target_1', 'position': [0.15000000596046448, 0.10000000149011612, 0.019999999552965164]}, {'name': 'target_2', 'position': [-0.10000000149011612, 0.0, 0.019999999552965164]}, {'name': 'target_3', 'position': [-0.10000000149011612, 0.10000000149011612, 0.019999999552965164]}], 'mode': 'goal_sequence'}
  Mesa            : 1.1x0.7x0.4 m  offset_x=-0.3
  Robô config     : control=ee  block_gripper=False  base=[-0.6, 0.0, 0.05]
  Scripts         : ['script_1', 'reach_only', 'left_right']
  Juntas ângulos  : [+0.14, +1.12, +0.01, -1.11, -0.02, +2.19, +0.95]
  Juntas veloc.   : [-0.00, +0.99, -0.00, -0.02, -0.00, +0.24, +0.00]
  Cubo rotação    : [+0.000, -0.000, +0.016]  (roll/pitch/yaw)
  Cubo vel.linear : [+0.000, +0.000, +0.000]
────────────────────────────────────────────
 Ep  1 | Step  85
────────────────────────────────────────────
  Task            : PICK_AND_PLACE
  Action          : [+0.060, +0.006, -0.003, -1.000]
  EE posição      : [+0.143, +0.117, +0.002]
  EE velocidade   : [-0.001, +0.025, -0.066]
  Garra           : 0.076 m  (ABERTA)
  Cubo posição    : [+0.157, +0.117, +0.020]
  Target (target_2): [-0.100, +0.000, +0.020]
  Dist EE→Cubo    : 0.0220 m
  Dist Cubo→target_2: 0.2819 m
  Reward          : -0.2819
  Sucesso         : False
  Obstáculo caminho: SIM  (count: 1)
  Obstáculo [obstacle_1]: tipo=box  massa=0.0 kg  tamanho=[0.02, 0.3, 0.02]
  Objeto [object_1]: tipo=box  massa=1.0 kg  tamanho=[0.04, 0.04, 0.04]
  Target goal     : {'type': 'goal_sequence', 'targets': [{'name': 'target', 'position': [0.15000000596046448, 0.0, 0.019999999552965164]}, {'name': 'target_1', 'position': [0.15000000596046448, 0.10000000149011612, 0.019999999552965164]}, {'name': 'target_2', 'position': [-0.10000000149011612, 0.0, 0.019999999552965164]}, {'name': 'target_3', 'position': [-0.10000000149011612, 0.10000000149011612, 0.019999999552965164]}], 'mode': 'goal_sequence'}
  Mesa            : 1.1x0.7x0.4 m  offset_x=-0.3
  Robô config     : control=ee  block_gripper=False  base=[-0.6, 0.0, 0.05]
  Scripts         : ['script_1', 'reach_only', 'left_right']
  Juntas ângulos  : [+0.15, +1.12, +0.01, -1.13, -0.01, +2.23, +0.95]
  Juntas veloc.   : [+0.03, +0.04, -0.00, -0.15, +0.02, +0.35, +0.02]
  Cubo rotação    : [+0.000, -0.000, +0.016]  (roll/pitch/yaw)
  Cubo vel.linear : [+0.000, +0.000, +0.000]
────────────────────────────────────────────
 Ep  1 | Step  86
────────────────────────────────────────────
  Task            : PICK_AND_PLACE
  Action          : [+0.007, -0.014, +1.000, -1.000]
  EE posição      : [+0.139, +0.116, +0.013]
  EE velocidade   : [+0.109, +0.011, +0.442]
  Garra           : 0.039 m  (AGARRADA)
  Cubo posição    : [+0.157, +0.117, +0.029]
  Target (target_2): [-0.100, +0.000, +0.020]
  Dist EE→Cubo    : 0.0243 m
  Dist Cubo→target_2: 0.2823 m
  Reward          : -0.2823
  Sucesso         : False
  Obstáculo caminho: SIM  (count: 1)
  Obstáculo [obstacle_1]: tipo=box  massa=0.0 kg  tamanho=[0.02, 0.3, 0.02]
  Objeto [object_1]: tipo=box  massa=1.0 kg  tamanho=[0.04, 0.04, 0.04]
  Target goal     : {'type': 'goal_sequence', 'targets': [{'name': 'target', 'position': [0.15000000596046448, 0.0, 0.019999999552965164]}, {'name': 'target_1', 'position': [0.15000000596046448, 0.10000000149011612, 0.019999999552965164]}, {'name': 'target_2', 'position': [-0.10000000149011612, 0.0, 0.019999999552965164]}, {'name': 'target_3', 'position': [-0.10000000149011612, 0.10000000149011612, 0.019999999552965164]}], 'mode': 'goal_sequence'}
  Mesa            : 1.1x0.7x0.4 m  offset_x=-0.3
  Robô config     : control=ee  block_gripper=False  base=[-0.6, 0.0, 0.05]
  Scripts         : ['script_1', 'reach_only', 'left_right']
  Juntas ângulos  : [+0.15, +1.09, +0.01, -1.15, -0.01, +2.20, +0.95]
  Juntas veloc.   : [+0.00, -0.72, -0.01, -0.19, -0.01, -0.21, +0.02]
  Cubo rotação    : [+0.000, +0.021, +0.005]  (roll/pitch/yaw)
  Cubo vel.linear : [+0.104, +0.005, +0.448]
────────────────────────────────────────────
 Ep  1 | Step  87
────────────────────────────────────────────
  Task            : PICK_AND_PLACE
  Action          : [+0.057, -0.002, +0.998, -1.000]
  EE posição      : [+0.142, +0.116, +0.035]
  EE velocidade   : [+0.237, +0.032, +0.713]
  Garra           : 0.038 m  (AGARRADA)
  Cubo posição    : [+0.160, +0.117, +0.052]
  Target (target_2): [-0.100, +0.000, +0.020]
  Dist EE→Cubo    : 0.0249 m
  Dist Cubo→target_2: 0.2873 m
  Reward          : -0.2873
  Sucesso         : False
  Obstáculo caminho: SIM  (count: 1)
  Obstáculo [obstacle_1]: tipo=box  massa=0.0 kg  tamanho=[0.02, 0.3, 0.02]
  Objeto [object_1]: tipo=box  massa=1.0 kg  tamanho=[0.04, 0.04, 0.04]
  Target goal     : {'type': 'goal_sequence', 'targets': [{'name': 'target', 'position': [0.15000000596046448, 0.0, 0.019999999552965164]}, {'name': 'target_1', 'position': [0.15000000596046448, 0.10000000149011612, 0.019999999552965164]}, {'name': 'target_2', 'position': [-0.10000000149011612, 0.0, 0.019999999552965164]}, {'name': 'target_3', 'position': [-0.10000000149011612, 0.10000000149011612, 0.019999999552965164]}], 'mode': 'goal_sequence'}
  Mesa            : 1.1x0.7x0.4 m  offset_x=-0.3
  Robô config     : control=ee  block_gripper=False  base=[-0.6, 0.0, 0.05]
  Scripts         : ['script_1', 'reach_only', 'left_right']
  Juntas ângulos  : [+0.15, +1.05, +0.01, -1.17, -0.01, +2.19, +0.95]
  Juntas veloc.   : [-0.00, -1.04, +0.00, -0.14, -0.00, -0.08, +0.00]
  Cubo rotação    : [-0.000, +0.013, +0.006]  (roll/pitch/yaw)
  Cubo vel.linear : [+0.219, +0.011, +0.730]
────────────────────────────────────────────
 Ep  1 | Step  88
────────────────────────────────────────────
  Task            : PICK_AND_PLACE
  Action          : [+0.028, -0.005, +1.000, -1.000]
  EE posição      : [+0.147, +0.116, +0.068]
  EE velocidade   : [+0.243, +0.033, +0.869]
  Garra           : 0.037 m  (AGARRADA)
  Cubo posição    : [+0.166, +0.118, +0.085]
  Target (target_2): [-0.100, +0.000, +0.020]
  Dist EE→Cubo    : 0.0257 m
  Dist Cubo→target_2: 0.2978 m
  Reward          : -0.2978
  Sucesso         : False
  Obstáculo caminho: SIM  (count: 1)
  Obstáculo [obstacle_1]: tipo=box  massa=0.0 kg  tamanho=[0.02, 0.3, 0.02]
  Objeto [object_1]: tipo=box  massa=1.0 kg  tamanho=[0.04, 0.04, 0.04]
  Target goal     : {'type': 'goal_sequence', 'targets': [{'name': 'target', 'position': [0.15000000596046448, 0.0, 0.019999999552965164]}, {'name': 'target_1', 'position': [0.15000000596046448, 0.10000000149011612, 0.019999999552965164]}, {'name': 'target_2', 'position': [-0.10000000149011612, 0.0, 0.019999999552965164]}, {'name': 'target_3', 'position': [-0.10000000149011612, 0.10000000149011612, 0.019999999552965164]}], 'mode': 'goal_sequence'}
  Mesa            : 1.1x0.7x0.4 m  offset_x=-0.3
  Robô config     : control=ee  block_gripper=False  base=[-0.6, 0.0, 0.05]
  Scripts         : ['script_1', 'reach_only', 'left_right']
  Juntas ângulos  : [+0.15, +1.00, +0.01, -1.19, -0.01, +2.16, +0.95]
  Juntas veloc.   : [-0.01, -1.24, +0.00, -0.12, +0.00, -0.19, -0.00]
  Cubo rotação    : [+0.012, +0.005, -0.003]  (roll/pitch/yaw)
  Cubo vel.linear : [+0.228, +0.016, +0.888]
────────────────────────────────────────────
 Ep  1 | Step  89
────────────────────────────────────────────
  Task            : PICK_AND_PLACE
  Action          : [-0.056, -0.016, +0.998, -1.000]
  EE posição      : [+0.148, +0.116, +0.105]
  EE velocidade   : [+0.147, +0.019, +0.772]
  Garra           : 0.037 m  (AGARRADA)
  Cubo posição    : [+0.170, +0.118, +0.121]
  Target (target_2): [-0.100, +0.000, +0.020]
  Dist EE→Cubo    : 0.0273 m
  Dist Cubo→target_2: 0.3115 m
  Reward          : -0.3115
  Sucesso         : False
  Obstáculo caminho: SIM  (count: 1)
  Obstáculo [obstacle_1]: tipo=box  massa=0.0 kg  tamanho=[0.02, 0.3, 0.02]
  Objeto [object_1]: tipo=box  massa=1.0 kg  tamanho=[0.04, 0.04, 0.04]
  Target goal     : {'type': 'goal_sequence', 'targets': [{'name': 'target', 'position': [0.15000000596046448, 0.0, 0.019999999552965164]}, {'name': 'target_1', 'position': [0.15000000596046448, 0.10000000149011612, 0.019999999552965164]}, {'name': 'target_2', 'position': [-0.10000000149011612, 0.0, 0.019999999552965164]}, {'name': 'target_3', 'position': [-0.10000000149011612, 0.10000000149011612, 0.019999999552965164]}], 'mode': 'goal_sequence'}
  Mesa            : 1.1x0.7x0.4 m  offset_x=-0.3
  Robô config     : control=ee  block_gripper=False  base=[-0.6, 0.0, 0.05]
  Scripts         : ['script_1', 'reach_only', 'left_right']
  Juntas ângulos  : [+0.14, +0.93, +0.01, -1.20, -0.01, +2.12, +0.95]
  Juntas veloc.   : [-0.01, -1.13, +0.00, -0.13, +0.00, -0.30, -0.00]
  Cubo rotação    : [-0.003, +0.034, +0.001]  (roll/pitch/yaw)
  Cubo vel.linear : [+0.141, +0.018, +0.793]
────────────────────────────────────────────
 Ep  1 | Step  90
────────────────────────────────────────────
  Task            : PICK_AND_PLACE
  Action          : [-0.550, -0.087, +0.830, -1.000]
  EE posição      : [+0.139, +0.115, +0.135]
  EE velocidade   : [+0.017, +0.002, +0.670]
  Garra           : 0.035 m  (AGARRADA)
  Cubo posição    : [+0.166, +0.119, +0.151]
  Target (target_2): [-0.100, +0.000, +0.020]
  Dist EE→Cubo    : 0.0313 m
  Dist Cubo→target_2: 0.3194 m
  Reward          : -0.3194
  Sucesso         : False
  Obstáculo caminho: SIM  (count: 1)
  Obstáculo [obstacle_1]: tipo=box  massa=0.0 kg  tamanho=[0.02, 0.3, 0.02]
  Objeto [object_1]: tipo=box  massa=1.0 kg  tamanho=[0.04, 0.04, 0.04]
  Target goal     : {'type': 'goal_sequence', 'targets': [{'name': 'target', 'position': [0.15000000596046448, 0.0, 0.019999999552965164]}, {'name': 'target_1', 'position': [0.15000000596046448, 0.10000000149011612, 0.019999999552965164]}, {'name': 'target_2', 'position': [-0.10000000149011612, 0.0, 0.019999999552965164]}, {'name': 'target_3', 'position': [-0.10000000149011612, 0.10000000149011612, 0.019999999552965164]}], 'mode': 'goal_sequence'}
  Mesa            : 1.1x0.7x0.4 m  offset_x=-0.3
  Robô config     : control=ee  block_gripper=False  base=[-0.6, 0.0, 0.05]
  Scripts         : ['script_1', 'reach_only', 'left_right']
  Juntas ângulos  : [+0.14, +0.85, +0.01, -1.27, -0.01, +2.11, +0.95]
  Juntas veloc.   : [-0.01, -1.28, +0.00, -0.60, +0.00, -0.13, +0.00]
  Cubo rotação    : [+0.024, +0.111, +0.003]  (roll/pitch/yaw)
  Cubo vel.linear : [+0.007, +0.013, +0.692]
────────────────────────────────────────────
 Ep  1 | Step  91
────────────────────────────────────────────
  Task            : PICK_AND_PLACE
  Action          : [-0.898, -0.430, -0.095, -1.000]
  EE posição      : [+0.127, +0.102, +0.140]
  EE velocidade   : [-0.263, -0.248, -0.425]
  Garra           : 0.007 m  (FECHADA)
  Cubo posição    : [+0.166, +0.104, +0.161]
  Target (target_2): [-0.100, +0.000, +0.020]
  Dist EE→Cubo    : 0.0449 m
  Dist Cubo→target_2: 0.3189 m
  Reward          : -0.3189
  Sucesso         : False
  Obstáculo caminho: SIM  (count: 1)
  Obstáculo [obstacle_1]: tipo=box  massa=0.0 kg  tamanho=[0.02, 0.3, 0.02]
  Objeto [object_1]: tipo=box  massa=1.0 kg  tamanho=[0.04, 0.04, 0.04]
  Target goal     : {'type': 'goal_sequence', 'targets': [{'name': 'target', 'position': [0.15000000596046448, 0.0, 0.019999999552965164]}, {'name': 'target_1', 'position': [0.15000000596046448, 0.10000000149011612, 0.019999999552965164]}, {'name': 'target_2', 'position': [-0.10000000149011612, 0.0, 0.019999999552965164]}, {'name': 'target_3', 'position': [-0.10000000149011612, 0.10000000149011612, 0.019999999552965164]}], 'mode': 'goal_sequence'}
  Mesa            : 1.1x0.7x0.4 m  offset_x=-0.3
  Robô config     : control=ee  block_gripper=False  base=[-0.6, 0.0, 0.05]
  Scripts         : ['script_1', 'reach_only', 'left_right']
  Juntas ângulos  : [+0.13, +0.78, +0.01, -1.39, -0.01, +2.18, +0.93]
  Juntas veloc.   : [-0.27, -0.08, -0.02, -1.17, -0.04, +0.52, -0.14]
  Cubo rotação    : [-0.298, +0.072, +0.699]  (roll/pitch/yaw)
  Cubo vel.linear : [+0.144, -0.510, -0.146]
────────────────────────────────────────────
 Ep  1 | Step  92
────────────────────────────────────────────
  Task            : PICK_AND_PLACE
  Action          : [-0.906, -0.406, -0.121, -1.000]
  EE posição      : [+0.104, +0.086, +0.126]
  EE velocidade   : [-0.175, -0.138, +0.049]
  Garra           : 0.001 m  (FECHADA)
  Cubo posição    : [+0.172, +0.084, +0.147]
  Target (target_2): [-0.100, +0.000, +0.020]
  Dist EE→Cubo    : 0.0716 m
  Dist Cubo→target_2: 0.3118 m
  Reward          : -0.3118
  Sucesso         : False
  Obstáculo caminho: SIM  (count: 1)
  Obstáculo [obstacle_1]: tipo=box  massa=0.0 kg  tamanho=[0.02, 0.3, 0.02]
  Objeto [object_1]: tipo=box  massa=1.0 kg  tamanho=[0.04, 0.04, 0.04]
  Target goal     : {'type': 'goal_sequence', 'targets': [{'name': 'target', 'position': [0.15000000596046448, 0.0, 0.019999999552965164]}, {'name': 'target_1', 'position': [0.15000000596046448, 0.10000000149011612, 0.019999999552965164]}, {'name': 'target_2', 'position': [-0.10000000149011612, 0.0, 0.019999999552965164]}, {'name': 'target_3', 'position': [-0.10000000149011612, 0.10000000149011612, 0.019999999552965164]}], 'mode': 'goal_sequence'}
  Mesa            : 1.1x0.7x0.4 m  offset_x=-0.3
  Robô config     : control=ee  block_gripper=False  base=[-0.6, 0.0, 0.05]
  Scripts         : ['script_1', 'reach_only', 'left_right']
  Juntas ângulos  : [+0.11, +0.73, +0.01, -1.51, -0.01, +2.23, +0.91]
  Juntas veloc.   : [-0.15, -0.68, -0.02, -1.07, +0.01, +0.39, -0.12]
  Cubo rotação    : [-0.719, +0.245, +1.482]  (roll/pitch/yaw)
  Cubo vel.linear : [+0.143, -0.508, -0.537]
────────────────────────────────────────────
 Ep  1 | Step  93
────────────────────────────────────────────
  Task            : PICK_AND_PLACE
  Action          : [-0.918, -0.389, -0.073, -1.000]
  EE posição      : [+0.083, +0.072, +0.123]
  EE velocidade   : [-0.250, -0.157, -0.040]
  Garra           : 0.000 m  (FECHADA)
  Cubo posição    : [+0.178, +0.064, +0.118]
  Target (target_2): [-0.100, +0.000, +0.020]
  Dist EE→Cubo    : 0.0957 m
  Dist Cubo→target_2: 0.3011 m
  Reward          : -0.3011
  Sucesso         : False
  Obstáculo caminho: SIM  (count: 1)
  Obstáculo [obstacle_1]: tipo=box  massa=0.0 kg  tamanho=[0.02, 0.3, 0.02]
  Objeto [object_1]: tipo=box  massa=1.0 kg  tamanho=[0.04, 0.04, 0.04]
  Target goal     : {'type': 'goal_sequence', 'targets': [{'name': 'target', 'position': [0.15000000596046448, 0.0, 0.019999999552965164]}, {'name': 'target_1', 'position': [0.15000000596046448, 0.10000000149011612, 0.019999999552965164]}, {'name': 'target_2', 'position': [-0.10000000149011612, 0.0, 0.019999999552965164]}, {'name': 'target_3', 'position': [-0.10000000149011612, 0.10000000149011612, 0.019999999552965164]}], 'mode': 'goal_sequence'}
  Mesa            : 1.1x0.7x0.4 m  offset_x=-0.3
  Robô config     : control=ee  block_gripper=False  base=[-0.6, 0.0, 0.05]
  Scripts         : ['script_1', 'reach_only', 'left_right']
  Juntas ângulos  : [+0.10, +0.66, +0.01, -1.65, -0.01, +2.30, +0.89]
  Juntas veloc.   : [-0.18, -0.67, -0.02, -1.30, +0.01, +0.59, -0.14]
  Cubo rotação    : [-0.915, +0.640, +2.214]  (roll/pitch/yaw)
  Cubo vel.linear : [+0.143, -0.507, -0.928]
────────────────────────────────────────────
 Ep  1 | Step  94
────────────────────────────────────────────
  Task            : PICK_AND_PLACE
  Action          : [-0.928, -0.366, -0.066, -1.000]
  EE posição      : [+0.057, +0.058, +0.120]
  EE velocidade   : [-0.275, -0.144, -0.015]
  Garra           : 0.000 m  (FECHADA)
  Cubo posição    : [+0.183, +0.044, +0.072]
  Target (target_2): [-0.100, +0.000, +0.020]
  Dist EE→Cubo    : 0.1356 m
  Dist Cubo→target_2: 0.2914 m
  Reward          : -0.2914
  Sucesso         : False
  Obstáculo caminho: SIM  (count: 1)
  Obstáculo [obstacle_1]: tipo=box  massa=0.0 kg  tamanho=[0.02, 0.3, 0.02]
  Objeto [object_1]: tipo=box  massa=1.0 kg  tamanho=[0.04, 0.04, 0.04]
  Target goal     : {'type': 'goal_sequence', 'targets': [{'name': 'target', 'position': [0.15000000596046448, 0.0, 0.019999999552965164]}, {'name': 'target_1', 'position': [0.15000000596046448, 0.10000000149011612, 0.019999999552965164]}, {'name': 'target_2', 'position': [-0.10000000149011612, 0.0, 0.019999999552965164]}, {'name': 'target_3', 'position': [-0.10000000149011612, 0.10000000149011612, 0.019999999552965164]}], 'mode': 'goal_sequence'}
  Mesa            : 1.1x0.7x0.4 m  offset_x=-0.3
  Robô config     : control=ee  block_gripper=False  base=[-0.6, 0.0, 0.05]
  Scripts         : ['script_1', 'reach_only', 'left_right']
  Juntas ângulos  : [+0.08, +0.59, +0.00, -1.78, -0.00, +2.37, +0.87]
  Juntas veloc.   : [-0.17, -0.70, -0.02, -1.26, +0.02, +0.49, -0.14]
  Cubo rotação    : [-0.657, +1.022, -3.089]  (roll/pitch/yaw)
  Cubo vel.linear : [+0.142, -0.505, -1.316]
────────────────────────────────────────────
 Ep  1 | Step  95
────────────────────────────────────────────
  Task            : PICK_AND_PLACE
  Action          : [-0.937, -0.345, -0.057, -1.000]
  EE posição      : [+0.029, +0.044, +0.117]
  EE velocidade   : [-0.317, -0.138, -0.024]
  Garra           : 0.000 m  (FECHADA)
  Cubo posição    : [+0.186, +0.023, +0.024]
  Target (target_2): [-0.100, +0.000, +0.020]
  Dist EE→Cubo    : 0.1833 m
  Dist Cubo→target_2: 0.2872 m
  Reward          : -0.2872
  Sucesso         : False
  Obstáculo caminho: SIM  (count: 1)
  Obstáculo [obstacle_1]: tipo=box  massa=0.0 kg  tamanho=[0.02, 0.3, 0.02]
  Objeto [object_1]: tipo=box  massa=1.0 kg  tamanho=[0.04, 0.04, 0.04]
  Target goal     : {'type': 'goal_sequence', 'targets': [{'name': 'target', 'position': [0.15000000596046448, 0.0, 0.019999999552965164]}, {'name': 'target_1', 'position': [0.15000000596046448, 0.10000000149011612, 0.019999999552965164]}, {'name': 'target_2', 'position': [-0.10000000149011612, 0.0, 0.019999999552965164]}, {'name': 'target_3', 'position': [-0.10000000149011612, 0.10000000149011612, 0.019999999552965164]}], 'mode': 'goal_sequence'}
  Mesa            : 1.1x0.7x0.4 m  offset_x=-0.3
  Robô config     : control=ee  block_gripper=False  base=[-0.6, 0.0, 0.05]
  Scripts         : ['script_1', 'reach_only', 'left_right']
  Juntas ângulos  : [+0.07, +0.52, +0.00, -1.91, -0.00, +2.43, +0.86]
  Juntas veloc.   : [-0.16, -0.72, -0.02, -1.30, +0.02, +0.47, -0.15]
  Cubo rotação    : [-0.012, +1.217, -1.925]  (roll/pitch/yaw)
  Cubo vel.linear : [-0.205, -0.551, -0.118]
────────────────────────────────────────────
 Ep  1 | Step  96
────────────────────────────────────────────
  Task            : PICK_AND_PLACE
  Action          : [-0.945, -0.323, -0.049, -1.000]
  EE posição      : [-0.000, +0.031, +0.114]
  EE velocidade   : [-0.348, -0.129, -0.024]
  Garra           : 0.000 m  (FECHADA)
  Cubo posição    : [+0.179, +0.004, +0.021]
  Target (target_2): [-0.100, +0.000, +0.020]
  Dist EE→Cubo    : 0.2042 m
  Dist Cubo→target_2: 0.2795 m
  Reward          : -0.2795
  Sucesso         : False
  Obstáculo caminho: SIM  (count: 1)
  Obstáculo [obstacle_1]: tipo=box  massa=0.0 kg  tamanho=[0.02, 0.3, 0.02]
  Objeto [object_1]: tipo=box  massa=1.0 kg  tamanho=[0.04, 0.04, 0.04]
  Target goal     : {'type': 'goal_sequence', 'targets': [{'name': 'target', 'position': [0.15000000596046448, 0.0, 0.019999999552965164]}, {'name': 'target_1', 'position': [0.15000000596046448, 0.10000000149011612, 0.019999999552965164]}, {'name': 'target_2', 'position': [-0.10000000149011612, 0.0, 0.019999999552965164]}, {'name': 'target_3', 'position': [-0.10000000149011612, 0.10000000149011612, 0.019999999552965164]}], 'mode': 'goal_sequence'}
  Mesa            : 1.1x0.7x0.4 m  offset_x=-0.3
  Robô config     : control=ee  block_gripper=False  base=[-0.6, 0.0, 0.05]
  Scripts         : ['script_1', 'reach_only', 'left_right']
  Juntas ângulos  : [+0.05, +0.45, -0.00, -2.03, +0.00, +2.49, +0.84]
  Juntas veloc.   : [-0.16, -0.74, -0.02, -1.31, +0.02, +0.45, -0.15]
  Cubo rotação    : [+3.141, +1.515, +1.226]  (roll/pitch/yaw)
  Cubo vel.linear : [-0.136, -0.380, -0.014]
────────────────────────────────────────────
 Ep  1 | Step  97
────────────────────────────────────────────
  Task            : PICK_AND_PLACE
  Action          : [-0.954, -0.298, -0.040, -1.000]
  EE posição      : [-0.032, +0.019, +0.112]
  EE velocidade   : [-0.366, -0.117, -0.019]
  Garra           : -0.000 m  (FECHADA)
  Cubo posição    : [+0.175, -0.008, +0.020]
  Target (target_2): [-0.100, +0.000, +0.020]
  Dist EE→Cubo    : 0.2277 m
  Dist Cubo→target_2: 0.2750 m
  Reward          : -0.2750
  Sucesso         : False
  Obstáculo caminho: SIM  (count: 1)
  Obstáculo [obstacle_1]: tipo=box  massa=0.0 kg  tamanho=[0.02, 0.3, 0.02]
  Objeto [object_1]: tipo=box  massa=1.0 kg  tamanho=[0.04, 0.04, 0.04]
  Target goal     : {'type': 'goal_sequence', 'targets': [{'name': 'target', 'position': [0.15000000596046448, 0.0, 0.019999999552965164]}, {'name': 'target_1', 'position': [0.15000000596046448, 0.10000000149011612, 0.019999999552965164]}, {'name': 'target_2', 'position': [-0.10000000149011612, 0.0, 0.019999999552965164]}, {'name': 'target_3', 'position': [-0.10000000149011612, 0.10000000149011612, 0.019999999552965164]}], 'mode': 'goal_sequence'}
  Mesa            : 1.1x0.7x0.4 m  offset_x=-0.3
  Robô config     : control=ee  block_gripper=False  base=[-0.6, 0.0, 0.05]
  Scripts         : ['script_1', 'reach_only', 'left_right']
  Juntas ângulos  : [+0.04, +0.39, -0.01, -2.16, +0.00, +2.54, +0.81]
  Juntas veloc.   : [-0.15, -0.75, -0.03, -1.30, +0.02, +0.43, -0.16]
  Cubo rotação    : [+0.000, +1.571, +4.368]  (roll/pitch/yaw)
  Cubo vel.linear : [-0.088, -0.237, +0.001]
────────────────────────────────────────────
 Ep  1 | Step  98
────────────────────────────────────────────
  Task            : PICK_AND_PLACE
  Action          : [-0.963, -0.267, -0.027, -1.000]
  EE posição      : [-0.064, +0.008, +0.110]
  EE velocidade   : [-0.394, -0.101, -0.021]
  Garra           : -0.000 m  (FECHADA)
  Cubo posição    : [+0.172, -0.015, +0.020]
  Target (target_2): [-0.100, +0.000, +0.020]
  Dist EE→Cubo    : 0.2544 m
  Dist Cubo→target_2: 0.2728 m
  Reward          : -0.2728
  Sucesso         : False
  Obstáculo caminho: SIM  (count: 1)
  Obstáculo [obstacle_1]: tipo=box  massa=0.0 kg  tamanho=[0.02, 0.3, 0.02]
  Objeto [object_1]: tipo=box  massa=1.0 kg  tamanho=[0.04, 0.04, 0.04]
  Target goal     : {'type': 'goal_sequence', 'targets': [{'name': 'target', 'position': [0.15000000596046448, 0.0, 0.019999999552965164]}, {'name': 'target_1', 'position': [0.15000000596046448, 0.10000000149011612, 0.019999999552965164]}, {'name': 'target_2', 'position': [-0.10000000149011612, 0.0, 0.019999999552965164]}, {'name': 'target_3', 'position': [-0.10000000149011612, 0.10000000149011612, 0.019999999552965164]}], 'mode': 'goal_sequence'}
  Mesa            : 1.1x0.7x0.4 m  offset_x=-0.3
  Robô config     : control=ee  block_gripper=False  base=[-0.6, 0.0, 0.05]
  Scripts         : ['script_1', 'reach_only', 'left_right']
  Juntas ângulos  : [+0.03, +0.32, -0.01, -2.28, +0.01, +2.60, +0.79]
  Juntas veloc.   : [-0.14, -0.78, -0.03, -1.32, +0.02, +0.41, -0.16]
  Cubo rotação    : [+0.000, +1.571, +4.368]  (roll/pitch/yaw)
  Cubo vel.linear : [-0.039, -0.101, +0.000]
────────────────────────────────────────────
 Ep  1 | Step  99
────────────────────────────────────────────
  Task            : PICK_AND_PLACE
  Action          : [-0.977, -0.214, -0.004, -1.000]
  EE posição      : [-0.098, -0.001, +0.109]
  EE velocidade   : [-0.410, -0.074, -0.011]
  Garra           : -0.000 m  (FECHADA)
  Cubo posição    : [+0.172, -0.016, +0.020]
  Target (target_2): [-0.100, +0.000, +0.020]
  Dist EE→Cubo    : 0.2850 m
  Dist Cubo→target_2: 0.2723 m
  Reward          : -0.2723
  Sucesso         : False
  Obstáculo caminho: SIM  (count: 1)
  Obstáculo [obstacle_1]: tipo=box  massa=0.0 kg  tamanho=[0.02, 0.3, 0.02]
  Objeto [object_1]: tipo=box  massa=1.0 kg  tamanho=[0.04, 0.04, 0.04]
  Target goal     : {'type': 'goal_sequence', 'targets': [{'name': 'target', 'position': [0.15000000596046448, 0.0, 0.019999999552965164]}, {'name': 'target_1', 'position': [0.15000000596046448, 0.10000000149011612, 0.019999999552965164]}, {'name': 'target_2', 'position': [-0.10000000149011612, 0.0, 0.019999999552965164]}, {'name': 'target_3', 'position': [-0.10000000149011612, 0.10000000149011612, 0.019999999552965164]}], 'mode': 'goal_sequence'}
  Mesa            : 1.1x0.7x0.4 m  offset_x=-0.3
  Robô config     : control=ee  block_gripper=False  base=[-0.6, 0.0, 0.05]
  Scripts         : ['script_1', 'reach_only', 'left_right']
  Juntas ângulos  : [+0.01, +0.25, -0.02, -2.40, +0.01, +2.65, +0.78]
  Juntas veloc.   : [-0.11, -0.82, -0.04, -1.32, +0.01, +0.38, -0.14]
  Cubo rotação    : [+0.000, +1.571, +4.368]  (roll/pitch/yaw)
  Cubo vel.linear : [+0.000, -0.000, +0.000]
────────────────────────────────────────────
 Ep  1 | Step 100
────────────────────────────────────────────
  Task            : PICK_AND_PLACE
  Action          : [-0.693, +0.587, +0.419, -1.000]
  EE posição      : [-0.131, +0.019, +0.116]
  EE velocidade   : [+0.030, +0.443, +0.506]
  Garra           : 0.000 m  (FECHADA)
  Cubo posição    : [+0.172, -0.016, +0.020]
  Target (target_2): [-0.100, +0.000, +0.020]
  Dist EE→Cubo    : 0.3196 m
  Dist Cubo→target_2: 0.2723 m
  Reward          : -0.2723
  Sucesso         : False
  Obstáculo caminho: SIM  (count: 1)
  Obstáculo [obstacle_1]: tipo=box  massa=0.0 kg  tamanho=[0.02, 0.3, 0.02]
  Objeto [object_1]: tipo=box  massa=1.0 kg  tamanho=[0.04, 0.04, 0.04]
  Target goal     : {'type': 'goal_sequence', 'targets': [{'name': 'target', 'position': [0.15000000596046448, 0.0, 0.019999999552965164]}, {'name': 'target_1', 'position': [0.15000000596046448, 0.10000000149011612, 0.019999999552965164]}, {'name': 'target_2', 'position': [-0.10000000149011612, 0.0, 0.019999999552965164]}, {'name': 'target_3', 'position': [-0.10000000149011612, 0.10000000149011612, 0.019999999552965164]}], 'mode': 'goal_sequence'}
  Mesa            : 1.1x0.7x0.4 m  offset_x=-0.3
  Robô config     : control=ee  block_gripper=False  base=[-0.6, 0.0, 0.05]
  Scripts         : ['script_1', 'reach_only', 'left_right']
  Juntas ângulos  : [+0.04, +0.16, +0.00, -2.49, +0.00, +2.63, +0.83]
  Juntas veloc.   : [+0.74, -1.43, +0.19, -0.47, -0.05, -0.10, +0.44]
  Cubo rotação    : [+0.000, +1.571, -1.915]  (roll/pitch/yaw)
  Cubo vel.linear : [+0.000, -0.000, +0.000]
