────────────────────────────────────────────
 Ep  1 | Step   1
────────────────────────────────────────────
  Task            : OBJECT_DELIVERY_SEQUENCE
  Action          : [-0.984, +0.000, -0.179, +1.000]
  EE posição      : [+0.009, +0.000, +0.191]
  EE velocidade   : [-0.416, +0.000, -0.050]
  Garra           : 0.070 m  (ABERTA)  contatos=0
  Cubo posição    : [-0.250, +0.000, +0.020]
  Target (target): [+0.150, +0.000, +0.020]
  Dist EE→Cubo    : 0.3106 m
  Dist Cubo→target: 0.4000 m
  Reward          : -0.4000
  Sucesso         : False
  Obstáculo caminho: nao  (count: 0)
  Objeto [object_1]: tipo=box  massa=10 kg  tamanho=[0.04, 0.04, 0.04]
  Target goal     : {'type': 'goal_sequence', 'targets': [{'name': 'target', 'position': [0.15000000596046448, 0.0, 0.019999999552965164]}], 'mode': 'goal_sequence'}
  Mesa            : 1.1x0.7x0.4 m  offset_x=-0.3
  Robô config     : control=ee  block_gripper=False  base=[-0.6, 0.0, 0.05]
  Scripts         : ['script_1', 'reach_only', 'left_right']
  Juntas ângulos  : [-0.00, +0.34, +0.00, -1.98, -0.00, +2.32, +0.79]
  Juntas veloc.   : [-0.00, -0.95, +0.01, -1.57, -0.00, +0.45, -0.03]
  Cubo rotação    : [+0.000, -0.000, -0.000]  (roll/pitch/yaw)
  Cubo vel.linear : [-0.000, +0.000, -0.000]
────────────────────────────────────────────
 Ep  1 | Step   2
────────────────────────────────────────────
  Task            : OBJECT_DELIVERY_SEQUENCE
  Action          : [-0.985, -0.000, -0.173, +1.000]
  EE posição      : [-0.022, +0.000, +0.184]
  EE velocidade   : [-0.369, +0.000, -0.076]
  Garra           : 0.079 m  (ABERTA)  contatos=0
  Cubo posição    : [-0.250, +0.000, +0.020]
  Target (target): [+0.150, +0.000, +0.020]
  Dist EE→Cubo    : 0.2806 m
  Dist Cubo→target: 0.4000 m
  Reward          : -0.4000
  Sucesso         : False
  Obstáculo caminho: nao  (count: 0)
  Objeto [object_1]: tipo=box  massa=10 kg  tamanho=[0.04, 0.04, 0.04]
  Target goal     : {'type': 'goal_sequence', 'targets': [{'name': 'target', 'position': [0.15000000596046448, 0.0, 0.019999999552965164]}], 'mode': 'goal_sequence'}
  Mesa            : 1.1x0.7x0.4 m  offset_x=-0.3
  Robô config     : control=ee  block_gripper=False  base=[-0.6, 0.0, 0.05]
  Scripts         : ['script_1', 'reach_only', 'left_right']
  Juntas ângulos  : [-0.00, +0.27, +0.00, -2.11, -0.00, +2.38, +0.79]
  Juntas veloc.   : [-0.00, -0.76, +0.00, -1.33, +0.00, +0.44, -0.00]
  Cubo rotação    : [+0.000, -0.000, -0.000]  (roll/pitch/yaw)
  Cubo vel.linear : [-0.000, +0.000, -0.000]
────────────────────────────────────────────
 Ep  1 | Step   3
────────────────────────────────────────────
  Task            : OBJECT_DELIVERY_SEQUENCE
  Action          : [-0.985, -0.000, -0.170, +1.000]
  EE posição      : [-0.056, +0.000, +0.177]
  EE velocidade   : [-0.389, +0.000, -0.065]
  Garra           : 0.080 m  (ABERTA)  contatos=0
  Cubo posição    : [-0.250, +0.000, +0.020]
  Target (target): [+0.150, +0.000, +0.020]
  Dist EE→Cubo    : 0.2501 m
  Dist Cubo→target: 0.4000 m
  Reward          : -0.4000
  Sucesso         : False
  Obstáculo caminho: nao  (count: 0)
  Objeto [object_1]: tipo=box  massa=10 kg  tamanho=[0.04, 0.04, 0.04]
  Target goal     : {'type': 'goal_sequence', 'targets': [{'name': 'target', 'position': [0.15000000596046448, 0.0, 0.019999999552965164]}], 'mode': 'goal_sequence'}
  Mesa            : 1.1x0.7x0.4 m  offset_x=-0.3
  Robô config     : control=ee  block_gripper=False  base=[-0.6, 0.0, 0.05]
  Scripts         : ['script_1', 'reach_only', 'left_right']
  Juntas ângulos  : [-0.00, +0.20, +0.00, -2.23, -0.00, +2.43, +0.79]
  Juntas veloc.   : [-0.00, -0.80, +0.00, -1.35, +0.00, +0.43, -0.00]
  Cubo rotação    : [+0.000, -0.000, -0.000]  (roll/pitch/yaw)
  Cubo vel.linear : [-0.000, +0.000, -0.000]
────────────────────────────────────────────
 Ep  1 | Step   4
────────────────────────────────────────────
  Task            : OBJECT_DELIVERY_SEQUENCE
  Action          : [-0.986, -0.000, -0.164, +1.000]
  EE posição      : [-0.090, +0.000, +0.171]
  EE velocidade   : [-0.401, +0.000, -0.070]
  Garra           : 0.080 m  (ABERTA)  contatos=0
  Cubo posição    : [-0.250, +0.000, +0.020]
  Target (target): [+0.150, +0.000, +0.020]
  Dist EE→Cubo    : 0.2199 m
  Dist Cubo→target: 0.4000 m
  Reward          : -0.4000
  Sucesso         : False
  Obstáculo caminho: nao  (count: 0)
  Objeto [object_1]: tipo=box  massa=10 kg  tamanho=[0.04, 0.04, 0.04]
  Target goal     : {'type': 'goal_sequence', 'targets': [{'name': 'target', 'position': [0.15000000596046448, 0.0, 0.019999999552965164]}], 'mode': 'goal_sequence'}
  Mesa            : 1.1x0.7x0.4 m  offset_x=-0.3
  Robô config     : control=ee  block_gripper=False  base=[-0.6, 0.0, 0.05]
  Scripts         : ['script_1', 'reach_only', 'left_right']
  Juntas ângulos  : [-0.00, +0.13, +0.00, -2.36, -0.00, +2.48, +0.79]
  Juntas veloc.   : [-0.00, -0.80, +0.00, -1.33, +0.00, +0.41, -0.00]
  Cubo rotação    : [+0.000, -0.000, -0.000]  (roll/pitch/yaw)
  Cubo vel.linear : [-0.000, +0.000, -0.000]
────────────────────────────────────────────
 Ep  1 | Step   5
────────────────────────────────────────────
  Task            : OBJECT_DELIVERY_SEQUENCE
  Action          : [-0.988, -0.000, -0.158, +1.000]
  EE posição      : [-0.125, +0.000, +0.163]
  EE velocidade   : [-0.381, +0.001, -0.049]
  Garra           : 0.080 m  (ABERTA)  contatos=0
  Cubo posição    : [-0.250, +0.000, +0.020]
  Target (target): [+0.150, +0.000, +0.020]
  Dist EE→Cubo    : 0.1900 m
  Dist Cubo→target: 0.4000 m
  Reward          : -0.4000
  Sucesso         : False
  Obstáculo caminho: nao  (count: 0)
  Objeto [object_1]: tipo=box  massa=10 kg  tamanho=[0.04, 0.04, 0.04]
  Target goal     : {'type': 'goal_sequence', 'targets': [{'name': 'target', 'position': [0.15000000596046448, 0.0, 0.019999999552965164]}], 'mode': 'goal_sequence'}
  Mesa            : 1.1x0.7x0.4 m  offset_x=-0.3
  Robô config     : control=ee  block_gripper=False  base=[-0.6, 0.0, 0.05]
  Scripts         : ['script_1', 'reach_only', 'left_right']
  Juntas ângulos  : [-0.00, +0.06, +0.00, -2.48, -0.00, +2.54, +0.79]
  Juntas veloc.   : [-0.00, -0.81, +0.00, -1.25, +0.00, +0.39, -0.00]
  Cubo rotação    : [+0.000, -0.000, -0.000]  (roll/pitch/yaw)
  Cubo vel.linear : [-0.000, +0.000, -0.000]
────────────────────────────────────────────
 Ep  1 | Step   6
────────────────────────────────────────────
  Task            : OBJECT_DELIVERY_SEQUENCE
  Action          : [-0.990, -0.001, -0.144, +1.000]
  EE posição      : [-0.161, +0.000, +0.156]
  EE velocidade   : [-0.408, +0.001, -0.067]
  Garra           : 0.080 m  (ABERTA)  contatos=0
  Cubo posição    : [-0.250, +0.000, +0.020]
  Target (target): [+0.150, +0.000, +0.020]
  Dist EE→Cubo    : 0.1629 m
  Dist Cubo→target: 0.4000 m
  Reward          : -0.4000
  Sucesso         : False
  Obstáculo caminho: nao  (count: 0)
  Objeto [object_1]: tipo=box  massa=10 kg  tamanho=[0.04, 0.04, 0.04]
  Target goal     : {'type': 'goal_sequence', 'targets': [{'name': 'target', 'position': [0.15000000596046448, 0.0, 0.019999999552965164]}], 'mode': 'goal_sequence'}
  Mesa            : 1.1x0.7x0.4 m  offset_x=-0.3
  Robô config     : control=ee  block_gripper=False  base=[-0.6, 0.0, 0.05]
  Scripts         : ['script_1', 'reach_only', 'left_right']
  Juntas ângulos  : [-0.00, -0.02, +0.00, -2.60, +0.00, +2.58, +0.79]
  Juntas veloc.   : [-0.00, -0.83, +0.00, -1.28, +0.00, +0.37, -0.00]
  Cubo rotação    : [+0.000, -0.000, -0.000]  (roll/pitch/yaw)
  Cubo vel.linear : [-0.000, +0.000, -0.000]
────────────────────────────────────────────
 Ep  1 | Step   7
────────────────────────────────────────────
  Task            : OBJECT_DELIVERY_SEQUENCE
  Action          : [-0.992, -0.001, -0.125, +1.000]
  EE posição      : [-0.197, +0.000, +0.149]
  EE velocidade   : [-0.431, +0.000, -0.082]
  Garra           : 0.080 m  (ABERTA)  contatos=0
  Cubo posição    : [-0.250, +0.000, +0.020]
  Target (target): [+0.150, +0.000, +0.020]
  Dist EE→Cubo    : 0.1396 m
  Dist Cubo→target: 0.4000 m
  Reward          : -0.4000
  Sucesso         : False
  Obstáculo caminho: nao  (count: 0)
  Objeto [object_1]: tipo=box  massa=10 kg  tamanho=[0.04, 0.04, 0.04]
  Target goal     : {'type': 'goal_sequence', 'targets': [{'name': 'target', 'position': [0.15000000596046448, 0.0, 0.019999999552965164]}], 'mode': 'goal_sequence'}
  Mesa            : 1.1x0.7x0.4 m  offset_x=-0.3
  Robô config     : control=ee  block_gripper=False  base=[-0.6, 0.0, 0.05]
  Scripts         : ['script_1', 'reach_only', 'left_right']
  Juntas ângulos  : [-0.00, -0.09, +0.00, -2.72, +0.00, +2.63, +0.79]
  Juntas veloc.   : [-0.00, -0.85, +0.00, -1.30, +0.00, +0.34, -0.00]
  Cubo rotação    : [+0.000, -0.000, -0.000]  (roll/pitch/yaw)
  Cubo vel.linear : [-0.000, +0.000, -0.000]
────────────────────────────────────────────
 Ep  1 | Step   8
────────────────────────────────────────────
  Task            : OBJECT_DELIVERY_SEQUENCE
  Action          : [-0.997, -0.001, -0.079, +1.000]
  EE posição      : [-0.234, +0.000, +0.143]
  EE velocidade   : [-0.430, -0.000, -0.072]
  Garra           : 0.080 m  (ABERTA)  contatos=0
  Cubo posição    : [-0.250, +0.000, +0.020]
  Target (target): [+0.150, +0.000, +0.020]
  Dist EE→Cubo    : 0.1238 m
  Dist Cubo→target: 0.4000 m
  Reward          : -0.4000
  Sucesso         : False
  Obstáculo caminho: nao  (count: 0)
  Objeto [object_1]: tipo=box  massa=10 kg  tamanho=[0.04, 0.04, 0.04]
  Target goal     : {'type': 'goal_sequence', 'targets': [{'name': 'target', 'position': [0.15000000596046448, 0.0, 0.019999999552965164]}], 'mode': 'goal_sequence'}
  Mesa            : 1.1x0.7x0.4 m  offset_x=-0.3
  Robô config     : control=ee  block_gripper=False  base=[-0.6, 0.0, 0.05]
  Scripts         : ['script_1', 'reach_only', 'left_right']
  Juntas ângulos  : [-0.00, -0.17, +0.00, -2.83, +0.00, +2.66, +0.79]
  Juntas veloc.   : [+0.00, -0.93, +0.00, -1.29, +0.00, +0.28, -0.00]
  Cubo rotação    : [+0.000, -0.000, -0.000]  (roll/pitch/yaw)
  Cubo vel.linear : [-0.000, +0.000, -0.000]
────────────────────────────────────────────
 Ep  1 | Step   9
────────────────────────────────────────────
  Task            : OBJECT_DELIVERY_SEQUENCE
  Action          : [-0.991, -0.001, +0.136, +1.000]
  EE posição      : [-0.271, -0.000, +0.139]
  EE velocidade   : [-0.374, -0.000, +0.026]
  Garra           : 0.080 m  (ABERTA)  contatos=0
  Cubo posição    : [-0.250, +0.000, +0.020]
  Target (target): [+0.150, +0.000, +0.020]
  Dist EE→Cubo    : 0.1214 m
  Dist Cubo→target: 0.4000 m
  Reward          : -0.4000
  Sucesso         : False
  Obstáculo caminho: nao  (count: 0)
  Objeto [object_1]: tipo=box  massa=10 kg  tamanho=[0.04, 0.04, 0.04]
  Target goal     : {'type': 'goal_sequence', 'targets': [{'name': 'target', 'position': [0.15000000596046448, 0.0, 0.019999999552965164]}], 'mode': 'goal_sequence'}
  Mesa            : 1.1x0.7x0.4 m  offset_x=-0.3
  Robô config     : control=ee  block_gripper=False  base=[-0.6, 0.0, 0.05]
  Scripts         : ['script_1', 'reach_only', 'left_right']
  Juntas ângulos  : [-0.00, -0.26, +0.00, -2.95, +0.00, +2.67, +0.79]
  Juntas veloc.   : [+0.00, -1.30, -0.00, -1.23, +0.00, +0.06, -0.00]
  Cubo rotação    : [+0.000, -0.000, -0.000]  (roll/pitch/yaw)
  Cubo vel.linear : [-0.000, +0.000, -0.000]
────────────────────────────────────────────
 Ep  1 | Step  10
────────────────────────────────────────────
  Task            : OBJECT_DELIVERY_SEQUENCE
  Action          : [+0.221, +0.000, -0.975, +1.000]
  EE posição      : [-0.259, -0.000, +0.128]
  EE velocidade   : [-0.410, +0.000, -1.063]
  Garra           : 0.080 m  (ABERTA)  contatos=0
  Cubo posição    : [-0.250, +0.000, +0.020]
  Target (target): [+0.150, +0.000, +0.020]
  Dist EE→Cubo    : 0.1080 m
  Dist Cubo→target: 0.4000 m
  Reward          : -0.4000
  Sucesso         : False
  Obstáculo caminho: nao  (count: 0)
  Objeto [object_1]: tipo=box  massa=10 kg  tamanho=[0.04, 0.04, 0.04]
  Target goal     : {'type': 'goal_sequence', 'targets': [{'name': 'target', 'position': [0.15000000596046448, 0.0, 0.019999999552965164]}], 'mode': 'goal_sequence'}
  Mesa            : 1.1x0.7x0.4 m  offset_x=-0.3
  Robô config     : control=ee  block_gripper=False  base=[-0.6, 0.0, 0.05]
  Scripts         : ['script_1', 'reach_only', 'left_right']
  Juntas ângulos  : [-0.00, -0.18, +0.00, -2.94, +0.00, +2.79, +0.79]
  Juntas veloc.   : [-0.00, +3.63, +0.00, +0.27, -0.00, +0.94, +0.00]
  Cubo rotação    : [+0.000, -0.000, -0.000]  (roll/pitch/yaw)
  Cubo vel.linear : [-0.000, +0.000, -0.000]
────────────────────────────────────────────
 Ep  1 | Step  11
────────────────────────────────────────────
  Task            : OBJECT_DELIVERY_SEQUENCE
  Action          : [+0.109, +0.000, -0.994, +1.000]
  EE posição      : [-0.265, -0.000, +0.088]
  EE velocidade   : [-0.271, +0.000, -0.620]
  Garra           : 0.080 m  (ABERTA)  contatos=0
  Cubo posição    : [-0.250, +0.000, +0.020]
  Target (target): [+0.150, +0.000, +0.020]
  Dist EE→Cubo    : 0.0700 m
  Dist Cubo→target: 0.4000 m
  Reward          : -0.4000
  Sucesso         : False
  Obstáculo caminho: nao  (count: 0)
  Objeto [object_1]: tipo=box  massa=10 kg  tamanho=[0.04, 0.04, 0.04]
  Target goal     : {'type': 'goal_sequence', 'targets': [{'name': 'target', 'position': [0.15000000596046448, 0.0, 0.019999999552965164]}], 'mode': 'goal_sequence'}
  Mesa            : 1.1x0.7x0.4 m  offset_x=-0.3
  Robô config     : control=ee  block_gripper=False  base=[-0.6, 0.0, 0.05]
  Scripts         : ['script_1', 'reach_only', 'left_right']
  Juntas ângulos  : [-0.00, -0.03, +0.00, -2.91, +0.00, +2.86, +0.79]
  Juntas veloc.   : [-0.00, +2.19, +0.00, +0.28, -0.00, +0.51, +0.00]
  Cubo rotação    : [+0.000, -0.000, -0.000]  (roll/pitch/yaw)
  Cubo vel.linear : [+0.000, +0.000, +0.000]
────────────────────────────────────────────
 Ep  1 | Step  12
────────────────────────────────────────────
  Task            : OBJECT_DELIVERY_SEQUENCE
  Action          : [+0.322, +0.000, -0.947, +1.000]
  EE posição      : [-0.257, -0.000, +0.059]
  EE velocidade   : [-0.178, +0.000, -0.588]
  Garra           : 0.080 m  (ABERTA)  contatos=0
  Cubo posição    : [-0.250, +0.000, +0.020]
  Target (target): [+0.150, +0.000, +0.020]
  Dist EE→Cubo    : 0.0391 m
  Dist Cubo→target: 0.4000 m
  Reward          : -0.4000
  Sucesso         : False
  Obstáculo caminho: nao  (count: 0)
  Objeto [object_1]: tipo=box  massa=10 kg  tamanho=[0.04, 0.04, 0.04]
  Target goal     : {'type': 'goal_sequence', 'targets': [{'name': 'target', 'position': [0.15000000596046448, 0.0, 0.019999999552965164]}], 'mode': 'goal_sequence'}
  Mesa            : 1.1x0.7x0.4 m  offset_x=-0.3
  Robô config     : control=ee  block_gripper=False  base=[-0.6, 0.0, 0.05]
  Scripts         : ['script_1', 'reach_only', 'left_right']
  Juntas ângulos  : [-0.00, +0.11, +0.00, -2.87, -0.00, +2.97, +0.79]
  Juntas veloc.   : [+0.00, +2.20, -0.00, +0.42, -0.00, +0.87, +0.00]
  Cubo rotação    : [-0.000, -0.000, -0.000]  (roll/pitch/yaw)
  Cubo vel.linear : [+0.000, -0.000, +0.000]
────────────────────────────────────────────
 Ep  1 | Step  13
────────────────────────────────────────────
  Task            : OBJECT_DELIVERY_SEQUENCE
  Action          : [+0.444, +0.001, -0.896, +1.000]
  EE posição      : [-0.245, +0.000, +0.027]
  EE velocidade   : [-0.104, +0.000, -0.615]
  Garra           : 0.080 m  (ABERTA)  contatos=0
  Cubo posição    : [-0.250, +0.000, +0.020]
  Target (target): [+0.150, +0.000, +0.020]
  Dist EE→Cubo    : 0.0092 m
  Dist Cubo→target: 0.4000 m
  Reward          : -0.4000
  Sucesso         : False
  Obstáculo caminho: nao  (count: 0)
  Objeto [object_1]: tipo=box  massa=10 kg  tamanho=[0.04, 0.04, 0.04]
  Target goal     : {'type': 'goal_sequence', 'targets': [{'name': 'target', 'position': [0.15000000596046448, 0.0, 0.019999999552965164]}], 'mode': 'goal_sequence'}
  Mesa            : 1.1x0.7x0.4 m  offset_x=-0.3
  Robô config     : control=ee  block_gripper=False  base=[-0.6, 0.0, 0.05]
  Scripts         : ['script_1', 'reach_only', 'left_right']
  Juntas ângulos  : [-0.00, +0.26, +0.00, -2.81, -0.00, +3.05, +0.79]
  Juntas veloc.   : [+0.00, +2.32, -0.00, +0.80, -0.00, +0.62, +0.00]
  Cubo rotação    : [-0.000, -0.000, -0.000]  (roll/pitch/yaw)
  Cubo vel.linear : [+0.000, -0.000, +0.000]
────────────────────────────────────────────
 Ep  1 | Step  14
────────────────────────────────────────────
  Task            : OBJECT_DELIVERY_SEQUENCE
  Action          : [+0.000, +0.000, +0.000, -1.000]
  EE posição      : [-0.251, +0.000, +0.020]
  EE velocidade   : [+0.049, +0.000, +0.073]
  Garra           : 0.038 m  (AGARRADA)  contatos=2
  Cubo posição    : [-0.250, +0.000, +0.021]
  Target (target): [+0.150, +0.000, +0.020]
  Dist EE→Cubo    : 0.0011 m
  Dist Cubo→target: 0.3997 m
  Reward          : -0.3997
  Sucesso         : False
  Obstáculo caminho: nao  (count: 0)
  Objeto [object_1]: tipo=box  massa=10 kg  tamanho=[0.04, 0.04, 0.04]
  Target goal     : {'type': 'goal_sequence', 'targets': [{'name': 'target', 'position': [0.15000000596046448, 0.0, 0.019999999552965164]}], 'mode': 'goal_sequence'}
  Mesa            : 1.1x0.7x0.4 m  offset_x=-0.3
  Robô config     : control=ee  block_gripper=False  base=[-0.6, 0.0, 0.05]
  Scripts         : ['script_1', 'reach_only', 'left_right']
  Juntas ângulos  : [-0.00, +0.28, +0.00, -2.82, -0.00, +3.07, +0.79]
  Juntas veloc.   : [+0.00, -0.22, -0.00, -0.09, -0.00, +0.14, +0.00]
  Cubo rotação    : [+0.001, -0.006, +0.005]  (roll/pitch/yaw)
  Cubo vel.linear : [+0.049, -0.000, +0.074]
────────────────────────────────────────────
 Ep  1 | Step  15
────────────────────────────────────────────
  Task            : OBJECT_DELIVERY_SEQUENCE
  Action          : [+0.000, +0.000, +0.000, -1.000]
  EE posição      : [-0.250, +0.000, +0.021]
  EE velocidade   : [+0.002, +0.000, +0.006]
  Garra           : 0.037 m  (AGARRADA)  contatos=2
  Cubo posição    : [-0.249, +0.000, +0.022]
  Target (target): [+0.150, +0.000, +0.020]
  Dist EE→Cubo    : 0.0010 m
  Dist Cubo→target: 0.3993 m
  Reward          : -0.3993
  Sucesso         : False
  Obstáculo caminho: nao  (count: 0)
  Objeto [object_1]: tipo=box  massa=10 kg  tamanho=[0.04, 0.04, 0.04]
  Target goal     : {'type': 'goal_sequence', 'targets': [{'name': 'target', 'position': [0.15000000596046448, 0.0, 0.019999999552965164]}], 'mode': 'goal_sequence'}
  Mesa            : 1.1x0.7x0.4 m  offset_x=-0.3
  Robô config     : control=ee  block_gripper=False  base=[-0.6, 0.0, 0.05]
  Scripts         : ['script_1', 'reach_only', 'left_right']
  Juntas ângulos  : [-0.00, +0.28, +0.00, -2.83, -0.00, +3.10, +0.79]
  Juntas veloc.   : [+0.00, -0.00, -0.00, -0.08, -0.00, +0.22, +0.00]
  Cubo rotação    : [+0.001, -0.024, +0.005]  (roll/pitch/yaw)
  Cubo vel.linear : [+0.001, -0.000, +0.007]
────────────────────────────────────────────
 Ep  1 | Step  16
────────────────────────────────────────────
  Task            : OBJECT_DELIVERY_SEQUENCE
  Action          : [+0.000, +0.000, +1.000, -1.000]
  EE posição      : [-0.265, +0.000, +0.032]
  EE velocidade   : [+0.112, +0.000, +0.458]
  Garra           : 0.033 m  (AGARRADA)  contatos=2
  Cubo posição    : [-0.255, +0.000, +0.023]
  Target (target): [+0.150, +0.000, +0.020]
  Dist EE→Cubo    : 0.0127 m
  Dist Cubo→target: 0.4053 m
  Reward          : -0.4053
  Sucesso         : False
  Obstáculo caminho: nao  (count: 0)
  Objeto [object_1]: tipo=box  massa=10 kg  tamanho=[0.04, 0.04, 0.04]
  Target goal     : {'type': 'goal_sequence', 'targets': [{'name': 'target', 'position': [0.15000000596046448, 0.0, 0.019999999552965164]}], 'mode': 'goal_sequence'}
  Mesa            : 1.1x0.7x0.4 m  offset_x=-0.3
  Robô config     : control=ee  block_gripper=False  base=[-0.6, 0.0, 0.05]
  Scripts         : ['script_1', 'reach_only', 'left_right']
  Juntas ângulos  : [-0.00, +0.21, +0.00, -2.85, -0.00, +3.00, +0.79]
  Juntas veloc.   : [+0.00, -1.78, +0.00, -0.43, -0.00, -0.78, +0.00]
  Cubo rotação    : [-0.000, +0.193, -0.002]  (roll/pitch/yaw)
  Cubo vel.linear : [-0.115, +0.006, +0.175]
────────────────────────────────────────────
 Ep  1 | Step  17
────────────────────────────────────────────
  Task            : OBJECT_DELIVERY_SEQUENCE
  Action          : [+0.000, +0.000, +1.000, -1.000]
  EE posição      : [-0.269, +0.000, +0.057]
  EE velocidade   : [+0.234, +0.001, +0.606]
  Garra           : 0.032 m  (AGARRADA)  contatos=2
  Cubo posição    : [-0.264, +0.000, +0.035]
  Target (target): [+0.150, +0.000, +0.020]
  Dist EE→Cubo    : 0.0224 m
  Dist Cubo→target: 0.4140 m
  Reward          : -0.4140
  Sucesso         : False
  Obstáculo caminho: nao  (count: 0)
  Objeto [object_1]: tipo=box  massa=10 kg  tamanho=[0.04, 0.04, 0.04]
  Target goal     : {'type': 'goal_sequence', 'targets': [{'name': 'target', 'position': [0.15000000596046448, 0.0, 0.019999999552965164]}], 'mode': 'goal_sequence'}
  Mesa            : 1.1x0.7x0.4 m  offset_x=-0.3
  Robô config     : control=ee  block_gripper=False  base=[-0.6, 0.0, 0.05]
  Scripts         : ['script_1', 'reach_only', 'left_right']
  Juntas ângulos  : [-0.00, +0.09, +0.00, -2.90, -0.00, +2.96, +0.79]
  Juntas veloc.   : [+0.00, -2.28, +0.00, -0.57, +0.00, -0.29, +0.00]
  Cubo rotação    : [+0.007, +0.858, +0.016]  (roll/pitch/yaw)
  Cubo vel.linear : [-0.165, +0.006, +0.368]
────────────────────────────────────────────
 Ep  1 | Step  18
────────────────────────────────────────────
  Task            : OBJECT_DELIVERY_SEQUENCE
  Action          : [+0.000, +0.000, +1.000, -1.000]
  EE posição      : [-0.266, +0.000, +0.086]
  EE velocidade   : [+0.136, -0.001, +0.416]
  Garra           : 0.007 m  (FECHADA)  contatos=0
  Cubo posição    : [-0.274, -0.001, +0.046]
  Target (target): [+0.150, +0.000, +0.020]
  Dist EE→Cubo    : 0.0405 m
  Dist Cubo→target: 0.4251 m
  Reward          : -0.4251
  Sucesso         : False
  Obstáculo caminho: nao  (count: 0)
  Objeto [object_1]: tipo=box  massa=10 kg  tamanho=[0.04, 0.04, 0.04]
  Target goal     : {'type': 'goal_sequence', 'targets': [{'name': 'target', 'position': [0.15000000596046448, 0.0, 0.019999999552965164]}], 'mode': 'goal_sequence'}
  Mesa            : 1.1x0.7x0.4 m  offset_x=-0.3
  Robô config     : control=ee  block_gripper=False  base=[-0.6, 0.0, 0.05]
  Scripts         : ['script_1', 'reach_only', 'left_right']
  Juntas ângulos  : [-0.00, -0.03, +0.00, -2.92, -0.00, +2.89, +0.79]
  Juntas veloc.   : [+0.00, -1.57, -0.00, -0.22, +0.00, -0.59, -0.00]
  Cubo rotação    : [+1.277, +1.358, +1.231]  (roll/pitch/yaw)
  Cubo vel.linear : [-0.274, -0.060, +0.120]
────────────────────────────────────────────
 Ep  1 | Step  19
────────────────────────────────────────────
  Task            : OBJECT_DELIVERY_SEQUENCE
  Action          : [+0.000, +0.000, +1.000, -1.000]
  EE posição      : [-0.264, +0.000, +0.112]
  EE velocidade   : [+0.178, +0.000, +0.472]
  Garra           : 0.001 m  (FECHADA)  contatos=0
  Cubo posição    : [-0.285, -0.004, +0.043]
  Target (target): [+0.150, +0.000, +0.020]
  Dist EE→Cubo    : 0.0730 m
  Dist Cubo→target: 0.4358 m
  Reward          : -0.4358
  Sucesso         : False
  Obstáculo caminho: nao  (count: 0)
  Objeto [object_1]: tipo=box  massa=10 kg  tamanho=[0.04, 0.04, 0.04]
  Target goal     : {'type': 'goal_sequence', 'targets': [{'name': 'target', 'position': [0.15000000596046448, 0.0, 0.019999999552965164]}], 'mode': 'goal_sequence'}
  Mesa            : 1.1x0.7x0.4 m  offset_x=-0.3
  Robô config     : control=ee  block_gripper=False  base=[-0.6, 0.0, 0.05]
  Scripts         : ['script_1', 'reach_only', 'left_right']
  Juntas ângulos  : [-0.00, -0.14, +0.00, -2.92, +0.00, +2.78, +0.79]
  Juntas veloc.   : [+0.00, -1.62, +0.00, +0.01, +0.00, -0.86, -0.00]
  Cubo rotação    : [+2.500, +0.877, +2.400]  (roll/pitch/yaw)
  Cubo vel.linear : [-0.273, -0.060, -0.273]
────────────────────────────────────────────
 Ep  1 | Step  20
────────────────────────────────────────────
  Task            : OBJECT_DELIVERY_SEQUENCE
  Action          : [+0.000, +0.000, +1.000, -1.000]
  EE posição      : [-0.261, +0.000, +0.141]
  EE velocidade   : [+0.140, +0.000, +0.447]
  Garra           : 0.000 m  (FECHADA)  contatos=0
  Cubo posição    : [-0.292, -0.006, +0.033]
  Target (target): [+0.150, +0.000, +0.020]
  Dist EE→Cubo    : 0.1125 m
  Dist Cubo→target: 0.4422 m
  Reward          : -0.4422
  Sucesso         : False
  Obstáculo caminho: nao  (count: 0)
  Objeto [object_1]: tipo=box  massa=10 kg  tamanho=[0.04, 0.04, 0.04]
  Target goal     : {'type': 'goal_sequence', 'targets': [{'name': 'target', 'position': [0.15000000596046448, 0.0, 0.019999999552965164]}], 'mode': 'goal_sequence'}
  Mesa            : 1.1x0.7x0.4 m  offset_x=-0.3
  Robô config     : control=ee  block_gripper=False  base=[-0.6, 0.0, 0.05]
  Scripts         : ['script_1', 'reach_only', 'left_right']
  Juntas ângulos  : [-0.00, -0.24, +0.00, -2.91, +0.00, +2.66, +0.79]
  Juntas veloc.   : [+0.00, -1.44, -0.00, +0.09, +0.00, -0.87, -0.00]
  Cubo rotação    : [+2.617, +0.505, +2.490]  (roll/pitch/yaw)
  Cubo vel.linear : [+0.002, -0.029, +0.013]
────────────────────────────────────────────
 Ep  1 | Step  21
────────────────────────────────────────────
  Task            : OBJECT_DELIVERY_SEQUENCE
  Action          : [+0.000, +0.000, +1.000, -1.000]
  EE posição      : [-0.257, +0.000, +0.172]
  EE velocidade   : [+0.129, +0.000, +0.468]
  Garra           : 0.000 m  (FECHADA)  contatos=0
  Cubo posição    : [-0.290, -0.006, +0.033]
  Target (target): [+0.150, +0.000, +0.020]
  Dist EE→Cubo    : 0.1427 m
  Dist Cubo→target: 0.4406 m
  Reward          : -0.4406
  Sucesso         : False
  Obstáculo caminho: nao  (count: 0)
  Objeto [object_1]: tipo=box  massa=10 kg  tamanho=[0.04, 0.04, 0.04]
  Target goal     : {'type': 'goal_sequence', 'targets': [{'name': 'target', 'position': [0.15000000596046448, 0.0, 0.019999999552965164]}], 'mode': 'goal_sequence'}
  Mesa            : 1.1x0.7x0.4 m  offset_x=-0.3
  Robô config     : control=ee  block_gripper=False  base=[-0.6, 0.0, 0.05]
  Scripts         : ['script_1', 'reach_only', 'left_right']
  Juntas ângulos  : [-0.00, -0.33, +0.00, -2.88, +0.00, +2.54, +0.79]
  Juntas veloc.   : [-0.00, -1.36, -0.00, +0.21, +0.00, -0.91, -0.00]
  Cubo rotação    : [+2.632, +0.457, +2.497]  (roll/pitch/yaw)
  Cubo vel.linear : [+0.074, -0.004, -0.018]
────────────────────────────────────────────
 Ep  1 | Step  22
────────────────────────────────────────────
  Task            : OBJECT_DELIVERY_SEQUENCE
  Action          : [+0.000, +0.000, +1.000, -1.000]
  EE posição      : [-0.253, +0.000, +0.204]
  EE velocidade   : [+0.109, +0.000, +0.456]
  Garra           : 0.000 m  (FECHADA)  contatos=0
  Cubo posição    : [-0.286, -0.006, +0.031]
  Target (target): [+0.150, +0.000, +0.020]
  Dist EE→Cubo    : 0.1759 m
  Dist Cubo→target: 0.4358 m
  Reward          : -0.4358
  Sucesso         : False
  Obstáculo caminho: nao  (count: 0)
  Objeto [object_1]: tipo=box  massa=10 kg  tamanho=[0.04, 0.04, 0.04]
  Target goal     : {'type': 'goal_sequence', 'targets': [{'name': 'target', 'position': [0.15000000596046448, 0.0, 0.019999999552965164]}], 'mode': 'goal_sequence'}
  Mesa            : 1.1x0.7x0.4 m  offset_x=-0.3
  Robô config     : control=ee  block_gripper=False  base=[-0.6, 0.0, 0.05]
  Scripts         : ['script_1', 'reach_only', 'left_right']
  Juntas ângulos  : [-0.00, -0.41, +0.00, -2.85, +0.00, +2.42, +0.79]
  Juntas veloc.   : [-0.00, -1.13, -0.00, +0.35, +0.00, -0.92, -0.00]
  Cubo rotação    : [+2.734, +0.342, +2.536]  (roll/pitch/yaw)
  Cubo vel.linear : [+0.166, +0.017, -0.075]
────────────────────────────────────────────
 Ep  1 | Step  23
────────────────────────────────────────────
  Task            : OBJECT_DELIVERY_SEQUENCE
  Action          : [+1.000, -0.000, +0.000, -1.000]
  EE posição      : [-0.216, +0.000, +0.218]
  EE velocidade   : [+0.544, -0.000, -0.244]
  Garra           : 0.000 m  (FECHADA)  contatos=0
  Cubo posição    : [-0.277, -0.005, +0.026]
  Target (target): [+0.150, +0.000, +0.020]
  Dist EE→Cubo    : 0.2019 m
  Dist Cubo→target: 0.4269 m
  Reward          : -0.4269
  Sucesso         : False
  Obstáculo caminho: nao  (count: 0)
  Objeto [object_1]: tipo=box  massa=10 kg  tamanho=[0.04, 0.04, 0.04]
  Target goal     : {'type': 'goal_sequence', 'targets': [{'name': 'target', 'position': [0.15000000596046448, 0.0, 0.019999999552965164]}], 'mode': 'goal_sequence'}
  Mesa            : 1.1x0.7x0.4 m  offset_x=-0.3
  Robô config     : control=ee  block_gripper=False  base=[-0.6, 0.0, 0.05]
  Scripts         : ['script_1', 'reach_only', 'left_right']
  Juntas ângulos  : [-0.00, -0.33, +0.00, -2.75, +0.00, +2.44, +0.79]
  Juntas veloc.   : [-0.00, +2.67, -0.00, +1.88, +0.00, +0.10, -0.00]
  Cubo rotação    : [+2.937, +0.110, +2.582]  (roll/pitch/yaw)
  Cubo vel.linear : [+0.261, +0.036, -0.231]
────────────────────────────────────────────
 Ep  1 | Step  24
────────────────────────────────────────────
  Task            : VACUUM_ASSIST
  Action          : [+0.000, +0.000, +0.000, +1.000]
  EE posição      : [-0.217, +0.000, +0.213]
  EE velocidade   : [+0.043, +0.000, +0.210]
  Garra           : 0.070 m  (ABERTA)  contatos=0
  Cubo posição    : [-0.271, -0.001, +0.022]
  Target (target): [+0.150, +0.000, +0.020]
  Dist EE→Cubo    : 0.1993 m
  Dist Cubo→target: 0.4214 m
  Reward          : -0.4214
  Sucesso         : False
  Obstáculo caminho: nao  (count: 0)
  Objeto [object_1]: tipo=box  massa=10 kg  tamanho=[0.04, 0.04, 0.04]
  Target goal     : {'type': 'goal_sequence', 'targets': [{'name': 'target', 'position': [0.15000000596046448, 0.0, 0.019999999552965164]}], 'mode': 'goal_sequence'}
  Mesa            : 1.1x0.7x0.4 m  offset_x=-0.3
  Robô config     : control=ee  block_gripper=False  base=[-0.6, 0.0, 0.05]
  Scripts         : ['script_1', 'reach_only', 'left_right']
  Juntas ângulos  : [-0.00, -0.32, +0.00, -2.73, +0.00, +2.41, +0.79]
  Juntas veloc.   : [-0.00, -0.54, +0.00, +0.05, +0.00, -0.21, -0.00]
  Cubo rotação    : [-3.063, +0.010, +2.582]  (roll/pitch/yaw)
  Cubo vel.linear : [+0.003, +0.049, +0.065]
────────────────────────────────────────────
 Ep  1 | Step  25
────────────────────────────────────────────
  Task            : VACUUM_ASSIST
  Action          : [-0.309, -0.005, -0.951, +1.000]
  EE posição      : [-0.224, -0.000, +0.188]
  EE velocidade   : [-0.542, -0.002, -0.924]
  Garra           : 0.079 m  (ABERTA)  contatos=0
  Cubo posição    : [-0.272, -0.002, +0.021]
  Target (target): [+0.150, +0.000, +0.020]
  Dist EE→Cubo    : 0.1736 m
  Dist Cubo→target: 0.4216 m
  Reward          : -0.4216
  Sucesso         : False
  Obstáculo caminho: nao  (count: 0)
  Objeto [object_1]: tipo=box  massa=10 kg  tamanho=[0.04, 0.04, 0.04]
  Target goal     : {'type': 'goal_sequence', 'targets': [{'name': 'target', 'position': [0.15000000596046448, 0.0, 0.019999999552965164]}], 'mode': 'goal_sequence'}
  Mesa            : 1.1x0.7x0.4 m  offset_x=-0.3
  Robô config     : control=ee  block_gripper=False  base=[-0.6, 0.0, 0.05]
  Scripts         : ['script_1', 'reach_only', 'left_right']
  Juntas ângulos  : [-0.00, -0.28, -0.00, -2.80, +0.00, +2.54, +0.79]
  Juntas veloc.   : [-0.00, +1.58, -0.00, -1.10, -0.01, +0.99, -0.00]
  Cubo rotação    : [-3.102, +0.001, +2.582]  (roll/pitch/yaw)
  Cubo vel.linear : [-0.046, -0.075, -0.080]
────────────────────────────────────────────
 Ep  1 | Step  26
────────────────────────────────────────────
  Task            : VACUUM_ASSIST
  Action          : [-0.315, -0.010, -0.949, +1.000]
  EE posição      : [-0.242, -0.001, +0.149]
  EE velocidade   : [-0.244, -0.003, -0.445]
  Garra           : 0.080 m  (ABERTA)  contatos=0
  Cubo posição    : [-0.272, -0.002, +0.020]
  Target (target): [+0.150, +0.000, +0.020]
  Dist EE→Cubo    : 0.1323 m
  Dist Cubo→target: 0.4221 m
  Reward          : -0.4221
  Sucesso         : False
  Obstáculo caminho: nao  (count: 0)
  Objeto [object_1]: tipo=box  massa=10 kg  tamanho=[0.04, 0.04, 0.04]
  Target goal     : {'type': 'goal_sequence', 'targets': [{'name': 'target', 'position': [0.15000000596046448, 0.0, 0.019999999552965164]}], 'mode': 'goal_sequence'}
  Mesa            : 1.1x0.7x0.4 m  offset_x=-0.3
  Robô config     : control=ee  block_gripper=False  base=[-0.6, 0.0, 0.05]
  Scripts         : ['script_1', 'reach_only', 'left_right']
  Juntas ângulos  : [-0.00, -0.21, -0.00, -2.85, -0.00, +2.63, +0.78]
  Juntas veloc.   : [-0.00, +1.03, -0.00, -0.41, -0.00, +0.74, -0.01]
  Cubo rotação    : [+3.141, +0.000, +2.582]  (roll/pitch/yaw)
  Cubo vel.linear : [+0.000, +0.000, +0.000]
────────────────────────────────────────────
 Ep  1 | Step  27
────────────────────────────────────────────
  Task            : VACUUM_ASSIST
  Action          : [-0.278, -0.016, -0.960, +1.000]
  EE posição      : [-0.256, -0.001, +0.116]
  EE velocidade   : [-0.340, -0.004, -0.515]
  Garra           : 0.080 m  (ABERTA)  contatos=0
  Cubo posição    : [-0.272, -0.002, +0.020]
  Target (target): [+0.150, +0.000, +0.020]
  Dist EE→Cubo    : 0.0977 m
  Dist Cubo→target: 0.4220 m
  Reward          : -0.4220
  Sucesso         : False
  Obstáculo caminho: nao  (count: 0)
  Objeto [object_1]: tipo=box  massa=10 kg  tamanho=[0.04, 0.04, 0.04]
  Target goal     : {'type': 'goal_sequence', 'targets': [{'name': 'target', 'position': [0.15000000596046448, 0.0, 0.019999999552965164]}], 'mode': 'goal_sequence'}
  Mesa            : 1.1x0.7x0.4 m  offset_x=-0.3
  Robô config     : control=ee  block_gripper=False  base=[-0.6, 0.0, 0.05]
  Scripts         : ['script_1', 'reach_only', 'left_right']
  Juntas ângulos  : [-0.00, -0.13, -0.00, -2.90, -0.00, +2.77, +0.78]
  Juntas veloc.   : [-0.01, +1.31, -0.01, -0.51, -0.01, +1.04, -0.01]
  Cubo rotação    : [+3.142, +0.000, +2.582]  (roll/pitch/yaw)
  Cubo vel.linear : [+0.000, +0.000, +0.000]
────────────────────────────────────────────
 Ep  1 | Step  28
────────────────────────────────────────────
  Task            : VACUUM_ASSIST
  Action          : [-0.220, -0.015, -0.975, +1.000]
  EE posição      : [-0.269, -0.002, +0.085]
  EE velocidade   : [-0.337, -0.004, -0.527]
  Garra           : 0.080 m  (ABERTA)  contatos=0
  Cubo posição    : [-0.272, -0.002, +0.020]
  Target (target): [+0.150, +0.000, +0.020]
  Dist EE→Cubo    : 0.0653 m
  Dist Cubo→target: 0.4220 m
  Reward          : -0.4220
  Sucesso         : False
  Obstáculo caminho: nao  (count: 0)
  Objeto [object_1]: tipo=box  massa=10 kg  tamanho=[0.04, 0.04, 0.04]
  Target goal     : {'type': 'goal_sequence', 'targets': [{'name': 'target', 'position': [0.15000000596046448, 0.0, 0.019999999552965164]}], 'mode': 'goal_sequence'}
  Mesa            : 1.1x0.7x0.4 m  offset_x=-0.3
  Robô config     : control=ee  block_gripper=False  base=[-0.6, 0.0, 0.05]
  Scripts         : ['script_1', 'reach_only', 'left_right']
  Juntas ângulos  : [-0.00, -0.03, -0.00, -2.93, -0.00, +2.90, +0.78]
  Juntas veloc.   : [-0.01, +1.67, -0.01, -0.23, -0.00, +0.98, -0.01]
  Cubo rotação    : [+3.142, +0.000, +2.582]  (roll/pitch/yaw)
  Cubo vel.linear : [+0.000, -0.000, +0.000]
────────────────────────────────────────────
 Ep  1 | Step  29
────────────────────────────────────────────
  Task            : VACUUM_ASSIST
  Action          : [-0.081, -0.012, -0.997, +1.000]
  EE posição      : [-0.276, -0.002, +0.055]
  EE velocidade   : [-0.383, -0.002, -0.605]
  Garra           : 0.080 m  (ABERTA)  contatos=0
  Cubo posição    : [-0.272, -0.002, +0.020]
  Target (target): [+0.150, +0.000, +0.020]
  Dist EE→Cubo    : 0.0350 m
  Dist Cubo→target: 0.4220 m
  Reward          : -0.4220
  Sucesso         : False
  Obstáculo caminho: nao  (count: 0)
  Objeto [object_1]: tipo=box  massa=10 kg  tamanho=[0.04, 0.04, 0.04]
  Target goal     : {'type': 'goal_sequence', 'targets': [{'name': 'target', 'position': [0.15000000596046448, 0.0, 0.019999999552965164]}], 'mode': 'goal_sequence'}
  Mesa            : 1.1x0.7x0.4 m  offset_x=-0.3
  Robô config     : control=ee  block_gripper=False  base=[-0.6, 0.0, 0.05]
  Scripts         : ['script_1', 'reach_only', 'left_right']
  Juntas ângulos  : [-0.00, +0.10, -0.00, -2.93, -0.00, +3.02, +0.78]
  Juntas veloc.   : [-0.01, +2.13, -0.00, +0.02, +0.00, +0.94, -0.01]
  Cubo rotação    : [+3.142, +0.000, +2.582]  (roll/pitch/yaw)
  Cubo vel.linear : [+0.000, -0.000, +0.000]
────────────────────────────────────────────
 Ep  1 | Step  30
────────────────────────────────────────────
  Task            : VACUUM_ASSIST
  Action          : [+0.000, +0.000, +0.000, -1.000]
  EE posição      : [-0.278, -0.002, +0.052]
  EE velocidade   : [+0.133, +0.004, +0.154]
  Garra           : 0.014 m  (AGARRADA)  contatos=0
  Cubo posição    : [-0.272, -0.002, +0.021]
  Target (target): [+0.150, +0.000, +0.020]
  Dist EE→Cubo    : 0.0321 m
  Dist Cubo→target: 0.4217 m
  Reward          : -0.4217
  Sucesso         : False
  Obstáculo caminho: nao  (count: 0)
  Objeto [object_1]: tipo=box  massa=10 kg  tamanho=[0.04, 0.04, 0.04]
  Target goal     : {'type': 'goal_sequence', 'targets': [{'name': 'target', 'position': [0.15000000596046448, 0.0, 0.019999999552965164]}], 'mode': 'goal_sequence'}
  Mesa            : 1.1x0.7x0.4 m  offset_x=-0.3
  Robô config     : control=ee  block_gripper=False  base=[-0.6, 0.0, 0.05]
  Scripts         : ['script_1', 'reach_only', 'left_right']
  Juntas ângulos  : [-0.00, +0.10, -0.00, -2.94, +0.00, +3.03, +0.78]
  Juntas veloc.   : [-0.00, -0.48, +0.01, -0.03, -0.02, +0.08, -0.04]
  Cubo rotação    : [-3.114, +0.001, +2.583]  (roll/pitch/yaw)
  Cubo vel.linear : [-0.003, -0.006, -0.006]
────────────────────────────────────────────
 Ep  1 | Step  31
────────────────────────────────────────────
  Task            : VACUUM_ASSIST
  Action          : [+0.000, +0.000, +1.000, -1.000]
  EE posição      : [-0.283, -0.002, +0.071]
  EE velocidade   : [+0.437, -0.002, +0.745]
  Garra           : 0.002 m  (FECHADA)  contatos=0
  Cubo posição    : [-0.272, -0.002, +0.020]
  Target (target): [+0.150, +0.000, +0.020]
  Dist EE→Cubo    : 0.0518 m
  Dist Cubo→target: 0.4221 m
  Reward          : -0.4221
  Sucesso         : False
  Obstáculo caminho: nao  (count: 0)
  Objeto [object_1]: tipo=box  massa=10 kg  tamanho=[0.04, 0.04, 0.04]
  Target goal     : {'type': 'goal_sequence', 'targets': [{'name': 'target', 'position': [0.15000000596046448, 0.0, 0.019999999552965164]}], 'mode': 'goal_sequence'}
  Mesa            : 1.1x0.7x0.4 m  offset_x=-0.3
  Robô config     : control=ee  block_gripper=False  base=[-0.6, 0.0, 0.05]
  Scripts         : ['script_1', 'reach_only', 'left_right']
  Juntas ângulos  : [-0.00, +0.00, -0.00, -2.95, +0.00, +2.93, +0.78]
  Juntas veloc.   : [-0.00, -2.67, -0.00, -0.17, -0.01, -0.77, -0.01]
  Cubo rotação    : [+3.140, +0.000, +2.583]  (roll/pitch/yaw)
  Cubo vel.linear : [+0.001, +0.001, +0.001]
────────────────────────────────────────────
 Ep  1 | Step  32
────────────────────────────────────────────
  Task            : VACUUM_ASSIST
  Action          : [+0.000, +0.000, +1.000, -1.000]
  EE posição      : [-0.278, -0.002, +0.100]
  EE velocidade   : [+0.049, -0.000, +0.272]
  Garra           : 0.000 m  (FECHADA)  contatos=0
  Cubo posição    : [-0.272, -0.002, +0.020]
  Target (target): [+0.150, +0.000, +0.020]
  Dist EE→Cubo    : 0.0804 m
  Dist Cubo→target: 0.4220 m
  Reward          : -0.4220
  Sucesso         : False
  Obstáculo caminho: nao  (count: 0)
  Objeto [object_1]: tipo=box  massa=10 kg  tamanho=[0.04, 0.04, 0.04]
  Target goal     : {'type': 'goal_sequence', 'targets': [{'name': 'target', 'position': [0.15000000596046448, 0.0, 0.019999999552965164]}], 'mode': 'goal_sequence'}
  Mesa            : 1.1x0.7x0.4 m  offset_x=-0.3
  Robô config     : control=ee  block_gripper=False  base=[-0.6, 0.0, 0.05]
  Scripts         : ['script_1', 'reach_only', 'left_right']
  Juntas ângulos  : [-0.00, -0.12, -0.00, -2.97, -0.00, +2.85, +0.78]
  Juntas veloc.   : [-0.00, -1.14, +0.00, -0.14, -0.01, -0.64, +0.00]
  Cubo rotação    : [+3.141, +0.000, +2.583]  (roll/pitch/yaw)
  Cubo vel.linear : [+0.000, +0.000, +0.000]
────────────────────────────────────────────
 Ep  1 | Step  33
────────────────────────────────────────────
  Task            : VACUUM_ASSIST
  Action          : [+0.000, +0.000, +1.000, -1.000]
  EE posição      : [-0.275, -0.002, +0.125]
  EE velocidade   : [+0.213, -0.001, +0.512]
  Garra           : 0.000 m  (FECHADA)  contatos=0
  Cubo posição    : [-0.272, -0.002, +0.020]
  Target (target): [+0.150, +0.000, +0.020]
  Dist EE→Cubo    : 0.1047 m
  Dist Cubo→target: 0.4220 m
  Reward          : -0.4220
  Sucesso         : False
  Obstáculo caminho: nao  (count: 0)
  Objeto [object_1]: tipo=box  massa=10 kg  tamanho=[0.04, 0.04, 0.04]
  Target goal     : {'type': 'goal_sequence', 'targets': [{'name': 'target', 'position': [0.15000000596046448, 0.0, 0.019999999552965164]}], 'mode': 'goal_sequence'}
  Mesa            : 1.1x0.7x0.4 m  offset_x=-0.3
  Robô config     : control=ee  block_gripper=False  base=[-0.6, 0.0, 0.05]
  Scripts         : ['script_1', 'reach_only', 'left_right']
  Juntas ângulos  : [-0.00, -0.22, -0.00, -2.95, -0.00, +2.72, +0.78]
  Juntas veloc.   : [-0.00, -1.73, +0.00, +0.10, -0.00, -0.93, +0.00]
  Cubo rotação    : [+3.142, +0.000, +2.583]  (roll/pitch/yaw)
  Cubo vel.linear : [+0.000, +0.000, +0.000]
────────────────────────────────────────────
 Ep  1 | Step  34
────────────────────────────────────────────
  Task            : VACUUM_ASSIST
  Action          : [+0.000, +0.000, +1.000, -1.000]
  EE posição      : [-0.271, -0.002, +0.154]
  EE velocidade   : [+0.102, -0.001, +0.371]
  Garra           : 0.000 m  (FECHADA)  contatos=0
  Cubo posição    : [-0.272, -0.002, +0.020]
  Target (target): [+0.150, +0.000, +0.020]
  Dist EE→Cubo    : 0.1341 m
  Dist Cubo→target: 0.4220 m
  Reward          : -0.4220
  Sucesso         : False
  Obstáculo caminho: nao  (count: 0)
  Objeto [object_1]: tipo=box  massa=10 kg  tamanho=[0.04, 0.04, 0.04]
  Target goal     : {'type': 'goal_sequence', 'targets': [{'name': 'target', 'position': [0.15000000596046448, 0.0, 0.019999999552965164]}], 'mode': 'goal_sequence'}
  Mesa            : 1.1x0.7x0.4 m  offset_x=-0.3
  Robô config     : control=ee  block_gripper=False  base=[-0.6, 0.0, 0.05]
  Scripts         : ['script_1', 'reach_only', 'left_right']
  Juntas ângulos  : [-0.00, -0.32, -0.00, -2.94, -0.00, +2.61, +0.78]
  Juntas veloc.   : [-0.00, -1.21, +0.00, +0.14, +0.00, -0.87, +0.00]
  Cubo rotação    : [-3.142, +0.000, +2.583]  (roll/pitch/yaw)
  Cubo vel.linear : [+0.000, +0.000, +0.000]
────────────────────────────────────────────
 Ep  1 | Step  35
────────────────────────────────────────────
  Task            : VACUUM_ASSIST
  Action          : [+0.000, +0.000, +1.000, -1.000]
  EE posição      : [-0.266, -0.002, +0.184]
  EE velocidade   : [+0.143, -0.001, +0.478]
  Garra           : 0.000 m  (FECHADA)  contatos=0
  Cubo posição    : [-0.272, -0.002, +0.020]
  Target (target): [+0.150, +0.000, +0.020]
  Dist EE→Cubo    : 0.1642 m
  Dist Cubo→target: 0.4220 m
  Reward          : -0.4220
  Sucesso         : False
  Obstáculo caminho: nao  (count: 0)
  Objeto [object_1]: tipo=box  massa=10 kg  tamanho=[0.04, 0.04, 0.04]
  Target goal     : {'type': 'goal_sequence', 'targets': [{'name': 'target', 'position': [0.15000000596046448, 0.0, 0.019999999552965164]}], 'mode': 'goal_sequence'}
  Mesa            : 1.1x0.7x0.4 m  offset_x=-0.3
  Robô config     : control=ee  block_gripper=False  base=[-0.6, 0.0, 0.05]
  Scripts         : ['script_1', 'reach_only', 'left_right']
  Juntas ângulos  : [-0.00, -0.40, -0.00, -2.90, -0.00, +2.49, +0.78]
  Juntas veloc.   : [-0.00, -1.31, +0.00, +0.31, +0.00, -0.94, +0.00]
  Cubo rotação    : [-3.142, +0.000, +2.583]  (roll/pitch/yaw)
  Cubo vel.linear : [+0.000, +0.000, +0.000]
────────────────────────────────────────────
 Ep  1 | Step  36
────────────────────────────────────────────
  Task            : OBJECT_DELIVERY_SEQUENCE
  Action          : [+1.000, +0.006, +0.000, -1.000]
  EE posição      : [-0.229, -0.002, +0.198]
  EE velocidade   : [+0.556, +0.000, -0.194]
  Garra           : 0.000 m  (FECHADA)  contatos=0
  Cubo posição    : [-0.272, -0.002, +0.020]
  Target (target): [+0.150, +0.000, +0.020]
  Dist EE→Cubo    : 0.1833 m
  Dist Cubo→target: 0.4220 m
  Reward          : -0.4220
  Sucesso         : False
  Obstáculo caminho: nao  (count: 0)
  Objeto [object_1]: tipo=box  massa=10 kg  tamanho=[0.04, 0.04, 0.04]
  Target goal     : {'type': 'goal_sequence', 'targets': [{'name': 'target', 'position': [0.15000000596046448, 0.0, 0.019999999552965164]}], 'mode': 'goal_sequence'}
  Mesa            : 1.1x0.7x0.4 m  offset_x=-0.3
  Robô config     : control=ee  block_gripper=False  base=[-0.6, 0.0, 0.05]
  Scripts         : ['script_1', 'reach_only', 'left_right']
  Juntas ângulos  : [-0.00, -0.33, -0.00, -2.80, -0.00, +2.50, +0.78]
  Juntas veloc.   : [+0.01, +2.59, +0.00, +1.93, +0.01, +0.07, +0.01]
  Cubo rotação    : [-3.142, +0.000, +2.583]  (roll/pitch/yaw)
  Cubo vel.linear : [-0.000, +0.000, +0.000]
────────────────────────────────────────────
 Ep  1 | Step  37
────────────────────────────────────────────
  Task            : OBJECT_DELIVERY_SEQUENCE
  Action          : [+0.999, +0.005, -0.037, -1.000]
  EE posição      : [-0.197, -0.002, +0.192]
  EE velocidade   : [+0.394, +0.002, -0.056]
  Garra           : -0.000 m  (FECHADA)  contatos=0
  Cubo posição    : [-0.272, -0.002, +0.020]
  Target (target): [+0.150, +0.000, +0.020]
  Dist EE→Cubo    : 0.1880 m
  Dist Cubo→target: 0.4220 m
  Reward          : -0.4220
  Sucesso         : False
  Obstáculo caminho: nao  (count: 0)
  Objeto [object_1]: tipo=box  massa=10 kg  tamanho=[0.04, 0.04, 0.04]
  Target goal     : {'type': 'goal_sequence', 'targets': [{'name': 'target', 'position': [0.15000000596046448, 0.0, 0.019999999552965164]}], 'mode': 'goal_sequence'}
  Mesa            : 1.1x0.7x0.4 m  offset_x=-0.3
  Robô config     : control=ee  block_gripper=False  base=[-0.6, 0.0, 0.05]
  Scripts         : ['script_1', 'reach_only', 'left_right']
  Juntas ângulos  : [-0.00, -0.20, -0.00, -2.68, -0.00, +2.47, +0.78]
  Juntas veloc.   : [+0.00, +1.39, +0.00, +1.36, +0.00, -0.22, +0.01]
  Cubo rotação    : [-3.142, +0.000, +2.583]  (roll/pitch/yaw)
  Cubo vel.linear : [-0.000, +0.000, +0.000]
────────────────────────────────────────────
 Ep  1 | Step  38
────────────────────────────────────────────
  Task            : OBJECT_DELIVERY_SEQUENCE
  Action          : [+1.000, +0.005, -0.024, -1.000]
  EE posição      : [-0.162, -0.002, +0.191]
  EE velocidade   : [+0.438, +0.001, +0.035]
  Garra           : -0.000 m  (FECHADA)  contatos=0
  Cubo posição    : [-0.272, -0.002, +0.020]
  Target (target): [+0.150, +0.000, +0.020]
  Dist EE→Cubo    : 0.2029 m
  Dist Cubo→target: 0.4220 m
  Reward          : -0.4220
  Sucesso         : False
  Obstáculo caminho: nao  (count: 0)
  Objeto [object_1]: tipo=box  massa=10 kg  tamanho=[0.04, 0.04, 0.04]
  Target goal     : {'type': 'goal_sequence', 'targets': [{'name': 'target', 'position': [0.15000000596046448, 0.0, 0.019999999552965164]}], 'mode': 'goal_sequence'}
  Mesa            : 1.1x0.7x0.4 m  offset_x=-0.3
  Robô config     : control=ee  block_gripper=False  base=[-0.6, 0.0, 0.05]
  Scripts         : ['script_1', 'reach_only', 'left_right']
  Juntas ângulos  : [-0.00, -0.10, -0.00, -2.58, -0.00, +2.47, +0.78]
  Juntas veloc.   : [+0.00, +1.03, +0.00, +1.25, +0.00, +0.01, +0.01]
  Cubo rotação    : [-3.142, +0.000, +2.583]  (roll/pitch/yaw)
  Cubo vel.linear : [-0.000, +0.000, +0.000]
────────────────────────────────────────────
 Ep  1 | Step  39
────────────────────────────────────────────
  Task            : OBJECT_DELIVERY_SEQUENCE
  Action          : [+1.000, +0.005, -0.021, -1.000]
  EE posição      : [-0.128, -0.001, +0.189]
  EE velocidade   : [+0.428, +0.001, -0.024]
  Garra           : -0.000 m  (FECHADA)  contatos=0
  Cubo posição    : [-0.272, -0.002, +0.020]
  Target (target): [+0.150, +0.000, +0.020]
  Dist EE→Cubo    : 0.2223 m
  Dist Cubo→target: 0.4220 m
  Reward          : -0.4220
  Sucesso         : False
  Obstáculo caminho: nao  (count: 0)
  Objeto [object_1]: tipo=box  massa=10 kg  tamanho=[0.04, 0.04, 0.04]
  Target goal     : {'type': 'goal_sequence', 'targets': [{'name': 'target', 'position': [0.15000000596046448, 0.0, 0.019999999552965164]}], 'mode': 'goal_sequence'}
  Mesa            : 1.1x0.7x0.4 m  offset_x=-0.3
  Robô config     : control=ee  block_gripper=False  base=[-0.6, 0.0, 0.05]
  Scripts         : ['script_1', 'reach_only', 'left_right']
  Juntas ângulos  : [-0.00, -0.00, -0.00, -2.47, -0.00, +2.46, +0.78]
  Juntas veloc.   : [+0.00, +1.13, +0.00, +1.33, +0.00, -0.09, +0.01]
  Cubo rotação    : [-3.142, +0.000, +2.583]  (roll/pitch/yaw)
  Cubo vel.linear : [-0.000, +0.000, +0.000]
────────────────────────────────────────────
 Ep  1 | Step  40
────────────────────────────────────────────
  Task            : OBJECT_DELIVERY_SEQUENCE
  Action          : [+1.000, +0.005, -0.018, -1.000]
  EE posição      : [-0.094, -0.001, +0.186]
  EE velocidade   : [+0.417, +0.001, -0.033]
  Garra           : -0.000 m  (FECHADA)  contatos=0
  Cubo posição    : [-0.272, -0.002, +0.020]
  Target (target): [+0.150, +0.000, +0.020]
  Dist EE→Cubo    : 0.2439 m
  Dist Cubo→target: 0.4220 m
  Reward          : -0.4220
  Sucesso         : False
  Obstáculo caminho: nao  (count: 0)
  Objeto [object_1]: tipo=box  massa=10 kg  tamanho=[0.04, 0.04, 0.04]
  Target goal     : {'type': 'goal_sequence', 'targets': [{'name': 'target', 'position': [0.15000000596046448, 0.0, 0.019999999552965164]}], 'mode': 'goal_sequence'}
  Mesa            : 1.1x0.7x0.4 m  offset_x=-0.3
  Robô config     : control=ee  block_gripper=False  base=[-0.6, 0.0, 0.05]
  Scripts         : ['script_1', 'reach_only', 'left_right']
  Juntas ângulos  : [-0.00, +0.09, -0.00, -2.35, -0.00, +2.44, +0.78]
  Juntas veloc.   : [+0.00, +1.09, +0.00, +1.35, +0.00, -0.16, +0.00]
  Cubo rotação    : [-3.142, +0.000, +2.583]  (roll/pitch/yaw)
  Cubo vel.linear : [-0.000, +0.000, +0.000]
────────────────────────────────────────────
 Ep  1 | Step  41
────────────────────────────────────────────
  Task            : OBJECT_DELIVERY_SEQUENCE
  Action          : [+1.000, +0.005, -0.009, -1.000]
  EE posição      : [-0.060, -0.001, +0.183]
  EE velocidade   : [+0.395, +0.001, -0.058]
  Garra           : -0.000 m  (FECHADA)  contatos=0
  Cubo posição    : [-0.272, -0.002, +0.020]
  Target (target): [+0.150, +0.000, +0.020]
  Dist EE→Cubo    : 0.2672 m
  Dist Cubo→target: 0.4220 m
  Reward          : -0.4220
  Sucesso         : False
  Obstáculo caminho: nao  (count: 0)
  Objeto [object_1]: tipo=box  massa=10 kg  tamanho=[0.04, 0.04, 0.04]
  Target goal     : {'type': 'goal_sequence', 'targets': [{'name': 'target', 'position': [0.15000000596046448, 0.0, 0.019999999552965164]}], 'mode': 'goal_sequence'}
  Mesa            : 1.1x0.7x0.4 m  offset_x=-0.3
  Robô config     : control=ee  block_gripper=False  base=[-0.6, 0.0, 0.05]
  Scripts         : ['script_1', 'reach_only', 'left_right']
  Juntas ângulos  : [-0.00, +0.18, +0.00, -2.24, -0.00, +2.41, +0.78]
  Juntas veloc.   : [+0.00, +1.08, +0.00, +1.34, -0.00, -0.20, +0.00]
  Cubo rotação    : [-3.142, +0.000, +2.583]  (roll/pitch/yaw)
  Cubo vel.linear : [-0.000, +0.000, +0.000]
────────────────────────────────────────────
 Ep  1 | Step  42
────────────────────────────────────────────
  Task            : OBJECT_DELIVERY_SEQUENCE
  Action          : [+1.000, +0.005, +0.006, -1.000]
  EE posição      : [-0.028, -0.001, +0.178]
  EE velocidade   : [+0.371, +0.001, -0.085]
  Garra           : -0.000 m  (FECHADA)  contatos=0
  Cubo posição    : [-0.272, -0.002, +0.020]
  Target (target): [+0.150, +0.000, +0.020]
  Dist EE→Cubo    : 0.2911 m
  Dist Cubo→target: 0.4220 m
  Reward          : -0.4220
  Sucesso         : False
  Obstáculo caminho: nao  (count: 0)
  Objeto [object_1]: tipo=box  massa=10 kg  tamanho=[0.04, 0.04, 0.04]
  Target goal     : {'type': 'goal_sequence', 'targets': [{'name': 'target', 'position': [0.15000000596046448, 0.0, 0.019999999552965164]}], 'mode': 'goal_sequence'}
  Mesa            : 1.1x0.7x0.4 m  offset_x=-0.3
  Robô config     : control=ee  block_gripper=False  base=[-0.6, 0.0, 0.05]
  Scripts         : ['script_1', 'reach_only', 'left_right']
  Juntas ângulos  : [-0.00, +0.27, +0.00, -2.12, -0.00, +2.38, +0.78]
  Juntas veloc.   : [+0.00, +1.07, +0.00, +1.35, -0.00, -0.24, +0.00]
  Cubo rotação    : [-3.142, +0.000, +2.583]  (roll/pitch/yaw)
  Cubo vel.linear : [-0.000, +0.000, -0.000]
────────────────────────────────────────────
 Ep  1 | Step  43
────────────────────────────────────────────
  Task            : OBJECT_DELIVERY_SEQUENCE
  Action          : [+0.999, +0.004, +0.032, -1.000]
  EE posição      : [+0.003, -0.001, +0.174]
  EE velocidade   : [+0.353, +0.001, -0.068]
  Garra           : -0.000 m  (FECHADA)  contatos=0
  Cubo posição    : [-0.272, -0.002, +0.020]
  Target (target): [+0.150, +0.000, +0.020]
  Dist EE→Cubo    : 0.3157 m
  Dist Cubo→target: 0.4220 m
  Reward          : -0.4220
  Sucesso         : False
  Obstáculo caminho: nao  (count: 0)
  Objeto [object_1]: tipo=box  massa=10 kg  tamanho=[0.04, 0.04, 0.04]
  Target goal     : {'type': 'goal_sequence', 'targets': [{'name': 'target', 'position': [0.15000000596046448, 0.0, 0.019999999552965164]}], 'mode': 'goal_sequence'}
  Mesa            : 1.1x0.7x0.4 m  offset_x=-0.3
  Robô config     : control=ee  block_gripper=False  base=[-0.6, 0.0, 0.05]
  Scripts         : ['script_1', 'reach_only', 'left_right']
  Juntas ângulos  : [-0.00, +0.36, +0.00, -2.00, -0.00, +2.35, +0.78]
  Juntas veloc.   : [+0.00, +0.99, +0.00, +1.33, -0.00, -0.27, +0.00]
  Cubo rotação    : [-3.142, +0.000, +2.583]  (roll/pitch/yaw)
  Cubo vel.linear : [-0.000, +0.000, -0.000]
────────────────────────────────────────────
 Ep  1 | Step  44
────────────────────────────────────────────
  Task            : OBJECT_DELIVERY_SEQUENCE
  Action          : [+0.998, +0.004, +0.067, -1.000]
  EE posição      : [+0.033, -0.000, +0.170]
  EE velocidade   : [+0.325, +0.001, -0.065]
  Garra           : -0.000 m  (FECHADA)  contatos=0
  Cubo posição    : [-0.272, -0.002, +0.020]
  Target (target): [+0.150, +0.000, +0.020]
  Dist EE→Cubo    : 0.3404 m
  Dist Cubo→target: 0.4220 m
  Reward          : -0.4220
  Sucesso         : False
  Obstáculo caminho: nao  (count: 0)
  Objeto [object_1]: tipo=box  massa=10 kg  tamanho=[0.04, 0.04, 0.04]
  Target goal     : {'type': 'goal_sequence', 'targets': [{'name': 'target', 'position': [0.15000000596046448, 0.0, 0.019999999552965164]}], 'mode': 'goal_sequence'}
  Mesa            : 1.1x0.7x0.4 m  offset_x=-0.3
  Robô config     : control=ee  block_gripper=False  base=[-0.6, 0.0, 0.05]
  Scripts         : ['script_1', 'reach_only', 'left_right']
  Juntas ângulos  : [-0.00, +0.44, +0.00, -1.87, -0.00, +2.31, +0.78]
  Juntas veloc.   : [+0.00, +0.94, +0.00, +1.32, -0.00, -0.31, +0.00]
  Cubo rotação    : [-3.142, +0.000, +2.583]  (roll/pitch/yaw)
  Cubo vel.linear : [-0.000, +0.000, -0.000]
────────────────────────────────────────────
 Ep  1 | Step  45
────────────────────────────────────────────
  Task            : OBJECT_DELIVERY_SEQUENCE
  Action          : [+0.993, +0.003, +0.116, -1.000]
  EE posição      : [+0.061, -0.000, +0.169]
  EE velocidade   : [+0.309, +0.001, -0.004]
  Garra           : -0.000 m  (FECHADA)  contatos=0
  Cubo posição    : [-0.272, -0.002, +0.020]
  Target (target): [+0.150, +0.000, +0.020]
  Dist EE→Cubo    : 0.3650 m
  Dist Cubo→target: 0.4220 m
  Reward          : -0.4220
  Sucesso         : False
  Obstáculo caminho: nao  (count: 0)
  Objeto [object_1]: tipo=box  massa=10 kg  tamanho=[0.04, 0.04, 0.04]
  Target goal     : {'type': 'goal_sequence', 'targets': [{'name': 'target', 'position': [0.15000000596046448, 0.0, 0.019999999552965164]}], 'mode': 'goal_sequence'}
  Mesa            : 1.1x0.7x0.4 m  offset_x=-0.3
  Robô config     : control=ee  block_gripper=False  base=[-0.6, 0.0, 0.05]
  Scripts         : ['script_1', 'reach_only', 'left_right']
  Juntas ângulos  : [-0.00, +0.52, +0.00, -1.75, -0.00, +2.26, +0.79]
  Juntas veloc.   : [+0.00, +0.81, +0.00, +1.29, -0.00, -0.34, +0.00]
  Cubo rotação    : [-3.142, +0.000, +2.583]  (roll/pitch/yaw)
  Cubo vel.linear : [-0.000, +0.000, -0.000]
────────────────────────────────────────────
 Ep  1 | Step  46
────────────────────────────────────────────
  Task            : OBJECT_DELIVERY_SEQUENCE
  Action          : [+0.985, +0.003, +0.172, -1.000]
  EE posição      : [+0.087, -0.000, +0.169]
  EE velocidade   : [+0.280, +0.001, +0.048]
  Garra           : -0.000 m  (FECHADA)  contatos=0
  Cubo posição    : [-0.272, -0.002, +0.020]
  Target (target): [+0.150, +0.000, +0.020]
  Dist EE→Cubo    : 0.3889 m
  Dist Cubo→target: 0.4220 m
  Reward          : -0.4220
  Sucesso         : False
  Obstáculo caminho: nao  (count: 0)
  Objeto [object_1]: tipo=box  massa=10 kg  tamanho=[0.04, 0.04, 0.04]
  Target goal     : {'type': 'goal_sequence', 'targets': [{'name': 'target', 'position': [0.15000000596046448, 0.0, 0.019999999552965164]}], 'mode': 'goal_sequence'}
  Mesa            : 1.1x0.7x0.4 m  offset_x=-0.3
  Robô config     : control=ee  block_gripper=False  base=[-0.6, 0.0, 0.05]
  Scripts         : ['script_1', 'reach_only', 'left_right']
  Juntas ângulos  : [-0.00, +0.60, +0.00, -1.62, -0.00, +2.21, +0.79]
  Juntas veloc.   : [+0.00, +0.68, +0.00, +1.25, -0.00, -0.38, +0.00]
  Cubo rotação    : [-3.142, +0.000, +2.583]  (roll/pitch/yaw)
  Cubo vel.linear : [-0.000, +0.000, -0.000]
────────────────────────────────────────────
 Ep  1 | Step  47
────────────────────────────────────────────
  Task            : OBJECT_DELIVERY_SEQUENCE
  Action          : [+0.973, +0.002, +0.232, -1.000]
  EE posição      : [+0.111, -0.000, +0.173]
  EE velocidade   : [+0.262, +0.001, +0.155]
  Garra           : -0.000 m  (FECHADA)  contatos=0
  Cubo posição    : [-0.272, -0.002, +0.020]
  Target (target): [+0.150, +0.000, +0.020]
  Dist EE→Cubo    : 0.4123 m
  Dist Cubo→target: 0.4220 m
  Reward          : -0.4220
  Sucesso         : False
  Obstáculo caminho: nao  (count: 0)
  Objeto [object_1]: tipo=box  massa=10 kg  tamanho=[0.04, 0.04, 0.04]
  Target goal     : {'type': 'goal_sequence', 'targets': [{'name': 'target', 'position': [0.15000000596046448, 0.0, 0.019999999552965164]}], 'mode': 'goal_sequence'}
  Mesa            : 1.1x0.7x0.4 m  offset_x=-0.3
  Robô config     : control=ee  block_gripper=False  base=[-0.6, 0.0, 0.05]
  Scripts         : ['script_1', 'reach_only', 'left_right']
  Juntas ângulos  : [-0.00, +0.66, +0.00, -1.50, -0.00, +2.16, +0.79]
  Juntas veloc.   : [+0.00, +0.49, -0.00, +1.20, -0.00, -0.42, +0.00]
  Cubo rotação    : [-3.142, +0.000, +2.583]  (roll/pitch/yaw)
  Cubo vel.linear : [-0.000, +0.000, -0.000]
────────────────────────────────────────────
 Ep  1 | Step  48
────────────────────────────────────────────
  Task            : OBJECT_DELIVERY_SEQUENCE
  Action          : [+0.965, +0.001, +0.261, -1.000]
  EE posição      : [+0.132, -0.000, +0.181]
  EE velocidade   : [+0.217, +0.000, +0.153]
  Garra           : 0.000 m  (FECHADA)  contatos=0
  Cubo posição    : [-0.272, -0.002, +0.020]
  Target (target): [+0.150, +0.000, +0.020]
  Dist EE→Cubo    : 0.4347 m
  Dist Cubo→target: 0.4220 m
  Reward          : -0.4220
  Sucesso         : False
  Obstáculo caminho: nao  (count: 0)
  Objeto [object_1]: tipo=box  massa=10 kg  tamanho=[0.04, 0.04, 0.04]
  Target goal     : {'type': 'goal_sequence', 'targets': [{'name': 'target', 'position': [0.15000000596046448, 0.0, 0.019999999552965164]}], 'mode': 'goal_sequence'}
  Mesa            : 1.1x0.7x0.4 m  offset_x=-0.3
  Robô config     : control=ee  block_gripper=False  base=[-0.6, 0.0, 0.05]
  Scripts         : ['script_1', 'reach_only', 'left_right']
  Juntas ângulos  : [-0.00, +0.72, +0.00, -1.38, -0.00, +2.10, +0.79]
  Juntas veloc.   : [+0.00, +0.45, +0.00, +1.13, -0.00, -0.44, +0.00]
  Cubo rotação    : [-3.142, +0.000, +2.583]  (roll/pitch/yaw)
  Cubo vel.linear : [-0.000, +0.000, -0.000]
────────────────────────────────────────────
 Ep  1 | Step  49
────────────────────────────────────────────
  Task            : OBJECT_DELIVERY_SEQUENCE
  Action          : [+0.990, +0.000, +0.142, -1.000]
  EE posição      : [+0.150, -0.000, +0.186]
  EE velocidade   : [+0.167, -0.000, +0.029]
  Garra           : -0.000 m  (FECHADA)  contatos=0
  Cubo posição    : [-0.272, -0.002, +0.020]
  Target (target): [+0.150, +0.000, +0.020]
  Dist EE→Cubo    : 0.4532 m
  Dist Cubo→target: 0.4220 m
  Reward          : -0.4220
  Sucesso         : False
  Obstáculo caminho: nao  (count: 0)
  Objeto [object_1]: tipo=box  massa=10 kg  tamanho=[0.04, 0.04, 0.04]
  Target goal     : {'type': 'goal_sequence', 'targets': [{'name': 'target', 'position': [0.15000000596046448, 0.0, 0.019999999552965164]}], 'mode': 'goal_sequence'}
  Mesa            : 1.1x0.7x0.4 m  offset_x=-0.3
  Robô config     : control=ee  block_gripper=False  base=[-0.6, 0.0, 0.05]
  Scripts         : ['script_1', 'reach_only', 'left_right']
  Juntas ângulos  : [-0.00, +0.78, +0.00, -1.26, -0.00, +2.05, +0.79]
  Juntas veloc.   : [+0.00, +0.59, -0.00, +1.09, +0.00, -0.40, -0.00]
  Cubo rotação    : [-3.142, +0.000, +2.583]  (roll/pitch/yaw)
  Cubo vel.linear : [-0.000, +0.000, -0.000]
────────────────────────────────────────────
 Ep  1 | Step  50
────────────────────────────────────────────
  Task            : OBJECT_DELIVERY_SEQUENCE
  Action          : [+0.000, +0.000, +0.000, -1.000]
  EE posição      : [+0.149, -0.000, +0.185]
  EE velocidade   : [-0.007, -0.000, +0.001]
  Garra           : 0.000 m  (FECHADA)  contatos=0
  Cubo posição    : [-0.272, -0.002, +0.020]
  Target (target): [+0.150, +0.000, +0.020]
  Dist EE→Cubo    : 0.4527 m
  Dist Cubo→target: 0.4220 m
  Reward          : -0.4220
  Sucesso         : False
  Obstáculo caminho: nao  (count: 0)
  Objeto [object_1]: tipo=box  massa=10 kg  tamanho=[0.04, 0.04, 0.04]
  Target goal     : {'type': 'goal_sequence', 'targets': [{'name': 'target', 'position': [0.15000000596046448, 0.0, 0.019999999552965164]}], 'mode': 'goal_sequence'}
  Mesa            : 1.1x0.7x0.4 m  offset_x=-0.3
  Robô config     : control=ee  block_gripper=False  base=[-0.6, 0.0, 0.05]
  Scripts         : ['script_1', 'reach_only', 'left_right']
  Juntas ângulos  : [-0.00, +0.78, +0.00, -1.26, -0.00, +2.04, +0.79]
  Juntas veloc.   : [-0.00, -0.00, -0.00, +0.01, +0.00, -0.04, -0.00]
  Cubo rotação    : [-3.142, +0.000, +2.583]  (roll/pitch/yaw)
  Cubo vel.linear : [-0.000, +0.000, -0.000]
────────────────────────────────────────────
 Ep  1 | Step  51
────────────────────────────────────────────
  Task            : OBJECT_DELIVERY_SEQUENCE
  Action          : [+0.000, +0.000, -0.150, -1.000]
  EE posição      : [+0.150, -0.000, +0.179]
  EE velocidade   : [-0.000, -0.000, -0.057]
  Garra           : 0.000 m  (FECHADA)  contatos=0
  Cubo posição    : [-0.272, -0.002, +0.020]
  Target (target): [+0.150, +0.000, +0.020]
  Dist EE→Cubo    : 0.4506 m
  Dist Cubo→target: 0.4220 m
  Reward          : -0.4220
  Sucesso         : False
  Obstáculo caminho: nao  (count: 0)
  Objeto [object_1]: tipo=box  massa=10 kg  tamanho=[0.04, 0.04, 0.04]
  Target goal     : {'type': 'goal_sequence', 'targets': [{'name': 'target', 'position': [0.15000000596046448, 0.0, 0.019999999552965164]}], 'mode': 'goal_sequence'}
  Mesa            : 1.1x0.7x0.4 m  offset_x=-0.3
  Robô config     : control=ee  block_gripper=False  base=[-0.6, 0.0, 0.05]
  Scripts         : ['script_1', 'reach_only', 'left_right']
  Juntas ângulos  : [-0.00, +0.79, +0.00, -1.26, -0.00, +2.05, +0.79]
  Juntas veloc.   : [+0.00, +0.08, -0.00, -0.01, +0.00, +0.08, -0.00]
  Cubo rotação    : [-3.142, +0.000, +2.583]  (roll/pitch/yaw)
  Cubo vel.linear : [-0.000, +0.000, -0.000]
────────────────────────────────────────────
 Ep  1 | Step  52
────────────────────────────────────────────
  Task            : OBJECT_DELIVERY_SEQUENCE
  Action          : [+0.000, +0.000, -0.150, -1.000]
  EE posição      : [+0.150, -0.000, +0.173]
  EE velocidade   : [+0.001, -0.000, -0.051]
  Garra           : 0.000 m  (FECHADA)  contatos=0
  Cubo posição    : [-0.272, -0.002, +0.020]
  Target (target): [+0.150, +0.000, +0.020]
  Dist EE→Cubo    : 0.4486 m
  Dist Cubo→target: 0.4220 m
  Reward          : -0.4220
  Sucesso         : False
  Obstáculo caminho: nao  (count: 0)
  Objeto [object_1]: tipo=box  massa=10 kg  tamanho=[0.04, 0.04, 0.04]
  Target goal     : {'type': 'goal_sequence', 'targets': [{'name': 'target', 'position': [0.15000000596046448, 0.0, 0.019999999552965164]}], 'mode': 'goal_sequence'}
  Mesa            : 1.1x0.7x0.4 m  offset_x=-0.3
  Robô config     : control=ee  block_gripper=False  base=[-0.6, 0.0, 0.05]
  Scripts         : ['script_1', 'reach_only', 'left_right']
  Juntas ângulos  : [-0.00, +0.80, +0.00, -1.26, -0.00, +2.06, +0.79]
  Juntas veloc.   : [+0.00, +0.07, -0.00, -0.01, +0.00, +0.08, -0.00]
  Cubo rotação    : [-3.142, +0.000, +2.583]  (roll/pitch/yaw)
  Cubo vel.linear : [-0.000, +0.000, -0.000]
────────────────────────────────────────────
 Ep  1 | Step  53
────────────────────────────────────────────
  Task            : OBJECT_DELIVERY_SEQUENCE
  Action          : [+0.000, +0.000, -0.150, -1.000]
  EE posição      : [+0.150, -0.000, +0.166]
  EE velocidade   : [+0.001, -0.000, -0.050]
  Garra           : 0.000 m  (FECHADA)  contatos=0
  Cubo posição    : [-0.272, -0.002, +0.020]
  Target (target): [+0.150, +0.000, +0.020]
  Dist EE→Cubo    : 0.4467 m
  Dist Cubo→target: 0.4220 m
  Reward          : -0.4220
  Sucesso         : False
  Obstáculo caminho: nao  (count: 0)
  Objeto [object_1]: tipo=box  massa=10 kg  tamanho=[0.04, 0.04, 0.04]
  Target goal     : {'type': 'goal_sequence', 'targets': [{'name': 'target', 'position': [0.15000000596046448, 0.0, 0.019999999552965164]}], 'mode': 'goal_sequence'}
  Mesa            : 1.1x0.7x0.4 m  offset_x=-0.3
  Robô config     : control=ee  block_gripper=False  base=[-0.6, 0.0, 0.05]
  Scripts         : ['script_1', 'reach_only', 'left_right']
  Juntas ângulos  : [-0.00, +0.81, +0.00, -1.26, -0.00, +2.07, +0.79]
  Juntas veloc.   : [+0.00, +0.07, -0.00, -0.01, +0.00, +0.08, -0.00]
  Cubo rotação    : [-3.142, +0.000, +2.583]  (roll/pitch/yaw)
  Cubo vel.linear : [-0.000, +0.000, -0.000]
────────────────────────────────────────────
 Ep  1 | Step  54
────────────────────────────────────────────
  Task            : OBJECT_DELIVERY_SEQUENCE
  Action          : [+0.000, +0.000, -0.150, -1.000]
  EE posição      : [+0.150, -0.000, +0.160]
  EE velocidade   : [+0.001, -0.000, -0.050]
  Garra           : 0.000 m  (FECHADA)  contatos=0
  Cubo posição    : [-0.272, -0.002, +0.020]
  Target (target): [+0.150, +0.000, +0.020]
  Dist EE→Cubo    : 0.4448 m
  Dist Cubo→target: 0.4220 m
  Reward          : -0.4220
  Sucesso         : False
  Obstáculo caminho: nao  (count: 0)
  Objeto [object_1]: tipo=box  massa=10 kg  tamanho=[0.04, 0.04, 0.04]
  Target goal     : {'type': 'goal_sequence', 'targets': [{'name': 'target', 'position': [0.15000000596046448, 0.0, 0.019999999552965164]}], 'mode': 'goal_sequence'}
  Mesa            : 1.1x0.7x0.4 m  offset_x=-0.3
  Robô config     : control=ee  block_gripper=False  base=[-0.6, 0.0, 0.05]
  Scripts         : ['script_1', 'reach_only', 'left_right']
  Juntas ângulos  : [-0.00, +0.82, +0.00, -1.26, -0.00, +2.08, +0.79]
  Juntas veloc.   : [+0.00, +0.07, -0.00, -0.01, +0.00, +0.08, -0.00]
  Cubo rotação    : [-3.142, +0.000, +2.583]  (roll/pitch/yaw)
  Cubo vel.linear : [-0.000, +0.000, -0.000]
────────────────────────────────────────────
 Ep  1 | Step  55
────────────────────────────────────────────
  Task            : OBJECT_DELIVERY_SEQUENCE
  Action          : [+0.000, +0.000, -0.150, -1.000]
  EE posição      : [+0.150, -0.000, +0.153]
  EE velocidade   : [+0.001, -0.000, -0.049]
  Garra           : 0.000 m  (FECHADA)  contatos=0
  Cubo posição    : [-0.272, -0.002, +0.020]
  Target (target): [+0.150, +0.000, +0.020]
  Dist EE→Cubo    : 0.4430 m
  Dist Cubo→target: 0.4220 m
  Reward          : -0.4220
  Sucesso         : False
  Obstáculo caminho: nao  (count: 0)
  Objeto [object_1]: tipo=box  massa=10 kg  tamanho=[0.04, 0.04, 0.04]
  Target goal     : {'type': 'goal_sequence', 'targets': [{'name': 'target', 'position': [0.15000000596046448, 0.0, 0.019999999552965164]}], 'mode': 'goal_sequence'}
  Mesa            : 1.1x0.7x0.4 m  offset_x=-0.3
  Robô config     : control=ee  block_gripper=False  base=[-0.6, 0.0, 0.05]
  Scripts         : ['script_1', 'reach_only', 'left_right']
  Juntas ângulos  : [-0.00, +0.83, +0.00, -1.27, -0.00, +2.09, +0.79]
  Juntas veloc.   : [+0.00, +0.07, -0.00, -0.01, +0.00, +0.08, -0.00]
  Cubo rotação    : [-3.142, +0.000, +2.583]  (roll/pitch/yaw)
  Cubo vel.linear : [-0.000, +0.000, -0.000]
────────────────────────────────────────────
 Ep  1 | Step  56
────────────────────────────────────────────
  Task            : OBJECT_DELIVERY_SEQUENCE
  Action          : [+0.000, +0.000, -0.150, -1.000]
  EE posição      : [+0.151, -0.000, +0.147]
  EE velocidade   : [+0.001, -0.000, -0.049]
  Garra           : 0.000 m  (FECHADA)  contatos=0
  Cubo posição    : [-0.272, -0.002, +0.020]
  Target (target): [+0.150, +0.000, +0.020]
  Dist EE→Cubo    : 0.4412 m
  Dist Cubo→target: 0.4220 m
  Reward          : -0.4220
  Sucesso         : False
  Obstáculo caminho: nao  (count: 0)
  Objeto [object_1]: tipo=box  massa=10 kg  tamanho=[0.04, 0.04, 0.04]
  Target goal     : {'type': 'goal_sequence', 'targets': [{'name': 'target', 'position': [0.15000000596046448, 0.0, 0.019999999552965164]}], 'mode': 'goal_sequence'}
  Mesa            : 1.1x0.7x0.4 m  offset_x=-0.3
  Robô config     : control=ee  block_gripper=False  base=[-0.6, 0.0, 0.05]
  Scripts         : ['script_1', 'reach_only', 'left_right']
  Juntas ângulos  : [-0.00, +0.84, +0.00, -1.27, -0.00, +2.10, +0.79]
  Juntas veloc.   : [+0.00, +0.07, -0.00, -0.01, +0.00, +0.08, -0.00]
  Cubo rotação    : [-3.142, +0.000, +2.583]  (roll/pitch/yaw)
  Cubo vel.linear : [-0.000, +0.000, -0.000]
────────────────────────────────────────────
 Ep  1 | Step  57
────────────────────────────────────────────
  Task            : OBJECT_DELIVERY_SEQUENCE
  Action          : [+0.000, +0.000, -0.150, -1.000]
  EE posição      : [+0.151, -0.000, +0.140]
  EE velocidade   : [+0.001, -0.000, -0.048]
  Garra           : 0.000 m  (FECHADA)  contatos=0
  Cubo posição    : [-0.272, -0.002, +0.020]
  Target (target): [+0.150, +0.000, +0.020]
  Dist EE→Cubo    : 0.4394 m
  Dist Cubo→target: 0.4220 m
  Reward          : -0.4220
  Sucesso         : False
  Obstáculo caminho: nao  (count: 0)
  Objeto [object_1]: tipo=box  massa=10 kg  tamanho=[0.04, 0.04, 0.04]
  Target goal     : {'type': 'goal_sequence', 'targets': [{'name': 'target', 'position': [0.15000000596046448, 0.0, 0.019999999552965164]}], 'mode': 'goal_sequence'}
  Mesa            : 1.1x0.7x0.4 m  offset_x=-0.3
  Robô config     : control=ee  block_gripper=False  base=[-0.6, 0.0, 0.05]
  Scripts         : ['script_1', 'reach_only', 'left_right']
  Juntas ângulos  : [-0.00, +0.85, +0.00, -1.27, -0.00, +2.12, +0.79]
  Juntas veloc.   : [+0.00, +0.07, -0.00, -0.01, +0.00, +0.08, -0.00]
  Cubo rotação    : [-3.142, +0.000, +2.583]  (roll/pitch/yaw)
  Cubo vel.linear : [-0.000, +0.000, -0.000]
────────────────────────────────────────────
 Ep  1 | Step  58
────────────────────────────────────────────
  Task            : OBJECT_DELIVERY_SEQUENCE
  Action          : [+0.000, +0.000, -0.150, -1.000]
  EE posição      : [+0.151, -0.000, +0.134]
  EE velocidade   : [+0.001, -0.000, -0.048]
  Garra           : 0.000 m  (FECHADA)  contatos=0
  Cubo posição    : [-0.272, -0.002, +0.020]
  Target (target): [+0.150, +0.000, +0.020]
  Dist EE→Cubo    : 0.4378 m
  Dist Cubo→target: 0.4220 m
  Reward          : -0.4220
  Sucesso         : False
  Obstáculo caminho: nao  (count: 0)
  Objeto [object_1]: tipo=box  massa=10 kg  tamanho=[0.04, 0.04, 0.04]
  Target goal     : {'type': 'goal_sequence', 'targets': [{'name': 'target', 'position': [0.15000000596046448, 0.0, 0.019999999552965164]}], 'mode': 'goal_sequence'}
  Mesa            : 1.1x0.7x0.4 m  offset_x=-0.3
  Robô config     : control=ee  block_gripper=False  base=[-0.6, 0.0, 0.05]
  Scripts         : ['script_1', 'reach_only', 'left_right']
  Juntas ângulos  : [-0.00, +0.86, +0.00, -1.27, -0.00, +2.13, +0.79]
  Juntas veloc.   : [+0.00, +0.07, -0.00, -0.01, +0.00, +0.08, -0.00]
  Cubo rotação    : [-3.142, +0.000, +2.583]  (roll/pitch/yaw)
  Cubo vel.linear : [-0.000, +0.000, -0.000]
────────────────────────────────────────────
 Ep  1 | Step  59
────────────────────────────────────────────
  Task            : OBJECT_DELIVERY_SEQUENCE
  Action          : [+0.000, +0.000, -0.150, -1.000]
  EE posição      : [+0.151, -0.000, +0.127]
  EE velocidade   : [+0.000, -0.000, -0.048]
  Garra           : 0.000 m  (FECHADA)  contatos=0
  Cubo posição    : [-0.272, -0.002, +0.020]
  Target (target): [+0.150, +0.000, +0.020]
  Dist EE→Cubo    : 0.4361 m
  Dist Cubo→target: 0.4220 m
  Reward          : -0.4220
  Sucesso         : False
  Obstáculo caminho: nao  (count: 0)
  Objeto [object_1]: tipo=box  massa=10 kg  tamanho=[0.04, 0.04, 0.04]
  Target goal     : {'type': 'goal_sequence', 'targets': [{'name': 'target', 'position': [0.15000000596046448, 0.0, 0.019999999552965164]}], 'mode': 'goal_sequence'}
  Mesa            : 1.1x0.7x0.4 m  offset_x=-0.3
  Robô config     : control=ee  block_gripper=False  base=[-0.6, 0.0, 0.05]
  Scripts         : ['script_1', 'reach_only', 'left_right']
  Juntas ângulos  : [-0.00, +0.87, +0.00, -1.27, -0.00, +2.14, +0.79]
  Juntas veloc.   : [+0.00, +0.07, -0.00, -0.00, +0.00, +0.08, -0.00]
  Cubo rotação    : [-3.142, +0.000, +2.583]  (roll/pitch/yaw)
  Cubo vel.linear : [-0.000, +0.000, -0.000]
────────────────────────────────────────────
 Ep  1 | Step  60
────────────────────────────────────────────
  Task            : OBJECT_DELIVERY_SEQUENCE
  Action          : [+0.000, +0.000, -0.150, -1.000]
  EE posição      : [+0.151, -0.000, +0.121]
  EE velocidade   : [+0.000, -0.000, -0.047]
  Garra           : 0.000 m  (FECHADA)  contatos=0
  Cubo posição    : [-0.272, -0.002, +0.020]
  Target (target): [+0.150, +0.000, +0.020]
  Dist EE→Cubo    : 0.4345 m
  Dist Cubo→target: 0.4220 m
  Reward          : -0.4220
  Sucesso         : False
  Obstáculo caminho: nao  (count: 0)
  Objeto [object_1]: tipo=box  massa=10 kg  tamanho=[0.04, 0.04, 0.04]
  Target goal     : {'type': 'goal_sequence', 'targets': [{'name': 'target', 'position': [0.15000000596046448, 0.0, 0.019999999552965164]}], 'mode': 'goal_sequence'}
  Mesa            : 1.1x0.7x0.4 m  offset_x=-0.3
  Robô config     : control=ee  block_gripper=False  base=[-0.6, 0.0, 0.05]
  Scripts         : ['script_1', 'reach_only', 'left_right']
  Juntas ângulos  : [-0.00, +0.88, +0.00, -1.27, -0.00, +2.15, +0.79]
  Juntas veloc.   : [+0.00, +0.07, -0.00, -0.00, +0.00, +0.08, -0.00]
  Cubo rotação    : [-3.142, +0.000, +2.583]  (roll/pitch/yaw)
  Cubo vel.linear : [-0.000, +0.000, -0.000]
────────────────────────────────────────────
 Ep  1 | Step  61
────────────────────────────────────────────
  Task            : OBJECT_DELIVERY_SEQUENCE
  Action          : [+0.000, +0.000, -0.150, -1.000]
  EE posição      : [+0.151, -0.000, +0.114]
  EE velocidade   : [-0.000, -0.000, -0.048]
  Garra           : 0.000 m  (FECHADA)  contatos=0
  Cubo posição    : [-0.272, -0.002, +0.020]
  Target (target): [+0.150, +0.000, +0.020]
  Dist EE→Cubo    : 0.4330 m
  Dist Cubo→target: 0.4220 m
  Reward          : -0.4220
  Sucesso         : False
  Obstáculo caminho: nao  (count: 0)
  Objeto [object_1]: tipo=box  massa=10 kg  tamanho=[0.04, 0.04, 0.04]
  Target goal     : {'type': 'goal_sequence', 'targets': [{'name': 'target', 'position': [0.15000000596046448, 0.0, 0.019999999552965164]}], 'mode': 'goal_sequence'}
  Mesa            : 1.1x0.7x0.4 m  offset_x=-0.3
  Robô config     : control=ee  block_gripper=False  base=[-0.6, 0.0, 0.05]
  Scripts         : ['script_1', 'reach_only', 'left_right']
  Juntas ângulos  : [-0.00, +0.89, +0.00, -1.27, -0.00, +2.16, +0.79]
  Juntas veloc.   : [+0.00, +0.07, -0.00, -0.00, +0.00, +0.08, -0.00]
  Cubo rotação    : [-3.142, +0.000, +2.583]  (roll/pitch/yaw)
  Cubo vel.linear : [-0.000, +0.000, -0.000]
────────────────────────────────────────────
 Ep  1 | Step  62
────────────────────────────────────────────
  Task            : OBJECT_DELIVERY_SEQUENCE
  Action          : [+0.000, +0.000, -0.150, -1.000]
  EE posição      : [+0.151, -0.000, +0.108]
  EE velocidade   : [-0.001, -0.000, -0.048]
  Garra           : 0.000 m  (FECHADA)  contatos=0
  Cubo posição    : [-0.272, -0.002, +0.020]
  Target (target): [+0.150, +0.000, +0.020]
  Dist EE→Cubo    : 0.4316 m
  Dist Cubo→target: 0.4220 m
  Reward          : -0.4220
  Sucesso         : False
  Obstáculo caminho: nao  (count: 0)
  Objeto [object_1]: tipo=box  massa=10 kg  tamanho=[0.04, 0.04, 0.04]
  Target goal     : {'type': 'goal_sequence', 'targets': [{'name': 'target', 'position': [0.15000000596046448, 0.0, 0.019999999552965164]}], 'mode': 'goal_sequence'}
  Mesa            : 1.1x0.7x0.4 m  offset_x=-0.3
  Robô config     : control=ee  block_gripper=False  base=[-0.6, 0.0, 0.05]
  Scripts         : ['script_1', 'reach_only', 'left_right']
  Juntas ângulos  : [-0.00, +0.90, +0.00, -1.27, -0.00, +2.17, +0.79]
  Juntas veloc.   : [+0.00, +0.07, -0.00, -0.00, +0.00, +0.08, -0.00]
  Cubo rotação    : [-3.142, +0.000, +2.583]  (roll/pitch/yaw)
  Cubo vel.linear : [-0.000, +0.000, -0.000]
────────────────────────────────────────────
 Ep  1 | Step  63
────────────────────────────────────────────
  Task            : OBJECT_DELIVERY_SEQUENCE
  Action          : [+0.000, +0.000, -0.150, -1.000]
  EE posição      : [+0.150, -0.000, +0.101]
  EE velocidade   : [-0.001, -0.000, -0.048]
  Garra           : 0.000 m  (FECHADA)  contatos=0
  Cubo posição    : [-0.272, -0.002, +0.020]
  Target (target): [+0.150, +0.000, +0.020]
  Dist EE→Cubo    : 0.4301 m
  Dist Cubo→target: 0.4220 m
  Reward          : -0.4220
  Sucesso         : False
  Obstáculo caminho: nao  (count: 0)
  Objeto [object_1]: tipo=box  massa=10 kg  tamanho=[0.04, 0.04, 0.04]
  Target goal     : {'type': 'goal_sequence', 'targets': [{'name': 'target', 'position': [0.15000000596046448, 0.0, 0.019999999552965164]}], 'mode': 'goal_sequence'}
  Mesa            : 1.1x0.7x0.4 m  offset_x=-0.3
  Robô config     : control=ee  block_gripper=False  base=[-0.6, 0.0, 0.05]
  Scripts         : ['script_1', 'reach_only', 'left_right']
  Juntas ângulos  : [-0.00, +0.91, +0.00, -1.27, -0.00, +2.17, +0.79]
  Juntas veloc.   : [+0.00, +0.07, -0.00, +0.00, +0.00, +0.08, -0.00]
  Cubo rotação    : [-3.142, +0.000, +2.583]  (roll/pitch/yaw)
  Cubo vel.linear : [-0.000, +0.000, -0.000]
────────────────────────────────────────────
 Ep  1 | Step  64
────────────────────────────────────────────
  Task            : OBJECT_DELIVERY_SEQUENCE
  Action          : [+0.000, +0.000, -0.150, -1.000]
  EE posição      : [+0.150, -0.000, +0.095]
  EE velocidade   : [-0.001, -0.000, -0.048]
  Garra           : 0.000 m  (FECHADA)  contatos=0
  Cubo posição    : [-0.272, -0.002, +0.020]
  Target (target): [+0.150, +0.000, +0.020]
  Dist EE→Cubo    : 0.4288 m
  Dist Cubo→target: 0.4220 m
  Reward          : -0.4220
  Sucesso         : False
  Obstáculo caminho: nao  (count: 0)
  Objeto [object_1]: tipo=box  massa=10 kg  tamanho=[0.04, 0.04, 0.04]
  Target goal     : {'type': 'goal_sequence', 'targets': [{'name': 'target', 'position': [0.15000000596046448, 0.0, 0.019999999552965164]}], 'mode': 'goal_sequence'}
  Mesa            : 1.1x0.7x0.4 m  offset_x=-0.3
  Robô config     : control=ee  block_gripper=False  base=[-0.6, 0.0, 0.05]
  Scripts         : ['script_1', 'reach_only', 'left_right']
  Juntas ângulos  : [-0.00, +0.92, +0.00, -1.27, -0.00, +2.18, +0.79]
  Juntas veloc.   : [+0.00, +0.07, -0.00, +0.00, +0.00, +0.07, -0.00]
  Cubo rotação    : [-3.142, +0.000, +2.583]  (roll/pitch/yaw)
  Cubo vel.linear : [-0.000, +0.000, -0.000]
────────────────────────────────────────────
 Ep  1 | Step  65
────────────────────────────────────────────
  Task            : OBJECT_DELIVERY_SEQUENCE
  Action          : [+0.000, +0.000, -0.150, -1.000]
  EE posição      : [+0.150, -0.000, +0.088]
  EE velocidade   : [-0.001, -0.000, -0.048]
  Garra           : 0.000 m  (FECHADA)  contatos=0
  Cubo posição    : [-0.272, -0.002, +0.020]
  Target (target): [+0.150, +0.000, +0.020]
  Dist EE→Cubo    : 0.4275 m
  Dist Cubo→target: 0.4220 m
  Reward          : -0.4220
  Sucesso         : False
  Obstáculo caminho: nao  (count: 0)
  Objeto [object_1]: tipo=box  massa=10 kg  tamanho=[0.04, 0.04, 0.04]
  Target goal     : {'type': 'goal_sequence', 'targets': [{'name': 'target', 'position': [0.15000000596046448, 0.0, 0.019999999552965164]}], 'mode': 'goal_sequence'}
  Mesa            : 1.1x0.7x0.4 m  offset_x=-0.3
  Robô config     : control=ee  block_gripper=False  base=[-0.6, 0.0, 0.05]
  Scripts         : ['script_1', 'reach_only', 'left_right']
  Juntas ângulos  : [-0.00, +0.93, +0.00, -1.27, -0.00, +2.19, +0.79]
  Juntas veloc.   : [+0.00, +0.07, -0.00, +0.00, +0.00, +0.07, -0.00]
  Cubo rotação    : [-3.142, +0.000, +2.583]  (roll/pitch/yaw)
  Cubo vel.linear : [-0.000, +0.000, -0.000]
────────────────────────────────────────────
 Ep  1 | Step  66
────────────────────────────────────────────
  Task            : OBJECT_DELIVERY_SEQUENCE
  Action          : [+0.000, +0.000, -0.150, -1.000]
  EE posição      : [+0.150, -0.000, +0.081]
  EE velocidade   : [-0.002, -0.000, -0.048]
  Garra           : 0.000 m  (FECHADA)  contatos=0
  Cubo posição    : [-0.272, -0.002, +0.020]
  Target (target): [+0.150, +0.000, +0.020]
  Dist EE→Cubo    : 0.4262 m
  Dist Cubo→target: 0.4220 m
  Reward          : -0.4220
  Sucesso         : False
  Obstáculo caminho: nao  (count: 0)
  Objeto [object_1]: tipo=box  massa=10 kg  tamanho=[0.04, 0.04, 0.04]
  Target goal     : {'type': 'goal_sequence', 'targets': [{'name': 'target', 'position': [0.15000000596046448, 0.0, 0.019999999552965164]}], 'mode': 'goal_sequence'}
  Mesa            : 1.1x0.7x0.4 m  offset_x=-0.3
  Robô config     : control=ee  block_gripper=False  base=[-0.6, 0.0, 0.05]
  Scripts         : ['script_1', 'reach_only', 'left_right']
  Juntas ângulos  : [-0.00, +0.94, +0.00, -1.27, -0.00, +2.20, +0.79]
  Juntas veloc.   : [+0.00, +0.08, -0.00, +0.00, +0.00, +0.07, -0.00]
  Cubo rotação    : [-3.142, +0.000, +2.583]  (roll/pitch/yaw)
  Cubo vel.linear : [-0.000, +0.000, -0.000]
────────────────────────────────────────────
 Ep  1 | Step  67
────────────────────────────────────────────
  Task            : OBJECT_DELIVERY_SEQUENCE
  Action          : [+0.000, +0.000, -0.150, -1.000]
  EE posição      : [+0.149, -0.000, +0.075]
  EE velocidade   : [-0.002, -0.000, -0.048]
  Garra           : 0.000 m  (FECHADA)  contatos=0
  Cubo posição    : [-0.272, -0.002, +0.020]
  Target (target): [+0.150, +0.000, +0.020]
  Dist EE→Cubo    : 0.4251 m
  Dist Cubo→target: 0.4220 m
  Reward          : -0.4220
  Sucesso         : False
  Obstáculo caminho: nao  (count: 0)
  Objeto [object_1]: tipo=box  massa=10 kg  tamanho=[0.04, 0.04, 0.04]
  Target goal     : {'type': 'goal_sequence', 'targets': [{'name': 'target', 'position': [0.15000000596046448, 0.0, 0.019999999552965164]}], 'mode': 'goal_sequence'}
  Mesa            : 1.1x0.7x0.4 m  offset_x=-0.3
  Robô config     : control=ee  block_gripper=False  base=[-0.6, 0.0, 0.05]
  Scripts         : ['script_1', 'reach_only', 'left_right']
  Juntas ângulos  : [-0.00, +0.95, +0.00, -1.27, -0.00, +2.21, +0.79]
  Juntas veloc.   : [+0.00, +0.08, -0.00, +0.01, +0.00, +0.07, -0.00]
  Cubo rotação    : [-3.142, +0.000, +2.583]  (roll/pitch/yaw)
  Cubo vel.linear : [-0.000, +0.000, -0.000]
────────────────────────────────────────────
 Ep  1 | Step  68
────────────────────────────────────────────
  Task            : OBJECT_DELIVERY_SEQUENCE
  Action          : [+0.000, +0.000, -0.150, -1.000]
  EE posição      : [+0.149, -0.000, +0.068]
  EE velocidade   : [-0.002, -0.000, -0.048]
  Garra           : 0.000 m  (FECHADA)  contatos=0
  Cubo posição    : [-0.272, -0.002, +0.020]
  Target (target): [+0.150, +0.000, +0.020]
  Dist EE→Cubo    : 0.4239 m
  Dist Cubo→target: 0.4220 m
  Reward          : -0.4220
  Sucesso         : False
  Obstáculo caminho: nao  (count: 0)
  Objeto [object_1]: tipo=box  massa=10 kg  tamanho=[0.04, 0.04, 0.04]
  Target goal     : {'type': 'goal_sequence', 'targets': [{'name': 'target', 'position': [0.15000000596046448, 0.0, 0.019999999552965164]}], 'mode': 'goal_sequence'}
  Mesa            : 1.1x0.7x0.4 m  offset_x=-0.3
  Robô config     : control=ee  block_gripper=False  base=[-0.6, 0.0, 0.05]
  Scripts         : ['script_1', 'reach_only', 'left_right']
  Juntas ângulos  : [-0.00, +0.96, +0.00, -1.27, -0.00, +2.22, +0.79]
  Juntas veloc.   : [+0.00, +0.08, -0.00, +0.01, +0.00, +0.07, -0.00]
  Cubo rotação    : [-3.142, +0.000, +2.583]  (roll/pitch/yaw)
  Cubo vel.linear : [-0.000, +0.000, -0.000]
────────────────────────────────────────────
 Ep  1 | Step  69
────────────────────────────────────────────
  Task            : OBJECT_DELIVERY_SEQUENCE
  Action          : [+0.000, +0.000, -0.150, -1.000]
  EE posição      : [+0.149, -0.000, +0.062]
  EE velocidade   : [-0.002, -0.000, -0.047]
  Garra           : 0.000 m  (FECHADA)  contatos=0
  Cubo posição    : [-0.272, -0.002, +0.020]
  Target (target): [+0.150, +0.000, +0.020]
  Dist EE→Cubo    : 0.4229 m
  Dist Cubo→target: 0.4220 m
  Reward          : -0.4220
  Sucesso         : False
  Obstáculo caminho: nao  (count: 0)
  Objeto [object_1]: tipo=box  massa=10 kg  tamanho=[0.04, 0.04, 0.04]
  Target goal     : {'type': 'goal_sequence', 'targets': [{'name': 'target', 'position': [0.15000000596046448, 0.0, 0.019999999552965164]}], 'mode': 'goal_sequence'}
  Mesa            : 1.1x0.7x0.4 m  offset_x=-0.3
  Robô config     : control=ee  block_gripper=False  base=[-0.6, 0.0, 0.05]
  Scripts         : ['script_1', 'reach_only', 'left_right']
  Juntas ângulos  : [-0.00, +0.97, +0.00, -1.26, -0.00, +2.23, +0.79]
  Juntas veloc.   : [+0.00, +0.08, -0.00, +0.01, +0.00, +0.07, -0.00]
  Cubo rotação    : [-3.142, +0.000, +2.583]  (roll/pitch/yaw)
  Cubo vel.linear : [-0.000, +0.000, -0.000]
────────────────────────────────────────────
 Ep  1 | Step  70
────────────────────────────────────────────
  Task            : OBJECT_DELIVERY_SEQUENCE
  Action          : [+0.000, +0.000, -0.150, -1.000]
  EE posição      : [+0.148, -0.000, +0.055]
  EE velocidade   : [-0.003, -0.000, -0.048]
  Garra           : 0.000 m  (FECHADA)  contatos=0
  Cubo posição    : [-0.272, -0.002, +0.020]
  Target (target): [+0.150, +0.000, +0.020]
  Dist EE→Cubo    : 0.4219 m
  Dist Cubo→target: 0.4220 m
  Reward          : -0.4220
  Sucesso         : False
  Obstáculo caminho: nao  (count: 0)
  Objeto [object_1]: tipo=box  massa=10 kg  tamanho=[0.04, 0.04, 0.04]
  Target goal     : {'type': 'goal_sequence', 'targets': [{'name': 'target', 'position': [0.15000000596046448, 0.0, 0.019999999552965164]}], 'mode': 'goal_sequence'}
  Mesa            : 1.1x0.7x0.4 m  offset_x=-0.3
  Robô config     : control=ee  block_gripper=False  base=[-0.6, 0.0, 0.05]
  Scripts         : ['script_1', 'reach_only', 'left_right']
  Juntas ângulos  : [-0.00, +0.98, +0.00, -1.26, -0.00, +2.24, +0.79]
  Juntas veloc.   : [+0.00, +0.08, -0.00, +0.01, +0.00, +0.07, -0.00]
  Cubo rotação    : [-3.142, +0.000, +2.583]  (roll/pitch/yaw)
  Cubo vel.linear : [-0.000, +0.000, -0.000]
────────────────────────────────────────────
 Ep  1 | Step  71
────────────────────────────────────────────
  Task            : OBJECT_DELIVERY_SEQUENCE
  Action          : [+0.000, +0.000, -0.150, -1.000]
  EE posição      : [+0.148, -0.000, +0.049]
  EE velocidade   : [-0.003, -0.000, -0.047]
  Garra           : 0.000 m  (FECHADA)  contatos=0
  Cubo posição    : [-0.272, -0.002, +0.020]
  Target (target): [+0.150, +0.000, +0.020]
  Dist EE→Cubo    : 0.4209 m
  Dist Cubo→target: 0.4220 m
  Reward          : -0.4220
  Sucesso         : False
  Obstáculo caminho: nao  (count: 0)
  Objeto [object_1]: tipo=box  massa=10 kg  tamanho=[0.04, 0.04, 0.04]
  Target goal     : {'type': 'goal_sequence', 'targets': [{'name': 'target', 'position': [0.15000000596046448, 0.0, 0.019999999552965164]}], 'mode': 'goal_sequence'}
  Mesa            : 1.1x0.7x0.4 m  offset_x=-0.3
  Robô config     : control=ee  block_gripper=False  base=[-0.6, 0.0, 0.05]
  Scripts         : ['script_1', 'reach_only', 'left_right']
  Juntas ângulos  : [-0.00, +0.99, +0.00, -1.26, -0.00, +2.25, +0.79]
  Juntas veloc.   : [+0.00, +0.08, -0.00, +0.01, +0.00, +0.07, -0.00]
  Cubo rotação    : [-3.142, +0.000, +2.583]  (roll/pitch/yaw)
  Cubo vel.linear : [-0.000, +0.000, -0.000]
────────────────────────────────────────────
 Ep  1 | Step  72
────────────────────────────────────────────
  Task            : OBJECT_DELIVERY_SEQUENCE
  Action          : [+0.000, +0.000, -0.145, -1.000]
  EE posição      : [+0.147, -0.000, +0.043]
  EE velocidade   : [-0.003, -0.000, -0.044]
  Garra           : 0.000 m  (FECHADA)  contatos=0
  Cubo posição    : [-0.272, -0.002, +0.020]
  Target (target): [+0.150, +0.000, +0.020]
  Dist EE→Cubo    : 0.4201 m
  Dist Cubo→target: 0.4220 m
  Reward          : -0.4220
  Sucesso         : False
  Obstáculo caminho: nao  (count: 0)
  Objeto [object_1]: tipo=box  massa=10 kg  tamanho=[0.04, 0.04, 0.04]
  Target goal     : {'type': 'goal_sequence', 'targets': [{'name': 'target', 'position': [0.15000000596046448, 0.0, 0.019999999552965164]}], 'mode': 'goal_sequence'}
  Mesa            : 1.1x0.7x0.4 m  offset_x=-0.3
  Robô config     : control=ee  block_gripper=False  base=[-0.6, 0.0, 0.05]
  Scripts         : ['script_1', 'reach_only', 'left_right']
  Juntas ângulos  : [-0.00, +1.00, +0.00, -1.26, -0.00, +2.26, +0.79]
  Juntas veloc.   : [+0.00, +0.07, -0.00, +0.01, +0.00, +0.07, -0.00]
  Cubo rotação    : [-3.142, +0.000, +2.583]  (roll/pitch/yaw)
  Cubo vel.linear : [-0.000, +0.000, -0.000]
────────────────────────────────────────────
 Ep  1 | Step  73
────────────────────────────────────────────
  Task            : OBJECT_DELIVERY_SEQUENCE
  Action          : [+0.000, +0.000, -0.113, -1.000]
  EE posição      : [+0.147, -0.000, +0.038]
  EE velocidade   : [-0.005, -0.000, -0.041]
  Garra           : 0.000 m  (FECHADA)  contatos=0
  Cubo posição    : [-0.272, -0.002, +0.020]
  Target (target): [+0.150, +0.000, +0.020]
  Dist EE→Cubo    : 0.4195 m
  Dist Cubo→target: 0.4220 m
  Reward          : -0.4220
  Sucesso         : False
  Obstáculo caminho: nao  (count: 0)
  Objeto [object_1]: tipo=box  massa=10 kg  tamanho=[0.04, 0.04, 0.04]
  Target goal     : {'type': 'goal_sequence', 'targets': [{'name': 'target', 'position': [0.15000000596046448, 0.0, 0.019999999552965164]}], 'mode': 'goal_sequence'}
  Mesa            : 1.1x0.7x0.4 m  offset_x=-0.3
  Robô config     : control=ee  block_gripper=False  base=[-0.6, 0.0, 0.05]
  Scripts         : ['script_1', 'reach_only', 'left_right']
  Juntas ângulos  : [-0.00, +1.01, +0.00, -1.26, -0.00, +2.27, +0.79]
  Juntas veloc.   : [-0.00, +0.07, -0.00, +0.01, +0.00, +0.05, -0.00]
  Cubo rotação    : [-3.142, +0.000, +2.583]  (roll/pitch/yaw)
  Cubo vel.linear : [-0.000, +0.000, -0.000]
────────────────────────────────────────────
 Ep  1 | Step  74
────────────────────────────────────────────
  Task            : OBJECT_DELIVERY_SEQUENCE
  Action          : [+0.000, +0.000, -0.090, -1.000]
  EE posição      : [+0.147, -0.000, +0.034]
  EE velocidade   : [-0.004, -0.000, -0.032]
  Garra           : 0.000 m  (FECHADA)  contatos=0
  Cubo posição    : [-0.272, -0.002, +0.020]
  Target (target): [+0.150, +0.000, +0.020]
  Dist EE→Cubo    : 0.4190 m
  Dist Cubo→target: 0.4220 m
  Reward          : -0.4220
  Sucesso         : False
  Obstáculo caminho: nao  (count: 0)
  Objeto [object_1]: tipo=box  massa=10 kg  tamanho=[0.04, 0.04, 0.04]
  Target goal     : {'type': 'goal_sequence', 'targets': [{'name': 'target', 'position': [0.15000000596046448, 0.0, 0.019999999552965164]}], 'mode': 'goal_sequence'}
  Mesa            : 1.1x0.7x0.4 m  offset_x=-0.3
  Robô config     : control=ee  block_gripper=False  base=[-0.6, 0.0, 0.05]
  Scripts         : ['script_1', 'reach_only', 'left_right']
  Juntas ângulos  : [-0.00, +1.01, +0.00, -1.26, -0.00, +2.27, +0.79]
  Juntas veloc.   : [-0.00, +0.05, -0.00, +0.01, +0.00, +0.04, -0.00]
  Cubo rotação    : [-3.142, +0.000, +2.583]  (roll/pitch/yaw)
  Cubo vel.linear : [-0.000, +0.000, -0.000]
────────────────────────────────────────────
 Ep  1 | Step  75
────────────────────────────────────────────
  Task            : OBJECT_DELIVERY_SEQUENCE
  Action          : [+0.000, +0.000, -0.071, -1.000]
  EE posição      : [+0.146, -0.000, +0.031]
  EE velocidade   : [-0.003, -0.000, -0.024]
  Garra           : 0.000 m  (FECHADA)  contatos=0
  Cubo posição    : [-0.272, -0.002, +0.020]
  Target (target): [+0.150, +0.000, +0.020]
  Dist EE→Cubo    : 0.4187 m
  Dist Cubo→target: 0.4220 m
  Reward          : -0.4220
  Sucesso         : False
  Obstáculo caminho: nao  (count: 0)
  Objeto [object_1]: tipo=box  massa=10 kg  tamanho=[0.04, 0.04, 0.04]
  Target goal     : {'type': 'goal_sequence', 'targets': [{'name': 'target', 'position': [0.15000000596046448, 0.0, 0.019999999552965164]}], 'mode': 'goal_sequence'}
  Mesa            : 1.1x0.7x0.4 m  offset_x=-0.3
  Robô config     : control=ee  block_gripper=False  base=[-0.6, 0.0, 0.05]
  Scripts         : ['script_1', 'reach_only', 'left_right']
  Juntas ângulos  : [-0.00, +1.02, +0.00, -1.26, -0.00, +2.27, +0.79]
  Juntas veloc.   : [-0.00, +0.04, -0.00, +0.01, +0.00, +0.03, -0.00]
  Cubo rotação    : [-3.142, +0.000, +2.583]  (roll/pitch/yaw)
  Cubo vel.linear : [-0.000, +0.000, -0.000]
────────────────────────────────────────────
 Ep  1 | Step  76
────────────────────────────────────────────
  Task            : OBJECT_DELIVERY_SEQUENCE
  Action          : [+0.000, +0.000, -0.056, -1.000]
  EE posição      : [+0.146, -0.000, +0.029]
  EE velocidade   : [-0.002, -0.000, -0.019]
  Garra           : 0.000 m  (FECHADA)  contatos=0
  Cubo posição    : [-0.272, -0.002, +0.020]
  Target (target): [+0.150, +0.000, +0.020]
  Dist EE→Cubo    : 0.4184 m
  Dist Cubo→target: 0.4220 m
  Reward          : -0.4220
  Sucesso         : False
  Obstáculo caminho: nao  (count: 0)
  Objeto [object_1]: tipo=box  massa=10 kg  tamanho=[0.04, 0.04, 0.04]
  Target goal     : {'type': 'goal_sequence', 'targets': [{'name': 'target', 'position': [0.15000000596046448, 0.0, 0.019999999552965164]}], 'mode': 'goal_sequence'}
  Mesa            : 1.1x0.7x0.4 m  offset_x=-0.3
  Robô config     : control=ee  block_gripper=False  base=[-0.6, 0.0, 0.05]
  Scripts         : ['script_1', 'reach_only', 'left_right']
  Juntas ângulos  : [-0.00, +1.02, +0.00, -1.26, -0.00, +2.28, +0.79]
  Juntas veloc.   : [-0.00, +0.03, -0.00, +0.01, +0.00, +0.02, -0.00]
  Cubo rotação    : [-3.142, +0.000, +2.583]  (roll/pitch/yaw)
  Cubo vel.linear : [-0.000, +0.000, -0.000]
────────────────────────────────────────────
 Ep  1 | Step  77
────────────────────────────────────────────
  Task            : OBJECT_DELIVERY_SEQUENCE
  Action          : [+0.000, +0.000, -0.044, -1.000]
  EE posição      : [+0.146, -0.000, +0.027]
  EE velocidade   : [-0.002, -0.000, -0.015]
  Garra           : 0.000 m  (FECHADA)  contatos=0
  Cubo posição    : [-0.272, -0.002, +0.020]
  Target (target): [+0.150, +0.000, +0.020]
  Dist EE→Cubo    : 0.4182 m
  Dist Cubo→target: 0.4220 m
  Reward          : -0.4220
  Sucesso         : False
  Obstáculo caminho: nao  (count: 0)
  Objeto [object_1]: tipo=box  massa=10 kg  tamanho=[0.04, 0.04, 0.04]
  Target goal     : {'type': 'goal_sequence', 'targets': [{'name': 'target', 'position': [0.15000000596046448, 0.0, 0.019999999552965164]}], 'mode': 'goal_sequence'}
  Mesa            : 1.1x0.7x0.4 m  offset_x=-0.3
  Robô config     : control=ee  block_gripper=False  base=[-0.6, 0.0, 0.05]
  Scripts         : ['script_1', 'reach_only', 'left_right']
  Juntas ângulos  : [-0.00, +1.03, +0.00, -1.25, -0.00, +2.28, +0.79]
  Juntas veloc.   : [-0.00, +0.02, -0.00, +0.01, +0.00, +0.02, -0.00]
  Cubo rotação    : [-3.142, +0.000, +2.583]  (roll/pitch/yaw)
  Cubo vel.linear : [-0.000, +0.000, -0.000]
────────────────────────────────────────────
 Ep  1 | Step  78
────────────────────────────────────────────
  Task            : OBJECT_DELIVERY_SEQUENCE
  Action          : [+0.000, +0.000, -0.034, -1.000]
  EE posição      : [+0.146, -0.000, +0.025]
  EE velocidade   : [-0.001, -0.000, -0.011]
  Garra           : 0.000 m  (FECHADA)  contatos=0
  Cubo posição    : [-0.272, -0.002, +0.020]
  Target (target): [+0.150, +0.000, +0.020]
  Dist EE→Cubo    : 0.4180 m
  Dist Cubo→target: 0.4220 m
  Reward          : -0.4220
  Sucesso         : False
  Obstáculo caminho: nao  (count: 0)
  Objeto [object_1]: tipo=box  massa=10 kg  tamanho=[0.04, 0.04, 0.04]
  Target goal     : {'type': 'goal_sequence', 'targets': [{'name': 'target', 'position': [0.15000000596046448, 0.0, 0.019999999552965164]}], 'mode': 'goal_sequence'}
  Mesa            : 1.1x0.7x0.4 m  offset_x=-0.3
  Robô config     : control=ee  block_gripper=False  base=[-0.6, 0.0, 0.05]
  Scripts         : ['script_1', 'reach_only', 'left_right']
  Juntas ângulos  : [-0.00, +1.03, +0.00, -1.25, -0.00, +2.28, +0.79]
  Juntas veloc.   : [-0.00, +0.02, -0.00, +0.00, +0.00, +0.02, -0.00]
  Cubo rotação    : [-3.142, +0.000, +2.583]  (roll/pitch/yaw)
  Cubo vel.linear : [-0.000, +0.000, -0.000]
────────────────────────────────────────────
 Ep  1 | Step  79
────────────────────────────────────────────
  Task            : OBJECT_DELIVERY_SEQUENCE
  Action          : [+0.000, +0.000, -0.027, -1.000]
  EE posição      : [+0.146, -0.000, +0.024]
  EE velocidade   : [-0.001, -0.000, -0.009]
  Garra           : 0.000 m  (FECHADA)  contatos=0
  Cubo posição    : [-0.272, -0.002, +0.020]
  Target (target): [+0.150, +0.000, +0.020]
  Dist EE→Cubo    : 0.4179 m
  Dist Cubo→target: 0.4220 m
  Reward          : -0.4220
  Sucesso         : False
  Obstáculo caminho: nao  (count: 0)
  Objeto [object_1]: tipo=box  massa=10 kg  tamanho=[0.04, 0.04, 0.04]
  Target goal     : {'type': 'goal_sequence', 'targets': [{'name': 'target', 'position': [0.15000000596046448, 0.0, 0.019999999552965164]}], 'mode': 'goal_sequence'}
  Mesa            : 1.1x0.7x0.4 m  offset_x=-0.3
  Robô config     : control=ee  block_gripper=False  base=[-0.6, 0.0, 0.05]
  Scripts         : ['script_1', 'reach_only', 'left_right']
  Juntas ângulos  : [-0.00, +1.03, +0.00, -1.25, -0.00, +2.28, +0.79]
  Juntas veloc.   : [-0.00, +0.02, -0.00, +0.00, +0.00, +0.01, -0.00]
  Cubo rotação    : [-3.142, +0.000, +2.583]  (roll/pitch/yaw)
  Cubo vel.linear : [-0.000, +0.000, -0.000]
────────────────────────────────────────────
 Ep  1 | Step  80
────────────────────────────────────────────
  Task            : OBJECT_DELIVERY_SEQUENCE
  Action          : [+0.000, +0.000, +0.000, +1.000]
  EE posição      : [+0.146, -0.000, +0.024]
  EE velocidade   : [-0.000, -0.000, -0.000]
  Garra           : 0.070 m  (ABERTA)  contatos=0
  Cubo posição    : [-0.272, -0.002, +0.020]
  Target (target): [+0.150, +0.000, +0.020]
  Dist EE→Cubo    : 0.4179 m
  Dist Cubo→target: 0.4220 m
  Reward          : -0.4220
  Sucesso         : False
  Obstáculo caminho: nao  (count: 0)
  Objeto [object_1]: tipo=box  massa=10 kg  tamanho=[0.04, 0.04, 0.04]
  Target goal     : {'type': 'goal_sequence', 'targets': [{'name': 'target', 'position': [0.15000000596046448, 0.0, 0.019999999552965164]}], 'mode': 'goal_sequence'}
  Mesa            : 1.1x0.7x0.4 m  offset_x=-0.3
  Robô config     : control=ee  block_gripper=False  base=[-0.6, 0.0, 0.05]
  Scripts         : ['script_1', 'reach_only', 'left_right']
  Juntas ângulos  : [-0.00, +1.03, +0.00, -1.25, -0.00, +2.28, +0.79]
  Juntas veloc.   : [+0.00, -0.00, -0.00, -0.00, +0.00, -0.00, -0.00]
  Cubo rotação    : [-3.142, +0.000, +2.583]  (roll/pitch/yaw)
  Cubo vel.linear : [-0.000, +0.000, -0.000]
────────────────────────────────────────────
 Ep  1 | Step  81
────────────────────────────────────────────
  Task            : OBJECT_DELIVERY_SEQUENCE
  Action          : [+0.000, +0.000, +0.000, +1.000]
  EE posição      : [+0.146, -0.000, +0.024]
  EE velocidade   : [-0.000, -0.000, -0.000]
  Garra           : 0.079 m  (ABERTA)  contatos=0
  Cubo posição    : [-0.272, -0.002, +0.020]
  Target (target): [+0.150, +0.000, +0.020]
  Dist EE→Cubo    : 0.4179 m
  Dist Cubo→target: 0.4220 m
  Reward          : -0.4220
  Sucesso         : False
  Obstáculo caminho: nao  (count: 0)
  Objeto [object_1]: tipo=box  massa=10 kg  tamanho=[0.04, 0.04, 0.04]
  Target goal     : {'type': 'goal_sequence', 'targets': [{'name': 'target', 'position': [0.15000000596046448, 0.0, 0.019999999552965164]}], 'mode': 'goal_sequence'}
  Mesa            : 1.1x0.7x0.4 m  offset_x=-0.3
  Robô config     : control=ee  block_gripper=False  base=[-0.6, 0.0, 0.05]
  Scripts         : ['script_1', 'reach_only', 'left_right']
  Juntas ângulos  : [-0.00, +1.03, +0.00, -1.25, -0.00, +2.28, +0.79]
  Juntas veloc.   : [+0.00, -0.00, -0.00, -0.00, +0.00, +0.00, -0.00]
  Cubo rotação    : [-3.142, +0.000, +2.583]  (roll/pitch/yaw)
  Cubo vel.linear : [-0.000, +0.000, -0.000]
────────────────────────────────────────────
 Ep  1 | Step  82
────────────────────────────────────────────
  Task            : OBJECT_DELIVERY_SEQUENCE
  Action          : [+0.000, +0.000, +0.000, +1.000]
  EE posição      : [+0.146, -0.000, +0.024]
  EE velocidade   : [-0.000, -0.000, -0.000]
  Garra           : 0.080 m  (ABERTA)  contatos=0
  Cubo posição    : [-0.272, -0.002, +0.020]
  Target (target): [+0.150, +0.000, +0.020]
  Dist EE→Cubo    : 0.4179 m
  Dist Cubo→target: 0.4220 m
  Reward          : -0.4220
  Sucesso         : False
  Obstáculo caminho: nao  (count: 0)
  Objeto [object_1]: tipo=box  massa=10 kg  tamanho=[0.04, 0.04, 0.04]
  Target goal     : {'type': 'goal_sequence', 'targets': [{'name': 'target', 'position': [0.15000000596046448, 0.0, 0.019999999552965164]}], 'mode': 'goal_sequence'}
  Mesa            : 1.1x0.7x0.4 m  offset_x=-0.3
  Robô config     : control=ee  block_gripper=False  base=[-0.6, 0.0, 0.05]
  Scripts         : ['script_1', 'reach_only', 'left_right']
  Juntas ângulos  : [-0.00, +1.03, +0.00, -1.25, -0.00, +2.28, +0.79]
  Juntas veloc.   : [+0.00, -0.00, -0.00, -0.00, +0.00, +0.00, -0.00]
  Cubo rotação    : [-3.142, +0.000, +2.583]  (roll/pitch/yaw)
  Cubo vel.linear : [-0.000, +0.000, -0.000]
────────────────────────────────────────────
 Ep  1 | Step  83
────────────────────────────────────────────
  Task            : OBJECT_DELIVERY_SEQUENCE
  Action          : [+0.000, +0.000, +0.000, +1.000]
  EE posição      : [+0.146, -0.000, +0.024]
  EE velocidade   : [-0.000, -0.000, -0.000]
  Garra           : 0.080 m  (ABERTA)  contatos=0
  Cubo posição    : [-0.272, -0.002, +0.020]
  Target (target): [+0.150, +0.000, +0.020]
  Dist EE→Cubo    : 0.4179 m
  Dist Cubo→target: 0.4220 m
  Reward          : -0.4220
  Sucesso         : False
  Obstáculo caminho: nao  (count: 0)
  Objeto [object_1]: tipo=box  massa=10 kg  tamanho=[0.04, 0.04, 0.04]
  Target goal     : {'type': 'goal_sequence', 'targets': [{'name': 'target', 'position': [0.15000000596046448, 0.0, 0.019999999552965164]}], 'mode': 'goal_sequence'}
  Mesa            : 1.1x0.7x0.4 m  offset_x=-0.3
  Robô config     : control=ee  block_gripper=False  base=[-0.6, 0.0, 0.05]
  Scripts         : ['script_1', 'reach_only', 'left_right']
  Juntas ângulos  : [-0.00, +1.03, +0.00, -1.25, -0.00, +2.28, +0.79]
  Juntas veloc.   : [+0.00, -0.00, -0.00, -0.00, +0.00, +0.00, -0.00]
  Cubo rotação    : [-3.142, +0.000, +2.583]  (roll/pitch/yaw)
  Cubo vel.linear : [-0.000, +0.000, -0.000]
────────────────────────────────────────────
 Ep  1 | Step  84
────────────────────────────────────────────
  Task            : OBJECT_DELIVERY_SEQUENCE
  Action          : [+0.000, +0.000, +0.000, +1.000]
  EE posição      : [+0.146, -0.000, +0.024]
  EE velocidade   : [-0.000, -0.000, -0.000]
  Garra           : 0.080 m  (ABERTA)  contatos=0
  Cubo posição    : [-0.272, -0.002, +0.020]
  Target (target): [+0.150, +0.000, +0.020]
  Dist EE→Cubo    : 0.4179 m
  Dist Cubo→target: 0.4220 m
  Reward          : -0.4220
  Sucesso         : False
  Obstáculo caminho: nao  (count: 0)
  Objeto [object_1]: tipo=box  massa=10 kg  tamanho=[0.04, 0.04, 0.04]
  Target goal     : {'type': 'goal_sequence', 'targets': [{'name': 'target', 'position': [0.15000000596046448, 0.0, 0.019999999552965164]}], 'mode': 'goal_sequence'}
  Mesa            : 1.1x0.7x0.4 m  offset_x=-0.3
  Robô config     : control=ee  block_gripper=False  base=[-0.6, 0.0, 0.05]
  Scripts         : ['script_1', 'reach_only', 'left_right']
  Juntas ângulos  : [-0.00, +1.03, +0.00, -1.25, -0.00, +2.28, +0.79]
  Juntas veloc.   : [+0.00, -0.00, -0.00, -0.00, +0.00, +0.00, -0.00]
  Cubo rotação    : [-3.142, +0.000, +2.583]  (roll/pitch/yaw)
  Cubo vel.linear : [-0.000, +0.000, -0.000]
────────────────────────────────────────────
 Ep  1 | Step  85
────────────────────────────────────────────
  Task            : OBJECT_DELIVERY_SEQUENCE
  Action          : [+0.000, +0.000, +0.000, +0.000]
  EE posição      : [+0.146, -0.000, +0.024]
  EE velocidade   : [-0.000, -0.000, -0.000]
  Garra           : 0.080 m  (ABERTA)  contatos=0
  Cubo posição    : [-0.272, -0.002, +0.020]
  Target (target): [+0.150, +0.000, +0.020]
  Dist EE→Cubo    : 0.4179 m
  Dist Cubo→target: 0.4220 m
  Reward          : -0.4220
  Sucesso         : True
  Obstáculo caminho: nao  (count: 0)
  Objeto [object_1]: tipo=box  massa=10 kg  tamanho=[0.04, 0.04, 0.04]
  Target goal     : {'type': 'goal_sequence', 'targets': [{'name': 'target', 'position': [0.15000000596046448, 0.0, 0.019999999552965164]}], 'mode': 'goal_sequence'}
  Mesa            : 1.1x0.7x0.4 m  offset_x=-0.3
  Robô config     : control=ee  block_gripper=False  base=[-0.6, 0.0, 0.05]
  Scripts         : ['script_1', 'reach_only', 'left_right']
  Juntas ângulos  : [-0.00, +1.03, +0.00, -1.25, -0.00, +2.28, +0.79]
  Juntas veloc.   : [+0.00, -0.00, -0.00, -0.00, +0.00, +0.00, -0.00]
  Cubo rotação    : [-3.142, +0.000, +2.583]  (roll/pitch/yaw)
  Cubo vel.linear : [-0.000, +0.000, -0.000]
