episode,step,object_available,task_started,gripper_width_cm,distance_ee_object_cm,grasp_completed,finger_contacts,grasp_attempts,object_lift_height_cm,distance_object_goal_cm,task_aborted,lateral_friction,fingers_width,dist_ee_to_cube,dist_cube_to_target,obstacle_in_path,obstacle_count_in_path,reward,is_success,ee_x,ee_y,ee_z,ee_vx,ee_vy,ee_vz,cube_x,cube_y,cube_z,cube_roll,cube_pitch,cube_yaw,cube_vx,cube_vy,cube_vz,target_x,target_y,target_z,action_x,action_y,action_z,action_gripper,j0,j1,j2,j3,j4,j5,j6,jv0,jv1,jv2,jv3,jv4,jv5,jv6,current_subtask,current_task,active_target_name,objects.object_1.type,objects.object_1.size.0,objects.object_1.size.1,objects.object_1.size.2,objects.object_1.mass,objects.object_1.color.0,objects.object_1.color.1,objects.object_1.color.2,objects.object_1.color.3,objects.object_1.initial_position.0,objects.object_1.initial_position.1,objects.object_1.initial_position.2,objects.object_1.spinning_friction,objects.object_1.current_position.0,objects.object_1.current_position.1,objects.object_1.current_position.2,scene.table.length,scene.table.width,scene.table.height,scene.table.x_offset,scene.table.lateral_friction,scene.table.spinning_friction,robot_config.control_type,robot_config.block_gripper,robot_config.base_position.0,robot_config.base_position.1,robot_config.base_position.2,target_goal.type,target_goal.targets.0.name,target_goal.targets.0.position.0,target_goal.targets.0.position.1,target_goal.targets.0.position.2,target_goal.mode,scripts.script_1,scripts.reach_only,scripts.left_right,active_state,active_scenario_name,active_scenario_type,sat
1,2,1,1,7,25,0,0,0,0,40,0,0.16,0.07881755381822586,0.28059694170951843,0.40000075101852417,False,0,-0.40000075101852417,False,-0.022480323910713196,2.3290764147532173e-05,0.18421216309070587,-0.36926957964897156,0.0001258005650015548,-0.07556977868080139,-0.2500007450580597,8.244177251981455e-07,0.019989432767033577,4.509997779678088e-06,-3.5660701541928574e-05,-8.48362014949089e-06,-1.391017690366425e-06,1.1268277376075275e-05,-9.600078101357212e-07,0.15000000596046448,0.0,0.019999999552965164,-0.9848915934562683,-4.330346200731583e-05,-0.1731720119714737,1.0,-0.0006454457309169628,0.2683278810100903,0.0007010113032633829,-2.1077742965864212,-0.0002600347487305869,2.3756299634490805,0.7856714120186665,-0.0006832954133602093,-0.7571207627033231,0.0008104217040212081,-1.3320478991008662,2.4340176974991384e-05,0.43891502267501237,-0.003774266643069569,APPROACH_OBJECT,OBJECT_DELIVERY_SEQUENCE,target,box,0.04,0.04,0.04,1.0,0.1,0.2,0.9,1.0,-0.25,0.0,0.02,0.001,-0.2500007504158555,8.244176984337467e-07,0.019989433475159142,1.1,0.7,0.4,-0.3,3.0,0.001,ee,False,-0.6,0.0,0.05,goal_sequence,target,0.15000000596046448,0.0,0.019999999552965164,goal_sequence,True,True,True,S2,APPROACH_OBJECT,D,
1,3,1,1,7,22,0,0,0,0,40,0,0.16,0.079856276512146,0.2501492500305176,0.40000078082084656,False,0,-0.40000078082084656,False,-0.05558902770280838,3.697322972584516e-05,0.17740198969841003,-0.3892451822757721,0.0002255145227536559,-0.0653950572013855,-0.2500007748603821,1.2751467011185014e-06,0.019989416003227234,4.5101946852810215e-06,-3.6555909900926054e-05,-1.2719714504783042e-05,-6.124225819803542e-07,1.1268193702562712e-05,-1.8096928044997185e-07,0.15000000596046448,0.0,0.019999999552965164,-0.9854636788368225,-9.730892634252086e-05,-0.16988614201545715,1.0,-0.000676852349607069,0.19721843842507403,0.0007464364790885755,-2.234281956587732,-0.00021403062211941104,2.4311386375122455,0.7855969100067268,-0.0002421149390447663,-0.8030163226686189,0.0006218652971860107,-1.3457039836083946,0.0003580322028856973,0.4268097501616014,-0.0005728511845992657,APPROACH_OBJECT,OBJECT_DELIVERY_SEQUENCE,target,box,0.04,0.04,0.04,1.0,0.1,0.2,0.9,1.0,-0.25,0.0,0.02,0.001,-0.2500007855749166,1.2751467347975933e-06,0.019989415568297347,1.1,0.7,0.4,-0.3,3.0,0.001,ee,False,-0.6,0.0,0.05,goal_sequence,target,0.15000000596046448,0.0,0.019999999552965164,goal_sequence,True,True,True,S2,APPROACH_OBJECT,D,
1,4,1,1,7,19,0,0,0,0,40,0,0.16,0.07998256385326385,0.21994276344776154,0.40000081062316895,False,0,-0.40000081062316895,False,-0.08968515694141388,5.3241001296555623e-05,0.1705673336982727,-0.40075159072875977,0.00026492049801163375,-0.0701165571808815,-0.25000080466270447,1.7258736306757783e-06,0.019989412277936935,4.510233793553198e-06,-3.6724668461829424e-05,-1.6955564206000417e-05,-4.6563098976548645e-07,1.1268158232269343e-05,-3.4116578007115095e-08,0.15000000596046448,0.0,0.019999999552965164,-0.98638516664505,-0.00018112103862222284,-0.16445139050483704,1.0,-0.0006975170970684634,0.12630500067151362,0.0007954818684197123,-2.3582495102312695,-0.00015391604570628856,2.4845697793319577,0.7855704272391508,-0.00015955217527541775,-0.8023936103108048,0.0007519584180329568,-1.3278089946203382,0.0004670033139032286,0.4108353191668705,-0.00020362785355665554,APPROACH_OBJECT,OBJECT_DELIVERY_SEQUENCE,target,box,0.04,0.04,0.04,1.0,0.1,0.2,0.9,1.0,-0.25,0.0,0.02,0.001,-0.25000080621045623,1.7258736698106592e-06,0.019989412192645828,1.1,0.7,0.4,-0.3,3.0,0.001,ee,False,-0.6,0.0,0.05,goal_sequence,target,0.15000000596046448,0.0,0.019999999552965164,goal_sequence,True,True,True,S2,APPROACH_OBJECT,D,
1,5,1,1,7,16,0,0,0,0,40,0,0.16,0.07999791949987411,0.19003336131572723,0.40000084042549133,False,0,-0.40000084042549133,False,-0.1251048743724823,6.716037751175463e-05,0.16321536898612976,-0.38102614879608154,0.0006742968689650297,-0.04941897839307785,-0.25000083446502686,2.1765995370515157e-06,0.019989412277936935,4.5102428885002155e-06,-3.675648622447625e-05,-2.119144846801646e-05,-4.3793721715701395e-07,1.1268131856922992e-05,-6.434137667099549e-09,0.15000000596046448,0.0,0.019999999552965164,-0.9875102043151855,-0.0003173222066834569,-0.15755456686019897,1.0,-0.0007128470360316962,0.05545577771507068,0.0008496406330948499,-2.4805651021928767,-7.686749180054173e-05,2.535220621189639,0.7855409579998638,-0.00011951185410102871,-0.8109525837529391,0.0017438220378591836,-1.2507477230343746,0.000603215258193469,0.38945609355619154,-0.00022659104358946358,APPROACH_OBJECT,OBJECT_DELIVERY_SEQUENCE,target,box,0.04,0.04,0.04,1.0,0.1,0.2,0.9,1.0,-0.25,0.0,0.02,0.001,-0.25000082410733043,2.1765994240189325e-06,0.019989411556199578,1.1,0.7,0.4,-0.3,3.0,0.001,ee,False,-0.6,0.0,0.05,goal_sequence,target,0.15000000596046448,0.0,0.019999999552965164,goal_sequence,True,True,True,S2,APPROACH_OBJECT,D,
1,6,1,1,7,13,0,0,0,0,40,0,0.16,0.07999978214502335,0.16288572549819946,0.40000084042549133,False,0,-0.40000084042549133,False,-0.16071924567222595,6.98372459737584e-05,0.15622654557228088,-0.408211350440979,0.0007701098220422864,-0.06678381562232971,-0.25000083446502686,2.627324192872038e-06,0.019989412277936935,4.510246526479023e-06,-3.6762492527486756e-05,-2.5427420041523874e-05,-4.3269400862300245e-07,1.1268107300566044e-05,-1.2158488660318767e-09,0.15000000596046448,0.0,0.019999999552965164,-0.9895192980766296,-0.0005148501950316131,-0.14439962804317474,1.0,-0.0007232392721754065,-0.016350408136720243,0.0008899709830166256,-2.6004105709464254,2.3993276238345467e-05,2.5838880274574163,0.7854882992134753,-8.020491533602698e-05,-0.8300492043530394,0.002253826579811531,-1.283656279638043,0.0007748031929105722,0.3742040245399334,-0.000404897094402612,APPROACH_OBJECT,OBJECT_DELIVERY_SEQUENCE,target,box,0.04,0.04,0.04,1.0,0.1,0.2,0.9,1.0,-0.25,0.0,0.02,0.001,-0.25000084148704027,2.627324180841425e-06,0.01998941143610688,1.1,0.7,0.4,-0.3,3.0,0.001,ee,False,-0.6,0.0,0.05,goal_sequence,target,0.15000000596046448,0.0,0.019999999552965164,goal_sequence,True,True,True,S2,APPROACH_OBJECT,D,
1,7,1,1,7,11,0,0,0,0,40,0,0.16,0.07999999821186066,0.13962557911872864,0.4000008702278137,False,0,-0.4000008702278137,False,-0.19703467190265656,5.547591354115866e-05,0.14917874336242676,-0.4311763048171997,0.0003493164840620011,-0.08161059767007828,-0.25000086426734924,3.078047939197859e-06,0.019989412277936935,4.510249254963128e-06,-3.6763631214853376e-05,-2.9663488021469675e-05,-4.316827926231781e-07,1.1268083653703798e-05,-2.3218836575633617e-10,0.15000000596046448,0.0,0.019999999552965164,-0.9921720027923584,-0.0007468931144103408,-0.12487654387950897,1.0,-0.000723970991194091,-0.08969533809771256,0.0008936396059401601,-2.7181487428796665,0.00014963940236513174,2.6277679781293455,0.7853920903492331,-3.585262700354485e-06,-0.8521508246372542,0.001509587116095834,-1.3031411436491345,0.0009606435605194197,0.3373929542379943,-0.0007396138382328261,APPROACH_OBJECT,OBJECT_DELIVERY_SEQUENCE,target,box,0.04,0.04,0.04,1.0,0.1,0.2,0.9,1.0,-0.25,0.0,0.02,0.001,-0.25000085876834904,3.0780479764908263e-06,0.019989411413349322,1.1,0.7,0.4,-0.3,3.0,0.001,ee,False,-0.6,0.0,0.05,goal_sequence,target,0.15000000596046448,0.0,0.019999999552965164,goal_sequence,True,True,True,S2,APPROACH_OBJECT,D,
1,8,1,1,7,9,0,0,0,0,40,0,0.16,0.07999999821186066,0.1238332986831665,0.4000008702278137,False,0,-0.4000008702278137,False,-0.23363864421844482,2.2698477550875396e-05,0.14273697137832642,-0.4297321140766144,-6.549536919919774e-05,-0.07219149172306061,-0.25000086426734924,3.5287707760289777e-06,0.019989412277936935,4.510251983447233e-06,-3.676385313156061e-05,-3.389965422684327e-05,-4.314693740070652e-07,1.1268060006841552e-05,-4.674882703170624e-11,0.15000000596046448,0.0,0.019999999552965164,-0.996886134147644,-0.0009861898142844439,-0.07884825766086578,1.0,-0.0007091825355155727,-0.16760369161185742,0.0008407277339209116,-2.8336874646530474,0.000287887460440679,2.664829539747963,0.7852410804249941,0.00011778399831927121,-0.9250549912782835,0.0004396841652732056,-1.291974795291863,0.0010558428686067945,0.28496651515646193,-0.0011611211831718572,APPROACH_OBJECT,OBJECT_DELIVERY_SEQUENCE,target,box,0.04,0.04,0.04,1.0,0.1,0.2,0.9,1.0,-0.25,0.0,0.02,0.001,-0.2500008760301956,3.528770818098008e-06,0.019989411408939943,1.1,0.7,0.4,-0.3,3.0,0.001,ee,False,-0.6,0.0,0.05,goal_sequence,target,0.15000000596046448,0.0,0.019999999552965164,goal_sequence,True,True,True,S2,APPROACH_OBJECT,D,
1,9,1,1,7,9,0,0,0,0,40,0,0.16,0.07999999821186066,0.12139910459518433,0.4000009000301361,False,0,-0.4000009000301361,False,-0.2713768780231476,-2.406898966000881e-05,0.1394917517900467,-0.37389689683914185,-0.00033949551288969815,0.026130162179470062,-0.25000089406967163,3.979492703365395e-06,0.019989412277936935,4.510254257183988e-06,-3.676390406326391e-05,-3.813591683865525e-05,-4.3140630623383913e-07,1.1268036359979305e-05,-1.1797032101190652e-11,0.15000000596046448,0.0,0.019999999552965164,-0.9906566143035889,-0.0011606360785663128,0.13637511432170868,1.0,-0.0006826447599521476,-0.26435484592268627,0.000722028363067223,-2.945290009126884,0.000406833137434445,2.6724844167203274,0.7850450384396135,0.0002070264450597819,-1.302513061498905,-0.000605818072317363,-1.2276178002491125,0.0009101843904350164,0.05885763789201626,-0.0015073739311225,APPROACH_OBJECT,OBJECT_DELIVERY_SEQUENCE,target,box,0.04,0.04,0.04,1.0,0.1,0.2,0.9,1.0,-0.25,0.0,0.02,0.001,-0.25000089328746017,3.979492706986637e-06,0.019989411407989287,1.1,0.7,0.4,-0.3,3.0,0.001,ee,False,-0.6,0.0,0.05,goal_sequence,target,0.15000000596046448,0.0,0.019999999552965164,goal_sequence,True,True,True,S2,APPROACH_OBJECT,D,
1,10,1,1,7,8,0,0,0,0,40,0,0.16,0.07999999076128006,0.10796497017145157,0.4000009298324585,False,0,-0.4000009298324585,False,-0.25905323028564453,-2.1267132979119197e-05,0.12757422029972076,-0.4097110629081726,0.0004612062475644052,-1.0625571012496948,-0.250000923871994,4.43021372120711e-06,0.019989412277936935,4.510256985668093e-06,-3.6763922253157943e-05,-4.237228131387383e-05,-4.313715749049152e-07,1.1268011803622358e-05,-5.212327097714464e-12,0.15000000596046448,0.0,0.019999999552965164,0.2206217348575592,0.0002894885838031769,-0.9753593802452087,1.0,-0.0007142898627410314,-0.18398144947420575,0.000763437086907809,-2.9401698813358834,0.0003479031271941716,2.7943295432968545,0.7851130374492914,-0.00023154112382980154,3.6343380918933574,0.00013153911080967086,0.27021133394088637,-0.00045351589775995474,0.9368759314700963,0.0005250568448692044,APPROACH_OBJECT,OBJECT_DELIVERY_SEQUENCE,target,box,0.04,0.04,0.04,1.0,0.1,0.2,0.9,1.0,-0.25,0.0,0.02,0.001,-0.250000910542948,4.430213643272149e-06,0.019989411407690616,1.1,0.7,0.4,-0.3,3.0,0.001,ee,False,-0.6,0.0,0.05,goal_sequence,target,0.15000000596046448,0.0,0.019999999552965164,goal_sequence,True,True,True,S2,APPROACH_OBJECT,D,
1,11,1,1,7,4,0,0,0,0,40,0,0.16,0.07999999076128006,0.07002666592597961,0.4000007212162018,False,0,-0.4000007212162018,False,-0.2647992968559265,-1.1116425412183162e-05,0.0884346216917038,-0.27145957946777344,0.00035159659455530345,-0.6196615099906921,-0.2500007152557373,4.90338015879388e-06,0.019989490509033203,6.86149626005772e-09,-2.5524868760840036e-05,-4.5973214582772925e-05,2.2493180949823e-05,5.26768303643621e-07,2.196645255025942e-05,0.15000000596046448,0.0,0.019999999552965164,0.10895973443984985,0.00030931050423532724,-0.9940460920333862,1.0,-0.0007636979165262694,-0.028597925052938202,0.0007660342321656844,-2.9115217933709165,0.0002215084097847212,2.8606005474819853,0.7851956059266577,-0.00037759977437855537,2.1932465505031966,0.0001996691623457345,0.27818582426013755,-0.0009738154708753676,0.5095618681809672,0.0006348736521424097,APPROACH_OBJECT,OBJECT_DELIVERY_SEQUENCE,target,box,0.04,0.04,0.04,1.0,0.1,0.2,0.9,1.0,-0.25,0.0,0.02,0.001,-0.25000070043087186,4.903380098338324e-06,0.01998948963338307,1.1,0.7,0.4,-0.3,3.0,0.001,ee,False,-0.6,0.0,0.05,goal_sequence,target,0.15000000596046448,0.0,0.019999999552965164,goal_sequence,True,True,True,S2,APPROACH_OBJECT,D,
1,12,1,1,7,1,0,0,0,0,40,0,0.16,0.07999997586011887,0.039131492376327515,0.40000030398368835,False,0,-0.40000030398368835,False,-0.2567138671875,-1.7619397112866864e-05,0.058541182428598404,-0.1778106838464737,0.0002522648428566754,-0.5876243114471436,-0.2500002980232239,4.903496574115707e-06,0.019989904016256332,9.26738549067583e-17,-4.815630290977424e-06,-4.597328006639145e-05,4.187480499240337e-06,-1.9883446278345929e-10,4.187525973975426e-06,0.15000000596046448,0.0,0.019999999552965164,0.32243475317955017,0.00034904287895187736,-0.9465916156768799,1.0,-0.000750690208564182,0.11407731010482208,0.0006388164520469871,-2.874219880703603,-5.133585941935252e-05,2.9733840899791626,0.7853475166767682,9.727399439100372e-05,2.2019985118802605,-0.0007826639893283808,0.41898972733487283,-0.0021001385970566104,0.8672002568980559,0.0011680303231140898,APPROACH_OBJECT,OBJECT_DELIVERY_SEQUENCE,target,box,0.04,0.04,0.04,1.0,0.1,0.2,0.9,1.0,-0.25,0.0,0.02,0.001,-0.2500002862534305,4.903496398524369e-06,0.01998990368716314,1.1,0.7,0.4,-0.3,3.0,0.001,ee,False,-0.6,0.0,0.05,goal_sequence,target,0.15000000596046448,0.0,0.019999999552965164,goal_sequence,True,True,True,S2,APPROACH_OBJECT,D,
1,13,1,1,7,0,0,0,0,0,40,0,0.16,0.07999997586011887,0.009151069447398186,0.4000002145767212,False,0,-0.4000002145767212,False,-0.24476748704910278,1.1950625776080415e-05,0.02749735489487648,-0.10414102673530579,0.0002702799392864108,-0.6151332855224609,-0.2500002086162567,4.903495664621005e-06,0.0199899822473526,-1.7945686603404454e-10,-9.085395049623912e-07,-4.597336010192521e-05,7.900334821897559e-07,-1.926184350908855e-10,7.901911658336758e-07,0.15000000596046448,0.0,0.019999999552965164,0.4439268410205841,0.0014892991166561842,-0.8960617780685425,1.0,-0.0004580711886910128,0.26122469012808197,0.00037201195570228256,-2.8099200006815277,-0.0002611638918061516,3.054160614607471,0.7855706364031914,0.0022493143666231135,2.3163628221869765,-0.002179810858473826,0.8001936361510922,-0.001608274693463186,0.6210966967024942,0.0017155620967981861,APPROACH_OBJECT,OBJECT_DELIVERY_SEQUENCE,target,box,0.04,0.04,0.04,1.0,0.1,0.2,0.9,1.0,-0.25,0.0,0.02,0.001,-0.2500002081102265,4.903495591203585e-06,0.01998998182561259,1.1,0.7,0.4,-0.3,3.0,0.001,ee,False,-0.6,0.0,0.05,goal_sequence,target,0.15000000596046448,0.0,0.019999999552965164,goal_sequence,True,True,True,S2,APPROACH_OBJECT,D,
1,14,1,1,3,0,1,2,1,0,39,0,0.16,0.037350982427597046,0.002076594391837716,0.3994269073009491,False,0,-0.3994269073009491,False,-0.2507243752479553,4.607907158060698e-06,0.020347602665424347,0.21511679887771606,-5.675600914401002e-05,0.25884243845939636,-0.2494221180677414,0.0002526174357626587,0.021945996209979057,0.002621730323880911,-0.009636478498578072,0.008782605640590191,0.2190711349248886,0.02121560461819172,0.2602471113204956,0.15000000596046448,0.0,0.019999999552965164,0.0,0.0,0.0,-1.0,-0.00031680699797529164,0.27699115258321977,0.00021308094615184682,-2.817378547888663,-0.000347209852098992,3.0727712127037323,0.7856247040242829,0.0011029076769416418,-0.7518518507065342,-0.00104833449106366,-0.08533527980065794,-0.0008378077885258014,0.14340564823624213,0.00015131426094423285,GRASP_OBJECT,OBJECT_DELIVERY_SEQUENCE,target,box,0.04,0.04,0.04,1.0,0.1,0.2,0.9,1.0,-0.25,0.0,0.02,0.001,-0.2494221137895676,0.00025261744518830556,0.021945995822789093,1.1,0.7,0.4,-0.3,3.0,0.001,ee,False,-0.6,0.0,0.05,goal_sequence,target,0.15000000596046448,0.0,0.019999999552965164,goal_sequence,True,True,True,S6,GRASP_OBJECT,D,True
1,15,1,1,3,0,1,2,1,0,39,0,0.16,0.038521792739629745,0.0018908354686573148,0.399062842130661,False,0,-0.399062842130661,False,-0.2500464618206024,-8.217419917855295e-07,0.021579166874289513,-0.008757580071687698,-6.117102748248726e-05,-0.004265934228897095,-0.24905183911323547,0.0011007299181073904,0.0227507334202528,0.004089397378265858,-0.02924862690269947,0.000769201957155019,-0.01005801372230053,0.020886842161417007,-0.005013864953070879,0.15000000596046448,0.0,0.019999999552965164,0.0,0.0,0.0,-1.0,-0.0002329406361746878,0.2766978492360396,0.00011874671615786659,-2.827537516766943,-0.00038368698435594577,3.1017118322113357,0.7856397572526387,0.0006537002158275938,0.025053393727534713,-0.0007911895972420903,-0.08140852160180657,-0.00029594666865256566,0.2229306363810821,0.0004496944698212449,GRASP_OBJECT,OBJECT_DELIVERY_SEQUENCE,target,box,0.04,0.04,0.04,1.0,0.1,0.2,0.9,1.0,-0.25,0.0,0.02,0.001,-0.2490518326825975,0.0011007299168310453,0.02275073372989712,1.1,0.7,0.4,-0.3,3.0,0.001,ee,False,-0.6,0.0,0.05,goal_sequence,target,0.15000000596046448,0.0,0.019999999552965164,goal_sequence,True,True,True,S6,GRASP_OBJECT,D,True
1,16,1,1,2,0,1,2,1,0,41,0,0.16,0.027932183817029,0.006081199273467064,0.4115394651889801,False,0,-0.4115394651889801,False,-0.26440706849098206,9.330383363703731e-06,0.033021170645952225,0.4184299111366272,0.0005568407941609621,0.7415382862091064,-0.2614561915397644,0.0019087381660938263,0.028054727241396904,0.013746812008321285,0.011393802240490913,0.018530892208218575,0.10262497514486313,0.00975455529987812,0.4977133274078369,0.15000000596046448,0.0,0.019999999552965164,0.0,0.0,1.0,-1.0,-0.00024198398273012758,0.2010288131962977,0.00018962788207932586,-2.8525510518913872,-0.0003152610828883925,3.000175364450266,0.7856489677785998,-9.421292607237827e-05,-2.5579398912801445,0.0021431552722744017,-0.30143382203671354,0.0004975748833261056,-0.7807265043356267,6.0687290567991783e-05,LIFT_OBJECT,OBJECT_DELIVERY_SEQUENCE,target,box,0.04,0.04,0.04,1.0,0.1,0.2,0.9,1.0,-0.25,0.0,0.02,0.001,-0.26145619000379994,0.0019087381203352484,0.028054727362736634,1.1,0.7,0.4,-0.3,3.0,0.001,ee,False,-0.6,0.0,0.05,goal_sequence,target,0.15000000596046448,0.0,0.019999999552965164,goal_sequence,True,True,True,S18,LIFT_OBJECT,D,True
1,17,1,1,2,0,1,2,1,3,40,0,0.16,0.029010923579335213,0.01061336137354374,0.40904414653778076,False,0,-0.40904414653778076,False,-0.26150694489479065,1.1922693374799564e-05,0.06481016427278519,0.08814302086830139,-5.7242257753387094e-05,0.3881281614303589,-0.25750669836997986,0.0026283005718141794,0.05533408746123314,-0.011497925035655499,-0.012570807710289955,0.0080666309222579,0.12170328944921494,0.014635208062827587,0.41580578684806824,0.15000000596046448,0.0,0.019999999552965164,0.0,0.0,1.0,-1.0,-0.00025031755917576755,0.07151082062771859,0.00024044859306209128,-2.8966321510771538,-0.00022304238171875698,2.95998902536828,0.7856194670540338,-6.782764096235384e-05,-1.5321341077283346,0.00032468438945197457,-0.4443762114365932,0.0007767920323471789,-0.30979662058792695,-0.0005157778463031996,LIFT_OBJECT,OBJECT_DELIVERY_SEQUENCE,target,box,0.04,0.04,0.04,1.0,0.1,0.2,0.9,1.0,-0.25,0.0,0.02,0.001,-0.25750670031273504,0.0026283004835811336,0.055334086903641395,1.1,0.7,0.4,-0.3,3.0,0.001,ee,False,-0.6,0.0,0.05,goal_sequence,target,0.15000000596046448,0.0,0.019999999552965164,goal_sequence,True,True,True,S18,LIFT_OBJECT,D,True
1,18,1,1,2,0,1,2,1,5,40,0,0.16,0.027673831209540367,0.014559246599674225,0.4112168848514557,False,0,-0.4112168848514557,False,-0.26136618852615356,9.440987923881039e-06,0.09052770584821701,0.2200525850057602,-0.00025866852956824005,0.52298504114151,-0.25722962617874146,0.0035202843137085438,0.0770171731710434,0.010304764844477177,-0.009288324974477291,0.01202015858143568,0.24873675405979156,0.029694657772779465,0.5935807824134827,0.15000000596046448,0.0,0.019999999552965164,0.0,0.0,1.0,-1.0,-0.00021094094085813832,-0.03850253166119582,0.0002408653470254248,-2.9057177113166253,-4.395462824100102e-05,2.8547034665980258,0.7855067321840135,0.0003170230672313477,-1.8123597262772075,-0.0006821153058537248,-0.08203467659114624,0.001391243679901847,-0.8095002793158069,-0.0008649021444124645,LIFT_OBJECT,OBJECT_DELIVERY_SEQUENCE,target,box,0.04,0.04,0.04,1.0,0.1,0.2,0.9,1.0,-0.25,0.0,0.02,0.001,-0.25722963928054837,0.0035202843317347216,0.07701717397184417,1.1,0.7,0.4,-0.3,3.0,0.001,ee,False,-0.6,0.0,0.05,goal_sequence,target,0.15000000596046448,0.0,0.019999999552965164,goal_sequence,True,True,True,S18,LIFT_OBJECT,D,True
1,19,1,1,3,0,1,2,1,8,40,0,0.16,0.03246181830763817,0.018320582807064056,0.41154441237449646,False,0,-0.41154441237449646,False,-0.25858041644096375,5.260147190710995e-06,0.11914233863353729,0.1443416327238083,7.033263682387769e-05,0.4391694664955139,-0.25322824716567993,0.004452163353562355,0.10219468176364899,-0.0071647618897259235,0.04759791120886803,0.0042345873080194,0.1809442788362503,0.025714894756674767,0.4578990638256073,0.15000000596046448,0.0,0.019999999552965164,0.0,0.0,1.0,-1.0,-0.00016580233202230277,-0.1483900859840929,0.00020253649992380012,-2.9054527764202036,6.550471075102587e-05,2.7491109113395007,0.7854132424866128,0.00033745017113457785,-1.4937143531384816,1.2531225917145755e-05,-0.003201869235901985,0.0008211955554297762,-0.8117940542984499,-0.00048827078076190984,LIFT_OBJECT,OBJECT_DELIVERY_SEQUENCE,target,box,0.04,0.04,0.04,1.0,0.1,0.2,0.9,1.0,-0.25,0.0,0.02,0.001,-0.25322824191921167,0.004452163287699912,0.10219468350817124,1.1,0.7,0.4,-0.3,3.0,0.001,ee,False,-0.6,0.0,0.05,goal_sequence,target,0.15000000596046448,0.0,0.019999999552965164,goal_sequence,True,True,True,S18,LIFT_OBJECT,D,True
1,20,1,1,3,0,1,2,1,10,40,0,0.16,0.03348568454384804,0.01976913772523403,0.4148910939693451,False,0,-0.4148910939693451,False,-0.2555296719074249,4.8524123030802e-07,0.14788071811199188,0.16817843914031982,-1.9849618183798157e-05,0.5177364945411682,-0.2501146197319031,0.0052732075564563274,0.12961341440677643,0.0005951701896265149,0.1040729433298111,0.003997414372861385,0.22019556164741516,0.01319113839417696,0.5435143709182739,0.15000000596046448,0.0,0.019999999552965164,0.0,0.0,1.0,-1.0,-0.00014508211228333003,-0.24666027623571224,0.0001692142756796085,-2.8896262160323705,5.6506440878968686e-05,2.632934947831003,0.7853652040629988,0.0001551099491646919,-1.6040316066937081,-0.0003345640092317369,0.12173548287659244,0.002168290923327887,-0.8931457265923255,-0.00044080860268811903,LIFT_OBJECT,OBJECT_DELIVERY_SEQUENCE,target,box,0.04,0.04,0.04,1.0,0.1,0.2,0.9,1.0,-0.25,0.0,0.02,0.001,-0.25011461810536617,0.005273207729719086,0.12961340728758655,1.1,0.7,0.4,-0.3,3.0,0.001,ee,False,-0.6,0.0,0.05,goal_sequence,target,0.15000000596046448,0.0,0.019999999552965164,goal_sequence,True,True,True,S18,LIFT_OBJECT,D,True
1,21,1,1,3,0,1,2,1,13,39,0,0.16,0.033059876412153244,0.021750297397375107,0.41900068521499634,False,0,-0.41900065541267395,False,-0.2515925168991089,-5.656643224938307e-06,0.17948958277702332,0.12647810578346252,0.00021597703744191676,0.4908795952796936,-0.24497756361961365,0.006139364093542099,0.15970179438591003,0.02278420887887478,0.08075720816850662,0.004568460397422314,0.17465883493423462,0.016968954354524612,0.5007391571998596,0.15000000596046448,0.0,0.019999999552965164,0.0,0.0,1.0,-1.0,-0.00013154711087278887,-0.33914430420526,0.0001447585984703263,-2.863203978790616,7.203676664347481e-06,2.516420169865195,0.7853382457549001,0.0001161384852690604,-1.3978766151067492,-9.102594162219331e-05,0.2155232973695488,0.00426212409398373,-0.8955718859816099,-0.0006559802286365216,LIFT_OBJECT,OBJECT_DELIVERY_SEQUENCE,target,box,0.04,0.04,0.04,1.0,0.1,0.2,0.9,1.0,-0.25,0.0,0.02,0.001,-0.24497755695906592,0.006139363897404495,0.15970179108227606,1.1,0.7,0.4,-0.3,3.0,0.001,ee,False,-0.6,0.0,0.05,goal_sequence,target,0.15000000596046448,0.0,0.019999999552965164,goal_sequence,True,True,True,S18,LIFT_OBJECT,D,True
1,22,1,1,3,0,1,2,1,13,38,0,0.16,0.03611450642347336,0.022582484409213066,0.40993615984916687,False,0,-0.40993615984916687,False,-0.24291561543941498,-3.554410113792983e-06,0.1734543740749359,-0.33092302083969116,-0.000281664018984884,-0.8970378041267395,-0.23784764111042023,0.006923567038029432,0.152566596865654,-0.002028157003223896,-0.0008248040685430169,0.004551421385258436,-0.2432785928249359,0.022954201325774193,-0.8322752118110657,0.15000000596046448,0.0,0.019999999552965164,0.0,0.0,-1.0,-1.0,-0.0001250307289997995,-0.3150806693272025,0.00012044392329499428,-2.8982632338159178,0.0002561807235339476,2.652549834417565,0.7853364881130945,3.710867036364014e-05,2.4985059139022154,-0.00022981640086497152,-0.2998696090932105,-0.01055544506124606,1.0476894320343113,0.0012104957829505636,LIFT_OBJECT,OBJECT_DELIVERY_SEQUENCE,target,box,0.04,0.04,0.04,1.0,0.1,0.2,0.9,1.0,-0.25,0.0,0.02,0.001,-0.2378476338186099,0.006923566878188193,0.15256660234671218,1.1,0.7,0.4,-0.3,3.0,0.001,ee,False,-0.6,0.0,0.05,goal_sequence,target,0.15000000596046448,0.0,0.019999999552965164,goal_sequence,True,True,True,S18,LIFT_OBJECT,D,True
1,23,1,1,3,0,1,2,1,10,39,0,0.16,0.032280050218105316,0.023129252716898918,0.40349867939949036,False,0,-0.40349867939949036,False,-0.2415095865726471,-1.8596207155496813e-05,0.14216718077659607,0.8696788549423218,0.00015366806474048644,-0.2751721739768982,-0.24073590338230133,0.007719357963651419,0.12038443982601166,-0.003547746455296874,0.18280161917209625,-0.007633795030415058,0.49599385261535645,-0.0023726026993244886,-0.4673180878162384,0.15000000596046448,0.0,0.019999999552965164,1.0,9.04624266695464e-06,0.0,-1.0,-0.00017188633080787236,-0.15156042272981674,0.0001488582820039836,-2.793970471299691,-0.00011854951442819002,2.559443783300009,0.7853492099630844,-0.0003626750413974157,3.6584740601879893,-0.0007244735347281792,3.343080756310894,0.009799794058256947,-0.7159278753965913,-0.00014430276625762095,TRANSPORT_OBJECT,OBJECT_DELIVERY_SEQUENCE,target,box,0.04,0.04,0.04,1.0,0.1,0.2,0.9,1.0,-0.25,0.0,0.02,0.001,-0.2407358960769744,0.007719358094956427,0.12038443939934414,1.1,0.7,0.4,-0.3,3.0,0.001,ee,False,-0.6,0.0,0.05,goal_sequence,target,0.15000000596046448,0.0,0.019999999552965164,goal_sequence,True,True,True,S22,TRANSPORT_OBJECT,D,True
1,24,1,1,0,2,1,0,1,7,36,0,0.16,0.005486690904945135,0.049524519592523575,0.3695162832736969,False,0,-0.3695162832736969,False,-0.2042721062898636,-3.509629095788114e-05,0.1438441425561905,0.4385351538658142,0.0004741803859360516,0.3163217306137085,-0.2117508500814438,-0.005291796289384365,0.09517060220241547,0.9394808411598206,0.6228453516960144,0.04313835874199867,0.647151529788971,-0.28344690799713135,-0.9381394982337952,0.15000000596046448,0.0,0.019999999552965164,0.9968220591545105,4.734777758130804e-05,0.0796603113412857,-1.0,-0.00015859959611628388,-0.08412134395480148,7.538826349032281e-05,-2.721850293990166,5.031132447339064e-06,2.61565587124776,0.7853429221053092,0.00010340305853755605,-0.18730522702781377,0.0011662546071263486,0.6074581768973731,0.0009608415901609345,0.4321758449698869,-2.953770547597847e-05,TRANSPORT_OBJECT,OBJECT_DELIVERY_SEQUENCE,target,box,0.04,0.04,0.04,1.0,0.1,0.2,0.9,1.0,-0.25,0.0,0.02,0.001,-0.21175085341832126,-0.005291796115036053,0.09517060271448945,1.1,0.7,0.4,-0.3,3.0,0.001,ee,False,-0.6,0.0,0.05,goal_sequence,target,0.15000000596046448,0.0,0.019999999552965164,goal_sequence,True,True,True,S22,TRANSPORT_OBJECT,D,True
1,25,1,1,0,7,1,0,1,2,33,0,0.16,0.0006670277216471732,0.10267134755849838,0.33761459589004517,False,0,-0.33761459589004517,False,-0.16921336948871613,-4.480859206523746e-05,0.14942672848701477,0.4822685718536377,-0.0006246453849598765,0.03398421034216881,-0.18591421842575073,-0.01660802587866783,0.049486007541418076,1.7369496822357178,0.7373073101043701,0.14426149427890778,0.6447460651397705,-0.28239333629608154,-1.3263421058654785,0.15000000596046448,0.0,0.019999999552965164,0.9965253472328186,9.872169903246686e-05,0.08329005539417267,-1.0,-0.00015129613764807643,-0.014670512880207182,4.484107874714705e-05,-2.621575279748758,8.572715418782151e-07,2.6032982043299393,0.7853309651050635,5.4985346458463064e-05,1.0349851873391605,-0.0014127732115250362,1.3828163005448726,-3.001183110860721e-05,-0.0950168697155157,-9.193821181585626e-05,TRANSPORT_OBJECT,OBJECT_DELIVERY_SEQUENCE,target,box,0.04,0.04,0.04,1.0,0.1,0.2,0.9,1.0,-0.25,0.0,0.02,0.001,-0.1859142137750234,-0.016608026162858048,0.04948600676593499,1.1,0.7,0.4,-0.3,3.0,0.001,ee,False,-0.6,0.0,0.05,goal_sequence,target,0.15000000596046448,0.0,0.019999999552965164,goal_sequence,True,True,True,S22,TRANSPORT_OBJECT,D,True
1,26,1,1,0,10,1,0,1,0,31,0,0.16,8.105769666144624e-05,0.12559667229652405,0.3122291564941406,False,0,-0.3122291564941406,False,-0.1355077624320984,-5.959159534540959e-05,0.1496182680130005,0.4831939935684204,-0.0005045589059591293,0.1440376490354538,-0.16156692802906036,-0.01861306093633175,0.02816370315849781,2.1593410968780518,1.2500905990600586,0.34531593322753906,0.5929195284843445,0.04928984120488167,-0.2914266586303711,0.15000000596046448,0.0,0.019999999552965164,0.9971790909767151,0.00013997593487147242,0.07505913078784943,-1.0,-0.00013917933132808104,0.06834053131698743,9.344156245851456e-06,-2.507457829914458,-6.612039833744215e-06,2.5667204718639396,0.7853249180813584,9.333516702112951e-05,0.6940498895128848,-0.0010152560669767895,1.3598054224019445,-5.6621242606559596e-05,-0.2812476541459157,-4.6495988531569665e-05,TRANSPORT_OBJECT,OBJECT_DELIVERY_SEQUENCE,target,box,0.04,0.04,0.04,1.0,0.1,0.2,0.9,1.0,-0.25,0.0,0.02,0.001,-0.16156692259618202,-0.018613061073312998,0.028163702717328223,1.1,0.7,0.4,-0.3,3.0,0.001,ee,False,-0.6,0.0,0.05,goal_sequence,target,0.15000000596046448,0.0,0.019999999552965164,goal_sequence,True,True,True,S22,TRANSPORT_OBJECT,D,True
1,27,1,1,0,11,1,0,1,0,29,0,0.16,9.81620451057097e-06,0.1390722692012787,0.2928943932056427,False,0,-0.2928944230079651,False,-0.10098409652709961,-6.90357483108528e-05,0.15195773541927338,0.4553919732570648,-0.00038448290433734655,0.12161384522914886,-0.14251336455345154,-0.01493517030030489,0.020066063851118088,-0.4892221689224243,1.5538195371627808,-2.268300771713257,0.32898837327957153,0.11105392128229141,-0.033061690628528595,0.15000000596046448,0.0,0.019999999552965164,0.9965330958366394,0.00020799782942049205,0.08319731801748276,-1.0,-0.00012502518306964654,0.1440909294942614,-1.3330330720600079e-05,-2.3936484517273193,-7.332954197788879e-06,2.5328105063820825,0.7853096225540955,0.00010950008856478507,0.6966170202586235,-0.0007207152680957091,1.3217125944139858,-4.496271272106875e-06,-0.2607353744778826,-0.00011760837974050808,TRANSPORT_OBJECT,OBJECT_DELIVERY_SEQUENCE,target,box,0.04,0.04,0.04,1.0,0.1,0.2,0.9,1.0,-0.25,0.0,0.02,0.001,-0.14251336690157757,-0.014935170208291739,0.02006606450595276,1.1,0.7,0.4,-0.3,3.0,0.001,ee,False,-0.6,0.0,0.05,goal_sequence,target,0.15000000596046448,0.0,0.019999999552965164,goal_sequence,True,True,True,S22,TRANSPORT_OBJECT,D,True
1,28,1,1,0,12,1,0,1,0,28,0,0.16,1.1546815130714094e-06,0.1490497887134552,0.2838256359100342,False,0,-0.2838256359100342,False,-0.06756091117858887,-7.18154915375635e-05,0.15305298566818237,0.437840074300766,-0.0003706487186718732,0.09532672166824341,-0.13356395065784454,-0.012184610590338707,0.019963858649134636,0.0,1.5707963705062866,4.53952169418335,0.13744249939918518,0.03918413817882538,0.0011245337082073092,0.15000000596046448,0.0,0.019999999552965164,0.9963521361351013,0.00027405685978010297,0.08533699065446854,-1.0,-0.00010998330269831031,0.22152629979911406,-2.4470513800418523e-05,-2.2754910490930573,-3.4746907144727743e-06,2.4910026009218478,0.7853004582096275,0.00011661346821270624,0.7486613804557287,-0.0006708024100433039,1.3634177321995153,2.8617947630232843e-05,-0.32146314544897947,-7.046528607279612e-05,TRANSPORT_OBJECT,OBJECT_DELIVERY_SEQUENCE,target,box,0.04,0.04,0.04,1.0,0.1,0.2,0.9,1.0,-0.25,0.0,0.02,0.001,-0.13356394383964953,-0.01218461019585996,0.01996385779283334,1.1,0.7,0.4,-0.3,3.0,0.001,ee,False,-0.6,0.0,0.05,goal_sequence,target,0.15000000596046448,0.0,0.019999999552965164,goal_sequence,True,True,True,S22,TRANSPORT_OBJECT,D,True
1,29,1,1,0,14,1,0,1,0,28,0,0.16,1.0740426148458937e-07,0.16605225205421448,0.2818410396575928,False,0,-0.2818410396575928,False,-0.034728068858385086,-6.928556103957817e-05,0.15435343980789185,0.4189261794090271,-0.00021693692542612553,0.10251732915639877,-0.1315998136997223,-0.011658024042844772,0.019984852522611618,0.0,1.5707963705062866,4.538274765014648,-0.00037021111347712576,-0.0001296071131946519,0.00022180040832608938,0.15000000596046448,0.0,0.019999999552965164,0.9956320524215698,0.000328651862218976,0.09336362034082413,-1.0,-9.349656191946842e-05,0.29724680440880324,-2.839891808430114e-05,-2.155339029873405,9.686959205461772e-07,2.4472106659196053,0.7853015540713816,0.00012742119840384626,0.7091711889454348,-0.00040743670080708614,1.3517183727610749,3.31987994873547e-05,-0.3367186210226198,8.131175326176951e-06,TRANSPORT_OBJECT,OBJECT_DELIVERY_SEQUENCE,target,box,0.04,0.04,0.04,1.0,0.1,0.2,0.9,1.0,-0.25,0.0,0.02,0.001,-0.13159981607891172,-0.011658023796976209,0.019984853339472263,1.1,0.7,0.4,-0.3,3.0,0.001,ee,False,-0.6,0.0,0.05,goal_sequence,target,0.15000000596046448,0.0,0.019999999552965164,goal_sequence,True,True,True,S22,TRANSPORT_OBJECT,D,True
1,30,1,1,0,16,1,0,1,0,28,0,0.16,7.321693029638254e-09,0.18817301094532013,0.28184592723846436,False,0,-0.28184592723846436,False,-0.002710022497922182,-6.243017560336739e-05,0.1565934270620346,0.4020860493183136,-0.00011854371405206621,0.11912517249584198,-0.13160467147827148,-0.011659177020192146,0.019988995045423508,0.0,1.5707963705062866,4.538060665130615,-3.958206798415631e-05,-3.852331246889662e-06,4.6022349124541506e-05,0.15000000596046448,0.0,0.019999999552965164,0.9946966171264648,0.00037307871389202774,0.10285195708274841,-1.0,-7.562240717430698e-05,0.370721120661869,-2.8633131934334624e-05,-2.0326482151620597,4.484582949586984e-06,2.399934931775028,0.7853109678588768,0.0001382490266585508,0.6681392158473533,-0.0002652349345267915,1.3540611237386417,2.5175848849496446e-05,-0.3635060339394083,7.233108158625004e-05,TRANSPORT_OBJECT,OBJECT_DELIVERY_SEQUENCE,target,box,0.04,0.04,0.04,1.0,0.1,0.2,0.9,1.0,-0.25,0.0,0.02,0.001,-0.13160466663617618,-0.011659176896948238,0.019988994961018205,1.1,0.7,0.4,-0.3,3.0,0.001,ee,False,-0.6,0.0,0.05,goal_sequence,target,0.15000000596046448,0.0,0.019999999552965164,goal_sequence,True,True,True,S22,TRANSPORT_OBJECT,D,True
1,31,1,1,0,18,1,0,1,0,28,0,0.16,-1.2585450459567937e-09,0.2121279239654541,0.2818467617034912,False,0,-0.2818467617034912,False,0.028020868077874184,-5.2323663112474605e-05,0.15921251475811005,0.37023597955703735,-5.369472273741849e-05,0.10708586871623993,-0.13160550594329834,-0.011659150011837482,0.01998981274664402,0.0,1.5707963705062866,4.53803825378418,-1.162928674602881e-05,3.274371920269914e-06,6.473203029599972e-06,0.15000000596046448,0.0,0.019999999552965164,0.9939597249031067,0.00040634581819176674,0.10974468290805817,-1.0,-5.654699232254711e-05,0.4437262060715513,-2.721546916647612e-05,-1.9069455638198196,6.7875648010983004e-06,2.34856056330607,0.7853261693690871,0.00014764077416279647,0.6709964839110437,-0.00018966789726428796,1.34684483174497,1.5445882458695742e-05,-0.39502081175535914,0.00011685206621022542,TRANSPORT_OBJECT,OBJECT_DELIVERY_SEQUENCE,target,box,0.04,0.04,0.04,1.0,0.1,0.2,0.9,1.0,-0.25,0.0,0.02,0.001,-0.1316055075509849,-0.011659149585404888,0.019989813404034103,1.1,0.7,0.4,-0.3,3.0,0.001,ee,False,-0.6,0.0,0.05,goal_sequence,target,0.15000000596046448,0.0,0.019999999552965164,goal_sequence,True,True,True,S22,TRANSPORT_OBJECT,D,True
1,32,1,1,0,21,1,0,1,0,28,0,0.16,-3.2532054827782986e-10,0.23571792244911194,0.2818470001220703,False,0,-0.2818470001220703,False,0.05682285875082016,-4.00525786972139e-05,0.16113732755184174,0.33003678917884827,-1.2532677828858141e-05,0.07084615528583527,-0.13160574436187744,-0.011659049428999424,0.01998990587890148,0.0,1.5707963705062866,-1.7451403141021729,-1.0723211744334549e-05,7.426546744682128e-06,2.4759285679465393e-06,0.15000000596046448,0.0,0.019999999552965164,0.9932527542114258,0.00042606156785041094,0.11596877872943878,-1.0,-3.69469983848002e-05,0.5177286528338562,-2.5305629882413944e-05,-1.7791495513010842,8.172841424376562e-06,2.294431144027265,0.7853445091444307,0.00015194073421091932,0.7056406041464414,-0.00015020305139428467,1.3305422296511025,7.954340604261062e-06,-0.4162046437198572,0.00014097753825802369,TRANSPORT_OBJECT,OBJECT_DELIVERY_SEQUENCE,target,box,0.04,0.04,0.04,1.0,0.1,0.2,0.9,1.0,-0.25,0.0,0.02,0.001,-0.13160574033697656,-0.011659049499410223,0.019989905831997626,1.1,0.7,0.4,-0.3,3.0,0.001,ee,False,-0.6,0.0,0.05,goal_sequence,target,0.15000000596046448,0.0,0.019999999552965164,goal_sequence,True,True,True,S22,TRANSPORT_OBJECT,D,True
1,33,1,1,0,23,1,0,1,0,28,0,0.16,1.5763340632801714e-09,0.25931596755981445,0.281847208738327,False,0,-0.281847208738327,False,0.08372001349925995,-2.7380521714803763e-05,0.1640184223651886,0.3051743507385254,1.856173730629962e-05,0.1082213819026947,-0.13160595297813416,-0.011658856645226479,0.01998990774154663,0.0,1.5707963705062866,-1.7451335191726685,-1.0842197298188694e-05,7.976958841027226e-06,2.2511153474624734e-06,0.15000000596046448,0.0,0.019999999552965164,0.9913756847381592,0.00042614692938514054,0.13104966282844543,-1.0,-1.7911339332541902e-05,0.589110488843142,-2.4293331014027026e-05,-1.6511228573903272,9.070414666408149e-06,2.2394988563735527,0.7853635392706574,0.00014852084345009064,0.6202558354715549,-0.00011735295286418213,1.294841956197376,4.038891582139326e-06,-0.42237663350234933,0.00014159795961786112,TRANSPORT_OBJECT,OBJECT_DELIVERY_SEQUENCE,target,box,0.04,0.04,0.04,1.0,0.1,0.2,0.9,1.0,-0.25,0.0,0.02,0.001,-0.1316059526218307,-0.011658857053609637,0.019989907444513698,1.1,0.7,0.4,-0.3,3.0,0.001,ee,False,-0.6,0.0,0.05,goal_sequence,target,0.15000000596046448,0.0,0.019999999552965164,goal_sequence,True,True,True,S22,TRANSPORT_OBJECT,D,True
1,34,1,1,0,25,1,0,1,0,28,0,0.16,-7.11054215507545e-10,0.2821386158466339,0.28184738755226135,False,0,-0.28184738755226135,False,0.10830070823431015,-1.4970656593504827e-05,0.16801463067531586,0.261392205953598,0.0001250305213034153,0.0897260308265686,-0.13160616159439087,-0.011658661998808384,0.01998990774154663,0.0,1.5707963705062866,-1.7451266050338745,-1.0835060493263882e-05,7.975738299137447e-06,2.258469294247334e-06,0.15000000596046448,0.0,0.019999999552965164,0.9900174736976624,0.0004089800640940666,0.14094388484954834,-1.0,-6.560772397721113e-07,0.6579821787671518,-2.3421389850620175e-05,-1.5233099658747433,1.0092185581846722e-05,2.1830663579405183,0.7853806022568355,0.00013113360887928523,0.6105124242485744,4.533625517175784e-05,1.2456497338000778,5.30255615673568e-06,-0.43391345453024766,0.00013113593426685236,TRANSPORT_OBJECT,OBJECT_DELIVERY_SEQUENCE,target,box,0.04,0.04,0.04,1.0,0.1,0.2,0.9,1.0,-0.25,0.0,0.02,0.001,-0.1316061639613834,-0.011658661973299954,0.019989907275648148,1.1,0.7,0.4,-0.3,3.0,0.001,ee,False,-0.6,0.0,0.05,goal_sequence,target,0.15000000596046448,0.0,0.019999999552965164,goal_sequence,True,True,True,S22,TRANSPORT_OBJECT,D,True
1,35,1,1,0,27,1,0,1,0,28,0,0.16,-1.7027773635547305e-09,0.30287376046180725,0.28184759616851807,False,0,-0.28184759616851807,False,0.13008157908916473,-4.252742201060755e-06,0.1720297634601593,0.2131624072790146,6.780251715099439e-05,0.04244966432452202,-0.13160637021064758,-0.01165846735239029,0.01998990774154663,0.0,1.5707963705062866,-1.745119571685791,-1.0833809938048944e-05,7.975540938787162e-06,2.2598628675041255e-06,0.15000000596046448,0.0,0.019999999552965164,0.9915981888771057,0.0003559982287697494,0.1293557584285736,-1.0,1.3177176792166074e-05,0.7252764992590175,-2.339952848958236e-05,-1.3971863746545077,1.1562020461395376e-05,2.126630444051539,0.7853940213283707,0.0001131584801549112,0.6363205700643728,-3.77007345890479e-05,1.188936701282687,2.7463960622330086e-05,-0.43393983551576853,0.00010351387068778528,TRANSPORT_OBJECT,OBJECT_DELIVERY_SEQUENCE,target,box,0.04,0.04,0.04,1.0,0.1,0.2,0.9,1.0,-0.25,0.0,0.02,0.001,-0.13160637516887919,-0.011658466914748797,0.01998990724408667,1.1,0.7,0.4,-0.3,3.0,0.001,ee,False,-0.6,0.0,0.05,goal_sequence,target,0.15000000596046448,0.0,0.019999999552965164,goal_sequence,True,True,True,S22,TRANSPORT_OBJECT,D,True
1,36,1,1,0,29,1,0,1,0,28,0,0.16,-5.458393181889676e-10,0.3193635940551758,0.28184783458709717,False,0,-0.28184783458709717,False,0.14860886335372925,1.0106408154797464e-07,0.1727527529001236,0.17486198246479034,-6.531478720717132e-05,0.018996959552168846,-0.1316065937280655,-0.01165827177464962,0.01998990774154663,0.0,1.5707963705062866,-1.745112657546997,-1.083366987586487e-05,7.975539119797759e-06,2.2601300315727713e-06,0.15000000596046448,0.0,0.019999999552965164,0.9974520206451416,0.00021296397608239204,0.07134030759334564,-1.0,1.9411158292974893e-05,0.7943331855395546,-2.5822915448753343e-05,-1.2752021922387988,1.3520556151900264e-05,2.0743897576010686,0.7853989996996856,5.217031613774926e-05,0.6181704574295483,-0.00017885636248068677,1.1117887666758768,1.119499197188567e-05,-0.4016821397789711,3.8235631782797264e-05,TRANSPORT_OBJECT,OBJECT_DELIVERY_SEQUENCE,target,box,0.04,0.04,0.04,1.0,0.1,0.2,0.9,1.0,-0.25,0.0,0.02,0.001,-0.13160658635409006,-0.011658271858640316,0.019989907238420097,1.1,0.7,0.4,-0.3,3.0,0.001,ee,False,-0.6,0.0,0.05,goal_sequence,target,0.15000000596046448,0.0,0.019999999552965164,goal_sequence,True,True,True,S22,TRANSPORT_OBJECT,D,True
1,37,1,1,0,29,1,0,1,0,28,0,0.16,1.2974236085483426e-07,0.31895291805267334,0.2818480134010315,False,0,-0.2818480134010315,False,0.14818504452705383,-5.01655631524045e-06,0.17267164587974548,-0.005484373774379492,-3.086204742430709e-05,0.0017921586986631155,-0.1316068023443222,-0.011658077128231525,0.01998990774154663,0.0,1.5707963705062866,-1.7451057434082031,-1.0833738087967504e-05,7.975574590091128e-06,2.260184828628553e-06,0.15000000596046448,0.0,0.019999999552965164,0.0,0.0,0.0,-1.0,1.6575281815991455e-05,0.794457300599368,-3.156350520225683e-05,-1.2743020530746558,1.8579334193722357e-05,2.069404745806621,0.7853909420930315,-1.8955943234490917e-05,-0.002648419078872699,-3.721403441977718e-05,0.0068600569477605365,4.804037692355059e-05,-0.038330167899351675,-6.18553466601255e-05,TRANSPORT_OBJECT,OBJECT_DELIVERY_SEQUENCE,target,box,0.04,0.04,0.04,1.0,0.1,0.2,0.9,1.0,-0.25,0.0,0.02,0.001,-0.1316067975377137,-0.01165807680132459,0.01998990723763608,1.1,0.7,0.4,-0.3,3.0,0.001,ee,False,-0.6,0.0,0.05,goal_sequence,target,0.15000000596046448,0.0,0.019999999552965164,goal_sequence,True,True,True,S22,TRANSPORT_OBJECT,D,True
1,38,1,1,0,29,1,0,1,0,28,0,0.16,8.076867175077496e-08,0.316109299659729,0.2818482220172882,False,0,-0.2818482220172882,False,0.14835429191589355,-1.0762762030935846e-05,0.1663152575492859,-0.0005024927668273449,-8.576309483032674e-05,-0.05658112093806267,-0.13160701096057892,-0.011657881550490856,0.01998990774154663,0.0,1.5707963705062866,-1.7450988292694092,-1.0833846317837015e-05,7.975617336342111e-06,2.2601993805437814e-06,0.15000000596046448,0.0,0.019999999552965164,0.0,0.0,-0.15000000596046448,-1.0,1.34623409553338e-05,0.8034234194940767,-3.7941839704183446e-05,-1.2756625120372451,2.2891965178856426e-05,2.0792538148787387,0.7853818885561624,5.618485524927757e-06,0.07769476936848776,-0.0001645730074360612,-0.011010437347038566,0.00011166050562230745,0.07572977263687493,-6.868592206172967e-05,PLACE_OBJECT,OBJECT_DELIVERY_SEQUENCE,target,box,0.04,0.04,0.04,1.0,0.1,0.2,0.9,1.0,-0.25,0.0,0.02,0.001,-0.1316070087236524,-0.011657881742113574,0.019989907237772667,1.1,0.7,0.4,-0.3,3.0,0.001,ee,False,-0.6,0.0,0.05,goal_sequence,target,0.15000000596046448,0.0,0.019999999552965164,goal_sequence,True,True,True,ERR_23,TRANSPORT_OBJECT,D,False
1,39,1,1,7,29,1,0,1,0,28,0,0.16,0.07027386128902435,0.31604471802711487,0.28184840083122253,False,0,-0.28184840083122253,False,0.14831985533237457,-1.4463295883615501e-05,0.16624151170253754,-0.0002502014103811234,-1.4098952306085266e-05,0.0003221693623345345,-0.13160721957683563,-0.011657686904072762,0.01998990774154663,0.0,1.5707963705062866,-1.7450919151306152,-1.0833962733158842e-05,7.975660992087796e-06,2.2602066565013956e-06,0.15000000596046448,0.0,0.019999999552965164,0.0,0.0,0.0,1.0,1.2506432280549615e-05,0.8033323227933382,-4.347124161569689e-05,-1.2756860311545668,2.7764471636095854e-05,2.079058311794309,0.7853751404540087,-9.522590029057603e-06,-0.0006982315064337982,-1.822309246500434e-05,-0.0001467404060359681,3.2820880247145384e-05,-0.0015032481213126773,-5.188662979271723e-05,HEAVY_LIFT,HEAVY_LIFT,target,box,0.04,0.04,0.04,1.0,0.1,0.2,0.9,1.0,-0.25,0.0,0.02,0.001,-0.13160721991264196,-0.01165768668087762,0.019989907238082912,1.1,0.7,0.4,-0.3,3.0,0.001,ee,False,-0.6,0.0,0.05,goal_sequence,target,0.15000000596046448,0.0,0.019999999552965164,goal_sequence,True,True,True,ERR_23,TRANSPORT_OBJECT,D,False
1,40,1,1,7,27,0,0,1,0,28,0,0.16,0.07881730049848557,0.299186110496521,0.28184863924980164,False,0,-0.28184863924980164,False,0.12816859781742096,-0.007119573652744293,0.16834136843681335,-0.1640457659959793,-0.054782573133707047,0.028121720999479294,-0.13160742819309235,-0.011657491326332092,0.01998990774154663,0.0,1.5707963705062866,-1.7450850009918213,-1.0834079148480669e-05,7.975704647833481e-06,2.260212568216957e-06,0.15000000596046448,0.0,0.019999999552965164,-0.9872748255729675,-0.15770991146564484,0.020396042615175247,1.0,-0.008819258527374745,0.72748550258638,-0.001462610368317574,-1.4008869345022479,0.001079493139598723,2.121922488147662,0.7749145862927971,-0.07027012378739299,-0.6024494113261335,-0.009169364255359474,-0.9623136162349171,0.0080870999662588,0.32957960260580643,-0.08043011001008238,HEAVY_LIFT,HEAVY_LIFT,target,box,0.04,0.04,0.04,1.0,0.1,0.2,0.9,1.0,-0.25,0.0,0.02,0.001,-0.13160743110482084,-0.011657491617592344,0.019989907238425912,1.1,0.7,0.4,-0.3,3.0,0.001,ee,False,-0.6,0.0,0.05,goal_sequence,target,0.15000000596046448,0.0,0.019999999552965164,goal_sequence,True,True,True,ERR_23,TRANSPORT_OBJECT,D,False
1,41,1,1,7,25,0,0,1,0,28,0,0.16,0.07985606044530869,0.28022927045822144,0.2818487882614136,False,0,-0.2818487882614136,False,0.10509703308343887,-0.013401441276073456,0.1699775606393814,-0.1874718964099884,-0.04623159021139145,0.01862153597176075,-0.13160763680934906,-0.011657296679913998,0.01998990774154663,0.0,1.5707963705062866,-1.7450780868530273,-1.0834196473297197e-05,7.975748303579167e-06,2.260218025185168e-06,0.15000000596046448,0.0,0.019999999552965164,-0.9908739328384399,-0.13441099226474762,0.010127602145075798,1.0,-0.01674127829294208,0.6473491713893434,-0.002964835726366893,-1.5344824673734219,0.0021199573326952767,2.1753412849704534,0.765100861419689,-0.06093580083190286,-0.6324742606503513,-0.010837974293297394,-1.0318898359108388,0.007981405738021734,0.41073992834464196,-0.07545841746401936,HEAVY_LIFT,HEAVY_LIFT,target,box,0.04,0.04,0.04,1.0,0.1,0.2,0.9,1.0,-0.25,0.0,0.02,0.001,-0.1316076423002152,-0.011657296552253242,0.019989907238775143,1.1,0.7,0.4,-0.3,3.0,0.001,ee,False,-0.6,0.0,0.05,goal_sequence,target,0.15000000596046448,0.0,0.019999999552965164,goal_sequence,True,True,True,ERR_23,TRANSPORT_OBJECT,D,False
1,42,1,1,7,23,0,0,1,0,28,0,0.16,0.07998236268758774,0.2590482532978058,0.2818490266799927,False,0,-0.2818490266799927,False,0.07873658090829849,-0.01880062371492386,0.1710202991962433,-0.21767529845237732,-0.03906261920928955,0.011892974376678467,-0.13160786032676697,-0.011657101102173328,0.01998990774154663,0.0,1.5707963705062866,-1.7450711727142334,-1.0834314707608428e-05,7.975791959324852e-06,2.2602234821533784e-06,0.15000000596046448,0.0,0.019999999552965164,-0.9936934113502502,-0.11213124543428421,8.876444917405024e-05,1.0,-0.023840708222048024,0.564619255605547,-0.004627229458017858,-1.6718879631087677,0.003081632368851412,2.230933145152765,0.755777048783022,-0.05460556721349543,-0.6607376530810076,-0.012041284816938178,-1.0768805638573036,0.007379745087426738,0.4274486035709635,-0.0716914479864661,HEAVY_LIFT,HEAVY_LIFT,target,box,0.04,0.04,0.04,1.0,0.1,0.2,0.9,1.0,-0.25,0.0,0.02,0.001,-0.13160785349882984,-0.01165710148485949,0.01998990723912557,1.1,0.7,0.4,-0.3,3.0,0.001,ee,False,-0.6,0.0,0.05,goal_sequence,target,0.15000000596046448,0.0,0.019999999552965164,goal_sequence,True,True,True,ERR_23,TRANSPORT_OBJECT,D,False
1,43,1,1,7,21,0,0,1,0,28,0,0.16,0.07999773323535919,0.23633559048175812,0.2818492352962494,False,0,-0.2818492352962494,False,0.049411457031965256,-0.023307722061872482,0.1714847832918167,-0.24405185878276825,-0.03176599740982056,0.005184834357351065,-0.13160806894302368,-0.011656906455755234,0.01998990774154663,0.0,1.5707963705062866,-1.7450642585754395,-1.0834432032424957e-05,7.975835615070537e-06,2.260228939121589e-06,0.15000000596046448,0.0,0.019999999552965164,-0.9958280920982361,-0.09078708291053772,-0.009173095226287842,1.0,-0.030129059908861233,0.4805360779413825,-0.006475922759859608,-1.8102713777945407,0.003911052392458206,2.2862028061554533,0.7469848821996709,-0.048367057831528906,-0.677035270579524,-0.01341859970467639,-1.09609124906028,0.006364933652431518,0.4249613580808023,-0.06759647850794193,HEAVY_LIFT,HEAVY_LIFT,target,box,0.04,0.04,0.04,1.0,0.1,0.2,0.9,1.0,-0.25,0.0,0.02,0.001,-0.13160806470066552,-0.011656906415411047,0.019989907239476298,1.1,0.7,0.4,-0.3,3.0,0.001,ee,False,-0.6,0.0,0.05,goal_sequence,target,0.15000000596046448,0.0,0.019999999552965164,goal_sequence,True,True,True,ERR_23,TRANSPORT_OBJECT,D,False
1,44,1,1,7,18,0,0,1,0,28,0,0.16,0.07999961823225021,0.21311743557453156,0.2818494439125061,False,0,-0.2818494439125061,False,0.017622629180550575,-0.026861486956477165,0.1713767945766449,-0.2655628025531769,-0.024019351229071617,-0.0013404552591964602,-0.1316082775592804,-0.011656711809337139,0.01998990774154663,0.0,1.5707963705062866,-1.7450573444366455,-1.0834549357241485e-05,7.975880180310924e-06,2.2602343960897997e-06,0.15000000596046448,0.0,0.019999999552965164,-0.9974684715270996,-0.0687764585018158,-0.018066445365548134,1.0,-0.035534888950250455,0.3958553478988927,-0.00850942623549831,-1.9478498664351023,0.004510496511025193,2.3399558367048976,0.7389053035084099,-0.041572606353722445,-0.6858721134983796,-0.014772336154674343,-1.0984902902761289,0.004609396914542664,0.4133094613788543,-0.0621244460897008,HEAVY_LIFT,HEAVY_LIFT,target,box,0.04,0.04,0.04,1.0,0.1,0.2,0.9,1.0,-0.25,0.0,0.02,0.001,-0.13160827590572233,-0.011656711343907996,0.019989907239827107,1.1,0.7,0.4,-0.3,3.0,0.001,ee,False,-0.6,0.0,0.05,goal_sequence,target,0.15000000596046448,0.0,0.019999999552965164,goal_sequence,True,True,True,ERR_23,TRANSPORT_OBJECT,D,False
1,45,1,1,7,16,0,0,1,0,28,0,0.16,0.07999995350837708,0.19065284729003906,0.28184962272644043,False,0,-0.28184962272644043,False,-0.016127118840813637,-0.02923469990491867,0.17066693305969238,-0.2824286222457886,-0.014684000052511692,-0.008029257878661156,-0.1316084861755371,-0.01165651623159647,0.01998990774154663,0.0,1.5707963705062866,-1.7450504302978516,-1.0834666682058014e-05,7.975923836056609e-06,2.2602398530580103e-06,0.15000000596046448,0.0,0.019999999552965164,-0.9987421631813049,-0.04205998405814171,-0.027296364307403564,1.0,-0.03976972758868328,0.3109852317100932,-0.010610522349763743,-2.0835826129753285,0.004712922645539221,2.3915383823201837,0.7321128813181924,-0.03256839002014368,-0.6902279264736093,-0.01526090838662832,-1.090503456102999,0.0015561345157868705,0.3966141386795939,-0.052222074601204246,HEAVY_LIFT,HEAVY_LIFT,target,box,0.04,0.04,0.04,1.0,0.1,0.2,0.9,1.0,-0.25,0.0,0.02,0.001,-0.1316084871140001,-0.011656516270350418,0.019989907240177972,1.1,0.7,0.4,-0.3,3.0,0.001,ee,False,-0.6,0.0,0.05,goal_sequence,target,0.15000000596046448,0.0,0.019999999552965164,goal_sequence,True,True,True,ERR_23,TRANSPORT_OBJECT,D,False
1,46,1,1,7,14,0,0,1,0,28,0,0.16,0.07999997586011887,0.17030811309814453,0.28184983134269714,False,0,-0.28184983134269714,False,-0.051352329552173615,-0.029116315767169,0.1691841334104538,-0.2952848970890045,0.003737923689186573,-0.016308242455124855,-0.13160869479179382,-0.011656321585178375,0.01998990774154663,0.0,1.5707963705062866,-1.7450435161590576,-1.0834784006874543e-05,7.975967491802294e-06,2.260245310026221e-06,0.15000000596046448,0.0,0.019999999552965164,-0.9991111159324646,0.013885640539228916,-0.03980093449354172,1.0,-0.041229404173654095,0.22622927523988248,-0.011863673270833928,-2.2170892415108576,0.0041287099308899905,2.440892058861999,0.7294586356575867,-0.011428999815553101,-0.6907851308728509,-0.009023159972638018,-1.0779891688977503,-0.004791262912719847,0.3788609035122932,-0.020036845819115405,HEAVY_LIFT,HEAVY_LIFT,target,box,0.04,0.04,0.04,1.0,0.1,0.2,0.9,1.0,-0.25,0.0,0.02,0.001,-0.1316086983254988,-0.011656321194738356,0.019989907240528872,1.1,0.7,0.4,-0.3,3.0,0.001,ee,False,-0.6,0.0,0.05,goal_sequence,target,0.15000000596046448,0.0,0.019999999552965164,goal_sequence,True,True,True,ERR_23,TRANSPORT_OBJECT,D,False
1,47,1,1,7,11,0,0,1,0,28,0,0.16,0.07999999076128006,0.14101554453372955,0.28185003995895386,False,0,-0.28185003995895386,False,-0.04592776298522949,-0.029043661430478096,0.13063257932662964,-0.03395754471421242,0.003666458185762167,-0.4871625006198883,-0.13160890340805054,-0.011656126007437706,0.01998990774154663,0.0,1.5707963705062866,-1.7450364828109741,-1.0834901331691071e-05,7.976011147547979e-06,2.2602507669944316e-06,0.15000000596046448,0.0,0.019999999552965164,0.12128833681344986,0.0007838384481146932,-0.9926170110702515,1.0,-0.04140264635976226,0.31737663091935375,-0.010790343024289566,-2.20993956777945,0.005915452865994101,2.5321415193448606,0.728918626362303,-0.001322362590031189,1.0281350982057025,0.008050001586001772,0.054912966110726415,0.013791129812260319,0.7016497251536596,-0.004167889271938788,HEAVY_LIFT,HEAVY_LIFT,target,box,0.04,0.04,0.04,1.0,0.1,0.2,0.9,1.0,-0.25,0.0,0.02,0.001,-0.13160890954021817,-0.011656126117071935,0.019989907240879845,1.1,0.7,0.4,-0.3,3.0,0.001,ee,False,-0.6,0.0,0.05,goal_sequence,target,0.15000000596046448,0.0,0.019999999552965164,goal_sequence,True,True,True,ERR_23,TRANSPORT_OBJECT,D,False
1,48,1,1,7,9,0,0,1,0,28,0,0.16,0.07999999821186066,0.11534779518842697,0.28185024857521057,False,0,-0.28185024857521057,False,-0.04186604171991348,-0.02893407829105854,0.09036573767662048,-0.019863344728946686,0.002981083933264017,-0.39873209595680237,-0.13160912692546844,-0.011655931361019611,0.01998990774154663,0.0,1.5707963705062866,-1.7450295686721802,-1.08350186565076e-05,7.976055712788366e-06,2.2602562239626423e-06,0.15000000596046448,0.0,0.019999999552965164,0.1149703711271286,0.00040544825606048107,-0.9933688640594482,1.0,-0.041800964014875416,0.41460005890094037,-0.009552013106604893,-2.189893336178642,0.0075212631956988124,2.607703349372414,0.7284024293896948,-0.0031427344963571493,0.9038255213808294,0.009590985199161434,0.15414968012771657,0.012113468500882688,0.5805248366250316,-0.0036499139191532685,HEAVY_LIFT,HEAVY_LIFT,target,box,0.04,0.04,0.04,1.0,0.1,0.2,0.9,1.0,-0.25,0.0,0.02,0.001,-0.13160912075815817,-0.01165593103735126,0.01998990724123085,1.1,0.7,0.4,-0.3,3.0,0.001,ee,False,-0.6,0.0,0.05,goal_sequence,target,0.15000000596046448,0.0,0.019999999552965164,goal_sequence,True,True,True,ERR_23,TRANSPORT_OBJECT,D,False
1,49,1,1,7,7,0,0,1,0,28,0,0.16,0.07999998331069946,0.10021941363811493,0.2818504571914673,False,0,-0.2818504571914673,False,-0.03773021325469017,-0.028867997229099274,0.05055752769112587,-0.030913446098566055,0.0032737324945628643,-0.4079734981060028,-0.13160933554172516,-0.011655735783278942,0.01998990774154663,0.0,1.5707963705062866,-1.7450226545333862,-1.0835135981324129e-05,7.976099368534051e-06,2.260261680930853e-06,0.15000000596046448,0.0,0.019999999552965164,0.12329670041799545,-0.000908444169908762,-0.9923694133758545,1.0,-0.042417720350972264,0.5159466871435203,-0.008164625847711614,-2.158625857564842,0.0089422639217636,2.678011169797601,0.727901465643541,-0.004717948306980349,0.9530390086995746,0.010687702478569,0.24042545761579376,0.010779364767733966,0.5402957342904936,-0.0036423667144722897,HEAVY_LIFT,HEAVY_LIFT,target,box,0.04,0.04,0.04,1.0,0.1,0.2,0.9,1.0,-0.25,0.0,0.02,0.001,-0.1316093319793188,-0.011655735955576382,0.019989907241581947,1.1,0.7,0.4,-0.3,3.0,0.001,ee,False,-0.6,0.0,0.05,goal_sequence,target,0.15000000596046448,0.0,0.019999999552965164,goal_sequence,True,True,True,ERR_23,TRANSPORT_OBJECT,D,False
1,50,1,1,7,7,0,0,1,0,28,0,0.16,0.07999997586011887,0.100369893014431,0.2818503677845001,False,0,-0.2818503677845001,False,-0.03313332051038742,-0.028919965028762817,0.01112706121057272,-0.031569600105285645,0.002653801115229726,-0.4020622670650482,-0.1316092610359192,-0.011655745096504688,0.019989972934126854,0.0,1.5707963705062866,-1.7450164556503296,9.98635869109421e-07,-2.8696686626972223e-07,1.1489838698253152e-06,0.15000000596046448,0.0,0.019999999552965164,0.1490621417760849,-0.0042216582223773,-0.9888188242912292,1.0,-0.043212042691561536,0.6211542563397402,-0.006815878148739459,-2.1133837016374866,0.01002266387485244,2.738103963434412,0.727443592648649,-0.006062532904551089,0.9746519997489157,0.010379945792260425,0.34787664643209487,0.008201427461332896,0.46184552894267206,-0.003371744132179913,HEAVY_LIFT,HEAVY_LIFT,target,box,0.04,0.04,0.04,1.0,0.1,0.2,0.9,1.0,-0.25,0.0,0.02,0.001,-0.1316092622720886,-0.011655744870039628,0.019989973537155918,1.1,0.7,0.4,-0.3,3.0,0.001,ee,False,-0.6,0.0,0.05,goal_sequence,target,0.15000000596046448,0.0,0.019999999552965164,goal_sequence,True,True,True,ERR_23,TRANSPORT_OBJECT,D,False
1,51,1,1,7,3,0,0,1,0,28,0,0.16,0.07999998331069946,0.06448560208082199,0.28185033798217773,False,0,-0.28185033798217773,False,-0.068363256752491,-0.021828914061188698,0.012584325857460499,-0.3117710053920746,0.053856011480093,0.026953648775815964,-0.131609246134758,-0.011655750684440136,0.019989995285868645,0.0,1.5707963705062866,-1.7450155019760132,1.8975866566961486e-07,-5.454081986044912e-08,2.1716398634907819e-07,0.15000000596046448,0.0,0.019999999552965164,-0.9811303019523621,0.17200596630573273,0.08830250054597855,1.0,-0.03327786077263576,0.5539647792391901,-0.006330668135623571,-2.2433612546871955,0.0102296876098101,2.79635720923672,0.7370599301038673,0.07638583327657711,-0.5824549215437305,0.003503019975734978,-1.0908624933941853,0.0015872624625646817,0.4479140780634647,0.07394065836462199,HEAVY_LIFT,HEAVY_LIFT,target,box,0.04,0.04,0.04,1.0,0.1,0.2,0.9,1.0,-0.25,0.0,0.02,0.001,-0.13160924349470302,-0.011655750271474549,0.019989995005219845,1.1,0.7,0.4,-0.3,3.0,0.001,ee,False,-0.6,0.0,0.05,goal_sequence,target,0.15000000596046448,0.0,0.019999999552965164,goal_sequence,True,True,True,ERR_23,TRANSPORT_OBJECT,D,False
1,52,1,1,7,0,0,0,1,0,28,0,0.16,0.07999999821186066,0.027481243014335632,0.28185033798217773,False,0,-0.28185033798217773,False,-0.10472304373979568,-0.015287482179701328,0.015612633898854256,-0.3125585913658142,0.04799769073724747,0.019418420270085335,-0.131609246134758,-0.01165575161576271,0.019989999011158943,0.0,1.5707963705062866,-1.7450153827667236,3.5805683751277684e-08,-1.0290992058514803e-08,4.097738681707597e-08,0.15000000596046448,0.0,0.019999999552965164,-0.9807769656181335,0.1577586829662323,0.11484222114086151,1.0,-0.023240724705356302,0.48745018987292776,-0.005845616227624156,-2.3718232892368443,0.010606225535442682,2.8582141142810786,0.7467360606282578,0.07718050007329866,-0.5350108215958201,0.0032846083558812585,-1.0477290780676236,0.0028935295698165955,0.47562360169589757,0.07440048419097957,HEAVY_LIFT,HEAVY_LIFT,target,box,0.04,0.04,0.04,1.0,0.1,0.2,0.9,1.0,-0.25,0.0,0.02,0.001,-0.13160923995380994,-0.011655751289195975,0.019989999057511015,1.1,0.7,0.4,-0.3,3.0,0.001,ee,False,-0.6,0.0,0.05,goal_sequence,target,0.15000000596046448,0.0,0.019999999552965164,goal_sequence,True,True,True,ERR_23,TRANSPORT_OBJECT,D,False
1,53,1,1,8,0,0,0,1,0,28,0,0.16,0.08000000566244125,0.01032449770718813,0.28185033798217773,False,0,-0.28185033798217773,False,-0.14176392555236816,-0.009840823709964752,0.02041870355606079,-0.3193170726299286,0.03936775401234627,0.03340322896838188,-0.131609246134758,-0.01165575161576271,0.019989999011158943,0.0,1.5707963705062866,-1.745015263557434,6.755798143132097e-09,-1.9413513019372886e-09,7.73215447225084e-09,0.15000000596046448,0.0,0.019999999552965164,-0.9783474206924438,0.13215310871601105,0.15928561985492706,1.0,-0.014012426083613437,0.41764580486408165,-0.005363308526015375,-2.498414129678928,0.011144391375647128,2.9152895266867795,0.7555338878663413,0.07096492927131089,-0.5655289987823305,0.003173026520486587,-1.0387089122768343,0.004138894527096641,0.43885857173448195,0.0676471453541245,HEAVY_LIFT,HEAVY_LIFT,target,box,0.04,0.04,0.04,1.0,0.1,0.2,0.9,1.0,-0.25,0.0,0.02,0.001,-0.1316092392856872,-0.011655751481213403,0.019989999822151248,1.1,0.7,0.4,-0.3,3.0,0.001,ee,False,-0.6,0.0,0.05,goal_sequence,target,0.15000000596046448,0.0,0.019999999552965164,goal_sequence,True,True,True,ERR_23,TRANSPORT_OBJECT,D,False
1,54,1,1,3,0,1,2,2,0,28,0,0.16,0.03836394473910332,0.01143237017095089,0.2817029654979706,False,0,-0.2817029654979706,False,-0.14190521836280823,-0.009862863458693027,0.020470982417464256,0.004007106181234121,-0.0008730569388717413,-4.9800895794760436e-05,-0.13166195154190063,-0.004806051030755043,0.02002018503844738,0.0,1.5707963705062866,-1.7618131637573242,-0.002107105450704694,0.1661260426044464,4.382140832603909e-05,0.15000000596046448,0.0,0.019999999552965164,0.0,0.0,0.0,-1.0,-0.013654805291120873,0.4184034620319971,-0.00585374959336743,-2.4971748894140813,0.010840382979264308,2.915477032630571,0.7558298592586584,0.002769917084849068,0.005799132184832398,-0.003938678105971968,0.009621541523914874,-0.002380794822401666,0.0017453200798837748,0.002398595206022305,HEAVY_LIFT,HEAVY_LIFT,target,box,0.04,0.04,0.04,1.0,0.1,0.2,0.9,1.0,-0.25,0.0,0.02,0.001,-0.1316619536624753,-0.004806051064614566,0.020020185697888614,1.1,0.7,0.4,-0.3,3.0,0.001,ee,False,-0.6,0.0,0.05,goal_sequence,target,0.15000000596046448,0.0,0.019999999552965164,goal_sequence,True,True,True,ERR_23,TRANSPORT_OBJECT,D,False
1,55,1,1,3,0,1,2,2,0,28,0,0.16,0.03585396334528923,0.013900143094360828,0.281787246465683,False,0,-0.281787246465683,False,-0.1418827772140503,-0.009892890229821205,0.020481960847973824,6.0849353758385405e-05,-0.00036596140125766397,5.942240750300698e-05,-0.1317870318889618,-0.00034887625952251256,0.020032837986946106,0.0,1.5707963705062866,-1.767934799194336,-0.0018363193375989795,0.06495142728090286,7.876414019847289e-05,0.15000000596046448,0.0,0.019999999552965164,0.0,0.0,0.0,-1.0,-0.013648511640115869,0.4183892345164124,-0.005912402777412994,-2.4971662215856,0.010829313860453466,2.915504149036974,0.7558354205872512,4.203278857977961e-05,-9.023165652442128e-05,-0.0007035714769346195,2.6891293173890787e-05,-3.0712417414292814e-07,0.00011585548114528138,0.00016849633109845136,HEAVY_LIFT,HEAVY_LIFT,target,box,0.04,0.04,0.04,1.0,0.1,0.2,0.9,1.0,-0.25,0.0,0.02,0.001,-0.13178702854085894,-0.0003488762558859939,0.020032837326387314,1.1,0.7,0.4,-0.3,3.0,0.001,ee,False,-0.6,0.0,0.05,goal_sequence,target,0.15000000596046448,0.0,0.019999999552965164,goal_sequence,True,True,True,ERR_23,TRANSPORT_OBJECT,D,False
1,56,1,1,3,0,1,2,2,3,28,0,0.16,0.0341511070728302,0.01672968454658985,0.2831495404243469,False,0,-0.2831495404243469,False,-0.14194519817829132,-0.010101484134793282,0.056722160428762436,0.09284309297800064,-0.00338689424097538,0.4611469507217407,-0.13069628179073334,0.002275265986099839,0.05712251737713814,-1.9051889181137085,1.5656101703643799,2.652146339416504,0.09155198186635971,0.064864881336689,0.46518123149871826,0.15000000596046448,0.0,0.019999999552965164,0.0,0.0,1.0,-1.0,-0.01229093950790786,0.3058371124831097,-0.008340942957328588,-2.519885246736581,0.008369603163877354,2.82019661755439,0.7572445628146548,0.010436509904861078,-1.2542838615951097,-0.02013886877332448,-0.1759412719345486,-0.018883831914520633,-0.7328101037258995,0.010838471266088471,HEAVY_LIFT,HEAVY_LIFT,target,box,0.04,0.04,0.04,1.0,0.1,0.2,0.9,1.0,-0.25,0.0,0.02,0.001,-0.13069628572607245,0.002275266084351638,0.05712251584772531,1.1,0.7,0.4,-0.3,3.0,0.001,ee,False,-0.6,0.0,0.05,goal_sequence,target,0.15000000596046448,0.0,0.019999999552965164,goal_sequence,True,True,True,ERR_23,TRANSPORT_OBJECT,D,False
1,57,1,1,3,0,1,2,2,7,27,0,0.16,0.03351172059774399,0.0189149659126997,0.28924500942230225,False,0,-0.28924500942230225,False,-0.1408722847700119,-0.010385671630501747,0.09487152099609375,0.039737313985824585,-0.003679296700283885,0.38126567006111145,-0.12928274273872375,0.004560788162052631,0.09512007236480713,0.0,1.5707963705062866,-1.7036349773406982,0.03905597701668739,0.02940288744866848,0.38380399346351624,0.15000000596046448,0.0,0.019999999552965164,0.0,0.0,1.0,-1.0,-0.011428338794246089,0.19675983293596114,-0.010407498077229994,-2.532975434181011,0.005345653951785355,2.7265178015836544,0.7590920087538178,0.006714284798837537,-1.0364336950468536,-0.0180930623623762,-0.1006444613886987,-0.02337836588728403,-0.7203016105633839,0.014440138891415837,HEAVY_LIFT,HEAVY_LIFT,target,box,0.04,0.04,0.04,1.0,0.1,0.2,0.9,1.0,-0.25,0.0,0.02,0.001,-0.1292827441568788,0.004560787967744515,0.09512007087298477,1.1,0.7,0.4,-0.3,3.0,0.001,ee,False,-0.6,0.0,0.05,goal_sequence,target,0.15000000596046448,0.0,0.019999999552965164,goal_sequence,True,True,True,ERR_23,TRANSPORT_OBJECT,D,False
1,58,1,1,3,0,1,2,2,11,27,0,0.16,0.033411744982004166,0.019294660538434982,0.3005618453025818,False,0,-0.3005618453025818,False,-0.13990721106529236,-0.010656611062586308,0.1330835223197937,0.03510202094912529,-0.0028519697953015566,0.39294469356536865,-0.12832596898078918,0.004773400258272886,0.13335470855236053,0.0,1.5707963705062866,-1.7038739919662476,0.033966705203056335,7.33667693566531e-05,0.39554885029792786,0.15000000596046448,0.0,0.019999999552965164,0.0,0.0,1.0,-1.0,-0.011159848477095708,0.09493669144043607,-0.011727447549172943,-2.5318709507261135,0.0024043013335175297,2.6236619132985783,0.7608123847664027,0.002046312747152632,-0.9974681395779562,-0.010533507258685348,0.0084527200577364,-0.022656471568084882,-0.7909544710582436,0.013226732642788513,HEAVY_LIFT,HEAVY_LIFT,target,box,0.04,0.04,0.04,1.0,0.1,0.2,0.9,1.0,-0.25,0.0,0.02,0.001,-0.1283259712578899,0.004773400196707679,0.13335471203029442,1.1,0.7,0.4,-0.3,3.0,0.001,ee,False,-0.6,0.0,0.05,goal_sequence,target,0.15000000596046448,0.0,0.019999999552965164,goal_sequence,True,True,True,ERR_23,TRANSPORT_OBJECT,D,False
1,59,1,1,3,0,1,2,2,15,27,0,0.16,0.03337453305721283,0.019101176410913467,0.31641674041748047,False,0,-0.31641674041748047,False,-0.13899391889572144,-0.010867072269320488,0.17180566489696503,0.023512350395321846,-0.001378807588480413,0.3914640545845032,-0.12744106352329254,0.004341917112469673,0.17207610607147217,0.0,1.5707963705062866,-1.70435631275177,0.022756202146410942,-0.01200774870812893,0.3939220905303955,0.15000000596046448,0.0,0.019999999552965164,0.0,0.0,1.0,-1.0,-0.011233244760719944,0.0016276159653019523,-0.01234638635576574,-2.517998602920888,0.00013068623925479802,2.5167279601868144,0.7620427079092479,-0.0005688987571497621,-0.9172983582529461,-0.003216931664934146,0.1066206899119866,-0.01744165184618677,-0.8222891991142401,0.009398724283245313,HEAVY_LIFT,HEAVY_LIFT,target,box,0.04,0.04,0.04,1.0,0.1,0.2,0.9,1.0,-0.25,0.0,0.02,0.001,-0.12744107063966822,0.004341917254878084,0.17207610999296494,1.1,0.7,0.4,-0.3,3.0,0.001,ee,False,-0.6,0.0,0.05,goal_sequence,target,0.15000000596046448,0.0,0.019999999552965164,goal_sequence,True,True,True,ERR_23,TRANSPORT_OBJECT,D,False
1,60,1,1,3,0,1,2,2,15,24,0,0.16,0.033368613570928574,0.01787470653653145,0.28441014885902405,False,0,-0.28441014885902405,False,-0.10224003344774246,-0.009253145195543766,0.17291949689388275,0.32662448287010193,0.013981206342577934,-0.021884623914957047,-0.09009071439504623,0.003848232561722398,0.17241643369197845,0.0,1.5707963705062866,-1.7083137035369873,0.3264788091182709,-0.012100495398044586,-0.021850362420082092,0.15000000596046448,0.0,0.019999999552965164,0.9992937445640564,0.03757655993103981,0.0,-1.0,-0.008548189780493588,0.09353942114346656,-0.00987490818000284,-2.3959335725954403,0.0014414270734464949,2.4905738460108573,0.7661064043902996,0.02064045577039927,0.8465109941363191,0.019564052138816578,1.0801697643277939,0.010097976423900734,-0.20115865196884228,0.031230231386414363,TRANSPORT_OBJECT,OBJECT_DELIVERY_SEQUENCE,target,box,0.04,0.04,0.04,1.0,0.1,0.2,0.9,1.0,-0.25,0.0,0.02,0.001,-0.09009071240418343,0.0038482326403874835,0.17241642883633904,1.1,0.7,0.4,-0.3,3.0,0.001,ee,False,-0.6,0.0,0.05,goal_sequence,target,0.15000000596046448,0.0,0.019999999552965164,goal_sequence,True,True,True,ERR_23,TRANSPORT_OBJECT,D,False
1,61,1,1,3,0,1,2,2,15,20,0,0.16,0.033373795449733734,0.016376420855522156,0.2544881999492645,False,0,-0.2544881999492645,False,-0.06590202450752258,-0.00766494357958436,0.1728413701057434,0.30466124415397644,0.01351567730307579,-0.0018535848939791322,-0.053797073662281036,0.003355248598381877,0.1723802238702774,0.0,1.5707963705062866,-1.7085659503936768,0.3044888973236084,-0.012187458574771881,-0.0016743948217481375,0.15000000596046448,0.0,0.019999999552965164,0.9993181228637695,0.036658875644207,-0.004412754904478788,-1.0,-0.0062814315331285574,0.18313976078118388,-0.007972495583528996,-2.2695452858793876,0.0021868854662402608,2.4540993860460696,0.7697477276967826,0.017429720520509933,0.7412385453614951,0.01502097683734827,1.058648141381939,0.005754162872972505,-0.2805140837343243,0.02798610603460298,TRANSPORT_OBJECT,OBJECT_DELIVERY_SEQUENCE,target,box,0.04,0.04,0.04,1.0,0.1,0.2,0.9,1.0,-0.25,0.0,0.02,0.001,-0.05379707315868014,0.0033552487032720377,0.17238022864544444,1.1,0.7,0.4,-0.3,3.0,0.001,ee,False,-0.6,0.0,0.05,goal_sequence,target,0.15000000596046448,0.0,0.019999999552965164,goal_sequence,True,True,True,ERR_23,TRANSPORT_OBJECT,D,False
1,62,1,1,3,0,1,2,2,15,16,0,0.16,0.03337536007165909,0.015061018988490105,0.22692403197288513,False,0,-0.22692403197288513,False,-0.030536727979779243,-0.006117566488683224,0.17248162627220154,0.29335111379623413,0.012977387756109238,-0.005603661760687828,-0.01845416985452175,0.002861925633624196,0.1720181405544281,0.0,1.5707963705062866,-1.7089781761169434,0.2931405007839203,-0.012232012115418911,-0.00541978282853961,0.15000000596046448,0.0,0.019999999552965164,0.9993588924407959,0.035479191690683365,-0.004794042091816664,-1.0,-0.004255090220960017,0.2710326651034951,-0.006513052925218768,-2.1403842001538766,0.002536577644316867,2.4132870871827414,0.7730826167173048,0.015586950217665626,0.727175658285699,0.011518050797091966,1.0756765742268715,0.0027259329403051813,-0.3139021286518004,0.025627543419508233,TRANSPORT_OBJECT,OBJECT_DELIVERY_SEQUENCE,target,box,0.04,0.04,0.04,1.0,0.1,0.2,0.9,1.0,-0.25,0.0,0.02,0.001,-0.018454169054537083,0.0028619256679375633,0.1720181361054699,1.1,0.7,0.4,-0.3,3.0,0.001,ee,False,-0.6,0.0,0.05,goal_sequence,target,0.15000000596046448,0.0,0.019999999552965164,goal_sequence,True,True,True,ERR_23,TRANSPORT_OBJECT,D,False
1,63,1,1,3,0,1,2,2,15,13,0,0.16,0.03337584808468819,0.013947149738669395,0.2025369554758072,False,0,-0.2025369554758072,False,0.0035282629542052746,-0.004634004086256027,0.17194341123104095,0.2781616151332855,0.01226160116493702,-0.00707496190443635,0.015580900013446808,0.0023692077957093716,0.17148302495479584,2.4080564975738525,1.5660287141799927,0.7017612457275391,0.2779126465320587,-0.012246527709066868,-0.006891058292239904,0.15000000596046448,0.0,0.019999999552965164,0.9994193911552429,0.03386576473712921,-0.0037420098669826984,-1.0,-0.002427002755920462,0.3574580258534473,-0.005413424958620967,-2.008626760373085,0.002647814010579511,2.3684876243831714,0.776076433845514,0.014070286634448998,0.7100560773169093,0.00860701491631035,1.0868304576269399,0.0009145058788065201,-0.3446076411240856,0.023003723461126266,TRANSPORT_OBJECT,OBJECT_DELIVERY_SEQUENCE,target,box,0.04,0.04,0.04,1.0,0.1,0.2,0.9,1.0,-0.25,0.0,0.02,0.001,0.015580900025783988,0.0023692078360963214,0.1714830265725045,1.1,0.7,0.4,-0.3,3.0,0.001,ee,False,-0.6,0.0,0.05,goal_sequence,target,0.15000000596046448,0.0,0.019999999552965164,goal_sequence,True,True,True,ERR_23,TRANSPORT_OBJECT,D,False
1,64,1,1,3,0,1,2,2,15,10,0,0.16,0.033375710248947144,0.013069595210254192,0.18217910826206207,False,0,-0.18217910826206207,False,0.03591010719537735,-0.0032453197054564953,0.17134009301662445,0.2591365575790405,0.011334761045873165,-0.007890423759818077,0.047925252467393875,0.0018775692442432046,0.17088553309440613,2.327564001083374,1.5655021667480469,0.6212934851646423,0.25885009765625,-0.012243823148310184,-0.007726296782493591,0.15000000596046448,0.0,0.019999999552965164,0.9994994401931763,0.03162169083952904,-0.0009399502887390554,-1.0,-0.0008082112782458606,0.4425189387520456,-0.004593155127000736,-1.8747116589209705,0.0026391911399689964,2.320281714622696,0.7786866758484308,0.012474129163635122,0.6921196725404076,0.006342750663227071,1.0912574541387088,3.0588633202379215e-05,-0.3708674722965451,0.020051228124493874,TRANSPORT_OBJECT,OBJECT_DELIVERY_SEQUENCE,target,box,0.04,0.04,0.04,1.0,0.1,0.2,0.9,1.0,-0.25,0.0,0.02,0.001,0.047925251284877554,0.0018775692143772308,0.17088553613826662,1.1,0.7,0.4,-0.3,3.0,0.001,ee,False,-0.6,0.0,0.05,goal_sequence,target,0.15000000596046448,0.0,0.019999999552965164,goal_sequence,True,True,True,ERR_23,TRANSPORT_OBJECT,D,False
1,65,1,1,3,0,1,2,2,15,7,0,0.16,0.0333748497068882,0.012449484318494797,0.16664986312389374,False,0,-0.16664986312389374,False,0.06615050882101059,-0.001997664337977767,0.17079317569732666,0.23732367157936096,0.010046116076409817,-0.00868175458163023,0.07812263071537018,0.001387290540151298,0.17034591734409332,2.2511777877807617,1.5648481845855713,0.5449227094650269,0.2370041459798813,-0.012227872386574745,-0.00855216570198536,0.15000000596046448,0.0,0.019999999552965164,0.99958735704422,0.028433548286557198,0.004079101607203484,-1.0,0.0005635399357800327,0.5259666050932916,-0.003991863695629256,-1.739514875711026,0.002583863208940537,2.2693005061196816,0.7808763064997223,0.010582011068762824,0.675146968995981,0.004556000992230023,1.09071456656781,-0.00031464457158439894,-0.3922569587903991,0.016828143809014116,TRANSPORT_OBJECT,OBJECT_DELIVERY_SEQUENCE,target,box,0.04,0.04,0.04,1.0,0.1,0.2,0.9,1.0,-0.25,0.0,0.02,0.001,0.07812262703594484,0.0013872905929006867,0.17034591964597234,1.1,0.7,0.4,-0.3,3.0,0.001,ee,False,-0.6,0.0,0.05,goal_sequence,target,0.15000000596046448,0.0,0.019999999552965164,goal_sequence,True,True,True,ERR_23,TRANSPORT_OBJECT,D,False
1,66,1,1,3,0,1,2,2,14,4,0,0.16,0.033373259007930756,0.012076492421329021,0.15637625753879547,False,0,-0.15637625753879547,False,0.09375103563070297,-0.0009593692957423627,0.17039497196674347,0.21341918408870697,0.008258970454335213,-0.007103887386620045,0.1056758388876915,0.0008985323365777731,0.16996030509471893,2.1863021850585938,1.564123511314392,0.4800533652305603,0.21307696402072906,-0.012200937606394291,-0.006975827272981405,0.15000000596046448,0.0,0.019999999552965164,0.9996435046195984,0.023815911263227463,0.012070761062204838,-1.0,0.0016269270904871172,0.6072534756706854,-0.0035697758593342425,-1.6044129322244838,0.0025260661911300593,2.216304254113173,0.7825952863208826,0.008221665354475225,0.6536033265432746,0.003114234893108134,1.082487866547458,-0.0003110742630740241,-0.4078139684382215,0.013218054834420042,TRANSPORT_OBJECT,OBJECT_DELIVERY_SEQUENCE,target,box,0.04,0.04,0.04,1.0,0.1,0.2,0.9,1.0,-0.25,0.0,0.02,0.001,0.10567583818846325,0.000898532348074874,0.16996030412426302,1.1,0.7,0.4,-0.3,3.0,0.001,ee,False,-0.6,0.0,0.05,goal_sequence,target,0.15000000596046448,0.0,0.019999999552965164,goal_sequence,True,True,True,ERR_23,TRANSPORT_OBJECT,D,False
1,67,1,1,3,0,1,2,2,14,1,0,0.16,0.0333709642291069,0.01189455296844244,0.15123285353183746,False,0,-0.15123285353183746,False,0.11827664077281952,-0.0002239890891360119,0.17034150660037994,0.18599216639995575,0.00577157037332654,-0.004036525264382362,0.13014686107635498,0.00041126416181214154,0.16992351412773132,2.1285600662231445,1.5632933378219604,0.4223116338253021,0.18563981354236603,-0.01217116042971611,-0.003922302275896072,0.15000000596046448,0.0,0.019999999552965164,0.999540388584137,0.017047926783561707,0.025068014860153198,-1.0,0.0022890766895097376,0.6854060888856067,-0.0032979815538738437,-1.4712402469437393,0.0024967980219161834,2.1621997711781296,0.7837615821680605,0.0051451963481637915,0.6229237203734428,0.0019209220875867272,1.0571980737312732,-7.624606995110077e-05,-0.41639622060456305,0.008978680181841819,TRANSPORT_OBJECT,OBJECT_DELIVERY_SEQUENCE,target,box,0.04,0.04,0.04,1.0,0.1,0.2,0.9,1.0,-0.25,0.0,0.02,0.001,0.1301468683298027,0.0004112641540040604,0.16992351642027953,1.1,0.7,0.4,-0.3,3.0,0.001,ee,False,-0.6,0.0,0.05,goal_sequence,target,0.15000000596046448,0.0,0.019999999552965164,goal_sequence,True,True,True,ERR_23,TRANSPORT_OBJECT,D,False
1,68,1,1,3,0,1,2,2,15,0,0,0.16,0.033368028700351715,0.011817516759037971,0.15055109560489655,False,0,-0.15055109560489655,False,0.13937033712863922,7.523618114646524e-05,0.17094193398952484,0.15587271749973297,0.0022695877123624086,0.001498363446444273,0.15118028223514557,-7.4718140240293e-05,0.17054644227027893,2.078643321990967,1.5623747110366821,0.37239131331443787,0.1555255800485611,-0.012144644744694233,0.0015793811762705445,0.15000000596046448,0.0,0.019999999552965164,0.9989117383956909,0.007053014822304249,0.046103741973638535,-1.0,0.002412545262268973,0.7590258780649916,-0.003162973647754617,-1.3422432782171105,0.0025186883347499494,2.1078124290304165,0.7842487040066559,0.001013989630592957,0.5794560461575972,0.0008327847605860751,1.0112195435275875,0.0003389327243539936,-0.41866830122472376,0.00376665500972226,TRANSPORT_OBJECT,OBJECT_DELIVERY_SEQUENCE,target,box,0.04,0.04,0.04,1.0,0.1,0.2,0.9,1.0,-0.25,0.0,0.02,0.001,0.15118028718334822,-7.471813894896625e-05,0.17054644516050474,1.1,0.7,0.4,-0.3,3.0,0.001,ee,False,-0.6,0.0,0.05,goal_sequence,target,0.15000000596046448,0.0,0.019999999552965164,goal_sequence,True,True,True,ERR_23,TRANSPORT_OBJECT,D,False
1,69,1,1,3,0,1,2,2,15,1,0,0.16,0.03336452692747116,0.011757123284041882,0.15349212288856506,False,0,-0.15349212288856506,False,0.15681831538677216,-0.000222855742322281,0.17272813618183136,0.12441843748092651,-0.0024410863406956196,0.011441370472311974,0.16856497526168823,-0.0005597280687652528,0.1723642349243164,2.0372214317321777,1.5614206790924072,0.3309619128704071,0.12409231811761856,-0.012122966349124908,0.011470597237348557,0.15000000596046448,0.0,0.019999999552965164,0.9966901540756226,-0.0070545123890042305,0.08098749071359634,-1.0,0.0018263496916022949,0.8262287963372916,-0.0031601583282093223,-1.2199366282277087,0.002609110279842824,2.053719496455673,0.7838974801977234,-0.004436335043428325,0.5190707653420752,-0.00019883995135657959,0.942301653379097,0.0008766579995582325,-0.4165012441228386,-0.0026732750654251012,TRANSPORT_OBJECT,OBJECT_DELIVERY_SEQUENCE,target,box,0.04,0.04,0.04,1.0,0.1,0.2,0.9,1.0,-0.25,0.0,0.02,0.001,0.16856498240918,-0.0005597280593131529,0.17236424129469155,1.1,0.7,0.4,-0.3,3.0,0.001,ee,False,-0.6,0.0,0.05,goal_sequence,target,0.15000000596046448,0.0,0.019999999552965164,goal_sequence,True,True,True,ERR_23,TRANSPORT_OBJECT,D,False
1,70,1,1,3,0,1,2,2,14,0,0,0.16,0.032900042831897736,0.011885239742696285,0.14784234762191772,False,0,-0.14784234762191772,False,0.13773182034492493,0.0012218415504321456,0.16837523877620697,-0.16435979306697845,0.011139105074107647,-0.034727901220321655,0.14939168095588684,-0.0010181391844525933,0.16783758997917175,0.0,1.5707963705062866,4.603386402130127,-0.16480354964733124,-0.012164941988885403,-0.036046069115400314,0.15000000596046448,0.0,0.019999999552965164,-0.9904520511627197,0.03237283602356911,-0.13400255143642426,-1.0,0.003838181997748187,0.7619884834754299,-0.002960196279324922,-1.3413258759798783,0.0023721518165207883,2.097896715920356,0.7859040411738049,0.0154138040144693,-0.5055949457110919,0.0017393998407450079,-0.9510290056063053,-0.0019588005174468216,0.3401235931989132,0.015404847128671255,TRANSPORT_OBJECT,OBJECT_DELIVERY_SEQUENCE,target,box,0.04,0.04,0.04,1.0,0.1,0.2,0.9,1.0,-0.25,0.0,0.02,0.001,0.14939168471495762,-0.0010181391543430149,0.16783759512103058,1.1,0.7,0.4,-0.3,3.0,0.001,ee,False,-0.6,0.0,0.05,goal_sequence,target,0.15000000596046448,0.0,0.019999999552965164,goal_sequence,True,True,True,ERR_23,TRANSPORT_OBJECT,D,False
1,71,1,1,3,0,1,2,2,15,1,0,0.16,0.03289370238780975,0.012337501160800457,0.15870991349220276,False,0,-0.15870991349220276,False,0.15524598956108093,-0.0027975498232990503,0.17789922654628754,0.1379128247499466,-0.03212457522749901,0.08584214746952057,0.16751417517662048,-0.001502148574218154,0.1777334213256836,1.6403089761734009,1.564255714416504,-0.04365815222263336,0.1376262605190277,-0.0120633440092206,0.0871826559305191,0.15000000596046448,0.0,0.019999999552965164,0.9586594104766846,-0.09547705203294754,0.2680601477622986,-1.0,-0.001288299972838064,0.8153173090021925,-0.003699678665508376,-1.224556059348719,0.003000709081767647,2.045132586393269,0.7802457329919671,-0.039327005764182646,0.41176291182827585,-0.005954144186124816,0.9237632816796219,0.005060547895798625,-0.4064535505572934,-0.04348122320657404,TRANSPORT_OBJECT,OBJECT_DELIVERY_SEQUENCE,target,box,0.04,0.04,0.04,1.0,0.1,0.2,0.9,1.0,-0.25,0.0,0.02,0.001,0.16751417506263888,-0.0015021485214769066,0.17773341900905087,1.1,0.7,0.4,-0.3,3.0,0.001,ee,False,-0.6,0.0,0.05,goal_sequence,target,0.15000000596046448,0.0,0.019999999552965164,goal_sequence,True,True,True,ERR_23,TRANSPORT_OBJECT,D,False
1,72,1,1,3,0,1,2,2,12,0,0,0.16,0.03288143873214722,0.017952026799321175,0.1277647316455841,False,0,-0.1277647316455841,False,0.1449318826198578,0.011581537313759327,0.14861354231834412,-0.12097640335559845,0.1250603348016739,-0.3044329881668091,0.15667903423309326,-0.001953648868948221,0.14757506549358368,0.0,1.5707963705062866,4.599773406982422,-0.1213853508234024,-0.011452911421656609,-0.3064107298851013,0.15000000596046448,0.0,0.019999999552965164,-0.6162028908729553,0.3286050856113434,-0.7157602310180664,-1.0,0.016596696903004735,0.8143666953262179,-0.0010425647932017026,-1.3046366249784,0.0010667713661949736,2.1171814992610094,0.8009534828513853,0.1576262151548493,0.07145876375504616,0.018479586508594072,-0.654083473304325,-0.015206658596638244,0.5550227431401408,0.1591053244906121,TRANSPORT_OBJECT,OBJECT_DELIVERY_SEQUENCE,target,box,0.04,0.04,0.04,1.0,0.1,0.2,0.9,1.0,-0.25,0.0,0.02,0.001,0.15667902896135072,-0.001953648821531201,0.14757506066572681,1.1,0.7,0.4,-0.3,3.0,0.001,ee,False,-0.6,0.0,0.05,goal_sequence,target,0.15000000596046448,0.0,0.019999999552965164,goal_sequence,True,True,True,ERR_23,TRANSPORT_OBJECT,D,False
1,73,1,1,3,0,1,2,2,16,0,0,0.16,0.03289072588086128,0.012901121750473976,0.16194944083690643,False,0,-0.16194944083690643,False,0.1464695930480957,-0.006763292010873556,0.1810901015996933,0.0598653107881546,-0.17713190615177155,0.5360426306724548,0.1585800051689148,-0.002358861733227968,0.1817047894001007,0.0,1.5707963705062866,4.60259485244751,0.05935234576463699,-0.009957889094948769,0.5404337644577026,0.15000000596046448,0.0,0.019999999552965164,0.1918734759092331,-0.43846431374549866,0.8780282735824585,-1.0,-0.006148363420825223,0.7808014866884968,-0.004818618280566863,-1.2719163433874554,0.003653775070225227,2.0484758323440517,0.7735760454031495,-0.21919592999225646,-0.6235620847662875,-0.02634643373779602,0.25028817280446486,0.020079741714303996,-0.5288126922033236,-0.2104290013893756,TRANSPORT_OBJECT,OBJECT_DELIVERY_SEQUENCE,target,box,0.04,0.04,0.04,1.0,0.1,0.2,0.9,1.0,-0.25,0.0,0.02,0.001,0.1585800051706761,-0.0023588616579179726,0.18170479453834082,1.1,0.7,0.4,-0.3,3.0,0.001,ee,False,-0.6,0.0,0.05,goal_sequence,target,0.15000000596046448,0.0,0.019999999552965164,goal_sequence,True,True,True,ERR_23,TRANSPORT_OBJECT,D,False
1,74,1,1,3,0,1,2,2,13,1,0,0.16,0.03301218897104263,0.015628645196557045,0.13262872397899628,False,0,-0.13262872397899628,False,0.15461701154708862,0.016443932428956032,0.15280237793922424,-0.018234344199299812,0.23984132707118988,-0.5257365703582764,0.1665707528591156,0.006469962652772665,0.15143030881881714,1.6625639200210571,1.5628448724746704,-0.02214084193110466,-0.018463851884007454,0.2838762402534485,-0.5294135212898254,0.15000000596046448,0.0,0.019999999552965164,0.29378676414489746,0.5628131031990051,-0.7726129293441772,-1.0,0.02267955966027452,0.843098540008061,-0.0004111233759382965,-1.2456632696947234,0.0004966990683902261,2.0956532913373307,0.8085967524672526,0.2995904225008148,0.8637606859585711,0.0274589768062631,0.20208568570495222,-0.024379355986061262,0.36287501870747224,0.26937101899907506,TRANSPORT_OBJECT,OBJECT_DELIVERY_SEQUENCE,target,box,0.04,0.04,0.04,1.0,0.1,0.2,0.9,1.0,-0.25,0.0,0.02,0.001,0.1665707531821882,0.006469962724208336,0.15143030334335508,1.1,0.7,0.4,-0.3,3.0,0.001,ee,False,-0.6,0.0,0.05,goal_sequence,target,0.15000000596046448,0.0,0.019999999552965164,goal_sequence,True,True,True,ERR_23,TRANSPORT_OBJECT,D,False
1,75,1,1,3,0,1,2,2,15,1,0,0.16,0.033094052225351334,0.014000034891068935,0.1596309095621109,False,0,-0.1596309095621109,False,0.148146852850914,-0.009950284846127033,0.17869757115840912,0.015180729329586029,-0.29628872871398926,0.5768421292304993,0.16037282347679138,-0.003152664517983794,0.17926234006881714,-2.078434944152832,1.5634711980819702,2.5316877365112305,0.01501210406422615,-0.3966656029224396,0.5815810561180115,0.15000000596046448,0.0,0.019999999552965164,-0.18069878220558167,-0.643577516078949,0.7437445521354675,-1.0,-0.010189026501815645,0.792545215824855,-0.005587798684194492,-1.2568266624365803,0.004199266437284497,2.042044167791991,0.7677441082706926,-0.37322691985041934,-0.8716840715208517,-0.033988411120711506,-0.08564761120677904,0.028504143430781972,-0.41182056694322966,-0.31437753702353155,TRANSPORT_OBJECT,OBJECT_DELIVERY_SEQUENCE,target,box,0.04,0.04,0.04,1.0,0.1,0.2,0.9,1.0,-0.25,0.0,0.02,0.001,0.16037282384293672,-0.003152664502273093,0.1792623429257559,1.1,0.7,0.4,-0.3,3.0,0.001,ee,False,-0.6,0.0,0.05,goal_sequence,target,0.15000000596046448,0.0,0.019999999552965164,goal_sequence,True,True,True,ERR_23,TRANSPORT_OBJECT,D,False
1,76,1,1,3,0,1,2,2,13,2,0,0.16,0.035039547830820084,0.014284702949225903,0.1391374170780182,False,0,-0.1391374170780182,False,0.15333838760852814,0.022375287488102913,0.15759965777397156,-0.016393987461924553,0.41355785727500916,-0.3573813736438751,0.16595785319805145,0.01568746007978916,0.15732614696025848,3.09769606590271,1.5237147808074951,1.40574312210083,-0.011678340844810009,0.7732110619544983,-0.35842472314834595,0.15000000596046448,0.0,0.019999999552965164,0.1513395458459854,0.8125977516174316,-0.5628331899642944,-1.0,0.030318159293341015,0.834542696145982,0.0006436657427254232,-1.2463050367150244,-0.0003772391122597173,2.084188512607421,0.8192850405626106,0.5212798061733173,0.5621424246206338,0.04078921424830001,0.08082735483608923,-0.03537009764166615,0.3242539833555193,0.3962082024564115,TRANSPORT_OBJECT,OBJECT_DELIVERY_SEQUENCE,target,box,0.04,0.04,0.04,1.0,0.1,0.2,0.9,1.0,-0.25,0.0,0.02,0.001,0.165957857547259,0.015687460509781013,0.15732614349915486,1.1,0.7,0.4,-0.3,3.0,0.001,ee,False,-0.6,0.0,0.05,goal_sequence,target,0.15000000596046448,0.0,0.019999999552965164,goal_sequence,True,True,True,ERR_23,TRANSPORT_OBJECT,D,False
1,77,1,1,3,0,1,2,2,15,1,0,0.16,0.03437288478016853,0.015614690259099007,0.15884171426296234,False,0,-0.15884171426296234,False,0.1494901031255722,-0.010215519927442074,0.17794553935527802,-0.010118664242327213,-0.47296395897865295,0.3198215365409851,0.16402408480644226,-0.004511382430791855,0.17815707623958588,-3.1209239959716797,1.4839136600494385,1.5642277002334595,-0.009572586975991726,-0.9556632041931152,0.3208920359611511,0.15000000596046448,0.0,0.019999999552965164,-0.12497027218341827,-0.8376034498214722,0.5317921042442322,-1.0,-0.01085617144573141,0.7962254138493655,-0.005783769404273572,-1.2546679347292493,0.004364799833122636,2.04761909162878,0.764537624869929,-0.6017880010902055,-0.5003445836096996,-0.04371250985348927,-0.0658884296355724,0.036822284060333325,-0.2818264492862279,-0.4212558089778527,TRANSPORT_OBJECT,OBJECT_DELIVERY_SEQUENCE,target,box,0.04,0.04,0.04,1.0,0.1,0.2,0.9,1.0,-0.25,0.0,0.02,0.001,0.16402408134915467,-0.004511382583373876,0.17815708151873047,1.1,0.7,0.4,-0.3,3.0,0.001,ee,False,-0.6,0.0,0.05,goal_sequence,target,0.15000000596046448,0.0,0.019999999552965164,goal_sequence,True,True,True,ERR_23,TRANSPORT_OBJECT,D,False
1,78,1,1,3,0,1,2,2,13,2,0,0.16,0.03488145396113396,0.019046487286686897,0.13650047779083252,False,0,-0.13650047779083252,False,0.151790052652359,0.022487374022603035,0.15748459100723267,-0.021146463230252266,0.509795069694519,-0.2641940116882324,0.16888071596622467,0.01467063557356596,0.15438999235630035,0.28359758853912354,1.5516576766967773,-1.4481419324874878,-0.013935104012489319,1.0048571825027466,-0.26318761706352234,0.15000000596046448,0.0,0.019999999552965164,0.04274211823940277,0.8563185930252075,-0.5146761536598206,-1.0,0.030915608467299422,0.8293740510481351,0.0004609712263164225,-1.2548541595391314,-0.000250064770866886,2.0858195788026577,0.8212745425977073,0.6467967648791251,0.3858922224814283,0.04506578765347828,3.8017898483247436e-05,-0.03561513450870392,0.2945534759019441,0.4360311715834838,TRANSPORT_OBJECT,OBJECT_DELIVERY_SEQUENCE,target,box,0.04,0.04,0.04,1.0,0.1,0.2,0.9,1.0,-0.25,0.0,0.02,0.001,0.16888071531190593,0.014670635511722454,0.1543899903477579,1.1,0.7,0.4,-0.3,3.0,0.001,ee,False,-0.6,0.0,0.05,goal_sequence,target,0.15000000596046448,0.0,0.019999999552965164,goal_sequence,True,True,True,ERR_23,TRANSPORT_OBJECT,D,False
1,79,1,1,3,0,1,2,2,15,1,0,0.16,0.03607954457402229,0.021548844873905182,0.15509647130966187,False,0,-0.15509647130966187,False,0.1493169367313385,-0.009571408852934837,0.17848747968673706,-0.006395423319190741,-0.5085589289665222,0.29096558690071106,0.16923996806144714,-0.002779090078547597,0.17387337982654572,-3.0819571018218994,1.4755862951278687,1.6026033163070679,-0.0042639789171516895,-0.9783591628074646,0.2906910479068756,0.15000000596046448,0.0,0.019999999552965164,-0.06699151545763016,-0.8415810465812683,0.5359603762626648,-1.0,-0.010075649556796932,0.7943297058935422,-0.005808961089764474,-1.2568855715566747,0.004398768668328523,2.048728799100846,0.7647175558925821,-0.6476574973537784,-0.43234751612425426,-0.04558632010442036,-0.01747254206481091,0.03607801059351018,-0.2855650106317668,-0.4353472555704022,TRANSPORT_OBJECT,OBJECT_DELIVERY_SEQUENCE,target,box,0.04,0.04,0.04,1.0,0.1,0.2,0.9,1.0,-0.25,0.0,0.02,0.001,0.16923996859593524,-0.002779090034708021,0.17387337620152538,1.1,0.7,0.4,-0.3,3.0,0.001,ee,False,-0.6,0.0,0.05,goal_sequence,target,0.15000000596046448,0.0,0.019999999552965164,goal_sequence,True,True,True,ERR_23,TRANSPORT_OBJECT,D,False
1,80,1,1,3,0,1,2,2,12,2,0,0.16,0.03668975085020065,0.02672860585153103,0.13113512098789215,False,0,-0.13113512098789215,False,0.1519237458705902,0.021742459386587143,0.15579968690872192,-0.021906854584813118,0.4841228127479553,-0.29574084281921387,0.17505958676338196,0.010672994889318943,0.14827518165111542,3.0741560459136963,1.5646806955337524,1.3078622817993164,-0.0161685012280941,0.8375488519668579,-0.2940887212753296,0.15000000596046448,0.0,0.019999999552965164,0.05841775983572006,0.8185621500015259,-0.5714397430419922,-1.0,0.03011042266927197,0.8317069216806566,8.097392415336036e-05,-1.2554997257341354,9.06745350086898e-05,2.08927922443785,0.8196483963792718,0.6151614964234879,0.43739224750420236,0.04152943074276333,0.012210291815169881,-0.03326654484397851,0.31235178046446366,0.4217602273026858,TRANSPORT_OBJECT,OBJECT_DELIVERY_SEQUENCE,target,box,0.04,0.04,0.04,1.0,0.1,0.2,0.9,1.0,-0.25,0.0,0.02,0.001,0.17505958394919272,0.010672995337654746,0.14827518510057902,1.1,0.7,0.4,-0.3,3.0,0.001,ee,False,-0.6,0.0,0.05,goal_sequence,target,0.15000000596046448,0.0,0.019999999552965164,goal_sequence,True,True,True,ERR_23,TRANSPORT_OBJECT,D,False
1,81,1,1,3,0,1,2,2,14,2,0,0.16,0.03596750646829605,0.027003543451428413,0.15096066892147064,False,0,-0.15096066892147064,False,0.1491098254919052,-0.009341087192296982,0.17863796651363373,-0.0021383746061474085,-0.4608030319213867,0.3371017575263977,0.1736670732498169,-0.0034875874407589436,0.1690531075000763,-2.2978076934814453,1.4470155239105225,2.297093152999878,0.0018944862531498075,-0.8194453716278076,0.3401818573474884,0.15000000596046448,0.0,0.019999999552965164,-0.0710730329155922,-0.8032805919647217,0.5913450121879578,-1.0,-0.00951766818052224,0.7936616545814851,-0.005985329999579912,-1.2572792261827084,0.004513274430541682,2.0478742485402717,0.7658373106874274,-0.5873298353481619,-0.49699361680614645,-0.0414448388438448,-0.016288724347107052,0.034558726954671465,-0.31749921551935184,-0.41257606249763745,TRANSPORT_OBJECT,OBJECT_DELIVERY_SEQUENCE,target,box,0.04,0.04,0.04,1.0,0.1,0.2,0.9,1.0,-0.25,0.0,0.02,0.001,0.17366706780280608,-0.0034875873841739443,0.16905311089814518,1.1,0.7,0.4,-0.3,3.0,0.001,ee,False,-0.6,0.0,0.05,goal_sequence,target,0.15000000596046448,0.0,0.019999999552965164,goal_sequence,True,True,True,ERR_23,TRANSPORT_OBJECT,D,False
1,82,1,1,0,3,1,0,2,10,5,0,0.16,0.009593517519533634,0.058906059712171555,0.11187350749969482,False,0,-0.11187350749969482,False,0.15224435925483704,0.021810807287693024,0.1555352360010147,-0.021564440801739693,0.45748597383499146,-0.31664660573005676,0.1983902007341385,0.012781130149960518,0.12005355209112167,0.496263712644577,1.1246073246002197,-2.862703800201416,0.7252942323684692,0.8733543753623962,-1.7016072273254395,0.15000000596046448,0.0,0.019999999552965164,0.07669177651405334,0.8047617673873901,-0.5886228084564209,-1.0,0.0302357180628104,0.8330629140884751,-9.063657387509158e-05,-1.2540284714900074,0.0002373556985597319,2.089647154935852,0.8191486976054764,0.5787159632828218,0.47422797497712044,0.04249326035240163,0.025434964793676046,-0.03328513980282887,0.32138573970272677,0.41017073052518344,TRANSPORT_OBJECT,OBJECT_DELIVERY_SEQUENCE,target,box,0.04,0.04,0.04,1.0,0.1,0.2,0.9,1.0,-0.25,0.0,0.02,0.001,0.19839019876195002,0.012781129753814388,0.12005354887354186,1.1,0.7,0.4,-0.3,3.0,0.001,ee,False,-0.6,0.0,0.05,goal_sequence,target,0.15000000596046448,0.0,0.019999999552965164,goal_sequence,True,True,True,ERR_23,TRANSPORT_OBJECT,D,False
1,83,1,1,0,14,1,0,2,2,9,0,0.16,0.00116514612454921,0.16606706380844116,0.09391693025827408,False,0,-0.09391693025827408,False,0.14920946955680847,-0.00954204611480236,0.17888009548187256,-0.007062868215143681,-0.43733716011047363,0.3241393268108368,0.22732539474964142,0.04762309789657593,0.043941885232925415,1.903351068496704,0.9087166786193848,2.4014968872070312,0.7215912342071533,0.8688954710960388,-2.084350347518921,0.15000000596046448,0.0,0.019999999552965164,-0.08220046758651733,-0.7988314628601074,0.5959122180938721,-1.0,-0.009590229506163473,0.7935422339816988,-0.006175809128020559,-1.2569932167370537,0.004660859475651499,2.047794090832685,0.7660477977817431,-0.5548187700136173,-0.484424499992595,-0.04278371543667181,-0.02314949193224364,0.034214384542838955,-0.3217842683957865,-0.4083064974114037,TRANSPORT_OBJECT,OBJECT_DELIVERY_SEQUENCE,target,box,0.04,0.04,0.04,1.0,0.1,0.2,0.9,1.0,-0.25,0.0,0.02,0.001,0.22732539237691105,0.04762309715074211,0.04394188532729037,1.1,0.7,0.4,-0.3,3.0,0.001,ee,False,-0.6,0.0,0.05,goal_sequence,target,0.15000000596046448,0.0,0.019999999552965164,goal_sequence,True,True,True,ERR_23,TRANSPORT_OBJECT,D,False
1,84,1,1,0,14,1,0,2,0,12,0,0.16,0.0001427824463462457,0.16859467327594757,0.12160702794790268,False,0,-0.12160702049732208,False,0.15202578902244568,0.021940870210528374,0.1551511287689209,-0.018321774899959564,0.43294069170951843,-0.2989474833011627,0.23247838020324707,0.08930513262748718,0.023190511390566826,-1.6107940673828125,1.4165327548980713,-2.407388687133789,0.02425481006503105,1.0712429285049438,-0.3923715054988861,0.15000000596046448,0.0,0.019999999552965164,0.06640476733446121,0.8015326261520386,-0.594252347946167,-1.0,0.03043092968567061,0.8330145864819742,-0.00020895497632877506,-1.2549320115485618,0.0003513589164985046,2.0900240270039068,0.8187287208229237,0.5474839171536906,0.4453900311469453,0.04092131220028315,0.01603706370255611,-0.03334086030308382,0.3246928304398546,0.40507409000609673,TRANSPORT_OBJECT,OBJECT_DELIVERY_SEQUENCE,target,box,0.04,0.04,0.04,1.0,0.1,0.2,0.9,1.0,-0.25,0.0,0.02,0.001,0.23247837572083008,0.08930513590081292,0.02319051084253623,1.1,0.7,0.4,-0.3,3.0,0.001,ee,False,-0.6,0.0,0.05,goal_sequence,target,0.15000000596046448,0.0,0.019999999552965164,goal_sequence,True,True,True,ERR_23,TRANSPORT_OBJECT,D,False
1,85,1,1,0,19,1,0,2,0,14,0,0.16,1.6147330825333484e-05,0.22077803313732147,0.14643138647079468,False,0,-0.14643138647079468,False,0.14921903610229492,-0.00936255045235157,0.1788238137960434,-0.005576293915510178,-0.4282665252685547,0.32461705803871155,0.23135694861412048,0.12174339592456818,0.021319730207324028,-1.5081971883773804,1.492116093635559,-2.9401986598968506,-0.04113303869962692,0.7522021532058716,-0.10874196141958237,0.15000000596046448,0.0,0.019999999552965164,-0.07334382086992264,-0.7943757176399231,0.6029824614524841,-1.0,-0.009216499407557956,0.793628827764049,-0.006334964573301982,-1.2569940155705763,0.004788763799575563,2.0479035377593684,0.7663621872605059,-0.5428359310289972,-0.4809830646266473,-0.04266535567077998,-0.016218214508276298,0.03433767653028356,-0.3238406862566468,-0.4026599290081645,TRANSPORT_OBJECT,OBJECT_DELIVERY_SEQUENCE,target,box,0.04,0.04,0.04,1.0,0.1,0.2,0.9,1.0,-0.25,0.0,0.02,0.001,0.2313569479613007,0.121743395833384,0.021319730360692783,1.1,0.7,0.4,-0.3,3.0,0.001,ee,False,-0.6,0.0,0.05,goal_sequence,target,0.15000000596046448,0.0,0.019999999552965164,goal_sequence,True,True,True,ERR_23,TRANSPORT_OBJECT,D,False
1,86,1,1,0,17,1,0,2,0,16,0,0.16,3.09230972561636e-06,0.19874131679534912,0.16643649339675903,False,0,-0.16643649339675903,False,0.1520419865846634,0.02204791270196438,0.1549341231584549,-0.018545499071478844,0.42858725786209106,-0.3014240562915802,0.22885408997535706,0.14657065272331238,0.020427243784070015,0.16718284785747528,1.5424830913543701,-1.5743952989578247,-0.06900434195995331,0.5398746132850647,-0.03591630235314369,0.15000000596046448,0.0,0.019999999552965164,0.0665966123342514,0.7983778715133667,-0.5984627604484558,-1.0,0.03067665183387878,0.8333583984997138,-0.0003769475191419674,-1.2549220691096283,0.000495101706766236,2.0903868153983156,0.8187307857223537,0.5418880244495491,0.44894614038478264,0.040685751793863106,0.016116176762776865,-0.03322629738273672,0.32663408333984306,0.40267503908224533,TRANSPORT_OBJECT,OBJECT_DELIVERY_SEQUENCE,target,box,0.04,0.04,0.04,1.0,0.1,0.2,0.9,1.0,-0.25,0.0,0.02,0.001,0.22885409351436192,0.14657064623302565,0.020427243089268732,1.1,0.7,0.4,-0.3,3.0,0.001,ee,False,-0.6,0.0,0.05,goal_sequence,target,0.15000000596046448,0.0,0.019999999552965164,goal_sequence,True,True,True,ERR_23,TRANSPORT_OBJECT,D,False
1,87,1,1,0,22,1,0,2,0,18,0,0.16,6.772464189452876e-08,0.24718406796455383,0.1808006465435028,False,0,-0.1808006465435028,False,0.149226114153862,-0.009189818985760212,0.1787111610174179,-0.0052261268720030785,-0.4255906343460083,0.32710662484169006,0.22662244737148285,0.16376164555549622,0.01997375302016735,0.8811493515968323,1.564772129058838,-0.9055935740470886,-0.04236249253153801,0.3350996673107147,0.0008004363626241684,0.15000000596046448,0.0,0.019999999552965164,-0.07335367798805237,-0.7920206785202026,0.6060713529586792,-1.0,-0.008869979363993018,0.7937980053727938,-0.00649289192792144,-1.2569766004673237,0.0049167723206629006,2.0480247957848667,0.7665737271817878,-0.5393883434182299,-0.48447103376674944,-0.04250170428543159,-0.016149984280053077,0.03421581823771886,-0.3257008177976787,-0.4010477754933166,TRANSPORT_OBJECT,OBJECT_DELIVERY_SEQUENCE,target,box,0.04,0.04,0.04,1.0,0.1,0.2,0.9,1.0,-0.25,0.0,0.02,0.001,0.2266224528254436,0.16376164280614972,0.01997375240210166,1.1,0.7,0.4,-0.3,3.0,0.001,ee,False,-0.6,0.0,0.05,goal_sequence,target,0.15000000596046448,0.0,0.019999999552965164,goal_sequence,True,True,True,ERR_23,TRANSPORT_OBJECT,D,False
1,88,1,1,0,19,1,0,2,0,18,0,0.16,1.5611851722496795e-06,0.21536225080490112,0.18898649513721466,False,0,-0.18898649513721466,False,0.15206128358840942,0.02220580168068409,0.15479445457458496,-0.018651103600859642,0.4274290204048157,-0.3023699223995209,0.22549699246883392,0.17325155436992645,0.019986148923635483,0.0,1.5707963705062866,4.495551586151123,-0.015840506181120872,0.1485757678747177,0.00011818206257885322,0.15000000596046448,0.0,0.019999999552965164,0.06717067211866379,0.7976454496383667,-0.599374532699585,-1.0,0.030991958541844066,0.8336296399780647,-0.0005357335367922154,-1.2548227264402754,0.0006307283410050273,2.090573319341009,0.8188564808071348,0.5403848909372314,0.4506307065153517,0.04063466620518853,0.01674145572108508,-0.03316623406393214,0.3271371518004271,0.402013921095672,TRANSPORT_OBJECT,OBJECT_DELIVERY_SEQUENCE,target,box,0.04,0.04,0.04,1.0,0.1,0.2,0.9,1.0,-0.25,0.0,0.02,0.001,0.22549699610717733,0.17325154821877858,0.019986148837810185,1.1,0.7,0.4,-0.3,3.0,0.001,ee,False,-0.6,0.0,0.05,goal_sequence,target,0.15000000596046448,0.0,0.019999999552965164,goal_sequence,True,True,True,ERR_23,TRANSPORT_OBJECT,D,False
1,89,1,1,0,22,1,0,2,0,19,0,0.16,1.4883345222926891e-08,0.2548908293247223,0.1909305900335312,False,0,-0.1909305900335312,False,0.1492452174425125,-0.009024972096085548,0.17858317494392395,-0.0050795902498066425,-0.42509570717811584,0.32760316133499146,0.2252868115901947,0.17546050250530243,0.019988996908068657,0.0,1.5707963705062866,4.496284008026123,0.00022000237368047237,-0.00027588586090132594,7.162374004110461e-06,0.15000000596046448,0.0,0.019999999552965164,-0.07348949462175369,-0.7916883826255798,0.6064889430999756,-1.0,-0.008539604452370675,0.7940217126898381,-0.006650896572328525,-1.25691988256153,0.0050449752396895435,2.0481826142477884,0.7667408150770231,-0.5387329502257585,-0.48534623263437093,-0.04248093640668915,-0.01647470308837129,0.034156075115427745,-0.3259225057967732,-0.40072846325568007,TRANSPORT_OBJECT,OBJECT_DELIVERY_SEQUENCE,target,box,0.04,0.04,0.04,1.0,0.1,0.2,0.9,1.0,-0.25,0.0,0.02,0.001,0.22528681061354222,0.17546050316429007,0.019988997073322443,1.1,0.7,0.4,-0.3,3.0,0.001,ee,False,-0.6,0.0,0.05,goal_sequence,target,0.15000000596046448,0.0,0.019999999552965164,goal_sequence,True,True,True,ERR_23,TRANSPORT_OBJECT,D,False
1,90,1,1,0,19,1,0,2,0,19,0,0.16,1.559207134960161e-06,0.216644287109375,0.19092895090579987,False,0,-0.19092895090579987,False,0.1520669311285019,0.022379979491233826,0.15467621386051178,-0.018816309049725533,0.42745932936668396,-0.3023042678833008,0.22528859972953796,0.1754579395055771,0.019989635795354843,0.0,1.5707963705062866,4.49639892578125,-5.275611783872591e-06,-1.3743579074798618e-05,1.0339682376070414e-05,0.15000000596046448,0.0,0.019999999552965164,0.06672665476799011,0.7978444695472717,-0.5991592407226562,-1.0,0.03133025050564687,0.8338291017624322,-0.0006911313224117552,-1.2547840539051254,0.0007636937087079177,2.09073179918263,0.8190249046163125,0.5404161006900803,0.45044816743944954,0.040655242590304716,0.016602262247556468,-0.03312956691437509,0.32714222137924914,0.4020241857314194,TRANSPORT_OBJECT,OBJECT_DELIVERY_SEQUENCE,target,box,0.04,0.04,0.04,1.0,0.1,0.2,0.9,1.0,-0.25,0.0,0.02,0.001,0.2252886070011562,0.1754579380285028,0.01998963574468361,1.1,0.7,0.4,-0.3,3.0,0.001,ee,False,-0.6,0.0,0.05,goal_sequence,target,0.15000000596046448,0.0,0.019999999552965164,goal_sequence,True,True,True,ERR_23,TRANSPORT_OBJECT,D,False
1,91,1,1,0,22,1,0,2,0,19,0,0.16,1.527813076052098e-08,0.2546828091144562,0.19092857837677002,False,0,-0.19092857837677002,False,0.14926466345787048,-0.008860308676958084,0.17845317721366882,-0.004936944227665663,-0.425308495759964,0.32737430930137634,0.22528845071792603,0.17545759677886963,0.019989829510450363,0.0,1.5707963705062866,4.49639368057251,-3.4777431210386567e-06,-5.550690730160568e-06,1.950401383510325e-06,0.15000000596046448,0.0,0.019999999552965164,-0.07314310222864151,-0.7919679284095764,0.6061657071113586,-1.0,-0.008211644759345823,0.7942423677974789,-0.006808435005088798,-1.2568802007693864,0.005172948948455136,2.0483655986448785,0.7668965885243683,-0.5389865182276045,-0.48499973879178954,-0.04250570690630809,-0.016467708065066172,0.03411768321849401,-0.3257337997331456,-0.4008258458201049,TRANSPORT_OBJECT,OBJECT_DELIVERY_SEQUENCE,target,box,0.04,0.04,0.04,1.0,0.1,0.2,0.9,1.0,-0.25,0.0,0.02,0.001,0.22528844326797345,0.17545760379164324,0.01998982865906589,1.1,0.7,0.4,-0.3,3.0,0.001,ee,False,-0.6,0.0,0.05,goal_sequence,target,0.15000000596046448,0.0,0.019999999552965164,goal_sequence,True,True,True,ERR_23,TRANSPORT_OBJECT,D,False
1,92,1,1,0,19,1,0,2,0,19,0,0.16,1.5597748870277428e-06,0.21644645929336548,0.1909283548593521,False,0,-0.1909283548593521,False,0.15206988155841827,0.02255433239042759,0.1545587182044983,-0.018974361941218376,0.4277261793613434,-0.30205219984054565,0.22528831660747528,0.1754574179649353,0.0199898649007082,0.0,1.5707963705062866,4.496387958526611,-3.138594820484286e-06,-4.005213213531533e-06,3.6791266211366747e-07,0.15000000596046448,0.0,0.019999999552965164,0.06624097377061844,0.7981444597244263,-0.5988134741783142,-1.0,0.03166951660173809,0.8340176106335356,-0.0008465257103860505,-1.2547614245164294,0.0008966863973304233,2.090893758740899,0.8191976667819334,0.5407557751864109,0.45000496504537196,0.04068390011485155,0.01647173725161766,-0.03309077456602333,0.32698035100281264,0.40215488752376305,TRANSPORT_OBJECT,OBJECT_DELIVERY_SEQUENCE,target,box,0.04,0.04,0.04,1.0,0.1,0.2,0.9,1.0,-0.25,0.0,0.02,0.001,0.22528831307917993,0.17545742241630183,0.01998986504917945,1.1,0.7,0.4,-0.3,3.0,0.001,ee,False,-0.6,0.0,0.05,goal_sequence,target,0.15000000596046448,0.0,0.019999999552965164,goal_sequence,True,True,True,ERR_23,TRANSPORT_OBJECT,D,False
1,93,1,1,0,22,1,0,2,0,19,0,0.16,1.5953274257185512e-08,0.254476934671402,0.1909281611442566,False,0,-0.1909281611442566,False,0.14928339421749115,-0.00869493093341589,0.17832419276237488,-0.004789853002876043,-0.4255872070789337,0.3270948529243469,0.22528818249702454,0.17545726895332336,0.019989872351288795,0.0,1.5707963705062866,4.496382713317871,-3.0746127777092624e-06,-3.713669457283686e-06,6.940133090438394e-08,0.15000000596046448,0.0,0.019999999552965164,-0.07270848006010056,-0.7922636866569519,0.6058314442634583,-1.0,-0.007883095923592112,0.7944582820981315,-0.0069657161925091166,-1.2568467239458783,0.005300794941144258,2.048551405179725,0.7670522477278234,-0.5393271085439014,-0.4845401127642959,-0.04253186529874661,-0.01638547456452892,0.03407808247741201,-0.32555004334733734,-0.4009575063387196,TRANSPORT_OBJECT,OBJECT_DELIVERY_SEQUENCE,target,box,0.04,0.04,0.04,1.0,0.1,0.2,0.9,1.0,-0.25,0.0,0.02,0.001,0.22528818921833496,0.1754572698764734,0.019989871913617303,1.1,0.7,0.4,-0.3,3.0,0.001,ee,False,-0.6,0.0,0.05,goal_sequence,target,0.15000000596046448,0.0,0.019999999552965164,goal_sequence,True,True,True,ERR_23,TRANSPORT_OBJECT,D,False
1,94,1,1,0,19,1,0,2,0,19,0,0.16,1.5603210385961575e-06,0.21624894440174103,0.19092798233032227,False,0,-0.19092798233032227,False,0.1520729511976242,0.022726891562342644,0.15443924069404602,-0.019129697233438492,0.427964448928833,-0.30183905363082886,0.22528806328773499,0.17545711994171143,0.019989872351288795,0.0,1.5707963705062866,4.496377468109131,-3.0625376439274987e-06,-3.6586607166100293e-06,1.3091820960653422e-08,0.15000000596046448,0.0,0.019999999552965164,0.06579989939928055,0.7983841300010681,-0.5985425114631653,-1.0,0.032006544964298056,0.8342086834783117,-0.001002252425822231,-1.254739968749951,0.0010300227223840588,2.091060240329424,0.8193674900619778,0.5410604898430367,0.4496388213998337,0.040708035551370855,0.016379877050007284,-0.03304834938821451,0.3268315680968623,0.40226386454500773,TRANSPORT_OBJECT,OBJECT_DELIVERY_SEQUENCE,target,box,0.04,0.04,0.04,1.0,0.1,0.2,0.9,1.0,-0.25,0.0,0.02,0.001,0.22528806655141162,0.17545712277655912,0.01998987320850016,1.1,0.7,0.4,-0.3,3.0,0.001,ee,False,-0.6,0.0,0.05,goal_sequence,target,0.15000000596046448,0.0,0.019999999552965164,goal_sequence,True,True,True,ERR_23,TRANSPORT_OBJECT,D,False
1,95,1,1,0,22,1,0,2,0,19,0,0.16,1.661993387358507e-08,0.254271537065506,0.19092778861522675,False,0,-0.19092778861522675,False,0.149301677942276,-0.00852926541119814,0.17819595336914062,-0.004639253951609135,-0.4258158504962921,0.32687491178512573,0.22528794407844543,0.1754569709300995,0.019989874213933945,0.0,1.5707963705062866,4.496372222900391,-3.0602541301050223e-06,-3.6482706491369754e-06,2.4699076117684626e-09,0.15000000596046448,0.0,0.019999999552965164,-0.07228440046310425,-0.7924980521202087,0.6055756211280823,-1.0,-0.007554109422711231,0.7946720850396755,-0.007122908034963117,-1.2568144997257231,0.005428633540631883,2.048735649755264,0.76720904056411,-0.5396045382742848,-0.48416585593660305,-0.04255357521465054,-0.016303621875726124,0.03403577266256964,-0.32541312109243475,-0.401057832434779,TRANSPORT_OBJECT,OBJECT_DELIVERY_SEQUENCE,target,box,0.04,0.04,0.04,1.0,0.1,0.2,0.9,1.0,-0.25,0.0,0.02,0.001,0.22528794410993366,0.17545697670334465,0.019989873452772804,1.1,0.7,0.4,-0.3,3.0,0.001,ee,False,-0.6,0.0,0.05,goal_sequence,target,0.15000000596046448,0.0,0.019999999552965164,goal_sequence,True,True,True,ERR_23,TRANSPORT_OBJECT,D,False
1,96,1,1,0,19,1,0,2,0,19,0,0.16,1.5608731018801336e-06,0.21605148911476135,0.1909276247024536,False,0,-0.1909276247024536,False,0.15207624435424805,0.02289864979684353,0.15431897342205048,-0.019284455105662346,0.4281647801399231,-0.3016625940799713,0.22528782486915588,0.17545683681964874,0.019989874213933945,0.0,1.5707963705062866,4.49636697769165,-3.0598178000218468e-06,-3.646297045634128e-06,4.662417674161645e-10,0.15000000596046448,0.0,0.019999999552965164,0.06538333743810654,0.7985875010490417,-0.5983167886734009,-1.0,0.032342460662764666,0.8344016279250771,-0.001158079761708344,-1.2547176474129114,0.0011635164681467536,2.091228223460939,0.819535558768076,0.5413167493376146,0.44933408929177704,0.04072942221612047,0.016304180937213465,-0.03300467526570672,0.3267063677961153,0.40235062447212844,TRANSPORT_OBJECT,OBJECT_DELIVERY_SEQUENCE,target,box,0.04,0.04,0.04,1.0,0.1,0.2,0.9,1.0,-0.25,0.0,0.02,0.001,0.22528782171120873,0.1754568308243462,0.01998987349886404,1.1,0.7,0.4,-0.3,3.0,0.001,ee,False,-0.6,0.0,0.05,goal_sequence,target,0.15000000596046448,0.0,0.019999999552965164,goal_sequence,True,True,True,ERR_23,TRANSPORT_OBJECT,D,False
1,97,1,1,0,22,1,0,2,0,19,0,0.16,1.7254542683531326e-08,0.2540663778781891,0.1909274458885193,False,0,-0.1909274309873581,False,0.14931972324848175,-0.00836358405649662,0.17806802690029144,-0.004487764555960894,-0.4260161221027374,0.32668545842170715,0.22528770565986633,0.1754566878080368,0.019989874213933945,0.0,1.5707963705062866,4.49636173248291,-3.0597298064094502e-06,-3.6459109651332255e-06,8.827222286456049e-11,0.15000000596046448,0.0,0.019999999552965164,-0.07187501341104507,-0.7927048206329346,0.6053537130355835,-1.0,-0.007225072624407563,0.7948850906593602,-0.007280055411542142,-1.2567825791124172,0.005556505854698834,2.0489189390819185,0.7673662711003453,-0.5398458874645244,-0.48383999784152215,-0.04257326608616803,-0.016230480280416862,0.033992489978385096,-0.32529512395503213,-0.4011412887978361,TRANSPORT_OBJECT,OBJECT_DELIVERY_SEQUENCE,target,box,0.04,0.04,0.04,1.0,0.1,0.2,0.9,1.0,-0.25,0.0,0.02,0.001,0.22528769932077394,0.17545668498252864,0.01998987350757141,1.1,0.7,0.4,-0.3,3.0,0.001,ee,False,-0.6,0.0,0.05,goal_sequence,target,0.15000000596046448,0.0,0.019999999552965164,goal_sequence,True,True,True,ERR_23,TRANSPORT_OBJECT,D,False
1,98,1,1,0,19,1,0,2,0,19,0,0.16,1.5614314179401845e-06,0.21585415303707123,0.19092725217342377,False,0,-0.19092725217342377,False,0.1520794928073883,0.023070259019732475,0.15419873595237732,-0.01943930797278881,0.42835262417793274,-0.3014967739582062,0.2252875715494156,0.17545653879642487,0.019989874213933945,0.0,1.5707963705062866,4.496356010437012,-3.059707523789257e-06,-3.645824563136557e-06,1.697699272829034e-11,0.15000000596046448,0.0,0.019999999552965164,0.06497134268283844,0.7987826466560364,-0.5981011390686035,-1.0,0.032678116570704206,0.8345945463135259,-0.0013138690857130851,-1.2546954026686346,0.001297050425779533,2.091396353405027,0.819703205621587,0.5415569956282058,0.44904558042705445,0.04075020786694169,0.016230182884570118,-0.03296096021929225,0.326589650620891,0.40243077201162264,TRANSPORT_OBJECT,OBJECT_DELIVERY_SEQUENCE,target,box,0.04,0.04,0.04,1.0,0.1,0.2,0.9,1.0,-0.25,0.0,0.02,0.001,0.22528757693212814,0.17545653914826986,0.019989873509226874,1.1,0.7,0.4,-0.3,3.0,0.001,ee,False,-0.6,0.0,0.05,goal_sequence,target,0.15000000596046448,0.0,0.019999999552965164,goal_sequence,True,True,True,ERR_23,TRANSPORT_OBJECT,D,False
1,99,1,1,0,22,1,0,2,0,19,0,0.16,1.792147763524099e-08,0.2538614273071289,0.19092705845832825,False,0,-0.19092705845832825,False,0.14933760464191437,-0.008197946473956108,0.1779402792453766,-0.004336434416472912,-0.42621031403541565,0.3265015482902527,0.22528745234012604,0.17545638978481293,0.019989874213933945,0.0,1.5707963705062866,4.4963507652282715,-3.0596977467212128e-06,-3.645794777185074e-06,3.518831059867722e-12,0.15000000596046448,0.0,0.019999999552965164,-0.07147040218114853,-0.7929069995880127,0.6051367521286011,-1.0,-0.00689612406784418,0.7950975146800258,-0.007437156899273292,-1.2567511777399825,0.005684413928243562,2.0491020492247065,0.7675235137798655,-0.5400794833970242,-0.48352423151051566,-0.04259268065798247,-0.01616098487990429,0.03394921261722595,-0.32517964180866993,-0.4012214048228484,TRANSPORT_OBJECT,OBJECT_DELIVERY_SEQUENCE,target,box,0.04,0.04,0.04,1.0,0.1,0.2,0.9,1.0,-0.25,0.0,0.02,0.001,0.22528745454404517,0.1754563933159822,0.019989873509552156,1.1,0.7,0.4,-0.3,3.0,0.001,ee,False,-0.6,0.0,0.05,goal_sequence,target,0.15000000596046448,0.0,0.019999999552965164,goal_sequence,True,True,True,ERR_23,TRANSPORT_OBJECT,D,False
1,100,1,1,0,19,1,0,2,0,19,0,0.16,1.5619909845554503e-06,0.215657040476799,0.19092687964439392,False,0,-0.19092687964439392,False,0.15208257734775543,0.02324187383055687,0.15407870709896088,-0.01959426887333393,0.4285394549369812,-0.30133122205734253,0.2252873331308365,0.175456240773201,0.019989874213933945,0.0,1.5707963705062866,4.496345520019531,-3.059690243389923e-06,-3.6457754504226614e-06,9.930146982473076e-13,0.15000000596046448,0.0,0.019999999552965164,0.0645582303404808,0.7989782691001892,-0.5978845953941345,-1.0,0.033013732365498344,0.8347867401462596,-0.0014695901132044534,-1.2546738662014956,0.0014305975534335135,2.0915644354453673,0.8198708394240116,0.5417960081095853,0.44875672718312015,0.04077106420723075,0.016154726529704542,-0.03291742118641006,0.3264739436828345,0.40251072559540035,TRANSPORT_OBJECT,OBJECT_DELIVERY_SEQUENCE,target,box,0.04,0.04,0.04,1.0,0.1,0.2,0.9,1.0,-0.25,0.0,0.02,0.001,0.2252873321562935,0.17545624748461142,0.0199898735096265,1.1,0.7,0.4,-0.3,3.0,0.001,ee,False,-0.6,0.0,0.05,goal_sequence,target,0.15000000596046448,0.0,0.019999999552965164,goal_sequence,True,True,True,ERR_23,TRANSPORT_OBJECT,D,False
1,101,1,1,0,22,1,0,2,0,19,0,0.16,1.8587510197676238e-08,0.25365665555000305,0.1909267157316208,False,0,-0.1909267157316208,False,0.14935530722141266,-0.008032341487705708,0.17781269550323486,-0.004185261204838753,-0.4264048635959625,0.32631662487983704,0.22528721392154694,0.17545610666275024,0.019989874213933945,0.0,1.5707963705062866,4.496340274810791,-3.0596831948059844e-06,-3.6457581700233277e-06,4.868987157902183e-13,0.15000000596046448,0.0,0.019999999552965164,-0.07106603682041168,-0.7931101322174072,0.6049181222915649,-1.0,-0.006567269411725396,0.7953092867566947,-0.007594206321070177,-1.256720511711998,0.005812353658190501,2.0492852318533954,0.7676806830496565,-0.5403136919918144,-0.48320720167171166,-0.04261219643462922,-0.016091698874193875,0.03390607814588317,-0.3250632338580839,-0.40130198503361264,TRANSPORT_OBJECT,OBJECT_DELIVERY_SEQUENCE,target,box,0.04,0.04,0.04,1.0,0.1,0.2,0.9,1.0,-0.25,0.0,0.02,0.001,0.22528720976882977,0.17545610165395875,0.01998987350965347,1.1,0.7,0.4,-0.3,3.0,0.001,ee,False,-0.6,0.0,0.05,goal_sequence,target,0.15000000596046448,0.0,0.019999999552965164,goal_sequence,True,True,True,ERR_23,TRANSPORT_OBJECT,D,False
1,102,1,1,0,19,1,0,2,0,19,0,0.16,1.5625499827365275e-06,0.2154601812362671,0.19092652201652527,False,0,-0.19092652201652527,False,0.15208546817302704,0.02341347746551037,0.15395888686180115,-0.019749190658330917,0.42872676253318787,-0.30116474628448486,0.22528709471225739,0.1754559576511383,0.019989874213933945,0.0,1.5707963705062866,4.496335029602051,-3.059676373595721e-06,-3.645741344371345e-06,4.093253513914874e-13,0.15000000596046448,0.0,0.019999999552965164,0.06414446234703064,0.7991744875907898,-0.5976668000221252,-1.0,0.03334929442541156,0.8349781653553432,-0.001625247756339666,-1.2546531507841105,0.001564161330482129,2.091732535048975,0.8200384644595561,0.5420358270099457,0.4484662553131369,0.040791999877713224,0.016078614787792794,-0.032873998161616055,0.3263578139632879,0.402591176421772,TRANSPORT_OBJECT,OBJECT_DELIVERY_SEQUENCE,target,box,0.04,0.04,0.04,1.0,0.1,0.2,0.9,1.0,-0.25,0.0,0.02,0.001,0.22528708738164557,0.17545595582398674,0.019989873509671525,1.1,0.7,0.4,-0.3,3.0,0.001,ee,False,-0.6,0.0,0.05,goal_sequence,target,0.15000000596046448,0.0,0.019999999552965164,goal_sequence,True,True,True,ERR_23,TRANSPORT_OBJECT,D,False
