[Trace] Gravando em: C:\Users\lucas_alves\Workspace\self-adaptive-arm-simulator\1-manager\traces\trace_20260731_112233.log
[step=   0 11:22:33.959][Manager] GUI conectado.
[step=   0 11:22:35.461][Manager] Aguardando percepcoes do managing...

[step=   0 11:22:35.478][WsClient] Conectado a ws://localhost:8000/ws/perception
[step=   1 11:22:35.559][Manager] ep=1 subtask=APPROACH_OBJECT reward=-0.4000
[step=   1 11:22:35.559][Perception]
  RAW PERCEPTION                                  MONITORED PARAMS
  ----------------------------------------------  --------------------------------------
  fingers_width         = 0.0703 m                gripper_width_cm      = 7 cm
  dist_ee_to_cube       = 0.3106 m                distance_ee_object_cm = 31 cm
  dist_cube_to_target   = 0.4000 m  (3D)          distance_obj_goal_cm  = 39 cm  (XY)
  cube_position (z)     = 0.0200 m                object_lift_height_cm = 0 cm
  cube_position (xy)    = [-0.250, -0.000]        grasp_completed       = 0
  finger_contacts (raw) = 0                       finger_contacts       = 0
  x                                               grasp_attempts        = 0
  episode                = 1                      x
  step                   = 1                      x
  ee_position            = [0.0095, 0.0000, 0.1906]  x
  ee_velocity            = [-0.4160, 0.0005, -0.0497]  x
  target_position        = [0.1500, 0.0000, 0.0200]  x
  reward                 = -0.4000                x
  is_success             = False                  x
  obstacle_in_path       = False                  x
  obstacle_count_in_path = 0                      x
  obstacles              = {}                     x
  objects                = {'object_1': {'type': 'box', 'size': [0.04, 0.04, 0.04], 'mass': 1.0, 'color': [0.1, 0.2, 0.9, 1.0], 'initial_position': [-0.25, 0.0, 0.02], 'lateral_friction': 0.5, 'spinning_friction': 0.001, 'current_position': [-0.24999993333763912, -1.8986424809508514e-05, 0.019988273835257843]}, 'unknown_object': {'type': 'box', 'size': [0.04, 0.01, 0.04], 'mass': 0.3, 'color': [0.9, 0.4, 0.1, 1.0], 'initial_position': [-0.25, 0.02, 0.02], 'lateral_friction': 0.5, 'spinning_friction': 0.001, 'current_position': [-0.250002248136446, 0.024254436128563036, 0.0200429680611698]}}  x
  scripts                = {'script_1': True, 'reach_only': True, 'left_right': True}  x
  target_goal            = {'type': 'goal_sequence', 'targets': [{'name': 'target', 'position': [0.15000000596046448, 0.0, 0.019999999552965164]}], 'mode': 'goal_sequence'}  x
  scene                  = {'table': {'length': 1.1, 'width': 0.7, 'height': 0.4, 'x_offset': -0.3, 'lateral_friction': 3.0, 'spinning_friction': 0.001}}  x
  robot_config           = {'control_type': 'ee', 'block_gripper': False, 'base_position': [-0.6, 0.0, 0.05]}  x
  current_task           = OBJECT_DELIVERY_SEQUENCE  x
  current_subtask        = APPROACH_OBJECT        x
  active_target_name     = target                 x
  action                 = [-0.9839, 0.0000, -0.1787, 1.0000]  x
  joint_angles           = [-0.0006, 0.3402, 0.0006, -1.9788, -0.0003, 2.3185, 0.7862]  x
  joint_velocities       = [-0.0043, -0.9484, 0.0052, -1.5662, -0.0026, 0.4502, -0.0295]  x
  cube_rotation          = [-0.0001, -0.0000, -0.0000]  x
  cube_linear_velocity   = [0.0001, 0.0000, -0.0002]  x
  obstacle_positions     = {}                     x
[step=   1 11:22:35.587][ASM] [OK] __init__ → approach_object  (type=domain)
[step=   1 11:22:35.589][Analyzer] ASM node=approach_object  goal_status=ok  (scenario=APPROACH_OBJECT)
[step=   2 11:22:36.733][Manager] ep=1 subtask=APPROACH_OBJECT reward=-0.4000
[step=   2 11:22:36.733][Perception]
  RAW PERCEPTION                                  MONITORED PARAMS
  ----------------------------------------------  --------------------------------------
  fingers_width         = 0.0788 m                gripper_width_cm      = 7 cm
  dist_ee_to_cube       = 0.2806 m                distance_ee_object_cm = 28 cm
  dist_cube_to_target   = 0.4000 m  (3D)          distance_obj_goal_cm  = 39 cm  (XY)
  cube_position (z)     = 0.0200 m                object_lift_height_cm = 0 cm
  cube_position (xy)    = [-0.250, -0.000]        grasp_completed       = 0
  finger_contacts (raw) = 0                       finger_contacts       = 0
  x                                               grasp_attempts        = 0
  episode                = 1                      x
  step                   = 2                      x
  ee_position            = [-0.0225, 0.0000, 0.1842]  x
  ee_velocity            = [-0.3693, 0.0001, -0.0756]  x
  target_position        = [0.1500, 0.0000, 0.0200]  x
  reward                 = -0.4000                x
  is_success             = False                  x
  obstacle_in_path       = False                  x
  obstacle_count_in_path = 0                      x
  obstacles              = {}                     x
  objects                = {'object_1': {'type': 'box', 'size': [0.04, 0.04, 0.04], 'mass': 1.0, 'color': [0.1, 0.2, 0.9, 1.0], 'initial_position': [-0.25, 0.0, 0.02], 'lateral_friction': 0.5, 'spinning_friction': 0.001, 'current_position': [-0.24999895423244198, -1.999337565984623e-05, 0.0199881744520639]}, 'unknown_object': {'type': 'box', 'size': [0.04, 0.01, 0.04], 'mass': 0.3, 'color': [0.9, 0.4, 0.1, 1.0], 'initial_position': [-0.25, 0.02, 0.02], 'lateral_friction': 0.5, 'spinning_friction': 0.001, 'current_position': [-0.2500054315713912, 0.024882259312814677, 0.01999414053145022]}}  x
  scripts                = {'script_1': True, 'reach_only': True, 'left_right': True}  x
  target_goal            = {'type': 'goal_sequence', 'targets': [{'name': 'target', 'position': [0.15000000596046448, 0.0, 0.019999999552965164]}], 'mode': 'goal_sequence'}  x
  scene                  = {'table': {'length': 1.1, 'width': 0.7, 'height': 0.4, 'x_offset': -0.3, 'lateral_friction': 3.0, 'spinning_friction': 0.001}}  x
  robot_config           = {'control_type': 'ee', 'block_gripper': False, 'base_position': [-0.6, 0.0, 0.05]}  x
  current_task           = OBJECT_DELIVERY_SEQUENCE  x
  current_subtask        = APPROACH_OBJECT        x
  active_target_name     = target                 x
  action                 = [-0.9849, -0.0001, -0.1732, 1.0000]  x
  joint_angles           = [-0.0006, 0.2683, 0.0007, -2.1078, -0.0003, 2.3756, 0.7857]  x
  joint_velocities       = [-0.0007, -0.7571, 0.0008, -1.3320, 0.0000, 0.4389, -0.0038]  x
  cube_rotation          = [-0.0001, -0.0000, -0.0001]  x
  cube_linear_velocity   = [-0.0000, 0.0005, 0.0002]  x
  obstacle_positions     = {}                     x
[step=   2 11:22:36.736][Analyzer] ASM node=approach_object  goal_status=not_applicable
[step=   3 11:22:37.890][Manager] ep=1 subtask=APPROACH_OBJECT reward=-0.4000
[step=   3 11:22:37.891][Perception]
  RAW PERCEPTION                                  MONITORED PARAMS
  ----------------------------------------------  --------------------------------------
  fingers_width         = 0.0799 m                gripper_width_cm      = 7 cm
  dist_ee_to_cube       = 0.2501 m                distance_ee_object_cm = 25 cm
  dist_cube_to_target   = 0.4000 m  (3D)          distance_obj_goal_cm  = 39 cm  (XY)
  cube_position (z)     = 0.0200 m                object_lift_height_cm = 0 cm
  cube_position (xy)    = [-0.250, -0.000]        grasp_completed       = 0
  finger_contacts (raw) = 0                       finger_contacts       = 0
  x                                               grasp_attempts        = 0
  episode                = 1                      x
  step                   = 3                      x
  ee_position            = [-0.0556, 0.0000, 0.1774]  x
  ee_velocity            = [-0.3892, 0.0002, -0.0654]  x
  target_position        = [0.1500, 0.0000, 0.0200]  x
  reward                 = -0.4000                x
  is_success             = False                  x
  obstacle_in_path       = False                  x
  obstacle_count_in_path = 0                      x
  obstacles              = {}                     x
  objects                = {'object_1': {'type': 'box', 'size': [0.04, 0.04, 0.04], 'mass': 1.0, 'color': [0.1, 0.2, 0.9, 1.0], 'initial_position': [-0.25, 0.0, 0.02], 'lateral_friction': 0.5, 'spinning_friction': 0.001, 'current_position': [-0.24999869392205562, -2.3162839668221173e-05, 0.01998879499492134]}, 'unknown_object': {'type': 'box', 'size': [0.04, 0.01, 0.04], 'mass': 0.3, 'color': [0.9, 0.4, 0.1, 1.0], 'initial_position': [-0.25, 0.02, 0.02], 'lateral_friction': 0.5, 'spinning_friction': 0.001, 'current_position': [-0.2500050792163134, 0.024946106510285827, 0.019995728123989347]}}  x
  scripts                = {'script_1': True, 'reach_only': True, 'left_right': True}  x
  target_goal            = {'type': 'goal_sequence', 'targets': [{'name': 'target', 'position': [0.15000000596046448, 0.0, 0.019999999552965164]}], 'mode': 'goal_sequence'}  x
  scene                  = {'table': {'length': 1.1, 'width': 0.7, 'height': 0.4, 'x_offset': -0.3, 'lateral_friction': 3.0, 'spinning_friction': 0.001}}  x
  robot_config           = {'control_type': 'ee', 'block_gripper': False, 'base_position': [-0.6, 0.0, 0.05]}  x
  current_task           = OBJECT_DELIVERY_SEQUENCE  x
  current_subtask        = APPROACH_OBJECT        x
  active_target_name     = target                 x
  action                 = [-0.9855, -0.0002, -0.1699, 1.0000]  x
  joint_angles           = [-0.0007, 0.1972, 0.0007, -2.2343, -0.0002, 2.4311, 0.7856]  x
  joint_velocities       = [-0.0003, -0.8030, 0.0006, -1.3457, 0.0004, 0.4268, -0.0006]  x
  cube_rotation          = [0.0001, 0.0000, -0.0001]  x
  cube_linear_velocity   = [-0.0000, -0.0002, 0.0000]  x
  obstacle_positions     = {}                     x
[step=   3 11:22:37.893][Analyzer] ASM node=approach_object  goal_status=not_applicable
[step=   4 11:22:39.092][Manager] ep=1 subtask=APPROACH_OBJECT reward=-0.4000
[step=   4 11:22:39.092][Perception]
  RAW PERCEPTION                                  MONITORED PARAMS
  ----------------------------------------------  --------------------------------------
  fingers_width         = 0.0800 m                gripper_width_cm      = 7 cm
  dist_ee_to_cube       = 0.2199 m                distance_ee_object_cm = 21 cm
  dist_cube_to_target   = 0.4000 m  (3D)          distance_obj_goal_cm  = 39 cm  (XY)
  cube_position (z)     = 0.0200 m                object_lift_height_cm = 0 cm
  cube_position (xy)    = [-0.250, -0.000]        grasp_completed       = 0
  finger_contacts (raw) = 0                       finger_contacts       = 0
  x                                               grasp_attempts        = 0
  episode                = 1                      x
  step                   = 4                      x
  ee_position            = [-0.0897, 0.0000, 0.1706]  x
  ee_velocity            = [-0.4008, 0.0002, -0.0701]  x
  target_position        = [0.1500, 0.0000, 0.0200]  x
  reward                 = -0.4000                x
  is_success             = False                  x
  obstacle_in_path       = False                  x
  obstacle_count_in_path = 0                      x
  obstacles              = {}                     x
  objects                = {'object_1': {'type': 'box', 'size': [0.04, 0.04, 0.04], 'mass': 1.0, 'color': [0.1, 0.2, 0.9, 1.0], 'initial_position': [-0.25, 0.0, 0.02], 'lateral_friction': 0.5, 'spinning_friction': 0.001, 'current_position': [-0.24999971963606243, -2.410894878270369e-05, 0.01998748296096571]}, 'unknown_object': {'type': 'box', 'size': [0.04, 0.01, 0.04], 'mass': 0.3, 'color': [0.9, 0.4, 0.1, 1.0], 'initial_position': [-0.25, 0.02, 0.02], 'lateral_friction': 0.5, 'spinning_friction': 0.001, 'current_position': [-0.2500062610221986, 0.02494309023419244, 0.019993107525581304]}}  x
  scripts                = {'script_1': True, 'reach_only': True, 'left_right': True}  x
  target_goal            = {'type': 'goal_sequence', 'targets': [{'name': 'target', 'position': [0.15000000596046448, 0.0, 0.019999999552965164]}], 'mode': 'goal_sequence'}  x
  scene                  = {'table': {'length': 1.1, 'width': 0.7, 'height': 0.4, 'x_offset': -0.3, 'lateral_friction': 3.0, 'spinning_friction': 0.001}}  x
  robot_config           = {'control_type': 'ee', 'block_gripper': False, 'base_position': [-0.6, 0.0, 0.05]}  x
  current_task           = OBJECT_DELIVERY_SEQUENCE  x
  current_subtask        = APPROACH_OBJECT        x
  active_target_name     = target                 x
  action                 = [-0.9864, -0.0003, -0.1645, 1.0000]  x
  joint_angles           = [-0.0007, 0.1263, 0.0008, -2.3582, -0.0002, 2.4846, 0.7855]  x
  joint_velocities       = [-0.0002, -0.8024, 0.0007, -1.3278, 0.0005, 0.4108, -0.0003]  x
  cube_rotation          = [0.0002, 0.0000, -0.0001]  x
  cube_linear_velocity   = [-0.0000, -0.0000, -0.0000]  x
  obstacle_positions     = {}                     x
[step=   4 11:22:39.095][Analyzer] ASM node=approach_object  goal_status=not_applicable
[step=   5 11:22:40.236][Manager] ep=1 subtask=APPROACH_OBJECT reward=-0.4000
[step=   5 11:22:40.236][Perception]
  RAW PERCEPTION                                  MONITORED PARAMS
  ----------------------------------------------  --------------------------------------
  fingers_width         = 0.0800 m                gripper_width_cm      = 7 cm
  dist_ee_to_cube       = 0.1900 m                distance_ee_object_cm = 19 cm
  dist_cube_to_target   = 0.4000 m  (3D)          distance_obj_goal_cm  = 40 cm  (XY)
  cube_position (z)     = 0.0200 m                object_lift_height_cm = 0 cm
  cube_position (xy)    = [-0.250, -0.000]        grasp_completed       = 0
  finger_contacts (raw) = 0                       finger_contacts       = 0
  x                                               grasp_attempts        = 0
  episode                = 1                      x
  step                   = 5                      x
  ee_position            = [-0.1251, 0.0001, 0.1632]  x
  ee_velocity            = [-0.3810, 0.0006, -0.0494]  x
  target_position        = [0.1500, 0.0000, 0.0200]  x
  reward                 = -0.4000                x
  is_success             = False                  x
  obstacle_in_path       = False                  x
  obstacle_count_in_path = 0                      x
  obstacles              = {}                     x
  objects                = {'object_1': {'type': 'box', 'size': [0.04, 0.04, 0.04], 'mass': 1.0, 'color': [0.1, 0.2, 0.9, 1.0], 'initial_position': [-0.25, 0.0, 0.02], 'lateral_friction': 0.5, 'spinning_friction': 0.001, 'current_position': [-0.2500008080814959, -2.3854807565728908e-05, 0.019987297593555133]}, 'unknown_object': {'type': 'box', 'size': [0.04, 0.01, 0.04], 'mass': 0.3, 'color': [0.9, 0.4, 0.1, 1.0], 'initial_position': [-0.25, 0.02, 0.02], 'lateral_friction': 0.5, 'spinning_friction': 0.001, 'current_position': [-0.2500079265964379, 0.024941279785808096, 0.01999256700479498]}}  x
  scripts                = {'script_1': True, 'reach_only': True, 'left_right': True}  x
  target_goal            = {'type': 'goal_sequence', 'targets': [{'name': 'target', 'position': [0.15000000596046448, 0.0, 0.019999999552965164]}], 'mode': 'goal_sequence'}  x
  scene                  = {'table': {'length': 1.1, 'width': 0.7, 'height': 0.4, 'x_offset': -0.3, 'lateral_friction': 3.0, 'spinning_friction': 0.001}}  x
  robot_config           = {'control_type': 'ee', 'block_gripper': False, 'base_position': [-0.6, 0.0, 0.05]}  x
  current_task           = OBJECT_DELIVERY_SEQUENCE  x
  current_subtask        = APPROACH_OBJECT        x
  active_target_name     = target                 x
  action                 = [-0.9875, -0.0004, -0.1576, 1.0000]  x
  joint_angles           = [-0.0007, 0.0555, 0.0008, -2.4806, -0.0001, 2.5352, 0.7855]  x
  joint_velocities       = [-0.0002, -0.8109, 0.0017, -1.2507, 0.0006, 0.3895, -0.0003]  x
  cube_rotation          = [0.0002, -0.0000, -0.0000]  x
  cube_linear_velocity   = [-0.0000, 0.0000, -0.0000]  x
  obstacle_positions     = {}                     x
[step=   5 11:22:40.240][Analyzer] ASM node=approach_object  goal_status=not_applicable
[step=   6 11:22:41.372][Manager] ep=1 subtask=APPROACH_OBJECT reward=-0.4000
[step=   6 11:22:41.372][Perception]
  RAW PERCEPTION                                  MONITORED PARAMS
  ----------------------------------------------  --------------------------------------
  fingers_width         = 0.0800 m                gripper_width_cm      = 7 cm
  dist_ee_to_cube       = 0.1629 m                distance_ee_object_cm = 16 cm
  dist_cube_to_target   = 0.4000 m  (3D)          distance_obj_goal_cm  = 40 cm  (XY)
  cube_position (z)     = 0.0200 m                object_lift_height_cm = 0 cm
  cube_position (xy)    = [-0.250, -0.000]        grasp_completed       = 0
  finger_contacts (raw) = 0                       finger_contacts       = 0
  x                                               grasp_attempts        = 0
  episode                = 1                      x
  step                   = 6                      x
  ee_position            = [-0.1607, 0.0001, 0.1562]  x
  ee_velocity            = [-0.4082, 0.0008, -0.0668]  x
  target_position        = [0.1500, 0.0000, 0.0200]  x
  reward                 = -0.4000                x
  is_success             = False                  x
  obstacle_in_path       = False                  x
  obstacle_count_in_path = 0                      x
  obstacles              = {}                     x
  objects                = {'object_1': {'type': 'box', 'size': [0.04, 0.04, 0.04], 'mass': 1.0, 'color': [0.1, 0.2, 0.9, 1.0], 'initial_position': [-0.25, 0.0, 0.02], 'lateral_friction': 0.5, 'spinning_friction': 0.001, 'current_position': [-0.2500019319133653, -2.3376602834777354e-05, 0.019987338747623172]}, 'unknown_object': {'type': 'box', 'size': [0.04, 0.01, 0.04], 'mass': 0.3, 'color': [0.9, 0.4, 0.1, 1.0], 'initial_position': [-0.25, 0.02, 0.02], 'lateral_friction': 0.5, 'spinning_friction': 0.001, 'current_position': [-0.2500102566097471, 0.02493958657281247, 0.019992407956908452]}}  x
  scripts                = {'script_1': True, 'reach_only': True, 'left_right': True}  x
  target_goal            = {'type': 'goal_sequence', 'targets': [{'name': 'target', 'position': [0.15000000596046448, 0.0, 0.019999999552965164]}], 'mode': 'goal_sequence'}  x
  scene                  = {'table': {'length': 1.1, 'width': 0.7, 'height': 0.4, 'x_offset': -0.3, 'lateral_friction': 3.0, 'spinning_friction': 0.001}}  x
  robot_config           = {'control_type': 'ee', 'block_gripper': False, 'base_position': [-0.6, 0.0, 0.05]}  x
  current_task           = OBJECT_DELIVERY_SEQUENCE  x
  current_subtask        = APPROACH_OBJECT        x
  active_target_name     = target                 x
  action                 = [-0.9895, -0.0006, -0.1444, 1.0000]  x
  joint_angles           = [-0.0007, -0.0163, 0.0009, -2.6004, 0.0000, 2.5839, 0.7854]  x
  joint_velocities       = [-0.0001, -0.8300, 0.0022, -1.2837, 0.0008, 0.3742, -0.0005]  x
  cube_rotation          = [0.0002, -0.0000, 0.0000]  x
  cube_linear_velocity   = [-0.0000, 0.0000, 0.0000]  x
  obstacle_positions     = {}                     x
[step=   6 11:22:41.376][Analyzer] ASM node=approach_object  goal_status=not_applicable
[step=   7 11:22:42.534][Manager] ep=1 subtask=APPROACH_OBJECT reward=-0.4000
[step=   7 11:22:42.534][Perception]
  RAW PERCEPTION                                  MONITORED PARAMS
  ----------------------------------------------  --------------------------------------
  fingers_width         = 0.0800 m                gripper_width_cm      = 7 cm
  dist_ee_to_cube       = 0.1396 m                distance_ee_object_cm = 13 cm
  dist_cube_to_target   = 0.4000 m  (3D)          distance_obj_goal_cm  = 40 cm  (XY)
  cube_position (z)     = 0.0200 m                object_lift_height_cm = 0 cm
  cube_position (xy)    = [-0.250, -0.000]        grasp_completed       = 0
  finger_contacts (raw) = 0                       finger_contacts       = 0
  x                                               grasp_attempts        = 0
  episode                = 1                      x
  step                   = 7                      x
  ee_position            = [-0.1970, 0.0000, 0.1492]  x
  ee_velocity            = [-0.4312, 0.0003, -0.0816]  x
  target_position        = [0.1500, 0.0000, 0.0200]  x
  reward                 = -0.4000                x
  is_success             = False                  x
  obstacle_in_path       = False                  x
  obstacle_count_in_path = 0                      x
  obstacles              = {}                     x
  objects                = {'object_1': {'type': 'box', 'size': [0.04, 0.04, 0.04], 'mass': 1.0, 'color': [0.1, 0.2, 0.9, 1.0], 'initial_position': [-0.25, 0.0, 0.02], 'lateral_friction': 0.5, 'spinning_friction': 0.001, 'current_position': [-0.2500031224861518, -2.300186114820493e-05, 0.01998727517285134]}, 'unknown_object': {'type': 'box', 'size': [0.04, 0.01, 0.04], 'mass': 0.3, 'color': [0.9, 0.4, 0.1, 1.0], 'initial_position': [-0.25, 0.02, 0.02], 'lateral_friction': 0.5, 'spinning_friction': 0.001, 'current_position': [-0.2500139653917696, 0.02493803773271732, 0.01999217974427706]}}  x
  scripts                = {'script_1': True, 'reach_only': True, 'left_right': True}  x
  target_goal            = {'type': 'goal_sequence', 'targets': [{'name': 'target', 'position': [0.15000000596046448, 0.0, 0.019999999552965164]}], 'mode': 'goal_sequence'}  x
  scene                  = {'table': {'length': 1.1, 'width': 0.7, 'height': 0.4, 'x_offset': -0.3, 'lateral_friction': 3.0, 'spinning_friction': 0.001}}  x
  robot_config           = {'control_type': 'ee', 'block_gripper': False, 'base_position': [-0.6, 0.0, 0.05]}  x
  current_task           = OBJECT_DELIVERY_SEQUENCE  x
  current_subtask        = APPROACH_OBJECT        x
  active_target_name     = target                 x
  action                 = [-0.9922, -0.0008, -0.1249, 1.0000]  x
  joint_angles           = [-0.0008, -0.0897, 0.0009, -2.7181, 0.0001, 2.6278, 0.7853]  x
  joint_velocities       = [-0.0001, -0.8521, 0.0015, -1.3031, 0.0009, 0.3374, -0.0008]  x
  cube_rotation          = [0.0002, -0.0000, 0.0001]  x
  cube_linear_velocity   = [-0.0000, 0.0000, -0.0000]  x
  obstacle_positions     = {}                     x
[step=   7 11:22:42.537][Analyzer] ASM node=approach_object  goal_status=not_applicable
[step=   8 11:22:43.693][Manager] ep=1 subtask=APPROACH_OBJECT reward=-0.4000
[step=   8 11:22:43.693][Perception]
  RAW PERCEPTION                                  MONITORED PARAMS
  ----------------------------------------------  --------------------------------------
  fingers_width         = 0.0800 m                gripper_width_cm      = 7 cm
  dist_ee_to_cube       = 0.1238 m                distance_ee_object_cm = 12 cm
  dist_cube_to_target   = 0.4000 m  (3D)          distance_obj_goal_cm  = 40 cm  (XY)
  cube_position (z)     = 0.0200 m                object_lift_height_cm = 0 cm
  cube_position (xy)    = [-0.250, -0.000]        grasp_completed       = 0
  finger_contacts (raw) = 0                       finger_contacts       = 0
  x                                               grasp_attempts        = 0
  episode                = 1                      x
  step                   = 8                      x
  ee_position            = [-0.2336, -0.0000, 0.1427]  x
  ee_velocity            = [-0.4297, -0.0001, -0.0722]  x
  target_position        = [0.1500, 0.0000, 0.0200]  x
  reward                 = -0.4000                x
  is_success             = False                  x
  obstacle_in_path       = False                  x
  obstacle_count_in_path = 0                      x
  obstacles              = {}                     x
  objects                = {'object_1': {'type': 'box', 'size': [0.04, 0.04, 0.04], 'mass': 1.0, 'color': [0.1, 0.2, 0.9, 1.0], 'initial_position': [-0.25, 0.0, 0.02], 'lateral_friction': 0.5, 'spinning_friction': 0.001, 'current_position': [-0.25000436259669356, -2.2585920336112673e-05, 0.019987252051876042]}, 'unknown_object': {'type': 'box', 'size': [0.04, 0.01, 0.04], 'mass': 0.3, 'color': [0.9, 0.4, 0.1, 1.0], 'initial_position': [-0.25, 0.02, 0.02], 'lateral_friction': 0.5, 'spinning_friction': 0.001, 'current_position': [-0.2500190645164376, 0.02493858876986745, 0.01999242625753471]}}  x
  scripts                = {'script_1': True, 'reach_only': True, 'left_right': True}  x
  target_goal            = {'type': 'goal_sequence', 'targets': [{'name': 'target', 'position': [0.15000000596046448, 0.0, 0.019999999552965164]}], 'mode': 'goal_sequence'}  x
  scene                  = {'table': {'length': 1.1, 'width': 0.7, 'height': 0.4, 'x_offset': -0.3, 'lateral_friction': 3.0, 'spinning_friction': 0.001}}  x
  robot_config           = {'control_type': 'ee', 'block_gripper': False, 'base_position': [-0.6, 0.0, 0.05]}  x
  current_task           = OBJECT_DELIVERY_SEQUENCE  x
  current_subtask        = APPROACH_OBJECT        x
  active_target_name     = target                 x
  action                 = [-0.9969, -0.0010, -0.0789, 1.0000]  x
  joint_angles           = [-0.0007, -0.1676, 0.0008, -2.8337, 0.0003, 2.6648, 0.7852]  x
  joint_velocities       = [0.0001, -0.9250, 0.0004, -1.2920, 0.0010, 0.2850, -0.0012]  x
  cube_rotation          = [0.0002, -0.0000, 0.0002]  x
  cube_linear_velocity   = [-0.0000, 0.0000, -0.0000]  x
  obstacle_positions     = {}                     x
[step=   8 11:22:43.696][Analyzer] ASM node=approach_object  goal_status=not_applicable
[step=   9 11:22:44.853][Manager] ep=1 subtask=APPROACH_OBJECT reward=-0.4000
[step=   9 11:22:44.853][Perception]
  RAW PERCEPTION                                  MONITORED PARAMS
  ----------------------------------------------  --------------------------------------
  fingers_width         = 0.0800 m                gripper_width_cm      = 7 cm
  dist_ee_to_cube       = 0.1214 m                distance_ee_object_cm = 12 cm
  dist_cube_to_target   = 0.4000 m  (3D)          distance_obj_goal_cm  = 40 cm  (XY)
  cube_position (z)     = 0.0200 m                object_lift_height_cm = 0 cm
  cube_position (xy)    = [-0.250, -0.000]        grasp_completed       = 0
  finger_contacts (raw) = 0                       finger_contacts       = 0
  x                                               grasp_attempts        = 0
  episode                = 1                      x
  step                   = 9                      x
  ee_position            = [-0.2714, -0.0001, 0.1395]  x
  ee_velocity            = [-0.3739, -0.0003, 0.0261]  x
  target_position        = [0.1500, 0.0000, 0.0200]  x
  reward                 = -0.4000                x
  is_success             = False                  x
  obstacle_in_path       = False                  x
  obstacle_count_in_path = 0                      x
  obstacles              = {}                     x
  objects                = {'object_1': {'type': 'box', 'size': [0.04, 0.04, 0.04], 'mass': 1.0, 'color': [0.1, 0.2, 0.9, 1.0], 'initial_position': [-0.25, 0.0, 0.02], 'lateral_friction': 0.5, 'spinning_friction': 0.001, 'current_position': [-0.2500056260750354, -2.2198772900202945e-05, 0.01998721397114858]}, 'unknown_object': {'type': 'box', 'size': [0.04, 0.01, 0.04], 'mass': 0.3, 'color': [0.9, 0.4, 0.1, 1.0], 'initial_position': [-0.25, 0.02, 0.02], 'lateral_friction': 0.5, 'spinning_friction': 0.001, 'current_position': [-0.2500248566644142, 0.024939472218079912, 0.019992859952636558]}}  x
  scripts                = {'script_1': True, 'reach_only': True, 'left_right': True}  x
  target_goal            = {'type': 'goal_sequence', 'targets': [{'name': 'target', 'position': [0.15000000596046448, 0.0, 0.019999999552965164]}], 'mode': 'goal_sequence'}  x
  scene                  = {'table': {'length': 1.1, 'width': 0.7, 'height': 0.4, 'x_offset': -0.3, 'lateral_friction': 3.0, 'spinning_friction': 0.001}}  x
  robot_config           = {'control_type': 'ee', 'block_gripper': False, 'base_position': [-0.6, 0.0, 0.05]}  x
  current_task           = OBJECT_DELIVERY_SEQUENCE  x
  current_subtask        = APPROACH_OBJECT        x
  active_target_name     = target                 x
  action                 = [-0.9907, -0.0012, 0.1363, 1.0000]  x
  joint_angles           = [-0.0007, -0.2643, 0.0007, -2.9453, 0.0004, 2.6725, 0.7850]  x
  joint_velocities       = [0.0001, -1.3024, -0.0006, -1.2276, 0.0008, 0.0589, -0.0015]  x
  cube_rotation          = [0.0002, -0.0000, 0.0002]  x
  cube_linear_velocity   = [-0.0000, 0.0000, -0.0000]  x
  obstacle_positions     = {}                     x
[step=   9 11:22:44.856][Analyzer] ASM node=approach_object  goal_status=not_applicable
[step=  10 11:22:46.012][Manager] ep=1 subtask=APPROACH_OBJECT reward=-0.4000
[step=  10 11:22:46.013][Perception]
  RAW PERCEPTION                                  MONITORED PARAMS
  ----------------------------------------------  --------------------------------------
  fingers_width         = 0.0800 m                gripper_width_cm      = 7 cm
  dist_ee_to_cube       = 0.1080 m                distance_ee_object_cm = 10 cm
  dist_cube_to_target   = 0.4000 m  (3D)          distance_obj_goal_cm  = 40 cm  (XY)
  cube_position (z)     = 0.0200 m                object_lift_height_cm = 0 cm
  cube_position (xy)    = [-0.250, -0.000]        grasp_completed       = 0
  finger_contacts (raw) = 0                       finger_contacts       = 0
  x                                               grasp_attempts        = 0
  episode                = 1                      x
  step                   = 10                     x
  ee_position            = [-0.2591, -0.0000, 0.1276]  x
  ee_velocity            = [-0.4097, 0.0005, -1.0625]  x
  target_position        = [0.1500, 0.0000, 0.0200]  x
  reward                 = -0.4000                x
  is_success             = False                  x
  obstacle_in_path       = False                  x
  obstacle_count_in_path = 0                      x
  obstacles              = {}                     x
  objects                = {'object_1': {'type': 'box', 'size': [0.04, 0.04, 0.04], 'mass': 1.0, 'color': [0.1, 0.2, 0.9, 1.0], 'initial_position': [-0.25, 0.0, 0.02], 'lateral_friction': 0.5, 'spinning_friction': 0.001, 'current_position': [-0.25000692680169434, -2.181469691829251e-05, 0.019987175562667076]}, 'unknown_object': {'type': 'box', 'size': [0.04, 0.01, 0.04], 'mass': 0.3, 'color': [0.9, 0.4, 0.1, 1.0], 'initial_position': [-0.25, 0.02, 0.02], 'lateral_friction': 0.5, 'spinning_friction': 0.001, 'current_position': [-0.2500308857270107, 0.024940259060649672, 0.019993236387533312]}}  x
  scripts                = {'script_1': True, 'reach_only': True, 'left_right': True}  x
  target_goal            = {'type': 'goal_sequence', 'targets': [{'name': 'target', 'position': [0.15000000596046448, 0.0, 0.019999999552965164]}], 'mode': 'goal_sequence'}  x
  scene                  = {'table': {'length': 1.1, 'width': 0.7, 'height': 0.4, 'x_offset': -0.3, 'lateral_friction': 3.0, 'spinning_friction': 0.001}}  x
  robot_config           = {'control_type': 'ee', 'block_gripper': False, 'base_position': [-0.6, 0.0, 0.05]}  x
  current_task           = OBJECT_DELIVERY_SEQUENCE  x
  current_subtask        = APPROACH_OBJECT        x
  active_target_name     = target                 x
  action                 = [0.2206, 0.0003, -0.9754, 1.0000]  x
  joint_angles           = [-0.0008, -0.1840, 0.0007, -2.9402, 0.0003, 2.7943, 0.7850]  x
  joint_velocities       = [-0.0002, 3.6341, 0.0001, 0.2701, -0.0004, 0.9369, 0.0005]  x
  cube_rotation          = [0.0002, -0.0000, 0.0003]  x
  cube_linear_velocity   = [-0.0000, 0.0000, -0.0000]  x
  obstacle_positions     = {}                     x
[step=  10 11:22:46.016][Analyzer] ASM node=approach_object  goal_status=not_applicable
[step=  11 11:22:47.165][Manager] ep=1 subtask=APPROACH_OBJECT reward=-0.4000
[step=  11 11:22:47.166][Perception]
  RAW PERCEPTION                                  MONITORED PARAMS
  ----------------------------------------------  --------------------------------------
  fingers_width         = 0.0800 m                gripper_width_cm      = 7 cm
  dist_ee_to_cube       = 0.0700 m                distance_ee_object_cm = 7 cm
  dist_cube_to_target   = 0.4000 m  (3D)          distance_obj_goal_cm  = 40 cm  (XY)
  cube_position (z)     = 0.0200 m                object_lift_height_cm = 0 cm
  cube_position (xy)    = [-0.250, -0.000]        grasp_completed       = 0
  finger_contacts (raw) = 0                       finger_contacts       = 0
  x                                               grasp_attempts        = 0
  episode                = 1                      x
  step                   = 11                     x
  ee_position            = [-0.2648, -0.0000, 0.0884]  x
  ee_velocity            = [-0.2714, 0.0004, -0.6196]  x
  target_position        = [0.1500, 0.0000, 0.0200]  x
  reward                 = -0.4000                x
  is_success             = False                  x
  obstacle_in_path       = False                  x
  obstacle_count_in_path = 0                      x
  obstacles              = {}                     x
  objects                = {'object_1': {'type': 'box', 'size': [0.04, 0.04, 0.04], 'mass': 1.0, 'color': [0.1, 0.2, 0.9, 1.0], 'initial_position': [-0.25, 0.0, 0.02], 'lateral_friction': 0.5, 'spinning_friction': 0.001, 'current_position': [-0.25000825982627983, -2.1431456470808857e-05, 0.01998714069984401]}, 'unknown_object': {'type': 'box', 'size': [0.04, 0.01, 0.04], 'mass': 0.3, 'color': [0.9, 0.4, 0.1, 1.0], 'initial_position': [-0.25, 0.02, 0.02], 'lateral_friction': 0.5, 'spinning_friction': 0.001, 'current_position': [-0.25003719280308, 0.02494104601474792, 0.0199935855752091]}}  x
  scripts                = {'script_1': True, 'reach_only': True, 'left_right': True}  x
  target_goal            = {'type': 'goal_sequence', 'targets': [{'name': 'target', 'position': [0.15000000596046448, 0.0, 0.019999999552965164]}], 'mode': 'goal_sequence'}  x
  scene                  = {'table': {'length': 1.1, 'width': 0.7, 'height': 0.4, 'x_offset': -0.3, 'lateral_friction': 3.0, 'spinning_friction': 0.001}}  x
  robot_config           = {'control_type': 'ee', 'block_gripper': False, 'base_position': [-0.6, 0.0, 0.05]}  x
  current_task           = OBJECT_DELIVERY_SEQUENCE  x
  current_subtask        = APPROACH_OBJECT        x
  active_target_name     = target                 x
  action                 = [0.1089, 0.0003, -0.9941, 1.0000]  x
  joint_angles           = [-0.0008, -0.0286, 0.0007, -2.9115, 0.0002, 2.8606, 0.7851]  x
  joint_velocities       = [-0.0003, 2.1931, 0.0002, 0.2781, -0.0009, 0.5096, 0.0006]  x
  cube_rotation          = [0.0002, -0.0000, 0.0003]  x
  cube_linear_velocity   = [-0.0000, 0.0000, -0.0000]  x
  obstacle_positions     = {}                     x
[step=  11 11:22:47.169][Analyzer] ASM node=approach_object  goal_status=not_applicable
[step=  12 11:22:48.326][Manager] ep=1 subtask=APPROACH_OBJECT reward=-0.4000
[step=  12 11:22:48.327][Perception]
  RAW PERCEPTION                                  MONITORED PARAMS
  ----------------------------------------------  --------------------------------------
  fingers_width         = 0.0800 m                gripper_width_cm      = 7 cm
  dist_ee_to_cube       = 0.0391 m                distance_ee_object_cm = 3 cm
  dist_cube_to_target   = 0.4000 m  (3D)          distance_obj_goal_cm  = 40 cm  (XY)
  cube_position (z)     = 0.0200 m                object_lift_height_cm = 0 cm
  cube_position (xy)    = [-0.250, -0.000]        grasp_completed       = 0
  finger_contacts (raw) = 0                       finger_contacts       = 0
  x                                               grasp_attempts        = 0
  episode                = 1                      x
  step                   = 12                     x
  ee_position            = [-0.2567, -0.0000, 0.0585]  x
  ee_velocity            = [-0.1778, 0.0003, -0.5876]  x
  target_position        = [0.1500, 0.0000, 0.0200]  x
  reward                 = -0.4000                x
  is_success             = False                  x
  obstacle_in_path       = False                  x
  obstacle_count_in_path = 0                      x
  obstacles              = {}                     x
  objects                = {'object_1': {'type': 'box', 'size': [0.04, 0.04, 0.04], 'mass': 1.0, 'color': [0.1, 0.2, 0.9, 1.0], 'initial_position': [-0.25, 0.0, 0.02], 'lateral_friction': 0.5, 'spinning_friction': 0.001, 'current_position': [-0.2500096250286003, -2.1045845241265372e-05, 0.01998711247706236]}, 'unknown_object': {'type': 'box', 'size': [0.04, 0.01, 0.04], 'mass': 0.3, 'color': [0.9, 0.4, 0.1, 1.0], 'initial_position': [-0.25, 0.02, 0.02], 'lateral_friction': 0.5, 'spinning_friction': 0.001, 'current_position': [-0.2500437735937961, 0.0249418522441364, 0.019993915444074157]}}  x
  scripts                = {'script_1': True, 'reach_only': True, 'left_right': True}  x
  target_goal            = {'type': 'goal_sequence', 'targets': [{'name': 'target', 'position': [0.15000000596046448, 0.0, 0.019999999552965164]}], 'mode': 'goal_sequence'}  x
  scene                  = {'table': {'length': 1.1, 'width': 0.7, 'height': 0.4, 'x_offset': -0.3, 'lateral_friction': 3.0, 'spinning_friction': 0.001}}  x
  robot_config           = {'control_type': 'ee', 'block_gripper': False, 'base_position': [-0.6, 0.0, 0.05]}  x
  current_task           = OBJECT_DELIVERY_SEQUENCE  x
  current_subtask        = APPROACH_OBJECT        x
  active_target_name     = target                 x
  action                 = [0.3223, 0.0003, -0.9466, 1.0000]  x
  joint_angles           = [-0.0008, 0.1141, 0.0006, -2.8742, -0.0000, 2.9734, 0.7853]  x
  joint_velocities       = [0.0001, 2.2018, -0.0007, 0.4189, -0.0020, 0.8672, 0.0011]  x
  cube_rotation          = [0.0002, -0.0000, 0.0004]  x
  cube_linear_velocity   = [-0.0000, 0.0000, -0.0000]  x
  obstacle_positions     = {}                     x
[step=  12 11:22:48.331][Analyzer] ASM node=approach_object  goal_status=not_applicable
[step=  13 11:22:49.525][Manager] ep=1 subtask=GRASP_OBJECT reward=-0.4000
[step=  13 11:22:49.526][Perception]
  RAW PERCEPTION                                  MONITORED PARAMS
  ----------------------------------------------  --------------------------------------
  fingers_width         = 0.0800 m                gripper_width_cm      = 7 cm
  dist_ee_to_cube       = 0.0092 m                distance_ee_object_cm = 0 cm
  dist_cube_to_target   = 0.4000 m  (3D)          distance_obj_goal_cm  = 40 cm  (XY)
  cube_position (z)     = 0.0200 m                object_lift_height_cm = 0 cm
  cube_position (xy)    = [-0.250, -0.000]        grasp_completed       = 0
  finger_contacts (raw) = 0                       finger_contacts       = 0
  x                                               grasp_attempts        = 0
  episode                = 1                      x
  step                   = 13                     x
  ee_position            = [-0.2448, -0.0000, 0.0275]  x
  ee_velocity            = [-0.1043, 0.0003, -0.6151]  x
  target_position        = [0.1500, 0.0000, 0.0200]  x
  reward                 = -0.4000                x
  is_success             = False                  x
  obstacle_in_path       = False                  x
  obstacle_count_in_path = 0                      x
  obstacles              = {}                     x
  objects                = {'object_1': {'type': 'box', 'size': [0.04, 0.04, 0.04], 'mass': 1.0, 'color': [0.1, 0.2, 0.9, 1.0], 'initial_position': [-0.25, 0.0, 0.02], 'lateral_friction': 0.5, 'spinning_friction': 0.001, 'current_position': [-0.2500110261550974, -2.067586366054367e-05, 0.019987079998117142]}, 'unknown_object': {'type': 'box', 'size': [0.04, 0.01, 0.04], 'mass': 0.3, 'color': [0.9, 0.4, 0.1, 1.0], 'initial_position': [-0.25, 0.02, 0.02], 'lateral_friction': 0.5, 'spinning_friction': 0.001, 'current_position': [-0.25005045044667384, 0.024942660253801634, 0.019994259348944433]}}  x
  scripts                = {'script_1': True, 'reach_only': True, 'left_right': True}  x
  target_goal            = {'type': 'goal_sequence', 'targets': [{'name': 'target', 'position': [0.15000000596046448, 0.0, 0.019999999552965164]}], 'mode': 'goal_sequence'}  x
  scene                  = {'table': {'length': 1.1, 'width': 0.7, 'height': 0.4, 'x_offset': -0.3, 'lateral_friction': 3.0, 'spinning_friction': 0.001}}  x
  robot_config           = {'control_type': 'ee', 'block_gripper': False, 'base_position': [-0.6, 0.0, 0.05]}  x
  current_task           = OBJECT_DELIVERY_SEQUENCE  x
  current_subtask        = GRASP_OBJECT           x
  active_target_name     = target                 x
  action                 = [0.4436, 0.0014, -0.8962, 1.0000]  x
  joint_angles           = [-0.0005, 0.2612, 0.0004, -2.8100, -0.0002, 3.0542, 0.7855]  x
  joint_velocities       = [0.0022, 2.3161, -0.0021, 0.7998, -0.0015, 0.6213, 0.0017]  x
  cube_rotation          = [0.0002, -0.0000, 0.0005]  x
  cube_linear_velocity   = [-0.0000, 0.0000, -0.0000]  x
  obstacle_positions     = {}                     x
[step=  13 11:22:49.529][ASM] [OK] approach_object → grasp_object  (type=domain)
[step=  13 11:22:49.529][Analyzer] ASM node=grasp_object  goal_status=ok  (scenario=GRASP_OBJECT)
[step=  14 11:22:50.699][Manager] ep=1 subtask=GRASP_OBJECT reward=-0.3979
[step=  14 11:22:50.699][Perception]
  RAW PERCEPTION                                  MONITORED PARAMS
  ----------------------------------------------  --------------------------------------
  fingers_width         = 0.0462 m                gripper_width_cm      = 4 cm
  dist_ee_to_cube       = 0.0013 m                distance_ee_object_cm = 0 cm
  dist_cube_to_target   = 0.3979 m  (3D)          distance_obj_goal_cm  = 39 cm  (XY)
  cube_position (z)     = 0.0240 m                object_lift_height_cm = 0 cm
  cube_position (xy)    = [-0.248, -0.001]        grasp_completed       = 0
  finger_contacts (raw) = 1                       finger_contacts       = 1
  x                                               grasp_attempts        = 0
  episode                = 1                      x
  step                   = 14                     x
  ee_position            = [-0.2475, -0.0000, 0.0240]  x
  ee_velocity            = [0.1568, -0.0010, 0.1976]  x
  target_position        = [0.1500, 0.0000, 0.0200]  x
  reward                 = -0.3979                x
  is_success             = False                  x
  obstacle_in_path       = False                  x
  obstacle_count_in_path = 0                      x
  obstacles              = {}                     x
  objects                = {'object_1': {'type': 'box', 'size': [0.04, 0.04, 0.04], 'mass': 1.0, 'color': [0.1, 0.2, 0.9, 1.0], 'initial_position': [-0.25, 0.0, 0.02], 'lateral_friction': 0.5, 'spinning_friction': 0.001, 'current_position': [-0.24783085794715015, -0.0012954183578003777, 0.02395222144940094]}, 'unknown_object': {'type': 'box', 'size': [0.04, 0.01, 0.04], 'mass': 0.3, 'color': [0.9, 0.4, 0.1, 1.0], 'initial_position': [-0.25, 0.02, 0.02], 'lateral_friction': 0.5, 'spinning_friction': 0.001, 'current_position': [-0.24780864330612665, 0.02367525262028171, 0.023808241986584336]}}  x
  scripts                = {'script_1': True, 'reach_only': True, 'left_right': True}  x
  target_goal            = {'type': 'goal_sequence', 'targets': [{'name': 'target', 'position': [0.15000000596046448, 0.0, 0.019999999552965164]}], 'mode': 'goal_sequence'}  x
  scene                  = {'table': {'length': 1.1, 'width': 0.7, 'height': 0.4, 'x_offset': -0.3, 'lateral_friction': 3.0, 'spinning_friction': 0.001}}  x
  robot_config           = {'control_type': 'ee', 'block_gripper': False, 'base_position': [-0.6, 0.0, 0.05]}  x
  current_task           = OBJECT_DELIVERY_SEQUENCE  x
  current_subtask        = GRASP_OBJECT           x
  active_target_name     = target                 x
  action                 = [0.0000, 0.0000, 0.0000, -1.0000]  x
  joint_angles           = [-0.0004, 0.2669, 0.0002, -2.8174, -0.0004, 3.0728, 0.7856]  x
  joint_velocities       = [0.0011, -0.5719, -0.0032, -0.0851, 0.0004, 0.1428, -0.0003]  x
  cube_rotation          = [-0.0073, -0.0230, 0.0152]  x
  cube_linear_velocity   = [0.1574, 0.0119, 0.1981]  x
  obstacle_positions     = {}                     x
[step=  14 11:22:50.702][Analyzer] ASM node=grasp_object  goal_status=not_applicable
[step=  15 11:22:51.833][Manager] ep=1 subtask=LIFT_OBJECT reward=-0.3978
[step=  15 11:22:51.834][Perception]
  RAW PERCEPTION                                  MONITORED PARAMS
  ----------------------------------------------  --------------------------------------
  fingers_width         = 0.0465 m                gripper_width_cm      = 4 cm
  dist_ee_to_cube       = 0.0011 m                distance_ee_object_cm = 0 cm
  dist_cube_to_target   = 0.3978 m  (3D)          distance_obj_goal_cm  = 39 cm  (XY)
  cube_position (z)     = 0.0242 m                object_lift_height_cm = 0 cm
  cube_position (xy)    = [-0.248, -0.001]        grasp_completed       = 0
  finger_contacts (raw) = 1                       finger_contacts       = 1
  x                                               grasp_attempts        = 0
  episode                = 1                      x
  step                   = 15                     x
  ee_position            = [-0.2471, -0.0000, 0.0247]  x
  ee_velocity            = [-0.0048, -0.0001, -0.0030]  x
  target_position        = [0.1500, 0.0000, 0.0200]  x
  reward                 = -0.3978                x
  is_success             = False                  x
  obstacle_in_path       = False                  x
  obstacle_count_in_path = 0                      x
  obstacles              = {}                     x
  objects                = {'object_1': {'type': 'box', 'size': [0.04, 0.04, 0.04], 'mass': 1.0, 'color': [0.1, 0.2, 0.9, 1.0], 'initial_position': [-0.25, 0.0, 0.02], 'lateral_friction': 0.5, 'spinning_friction': 0.001, 'current_position': [-0.24778096968895275, -0.0007891186118579866, 0.024244788111318614]}, 'unknown_object': {'type': 'box', 'size': [0.04, 0.01, 0.04], 'mass': 0.3, 'color': [0.9, 0.4, 0.1, 1.0], 'initial_position': [-0.25, 0.02, 0.02], 'lateral_friction': 0.5, 'spinning_friction': 0.001, 'current_position': [-0.2477514013368049, 0.02419278774546834, 0.024103517733087557]}}  x
  scripts                = {'script_1': True, 'reach_only': True, 'left_right': True}  x
  target_goal            = {'type': 'goal_sequence', 'targets': [{'name': 'target', 'position': [0.15000000596046448, 0.0, 0.019999999552965164]}], 'mode': 'goal_sequence'}  x
  scene                  = {'table': {'length': 1.1, 'width': 0.7, 'height': 0.4, 'x_offset': -0.3, 'lateral_friction': 3.0, 'spinning_friction': 0.001}}  x
  robot_config           = {'control_type': 'ee', 'block_gripper': False, 'base_position': [-0.6, 0.0, 0.05]}  x
  current_task           = OBJECT_DELIVERY_SEQUENCE  x
  current_subtask        = LIFT_OBJECT            x
  active_target_name     = target                 x
  action                 = [0.0000, 0.0000, 0.0000, -1.0000]  x
  joint_angles           = [-0.0003, 0.2670, 0.0001, -2.8230, -0.0004, 3.0886, 0.7856]  x
  joint_velocities       = [0.0006, 0.0152, -0.0007, -0.0437, -0.0001, 0.1214, 0.0005]  x
  cube_rotation          = [-0.0069, -0.0323, 0.0148]  x
  cube_linear_velocity   = [-0.0044, 0.0130, -0.0034]  x
  obstacle_positions     = {}                     x
[step=  15 11:22:51.838][Analyzer] ASM node=grasp_object  goal_status=not_applicable
[step=  16 11:22:52.898][Manager] ep=1 subtask=LIFT_OBJECT reward=-0.4133
[step=  16 11:22:52.899][Perception]
  RAW PERCEPTION                                  MONITORED PARAMS
  ----------------------------------------------  --------------------------------------
  fingers_width         = 0.0463 m                gripper_width_cm      = 4 cm
  dist_ee_to_cube       = 0.0018 m                distance_ee_object_cm = 0 cm
  dist_cube_to_target   = 0.4133 m  (3D)          distance_obj_goal_cm  = 41 cm  (XY)
  cube_position (z)     = 0.0365 m                object_lift_height_cm = 1 cm
  cube_position (xy)    = [-0.263, -0.000]        grasp_completed       = 0
  finger_contacts (raw) = 1                       finger_contacts       = 1
  x                                               grasp_attempts        = 0
  episode                = 1                      x
  step                   = 16                     x
  ee_position            = [-0.2645, -0.0000, 0.0354]  x
  ee_velocity            = [0.2186, 0.0001, 0.6597]  x
  target_position        = [0.1500, 0.0000, 0.0200]  x
  reward                 = -0.4133                x
  is_success             = False                  x
  obstacle_in_path       = False                  x
  obstacle_count_in_path = 0                      x
  obstacles              = {}                     x
  objects                = {'object_1': {'type': 'box', 'size': [0.04, 0.04, 0.04], 'mass': 1.0, 'color': [0.1, 0.2, 0.9, 1.0], 'initial_position': [-0.25, 0.0, 0.02], 'lateral_friction': 0.5, 'spinning_friction': 0.001, 'current_position': [-0.2629969019628508, -0.0002690744792164803, 0.0364764132942657]}, 'unknown_object': {'type': 'box', 'size': [0.04, 0.01, 0.04], 'mass': 0.3, 'color': [0.9, 0.4, 0.1, 1.0], 'initial_position': [-0.25, 0.02, 0.02], 'lateral_friction': 0.5, 'spinning_friction': 0.001, 'current_position': [-0.2638574015765266, 0.024721684525904033, 0.036446225593282165]}}  x
  scripts                = {'script_1': True, 'reach_only': True, 'left_right': True}  x
  target_goal            = {'type': 'goal_sequence', 'targets': [{'name': 'target', 'position': [0.15000000596046448, 0.0, 0.019999999552965164]}], 'mode': 'goal_sequence'}  x
  scene                  = {'table': {'length': 1.1, 'width': 0.7, 'height': 0.4, 'x_offset': -0.3, 'lateral_friction': 3.0, 'spinning_friction': 0.001}}  x
  robot_config           = {'control_type': 'ee', 'block_gripper': False, 'base_position': [-0.6, 0.0, 0.05]}  x
  current_task           = OBJECT_DELIVERY_SEQUENCE  x
  current_subtask        = LIFT_OBJECT            x
  active_target_name     = target                 x
  action                 = [0.0000, 0.0000, 1.0000, -1.0000]  x
  joint_angles           = [-0.0003, 0.1907, 0.0002, -2.8529, -0.0003, 2.9848, 0.7856]  x
  joint_velocities       = [-0.0001, -2.4841, 0.0011, -0.5848, 0.0006, -0.7992, -0.0007]  x
  cube_rotation          = [0.0007, 0.0271, -0.0156]  x
  cube_linear_velocity   = [0.2190, 0.0131, 0.6613]  x
  obstacle_positions     = {}                     x
[step=  16 11:22:52.901][Analyzer] ASM node=grasp_object  goal_status=not_applicable
[step=  17 11:22:53.979][Manager] ep=1 subtask=LIFT_OBJECT reward=-0.4139
[step=  17 11:22:53.979][Perception]
  RAW PERCEPTION                                  MONITORED PARAMS
  ----------------------------------------------  --------------------------------------
  fingers_width         = 0.0465 m                gripper_width_cm      = 4 cm
  dist_ee_to_cube       = 0.0015 m                distance_ee_object_cm = 0 cm
  dist_cube_to_target   = 0.4139 m  (3D)          distance_obj_goal_cm  = 41 cm  (XY)
  cube_position (z)     = 0.0672 m                object_lift_height_cm = 4 cm
  cube_position (xy)    = [-0.261, 0.000]         grasp_completed       = 0
  finger_contacts (raw) = 1                       finger_contacts       = 1
  x                                               grasp_attempts        = 0
  episode                = 1                      x
  step                   = 17                     x
  ee_position            = [-0.2625, -0.0000, 0.0666]  x
  ee_velocity            = [0.1379, -0.0003, 0.4200]  x
  target_position        = [0.1500, 0.0000, 0.0200]  x
  reward                 = -0.4139                x
  is_success             = False                  x
  obstacle_in_path       = False                  x
  obstacle_count_in_path = 0                      x
  obstacles              = {}                     x
  objects                = {'object_1': {'type': 'box', 'size': [0.04, 0.04, 0.04], 'mass': 1.0, 'color': [0.1, 0.2, 0.9, 1.0], 'initial_position': [-0.25, 0.0, 0.02], 'lateral_friction': 0.5, 'spinning_friction': 0.001, 'current_position': [-0.261171681830026, 0.00025894403634440757, 0.06724330100262828]}, 'unknown_object': {'type': 'box', 'size': [0.04, 0.01, 0.04], 'mass': 0.3, 'color': [0.9, 0.4, 0.1, 1.0], 'initial_position': [-0.25, 0.02, 0.02], 'lateral_friction': 0.5, 'spinning_friction': 0.001, 'current_position': [-0.2620382879965459, 0.025248022926956513, 0.06717295859038433]}}  x
  scripts                = {'script_1': True, 'reach_only': True, 'left_right': True}  x
  target_goal            = {'type': 'goal_sequence', 'targets': [{'name': 'target', 'position': [0.15000000596046448, 0.0, 0.019999999552965164]}], 'mode': 'goal_sequence'}  x
  scene                  = {'table': {'length': 1.1, 'width': 0.7, 'height': 0.4, 'x_offset': -0.3, 'lateral_friction': 3.0, 'spinning_friction': 0.001}}  x
  robot_config           = {'control_type': 'ee', 'block_gripper': False, 'base_position': [-0.6, 0.0, 0.05]}  x
  current_task           = OBJECT_DELIVERY_SEQUENCE  x
  current_subtask        = LIFT_OBJECT            x
  active_target_name     = target                 x
  action                 = [0.0000, 0.0000, 1.0000, -1.0000]  x
  joint_angles           = [-0.0003, 0.0618, 0.0002, -2.8987, -0.0002, 2.9492, 0.7855]  x
  joint_velocities       = [-0.0001, -1.5879, -0.0003, -0.3929, 0.0008, -0.2734, -0.0005]  x
  cube_rotation          = [0.0015, -0.0207, -0.0157]  x
  cube_linear_velocity   = [0.1371, 0.0132, 0.4209]  x
  obstacle_positions     = {}                     x
[step=  17 11:22:53.982][Analyzer] ASM node=grasp_object  goal_status=not_applicable
[step=  18 11:22:55.114][Manager] ep=1 subtask=LIFT_OBJECT reward=-0.4156
[step=  18 11:22:55.115][Perception]
  RAW PERCEPTION                                  MONITORED PARAMS
  ----------------------------------------------  --------------------------------------
  fingers_width         = 0.0473 m                gripper_width_cm      = 4 cm
  dist_ee_to_cube       = 0.0038 m                distance_ee_object_cm = 0 cm
  dist_cube_to_target   = 0.4156 m  (3D)          distance_obj_goal_cm  = 40 cm  (XY)
  cube_position (z)     = 0.0931 m                object_lift_height_cm = 7 cm
  cube_position (xy)    = [-0.259, 0.001]         grasp_completed       = 0
  finger_contacts (raw) = 1                       finger_contacts       = 1
  x                                               grasp_attempts        = 0
  episode                = 1                      x
  step                   = 18                     x
  ee_position            = [-0.2627, -0.0000, 0.0924]  x
  ee_velocity            = [0.2635, -0.0002, 0.5505]  x
  target_position        = [0.1500, 0.0000, 0.0200]  x
  reward                 = -0.4156                x
  is_success             = False                  x
  obstacle_in_path       = False                  x
  obstacle_count_in_path = 0                      x
  obstacles              = {}                     x
  objects                = {'object_1': {'type': 'box', 'size': [0.04, 0.04, 0.04], 'mass': 1.0, 'color': [0.1, 0.2, 0.9, 1.0], 'initial_position': [-0.25, 0.0, 0.02], 'lateral_friction': 0.5, 'spinning_friction': 0.001, 'current_position': [-0.25910918084852397, 0.0007882941282361937, 0.09314719696876037]}, 'unknown_object': {'type': 'box', 'size': [0.04, 0.01, 0.04], 'mass': 0.3, 'color': [0.9, 0.4, 0.1, 1.0], 'initial_position': [-0.25, 0.02, 0.02], 'lateral_friction': 0.5, 'spinning_friction': 0.001, 'current_position': [-0.26093994362843487, 0.02575634586676682, 0.09343743319166595]}}  x
  scripts                = {'script_1': True, 'reach_only': True, 'left_right': True}  x
  target_goal            = {'type': 'goal_sequence', 'targets': [{'name': 'target', 'position': [0.15000000596046448, 0.0, 0.019999999552965164]}], 'mode': 'goal_sequence'}  x
  scene                  = {'table': {'length': 1.1, 'width': 0.7, 'height': 0.4, 'x_offset': -0.3, 'lateral_friction': 3.0, 'spinning_friction': 0.001}}  x
  robot_config           = {'control_type': 'ee', 'block_gripper': False, 'base_position': [-0.6, 0.0, 0.05]}  x
  current_task           = OBJECT_DELIVERY_SEQUENCE  x
  current_subtask        = LIFT_OBJECT            x
  active_target_name     = target                 x
  action                 = [0.0000, 0.0000, 1.0000, -1.0000]  x
  joint_angles           = [-0.0003, -0.0494, 0.0003, -2.9098, -0.0000, 2.8473, 0.7854]  x
  joint_velocities       = [0.0003, -1.8474, -0.0006, -0.0228, 0.0015, -0.7847, -0.0014]  x
  cube_rotation          = [-0.0066, -0.0192, 0.0095]  x
  cube_linear_velocity   = [0.2711, 0.0132, 0.5550]  x
  obstacle_positions     = {}                     x
[step=  18 11:22:55.118][Analyzer] ASM node=grasp_object  goal_status=not_applicable
[step=  19 11:22:56.286][Manager] ep=1 subtask=LIFT_OBJECT reward=-0.4178
[step=  19 11:22:56.286][Perception]
  RAW PERCEPTION                                  MONITORED PARAMS
  ----------------------------------------------  --------------------------------------
  fingers_width         = 0.0465 m                gripper_width_cm      = 4 cm
  dist_ee_to_cube       = 0.0046 m                distance_ee_object_cm = 0 cm
  dist_cube_to_target   = 0.4178 m  (3D)          distance_obj_goal_cm  = 40 cm  (XY)
  cube_position (z)     = 0.1223 m                object_lift_height_cm = 10 cm
  cube_position (xy)    = [-0.255, 0.001]         grasp_completed       = 0
  finger_contacts (raw) = 1                       finger_contacts       = 1
  x                                               grasp_attempts        = 0
  episode                = 1                      x
  step                   = 19                     x
  ee_position            = [-0.2595, -0.0000, 0.1216]  x
  ee_velocity            = [0.1768, -0.0000, 0.4868]  x
  target_position        = [0.1500, 0.0000, 0.0200]  x
  reward                 = -0.4178                x
  is_success             = False                  x
  obstacle_in_path       = False                  x
  obstacle_count_in_path = 0                      x
  obstacles              = {}                     x
  objects                = {'object_1': {'type': 'box', 'size': [0.04, 0.04, 0.04], 'mass': 1.0, 'color': [0.1, 0.2, 0.9, 1.0], 'initial_position': [-0.25, 0.0, 0.02], 'lateral_friction': 0.5, 'spinning_friction': 0.001, 'current_position': [-0.2551251999412986, 0.0013327539487668998, 0.12226152108702912]}, 'unknown_object': {'type': 'box', 'size': [0.04, 0.01, 0.04], 'mass': 0.3, 'color': [0.9, 0.4, 0.1, 1.0], 'initial_position': [-0.25, 0.02, 0.02], 'lateral_friction': 0.5, 'spinning_friction': 0.001, 'current_position': [-0.25704036400676583, 0.026293227494306726, 0.12256568585769358]}}  x
  scripts                = {'script_1': True, 'reach_only': True, 'left_right': True}  x
  target_goal            = {'type': 'goal_sequence', 'targets': [{'name': 'target', 'position': [0.15000000596046448, 0.0, 0.019999999552965164]}], 'mode': 'goal_sequence'}  x
  scene                  = {'table': {'length': 1.1, 'width': 0.7, 'height': 0.4, 'x_offset': -0.3, 'lateral_friction': 3.0, 'spinning_friction': 0.001}}  x
  robot_config           = {'control_type': 'ee', 'block_gripper': False, 'base_position': [-0.6, 0.0, 0.05]}  x
  current_task           = OBJECT_DELIVERY_SEQUENCE  x
  current_subtask        = LIFT_OBJECT            x
  active_target_name     = target                 x
  action                 = [0.0000, 0.0000, 1.0000, -1.0000]  x
  joint_angles           = [-0.0002, -0.1610, 0.0002, -2.9092, 0.0001, 2.7421, 0.7853]  x
  joint_velocities       = [0.0003, -1.6245, -0.0002, 0.0111, 0.0008, -0.8083, -0.0004]  x
  cube_rotation          = [-0.0065, -0.0284, 0.0129]  x
  cube_linear_velocity   = [0.1759, 0.0131, 0.4909]  x
  obstacle_positions     = {}                     x
[step=  19 11:22:56.290][Analyzer] ASM node=grasp_object  goal_status=not_applicable
[step=  20 11:22:57.459][Manager] ep=1 subtask=LIFT_OBJECT reward=-0.4215
[step=  20 11:22:57.460][Perception]
  RAW PERCEPTION                                  MONITORED PARAMS
  ----------------------------------------------  --------------------------------------
  fingers_width         = 0.0463 m                gripper_width_cm      = 4 cm
  dist_ee_to_cube       = 0.0060 m                distance_ee_object_cm = 0 cm
  dist_cube_to_target   = 0.4215 m  (3D)          distance_obj_goal_cm  = 40 cm  (XY)
  cube_position (z)     = 0.1517 m                object_lift_height_cm = 13 cm
  cube_position (xy)    = [-0.250, 0.002]         grasp_completed       = 0
  finger_contacts (raw) = 1                       finger_contacts       = 1
  x                                               grasp_attempts        = 0
  episode                = 1                      x
  step                   = 20                     x
  ee_position            = [-0.2560, -0.0000, 0.1509]  x
  ee_velocity            = [0.1664, 0.0000, 0.5191]  x
  target_position        = [0.1500, 0.0000, 0.0200]  x
  reward                 = -0.4215                x
  is_success             = False                  x
  obstacle_in_path       = False                  x
  obstacle_count_in_path = 0                      x
  obstacles              = {}                     x
  objects                = {'object_1': {'type': 'box', 'size': [0.04, 0.04, 0.04], 'mass': 1.0, 'color': [0.1, 0.2, 0.9, 1.0], 'initial_position': [-0.25, 0.0, 0.02], 'lateral_friction': 0.5, 'spinning_friction': 0.001, 'current_position': [-0.2503831703849676, 0.0018486025663763887, 0.15171803672973735]}, 'unknown_object': {'type': 'box', 'size': [0.04, 0.01, 0.04], 'mass': 0.3, 'color': [0.9, 0.4, 0.1, 1.0], 'initial_position': [-0.25, 0.02, 0.02], 'lateral_friction': 0.5, 'spinning_friction': 0.001, 'current_position': [-0.2530035855353069, 0.026818692270246487, 0.15213067460086135]}}  x
  scripts                = {'script_1': True, 'reach_only': True, 'left_right': True}  x
  target_goal            = {'type': 'goal_sequence', 'targets': [{'name': 'target', 'position': [0.15000000596046448, 0.0, 0.019999999552965164]}], 'mode': 'goal_sequence'}  x
  scene                  = {'table': {'length': 1.1, 'width': 0.7, 'height': 0.4, 'x_offset': -0.3, 'lateral_friction': 3.0, 'spinning_friction': 0.001}}  x
  robot_config           = {'control_type': 'ee', 'block_gripper': False, 'base_position': [-0.6, 0.0, 0.05]}  x
  current_task           = OBJECT_DELIVERY_SEQUENCE  x
  current_subtask        = LIFT_OBJECT            x
  active_target_name     = target                 x
  action                 = [0.0000, 0.0000, 1.0000, -1.0000]  x
  joint_angles           = [-0.0002, -0.2596, 0.0002, -2.8914, 0.0001, 2.6238, 0.7853]  x
  joint_velocities       = [0.0002, -1.5985, -0.0002, 0.1372, 0.0025, -0.9095, -0.0002]  x
  cube_rotation          = [-0.0006, -0.0247, -0.0071]  x
  cube_linear_velocity   = [0.1655, 0.0129, 0.5245]  x
  obstacle_positions     = {}                     x
[step=  20 11:22:57.464][Analyzer] ASM node=grasp_object  goal_status=not_applicable
[step=  21 11:22:58.619][Manager] ep=1 subtask=LIFT_OBJECT reward=-0.4282
[step=  21 11:22:58.620][Perception]
  RAW PERCEPTION                                  MONITORED PARAMS
  ----------------------------------------------  --------------------------------------
  fingers_width         = 0.0469 m                gripper_width_cm      = 4 cm
  dist_ee_to_cube       = 0.0067 m                distance_ee_object_cm = 0 cm
  dist_cube_to_target   = 0.4282 m  (3D)          distance_obj_goal_cm  = 39 cm  (XY)
  cube_position (z)     = 0.1836 m                object_lift_height_cm = 16 cm
  cube_position (xy)    = [-0.246, 0.002]         grasp_completed       = 0
  finger_contacts (raw) = 1                       finger_contacts       = 1
  x                                               grasp_attempts        = 0
  episode                = 1                      x
  step                   = 21                     x
  ee_position            = [-0.2519, -0.0000, 0.1829]  x
  ee_velocity            = [0.1436, 0.0003, 0.5392]  x
  target_position        = [0.1500, 0.0000, 0.0200]  x
  reward                 = -0.4282                x
  is_success             = False                  x
  obstacle_in_path       = False                  x
  obstacle_count_in_path = 0                      x
  obstacles              = {}                     x
  objects                = {'object_1': {'type': 'box', 'size': [0.04, 0.04, 0.04], 'mass': 1.0, 'color': [0.1, 0.2, 0.9, 1.0], 'initial_position': [-0.25, 0.0, 0.02], 'lateral_friction': 0.5, 'spinning_friction': 0.001, 'current_position': [-0.2456965295028297, 0.0023525294505738073, 0.18364383007494622]}, 'unknown_object': {'type': 'box', 'size': [0.04, 0.01, 0.04], 'mass': 0.3, 'color': [0.9, 0.4, 0.1, 1.0], 'initial_position': [-0.25, 0.02, 0.02], 'lateral_friction': 0.5, 'spinning_friction': 0.001, 'current_position': [-0.24805901566787825, 0.02731946673294147, 0.18416972947111646]}}  x
  scripts                = {'script_1': True, 'reach_only': True, 'left_right': True}  x
  target_goal            = {'type': 'goal_sequence', 'targets': [{'name': 'target', 'position': [0.15000000596046448, 0.0, 0.019999999552965164]}], 'mode': 'goal_sequence'}  x
  scene                  = {'table': {'length': 1.1, 'width': 0.7, 'height': 0.4, 'x_offset': -0.3, 'lateral_friction': 3.0, 'spinning_friction': 0.001}}  x
  robot_config           = {'control_type': 'ee', 'block_gripper': False, 'base_position': [-0.6, 0.0, 0.05]}  x
  current_task           = OBJECT_DELIVERY_SEQUENCE  x
  current_subtask        = LIFT_OBJECT            x
  active_target_name     = target                 x
  action                 = [0.0000, 0.0000, 1.0000, -1.0000]  x
  joint_angles           = [-0.0002, -0.3514, 0.0002, -2.8625, -0.0000, 2.5049, 0.7853]  x
  joint_velocities       = [0.0001, -1.5226, -0.0002, 0.2324, 0.0057, -0.9145, -0.0001]  x
  cube_rotation          = [-0.0047, -0.0232, 0.0072]  x
  cube_linear_velocity   = [0.1427, 0.0126, 0.5447]  x
  obstacle_positions     = {}                     x
[step=  21 11:22:58.623][Analyzer] ASM node=grasp_object  goal_status=not_applicable
[step=  22 11:22:59.755][Manager] ep=1 subtask=TRANSPORT_OBJECT reward=-0.4198
[step=  22 11:22:59.756][Perception]
  RAW PERCEPTION                                  MONITORED PARAMS
  ----------------------------------------------  --------------------------------------
  fingers_width         = 0.0448 m                gripper_width_cm      = 4 cm
  dist_ee_to_cube       = 0.0047 m                distance_ee_object_cm = 0 cm
  dist_cube_to_target   = 0.4198 m  (3D)          distance_obj_goal_cm  = 38 cm  (XY)
  cube_position (z)     = 0.1775 m                object_lift_height_cm = 15 cm
  cube_position (xy)    = [-0.239, 0.003]         grasp_completed       = 0
  finger_contacts (raw) = 1                       finger_contacts       = 1
  x                                               grasp_attempts        = 0
  episode                = 1                      x
  step                   = 22                     x
  ee_position            = [-0.2425, -0.0000, 0.1793]  x
  ee_velocity            = [-0.2743, -0.0003, -0.8011]  x
  target_position        = [0.1500, 0.0000, 0.0200]  x
  reward                 = -0.4198                x
  is_success             = False                  x
  obstacle_in_path       = False                  x
  obstacle_count_in_path = 0                      x
  obstacles              = {}                     x
  objects                = {'object_1': {'type': 'box', 'size': [0.04, 0.04, 0.04], 'mass': 1.0, 'color': [0.1, 0.2, 0.9, 1.0], 'initial_position': [-0.25, 0.0, 0.02], 'lateral_friction': 0.5, 'spinning_friction': 0.001, 'current_position': [-0.23915839101655884, 0.0028015460243233136, 0.17753571432010584]}, 'unknown_object': {'type': 'box', 'size': [0.04, 0.01, 0.04], 'mass': 0.3, 'color': [0.9, 0.4, 0.1, 1.0], 'initial_position': [-0.25, 0.02, 0.02], 'lateral_friction': 0.5, 'spinning_friction': 0.001, 'current_position': [-0.2411685182103224, 0.02779498391020381, 0.17790339228828728]}}  x
  scripts                = {'script_1': True, 'reach_only': True, 'left_right': True}  x
  target_goal            = {'type': 'goal_sequence', 'targets': [{'name': 'target', 'position': [0.15000000596046448, 0.0, 0.019999999552965164]}], 'mode': 'goal_sequence'}  x
  scene                  = {'table': {'length': 1.1, 'width': 0.7, 'height': 0.4, 'x_offset': -0.3, 'lateral_friction': 3.0, 'spinning_friction': 0.001}}  x
  robot_config           = {'control_type': 'ee', 'block_gripper': False, 'base_position': [-0.6, 0.0, 0.05]}  x
  current_task           = OBJECT_DELIVERY_SEQUENCE  x
  current_subtask        = TRANSPORT_OBJECT       x
  active_target_name     = target                 x
  action                 = [0.0000, 0.0000, -1.0000, -1.0000]  x
  joint_angles           = [-0.0002, -0.3359, 0.0002, -2.8985, 0.0003, 2.6399, 0.7853]  x
  joint_velocities       = [0.0001, 2.2237, -0.0003, -0.2988, -0.0120, 1.0382, 0.0001]  x
  cube_rotation          = [-0.0025, -0.1122, -0.0063]  x
  cube_linear_velocity   = [-0.2743, 0.0127, -0.8064]  x
  obstacle_positions     = {}                     x
[step=  22 11:22:59.760][Analyzer] ASM node=grasp_object  goal_status=not_applicable
[step=  23 11:23:00.914][Manager] ep=1 subtask=TRANSPORT_OBJECT reward=-0.4064
[step=  23 11:23:00.915][Perception]
  RAW PERCEPTION                                  MONITORED PARAMS
  ----------------------------------------------  --------------------------------------
  fingers_width         = 0.0457 m                gripper_width_cm      = 4 cm
  dist_ee_to_cube       = 0.0074 m                distance_ee_object_cm = 0 cm
  dist_cube_to_target   = 0.4064 m  (3D)          distance_obj_goal_cm  = 38 cm  (XY)
  cube_position (z)     = 0.1467 m                object_lift_height_cm = 12 cm
  cube_position (xy)    = [-0.236, 0.003]         grasp_completed       = 0
  finger_contacts (raw) = 1                       finger_contacts       = 1
  x                                               grasp_attempts        = 0
  episode                = 1                      x
  step                   = 23                     x
  ee_position            = [-0.2426, -0.0000, 0.1479]  x
  ee_velocity            = [0.7188, 0.0008, -0.3825]  x
  target_position        = [0.1500, 0.0000, 0.0200]  x
  reward                 = -0.4064                x
  is_success             = False                  x
  obstacle_in_path       = False                  x
  obstacle_count_in_path = 0                      x
  obstacles              = {}                     x
  objects                = {'object_1': {'type': 'box', 'size': [0.04, 0.04, 0.04], 'mass': 1.0, 'color': [0.1, 0.2, 0.9, 1.0], 'initial_position': [-0.25, 0.0, 0.02], 'lateral_friction': 0.5, 'spinning_friction': 0.001, 'current_position': [-0.23611626294656693, 0.0034909920829017354, 0.14674559998013942]}, 'unknown_object': {'type': 'box', 'size': [0.04, 0.01, 0.04], 'mass': 0.3, 'color': [0.9, 0.4, 0.1, 1.0], 'initial_position': [-0.25, 0.02, 0.02], 'lateral_friction': 0.5, 'spinning_friction': 0.001, 'current_position': [-0.23866998754325383, 0.028491877713871634, 0.14704095080388993]}}  x
  scripts                = {'script_1': True, 'reach_only': True, 'left_right': True}  x
  target_goal            = {'type': 'goal_sequence', 'targets': [{'name': 'target', 'position': [0.15000000596046448, 0.0, 0.019999999552965164]}], 'mode': 'goal_sequence'}  x
  scene                  = {'table': {'length': 1.1, 'width': 0.7, 'height': 0.4, 'x_offset': -0.3, 'lateral_friction': 3.0, 'spinning_friction': 0.001}}  x
  robot_config           = {'control_type': 'ee', 'block_gripper': False, 'base_position': [-0.6, 0.0, 0.05]}  x
  current_task           = OBJECT_DELIVERY_SEQUENCE  x
  current_subtask        = TRANSPORT_OBJECT       x
  active_target_name     = target                 x
  action                 = [1.0000, 0.0000, 0.0000, -1.0000]  x
  joint_angles           = [-0.0002, -0.1731, 0.0002, -2.7970, -0.0002, 2.5417, 0.7853]  x
  joint_velocities       = [-0.0004, 3.7983, 0.0002, 3.1070, 0.0158, -0.7554, 0.0001]  x
  cube_rotation          = [0.0088, 0.0491, -0.0086]  x
  cube_linear_velocity   = [0.7174, 0.0170, -0.3870]  x
  obstacle_positions     = {}                     x
[step=  23 11:23:00.918][Analyzer] ASM node=grasp_object  goal_status=not_applicable
[step=  24 11:23:02.074][Manager] ep=1 subtask=TRANSPORT_OBJECT reward=-0.3741
[step=  24 11:23:02.074][Perception]
  RAW PERCEPTION                                  MONITORED PARAMS
  ----------------------------------------------  --------------------------------------
  fingers_width         = 0.0470 m                gripper_width_cm      = 4 cm
  dist_ee_to_cube       = 0.0070 m                distance_ee_object_cm = 0 cm
  dist_cube_to_target   = 0.3741 m  (3D)          distance_obj_goal_cm  = 35 cm  (XY)
  cube_position (z)     = 0.1436 m                object_lift_height_cm = 12 cm
  cube_position (xy)    = [-0.203, 0.004]         grasp_completed       = 0
  finger_contacts (raw) = 1                       finger_contacts       = 1
  x                                               grasp_attempts        = 0
  episode                = 1                      x
  step                   = 24                     x
  ee_position            = [-0.2087, -0.0000, 0.1435]  x
  ee_velocity            = [0.3749, 0.0000, 0.1370]  x
  target_position        = [0.1500, 0.0000, 0.0200]  x
  reward                 = -0.3741                x
  is_success             = False                  x
  obstacle_in_path       = False                  x
  obstacle_count_in_path = 0                      x
  obstacles              = {}                     x
  objects                = {'object_1': {'type': 'box', 'size': [0.04, 0.04, 0.04], 'mass': 1.0, 'color': [0.1, 0.2, 0.9, 1.0], 'initial_position': [-0.25, 0.0, 0.02], 'lateral_friction': 0.5, 'spinning_friction': 0.001, 'current_position': [-0.2030771164666268, 0.0042038416395192065, 0.14358491169982876]}, 'unknown_object': {'type': 'box', 'size': [0.04, 0.01, 0.04], 'mass': 0.3, 'color': [0.9, 0.4, 0.1, 1.0], 'initial_position': [-0.25, 0.02, 0.02], 'lateral_friction': 0.5, 'spinning_friction': 0.001, 'current_position': [-0.20544283613912476, 0.029186691888636408, 0.14375621405340883]}}  x
  scripts                = {'script_1': True, 'reach_only': True, 'left_right': True}  x
  target_goal            = {'type': 'goal_sequence', 'targets': [{'name': 'target', 'position': [0.15000000596046448, 0.0, 0.019999999552965164]}], 'mode': 'goal_sequence'}  x
  scene                  = {'table': {'length': 1.1, 'width': 0.7, 'height': 0.4, 'x_offset': -0.3, 'lateral_friction': 3.0, 'spinning_friction': 0.001}}  x
  robot_config           = {'control_type': 'ee', 'block_gripper': False, 'base_position': [-0.6, 0.0, 0.05]}  x
  current_task           = OBJECT_DELIVERY_SEQUENCE  x
  current_subtask        = TRANSPORT_OBJECT       x
  active_target_name     = target                 x
  action                 = [0.9968, 0.0001, 0.0797, -1.0000]  x
  joint_angles           = [-0.0002, -0.0886, 0.0001, -2.7250, 0.0000, 2.5979, 0.7853]  x
  joint_velocities       = [0.0002, 0.3108, -0.0002, 0.6660, 0.0018, 0.4318, -0.0000]  x
  cube_rotation          = [0.0106, 0.0016, -0.0034]  x
  cube_linear_velocity   = [0.3747, 0.0168, 0.1410]  x
  obstacle_positions     = {}                     x
[step=  24 11:23:02.077][Analyzer] ASM node=grasp_object  goal_status=not_applicable
[step=  25 11:23:03.260][Manager] ep=1 subtask=TRANSPORT_OBJECT reward=-0.3437
[step=  25 11:23:03.260][Perception]
  RAW PERCEPTION                                  MONITORED PARAMS
  ----------------------------------------------  --------------------------------------
  fingers_width         = 0.0474 m                gripper_width_cm      = 4 cm
  dist_ee_to_cube       = 0.0077 m                distance_ee_object_cm = 0 cm
  dist_cube_to_target   = 0.3437 m  (3D)          distance_obj_goal_cm  = 32 cm  (XY)
  cube_position (z)     = 0.1447 m                object_lift_height_cm = 12 cm
  cube_position (xy)    = [-0.170, 0.005]         grasp_completed       = 0
  finger_contacts (raw) = 1                       finger_contacts       = 1
  x                                               grasp_attempts        = 0
  episode                = 1                      x
  step                   = 25                     x
  ee_position            = [-0.1761, -0.0001, 0.1444]  x
  ee_velocity            = [0.5531, -0.0011, 0.1470]  x
  target_position        = [0.1500, 0.0000, 0.0200]  x
  reward                 = -0.3437                x
  is_success             = False                  x
  obstacle_in_path       = False                  x
  obstacle_count_in_path = 0                      x
  obstacles              = {}                     x
  objects                = {'object_1': {'type': 'box', 'size': [0.04, 0.04, 0.04], 'mass': 1.0, 'color': [0.1, 0.2, 0.9, 1.0], 'initial_position': [-0.25, 0.0, 0.02], 'lateral_friction': 0.5, 'spinning_friction': 0.001, 'current_position': [-0.17022349203481135, 0.0048519249183137415, 0.14465147619287486]}, 'unknown_object': {'type': 'box', 'size': [0.04, 0.01, 0.04], 'mass': 0.3, 'color': [0.9, 0.4, 0.1, 1.0], 'initial_position': [-0.25, 0.02, 0.02], 'lateral_friction': 0.5, 'spinning_friction': 0.001, 'current_position': [-0.17252412777666723, 0.029842446146639723, 0.14477902197155051]}}  x
  scripts                = {'script_1': True, 'reach_only': True, 'left_right': True}  x
  target_goal            = {'type': 'goal_sequence', 'targets': [{'name': 'target', 'position': [0.15000000596046448, 0.0, 0.019999999552965164]}], 'mode': 'goal_sequence'}  x
  scene                  = {'table': {'length': 1.1, 'width': 0.7, 'height': 0.4, 'x_offset': -0.3, 'lateral_friction': 3.0, 'spinning_friction': 0.001}}  x
  robot_config           = {'control_type': 'ee', 'block_gripper': False, 'base_position': [-0.6, 0.0, 0.05]}  x
  current_task           = OBJECT_DELIVERY_SEQUENCE  x
  current_subtask        = TRANSPORT_OBJECT       x
  active_target_name     = target                 x
  action                 = [0.9951, 0.0001, 0.0993, -1.0000]  x
  joint_angles           = [-0.0002, -0.0142, 0.0000, -2.6342, 0.0000, 2.6018, 0.7853]  x
  joint_velocities       = [0.0001, 0.7779, -0.0024, 1.3712, 0.0002, 0.0296, -0.0000]  x
  cube_rotation          = [0.0111, -0.0220, -0.0071]  x
  cube_linear_velocity   = [0.5532, 0.0160, 0.1499]  x
  obstacle_positions     = {}                     x
[step=  25 11:23:03.263][Analyzer] ASM node=grasp_object  goal_status=not_applicable
[step=  26 11:23:04.381][Manager] ep=1 subtask=TRANSPORT_OBJECT reward=-0.3131
[step=  26 11:23:04.382][Perception]
  RAW PERCEPTION                                  MONITORED PARAMS
  ----------------------------------------------  --------------------------------------
  fingers_width         = 0.0475 m                gripper_width_cm      = 4 cm
  dist_ee_to_cube       = 0.0080 m                distance_ee_object_cm = 0 cm
  dist_cube_to_target   = 0.3131 m  (3D)          distance_obj_goal_cm  = 28 cm  (XY)
  cube_position (z)     = 0.1458 m                object_lift_height_cm = 12 cm
  cube_position (xy)    = [-0.137, 0.005]         grasp_completed       = 0
  finger_contacts (raw) = 1                       finger_contacts       = 1
  x                                               grasp_attempts        = 0
  episode                = 1                      x
  step                   = 26                     x
  ee_position            = [-0.1423, -0.0001, 0.1456]  x
  ee_velocity            = [0.4776, -0.0007, 0.1313]  x
  target_position        = [0.1500, 0.0000, 0.0200]  x
  reward                 = -0.3131                x
  is_success             = False                  x
  obstacle_in_path       = False                  x
  obstacle_count_in_path = 0                      x
  obstacles              = {}                     x
  objects                = {'object_1': {'type': 'box', 'size': [0.04, 0.04, 0.04], 'mass': 1.0, 'color': [0.1, 0.2, 0.9, 1.0], 'initial_position': [-0.25, 0.0, 0.02], 'lateral_friction': 0.5, 'spinning_friction': 0.001, 'current_position': [-0.13664849260214126, 0.005481145056268655, 0.14578298621735258]}, 'unknown_object': {'type': 'box', 'size': [0.04, 0.01, 0.04], 'mass': 0.3, 'color': [0.9, 0.4, 0.1, 1.0], 'initial_position': [-0.25, 0.02, 0.02], 'lateral_friction': 0.5, 'spinning_friction': 0.001, 'current_position': [-0.13889240897661398, 0.030478653850554815, 0.1458937768703149]}}  x
  scripts                = {'script_1': True, 'reach_only': True, 'left_right': True}  x
  target_goal            = {'type': 'goal_sequence', 'targets': [{'name': 'target', 'position': [0.15000000596046448, 0.0, 0.019999999552965164]}], 'mode': 'goal_sequence'}  x
  scene                  = {'table': {'length': 1.1, 'width': 0.7, 'height': 0.4, 'x_offset': -0.3, 'lateral_friction': 3.0, 'spinning_friction': 0.001}}  x
  robot_config           = {'control_type': 'ee', 'block_gripper': False, 'base_position': [-0.6, 0.0, 0.05]}  x
  current_task           = OBJECT_DELIVERY_SEQUENCE  x
  current_subtask        = TRANSPORT_OBJECT       x
  active_target_name     = target                 x
  action                 = [0.9943, 0.0002, 0.1062, -1.0000]  x
  joint_angles           = [-0.0002, 0.0631, -0.0000, -2.5285, -0.0000, 2.5791, 0.7853]  x
  joint_velocities       = [0.0002, 0.6849, -0.0015, 1.2929, -0.0001, -0.1751, -0.0002]  x
  cube_rotation          = [0.0113, -0.0293, -0.0102]  x
  cube_linear_velocity   = [0.4776, 0.0157, 0.1333]  x
  obstacle_positions     = {}                     x
[step=  26 11:23:04.386][Analyzer] ASM node=grasp_object  goal_status=not_applicable
[step=  27 11:23:05.567][Manager] ep=1 subtask=TRANSPORT_OBJECT reward=-0.2834
[step=  27 11:23:05.568][Perception]
  RAW PERCEPTION                                  MONITORED PARAMS
  ----------------------------------------------  --------------------------------------
  fingers_width         = 0.0476 m                gripper_width_cm      = 4 cm
  dist_ee_to_cube       = 0.0084 m                distance_ee_object_cm = 0 cm
  dist_cube_to_target   = 0.2834 m  (3D)          distance_obj_goal_cm  = 25 cm  (XY)
  cube_position (z)     = 0.1455 m                object_lift_height_cm = 12 cm
  cube_position (xy)    = [-0.104, 0.006]         grasp_completed       = 0
  finger_contacts (raw) = 1                       finger_contacts       = 1
  x                                               grasp_attempts        = 0
  episode                = 1                      x
  step                   = 27                     x
  ee_position            = [-0.1097, -0.0001, 0.1454]  x
  ee_velocity            = [0.4638, -0.0008, 0.0764]  x
  target_position        = [0.1500, 0.0000, 0.0200]  x
  reward                 = -0.2834                x
  is_success             = False                  x
  obstacle_in_path       = False                  x
  obstacle_count_in_path = 0                      x
  obstacles              = {}                     x
  objects                = {'object_1': {'type': 'box', 'size': [0.04, 0.04, 0.04], 'mass': 1.0, 'color': [0.1, 0.2, 0.9, 1.0], 'initial_position': [-0.25, 0.0, 0.02], 'lateral_friction': 0.5, 'spinning_friction': 0.001, 'current_position': [-0.1040161614614329, 0.0061070989831652255, 0.14550606909239364]}, 'unknown_object': {'type': 'box', 'size': [0.04, 0.01, 0.04], 'mass': 0.3, 'color': [0.9, 0.4, 0.1, 1.0], 'initial_position': [-0.25, 0.02, 0.02], 'lateral_friction': 0.5, 'spinning_friction': 0.001, 'current_position': [-0.10626961732847813, 0.031105861333898095, 0.1456087531369991]}}  x
  scripts                = {'script_1': True, 'reach_only': True, 'left_right': True}  x
  target_goal            = {'type': 'goal_sequence', 'targets': [{'name': 'target', 'position': [0.15000000596046448, 0.0, 0.019999999552965164]}], 'mode': 'goal_sequence'}  x
  scene                  = {'table': {'length': 1.1, 'width': 0.7, 'height': 0.4, 'x_offset': -0.3, 'lateral_friction': 3.0, 'spinning_friction': 0.001}}  x
  robot_config           = {'control_type': 'ee', 'block_gripper': False, 'base_position': [-0.6, 0.0, 0.05]}  x
  current_task           = OBJECT_DELIVERY_SEQUENCE  x
  current_subtask        = TRANSPORT_OBJECT       x
  active_target_name     = target                 x
  action                 = [0.9934, 0.0004, 0.1145, -1.0000]  x
  joint_angles           = [-0.0002, 0.1415, -0.0001, -2.4182, 0.0000, 2.5458, 0.7852]  x
  joint_velocities       = [0.0002, 0.8221, -0.0015, 1.3762, 0.0001, -0.2561, -0.0004]  x
  cube_rotation          = [0.0113, -0.0283, -0.0105]  x
  cube_linear_velocity   = [0.4638, 0.0156, 0.0777]  x
  obstacle_positions     = {}                     x
[step=  27 11:23:05.571][Analyzer] ASM node=grasp_object  goal_status=not_applicable
[step=  28 11:23:06.727][Manager] ep=1 subtask=TRANSPORT_OBJECT reward=-0.2548
[step=  28 11:23:06.727][Perception]
  RAW PERCEPTION                                  MONITORED PARAMS
  ----------------------------------------------  --------------------------------------
  fingers_width         = 0.0476 m                gripper_width_cm      = 4 cm
  dist_ee_to_cube       = 0.0089 m                distance_ee_object_cm = 0 cm
  dist_cube_to_target   = 0.2548 m  (3D)          distance_obj_goal_cm  = 22 cm  (XY)
  cube_position (z)     = 0.1448 m                object_lift_height_cm = 12 cm
  cube_position (xy)    = [-0.072, 0.007]         grasp_completed       = 0
  finger_contacts (raw) = 1                       finger_contacts       = 1
  x                                               grasp_attempts        = 0
  episode                = 1                      x
  step                   = 28                     x
  ee_position            = [-0.0776, -0.0002, 0.1447]  x
  ee_velocity            = [0.4481, -0.0006, 0.0748]  x
  target_position        = [0.1500, 0.0000, 0.0200]  x
  reward                 = -0.2548                x
  is_success             = False                  x
  obstacle_in_path       = False                  x
  obstacle_count_in_path = 0                      x
  obstacles              = {}                     x
  objects                = {'object_1': {'type': 'box', 'size': [0.04, 0.04, 0.04], 'mass': 1.0, 'color': [0.1, 0.2, 0.9, 1.0], 'initial_position': [-0.25, 0.0, 0.02], 'lateral_friction': 0.5, 'spinning_friction': 0.001, 'current_position': [-0.07201122532339121, 0.006730178476194479, 0.14476195189598332]}, 'unknown_object': {'type': 'box', 'size': [0.04, 0.01, 0.04], 'mass': 0.3, 'color': [0.9, 0.4, 0.1, 1.0], 'initial_position': [-0.25, 0.02, 0.02], 'lateral_friction': 0.5, 'spinning_friction': 0.001, 'current_position': [-0.0742748987515147, 0.03172974782450767, 0.1448533361888305]}}  x
  scripts                = {'script_1': True, 'reach_only': True, 'left_right': True}  x
  target_goal            = {'type': 'goal_sequence', 'targets': [{'name': 'target', 'position': [0.15000000596046448, 0.0, 0.019999999552965164]}], 'mode': 'goal_sequence'}  x
  scene                  = {'table': {'length': 1.1, 'width': 0.7, 'height': 0.4, 'x_offset': -0.3, 'lateral_friction': 3.0, 'spinning_friction': 0.001}}  x
  robot_config           = {'control_type': 'ee', 'block_gripper': False, 'base_position': [-0.6, 0.0, 0.05]}  x
  current_task           = OBJECT_DELIVERY_SEQUENCE  x
  current_subtask        = TRANSPORT_OBJECT       x
  active_target_name     = target                 x
  action                 = [0.9916, 0.0005, 0.1293, -1.0000]  x
  joint_angles           = [-0.0001, 0.2184, -0.0001, -2.3063, 0.0000, 2.5098, 0.7852]  x
  joint_velocities       = [0.0002, 0.7918, -0.0010, 1.3704, 0.0002, -0.2770, -0.0003]  x
  cube_rotation          = [0.0114, -0.0280, -0.0107]  x
  cube_linear_velocity   = [0.4482, 0.0156, 0.0764]  x
  obstacle_positions     = {}                     x
[step=  28 11:23:06.732][Analyzer] ASM node=grasp_object  goal_status=not_applicable
[step=  29 11:23:07.887][Manager] ep=1 subtask=TRANSPORT_OBJECT reward=-0.2275
[step=  29 11:23:07.888][Perception]
  RAW PERCEPTION                                  MONITORED PARAMS
  ----------------------------------------------  --------------------------------------
  fingers_width         = 0.0476 m                gripper_width_cm      = 4 cm
  dist_ee_to_cube       = 0.0094 m                distance_ee_object_cm = 0 cm
  dist_cube_to_target   = 0.2275 m  (3D)          distance_obj_goal_cm  = 19 cm  (XY)
  cube_position (z)     = 0.1436 m                object_lift_height_cm = 12 cm
  cube_position (xy)    = [-0.041, 0.007]         grasp_completed       = 0
  finger_contacts (raw) = 1                       finger_contacts       = 1
  x                                               grasp_attempts        = 0
  episode                = 1                      x
  step                   = 29                     x
  ee_position            = [-0.0465, -0.0002, 0.1435]  x
  ee_velocity            = [0.4178, -0.0004, 0.0476]  x
  target_position        = [0.1500, 0.0000, 0.0200]  x
  reward                 = -0.2275                x
  is_success             = False                  x
  obstacle_in_path       = False                  x
  obstacle_count_in_path = 0                      x
  obstacles              = {}                     x
  objects                = {'object_1': {'type': 'box', 'size': [0.04, 0.04, 0.04], 'mass': 1.0, 'color': [0.1, 0.2, 0.9, 1.0], 'initial_position': [-0.25, 0.0, 0.02], 'lateral_friction': 0.5, 'spinning_friction': 0.001, 'current_position': [-0.04087077346764771, 0.0073515381165680195, 0.14357763861881762]}, 'unknown_object': {'type': 'box', 'size': [0.04, 0.01, 0.04], 'mass': 0.3, 'color': [0.9, 0.4, 0.1, 1.0], 'initial_position': [-0.25, 0.02, 0.02], 'lateral_friction': 0.5, 'spinning_friction': 0.001, 'current_position': [-0.0431475211821594, 0.03235161615430249, 0.1436581772092673]}}  x
  scripts                = {'script_1': True, 'reach_only': True, 'left_right': True}  x
  target_goal            = {'type': 'goal_sequence', 'targets': [{'name': 'target', 'position': [0.15000000596046448, 0.0, 0.019999999552965164]}], 'mode': 'goal_sequence'}  x
  scene                  = {'table': {'length': 1.1, 'width': 0.7, 'height': 0.4, 'x_offset': -0.3, 'lateral_friction': 3.0, 'spinning_friction': 0.001}}  x
  robot_config           = {'control_type': 'ee', 'block_gripper': False, 'base_position': [-0.6, 0.0, 0.05]}  x
  current_task           = OBJECT_DELIVERY_SEQUENCE  x
  current_subtask        = TRANSPORT_OBJECT       x
  active_target_name     = target                 x
  action                 = [0.9886, 0.0007, 0.1503, -1.0000]  x
  joint_angles           = [-0.0001, 0.2944, -0.0002, -2.1928, 0.0000, 2.4709, 0.7852]  x
  joint_velocities       = [0.0002, 0.8068, -0.0007, 1.3559, 0.0002, -0.2988, -0.0002]  x
  cube_rotation          = [0.0114, -0.0276, -0.0108]  x
  cube_linear_velocity   = [0.4178, 0.0155, 0.0488]  x
  obstacle_positions     = {}                     x
[step=  29 11:23:07.891][Analyzer] ASM node=grasp_object  goal_status=not_applicable
[step=  30 11:23:09.061][Manager] ep=1 subtask=TRANSPORT_OBJECT reward=-0.2021
[step=  30 11:23:09.062][Perception]
  RAW PERCEPTION                                  MONITORED PARAMS
  ----------------------------------------------  --------------------------------------
  fingers_width         = 0.0476 m                gripper_width_cm      = 4 cm
  dist_ee_to_cube       = 0.0098 m                distance_ee_object_cm = 0 cm
  dist_cube_to_target   = 0.2021 m  (3D)          distance_obj_goal_cm  = 16 cm  (XY)
  cube_position (z)     = 0.1419 m                object_lift_height_cm = 12 cm
  cube_position (xy)    = [-0.011, 0.008]         grasp_completed       = 0
  finger_contacts (raw) = 1                       finger_contacts       = 1
  x                                               grasp_attempts        = 0
  episode                = 1                      x
  step                   = 30                     x
  ee_position            = [-0.0165, -0.0002, 0.1419]  x
  ee_velocity            = [0.3901, -0.0002, 0.0299]  x
  target_position        = [0.1500, 0.0000, 0.0200]  x
  reward                 = -0.2021                x
  is_success             = False                  x
  obstacle_in_path       = False                  x
  obstacle_count_in_path = 0                      x
  obstacles              = {}                     x
  objects                = {'object_1': {'type': 'box', 'size': [0.04, 0.04, 0.04], 'mass': 1.0, 'color': [0.1, 0.2, 0.9, 1.0], 'initial_position': [-0.25, 0.0, 0.02], 'lateral_friction': 0.5, 'spinning_friction': 0.001, 'current_position': [-0.010988567871958788, 0.007971476048350287, 0.141936747929506]}, 'unknown_object': {'type': 'box', 'size': [0.04, 0.01, 0.04], 'mass': 0.3, 'color': [0.9, 0.4, 0.1, 1.0], 'initial_position': [-0.25, 0.02, 0.02], 'lateral_friction': 0.5, 'spinning_friction': 0.001, 'current_position': [-0.013277937383888095, 0.032971992572062424, 0.1420083967466832]}}  x
  scripts                = {'script_1': True, 'reach_only': True, 'left_right': True}  x
  target_goal            = {'type': 'goal_sequence', 'targets': [{'name': 'target', 'position': [0.15000000596046448, 0.0, 0.019999999552965164]}], 'mode': 'goal_sequence'}  x
  scene                  = {'table': {'length': 1.1, 'width': 0.7, 'height': 0.4, 'x_offset': -0.3, 'lateral_friction': 3.0, 'spinning_friction': 0.001}}  x
  robot_config           = {'control_type': 'ee', 'block_gripper': False, 'base_position': [-0.6, 0.0, 0.05]}  x
  current_task           = OBJECT_DELIVERY_SEQUENCE  x
  current_subtask        = TRANSPORT_OBJECT       x
  active_target_name     = target                 x
  action                 = [0.9838, 0.0008, 0.1790, -1.0000]  x
  joint_angles           = [-0.0001, 0.3694, -0.0002, -2.0780, 0.0001, 2.4293, 0.7852]  x
  joint_velocities       = [0.0002, 0.8066, -0.0004, 1.3435, 0.0002, -0.3203, -0.0001]  x
  cube_rotation          = [0.0114, -0.0266, -0.0109]  x
  cube_linear_velocity   = [0.3900, 0.0155, 0.0311]  x
  obstacle_positions     = {}                     x
[step=  30 11:23:09.065][Analyzer] ASM node=grasp_object  goal_status=not_applicable
[step=  31 11:23:10.194][Manager] ep=1 subtask=TRANSPORT_OBJECT reward=-0.1794
[step=  31 11:23:10.195][Perception]
  RAW PERCEPTION                                  MONITORED PARAMS
  ----------------------------------------------  --------------------------------------
  fingers_width         = 0.0476 m                gripper_width_cm      = 4 cm
  dist_ee_to_cube       = 0.0103 m                distance_ee_object_cm = 1 cm
  dist_cube_to_target   = 0.1794 m  (3D)          distance_obj_goal_cm  = 13 cm  (XY)
  cube_position (z)     = 0.1406 m                object_lift_height_cm = 12 cm
  cube_position (xy)    = [0.018, 0.009]          grasp_completed       = 0
  finger_contacts (raw) = 1                       finger_contacts       = 1
  x                                               grasp_attempts        = 0
  episode                = 1                      x
  step                   = 31                     x
  ee_position            = [0.0120, -0.0002, 0.1406]  x
  ee_velocity            = [0.3643, -0.0001, 0.0364]  x
  target_position        = [0.1500, 0.0000, 0.0200]  x
  reward                 = -0.1794                x
  is_success             = False                  x
  obstacle_in_path       = False                  x
  obstacle_count_in_path = 0                      x
  obstacles              = {}                     x
  objects                = {'object_1': {'type': 'box', 'size': [0.04, 0.04, 0.04], 'mass': 1.0, 'color': [0.1, 0.2, 0.9, 1.0], 'initial_position': [-0.25, 0.0, 0.02], 'lateral_friction': 0.5, 'spinning_friction': 0.001, 'current_position': [0.017505639762406815, 0.008590132643290014, 0.14063572051577086]}, 'unknown_object': {'type': 'box', 'size': [0.04, 0.01, 0.04], 'mass': 0.3, 'color': [0.9, 0.4, 0.1, 1.0], 'initial_position': [-0.25, 0.02, 0.02], 'lateral_friction': 0.5, 'spinning_friction': 0.001, 'current_position': [0.015203350184163675, 0.033591070134919805, 0.1406965092659188]}}  x
  scripts                = {'script_1': True, 'reach_only': True, 'left_right': True}  x
  target_goal            = {'type': 'goal_sequence', 'targets': [{'name': 'target', 'position': [0.15000000596046448, 0.0, 0.019999999552965164]}], 'mode': 'goal_sequence'}  x
  scene                  = {'table': {'length': 1.1, 'width': 0.7, 'height': 0.4, 'x_offset': -0.3, 'lateral_friction': 3.0, 'spinning_friction': 0.001}}  x
  robot_config           = {'control_type': 'ee', 'block_gripper': False, 'base_position': [-0.6, 0.0, 0.05]}  x
  current_task           = OBJECT_DELIVERY_SEQUENCE  x
  current_subtask        = TRANSPORT_OBJECT       x
  active_target_name     = target                 x
  action                 = [0.9757, 0.0009, 0.2189, -1.0000]  x
  joint_angles           = [-0.0001, 0.4421, -0.0002, -1.9628, 0.0001, 2.3855, 0.7852]  x
  joint_velocities       = [0.0003, 0.7593, -0.0003, 1.3155, 0.0002, -0.3368, 0.0000]  x
  cube_rotation          = [0.0115, -0.0263, -0.0110]  x
  cube_linear_velocity   = [0.3643, 0.0155, 0.0377]  x
  obstacle_positions     = {}                     x
[step=  31 11:23:10.199][Analyzer] ASM node=grasp_object  goal_status=not_applicable
[step=  32 11:23:11.354][Manager] ep=1 subtask=TRANSPORT_OBJECT reward=-0.1606
[step=  32 11:23:11.355][Perception]
  RAW PERCEPTION                                  MONITORED PARAMS
  ----------------------------------------------  --------------------------------------
  fingers_width         = 0.0476 m                gripper_width_cm      = 4 cm
  dist_ee_to_cube       = 0.0108 m                distance_ee_object_cm = 1 cm
  dist_cube_to_target   = 0.1606 m  (3D)          distance_obj_goal_cm  = 10 cm  (XY)
  cube_position (z)     = 0.1407 m                object_lift_height_cm = 12 cm
  cube_position (xy)    = [0.044, 0.009]          grasp_completed       = 0
  finger_contacts (raw) = 1                       finger_contacts       = 1
  x                                               grasp_attempts        = 0
  episode                = 1                      x
  step                   = 32                     x
  ee_position            = [0.0389, -0.0001, 0.1406]  x
  ee_velocity            = [0.3422, 0.0000, 0.0677]  x
  target_position        = [0.1500, 0.0000, 0.0200]  x
  reward                 = -0.1606                x
  is_success             = False                  x
  obstacle_in_path       = False                  x
  obstacle_count_in_path = 0                      x
  obstacles              = {}                     x
  objects                = {'object_1': {'type': 'box', 'size': [0.04, 0.04, 0.04], 'mass': 1.0, 'color': [0.1, 0.2, 0.9, 1.0], 'initial_position': [-0.25, 0.0, 0.02], 'lateral_friction': 0.5, 'spinning_friction': 0.001, 'current_position': [0.04441169374856514, 0.0092076645974477, 0.1407258337738951]}, 'unknown_object': {'type': 'box', 'size': [0.04, 0.01, 0.04], 'mass': 0.3, 'color': [0.9, 0.4, 0.1, 1.0], 'initial_position': [-0.25, 0.02, 0.02], 'lateral_friction': 0.5, 'spinning_friction': 0.001, 'current_position': [0.04209819812842715, 0.034208884300459944, 0.1407738088056026]}}  x
  scripts                = {'script_1': True, 'reach_only': True, 'left_right': True}  x
  target_goal            = {'type': 'goal_sequence', 'targets': [{'name': 'target', 'position': [0.15000000596046448, 0.0, 0.019999999552965164]}], 'mode': 'goal_sequence'}  x
  scene                  = {'table': {'length': 1.1, 'width': 0.7, 'height': 0.4, 'x_offset': -0.3, 'lateral_friction': 3.0, 'spinning_friction': 0.001}}  x
  robot_config           = {'control_type': 'ee', 'block_gripper': False, 'base_position': [-0.6, 0.0, 0.05]}  x
  current_task           = OBJECT_DELIVERY_SEQUENCE  x
  current_subtask        = TRANSPORT_OBJECT       x
  active_target_name     = target                 x
  action                 = [0.9629, 0.0011, 0.2699, -1.0000]  x
  joint_angles           = [-0.0000, 0.5106, -0.0002, -1.8479, 0.0001, 2.3390, 0.7852]  x
  joint_velocities       = [0.0003, 0.6754, -0.0002, 1.2822, 0.0002, -0.3573, 0.0001]  x
  cube_rotation          = [0.0115, -0.0271, -0.0110]  x
  cube_linear_velocity   = [0.3421, 0.0154, 0.0691]  x
  obstacle_positions     = {}                     x
[step=  32 11:23:11.357][Analyzer] ASM node=grasp_object  goal_status=not_applicable
[step=  33 11:23:12.502][Manager] ep=1 subtask=TRANSPORT_OBJECT reward=-0.1471
[step=  33 11:23:12.502][Perception]
  RAW PERCEPTION                                  MONITORED PARAMS
  ----------------------------------------------  --------------------------------------
  fingers_width         = 0.0476 m                gripper_width_cm      = 4 cm
  dist_ee_to_cube       = 0.0113 m                distance_ee_object_cm = 1 cm
  dist_cube_to_target   = 0.1471 m  (3D)          distance_obj_goal_cm  = 8 cm  (XY)
  cube_position (z)     = 0.1427 m                object_lift_height_cm = 12 cm
  cube_position (xy)    = [0.069, 0.010]          grasp_completed       = 0
  finger_contacts (raw) = 1                       finger_contacts       = 1
  x                                               grasp_attempts        = 0
  episode                = 1                      x
  step                   = 33                     x
  ee_position            = [0.0640, -0.0001, 0.1425]  x
  ee_velocity            = [0.3126, 0.0001, 0.1078]  x
  target_position        = [0.1500, 0.0000, 0.0200]  x
  reward                 = -0.1471                x
  is_success             = False                  x
  obstacle_in_path       = False                  x
  obstacle_count_in_path = 0                      x
  obstacles              = {}                     x
  objects                = {'object_1': {'type': 'box', 'size': [0.04, 0.04, 0.04], 'mass': 1.0, 'color': [0.1, 0.2, 0.9, 1.0], 'initial_position': [-0.25, 0.0, 0.02], 'lateral_friction': 0.5, 'spinning_friction': 0.001, 'current_position': [0.06945368730077225, 0.009824129855301, 0.14271521285738603]}, 'unknown_object': {'type': 'box', 'size': [0.04, 0.01, 0.04], 'mass': 0.3, 'color': [0.9, 0.4, 0.1, 1.0], 'initial_position': [-0.25, 0.02, 0.02], 'lateral_friction': 0.5, 'spinning_friction': 0.001, 'current_position': [0.06712916808995102, 0.03482556455170887, 0.142748853577228]}}  x
  scripts                = {'script_1': True, 'reach_only': True, 'left_right': True}  x
  target_goal            = {'type': 'goal_sequence', 'targets': [{'name': 'target', 'position': [0.15000000596046448, 0.0, 0.019999999552965164]}], 'mode': 'goal_sequence'}  x
  scene                  = {'table': {'length': 1.1, 'width': 0.7, 'height': 0.4, 'x_offset': -0.3, 'lateral_friction': 3.0, 'spinning_friction': 0.001}}  x
  robot_config           = {'control_type': 'ee', 'block_gripper': False, 'base_position': [-0.6, 0.0, 0.05]}  x
  current_task           = OBJECT_DELIVERY_SEQUENCE  x
  current_subtask        = TRANSPORT_OBJECT       x
  active_target_name     = target                 x
  action                 = [0.9444, 0.0012, 0.3288, -1.0000]  x
  joint_angles           = [0.0000, 0.5745, -0.0002, -1.7337, 0.0001, 2.2892, 0.7852]  x
  joint_velocities       = [0.0003, 0.5694, -0.0002, 1.2239, 0.0001, -0.3831, 0.0002]  x
  cube_rotation          = [0.0116, -0.0286, -0.0110]  x
  cube_linear_velocity   = [0.3125, 0.0154, 0.1093]  x
  obstacle_positions     = {}                     x
[step=  33 11:23:12.506][Analyzer] ASM node=grasp_object  goal_status=not_applicable
[step=  34 11:23:13.674][Manager] ep=1 subtask=TRANSPORT_OBJECT reward=-0.1408
[step=  34 11:23:13.675][Perception]
  RAW PERCEPTION                                  MONITORED PARAMS
  ----------------------------------------------  --------------------------------------
  fingers_width         = 0.0476 m                gripper_width_cm      = 4 cm
  dist_ee_to_cube       = 0.0119 m                distance_ee_object_cm = 1 cm
  dist_cube_to_target   = 0.1408 m  (3D)          distance_obj_goal_cm  = 5 cm  (XY)
  cube_position (z)     = 0.1480 m                object_lift_height_cm = 12 cm
  cube_position (xy)    = [0.092, 0.010]          grasp_completed       = 0
  finger_contacts (raw) = 1                       finger_contacts       = 1
  x                                               grasp_attempts        = 0
  episode                = 1                      x
  step                   = 34                     x
  ee_position            = [0.0870, -0.0001, 0.1476]  x
  ee_velocity            = [0.2966, 0.0001, 0.1897]  x
  target_position        = [0.1500, 0.0000, 0.0200]  x
  reward                 = -0.1408                x
  is_success             = False                  x
  obstacle_in_path       = False                  x
  obstacle_count_in_path = 0                      x
  obstacles              = {}                     x
  objects                = {'object_1': {'type': 'box', 'size': [0.04, 0.04, 0.04], 'mass': 1.0, 'color': [0.1, 0.2, 0.9, 1.0], 'initial_position': [-0.25, 0.0, 0.02], 'lateral_friction': 0.5, 'spinning_friction': 0.001, 'current_position': [0.09244206218217856, 0.01043967326121031, 0.14803509602387932]}, 'unknown_object': {'type': 'box', 'size': [0.04, 0.01, 0.04], 'mass': 0.3, 'color': [0.9, 0.4, 0.1, 1.0], 'initial_position': [-0.25, 0.02, 0.02], 'lateral_friction': 0.5, 'spinning_friction': 0.001, 'current_position': [0.09010750599048253, 0.03544135831651176, 0.14805137578651772]}}  x
  scripts                = {'script_1': True, 'reach_only': True, 'left_right': True}  x
  target_goal            = {'type': 'goal_sequence', 'targets': [{'name': 'target', 'position': [0.15000000596046448, 0.0, 0.019999999552965164]}], 'mode': 'goal_sequence'}  x
  scene                  = {'table': {'length': 1.1, 'width': 0.7, 'height': 0.4, 'x_offset': -0.3, 'lateral_friction': 3.0, 'spinning_friction': 0.001}}  x
  robot_config           = {'control_type': 'ee', 'block_gripper': False, 'base_position': [-0.6, 0.0, 0.05]}  x
  current_task           = OBJECT_DELIVERY_SEQUENCE  x
  current_subtask        = TRANSPORT_OBJECT       x
  active_target_name     = target                 x
  action                 = [0.9194, 0.0013, 0.3932, -1.0000]  x
  joint_angles           = [0.0001, 0.6311, -0.0002, -1.6217, 0.0001, 2.2361, 0.7852]  x
  joint_velocities       = [0.0003, 0.4177, -0.0002, 1.1773, 0.0001, -0.4082, 0.0002]  x
  cube_rotation          = [0.0117, -0.0316, -0.0111]  x
  cube_linear_velocity   = [0.2964, 0.0154, 0.1917]  x
  obstacle_positions     = {}                     x
[step=  34 11:23:13.677][Analyzer] ASM node=grasp_object  goal_status=not_applicable
[step=  35 11:23:14.848][Manager] ep=1 subtask=TRANSPORT_OBJECT reward=-0.1422
[step=  35 11:23:14.848][Perception]
  RAW PERCEPTION                                  MONITORED PARAMS
  ----------------------------------------------  --------------------------------------
  fingers_width         = 0.0476 m                gripper_width_cm      = 4 cm
  dist_ee_to_cube       = 0.0124 m                distance_ee_object_cm = 1 cm
  dist_cube_to_target   = 0.1422 m  (3D)          distance_obj_goal_cm  = 3 cm  (XY)
  cube_position (z)     = 0.1569 m                object_lift_height_cm = 13 cm
  cube_position (xy)    = [0.113, 0.011]          grasp_completed       = 0
  finger_contacts (raw) = 1                       finger_contacts       = 1
  x                                               grasp_attempts        = 0
  episode                = 1                      x
  step                   = 35                     x
  ee_position            = [0.1080, -0.0001, 0.1563]  x
  ee_velocity            = [0.2679, 0.0001, 0.2679]  x
  target_position        = [0.1500, 0.0000, 0.0200]  x
  reward                 = -0.1422                x
  is_success             = False                  x
  obstacle_in_path       = False                  x
  obstacle_count_in_path = 0                      x
  obstacles              = {}                     x
  objects                = {'object_1': {'type': 'box', 'size': [0.04, 0.04, 0.04], 'mass': 1.0, 'color': [0.1, 0.2, 0.9, 1.0], 'initial_position': [-0.25, 0.0, 0.02], 'lateral_friction': 0.5, 'spinning_friction': 0.001, 'current_position': [0.1133243062067882, 0.011054491116477425, 0.1569081631784087]}, 'unknown_object': {'type': 'box', 'size': [0.04, 0.01, 0.04], 'mass': 0.3, 'color': [0.9, 0.4, 0.1, 1.0], 'initial_position': [-0.25, 0.02, 0.02], 'lateral_friction': 0.5, 'spinning_friction': 0.001, 'current_position': [0.1109799126270732, 0.036056262870066705, 0.15690124284438964]}}  x
  scripts                = {'script_1': True, 'reach_only': True, 'left_right': True}  x
  target_goal            = {'type': 'goal_sequence', 'targets': [{'name': 'target', 'position': [0.15000000596046448, 0.0, 0.019999999552965164]}], 'mode': 'goal_sequence'}  x
  scene                  = {'table': {'length': 1.1, 'width': 0.7, 'height': 0.4, 'x_offset': -0.3, 'lateral_friction': 3.0, 'spinning_friction': 0.001}}  x
  robot_config           = {'control_type': 'ee', 'block_gripper': False, 'base_position': [-0.6, 0.0, 0.05]}  x
  current_task           = OBJECT_DELIVERY_SEQUENCE  x
  current_subtask        = TRANSPORT_OBJECT       x
  active_target_name     = target                 x
  action                 = [0.8936, 0.0014, 0.4490, -1.0000]  x
  joint_angles           = [0.0001, 0.6811, -0.0003, -1.5114, 0.0001, 2.1796, 0.7853]  x
  joint_velocities       = [0.0003, 0.2600, -0.0003, 1.0988, 0.0001, -0.4350, 0.0003]  x
  cube_rotation          = [0.0118, -0.0363, -0.0111]  x
  cube_linear_velocity   = [0.2677, 0.0154, 0.2702]  x
  obstacle_positions     = {}                     x
[step=  35 11:23:14.853][Analyzer] ASM node=grasp_object  goal_status=not_applicable
[step=  36 11:23:16.009][Manager] ep=1 subtask=TRANSPORT_OBJECT reward=-0.1504
[step=  36 11:23:16.010][Perception]
  RAW PERCEPTION                                  MONITORED PARAMS
  ----------------------------------------------  --------------------------------------
  fingers_width         = 0.0476 m                gripper_width_cm      = 4 cm
  dist_ee_to_cube       = 0.0129 m                distance_ee_object_cm = 1 cm
  dist_cube_to_target   = 0.1504 m  (3D)          distance_obj_goal_cm  = 2 cm  (XY)
  cube_position (z)     = 0.1688 m                object_lift_height_cm = 14 cm
  cube_position (xy)    = [0.132, 0.012]          grasp_completed       = 0
  finger_contacts (raw) = 1                       finger_contacts       = 1
  x                                               grasp_attempts        = 0
  episode                = 1                      x
  step                   = 36                     x
  ee_position            = [0.1267, -0.0000, 0.1681]  x
  ee_velocity            = [0.2393, 0.0010, 0.3318]  x
  target_position        = [0.1500, 0.0000, 0.0200]  x
  reward                 = -0.1504                x
  is_success             = False                  x
  obstacle_in_path       = False                  x
  obstacle_count_in_path = 0                      x
  obstacles              = {}                     x
  objects                = {'object_1': {'type': 'box', 'size': [0.04, 0.04, 0.04], 'mass': 1.0, 'color': [0.1, 0.2, 0.9, 1.0], 'initial_position': [-0.25, 0.0, 0.02], 'lateral_friction': 0.5, 'spinning_friction': 0.001, 'current_position': [0.13204959826134458, 0.011641408184881666, 0.16882729811519015]}, 'unknown_object': {'type': 'box', 'size': [0.04, 0.01, 0.04], 'mass': 0.3, 'color': [0.9, 0.4, 0.1, 1.0], 'initial_position': [-0.25, 0.02, 0.02], 'lateral_friction': 0.5, 'spinning_friction': 0.001, 'current_position': [0.12969670670464958, 0.03664390982647655, 0.16879535257393846]}}  x
  scripts                = {'script_1': True, 'reach_only': True, 'left_right': True}  x
  target_goal            = {'type': 'goal_sequence', 'targets': [{'name': 'target', 'position': [0.15000000596046448, 0.0, 0.019999999552965164]}], 'mode': 'goal_sequence'}  x
  scene                  = {'table': {'length': 1.1, 'width': 0.7, 'height': 0.4, 'x_offset': -0.3, 'lateral_friction': 3.0, 'spinning_friction': 0.001}}  x
  robot_config           = {'control_type': 'ee', 'block_gripper': False, 'base_position': [-0.6, 0.0, 0.05]}  x
  current_task           = OBJECT_DELIVERY_SEQUENCE  x
  current_subtask        = TRANSPORT_OBJECT       x
  active_target_name     = target                 x
  action                 = [0.8777, 0.0015, 0.4792, -1.0000]  x
  joint_angles           = [0.0002, 0.7258, -0.0003, -1.4025, 0.0002, 2.1201, 0.7853]  x
  joint_velocities       = [0.0005, 0.1403, 0.0010, 1.0389, -0.0008, -0.4572, 0.0008]  x
  cube_rotation          = [0.0119, -0.0419, -0.0111]  x
  cube_linear_velocity   = [0.2390, 0.0018, 0.3341]  x
  obstacle_positions     = {}                     x
[step=  36 11:23:16.014][Analyzer] ASM node=grasp_object  goal_status=not_applicable
[step=  37 11:23:17.142][Manager] ep=1 subtask=TRANSPORT_OBJECT reward=-0.1634
[step=  37 11:23:17.143][Perception]
  RAW PERCEPTION                                  MONITORED PARAMS
  ----------------------------------------------  --------------------------------------
  fingers_width         = 0.0476 m                gripper_width_cm      = 4 cm
  dist_ee_to_cube       = 0.0127 m                distance_ee_object_cm = 1 cm
  dist_cube_to_target   = 0.1634 m  (3D)          distance_obj_goal_cm  = 1 cm  (XY)
  cube_position (z)     = 0.1830 m                object_lift_height_cm = 16 cm
  cube_position (xy)    = [0.149, 0.012]          grasp_completed       = 0
  finger_contacts (raw) = 1                       finger_contacts       = 1
  x                                               grasp_attempts        = 0
  episode                = 1                      x
  step                   = 37                     x
  ee_position            = [0.1442, -0.0000, 0.1823]  x
  ee_velocity            = [0.1979, 0.0007, 0.2651]  x
  target_position        = [0.1500, 0.0000, 0.0200]  x
  reward                 = -0.1634                x
  is_success             = False                  x
  obstacle_in_path       = False                  x
  obstacle_count_in_path = 0                      x
  obstacles              = {}                     x
  objects                = {'object_1': {'type': 'box', 'size': [0.04, 0.04, 0.04], 'mass': 1.0, 'color': [0.1, 0.2, 0.9, 1.0], 'initial_position': [-0.25, 0.0, 0.02], 'lateral_friction': 0.5, 'spinning_friction': 0.001, 'current_position': [0.14945395451797494, 0.011585621697930612, 0.18297691405573982]}, 'unknown_object': {'type': 'box', 'size': [0.04, 0.01, 0.04], 'mass': 0.3, 'color': [0.9, 0.4, 0.1, 1.0], 'initial_position': [-0.25, 0.02, 0.02], 'lateral_friction': 0.5, 'spinning_friction': 0.001, 'current_position': [0.14709520299529769, 0.03658866327611636, 0.18291299078843784]}}  x
  scripts                = {'script_1': True, 'reach_only': True, 'left_right': True}  x
  target_goal            = {'type': 'goal_sequence', 'targets': [{'name': 'target', 'position': [0.15000000596046448, 0.0, 0.019999999552965164]}], 'mode': 'goal_sequence'}  x
  scene                  = {'table': {'length': 1.1, 'width': 0.7, 'height': 0.4, 'x_offset': -0.3, 'lateral_friction': 3.0, 'spinning_friction': 0.001}}  x
  robot_config           = {'control_type': 'ee', 'block_gripper': False, 'base_position': [-0.6, 0.0, 0.05]}  x
  current_task           = OBJECT_DELIVERY_SEQUENCE  x
  current_subtask        = TRANSPORT_OBJECT       x
  active_target_name     = target                 x
  action                 = [0.9011, 0.0017, 0.4336, -1.0000]  x
  joint_angles           = [0.0002, 0.7686, -0.0003, -1.2924, 0.0002, 2.0612, 0.7854]  x
  joint_velocities       = [0.0003, 0.2322, 0.0007, 1.0264, -0.0001, -0.4523, 0.0007]  x
  cube_rotation          = [0.0123, -0.0506, -0.0112]  x
  cube_linear_velocity   = [0.1975, -0.0014, 0.2671]  x
  obstacle_positions     = {}                     x
[step=  37 11:23:17.146][Analyzer] ASM node=grasp_object  goal_status=not_applicable
[step=  38 11:23:18.303][Manager] ep=1 subtask=TRANSPORT_OBJECT reward=-0.1560
[step=  38 11:23:18.303][Perception]
  RAW PERCEPTION                                  MONITORED PARAMS
  ----------------------------------------------  --------------------------------------
  fingers_width         = 0.0476 m                gripper_width_cm      = 4 cm
  dist_ee_to_cube       = 0.0125 m                distance_ee_object_cm = 1 cm
  dist_cube_to_target   = 0.1560 m  (3D)          distance_obj_goal_cm  = 2 cm  (XY)
  cube_position (z)     = 0.1743 m                object_lift_height_cm = 15 cm
  cube_position (xy)    = [0.170, 0.012]          grasp_completed       = 0
  finger_contacts (raw) = 1                       finger_contacts       = 1
  x                                               grasp_attempts        = 0
  episode                = 1                      x
  step                   = 38                     x
  ee_position            = [0.1651, 0.0000, 0.1758]  x
  ee_velocity            = [-0.0992, -0.0000, -0.8935]  x
  target_position        = [0.1500, 0.0000, 0.0200]  x
  reward                 = -0.1560                x
  is_success             = False                  x
  obstacle_in_path       = False                  x
  obstacle_count_in_path = 0                      x
  obstacles              = {}                     x
  objects                = {'object_1': {'type': 'box', 'size': [0.04, 0.04, 0.04], 'mass': 1.0, 'color': [0.1, 0.2, 0.9, 1.0], 'initial_position': [-0.25, 0.0, 0.02], 'lateral_friction': 0.5, 'spinning_friction': 0.001, 'current_position': [0.16974588548985048, 0.011529008755047703, 0.17430133284526284]}, 'unknown_object': {'type': 'box', 'size': [0.04, 0.01, 0.04], 'mass': 0.3, 'color': [0.9, 0.4, 0.1, 1.0], 'initial_position': [-0.25, 0.02, 0.02], 'lateral_friction': 0.5, 'spinning_friction': 0.001, 'current_position': [0.16738112209545472, 0.03653463740492775, 0.17416244178549453]}}  x
  scripts                = {'script_1': True, 'reach_only': True, 'left_right': True}  x
  target_goal            = {'type': 'goal_sequence', 'targets': [{'name': 'target', 'position': [0.15000000596046448, 0.0, 0.019999999552965164]}], 'mode': 'goal_sequence'}  x
  scene                  = {'table': {'length': 1.1, 'width': 0.7, 'height': 0.4, 'x_offset': -0.3, 'lateral_friction': 3.0, 'spinning_friction': 0.001}}  x
  robot_config           = {'control_type': 'ee', 'block_gripper': False, 'base_position': [-0.6, 0.0, 0.05]}  x
  current_task           = OBJECT_DELIVERY_SEQUENCE  x
  current_subtask        = TRANSPORT_OBJECT       x
  active_target_name     = target                 x
  action                 = [0.8848, 0.0009, -0.4659, -1.0000]  x
  joint_angles           = [0.0002, 0.8448, -0.0003, -1.1880, 0.0002, 2.0580, 0.7854]  x
  joint_velocities       = [-0.0003, 1.4289, 0.0003, 0.4257, -0.0003, -0.0219, 0.0008]  x
  cube_rotation          = [0.0127, -0.0771, -0.0112]  x
  cube_linear_velocity   = [-0.0992, -0.0014, -0.8978]  x
  obstacle_positions     = {}                     x
[step=  38 11:23:18.306][Analyzer] ASM node=grasp_object  goal_status=not_applicable
[step=  39 11:23:19.463][Manager] ep=1 subtask=TRANSPORT_OBJECT reward=-0.1166
[step=  39 11:23:19.463][Perception]
  RAW PERCEPTION                                  MONITORED PARAMS
  ----------------------------------------------  --------------------------------------
  fingers_width         = 0.0476 m                gripper_width_cm      = 4 cm
  dist_ee_to_cube       = 0.0123 m                distance_ee_object_cm = 1 cm
  dist_cube_to_target   = 0.1166 m  (3D)          distance_obj_goal_cm  = 1 cm  (XY)
  cube_position (z)     = 0.1353 m                object_lift_height_cm = 11 cm
  cube_position (xy)    = [0.137, 0.011]          grasp_completed       = 0
  finger_contacts (raw) = 1                       finger_contacts       = 1
  x                                               grasp_attempts        = 0
  episode                = 1                      x
  step                   = 39                     x
  ee_position            = [0.1330, -0.0001, 0.1369]  x
  ee_velocity            = [-0.4249, -0.0004, -0.7189]  x
  target_position        = [0.1500, 0.0000, 0.0200]  x
  reward                 = -0.1166                x
  is_success             = False                  x
  obstacle_in_path       = False                  x
  obstacle_count_in_path = 0                      x
  obstacles              = {}                     x
  objects                = {'object_1': {'type': 'box', 'size': [0.04, 0.04, 0.04], 'mass': 1.0, 'color': [0.1, 0.2, 0.9, 1.0], 'initial_position': [-0.25, 0.0, 0.02], 'lateral_friction': 0.5, 'spinning_friction': 0.001, 'current_position': [0.13703631744483086, 0.011476252307957574, 0.13530210954916894]}, 'unknown_object': {'type': 'box', 'size': [0.04, 0.01, 0.04], 'mass': 0.3, 'color': [0.9, 0.4, 0.1, 1.0], 'initial_position': [-0.25, 0.02, 0.02], 'lateral_friction': 0.5, 'spinning_friction': 0.001, 'current_position': [0.1346330739579649, 0.0364783355387807, 0.13537688905864656]}}  x
  scripts                = {'script_1': True, 'reach_only': True, 'left_right': True}  x
  target_goal            = {'type': 'goal_sequence', 'targets': [{'name': 'target', 'position': [0.15000000596046448, 0.0, 0.019999999552965164]}], 'mode': 'goal_sequence'}  x
  scene                  = {'table': {'length': 1.1, 'width': 0.7, 'height': 0.4, 'x_offset': -0.3, 'lateral_friction': 3.0, 'spinning_friction': 0.001}}  x
  robot_config           = {'control_type': 'ee', 'block_gripper': False, 'base_position': [-0.6, 0.0, 0.05]}  x
  current_task           = OBJECT_DELIVERY_SEQUENCE  x
  current_subtask        = TRANSPORT_OBJECT       x
  active_target_name     = target                 x
  action                 = [-0.9747, -0.0005, 0.2235, -1.0000]  x
  joint_angles           = [0.0002, 0.8333, -0.0003, -1.2897, 0.0002, 2.0512, 0.7853]  x
  joint_velocities       = [-0.0002, 0.3877, -0.0003, -0.9711, 0.0002, -0.0527, -0.0009]  x
  cube_rotation          = [0.0120, 0.0193, -0.0119]  x
  cube_linear_velocity   = [-0.4271, -0.0012, -0.7250]  x
  obstacle_positions     = {}                     x
[step=  39 11:23:19.466][Analyzer] ASM node=grasp_object  goal_status=not_applicable
[step=  40 11:23:20.649][Manager] ep=1 subtask=TRANSPORT_OBJECT reward=-0.0976
[step=  40 11:23:20.650][Perception]
  RAW PERCEPTION                                  MONITORED PARAMS
  ----------------------------------------------  --------------------------------------
  fingers_width         = 0.0476 m                gripper_width_cm      = 4 cm
  dist_ee_to_cube       = 0.0125 m                distance_ee_object_cm = 1 cm
  dist_cube_to_target   = 0.0976 m  (3D)          distance_obj_goal_cm  = 1 cm  (XY)
  cube_position (z)     = 0.1159 m                object_lift_height_cm = 9 cm
  cube_position (xy)    = [0.136, 0.011]          grasp_completed       = 0
  finger_contacts (raw) = 1                       finger_contacts       = 1
  x                                               grasp_attempts        = 0
  episode                = 1                      x
  step                   = 40                     x
  ee_position            = [0.1317, -0.0000, 0.1170]  x
  ee_velocity            = [-0.0175, 0.0001, -0.3671]  x
  target_position        = [0.1500, 0.0000, 0.0200]  x
  reward                 = -0.0976                x
  is_success             = False                  x
  obstacle_in_path       = False                  x
  obstacle_count_in_path = 0                      x
  obstacles              = {}                     x
  objects                = {'object_1': {'type': 'box', 'size': [0.04, 0.04, 0.04], 'mass': 1.0, 'color': [0.1, 0.2, 0.9, 1.0], 'initial_position': [-0.25, 0.0, 0.02], 'lateral_friction': 0.5, 'spinning_friction': 0.001, 'current_position': [0.13649981237001546, 0.011425175035791345, 0.11594401891376395]}, 'unknown_object': {'type': 'box', 'size': [0.04, 0.01, 0.04], 'mass': 0.3, 'color': [0.9, 0.4, 0.1, 1.0], 'initial_position': [-0.25, 0.02, 0.02], 'lateral_friction': 0.5, 'spinning_friction': 0.001, 'current_position': [0.1341068960454689, 0.03642142981399229, 0.11606131177516248]}}  x
  scripts                = {'script_1': True, 'reach_only': True, 'left_right': True}  x
  target_goal            = {'type': 'goal_sequence', 'targets': [{'name': 'target', 'position': [0.15000000596046448, 0.0, 0.019999999552965164]}], 'mode': 'goal_sequence'}  x
  scene                  = {'table': {'length': 1.1, 'width': 0.7, 'height': 0.4, 'x_offset': -0.3, 'lateral_friction': 3.0, 'spinning_friction': 0.001}}  x
  robot_config           = {'control_type': 'ee', 'block_gripper': False, 'base_position': [-0.6, 0.0, 0.05]}  x
  current_task           = OBJECT_DELIVERY_SEQUENCE  x
  current_subtask        = TRANSPORT_OBJECT       x
  active_target_name     = target                 x
  action                 = [0.3726, 0.0011, 0.9280, -1.0000]  x
  joint_angles           = [0.0002, 0.8748, -0.0004, -1.2636, 0.0002, 2.0461, 0.7853]  x
  joint_velocities       = [0.0002, 0.7579, -0.0001, 0.4357, 0.0002, -0.0392, 0.0001]  x
  cube_rotation          = [0.0121, 0.0397, -0.0113]  x
  cube_linear_velocity   = [-0.0179, -0.0013, -0.3687]  x
  obstacle_positions     = {}                     x
[step=  40 11:23:20.653][Analyzer] ASM node=grasp_object  goal_status=not_applicable
[step=  41 11:23:21.783][Manager] ep=1 subtask=TRANSPORT_OBJECT reward=-0.0879
[step=  41 11:23:21.784][Perception]
  RAW PERCEPTION                                  MONITORED PARAMS
  ----------------------------------------------  --------------------------------------
  fingers_width         = 0.0476 m                gripper_width_cm      = 4 cm
  dist_ee_to_cube       = 0.0124 m                distance_ee_object_cm = 1 cm
  dist_cube_to_target   = 0.0879 m  (3D)          distance_obj_goal_cm  = 1 cm  (XY)
  cube_position (z)     = 0.1065 m                object_lift_height_cm = 8 cm
  cube_position (xy)    = [0.139, 0.011]          grasp_completed       = 0
  finger_contacts (raw) = 1                       finger_contacts       = 1
  x                                               grasp_attempts        = 0
  episode                = 1                      x
  step                   = 41                     x
  ee_position            = [0.1346, -0.0000, 0.1069]  x
  ee_velocity            = [0.0059, -0.0000, -0.1279]  x
  target_position        = [0.1500, 0.0000, 0.0200]  x
  reward                 = -0.0879                x
  is_success             = False                  x
  obstacle_in_path       = False                  x
  obstacle_count_in_path = 0                      x
  obstacles              = {}                     x
  objects                = {'object_1': {'type': 'box', 'size': [0.04, 0.04, 0.04], 'mass': 1.0, 'color': [0.1, 0.2, 0.9, 1.0], 'initial_position': [-0.25, 0.0, 0.02], 'lateral_friction': 0.5, 'spinning_friction': 0.001, 'current_position': [0.1394300245350082, 0.01137349855920449, 0.10647297657732013]}, 'unknown_object': {'type': 'box', 'size': [0.04, 0.01, 0.04], 'mass': 0.3, 'color': [0.9, 0.4, 0.1, 1.0], 'initial_position': [-0.25, 0.02, 0.02], 'lateral_friction': 0.5, 'spinning_friction': 0.001, 'current_position': [0.13706087584832774, 0.036369277192842886, 0.1065534771825219]}}  x
  scripts                = {'script_1': True, 'reach_only': True, 'left_right': True}  x
  target_goal            = {'type': 'goal_sequence', 'targets': [{'name': 'target', 'position': [0.15000000596046448, 0.0, 0.019999999552965164]}], 'mode': 'goal_sequence'}  x
  scene                  = {'table': {'length': 1.1, 'width': 0.7, 'height': 0.4, 'x_offset': -0.3, 'lateral_friction': 3.0, 'spinning_friction': 0.001}}  x
  robot_config           = {'control_type': 'ee', 'block_gripper': False, 'base_position': [-0.6, 0.0, 0.05]}  x
  current_task           = OBJECT_DELIVERY_SEQUENCE  x
  current_subtask        = TRANSPORT_OBJECT       x
  active_target_name     = target                 x
  action                 = [0.2822, 0.0006, 0.9593, -1.0000]  x
  joint_angles           = [0.0002, 0.8941, -0.0004, -1.2564, 0.0003, 2.0673, 0.7853]  x
  joint_velocities       = [0.0000, 0.2245, -0.0001, 0.0586, 0.0002, 0.1631, -0.0002]  x
  cube_rotation          = [0.0123, 0.0309, -0.0111]  x
  cube_linear_velocity   = [0.0057, -0.0013, -0.1277]  x
  obstacle_positions     = {}                     x
[step=  41 11:23:21.786][Analyzer] ASM node=grasp_object  goal_status=not_applicable
[step=  42 11:23:22.944][Manager] ep=1 subtask=TRANSPORT_OBJECT reward=-0.0878
[step=  42 11:23:22.944][Perception]
  RAW PERCEPTION                                  MONITORED PARAMS
  ----------------------------------------------  --------------------------------------
  fingers_width         = 0.0476 m                gripper_width_cm      = 4 cm
  dist_ee_to_cube       = 0.0124 m                distance_ee_object_cm = 1 cm
  dist_cube_to_target   = 0.0878 m  (3D)          distance_obj_goal_cm  = 1 cm  (XY)
  cube_position (z)     = 0.1068 m                object_lift_height_cm = 8 cm
  cube_position (xy)    = [0.142, 0.011]          grasp_completed       = 0
  finger_contacts (raw) = 1                       finger_contacts       = 1
  x                                               grasp_attempts        = 0
  episode                = 1                      x
  step                   = 42                     x
  ee_position            = [0.1375, -0.0000, 0.1067]  x
  ee_velocity            = [0.0602, -0.0000, 0.1233]  x
  target_position        = [0.1500, 0.0000, 0.0200]  x
  reward                 = -0.0878                x
  is_success             = False                  x
  obstacle_in_path       = False                  x
  obstacle_count_in_path = 0                      x
  obstacles              = {}                     x
  objects                = {'object_1': {'type': 'box', 'size': [0.04, 0.04, 0.04], 'mass': 1.0, 'color': [0.1, 0.2, 0.9, 1.0], 'initial_position': [-0.25, 0.0, 0.02], 'lateral_friction': 0.5, 'spinning_friction': 0.001, 'current_position': [0.14241763377852015, 0.011322055612800594, 0.10678642389011533]}, 'unknown_object': {'type': 'box', 'size': [0.04, 0.01, 0.04], 'mass': 0.3, 'color': [0.9, 0.4, 0.1, 1.0], 'initial_position': [-0.25, 0.02, 0.02], 'lateral_friction': 0.5, 'spinning_friction': 0.001, 'current_position': [0.140061486306105, 0.03632272104068301, 0.10682582981255717]}}  x
  scripts                = {'script_1': True, 'reach_only': True, 'left_right': True}  x
  target_goal            = {'type': 'goal_sequence', 'targets': [{'name': 'target', 'position': [0.15000000596046448, 0.0, 0.019999999552965164]}], 'mode': 'goal_sequence'}  x
  scene                  = {'table': {'length': 1.1, 'width': 0.7, 'height': 0.4, 'x_offset': -0.3, 'lateral_friction': 3.0, 'spinning_friction': 0.001}}  x
  robot_config           = {'control_type': 'ee', 'block_gripper': False, 'base_position': [-0.6, 0.0, 0.05]}  x
  current_task           = OBJECT_DELIVERY_SEQUENCE  x
  current_subtask        = TRANSPORT_OBJECT       x
  active_target_name     = target                 x
  action                 = [0.2086, 0.0006, 0.9780, -1.0000]  x
  joint_angles           = [0.0002, 0.8953, -0.0004, -1.2561, 0.0003, 2.0820, 0.7852]  x
  joint_velocities       = [0.0001, -0.1550, -0.0002, 0.0018, 0.0002, 0.1125, -0.0002]  x
  cube_rotation          = [0.0128, 0.0173, -0.0105]  x
  cube_linear_velocity   = [0.0599, -0.0012, 0.1248]  x
  obstacle_positions     = {}                     x
[step=  42 11:23:22.947][Analyzer] ASM node=grasp_object  goal_status=not_applicable
[step=  43 11:23:24.104][Manager] ep=1 subtask=TRANSPORT_OBJECT reward=-0.0979
[step=  43 11:23:24.104][Perception]
  RAW PERCEPTION                                  MONITORED PARAMS
  ----------------------------------------------  --------------------------------------
  fingers_width         = 0.0476 m                gripper_width_cm      = 4 cm
  dist_ee_to_cube       = 0.0124 m                distance_ee_object_cm = 1 cm
  dist_cube_to_target   = 0.0979 m  (3D)          distance_obj_goal_cm  = 1 cm  (XY)
  cube_position (z)     = 0.1171 m                object_lift_height_cm = 9 cm
  cube_position (xy)    = [0.146, 0.011]          grasp_completed       = 0
  finger_contacts (raw) = 1                       finger_contacts       = 1
  x                                               grasp_attempts        = 0
  episode                = 1                      x
  step                   = 43                     x
  ee_position            = [0.1408, -0.0001, 0.1164]  x
  ee_velocity            = [0.1134, -0.0000, 0.3776]  x
  target_position        = [0.1500, 0.0000, 0.0200]  x
  reward                 = -0.0979                x
  is_success             = False                  x
  obstacle_in_path       = False                  x
  obstacle_count_in_path = 0                      x
  obstacles              = {}                     x
  objects                = {'object_1': {'type': 'box', 'size': [0.04, 0.04, 0.04], 'mass': 1.0, 'color': [0.1, 0.2, 0.9, 1.0], 'initial_position': [-0.25, 0.0, 0.02], 'lateral_friction': 0.5, 'spinning_friction': 0.001, 'current_position': [0.14586299125065627, 0.011273851509365468, 0.11712698897398857]}, 'unknown_object': {'type': 'box', 'size': [0.04, 0.01, 0.04], 'mass': 0.3, 'color': [0.9, 0.4, 0.1, 1.0], 'initial_position': [-0.25, 0.02, 0.02], 'lateral_friction': 0.5, 'spinning_friction': 0.001, 'current_position': [0.14352252001492502, 0.036272629349921225, 0.11712244504149572]}}  x
  scripts                = {'script_1': True, 'reach_only': True, 'left_right': True}  x
  target_goal            = {'type': 'goal_sequence', 'targets': [{'name': 'target', 'position': [0.15000000596046448, 0.0, 0.019999999552965164]}], 'mode': 'goal_sequence'}  x
  scene                  = {'table': {'length': 1.1, 'width': 0.7, 'height': 0.4, 'x_offset': -0.3, 'lateral_friction': 3.0, 'spinning_friction': 0.001}}  x
  robot_config           = {'control_type': 'ee', 'block_gripper': False, 'base_position': [-0.6, 0.0, 0.05]}  x
  current_task           = OBJECT_DELIVERY_SEQUENCE  x
  current_subtask        = TRANSPORT_OBJECT       x
  active_target_name     = target                 x
  action                 = [0.1702, 0.0007, 0.9854, -1.0000]  x
  joint_angles           = [0.0002, 0.8817, -0.0004, -1.2561, 0.0003, 2.0839, 0.7852]  x
  joint_velocities       = [0.0001, -0.5078, -0.0002, 0.0006, 0.0002, 0.0147, -0.0001]  x
  cube_rotation          = [0.0133, 0.0016, -0.0098]  x
  cube_linear_velocity   = [0.1129, -0.0012, 0.3803]  x
  obstacle_positions     = {}                     x
[step=  43 11:23:24.107][Analyzer] ASM node=grasp_object  goal_status=not_applicable
[step=  44 11:23:25.303][Manager] ep=1 subtask=TRANSPORT_OBJECT reward=-0.1182
[step=  44 11:23:25.304][Perception]
  RAW PERCEPTION                                  MONITORED PARAMS
  ----------------------------------------------  --------------------------------------
  fingers_width         = 0.0476 m                gripper_width_cm      = 4 cm
  dist_ee_to_cube       = 0.0124 m                distance_ee_object_cm = 1 cm
  dist_cube_to_target   = 0.1182 m  (3D)          distance_obj_goal_cm  = 1 cm  (XY)
  cube_position (z)     = 0.1377 m                object_lift_height_cm = 11 cm
  cube_position (xy)    = [0.150, 0.011]          grasp_completed       = 0
  finger_contacts (raw) = 1                       finger_contacts       = 1
  x                                               grasp_attempts        = 0
  episode                = 1                      x
  step                   = 44                     x
  ee_position            = [0.1445, -0.0000, 0.1364]  x
  ee_velocity            = [0.1533, 0.0000, 0.6359]  x
  target_position        = [0.1500, 0.0000, 0.0200]  x
  reward                 = -0.1182                x
  is_success             = False                  x
  obstacle_in_path       = False                  x
  obstacle_count_in_path = 0                      x
  obstacles              = {}                     x
  objects                = {'object_1': {'type': 'box', 'size': [0.04, 0.04, 0.04], 'mass': 1.0, 'color': [0.1, 0.2, 0.9, 1.0], 'initial_position': [-0.25, 0.0, 0.02], 'lateral_friction': 0.5, 'spinning_friction': 0.001, 'current_position': [0.14963384884754222, 0.011227322793850142, 0.13768180419626475]}, 'unknown_object': {'type': 'box', 'size': [0.04, 0.01, 0.04], 'mass': 0.3, 'color': [0.9, 0.4, 0.1, 1.0], 'initial_position': [-0.25, 0.02, 0.02], 'lateral_friction': 0.5, 'spinning_friction': 0.001, 'current_position': [0.14730964852939385, 0.03622465365528006, 0.13763182708489097]}}  x
  scripts                = {'script_1': True, 'reach_only': True, 'left_right': True}  x
  target_goal            = {'type': 'goal_sequence', 'targets': [{'name': 'target', 'position': [0.15000000596046448, 0.0, 0.019999999552965164]}], 'mode': 'goal_sequence'}  x
  scene                  = {'table': {'length': 1.1, 'width': 0.7, 'height': 0.4, 'x_offset': -0.3, 'lateral_friction': 3.0, 'spinning_friction': 0.001}}  x
  robot_config           = {'control_type': 'ee', 'block_gripper': False, 'base_position': [-0.6, 0.0, 0.05]}  x
  current_task           = OBJECT_DELIVERY_SEQUENCE  x
  current_subtask        = TRANSPORT_OBJECT       x
  active_target_name     = target                 x
  action                 = [0.1446, 0.0008, 0.9895, -1.0000]  x
  joint_angles           = [0.0003, 0.8549, -0.0005, -1.2523, 0.0003, 2.0699, 0.7852]  x
  joint_velocities       = [0.0002, -0.8483, -0.0003, 0.0287, 0.0001, -0.1076, -0.0000]  x
  cube_rotation          = [0.0137, -0.0149, -0.0092]  x
  cube_linear_velocity   = [0.1526, -0.0011, 0.6399]  x
  obstacle_positions     = {}                     x
[step=  44 11:23:25.307][Analyzer] ASM node=grasp_object  goal_status=not_applicable
[step=  45 11:23:26.450][Manager] ep=1 subtask=TRANSPORT_OBJECT reward=-0.1491
[step=  45 11:23:26.450][Perception]
  RAW PERCEPTION                                  MONITORED PARAMS
  ----------------------------------------------  --------------------------------------
  fingers_width         = 0.0476 m                gripper_width_cm      = 4 cm
  dist_ee_to_cube       = 0.0125 m                distance_ee_object_cm = 1 cm
  dist_cube_to_target   = 0.1491 m  (3D)          distance_obj_goal_cm  = 1 cm  (XY)
  cube_position (z)     = 0.1687 m                object_lift_height_cm = 14 cm
  cube_position (xy)    = [0.153, 0.011]          grasp_completed       = 0
  finger_contacts (raw) = 1                       finger_contacts       = 1
  x                                               grasp_attempts        = 0
  episode                = 1                      x
  step                   = 45                     x
  ee_position            = [0.1481, -0.0000, 0.1668]  x
  ee_velocity            = [0.1694, 0.0001, 0.8991]  x
  target_position        = [0.1500, 0.0000, 0.0200]  x
  reward                 = -0.1491                x
  is_success             = False                  x
  obstacle_in_path       = False                  x
  obstacle_count_in_path = 0                      x
  obstacles              = {}                     x
  objects                = {'object_1': {'type': 'box', 'size': [0.04, 0.04, 0.04], 'mass': 1.0, 'color': [0.1, 0.2, 0.9, 1.0], 'initial_position': [-0.25, 0.0, 0.02], 'lateral_friction': 0.5, 'spinning_friction': 0.001, 'current_position': [0.1532021561938317, 0.011182352211946434, 0.16868128499307453]}, 'unknown_object': {'type': 'box', 'size': [0.04, 0.01, 0.04], 'mass': 0.3, 'color': [0.9, 0.4, 0.1, 1.0], 'initial_position': [-0.25, 0.02, 0.02], 'lateral_friction': 0.5, 'spinning_friction': 0.001, 'current_position': [0.15089478553025562, 0.03617850919764154, 0.1685845438035723]}}  x
  scripts                = {'script_1': True, 'reach_only': True, 'left_right': True}  x
  target_goal            = {'type': 'goal_sequence', 'targets': [{'name': 'target', 'position': [0.15000000596046448, 0.0, 0.019999999552965164]}], 'mode': 'goal_sequence'}  x
  scene                  = {'table': {'length': 1.1, 'width': 0.7, 'height': 0.4, 'x_offset': -0.3, 'lateral_friction': 3.0, 'spinning_friction': 0.001}}  x
  robot_config           = {'control_type': 'ee', 'block_gripper': False, 'base_position': [-0.6, 0.0, 0.05]}  x
  current_task           = OBJECT_DELIVERY_SEQUENCE  x
  current_subtask        = TRANSPORT_OBJECT       x
  active_target_name     = target                 x
  action                 = [0.1269, 0.0011, 0.9919, -1.0000]  x
  joint_angles           = [0.0003, 0.8164, -0.0005, -1.2420, 0.0004, 2.0383, 0.7852]  x
  joint_velocities       = [0.0003, -1.1800, -0.0004, 0.0796, 0.0001, -0.2430, 0.0001]  x
  cube_rotation          = [0.0141, -0.0322, -0.0085]  x
  cube_linear_velocity   = [0.1684, -0.0011, 0.9043]  x
  obstacle_positions     = {}                     x
[step=  45 11:23:26.453][Analyzer] ASM node=grasp_object  goal_status=not_applicable
[step=  46 11:23:27.598][Manager] ep=1 subtask=PLACE_OBJECT reward=-0.1607
[step=  46 11:23:27.599][Perception]
  RAW PERCEPTION                                  MONITORED PARAMS
  ----------------------------------------------  --------------------------------------
  fingers_width         = 0.0476 m                gripper_width_cm      = 4 cm
  dist_ee_to_cube       = 0.0121 m                distance_ee_object_cm = 1 cm
  dist_cube_to_target   = 0.1607 m  (3D)          distance_obj_goal_cm  = 1 cm  (XY)
  cube_position (z)     = 0.1801 m                object_lift_height_cm = 16 cm
  cube_position (xy)    = [0.159, 0.011]          grasp_completed       = 0
  finger_contacts (raw) = 1                       finger_contacts       = 1
  x                                               grasp_attempts        = 0
  episode                = 1                      x
  step                   = 46                     x
  ee_position            = [0.1538, -0.0001, 0.1804]  x
  ee_velocity            = [-0.0353, -0.0002, -0.2859]  x
  target_position        = [0.1500, 0.0000, 0.0200]  x
  reward                 = -0.1607                x
  is_success             = False                  x
  obstacle_in_path       = False                  x
  obstacle_count_in_path = 0                      x
  obstacles              = {}                     x
  objects                = {'object_1': {'type': 'box', 'size': [0.04, 0.04, 0.04], 'mass': 1.0, 'color': [0.1, 0.2, 0.9, 1.0], 'initial_position': [-0.25, 0.0, 0.02], 'lateral_friction': 0.5, 'spinning_friction': 0.001, 'current_position': [0.1585335451031679, 0.01113741791501119, 0.1801210782912126]}, 'unknown_object': {'type': 'box', 'size': [0.04, 0.01, 0.04], 'mass': 0.3, 'color': [0.9, 0.4, 0.1, 1.0], 'initial_position': [-0.25, 0.02, 0.02], 'lateral_friction': 0.5, 'spinning_friction': 0.001, 'current_position': [0.15624479990006737, 0.03613211559787496, 0.17993309556977385]}}  x
  scripts                = {'script_1': True, 'reach_only': True, 'left_right': True}  x
  target_goal            = {'type': 'goal_sequence', 'targets': [{'name': 'target', 'position': [0.15000000596046448, 0.0, 0.019999999552965164]}], 'mode': 'goal_sequence'}  x
  scene                  = {'table': {'length': 1.1, 'width': 0.7, 'height': 0.4, 'x_offset': -0.3, 'lateral_friction': 3.0, 'spinning_friction': 0.001}}  x
  robot_config           = {'control_type': 'ee', 'block_gripper': False, 'base_position': [-0.6, 0.0, 0.05]}  x
  current_task           = OBJECT_DELIVERY_SEQUENCE  x
  current_subtask        = PLACE_OBJECT           x
  active_target_name     = target                 x
  action                 = [0.0000, 0.0000, 0.0000, -1.0000]  x
  joint_angles           = [0.0003, 0.7992, -0.0005, -1.2502, 0.0004, 2.0629, 0.7852]  x
  joint_velocities       = [-0.0002, 0.3627, -0.0001, -0.0632, 0.0003, 0.1896, -0.0005]  x
  cube_rotation          = [0.0145, -0.0666, -0.0079]  x
  cube_linear_velocity   = [-0.0356, -0.0011, -0.2868]  x
  obstacle_positions     = {}                     x
[step=  46 11:23:27.601][Analyzer] ASM node=grasp_object  goal_status=not_applicable
[step=  47 11:23:28.756][Manager] ep=1 subtask=PLACE_OBJECT reward=-0.1519
[step=  47 11:23:28.757][Perception]
  RAW PERCEPTION                                  MONITORED PARAMS
  ----------------------------------------------  --------------------------------------
  fingers_width         = 0.0476 m                gripper_width_cm      = 4 cm
  dist_ee_to_cube       = 0.0121 m                distance_ee_object_cm = 1 cm
  dist_cube_to_target   = 0.1519 m  (3D)          distance_obj_goal_cm  = 1 cm  (XY)
  cube_position (z)     = 0.1713 m                object_lift_height_cm = 15 cm
  cube_position (xy)    = [0.156, 0.011]          grasp_completed       = 0
  finger_contacts (raw) = 1                       finger_contacts       = 1
  x                                               grasp_attempts        = 0
  episode                = 1                      x
  step                   = 47                     x
  ee_position            = [0.1517, -0.0001, 0.1713]  x
  ee_velocity            = [-0.0222, -0.0003, -0.0936]  x
  target_position        = [0.1500, 0.0000, 0.0200]  x
  reward                 = -0.1519                x
  is_success             = False                  x
  obstacle_in_path       = False                  x
  obstacle_count_in_path = 0                      x
  obstacles              = {}                     x
  objects                = {'object_1': {'type': 'box', 'size': [0.04, 0.04, 0.04], 'mass': 1.0, 'color': [0.1, 0.2, 0.9, 1.0], 'initial_position': [-0.25, 0.0, 0.02], 'lateral_friction': 0.5, 'spinning_friction': 0.001, 'current_position': [0.15642846924763076, 0.011093019866115486, 0.1713335952913816]}, 'unknown_object': {'type': 'box', 'size': [0.04, 0.01, 0.04], 'mass': 0.3, 'color': [0.9, 0.4, 0.1, 1.0], 'initial_position': [-0.25, 0.02, 0.02], 'lateral_friction': 0.5, 'spinning_friction': 0.001, 'current_position': [0.1541530660383629, 0.036086165004943105, 0.1711711802340598]}}  x
  scripts                = {'script_1': True, 'reach_only': True, 'left_right': True}  x
  target_goal            = {'type': 'goal_sequence', 'targets': [{'name': 'target', 'position': [0.15000000596046448, 0.0, 0.019999999552965164]}], 'mode': 'goal_sequence'}  x
  scene                  = {'table': {'length': 1.1, 'width': 0.7, 'height': 0.4, 'x_offset': -0.3, 'lateral_friction': 3.0, 'spinning_friction': 0.001}}  x
  robot_config           = {'control_type': 'ee', 'block_gripper': False, 'base_position': [-0.6, 0.0, 0.05]}  x
  current_task           = OBJECT_DELIVERY_SEQUENCE  x
  current_subtask        = PLACE_OBJECT           x
  active_target_name     = target                 x
  action                 = [0.0000, 0.0000, -0.1500, -1.0000]  x
  joint_angles           = [0.0003, 0.8122, -0.0006, -1.2469, 0.0004, 2.0578, 0.7851]  x
  joint_velocities       = [-0.0001, 0.1357, -0.0003, 0.0255, 0.0001, -0.0398, -0.0003]  x
  cube_rotation          = [0.0146, -0.0518, -0.0072]  x
  cube_linear_velocity   = [-0.0226, -0.0011, -0.0941]  x
  obstacle_positions     = {}                     x
[step=  47 11:23:28.761][Analyzer] ASM node=grasp_object  goal_status=not_applicable
[step=  48 11:23:29.917][Manager] ep=1 subtask=PLACE_OBJECT reward=-0.1439
[step=  48 11:23:29.917][Perception]
  RAW PERCEPTION                                  MONITORED PARAMS
  ----------------------------------------------  --------------------------------------
  fingers_width         = 0.0478 m                gripper_width_cm      = 4 cm
  dist_ee_to_cube       = 0.0122 m                distance_ee_object_cm = 1 cm
  dist_cube_to_target   = 0.1439 m  (3D)          distance_obj_goal_cm  = 1 cm  (XY)
  cube_position (z)     = 0.1633 m                object_lift_height_cm = 14 cm
  cube_position (xy)    = [0.156, 0.011]          grasp_completed       = 0
  finger_contacts (raw) = 1                       finger_contacts       = 1
  x                                               grasp_attempts        = 0
  episode                = 1                      x
  step                   = 48                     x
  ee_position            = [0.1517, -0.0001, 0.1633]  x
  ee_velocity            = [-0.0083, -0.0003, -0.0983]  x
  target_position        = [0.1500, 0.0000, 0.0200]  x
  reward                 = -0.1439                x
  is_success             = False                  x
  obstacle_in_path       = False                  x
  obstacle_count_in_path = 0                      x
  obstacles              = {}                     x
  objects                = {'object_1': {'type': 'box', 'size': [0.04, 0.04, 0.04], 'mass': 1.0, 'color': [0.1, 0.2, 0.9, 1.0], 'initial_position': [-0.25, 0.0, 0.02], 'lateral_friction': 0.5, 'spinning_friction': 0.001, 'current_position': [0.15646520022073754, 0.011063946897740123, 0.16329066062775313]}, 'unknown_object': {'type': 'box', 'size': [0.04, 0.01, 0.04], 'mass': 0.3, 'color': [0.9, 0.4, 0.1, 1.0], 'initial_position': [-0.25, 0.02, 0.02], 'lateral_friction': 0.5, 'spinning_friction': 0.001, 'current_position': [0.15420433343068315, 0.03605403204026088, 0.16312005513541283]}}  x
  scripts                = {'script_1': True, 'reach_only': True, 'left_right': True}  x
  target_goal            = {'type': 'goal_sequence', 'targets': [{'name': 'target', 'position': [0.15000000596046448, 0.0, 0.019999999552965164]}], 'mode': 'goal_sequence'}  x
  scene                  = {'table': {'length': 1.1, 'width': 0.7, 'height': 0.4, 'x_offset': -0.3, 'lateral_friction': 3.0, 'spinning_friction': 0.001}}  x
  robot_config           = {'control_type': 'ee', 'block_gripper': False, 'base_position': [-0.6, 0.0, 0.05]}  x
  current_task           = OBJECT_DELIVERY_SEQUENCE  x
  current_subtask        = PLACE_OBJECT           x
  active_target_name     = target                 x
  action                 = [0.0000, 0.0000, -0.1500, -1.0000]  x
  joint_angles           = [0.0002, 0.8231, -0.0006, -1.2487, 0.0004, 2.0694, 0.7851]  x
  joint_velocities       = [-0.0002, 0.1322, -0.0002, -0.0145, 0.0003, 0.0891, -0.0005]  x
  cube_rotation          = [0.0149, -0.0507, -0.0064]  x
  cube_linear_velocity   = [-0.0086, -0.0002, -0.0982]  x
  obstacle_positions     = {}                     x
[step=  48 11:23:29.921][Analyzer] ASM node=grasp_object  goal_status=not_applicable
[step=  49 11:23:31.090][Manager] ep=1 subtask=PLACE_OBJECT reward=-0.1359
[step=  49 11:23:31.090][Perception]
  RAW PERCEPTION                                  MONITORED PARAMS
  ----------------------------------------------  --------------------------------------
  fingers_width         = 0.0481 m                gripper_width_cm      = 4 cm
  dist_ee_to_cube       = 0.0122 m                distance_ee_object_cm = 1 cm
  dist_cube_to_target   = 0.1359 m  (3D)          distance_obj_goal_cm  = 1 cm  (XY)
  cube_position (z)     = 0.1553 m                object_lift_height_cm = 13 cm
  cube_position (xy)    = [0.157, 0.011]          grasp_completed       = 0
  finger_contacts (raw) = 1                       finger_contacts       = 1
  x                                               grasp_attempts        = 0
  episode                = 1                      x
  step                   = 49                     x
  ee_position            = [0.1519, -0.0002, 0.1552]  x
  ee_velocity            = [-0.0079, -0.0003, -0.0981]  x
  target_position        = [0.1500, 0.0000, 0.0200]  x
  reward                 = -0.1359                x
  is_success             = False                  x
  obstacle_in_path       = False                  x
  obstacle_count_in_path = 0                      x
  obstacles              = {}                     x
  objects                = {'object_1': {'type': 'box', 'size': [0.04, 0.04, 0.04], 'mass': 1.0, 'color': [0.1, 0.2, 0.9, 1.0], 'initial_position': [-0.25, 0.0, 0.02], 'lateral_friction': 0.5, 'spinning_friction': 0.001, 'current_position': [0.1565835772797031, 0.011040950116117006, 0.15525437604700518]}, 'unknown_object': {'type': 'box', 'size': [0.04, 0.01, 0.04], 'mass': 0.3, 'color': [0.9, 0.4, 0.1, 1.0], 'initial_position': [-0.25, 0.02, 0.02], 'lateral_friction': 0.5, 'spinning_friction': 0.001, 'current_position': [0.1543382220491966, 0.0360276607400143, 0.15507231486508236]}}  x
  scripts                = {'script_1': True, 'reach_only': True, 'left_right': True}  x
  target_goal            = {'type': 'goal_sequence', 'targets': [{'name': 'target', 'position': [0.15000000596046448, 0.0, 0.019999999552965164]}], 'mode': 'goal_sequence'}  x
  scene                  = {'table': {'length': 1.1, 'width': 0.7, 'height': 0.4, 'x_offset': -0.3, 'lateral_friction': 3.0, 'spinning_friction': 0.001}}  x
  robot_config           = {'control_type': 'ee', 'block_gripper': False, 'base_position': [-0.6, 0.0, 0.05]}  x
  current_task           = OBJECT_DELIVERY_SEQUENCE  x
  current_subtask        = PLACE_OBJECT           x
  active_target_name     = target                 x
  action                 = [0.0000, 0.0000, -0.1500, -1.0000]  x
  joint_angles           = [0.0002, 0.8340, -0.0006, -1.2509, 0.0005, 2.0822, 0.7850]  x
  joint_velocities       = [-0.0002, 0.1318, -0.0002, -0.0165, 0.0002, 0.0986, -0.0005]  x
  cube_rotation          = [0.0152, -0.0506, -0.0056]  x
  cube_linear_velocity   = [-0.0083, -0.0008, -0.0980]  x
  obstacle_positions     = {}                     x
[step=  49 11:23:31.094][Analyzer] ASM node=grasp_object  goal_status=not_applicable
[step=  50 11:23:32.263][Manager] ep=1 subtask=PLACE_OBJECT reward=-0.1278
[step=  50 11:23:32.264][Perception]
  RAW PERCEPTION                                  MONITORED PARAMS
  ----------------------------------------------  --------------------------------------
  fingers_width         = 0.0482 m                gripper_width_cm      = 4 cm
  dist_ee_to_cube       = 0.0121 m                distance_ee_object_cm = 1 cm
  dist_cube_to_target   = 0.1278 m  (3D)          distance_obj_goal_cm  = 1 cm  (XY)
  cube_position (z)     = 0.1472 m                object_lift_height_cm = 12 cm
  cube_position (xy)    = [0.157, 0.011]          grasp_completed       = 0
  finger_contacts (raw) = 1                       finger_contacts       = 1
  x                                               grasp_attempts        = 0
  episode                = 1                      x
  step                   = 50                     x
  ee_position            = [0.1519, -0.0002, 0.1471]  x
  ee_velocity            = [-0.0091, -0.0003, -0.0999]  x
  target_position        = [0.1500, 0.0000, 0.0200]  x
  reward                 = -0.1278                x
  is_success             = False                  x
  obstacle_in_path       = False                  x
  obstacle_count_in_path = 0                      x
  obstacles              = {}                     x
  objects                = {'object_1': {'type': 'box', 'size': [0.04, 0.04, 0.04], 'mass': 1.0, 'color': [0.1, 0.2, 0.9, 1.0], 'initial_position': [-0.25, 0.0, 0.02], 'lateral_friction': 0.5, 'spinning_friction': 0.001, 'current_position': [0.1566541795949093, 0.011004747125794325, 0.14717904808957535]}, 'unknown_object': {'type': 'box', 'size': [0.04, 0.01, 0.04], 'mass': 0.3, 'color': [0.9, 0.4, 0.1, 1.0], 'initial_position': [-0.25, 0.02, 0.02], 'lateral_friction': 0.5, 'spinning_friction': 0.001, 'current_position': [0.1544251866234072, 0.03598978884426563, 0.14698696976194295]}}  x
  scripts                = {'script_1': True, 'reach_only': True, 'left_right': True}  x
  target_goal            = {'type': 'goal_sequence', 'targets': [{'name': 'target', 'position': [0.15000000596046448, 0.0, 0.019999999552965164]}], 'mode': 'goal_sequence'}  x
  scene                  = {'table': {'length': 1.1, 'width': 0.7, 'height': 0.4, 'x_offset': -0.3, 'lateral_friction': 3.0, 'spinning_friction': 0.001}}  x
  robot_config           = {'control_type': 'ee', 'block_gripper': False, 'base_position': [-0.6, 0.0, 0.05]}  x
  current_task           = OBJECT_DELIVERY_SEQUENCE  x
  current_subtask        = PLACE_OBJECT           x
  active_target_name     = target                 x
  action                 = [0.0000, 0.0000, -0.1500, -1.0000]  x
  joint_angles           = [0.0002, 0.8450, -0.0006, -1.2529, 0.0005, 2.0952, 0.7850]  x
  joint_velocities       = [-0.0002, 0.1350, -0.0002, -0.0154, 0.0002, 0.0997, -0.0005]  x
  cube_rotation          = [0.0156, -0.0506, -0.0050]  x
  cube_linear_velocity   = [-0.0094, -0.0010, -0.0999]  x
  obstacle_positions     = {}                     x
[step=  50 11:23:32.266][Analyzer] ASM node=grasp_object  goal_status=not_applicable
[step=  51 11:23:33.424][Manager] ep=1 subtask=PLACE_OBJECT reward=-0.1198
[step=  51 11:23:33.424][Perception]
  RAW PERCEPTION                                  MONITORED PARAMS
  ----------------------------------------------  --------------------------------------
  fingers_width         = 0.0482 m                gripper_width_cm      = 4 cm
  dist_ee_to_cube       = 0.0121 m                distance_ee_object_cm = 1 cm
  dist_cube_to_target   = 0.1198 m  (3D)          distance_obj_goal_cm  = 1 cm  (XY)
  cube_position (z)     = 0.1391 m                object_lift_height_cm = 11 cm
  cube_position (xy)    = [0.157, 0.011]          grasp_completed       = 0
  finger_contacts (raw) = 1                       finger_contacts       = 1
  x                                               grasp_attempts        = 0
  episode                = 1                      x
  step                   = 51                     x
  ee_position            = [0.1520, -0.0002, 0.1390]  x
  ee_velocity            = [-0.0102, -0.0003, -0.1010]  x
  target_position        = [0.1500, 0.0000, 0.0200]  x
  reward                 = -0.1198                x
  is_success             = False                  x
  obstacle_in_path       = False                  x
  obstacle_count_in_path = 0                      x
  obstacles              = {}                     x
  objects                = {'object_1': {'type': 'box', 'size': [0.04, 0.04, 0.04], 'mass': 1.0, 'color': [0.1, 0.2, 0.9, 1.0], 'initial_position': [-0.25, 0.0, 0.02], 'lateral_friction': 0.5, 'spinning_friction': 0.001, 'current_position': [0.1566611327836556, 0.010964958687862172, 0.13907701863372632]}, 'unknown_object': {'type': 'box', 'size': [0.04, 0.01, 0.04], 'mass': 0.3, 'color': [0.9, 0.4, 0.1, 1.0], 'initial_position': [-0.25, 0.02, 0.02], 'lateral_friction': 0.5, 'spinning_friction': 0.001, 'current_position': [0.15444862071915177, 0.035948642587273025, 0.1388757593870077]}}  x
  scripts                = {'script_1': True, 'reach_only': True, 'left_right': True}  x
  target_goal            = {'type': 'goal_sequence', 'targets': [{'name': 'target', 'position': [0.15000000596046448, 0.0, 0.019999999552965164]}], 'mode': 'goal_sequence'}  x
  scene                  = {'table': {'length': 1.1, 'width': 0.7, 'height': 0.4, 'x_offset': -0.3, 'lateral_friction': 3.0, 'spinning_friction': 0.001}}  x
  robot_config           = {'control_type': 'ee', 'block_gripper': False, 'base_position': [-0.6, 0.0, 0.05]}  x
  current_task           = OBJECT_DELIVERY_SEQUENCE  x
  current_subtask        = PLACE_OBJECT           x
  active_target_name     = target                 x
  action                 = [0.0000, 0.0000, -0.1500, -1.0000]  x
  joint_angles           = [0.0002, 0.8562, -0.0006, -1.2546, 0.0005, 2.1081, 0.7849]  x
  joint_velocities       = [-0.0002, 0.1375, -0.0002, -0.0138, 0.0002, 0.0996, -0.0004]  x
  cube_rotation          = [0.0159, -0.0506, -0.0043]  x
  cube_linear_velocity   = [-0.0106, -0.0010, -0.1011]  x
  obstacle_positions     = {}                     x
[step=  51 11:23:33.428][Analyzer] ASM node=grasp_object  goal_status=not_applicable
[step=  52 11:23:34.557][Manager] ep=1 subtask=PLACE_OBJECT reward=-0.1117
[step=  52 11:23:34.558][Perception]
  RAW PERCEPTION                                  MONITORED PARAMS
  ----------------------------------------------  --------------------------------------
  fingers_width         = 0.0482 m                gripper_width_cm      = 4 cm
  dist_ee_to_cube       = 0.0121 m                distance_ee_object_cm = 1 cm
  dist_cube_to_target   = 0.1117 m  (3D)          distance_obj_goal_cm  = 1 cm  (XY)
  cube_position (z)     = 0.1309 m                object_lift_height_cm = 11 cm
  cube_position (xy)    = [0.157, 0.011]          grasp_completed       = 0
  finger_contacts (raw) = 1                       finger_contacts       = 1
  x                                               grasp_attempts        = 0
  episode                = 1                      x
  step                   = 52                     x
  ee_position            = [0.1519, -0.0002, 0.1309]  x
  ee_velocity            = [-0.0115, -0.0002, -0.1023]  x
  target_position        = [0.1500, 0.0000, 0.0200]  x
  reward                 = -0.1117                x
  is_success             = False                  x
  obstacle_in_path       = False                  x
  obstacle_count_in_path = 0                      x
  obstacles              = {}                     x
  objects                = {'object_1': {'type': 'box', 'size': [0.04, 0.04, 0.04], 'mass': 1.0, 'color': [0.1, 0.2, 0.9, 1.0], 'initial_position': [-0.25, 0.0, 0.02], 'lateral_friction': 0.5, 'spinning_friction': 0.001, 'current_position': [0.15659949072967402, 0.010924511811551959, 0.13094723754868529]}, 'unknown_object': {'type': 'box', 'size': [0.04, 0.01, 0.04], 'mass': 0.3, 'color': [0.9, 0.4, 0.1, 1.0], 'initial_position': [-0.25, 0.02, 0.02], 'lateral_friction': 0.5, 'spinning_friction': 0.001, 'current_position': [0.15440337691050998, 0.035906917154031756, 0.13073743626228385]}}  x
  scripts                = {'script_1': True, 'reach_only': True, 'left_right': True}  x
  target_goal            = {'type': 'goal_sequence', 'targets': [{'name': 'target', 'position': [0.15000000596046448, 0.0, 0.019999999552965164]}], 'mode': 'goal_sequence'}  x
  scene                  = {'table': {'length': 1.1, 'width': 0.7, 'height': 0.4, 'x_offset': -0.3, 'lateral_friction': 3.0, 'spinning_friction': 0.001}}  x
  robot_config           = {'control_type': 'ee', 'block_gripper': False, 'base_position': [-0.6, 0.0, 0.05]}  x
  current_task           = OBJECT_DELIVERY_SEQUENCE  x
  current_subtask        = PLACE_OBJECT           x
  active_target_name     = target                 x
  action                 = [0.0000, 0.0000, -0.1500, -1.0000]  x
  joint_angles           = [0.0001, 0.8676, -0.0007, -1.2562, 0.0006, 2.1210, 0.7848]  x
  joint_velocities       = [-0.0002, 0.1402, -0.0002, -0.0121, 0.0002, 0.0993, -0.0004]  x
  cube_rotation          = [0.0163, -0.0506, -0.0036]  x
  cube_linear_velocity   = [-0.0118, -0.0010, -0.1024]  x
  obstacle_positions     = {}                     x
[step=  52 11:23:34.561][Analyzer] ASM node=grasp_object  goal_status=not_applicable
