[Trace] Gravando em: C:\Users\lucas_alves\Workspace\self-adaptive-arm-simulator\1-manager\traces\trace_20260814_012218.log
[step=   0 01:22:19.343][Manager] GUI conectado.
[step=   0 01:22:19.562][Manager] DejaVu conectado.
[step=   0 01:22:20.844][Manager] Aguardando percepcoes do managing...

[step=   0 01:22:20.861][WsClient] Conectado a ws://localhost:8000/ws/perception
[step=   1 01:22:20.893][Manager] ep=1 subtask=APPROACH_OBJECT reward=-0.4000
[step=   1 01:22:20.894][Perception]
  RAW PERCEPTION                                  MONITORED PARAMS
  ----------------------------------------------  --------------------------------------
  fingers_width         = 0.0703 m                gripper_width_cm      = 7 cm
  dist_ee_to_cube       = 0.3106 m                distance_ee_object_cm = 28 cm
  dist_cube_to_target   = 0.4000 m  (3D)          distance_obj_goal_cm  = 40 cm  (XY)
  cube_position (z)     = 0.0200 m                object_lift_height_cm = 0 cm
  cube_position (xy)    = [-0.250, 0.000]         grasp_completed       = 0
  finger_contacts (raw) = 0                       finger_contacts       = 0
  x                                               grasp_attempts        = 0
  x                                               task_started          = 1
  x                                               object_available      = 1
  x                                               task_aborted          = 0
  episode                = 1                      x
  step                   = 1                      x
  ee_position            = [0.0095, 0.0000, 0.1906]  x
  ee_velocity            = [-0.4160, 0.0005, -0.0497]  x
  target_position        = [0.1500, 0.0000, 0.0200]  x
  reward                 = -0.4000                x
  is_success             = False                  x
  obstacle_in_path       = False                  x
  obstacle_count_in_path = 0                      x
  obstacles              = {}                     x
  objects                = {'object_1': {'type': 'box', 'size': [0.04, 0.04, 0.04], 'mass': 1.0, 'color': [0.1, 0.2, 0.9, 1.0], 'initial_position': [-0.25, 0.0, 0.02], 'lateral_friction': 0.14, 'spinning_friction': 0.001, 'current_position': [-0.2500006382154648, 3.736820161819107e-07, 0.01998952846842175]}}  x
  scripts                = {'script_1': True, 'reach_only': True, 'left_right': True}  x
  target_goal            = {'type': 'goal_sequence', 'targets': [{'name': 'target', 'position': [0.15000000596046448, 0.0, 0.019999999552965164]}], 'mode': 'goal_sequence'}  x
  scene                  = {'table': {'length': 1.1, 'width': 0.7, 'height': 0.4, 'x_offset': -0.3, 'lateral_friction': 3.0, 'spinning_friction': 0.001}}  x
  robot_config           = {'control_type': 'ee', 'block_gripper': False, 'base_position': [-0.6, 0.0, 0.05]}  x
  current_task           = OBJECT_DELIVERY_SEQUENCE  x
  current_subtask        = APPROACH_OBJECT        x
  active_target_name     = target                 x
  action                 = [-0.9839, 0.0000, -0.1787, 1.0000]  x
  joint_angles           = [-0.0006, 0.3402, 0.0006, -1.9788, -0.0003, 2.3185, 0.7862]  x
  joint_velocities       = [-0.0043, -0.9484, 0.0052, -1.5662, -0.0026, 0.4502, -0.0295]  x
  cube_rotation          = [0.0000, -0.0000, -0.0000]  x
  cube_linear_velocity   = [-0.0000, 0.0000, -0.0000]  x
  obstacle_positions     = {}                     x
[step=   1 01:22:20.901][ASM] [PENDING] __init__ → approach_object: condições satisfeitas, aguardando managing
[step=   1 01:22:20.901][ASM] [OK] __init__ → approach_object  (type=domain)
[step=   1 01:22:20.901][Analyzer] ASM node=approach_object  goal_status=ok  (scenario=APPROACH_OBJECT)
[step=   1 01:22:20.906][DejaVu] {'status': 'ok', 'unanticipated': False}
[step=   2 01:22:22.035][Manager] ep=1 subtask=APPROACH_OBJECT reward=-0.4000
[step=   2 01:22:22.036][Perception]
  RAW PERCEPTION                                  MONITORED PARAMS
  ----------------------------------------------  --------------------------------------
  fingers_width         = 0.0788 m                gripper_width_cm      = 7 cm
  dist_ee_to_cube       = 0.2806 m                distance_ee_object_cm = 25 cm
  dist_cube_to_target   = 0.4000 m  (3D)          distance_obj_goal_cm  = 40 cm  (XY)
  cube_position (z)     = 0.0200 m                object_lift_height_cm = 0 cm
  cube_position (xy)    = [-0.250, 0.000]         grasp_completed       = 0
  finger_contacts (raw) = 0                       finger_contacts       = 0
  x                                               grasp_attempts        = 0
  x                                               task_started          = 1
  x                                               object_available      = 1
  x                                               task_aborted          = 0
  episode                = 1                      x
  step                   = 2                      x
  ee_position            = [-0.0225, 0.0000, 0.1842]  x
  ee_velocity            = [-0.3693, 0.0001, -0.0756]  x
  target_position        = [0.1500, 0.0000, 0.0200]  x
  reward                 = -0.4000                x
  is_success             = False                  x
  obstacle_in_path       = False                  x
  obstacle_count_in_path = 0                      x
  obstacles              = {}                     x
  objects                = {'object_1': {'type': 'box', 'size': [0.04, 0.04, 0.04], 'mass': 1.0, 'color': [0.1, 0.2, 0.9, 1.0], 'initial_position': [-0.25, 0.0, 0.02], 'lateral_friction': 0.14, 'spinning_friction': 0.001, 'current_position': [-0.2500007504158555, 8.244176984337467e-07, 0.019989433475159142]}}  x
  scripts                = {'script_1': True, 'reach_only': True, 'left_right': True}  x
  target_goal            = {'type': 'goal_sequence', 'targets': [{'name': 'target', 'position': [0.15000000596046448, 0.0, 0.019999999552965164]}], 'mode': 'goal_sequence'}  x
  scene                  = {'table': {'length': 1.1, 'width': 0.7, 'height': 0.4, 'x_offset': -0.3, 'lateral_friction': 3.0, 'spinning_friction': 0.001}}  x
  robot_config           = {'control_type': 'ee', 'block_gripper': False, 'base_position': [-0.6, 0.0, 0.05]}  x
  current_task           = OBJECT_DELIVERY_SEQUENCE  x
  current_subtask        = APPROACH_OBJECT        x
  active_target_name     = target                 x
  action                 = [-0.9849, -0.0000, -0.1732, 1.0000]  x
  joint_angles           = [-0.0006, 0.2683, 0.0007, -2.1078, -0.0003, 2.3756, 0.7857]  x
  joint_velocities       = [-0.0007, -0.7571, 0.0008, -1.3320, 0.0000, 0.4389, -0.0038]  x
  cube_rotation          = [0.0000, -0.0000, -0.0000]  x
  cube_linear_velocity   = [-0.0000, 0.0000, -0.0000]  x
  obstacle_positions     = {}                     x
[step=   2 01:22:22.039][Analyzer] ASM node=approach_object  goal_status=not_applicable
[step=   2 01:22:22.042][DejaVu] {'status': 'ok', 'unanticipated': False}
[step=   3 01:22:23.183][Manager] ep=1 subtask=APPROACH_OBJECT reward=-0.4000
[step=   3 01:22:23.184][Perception]
  RAW PERCEPTION                                  MONITORED PARAMS
  ----------------------------------------------  --------------------------------------
  fingers_width         = 0.0799 m                gripper_width_cm      = 7 cm
  dist_ee_to_cube       = 0.2501 m                distance_ee_object_cm = 22 cm
  dist_cube_to_target   = 0.4000 m  (3D)          distance_obj_goal_cm  = 40 cm  (XY)
  cube_position (z)     = 0.0200 m                object_lift_height_cm = 0 cm
  cube_position (xy)    = [-0.250, 0.000]         grasp_completed       = 0
  finger_contacts (raw) = 0                       finger_contacts       = 0
  x                                               grasp_attempts        = 0
  x                                               task_started          = 1
  x                                               object_available      = 1
  x                                               task_aborted          = 0
  episode                = 1                      x
  step                   = 3                      x
  ee_position            = [-0.0556, 0.0000, 0.1774]  x
  ee_velocity            = [-0.3892, 0.0002, -0.0654]  x
  target_position        = [0.1500, 0.0000, 0.0200]  x
  reward                 = -0.4000                x
  is_success             = False                  x
  obstacle_in_path       = False                  x
  obstacle_count_in_path = 0                      x
  obstacles              = {}                     x
  objects                = {'object_1': {'type': 'box', 'size': [0.04, 0.04, 0.04], 'mass': 1.0, 'color': [0.1, 0.2, 0.9, 1.0], 'initial_position': [-0.25, 0.0, 0.02], 'lateral_friction': 0.14, 'spinning_friction': 0.001, 'current_position': [-0.2500007855749166, 1.2751467347975933e-06, 0.019989415568297347]}}  x
  scripts                = {'script_1': True, 'reach_only': True, 'left_right': True}  x
  target_goal            = {'type': 'goal_sequence', 'targets': [{'name': 'target', 'position': [0.15000000596046448, 0.0, 0.019999999552965164]}], 'mode': 'goal_sequence'}  x
  scene                  = {'table': {'length': 1.1, 'width': 0.7, 'height': 0.4, 'x_offset': -0.3, 'lateral_friction': 3.0, 'spinning_friction': 0.001}}  x
  robot_config           = {'control_type': 'ee', 'block_gripper': False, 'base_position': [-0.6, 0.0, 0.05]}  x
  current_task           = OBJECT_DELIVERY_SEQUENCE  x
  current_subtask        = APPROACH_OBJECT        x
  active_target_name     = target                 x
  action                 = [-0.9855, -0.0001, -0.1699, 1.0000]  x
  joint_angles           = [-0.0007, 0.1972, 0.0007, -2.2343, -0.0002, 2.4311, 0.7856]  x
  joint_velocities       = [-0.0002, -0.8030, 0.0006, -1.3457, 0.0004, 0.4268, -0.0006]  x
  cube_rotation          = [0.0000, -0.0000, -0.0000]  x
  cube_linear_velocity   = [-0.0000, 0.0000, -0.0000]  x
  obstacle_positions     = {}                     x
[step=   3 01:22:23.187][Analyzer] ASM node=approach_object  goal_status=not_applicable
[step=   3 01:22:23.191][DejaVu] {'status': 'ok', 'unanticipated': False}
[step=   4 01:22:24.328][Manager] ep=1 subtask=APPROACH_OBJECT reward=-0.4000
[step=   4 01:22:24.328][Perception]
  RAW PERCEPTION                                  MONITORED PARAMS
  ----------------------------------------------  --------------------------------------
  fingers_width         = 0.0800 m                gripper_width_cm      = 7 cm
  dist_ee_to_cube       = 0.2199 m                distance_ee_object_cm = 19 cm
  dist_cube_to_target   = 0.4000 m  (3D)          distance_obj_goal_cm  = 40 cm  (XY)
  cube_position (z)     = 0.0200 m                object_lift_height_cm = 0 cm
  cube_position (xy)    = [-0.250, 0.000]         grasp_completed       = 0
  finger_contacts (raw) = 0                       finger_contacts       = 0
  x                                               grasp_attempts        = 0
  x                                               task_started          = 1
  x                                               object_available      = 1
  x                                               task_aborted          = 0
  episode                = 1                      x
  step                   = 4                      x
  ee_position            = [-0.0897, 0.0001, 0.1706]  x
  ee_velocity            = [-0.4008, 0.0003, -0.0701]  x
  target_position        = [0.1500, 0.0000, 0.0200]  x
  reward                 = -0.4000                x
  is_success             = False                  x
  obstacle_in_path       = False                  x
  obstacle_count_in_path = 0                      x
  obstacles              = {}                     x
  objects                = {'object_1': {'type': 'box', 'size': [0.04, 0.04, 0.04], 'mass': 1.0, 'color': [0.1, 0.2, 0.9, 1.0], 'initial_position': [-0.25, 0.0, 0.02], 'lateral_friction': 0.14, 'spinning_friction': 0.001, 'current_position': [-0.25000080621045623, 1.7258736698106592e-06, 0.019989412192645828]}}  x
  scripts                = {'script_1': True, 'reach_only': True, 'left_right': True}  x
  target_goal            = {'type': 'goal_sequence', 'targets': [{'name': 'target', 'position': [0.15000000596046448, 0.0, 0.019999999552965164]}], 'mode': 'goal_sequence'}  x
  scene                  = {'table': {'length': 1.1, 'width': 0.7, 'height': 0.4, 'x_offset': -0.3, 'lateral_friction': 3.0, 'spinning_friction': 0.001}}  x
  robot_config           = {'control_type': 'ee', 'block_gripper': False, 'base_position': [-0.6, 0.0, 0.05]}  x
  current_task           = OBJECT_DELIVERY_SEQUENCE  x
  current_subtask        = APPROACH_OBJECT        x
  active_target_name     = target                 x
  action                 = [-0.9864, -0.0002, -0.1645, 1.0000]  x
  joint_angles           = [-0.0007, 0.1263, 0.0008, -2.3582, -0.0002, 2.4846, 0.7856]  x
  joint_velocities       = [-0.0002, -0.8024, 0.0008, -1.3278, 0.0005, 0.4108, -0.0002]  x
  cube_rotation          = [0.0000, -0.0000, -0.0000]  x
  cube_linear_velocity   = [-0.0000, 0.0000, -0.0000]  x
  obstacle_positions     = {}                     x
[step=   4 01:22:24.331][Analyzer] ASM node=approach_object  goal_status=not_applicable
[step=   4 01:22:24.334][DejaVu] {'status': 'ok', 'unanticipated': False}
[step=   5 01:22:25.503][Manager] ep=1 subtask=APPROACH_OBJECT reward=-0.4000
[step=   5 01:22:25.504][Perception]
  RAW PERCEPTION                                  MONITORED PARAMS
  ----------------------------------------------  --------------------------------------
  fingers_width         = 0.0800 m                gripper_width_cm      = 7 cm
  dist_ee_to_cube       = 0.1900 m                distance_ee_object_cm = 16 cm
  dist_cube_to_target   = 0.4000 m  (3D)          distance_obj_goal_cm  = 40 cm  (XY)
  cube_position (z)     = 0.0200 m                object_lift_height_cm = 0 cm
  cube_position (xy)    = [-0.250, 0.000]         grasp_completed       = 0
  finger_contacts (raw) = 0                       finger_contacts       = 0
  x                                               grasp_attempts        = 0
  x                                               task_started          = 1
  x                                               object_available      = 1
  x                                               task_aborted          = 0
  episode                = 1                      x
  step                   = 5                      x
  ee_position            = [-0.1251, 0.0001, 0.1632]  x
  ee_velocity            = [-0.3810, 0.0007, -0.0494]  x
  target_position        = [0.1500, 0.0000, 0.0200]  x
  reward                 = -0.4000                x
  is_success             = False                  x
  obstacle_in_path       = False                  x
  obstacle_count_in_path = 0                      x
  obstacles              = {}                     x
  objects                = {'object_1': {'type': 'box', 'size': [0.04, 0.04, 0.04], 'mass': 1.0, 'color': [0.1, 0.2, 0.9, 1.0], 'initial_position': [-0.25, 0.0, 0.02], 'lateral_friction': 0.14, 'spinning_friction': 0.001, 'current_position': [-0.25000082410733043, 2.1765994240189325e-06, 0.019989411556199578]}}  x
  scripts                = {'script_1': True, 'reach_only': True, 'left_right': True}  x
  target_goal            = {'type': 'goal_sequence', 'targets': [{'name': 'target', 'position': [0.15000000596046448, 0.0, 0.019999999552965164]}], 'mode': 'goal_sequence'}  x
  scene                  = {'table': {'length': 1.1, 'width': 0.7, 'height': 0.4, 'x_offset': -0.3, 'lateral_friction': 3.0, 'spinning_friction': 0.001}}  x
  robot_config           = {'control_type': 'ee', 'block_gripper': False, 'base_position': [-0.6, 0.0, 0.05]}  x
  current_task           = OBJECT_DELIVERY_SEQUENCE  x
  current_subtask        = APPROACH_OBJECT        x
  active_target_name     = target                 x
  action                 = [-0.9875, -0.0003, -0.1576, 1.0000]  x
  joint_angles           = [-0.0007, 0.0555, 0.0008, -2.4806, -0.0001, 2.5352, 0.7855]  x
  joint_velocities       = [-0.0001, -0.8110, 0.0017, -1.2507, 0.0006, 0.3895, -0.0002]  x
  cube_rotation          = [0.0000, -0.0000, -0.0000]  x
  cube_linear_velocity   = [-0.0000, 0.0000, -0.0000]  x
  obstacle_positions     = {}                     x
[step=   5 01:22:25.507][Analyzer] ASM node=approach_object  goal_status=not_applicable
[step=   5 01:22:25.510][DejaVu] {'status': 'ok', 'unanticipated': False}
[step=   6 01:22:26.635][Manager] ep=1 subtask=APPROACH_OBJECT reward=-0.4000
[step=   6 01:22:26.636][Perception]
  RAW PERCEPTION                                  MONITORED PARAMS
  ----------------------------------------------  --------------------------------------
  fingers_width         = 0.0800 m                gripper_width_cm      = 7 cm
  dist_ee_to_cube       = 0.1629 m                distance_ee_object_cm = 13 cm
  dist_cube_to_target   = 0.4000 m  (3D)          distance_obj_goal_cm  = 40 cm  (XY)
  cube_position (z)     = 0.0200 m                object_lift_height_cm = 0 cm
  cube_position (xy)    = [-0.250, 0.000]         grasp_completed       = 0
  finger_contacts (raw) = 0                       finger_contacts       = 0
  x                                               grasp_attempts        = 0
  x                                               task_started          = 1
  x                                               object_available      = 1
  x                                               task_aborted          = 0
  episode                = 1                      x
  step                   = 6                      x
  ee_position            = [-0.1607, 0.0001, 0.1562]  x
  ee_velocity            = [-0.4082, 0.0008, -0.0668]  x
  target_position        = [0.1500, 0.0000, 0.0200]  x
  reward                 = -0.4000                x
  is_success             = False                  x
  obstacle_in_path       = False                  x
  obstacle_count_in_path = 0                      x
  obstacles              = {}                     x
  objects                = {'object_1': {'type': 'box', 'size': [0.04, 0.04, 0.04], 'mass': 1.0, 'color': [0.1, 0.2, 0.9, 1.0], 'initial_position': [-0.25, 0.0, 0.02], 'lateral_friction': 0.14, 'spinning_friction': 0.001, 'current_position': [-0.25000084148704027, 2.627324180841425e-06, 0.01998941143610688]}}  x
  scripts                = {'script_1': True, 'reach_only': True, 'left_right': True}  x
  target_goal            = {'type': 'goal_sequence', 'targets': [{'name': 'target', 'position': [0.15000000596046448, 0.0, 0.019999999552965164]}], 'mode': 'goal_sequence'}  x
  scene                  = {'table': {'length': 1.1, 'width': 0.7, 'height': 0.4, 'x_offset': -0.3, 'lateral_friction': 3.0, 'spinning_friction': 0.001}}  x
  robot_config           = {'control_type': 'ee', 'block_gripper': False, 'base_position': [-0.6, 0.0, 0.05]}  x
  current_task           = OBJECT_DELIVERY_SEQUENCE  x
  current_subtask        = APPROACH_OBJECT        x
  active_target_name     = target                 x
  action                 = [-0.9895, -0.0005, -0.1444, 1.0000]  x
  joint_angles           = [-0.0007, -0.0164, 0.0009, -2.6004, 0.0000, 2.5839, 0.7855]  x
  joint_velocities       = [-0.0001, -0.8300, 0.0023, -1.2837, 0.0008, 0.3742, -0.0004]  x
  cube_rotation          = [0.0000, -0.0000, -0.0000]  x
  cube_linear_velocity   = [-0.0000, 0.0000, -0.0000]  x
  obstacle_positions     = {}                     x
[step=   6 01:22:26.638][Analyzer] ASM node=approach_object  goal_status=not_applicable
[step=   6 01:22:26.640][DejaVu] {'status': 'ok', 'unanticipated': False}
[step=   7 01:22:27.783][Manager] ep=1 subtask=APPROACH_OBJECT reward=-0.4000
[step=   7 01:22:27.784][Perception]
  RAW PERCEPTION                                  MONITORED PARAMS
  ----------------------------------------------  --------------------------------------
  fingers_width         = 0.0800 m                gripper_width_cm      = 7 cm
  dist_ee_to_cube       = 0.1396 m                distance_ee_object_cm = 11 cm
  dist_cube_to_target   = 0.4000 m  (3D)          distance_obj_goal_cm  = 40 cm  (XY)
  cube_position (z)     = 0.0200 m                object_lift_height_cm = 0 cm
  cube_position (xy)    = [-0.250, 0.000]         grasp_completed       = 0
  finger_contacts (raw) = 0                       finger_contacts       = 0
  x                                               grasp_attempts        = 0
  x                                               task_started          = 1
  x                                               object_available      = 1
  x                                               task_aborted          = 0
  episode                = 1                      x
  step                   = 7                      x
  ee_position            = [-0.1970, 0.0001, 0.1492]  x
  ee_velocity            = [-0.4312, 0.0003, -0.0816]  x
  target_position        = [0.1500, 0.0000, 0.0200]  x
  reward                 = -0.4000                x
  is_success             = False                  x
  obstacle_in_path       = False                  x
  obstacle_count_in_path = 0                      x
  obstacles              = {}                     x
  objects                = {'object_1': {'type': 'box', 'size': [0.04, 0.04, 0.04], 'mass': 1.0, 'color': [0.1, 0.2, 0.9, 1.0], 'initial_position': [-0.25, 0.0, 0.02], 'lateral_friction': 0.14, 'spinning_friction': 0.001, 'current_position': [-0.25000085876834904, 3.0780479764908263e-06, 0.019989411413349322]}}  x
  scripts                = {'script_1': True, 'reach_only': True, 'left_right': True}  x
  target_goal            = {'type': 'goal_sequence', 'targets': [{'name': 'target', 'position': [0.15000000596046448, 0.0, 0.019999999552965164]}], 'mode': 'goal_sequence'}  x
  scene                  = {'table': {'length': 1.1, 'width': 0.7, 'height': 0.4, 'x_offset': -0.3, 'lateral_friction': 3.0, 'spinning_friction': 0.001}}  x
  robot_config           = {'control_type': 'ee', 'block_gripper': False, 'base_position': [-0.6, 0.0, 0.05]}  x
  current_task           = OBJECT_DELIVERY_SEQUENCE  x
  current_subtask        = APPROACH_OBJECT        x
  active_target_name     = target                 x
  action                 = [-0.9922, -0.0007, -0.1249, 1.0000]  x
  joint_angles           = [-0.0007, -0.0897, 0.0009, -2.7181, 0.0001, 2.6278, 0.7854]  x
  joint_velocities       = [-0.0000, -0.8522, 0.0015, -1.3031, 0.0010, 0.3374, -0.0007]  x
  cube_rotation          = [0.0000, -0.0000, -0.0000]  x
  cube_linear_velocity   = [-0.0000, 0.0000, -0.0000]  x
  obstacle_positions     = {}                     x
[step=   7 01:22:27.787][Analyzer] ASM node=approach_object  goal_status=not_applicable
[step=   7 01:22:27.790][DejaVu] {'status': 'ok', 'unanticipated': False}
[step=   8 01:22:28.930][Manager] ep=1 subtask=APPROACH_OBJECT reward=-0.4000
[step=   8 01:22:28.931][Perception]
  RAW PERCEPTION                                  MONITORED PARAMS
  ----------------------------------------------  --------------------------------------
  fingers_width         = 0.0800 m                gripper_width_cm      = 7 cm
  dist_ee_to_cube       = 0.1238 m                distance_ee_object_cm = 9 cm
  dist_cube_to_target   = 0.4000 m  (3D)          distance_obj_goal_cm  = 40 cm  (XY)
  cube_position (z)     = 0.0200 m                object_lift_height_cm = 0 cm
  cube_position (xy)    = [-0.250, 0.000]         grasp_completed       = 0
  finger_contacts (raw) = 0                       finger_contacts       = 0
  x                                               grasp_attempts        = 0
  x                                               task_started          = 1
  x                                               object_available      = 1
  x                                               task_aborted          = 0
  episode                = 1                      x
  step                   = 8                      x
  ee_position            = [-0.2336, 0.0000, 0.1427]  x
  ee_velocity            = [-0.4297, -0.0001, -0.0722]  x
  target_position        = [0.1500, 0.0000, 0.0200]  x
  reward                 = -0.4000                x
  is_success             = False                  x
  obstacle_in_path       = False                  x
  obstacle_count_in_path = 0                      x
  obstacles              = {}                     x
  objects                = {'object_1': {'type': 'box', 'size': [0.04, 0.04, 0.04], 'mass': 1.0, 'color': [0.1, 0.2, 0.9, 1.0], 'initial_position': [-0.25, 0.0, 0.02], 'lateral_friction': 0.14, 'spinning_friction': 0.001, 'current_position': [-0.2500008760301956, 3.528770818098008e-06, 0.019989411408939943]}}  x
  scripts                = {'script_1': True, 'reach_only': True, 'left_right': True}  x
  target_goal            = {'type': 'goal_sequence', 'targets': [{'name': 'target', 'position': [0.15000000596046448, 0.0, 0.019999999552965164]}], 'mode': 'goal_sequence'}  x
  scene                  = {'table': {'length': 1.1, 'width': 0.7, 'height': 0.4, 'x_offset': -0.3, 'lateral_friction': 3.0, 'spinning_friction': 0.001}}  x
  robot_config           = {'control_type': 'ee', 'block_gripper': False, 'base_position': [-0.6, 0.0, 0.05]}  x
  current_task           = OBJECT_DELIVERY_SEQUENCE  x
  current_subtask        = APPROACH_OBJECT        x
  active_target_name     = target                 x
  action                 = [-0.9969, -0.0010, -0.0788, 1.0000]  x
  joint_angles           = [-0.0007, -0.1676, 0.0008, -2.8337, 0.0003, 2.6648, 0.7852]  x
  joint_velocities       = [0.0001, -0.9251, 0.0004, -1.2920, 0.0011, 0.2850, -0.0012]  x
  cube_rotation          = [0.0000, -0.0000, -0.0000]  x
  cube_linear_velocity   = [-0.0000, 0.0000, -0.0000]  x
  obstacle_positions     = {}                     x
[step=   8 01:22:28.933][Analyzer] ASM node=approach_object  goal_status=not_applicable
[step=   8 01:22:28.935][DejaVu] {'status': 'ok', 'unanticipated': False}
[step=   9 01:22:30.114][Manager] ep=1 subtask=APPROACH_OBJECT reward=-0.4000
[step=   9 01:22:30.114][Perception]
  RAW PERCEPTION                                  MONITORED PARAMS
  ----------------------------------------------  --------------------------------------
  fingers_width         = 0.0800 m                gripper_width_cm      = 7 cm
  dist_ee_to_cube       = 0.1214 m                distance_ee_object_cm = 9 cm
  dist_cube_to_target   = 0.4000 m  (3D)          distance_obj_goal_cm  = 40 cm  (XY)
  cube_position (z)     = 0.0200 m                object_lift_height_cm = 0 cm
  cube_position (xy)    = [-0.250, 0.000]         grasp_completed       = 0
  finger_contacts (raw) = 0                       finger_contacts       = 0
  x                                               grasp_attempts        = 0
  x                                               task_started          = 1
  x                                               object_available      = 1
  x                                               task_aborted          = 0
  episode                = 1                      x
  step                   = 9                      x
  ee_position            = [-0.2714, -0.0000, 0.1395]  x
  ee_velocity            = [-0.3739, -0.0003, 0.0261]  x
  target_position        = [0.1500, 0.0000, 0.0200]  x
  reward                 = -0.4000                x
  is_success             = False                  x
  obstacle_in_path       = False                  x
  obstacle_count_in_path = 0                      x
  obstacles              = {}                     x
  objects                = {'object_1': {'type': 'box', 'size': [0.04, 0.04, 0.04], 'mass': 1.0, 'color': [0.1, 0.2, 0.9, 1.0], 'initial_position': [-0.25, 0.0, 0.02], 'lateral_friction': 0.14, 'spinning_friction': 0.001, 'current_position': [-0.25000089328746017, 3.979492706986637e-06, 0.019989411407989287]}}  x
  scripts                = {'script_1': True, 'reach_only': True, 'left_right': True}  x
  target_goal            = {'type': 'goal_sequence', 'targets': [{'name': 'target', 'position': [0.15000000596046448, 0.0, 0.019999999552965164]}], 'mode': 'goal_sequence'}  x
  scene                  = {'table': {'length': 1.1, 'width': 0.7, 'height': 0.4, 'x_offset': -0.3, 'lateral_friction': 3.0, 'spinning_friction': 0.001}}  x
  robot_config           = {'control_type': 'ee', 'block_gripper': False, 'base_position': [-0.6, 0.0, 0.05]}  x
  current_task           = OBJECT_DELIVERY_SEQUENCE  x
  current_subtask        = APPROACH_OBJECT        x
  active_target_name     = target                 x
  action                 = [-0.9907, -0.0012, 0.1364, 1.0000]  x
  joint_angles           = [-0.0007, -0.2644, 0.0007, -2.9453, 0.0004, 2.6725, 0.7850]  x
  joint_velocities       = [0.0002, -1.3025, -0.0006, -1.2276, 0.0009, 0.0589, -0.0015]  x
  cube_rotation          = [0.0000, -0.0000, -0.0000]  x
  cube_linear_velocity   = [-0.0000, 0.0000, -0.0000]  x
  obstacle_positions     = {}                     x
[step=   9 01:22:30.118][Analyzer] ASM node=approach_object  goal_status=not_applicable
[step=   9 01:22:30.127][DejaVu] {'status': 'ok', 'unanticipated': False}
[step=  10 01:22:31.263][Manager] ep=1 subtask=APPROACH_OBJECT reward=-0.4000
[step=  10 01:22:31.263][Perception]
  RAW PERCEPTION                                  MONITORED PARAMS
  ----------------------------------------------  --------------------------------------
  fingers_width         = 0.0800 m                gripper_width_cm      = 7 cm
  dist_ee_to_cube       = 0.1080 m                distance_ee_object_cm = 8 cm
  dist_cube_to_target   = 0.4000 m  (3D)          distance_obj_goal_cm  = 40 cm  (XY)
  cube_position (z)     = 0.0200 m                object_lift_height_cm = 0 cm
  cube_position (xy)    = [-0.250, 0.000]         grasp_completed       = 0
  finger_contacts (raw) = 0                       finger_contacts       = 0
  x                                               grasp_attempts        = 0
  x                                               task_started          = 1
  x                                               object_available      = 1
  x                                               task_aborted          = 0
  episode                = 1                      x
  step                   = 10                     x
  ee_position            = [-0.2591, -0.0000, 0.1276]  x
  ee_velocity            = [-0.4097, 0.0005, -1.0626]  x
  target_position        = [0.1500, 0.0000, 0.0200]  x
  reward                 = -0.4000                x
  is_success             = False                  x
  obstacle_in_path       = False                  x
  obstacle_count_in_path = 0                      x
  obstacles              = {}                     x
  objects                = {'object_1': {'type': 'box', 'size': [0.04, 0.04, 0.04], 'mass': 1.0, 'color': [0.1, 0.2, 0.9, 1.0], 'initial_position': [-0.25, 0.0, 0.02], 'lateral_friction': 0.14, 'spinning_friction': 0.001, 'current_position': [-0.250000910542948, 4.430213643272149e-06, 0.019989411407690616]}}  x
  scripts                = {'script_1': True, 'reach_only': True, 'left_right': True}  x
  target_goal            = {'type': 'goal_sequence', 'targets': [{'name': 'target', 'position': [0.15000000596046448, 0.0, 0.019999999552965164]}], 'mode': 'goal_sequence'}  x
  scene                  = {'table': {'length': 1.1, 'width': 0.7, 'height': 0.4, 'x_offset': -0.3, 'lateral_friction': 3.0, 'spinning_friction': 0.001}}  x
  robot_config           = {'control_type': 'ee', 'block_gripper': False, 'base_position': [-0.6, 0.0, 0.05]}  x
  current_task           = OBJECT_DELIVERY_SEQUENCE  x
  current_subtask        = APPROACH_OBJECT        x
  active_target_name     = target                 x
  action                 = [0.2206, 0.0003, -0.9754, 1.0000]  x
  joint_angles           = [-0.0007, -0.1840, 0.0008, -2.9402, 0.0003, 2.7943, 0.7851]  x
  joint_velocities       = [-0.0002, 3.6343, 0.0001, 0.2702, -0.0005, 0.9369, 0.0005]  x
  cube_rotation          = [0.0000, -0.0000, -0.0000]  x
  cube_linear_velocity   = [-0.0000, 0.0000, -0.0000]  x
  obstacle_positions     = {}                     x
[step=  10 01:22:31.266][Analyzer] ASM node=approach_object  goal_status=not_applicable
[step=  10 01:22:31.269][DejaVu] {'status': 'ok', 'unanticipated': False}
[step=  11 01:22:32.299][Manager] ep=1 subtask=APPROACH_OBJECT reward=-0.4000
[step=  11 01:22:32.299][Perception]
  RAW PERCEPTION                                  MONITORED PARAMS
  ----------------------------------------------  --------------------------------------
  fingers_width         = 0.0800 m                gripper_width_cm      = 7 cm
  dist_ee_to_cube       = 0.0700 m                distance_ee_object_cm = 4 cm
  dist_cube_to_target   = 0.4000 m  (3D)          distance_obj_goal_cm  = 40 cm  (XY)
  cube_position (z)     = 0.0200 m                object_lift_height_cm = 0 cm
  cube_position (xy)    = [-0.250, 0.000]         grasp_completed       = 0
  finger_contacts (raw) = 0                       finger_contacts       = 0
  x                                               grasp_attempts        = 0
  x                                               task_started          = 1
  x                                               object_available      = 1
  x                                               task_aborted          = 0
  episode                = 1                      x
  step                   = 11                     x
  ee_position            = [-0.2648, -0.0000, 0.0884]  x
  ee_velocity            = [-0.2715, 0.0004, -0.6197]  x
  target_position        = [0.1500, 0.0000, 0.0200]  x
  reward                 = -0.4000                x
  is_success             = False                  x
  obstacle_in_path       = False                  x
  obstacle_count_in_path = 0                      x
  obstacles              = {}                     x
  objects                = {'object_1': {'type': 'box', 'size': [0.04, 0.04, 0.04], 'mass': 1.0, 'color': [0.1, 0.2, 0.9, 1.0], 'initial_position': [-0.25, 0.0, 0.02], 'lateral_friction': 0.14, 'spinning_friction': 0.001, 'current_position': [-0.25000070043087186, 4.903380098338324e-06, 0.01998948963338307]}}  x
  scripts                = {'script_1': True, 'reach_only': True, 'left_right': True}  x
  target_goal            = {'type': 'goal_sequence', 'targets': [{'name': 'target', 'position': [0.15000000596046448, 0.0, 0.019999999552965164]}], 'mode': 'goal_sequence'}  x
  scene                  = {'table': {'length': 1.1, 'width': 0.7, 'height': 0.4, 'x_offset': -0.3, 'lateral_friction': 3.0, 'spinning_friction': 0.001}}  x
  robot_config           = {'control_type': 'ee', 'block_gripper': False, 'base_position': [-0.6, 0.0, 0.05]}  x
  current_task           = OBJECT_DELIVERY_SEQUENCE  x
  current_subtask        = APPROACH_OBJECT        x
  active_target_name     = target                 x
  action                 = [0.1090, 0.0003, -0.9940, 1.0000]  x
  joint_angles           = [-0.0008, -0.0286, 0.0008, -2.9115, 0.0002, 2.8606, 0.7852]  x
  joint_velocities       = [-0.0004, 2.1932, 0.0002, 0.2782, -0.0010, 0.5096, 0.0006]  x
  cube_rotation          = [0.0000, -0.0000, -0.0000]  x
  cube_linear_velocity   = [0.0000, 0.0000, 0.0000]  x
  obstacle_positions     = {}                     x
[step=  11 01:22:32.302][Analyzer] ASM node=approach_object  goal_status=not_applicable
[step=  11 01:22:32.304][DejaVu] {'status': 'ok', 'unanticipated': False}
[step=  12 01:22:33.444][Manager] ep=1 subtask=APPROACH_OBJECT reward=-0.4000
[step=  12 01:22:33.444][Perception]
  RAW PERCEPTION                                  MONITORED PARAMS
  ----------------------------------------------  --------------------------------------
  fingers_width         = 0.0800 m                gripper_width_cm      = 7 cm
  dist_ee_to_cube       = 0.0391 m                distance_ee_object_cm = 1 cm
  dist_cube_to_target   = 0.4000 m  (3D)          distance_obj_goal_cm  = 40 cm  (XY)
  cube_position (z)     = 0.0200 m                object_lift_height_cm = 0 cm
  cube_position (xy)    = [-0.250, 0.000]         grasp_completed       = 0
  finger_contacts (raw) = 0                       finger_contacts       = 0
  x                                               grasp_attempts        = 0
  x                                               task_started          = 1
  x                                               object_available      = 1
  x                                               task_aborted          = 0
  episode                = 1                      x
  step                   = 12                     x
  ee_position            = [-0.2567, -0.0000, 0.0585]  x
  ee_velocity            = [-0.1778, 0.0003, -0.5876]  x
  target_position        = [0.1500, 0.0000, 0.0200]  x
  reward                 = -0.4000                x
  is_success             = False                  x
  obstacle_in_path       = False                  x
  obstacle_count_in_path = 0                      x
  obstacles              = {}                     x
  objects                = {'object_1': {'type': 'box', 'size': [0.04, 0.04, 0.04], 'mass': 1.0, 'color': [0.1, 0.2, 0.9, 1.0], 'initial_position': [-0.25, 0.0, 0.02], 'lateral_friction': 0.14, 'spinning_friction': 0.001, 'current_position': [-0.2500002862534305, 4.903496398524369e-06, 0.01998990368716314]}}  x
  scripts                = {'script_1': True, 'reach_only': True, 'left_right': True}  x
  target_goal            = {'type': 'goal_sequence', 'targets': [{'name': 'target', 'position': [0.15000000596046448, 0.0, 0.019999999552965164]}], 'mode': 'goal_sequence'}  x
  scene                  = {'table': {'length': 1.1, 'width': 0.7, 'height': 0.4, 'x_offset': -0.3, 'lateral_friction': 3.0, 'spinning_friction': 0.001}}  x
  robot_config           = {'control_type': 'ee', 'block_gripper': False, 'base_position': [-0.6, 0.0, 0.05]}  x
  current_task           = OBJECT_DELIVERY_SEQUENCE  x
  current_subtask        = APPROACH_OBJECT        x
  active_target_name     = target                 x
  action                 = [0.3224, 0.0003, -0.9466, 1.0000]  x
  joint_angles           = [-0.0008, 0.1141, 0.0006, -2.8742, -0.0001, 2.9734, 0.7853]  x
  joint_velocities       = [0.0001, 2.2020, -0.0008, 0.4190, -0.0021, 0.8672, 0.0012]  x
  cube_rotation          = [0.0000, -0.0000, -0.0000]  x
  cube_linear_velocity   = [0.0000, -0.0000, 0.0000]  x
  obstacle_positions     = {}                     x
[step=  12 01:22:33.448][ASM] [PENDING] approach_object → grasp_object: condições satisfeitas, aguardando managing
[step=  12 01:22:33.448][Analyzer] ASM node=approach_object  goal_status=not_applicable
[step=  12 01:22:33.450][DejaVu] {'status': 'ok', 'unanticipated': False}
[step=  13 01:22:34.591][Manager] ep=1 subtask=APPROACH_OBJECT reward=-0.4000
[step=  13 01:22:34.591][Perception]
  RAW PERCEPTION                                  MONITORED PARAMS
  ----------------------------------------------  --------------------------------------
  fingers_width         = 0.0800 m                gripper_width_cm      = 7 cm
  dist_ee_to_cube       = 0.0092 m                distance_ee_object_cm = 0 cm
  dist_cube_to_target   = 0.4000 m  (3D)          distance_obj_goal_cm  = 40 cm  (XY)
  cube_position (z)     = 0.0200 m                object_lift_height_cm = 0 cm
  cube_position (xy)    = [-0.250, 0.000]         grasp_completed       = 0
  finger_contacts (raw) = 0                       finger_contacts       = 0
  x                                               grasp_attempts        = 0
  x                                               task_started          = 1
  x                                               object_available      = 1
  x                                               task_aborted          = 0
  episode                = 1                      x
  step                   = 13                     x
  ee_position            = [-0.2448, 0.0000, 0.0275]  x
  ee_velocity            = [-0.1041, 0.0003, -0.6151]  x
  target_position        = [0.1500, 0.0000, 0.0200]  x
  reward                 = -0.4000                x
  is_success             = False                  x
  obstacle_in_path       = False                  x
  obstacle_count_in_path = 0                      x
  obstacles              = {}                     x
  objects                = {'object_1': {'type': 'box', 'size': [0.04, 0.04, 0.04], 'mass': 1.0, 'color': [0.1, 0.2, 0.9, 1.0], 'initial_position': [-0.25, 0.0, 0.02], 'lateral_friction': 0.14, 'spinning_friction': 0.001, 'current_position': [-0.2500002081102265, 4.903495591203585e-06, 0.01998998182561259]}}  x
  scripts                = {'script_1': True, 'reach_only': True, 'left_right': True}  x
  target_goal            = {'type': 'goal_sequence', 'targets': [{'name': 'target', 'position': [0.15000000596046448, 0.0, 0.019999999552965164]}], 'mode': 'goal_sequence'}  x
  scene                  = {'table': {'length': 1.1, 'width': 0.7, 'height': 0.4, 'x_offset': -0.3, 'lateral_friction': 3.0, 'spinning_friction': 0.001}}  x
  robot_config           = {'control_type': 'ee', 'block_gripper': False, 'base_position': [-0.6, 0.0, 0.05]}  x
  current_task           = OBJECT_DELIVERY_SEQUENCE  x
  current_subtask        = APPROACH_OBJECT        x
  active_target_name     = target                 x
  action                 = [0.4439, 0.0015, -0.8961, 1.0000]  x
  joint_angles           = [-0.0005, 0.2612, 0.0004, -2.8099, -0.0003, 3.0542, 0.7856]  x
  joint_velocities       = [0.0022, 2.3164, -0.0022, 0.8002, -0.0016, 0.6211, 0.0017]  x
  cube_rotation          = [-0.0000, -0.0000, -0.0000]  x
  cube_linear_velocity   = [0.0000, -0.0000, 0.0000]  x
  obstacle_positions     = {}                     x
[step=  13 01:22:34.595][ASM] [PENDING] approach_object → grasp_object: aguardando managing (já validado)
[step=  13 01:22:34.595][Analyzer] ASM node=approach_object  goal_status=not_applicable
[step=  13 01:22:34.597][DejaVu] {'status': 'ok', 'unanticipated': False}
[step=  14 01:22:35.763][Manager] ep=1 subtask=GRASP_OBJECT reward=-0.3999
[step=  14 01:22:35.763][Perception]
  RAW PERCEPTION                                  MONITORED PARAMS
  ----------------------------------------------  --------------------------------------
  fingers_width         = 0.0370 m                gripper_width_cm      = 3 cm
  dist_ee_to_cube       = 0.0018 m                distance_ee_object_cm = 0 cm
  dist_cube_to_target   = 0.3999 m  (3D)          distance_obj_goal_cm  = 39 cm  (XY)
  cube_position (z)     = 0.0217 m                object_lift_height_cm = 0 cm
  cube_position (xy)    = [-0.250, 0.000]         grasp_completed       = 1
  finger_contacts (raw) = 2                       finger_contacts       = 2
  x                                               grasp_attempts        = 1
  x                                               task_started          = 1
  x                                               object_available      = 1
  x                                               task_aborted          = 0
  episode                = 1                      x
  step                   = 14                     x
  ee_position            = [-0.2508, 0.0000, 0.0202]  x
  ee_velocity            = [0.2123, -0.0003, 0.2556]  x
  target_position        = [0.1500, 0.0000, 0.0200]  x
  reward                 = -0.3999                x
  is_success             = False                  x
  obstacle_in_path       = False                  x
  obstacle_count_in_path = 0                      x
  obstacles              = {}                     x
  objects                = {'object_1': {'type': 'box', 'size': [0.04, 0.04, 0.04], 'mass': 1.0, 'color': [0.1, 0.2, 0.9, 1.0], 'initial_position': [-0.25, 0.0, 0.02], 'lateral_friction': 0.14, 'spinning_friction': 0.001, 'current_position': [-0.24985591773623128, 0.000299679188942842, 0.02171427278054578]}}  x
  scripts                = {'script_1': True, 'reach_only': True, 'left_right': True}  x
  target_goal            = {'type': 'goal_sequence', 'targets': [{'name': 'target', 'position': [0.15000000596046448, 0.0, 0.019999999552965164]}], 'mode': 'goal_sequence'}  x
  scene                  = {'table': {'length': 1.1, 'width': 0.7, 'height': 0.4, 'x_offset': -0.3, 'lateral_friction': 3.0, 'spinning_friction': 0.001}}  x
  robot_config           = {'control_type': 'ee', 'block_gripper': False, 'base_position': [-0.6, 0.0, 0.05]}  x
  current_task           = OBJECT_DELIVERY_SEQUENCE  x
  current_subtask        = GRASP_OBJECT           x
  active_target_name     = target                 x
  action                 = [0.0000, 0.0000, 0.0000, -1.0000]  x
  joint_angles           = [-0.0003, 0.2774, 0.0002, -2.8174, -0.0003, 3.0728, 0.7856]  x
  joint_velocities       = [0.0011, -0.7430, -0.0015, -0.0854, -0.0005, 0.1430, 0.0009]  x
  cube_rotation          = [0.0051, -0.0082, -0.0040]  x
  cube_linear_velocity   = [0.2013, 0.0126, 0.2415]  x
  obstacle_positions     = {}                     x
[step=  14 01:22:35.767][ASM] [PENDING] approach_object → grasp_object: aguardando managing (já validado)
[step=  14 01:22:35.767][ASM] [OK] approach_object → grasp_object  (type=domain)
[step=  14 01:22:35.767][Analyzer] ASM node=grasp_object  goal_status=ok  (scenario=GRASP_OBJECT)
[step=  14 01:22:35.771][DejaVu] {'status': 'ok', 'unanticipated': False}
[step=  15 01:22:36.884][Manager] ep=1 subtask=GRASP_OBJECT reward=-0.3995
[step=  15 01:22:36.884][Perception]
  RAW PERCEPTION                                  MONITORED PARAMS
  ----------------------------------------------  --------------------------------------
  fingers_width         = 0.0373 m                gripper_width_cm      = 3 cm
  dist_ee_to_cube       = 0.0018 m                distance_ee_object_cm = 0 cm
  dist_cube_to_target   = 0.3995 m  (3D)          distance_obj_goal_cm  = 39 cm  (XY)
  cube_position (z)     = 0.0226 m                object_lift_height_cm = 0 cm
  cube_position (xy)    = [-0.249, 0.001]         grasp_completed       = 1
  finger_contacts (raw) = 2                       finger_contacts       = 2
  x                                               grasp_attempts        = 1
  x                                               task_started          = 1
  x                                               object_available      = 1
  x                                               task_aborted          = 0
  episode                = 1                      x
  step                   = 15                     x
  ee_position            = [-0.2502, -0.0000, 0.0215]  x
  ee_velocity            = [-0.0085, -0.0001, -0.0037]  x
  target_position        = [0.1500, 0.0000, 0.0200]  x
  reward                 = -0.3995                x
  is_success             = False                  x
  obstacle_in_path       = False                  x
  obstacle_count_in_path = 0                      x
  obstacles              = {}                     x
  objects                = {'object_1': {'type': 'box', 'size': [0.04, 0.04, 0.04], 'mass': 1.0, 'color': [0.1, 0.2, 0.9, 1.0], 'initial_position': [-0.25, 0.0, 0.02], 'lateral_friction': 0.14, 'spinning_friction': 0.001, 'current_position': [-0.24944477694633543, 0.0012074400243723296, 0.022643853585825116]}}  x
  scripts                = {'script_1': True, 'reach_only': True, 'left_right': True}  x
  target_goal            = {'type': 'goal_sequence', 'targets': [{'name': 'target', 'position': [0.15000000596046448, 0.0, 0.019999999552965164]}], 'mode': 'goal_sequence'}  x
  scene                  = {'table': {'length': 1.1, 'width': 0.7, 'height': 0.4, 'x_offset': -0.3, 'lateral_friction': 3.0, 'spinning_friction': 0.001}}  x
  robot_config           = {'control_type': 'ee', 'block_gripper': False, 'base_position': [-0.6, 0.0, 0.05]}  x
  current_task           = OBJECT_DELIVERY_SEQUENCE  x
  current_subtask        = GRASP_OBJECT           x
  active_target_name     = target                 x
  action                 = [0.0000, 0.0000, 0.0000, -1.0000]  x
  joint_angles           = [-0.0002, 0.2771, 0.0001, -2.8277, -0.0004, 3.1022, 0.7857]  x
  joint_velocities       = [0.0006, 0.0236, -0.0008, -0.0827, -0.0003, 0.2259, 0.0002]  x
  cube_rotation          = [-0.0031, -0.0273, 0.0017]  x
  cube_linear_velocity   = [-0.0088, 0.0241, -0.0036]  x
  obstacle_positions     = {}                     x
[step=  15 01:22:36.887][ASM] [PENDING] grasp_object → lift_object: condições satisfeitas, aguardando managing
[step=  15 01:22:36.888][Analyzer] ASM node=grasp_object  goal_status=not_applicable
[step=  15 01:22:36.890][DejaVu] {'status': 'ok', 'unanticipated': False}
[step=  16 01:22:38.044][Manager] ep=1 subtask=LIFT_OBJECT reward=-0.4132
[step=  16 01:22:38.044][Perception]
  RAW PERCEPTION                                  MONITORED PARAMS
  ----------------------------------------------  --------------------------------------
  fingers_width         = 0.0266 m                gripper_width_cm      = 2 cm
  dist_ee_to_cube       = 0.0073 m                distance_ee_object_cm = 0 cm
  dist_cube_to_target   = 0.4132 m  (3D)          distance_obj_goal_cm  = 41 cm  (XY)
  cube_position (z)     = 0.0264 m                object_lift_height_cm = 0 cm
  cube_position (xy)    = [-0.263, 0.002]         grasp_completed       = 1
  finger_contacts (raw) = 2                       finger_contacts       = 2
  x                                               grasp_attempts        = 1
  x                                               task_started          = 1
  x                                               object_available      = 1
  x                                               task_aborted          = 0
  episode                = 1                      x
  step                   = 16                     x
  ee_position            = [-0.2642, 0.0000, 0.0332]  x
  ee_velocity            = [0.4462, 0.0010, 0.7738]  x
  target_position        = [0.1500, 0.0000, 0.0200]  x
  reward                 = -0.4132                x
  is_success             = False                  x
  obstacle_in_path       = False                  x
  obstacle_count_in_path = 0                      x
  obstacles              = {}                     x
  objects                = {'object_1': {'type': 'box', 'size': [0.04, 0.04, 0.04], 'mass': 1.0, 'color': [0.1, 0.2, 0.9, 1.0], 'initial_position': [-0.25, 0.0, 0.02], 'lateral_friction': 0.14, 'spinning_friction': 0.001, 'current_position': [-0.2631884933392915, 0.0023539432976689223, 0.026353485034938128]}}  x
  scripts                = {'script_1': True, 'reach_only': True, 'left_right': True}  x
  target_goal            = {'type': 'goal_sequence', 'targets': [{'name': 'target', 'position': [0.15000000596046448, 0.0, 0.019999999552965164]}], 'mode': 'goal_sequence'}  x
  scene                  = {'table': {'length': 1.1, 'width': 0.7, 'height': 0.4, 'x_offset': -0.3, 'lateral_friction': 3.0, 'spinning_friction': 0.001}}  x
  robot_config           = {'control_type': 'ee', 'block_gripper': False, 'base_position': [-0.6, 0.0, 0.05]}  x
  current_task           = OBJECT_DELIVERY_SEQUENCE  x
  current_subtask        = LIFT_OBJECT            x
  active_target_name     = target                 x
  action                 = [0.0000, 0.0000, 1.0000, -1.0000]  x
  joint_angles           = [-0.0002, 0.2003, 0.0002, -2.8528, -0.0003, 3.0008, 0.7857]  x
  joint_velocities       = [-0.0001, -2.6541, 0.0032, -0.3029, 0.0004, -0.7798, -0.0001]  x
  cube_rotation          = [0.0470, 0.0340, 0.0086]  x
  cube_linear_velocity   = [-0.0245, 0.0644, 0.3536]  x
  obstacle_positions     = {}                     x
[step=  16 01:22:38.047][ASM] [PENDING] grasp_object → lift_object: aguardando managing (já validado)
[step=  16 01:22:38.047][ASM] [OK] grasp_object → lift_object  (type=domain)
[step=  16 01:22:38.048][Analyzer] ASM node=lift_object  goal_status=ok  (scenario=LIFT_OBJECT)
[step=  16 01:22:38.050][DejaVu] {'status': 'ok', 'unanticipated': False}
[step=  17 01:22:39.190][Manager] ep=1 subtask=LIFT_OBJECT reward=-0.4127
[step=  17 01:22:39.190][Perception]
  RAW PERCEPTION                                  MONITORED PARAMS
  ----------------------------------------------  --------------------------------------
  fingers_width         = 0.0298 m                gripper_width_cm      = 2 cm
  dist_ee_to_cube       = 0.0134 m                distance_ee_object_cm = 0 cm
  dist_cube_to_target   = 0.4127 m  (3D)          distance_obj_goal_cm  = 41 cm  (XY)
  cube_position (z)     = 0.0521 m                object_lift_height_cm = 3 cm
  cube_position (xy)    = [-0.261, 0.003]         grasp_completed       = 1
  finger_contacts (raw) = 2                       finger_contacts       = 2
  x                                               grasp_attempts        = 1
  x                                               task_started          = 1
  x                                               object_available      = 1
  x                                               task_aborted          = 0
  episode                = 1                      x
  step                   = 17                     x
  ee_position            = [-0.2613, 0.0000, 0.0650]  x
  ee_velocity            = [0.0762, -0.0002, 0.3705]  x
  target_position        = [0.1500, 0.0000, 0.0200]  x
  reward                 = -0.4127                x
  is_success             = False                  x
  obstacle_in_path       = False                  x
  obstacle_count_in_path = 0                      x
  obstacles              = {}                     x
  objects                = {'object_1': {'type': 'box', 'size': [0.04, 0.04, 0.04], 'mass': 1.0, 'color': [0.1, 0.2, 0.9, 1.0], 'initial_position': [-0.25, 0.0, 0.02], 'lateral_friction': 0.14, 'spinning_friction': 0.001, 'current_position': [-0.26146409833516343, 0.0032228946902333492, 0.052063091782250985]}}  x
  scripts                = {'script_1': True, 'reach_only': True, 'left_right': True}  x
  target_goal            = {'type': 'goal_sequence', 'targets': [{'name': 'target', 'position': [0.15000000596046448, 0.0, 0.019999999552965164]}], 'mode': 'goal_sequence'}  x
  scene                  = {'table': {'length': 1.1, 'width': 0.7, 'height': 0.4, 'x_offset': -0.3, 'lateral_friction': 3.0, 'spinning_friction': 0.001}}  x
  robot_config           = {'control_type': 'ee', 'block_gripper': False, 'base_position': [-0.6, 0.0, 0.05]}  x
  current_task           = OBJECT_DELIVERY_SEQUENCE  x
  current_subtask        = LIFT_OBJECT            x
  active_target_name     = target                 x
  action                 = [0.0000, 0.0000, 1.0000, -1.0000]  x
  joint_angles           = [-0.0003, 0.0709, 0.0002, -2.8965, -0.0002, 2.9594, 0.7856]  x
  joint_velocities       = [-0.0001, -1.4756, -0.0001, -0.4352, 0.0007, -0.3185, -0.0004]  x
  cube_rotation          = [0.0011, -0.0041, -0.0015]  x
  cube_linear_velocity   = [0.1032, 0.0275, 0.3945]  x
  obstacle_positions     = {}                     x
[step=  17 01:22:39.194][Analyzer] ASM node=lift_object  goal_status=not_applicable
[step=  17 01:22:39.196][DejaVu] {'status': 'ok', 'unanticipated': False}
[step=  18 01:22:40.350][Manager] ep=1 subtask=LIFT_OBJECT reward=-0.4157
[step=  18 01:22:40.350][Perception]
  RAW PERCEPTION                                  MONITORED PARAMS
  ----------------------------------------------  --------------------------------------
  fingers_width         = 0.0304 m                gripper_width_cm      = 3 cm
  dist_ee_to_cube       = 0.0170 m                distance_ee_object_cm = 0 cm
  dist_cube_to_target   = 0.4157 m  (3D)          distance_obj_goal_cm  = 41 cm  (XY)
  cube_position (z)     = 0.0740 m                object_lift_height_cm = 5 cm
  cube_position (xy)    = [-0.262, 0.004]         grasp_completed       = 1
  finger_contacts (raw) = 2                       finger_contacts       = 2
  x                                               grasp_attempts        = 1
  x                                               task_started          = 1
  x                                               object_available      = 1
  x                                               task_aborted          = 0
  episode                = 1                      x
  step                   = 18                     x
  ee_position            = [-0.2614, 0.0000, 0.0904]  x
  ee_velocity            = [0.2251, -0.0010, 0.5293]  x
  target_position        = [0.1500, 0.0000, 0.0200]  x
  reward                 = -0.4157                x
  is_success             = False                  x
  obstacle_in_path       = False                  x
  obstacle_count_in_path = 0                      x
  obstacles              = {}                     x
  objects                = {'object_1': {'type': 'box', 'size': [0.04, 0.04, 0.04], 'mass': 1.0, 'color': [0.1, 0.2, 0.9, 1.0], 'initial_position': [-0.25, 0.0, 0.02], 'lateral_friction': 0.14, 'spinning_friction': 0.001, 'current_position': [-0.26219017300353276, 0.004246268525902583, 0.07404354369543477]}}  x
  scripts                = {'script_1': True, 'reach_only': True, 'left_right': True}  x
  target_goal            = {'type': 'goal_sequence', 'targets': [{'name': 'target', 'position': [0.15000000596046448, 0.0, 0.019999999552965164]}], 'mode': 'goal_sequence'}  x
  scene                  = {'table': {'length': 1.1, 'width': 0.7, 'height': 0.4, 'x_offset': -0.3, 'lateral_friction': 3.0, 'spinning_friction': 0.001}}  x
  robot_config           = {'control_type': 'ee', 'block_gripper': False, 'base_position': [-0.6, 0.0, 0.05]}  x
  current_task           = OBJECT_DELIVERY_SEQUENCE  x
  current_subtask        = LIFT_OBJECT            x
  active_target_name     = target                 x
  action                 = [0.0000, 0.0000, 1.0000, -1.0000]  x
  joint_angles           = [-0.0002, -0.0382, 0.0003, -2.9053, -0.0000, 2.8537, 0.7855]  x
  joint_velocities       = [0.0003, -1.8296, -0.0029, -0.0794, 0.0015, -0.8126, -0.0006]  x
  cube_rotation          = [-0.0167, 0.0884, 0.0044]  x
  cube_linear_velocity   = [0.2809, 0.0006, 0.6471]  x
  obstacle_positions     = {}                     x
[step=  18 01:22:40.354][Analyzer] ASM node=lift_object  goal_status=not_applicable
[step=  18 01:22:40.356][DejaVu] {'status': 'ok', 'unanticipated': False}
[step=  19 01:22:41.497][Manager] ep=1 subtask=LIFT_OBJECT reward=-0.4153
[step=  19 01:22:41.498][Perception]
  RAW PERCEPTION                                  MONITORED PARAMS
  ----------------------------------------------  --------------------------------------
  fingers_width         = 0.0301 m                gripper_width_cm      = 3 cm
  dist_ee_to_cube       = 0.0188 m                distance_ee_object_cm = 0 cm
  dist_cube_to_target   = 0.4153 m  (3D)          distance_obj_goal_cm  = 40 cm  (XY)
  cube_position (z)     = 0.1011 m                object_lift_height_cm = 8 cm
  cube_position (xy)    = [-0.257, 0.005]         grasp_completed       = 1
  finger_contacts (raw) = 2                       finger_contacts       = 2
  x                                               grasp_attempts        = 1
  x                                               task_started          = 1
  x                                               object_available      = 1
  x                                               task_aborted          = 0
  episode                = 1                      x
  step                   = 19                     x
  ee_position            = [-0.2586, 0.0000, 0.1192]  x
  ee_velocity            = [0.1438, -0.0000, 0.4383]  x
  target_position        = [0.1500, 0.0000, 0.0200]  x
  reward                 = -0.4153                x
  is_success             = False                  x
  obstacle_in_path       = False                  x
  obstacle_count_in_path = 0                      x
  obstacles              = {}                     x
  objects                = {'object_1': {'type': 'box', 'size': [0.04, 0.04, 0.04], 'mass': 1.0, 'color': [0.1, 0.2, 0.9, 1.0], 'initial_position': [-0.25, 0.0, 0.02], 'lateral_friction': 0.14, 'spinning_friction': 0.001, 'current_position': [-0.25725783187933937, 0.005245295858305642, 0.10113714183998554]}}  x
  scripts                = {'script_1': True, 'reach_only': True, 'left_right': True}  x
  target_goal            = {'type': 'goal_sequence', 'targets': [{'name': 'target', 'position': [0.15000000596046448, 0.0, 0.019999999552965164]}], 'mode': 'goal_sequence'}  x
  scene                  = {'table': {'length': 1.1, 'width': 0.7, 'height': 0.4, 'x_offset': -0.3, 'lateral_friction': 3.0, 'spinning_friction': 0.001}}  x
  robot_config           = {'control_type': 'ee', 'block_gripper': False, 'base_position': [-0.6, 0.0, 0.05]}  x
  current_task           = OBJECT_DELIVERY_SEQUENCE  x
  current_subtask        = LIFT_OBJECT            x
  active_target_name     = target                 x
  action                 = [0.0000, 0.0000, 1.0000, -1.0000]  x
  joint_angles           = [-0.0002, -0.1485, 0.0002, -2.9055, 0.0001, 2.7492, 0.7854]  x
  joint_velocities       = [0.0003, -1.4925, -0.0002, -0.0071, 0.0004, -0.8033, -0.0016]  x
  cube_rotation          = [0.0241, 0.0453, 0.0059]  x
  cube_linear_velocity   = [0.2261, 0.0125, 0.4647]  x
  obstacle_positions     = {}                     x
[step=  19 01:22:41.502][Analyzer] ASM node=lift_object  goal_status=not_applicable
[step=  19 01:22:41.504][DejaVu] {'status': 'ok', 'unanticipated': False}
[step=  20 01:22:42.618][Manager] ep=1 subtask=LIFT_OBJECT reward=-0.4195
[step=  20 01:22:42.619][Perception]
  RAW PERCEPTION                                  MONITORED PARAMS
  ----------------------------------------------  --------------------------------------
  fingers_width         = 0.0085 m                gripper_width_cm      = 0 cm
  dist_ee_to_cube       = 0.0341 m                distance_ee_object_cm = 0 cm
  dist_cube_to_target   = 0.4195 m  (3D)          distance_obj_goal_cm  = 40 cm  (XY)
  cube_position (z)     = 0.1150 m                object_lift_height_cm = 9 cm
  cube_position (xy)    = [-0.259, -0.002]        grasp_completed       = 1
  finger_contacts (raw) = 1                       finger_contacts       = 1
  x                                               grasp_attempts        = 1
  x                                               task_started          = 1
  x                                               object_available      = 1
  x                                               task_aborted          = 0
  episode                = 1                      x
  step                   = 20                     x
  ee_position            = [-0.2550, 0.0000, 0.1488]  x
  ee_velocity            = [0.1774, -0.0002, 0.5382]  x
  target_position        = [0.1500, 0.0000, 0.0200]  x
  reward                 = -0.4195                x
  is_success             = False                  x
  obstacle_in_path       = False                  x
  obstacle_count_in_path = 0                      x
  obstacles              = {}                     x
  objects                = {'object_1': {'type': 'box', 'size': [0.04, 0.04, 0.04], 'mass': 1.0, 'color': [0.1, 0.2, 0.9, 1.0], 'initial_position': [-0.25, 0.0, 0.02], 'lateral_friction': 0.14, 'spinning_friction': 0.001, 'current_position': [-0.25864414500539096, -0.0019845622797452817, 0.11500432091310687]}}  x
  scripts                = {'script_1': True, 'reach_only': True, 'left_right': True}  x
  target_goal            = {'type': 'goal_sequence', 'targets': [{'name': 'target', 'position': [0.15000000596046448, 0.0, 0.019999999552965164]}], 'mode': 'goal_sequence'}  x
  scene                  = {'table': {'length': 1.1, 'width': 0.7, 'height': 0.4, 'x_offset': -0.3, 'lateral_friction': 3.0, 'spinning_friction': 0.001}}  x
  robot_config           = {'control_type': 'ee', 'block_gripper': False, 'base_position': [-0.6, 0.0, 0.05]}  x
  current_task           = OBJECT_DELIVERY_SEQUENCE  x
  current_subtask        = LIFT_OBJECT            x
  active_target_name     = target                 x
  action                 = [0.0000, 0.0000, 1.0000, -1.0000]  x
  joint_angles           = [-0.0001, -0.2495, 0.0002, -2.8897, 0.0001, 2.6329, 0.7854]  x
  joint_velocities       = [0.0002, -1.6618, -0.0009, 0.1221, 0.0020, -0.8939, -0.0003]  x
  cube_rotation          = [0.7754, -0.0306, 0.0279]  x
  cube_linear_velocity   = [-0.0243, -0.1221, -0.0626]  x
  obstacle_positions     = {}                     x
[step=  20 01:22:42.622][Analyzer] ASM node=lift_object  goal_status=not_applicable
[step=  20 01:22:42.624][DejaVu] {'status': 'ok', 'unanticipated': False}
[step=  21 01:22:43.792][Manager] ep=1 subtask=LIFT_OBJECT reward=-0.4182
[step=  21 01:22:43.793][Perception]
  RAW PERCEPTION                                  MONITORED PARAMS
  ----------------------------------------------  --------------------------------------
  fingers_width         = 0.0010 m                gripper_width_cm      = 0 cm
  dist_ee_to_cube       = 0.0775 m                distance_ee_object_cm = 5 cm
  dist_cube_to_target   = 0.4182 m  (3D)          distance_obj_goal_cm  = 40 cm  (XY)
  cube_position (z)     = 0.1043 m                object_lift_height_cm = 8 cm
  cube_position (xy)    = [-0.260, -0.007]        grasp_completed       = 1
  finger_contacts (raw) = 0                       finger_contacts       = 0
  x                                               grasp_attempts        = 1
  x                                               task_started          = 1
  x                                               object_available      = 1
  x                                               task_aborted          = 0
  episode                = 1                      x
  step                   = 21                     x
  ee_position            = [-0.2510, -0.0000, 0.1810]  x
  ee_velocity            = [0.1001, 0.0002, 0.4268]  x
  target_position        = [0.1500, 0.0000, 0.0200]  x
  reward                 = -0.4182                x
  is_success             = False                  x
  obstacle_in_path       = False                  x
  obstacle_count_in_path = 0                      x
  obstacles              = {}                     x
  objects                = {'object_1': {'type': 'box', 'size': [0.04, 0.04, 0.04], 'mass': 1.0, 'color': [0.1, 0.2, 0.9, 1.0], 'initial_position': [-0.25, 0.0, 0.02], 'lateral_friction': 0.14, 'spinning_friction': 0.001, 'current_position': [-0.25961476948646506, -0.006862104842177527, 0.10426822609978537]}}  x
  scripts                = {'script_1': True, 'reach_only': True, 'left_right': True}  x
  target_goal            = {'type': 'goal_sequence', 'targets': [{'name': 'target', 'position': [0.15000000596046448, 0.0, 0.019999999552965164]}], 'mode': 'goal_sequence'}  x
  scene                  = {'table': {'length': 1.1, 'width': 0.7, 'height': 0.4, 'x_offset': -0.3, 'lateral_friction': 3.0, 'spinning_friction': 0.001}}  x
  robot_config           = {'control_type': 'ee', 'block_gripper': False, 'base_position': [-0.6, 0.0, 0.05]}  x
  current_task           = OBJECT_DELIVERY_SEQUENCE  x
  current_subtask        = LIFT_OBJECT            x
  active_target_name     = target                 x
  action                 = [0.0000, 0.0000, 1.0000, -1.0000]  x
  joint_angles           = [-0.0001, -0.3421, 0.0002, -2.8617, 0.0000, 2.5135, 0.7853]  x
  joint_velocities       = [-0.0001, -1.1901, 0.0000, 0.2407, 0.0040, -0.9172, -0.0006]  x
  cube_rotation          = [1.3769, -0.1025, -0.0561]  x
  cube_linear_velocity   = [-0.0242, -0.1218, -0.4545]  x
  obstacle_positions     = {}                     x
[step=  21 01:22:43.797][Analyzer] ASM node=lift_object  goal_status=not_applicable
[step=  21 01:22:43.799][DejaVu] {'status': 'ok', 'unanticipated': False}
[step=  22 01:22:44.912][Manager] ep=1 subtask=LIFT_OBJECT reward=-0.4148
[step=  22 01:22:44.912][Perception]
  RAW PERCEPTION                                  MONITORED PARAMS
  ----------------------------------------------  --------------------------------------
  fingers_width         = 0.0001 m                gripper_width_cm      = 0 cm
  dist_ee_to_cube       = 0.0940 m                distance_ee_object_cm = 6 cm
  dist_cube_to_target   = 0.4148 m  (3D)          distance_obj_goal_cm  = 41 cm  (XY)
  cube_position (z)     = 0.0779 m                object_lift_height_cm = 5 cm
  cube_position (xy)    = [-0.261, -0.012]        grasp_completed       = 1
  finger_contacts (raw) = 0                       finger_contacts       = 0
  x                                               grasp_attempts        = 1
  x                                               task_started          = 1
  x                                               object_available      = 1
  x                                               task_aborted          = 0
  episode                = 1                      x
  step                   = 22                     x
  ee_position            = [-0.2446, 0.0000, 0.1698]  x
  ee_velocity            = [-0.4537, -0.0002, -1.1309]  x
  target_position        = [0.1500, 0.0000, 0.0200]  x
  reward                 = -0.4148                x
  is_success             = False                  x
  obstacle_in_path       = False                  x
  obstacle_count_in_path = 0                      x
  obstacles              = {}                     x
  objects                = {'object_1': {'type': 'box', 'size': [0.04, 0.04, 0.04], 'mass': 1.0, 'color': [0.1, 0.2, 0.9, 1.0], 'initial_position': [-0.25, 0.0, 0.02], 'lateral_friction': 0.14, 'spinning_friction': 0.001, 'current_position': [-0.26058310812268604, -0.011728160670264876, 0.0778805318382085]}}  x
  scripts                = {'script_1': True, 'reach_only': True, 'left_right': True}  x
  target_goal            = {'type': 'goal_sequence', 'targets': [{'name': 'target', 'position': [0.15000000596046448, 0.0, 0.019999999552965164]}], 'mode': 'goal_sequence'}  x
  scene                  = {'table': {'length': 1.1, 'width': 0.7, 'height': 0.4, 'x_offset': -0.3, 'lateral_friction': 3.0, 'spinning_friction': 0.001}}  x
  robot_config           = {'control_type': 'ee', 'block_gripper': False, 'base_position': [-0.6, 0.0, 0.05]}  x
  current_task           = OBJECT_DELIVERY_SEQUENCE  x
  current_subtask        = LIFT_OBJECT            x
  active_target_name     = target                 x
  action                 = [0.0000, 0.0000, -1.0000, -1.0000]  x
  joint_angles           = [-0.0001, -0.3024, 0.0002, -2.8959, 0.0003, 2.6477, 0.7853]  x
  joint_velocities       = [-0.0000, 3.1523, 0.0000, -0.3073, -0.0100, 1.0317, -0.0000]  x
  cube_rotation          = [1.9694, -0.1145, -0.1638]  x
  cube_linear_velocity   = [-0.0242, -0.1215, -0.8452]  x
  obstacle_positions     = {}                     x
[step=  22 01:22:44.916][Analyzer] ASM node=lift_object  goal_status=not_applicable
[step=  22 01:22:44.918][DejaVu] {'status': 'ok', 'unanticipated': False}
[step=  23 01:22:46.058][Manager] ep=1 subtask=TRANSPORT_OBJECT reward=-0.4122
[step=  23 01:22:46.059][Perception]
  RAW PERCEPTION                                  MONITORED PARAMS
  ----------------------------------------------  --------------------------------------
  fingers_width         = 0.0000 m                gripper_width_cm      = 0 cm
  dist_ee_to_cube       = 0.1040 m                distance_ee_object_cm = 7 cm
  dist_cube_to_target   = 0.4122 m  (3D)          distance_obj_goal_cm  = 41 cm  (XY)
  cube_position (z)     = 0.0359 m                object_lift_height_cm = 1 cm
  cube_position (xy)    = [-0.262, -0.017]        grasp_completed       = 1
  finger_contacts (raw) = 0                       finger_contacts       = 0
  x                                               grasp_attempts        = 1
  x                                               task_started          = 1
  x                                               object_available      = 1
  x                                               task_aborted          = 0
  episode                = 1                      x
  step                   = 23                     x
  ee_position            = [-0.2443, 0.0000, 0.1371]  x
  ee_velocity            = [1.0892, 0.0006, -0.0625]  x
  target_position        = [0.1500, 0.0000, 0.0200]  x
  reward                 = -0.4122                x
  is_success             = False                  x
  obstacle_in_path       = False                  x
  obstacle_count_in_path = 0                      x
  obstacles              = {}                     x
  objects                = {'object_1': {'type': 'box', 'size': [0.04, 0.04, 0.04], 'mass': 1.0, 'color': [0.1, 0.2, 0.9, 1.0], 'initial_position': [-0.25, 0.0, 0.02], 'lateral_friction': 0.14, 'spinning_friction': 0.001, 'current_position': [-0.26154857787125324, -0.016579799881101268, 0.0358987228295637]}}  x
  scripts                = {'script_1': True, 'reach_only': True, 'left_right': True}  x
  target_goal            = {'type': 'goal_sequence', 'targets': [{'name': 'target', 'position': [0.15000000596046448, 0.0, 0.019999999552965164]}], 'mode': 'goal_sequence'}  x
  scene                  = {'table': {'length': 1.1, 'width': 0.7, 'height': 0.4, 'x_offset': -0.3, 'lateral_friction': 3.0, 'spinning_friction': 0.001}}  x
  robot_config           = {'control_type': 'ee', 'block_gripper': False, 'base_position': [-0.6, 0.0, 0.05]}  x
  current_task           = OBJECT_DELIVERY_SEQUENCE  x
  current_subtask        = TRANSPORT_OBJECT       x
  active_target_name     = target                 x
  action                 = [1.0000, -0.0000, 0.0000, -1.0000]  x
  joint_angles           = [-0.0002, -0.1407, 0.0002, -2.7982, -0.0000, 2.5685, 0.7854]  x
  joint_velocities       = [-0.0004, 3.2637, 0.0008, 3.5779, 0.0059, -0.6088, 0.0001]  x
  cube_rotation          = [2.5444, -0.0666, -0.2578]  x
  cube_linear_velocity   = [-0.0241, -0.1211, -1.2342]  x
  obstacle_positions     = {}                     x
[step=  23 01:22:46.062][ASM] [WARN] lift_object → transport_object: managing transitou sem condições validadas
[step=  23 01:22:46.062][ASM] [OK] lift_object → transport_object  (type=domain)
[step=  23 01:22:46.062][Analyzer] ASM node=transport_object  goal_status=ok  (scenario=TRANSPORT_OBJECT)
[step=  23 01:22:46.066][DejaVu] {'status': 'ok', 'unanticipated': True}
[step=  24 01:22:47.217][Manager] ep=1 subtask=TRANSPORT_OBJECT reward=-0.4124
[step=  24 01:22:47.218][Perception]
  RAW PERCEPTION                                  MONITORED PARAMS
  ----------------------------------------------  --------------------------------------
  fingers_width         = 0.0000 m                gripper_width_cm      = 0 cm
  dist_ee_to_cube       = 0.1387 m                distance_ee_object_cm = 11 cm
  dist_cube_to_target   = 0.4124 m  (3D)          distance_obj_goal_cm  = 41 cm  (XY)
  cube_position (z)     = 0.0209 m                object_lift_height_cm = 0 cm
  cube_position (xy)    = [-0.261, -0.032]        grasp_completed       = 1
  finger_contacts (raw) = 0                       finger_contacts       = 0
  x                                               grasp_attempts        = 1
  x                                               task_started          = 1
  x                                               object_available      = 1
  x                                               task_aborted          = 0
  episode                = 1                      x
  step                   = 24                     x
  ee_position            = [-0.2045, -0.0000, 0.1435]  x
  ee_velocity            = [0.3214, 0.0002, 0.1015]  x
  target_position        = [0.1500, 0.0000, 0.0200]  x
  reward                 = -0.4124                x
  is_success             = False                  x
  obstacle_in_path       = False                  x
  obstacle_count_in_path = 0                      x
  obstacles              = {}                     x
  objects                = {'object_1': {'type': 'box', 'size': [0.04, 0.04, 0.04], 'mass': 1.0, 'color': [0.1, 0.2, 0.9, 1.0], 'initial_position': [-0.25, 0.0, 0.02], 'lateral_friction': 0.14, 'spinning_friction': 0.001, 'current_position': [-0.26118891754709445, -0.03152959804938718, 0.020909942830575682]}}  x
  scripts                = {'script_1': True, 'reach_only': True, 'left_right': True}  x
  target_goal            = {'type': 'goal_sequence', 'targets': [{'name': 'target', 'position': [0.15000000596046448, 0.0, 0.019999999552965164]}], 'mode': 'goal_sequence'}  x
  scene                  = {'table': {'length': 1.1, 'width': 0.7, 'height': 0.4, 'x_offset': -0.3, 'lateral_friction': 3.0, 'spinning_friction': 0.001}}  x
  robot_config           = {'control_type': 'ee', 'block_gripper': False, 'base_position': [-0.6, 0.0, 0.05]}  x
  current_task           = OBJECT_DELIVERY_SEQUENCE  x
  current_subtask        = TRANSPORT_OBJECT       x
  active_target_name     = target                 x
  action                 = [0.9966, -0.0000, 0.0827, -1.0000]  x
  joint_angles           = [-0.0002, -0.0859, 0.0002, -2.7299, 0.0000, 2.6311, 0.7854]  x
  joint_velocities       = [-0.0000, 0.3148, 0.0006, 0.5444, 0.0005, 0.4811, 0.0001]  x
  cube_rotation          = [-3.0761, -0.0098, -0.2446]  x
  cube_linear_velocity   = [-0.0514, -0.3530, -0.0954]  x
  obstacle_positions     = {}                     x
[step=  24 01:22:47.220][Analyzer] ASM node=transport_object  goal_status=not_applicable
[step=  24 01:22:47.222][DejaVu] {'status': 'ok', 'unanticipated': True}
[step=  25 01:22:48.364][Manager] ep=1 subtask=TRANSPORT_OBJECT reward=-0.4140
[step=  25 01:22:48.365][Perception]
  RAW PERCEPTION                                  MONITORED PARAMS
  ----------------------------------------------  --------------------------------------
  fingers_width         = 0.0000 m                gripper_width_cm      = 0 cm
  dist_ee_to_cube       = 0.1597 m                distance_ee_object_cm = 13 cm
  dist_cube_to_target   = 0.4140 m  (3D)          distance_obj_goal_cm  = 41 cm  (XY)
  cube_position (z)     = 0.0199 m                object_lift_height_cm = 0 cm
  cube_position (xy)    = [-0.262, -0.041]        grasp_completed       = 1
  finger_contacts (raw) = 0                       finger_contacts       = 0
  x                                               grasp_attempts        = 1
  x                                               task_started          = 1
  x                                               object_available      = 1
  x                                               task_aborted          = 0
  episode                = 1                      x
  step                   = 25                     x
  ee_position            = [-0.1718, -0.0000, 0.1452]  x
  ee_velocity            = [0.5821, -0.0009, 0.1808]  x
  target_position        = [0.1500, 0.0000, 0.0200]  x
  reward                 = -0.4140                x
  is_success             = False                  x
  obstacle_in_path       = False                  x
  obstacle_count_in_path = 0                      x
  obstacles              = {}                     x
  objects                = {'object_1': {'type': 'box', 'size': [0.04, 0.04, 0.04], 'mass': 1.0, 'color': [0.1, 0.2, 0.9, 1.0], 'initial_position': [-0.25, 0.0, 0.02], 'lateral_friction': 0.14, 'spinning_friction': 0.001, 'current_position': [-0.2619126006293755, -0.04120250986966164, 0.019928999029427286]}}  x
  scripts                = {'script_1': True, 'reach_only': True, 'left_right': True}  x
  target_goal            = {'type': 'goal_sequence', 'targets': [{'name': 'target', 'position': [0.15000000596046448, 0.0, 0.019999999552965164]}], 'mode': 'goal_sequence'}  x
  scene                  = {'table': {'length': 1.1, 'width': 0.7, 'height': 0.4, 'x_offset': -0.3, 'lateral_friction': 3.0, 'spinning_friction': 0.001}}  x
  robot_config           = {'control_type': 'ee', 'block_gripper': False, 'base_position': [-0.6, 0.0, 0.05]}  x
  current_task           = OBJECT_DELIVERY_SEQUENCE  x
  current_subtask        = TRANSPORT_OBJECT       x
  active_target_name     = target                 x
  action                 = [0.9973, 0.0000, 0.0739, -1.0000]  x
  joint_angles           = [-0.0002, -0.0080, 0.0001, -2.6258, 0.0000, 2.6079, 0.7854]  x
  joint_velocities       = [-0.0000, 0.7777, -0.0019, 1.5188, -0.0002, -0.1783, 0.0000]  x
  cube_rotation          = [3.1413, -0.0023, -0.3031]  x
  cube_linear_velocity   = [-0.0067, -0.1530, 0.0027]  x
  obstacle_positions     = {}                     x
[step=  25 01:22:48.368][Analyzer] ASM node=transport_object  goal_status=not_applicable
[step=  25 01:22:48.370][DejaVu] {'status': 'ok', 'unanticipated': True}
[step=  26 01:22:49.499][Manager] ep=1 subtask=TRANSPORT_OBJECT reward=-0.4143
[step=  26 01:22:49.499][Perception]
  RAW PERCEPTION                                  MONITORED PARAMS
  ----------------------------------------------  --------------------------------------
  fingers_width         = 0.0000 m                gripper_width_cm      = 0 cm
  dist_ee_to_cube       = 0.1849 m                distance_ee_object_cm = 15 cm
  dist_cube_to_target   = 0.4143 m  (3D)          distance_obj_goal_cm  = 41 cm  (XY)
  cube_position (z)     = 0.0200 m                object_lift_height_cm = 0 cm
  cube_position (xy)    = [-0.262, -0.044]        grasp_completed       = 1
  finger_contacts (raw) = 0                       finger_contacts       = 0
  x                                               grasp_attempts        = 1
  x                                               task_started          = 1
  x                                               object_available      = 1
  x                                               task_aborted          = 0
  episode                = 1                      x
  step                   = 26                     x
  ee_position            = [-0.1363, -0.0000, 0.1483]  x
  ee_velocity            = [0.4381, -0.0003, 0.0923]  x
  target_position        = [0.1500, 0.0000, 0.0200]  x
  reward                 = -0.4143                x
  is_success             = False                  x
  obstacle_in_path       = False                  x
  obstacle_count_in_path = 0                      x
  obstacles              = {}                     x
  objects                = {'object_1': {'type': 'box', 'size': [0.04, 0.04, 0.04], 'mass': 1.0, 'color': [0.1, 0.2, 0.9, 1.0], 'initial_position': [-0.25, 0.0, 0.02], 'lateral_friction': 0.14, 'spinning_friction': 0.001, 'current_position': [-0.2619952284531677, -0.043914959041627954, 0.019978541135762747]}}  x
  scripts                = {'script_1': True, 'reach_only': True, 'left_right': True}  x
  target_goal            = {'type': 'goal_sequence', 'targets': [{'name': 'target', 'position': [0.15000000596046448, 0.0, 0.019999999552965164]}], 'mode': 'goal_sequence'}  x
  scene                  = {'table': {'length': 1.1, 'width': 0.7, 'height': 0.4, 'x_offset': -0.3, 'lateral_friction': 3.0, 'spinning_friction': 0.001}}  x
  robot_config           = {'control_type': 'ee', 'block_gripper': False, 'base_position': [-0.6, 0.0, 0.05]}  x
  current_task           = OBJECT_DELIVERY_SEQUENCE  x
  current_subtask        = TRANSPORT_OBJECT       x
  active_target_name     = target                 x
  action                 = [0.9971, 0.0001, 0.0764, -1.0000]  x
  joint_angles           = [-0.0002, 0.0681, 0.0001, -2.5144, -0.0000, 2.5785, 0.7854]  x
  joint_velocities       = [0.0001, 0.7352, -0.0006, 1.2581, -0.0001, -0.2261, -0.0000]  x
  cube_rotation          = [3.1415, -0.0004, -0.3031]  x
  cube_linear_velocity   = [0.0004, -0.0001, 0.0005]  x
  obstacle_positions     = {}                     x
[step=  26 01:22:49.503][Analyzer] ASM node=transport_object  goal_status=not_applicable
[step=  26 01:22:49.505][DejaVu] {'status': 'ok', 'unanticipated': True}
[step=  27 01:22:50.645][Manager] ep=1 subtask=TRANSPORT_OBJECT reward=-0.4143
[step=  27 01:22:50.645][Perception]
  RAW PERCEPTION                                  MONITORED PARAMS
  ----------------------------------------------  --------------------------------------
  fingers_width         = -0.0000 m               gripper_width_cm      = 0 cm
  dist_ee_to_cube       = 0.2096 m                distance_ee_object_cm = 18 cm
  dist_cube_to_target   = 0.4143 m  (3D)          distance_obj_goal_cm  = 41 cm  (XY)
  cube_position (z)     = 0.0200 m                object_lift_height_cm = 0 cm
  cube_position (xy)    = [-0.262, -0.044]        grasp_completed       = 1
  finger_contacts (raw) = 0                       finger_contacts       = 0
  x                                               grasp_attempts        = 1
  x                                               task_started          = 1
  x                                               object_available      = 1
  x                                               task_aborted          = 0
  episode                = 1                      x
  step                   = 27                     x
  ee_position            = [-0.1027, -0.0001, 0.1490]  x
  ee_velocity            = [0.4703, -0.0006, 0.1140]  x
  target_position        = [0.1500, 0.0000, 0.0200]  x
  reward                 = -0.4143                x
  is_success             = False                  x
  obstacle_in_path       = False                  x
  obstacle_count_in_path = 0                      x
  obstacles              = {}                     x
  objects                = {'object_1': {'type': 'box', 'size': [0.04, 0.04, 0.04], 'mass': 1.0, 'color': [0.1, 0.2, 0.9, 1.0], 'initial_position': [-0.25, 0.0, 0.02], 'lateral_friction': 0.14, 'spinning_friction': 0.001, 'current_position': [-0.26198827856529877, -0.043917637547436834, 0.019988116924615013]}}  x
  scripts                = {'script_1': True, 'reach_only': True, 'left_right': True}  x
  target_goal            = {'type': 'goal_sequence', 'targets': [{'name': 'target', 'position': [0.15000000596046448, 0.0, 0.019999999552965164]}], 'mode': 'goal_sequence'}  x
  scene                  = {'table': {'length': 1.1, 'width': 0.7, 'height': 0.4, 'x_offset': -0.3, 'lateral_friction': 3.0, 'spinning_friction': 0.001}}  x
  robot_config           = {'control_type': 'ee', 'block_gripper': False, 'base_position': [-0.6, 0.0, 0.05]}  x
  current_task           = OBJECT_DELIVERY_SEQUENCE  x
  current_subtask        = TRANSPORT_OBJECT       x
  active_target_name     = target                 x
  action                 = [0.9972, 0.0001, 0.0748, -1.0000]  x
  joint_angles           = [-0.0002, 0.1476, 0.0001, -2.3985, -0.0000, 2.5389, 0.7854]  x
  joint_velocities       = [0.0001, 0.7500, -0.0011, 1.3895, -0.0001, -0.3046, -0.0001]  x
  cube_rotation          = [3.1415, -0.0000, -0.3031]  x
  cube_linear_velocity   = [0.0001, -0.0000, 0.0001]  x
  obstacle_positions     = {}                     x
[step=  27 01:22:50.648][Analyzer] ASM node=transport_object  goal_status=not_applicable
[step=  27 01:22:50.651][DejaVu] {'status': 'ok', 'unanticipated': True}
[step=  28 01:22:51.805][Manager] ep=1 subtask=TRANSPORT_OBJECT reward=-0.4143
[step=  28 01:22:51.805][Perception]
  RAW PERCEPTION                                  MONITORED PARAMS
  ----------------------------------------------  --------------------------------------
  fingers_width         = -0.0000 m               gripper_width_cm      = 0 cm
  dist_ee_to_cube       = 0.2369 m                distance_ee_object_cm = 21 cm
  dist_cube_to_target   = 0.4143 m  (3D)          distance_obj_goal_cm  = 41 cm  (XY)
  cube_position (z)     = 0.0200 m                object_lift_height_cm = 0 cm
  cube_position (xy)    = [-0.262, -0.044]        grasp_completed       = 1
  finger_contacts (raw) = 0                       finger_contacts       = 0
  x                                               grasp_attempts        = 1
  x                                               task_started          = 1
  x                                               object_available      = 1
  x                                               task_aborted          = 0
  episode                = 1                      x
  step                   = 28                     x
  ee_position            = [-0.0690, -0.0001, 0.1501]  x
  ee_velocity            = [0.4371, -0.0003, 0.1076]  x
  target_position        = [0.1500, 0.0000, 0.0200]  x
  reward                 = -0.4143                x
  is_success             = False                  x
  obstacle_in_path       = False                  x
  obstacle_count_in_path = 0                      x
  obstacles              = {}                     x
  objects                = {'object_1': {'type': 'box', 'size': [0.04, 0.04, 0.04], 'mass': 1.0, 'color': [0.1, 0.2, 0.9, 1.0], 'initial_position': [-0.25, 0.0, 0.02], 'lateral_friction': 0.14, 'spinning_friction': 0.001, 'current_position': [-0.26198765162021537, -0.04391856913900607, 0.019989601121152605]}}  x
  scripts                = {'script_1': True, 'reach_only': True, 'left_right': True}  x
  target_goal            = {'type': 'goal_sequence', 'targets': [{'name': 'target', 'position': [0.15000000596046448, 0.0, 0.019999999552965164]}], 'mode': 'goal_sequence'}  x
  scene                  = {'table': {'length': 1.1, 'width': 0.7, 'height': 0.4, 'x_offset': -0.3, 'lateral_friction': 3.0, 'spinning_friction': 0.001}}  x
  robot_config           = {'control_type': 'ee', 'block_gripper': False, 'base_position': [-0.6, 0.0, 0.05]}  x
  current_task           = OBJECT_DELIVERY_SEQUENCE  x
  current_subtask        = TRANSPORT_OBJECT       x
  active_target_name     = target                 x
  action                 = [0.9966, 0.0002, 0.0823, -1.0000]  x
  joint_angles           = [-0.0002, 0.2241, 0.0000, -2.2814, -0.0000, 2.4996, 0.7853]  x
  joint_velocities       = [0.0001, 0.7033, -0.0006, 1.3329, -0.0000, -0.3023, -0.0001]  x
  cube_rotation          = [3.1416, 0.0000, -0.3031]  x
  cube_linear_velocity   = [-0.0000, -0.0000, 0.0000]  x
  obstacle_positions     = {}                     x
[step=  28 01:22:51.808][Analyzer] ASM node=transport_object  goal_status=not_applicable
[step=  28 01:22:51.810][DejaVu] {'status': 'ok', 'unanticipated': True}
[step=  29 01:22:52.965][Manager] ep=1 subtask=TRANSPORT_OBJECT reward=-0.4143
[step=  29 01:22:52.965][Perception]
  RAW PERCEPTION                                  MONITORED PARAMS
  ----------------------------------------------  --------------------------------------
  fingers_width         = -0.0000 m               gripper_width_cm      = 0 cm
  dist_ee_to_cube       = 0.2649 m                distance_ee_object_cm = 23 cm
  dist_cube_to_target   = 0.4143 m  (3D)          distance_obj_goal_cm  = 41 cm  (XY)
  cube_position (z)     = 0.0200 m                object_lift_height_cm = 0 cm
  cube_position (xy)    = [-0.262, -0.044]        grasp_completed       = 1
  finger_contacts (raw) = 0                       finger_contacts       = 0
  x                                               grasp_attempts        = 1
  x                                               task_started          = 1
  x                                               object_available      = 1
  x                                               task_aborted          = 0
  episode                = 1                      x
  step                   = 29                     x
  ee_position            = [-0.0361, -0.0001, 0.1514]  x
  ee_velocity            = [0.4202, -0.0002, 0.0965]  x
  target_position        = [0.1500, 0.0000, 0.0200]  x
  reward                 = -0.4143                x
  is_success             = False                  x
  obstacle_in_path       = False                  x
  obstacle_count_in_path = 0                      x
  obstacles              = {}                     x
  objects                = {'object_1': {'type': 'box', 'size': [0.04, 0.04, 0.04], 'mass': 1.0, 'color': [0.1, 0.2, 0.9, 1.0], 'initial_position': [-0.25, 0.0, 0.02], 'lateral_friction': 0.14, 'spinning_friction': 0.001, 'current_position': [-0.2619878315214764, -0.04391891475292537, 0.019989821669877617]}}  x
  scripts                = {'script_1': True, 'reach_only': True, 'left_right': True}  x
  target_goal            = {'type': 'goal_sequence', 'targets': [{'name': 'target', 'position': [0.15000000596046448, 0.0, 0.019999999552965164]}], 'mode': 'goal_sequence'}  x
  scene                  = {'table': {'length': 1.1, 'width': 0.7, 'height': 0.4, 'x_offset': -0.3, 'lateral_friction': 3.0, 'spinning_friction': 0.001}}  x
  robot_config           = {'control_type': 'ee', 'block_gripper': False, 'base_position': [-0.6, 0.0, 0.05]}  x
  current_task           = OBJECT_DELIVERY_SEQUENCE  x
  current_subtask        = TRANSPORT_OBJECT       x
  active_target_name     = target                 x
  action                 = [0.9960, 0.0003, 0.0895, -1.0000]  x
  joint_angles           = [-0.0001, 0.2997, 0.0000, -2.1613, -0.0000, 2.4556, 0.7853]  x
  joint_velocities       = [0.0001, 0.7195, -0.0004, 1.3561, -0.0000, -0.3380, -0.0000]  x
  cube_rotation          = [3.1416, 0.0000, -0.3031]  x
  cube_linear_velocity   = [-0.0000, -0.0000, 0.0000]  x
  obstacle_positions     = {}                     x
[step=  29 01:22:52.968][Analyzer] ASM node=transport_object  goal_status=not_applicable
[step=  29 01:22:52.970][DejaVu] {'status': 'ok', 'unanticipated': True}
[step=  30 01:22:54.086][Manager] ep=1 subtask=TRANSPORT_OBJECT reward=-0.4143
[step=  30 01:22:54.086][Perception]
  RAW PERCEPTION                                  MONITORED PARAMS
  ----------------------------------------------  --------------------------------------
  fingers_width         = -0.0000 m               gripper_width_cm      = 0 cm
  dist_ee_to_cube       = 0.2936 m                distance_ee_object_cm = 26 cm
  dist_cube_to_target   = 0.4143 m  (3D)          distance_obj_goal_cm  = 41 cm  (XY)
  cube_position (z)     = 0.0200 m                object_lift_height_cm = 0 cm
  cube_position (xy)    = [-0.262, -0.044]        grasp_completed       = 1
  finger_contacts (raw) = 0                       finger_contacts       = 0
  x                                               grasp_attempts        = 1
  x                                               task_started          = 1
  x                                               object_available      = 1
  x                                               task_aborted          = 0
  episode                = 1                      x
  step                   = 30                     x
  ee_position            = [-0.0041, -0.0001, 0.1533]  x
  ee_velocity            = [0.4027, -0.0001, 0.1150]  x
  target_position        = [0.1500, 0.0000, 0.0200]  x
  reward                 = -0.4143                x
  is_success             = False                  x
  obstacle_in_path       = False                  x
  obstacle_count_in_path = 0                      x
  obstacles              = {}                     x
  objects                = {'object_1': {'type': 'box', 'size': [0.04, 0.04, 0.04], 'mass': 1.0, 'color': [0.1, 0.2, 0.9, 1.0], 'initial_position': [-0.25, 0.0, 0.02], 'lateral_friction': 0.14, 'spinning_friction': 0.001, 'current_position': [-0.2619879580183029, -0.04391908960681126, 0.01998986327246516]}}  x
  scripts                = {'script_1': True, 'reach_only': True, 'left_right': True}  x
  target_goal            = {'type': 'goal_sequence', 'targets': [{'name': 'target', 'position': [0.15000000596046448, 0.0, 0.019999999552965164]}], 'mode': 'goal_sequence'}  x
  scene                  = {'table': {'length': 1.1, 'width': 0.7, 'height': 0.4, 'x_offset': -0.3, 'lateral_friction': 3.0, 'spinning_friction': 0.001}}  x
  robot_config           = {'control_type': 'ee', 'block_gripper': False, 'base_position': [-0.6, 0.0, 0.05]}  x
  current_task           = OBJECT_DELIVERY_SEQUENCE  x
  current_subtask        = TRANSPORT_OBJECT       x
  active_target_name     = target                 x
  action                 = [0.9951, 0.0003, 0.0987, -1.0000]  x
  joint_angles           = [-0.0001, 0.3734, 0.0000, -2.0387, -0.0000, 2.4083, 0.7853]  x
  joint_velocities       = [0.0001, 0.6714, -0.0003, 1.3534, -0.0000, -0.3639, 0.0000]  x
  cube_rotation          = [3.1416, 0.0000, -0.3031]  x
  cube_linear_velocity   = [-0.0000, -0.0000, 0.0000]  x
  obstacle_positions     = {}                     x
[step=  30 01:22:54.090][Analyzer] ASM node=transport_object  goal_status=not_applicable
[step=  30 01:22:54.092][DejaVu] {'status': 'ok', 'unanticipated': True}
[step=  31 01:22:55.232][Manager] ep=1 subtask=TRANSPORT_OBJECT reward=-0.4143
[step=  31 01:22:55.233][Perception]
  RAW PERCEPTION                                  MONITORED PARAMS
  ----------------------------------------------  --------------------------------------
  fingers_width         = -0.0000 m               gripper_width_cm      = 0 cm
  dist_ee_to_cube       = 0.3219 m                distance_ee_object_cm = 29 cm
  dist_cube_to_target   = 0.4143 m  (3D)          distance_obj_goal_cm  = 41 cm  (XY)
  cube_position (z)     = 0.0200 m                object_lift_height_cm = 0 cm
  cube_position (xy)    = [-0.262, -0.044]        grasp_completed       = 1
  finger_contacts (raw) = 0                       finger_contacts       = 0
  x                                               grasp_attempts        = 1
  x                                               task_started          = 1
  x                                               object_available      = 1
  x                                               task_aborted          = 0
  episode                = 1                      x
  step                   = 31                     x
  ee_position            = [0.0267, -0.0000, 0.1556]  x
  ee_velocity            = [0.3712, -0.0001, 0.1033]  x
  target_position        = [0.1500, 0.0000, 0.0200]  x
  reward                 = -0.4143                x
  is_success             = False                  x
  obstacle_in_path       = False                  x
  obstacle_count_in_path = 0                      x
  obstacles              = {}                     x
  objects                = {'object_1': {'type': 'box', 'size': [0.04, 0.04, 0.04], 'mass': 1.0, 'color': [0.1, 0.2, 0.9, 1.0], 'initial_position': [-0.25, 0.0, 0.02], 'lateral_friction': 0.14, 'spinning_friction': 0.001, 'current_position': [-0.2619880744406575, -0.04391923224909997, 0.01998987112003535]}}  x
  scripts                = {'script_1': True, 'reach_only': True, 'left_right': True}  x
  target_goal            = {'type': 'goal_sequence', 'targets': [{'name': 'target', 'position': [0.15000000596046448, 0.0, 0.019999999552965164]}], 'mode': 'goal_sequence'}  x
  scene                  = {'table': {'length': 1.1, 'width': 0.7, 'height': 0.4, 'x_offset': -0.3, 'lateral_friction': 3.0, 'spinning_friction': 0.001}}  x
  robot_config           = {'control_type': 'ee', 'block_gripper': False, 'base_position': [-0.6, 0.0, 0.05]}  x
  current_task           = OBJECT_DELIVERY_SEQUENCE  x
  current_subtask        = TRANSPORT_OBJECT       x
  active_target_name     = target                 x
  action                 = [0.9943, 0.0004, 0.1067, -1.0000]  x
  joint_angles           = [-0.0001, 0.4464, 0.0000, -1.9133, -0.0000, 2.3572, 0.7854]  x
  joint_velocities       = [0.0001, 0.6733, -0.0002, 1.3452, -0.0000, -0.3931, 0.0001]  x
  cube_rotation          = [3.1416, 0.0000, -0.3031]  x
  cube_linear_velocity   = [-0.0000, -0.0000, 0.0000]  x
  obstacle_positions     = {}                     x
[step=  31 01:22:55.235][Analyzer] ASM node=transport_object  goal_status=not_applicable
[step=  31 01:22:55.237][DejaVu] {'status': 'ok', 'unanticipated': True}
[step=  32 01:22:56.380][Manager] ep=1 subtask=TRANSPORT_OBJECT reward=-0.4143
[step=  32 01:22:56.380][Perception]
  RAW PERCEPTION                                  MONITORED PARAMS
  ----------------------------------------------  --------------------------------------
  fingers_width         = -0.0000 m               gripper_width_cm      = 0 cm
  dist_ee_to_cube       = 0.3488 m                distance_ee_object_cm = 32 cm
  dist_cube_to_target   = 0.4143 m  (3D)          distance_obj_goal_cm  = 41 cm  (XY)
  cube_position (z)     = 0.0200 m                object_lift_height_cm = 0 cm
  cube_position (xy)    = [-0.262, -0.044]        grasp_completed       = 1
  finger_contacts (raw) = 0                       finger_contacts       = 0
  x                                               grasp_attempts        = 1
  x                                               task_started          = 1
  x                                               object_available      = 1
  x                                               task_aborted          = 0
  episode                = 1                      x
  step                   = 32                     x
  ee_position            = [0.0556, -0.0000, 0.1574]  x
  ee_velocity            = [0.3324, -0.0000, 0.0724]  x
  target_position        = [0.1500, 0.0000, 0.0200]  x
  reward                 = -0.4143                x
  is_success             = False                  x
  obstacle_in_path       = False                  x
  obstacle_count_in_path = 0                      x
  obstacles              = {}                     x
  objects                = {'object_1': {'type': 'box', 'size': [0.04, 0.04, 0.04], 'mass': 1.0, 'color': [0.1, 0.2, 0.9, 1.0], 'initial_position': [-0.25, 0.0, 0.02], 'lateral_friction': 0.14, 'spinning_friction': 0.001, 'current_position': [-0.2619881889620837, -0.04391936881474745, 0.019989872600278]}}  x
  scripts                = {'script_1': True, 'reach_only': True, 'left_right': True}  x
  target_goal            = {'type': 'goal_sequence', 'targets': [{'name': 'target', 'position': [0.15000000596046448, 0.0, 0.019999999552965164]}], 'mode': 'goal_sequence'}  x
  scene                  = {'table': {'length': 1.1, 'width': 0.7, 'height': 0.4, 'x_offset': -0.3, 'lateral_friction': 3.0, 'spinning_friction': 0.001}}  x
  robot_config           = {'control_type': 'ee', 'block_gripper': False, 'base_position': [-0.6, 0.0, 0.05]}  x
  current_task           = OBJECT_DELIVERY_SEQUENCE  x
  current_subtask        = TRANSPORT_OBJECT       x
  active_target_name     = target                 x
  action                 = [0.9934, 0.0004, 0.1143, -1.0000]  x
  joint_angles           = [-0.0001, 0.5202, 0.0000, -1.7857, -0.0000, 2.3032, 0.7854]  x
  joint_velocities       = [0.0002, 0.7005, -0.0002, 1.3296, -0.0000, -0.4147, 0.0001]  x
  cube_rotation          = [3.1416, 0.0000, -0.3031]  x
  cube_linear_velocity   = [-0.0000, -0.0000, 0.0000]  x
  obstacle_positions     = {}                     x
[step=  32 01:22:56.384][Analyzer] ASM node=transport_object  goal_status=not_applicable
[step=  32 01:22:56.386][DejaVu] {'status': 'ok', 'unanticipated': True}
[step=  33 01:22:57.526][Manager] ep=1 subtask=TRANSPORT_OBJECT reward=-0.4143
[step=  33 01:22:57.527][Perception]
  RAW PERCEPTION                                  MONITORED PARAMS
  ----------------------------------------------  --------------------------------------
  fingers_width         = 0.0000 m                gripper_width_cm      = 0 cm
  dist_ee_to_cube       = 0.3746 m                distance_ee_object_cm = 34 cm
  dist_cube_to_target   = 0.4143 m  (3D)          distance_obj_goal_cm  = 41 cm  (XY)
  cube_position (z)     = 0.0200 m                object_lift_height_cm = 0 cm
  cube_position (xy)    = [-0.262, -0.044]        grasp_completed       = 1
  finger_contacts (raw) = 0                       finger_contacts       = 0
  x                                               grasp_attempts        = 1
  x                                               task_started          = 1
  x                                               object_available      = 1
  x                                               task_aborted          = 0
  episode                = 1                      x
  step                   = 33                     x
  ee_position            = [0.0826, -0.0000, 0.1603]  x
  ee_velocity            = [0.3079, 0.0000, 0.1102]  x
  target_position        = [0.1500, 0.0000, 0.0200]  x
  reward                 = -0.4143                x
  is_success             = False                  x
  obstacle_in_path       = False                  x
  obstacle_count_in_path = 0                      x
  obstacles              = {}                     x
  objects                = {'object_1': {'type': 'box', 'size': [0.04, 0.04, 0.04], 'mass': 1.0, 'color': [0.1, 0.2, 0.9, 1.0], 'initial_position': [-0.25, 0.0, 0.02], 'lateral_friction': 0.14, 'spinning_friction': 0.001, 'current_position': [-0.2619883031244077, -0.04391950423368552, 0.019989872879427762]}}  x
  scripts                = {'script_1': True, 'reach_only': True, 'left_right': True}  x
  target_goal            = {'type': 'goal_sequence', 'targets': [{'name': 'target', 'position': [0.15000000596046448, 0.0, 0.019999999552965164]}], 'mode': 'goal_sequence'}  x
  scene                  = {'table': {'length': 1.1, 'width': 0.7, 'height': 0.4, 'x_offset': -0.3, 'lateral_friction': 3.0, 'spinning_friction': 0.001}}  x
  robot_config           = {'control_type': 'ee', 'block_gripper': False, 'base_position': [-0.6, 0.0, 0.05]}  x
  current_task           = OBJECT_DELIVERY_SEQUENCE  x
  current_subtask        = TRANSPORT_OBJECT       x
  active_target_name     = target                 x
  action                 = [0.9915, 0.0004, 0.1301, -1.0000]  x
  joint_angles           = [-0.0001, 0.5914, 0.0000, -1.6579, -0.0000, 2.2483, 0.7854]  x
  joint_velocities       = [0.0002, 0.6154, -0.0001, 1.2951, -0.0000, -0.4224, 0.0001]  x
  cube_rotation          = [3.1416, 0.0000, -0.3031]  x
  cube_linear_velocity   = [-0.0000, -0.0000, 0.0000]  x
  obstacle_positions     = {}                     x
[step=  33 01:22:57.530][Analyzer] ASM node=transport_object  goal_status=not_applicable
[step=  33 01:22:57.532][DejaVu] {'status': 'ok', 'unanticipated': True}
[step=  34 01:22:58.701][Manager] ep=1 subtask=TRANSPORT_OBJECT reward=-0.4143
[step=  34 01:22:58.702][Perception]
  RAW PERCEPTION                                  MONITORED PARAMS
  ----------------------------------------------  --------------------------------------
  fingers_width         = -0.0000 m               gripper_width_cm      = 0 cm
  dist_ee_to_cube       = 0.3989 m                distance_ee_object_cm = 37 cm
  dist_cube_to_target   = 0.4143 m  (3D)          distance_obj_goal_cm  = 41 cm  (XY)
  cube_position (z)     = 0.0200 m                object_lift_height_cm = 0 cm
  cube_position (xy)    = [-0.262, -0.044]        grasp_completed       = 1
  finger_contacts (raw) = 0                       finger_contacts       = 0
  x                                               grasp_attempts        = 1
  x                                               task_started          = 1
  x                                               object_available      = 1
  x                                               task_aborted          = 0
  episode                = 1                      x
  step                   = 34                     x
  ee_position            = [0.1073, -0.0000, 0.1643]  x
  ee_velocity            = [0.2646, 0.0001, 0.0942]  x
  target_position        = [0.1500, 0.0000, 0.0200]  x
  reward                 = -0.4143                x
  is_success             = False                  x
  obstacle_in_path       = False                  x
  obstacle_count_in_path = 0                      x
  obstacles              = {}                     x
  objects                = {'object_1': {'type': 'box', 'size': [0.04, 0.04, 0.04], 'mass': 1.0, 'color': [0.1, 0.2, 0.9, 1.0], 'initial_position': [-0.25, 0.0, 0.02], 'lateral_friction': 0.14, 'spinning_friction': 0.001, 'current_position': [-0.26198841721847427, -0.04391963943586474, 0.019989872932010863]}}  x
  scripts                = {'script_1': True, 'reach_only': True, 'left_right': True}  x
  target_goal            = {'type': 'goal_sequence', 'targets': [{'name': 'target', 'position': [0.15000000596046448, 0.0, 0.019999999552965164]}], 'mode': 'goal_sequence'}  x
  scene                  = {'table': {'length': 1.1, 'width': 0.7, 'height': 0.4, 'x_offset': -0.3, 'lateral_friction': 3.0, 'spinning_friction': 0.001}}  x
  robot_config           = {'control_type': 'ee', 'block_gripper': False, 'base_position': [-0.6, 0.0, 0.05]}  x
  current_task           = OBJECT_DELIVERY_SEQUENCE  x
  current_subtask        = TRANSPORT_OBJECT       x
  active_target_name     = target                 x
  action                 = [0.9901, 0.0004, 0.1402, -1.0000]  x
  joint_angles           = [-0.0000, 0.6600, 0.0000, -1.5301, -0.0000, 2.1917, 0.7854]  x
  joint_velocities       = [0.0001, 0.6035, 0.0000, 1.2472, -0.0000, -0.4350, 0.0001]  x
  cube_rotation          = [3.1416, 0.0000, -0.3031]  x
  cube_linear_velocity   = [-0.0000, -0.0000, 0.0000]  x
  obstacle_positions     = {}                     x
[step=  34 01:22:58.706][Analyzer] ASM node=transport_object  goal_status=not_applicable
[step=  34 01:22:58.709][DejaVu] {'status': 'ok', 'unanticipated': True}
[step=  35 01:22:59.820][Manager] ep=1 subtask=TRANSPORT_OBJECT reward=-0.4143
[step=  35 01:22:59.821][Perception]
  RAW PERCEPTION                                  MONITORED PARAMS
  ----------------------------------------------  --------------------------------------
  fingers_width         = -0.0000 m               gripper_width_cm      = 0 cm
  dist_ee_to_cube       = 0.4208 m                distance_ee_object_cm = 39 cm
  dist_cube_to_target   = 0.4143 m  (3D)          distance_obj_goal_cm  = 41 cm  (XY)
  cube_position (z)     = 0.0200 m                object_lift_height_cm = 0 cm
  cube_position (xy)    = [-0.262, -0.044]        grasp_completed       = 1
  finger_contacts (raw) = 0                       finger_contacts       = 0
  x                                               grasp_attempts        = 1
  x                                               task_started          = 1
  x                                               object_available      = 1
  x                                               task_aborted          = 0
  episode                = 1                      x
  step                   = 35                     x
  ee_position            = [0.1293, -0.0000, 0.1684]  x
  ee_velocity            = [0.2151, 0.0000, 0.0426]  x
  target_position        = [0.1500, 0.0000, 0.0200]  x
  reward                 = -0.4143                x
  is_success             = False                  x
  obstacle_in_path       = False                  x
  obstacle_count_in_path = 0                      x
  obstacles              = {}                     x
  objects                = {'object_1': {'type': 'box', 'size': [0.04, 0.04, 0.04], 'mass': 1.0, 'color': [0.1, 0.2, 0.9, 1.0], 'initial_position': [-0.25, 0.0, 0.02], 'lateral_friction': 0.14, 'spinning_friction': 0.001, 'current_position': [-0.2619885312991474, -0.043919774596705034, 0.01998987294185578]}}  x
  scripts                = {'script_1': True, 'reach_only': True, 'left_right': True}  x
  target_goal            = {'type': 'goal_sequence', 'targets': [{'name': 'target', 'position': [0.15000000596046448, 0.0, 0.019999999552965164]}], 'mode': 'goal_sequence'}  x
  scene                  = {'table': {'length': 1.1, 'width': 0.7, 'height': 0.4, 'x_offset': -0.3, 'lateral_friction': 3.0, 'spinning_friction': 0.001}}  x
  robot_config           = {'control_type': 'ee', 'block_gripper': False, 'base_position': [-0.6, 0.0, 0.05]}  x
  current_task           = OBJECT_DELIVERY_SEQUENCE  x
  current_subtask        = TRANSPORT_OBJECT       x
  active_target_name     = target                 x
  action                 = [0.9917, 0.0003, 0.1289, -1.0000]  x
  joint_angles           = [-0.0000, 0.7271, 0.0000, -1.4039, -0.0000, 2.1350, 0.7854]  x
  joint_velocities       = [0.0001, 0.6364, -0.0001, 1.1916, 0.0000, -0.4358, 0.0001]  x
  cube_rotation          = [3.1416, 0.0000, -0.3031]  x
  cube_linear_velocity   = [-0.0000, -0.0000, 0.0000]  x
  obstacle_positions     = {}                     x
[step=  35 01:22:59.824][Analyzer] ASM node=transport_object  goal_status=not_applicable
[step=  35 01:22:59.827][DejaVu] {'status': 'ok', 'unanticipated': True}
[step=  36 01:23:00.992][Manager] ep=1 subtask=TRANSPORT_OBJECT reward=-0.4143
[step=  36 01:23:00.993][Perception]
  RAW PERCEPTION                                  MONITORED PARAMS
  ----------------------------------------------  --------------------------------------
  fingers_width         = -0.0000 m               gripper_width_cm      = 0 cm
  dist_ee_to_cube       = 0.4384 m                distance_ee_object_cm = 41 cm
  dist_cube_to_target   = 0.4143 m  (3D)          distance_obj_goal_cm  = 41 cm  (XY)
  cube_position (z)     = 0.0200 m                object_lift_height_cm = 0 cm
  cube_position (xy)    = [-0.262, -0.044]        grasp_completed       = 1
  finger_contacts (raw) = 0                       finger_contacts       = 0
  x                                               grasp_attempts        = 1
  x                                               task_started          = 1
  x                                               object_available      = 1
  x                                               task_aborted          = 0
  episode                = 1                      x
  step                   = 36                     x
  ee_position            = [0.1480, 0.0000, 0.1691]  x
  ee_velocity            = [0.1775, -0.0001, 0.0209]  x
  target_position        = [0.1500, 0.0000, 0.0200]  x
  reward                 = -0.4143                x
  is_success             = False                  x
  obstacle_in_path       = False                  x
  obstacle_count_in_path = 0                      x
  obstacles              = {}                     x
  objects                = {'object_1': {'type': 'box', 'size': [0.04, 0.04, 0.04], 'mass': 1.0, 'color': [0.1, 0.2, 0.9, 1.0], 'initial_position': [-0.25, 0.0, 0.02], 'lateral_friction': 0.14, 'spinning_friction': 0.001, 'current_position': [-0.26198864537677635, -0.04391990974929643, 0.01998987294363885]}}  x
  scripts                = {'script_1': True, 'reach_only': True, 'left_right': True}  x
  target_goal            = {'type': 'goal_sequence', 'targets': [{'name': 'target', 'position': [0.15000000596046448, 0.0, 0.019999999552965164]}], 'mode': 'goal_sequence'}  x
  scene                  = {'table': {'length': 1.1, 'width': 0.7, 'height': 0.4, 'x_offset': -0.3, 'lateral_friction': 3.0, 'spinning_friction': 0.001}}  x
  robot_config           = {'control_type': 'ee', 'block_gripper': False, 'base_position': [-0.6, 0.0, 0.05]}  x
  current_task           = OBJECT_DELIVERY_SEQUENCE  x
  current_subtask        = TRANSPORT_OBJECT       x
  active_target_name     = target                 x
  action                 = [0.9977, 0.0002, 0.0681, -1.0000]  x
  joint_angles           = [-0.0000, 0.7962, 0.0000, -1.2815, -0.0000, 2.0825, 0.7854]  x
  joint_velocities       = [0.0001, 0.6178, -0.0002, 1.1172, 0.0000, -0.4037, 0.0000]  x
  cube_rotation          = [3.1416, 0.0000, -0.3031]  x
  cube_linear_velocity   = [-0.0000, -0.0000, 0.0000]  x
  obstacle_positions     = {}                     x
[step=  36 01:23:00.996][Analyzer] ASM node=transport_object  goal_status=not_applicable
[step=  36 01:23:00.998][DejaVu] {'status': 'ok', 'unanticipated': True}
[step=  37 01:23:02.153][Manager] ep=1 subtask=TRANSPORT_OBJECT reward=-0.4143
[step=  37 01:23:02.153][Perception]
  RAW PERCEPTION                                  MONITORED PARAMS
  ----------------------------------------------  --------------------------------------
  fingers_width         = 0.0000 m                gripper_width_cm      = 0 cm
  dist_ee_to_cube       = 0.4380 m                distance_ee_object_cm = 41 cm
  dist_cube_to_target   = 0.4143 m  (3D)          distance_obj_goal_cm  = 41 cm  (XY)
  cube_position (z)     = 0.0200 m                object_lift_height_cm = 0 cm
  cube_position (xy)    = [-0.262, -0.044]        grasp_completed       = 1
  finger_contacts (raw) = 0                       finger_contacts       = 0
  x                                               grasp_attempts        = 1
  x                                               task_started          = 1
  x                                               object_available      = 1
  x                                               task_aborted          = 0
  episode                = 1                      x
  step                   = 37                     x
  ee_position            = [0.1476, -0.0000, 0.1690]  x
  ee_velocity            = [-0.0054, -0.0000, 0.0016]  x
  target_position        = [0.1500, 0.0000, 0.0200]  x
  reward                 = -0.4143                x
  is_success             = False                  x
  obstacle_in_path       = False                  x
  obstacle_count_in_path = 0                      x
  obstacles              = {}                     x
  objects                = {'object_1': {'type': 'box', 'size': [0.04, 0.04, 0.04], 'mass': 1.0, 'color': [0.1, 0.2, 0.9, 1.0], 'initial_position': [-0.25, 0.0, 0.02], 'lateral_friction': 0.14, 'spinning_friction': 0.001, 'current_position': [-0.26198875945331324, -0.04392004489988085, 0.01998987294390116]}}  x
  scripts                = {'script_1': True, 'reach_only': True, 'left_right': True}  x
  target_goal            = {'type': 'goal_sequence', 'targets': [{'name': 'target', 'position': [0.15000000596046448, 0.0, 0.019999999552965164]}], 'mode': 'goal_sequence'}  x
  scene                  = {'table': {'length': 1.1, 'width': 0.7, 'height': 0.4, 'x_offset': -0.3, 'lateral_friction': 3.0, 'spinning_friction': 0.001}}  x
  robot_config           = {'control_type': 'ee', 'block_gripper': False, 'base_position': [-0.6, 0.0, 0.05]}  x
  current_task           = OBJECT_DELIVERY_SEQUENCE  x
  current_subtask        = TRANSPORT_OBJECT       x
  active_target_name     = target                 x
  action                 = [0.0000, 0.0000, 0.0000, -1.0000]  x
  joint_angles           = [-0.0000, 0.7963, 0.0000, -1.2807, -0.0000, 2.0776, 0.7854]  x
  joint_velocities       = [-0.0000, -0.0025, -0.0000, 0.0066, 0.0000, -0.0377, -0.0001]  x
  cube_rotation          = [3.1416, 0.0000, -0.3031]  x
  cube_linear_velocity   = [-0.0000, -0.0000, 0.0000]  x
  obstacle_positions     = {}                     x
[step=  37 01:23:02.156][Analyzer] ASM node=transport_object  goal_status=not_applicable
[step=  37 01:23:02.159][DejaVu] {'status': 'ok', 'unanticipated': True}
[step=  38 01:23:03.286][Manager] ep=1 subtask=PLACE_OBJECT reward=-0.4143
[step=  38 01:23:03.286][Perception]
  RAW PERCEPTION                                  MONITORED PARAMS
  ----------------------------------------------  --------------------------------------
  fingers_width         = 0.0000 m                gripper_width_cm      = 0 cm
  dist_ee_to_cube       = 0.4361 m                distance_ee_object_cm = 41 cm
  dist_cube_to_target   = 0.4143 m  (3D)          distance_obj_goal_cm  = 41 cm  (XY)
  cube_position (z)     = 0.0200 m                object_lift_height_cm = 0 cm
  cube_position (xy)    = [-0.262, -0.044]        grasp_completed       = 1
  finger_contacts (raw) = 0                       finger_contacts       = 0
  x                                               grasp_attempts        = 1
  x                                               task_started          = 1
  x                                               object_available      = 1
  x                                               task_aborted          = 0
  episode                = 1                      x
  step                   = 38                     x
  ee_position            = [0.1477, -0.0000, 0.1627]  x
  ee_velocity            = [-0.0007, -0.0001, -0.0565]  x
  target_position        = [0.1500, 0.0000, 0.0200]  x
  reward                 = -0.4143                x
  is_success             = False                  x
  obstacle_in_path       = False                  x
  obstacle_count_in_path = 0                      x
  obstacles              = {}                     x
  objects                = {'object_1': {'type': 'box', 'size': [0.04, 0.04, 0.04], 'mass': 1.0, 'color': [0.1, 0.2, 0.9, 1.0], 'initial_position': [-0.25, 0.0, 0.02], 'lateral_friction': 0.14, 'spinning_friction': 0.001, 'current_position': [-0.26198887352912636, -0.04392018004963571, 0.01998987294387661]}}  x
  scripts                = {'script_1': True, 'reach_only': True, 'left_right': True}  x
  target_goal            = {'type': 'goal_sequence', 'targets': [{'name': 'target', 'position': [0.15000000596046448, 0.0, 0.019999999552965164]}], 'mode': 'goal_sequence'}  x
  scene                  = {'table': {'length': 1.1, 'width': 0.7, 'height': 0.4, 'x_offset': -0.3, 'lateral_friction': 3.0, 'spinning_friction': 0.001}}  x
  robot_config           = {'control_type': 'ee', 'block_gripper': False, 'base_position': [-0.6, 0.0, 0.05]}  x
  current_task           = OBJECT_DELIVERY_SEQUENCE  x
  current_subtask        = PLACE_OBJECT           x
  active_target_name     = target                 x
  action                 = [0.0000, 0.0000, -0.1500, -1.0000]  x
  joint_angles           = [-0.0000, 0.8053, 0.0000, -1.2819, -0.0000, 2.0875, 0.7854]  x
  joint_velocities       = [0.0000, 0.0782, -0.0002, -0.0103, 0.0001, 0.0756, -0.0001]  x
  cube_rotation          = [3.1416, 0.0000, -0.3031]  x
  cube_linear_velocity   = [-0.0000, -0.0000, -0.0000]  x
  obstacle_positions     = {}                     x
[step=  38 01:23:03.289][ASM] [WARN] transport_object → place_object: managing transitou sem condições validadas
[step=  38 01:23:03.289][ASM] [OK] transport_object → place_object  (type=domain)
[step=  38 01:23:03.289][Analyzer] ASM node=place_object  goal_status=ok  (scenario=PLACE_OBJECT)
[step=  38 01:23:03.292][DejaVu] {'status': 'ok', 'unanticipated': True}
[step=  39 01:23:04.433][Manager] ep=1 subtask=PLACE_OBJECT reward=-0.4143
[step=  39 01:23:04.433][Perception]
  RAW PERCEPTION                                  MONITORED PARAMS
  ----------------------------------------------  --------------------------------------
  fingers_width         = 0.0000 m                gripper_width_cm      = 0 cm
  dist_ee_to_cube       = 0.4341 m                distance_ee_object_cm = 40 cm
  dist_cube_to_target   = 0.4143 m  (3D)          distance_obj_goal_cm  = 41 cm  (XY)
  cube_position (z)     = 0.0200 m                object_lift_height_cm = 0 cm
  cube_position (xy)    = [-0.262, -0.044]        grasp_completed       = 1
  finger_contacts (raw) = 0                       finger_contacts       = 0
  x                                               grasp_attempts        = 1
  x                                               task_started          = 1
  x                                               object_available      = 1
  x                                               task_aborted          = 0
  episode                = 1                      x
  step                   = 39                     x
  ee_position            = [0.1479, -0.0000, 0.1562]  x
  ee_velocity            = [0.0008, -0.0001, -0.0501]  x
  target_position        = [0.1500, 0.0000, 0.0200]  x
  reward                 = -0.4143                x
  is_success             = False                  x
  obstacle_in_path       = False                  x
  obstacle_count_in_path = 0                      x
  obstacles              = {}                     x
  objects                = {'object_1': {'type': 'box', 'size': [0.04, 0.04, 0.04], 'mass': 1.0, 'color': [0.1, 0.2, 0.9, 1.0], 'initial_position': [-0.25, 0.0, 0.02], 'lateral_friction': 0.14, 'spinning_friction': 0.001, 'current_position': [-0.26198898760428535, -0.04392031519878315, 0.019989872943797928]}}  x
  scripts                = {'script_1': True, 'reach_only': True, 'left_right': True}  x
  target_goal            = {'type': 'goal_sequence', 'targets': [{'name': 'target', 'position': [0.15000000596046448, 0.0, 0.019999999552965164]}], 'mode': 'goal_sequence'}  x
  scene                  = {'table': {'length': 1.1, 'width': 0.7, 'height': 0.4, 'x_offset': -0.3, 'lateral_friction': 3.0, 'spinning_friction': 0.001}}  x
  robot_config           = {'control_type': 'ee', 'block_gripper': False, 'base_position': [-0.6, 0.0, 0.05]}  x
  current_task           = OBJECT_DELIVERY_SEQUENCE  x
  current_subtask        = PLACE_OBJECT           x
  active_target_name     = target                 x
  action                 = [0.0000, 0.0000, -0.1500, -1.0000]  x
  joint_angles           = [-0.0000, 0.8144, 0.0000, -1.2832, -0.0000, 2.0976, 0.7854]  x
  joint_velocities       = [-0.0000, 0.0699, -0.0001, -0.0102, 0.0001, 0.0779, -0.0001]  x
  cube_rotation          = [3.1416, 0.0000, -0.3031]  x
  cube_linear_velocity   = [-0.0000, -0.0000, -0.0000]  x
  obstacle_positions     = {}                     x
[step=  39 01:23:04.437][Analyzer] ASM node=place_object  goal_status=not_applicable
[step=  39 01:23:04.439][DejaVu] {'status': 'ok', 'unanticipated': True}
[step=  40 01:23:05.554][Manager] ep=1 subtask=PLACE_OBJECT reward=-0.4143
[step=  40 01:23:05.554][Perception]
  RAW PERCEPTION                                  MONITORED PARAMS
  ----------------------------------------------  --------------------------------------
  fingers_width         = 0.0000 m                gripper_width_cm      = 0 cm
  dist_ee_to_cube       = 0.4323 m                distance_ee_object_cm = 40 cm
  dist_cube_to_target   = 0.4143 m  (3D)          distance_obj_goal_cm  = 41 cm  (XY)
  cube_position (z)     = 0.0200 m                object_lift_height_cm = 0 cm
  cube_position (xy)    = [-0.262, -0.044]        grasp_completed       = 1
  finger_contacts (raw) = 0                       finger_contacts       = 0
  x                                               grasp_attempts        = 1
  x                                               task_started          = 1
  x                                               object_available      = 1
  x                                               task_aborted          = 0
  episode                = 1                      x
  step                   = 40                     x
  ee_position            = [0.1480, -0.0000, 0.1497]  x
  ee_velocity            = [0.0008, -0.0001, -0.0497]  x
  target_position        = [0.1500, 0.0000, 0.0200]  x
  reward                 = -0.4143                x
  is_success             = False                  x
  obstacle_in_path       = False                  x
  obstacle_count_in_path = 0                      x
  obstacles              = {}                     x
  objects                = {'object_1': {'type': 'box', 'size': [0.04, 0.04, 0.04], 'mass': 1.0, 'color': [0.1, 0.2, 0.9, 1.0], 'initial_position': [-0.25, 0.0, 0.02], 'lateral_friction': 0.14, 'spinning_friction': 0.001, 'current_position': [-0.261989101678803, -0.04392045034736503, 0.01998987294370905]}}  x
  scripts                = {'script_1': True, 'reach_only': True, 'left_right': True}  x
  target_goal            = {'type': 'goal_sequence', 'targets': [{'name': 'target', 'position': [0.15000000596046448, 0.0, 0.019999999552965164]}], 'mode': 'goal_sequence'}  x
  scene                  = {'table': {'length': 1.1, 'width': 0.7, 'height': 0.4, 'x_offset': -0.3, 'lateral_friction': 3.0, 'spinning_friction': 0.001}}  x
  robot_config           = {'control_type': 'ee', 'block_gripper': False, 'base_position': [-0.6, 0.0, 0.05]}  x
  current_task           = OBJECT_DELIVERY_SEQUENCE  x
  current_subtask        = PLACE_OBJECT           x
  active_target_name     = target                 x
  action                 = [0.0000, 0.0000, -0.1500, -1.0000]  x
  joint_angles           = [-0.0000, 0.8236, 0.0000, -1.2844, -0.0000, 2.1079, 0.7854]  x
  joint_velocities       = [-0.0000, 0.0699, -0.0001, -0.0095, 0.0001, 0.0793, -0.0001]  x
  cube_rotation          = [3.1416, 0.0000, -0.3031]  x
  cube_linear_velocity   = [-0.0000, -0.0000, -0.0000]  x
  obstacle_positions     = {}                     x
[step=  40 01:23:05.557][Analyzer] ASM node=place_object  goal_status=not_applicable
[step=  40 01:23:05.560][DejaVu] {'status': 'ok', 'unanticipated': True}
[step=  41 01:23:06.726][Manager] ep=1 subtask=PLACE_OBJECT reward=-0.4143
[step=  41 01:23:06.727][Perception]
  RAW PERCEPTION                                  MONITORED PARAMS
  ----------------------------------------------  --------------------------------------
  fingers_width         = 0.0000 m                gripper_width_cm      = 0 cm
  dist_ee_to_cube       = 0.4304 m                distance_ee_object_cm = 40 cm
  dist_cube_to_target   = 0.4143 m  (3D)          distance_obj_goal_cm  = 41 cm  (XY)
  cube_position (z)     = 0.0200 m                object_lift_height_cm = 0 cm
  cube_position (xy)    = [-0.262, -0.044]        grasp_completed       = 1
  finger_contacts (raw) = 0                       finger_contacts       = 0
  x                                               grasp_attempts        = 1
  x                                               task_started          = 1
  x                                               object_available      = 1
  x                                               task_aborted          = 0
  episode                = 1                      x
  step                   = 41                     x
  ee_position            = [0.1481, -0.0000, 0.1432]  x
  ee_velocity            = [0.0007, -0.0001, -0.0492]  x
  target_position        = [0.1500, 0.0000, 0.0200]  x
  reward                 = -0.4143                x
  is_success             = False                  x
  obstacle_in_path       = False                  x
  obstacle_count_in_path = 0                      x
  obstacles              = {}                     x
  objects                = {'object_1': {'type': 'box', 'size': [0.04, 0.04, 0.04], 'mass': 1.0, 'color': [0.1, 0.2, 0.9, 1.0], 'initial_position': [-0.25, 0.0, 0.02], 'lateral_friction': 0.14, 'spinning_friction': 0.001, 'current_position': [-0.261989215752682, -0.04392058549538926, 0.01998987294361825]}}  x
  scripts                = {'script_1': True, 'reach_only': True, 'left_right': True}  x
  target_goal            = {'type': 'goal_sequence', 'targets': [{'name': 'target', 'position': [0.15000000596046448, 0.0, 0.019999999552965164]}], 'mode': 'goal_sequence'}  x
  scene                  = {'table': {'length': 1.1, 'width': 0.7, 'height': 0.4, 'x_offset': -0.3, 'lateral_friction': 3.0, 'spinning_friction': 0.001}}  x
  robot_config           = {'control_type': 'ee', 'block_gripper': False, 'base_position': [-0.6, 0.0, 0.05]}  x
  current_task           = OBJECT_DELIVERY_SEQUENCE  x
  current_subtask        = PLACE_OBJECT           x
  active_target_name     = target                 x
  action                 = [0.0000, 0.0000, -0.1500, -1.0000]  x
  joint_angles           = [-0.0000, 0.8329, -0.0000, -1.2854, -0.0000, 2.1182, 0.7854]  x
  joint_velocities       = [0.0000, 0.0700, -0.0001, -0.0082, 0.0001, 0.0791, -0.0001]  x
  cube_rotation          = [3.1416, 0.0000, -0.3031]  x
  cube_linear_velocity   = [-0.0000, -0.0000, -0.0000]  x
  obstacle_positions     = {}                     x
[step=  41 01:23:06.730][Analyzer] ASM node=place_object  goal_status=not_applicable
[step=  41 01:23:06.732][DejaVu] {'status': 'ok', 'unanticipated': True}
[step=  42 01:23:07.848][Manager] ep=1 subtask=PLACE_OBJECT reward=-0.4143
[step=  42 01:23:07.848][Perception]
  RAW PERCEPTION                                  MONITORED PARAMS
  ----------------------------------------------  --------------------------------------
  fingers_width         = 0.0000 m                gripper_width_cm      = 0 cm
  dist_ee_to_cube       = 0.4287 m                distance_ee_object_cm = 40 cm
  dist_cube_to_target   = 0.4143 m  (3D)          distance_obj_goal_cm  = 41 cm  (XY)
  cube_position (z)     = 0.0200 m                object_lift_height_cm = 0 cm
  cube_position (xy)    = [-0.262, -0.044]        grasp_completed       = 1
  finger_contacts (raw) = 0                       finger_contacts       = 0
  x                                               grasp_attempts        = 1
  x                                               task_started          = 1
  x                                               object_available      = 1
  x                                               task_aborted          = 0
  episode                = 1                      x
  step                   = 42                     x
  ee_position            = [0.1482, -0.0000, 0.1367]  x
  ee_velocity            = [0.0005, -0.0001, -0.0488]  x
  target_position        = [0.1500, 0.0000, 0.0200]  x
  reward                 = -0.4143                x
  is_success             = False                  x
  obstacle_in_path       = False                  x
  obstacle_count_in_path = 0                      x
  obstacles              = {}                     x
  objects                = {'object_1': {'type': 'box', 'size': [0.04, 0.04, 0.04], 'mass': 1.0, 'color': [0.1, 0.2, 0.9, 1.0], 'initial_position': [-0.25, 0.0, 0.02], 'lateral_friction': 0.14, 'spinning_friction': 0.001, 'current_position': [-0.2619893298259227, -0.04392072064285741, 0.019989872943527023]}}  x
  scripts                = {'script_1': True, 'reach_only': True, 'left_right': True}  x
  target_goal            = {'type': 'goal_sequence', 'targets': [{'name': 'target', 'position': [0.15000000596046448, 0.0, 0.019999999552965164]}], 'mode': 'goal_sequence'}  x
  scene                  = {'table': {'length': 1.1, 'width': 0.7, 'height': 0.4, 'x_offset': -0.3, 'lateral_friction': 3.0, 'spinning_friction': 0.001}}  x
  robot_config           = {'control_type': 'ee', 'block_gripper': False, 'base_position': [-0.6, 0.0, 0.05]}  x
  current_task           = OBJECT_DELIVERY_SEQUENCE  x
  current_subtask        = PLACE_OBJECT           x
  active_target_name     = target                 x
  action                 = [0.0000, 0.0000, -0.1500, -1.0000]  x
  joint_angles           = [-0.0000, 0.8423, -0.0000, -1.2862, 0.0000, 2.1284, 0.7854]  x
  joint_velocities       = [0.0000, 0.0704, -0.0001, -0.0065, 0.0001, 0.0783, -0.0001]  x
  cube_rotation          = [3.1416, 0.0000, -0.3031]  x
  cube_linear_velocity   = [-0.0000, -0.0000, -0.0000]  x
  obstacle_positions     = {}                     x
[step=  42 01:23:07.850][Analyzer] ASM node=place_object  goal_status=not_applicable
[step=  42 01:23:07.853][DejaVu] {'status': 'ok', 'unanticipated': True}
[step=  43 01:23:08.994][Manager] ep=1 subtask=PLACE_OBJECT reward=-0.4143
[step=  43 01:23:08.994][Perception]
  RAW PERCEPTION                                  MONITORED PARAMS
  ----------------------------------------------  --------------------------------------
  fingers_width         = 0.0000 m                gripper_width_cm      = 0 cm
  dist_ee_to_cube       = 0.4270 m                distance_ee_object_cm = 40 cm
  dist_cube_to_target   = 0.4143 m  (3D)          distance_obj_goal_cm  = 41 cm  (XY)
  cube_position (z)     = 0.0200 m                object_lift_height_cm = 0 cm
  cube_position (xy)    = [-0.262, -0.044]        grasp_completed       = 1
  finger_contacts (raw) = 0                       finger_contacts       = 0
  x                                               grasp_attempts        = 1
  x                                               task_started          = 1
  x                                               object_available      = 1
  x                                               task_aborted          = 0
  episode                = 1                      x
  step                   = 43                     x
  ee_position            = [0.1482, -0.0000, 0.1302]  x
  ee_velocity            = [0.0003, -0.0001, -0.0485]  x
  target_position        = [0.1500, 0.0000, 0.0200]  x
  reward                 = -0.4143                x
  is_success             = False                  x
  obstacle_in_path       = False                  x
  obstacle_count_in_path = 0                      x
  obstacles              = {}                     x
  objects                = {'object_1': {'type': 'box', 'size': [0.04, 0.04, 0.04], 'mass': 1.0, 'color': [0.1, 0.2, 0.9, 1.0], 'initial_position': [-0.25, 0.0, 0.02], 'lateral_friction': 0.14, 'spinning_friction': 0.001, 'current_position': [-0.26198944389852524, -0.04392085578976968, 0.019989872943435762]}}  x
  scripts                = {'script_1': True, 'reach_only': True, 'left_right': True}  x
  target_goal            = {'type': 'goal_sequence', 'targets': [{'name': 'target', 'position': [0.15000000596046448, 0.0, 0.019999999552965164]}], 'mode': 'goal_sequence'}  x
  scene                  = {'table': {'length': 1.1, 'width': 0.7, 'height': 0.4, 'x_offset': -0.3, 'lateral_friction': 3.0, 'spinning_friction': 0.001}}  x
  robot_config           = {'control_type': 'ee', 'block_gripper': False, 'base_position': [-0.6, 0.0, 0.05]}  x
  current_task           = OBJECT_DELIVERY_SEQUENCE  x
  current_subtask        = PLACE_OBJECT           x
  active_target_name     = target                 x
  action                 = [0.0000, 0.0000, -0.1500, -1.0000]  x
  joint_angles           = [-0.0000, 0.8518, -0.0000, -1.2868, 0.0000, 2.1385, 0.7854]  x
  joint_velocities       = [0.0000, 0.0708, -0.0001, -0.0052, 0.0001, 0.0775, -0.0001]  x
  cube_rotation          = [3.1416, 0.0000, -0.3031]  x
  cube_linear_velocity   = [-0.0000, -0.0000, -0.0000]  x
  obstacle_positions     = {}                     x
[step=  43 01:23:08.997][Analyzer] ASM node=place_object  goal_status=not_applicable
[step=  43 01:23:08.999][DejaVu] {'status': 'ok', 'unanticipated': True}
[step=  44 01:23:10.141][Manager] ep=1 subtask=PLACE_OBJECT reward=-0.4143
[step=  44 01:23:10.142][Perception]
  RAW PERCEPTION                                  MONITORED PARAMS
  ----------------------------------------------  --------------------------------------
  fingers_width         = 0.0000 m                gripper_width_cm      = 0 cm
  dist_ee_to_cube       = 0.4254 m                distance_ee_object_cm = 40 cm
  dist_cube_to_target   = 0.4143 m  (3D)          distance_obj_goal_cm  = 41 cm  (XY)
  cube_position (z)     = 0.0200 m                object_lift_height_cm = 0 cm
  cube_position (xy)    = [-0.262, -0.044]        grasp_completed       = 1
  finger_contacts (raw) = 0                       finger_contacts       = 0
  x                                               grasp_attempts        = 1
  x                                               task_started          = 1
  x                                               object_available      = 1
  x                                               task_aborted          = 0
  episode                = 1                      x
  step                   = 44                     x
  ee_position            = [0.1482, -0.0000, 0.1237]  x
  ee_velocity            = [0.0001, -0.0001, -0.0481]  x
  target_position        = [0.1500, 0.0000, 0.0200]  x
  reward                 = -0.4143                x
  is_success             = False                  x
  obstacle_in_path       = False                  x
  obstacle_count_in_path = 0                      x
  obstacles              = {}                     x
  objects                = {'object_1': {'type': 'box', 'size': [0.04, 0.04, 0.04], 'mass': 1.0, 'color': [0.1, 0.2, 0.9, 1.0], 'initial_position': [-0.25, 0.0, 0.02], 'lateral_friction': 0.14, 'spinning_friction': 0.001, 'current_position': [-0.2619895579704896, -0.04392099093612616, 0.019989872943344478]}}  x
  scripts                = {'script_1': True, 'reach_only': True, 'left_right': True}  x
  target_goal            = {'type': 'goal_sequence', 'targets': [{'name': 'target', 'position': [0.15000000596046448, 0.0, 0.019999999552965164]}], 'mode': 'goal_sequence'}  x
  scene                  = {'table': {'length': 1.1, 'width': 0.7, 'height': 0.4, 'x_offset': -0.3, 'lateral_friction': 3.0, 'spinning_friction': 0.001}}  x
  robot_config           = {'control_type': 'ee', 'block_gripper': False, 'base_position': [-0.6, 0.0, 0.05]}  x
  current_task           = OBJECT_DELIVERY_SEQUENCE  x
  current_subtask        = PLACE_OBJECT           x
  active_target_name     = target                 x
  action                 = [0.0000, 0.0000, -0.1500, -1.0000]  x
  joint_angles           = [-0.0000, 0.8613, -0.0000, -1.2872, 0.0000, 2.1485, 0.7853]  x
  joint_velocities       = [0.0000, 0.0709, -0.0001, -0.0041, 0.0001, 0.0772, -0.0001]  x
  cube_rotation          = [3.1416, 0.0000, -0.3032]  x
  cube_linear_velocity   = [-0.0000, -0.0000, -0.0000]  x
  obstacle_positions     = {}                     x
[step=  44 01:23:10.145][Analyzer] ASM node=place_object  goal_status=not_applicable
[step=  44 01:23:10.147][DejaVu] {'status': 'ok', 'unanticipated': True}
[step=  45 01:23:11.288][Manager] ep=1 subtask=PLACE_OBJECT reward=-0.4143
[step=  45 01:23:11.288][Perception]
  RAW PERCEPTION                                  MONITORED PARAMS
  ----------------------------------------------  --------------------------------------
  fingers_width         = 0.0000 m                gripper_width_cm      = 0 cm
  dist_ee_to_cube       = 0.4238 m                distance_ee_object_cm = 39 cm
  dist_cube_to_target   = 0.4143 m  (3D)          distance_obj_goal_cm  = 41 cm  (XY)
  cube_position (z)     = 0.0200 m                object_lift_height_cm = 0 cm
  cube_position (xy)    = [-0.262, -0.044]        grasp_completed       = 1
  finger_contacts (raw) = 0                       finger_contacts       = 0
  x                                               grasp_attempts        = 1
  x                                               task_started          = 1
  x                                               object_available      = 1
  x                                               task_aborted          = 0
  episode                = 1                      x
  step                   = 45                     x
  ee_position            = [0.1482, -0.0000, 0.1172]  x
  ee_velocity            = [-0.0001, -0.0001, -0.0477]  x
  target_position        = [0.1500, 0.0000, 0.0200]  x
  reward                 = -0.4143                x
  is_success             = False                  x
  obstacle_in_path       = False                  x
  obstacle_count_in_path = 0                      x
  obstacles              = {}                     x
  objects                = {'object_1': {'type': 'box', 'size': [0.04, 0.04, 0.04], 'mass': 1.0, 'color': [0.1, 0.2, 0.9, 1.0], 'initial_position': [-0.25, 0.0, 0.02], 'lateral_friction': 0.14, 'spinning_friction': 0.001, 'current_position': [-0.2619896720418157, -0.043921126081926845, 0.019989872943253186]}}  x
  scripts                = {'script_1': True, 'reach_only': True, 'left_right': True}  x
  target_goal            = {'type': 'goal_sequence', 'targets': [{'name': 'target', 'position': [0.15000000596046448, 0.0, 0.019999999552965164]}], 'mode': 'goal_sequence'}  x
  scene                  = {'table': {'length': 1.1, 'width': 0.7, 'height': 0.4, 'x_offset': -0.3, 'lateral_friction': 3.0, 'spinning_friction': 0.001}}  x
  robot_config           = {'control_type': 'ee', 'block_gripper': False, 'base_position': [-0.6, 0.0, 0.05]}  x
  current_task           = OBJECT_DELIVERY_SEQUENCE  x
  current_subtask        = PLACE_OBJECT           x
  active_target_name     = target                 x
  action                 = [0.0000, 0.0000, -0.1500, -1.0000]  x
  joint_angles           = [-0.0000, 0.8710, -0.0000, -1.2875, 0.0000, 2.1585, 0.7853]  x
  joint_velocities       = [0.0000, 0.0710, -0.0001, -0.0030, 0.0001, 0.0768, -0.0001]  x
  cube_rotation          = [3.1416, 0.0000, -0.3032]  x
  cube_linear_velocity   = [-0.0000, -0.0000, -0.0000]  x
  obstacle_positions     = {}                     x
[step=  45 01:23:11.291][Analyzer] ASM node=place_object  goal_status=not_applicable
[step=  45 01:23:11.293][DejaVu] {'status': 'ok', 'unanticipated': True}
[step=  46 01:23:12.460][Manager] ep=1 subtask=PLACE_OBJECT reward=-0.4143
[step=  46 01:23:12.461][Perception]
  RAW PERCEPTION                                  MONITORED PARAMS
  ----------------------------------------------  --------------------------------------
  fingers_width         = 0.0000 m                gripper_width_cm      = 0 cm
  dist_ee_to_cube       = 0.4223 m                distance_ee_object_cm = 39 cm
  dist_cube_to_target   = 0.4143 m  (3D)          distance_obj_goal_cm  = 41 cm  (XY)
  cube_position (z)     = 0.0200 m                object_lift_height_cm = 0 cm
  cube_position (xy)    = [-0.262, -0.044]        grasp_completed       = 1
  finger_contacts (raw) = 0                       finger_contacts       = 0
  x                                               grasp_attempts        = 1
  x                                               task_started          = 1
  x                                               object_available      = 1
  x                                               task_aborted          = 0
  episode                = 1                      x
  step                   = 46                     x
  ee_position            = [0.1481, -0.0001, 0.1107]  x
  ee_velocity            = [-0.0006, -0.0001, -0.0487]  x
  target_position        = [0.1500, 0.0000, 0.0200]  x
  reward                 = -0.4143                x
  is_success             = False                  x
  obstacle_in_path       = False                  x
  obstacle_count_in_path = 0                      x
  obstacles              = {}                     x
  objects                = {'object_1': {'type': 'box', 'size': [0.04, 0.04, 0.04], 'mass': 1.0, 'color': [0.1, 0.2, 0.9, 1.0], 'initial_position': [-0.25, 0.0, 0.02], 'lateral_friction': 0.14, 'spinning_friction': 0.001, 'current_position': [-0.2619897861125037, -0.04392126122717177, 0.019989872943161898]}}  x
  scripts                = {'script_1': True, 'reach_only': True, 'left_right': True}  x
  target_goal            = {'type': 'goal_sequence', 'targets': [{'name': 'target', 'position': [0.15000000596046448, 0.0, 0.019999999552965164]}], 'mode': 'goal_sequence'}  x
  scene                  = {'table': {'length': 1.1, 'width': 0.7, 'height': 0.4, 'x_offset': -0.3, 'lateral_friction': 3.0, 'spinning_friction': 0.001}}  x
  robot_config           = {'control_type': 'ee', 'block_gripper': False, 'base_position': [-0.6, 0.0, 0.05]}  x
  current_task           = OBJECT_DELIVERY_SEQUENCE  x
  current_subtask        = PLACE_OBJECT           x
  active_target_name     = target                 x
  action                 = [0.0000, 0.0000, -0.1500, -1.0000]  x
  joint_angles           = [-0.0000, 0.8808, -0.0000, -1.2877, 0.0000, 2.1684, 0.7853]  x
  joint_velocities       = [-0.0000, 0.0732, -0.0001, -0.0015, 0.0001, 0.0766, -0.0001]  x
  cube_rotation          = [3.1416, 0.0000, -0.3032]  x
  cube_linear_velocity   = [-0.0000, -0.0000, -0.0000]  x
  obstacle_positions     = {}                     x
[step=  46 01:23:12.464][Analyzer] ASM node=place_object  goal_status=not_applicable
[step=  46 01:23:12.467][DejaVu] {'status': 'ok', 'unanticipated': True}
[step=  47 01:23:13.607][Manager] ep=1 subtask=PLACE_OBJECT reward=-0.4143
[step=  47 01:23:13.608][Perception]
  RAW PERCEPTION                                  MONITORED PARAMS
  ----------------------------------------------  --------------------------------------
  fingers_width         = 0.0000 m                gripper_width_cm      = 0 cm
  dist_ee_to_cube       = 0.4208 m                distance_ee_object_cm = 39 cm
  dist_cube_to_target   = 0.4143 m  (3D)          distance_obj_goal_cm  = 41 cm  (XY)
  cube_position (z)     = 0.0200 m                object_lift_height_cm = 0 cm
  cube_position (xy)    = [-0.262, -0.044]        grasp_completed       = 1
  finger_contacts (raw) = 0                       finger_contacts       = 0
  x                                               grasp_attempts        = 1
  x                                               task_started          = 1
  x                                               object_available      = 1
  x                                               task_aborted          = 0
  episode                = 1                      x
  step                   = 47                     x
  ee_position            = [0.1480, -0.0001, 0.1042]  x
  ee_velocity            = [-0.0006, -0.0001, -0.0480]  x
  target_position        = [0.1500, 0.0000, 0.0200]  x
  reward                 = -0.4143                x
  is_success             = False                  x
  obstacle_in_path       = False                  x
  obstacle_count_in_path = 0                      x
  obstacles              = {}                     x
  objects                = {'object_1': {'type': 'box', 'size': [0.04, 0.04, 0.04], 'mass': 1.0, 'color': [0.1, 0.2, 0.9, 1.0], 'initial_position': [-0.25, 0.0, 0.02], 'lateral_friction': 0.14, 'spinning_friction': 0.001, 'current_position': [-0.26198990018255336, -0.043921396371860946, 0.019989872943070575]}}  x
  scripts                = {'script_1': True, 'reach_only': True, 'left_right': True}  x
  target_goal            = {'type': 'goal_sequence', 'targets': [{'name': 'target', 'position': [0.15000000596046448, 0.0, 0.019999999552965164]}], 'mode': 'goal_sequence'}  x
  scene                  = {'table': {'length': 1.1, 'width': 0.7, 'height': 0.4, 'x_offset': -0.3, 'lateral_friction': 3.0, 'spinning_friction': 0.001}}  x
  robot_config           = {'control_type': 'ee', 'block_gripper': False, 'base_position': [-0.6, 0.0, 0.05]}  x
  current_task           = OBJECT_DELIVERY_SEQUENCE  x
  current_subtask        = PLACE_OBJECT           x
  active_target_name     = target                 x
  action                 = [0.0000, 0.0000, -0.1500, -1.0000]  x
  joint_angles           = [-0.0001, 0.8907, -0.0000, -1.2876, 0.0000, 2.1783, 0.7853]  x
  joint_velocities       = [-0.0000, 0.0732, -0.0001, 0.0002, 0.0001, 0.0758, -0.0001]  x
  cube_rotation          = [3.1416, 0.0000, -0.3032]  x
  cube_linear_velocity   = [-0.0000, -0.0000, -0.0000]  x
  obstacle_positions     = {}                     x
[step=  47 01:23:13.612][Analyzer] ASM node=place_object  goal_status=not_applicable
[step=  47 01:23:13.614][DejaVu] {'status': 'ok', 'unanticipated': True}
[step=  48 01:23:14.728][Manager] ep=1 subtask=PLACE_OBJECT reward=-0.4143
[step=  48 01:23:14.729][Perception]
  RAW PERCEPTION                                  MONITORED PARAMS
  ----------------------------------------------  --------------------------------------
  fingers_width         = 0.0000 m                gripper_width_cm      = 0 cm
  dist_ee_to_cube       = 0.4194 m                distance_ee_object_cm = 39 cm
  dist_cube_to_target   = 0.4143 m  (3D)          distance_obj_goal_cm  = 41 cm  (XY)
  cube_position (z)     = 0.0200 m                object_lift_height_cm = 0 cm
  cube_position (xy)    = [-0.262, -0.044]        grasp_completed       = 1
  finger_contacts (raw) = 0                       finger_contacts       = 0
  x                                               grasp_attempts        = 1
  x                                               task_started          = 1
  x                                               object_available      = 1
  x                                               task_aborted          = 0
  episode                = 1                      x
  step                   = 48                     x
  ee_position            = [0.1478, -0.0001, 0.0977]  x
  ee_velocity            = [-0.0011, -0.0000, -0.0486]  x
  target_position        = [0.1500, 0.0000, 0.0200]  x
  reward                 = -0.4143                x
  is_success             = False                  x
  obstacle_in_path       = False                  x
  obstacle_count_in_path = 0                      x
  obstacles              = {}                     x
  objects                = {'object_1': {'type': 'box', 'size': [0.04, 0.04, 0.04], 'mass': 1.0, 'color': [0.1, 0.2, 0.9, 1.0], 'initial_position': [-0.25, 0.0, 0.02], 'lateral_friction': 0.14, 'spinning_friction': 0.001, 'current_position': [-0.26199001425196483, -0.04392153151599435, 0.019989872942979242]}}  x
  scripts                = {'script_1': True, 'reach_only': True, 'left_right': True}  x
  target_goal            = {'type': 'goal_sequence', 'targets': [{'name': 'target', 'position': [0.15000000596046448, 0.0, 0.019999999552965164]}], 'mode': 'goal_sequence'}  x
  scene                  = {'table': {'length': 1.1, 'width': 0.7, 'height': 0.4, 'x_offset': -0.3, 'lateral_friction': 3.0, 'spinning_friction': 0.001}}  x
  robot_config           = {'control_type': 'ee', 'block_gripper': False, 'base_position': [-0.6, 0.0, 0.05]}  x
  current_task           = OBJECT_DELIVERY_SEQUENCE  x
  current_subtask        = PLACE_OBJECT           x
  active_target_name     = target                 x
  action                 = [0.0000, 0.0000, -0.1500, -1.0000]  x
  joint_angles           = [-0.0001, 0.9008, -0.0000, -1.2873, 0.0000, 2.1881, 0.7853]  x
  joint_velocities       = [-0.0000, 0.0749, -0.0001, 0.0016, 0.0001, 0.0752, -0.0001]  x
  cube_rotation          = [3.1416, 0.0000, -0.3032]  x
  cube_linear_velocity   = [-0.0000, -0.0000, -0.0000]  x
  obstacle_positions     = {}                     x
[step=  48 01:23:14.733][Analyzer] ASM node=place_object  goal_status=not_applicable
[step=  48 01:23:14.735][DejaVu] {'status': 'ok', 'unanticipated': True}
[step=  49 01:23:15.887][Manager] ep=1 subtask=PLACE_OBJECT reward=-0.4143
[step=  49 01:23:15.888][Perception]
  RAW PERCEPTION                                  MONITORED PARAMS
  ----------------------------------------------  --------------------------------------
  fingers_width         = 0.0000 m                gripper_width_cm      = 0 cm
  dist_ee_to_cube       = 0.4180 m                distance_ee_object_cm = 39 cm
  dist_cube_to_target   = 0.4143 m  (3D)          distance_obj_goal_cm  = 41 cm  (XY)
  cube_position (z)     = 0.0200 m                object_lift_height_cm = 0 cm
  cube_position (xy)    = [-0.262, -0.044]        grasp_completed       = 1
  finger_contacts (raw) = 0                       finger_contacts       = 0
  x                                               grasp_attempts        = 1
  x                                               task_started          = 1
  x                                               object_available      = 1
  x                                               task_aborted          = 0
  episode                = 1                      x
  step                   = 49                     x
  ee_position            = [0.1476, -0.0001, 0.0911]  x
  ee_velocity            = [-0.0011, -0.0000, -0.0478]  x
  target_position        = [0.1500, 0.0000, 0.0200]  x
  reward                 = -0.4143                x
  is_success             = False                  x
  obstacle_in_path       = False                  x
  obstacle_count_in_path = 0                      x
  obstacles              = {}                     x
  objects                = {'object_1': {'type': 'box', 'size': [0.04, 0.04, 0.04], 'mass': 1.0, 'color': [0.1, 0.2, 0.9, 1.0], 'initial_position': [-0.25, 0.0, 0.02], 'lateral_friction': 0.14, 'spinning_friction': 0.001, 'current_position': [-0.26199012832073804, -0.04392166665957197, 0.01998987294288794]}}  x
  scripts                = {'script_1': True, 'reach_only': True, 'left_right': True}  x
  target_goal            = {'type': 'goal_sequence', 'targets': [{'name': 'target', 'position': [0.15000000596046448, 0.0, 0.019999999552965164]}], 'mode': 'goal_sequence'}  x
  scene                  = {'table': {'length': 1.1, 'width': 0.7, 'height': 0.4, 'x_offset': -0.3, 'lateral_friction': 3.0, 'spinning_friction': 0.001}}  x
  robot_config           = {'control_type': 'ee', 'block_gripper': False, 'base_position': [-0.6, 0.0, 0.05]}  x
  current_task           = OBJECT_DELIVERY_SEQUENCE  x
  current_subtask        = PLACE_OBJECT           x
  active_target_name     = target                 x
  action                 = [0.0000, 0.0000, -0.1500, -1.0000]  x
  joint_angles           = [-0.0001, 0.9109, -0.0000, -1.2869, 0.0000, 2.1977, 0.7853]  x
  joint_velocities       = [-0.0000, 0.0746, -0.0001, 0.0031, 0.0001, 0.0744, -0.0001]  x
  cube_rotation          = [3.1416, 0.0000, -0.3032]  x
  cube_linear_velocity   = [-0.0000, -0.0000, -0.0000]  x
  obstacle_positions     = {}                     x
[step=  49 01:23:15.891][Analyzer] ASM node=place_object  goal_status=not_applicable
[step=  49 01:23:15.894][DejaVu] {'status': 'ok', 'unanticipated': True}
[step=  50 01:23:17.061][Manager] ep=1 subtask=PLACE_OBJECT reward=-0.4143
[step=  50 01:23:17.062][Perception]
  RAW PERCEPTION                                  MONITORED PARAMS
  ----------------------------------------------  --------------------------------------
  fingers_width         = 0.0000 m                gripper_width_cm      = 0 cm
  dist_ee_to_cube       = 0.4168 m                distance_ee_object_cm = 39 cm
  dist_cube_to_target   = 0.4143 m  (3D)          distance_obj_goal_cm  = 41 cm  (XY)
  cube_position (z)     = 0.0200 m                object_lift_height_cm = 0 cm
  cube_position (xy)    = [-0.262, -0.044]        grasp_completed       = 1
  finger_contacts (raw) = 0                       finger_contacts       = 0
  x                                               grasp_attempts        = 1
  x                                               task_started          = 1
  x                                               object_available      = 1
  x                                               task_aborted          = 0
  episode                = 1                      x
  step                   = 50                     x
  ee_position            = [0.1474, -0.0001, 0.0846]  x
  ee_velocity            = [-0.0016, -0.0000, -0.0486]  x
  target_position        = [0.1500, 0.0000, 0.0200]  x
  reward                 = -0.4143                x
  is_success             = False                  x
  obstacle_in_path       = False                  x
  obstacle_count_in_path = 0                      x
  obstacles              = {}                     x
  objects                = {'object_1': {'type': 'box', 'size': [0.04, 0.04, 0.04], 'mass': 1.0, 'color': [0.1, 0.2, 0.9, 1.0], 'initial_position': [-0.25, 0.0, 0.02], 'lateral_friction': 0.14, 'spinning_friction': 0.001, 'current_position': [-0.2619902423888728, -0.043921801802593856, 0.019989872942796614]}}  x
  scripts                = {'script_1': True, 'reach_only': True, 'left_right': True}  x
  target_goal            = {'type': 'goal_sequence', 'targets': [{'name': 'target', 'position': [0.15000000596046448, 0.0, 0.019999999552965164]}], 'mode': 'goal_sequence'}  x
  scene                  = {'table': {'length': 1.1, 'width': 0.7, 'height': 0.4, 'x_offset': -0.3, 'lateral_friction': 3.0, 'spinning_friction': 0.001}}  x
  robot_config           = {'control_type': 'ee', 'block_gripper': False, 'base_position': [-0.6, 0.0, 0.05]}  x
  current_task           = OBJECT_DELIVERY_SEQUENCE  x
  current_subtask        = PLACE_OBJECT           x
  active_target_name     = target                 x
  action                 = [0.0000, 0.0000, -0.1500, -1.0000]  x
  joint_angles           = [-0.0001, 0.9211, -0.0000, -1.2862, 0.0000, 2.2074, 0.7853]  x
  joint_velocities       = [-0.0000, 0.0764, -0.0001, 0.0045, 0.0001, 0.0738, -0.0001]  x
  cube_rotation          = [3.1416, 0.0000, -0.3032]  x
  cube_linear_velocity   = [-0.0000, -0.0000, -0.0000]  x
  obstacle_positions     = {}                     x
[step=  50 01:23:17.066][Analyzer] ASM node=place_object  goal_status=not_applicable
[step=  50 01:23:17.069][DejaVu] {'status': 'ok', 'unanticipated': True}
[step=  51 01:23:18.168][Manager] ep=1 subtask=PLACE_OBJECT reward=-0.4143
[step=  51 01:23:18.169][Perception]
  RAW PERCEPTION                                  MONITORED PARAMS
  ----------------------------------------------  --------------------------------------
  fingers_width         = 0.0000 m                gripper_width_cm      = 0 cm
  dist_ee_to_cube       = 0.4155 m                distance_ee_object_cm = 39 cm
  dist_cube_to_target   = 0.4143 m  (3D)          distance_obj_goal_cm  = 41 cm  (XY)
  cube_position (z)     = 0.0200 m                object_lift_height_cm = 0 cm
  cube_position (xy)    = [-0.262, -0.044]        grasp_completed       = 1
  finger_contacts (raw) = 0                       finger_contacts       = 0
  x                                               grasp_attempts        = 1
  x                                               task_started          = 1
  x                                               object_available      = 1
  x                                               task_aborted          = 0
  episode                = 1                      x
  step                   = 51                     x
  ee_position            = [0.1471, -0.0001, 0.0781]  x
  ee_velocity            = [-0.0016, -0.0000, -0.0477]  x
  target_position        = [0.1500, 0.0000, 0.0200]  x
  reward                 = -0.4143                x
  is_success             = False                  x
  obstacle_in_path       = False                  x
  obstacle_count_in_path = 0                      x
  obstacles              = {}                     x
  objects                = {'object_1': {'type': 'box', 'size': [0.04, 0.04, 0.04], 'mass': 1.0, 'color': [0.1, 0.2, 0.9, 1.0], 'initial_position': [-0.25, 0.0, 0.02], 'lateral_friction': 0.14, 'spinning_friction': 0.001, 'current_position': [-0.26199035645636937, -0.04392193694505999, 0.019989872942705256]}}  x
  scripts                = {'script_1': True, 'reach_only': True, 'left_right': True}  x
  target_goal            = {'type': 'goal_sequence', 'targets': [{'name': 'target', 'position': [0.15000000596046448, 0.0, 0.019999999552965164]}], 'mode': 'goal_sequence'}  x
  scene                  = {'table': {'length': 1.1, 'width': 0.7, 'height': 0.4, 'x_offset': -0.3, 'lateral_friction': 3.0, 'spinning_friction': 0.001}}  x
  robot_config           = {'control_type': 'ee', 'block_gripper': False, 'base_position': [-0.6, 0.0, 0.05]}  x
  current_task           = OBJECT_DELIVERY_SEQUENCE  x
  current_subtask        = PLACE_OBJECT           x
  active_target_name     = target                 x
  action                 = [0.0000, 0.0000, -0.1500, -1.0000]  x
  joint_angles           = [-0.0001, 0.9315, -0.0000, -1.2854, 0.0000, 2.2168, 0.7853]  x
  joint_velocities       = [-0.0000, 0.0760, -0.0001, 0.0060, 0.0001, 0.0730, -0.0001]  x
  cube_rotation          = [3.1416, 0.0000, -0.3032]  x
  cube_linear_velocity   = [-0.0000, -0.0000, -0.0000]  x
  obstacle_positions     = {}                     x
[step=  51 01:23:18.171][Analyzer] ASM node=place_object  goal_status=not_applicable
[step=  51 01:23:18.174][DejaVu] {'status': 'ok', 'unanticipated': True}
[step=  52 01:23:19.315][Manager] ep=1 subtask=PLACE_OBJECT reward=-0.4143
[step=  52 01:23:19.315][Perception]
  RAW PERCEPTION                                  MONITORED PARAMS
  ----------------------------------------------  --------------------------------------
  fingers_width         = 0.0000 m                gripper_width_cm      = 0 cm
  dist_ee_to_cube       = 0.4144 m                distance_ee_object_cm = 38 cm
  dist_cube_to_target   = 0.4143 m  (3D)          distance_obj_goal_cm  = 41 cm  (XY)
  cube_position (z)     = 0.0200 m                object_lift_height_cm = 0 cm
  cube_position (xy)    = [-0.262, -0.044]        grasp_completed       = 1
  finger_contacts (raw) = 0                       finger_contacts       = 0
  x                                               grasp_attempts        = 1
  x                                               task_started          = 1
  x                                               object_available      = 1
  x                                               task_aborted          = 0
  episode                = 1                      x
  step                   = 52                     x
  ee_position            = [0.1468, -0.0001, 0.0716]  x
  ee_velocity            = [-0.0022, -0.0000, -0.0486]  x
  target_position        = [0.1500, 0.0000, 0.0200]  x
  reward                 = -0.4143                x
  is_success             = False                  x
  obstacle_in_path       = False                  x
  obstacle_count_in_path = 0                      x
  obstacles              = {}                     x
  objects                = {'object_1': {'type': 'box', 'size': [0.04, 0.04, 0.04], 'mass': 1.0, 'color': [0.1, 0.2, 0.9, 1.0], 'initial_position': [-0.25, 0.0, 0.02], 'lateral_friction': 0.14, 'spinning_friction': 0.001, 'current_position': [-0.26199047052322766, -0.04392207208697036, 0.019989872942613895]}}  x
  scripts                = {'script_1': True, 'reach_only': True, 'left_right': True}  x
  target_goal            = {'type': 'goal_sequence', 'targets': [{'name': 'target', 'position': [0.15000000596046448, 0.0, 0.019999999552965164]}], 'mode': 'goal_sequence'}  x
  scene                  = {'table': {'length': 1.1, 'width': 0.7, 'height': 0.4, 'x_offset': -0.3, 'lateral_friction': 3.0, 'spinning_friction': 0.001}}  x
  robot_config           = {'control_type': 'ee', 'block_gripper': False, 'base_position': [-0.6, 0.0, 0.05]}  x
  current_task           = OBJECT_DELIVERY_SEQUENCE  x
  current_subtask        = PLACE_OBJECT           x
  active_target_name     = target                 x
  action                 = [0.0000, 0.0000, -0.1500, -1.0000]  x
  joint_angles           = [-0.0001, 0.9419, -0.0000, -1.2844, 0.0000, 2.2263, 0.7853]  x
  joint_velocities       = [-0.0000, 0.0779, -0.0001, 0.0073, 0.0001, 0.0725, -0.0001]  x
  cube_rotation          = [3.1416, 0.0000, -0.3032]  x
  cube_linear_velocity   = [-0.0000, -0.0000, -0.0000]  x
  obstacle_positions     = {}                     x
[step=  52 01:23:19.318][Analyzer] ASM node=place_object  goal_status=not_applicable
[step=  52 01:23:19.320][DejaVu] {'status': 'ok', 'unanticipated': True}
[step=  53 01:23:20.462][Manager] ep=1 subtask=PLACE_OBJECT reward=-0.4143
[step=  53 01:23:20.462][Perception]
  RAW PERCEPTION                                  MONITORED PARAMS
  ----------------------------------------------  --------------------------------------
  fingers_width         = 0.0000 m                gripper_width_cm      = 0 cm
  dist_ee_to_cube       = 0.4132 m                distance_ee_object_cm = 38 cm
  dist_cube_to_target   = 0.4143 m  (3D)          distance_obj_goal_cm  = 41 cm  (XY)
  cube_position (z)     = 0.0200 m                object_lift_height_cm = 0 cm
  cube_position (xy)    = [-0.262, -0.044]        grasp_completed       = 1
  finger_contacts (raw) = 0                       finger_contacts       = 0
  x                                               grasp_attempts        = 1
  x                                               task_started          = 1
  x                                               object_available      = 1
  x                                               task_aborted          = 0
  episode                = 1                      x
  step                   = 53                     x
  ee_position            = [0.1464, -0.0001, 0.0651]  x
  ee_velocity            = [-0.0021, -0.0000, -0.0474]  x
  target_position        = [0.1500, 0.0000, 0.0200]  x
  reward                 = -0.4143                x
  is_success             = False                  x
  obstacle_in_path       = False                  x
  obstacle_count_in_path = 0                      x
  obstacles              = {}                     x
  objects                = {'object_1': {'type': 'box', 'size': [0.04, 0.04, 0.04], 'mass': 1.0, 'color': [0.1, 0.2, 0.9, 1.0], 'initial_position': [-0.25, 0.0, 0.02], 'lateral_friction': 0.14, 'spinning_friction': 0.001, 'current_position': [-0.26199058458944774, -0.043922207228325016, 0.019989872942522535]}}  x
  scripts                = {'script_1': True, 'reach_only': True, 'left_right': True}  x
  target_goal            = {'type': 'goal_sequence', 'targets': [{'name': 'target', 'position': [0.15000000596046448, 0.0, 0.019999999552965164]}], 'mode': 'goal_sequence'}  x
  scene                  = {'table': {'length': 1.1, 'width': 0.7, 'height': 0.4, 'x_offset': -0.3, 'lateral_friction': 3.0, 'spinning_friction': 0.001}}  x
  robot_config           = {'control_type': 'ee', 'block_gripper': False, 'base_position': [-0.6, 0.0, 0.05]}  x
  current_task           = OBJECT_DELIVERY_SEQUENCE  x
  current_subtask        = PLACE_OBJECT           x
  active_target_name     = target                 x
  action                 = [0.0000, 0.0000, -0.1500, -1.0000]  x
  joint_angles           = [-0.0001, 0.9524, -0.0001, -1.2832, 0.0000, 2.2356, 0.7853]  x
  joint_velocities       = [0.0000, 0.0771, -0.0001, 0.0087, 0.0001, 0.0716, -0.0001]  x
  cube_rotation          = [3.1416, 0.0000, -0.3032]  x
  cube_linear_velocity   = [-0.0000, -0.0000, -0.0000]  x
  obstacle_positions     = {}                     x
[step=  53 01:23:20.465][Analyzer] ASM node=place_object  goal_status=not_applicable
[step=  53 01:23:20.467][DejaVu] {'status': 'ok', 'unanticipated': True}
[step=  54 01:23:21.609][Manager] ep=1 subtask=PLACE_OBJECT reward=-0.4143
[step=  54 01:23:21.610][Perception]
  RAW PERCEPTION                                  MONITORED PARAMS
  ----------------------------------------------  --------------------------------------
  fingers_width         = 0.0000 m                gripper_width_cm      = 0 cm
  dist_ee_to_cube       = 0.4122 m                distance_ee_object_cm = 38 cm
  dist_cube_to_target   = 0.4143 m  (3D)          distance_obj_goal_cm  = 41 cm  (XY)
  cube_position (z)     = 0.0200 m                object_lift_height_cm = 0 cm
  cube_position (xy)    = [-0.262, -0.044]        grasp_completed       = 1
  finger_contacts (raw) = 0                       finger_contacts       = 0
  x                                               grasp_attempts        = 1
  x                                               task_started          = 1
  x                                               object_available      = 1
  x                                               task_aborted          = 0
  episode                = 1                      x
  step                   = 54                     x
  ee_position            = [0.1461, -0.0001, 0.0586]  x
  ee_velocity            = [-0.0028, -0.0000, -0.0486]  x
  target_position        = [0.1500, 0.0000, 0.0200]  x
  reward                 = -0.4143                x
  is_success             = False                  x
  obstacle_in_path       = False                  x
  obstacle_count_in_path = 0                      x
  obstacles              = {}                     x
  objects                = {'object_1': {'type': 'box', 'size': [0.04, 0.04, 0.04], 'mass': 1.0, 'color': [0.1, 0.2, 0.9, 1.0], 'initial_position': [-0.25, 0.0, 0.02], 'lateral_friction': 0.14, 'spinning_friction': 0.001, 'current_position': [-0.2619906986550294, -0.0439223423691239, 0.019989872942431184]}}  x
  scripts                = {'script_1': True, 'reach_only': True, 'left_right': True}  x
  target_goal            = {'type': 'goal_sequence', 'targets': [{'name': 'target', 'position': [0.15000000596046448, 0.0, 0.019999999552965164]}], 'mode': 'goal_sequence'}  x
  scene                  = {'table': {'length': 1.1, 'width': 0.7, 'height': 0.4, 'x_offset': -0.3, 'lateral_friction': 3.0, 'spinning_friction': 0.001}}  x
  robot_config           = {'control_type': 'ee', 'block_gripper': False, 'base_position': [-0.6, 0.0, 0.05]}  x
  current_task           = OBJECT_DELIVERY_SEQUENCE  x
  current_subtask        = PLACE_OBJECT           x
  active_target_name     = target                 x
  action                 = [0.0000, 0.0000, -0.1500, -1.0000]  x
  joint_angles           = [-0.0001, 0.9630, -0.0001, -1.2818, 0.0000, 2.2448, 0.7853]  x
  joint_velocities       = [-0.0000, 0.0795, -0.0000, 0.0101, 0.0001, 0.0711, -0.0001]  x
  cube_rotation          = [3.1416, 0.0000, -0.3032]  x
  cube_linear_velocity   = [-0.0000, -0.0000, -0.0000]  x
  obstacle_positions     = {}                     x
[step=  54 01:23:21.613][Analyzer] ASM node=place_object  goal_status=not_applicable
[step=  54 01:23:21.616][DejaVu] {'status': 'ok', 'unanticipated': True}
[step=  55 01:23:22.756][Manager] ep=1 subtask=PLACE_OBJECT reward=-0.4143
[step=  55 01:23:22.756][Perception]
  RAW PERCEPTION                                  MONITORED PARAMS
  ----------------------------------------------  --------------------------------------
  fingers_width         = 0.0000 m                gripper_width_cm      = 0 cm
  dist_ee_to_cube       = 0.4112 m                distance_ee_object_cm = 38 cm
  dist_cube_to_target   = 0.4143 m  (3D)          distance_obj_goal_cm  = 41 cm  (XY)
  cube_position (z)     = 0.0200 m                object_lift_height_cm = 0 cm
  cube_position (xy)    = [-0.262, -0.044]        grasp_completed       = 1
  finger_contacts (raw) = 0                       finger_contacts       = 0
  x                                               grasp_attempts        = 1
  x                                               task_started          = 1
  x                                               object_available      = 1
  x                                               task_aborted          = 0
  episode                = 1                      x
  step                   = 55                     x
  ee_position            = [0.1456, -0.0001, 0.0521]  x
  ee_velocity            = [-0.0026, -0.0000, -0.0470]  x
  target_position        = [0.1500, 0.0000, 0.0200]  x
  reward                 = -0.4143                x
  is_success             = False                  x
  obstacle_in_path       = False                  x
  obstacle_count_in_path = 0                      x
  obstacles              = {}                     x
  objects                = {'object_1': {'type': 'box', 'size': [0.04, 0.04, 0.04], 'mass': 1.0, 'color': [0.1, 0.2, 0.9, 1.0], 'initial_position': [-0.25, 0.0, 0.02], 'lateral_friction': 0.14, 'spinning_friction': 0.001, 'current_position': [-0.26199081271997254, -0.043922477509367085, 0.01998987294233979]}}  x
  scripts                = {'script_1': True, 'reach_only': True, 'left_right': True}  x
  target_goal            = {'type': 'goal_sequence', 'targets': [{'name': 'target', 'position': [0.15000000596046448, 0.0, 0.019999999552965164]}], 'mode': 'goal_sequence'}  x
  scene                  = {'table': {'length': 1.1, 'width': 0.7, 'height': 0.4, 'x_offset': -0.3, 'lateral_friction': 3.0, 'spinning_friction': 0.001}}  x
  robot_config           = {'control_type': 'ee', 'block_gripper': False, 'base_position': [-0.6, 0.0, 0.05]}  x
  current_task           = OBJECT_DELIVERY_SEQUENCE  x
  current_subtask        = PLACE_OBJECT           x
  active_target_name     = target                 x
  action                 = [0.0000, 0.0000, -0.1500, -1.0000]  x
  joint_angles           = [-0.0001, 0.9737, -0.0001, -1.2802, 0.0001, 2.2539, 0.7853]  x
  joint_velocities       = [0.0000, 0.0781, -0.0000, 0.0115, 0.0001, 0.0701, -0.0001]  x
  cube_rotation          = [3.1416, 0.0000, -0.3032]  x
  cube_linear_velocity   = [-0.0000, -0.0000, -0.0000]  x
  obstacle_positions     = {}                     x
[step=  55 01:23:22.759][Analyzer] ASM node=place_object  goal_status=not_applicable
[step=  55 01:23:22.762][DejaVu] {'status': 'ok', 'unanticipated': True}
[step=  56 01:23:23.903][Manager] ep=1 subtask=PLACE_OBJECT reward=-0.4143
[step=  56 01:23:23.903][Perception]
  RAW PERCEPTION                                  MONITORED PARAMS
  ----------------------------------------------  --------------------------------------
  fingers_width         = 0.0000 m                gripper_width_cm      = 0 cm
  dist_ee_to_cube       = 0.4103 m                distance_ee_object_cm = 38 cm
  dist_cube_to_target   = 0.4143 m  (3D)          distance_obj_goal_cm  = 41 cm  (XY)
  cube_position (z)     = 0.0200 m                object_lift_height_cm = 0 cm
  cube_position (xy)    = [-0.262, -0.044]        grasp_completed       = 1
  finger_contacts (raw) = 0                       finger_contacts       = 0
  x                                               grasp_attempts        = 1
  x                                               task_started          = 1
  x                                               object_available      = 1
  x                                               task_aborted          = 0
  episode                = 1                      x
  step                   = 56                     x
  ee_position            = [0.1452, -0.0001, 0.0457]  x
  ee_velocity            = [-0.0035, -0.0000, -0.0487]  x
  target_position        = [0.1500, 0.0000, 0.0200]  x
  reward                 = -0.4143                x
  is_success             = False                  x
  obstacle_in_path       = False                  x
  obstacle_count_in_path = 0                      x
  obstacles              = {}                     x
  objects                = {'object_1': {'type': 'box', 'size': [0.04, 0.04, 0.04], 'mass': 1.0, 'color': [0.1, 0.2, 0.9, 1.0], 'initial_position': [-0.25, 0.0, 0.02], 'lateral_friction': 0.14, 'spinning_friction': 0.001, 'current_position': [-0.2619909267842774, -0.043922612649054504, 0.019989872942248414]}}  x
  scripts                = {'script_1': True, 'reach_only': True, 'left_right': True}  x
  target_goal            = {'type': 'goal_sequence', 'targets': [{'name': 'target', 'position': [0.15000000596046448, 0.0, 0.019999999552965164]}], 'mode': 'goal_sequence'}  x
  scene                  = {'table': {'length': 1.1, 'width': 0.7, 'height': 0.4, 'x_offset': -0.3, 'lateral_friction': 3.0, 'spinning_friction': 0.001}}  x
  robot_config           = {'control_type': 'ee', 'block_gripper': False, 'base_position': [-0.6, 0.0, 0.05]}  x
  current_task           = OBJECT_DELIVERY_SEQUENCE  x
  current_subtask        = PLACE_OBJECT           x
  active_target_name     = target                 x
  action                 = [0.0000, 0.0000, -0.1500, -1.0000]  x
  joint_angles           = [-0.0001, 0.9845, -0.0001, -1.2785, 0.0001, 2.2630, 0.7853]  x
  joint_velocities       = [-0.0000, 0.0812, -0.0000, 0.0129, 0.0001, 0.0697, -0.0001]  x
  cube_rotation          = [3.1416, 0.0000, -0.3032]  x
  cube_linear_velocity   = [-0.0000, -0.0000, -0.0000]  x
  obstacle_positions     = {}                     x
[step=  56 01:23:23.906][Analyzer] ASM node=place_object  goal_status=not_applicable
[step=  56 01:23:23.910][DejaVu] {'status': 'ok', 'unanticipated': True}
[step=  57 01:23:25.075][Manager] ep=1 subtask=PLACE_OBJECT reward=-0.4143
[step=  57 01:23:25.077][Perception]
  RAW PERCEPTION                                  MONITORED PARAMS
  ----------------------------------------------  --------------------------------------
  fingers_width         = 0.0000 m                gripper_width_cm      = 0 cm
  dist_ee_to_cube       = 0.4096 m                distance_ee_object_cm = 38 cm
  dist_cube_to_target   = 0.4143 m  (3D)          distance_obj_goal_cm  = 41 cm  (XY)
  cube_position (z)     = 0.0200 m                object_lift_height_cm = 0 cm
  cube_position (xy)    = [-0.262, -0.044]        grasp_completed       = 1
  finger_contacts (raw) = 0                       finger_contacts       = 0
  x                                               grasp_attempts        = 1
  x                                               task_started          = 1
  x                                               object_available      = 1
  x                                               task_aborted          = 0
  episode                = 1                      x
  step                   = 57                     x
  ee_position            = [0.1448, -0.0001, 0.0403]  x
  ee_velocity            = [-0.0049, -0.0000, -0.0461]  x
  target_position        = [0.1500, 0.0000, 0.0200]  x
  reward                 = -0.4143                x
  is_success             = False                  x
  obstacle_in_path       = False                  x
  obstacle_count_in_path = 0                      x
  obstacles              = {}                     x
  objects                = {'object_1': {'type': 'box', 'size': [0.04, 0.04, 0.04], 'mass': 1.0, 'color': [0.1, 0.2, 0.9, 1.0], 'initial_position': [-0.25, 0.0, 0.02], 'lateral_friction': 0.14, 'spinning_friction': 0.001, 'current_position': [-0.26199104084794383, -0.04392274778818619, 0.01998987294215704]}}  x
  scripts                = {'script_1': True, 'reach_only': True, 'left_right': True}  x
  target_goal            = {'type': 'goal_sequence', 'targets': [{'name': 'target', 'position': [0.15000000596046448, 0.0, 0.019999999552965164]}], 'mode': 'goal_sequence'}  x
  scene                  = {'table': {'length': 1.1, 'width': 0.7, 'height': 0.4, 'x_offset': -0.3, 'lateral_friction': 3.0, 'spinning_friction': 0.001}}  x
  robot_config           = {'control_type': 'ee', 'block_gripper': False, 'base_position': [-0.6, 0.0, 0.05]}  x
  current_task           = OBJECT_DELIVERY_SEQUENCE  x
  current_subtask        = PLACE_OBJECT           x
  active_target_name     = target                 x
  action                 = [0.0000, 0.0000, -0.1284, -1.0000]  x
  joint_angles           = [-0.0001, 0.9936, -0.0001, -1.2768, 0.0001, 2.2706, 0.7852]  x
  joint_velocities       = [-0.0000, 0.0760, -0.0000, 0.0124, 0.0001, 0.0585, -0.0001]  x
  cube_rotation          = [3.1416, 0.0000, -0.3032]  x
  cube_linear_velocity   = [-0.0000, -0.0000, -0.0000]  x
  obstacle_positions     = {}                     x
[step=  57 01:23:25.088][Analyzer] ASM node=place_object  goal_status=not_applicable
[step=  57 01:23:25.093][DejaVu] {'status': 'ok', 'unanticipated': True}
[step=  58 01:23:26.241][Manager] ep=1 subtask=PLACE_OBJECT reward=-0.4143
[step=  58 01:23:26.242][Perception]
  RAW PERCEPTION                                  MONITORED PARAMS
  ----------------------------------------------  --------------------------------------
  fingers_width         = 0.0000 m                gripper_width_cm      = 0 cm
  dist_ee_to_cube       = 0.4091 m                distance_ee_object_cm = 38 cm
  dist_cube_to_target   = 0.4143 m  (3D)          distance_obj_goal_cm  = 41 cm  (XY)
  cube_position (z)     = 0.0200 m                object_lift_height_cm = 0 cm
  cube_position (xy)    = [-0.262, -0.044]        grasp_completed       = 1
  finger_contacts (raw) = 0                       finger_contacts       = 0
  x                                               grasp_attempts        = 1
  x                                               task_started          = 1
  x                                               object_available      = 1
  x                                               task_aborted          = 0
  episode                = 1                      x
  step                   = 58                     x
  ee_position            = [0.1444, -0.0001, 0.0360]  x
  ee_velocity            = [-0.0042, -0.0000, -0.0363]  x
  target_position        = [0.1500, 0.0000, 0.0200]  x
  reward                 = -0.4143                x
  is_success             = False                  x
  obstacle_in_path       = False                  x
  obstacle_count_in_path = 0                      x
  obstacles              = {}                     x
  objects                = {'object_1': {'type': 'box', 'size': [0.04, 0.04, 0.04], 'mass': 1.0, 'color': [0.1, 0.2, 0.9, 1.0], 'initial_position': [-0.25, 0.0, 0.02], 'lateral_friction': 0.14, 'spinning_friction': 0.001, 'current_position': [-0.26199115491097186, -0.043922882926762156, 0.019989872942065653]}}  x
  scripts                = {'script_1': True, 'reach_only': True, 'left_right': True}  x
  target_goal            = {'type': 'goal_sequence', 'targets': [{'name': 'target', 'position': [0.15000000596046448, 0.0, 0.019999999552965164]}], 'mode': 'goal_sequence'}  x
  scene                  = {'table': {'length': 1.1, 'width': 0.7, 'height': 0.4, 'x_offset': -0.3, 'lateral_friction': 3.0, 'spinning_friction': 0.001}}  x
  robot_config           = {'control_type': 'ee', 'block_gripper': False, 'base_position': [-0.6, 0.0, 0.05]}  x
  current_task           = OBJECT_DELIVERY_SEQUENCE  x
  current_subtask        = PLACE_OBJECT           x
  active_target_name     = target                 x
  action                 = [0.0000, 0.0000, -0.1013, -1.0000]  x
  joint_angles           = [-0.0001, 1.0008, -0.0001, -1.2754, 0.0001, 2.2764, 0.7852]  x
  joint_velocities       = [-0.0000, 0.0604, -0.0000, 0.0109, 0.0000, 0.0445, -0.0001]  x
  cube_rotation          = [3.1416, 0.0000, -0.3032]  x
  cube_linear_velocity   = [-0.0000, -0.0000, -0.0000]  x
  obstacle_positions     = {}                     x
[step=  58 01:23:26.247][Analyzer] ASM node=place_object  goal_status=not_applicable
[step=  58 01:23:26.258][DejaVu] {'status': 'ok', 'unanticipated': True}
[step=  59 01:23:27.383][Manager] ep=1 subtask=PLACE_OBJECT reward=-0.4143
[step=  59 01:23:27.384][Perception]
  RAW PERCEPTION                                  MONITORED PARAMS
  ----------------------------------------------  --------------------------------------
  fingers_width         = 0.0000 m                gripper_width_cm      = 0 cm
  dist_ee_to_cube       = 0.4087 m                distance_ee_object_cm = 38 cm
  dist_cube_to_target   = 0.4143 m  (3D)          distance_obj_goal_cm  = 41 cm  (XY)
  cube_position (z)     = 0.0200 m                object_lift_height_cm = 0 cm
  cube_position (xy)    = [-0.262, -0.044]        grasp_completed       = 1
  finger_contacts (raw) = 0                       finger_contacts       = 0
  x                                               grasp_attempts        = 1
  x                                               task_started          = 1
  x                                               object_available      = 1
  x                                               task_aborted          = 0
  episode                = 1                      x
  step                   = 59                     x
  ee_position            = [0.1442, -0.0001, 0.0326]  x
  ee_velocity            = [-0.0031, -0.0000, -0.0280]  x
  target_position        = [0.1500, 0.0000, 0.0200]  x
  reward                 = -0.4143                x
  is_success             = False                  x
  obstacle_in_path       = False                  x
  obstacle_count_in_path = 0                      x
  obstacles              = {}                     x
  objects                = {'object_1': {'type': 'box', 'size': [0.04, 0.04, 0.04], 'mass': 1.0, 'color': [0.1, 0.2, 0.9, 1.0], 'initial_position': [-0.25, 0.0, 0.02], 'lateral_friction': 0.14, 'spinning_friction': 0.001, 'current_position': [-0.2619912689733615, -0.04392301806478242, 0.019989872941974227]}}  x
  scripts                = {'script_1': True, 'reach_only': True, 'left_right': True}  x
  target_goal            = {'type': 'goal_sequence', 'targets': [{'name': 'target', 'position': [0.15000000596046448, 0.0, 0.019999999552965164]}], 'mode': 'goal_sequence'}  x
  scene                  = {'table': {'length': 1.1, 'width': 0.7, 'height': 0.4, 'x_offset': -0.3, 'lateral_friction': 3.0, 'spinning_friction': 0.001}}  x
  robot_config           = {'control_type': 'ee', 'block_gripper': False, 'base_position': [-0.6, 0.0, 0.05]}  x
  current_task           = OBJECT_DELIVERY_SEQUENCE  x
  current_subtask        = PLACE_OBJECT           x
  active_target_name     = target                 x
  action                 = [0.0000, 0.0000, -0.0799, -1.0000]  x
  joint_angles           = [-0.0001, 1.0066, -0.0001, -1.2742, 0.0001, 2.2809, 0.7852]  x
  joint_velocities       = [-0.0000, 0.0470, -0.0000, 0.0092, 0.0000, 0.0347, -0.0001]  x
  cube_rotation          = [3.1416, 0.0000, -0.3032]  x
  cube_linear_velocity   = [-0.0000, -0.0000, -0.0000]  x
  obstacle_positions     = {}                     x
[step=  59 01:23:27.386][Analyzer] ASM node=place_object  goal_status=not_applicable
[step=  59 01:23:27.388][DejaVu] {'status': 'ok', 'unanticipated': True}
[step=  60 01:23:28.556][Manager] ep=1 subtask=PLACE_OBJECT reward=-0.4143
[step=  60 01:23:28.556][Perception]
  RAW PERCEPTION                                  MONITORED PARAMS
  ----------------------------------------------  --------------------------------------
  fingers_width         = 0.0000 m                gripper_width_cm      = 0 cm
  dist_ee_to_cube       = 0.4084 m                distance_ee_object_cm = 38 cm
  dist_cube_to_target   = 0.4143 m  (3D)          distance_obj_goal_cm  = 41 cm  (XY)
  cube_position (z)     = 0.0200 m                object_lift_height_cm = 0 cm
  cube_position (xy)    = [-0.262, -0.044]        grasp_completed       = 1
  finger_contacts (raw) = 0                       finger_contacts       = 0
  x                                               grasp_attempts        = 1
  x                                               task_started          = 1
  x                                               object_available      = 1
  x                                               task_aborted          = 0
  episode                = 1                      x
  step                   = 60                     x
  ee_position            = [0.1439, -0.0001, 0.0299]  x
  ee_velocity            = [-0.0023, -0.0000, -0.0216]  x
  target_position        = [0.1500, 0.0000, 0.0200]  x
  reward                 = -0.4143                x
  is_success             = False                  x
  obstacle_in_path       = False                  x
  obstacle_count_in_path = 0                      x
  obstacles              = {}                     x
  objects                = {'object_1': {'type': 'box', 'size': [0.04, 0.04, 0.04], 'mass': 1.0, 'color': [0.1, 0.2, 0.9, 1.0], 'initial_position': [-0.25, 0.0, 0.02], 'lateral_friction': 0.14, 'spinning_friction': 0.001, 'current_position': [-0.26199138303511277, -0.04392315320224696, 0.019989872941882838]}}  x
  scripts                = {'script_1': True, 'reach_only': True, 'left_right': True}  x
  target_goal            = {'type': 'goal_sequence', 'targets': [{'name': 'target', 'position': [0.15000000596046448, 0.0, 0.019999999552965164]}], 'mode': 'goal_sequence'}  x
  scene                  = {'table': {'length': 1.1, 'width': 0.7, 'height': 0.4, 'x_offset': -0.3, 'lateral_friction': 3.0, 'spinning_friction': 0.001}}  x
  robot_config           = {'control_type': 'ee', 'block_gripper': False, 'base_position': [-0.6, 0.0, 0.05]}  x
  current_task           = OBJECT_DELIVERY_SEQUENCE  x
  current_subtask        = PLACE_OBJECT           x
  active_target_name     = target                 x
  action                 = [0.0000, 0.0000, -0.0630, -1.0000]  x
  joint_angles           = [-0.0001, 1.0111, -0.0001, -1.2733, 0.0001, 2.2845, 0.7852]  x
  joint_velocities       = [-0.0000, 0.0365, -0.0000, 0.0074, 0.0000, 0.0274, -0.0000]  x
  cube_rotation          = [3.1416, 0.0000, -0.3032]  x
  cube_linear_velocity   = [-0.0000, -0.0000, -0.0000]  x
  obstacle_positions     = {}                     x
[step=  60 01:23:28.558][Analyzer] ASM node=place_object  goal_status=not_applicable
[step=  60 01:23:28.561][DejaVu] {'status': 'ok', 'unanticipated': True}
[step=  61 01:23:29.677][Manager] ep=1 subtask=PLACE_OBJECT reward=-0.4143
[step=  61 01:23:29.677][Perception]
  RAW PERCEPTION                                  MONITORED PARAMS
  ----------------------------------------------  --------------------------------------
  fingers_width         = 0.0000 m                gripper_width_cm      = 0 cm
  dist_ee_to_cube       = 0.4082 m                distance_ee_object_cm = 38 cm
  dist_cube_to_target   = 0.4143 m  (3D)          distance_obj_goal_cm  = 41 cm  (XY)
  cube_position (z)     = 0.0200 m                object_lift_height_cm = 0 cm
  cube_position (xy)    = [-0.262, -0.044]        grasp_completed       = 1
  finger_contacts (raw) = 0                       finger_contacts       = 0
  x                                               grasp_attempts        = 1
  x                                               task_started          = 1
  x                                               object_available      = 1
  x                                               task_aborted          = 0
  episode                = 1                      x
  step                   = 61                     x
  ee_position            = [0.1437, -0.0001, 0.0278]  x
  ee_velocity            = [-0.0017, -0.0000, -0.0168]  x
  target_position        = [0.1500, 0.0000, 0.0200]  x
  reward                 = -0.4143                x
  is_success             = False                  x
  obstacle_in_path       = False                  x
  obstacle_count_in_path = 0                      x
  obstacles              = {}                     x
  objects                = {'object_1': {'type': 'box', 'size': [0.04, 0.04, 0.04], 'mass': 1.0, 'color': [0.1, 0.2, 0.9, 1.0], 'initial_position': [-0.25, 0.0, 0.02], 'lateral_friction': 0.14, 'spinning_friction': 0.001, 'current_position': [-0.2619914970962256, -0.04392328833915578, 0.01998987294179142]}}  x
  scripts                = {'script_1': True, 'reach_only': True, 'left_right': True}  x
  target_goal            = {'type': 'goal_sequence', 'targets': [{'name': 'target', 'position': [0.15000000596046448, 0.0, 0.019999999552965164]}], 'mode': 'goal_sequence'}  x
  scene                  = {'table': {'length': 1.1, 'width': 0.7, 'height': 0.4, 'x_offset': -0.3, 'lateral_friction': 3.0, 'spinning_friction': 0.001}}  x
  robot_config           = {'control_type': 'ee', 'block_gripper': False, 'base_position': [-0.6, 0.0, 0.05]}  x
  current_task           = OBJECT_DELIVERY_SEQUENCE  x
  current_subtask        = PLACE_OBJECT           x
  active_target_name     = target                 x
  action                 = [0.0000, 0.0000, -0.0496, -1.0000]  x
  joint_angles           = [-0.0001, 1.0147, -0.0001, -1.2725, 0.0001, 2.2873, 0.7852]  x
  joint_velocities       = [-0.0000, 0.0286, -0.0000, 0.0059, 0.0000, 0.0216, -0.0000]  x
  cube_rotation          = [3.1416, 0.0000, -0.3032]  x
  cube_linear_velocity   = [-0.0000, -0.0000, -0.0000]  x
  obstacle_positions     = {}                     x
[step=  61 01:23:29.681][Analyzer] ASM node=place_object  goal_status=not_applicable
[step=  61 01:23:29.684][DejaVu] {'status': 'ok', 'unanticipated': True}
[step=  62 01:23:30.823][Manager] ep=1 subtask=PLACE_OBJECT reward=-0.4143
[step=  62 01:23:30.824][Perception]
  RAW PERCEPTION                                  MONITORED PARAMS
  ----------------------------------------------  --------------------------------------
  fingers_width         = 0.0000 m                gripper_width_cm      = 0 cm
  dist_ee_to_cube       = 0.4080 m                distance_ee_object_cm = 38 cm
  dist_cube_to_target   = 0.4143 m  (3D)          distance_obj_goal_cm  = 41 cm  (XY)
  cube_position (z)     = 0.0200 m                object_lift_height_cm = 0 cm
  cube_position (xy)    = [-0.262, -0.044]        grasp_completed       = 1
  finger_contacts (raw) = 0                       finger_contacts       = 0
  x                                               grasp_attempts        = 1
  x                                               task_started          = 1
  x                                               object_available      = 1
  x                                               task_aborted          = 0
  episode                = 1                      x
  step                   = 62                     x
  ee_position            = [0.1436, -0.0001, 0.0261]  x
  ee_velocity            = [-0.0013, -0.0000, -0.0130]  x
  target_position        = [0.1500, 0.0000, 0.0200]  x
  reward                 = -0.4143                x
  is_success             = False                  x
  obstacle_in_path       = False                  x
  obstacle_count_in_path = 0                      x
  obstacles              = {}                     x
  objects                = {'object_1': {'type': 'box', 'size': [0.04, 0.04, 0.04], 'mass': 1.0, 'color': [0.1, 0.2, 0.9, 1.0], 'initial_position': [-0.25, 0.0, 0.02], 'lateral_friction': 0.14, 'spinning_friction': 0.001, 'current_position': [-0.2619916111566999, -0.043923423475508906, 0.019989872941699984]}}  x
  scripts                = {'script_1': True, 'reach_only': True, 'left_right': True}  x
  target_goal            = {'type': 'goal_sequence', 'targets': [{'name': 'target', 'position': [0.15000000596046448, 0.0, 0.019999999552965164]}], 'mode': 'goal_sequence'}  x
  scene                  = {'table': {'length': 1.1, 'width': 0.7, 'height': 0.4, 'x_offset': -0.3, 'lateral_friction': 3.0, 'spinning_friction': 0.001}}  x
  robot_config           = {'control_type': 'ee', 'block_gripper': False, 'base_position': [-0.6, 0.0, 0.05]}  x
  current_task           = OBJECT_DELIVERY_SEQUENCE  x
  current_subtask        = PLACE_OBJECT           x
  active_target_name     = target                 x
  action                 = [0.0000, 0.0000, -0.0390, -1.0000]  x
  joint_angles           = [-0.0001, 1.0176, -0.0001, -1.2719, 0.0001, 2.2895, 0.7852]  x
  joint_velocities       = [-0.0000, 0.0222, -0.0000, 0.0047, 0.0000, 0.0170, -0.0000]  x
  cube_rotation          = [3.1416, 0.0000, -0.3032]  x
  cube_linear_velocity   = [-0.0000, -0.0000, -0.0000]  x
  obstacle_positions     = {}                     x
[step=  62 01:23:30.827][Analyzer] ASM node=place_object  goal_status=not_applicable
[step=  62 01:23:30.829][DejaVu] {'status': 'ok', 'unanticipated': True}
[step=  63 01:23:31.970][Manager] ep=1 subtask=PLACE_OBJECT reward=-0.4143
[step=  63 01:23:31.971][Perception]
  RAW PERCEPTION                                  MONITORED PARAMS
  ----------------------------------------------  --------------------------------------
  fingers_width         = 0.0000 m                gripper_width_cm      = 0 cm
  dist_ee_to_cube       = 0.4078 m                distance_ee_object_cm = 38 cm
  dist_cube_to_target   = 0.4143 m  (3D)          distance_obj_goal_cm  = 41 cm  (XY)
  cube_position (z)     = 0.0200 m                object_lift_height_cm = 0 cm
  cube_position (xy)    = [-0.262, -0.044]        grasp_completed       = 1
  finger_contacts (raw) = 0                       finger_contacts       = 0
  x                                               grasp_attempts        = 1
  x                                               task_started          = 1
  x                                               object_available      = 1
  x                                               task_aborted          = 0
  episode                = 1                      x
  step                   = 63                     x
  ee_position            = [0.1434, -0.0001, 0.0248]  x
  ee_velocity            = [-0.0010, -0.0000, -0.0101]  x
  target_position        = [0.1500, 0.0000, 0.0200]  x
  reward                 = -0.4143                x
  is_success             = False                  x
  obstacle_in_path       = False                  x
  obstacle_count_in_path = 0                      x
  obstacles              = {}                     x
  objects                = {'object_1': {'type': 'box', 'size': [0.04, 0.04, 0.04], 'mass': 1.0, 'color': [0.1, 0.2, 0.9, 1.0], 'initial_position': [-0.25, 0.0, 0.02], 'lateral_friction': 0.14, 'spinning_friction': 0.001, 'current_position': [-0.26199172521653585, -0.04392355861130633, 0.019989872941608554]}}  x
  scripts                = {'script_1': True, 'reach_only': True, 'left_right': True}  x
  target_goal            = {'type': 'goal_sequence', 'targets': [{'name': 'target', 'position': [0.15000000596046448, 0.0, 0.019999999552965164]}], 'mode': 'goal_sequence'}  x
  scene                  = {'table': {'length': 1.1, 'width': 0.7, 'height': 0.4, 'x_offset': -0.3, 'lateral_friction': 3.0, 'spinning_friction': 0.001}}  x
  robot_config           = {'control_type': 'ee', 'block_gripper': False, 'base_position': [-0.6, 0.0, 0.05]}  x
  current_task           = OBJECT_DELIVERY_SEQUENCE  x
  current_subtask        = PLACE_OBJECT           x
  active_target_name     = target                 x
  action                 = [0.0000, 0.0000, -0.0307, -1.0000]  x
  joint_angles           = [-0.0001, 1.0198, -0.0001, -1.2714, 0.0001, 2.2913, 0.7852]  x
  joint_velocities       = [-0.0000, 0.0173, -0.0000, 0.0037, 0.0000, 0.0135, -0.0000]  x
  cube_rotation          = [3.1416, 0.0000, -0.3032]  x
  cube_linear_velocity   = [-0.0000, -0.0000, -0.0000]  x
  obstacle_positions     = {}                     x
[step=  63 01:23:31.975][Analyzer] ASM node=place_object  goal_status=not_applicable
[step=  63 01:23:31.978][DejaVu] {'status': 'ok', 'unanticipated': True}
[step=  64 01:23:33.143][Manager] ep=1 subtask=PLACE_OBJECT reward=-0.4143
[step=  64 01:23:33.144][Perception]
  RAW PERCEPTION                                  MONITORED PARAMS
  ----------------------------------------------  --------------------------------------
  fingers_width         = 0.0703 m                gripper_width_cm      = 7 cm
  dist_ee_to_cube       = 0.4078 m                distance_ee_object_cm = 38 cm
  dist_cube_to_target   = 0.4143 m  (3D)          distance_obj_goal_cm  = 41 cm  (XY)
  cube_position (z)     = 0.0200 m                object_lift_height_cm = 0 cm
  cube_position (xy)    = [-0.262, -0.044]        grasp_completed       = 1
  finger_contacts (raw) = 0                       finger_contacts       = 0
  x                                               grasp_attempts        = 1
  x                                               task_started          = 1
  x                                               object_available      = 1
  x                                               task_aborted          = 0
  episode                = 1                      x
  step                   = 64                     x
  ee_position            = [0.1434, -0.0001, 0.0248]  x
  ee_velocity            = [-0.0000, -0.0000, -0.0000]  x
  target_position        = [0.1500, 0.0000, 0.0200]  x
  reward                 = -0.4143                x
  is_success             = False                  x
  obstacle_in_path       = False                  x
  obstacle_count_in_path = 0                      x
  obstacles              = {}                     x
  objects                = {'object_1': {'type': 'box', 'size': [0.04, 0.04, 0.04], 'mass': 1.0, 'color': [0.1, 0.2, 0.9, 1.0], 'initial_position': [-0.25, 0.0, 0.02], 'lateral_friction': 0.14, 'spinning_friction': 0.001, 'current_position': [-0.26199183927573316, -0.043923693746548045, 0.019989872941517117]}}  x
  scripts                = {'script_1': True, 'reach_only': True, 'left_right': True}  x
  target_goal            = {'type': 'goal_sequence', 'targets': [{'name': 'target', 'position': [0.15000000596046448, 0.0, 0.019999999552965164]}], 'mode': 'goal_sequence'}  x
  scene                  = {'table': {'length': 1.1, 'width': 0.7, 'height': 0.4, 'x_offset': -0.3, 'lateral_friction': 3.0, 'spinning_friction': 0.001}}  x
  robot_config           = {'control_type': 'ee', 'block_gripper': False, 'base_position': [-0.6, 0.0, 0.05]}  x
  current_task           = OBJECT_DELIVERY_SEQUENCE  x
  current_subtask        = PLACE_OBJECT           x
  active_target_name     = target                 x
  action                 = [0.0000, 0.0000, 0.0000, 1.0000]  x
  joint_angles           = [-0.0001, 1.0198, -0.0001, -1.2714, 0.0001, 2.2912, 0.7852]  x
  joint_velocities       = [0.0000, -0.0001, -0.0000, -0.0001, 0.0000, -0.0001, -0.0000]  x
  cube_rotation          = [3.1416, 0.0000, -0.3032]  x
  cube_linear_velocity   = [-0.0000, -0.0000, -0.0000]  x
  obstacle_positions     = {}                     x
[step=  64 01:23:33.147][Analyzer] ASM node=place_object  goal_status=not_applicable
[step=  64 01:23:33.151][DejaVu] {'status': 'ok', 'unanticipated': True}
[step=  65 01:23:34.264][Manager] ep=1 subtask=PLACE_OBJECT reward=-0.4143
[step=  65 01:23:34.264][Perception]
  RAW PERCEPTION                                  MONITORED PARAMS
  ----------------------------------------------  --------------------------------------
  fingers_width         = 0.0788 m                gripper_width_cm      = 7 cm
  dist_ee_to_cube       = 0.4078 m                distance_ee_object_cm = 38 cm
  dist_cube_to_target   = 0.4143 m  (3D)          distance_obj_goal_cm  = 41 cm  (XY)
  cube_position (z)     = 0.0200 m                object_lift_height_cm = 0 cm
  cube_position (xy)    = [-0.262, -0.044]        grasp_completed       = 0
  finger_contacts (raw) = 0                       finger_contacts       = 0
  x                                               grasp_attempts        = 1
  x                                               task_started          = 1
  x                                               object_available      = 1
  x                                               task_aborted          = 0
  episode                = 1                      x
  step                   = 65                     x
  ee_position            = [0.1434, -0.0001, 0.0248]  x
  ee_velocity            = [-0.0000, -0.0000, -0.0000]  x
  target_position        = [0.1500, 0.0000, 0.0200]  x
  reward                 = -0.4143                x
  is_success             = False                  x
  obstacle_in_path       = False                  x
  obstacle_count_in_path = 0                      x
  obstacles              = {}                     x
  objects                = {'object_1': {'type': 'box', 'size': [0.04, 0.04, 0.04], 'mass': 1.0, 'color': [0.1, 0.2, 0.9, 1.0], 'initial_position': [-0.25, 0.0, 0.02], 'lateral_friction': 0.14, 'spinning_friction': 0.001, 'current_position': [-0.2619919533342921, -0.04392382888123408, 0.019989872941425683]}}  x
  scripts                = {'script_1': True, 'reach_only': True, 'left_right': True}  x
  target_goal            = {'type': 'goal_sequence', 'targets': [{'name': 'target', 'position': [0.15000000596046448, 0.0, 0.019999999552965164]}], 'mode': 'goal_sequence'}  x
  scene                  = {'table': {'length': 1.1, 'width': 0.7, 'height': 0.4, 'x_offset': -0.3, 'lateral_friction': 3.0, 'spinning_friction': 0.001}}  x
  robot_config           = {'control_type': 'ee', 'block_gripper': False, 'base_position': [-0.6, 0.0, 0.05]}  x
  current_task           = OBJECT_DELIVERY_SEQUENCE  x
  current_subtask        = PLACE_OBJECT           x
  active_target_name     = target                 x
  action                 = [0.0000, 0.0000, 0.0000, 1.0000]  x
  joint_angles           = [-0.0001, 1.0198, -0.0001, -1.2714, 0.0001, 2.2912, 0.7852]  x
  joint_velocities       = [0.0000, -0.0000, -0.0000, -0.0001, 0.0000, -0.0000, -0.0000]  x
  cube_rotation          = [3.1416, 0.0000, -0.3032]  x
  cube_linear_velocity   = [-0.0000, -0.0000, -0.0000]  x
  obstacle_positions     = {}                     x
[step=  65 01:23:34.268][Analyzer] ASM node=place_object  goal_status=not_applicable
[step=  65 01:23:34.271][DejaVu] {'status': 'ok', 'unanticipated': True}
[step=  66 01:23:35.411][Manager] ep=1 subtask=PLACE_OBJECT reward=-0.4143
[step=  66 01:23:35.412][Perception]
  RAW PERCEPTION                                  MONITORED PARAMS
  ----------------------------------------------  --------------------------------------
  fingers_width         = 0.0799 m                gripper_width_cm      = 7 cm
  dist_ee_to_cube       = 0.4078 m                distance_ee_object_cm = 38 cm
  dist_cube_to_target   = 0.4143 m  (3D)          distance_obj_goal_cm  = 41 cm  (XY)
  cube_position (z)     = 0.0200 m                object_lift_height_cm = 0 cm
  cube_position (xy)    = [-0.262, -0.044]        grasp_completed       = 0
  finger_contacts (raw) = 0                       finger_contacts       = 0
  x                                               grasp_attempts        = 1
  x                                               task_started          = 1
  x                                               object_available      = 1
  x                                               task_aborted          = 0
  episode                = 1                      x
  step                   = 66                     x
  ee_position            = [0.1434, -0.0001, 0.0248]  x
  ee_velocity            = [-0.0000, -0.0000, -0.0000]  x
  target_position        = [0.1500, 0.0000, 0.0200]  x
  reward                 = -0.4143                x
  is_success             = False                  x
  obstacle_in_path       = False                  x
  obstacle_count_in_path = 0                      x
  obstacles              = {}                     x
  objects                = {'object_1': {'type': 'box', 'size': [0.04, 0.04, 0.04], 'mass': 1.0, 'color': [0.1, 0.2, 0.9, 1.0], 'initial_position': [-0.25, 0.0, 0.02], 'lateral_friction': 0.14, 'spinning_friction': 0.001, 'current_position': [-0.26199206739221237, -0.04392396401536442, 0.01998987294133421]}}  x
  scripts                = {'script_1': True, 'reach_only': True, 'left_right': True}  x
  target_goal            = {'type': 'goal_sequence', 'targets': [{'name': 'target', 'position': [0.15000000596046448, 0.0, 0.019999999552965164]}], 'mode': 'goal_sequence'}  x
  scene                  = {'table': {'length': 1.1, 'width': 0.7, 'height': 0.4, 'x_offset': -0.3, 'lateral_friction': 3.0, 'spinning_friction': 0.001}}  x
  robot_config           = {'control_type': 'ee', 'block_gripper': False, 'base_position': [-0.6, 0.0, 0.05]}  x
  current_task           = OBJECT_DELIVERY_SEQUENCE  x
  current_subtask        = PLACE_OBJECT           x
  active_target_name     = target                 x
  action                 = [0.0000, 0.0000, 0.0000, 1.0000]  x
  joint_angles           = [-0.0001, 1.0198, -0.0001, -1.2714, 0.0001, 2.2913, 0.7852]  x
  joint_velocities       = [0.0000, -0.0000, -0.0000, -0.0001, 0.0000, 0.0000, -0.0000]  x
  cube_rotation          = [3.1416, 0.0000, -0.3033]  x
  cube_linear_velocity   = [-0.0000, -0.0000, -0.0000]  x
  obstacle_positions     = {}                     x
[step=  66 01:23:35.415][Analyzer] ASM node=place_object  goal_status=not_applicable
[step=  66 01:23:35.417][DejaVu] {'status': 'ok', 'unanticipated': True}
[step=  67 01:23:36.584][Manager] ep=1 subtask=PLACE_OBJECT reward=-0.4143
[step=  67 01:23:36.585][Perception]
  RAW PERCEPTION                                  MONITORED PARAMS
  ----------------------------------------------  --------------------------------------
  fingers_width         = 0.0800 m                gripper_width_cm      = 7 cm
  dist_ee_to_cube       = 0.4078 m                distance_ee_object_cm = 38 cm
  dist_cube_to_target   = 0.4143 m  (3D)          distance_obj_goal_cm  = 41 cm  (XY)
  cube_position (z)     = 0.0200 m                object_lift_height_cm = 0 cm
  cube_position (xy)    = [-0.262, -0.044]        grasp_completed       = 0
  finger_contacts (raw) = 0                       finger_contacts       = 0
  x                                               grasp_attempts        = 1
  x                                               task_started          = 1
  x                                               object_available      = 1
  x                                               task_aborted          = 0
  episode                = 1                      x
  step                   = 67                     x
  ee_position            = [0.1434, -0.0001, 0.0248]  x
  ee_velocity            = [-0.0000, -0.0000, -0.0000]  x
  target_position        = [0.1500, 0.0000, 0.0200]  x
  reward                 = -0.4143                x
  is_success             = False                  x
  obstacle_in_path       = False                  x
  obstacle_count_in_path = 0                      x
  obstacles              = {}                     x
  objects                = {'object_1': {'type': 'box', 'size': [0.04, 0.04, 0.04], 'mass': 1.0, 'color': [0.1, 0.2, 0.9, 1.0], 'initial_position': [-0.25, 0.0, 0.02], 'lateral_friction': 0.14, 'spinning_friction': 0.001, 'current_position': [-0.26199218144949427, -0.04392409914893907, 0.019989872941242763]}}  x
  scripts                = {'script_1': True, 'reach_only': True, 'left_right': True}  x
  target_goal            = {'type': 'goal_sequence', 'targets': [{'name': 'target', 'position': [0.15000000596046448, 0.0, 0.019999999552965164]}], 'mode': 'goal_sequence'}  x
  scene                  = {'table': {'length': 1.1, 'width': 0.7, 'height': 0.4, 'x_offset': -0.3, 'lateral_friction': 3.0, 'spinning_friction': 0.001}}  x
  robot_config           = {'control_type': 'ee', 'block_gripper': False, 'base_position': [-0.6, 0.0, 0.05]}  x
  current_task           = OBJECT_DELIVERY_SEQUENCE  x
  current_subtask        = PLACE_OBJECT           x
  active_target_name     = target                 x
  action                 = [0.0000, 0.0000, 0.0000, 1.0000]  x
  joint_angles           = [-0.0001, 1.0198, -0.0001, -1.2714, 0.0001, 2.2913, 0.7852]  x
  joint_velocities       = [0.0000, -0.0000, -0.0000, -0.0001, 0.0000, 0.0000, -0.0000]  x
  cube_rotation          = [3.1416, 0.0000, -0.3033]  x
  cube_linear_velocity   = [-0.0000, -0.0000, -0.0000]  x
  obstacle_positions     = {}                     x
[step=  67 01:23:36.589][Analyzer] ASM node=place_object  goal_status=not_applicable
[step=  67 01:23:36.593][DejaVu] {'status': 'ok', 'unanticipated': True}
[step=  68 01:23:37.705][Manager] ep=1 subtask=PLACE_OBJECT reward=-0.4143
[step=  68 01:23:37.705][Perception]
  RAW PERCEPTION                                  MONITORED PARAMS
  ----------------------------------------------  --------------------------------------
  fingers_width         = 0.0800 m                gripper_width_cm      = 7 cm
  dist_ee_to_cube       = 0.4078 m                distance_ee_object_cm = 38 cm
  dist_cube_to_target   = 0.4143 m  (3D)          distance_obj_goal_cm  = 41 cm  (XY)
  cube_position (z)     = 0.0200 m                object_lift_height_cm = 0 cm
  cube_position (xy)    = [-0.262, -0.044]        grasp_completed       = 0
  finger_contacts (raw) = 0                       finger_contacts       = 0
  x                                               grasp_attempts        = 1
  x                                               task_started          = 1
  x                                               object_available      = 1
  x                                               task_aborted          = 0
  episode                = 1                      x
  step                   = 68                     x
  ee_position            = [0.1434, -0.0001, 0.0248]  x
  ee_velocity            = [-0.0000, -0.0000, -0.0000]  x
  target_position        = [0.1500, 0.0000, 0.0200]  x
  reward                 = -0.4143                x
  is_success             = False                  x
  obstacle_in_path       = False                  x
  obstacle_count_in_path = 0                      x
  obstacles              = {}                     x
  objects                = {'object_1': {'type': 'box', 'size': [0.04, 0.04, 0.04], 'mass': 1.0, 'color': [0.1, 0.2, 0.9, 1.0], 'initial_position': [-0.25, 0.0, 0.02], 'lateral_friction': 0.14, 'spinning_friction': 0.001, 'current_position': [-0.2619922955061375, -0.04392423428195805, 0.019989872941151298]}}  x
  scripts                = {'script_1': True, 'reach_only': True, 'left_right': True}  x
  target_goal            = {'type': 'goal_sequence', 'targets': [{'name': 'target', 'position': [0.15000000596046448, 0.0, 0.019999999552965164]}], 'mode': 'goal_sequence'}  x
  scene                  = {'table': {'length': 1.1, 'width': 0.7, 'height': 0.4, 'x_offset': -0.3, 'lateral_friction': 3.0, 'spinning_friction': 0.001}}  x
  robot_config           = {'control_type': 'ee', 'block_gripper': False, 'base_position': [-0.6, 0.0, 0.05]}  x
  current_task           = OBJECT_DELIVERY_SEQUENCE  x
  current_subtask        = PLACE_OBJECT           x
  active_target_name     = target                 x
  action                 = [0.0000, 0.0000, 0.0000, 1.0000]  x
  joint_angles           = [-0.0001, 1.0198, -0.0001, -1.2715, 0.0001, 2.2913, 0.7852]  x
  joint_velocities       = [0.0000, -0.0000, -0.0000, -0.0001, 0.0000, 0.0000, -0.0000]  x
  cube_rotation          = [3.1416, 0.0000, -0.3033]  x
  cube_linear_velocity   = [-0.0000, -0.0000, -0.0000]  x
  obstacle_positions     = {}                     x
[step=  68 01:23:37.708][Analyzer] ASM node=place_object  goal_status=not_applicable
[step=  68 01:23:37.710][DejaVu] {'status': 'ok', 'unanticipated': True}
[step=  69 01:23:38.892][Manager] ep=1 subtask=PLACE_OBJECT reward=-0.4143
[step=  69 01:23:38.895][Perception]
  RAW PERCEPTION                                  MONITORED PARAMS
  ----------------------------------------------  --------------------------------------
  fingers_width         = 0.0800 m                gripper_width_cm      = 7 cm
  dist_ee_to_cube       = 0.4078 m                distance_ee_object_cm = 38 cm
  dist_cube_to_target   = 0.4143 m  (3D)          distance_obj_goal_cm  = 41 cm  (XY)
  cube_position (z)     = 0.0200 m                object_lift_height_cm = 0 cm
  cube_position (xy)    = [-0.262, -0.044]        grasp_completed       = 0
  finger_contacts (raw) = 0                       finger_contacts       = 0
  x                                               grasp_attempts        = 1
  x                                               task_started          = 1
  x                                               object_available      = 1
  x                                               task_aborted          = 0
  episode                = 1                      x
  step                   = 69                     x
  ee_position            = [0.1434, -0.0001, 0.0248]  x
  ee_velocity            = [-0.0000, -0.0000, -0.0000]  x
  target_position        = [0.1500, 0.0000, 0.0200]  x
  reward                 = -0.4143                x
  is_success             = True                   x
  obstacle_in_path       = False                  x
  obstacle_count_in_path = 0                      x
  obstacles              = {}                     x
  objects                = {'object_1': {'type': 'box', 'size': [0.04, 0.04, 0.04], 'mass': 1.0, 'color': [0.1, 0.2, 0.9, 1.0], 'initial_position': [-0.25, 0.0, 0.02], 'lateral_friction': 0.14, 'spinning_friction': 0.001, 'current_position': [-0.26199240956214226, -0.043924369414421335, 0.019989872941059826]}}  x
  scripts                = {'script_1': True, 'reach_only': True, 'left_right': True}  x
  target_goal            = {'type': 'goal_sequence', 'targets': [{'name': 'target', 'position': [0.15000000596046448, 0.0, 0.019999999552965164]}], 'mode': 'goal_sequence'}  x
  scene                  = {'table': {'length': 1.1, 'width': 0.7, 'height': 0.4, 'x_offset': -0.3, 'lateral_friction': 3.0, 'spinning_friction': 0.001}}  x
  robot_config           = {'control_type': 'ee', 'block_gripper': False, 'base_position': [-0.6, 0.0, 0.05]}  x
  current_task           = OBJECT_DELIVERY_SEQUENCE  x
  current_subtask        = PLACE_OBJECT           x
  active_target_name     = target                 x
  action                 = [0.0000, 0.0000, 0.0000, 0.0000]  x
  joint_angles           = [-0.0001, 1.0198, -0.0001, -1.2715, 0.0001, 2.2913, 0.7852]  x
  joint_velocities       = [0.0000, -0.0000, -0.0000, -0.0001, 0.0000, 0.0000, -0.0000]  x
  cube_rotation          = [3.1416, 0.0000, -0.3033]  x
  cube_linear_velocity   = [-0.0000, -0.0000, -0.0000]  x
  obstacle_positions     = {}                     x
[step=  69 01:23:38.899][Analyzer] ASM node=place_object  goal_status=not_applicable
[step=  69 01:23:38.902][DejaVu] {'status': 'ok', 'unanticipated': True}
