[Trace] Gravando em: C:\Users\lucas_alves\Workspace\self-adaptive-arm-simulator\1-manager\traces\trace_20260725_011420.log
[step=   0 01:14:20.495][Manager] MOCK ativo: {'enabled': True, 'finger_contacts': 1}
[step=   0 01:14:21.267][Manager] GUI conectado.
[step=   0 01:14:22.769][Manager] Aguardando percepcoes do managing...

[step=   0 01:14:22.784][WsClient] Conectado a ws://localhost:8000/ws/perception
[step=   1 01:14:22.810][Manager] ep=1 subtask=APPROACH_OBJECT reward=-0.4001
[step=   1 01:14:22.810][Manager][MOCK] finger_contacts forçado para 1 (grasp_attempts=0)
[step=   1 01:14:22.815][Perception]
  RAW PERCEPTION                                  MONITORED PARAMS
  ----------------------------------------------  --------------------------------------
  fingers_width         = 0.0703 m                gripper_width_cm      = 7 cm
  dist_ee_to_cube       = 0.3152 m                distance_ee_object_cm = 31 cm
  dist_cube_to_target   = 0.4001 m  (3D)          distance_obj_goal_cm  = 40 cm  (XY)
  cube_position (z)     = 0.0118 m                object_lift_height_cm = 0 cm
  cube_position (xy)    = [-0.250, 0.000]         grasp_completed       = 0
  target_position (xy)  = [0.150, 0.000]          finger_contacts       = 1
  x                                               grasp_attempts        = 0
  episode                = 1                      x
  step                   = 1                      x
  ee_position            = [0.0095, 0.0000, 0.1906]  x
  ee_velocity            = [-0.4160, 0.0005, -0.0497]  x
  reward                 = -0.4001                x
  is_success             = False                  x
  obstacle_in_path       = False                  x
  obstacle_count_in_path = 0                      x
  obstacles              = {}                     x
  objects                = {'object_1': {'type': 'box', 'size': [0.045, 0.03, 0.02], 'mass': 10.0, 'color': [0.1, 0.2, 0.9, 1.0], 'initial_position': [-0.25, 0.0, 0.02], 'lateral_friction': 0.5, 'spinning_friction': 0.001, 'current_position': [-0.25, 0.0, 0.011764591277502493]}}  x
  scripts                = {'script_1': True, 'reach_only': True, 'left_right': True}  x
  target_goal            = {'type': 'goal_sequence', 'targets': [{'name': 'target', 'position': [0.15000000596046448, 0.0, 0.019999999552965164]}], 'mode': 'goal_sequence'}  x
  scene                  = {'table': {'length': 1.1, 'width': 0.7, 'height': 0.4, 'x_offset': -0.3, 'lateral_friction': 3.0, 'spinning_friction': 0.001}}  x
  robot_config           = {'control_type': 'ee', 'block_gripper': False, 'base_position': [-0.6, 0.0, 0.05]}  x
  current_task           = OBJECT_DELIVERY_SEQUENCE  x
  current_subtask        = APPROACH_OBJECT        x
  active_target_name     = target                 x
  action                 = [-0.9839, 0.0000, -0.1787, 1.0000]  x
  joint_angles           = [-0.0006, 0.3402, 0.0006, -1.9788, -0.0003, 2.3185, 0.7862]  x
  joint_velocities       = [-0.0043, -0.9484, 0.0052, -1.5662, -0.0026, 0.4502, -0.0295]  x
  cube_rotation          = [0.0000, -0.0000, 0.0000]  x
  cube_linear_velocity   = [0.0000, 0.0000, -0.3920]  x
  obstacle_positions     = {}                     x
[step=   1 01:14:22.817][ASM] [OK] __init__ → approach_object  (type=domain)
[step=   1 01:14:22.817][Analyzer] ASM node=approach_object  goal_status=ok  (scenario=APPROACH_OBJECT)
[step=   2 01:14:23.952][Manager] ep=1 subtask=APPROACH_OBJECT reward=-0.4001
[step=   2 01:14:23.953][Manager][MOCK] finger_contacts forçado para 1 (grasp_attempts=0)
[step=   2 01:14:23.953][Perception]
  RAW PERCEPTION                                  MONITORED PARAMS
  ----------------------------------------------  --------------------------------------
  fingers_width         = 0.0788 m                gripper_width_cm      = 7 cm
  dist_ee_to_cube       = 0.2861 m                distance_ee_object_cm = 28 cm
  dist_cube_to_target   = 0.4001 m  (3D)          distance_obj_goal_cm  = 40 cm  (XY)
  cube_position (z)     = 0.0098 m                object_lift_height_cm = 0 cm
  cube_position (xy)    = [-0.250, -0.000]        grasp_completed       = 0
  target_position (xy)  = [0.150, 0.000]          finger_contacts       = 1
  x                                               grasp_attempts        = 0
  episode                = 1                      x
  step                   = 2                      x
  ee_position            = [-0.0223, 0.0000, 0.1830]  x
  ee_velocity            = [-0.3646, 0.0001, -0.0907]  x
  reward                 = -0.4001                x
  is_success             = False                  x
  obstacle_in_path       = False                  x
  obstacle_count_in_path = 0                      x
  obstacles              = {}                     x
  objects                = {'object_1': {'type': 'box', 'size': [0.045, 0.03, 0.02], 'mass': 10.0, 'color': [0.1, 0.2, 0.9, 1.0], 'initial_position': [-0.25, 0.0, 0.02], 'lateral_friction': 0.5, 'spinning_friction': 0.001, 'current_position': [-0.2500002668900512, -1.3935895528371098e-07, 0.009793600695238469]}}  x
  scripts                = {'script_1': True, 'reach_only': True, 'left_right': True}  x
  target_goal            = {'type': 'goal_sequence', 'targets': [{'name': 'target', 'position': [0.15000000596046448, 0.0, 0.019999999552965164]}], 'mode': 'goal_sequence'}  x
  scene                  = {'table': {'length': 1.1, 'width': 0.7, 'height': 0.4, 'x_offset': -0.3, 'lateral_friction': 3.0, 'spinning_friction': 0.001}}  x
  robot_config           = {'control_type': 'ee', 'block_gripper': False, 'base_position': [-0.6, 0.0, 0.05]}  x
  current_task           = OBJECT_DELIVERY_SEQUENCE  x
  current_subtask        = APPROACH_OBJECT        x
  active_target_name     = target                 x
  action                 = [-0.9791, -0.0000, -0.2032, 1.0000]  x
  joint_angles           = [-0.0006, 0.2708, 0.0007, -2.1078, -0.0003, 2.3783, 0.7857]  x
  joint_velocities       = [-0.0007, -0.7150, 0.0008, -1.3163, 0.0000, 0.4595, -0.0038]  x
  cube_rotation          = [0.0000, -0.0000, 0.0000]  x
  cube_linear_velocity   = [-0.0000, 0.0000, 0.0086]  x
  obstacle_positions     = {}                     x
[step=   2 01:14:23.956][Analyzer] ASM node=approach_object  goal_status=not_applicable
[step=   3 01:14:25.100][Manager] ep=1 subtask=APPROACH_OBJECT reward=-0.4001
[step=   3 01:14:25.100][Manager][MOCK] finger_contacts forçado para 1 (grasp_attempts=0)
[step=   3 01:14:25.100][Perception]
  RAW PERCEPTION                                  MONITORED PARAMS
  ----------------------------------------------  --------------------------------------
  fingers_width         = 0.0799 m                gripper_width_cm      = 7 cm
  dist_ee_to_cube       = 0.2553 m                distance_ee_object_cm = 25 cm
  dist_cube_to_target   = 0.4001 m  (3D)          distance_obj_goal_cm  = 40 cm  (XY)
  cube_position (z)     = 0.0100 m                object_lift_height_cm = 0 cm
  cube_position (xy)    = [-0.250, 0.000]         grasp_completed       = 0
  target_position (xy)  = [0.150, 0.000]          finger_contacts       = 1
  x                                               grasp_attempts        = 0
  episode                = 1                      x
  step                   = 3                      x
  ee_position            = [-0.0551, 0.0000, 0.1748]  x
  ee_velocity            = [-0.3917, 0.0002, -0.0906]  x
  reward                 = -0.4001                x
  is_success             = False                  x
  obstacle_in_path       = False                  x
  obstacle_count_in_path = 0                      x
  obstacles              = {}                     x
  objects                = {'object_1': {'type': 'box', 'size': [0.045, 0.03, 0.02], 'mass': 10.0, 'color': [0.1, 0.2, 0.9, 1.0], 'initial_position': [-0.25, 0.0, 0.02], 'lateral_friction': 0.5, 'spinning_friction': 0.001, 'current_position': [-0.2500004926223231, 3.302827232121232e-08, 0.009953496111979885]}}  x
  scripts                = {'script_1': True, 'reach_only': True, 'left_right': True}  x
  target_goal            = {'type': 'goal_sequence', 'targets': [{'name': 'target', 'position': [0.15000000596046448, 0.0, 0.019999999552965164]}], 'mode': 'goal_sequence'}  x
  scene                  = {'table': {'length': 1.1, 'width': 0.7, 'height': 0.4, 'x_offset': -0.3, 'lateral_friction': 3.0, 'spinning_friction': 0.001}}  x
  robot_config           = {'control_type': 'ee', 'block_gripper': False, 'base_position': [-0.6, 0.0, 0.05]}  x
  current_task           = OBJECT_DELIVERY_SEQUENCE  x
  current_subtask        = APPROACH_OBJECT        x
  active_target_name     = target                 x
  action                 = [-0.9783, -0.0001, -0.2072, 1.0000]  x
  joint_angles           = [-0.0007, 0.2033, 0.0007, -2.2340, -0.0002, 2.4374, 0.7856]  x
  joint_velocities       = [-0.0002, -0.7469, 0.0006, -1.3438, 0.0003, 0.4543, -0.0006]  x
  cube_rotation          = [0.0000, -0.0000, 0.0000]  x
  cube_linear_velocity   = [-0.0000, 0.0000, 0.0016]  x
  obstacle_positions     = {}                     x
[step=   3 01:14:25.103][Analyzer] ASM node=approach_object  goal_status=not_applicable
[step=   4 01:14:26.245][Manager] ep=1 subtask=APPROACH_OBJECT reward=-0.4001
[step=   4 01:14:26.246][Manager][MOCK] finger_contacts forçado para 1 (grasp_attempts=0)
[step=   4 01:14:26.246][Perception]
  RAW PERCEPTION                                  MONITORED PARAMS
  ----------------------------------------------  --------------------------------------
  fingers_width         = 0.0800 m                gripper_width_cm      = 7 cm
  dist_ee_to_cube       = 0.2246 m                distance_ee_object_cm = 22 cm
  dist_cube_to_target   = 0.4001 m  (3D)          distance_obj_goal_cm  = 40 cm  (XY)
  cube_position (z)     = 0.0100 m                object_lift_height_cm = 0 cm
  cube_position (xy)    = [-0.250, 0.000]         grasp_completed       = 0
  target_position (xy)  = [0.150, 0.000]          finger_contacts       = 1
  x                                               grasp_attempts        = 0
  episode                = 1                      x
  step                   = 4                      x
  ee_position            = [-0.0890, 0.0001, 0.1666]  x
  ee_velocity            = [-0.3967, 0.0003, -0.0883]  x
  reward                 = -0.4001                x
  is_success             = False                  x
  obstacle_in_path       = False                  x
  obstacle_count_in_path = 0                      x
  obstacles              = {}                     x
  objects                = {'object_1': {'type': 'box', 'size': [0.045, 0.03, 0.02], 'mass': 10.0, 'color': [0.1, 0.2, 0.9, 1.0], 'initial_position': [-0.25, 0.0, 0.02], 'lateral_friction': 0.5, 'spinning_friction': 0.001, 'current_position': [-0.2500006872799741, 3.041428428992171e-07, 0.009983673779230654]}}  x
  scripts                = {'script_1': True, 'reach_only': True, 'left_right': True}  x
  target_goal            = {'type': 'goal_sequence', 'targets': [{'name': 'target', 'position': [0.15000000596046448, 0.0, 0.019999999552965164]}], 'mode': 'goal_sequence'}  x
  scene                  = {'table': {'length': 1.1, 'width': 0.7, 'height': 0.4, 'x_offset': -0.3, 'lateral_friction': 3.0, 'spinning_friction': 0.001}}  x
  robot_config           = {'control_type': 'ee', 'block_gripper': False, 'base_position': [-0.6, 0.0, 0.05]}  x
  current_task           = OBJECT_DELIVERY_SEQUENCE  x
  current_subtask        = APPROACH_OBJECT        x
  active_target_name     = target                 x
  action                 = [-0.9797, -0.0002, -0.2004, 1.0000]  x
  joint_angles           = [-0.0007, 0.1363, 0.0008, -2.3577, -0.0002, 2.4943, 0.7856]  x
  joint_velocities       = [-0.0002, -0.7402, 0.0007, -1.3082, 0.0004, 0.4379, -0.0002]  x
  cube_rotation          = [0.0001, -0.0000, 0.0000]  x
  cube_linear_velocity   = [-0.0000, 0.0000, 0.0003]  x
  obstacle_positions     = {}                     x
[step=   4 01:14:26.248][Analyzer] ASM node=approach_object  goal_status=not_applicable
[step=   5 01:14:27.393][Manager] ep=1 subtask=APPROACH_OBJECT reward=-0.4001
[step=   5 01:14:27.393][Manager][MOCK] finger_contacts forçado para 1 (grasp_attempts=0)
[step=   5 01:14:27.393][Perception]
  RAW PERCEPTION                                  MONITORED PARAMS
  ----------------------------------------------  --------------------------------------
  fingers_width         = 0.0800 m                gripper_width_cm      = 7 cm
  dist_ee_to_cube       = 0.1945 m                distance_ee_object_cm = 19 cm
  dist_cube_to_target   = 0.4001 m  (3D)          distance_obj_goal_cm  = 40 cm  (XY)
  cube_position (z)     = 0.0100 m                object_lift_height_cm = 0 cm
  cube_position (xy)    = [-0.250, 0.000]         grasp_completed       = 0
  target_position (xy)  = [0.150, 0.000]          finger_contacts       = 1
  x                                               grasp_attempts        = 0
  episode                = 1                      x
  step                   = 5                      x
  ee_position            = [-0.1240, 0.0001, 0.1581]  x
  ee_velocity            = [-0.3921, 0.0007, -0.0789]  x
  reward                 = -0.4001                x
  is_success             = False                  x
  obstacle_in_path       = False                  x
  obstacle_count_in_path = 0                      x
  obstacles              = {}                     x
  objects                = {'object_1': {'type': 'box', 'size': [0.045, 0.03, 0.02], 'mass': 10.0, 'color': [0.1, 0.2, 0.9, 1.0], 'initial_position': [-0.25, 0.0, 0.02], 'lateral_friction': 0.5, 'spinning_friction': 0.001, 'current_position': [-0.25000082630655907, 7.24669187955349e-07, 0.009989287317638014]}}  x
  scripts                = {'script_1': True, 'reach_only': True, 'left_right': True}  x
  target_goal            = {'type': 'goal_sequence', 'targets': [{'name': 'target', 'position': [0.15000000596046448, 0.0, 0.019999999552965164]}], 'mode': 'goal_sequence'}  x
  scene                  = {'table': {'length': 1.1, 'width': 0.7, 'height': 0.4, 'x_offset': -0.3, 'lateral_friction': 3.0, 'spinning_friction': 0.001}}  x
  robot_config           = {'control_type': 'ee', 'block_gripper': False, 'base_position': [-0.6, 0.0, 0.05]}  x
  current_task           = OBJECT_DELIVERY_SEQUENCE  x
  current_subtask        = APPROACH_OBJECT        x
  active_target_name     = target                 x
  action                 = [-0.9813, -0.0003, -0.1925, 1.0000]  x
  joint_angles           = [-0.0007, 0.0699, 0.0008, -2.4794, -0.0001, 2.5493, 0.7856]  x
  joint_velocities       = [-0.0001, -0.7404, 0.0017, -1.2617, 0.0005, 0.4229, -0.0002]  x
  cube_rotation          = [0.0000, -0.0000, 0.0000]  x
  cube_linear_velocity   = [0.0000, 0.0000, 0.0000]  x
  obstacle_positions     = {}                     x
[step=   5 01:14:27.396][Analyzer] ASM node=approach_object  goal_status=not_applicable
[step=   6 01:14:28.540][Manager] ep=1 subtask=APPROACH_OBJECT reward=-0.4001
[step=   6 01:14:28.540][Manager][MOCK] finger_contacts forçado para 1 (grasp_attempts=0)
[step=   6 01:14:28.541][Perception]
  RAW PERCEPTION                                  MONITORED PARAMS
  ----------------------------------------------  --------------------------------------
  fingers_width         = 0.0800 m                gripper_width_cm      = 7 cm
  dist_ee_to_cube       = 0.1665 m                distance_ee_object_cm = 16 cm
  dist_cube_to_target   = 0.4001 m  (3D)          distance_obj_goal_cm  = 40 cm  (XY)
  cube_position (z)     = 0.0100 m                object_lift_height_cm = 0 cm
  cube_position (xy)    = [-0.250, 0.000]         grasp_completed       = 0
  target_position (xy)  = [0.150, 0.000]          finger_contacts       = 1
  x                                               grasp_attempts        = 0
  episode                = 1                      x
  step                   = 6                      x
  ee_position            = [-0.1596, 0.0001, 0.1498]  x
  ee_velocity            = [-0.4254, 0.0008, -0.0990]  x
  reward                 = -0.4001                x
  is_success             = False                  x
  obstacle_in_path       = False                  x
  obstacle_count_in_path = 0                      x
  obstacles              = {}                     x
  objects                = {'object_1': {'type': 'box', 'size': [0.045, 0.03, 0.02], 'mass': 10.0, 'color': [0.1, 0.2, 0.9, 1.0], 'initial_position': [-0.25, 0.0, 0.02], 'lateral_friction': 0.5, 'spinning_friction': 0.001, 'current_position': [-0.2500009006069605, 1.3682955281602097e-06, 0.009990041713714185]}}  x
  scripts                = {'script_1': True, 'reach_only': True, 'left_right': True}  x
  target_goal            = {'type': 'goal_sequence', 'targets': [{'name': 'target', 'position': [0.15000000596046448, 0.0, 0.019999999552965164]}], 'mode': 'goal_sequence'}  x
  scene                  = {'table': {'length': 1.1, 'width': 0.7, 'height': 0.4, 'x_offset': -0.3, 'lateral_friction': 3.0, 'spinning_friction': 0.001}}  x
  robot_config           = {'control_type': 'ee', 'block_gripper': False, 'base_position': [-0.6, 0.0, 0.05]}  x
  current_task           = OBJECT_DELIVERY_SEQUENCE  x
  current_subtask        = APPROACH_OBJECT        x
  active_target_name     = target                 x
  action                 = [-0.9836, -0.0005, -0.1804, 1.0000]  x
  joint_angles           = [-0.0007, 0.0034, 0.0009, -2.5990, -0.0000, 2.6025, 0.7855]  x
  joint_velocities       = [-0.0001, -0.7461, 0.0022, -1.3000, 0.0007, 0.4087, -0.0004]  x
  cube_rotation          = [0.0000, -0.0000, 0.0000]  x
  cube_linear_velocity   = [-0.0000, 0.0000, 0.0000]  x
  obstacle_positions     = {}                     x
[step=   6 01:14:28.545][Analyzer] ASM node=approach_object  goal_status=not_applicable
[step=   7 01:14:29.687][Manager] ep=1 subtask=APPROACH_OBJECT reward=-0.4001
[step=   7 01:14:29.687][Manager][MOCK] finger_contacts forçado para 1 (grasp_attempts=0)
[step=   7 01:14:29.687][Perception]
  RAW PERCEPTION                                  MONITORED PARAMS
  ----------------------------------------------  --------------------------------------
  fingers_width         = 0.0800 m                gripper_width_cm      = 7 cm
  dist_ee_to_cube       = 0.1419 m                distance_ee_object_cm = 14 cm
  dist_cube_to_target   = 0.4001 m  (3D)          distance_obj_goal_cm  = 40 cm  (XY)
  cube_position (z)     = 0.0100 m                object_lift_height_cm = 0 cm
  cube_position (xy)    = [-0.250, 0.000]         grasp_completed       = 0
  target_position (xy)  = [0.150, 0.000]          finger_contacts       = 1
  x                                               grasp_attempts        = 0
  episode                = 1                      x
  step                   = 7                      x
  ee_position            = [-0.1962, 0.0001, 0.1413]  x
  ee_velocity            = [-0.4646, 0.0004, -0.1195]  x
  reward                 = -0.4001                x
  is_success             = False                  x
  obstacle_in_path       = False                  x
  obstacle_count_in_path = 0                      x
  obstacles              = {}                     x
  objects                = {'object_1': {'type': 'box', 'size': [0.045, 0.03, 0.02], 'mass': 10.0, 'color': [0.1, 0.2, 0.9, 1.0], 'initial_position': [-0.25, 0.0, 0.02], 'lateral_friction': 0.5, 'spinning_friction': 0.001, 'current_position': [-0.25000108519544967, 1.6684144918771201e-06, 0.009990043041958253]}}  x
  scripts                = {'script_1': True, 'reach_only': True, 'left_right': True}  x
  target_goal            = {'type': 'goal_sequence', 'targets': [{'name': 'target', 'position': [0.15000000596046448, 0.0, 0.019999999552965164]}], 'mode': 'goal_sequence'}  x
  scene                  = {'table': {'length': 1.1, 'width': 0.7, 'height': 0.4, 'x_offset': -0.3, 'lateral_friction': 3.0, 'spinning_friction': 0.001}}  x
  robot_config           = {'control_type': 'ee', 'block_gripper': False, 'base_position': [-0.6, 0.0, 0.05]}  x
  current_task           = OBJECT_DELIVERY_SEQUENCE  x
  current_subtask        = APPROACH_OBJECT        x
  active_target_name     = target                 x
  action                 = [-0.9869, -0.0007, -0.1615, 1.0000]  x
  joint_angles           = [-0.0007, -0.0640, 0.0009, -2.7175, 0.0001, 2.6524, 0.7854]  x
  joint_velocities       = [-0.0000, -0.7628, 0.0017, -1.3510, 0.0009, 0.3840, -0.0007]  x
  cube_rotation          = [0.0000, -0.0000, 0.0000]  x
  cube_linear_velocity   = [-0.0000, 0.0000, -0.0000]  x
  obstacle_positions     = {}                     x
[step=   7 01:14:29.691][Analyzer] ASM node=approach_object  goal_status=not_applicable
[step=   8 01:14:30.834][Manager] ep=1 subtask=APPROACH_OBJECT reward=-0.4001
[step=   8 01:14:30.834][Manager][MOCK] finger_contacts forçado para 1 (grasp_attempts=0)
[step=   8 01:14:30.834][Perception]
  RAW PERCEPTION                                  MONITORED PARAMS
  ----------------------------------------------  --------------------------------------
  fingers_width         = 0.0800 m                gripper_width_cm      = 7 cm
  dist_ee_to_cube       = 0.1246 m                distance_ee_object_cm = 12 cm
  dist_cube_to_target   = 0.4001 m  (3D)          distance_obj_goal_cm  = 40 cm  (XY)
  cube_position (z)     = 0.0100 m                object_lift_height_cm = 0 cm
  cube_position (xy)    = [-0.250, 0.000]         grasp_completed       = 0
  target_position (xy)  = [0.150, 0.000]          finger_contacts       = 1
  x                                               grasp_attempts        = 0
  episode                = 1                      x
  step                   = 8                      x
  ee_position            = [-0.2335, 0.0000, 0.1335]  x
  ee_velocity            = [-0.4720, -0.0000, -0.1100]  x
  reward                 = -0.4001                x
  is_success             = False                  x
  obstacle_in_path       = False                  x
  obstacle_count_in_path = 0                      x
  obstacles              = {}                     x
  objects                = {'object_1': {'type': 'box', 'size': [0.045, 0.03, 0.02], 'mass': 10.0, 'color': [0.1, 0.2, 0.9, 1.0], 'initial_position': [-0.25, 0.0, 0.02], 'lateral_friction': 0.5, 'spinning_friction': 0.001, 'current_position': [-0.25000127057537036, 1.9682346314428907e-06, 0.009990043041826413]}}  x
  scripts                = {'script_1': True, 'reach_only': True, 'left_right': True}  x
  target_goal            = {'type': 'goal_sequence', 'targets': [{'name': 'target', 'position': [0.15000000596046448, 0.0, 0.019999999552965164]}], 'mode': 'goal_sequence'}  x
  scene                  = {'table': {'length': 1.1, 'width': 0.7, 'height': 0.4, 'x_offset': -0.3, 'lateral_friction': 3.0, 'spinning_friction': 0.001}}  x
  robot_config           = {'control_type': 'ee', 'block_gripper': False, 'base_position': [-0.6, 0.0, 0.05]}  x
  current_task           = OBJECT_DELIVERY_SEQUENCE  x
  current_subtask        = APPROACH_OBJECT        x
  active_target_name     = target                 x
  action                 = [-0.9932, -0.0010, -0.1168, 1.0000]  x
  joint_angles           = [-0.0007, -0.1353, 0.0009, -2.8349, 0.0002, 2.6976, 0.7853]  x
  joint_velocities       = [0.0001, -0.8283, 0.0007, -1.3571, 0.0010, 0.3470, -0.0011]  x
  cube_rotation          = [0.0000, -0.0000, 0.0000]  x
  cube_linear_velocity   = [-0.0000, 0.0000, -0.0000]  x
  obstacle_positions     = {}                     x
[step=   8 01:14:30.837][Analyzer] ASM node=approach_object  goal_status=not_applicable
[step=   9 01:14:32.006][Manager] ep=1 subtask=APPROACH_OBJECT reward=-0.4001
[step=   9 01:14:32.006][Manager][MOCK] finger_contacts forçado para 1 (grasp_attempts=0)
[step=   9 01:14:32.007][Perception]
  RAW PERCEPTION                                  MONITORED PARAMS
  ----------------------------------------------  --------------------------------------
  fingers_width         = 0.0800 m                gripper_width_cm      = 7 cm
  dist_ee_to_cube       = 0.1214 m                distance_ee_object_cm = 12 cm
  dist_cube_to_target   = 0.4001 m  (3D)          distance_obj_goal_cm  = 40 cm  (XY)
  cube_position (z)     = 0.0100 m                object_lift_height_cm = 0 cm
  cube_position (xy)    = [-0.250, 0.000]         grasp_completed       = 0
  target_position (xy)  = [0.150, 0.000]          finger_contacts       = 1
  x                                               grasp_attempts        = 0
  episode                = 1                      x
  step                   = 9                      x
  ee_position            = [-0.2717, -0.0000, 0.1294]  x
  ee_velocity            = [-0.4055, -0.0003, -0.0033]  x
  reward                 = -0.4001                x
  is_success             = False                  x
  obstacle_in_path       = False                  x
  obstacle_count_in_path = 0                      x
  obstacles              = {}                     x
  objects                = {'object_1': {'type': 'box', 'size': [0.045, 0.03, 0.02], 'mass': 10.0, 'color': [0.1, 0.2, 0.9, 1.0], 'initial_position': [-0.25, 0.0, 0.02], 'lateral_friction': 0.5, 'spinning_friction': 0.001, 'current_position': [-0.25000145595847756, 2.268051977550543e-06, 0.009990043041694298]}}  x
  scripts                = {'script_1': True, 'reach_only': True, 'left_right': True}  x
  target_goal            = {'type': 'goal_sequence', 'targets': [{'name': 'target', 'position': [0.15000000596046448, 0.0, 0.019999999552965164]}], 'mode': 'goal_sequence'}  x
  scene                  = {'table': {'length': 1.1, 'width': 0.7, 'height': 0.4, 'x_offset': -0.3, 'lateral_friction': 3.0, 'spinning_friction': 0.001}}  x
  robot_config           = {'control_type': 'ee', 'block_gripper': False, 'base_position': [-0.6, 0.0, 0.05]}  x
  current_task           = OBJECT_DELIVERY_SEQUENCE  x
  current_subtask        = APPROACH_OBJECT        x
  active_target_name     = target                 x
  action                 = [-0.9957, -0.0013, 0.0922, 1.0000]  x
  joint_angles           = [-0.0007, -0.2256, 0.0007, -2.9491, 0.0004, 2.7163, 0.7851]  x
  joint_velocities       = [0.0001, -1.1958, -0.0005, -1.2820, 0.0010, 0.1438, -0.0017]  x
  cube_rotation          = [0.0000, -0.0000, 0.0000]  x
  cube_linear_velocity   = [-0.0000, 0.0000, -0.0000]  x
  obstacle_positions     = {}                     x
[step=   9 01:14:32.010][Analyzer] ASM node=approach_object  goal_status=not_applicable
[step=  10 01:14:33.128][Manager] ep=1 subtask=APPROACH_OBJECT reward=-0.4001
[step=  10 01:14:33.128][Manager][MOCK] finger_contacts forçado para 1 (grasp_attempts=0)
[step=  10 01:14:33.128][Perception]
  RAW PERCEPTION                                  MONITORED PARAMS
  ----------------------------------------------  --------------------------------------
  fingers_width         = 0.0800 m                gripper_width_cm      = 7 cm
  dist_ee_to_cube       = 0.1068 m                distance_ee_object_cm = 10 cm
  dist_cube_to_target   = 0.4001 m  (3D)          distance_obj_goal_cm  = 40 cm  (XY)
  cube_position (z)     = 0.0100 m                object_lift_height_cm = 0 cm
  cube_position (xy)    = [-0.250, 0.000]         grasp_completed       = 0
  target_position (xy)  = [0.150, 0.000]          finger_contacts       = 1
  x                                               grasp_attempts        = 0
  episode                = 1                      x
  step                   = 10                     x
  ee_position            = [-0.2597, -0.0000, 0.1164]  x
  ee_velocity            = [-0.3615, 0.0004, -0.9847]  x
  reward                 = -0.4001                x
  is_success             = False                  x
  obstacle_in_path       = False                  x
  obstacle_count_in_path = 0                      x
  obstacles              = {}                     x
  objects                = {'object_1': {'type': 'box', 'size': [0.045, 0.03, 0.02], 'mass': 10.0, 'color': [0.1, 0.2, 0.9, 1.0], 'initial_position': [-0.25, 0.0, 0.02], 'lateral_friction': 0.5, 'spinning_friction': 0.001, 'current_position': [-0.25000164134477126, 2.5678665299672896e-06, 0.009990043041562164]}}  x
  scripts                = {'script_1': True, 'reach_only': True, 'left_right': True}  x
  target_goal            = {'type': 'goal_sequence', 'targets': [{'name': 'target', 'position': [0.15000000596046448, 0.0, 0.019999999552965164]}], 'mode': 'goal_sequence'}  x
  scene                  = {'table': {'length': 1.1, 'width': 0.7, 'height': 0.4, 'x_offset': -0.3, 'lateral_friction': 3.0, 'spinning_friction': 0.001}}  x
  robot_config           = {'control_type': 'ee', 'block_gripper': False, 'base_position': [-0.6, 0.0, 0.05]}  x
  current_task           = OBJECT_DELIVERY_SEQUENCE  x
  current_subtask        = APPROACH_OBJECT        x
  active_target_name     = target                 x
  action                 = [0.2241, 0.0003, -0.9746, 1.0000]  x
  joint_angles           = [-0.0007, -0.1392, 0.0008, -2.9388, 0.0003, 2.8340, 0.7851]  x
  joint_velocities       = [-0.0003, 3.4887, -0.0001, 0.3825, -0.0006, 0.9048, 0.0006]  x
  cube_rotation          = [0.0000, -0.0000, 0.0000]  x
  cube_linear_velocity   = [-0.0000, 0.0000, -0.0000]  x
  obstacle_positions     = {}                     x
[step=  10 01:14:33.131][Analyzer] ASM node=approach_object  goal_status=not_applicable
[step=  11 01:14:34.272][Manager] ep=1 subtask=APPROACH_OBJECT reward=-0.4001
[step=  11 01:14:34.272][Manager][MOCK] finger_contacts forçado para 1 (grasp_attempts=0)
[step=  11 01:14:34.272][Perception]
  RAW PERCEPTION                                  MONITORED PARAMS
  ----------------------------------------------  --------------------------------------
  fingers_width         = 0.0800 m                gripper_width_cm      = 7 cm
  dist_ee_to_cube       = 0.0697 m                distance_ee_object_cm = 6 cm
  dist_cube_to_target   = 0.4001 m  (3D)          distance_obj_goal_cm  = 40 cm  (XY)
  cube_position (z)     = 0.0100 m                object_lift_height_cm = 0 cm
  cube_position (xy)    = [-0.250, 0.000]         grasp_completed       = 0
  target_position (xy)  = [0.150, 0.000]          finger_contacts       = 1
  x                                               grasp_attempts        = 0
  episode                = 1                      x
  step                   = 11                     x
  ee_position            = [-0.2644, -0.0000, 0.0782]  x
  ee_velocity            = [-0.2783, 0.0004, -0.6252]  x
  reward                 = -0.4001                x
  is_success             = False                  x
  obstacle_in_path       = False                  x
  obstacle_count_in_path = 0                      x
  obstacles              = {}                     x
  objects                = {'object_1': {'type': 'box', 'size': [0.045, 0.03, 0.02], 'mass': 10.0, 'color': [0.1, 0.2, 0.9, 1.0], 'initial_position': [-0.25, 0.0, 0.02], 'lateral_friction': 0.5, 'spinning_friction': 0.001, 'current_position': [-0.25000182673425186, 2.8676782883845404e-06, 0.009990043041429995]}}  x
  scripts                = {'script_1': True, 'reach_only': True, 'left_right': True}  x
  target_goal            = {'type': 'goal_sequence', 'targets': [{'name': 'target', 'position': [0.15000000596046448, 0.0, 0.019999999552965164]}], 'mode': 'goal_sequence'}  x
  scene                  = {'table': {'length': 1.1, 'width': 0.7, 'height': 0.4, 'x_offset': -0.3, 'lateral_friction': 3.0, 'spinning_friction': 0.001}}  x
  robot_config           = {'control_type': 'ee', 'block_gripper': False, 'base_position': [-0.6, 0.0, 0.05]}  x
  current_task           = OBJECT_DELIVERY_SEQUENCE  x
  current_subtask        = APPROACH_OBJECT        x
  active_target_name     = target                 x
  action                 = [0.1184, 0.0003, -0.9930, 1.0000]  x
  joint_angles           = [-0.0008, 0.0160, 0.0007, -2.9065, 0.0001, 2.9013, 0.7852]  x
  joint_velocities       = [-0.0003, 2.2243, 0.0001, 0.3133, -0.0012, 0.5180, 0.0008]  x
  cube_rotation          = [0.0000, -0.0000, 0.0000]  x
  cube_linear_velocity   = [-0.0000, 0.0000, -0.0000]  x
  obstacle_positions     = {}                     x
[step=  11 01:14:34.276][Analyzer] ASM node=approach_object  goal_status=not_applicable
[step=  12 01:14:35.418][Manager] ep=1 subtask=APPROACH_OBJECT reward=-0.4001
[step=  12 01:14:35.419][Manager][MOCK] finger_contacts forçado para 1 (grasp_attempts=0)
[step=  12 01:14:35.419][Perception]
  RAW PERCEPTION                                  MONITORED PARAMS
  ----------------------------------------------  --------------------------------------
  fingers_width         = 0.0800 m                gripper_width_cm      = 7 cm
  dist_ee_to_cube       = 0.0382 m                distance_ee_object_cm = 3 cm
  dist_cube_to_target   = 0.4001 m  (3D)          distance_obj_goal_cm  = 40 cm  (XY)
  cube_position (z)     = 0.0100 m                object_lift_height_cm = 0 cm
  cube_position (xy)    = [-0.250, 0.000]         grasp_completed       = 0
  target_position (xy)  = [0.150, 0.000]          finger_contacts       = 1
  x                                               grasp_attempts        = 0
  episode                = 1                      x
  step                   = 12                     x
  ee_position            = [-0.2566, -0.0000, 0.0477]  x
  ee_velocity            = [-0.1912, 0.0002, -0.6046]  x
  reward                 = -0.4001                x
  is_success             = False                  x
  obstacle_in_path       = False                  x
  obstacle_count_in_path = 0                      x
  obstacles              = {}                     x
  objects                = {'object_1': {'type': 'box', 'size': [0.045, 0.03, 0.02], 'mass': 10.0, 'color': [0.1, 0.2, 0.9, 1.0], 'initial_position': [-0.25, 0.0, 0.02], 'lateral_friction': 0.5, 'spinning_friction': 0.001, 'current_position': [-0.25000185297384403, 2.9868612201734415e-06, 0.009989995540993465]}}  x
  scripts                = {'script_1': True, 'reach_only': True, 'left_right': True}  x
  target_goal            = {'type': 'goal_sequence', 'targets': [{'name': 'target', 'position': [0.15000000596046448, 0.0, 0.019999999552965164]}], 'mode': 'goal_sequence'}  x
  scene                  = {'table': {'length': 1.1, 'width': 0.7, 'height': 0.4, 'x_offset': -0.3, 'lateral_friction': 3.0, 'spinning_friction': 0.001}}  x
  robot_config           = {'control_type': 'ee', 'block_gripper': False, 'base_position': [-0.6, 0.0, 0.05]}  x
  current_task           = OBJECT_DELIVERY_SEQUENCE  x
  current_subtask        = APPROACH_OBJECT        x
  active_target_name     = target                 x
  action                 = [0.3168, 0.0004, -0.9485, 1.0000]  x
  joint_angles           = [-0.0007, 0.1609, 0.0006, -2.8648, -0.0001, 3.0098, 0.7854]  x
  joint_velocities       = [0.0006, 2.2581, -0.0013, 0.4730, -0.0021, 0.8338, 0.0012]  x
  cube_rotation          = [0.0000, -0.0000, 0.0000]  x
  cube_linear_velocity   = [0.0000, 0.0000, 0.0000]  x
  obstacle_positions     = {}                     x
[step=  12 01:14:35.422][Analyzer] ASM node=approach_object  goal_status=not_applicable
[step=  13 01:14:36.566][Manager] ep=1 subtask=GRASP_OBJECT reward=-0.4001
[step=  13 01:14:36.566][Manager][MOCK] finger_contacts forçado para 1 (grasp_attempts=0)
[step=  13 01:14:36.566][Perception]
  RAW PERCEPTION                                  MONITORED PARAMS
  ----------------------------------------------  --------------------------------------
  fingers_width         = 0.0800 m                gripper_width_cm      = 7 cm
  dist_ee_to_cube       = 0.0085 m                distance_ee_object_cm = 0 cm
  dist_cube_to_target   = 0.4001 m  (3D)          distance_obj_goal_cm  = 40 cm  (XY)
  cube_position (z)     = 0.0100 m                object_lift_height_cm = 0 cm
  cube_position (xy)    = [-0.250, 0.000]         grasp_completed       = 0
  target_position (xy)  = [0.150, 0.000]          finger_contacts       = 1
  x                                               grasp_attempts        = 0
  episode                = 1                      x
  step                   = 13                     x
  ee_position            = [-0.2442, 0.0000, 0.0162]  x
  ee_velocity            = [-0.0831, 0.0003, -0.6029]  x
  reward                 = -0.4001                x
  is_success             = False                  x
  obstacle_in_path       = False                  x
  obstacle_count_in_path = 0                      x
  obstacles              = {}                     x
  objects                = {'object_1': {'type': 'box', 'size': [0.045, 0.03, 0.02], 'mass': 10.0, 'color': [0.1, 0.2, 0.9, 1.0], 'initial_position': [-0.25, 0.0, 0.02], 'lateral_friction': 0.5, 'spinning_friction': 0.001, 'current_position': [-0.2500018513660127, 2.9868612766744304e-06, 0.009989999158615244]}}  x
  scripts                = {'script_1': True, 'reach_only': True, 'left_right': True}  x
  target_goal            = {'type': 'goal_sequence', 'targets': [{'name': 'target', 'position': [0.15000000596046448, 0.0, 0.019999999552965164]}], 'mode': 'goal_sequence'}  x
  scene                  = {'table': {'length': 1.1, 'width': 0.7, 'height': 0.4, 'x_offset': -0.3, 'lateral_friction': 3.0, 'spinning_friction': 0.001}}  x
  robot_config           = {'control_type': 'ee', 'block_gripper': False, 'base_position': [-0.6, 0.0, 0.05]}  x
  current_task           = OBJECT_DELIVERY_SEQUENCE  x
  current_subtask        = GRASP_OBJECT           x
  active_target_name     = target                 x
  action                 = [0.4621, 0.0019, -0.8868, 1.0000]  x
  joint_angles           = [-0.0003, 0.3078, 0.0003, -2.7955, -0.0003, 3.0852, 0.7856]  x
  joint_velocities       = [0.0029, 2.2741, -0.0023, 0.8670, -0.0011, 0.5800, 0.0018]  x
  cube_rotation          = [0.0000, -0.0000, 0.0000]  x
  cube_linear_velocity   = [0.0000, 0.0000, 0.0000]  x
  obstacle_positions     = {}                     x
[step=  13 01:14:36.569][ASM] [OK] approach_object → grasp_object  (type=domain)
[step=  13 01:14:36.569][Analyzer] ASM node=grasp_object  goal_status=ok  (scenario=GRASP_OBJECT)
[step=  14 01:14:37.712][Manager] ep=1 subtask=GRASP_OBJECT reward=-0.4000
[step=  14 01:14:37.713][Manager][MOCK] finger_contacts forçado para 1 (grasp_attempts=1)
[step=  14 01:14:37.713][Perception]
  RAW PERCEPTION                                  MONITORED PARAMS
  ----------------------------------------------  --------------------------------------
  fingers_width         = 0.0294 m                gripper_width_cm      = 2 cm
  dist_ee_to_cube       = 0.0019 m                distance_ee_object_cm = 0 cm
  dist_cube_to_target   = 0.4000 m  (3D)          distance_obj_goal_cm  = 39 cm  (XY)
  cube_position (z)     = 0.0108 m                object_lift_height_cm = 0 cm
  cube_position (xy)    = [-0.250, 0.000]         grasp_completed       = 1
  target_position (xy)  = [0.150, 0.000]          finger_contacts       = 1
  x                                               grasp_attempts        = 1
  episode                = 1                      x
  step                   = 14                     x
  ee_position            = [-0.2504, 0.0000, 0.0089]  x
  ee_velocity            = [0.0404, 0.0001, 0.0659]  x
  reward                 = -0.4000                x
  is_success             = False                  x
  obstacle_in_path       = False                  x
  obstacle_count_in_path = 0                      x
  obstacles              = {}                     x
  objects                = {'object_1': {'type': 'box', 'size': [0.045, 0.03, 0.02], 'mass': 10.0, 'color': [0.1, 0.2, 0.9, 1.0], 'initial_position': [-0.25, 0.0, 0.02], 'lateral_friction': 0.5, 'spinning_friction': 0.001, 'current_position': [-0.2498610818304095, 6.134804383770263e-05, 0.010794238821522117]}}  x
  scripts                = {'script_1': True, 'reach_only': True, 'left_right': True}  x
  target_goal            = {'type': 'goal_sequence', 'targets': [{'name': 'target', 'position': [0.15000000596046448, 0.0, 0.019999999552965164]}], 'mode': 'goal_sequence'}  x
  scene                  = {'table': {'length': 1.1, 'width': 0.7, 'height': 0.4, 'x_offset': -0.3, 'lateral_friction': 3.0, 'spinning_friction': 0.001}}  x
  robot_config           = {'control_type': 'ee', 'block_gripper': False, 'base_position': [-0.6, 0.0, 0.05]}  x
  current_task           = OBJECT_DELIVERY_SEQUENCE  x
  current_subtask        = GRASP_OBJECT           x
  active_target_name     = target                 x
  action                 = [0.0000, 0.0000, 0.0000, -1.0000]  x
  joint_angles           = [-0.0002, 0.3256, 0.0001, -2.8033, -0.0003, 3.1057, 0.7857]  x
  joint_velocities       = [0.0012, -0.1978, -0.0010, -0.0963, -0.0007, 0.1579, 0.0005]  x
  cube_rotation          = [0.0026, -0.0043, 0.0053]  x
  cube_linear_velocity   = [0.0392, 0.0026, 0.0661]  x
  obstacle_positions     = {}                     x
[step=  14 01:14:37.716][ASM] [ADAPT] grasp_object → retry_grasp  (type=adaptive)
[step=  14 01:14:37.716][Analyzer] ASM node=retry_grasp  goal_status=VIOLATED  → adaptation=RETRY_GRASP
[step=  14 01:14:37.716][Planner] situacao=RETRY_GRASP  strategy=RETRY_GRASP
[step=  14 01:14:37.863][Manager] Adaptacao iniciada: RETRY_GRASP
[step=  15 01:14:38.872][Manager] ep=1 subtask= reward=-0.4001
[step=  15 01:14:38.872][Manager][MOCK] finger_contacts forçado para 1 (grasp_attempts=1)
[step=  15 01:14:38.872][Perception]
  RAW PERCEPTION                                  MONITORED PARAMS
  ----------------------------------------------  --------------------------------------
  fingers_width         = 0.0738 m                gripper_width_cm      = 7 cm
  dist_ee_to_cube       = 0.0018 m                distance_ee_object_cm = 0 cm
  dist_cube_to_target   = 0.4001 m  (3D)          distance_obj_goal_cm  = 40 cm  (XY)
  cube_position (z)     = 0.0118 m                object_lift_height_cm = 0 cm
  cube_position (xy)    = [-0.250, 0.000]         grasp_completed       = 0
  target_position (xy)  = [0.150, 0.000]          finger_contacts       = 1
  x                                               grasp_attempts        = 1
  episode                = 1                      x
  step                   = 15                     x
  ee_position            = [-0.2499, 0.0000, 0.0099]  x
  ee_velocity            = [0.0017, -0.0000, 0.0066]  x
  reward                 = -0.4001                x
  is_success             = False                  x
  obstacle_in_path       = False                  x
  obstacle_count_in_path = 0                      x
  obstacles              = {}                     x
  objects                = {'object_1': {'type': 'box', 'size': [0.045, 0.03, 0.02], 'mass': 10.0, 'color': [0.1, 0.2, 0.9, 1.0], 'initial_position': [-0.25, 0.0, 0.02], 'lateral_friction': 0.5, 'spinning_friction': 0.001, 'current_position': [-0.25, 0.0, 0.011764591277502493]}}  x
  scripts                = {'script_1': True, 'reach_only': True, 'left_right': True}  x
  target_goal            = {'type': 'goal_sequence', 'targets': [{'name': 'target', 'position': [0.15000000596046448, 0.0, 0.019999999552965164]}], 'mode': 'goal_sequence'}  x
  scene                  = {'table': {'length': 1.1, 'width': 0.7, 'height': 0.4, 'x_offset': -0.3, 'lateral_friction': 3.0, 'spinning_friction': 0.001}}  x
  robot_config           = {'control_type': 'ee', 'block_gripper': False, 'base_position': [-0.6, 0.0, 0.05]}  x
  current_task           = RETRY_GRASP            x
  active_target_name     = target                 x
  action                 = [0.0000, 0.0000, 0.0000, 1.0000]  x
  joint_angles           = [-0.0001, 0.3256, 0.0001, -2.8134, -0.0003, 3.1358, 0.7857]  x
  joint_velocities       = [0.0009, -0.0002, -0.0009, -0.0794, -0.0006, 0.2305, 0.0008]  x
  cube_rotation          = [0.0000, -0.0000, 0.0000]  x
  cube_linear_velocity   = [0.0000, 0.0000, -0.3920]  x
  obstacle_positions     = {}                     x
[step=  15 01:14:38.875][Analyzer] ASM node=retry_grasp  goal_status=not_applicable
[step=  16 01:14:40.019][Manager] ep=1 subtask= reward=-0.4001
[step=  16 01:14:40.020][Manager][MOCK] finger_contacts forçado para 1 (grasp_attempts=1)
[step=  16 01:14:40.020][Perception]
  RAW PERCEPTION                                  MONITORED PARAMS
  ----------------------------------------------  --------------------------------------
  fingers_width         = 0.0793 m                gripper_width_cm      = 7 cm
  dist_ee_to_cube       = 0.0194 m                distance_ee_object_cm = 1 cm
  dist_cube_to_target   = 0.4001 m  (3D)          distance_obj_goal_cm  = 40 cm  (XY)
  cube_position (z)     = 0.0098 m                object_lift_height_cm = 0 cm
  cube_position (xy)    = [-0.250, -0.000]        grasp_completed       = 0
  target_position (xy)  = [0.150, 0.000]          finger_contacts       = 1
  x                                               grasp_attempts        = 1
  episode                = 1                      x
  step                   = 16                     x
  ee_position            = [-0.2651, 0.0000, 0.0219]  x
  ee_velocity            = [0.5334, -0.0000, 0.8516]  x
  reward                 = -0.4001                x
  is_success             = False                  x
  obstacle_in_path       = False                  x
  obstacle_count_in_path = 0                      x
  obstacles              = {}                     x
  objects                = {'object_1': {'type': 'box', 'size': [0.045, 0.03, 0.02], 'mass': 10.0, 'color': [0.1, 0.2, 0.9, 1.0], 'initial_position': [-0.25, 0.0, 0.02], 'lateral_friction': 0.5, 'spinning_friction': 0.001, 'current_position': [-0.25, -4.7362427321484073e-20, 0.009793123452511954]}}  x
  scripts                = {'script_1': True, 'reach_only': True, 'left_right': True}  x
  target_goal            = {'type': 'goal_sequence', 'targets': [{'name': 'target', 'position': [0.15000000596046448, 0.0, 0.019999999552965164]}], 'mode': 'goal_sequence'}  x
  scene                  = {'table': {'length': 1.1, 'width': 0.7, 'height': 0.4, 'x_offset': -0.3, 'lateral_friction': 3.0, 'spinning_friction': 0.001}}  x
  robot_config           = {'control_type': 'ee', 'block_gripper': False, 'base_position': [-0.6, 0.0, 0.05]}  x
  current_task           = RETRY_GRASP            x
  active_target_name     = target                 x
  action                 = [-0.0005, -0.0001, 1.0000, 1.0000]  x
  joint_angles           = [-0.0001, 0.2471, 0.0001, -2.8439, -0.0003, 3.0388, 0.7857]  x
  joint_velocities       = [-0.0002, -2.8932, 0.0005, -0.3417, 0.0003, -0.7458, -0.0000]  x
  cube_rotation          = [0.0000, 0.0000, 0.0000]  x
  cube_linear_velocity   = [0.0000, -0.0000, 0.0086]  x
  obstacle_positions     = {}                     x
[step=  16 01:14:40.023][Analyzer] ASM node=retry_grasp  goal_status=not_applicable
[step=  17 01:14:41.179][Manager] ep=1 subtask= reward=-0.4001
[step=  17 01:14:41.179][Manager][MOCK] finger_contacts forçado para 1 (grasp_attempts=1)
[step=  17 01:14:41.179][Perception]
  RAW PERCEPTION                                  MONITORED PARAMS
  ----------------------------------------------  --------------------------------------
  fingers_width         = 0.0799 m                gripper_width_cm      = 7 cm
  dist_ee_to_cube       = 0.0470 m                distance_ee_object_cm = 4 cm
  dist_cube_to_target   = 0.4001 m  (3D)          distance_obj_goal_cm  = 40 cm  (XY)
  cube_position (z)     = 0.0100 m                object_lift_height_cm = 0 cm
  cube_position (xy)    = [-0.250, -0.000]        grasp_completed       = 0
  target_position (xy)  = [0.150, 0.000]          finger_contacts       = 1
  x                                               grasp_attempts        = 1
  episode                = 1                      x
  step                   = 17                     x
  ee_position            = [-0.2563, 0.0000, 0.0565]  x
  ee_velocity            = [0.1050, -0.0000, 0.3590]  x
  reward                 = -0.4001                x
  is_success             = False                  x
  obstacle_in_path       = False                  x
  obstacle_count_in_path = 0                      x
  obstacles              = {}                     x
  objects                = {'object_1': {'type': 'box', 'size': [0.045, 0.03, 0.02], 'mass': 10.0, 'color': [0.1, 0.2, 0.9, 1.0], 'initial_position': [-0.25, 0.0, 0.02], 'lateral_friction': 0.5, 'spinning_friction': 0.001, 'current_position': [-0.25, -7.00102753119539e-20, 0.009952850708820408]}}  x
  scripts                = {'script_1': True, 'reach_only': True, 'left_right': True}  x
  target_goal            = {'type': 'goal_sequence', 'targets': [{'name': 'target', 'position': [0.15000000596046448, 0.0, 0.019999999552965164]}], 'mode': 'goal_sequence'}  x
  scene                  = {'table': {'length': 1.1, 'width': 0.7, 'height': 0.4, 'x_offset': -0.3, 'lateral_friction': 3.0, 'spinning_friction': 0.001}}  x
  robot_config           = {'control_type': 'ee', 'block_gripper': False, 'base_position': [-0.6, 0.0, 0.05]}  x
  current_task           = RETRY_GRASP            x
  active_target_name     = target                 x
  action                 = [0.1132, -0.0002, 0.9936, 1.0000]  x
  joint_angles           = [-0.0002, 0.1165, 0.0002, -2.8792, -0.0003, 2.9948, 0.7856]  x
  joint_velocities       = [-0.0002, -1.3531, 0.0004, -0.3393, 0.0004, -0.3386, -0.0002]  x
  cube_rotation          = [0.0000, 0.0000, 0.0000]  x
  cube_linear_velocity   = [-0.0000, -0.0000, 0.0016]  x
  obstacle_positions     = {}                     x
[step=  17 01:14:41.182][Analyzer] ASM node=retry_grasp  goal_status=not_applicable
[step=  18 01:14:42.325][Manager] ep=1 subtask= reward=-0.4001
[step=  18 01:14:42.326][Manager][MOCK] finger_contacts forçado para 1 (grasp_attempts=1)
[step=  18 01:14:42.326][Perception]
  RAW PERCEPTION                                  MONITORED PARAMS
  ----------------------------------------------  --------------------------------------
  fingers_width         = 0.0800 m                gripper_width_cm      = 7 cm
  dist_ee_to_cube       = 0.0722 m                distance_ee_object_cm = 7 cm
  dist_cube_to_target   = 0.4001 m  (3D)          distance_obj_goal_cm  = 40 cm  (XY)
  cube_position (z)     = 0.0100 m                object_lift_height_cm = 0 cm
  cube_position (xy)    = [-0.250, -0.000]        grasp_completed       = 0
  target_position (xy)  = [0.150, 0.000]          finger_contacts       = 1
  x                                               grasp_attempts        = 1
  episode                = 1                      x
  step                   = 18                     x
  ee_position            = [-0.2547, 0.0000, 0.0821]  x
  ee_velocity            = [0.2972, -0.0001, 0.6063]  x
  reward                 = -0.4001                x
  is_success             = False                  x
  obstacle_in_path       = False                  x
  obstacle_count_in_path = 0                      x
  obstacles              = {}                     x
  objects                = {'object_1': {'type': 'box', 'size': [0.045, 0.03, 0.02], 'mass': 10.0, 'color': [0.1, 0.2, 0.9, 1.0], 'initial_position': [-0.25, 0.0, 0.02], 'lateral_friction': 0.5, 'spinning_friction': 0.001, 'current_position': [-0.25000014549908567, -1.2352540039368128e-07, 0.009983296607675106]}}  x
  scripts                = {'script_1': True, 'reach_only': True, 'left_right': True}  x
  target_goal            = {'type': 'goal_sequence', 'targets': [{'name': 'target', 'position': [0.15000000596046448, 0.0, 0.019999999552965164]}], 'mode': 'goal_sequence'}  x
  scene                  = {'table': {'length': 1.1, 'width': 0.7, 'height': 0.4, 'x_offset': -0.3, 'lateral_friction': 3.0, 'spinning_friction': 0.001}}  x
  robot_config           = {'control_type': 'ee', 'block_gripper': False, 'base_position': [-0.6, 0.0, 0.05]}  x
  current_task           = RETRY_GRASP            x
  active_target_name     = target                 x
  action                 = [0.0639, -0.0002, 0.9980, 1.0000]  x
  joint_angles           = [-0.0002, 0.0106, 0.0002, -2.8816, -0.0001, 2.8797, 0.7855]  x
  joint_velocities       = [-0.0003, -1.9893, 0.0002, -0.0220, 0.0014, -0.8842, -0.0011]  x
  cube_rotation          = [0.0000, -0.0000, 0.0000]  x
  cube_linear_velocity   = [-0.0000, -0.0000, 0.0003]  x
  obstacle_positions     = {}                     x
[step=  18 01:14:42.328][Analyzer] ASM node=retry_grasp  goal_status=not_applicable
[step=  19 01:14:43.485][Manager] ep=1 subtask= reward=-0.4001
[step=  19 01:14:43.485][Manager][MOCK] finger_contacts forçado para 1 (grasp_attempts=1)
[step=  19 01:14:43.486][Perception]
  RAW PERCEPTION                                  MONITORED PARAMS
  ----------------------------------------------  --------------------------------------
  fingers_width         = 0.0800 m                gripper_width_cm      = 7 cm
  dist_ee_to_cube       = 0.1024 m                distance_ee_object_cm = 10 cm
  dist_cube_to_target   = 0.4001 m  (3D)          distance_obj_goal_cm  = 40 cm  (XY)
  cube_position (z)     = 0.0100 m                object_lift_height_cm = 0 cm
  cube_position (xy)    = [-0.250, 0.000]         grasp_completed       = 0
  target_position (xy)  = [0.150, 0.000]          finger_contacts       = 1
  x                                               grasp_attempts        = 1
  episode                = 1                      x
  step                   = 19                     x
  ee_position            = [-0.2494, 0.0000, 0.1124]  x
  ee_velocity            = [0.1384, 0.0000, 0.4126]  x
  reward                 = -0.4001                x
  is_success             = False                  x
  obstacle_in_path       = False                  x
  obstacle_count_in_path = 0                      x
  obstacles              = {}                     x
  objects                = {'object_1': {'type': 'box', 'size': [0.045, 0.03, 0.02], 'mass': 10.0, 'color': [0.1, 0.2, 0.9, 1.0], 'initial_position': [-0.25, 0.0, 0.02], 'lateral_friction': 0.5, 'spinning_friction': 0.001, 'current_position': [-0.2500003899352625, 4.4633872404657245e-09, 0.00998925710769258]}}  x
  scripts                = {'script_1': True, 'reach_only': True, 'left_right': True}  x
  target_goal            = {'type': 'goal_sequence', 'targets': [{'name': 'target', 'position': [0.15000000596046448, 0.0, 0.019999999552965164]}], 'mode': 'goal_sequence'}  x
  scene                  = {'table': {'length': 1.1, 'width': 0.7, 'height': 0.4, 'x_offset': -0.3, 'lateral_friction': 3.0, 'spinning_friction': 0.001}}  x
  robot_config           = {'control_type': 'ee', 'block_gripper': False, 'base_position': [-0.6, 0.0, 0.05]}  x
  current_task           = RETRY_GRASP            x
  active_target_name     = target                 x
  action                 = [0.0638, -0.0003, 0.9980, 1.0000]  x
  joint_angles           = [-0.0001, -0.0989, 0.0002, -2.8785, 0.0000, 2.7742, 0.7854]  x
  joint_velocities       = [0.0001, -1.3589, 0.0002, 0.0216, 0.0009, -0.8116, -0.0009]  x
  cube_rotation          = [0.0000, -0.0000, 0.0000]  x
  cube_linear_velocity   = [0.0000, 0.0000, 0.0000]  x
  obstacle_positions     = {}                     x
[step=  19 01:14:43.488][Analyzer] ASM node=retry_grasp  goal_status=not_applicable
[step=  20 01:14:44.606][Manager] ep=1 subtask= reward=-0.4001
[step=  20 01:14:44.606][Manager][MOCK] finger_contacts forçado para 1 (grasp_attempts=1)
[step=  20 01:14:44.606][Perception]
  RAW PERCEPTION                                  MONITORED PARAMS
  ----------------------------------------------  --------------------------------------
  fingers_width         = 0.0800 m                gripper_width_cm      = 7 cm
  dist_ee_to_cube       = 0.1311 m                distance_ee_object_cm = 13 cm
  dist_cube_to_target   = 0.4001 m  (3D)          distance_obj_goal_cm  = 40 cm  (XY)
  cube_position (z)     = 0.0100 m                object_lift_height_cm = 0 cm
  cube_position (xy)    = [-0.250, 0.000]         grasp_completed       = 0
  target_position (xy)  = [0.150, 0.000]          finger_contacts       = 1
  x                                               grasp_attempts        = 1
  episode                = 1                      x
  step                   = 20                     x
  ee_position            = [-0.2476, 0.0000, 0.1411]  x
  ee_velocity            = [0.1918, 0.0000, 0.5749]  x
  reward                 = -0.4001                x
  is_success             = False                  x
  obstacle_in_path       = False                  x
  obstacle_count_in_path = 0                      x
  obstacles              = {}                     x
  objects                = {'object_1': {'type': 'box', 'size': [0.045, 0.03, 0.02], 'mass': 10.0, 'color': [0.1, 0.2, 0.9, 1.0], 'initial_position': [-0.25, 0.0, 0.02], 'lateral_friction': 0.5, 'spinning_friction': 0.001, 'current_position': [-0.25000045855763786, 6.59593848718075e-07, 0.009990041429379036]}}  x
  scripts                = {'script_1': True, 'reach_only': True, 'left_right': True}  x
  target_goal            = {'type': 'goal_sequence', 'targets': [{'name': 'target', 'position': [0.15000000596046448, 0.0, 0.019999999552965164]}], 'mode': 'goal_sequence'}  x
  scene                  = {'table': {'length': 1.1, 'width': 0.7, 'height': 0.4, 'x_offset': -0.3, 'lateral_friction': 3.0, 'spinning_friction': 0.001}}  x
  robot_config           = {'control_type': 'ee', 'block_gripper': False, 'base_position': [-0.6, 0.0, 0.05]}  x
  current_task           = RETRY_GRASP            x
  active_target_name     = target                 x
  action                 = [-0.0140, -0.0003, 0.9999, 1.0000]  x
  joint_angles           = [-0.0001, -0.1998, 0.0001, -2.8671, 0.0001, 2.6572, 0.7854]  x
  joint_velocities       = [0.0003, -1.7666, -0.0002, 0.0875, 0.0003, -0.8996, -0.0005]  x
  cube_rotation          = [0.0000, -0.0000, 0.0000]  x
  cube_linear_velocity   = [-0.0000, 0.0000, 0.0000]  x
  obstacle_positions     = {}                     x
[step=  20 01:14:44.609][Analyzer] ASM node=retry_grasp  goal_status=not_applicable
[step=  21 01:14:45.753][Manager] ep=1 subtask= reward=-0.4001
[step=  21 01:14:45.753][Manager][MOCK] finger_contacts forçado para 1 (grasp_attempts=1)
[step=  21 01:14:45.753][Perception]
  RAW PERCEPTION                                  MONITORED PARAMS
  ----------------------------------------------  --------------------------------------
  fingers_width         = 0.0800 m                gripper_width_cm      = 7 cm
  dist_ee_to_cube       = 0.1617 m                distance_ee_object_cm = 16 cm
  dist_cube_to_target   = 0.4001 m  (3D)          distance_obj_goal_cm  = 40 cm  (XY)
  cube_position (z)     = 0.0100 m                object_lift_height_cm = 0 cm
  cube_position (xy)    = [-0.250, 0.000]         grasp_completed       = 0
  target_position (xy)  = [0.150, 0.000]          finger_contacts       = 1
  x                                               grasp_attempts        = 1
  episode                = 1                      x
  step                   = 21                     x
  ee_position            = [-0.2501, 0.0000, 0.1717]  x
  ee_velocity            = [0.0826, 0.0000, 0.4877]  x
  reward                 = -0.4001                x
  is_success             = False                  x
  obstacle_in_path       = False                  x
  obstacle_count_in_path = 0                      x
  obstacles              = {}                     x
  objects                = {'object_1': {'type': 'box', 'size': [0.045, 0.03, 0.02], 'mass': 10.0, 'color': [0.1, 0.2, 0.9, 1.0], 'initial_position': [-0.25, 0.0, 0.02], 'lateral_friction': 0.5, 'spinning_friction': 0.001, 'current_position': [-0.25000064297164376, 9.597754311015834e-07, 0.009990043042277963]}}  x
  scripts                = {'script_1': True, 'reach_only': True, 'left_right': True}  x
  target_goal            = {'type': 'goal_sequence', 'targets': [{'name': 'target', 'position': [0.15000000596046448, 0.0, 0.019999999552965164]}], 'mode': 'goal_sequence'}  x
  scene                  = {'table': {'length': 1.1, 'width': 0.7, 'height': 0.4, 'x_offset': -0.3, 'lateral_friction': 3.0, 'spinning_friction': 0.001}}  x
  robot_config           = {'control_type': 'ee', 'block_gripper': False, 'base_position': [-0.6, 0.0, 0.05]}  x
  current_task           = RETRY_GRASP            x
  active_target_name     = target                 x
  action                 = [-0.1676, -0.0000, 0.9858, 1.0000]  x
  joint_angles           = [-0.0001, -0.3104, 0.0001, -2.8643, 0.0001, 2.5468, 0.7853]  x
  joint_velocities       = [0.0002, -1.5857, -0.0002, 0.0164, 0.0001, -0.8484, -0.0000]  x
  cube_rotation          = [0.0000, -0.0000, 0.0000]  x
  cube_linear_velocity   = [-0.0000, 0.0000, -0.0000]  x
  obstacle_positions     = {}                     x
[step=  21 01:14:45.756][Analyzer] ASM node=retry_grasp  goal_status=not_applicable
[step=  22 01:14:46.900][Manager] ep=1 subtask= reward=-0.4001
[step=  22 01:14:46.900][Manager][MOCK] finger_contacts forçado para 1 (grasp_attempts=1)
[step=  22 01:14:46.900][Perception]
  RAW PERCEPTION                                  MONITORED PARAMS
  ----------------------------------------------  --------------------------------------
  fingers_width         = 0.0800 m                gripper_width_cm      = 7 cm
  dist_ee_to_cube       = 0.1558 m                distance_ee_object_cm = 15 cm
  dist_cube_to_target   = 0.4001 m  (3D)          distance_obj_goal_cm  = 40 cm  (XY)
  cube_position (z)     = 0.0100 m                object_lift_height_cm = 0 cm
  cube_position (xy)    = [-0.250, 0.000]         grasp_completed       = 0
  target_position (xy)  = [0.150, 0.000]          finger_contacts       = 1
  x                                               grasp_attempts        = 1
  episode                = 1                      x
  step                   = 22                     x
  ee_position            = [-0.2410, 0.0000, 0.1655]  x
  ee_velocity            = [-0.3948, -0.0001, -1.0196]  x
  reward                 = -0.4001                x
  is_success             = False                  x
  obstacle_in_path       = False                  x
  obstacle_count_in_path = 0                      x
  obstacles              = {}                     x
  objects                = {'object_1': {'type': 'box', 'size': [0.045, 0.03, 0.02], 'mass': 10.0, 'color': [0.1, 0.2, 0.9, 1.0], 'initial_position': [-0.25, 0.0, 0.02], 'lateral_friction': 0.5, 'spinning_friction': 0.001, 'current_position': [-0.2500008283438517, 1.2596023315572764e-06, 0.009990043042146193]}}  x
  scripts                = {'script_1': True, 'reach_only': True, 'left_right': True}  x
  target_goal            = {'type': 'goal_sequence', 'targets': [{'name': 'target', 'position': [0.15000000596046448, 0.0, 0.019999999552965164]}], 'mode': 'goal_sequence'}  x
  scene                  = {'table': {'length': 1.1, 'width': 0.7, 'height': 0.4, 'x_offset': -0.3, 'lateral_friction': 3.0, 'spinning_friction': 0.001}}  x
  robot_config           = {'control_type': 'ee', 'block_gripper': False, 'base_position': [-0.6, 0.0, 0.05]}  x
  current_task           = RETRY_GRASP            x
  active_target_name     = target                 x
  action                 = [0.0005, -0.0000, -1.0000, 1.0000]  x
  joint_angles           = [-0.0001, -0.2809, 0.0001, -2.8954, 0.0002, 2.6818, 0.7854]  x
  joint_velocities       = [0.0002, 2.8816, -0.0001, -0.2500, -0.0101, 1.0379, 0.0001]  x
  cube_rotation          = [0.0000, -0.0000, 0.0000]  x
  cube_linear_velocity   = [-0.0000, 0.0000, -0.0000]  x
  obstacle_positions     = {}                     x
[step=  22 01:14:46.903][Analyzer] ASM node=retry_grasp  goal_status=not_applicable
[step=  23 01:14:48.047][Manager] ep=1 subtask= reward=-0.4001
[step=  23 01:14:48.047][Manager][MOCK] finger_contacts forçado para 1 (grasp_attempts=1)
[step=  23 01:14:48.047][Perception]
  RAW PERCEPTION                                  MONITORED PARAMS
  ----------------------------------------------  --------------------------------------
  fingers_width         = 0.0800 m                gripper_width_cm      = 7 cm
  dist_ee_to_cube       = 0.1144 m                distance_ee_object_cm = 11 cm
  dist_cube_to_target   = 0.4001 m  (3D)          distance_obj_goal_cm  = 40 cm  (XY)
  cube_position (z)     = 0.0100 m                object_lift_height_cm = 0 cm
  cube_position (xy)    = [-0.250, 0.000]         grasp_completed       = 0
  target_position (xy)  = [0.150, 0.000]          finger_contacts       = 1
  x                                               grasp_attempts        = 1
  episode                = 1                      x
  step                   = 23                     x
  ee_position            = [-0.2522, 0.0000, 0.1244]  x
  ee_velocity            = [-0.2919, 0.0000, -0.6370]  x
  reward                 = -0.4001                x
  is_success             = False                  x
  obstacle_in_path       = False                  x
  obstacle_count_in_path = 0                      x
  obstacles              = {}                     x
  objects                = {'object_1': {'type': 'box', 'size': [0.045, 0.03, 0.02], 'mass': 10.0, 'color': [0.1, 0.2, 0.9, 1.0], 'initial_position': [-0.25, 0.0, 0.02], 'lateral_friction': 0.5, 'spinning_friction': 0.001, 'current_position': [-0.25000101371924566, 1.5594264392894497e-06, 0.00999004304201409]}}  x
  scripts                = {'script_1': True, 'reach_only': True, 'left_right': True}  x
  target_goal            = {'type': 'goal_sequence', 'targets': [{'name': 'target', 'position': [0.15000000596046448, 0.0, 0.019999999552965164]}], 'mode': 'goal_sequence'}  x
  scene                  = {'table': {'length': 1.1, 'width': 0.7, 'height': 0.4, 'x_offset': -0.3, 'lateral_friction': 3.0, 'spinning_friction': 0.001}}  x
  robot_config           = {'control_type': 'ee', 'block_gripper': False, 'base_position': [-0.6, 0.0, 0.05]}  x
  current_task           = RETRY_GRASP            x
  active_target_name     = target                 x
  action                 = [-0.0687, -0.0000, -0.9976, 1.0000]  x
  joint_angles           = [-0.0002, -0.1447, 0.0002, -2.8855, 0.0001, 2.7284, 0.7853]  x
  joint_velocities       = [-0.0003, 2.0047, 0.0002, 0.0946, -0.0011, 0.3580, -0.0000]  x
  cube_rotation          = [0.0000, -0.0000, 0.0000]  x
  cube_linear_velocity   = [-0.0000, 0.0000, -0.0000]  x
  obstacle_positions     = {}                     x
[step=  23 01:14:48.050][Analyzer] ASM node=retry_grasp  goal_status=not_applicable
[step=  24 01:14:49.193][Manager] ep=1 subtask= reward=-0.4001
[step=  24 01:14:49.193][Manager][MOCK] finger_contacts forçado para 1 (grasp_attempts=1)
[step=  24 01:14:49.194][Perception]
  RAW PERCEPTION                                  MONITORED PARAMS
  ----------------------------------------------  --------------------------------------
  fingers_width         = 0.0800 m                gripper_width_cm      = 7 cm
  dist_ee_to_cube       = 0.0817 m                distance_ee_object_cm = 8 cm
  dist_cube_to_target   = 0.4001 m  (3D)          distance_obj_goal_cm  = 40 cm  (XY)
  cube_position (z)     = 0.0100 m                object_lift_height_cm = 0 cm
  cube_position (xy)    = [-0.250, 0.000]         grasp_completed       = 0
  target_position (xy)  = [0.150, 0.000]          finger_contacts       = 1
  x                                               grasp_attempts        = 1
  episode                = 1                      x
  step                   = 24                     x
  ee_position            = [-0.2560, -0.0000, 0.0914]  x
  ee_velocity            = [-0.2833, 0.0002, -0.5907]  x
  reward                 = -0.4001                x
  is_success             = False                  x
  obstacle_in_path       = False                  x
  obstacle_count_in_path = 0                      x
  obstacles              = {}                     x
  objects                = {'object_1': {'type': 'box', 'size': [0.045, 0.03, 0.02], 'mass': 10.0, 'color': [0.1, 0.2, 0.9, 1.0], 'initial_position': [-0.25, 0.0, 0.02], 'lateral_friction': 0.5, 'spinning_friction': 0.001, 'current_position': [-0.2500011990978259, 1.8592477540511342e-06, 0.009990043041881993]}}  x
  scripts                = {'script_1': True, 'reach_only': True, 'left_right': True}  x
  target_goal            = {'type': 'goal_sequence', 'targets': [{'name': 'target', 'position': [0.15000000596046448, 0.0, 0.019999999552965164]}], 'mode': 'goal_sequence'}  x
  scene                  = {'table': {'length': 1.1, 'width': 0.7, 'height': 0.4, 'x_offset': -0.3, 'lateral_friction': 3.0, 'spinning_friction': 0.001}}  x
  robot_config           = {'control_type': 'ee', 'block_gripper': False, 'base_position': [-0.6, 0.0, 0.05]}  x
  current_task           = RETRY_GRASP            x
  active_target_name     = target                 x
  action                 = [0.0247, -0.0000, -0.9997, 1.0000]  x
  joint_angles           = [-0.0002, -0.0235, 0.0002, -2.8923, 0.0000, 2.8571, 0.7854]  x
  joint_velocities       = [0.0001, 1.9259, 0.0001, -0.0496, -0.0006, 0.9897, 0.0004]  x
  cube_rotation          = [0.0000, -0.0000, 0.0000]  x
  cube_linear_velocity   = [-0.0000, 0.0000, -0.0000]  x
  obstacle_positions     = {}                     x
[step=  24 01:14:49.196][Analyzer] ASM node=retry_grasp  goal_status=not_applicable
[step=  25 01:14:50.353][Manager] ep=1 subtask= reward=-0.4001
[step=  25 01:14:50.353][Manager][MOCK] finger_contacts forçado para 1 (grasp_attempts=1)
[step=  25 01:14:50.353][Perception]
  RAW PERCEPTION                                  MONITORED PARAMS
  ----------------------------------------------  --------------------------------------
  fingers_width         = 0.0800 m                gripper_width_cm      = 7 cm
  dist_ee_to_cube       = 0.0493 m                distance_ee_object_cm = 4 cm
  dist_cube_to_target   = 0.4001 m  (3D)          distance_obj_goal_cm  = 40 cm  (XY)
  cube_position (z)     = 0.0100 m                object_lift_height_cm = 0 cm
  cube_position (xy)    = [-0.250, 0.000]         grasp_completed       = 0
  target_position (xy)  = [0.150, 0.000]          finger_contacts       = 1
  x                                               grasp_attempts        = 1
  episode                = 1                      x
  step                   = 25                     x
  ee_position            = [-0.2563, -0.0000, 0.0589]  x
  ee_velocity            = [-0.3386, 0.0001, -0.6861]  x
  reward                 = -0.4001                x
  is_success             = False                  x
  obstacle_in_path       = False                  x
  obstacle_count_in_path = 0                      x
  obstacles              = {}                     x
  objects                = {'object_1': {'type': 'box', 'size': [0.045, 0.03, 0.02], 'mass': 10.0, 'color': [0.1, 0.2, 0.9, 1.0], 'initial_position': [-0.25, 0.0, 0.02], 'lateral_friction': 0.5, 'spinning_friction': 0.001, 'current_position': [-0.250001291788819, 2.083368681311508e-06, 0.009989992007011285]}}  x
  scripts                = {'script_1': True, 'reach_only': True, 'left_right': True}  x
  target_goal            = {'type': 'goal_sequence', 'targets': [{'name': 'target', 'position': [0.15000000596046448, 0.0, 0.019999999552965164]}], 'mode': 'goal_sequence'}  x
  scene                  = {'table': {'length': 1.1, 'width': 0.7, 'height': 0.4, 'x_offset': -0.3, 'lateral_friction': 3.0, 'spinning_friction': 0.001}}  x
  robot_config           = {'control_type': 'ee', 'block_gripper': False, 'base_position': [-0.6, 0.0, 0.05]}  x
  current_task           = RETRY_GRASP            x
  active_target_name     = target                 x
  action                 = [0.1048, 0.0000, -0.9945, 1.0000]  x
  joint_angles           = [-0.0002, 0.1137, 0.0002, -2.8745, -0.0000, 2.9743, 0.7854]  x
  joint_velocities       = [-0.0000, 2.3516, -0.0001, 0.1989, -0.0005, 0.9013, 0.0002]  x
  cube_rotation          = [0.0000, -0.0000, 0.0000]  x
  cube_linear_velocity   = [0.0000, 0.0000, 0.0000]  x
  obstacle_positions     = {}                     x
[step=  25 01:14:50.355][Analyzer] ASM node=retry_grasp  goal_status=not_applicable
[step=  26 01:14:51.487][Manager] ep=1 subtask= reward=-0.4001
[step=  26 01:14:51.488][Manager][MOCK] finger_contacts forçado para 1 (grasp_attempts=1)
[step=  26 01:14:51.488][Perception]
  RAW PERCEPTION                                  MONITORED PARAMS
  ----------------------------------------------  --------------------------------------
  fingers_width         = 0.0800 m                gripper_width_cm      = 7 cm
  dist_ee_to_cube       = 0.0151 m                distance_ee_object_cm = 1 cm
  dist_cube_to_target   = 0.4001 m  (3D)          distance_obj_goal_cm  = 40 cm  (XY)
  cube_position (z)     = 0.0100 m                object_lift_height_cm = 0 cm
  cube_position (xy)    = [-0.250, 0.000]         grasp_completed       = 0
  target_position (xy)  = [0.150, 0.000]          finger_contacts       = 1
  x                                               grasp_attempts        = 1
  episode                = 1                      x
  step                   = 26                     x
  ee_position            = [-0.2519, -0.0000, 0.0250]  x
  ee_velocity            = [-0.2556, 0.0000, -0.6746]  x
  reward                 = -0.4001                x
  is_success             = False                  x
  obstacle_in_path       = False                  x
  obstacle_count_in_path = 0                      x
  obstacles              = {}                     x
  objects                = {'object_1': {'type': 'box', 'size': [0.045, 0.03, 0.02], 'mass': 10.0, 'color': [0.1, 0.2, 0.9, 1.0], 'initial_position': [-0.25, 0.0, 0.02], 'lateral_friction': 0.5, 'spinning_friction': 0.001, 'current_position': [-0.25000128890670253, 2.083368752256595e-06, 0.009989998491776338]}}  x
  scripts                = {'script_1': True, 'reach_only': True, 'left_right': True}  x
  target_goal            = {'type': 'goal_sequence', 'targets': [{'name': 'target', 'position': [0.15000000596046448, 0.0, 0.019999999552965164]}], 'mode': 'goal_sequence'}  x
  scene                  = {'table': {'length': 1.1, 'width': 0.7, 'height': 0.4, 'x_offset': -0.3, 'lateral_friction': 3.0, 'spinning_friction': 0.001}}  x
  robot_config           = {'control_type': 'ee', 'block_gripper': False, 'base_position': [-0.6, 0.0, 0.05]}  x
  current_task           = RETRY_GRASP            x
  active_target_name     = target                 x
  action                 = [0.2537, 0.0003, -0.9673, 1.0000]  x
  joint_angles           = [-0.0001, 0.2635, 0.0001, -2.8278, -0.0001, 3.0724, 0.7854]  x
  joint_velocities       = [0.0005, 2.4182, -0.0005, 0.5567, -0.0004, 0.7537, 0.0003]  x
  cube_rotation          = [0.0000, -0.0000, 0.0000]  x
  cube_linear_velocity   = [0.0000, 0.0000, 0.0000]  x
  obstacle_positions     = {}                     x
[step=  26 01:14:51.490][Analyzer] ASM node=retry_grasp  goal_status=not_applicable
[step=  27 01:14:52.633][Manager] ep=1 subtask= reward=-0.4001
[step=  27 01:14:52.634][Manager][MOCK] finger_contacts forçado para 1 (grasp_attempts=1)
[step=  27 01:14:52.634][Perception]
  RAW PERCEPTION                                  MONITORED PARAMS
  ----------------------------------------------  --------------------------------------
  fingers_width         = 0.0800 m                gripper_width_cm      = 7 cm
  dist_ee_to_cube       = 0.0333 m                distance_ee_object_cm = 3 cm
  dist_cube_to_target   = 0.4001 m  (3D)          distance_obj_goal_cm  = 40 cm  (XY)
  cube_position (z)     = 0.0100 m                object_lift_height_cm = 0 cm
  cube_position (xy)    = [-0.250, 0.000]         grasp_completed       = 0
  target_position (xy)  = [0.150, 0.000]          finger_contacts       = 1
  x                                               grasp_attempts        = 1
  episode                = 1                      x
  step                   = 27                     x
  ee_position            = [-0.2833, 0.0000, 0.0101]  x
  ee_velocity            = [-0.0276, 0.0002, 0.1567]  x
  reward                 = -0.4001                x
  is_success             = False                  x
  obstacle_in_path       = False                  x
  obstacle_count_in_path = 0                      x
  obstacles              = {}                     x
  objects                = {'object_1': {'type': 'box', 'size': [0.045, 0.03, 0.02], 'mass': 10.0, 'color': [0.1, 0.2, 0.9, 1.0], 'initial_position': [-0.25, 0.0, 0.02], 'lateral_friction': 0.5, 'spinning_friction': 0.001, 'current_position': [-0.2500012883628663, 2.083368765523431e-06, 0.009989999715408263]}}  x
  scripts                = {'script_1': True, 'reach_only': True, 'left_right': True}  x
  target_goal            = {'type': 'goal_sequence', 'targets': [{'name': 'target', 'position': [0.15000000596046448, 0.0, 0.019999999552965164]}], 'mode': 'goal_sequence'}  x
  scene                  = {'table': {'length': 1.1, 'width': 0.7, 'height': 0.4, 'x_offset': -0.3, 'lateral_friction': 3.0, 'spinning_friction': 0.001}}  x
  robot_config           = {'control_type': 'ee', 'block_gripper': False, 'base_position': [-0.6, 0.0, 0.05]}  x
  current_task           = RETRY_GRASP            x
  active_target_name     = target                 x
  action                 = [0.1820, 0.0005, 0.9833, 1.0000]  x
  joint_angles           = [-0.0001, 0.2779, 0.0001, -2.8367, -0.0001, 2.9756, 0.7855]  x
  joint_velocities       = [0.0004, -0.6999, 0.0003, -0.1457, 0.0000, -0.7443, 0.0004]  x
  cube_rotation          = [0.0000, -0.0000, 0.0000]  x
  cube_linear_velocity   = [0.0000, 0.0000, 0.0000]  x
  obstacle_positions     = {}                     x
[step=  27 01:14:52.636][Analyzer] ASM node=retry_grasp  goal_status=not_applicable
[step=  28 01:14:53.780][Manager] ep=1 subtask= reward=-0.4015
[step=  28 01:14:53.781][Manager][MOCK] finger_contacts forçado para 1 (grasp_attempts=2)
[step=  28 01:14:53.781][Perception]
  RAW PERCEPTION                                  MONITORED PARAMS
  ----------------------------------------------  --------------------------------------
  fingers_width         = 0.0266 m                gripper_width_cm      = 2 cm
  dist_ee_to_cube       = 0.0283 m                distance_ee_object_cm = 2 cm
  dist_cube_to_target   = 0.4015 m  (3D)          distance_obj_goal_cm  = 40 cm  (XY)
  cube_position (z)     = 0.0108 m                object_lift_height_cm = 0 cm
  cube_position (xy)    = [-0.251, 0.000]         grasp_completed       = 1
  target_position (xy)  = [0.150, 0.000]          finger_contacts       = 1
  x                                               grasp_attempts        = 2
  episode                = 1                      x
  step                   = 28                     x
  ee_position            = [-0.2790, -0.0000, 0.0167]  x
  ee_velocity            = [-0.0559, 0.0016, 0.0432]  x
  reward                 = -0.4015                x
  is_success             = False                  x
  obstacle_in_path       = False                  x
  obstacle_count_in_path = 0                      x
  obstacles              = {}                     x
  objects                = {'object_1': {'type': 'box', 'size': [0.045, 0.03, 0.02], 'mass': 10.0, 'color': [0.1, 0.2, 0.9, 1.0], 'initial_position': [-0.25, 0.0, 0.02], 'lateral_friction': 0.5, 'spinning_friction': 0.001, 'current_position': [-0.25136929842477906, 2.1179718870777435e-05, 0.01076390524131102]}}  x
  scripts                = {'script_1': True, 'reach_only': True, 'left_right': True}  x
  target_goal            = {'type': 'goal_sequence', 'targets': [{'name': 'target', 'position': [0.15000000596046448, 0.0, 0.019999999552965164]}], 'mode': 'goal_sequence'}  x
  scene                  = {'table': {'length': 1.1, 'width': 0.7, 'height': 0.4, 'x_offset': -0.3, 'lateral_friction': 3.0, 'spinning_friction': 0.001}}  x
  robot_config           = {'control_type': 'ee', 'block_gripper': False, 'base_position': [-0.6, 0.0, 0.05]}  x
  current_task           = RETRY_GRASP            x
  active_target_name     = target                 x
  action                 = [0.0000, 0.0000, 0.0000, -1.0000]  x
  joint_angles           = [-0.0000, 0.2667, 0.0000, -2.8979, 0.0003, 3.1475, 0.7855]  x
  joint_velocities       = [0.0002, -0.0877, -0.0002, -0.6097, -0.0185, 1.3194, 0.0005]  x
  cube_rotation          = [-0.0041, 0.0320, -0.0033]  x
  cube_linear_velocity   = [-0.0596, 0.0014, 0.0273]  x
  obstacle_positions     = {}                     x
[step=  28 01:14:53.783][ASM] [ADAPT] retry_grasp → retry_grasp  (type=adaptive)
[step=  28 01:14:53.783][Analyzer] ASM node=retry_grasp  goal_status=VIOLATED  → adaptation=RETRY_GRASP
[step=  28 01:14:53.783][Planner] situacao=RETRY_GRASP  strategy=RETRY_GRASP
[step=  28 01:14:53.930][Manager] Adaptacao iniciada: RETRY_GRASP
[step=  29 01:14:54.940][Manager] ep=1 subtask= reward=-0.4001
[step=  29 01:14:54.941][Manager][MOCK] finger_contacts forçado para 1 (grasp_attempts=2)
[step=  29 01:14:54.941][Perception]
  RAW PERCEPTION                                  MONITORED PARAMS
  ----------------------------------------------  --------------------------------------
  fingers_width         = 0.0735 m                gripper_width_cm      = 7 cm
  dist_ee_to_cube       = 0.0293 m                distance_ee_object_cm = 2 cm
  dist_cube_to_target   = 0.4001 m  (3D)          distance_obj_goal_cm  = 40 cm  (XY)
  cube_position (z)     = 0.0118 m                object_lift_height_cm = 0 cm
  cube_position (xy)    = [-0.250, 0.000]         grasp_completed       = 0
  target_position (xy)  = [0.150, 0.000]          finger_contacts       = 1
  x                                               grasp_attempts        = 2
  episode                = 1                      x
  step                   = 29                     x
  ee_position            = [-0.2787, -0.0000, 0.0176]  x
  ee_velocity            = [0.0033, -0.0000, 0.0068]  x
  reward                 = -0.4001                x
  is_success             = False                  x
  obstacle_in_path       = False                  x
  obstacle_count_in_path = 0                      x
  obstacles              = {}                     x
  objects                = {'object_1': {'type': 'box', 'size': [0.045, 0.03, 0.02], 'mass': 10.0, 'color': [0.1, 0.2, 0.9, 1.0], 'initial_position': [-0.25, 0.0, 0.02], 'lateral_friction': 0.5, 'spinning_friction': 0.001, 'current_position': [-0.25, 0.0, 0.011764591277502493]}}  x
  scripts                = {'script_1': True, 'reach_only': True, 'left_right': True}  x
  target_goal            = {'type': 'goal_sequence', 'targets': [{'name': 'target', 'position': [0.15000000596046448, 0.0, 0.019999999552965164]}], 'mode': 'goal_sequence'}  x
  scene                  = {'table': {'length': 1.1, 'width': 0.7, 'height': 0.4, 'x_offset': -0.3, 'lateral_friction': 3.0, 'spinning_friction': 0.001}}  x
  robot_config           = {'control_type': 'ee', 'block_gripper': False, 'base_position': [-0.6, 0.0, 0.05]}  x
  current_task           = RETRY_GRASP            x
  active_target_name     = target                 x
  action                 = [0.0000, 0.0000, 0.0000, 1.0000]  x
  joint_angles           = [-0.0000, 0.2663, 0.0000, -2.9049, 0.0001, 3.1688, 0.7853]  x
  joint_velocities       = [0.0002, -0.0033, -0.0006, -0.0544, -0.0013, 0.1639, -0.0012]  x
  cube_rotation          = [0.0000, -0.0000, 0.0000]  x
  cube_linear_velocity   = [0.0000, 0.0000, -0.3920]  x
  obstacle_positions     = {}                     x
[step=  29 01:14:54.943][Analyzer] ASM node=retry_grasp  goal_status=not_applicable
[step=  30 01:14:56.088][Manager] ep=1 subtask= reward=-0.4001
[step=  30 01:14:56.088][Manager][MOCK] finger_contacts forçado para 1 (grasp_attempts=2)
[step=  30 01:14:56.088][Perception]
  RAW PERCEPTION                                  MONITORED PARAMS
  ----------------------------------------------  --------------------------------------
  fingers_width         = 0.0792 m                gripper_width_cm      = 7 cm
  dist_ee_to_cube       = 0.0394 m                distance_ee_object_cm = 3 cm
  dist_cube_to_target   = 0.4001 m  (3D)          distance_obj_goal_cm  = 40 cm  (XY)
  cube_position (z)     = 0.0098 m                object_lift_height_cm = 0 cm
  cube_position (xy)    = [-0.250, -0.000]        grasp_completed       = 0
  target_position (xy)  = [0.150, 0.000]          finger_contacts       = 1
  x                                               grasp_attempts        = 2
  episode                = 1                      x
  step                   = 30                     x
  ee_position            = [-0.2839, -0.0000, 0.0300]  x
  ee_velocity            = [0.7092, 0.0000, 0.8951]  x
  reward                 = -0.4001                x
  is_success             = False                  x
  obstacle_in_path       = False                  x
  obstacle_count_in_path = 0                      x
  obstacles              = {}                     x
  objects                = {'object_1': {'type': 'box', 'size': [0.045, 0.03, 0.02], 'mass': 10.0, 'color': [0.1, 0.2, 0.9, 1.0], 'initial_position': [-0.25, 0.0, 0.02], 'lateral_friction': 0.5, 'spinning_friction': 0.001, 'current_position': [-0.25, -7.977003619437263e-20, 0.009793123452511954]}}  x
  scripts                = {'script_1': True, 'reach_only': True, 'left_right': True}  x
  target_goal            = {'type': 'goal_sequence', 'targets': [{'name': 'target', 'position': [0.15000000596046448, 0.0, 0.019999999552965164]}], 'mode': 'goal_sequence'}  x
  scene                  = {'table': {'length': 1.1, 'width': 0.7, 'height': 0.4, 'x_offset': -0.3, 'lateral_friction': 3.0, 'spinning_friction': 0.001}}  x
  robot_config           = {'control_type': 'ee', 'block_gripper': False, 'base_position': [-0.6, 0.0, 0.05]}  x
  current_task           = RETRY_GRASP            x
  active_target_name     = target                 x
  action                 = [0.2019, 0.0001, 0.9794, 1.0000]  x
  joint_angles           = [0.0000, 0.1902, -0.0000, -2.9102, 0.0001, 3.0562, 0.7853]  x
  joint_velocities       = [0.0001, -3.0744, -0.0001, -0.0571, -0.0002, -0.8660, -0.0001]  x
  cube_rotation          = [0.0000, 0.0000, 0.0000]  x
  cube_linear_velocity   = [-0.0000, -0.0000, 0.0086]  x
  obstacle_positions     = {}                     x
[step=  30 01:14:56.091][Analyzer] ASM node=retry_grasp  goal_status=not_applicable
[step=  31 01:14:57.265][Manager] ep=1 subtask= reward=-0.4001
[step=  31 01:14:57.265][Manager][MOCK] finger_contacts forçado para 1 (grasp_attempts=2)
[step=  31 01:14:57.266][Perception]
  RAW PERCEPTION                                  MONITORED PARAMS
  ----------------------------------------------  --------------------------------------
  fingers_width         = 0.0799 m                gripper_width_cm      = 7 cm
  dist_ee_to_cube       = 0.0555 m                distance_ee_object_cm = 5 cm
  dist_cube_to_target   = 0.4001 m  (3D)          distance_obj_goal_cm  = 40 cm  (XY)
  cube_position (z)     = 0.0100 m                object_lift_height_cm = 0 cm
  cube_position (xy)    = [-0.250, -0.000]        grasp_completed       = 0
  target_position (xy)  = [0.150, 0.000]          finger_contacts       = 1
  x                                               grasp_attempts        = 2
  episode                = 1                      x
  step                   = 31                     x
  ee_position            = [-0.2695, -0.0000, 0.0620]  x
  ee_velocity            = [0.0715, -0.0000, 0.2233]  x
  reward                 = -0.4001                x
  is_success             = False                  x
  obstacle_in_path       = False                  x
  obstacle_count_in_path = 0                      x
  obstacles              = {}                     x
  objects                = {'object_1': {'type': 'box', 'size': [0.045, 0.03, 0.02], 'mass': 10.0, 'color': [0.1, 0.2, 0.9, 1.0], 'initial_position': [-0.25, 0.0, 0.02], 'lateral_friction': 0.5, 'spinning_friction': 0.001, 'current_position': [-0.250000000045518, -8.743666458874738e-11, 0.009952850707023916]}}  x
  scripts                = {'script_1': True, 'reach_only': True, 'left_right': True}  x
  target_goal            = {'type': 'goal_sequence', 'targets': [{'name': 'target', 'position': [0.15000000596046448, 0.0, 0.019999999552965164]}], 'mode': 'goal_sequence'}  x
  scene                  = {'table': {'length': 1.1, 'width': 0.7, 'height': 0.4, 'x_offset': -0.3, 'lateral_friction': 3.0, 'spinning_friction': 0.001}}  x
  robot_config           = {'control_type': 'ee', 'block_gripper': False, 'base_position': [-0.6, 0.0, 0.05]}  x
  current_task           = RETRY_GRASP            x
  active_target_name     = target                 x
  action                 = [0.2618, 0.0001, 0.9651, 1.0000]  x
  joint_angles           = [0.0000, 0.0719, -0.0000, -2.9226, 0.0001, 2.9935, 0.7853]  x
  joint_velocities       = [0.0000, -0.8790, -0.0001, -0.1109, -0.0000, -0.4818, -0.0002]  x
  cube_rotation          = [0.0000, -0.0000, 0.0000]  x
  cube_linear_velocity   = [-0.0000, -0.0000, 0.0016]  x
  obstacle_positions     = {}                     x
[step=  31 01:14:57.268][Analyzer] ASM node=retry_grasp  goal_status=not_applicable
[step=  32 01:14:58.407][Manager] ep=1 subtask= reward=-0.4001
[step=  32 01:14:58.407][Manager][MOCK] finger_contacts forçado para 1 (grasp_attempts=2)
[step=  32 01:14:58.408][Perception]
  RAW PERCEPTION                                  MONITORED PARAMS
  ----------------------------------------------  --------------------------------------
  fingers_width         = 0.0800 m                gripper_width_cm      = 7 cm
  dist_ee_to_cube       = 0.0759 m                distance_ee_object_cm = 7 cm
  dist_cube_to_target   = 0.4001 m  (3D)          distance_obj_goal_cm  = 40 cm  (XY)
  cube_position (z)     = 0.0100 m                object_lift_height_cm = 0 cm
  cube_position (xy)    = [-0.250, -0.000]        grasp_completed       = 0
  target_position (xy)  = [0.150, 0.000]          finger_contacts       = 1
  x                                               grasp_attempts        = 2
  episode                = 1                      x
  step                   = 32                     x
  ee_position            = [-0.2631, -0.0000, 0.0847]  x
  ee_velocity            = [0.3646, -0.0001, 0.6219]  x
  reward                 = -0.4001                x
  is_success             = False                  x
  obstacle_in_path       = False                  x
  obstacle_count_in_path = 0                      x
  obstacles              = {}                     x
  objects                = {'object_1': {'type': 'box', 'size': [0.045, 0.03, 0.02], 'mass': 10.0, 'color': [0.1, 0.2, 0.9, 1.0], 'initial_position': [-0.25, 0.0, 0.02], 'lateral_friction': 0.5, 'spinning_friction': 0.001, 'current_position': [-0.25000016294334343, -1.316684325626369e-07, 0.009983327510310887]}}  x
  scripts                = {'script_1': True, 'reach_only': True, 'left_right': True}  x
  target_goal            = {'type': 'goal_sequence', 'targets': [{'name': 'target', 'position': [0.15000000596046448, 0.0, 0.019999999552965164]}], 'mode': 'goal_sequence'}  x
  scene                  = {'table': {'length': 1.1, 'width': 0.7, 'height': 0.4, 'x_offset': -0.3, 'lateral_friction': 3.0, 'spinning_friction': 0.001}}  x
  robot_config           = {'control_type': 'ee', 'block_gripper': False, 'base_position': [-0.6, 0.0, 0.05]}  x
  current_task           = RETRY_GRASP            x
  active_target_name     = target                 x
  action                 = [0.2048, 0.0001, 0.9788, 1.0000]  x
  joint_angles           = [0.0000, -0.0175, -0.0000, -2.9053, -0.0000, 2.8709, 0.7854]  x
  joint_velocities       = [-0.0000, -1.9757, -0.0001, 0.1354, 0.0019, -0.9432, 0.0003]  x
  cube_rotation          = [0.0000, -0.0000, 0.0000]  x
  cube_linear_velocity   = [-0.0000, -0.0000, 0.0003]  x
  obstacle_positions     = {}                     x
[step=  32 01:14:58.410][Analyzer] ASM node=retry_grasp  goal_status=not_applicable
[step=  33 01:14:59.554][Manager] ep=1 subtask= reward=-0.4001
[step=  33 01:14:59.554][Manager][MOCK] finger_contacts forçado para 1 (grasp_attempts=2)
[step=  33 01:14:59.554][Perception]
  RAW PERCEPTION                                  MONITORED PARAMS
  ----------------------------------------------  --------------------------------------
  fingers_width         = 0.0800 m                gripper_width_cm      = 7 cm
  dist_ee_to_cube       = 0.1053 m                distance_ee_object_cm = 10 cm
  dist_cube_to_target   = 0.4001 m  (3D)          distance_obj_goal_cm  = 40 cm  (XY)
  cube_position (z)     = 0.0100 m                object_lift_height_cm = 0 cm
  cube_position (xy)    = [-0.250, 0.000]         grasp_completed       = 0
  target_position (xy)  = [0.150, 0.000]          finger_contacts       = 1
  x                                               grasp_attempts        = 2
  episode                = 1                      x
  step                   = 33                     x
  ee_position            = [-0.2526, -0.0000, 0.1153]  x
  ee_velocity            = [0.1338, 0.0001, 0.3468]  x
  reward                 = -0.4001                x
  is_success             = False                  x
  obstacle_in_path       = False                  x
  obstacle_count_in_path = 0                      x
  obstacles              = {}                     x
  objects                = {'object_1': {'type': 'box', 'size': [0.045, 0.03, 0.02], 'mass': 10.0, 'color': [0.1, 0.2, 0.9, 1.0], 'initial_position': [-0.25, 0.0, 0.02], 'lateral_friction': 0.5, 'spinning_friction': 0.001, 'current_position': [-0.2500003987377793, 2.033037479488757e-08, 0.009989259579070351]}}  x
  scripts                = {'script_1': True, 'reach_only': True, 'left_right': True}  x
  target_goal            = {'type': 'goal_sequence', 'targets': [{'name': 'target', 'position': [0.15000000596046448, 0.0, 0.019999999552965164]}], 'mode': 'goal_sequence'}  x
  scene                  = {'table': {'length': 1.1, 'width': 0.7, 'height': 0.4, 'x_offset': -0.3, 'lateral_friction': 3.0, 'spinning_friction': 0.001}}  x
  robot_config           = {'control_type': 'ee', 'block_gripper': False, 'base_position': [-0.6, 0.0, 0.05]}  x
  current_task           = RETRY_GRASP            x
  active_target_name     = target                 x
  action                 = [0.1832, 0.0001, 0.9831, 1.0000]  x
  joint_angles           = [0.0000, -0.1178, -0.0000, -2.8891, -0.0000, 2.7664, 0.7854]  x
  joint_velocities       = [0.0000, -1.0902, 0.0002, 0.1246, 0.0003, -0.8024, -0.0001]  x
  cube_rotation          = [0.0000, -0.0000, 0.0000]  x
  cube_linear_velocity   = [0.0000, 0.0000, 0.0000]  x
  obstacle_positions     = {}                     x
[step=  33 01:14:59.557][Analyzer] ASM node=retry_grasp  goal_status=not_applicable
[step=  34 01:15:00.714][Manager] ep=1 subtask= reward=-0.4001
[step=  34 01:15:00.714][Manager][MOCK] finger_contacts forçado para 1 (grasp_attempts=2)
[step=  34 01:15:00.714][Perception]
  RAW PERCEPTION                                  MONITORED PARAMS
  ----------------------------------------------  --------------------------------------
  fingers_width         = 0.0800 m                gripper_width_cm      = 7 cm
  dist_ee_to_cube       = 0.1333 m                distance_ee_object_cm = 13 cm
  dist_cube_to_target   = 0.4001 m  (3D)          distance_obj_goal_cm  = 40 cm  (XY)
  cube_position (z)     = 0.0100 m                object_lift_height_cm = 0 cm
  cube_position (xy)    = [-0.250, 0.000]         grasp_completed       = 0
  target_position (xy)  = [0.150, 0.000]          finger_contacts       = 1
  x                                               grasp_attempts        = 2
  episode                = 1                      x
  step                   = 34                     x
  ee_position            = [-0.2482, -0.0000, 0.1433]  x
  ee_velocity            = [0.2169, 0.0001, 0.5812]  x
  reward                 = -0.4001                x
  is_success             = False                  x
  obstacle_in_path       = False                  x
  obstacle_count_in_path = 0                      x
  obstacles              = {}                     x
  objects                = {'object_1': {'type': 'box', 'size': [0.045, 0.03, 0.02], 'mass': 10.0, 'color': [0.1, 0.2, 0.9, 1.0], 'initial_position': [-0.25, 0.0, 0.02], 'lateral_friction': 0.5, 'spinning_friction': 0.001, 'current_position': [-0.25000046781418267, 6.745475618412639e-07, 0.009990041452605864]}}  x
  scripts                = {'script_1': True, 'reach_only': True, 'left_right': True}  x
  target_goal            = {'type': 'goal_sequence', 'targets': [{'name': 'target', 'position': [0.15000000596046448, 0.0, 0.019999999552965164]}], 'mode': 'goal_sequence'}  x
  scene                  = {'table': {'length': 1.1, 'width': 0.7, 'height': 0.4, 'x_offset': -0.3, 'lateral_friction': 3.0, 'spinning_friction': 0.001}}  x
  robot_config           = {'control_type': 'ee', 'block_gripper': False, 'base_position': [-0.6, 0.0, 0.05]}  x
  current_task           = RETRY_GRASP            x
  active_target_name     = target                 x
  action                 = [0.0658, 0.0001, 0.9978, 1.0000]  x
  joint_angles           = [0.0000, -0.2082, -0.0000, -2.8665, -0.0001, 2.6457, 0.7854]  x
  joint_velocities       = [-0.0001, -1.7051, 0.0002, 0.1787, 0.0034, -0.9275, -0.0003]  x
  cube_rotation          = [0.0000, -0.0000, 0.0000]  x
  cube_linear_velocity   = [-0.0000, 0.0000, 0.0000]  x
  obstacle_positions     = {}                     x
[step=  34 01:15:00.717][Analyzer] ASM node=retry_grasp  goal_status=not_applicable
[step=  35 01:15:01.834][Manager] ep=1 subtask= reward=-0.4001
[step=  35 01:15:01.835][Manager][MOCK] finger_contacts forçado para 1 (grasp_attempts=2)
[step=  35 01:15:01.835][Perception]
  RAW PERCEPTION                                  MONITORED PARAMS
  ----------------------------------------------  --------------------------------------
  fingers_width         = 0.0800 m                gripper_width_cm      = 7 cm
  dist_ee_to_cube       = 0.1641 m                distance_ee_object_cm = 16 cm
  dist_cube_to_target   = 0.4001 m  (3D)          distance_obj_goal_cm  = 40 cm  (XY)
  cube_position (z)     = 0.0100 m                object_lift_height_cm = 0 cm
  cube_position (xy)    = [-0.250, 0.000]         grasp_completed       = 0
  target_position (xy)  = [0.150, 0.000]          finger_contacts       = 1
  x                                               grasp_attempts        = 2
  episode                = 1                      x
  step                   = 35                     x
  ee_position            = [-0.2500, 0.0000, 0.1741]  x
  ee_velocity            = [0.0864, 0.0001, 0.4921]  x
  reward                 = -0.4001                x
  is_success             = False                  x
  obstacle_in_path       = False                  x
  obstacle_count_in_path = 0                      x
  obstacles              = {}                     x
  objects                = {'object_1': {'type': 'box', 'size': [0.045, 0.03, 0.02], 'mass': 10.0, 'color': [0.1, 0.2, 0.9, 1.0], 'initial_position': [-0.25, 0.0, 0.02], 'lateral_friction': 0.5, 'spinning_friction': 0.001, 'current_position': [-0.2500006522419604, 9.747244444015738e-07, 0.00999004304227132]}}  x
  scripts                = {'script_1': True, 'reach_only': True, 'left_right': True}  x
  target_goal            = {'type': 'goal_sequence', 'targets': [{'name': 'target', 'position': [0.15000000596046448, 0.0, 0.019999999552965164]}], 'mode': 'goal_sequence'}  x
  scene                  = {'table': {'length': 1.1, 'width': 0.7, 'height': 0.4, 'x_offset': -0.3, 'lateral_friction': 3.0, 'spinning_friction': 0.001}}  x
  robot_config           = {'control_type': 'ee', 'block_gripper': False, 'base_position': [-0.6, 0.0, 0.05]}  x
  current_task           = RETRY_GRASP            x
  active_target_name     = target                 x
  action                 = [-0.1519, 0.0003, 0.9884, 1.0000]  x
  joint_angles           = [0.0000, -0.3174, -0.0000, -2.8622, -0.0000, 2.5370, 0.7854]  x
  joint_velocities       = [0.0003, -1.5824, 0.0000, 0.0278, 0.0003, -0.8360, 0.0002]  x
  cube_rotation          = [0.0000, -0.0000, 0.0000]  x
  cube_linear_velocity   = [-0.0000, 0.0000, -0.0000]  x
  obstacle_positions     = {}                     x
[step=  35 01:15:01.838][Analyzer] ASM node=retry_grasp  goal_status=not_applicable
[step=  36 01:15:02.968][Manager] ep=1 subtask= reward=-0.4001
[step=  36 01:15:02.969][Manager][MOCK] finger_contacts forçado para 1 (grasp_attempts=2)
[step=  36 01:15:02.969][Perception]
  RAW PERCEPTION                                  MONITORED PARAMS
  ----------------------------------------------  --------------------------------------
  fingers_width         = 0.0800 m                gripper_width_cm      = 7 cm
  dist_ee_to_cube       = 0.1580 m                distance_ee_object_cm = 15 cm
  dist_cube_to_target   = 0.4001 m  (3D)          distance_obj_goal_cm  = 40 cm  (XY)
  cube_position (z)     = 0.0100 m                object_lift_height_cm = 0 cm
  cube_position (xy)    = [-0.250, 0.000]         grasp_completed       = 0
  target_position (xy)  = [0.150, 0.000]          finger_contacts       = 1
  x                                               grasp_attempts        = 2
  episode                = 1                      x
  step                   = 36                     x
  ee_position            = [-0.2412, 0.0000, 0.1677]  x
  ee_velocity            = [-0.3914, -0.0002, -1.0189]  x
  reward                 = -0.4001                x
  is_success             = False                  x
  obstacle_in_path       = False                  x
  obstacle_count_in_path = 0                      x
  obstacles              = {}                     x
  objects                = {'object_1': {'type': 'box', 'size': [0.045, 0.03, 0.02], 'mass': 10.0, 'color': [0.1, 0.2, 0.9, 1.0], 'initial_position': [-0.25, 0.0, 0.02], 'lateral_friction': 0.5, 'spinning_friction': 0.001, 'current_position': [-0.2500008376143283, 1.2745512045479355e-06, 0.009990043042139555]}}  x
  scripts                = {'script_1': True, 'reach_only': True, 'left_right': True}  x
  target_goal            = {'type': 'goal_sequence', 'targets': [{'name': 'target', 'position': [0.15000000596046448, 0.0, 0.019999999552965164]}], 'mode': 'goal_sequence'}  x
  scene                  = {'table': {'length': 1.1, 'width': 0.7, 'height': 0.4, 'x_offset': -0.3, 'lateral_friction': 3.0, 'spinning_friction': 0.001}}  x
  robot_config           = {'control_type': 'ee', 'block_gripper': False, 'base_position': [-0.6, 0.0, 0.05]}  x
  current_task           = RETRY_GRASP            x
  active_target_name     = target                 x
  action                 = [0.0001, -0.0001, -1.0000, 1.0000]  x
  joint_angles           = [0.0000, -0.2888, -0.0000, -2.8947, 0.0002, 2.6729, 0.7854]  x
  joint_velocities       = [0.0002, 2.8647, -0.0002, -0.2659, -0.0102, 1.0447, 0.0000]  x
  cube_rotation          = [0.0000, -0.0000, 0.0000]  x
  cube_linear_velocity   = [-0.0000, 0.0000, -0.0000]  x
  obstacle_positions     = {}                     x
[step=  36 01:15:02.971][Analyzer] ASM node=retry_grasp  goal_status=not_applicable
[step=  37 01:15:04.128][Manager] ep=1 subtask= reward=-0.4001
[step=  37 01:15:04.128][Manager][MOCK] finger_contacts forçado para 1 (grasp_attempts=2)
[step=  37 01:15:04.128][Perception]
  RAW PERCEPTION                                  MONITORED PARAMS
  ----------------------------------------------  --------------------------------------
  fingers_width         = 0.0800 m                gripper_width_cm      = 7 cm
  dist_ee_to_cube       = 0.1167 m                distance_ee_object_cm = 11 cm
  dist_cube_to_target   = 0.4001 m  (3D)          distance_obj_goal_cm  = 40 cm  (XY)
  cube_position (z)     = 0.0100 m                object_lift_height_cm = 0 cm
  cube_position (xy)    = [-0.250, 0.000]         grasp_completed       = 0
  target_position (xy)  = [0.150, 0.000]          finger_contacts       = 1
  x                                               grasp_attempts        = 2
  episode                = 1                      x
  step                   = 37                     x
  ee_position            = [-0.2522, 0.0000, 0.1267]  x
  ee_velocity            = [-0.2864, -0.0000, -0.6324]  x
  reward                 = -0.4001                x
  is_success             = False                  x
  obstacle_in_path       = False                  x
  obstacle_count_in_path = 0                      x
  obstacles              = {}                     x
  objects                = {'object_1': {'type': 'box', 'size': [0.045, 0.03, 0.02], 'mass': 10.0, 'color': [0.1, 0.2, 0.9, 1.0], 'initial_position': [-0.25, 0.0, 0.02], 'lateral_friction': 0.5, 'spinning_friction': 0.001, 'current_position': [-0.2500010229898824, 1.5743751719555041e-06, 0.009990043042007448]}}  x
  scripts                = {'script_1': True, 'reach_only': True, 'left_right': True}  x
  target_goal            = {'type': 'goal_sequence', 'targets': [{'name': 'target', 'position': [0.15000000596046448, 0.0, 0.019999999552965164]}], 'mode': 'goal_sequence'}  x
  scene                  = {'table': {'length': 1.1, 'width': 0.7, 'height': 0.4, 'x_offset': -0.3, 'lateral_friction': 3.0, 'spinning_friction': 0.001}}  x
  robot_config           = {'control_type': 'ee', 'block_gripper': False, 'base_position': [-0.6, 0.0, 0.05]}  x
  current_task           = RETRY_GRASP            x
  active_target_name     = target                 x
  action                 = [-0.0665, -0.0001, -0.9978, 1.0000]  x
  joint_angles           = [0.0000, -0.1534, 0.0000, -2.8856, 0.0000, 2.7201, 0.7854]  x
  joint_velocities       = [-0.0005, 1.9875, 0.0005, 0.0880, -0.0011, 0.3630, 0.0001]  x
  cube_rotation          = [0.0000, -0.0000, 0.0000]  x
  cube_linear_velocity   = [-0.0000, 0.0000, -0.0000]  x
  obstacle_positions     = {}                     x
[step=  37 01:15:04.131][Analyzer] ASM node=retry_grasp  goal_status=not_applicable
[step=  38 01:15:05.262][Manager] ep=1 subtask= reward=-0.4001
[step=  38 01:15:05.262][Manager][MOCK] finger_contacts forçado para 1 (grasp_attempts=2)
[step=  38 01:15:05.262][Perception]
  RAW PERCEPTION                                  MONITORED PARAMS
  ----------------------------------------------  --------------------------------------
  fingers_width         = 0.0800 m                gripper_width_cm      = 7 cm
  dist_ee_to_cube       = 0.0840 m                distance_ee_object_cm = 8 cm
  dist_cube_to_target   = 0.4001 m  (3D)          distance_obj_goal_cm  = 40 cm  (XY)
  cube_position (z)     = 0.0100 m                object_lift_height_cm = 0 cm
  cube_position (xy)    = [-0.250, 0.000]         grasp_completed       = 0
  target_position (xy)  = [0.150, 0.000]          finger_contacts       = 1
  x                                               grasp_attempts        = 2
  episode                = 1                      x
  step                   = 38                     x
  ee_position            = [-0.2559, 0.0000, 0.0938]  x
  ee_velocity            = [-0.2778, 0.0001, -0.5851]  x
  reward                 = -0.4001                x
  is_success             = False                  x
  obstacle_in_path       = False                  x
  obstacle_count_in_path = 0                      x
  obstacles              = {}                     x
  objects                = {'object_1': {'type': 'box', 'size': [0.045, 0.03, 0.02], 'mass': 10.0, 'color': [0.1, 0.2, 0.9, 1.0], 'initial_position': [-0.25, 0.0, 0.02], 'lateral_friction': 0.5, 'spinning_friction': 0.001, 'current_position': [-0.25000120836862255, 1.8741963463781878e-06, 0.009990043041875344]}}  x
  scripts                = {'script_1': True, 'reach_only': True, 'left_right': True}  x
  target_goal            = {'type': 'goal_sequence', 'targets': [{'name': 'target', 'position': [0.15000000596046448, 0.0, 0.019999999552965164]}], 'mode': 'goal_sequence'}  x
  scene                  = {'table': {'length': 1.1, 'width': 0.7, 'height': 0.4, 'x_offset': -0.3, 'lateral_friction': 3.0, 'spinning_friction': 0.001}}  x
  robot_config           = {'control_type': 'ee', 'block_gripper': False, 'base_position': [-0.6, 0.0, 0.05]}  x
  current_task           = RETRY_GRASP            x
  active_target_name     = target                 x
  action                 = [0.0238, -0.0001, -0.9997, 1.0000]  x
  joint_angles           = [-0.0000, -0.0333, 0.0000, -2.8933, 0.0000, 2.8488, 0.7854]  x
  joint_velocities       = [-0.0000, 1.9026, 0.0004, -0.0580, -0.0001, 0.9899, -0.0002]  x
  cube_rotation          = [0.0000, -0.0000, 0.0000]  x
  cube_linear_velocity   = [-0.0000, 0.0000, -0.0000]  x
  obstacle_positions     = {}                     x
[step=  38 01:15:05.265][Analyzer] ASM node=retry_grasp  goal_status=not_applicable
[step=  39 01:15:06.409][Manager] ep=1 subtask= reward=-0.4001
[step=  39 01:15:06.409][Manager][MOCK] finger_contacts forçado para 1 (grasp_attempts=2)
[step=  39 01:15:06.409][Perception]
  RAW PERCEPTION                                  MONITORED PARAMS
  ----------------------------------------------  --------------------------------------
  fingers_width         = 0.0800 m                gripper_width_cm      = 7 cm
  dist_ee_to_cube       = 0.0518 m                distance_ee_object_cm = 5 cm
  dist_cube_to_target   = 0.4001 m  (3D)          distance_obj_goal_cm  = 40 cm  (XY)
  cube_position (z)     = 0.0100 m                object_lift_height_cm = 0 cm
  cube_position (xy)    = [-0.250, 0.000]         grasp_completed       = 0
  target_position (xy)  = [0.150, 0.000]          finger_contacts       = 1
  x                                               grasp_attempts        = 2
  episode                = 1                      x
  step                   = 39                     x
  ee_position            = [-0.2564, -0.0000, 0.0614]  x
  ee_velocity            = [-0.3357, 0.0000, -0.6822]  x
  reward                 = -0.4001                x
  is_success             = False                  x
  obstacle_in_path       = False                  x
  obstacle_count_in_path = 0                      x
  obstacles              = {}                     x
  objects                = {'object_1': {'type': 'box', 'size': [0.045, 0.03, 0.02], 'mass': 10.0, 'color': [0.1, 0.2, 0.9, 1.0], 'initial_position': [-0.25, 0.0, 0.02], 'lateral_friction': 0.5, 'spinning_friction': 0.001, 'current_position': [-0.2500013202426628, 2.1282989496129337e-06, 0.009989990556513381]}}  x
  scripts                = {'script_1': True, 'reach_only': True, 'left_right': True}  x
  target_goal            = {'type': 'goal_sequence', 'targets': [{'name': 'target', 'position': [0.15000000596046448, 0.0, 0.019999999552965164]}], 'mode': 'goal_sequence'}  x
  scene                  = {'table': {'length': 1.1, 'width': 0.7, 'height': 0.4, 'x_offset': -0.3, 'lateral_friction': 3.0, 'spinning_friction': 0.001}}  x
  robot_config           = {'control_type': 'ee', 'block_gripper': False, 'base_position': [-0.6, 0.0, 0.05]}  x
  current_task           = RETRY_GRASP            x
  active_target_name     = target                 x
  action                 = [0.1003, -0.0000, -0.9950, 1.0000]  x
  joint_angles           = [-0.0000, 0.1028, 0.0000, -2.8770, -0.0000, 2.9664, 0.7854]  x
  joint_velocities       = [-0.0000, 2.3348, 0.0001, 0.1855, -0.0001, 0.9038, -0.0000]  x
  cube_rotation          = [0.0000, -0.0000, 0.0000]  x
  cube_linear_velocity   = [0.0000, 0.0000, 0.0000]  x
  obstacle_positions     = {}                     x
[step=  39 01:15:06.412][Analyzer] ASM node=retry_grasp  goal_status=not_applicable
[step=  40 01:15:07.555][Manager] ep=1 subtask= reward=-0.4001
[step=  40 01:15:07.556][Manager][MOCK] finger_contacts forçado para 1 (grasp_attempts=2)
[step=  40 01:15:07.556][Perception]
  RAW PERCEPTION                                  MONITORED PARAMS
  ----------------------------------------------  --------------------------------------
  fingers_width         = 0.0800 m                gripper_width_cm      = 7 cm
  dist_ee_to_cube       = 0.0176 m                distance_ee_object_cm = 1 cm
  dist_cube_to_target   = 0.4001 m  (3D)          distance_obj_goal_cm  = 40 cm  (XY)
  cube_position (z)     = 0.0100 m                object_lift_height_cm = 0 cm
  cube_position (xy)    = [-0.250, 0.000]         grasp_completed       = 0
  target_position (xy)  = [0.150, 0.000]          finger_contacts       = 1
  x                                               grasp_attempts        = 2
  episode                = 1                      x
  step                   = 40                     x
  ee_position            = [-0.2527, -0.0000, 0.0274]  x
  ee_velocity            = [-0.2727, 0.0000, -0.6811]  x
  reward                 = -0.4001                x
  is_success             = False                  x
  obstacle_in_path       = False                  x
  obstacle_count_in_path = 0                      x
  obstacles              = {}                     x
  objects                = {'object_1': {'type': 'box', 'size': [0.045, 0.03, 0.02], 'mass': 10.0, 'color': [0.1, 0.2, 0.9, 1.0], 'initial_position': [-0.25, 0.0, 0.02], 'lateral_friction': 0.5, 'spinning_friction': 0.001, 'current_position': [-0.25000131683748644, 2.1282990987971613e-06, 0.009989998218069396]}}  x
  scripts                = {'script_1': True, 'reach_only': True, 'left_right': True}  x
  target_goal            = {'type': 'goal_sequence', 'targets': [{'name': 'target', 'position': [0.15000000596046448, 0.0, 0.019999999552965164]}], 'mode': 'goal_sequence'}  x
  scene                  = {'table': {'length': 1.1, 'width': 0.7, 'height': 0.4, 'x_offset': -0.3, 'lateral_friction': 3.0, 'spinning_friction': 0.001}}  x
  robot_config           = {'control_type': 'ee', 'block_gripper': False, 'base_position': [-0.6, 0.0, 0.05]}  x
  current_task           = RETRY_GRASP            x
  active_target_name     = target                 x
  action                 = [0.2353, 0.0001, -0.9719, 1.0000]  x
  joint_angles           = [0.0000, 0.2524, -0.0000, -2.8328, -0.0000, 3.0663, 0.7854]  x
  joint_velocities       = [0.0001, 2.4298, -0.0000, 0.5192, -0.0000, 0.7683, 0.0000]  x
  cube_rotation          = [0.0000, -0.0000, 0.0000]  x
  cube_linear_velocity   = [0.0000, 0.0000, 0.0000]  x
  obstacle_positions     = {}                     x
[step=  40 01:15:07.558][Analyzer] ASM node=retry_grasp  goal_status=not_applicable
[step=  41 01:15:08.715][Manager] ep=1 subtask= reward=-0.4001
[step=  41 01:15:08.715][Manager][MOCK] finger_contacts forçado para 1 (grasp_attempts=2)
[step=  41 01:15:08.716][Perception]
  RAW PERCEPTION                                  MONITORED PARAMS
  ----------------------------------------------  --------------------------------------
  fingers_width         = 0.0800 m                gripper_width_cm      = 7 cm
  dist_ee_to_cube       = 0.0273 m                distance_ee_object_cm = 2 cm
  dist_cube_to_target   = 0.4001 m  (3D)          distance_obj_goal_cm  = 40 cm  (XY)
  cube_position (z)     = 0.0100 m                object_lift_height_cm = 0 cm
  cube_position (xy)    = [-0.250, 0.000]         grasp_completed       = 0
  target_position (xy)  = [0.150, 0.000]          finger_contacts       = 1
  x                                               grasp_attempts        = 2
  episode                = 1                      x
  step                   = 41                     x
  ee_position            = [-0.2772, 0.0000, 0.0124]  x
  ee_velocity            = [0.0509, 0.0002, 0.1536]  x
  reward                 = -0.4001                x
  is_success             = False                  x
  obstacle_in_path       = False                  x
  obstacle_count_in_path = 0                      x
  obstacles              = {}                     x
  objects                = {'object_1': {'type': 'box', 'size': [0.045, 0.03, 0.02], 'mass': 10.0, 'color': [0.1, 0.2, 0.9, 1.0], 'initial_position': [-0.25, 0.0, 0.02], 'lateral_friction': 0.5, 'spinning_friction': 0.001, 'current_position': [-0.2500013161987913, 2.1282966102028854e-06, 0.00998999966188162]}}  x
  scripts                = {'script_1': True, 'reach_only': True, 'left_right': True}  x
  target_goal            = {'type': 'goal_sequence', 'targets': [{'name': 'target', 'position': [0.15000000596046448, 0.0, 0.019999999552965164]}], 'mode': 'goal_sequence'}  x
  scene                  = {'table': {'length': 1.1, 'width': 0.7, 'height': 0.4, 'x_offset': -0.3, 'lateral_friction': 3.0, 'spinning_friction': 0.001}}  x
  robot_config           = {'control_type': 'ee', 'block_gripper': False, 'base_position': [-0.6, 0.0, 0.05]}  x
  current_task           = RETRY_GRASP            x
  active_target_name     = target                 x
  action                 = [0.3305, 0.0003, 0.9438, 1.0000]  x
  joint_angles           = [0.0000, 0.2750, 0.0000, -2.8232, -0.0000, 2.9629, 0.7854]  x
  joint_velocities       = [0.0002, -0.5882, 0.0003, 0.0648, 0.0000, -0.7951, 0.0002]  x
  cube_rotation          = [0.0000, -0.0000, 0.0000]  x
  cube_linear_velocity   = [0.0000, 0.0000, 0.0000]  x
  obstacle_positions     = {}                     x
[step=  41 01:15:08.719][Analyzer] ASM node=retry_grasp  goal_status=not_applicable
[step=  42 01:15:09.875][Manager] ep=1 subtask= reward=-0.4020
[step=  42 01:15:09.875][Manager][MOCK] finger_contacts forçado para 1 (grasp_attempts=3)
[step=  42 01:15:09.876][Perception]
  RAW PERCEPTION                                  MONITORED PARAMS
  ----------------------------------------------  --------------------------------------
  fingers_width         = 0.0286 m                gripper_width_cm      = 2 cm
  dist_ee_to_cube       = 0.0223 m                distance_ee_object_cm = 2 cm
  dist_cube_to_target   = 0.4020 m  (3D)          distance_obj_goal_cm  = 40 cm  (XY)
  cube_position (z)     = 0.0105 m                object_lift_height_cm = 0 cm
  cube_position (xy)    = [-0.252, -0.000]        grasp_completed       = 1
  target_position (xy)  = [0.150, 0.000]          finger_contacts       = 1
  x                                               grasp_attempts        = 3
  episode                = 1                      x
  step                   = 42                     x
  ee_position            = [-0.2727, -0.0000, 0.0187]  x
  ee_velocity            = [-0.0724, 0.0020, 0.0344]  x
  reward                 = -0.4020                x
  is_success             = False                  x
  obstacle_in_path       = False                  x
  obstacle_count_in_path = 0                      x
  obstacles              = {}                     x
  objects                = {'object_1': {'type': 'box', 'size': [0.045, 0.03, 0.02], 'mass': 10.0, 'color': [0.1, 0.2, 0.9, 1.0], 'initial_position': [-0.25, 0.0, 0.02], 'lateral_friction': 0.5, 'spinning_friction': 0.001, 'current_position': [-0.2519230489369985, -6.059898803377141e-05, 0.010537817588522524]}}  x
  scripts                = {'script_1': True, 'reach_only': True, 'left_right': True}  x
  target_goal            = {'type': 'goal_sequence', 'targets': [{'name': 'target', 'position': [0.15000000596046448, 0.0, 0.019999999552965164]}], 'mode': 'goal_sequence'}  x
  scene                  = {'table': {'length': 1.1, 'width': 0.7, 'height': 0.4, 'x_offset': -0.3, 'lateral_friction': 3.0, 'spinning_friction': 0.001}}  x
  robot_config           = {'control_type': 'ee', 'block_gripper': False, 'base_position': [-0.6, 0.0, 0.05]}  x
  current_task           = RETRY_GRASP            x
  active_target_name     = target                 x
  action                 = [0.0000, 0.0000, 0.0000, -1.0000]  x
  joint_angles           = [0.0000, 0.2639, 0.0000, -2.8829, 0.0004, 3.1306, 0.7854]  x
  joint_velocities       = [-0.0001, -0.0884, 0.0012, -0.6275, -0.0189, 1.2882, 0.0009]  x
  cube_rotation          = [0.0042, 0.0217, 0.0019]  x
  cube_linear_velocity   = [-0.0774, -0.0011, 0.0214]  x
  obstacle_positions     = {}                     x
[step=  42 01:15:09.878][ASM] [ADAPT] retry_grasp → safe_abort  (type=adaptive)
[step=  42 01:15:09.879][Analyzer] ASM node=safe_abort  goal_status=VIOLATED  → adaptation=SAFE_ABORT
[step=  42 01:15:09.879][Planner] situacao=SAFE_ABORT  strategy=SAFE_ABORT
[step=  42 01:15:09.998][Manager] Adaptacao iniciada: SAFE_ABORT
[step=  43 01:15:11.009][Manager] ep=1 subtask= reward=-0.4001
[step=  43 01:15:11.010][Manager][MOCK] finger_contacts forçado para 1 (grasp_attempts=3)
[step=  43 01:15:11.010][Perception]
  RAW PERCEPTION                                  MONITORED PARAMS
  ----------------------------------------------  --------------------------------------
  fingers_width         = 0.0738 m                gripper_width_cm      = 7 cm
  dist_ee_to_cube       = 0.0413 m                distance_ee_object_cm = 4 cm
  dist_cube_to_target   = 0.4001 m  (3D)          distance_obj_goal_cm  = 40 cm  (XY)
  cube_position (z)     = 0.0118 m                object_lift_height_cm = 0 cm
  cube_position (xy)    = [-0.250, 0.000]         grasp_completed       = 0
  target_position (xy)  = [0.150, 0.000]          finger_contacts       = 1
  x                                               grasp_attempts        = 3
  episode                = 1                      x
  step                   = 43                     x
  ee_position            = [-0.2864, -0.0000, 0.0312]  x
  ee_velocity            = [0.6183, -0.0000, 0.8788]  x
  reward                 = -0.4001                x
  is_success             = False                  x
  obstacle_in_path       = False                  x
  obstacle_count_in_path = 0                      x
  obstacles              = {}                     x
  objects                = {'object_1': {'type': 'box', 'size': [0.045, 0.03, 0.02], 'mass': 10.0, 'color': [0.1, 0.2, 0.9, 1.0], 'initial_position': [-0.25, 0.0, 0.02], 'lateral_friction': 0.5, 'spinning_friction': 0.001, 'current_position': [-0.25, 0.0, 0.011764591277502493]}}  x
  scripts                = {'script_1': True, 'reach_only': True, 'left_right': True}  x
  target_goal            = {'type': 'goal_sequence', 'targets': [{'name': 'target', 'position': [0.15000000596046448, 0.0, 0.019999999552965164]}], 'mode': 'goal_sequence'}  x
  scene                  = {'table': {'length': 1.1, 'width': 0.7, 'height': 0.4, 'x_offset': -0.3, 'lateral_friction': 3.0, 'spinning_friction': 0.001}}  x
  robot_config           = {'control_type': 'ee', 'block_gripper': False, 'base_position': [-0.6, 0.0, 0.05]}  x
  current_task           = ABORT                  x
  active_target_name     = target                 x
  action                 = [0.0000, 0.0000, 1.0000, 1.0000]  x
  joint_angles           = [0.0001, 0.1807, -0.0000, -2.9163, 0.0002, 3.0472, 0.7852]  x
  joint_velocities       = [0.0002, -3.1339, -0.0006, -0.3139, -0.0013, -0.6416, -0.0015]  x
  cube_rotation          = [0.0000, -0.0000, 0.0000]  x
  cube_linear_velocity   = [0.0000, 0.0000, -0.3920]  x
  obstacle_positions     = {}                     x
[step=  43 01:15:11.012][Analyzer] ASM node=safe_abort  goal_status=not_applicable
[step=  44 01:15:12.157][Manager] ep=1 subtask= reward=-0.4001
[step=  44 01:15:12.157][Manager][MOCK] finger_contacts forçado para 1 (grasp_attempts=3)
[step=  44 01:15:12.157][Perception]
  RAW PERCEPTION                                  MONITORED PARAMS
  ----------------------------------------------  --------------------------------------
  fingers_width         = 0.0792 m                gripper_width_cm      = 7 cm
  dist_ee_to_cube       = 0.0622 m                distance_ee_object_cm = 6 cm
  dist_cube_to_target   = 0.4001 m  (3D)          distance_obj_goal_cm  = 40 cm  (XY)
  cube_position (z)     = 0.0098 m                object_lift_height_cm = 0 cm
  cube_position (xy)    = [-0.250, -0.000]        grasp_completed       = 0
  target_position (xy)  = [0.150, 0.000]          finger_contacts       = 1
  x                                               grasp_attempts        = 3
  episode                = 1                      x
  step                   = 44                     x
  ee_position            = [-0.2811, -0.0000, 0.0637]  x
  ee_velocity            = [0.0025, 0.0000, 0.2712]  x
  reward                 = -0.4001                x
  is_success             = False                  x
  obstacle_in_path       = False                  x
  obstacle_count_in_path = 0                      x
  obstacles              = {}                     x
  objects                = {'object_1': {'type': 'box', 'size': [0.045, 0.03, 0.02], 'mass': 10.0, 'color': [0.1, 0.2, 0.9, 1.0], 'initial_position': [-0.25, 0.0, 0.02], 'lateral_friction': 0.5, 'spinning_friction': 0.001, 'current_position': [-0.25, -4.7362427321484073e-20, 0.009793123452511954]}}  x
  scripts                = {'script_1': True, 'reach_only': True, 'left_right': True}  x
  target_goal            = {'type': 'goal_sequence', 'targets': [{'name': 'target', 'position': [0.15000000596046448, 0.0, 0.019999999552965164]}], 'mode': 'goal_sequence'}  x
  scene                  = {'table': {'length': 1.1, 'width': 0.7, 'height': 0.4, 'x_offset': -0.3, 'lateral_friction': 3.0, 'spinning_friction': 0.001}}  x
  robot_config           = {'control_type': 'ee', 'block_gripper': False, 'base_position': [-0.6, 0.0, 0.05]}  x
  current_task           = ABORT                  x
  active_target_name     = target                 x
  action                 = [0.0000, 0.0000, 1.0000, 1.0000]  x
  joint_angles           = [0.0001, 0.0435, -0.0001, -2.9600, 0.0001, 3.0045, 0.7852]  x
  joint_velocities       = [0.0000, -1.2628, -0.0001, -0.4606, -0.0004, -0.3283, -0.0000]  x
  cube_rotation          = [0.0000, 0.0000, 0.0000]  x
  cube_linear_velocity   = [0.0000, -0.0000, 0.0086]  x
  obstacle_positions     = {}                     x
[step=  44 01:15:12.160][Analyzer] ASM node=safe_abort  goal_status=not_applicable
[step=  45 01:15:13.303][Manager] ep=1 subtask= reward=-0.4001
[step=  45 01:15:13.303][Manager][MOCK] finger_contacts forçado para 1 (grasp_attempts=3)
[step=  45 01:15:13.303][Perception]
  RAW PERCEPTION                                  MONITORED PARAMS
  ----------------------------------------------  --------------------------------------
  fingers_width         = 0.0799 m                gripper_width_cm      = 7 cm
  dist_ee_to_cube       = 0.0824 m                distance_ee_object_cm = 8 cm
  dist_cube_to_target   = 0.4001 m  (3D)          distance_obj_goal_cm  = 40 cm  (XY)
  cube_position (z)     = 0.0100 m                object_lift_height_cm = 0 cm
  cube_position (xy)    = [-0.250, -0.000]        grasp_completed       = 0
  target_position (xy)  = [0.150, 0.000]          finger_contacts       = 1
  x                                               grasp_attempts        = 3
  episode                = 1                      x
  step                   = 45                     x
  ee_position            = [-0.2812, -0.0000, 0.0862]  x
  ee_velocity            = [0.2646, -0.0000, 0.5302]  x
  reward                 = -0.4001                x
  is_success             = False                  x
  obstacle_in_path       = False                  x
  obstacle_count_in_path = 0                      x
  obstacles              = {}                     x
  objects                = {'object_1': {'type': 'box', 'size': [0.045, 0.03, 0.02], 'mass': 10.0, 'color': [0.1, 0.2, 0.9, 1.0], 'initial_position': [-0.25, 0.0, 0.02], 'lateral_friction': 0.5, 'spinning_friction': 0.001, 'current_position': [-0.25000019416848024, -1.4137683135672489e-07, 0.00995323939299572]}}  x
  scripts                = {'script_1': True, 'reach_only': True, 'left_right': True}  x
  target_goal            = {'type': 'goal_sequence', 'targets': [{'name': 'target', 'position': [0.15000000596046448, 0.0, 0.019999999552965164]}], 'mode': 'goal_sequence'}  x
  scene                  = {'table': {'length': 1.1, 'width': 0.7, 'height': 0.4, 'x_offset': -0.3, 'lateral_friction': 3.0, 'spinning_friction': 0.001}}  x
  robot_config           = {'control_type': 'ee', 'block_gripper': False, 'base_position': [-0.6, 0.0, 0.05]}  x
  current_task           = ABORT                  x
  active_target_name     = target                 x
  action                 = [0.0000, 0.0000, 1.0000, 1.0000]  x
  joint_angles           = [0.0000, -0.0633, -0.0001, -2.9644, 0.0000, 2.8887, 0.7853]  x
  joint_velocities       = [-0.0003, -1.9305, 0.0001, -0.0375, -0.0008, -0.8905, 0.0006]  x
  cube_rotation          = [0.0000, -0.0000, 0.0000]  x
  cube_linear_velocity   = [-0.0000, -0.0000, 0.0016]  x
  obstacle_positions     = {}                     x
[step=  45 01:15:13.307][Analyzer] ASM node=safe_abort  goal_status=not_applicable
[step=  46 01:15:14.449][Manager] ep=1 subtask= reward=-0.4001
[step=  46 01:15:14.450][Manager][MOCK] finger_contacts forçado para 1 (grasp_attempts=3)
[step=  46 01:15:14.450][Perception]
  RAW PERCEPTION                                  MONITORED PARAMS
  ----------------------------------------------  --------------------------------------
  fingers_width         = 0.0800 m                gripper_width_cm      = 7 cm
  dist_ee_to_cube       = 0.1068 m                distance_ee_object_cm = 10 cm
  dist_cube_to_target   = 0.4001 m  (3D)          distance_obj_goal_cm  = 40 cm  (XY)
  cube_position (z)     = 0.0100 m                object_lift_height_cm = 0 cm
  cube_position (xy)    = [-0.250, -0.000]        grasp_completed       = 0
  target_position (xy)  = [0.150, 0.000]          finger_contacts       = 1
  x                                               grasp_attempts        = 3
  episode                = 1                      x
  step                   = 46                     x
  ee_position            = [-0.2775, -0.0000, 0.1132]  x
  ee_velocity            = [0.1060, -0.0000, 0.3417]  x
  reward                 = -0.4001                x
  is_success             = False                  x
  obstacle_in_path       = False                  x
  obstacle_count_in_path = 0                      x
  obstacles              = {}                     x
  objects                = {'object_1': {'type': 'box', 'size': [0.045, 0.03, 0.02], 'mass': 10.0, 'color': [0.1, 0.2, 0.9, 1.0], 'initial_position': [-0.25, 0.0, 0.02], 'lateral_friction': 0.5, 'spinning_friction': 0.001, 'current_position': [-0.2500004439555029, -2.6052218995276545e-08, 0.009983625301944198]}}  x
  scripts                = {'script_1': True, 'reach_only': True, 'left_right': True}  x
  target_goal            = {'type': 'goal_sequence', 'targets': [{'name': 'target', 'position': [0.15000000596046448, 0.0, 0.019999999552965164]}], 'mode': 'goal_sequence'}  x
  scene                  = {'table': {'length': 1.1, 'width': 0.7, 'height': 0.4, 'x_offset': -0.3, 'lateral_friction': 3.0, 'spinning_friction': 0.001}}  x
  robot_config           = {'control_type': 'ee', 'block_gripper': False, 'base_position': [-0.6, 0.0, 0.05]}  x
  current_task           = ABORT                  x
  active_target_name     = target                 x
  action                 = [0.0000, 0.0000, 1.0000, 1.0000]  x
  joint_angles           = [0.0000, -0.1746, -0.0000, -2.9647, -0.0000, 2.7837, 0.7854]  x
  joint_velocities       = [-0.0002, -1.2825, 0.0002, -0.0069, -0.0005, -0.8075, 0.0004]  x
  cube_rotation          = [0.0000, -0.0000, 0.0000]  x
  cube_linear_velocity   = [-0.0000, 0.0000, 0.0003]  x
  obstacle_positions     = {}                     x
[step=  46 01:15:14.452][Analyzer] ASM node=safe_abort  goal_status=not_applicable
[step=  47 01:15:15.596][Manager] ep=1 subtask= reward=-0.4001
[step=  47 01:15:15.597][Manager][MOCK] finger_contacts forçado para 1 (grasp_attempts=3)
[step=  47 01:15:15.597][Perception]
  RAW PERCEPTION                                  MONITORED PARAMS
  ----------------------------------------------  --------------------------------------
  fingers_width         = 0.0800 m                gripper_width_cm      = 7 cm
  dist_ee_to_cube       = 0.1318 m                distance_ee_object_cm = 13 cm
  dist_cube_to_target   = 0.4001 m  (3D)          distance_obj_goal_cm  = 40 cm  (XY)
  cube_position (z)     = 0.0100 m                object_lift_height_cm = 0 cm
  cube_position (xy)    = [-0.250, 0.000]         grasp_completed       = 0
  target_position (xy)  = [0.150, 0.000]          finger_contacts       = 1
  x                                               grasp_attempts        = 3
  episode                = 1                      x
  step                   = 47                     x
  ee_position            = [-0.2739, -0.0000, 0.1396]  x
  ee_velocity            = [0.1676, 0.0001, 0.4626]  x
  reward                 = -0.4001                x
  is_success             = False                  x
  obstacle_in_path       = False                  x
  obstacle_count_in_path = 0                      x
  obstacles              = {}                     x
  objects                = {'object_1': {'type': 'box', 'size': [0.045, 0.03, 0.02], 'mass': 10.0, 'color': [0.1, 0.2, 0.9, 1.0], 'initial_position': [-0.25, 0.0, 0.02], 'lateral_friction': 0.5, 'spinning_friction': 0.001, 'current_position': [-0.25000059651254164, 3.5695647919315795e-07, 0.009989283421089117]}}  x
  scripts                = {'script_1': True, 'reach_only': True, 'left_right': True}  x
  target_goal            = {'type': 'goal_sequence', 'targets': [{'name': 'target', 'position': [0.15000000596046448, 0.0, 0.019999999552965164]}], 'mode': 'goal_sequence'}  x
  scene                  = {'table': {'length': 1.1, 'width': 0.7, 'height': 0.4, 'x_offset': -0.3, 'lateral_friction': 3.0, 'spinning_friction': 0.001}}  x
  robot_config           = {'control_type': 'ee', 'block_gripper': False, 'base_position': [-0.6, 0.0, 0.05]}  x
  current_task           = ABORT                  x
  active_target_name     = target                 x
  action                 = [0.0000, 0.0000, 1.0000, 1.0000]  x
  joint_angles           = [-0.0000, -0.2719, -0.0000, -2.9480, -0.0001, 2.6655, 0.7854]  x
  joint_velocities       = [0.0000, -1.5264, 0.0002, 0.1282, 0.0024, -0.9086, -0.0002]  x
  cube_rotation          = [0.0000, -0.0000, 0.0000]  x
  cube_linear_velocity   = [0.0000, 0.0000, 0.0000]  x
  obstacle_positions     = {}                     x
[step=  47 01:15:15.599][Analyzer] ASM node=safe_abort  goal_status=not_applicable
[step=  48 01:15:16.756][Manager] ep=1 subtask= reward=-0.4001
[step=  48 01:15:16.756][Manager][MOCK] finger_contacts forçado para 1 (grasp_attempts=3)
[step=  48 01:15:16.756][Perception]
  RAW PERCEPTION                                  MONITORED PARAMS
  ----------------------------------------------  --------------------------------------
  fingers_width         = 0.0800 m                gripper_width_cm      = 7 cm
  dist_ee_to_cube       = 0.1608 m                distance_ee_object_cm = 16 cm
  dist_cube_to_target   = 0.4001 m  (3D)          distance_obj_goal_cm  = 40 cm  (XY)
  cube_position (z)     = 0.0100 m                object_lift_height_cm = 0 cm
  cube_position (xy)    = [-0.250, 0.000]         grasp_completed       = 0
  target_position (xy)  = [0.150, 0.000]          finger_contacts       = 1
  x                                               grasp_attempts        = 3
  episode                = 1                      x
  step                   = 48                     x
  ee_position            = [-0.2689, -0.0000, 0.1697]  x
  ee_velocity            = [0.1171, 0.0001, 0.4148]  x
  reward                 = -0.4001                x
  is_success             = False                  x
  obstacle_in_path       = False                  x
  obstacle_count_in_path = 0                      x
  obstacles              = {}                     x
  objects                = {'object_1': {'type': 'box', 'size': [0.045, 0.03, 0.02], 'mass': 10.0, 'color': [0.1, 0.2, 0.9, 1.0], 'initial_position': [-0.25, 0.0, 0.02], 'lateral_friction': 0.5, 'spinning_friction': 0.001, 'current_position': [-0.25000067007766547, 1.0020714645400025e-06, 0.009990041677226317]}}  x
  scripts                = {'script_1': True, 'reach_only': True, 'left_right': True}  x
  target_goal            = {'type': 'goal_sequence', 'targets': [{'name': 'target', 'position': [0.15000000596046448, 0.0, 0.019999999552965164]}], 'mode': 'goal_sequence'}  x
  scene                  = {'table': {'length': 1.1, 'width': 0.7, 'height': 0.4, 'x_offset': -0.3, 'lateral_friction': 3.0, 'spinning_friction': 0.001}}  x
  robot_config           = {'control_type': 'ee', 'block_gripper': False, 'base_position': [-0.6, 0.0, 0.05]}  x
  current_task           = ABORT                  x
  active_target_name     = target                 x
  action                 = [0.0000, 0.0000, 1.0000, 1.0000]  x
  joint_angles           = [-0.0000, -0.3664, -0.0001, -2.9224, -0.0001, 2.5489, 0.7854]  x
  joint_velocities       = [-0.0001, -1.2492, 0.0001, 0.2138, 0.0031, -0.8959, -0.0004]  x
  cube_rotation          = [0.0000, -0.0000, 0.0000]  x
  cube_linear_velocity   = [-0.0000, 0.0000, 0.0000]  x
  obstacle_positions     = {}                     x
[step=  48 01:15:16.759][Analyzer] ASM node=safe_abort  goal_status=not_applicable
[step=  49 01:15:17.916][Manager] ep=1 subtask= reward=-0.4001
[step=  49 01:15:17.916][Manager][MOCK] finger_contacts forçado para 1 (grasp_attempts=3)
[step=  49 01:15:17.916][Perception]
  RAW PERCEPTION                                  MONITORED PARAMS
  ----------------------------------------------  --------------------------------------
  fingers_width         = 0.0800 m                gripper_width_cm      = 7 cm
  dist_ee_to_cube       = 0.1916 m                distance_ee_object_cm = 19 cm
  dist_cube_to_target   = 0.4001 m  (3D)          distance_obj_goal_cm  = 40 cm  (XY)
  cube_position (z)     = 0.0100 m                object_lift_height_cm = 0 cm
  cube_position (xy)    = [-0.250, 0.000]         grasp_completed       = 0
  target_position (xy)  = [0.150, 0.000]          finger_contacts       = 1
  x                                               grasp_attempts        = 3
  episode                = 1                      x
  step                   = 49                     x
  ee_position            = [-0.2649, -0.0000, 0.2010]  x
  ee_velocity            = [0.1262, 0.0003, 0.4534]  x
  reward                 = -0.4001                x
  is_success             = False                  x
  obstacle_in_path       = False                  x
  obstacle_count_in_path = 0                      x
  obstacles              = {}                     x
  objects                = {'object_1': {'type': 'box', 'size': [0.045, 0.03, 0.02], 'mass': 10.0, 'color': [0.1, 0.2, 0.9, 1.0], 'initial_position': [-0.25, 0.0, 0.02], 'lateral_friction': 0.5, 'spinning_friction': 0.001, 'current_position': [-0.25000085464060073, 1.3022011925907954e-06, 0.009990043042127271]}}  x
  scripts                = {'script_1': True, 'reach_only': True, 'left_right': True}  x
  target_goal            = {'type': 'goal_sequence', 'targets': [{'name': 'target', 'position': [0.15000000596046448, 0.0, 0.019999999552965164]}], 'mode': 'goal_sequence'}  x
  scene                  = {'table': {'length': 1.1, 'width': 0.7, 'height': 0.4, 'x_offset': -0.3, 'lateral_friction': 3.0, 'spinning_friction': 0.001}}  x
  robot_config           = {'control_type': 'ee', 'block_gripper': False, 'base_position': [-0.6, 0.0, 0.05]}  x
  current_task           = ABORT                  x
  active_target_name     = target                 x
  action                 = [0.0000, 0.0000, 1.0000, 1.0000]  x
  joint_angles           = [0.0000, -0.4478, -0.0001, -2.8840, -0.0001, 2.4268, 0.7854]  x
  joint_velocities       = [-0.0002, -1.1268, 0.0000, 0.3933, 0.0045, -0.9385, -0.0004]  x
  cube_rotation          = [0.0000, -0.0000, 0.0000]  x
  cube_linear_velocity   = [-0.0000, 0.0000, -0.0000]  x
  obstacle_positions     = {}                     x
[step=  49 01:15:17.918][Analyzer] ASM node=safe_abort  goal_status=not_applicable
[step=  50 01:15:19.049][Manager] ep=1 subtask= reward=-0.4001
[step=  50 01:15:19.050][Manager][MOCK] finger_contacts forçado para 1 (grasp_attempts=3)
[step=  50 01:15:19.050][Perception]
  RAW PERCEPTION                                  MONITORED PARAMS
  ----------------------------------------------  --------------------------------------
  fingers_width         = 0.0800 m                gripper_width_cm      = 7 cm
  dist_ee_to_cube       = 0.2249 m                distance_ee_object_cm = 22 cm
  dist_cube_to_target   = 0.4001 m  (3D)          distance_obj_goal_cm  = 40 cm  (XY)
  cube_position (z)     = 0.0100 m                object_lift_height_cm = 0 cm
  cube_position (xy)    = [-0.250, 0.000]         grasp_completed       = 0
  target_position (xy)  = [0.150, 0.000]          finger_contacts       = 1
  x                                               grasp_attempts        = 3
  episode                = 1                      x
  step                   = 50                     x
  ee_position            = [-0.2616, -0.0000, 0.2346]  x
  ee_velocity            = [0.1121, 0.0003, 0.4568]  x
  reward                 = -0.4001                x
  is_success             = False                  x
  obstacle_in_path       = False                  x
  obstacle_count_in_path = 0                      x
  obstacles              = {}                     x
  objects                = {'object_1': {'type': 'box', 'size': [0.045, 0.03, 0.02], 'mass': 10.0, 'color': [0.1, 0.2, 0.9, 1.0], 'initial_position': [-0.25, 0.0, 0.02], 'lateral_friction': 0.5, 'spinning_friction': 0.001, 'current_position': [-0.25000104001644463, 1.6020249059895622e-06, 0.009990043041995448]}}  x
  scripts                = {'script_1': True, 'reach_only': True, 'left_right': True}  x
  target_goal            = {'type': 'goal_sequence', 'targets': [{'name': 'target', 'position': [0.15000000596046448, 0.0, 0.019999999552965164]}], 'mode': 'goal_sequence'}  x
  scene                  = {'table': {'length': 1.1, 'width': 0.7, 'height': 0.4, 'x_offset': -0.3, 'lateral_friction': 3.0, 'spinning_friction': 0.001}}  x
  robot_config           = {'control_type': 'ee', 'block_gripper': False, 'base_position': [-0.6, 0.0, 0.05]}  x
  current_task           = ABORT                  x
  active_target_name     = target                 x
  action                 = [0.0000, 0.0000, 1.0000, 1.0000]  x
  joint_angles           = [0.0000, -0.5207, -0.0001, -2.8371, -0.0001, 2.3076, 0.7854]  x
  joint_velocities       = [-0.0001, -0.9264, -0.0001, 0.5235, 0.0046, -0.9155, -0.0004]  x
  cube_rotation          = [0.0000, -0.0000, 0.0000]  x
  cube_linear_velocity   = [-0.0000, 0.0000, -0.0000]  x
  obstacle_positions     = {}                     x
[step=  50 01:15:19.052][Analyzer] ASM node=safe_abort  goal_status=not_applicable
[step=  51 01:15:20.184][Manager] ep=1 subtask= reward=-0.4001
[step=  51 01:15:20.184][Manager][MOCK] finger_contacts forçado para 1 (grasp_attempts=3)
[step=  51 01:15:20.184][Perception]
  RAW PERCEPTION                                  MONITORED PARAMS
  ----------------------------------------------  --------------------------------------
  fingers_width         = 0.0800 m                gripper_width_cm      = 7 cm
  dist_ee_to_cube       = 0.2594 m                distance_ee_object_cm = 25 cm
  dist_cube_to_target   = 0.4001 m  (3D)          distance_obj_goal_cm  = 40 cm  (XY)
  cube_position (z)     = 0.0100 m                object_lift_height_cm = 0 cm
  cube_position (xy)    = [-0.250, 0.000]         grasp_completed       = 0
  target_position (xy)  = [0.150, 0.000]          finger_contacts       = 1
  x                                               grasp_attempts        = 3
  episode                = 1                      x
  step                   = 51                     x
  ee_position            = [-0.2599, -0.0000, 0.2692]  x
  ee_velocity            = [0.1191, 0.0005, 0.5001]  x
  reward                 = -0.4001                x
  is_success             = False                  x
  obstacle_in_path       = False                  x
  obstacle_count_in_path = 0                      x
  obstacles              = {}                     x
  objects                = {'object_1': {'type': 'box', 'size': [0.045, 0.03, 0.02], 'mass': 10.0, 'color': [0.1, 0.2, 0.9, 1.0], 'initial_position': [-0.25, 0.0, 0.02], 'lateral_friction': 0.5, 'spinning_friction': 0.001, 'current_position': [-0.25000122539547465, 1.9018458263245906e-06, 0.009990043041863333]}}  x
  scripts                = {'script_1': True, 'reach_only': True, 'left_right': True}  x
  target_goal            = {'type': 'goal_sequence', 'targets': [{'name': 'target', 'position': [0.15000000596046448, 0.0, 0.019999999552965164]}], 'mode': 'goal_sequence'}  x
  scene                  = {'table': {'length': 1.1, 'width': 0.7, 'height': 0.4, 'x_offset': -0.3, 'lateral_friction': 3.0, 'spinning_friction': 0.001}}  x
  robot_config           = {'control_type': 'ee', 'block_gripper': False, 'base_position': [-0.6, 0.0, 0.05]}  x
  current_task           = ABORT                  x
  active_target_name     = target                 x
  action                 = [0.0000, 0.0000, 1.0000, 1.0000]  x
  joint_angles           = [0.0000, -0.5815, -0.0001, -2.7815, -0.0002, 2.1903, 0.7854]  x
  joint_velocities       = [-0.0001, -0.7788, -0.0002, 0.7027, 0.0046, -0.9013, -0.0004]  x
  cube_rotation          = [0.0000, -0.0000, 0.0000]  x
  cube_linear_velocity   = [-0.0000, 0.0000, -0.0000]  x
  obstacle_positions     = {}                     x
[step=  51 01:15:20.187][Analyzer] ASM node=safe_abort  goal_status=not_applicable
[step=  52 01:15:21.343][Manager] ep=1 subtask= reward=-0.4001
[step=  52 01:15:21.343][Manager][MOCK] finger_contacts forçado para 1 (grasp_attempts=3)
[step=  52 01:15:21.343][Perception]
  RAW PERCEPTION                                  MONITORED PARAMS
  ----------------------------------------------  --------------------------------------
  fingers_width         = 0.0800 m                gripper_width_cm      = 7 cm
  dist_ee_to_cube       = 0.2951 m                distance_ee_object_cm = 29 cm
  dist_cube_to_target   = 0.4001 m  (3D)          distance_obj_goal_cm  = 40 cm  (XY)
  cube_position (z)     = 0.0100 m                object_lift_height_cm = 0 cm
  cube_position (xy)    = [-0.250, 0.000]         grasp_completed       = 0
  target_position (xy)  = [0.150, 0.000]          finger_contacts       = 1
  x                                               grasp_attempts        = 3
  episode                = 1                      x
  step                   = 52                     x
  ee_position            = [-0.2595, -0.0001, 0.3049]  x
  ee_velocity            = [0.1076, 0.0004, 0.5178]  x
  reward                 = -0.4001                x
  is_success             = False                  x
  obstacle_in_path       = False                  x
  obstacle_count_in_path = 0                      x
  obstacles              = {}                     x
  objects                = {'object_1': {'type': 'box', 'size': [0.045, 0.03, 0.02], 'mass': 10.0, 'color': [0.1, 0.2, 0.9, 1.0], 'initial_position': [-0.25, 0.0, 0.02], 'lateral_friction': 0.5, 'spinning_friction': 0.001, 'current_position': [-0.25000141077769106, 2.2016639533429556e-06, 0.009990043041731225]}}  x
  scripts                = {'script_1': True, 'reach_only': True, 'left_right': True}  x
  target_goal            = {'type': 'goal_sequence', 'targets': [{'name': 'target', 'position': [0.15000000596046448, 0.0, 0.019999999552965164]}], 'mode': 'goal_sequence'}  x
  scene                  = {'table': {'length': 1.1, 'width': 0.7, 'height': 0.4, 'x_offset': -0.3, 'lateral_friction': 3.0, 'spinning_friction': 0.001}}  x
  robot_config           = {'control_type': 'ee', 'block_gripper': False, 'base_position': [-0.6, 0.0, 0.05]}  x
  current_task           = ABORT                  x
  active_target_name     = target                 x
  action                 = [0.0000, 0.0000, 1.0000, 1.0000]  x
  joint_angles           = [0.0000, -0.6310, -0.0001, -2.7186, -0.0002, 2.0779, 0.7853]  x
  joint_velocities       = [-0.0001, -0.6179, -0.0002, 0.8287, 0.0039, -0.8640, -0.0003]  x
  cube_rotation          = [0.0000, -0.0000, 0.0000]  x
  cube_linear_velocity   = [-0.0000, 0.0000, -0.0000]  x
  obstacle_positions     = {}                     x
[step=  52 01:15:21.345][Analyzer] ASM node=safe_abort  goal_status=not_applicable
[step=  53 01:15:22.503][Manager] ep=1 subtask= reward=-0.4001
[step=  53 01:15:22.503][Manager][MOCK] finger_contacts forçado para 1 (grasp_attempts=3)
[step=  53 01:15:22.503][Perception]
  RAW PERCEPTION                                  MONITORED PARAMS
  ----------------------------------------------  --------------------------------------
  fingers_width         = 0.0800 m                gripper_width_cm      = 7 cm
  dist_ee_to_cube       = 0.2743 m                distance_ee_object_cm = 27 cm
  dist_cube_to_target   = 0.4001 m  (3D)          distance_obj_goal_cm  = 40 cm  (XY)
  cube_position (z)     = 0.0100 m                object_lift_height_cm = 0 cm
  cube_position (xy)    = [-0.250, 0.000]         grasp_completed       = 0
  target_position (xy)  = [0.150, 0.000]          finger_contacts       = 1
  x                                               grasp_attempts        = 3
  episode                = 1                      x
  step                   = 53                     x
  ee_position            = [-0.2530, -0.0000, 0.2843]  x
  ee_velocity            = [-0.4684, -0.0009, -1.2636]  x
  reward                 = -0.4001                x
  is_success             = False                  x
  obstacle_in_path       = False                  x
  obstacle_count_in_path = 0                      x
  obstacles              = {}                     x
  objects                = {'object_1': {'type': 'box', 'size': [0.045, 0.03, 0.02], 'mass': 10.0, 'color': [0.1, 0.2, 0.9, 1.0], 'initial_position': [-0.25, 0.0, 0.02], 'lateral_friction': 0.5, 'spinning_friction': 0.001, 'current_position': [-0.2500015961630941, 2.501479286766054e-06, 0.009990043041599093]}}  x
  scripts                = {'script_1': True, 'reach_only': True, 'left_right': True}  x
  target_goal            = {'type': 'goal_sequence', 'targets': [{'name': 'target', 'position': [0.15000000596046448, 0.0, 0.019999999552965164]}], 'mode': 'goal_sequence'}  x
  scene                  = {'table': {'length': 1.1, 'width': 0.7, 'height': 0.4, 'x_offset': -0.3, 'lateral_friction': 3.0, 'spinning_friction': 0.001}}  x
  robot_config           = {'control_type': 'ee', 'block_gripper': False, 'base_position': [-0.6, 0.0, 0.05]}  x
  current_task           = ABORT                  x
  active_target_name     = target                 x
  action                 = [0.0000, 0.0000, -1.0000, 1.0000]  x
  joint_angles           = [0.0000, -0.6102, -0.0002, -2.7820, 0.0000, 2.2107, 0.7853]  x
  joint_velocities       = [0.0002, 1.6993, -0.0003, -1.6788, -0.0088, 1.0214, 0.0000]  x
  cube_rotation          = [0.0000, -0.0000, 0.0000]  x
  cube_linear_velocity   = [-0.0000, 0.0000, -0.0000]  x
  obstacle_positions     = {}                     x
[step=  53 01:15:22.506][Analyzer] ASM node=safe_abort  goal_status=not_applicable
[step=  54 01:15:23.624][Manager] ep=1 subtask= reward=-0.4001
[step=  54 01:15:23.624][Manager][MOCK] finger_contacts forçado para 1 (grasp_attempts=3)
[step=  54 01:15:23.624][Perception]
  RAW PERCEPTION                                  MONITORED PARAMS
  ----------------------------------------------  --------------------------------------
  fingers_width         = 0.0800 m                gripper_width_cm      = 7 cm
  dist_ee_to_cube       = 0.2394 m                distance_ee_object_cm = 23 cm
  dist_cube_to_target   = 0.4001 m  (3D)          distance_obj_goal_cm  = 40 cm  (XY)
  cube_position (z)     = 0.0100 m                object_lift_height_cm = 0 cm
  cube_position (xy)    = [-0.250, 0.000]         grasp_completed       = 0
  target_position (xy)  = [0.150, 0.000]          finger_contacts       = 1
  x                                               grasp_attempts        = 3
  episode                = 1                      x
  step                   = 54                     x
  ee_position            = [-0.2488, -0.0000, 0.2494]  x
  ee_velocity            = [0.8637, -0.0000, -0.1296]  x
  reward                 = -0.4001                x
  is_success             = False                  x
  obstacle_in_path       = False                  x
  obstacle_count_in_path = 0                      x
  obstacles              = {}                     x
  objects                = {'object_1': {'type': 'box', 'size': [0.045, 0.03, 0.02], 'mass': 10.0, 'color': [0.1, 0.2, 0.9, 1.0], 'initial_position': [-0.25, 0.0, 0.02], 'lateral_friction': 0.5, 'spinning_friction': 0.001, 'current_position': [-0.25000178155168373, 2.8012918262509195e-06, 0.009990043041466952]}}  x
  scripts                = {'script_1': True, 'reach_only': True, 'left_right': True}  x
  target_goal            = {'type': 'goal_sequence', 'targets': [{'name': 'target', 'position': [0.15000000596046448, 0.0, 0.019999999552965164]}], 'mode': 'goal_sequence'}  x
  scene                  = {'table': {'length': 1.1, 'width': 0.7, 'height': 0.4, 'x_offset': -0.3, 'lateral_friction': 3.0, 'spinning_friction': 0.001}}  x
  robot_config           = {'control_type': 'ee', 'block_gripper': False, 'base_position': [-0.6, 0.0, 0.05]}  x
  current_task           = ABORT                  x
  active_target_name     = target                 x
  action                 = [0.9981, 0.0001, 0.0620, 1.0000]  x
  joint_angles           = [0.0000, -0.4489, -0.0001, -2.7236, -0.0000, 2.1895, 0.7854]  x
  joint_velocities       = [-0.0001, 3.9157, 0.0007, 3.0355, -0.0005, -0.1629, 0.0001]  x
  cube_rotation          = [0.0000, -0.0000, 0.0000]  x
  cube_linear_velocity   = [-0.0000, 0.0000, -0.0000]  x
  obstacle_positions     = {}                     x
[step=  54 01:15:23.626][Analyzer] ASM node=safe_abort  goal_status=not_applicable
[step=  55 01:15:24.771][Manager] ep=1 subtask= reward=-0.4001
[step=  55 01:15:24.771][Manager][MOCK] finger_contacts forçado para 1 (grasp_attempts=3)
[step=  55 01:15:24.771][Perception]
  RAW PERCEPTION                                  MONITORED PARAMS
  ----------------------------------------------  --------------------------------------
  fingers_width         = 0.0800 m                gripper_width_cm      = 7 cm
  dist_ee_to_cube       = 0.2480 m                distance_ee_object_cm = 24 cm
  dist_cube_to_target   = 0.4001 m  (3D)          distance_obj_goal_cm  = 40 cm  (XY)
  cube_position (z)     = 0.0100 m                object_lift_height_cm = 0 cm
  cube_position (xy)    = [-0.250, 0.000]         grasp_completed       = 0
  target_position (xy)  = [0.150, 0.000]          finger_contacts       = 1
  x                                               grasp_attempts        = 3
  episode                = 1                      x
  step                   = 55                     x
  ee_position            = [-0.2115, -0.0000, 0.2550]  x
  ee_velocity            = [0.3479, 0.0000, 0.3143]  x
  reward                 = -0.4001                x
  is_success             = False                  x
  obstacle_in_path       = False                  x
  obstacle_count_in_path = 0                      x
  obstacles              = {}                     x
  objects                = {'object_1': {'type': 'box', 'size': [0.045, 0.03, 0.02], 'mass': 10.0, 'color': [0.1, 0.2, 0.9, 1.0], 'initial_position': [-0.25, 0.0, 0.02], 'lateral_friction': 0.5, 'spinning_friction': 0.001, 'current_position': [-0.2500019669434604, 3.101101571521447e-06, 0.009990043041334804]}}  x
  scripts                = {'script_1': True, 'reach_only': True, 'left_right': True}  x
  target_goal            = {'type': 'goal_sequence', 'targets': [{'name': 'target', 'position': [0.15000000596046448, 0.0, 0.019999999552965164]}], 'mode': 'goal_sequence'}  x
  scene                  = {'table': {'length': 1.1, 'width': 0.7, 'height': 0.4, 'x_offset': -0.3, 'lateral_friction': 3.0, 'spinning_friction': 0.001}}  x
  robot_config           = {'control_type': 'ee', 'block_gripper': False, 'base_position': [-0.6, 0.0, 0.05]}  x
  current_task           = ABORT                  x
  active_target_name     = target                 x
  action                 = [0.9799, 0.0001, 0.1993, 1.0000]  x
  joint_angles           = [0.0000, -0.3757, -0.0001, -2.6566, -0.0000, 2.2593, 0.7854]  x
  joint_velocities       = [0.0003, -0.0732, -0.0001, 0.5647, -0.0000, 0.5362, 0.0002]  x
  cube_rotation          = [0.0000, -0.0000, 0.0000]  x
  cube_linear_velocity   = [-0.0000, 0.0000, -0.0000]  x
  obstacle_positions     = {}                     x
[step=  55 01:15:24.773][Analyzer] ASM node=safe_abort  goal_status=not_applicable
[step=  56 01:15:25.944][Manager] ep=1 subtask= reward=-0.4001
[step=  56 01:15:25.944][Manager][MOCK] finger_contacts forçado para 1 (grasp_attempts=3)
[step=  56 01:15:25.944][Perception]
  RAW PERCEPTION                                  MONITORED PARAMS
  ----------------------------------------------  --------------------------------------
  fingers_width         = 0.0800 m                gripper_width_cm      = 7 cm
  dist_ee_to_cube       = 0.2656 m                distance_ee_object_cm = 26 cm
  dist_cube_to_target   = 0.4001 m  (3D)          distance_obj_goal_cm  = 40 cm  (XY)
  cube_position (z)     = 0.0100 m                object_lift_height_cm = 0 cm
  cube_position (xy)    = [-0.250, 0.000]         grasp_completed       = 0
  target_position (xy)  = [0.150, 0.000]          finger_contacts       = 1
  x                                               grasp_attempts        = 3
  episode                = 1                      x
  step                   = 56                     x
  ee_position            = [-0.1776, -0.0000, 0.2655]  x
  ee_velocity            = [0.4472, -0.0000, 0.0191]  x
  reward                 = -0.4001                x
  is_success             = False                  x
  obstacle_in_path       = False                  x
  obstacle_count_in_path = 0                      x
  obstacles              = {}                     x
  objects                = {'object_1': {'type': 'box', 'size': [0.045, 0.03, 0.02], 'mass': 10.0, 'color': [0.1, 0.2, 0.9, 1.0], 'initial_position': [-0.25, 0.0, 0.02], 'lateral_friction': 0.5, 'spinning_friction': 0.001, 'current_position': [-0.2500021523384243, 3.4009085222644366e-06, 0.00999004304120263]}}  x
  scripts                = {'script_1': True, 'reach_only': True, 'left_right': True}  x
  target_goal            = {'type': 'goal_sequence', 'targets': [{'name': 'target', 'position': [0.15000000596046448, 0.0, 0.019999999552965164]}], 'mode': 'goal_sequence'}  x
  scene                  = {'table': {'length': 1.1, 'width': 0.7, 'height': 0.4, 'x_offset': -0.3, 'lateral_friction': 3.0, 'spinning_friction': 0.001}}  x
  robot_config           = {'control_type': 'ee', 'block_gripper': False, 'base_position': [-0.6, 0.0, 0.05]}  x
  current_task           = ABORT                  x
  active_target_name     = target                 x
  action                 = [0.9781, 0.0001, 0.2082, 1.0000]  x
  joint_angles           = [0.0000, -0.2951, -0.0001, -2.5588, -0.0000, 2.2643, 0.7854]  x
  joint_velocities       = [0.0001, 1.3500, -0.0001, 1.3460, 0.0001, 0.0387, 0.0000]  x
  cube_rotation          = [0.0000, -0.0000, 0.0000]  x
  cube_linear_velocity   = [-0.0000, 0.0000, -0.0000]  x
  obstacle_positions     = {}                     x
[step=  56 01:15:25.946][Analyzer] ASM node=safe_abort  goal_status=not_applicable
[step=  57 01:15:27.064][Manager] ep=1 subtask= reward=-0.4001
[step=  57 01:15:27.064][Manager][MOCK] finger_contacts forçado para 1 (grasp_attempts=3)
[step=  57 01:15:27.064][Perception]
  RAW PERCEPTION                                  MONITORED PARAMS
  ----------------------------------------------  --------------------------------------
  fingers_width         = 0.0800 m                gripper_width_cm      = 7 cm
  dist_ee_to_cube       = 0.2802 m                distance_ee_object_cm = 28 cm
  dist_cube_to_target   = 0.4001 m  (3D)          distance_obj_goal_cm  = 40 cm  (XY)
  cube_position (z)     = 0.0100 m                object_lift_height_cm = 0 cm
  cube_position (xy)    = [-0.250, 0.000]         grasp_completed       = 0
  target_position (xy)  = [0.150, 0.000]          finger_contacts       = 1
  x                                               grasp_attempts        = 3
  episode                = 1                      x
  step                   = 57                     x
  ee_position            = [-0.1442, -0.0000, 0.2695]  x
  ee_velocity            = [0.4339, -0.0001, 0.0919]  x
  reward                 = -0.4001                x
  is_success             = False                  x
  obstacle_in_path       = False                  x
  obstacle_count_in_path = 0                      x
  obstacles              = {}                     x
  objects                = {'object_1': {'type': 'box', 'size': [0.045, 0.03, 0.02], 'mass': 10.0, 'color': [0.1, 0.2, 0.9, 1.0], 'initial_position': [-0.25, 0.0, 0.02], 'lateral_friction': 0.5, 'spinning_friction': 0.001, 'current_position': [-0.25000233773657554, 3.700712678200852e-06, 0.009990043041070483]}}  x
  scripts                = {'script_1': True, 'reach_only': True, 'left_right': True}  x
  target_goal            = {'type': 'goal_sequence', 'targets': [{'name': 'target', 'position': [0.15000000596046448, 0.0, 0.019999999552965164]}], 'mode': 'goal_sequence'}  x
  scene                  = {'table': {'length': 1.1, 'width': 0.7, 'height': 0.4, 'x_offset': -0.3, 'lateral_friction': 3.0, 'spinning_friction': 0.001}}  x
  robot_config           = {'control_type': 'ee', 'block_gripper': False, 'base_position': [-0.6, 0.0, 0.05]}  x
  current_task           = ABORT                  x
  active_target_name     = target                 x
  action                 = [0.9817, 0.0001, 0.1905, 1.0000]  x
  joint_angles           = [0.0001, -0.1959, -0.0001, -2.4451, -0.0000, 2.2421, 0.7854]  x
  joint_velocities       = [0.0001, 1.0924, -0.0002, 1.3850, 0.0001, -0.1704, 0.0000]  x
  cube_rotation          = [0.0000, -0.0000, 0.0000]  x
  cube_linear_velocity   = [-0.0000, 0.0000, -0.0000]  x
  obstacle_positions     = {}                     x
[step=  57 01:15:27.066][Analyzer] ASM node=safe_abort  goal_status=not_applicable
[step=  58 01:15:28.210][Manager] ep=1 subtask= reward=-0.4001
[step=  58 01:15:28.211][Manager][MOCK] finger_contacts forçado para 1 (grasp_attempts=3)
[step=  58 01:15:28.211][Perception]
  RAW PERCEPTION                                  MONITORED PARAMS
  ----------------------------------------------  --------------------------------------
  fingers_width         = 0.0800 m                gripper_width_cm      = 7 cm
  dist_ee_to_cube       = 0.2999 m                distance_ee_object_cm = 29 cm
  dist_cube_to_target   = 0.4001 m  (3D)          distance_obj_goal_cm  = 40 cm  (XY)
  cube_position (z)     = 0.0100 m                object_lift_height_cm = 0 cm
  cube_position (xy)    = [-0.250, 0.000]         grasp_completed       = 0
  target_position (xy)  = [0.150, 0.000]          finger_contacts       = 1
  x                                               grasp_attempts        = 3
  episode                = 1                      x
  step                   = 58                     x
  ee_position            = [-0.1105, -0.0000, 0.2755]  x
  ee_velocity            = [0.4194, -0.0003, 0.1280]  x
  reward                 = -0.4001                x
  is_success             = False                  x
  obstacle_in_path       = False                  x
  obstacle_count_in_path = 0                      x
  obstacles              = {}                     x
  objects                = {'object_1': {'type': 'box', 'size': [0.045, 0.03, 0.02], 'mass': 10.0, 'color': [0.1, 0.2, 0.9, 1.0], 'initial_position': [-0.25, 0.0, 0.02], 'lateral_friction': 0.5, 'spinning_friction': 0.001, 'current_position': [-0.2500025231379144, 4.00051403898782e-06, 0.00999004304093831]}}  x
  scripts                = {'script_1': True, 'reach_only': True, 'left_right': True}  x
  target_goal            = {'type': 'goal_sequence', 'targets': [{'name': 'target', 'position': [0.15000000596046448, 0.0, 0.019999999552965164]}], 'mode': 'goal_sequence'}  x
  scene                  = {'table': {'length': 1.1, 'width': 0.7, 'height': 0.4, 'x_offset': -0.3, 'lateral_friction': 3.0, 'spinning_friction': 0.001}}  x
  robot_config           = {'control_type': 'ee', 'block_gripper': False, 'base_position': [-0.6, 0.0, 0.05]}  x
  current_task           = ABORT                  x
  active_target_name     = target                 x
  action                 = [0.9783, 0.0001, 0.2070, 1.0000]  x
  joint_angles           = [0.0001, -0.1075, -0.0001, -2.3317, -0.0000, 2.2205, 0.7854]  x
  joint_velocities       = [0.0001, 0.9108, -0.0005, 1.3326, 0.0001, -0.1665, -0.0000]  x
  cube_rotation          = [0.0000, -0.0000, 0.0000]  x
  cube_linear_velocity   = [-0.0000, 0.0000, -0.0000]  x
  obstacle_positions     = {}                     x
[step=  58 01:15:28.214][Analyzer] ASM node=safe_abort  goal_status=not_applicable
[step=  59 01:15:29.357][Manager] ep=1 subtask= reward=-0.4001
[step=  59 01:15:29.358][Manager][MOCK] finger_contacts forçado para 1 (grasp_attempts=3)
[step=  59 01:15:29.358][Perception]
  RAW PERCEPTION                                  MONITORED PARAMS
  ----------------------------------------------  --------------------------------------
  fingers_width         = 0.0800 m                gripper_width_cm      = 7 cm
  dist_ee_to_cube       = 0.3220 m                distance_ee_object_cm = 32 cm
  dist_cube_to_target   = 0.4001 m  (3D)          distance_obj_goal_cm  = 40 cm  (XY)
  cube_position (z)     = 0.0100 m                object_lift_height_cm = 0 cm
  cube_position (xy)    = [-0.250, 0.000]         grasp_completed       = 0
  target_position (xy)  = [0.150, 0.000]          finger_contacts       = 1
  x                                               grasp_attempts        = 3
  episode                = 1                      x
  step                   = 59                     x
  ee_position            = [-0.0775, -0.0000, 0.2819]  x
  ee_velocity            = [0.4088, -0.0005, 0.1108]  x
  reward                 = -0.4001                x
  is_success             = False                  x
  obstacle_in_path       = False                  x
  obstacle_count_in_path = 0                      x
  obstacles              = {}                     x
  objects                = {'object_1': {'type': 'box', 'size': [0.045, 0.03, 0.02], 'mass': 10.0, 'color': [0.1, 0.2, 0.9, 1.0], 'initial_position': [-0.25, 0.0, 0.02], 'lateral_friction': 0.5, 'spinning_friction': 0.001, 'current_position': [-0.25000270854244105, 4.300312604367611e-06, 0.009990043040806118]}}  x
  scripts                = {'script_1': True, 'reach_only': True, 'left_right': True}  x
  target_goal            = {'type': 'goal_sequence', 'targets': [{'name': 'target', 'position': [0.15000000596046448, 0.0, 0.019999999552965164]}], 'mode': 'goal_sequence'}  x
  scene                  = {'table': {'length': 1.1, 'width': 0.7, 'height': 0.4, 'x_offset': -0.3, 'lateral_friction': 3.0, 'spinning_friction': 0.001}}  x
  robot_config           = {'control_type': 'ee', 'block_gripper': False, 'base_position': [-0.6, 0.0, 0.05]}  x
  current_task           = ABORT                  x
  active_target_name     = target                 x
  action                 = [0.9763, 0.0003, 0.2166, 1.0000]  x
  joint_angles           = [0.0001, -0.0220, -0.0002, -2.2140, -0.0000, 2.1899, 0.7854]  x
  joint_velocities       = [0.0001, 0.9224, -0.0010, 1.3717, 0.0001, -0.2355, -0.0001]  x
  cube_rotation          = [0.0000, -0.0000, 0.0001]  x
  cube_linear_velocity   = [-0.0000, 0.0000, -0.0000]  x
  obstacle_positions     = {}                     x
[step=  59 01:15:29.360][Analyzer] ASM node=safe_abort  goal_status=not_applicable
[step=  60 01:15:30.517][Manager] ep=1 subtask= reward=-0.4001
[step=  60 01:15:30.517][Manager][MOCK] finger_contacts forçado para 1 (grasp_attempts=3)
[step=  60 01:15:30.517][Perception]
  RAW PERCEPTION                                  MONITORED PARAMS
  ----------------------------------------------  --------------------------------------
  fingers_width         = 0.0800 m                gripper_width_cm      = 7 cm
  dist_ee_to_cube       = 0.3452 m                distance_ee_object_cm = 34 cm
  dist_cube_to_target   = 0.4001 m  (3D)          distance_obj_goal_cm  = 40 cm  (XY)
  cube_position (z)     = 0.0100 m                object_lift_height_cm = 0 cm
  cube_position (xy)    = [-0.250, 0.000]         grasp_completed       = 0
  target_position (xy)  = [0.150, 0.000]          finger_contacts       = 1
  x                                               grasp_attempts        = 3
  episode                = 1                      x
  step                   = 60                     x
  ee_position            = [-0.0454, -0.0000, 0.2880]  x
  ee_velocity            = [0.3878, -0.0006, 0.1000]  x
  reward                 = -0.4001                x
  is_success             = False                  x
  obstacle_in_path       = False                  x
  obstacle_count_in_path = 0                      x
  obstacles              = {}                     x
  objects                = {'object_1': {'type': 'box', 'size': [0.045, 0.03, 0.02], 'mass': 10.0, 'color': [0.1, 0.2, 0.9, 1.0], 'initial_position': [-0.25, 0.0, 0.02], 'lateral_friction': 0.5, 'spinning_friction': 0.001, 'current_position': [-0.2500028939501557, 4.600108373998739e-06, 0.009990043040673937]}}  x
  scripts                = {'script_1': True, 'reach_only': True, 'left_right': True}  x
  target_goal            = {'type': 'goal_sequence', 'targets': [{'name': 'target', 'position': [0.15000000596046448, 0.0, 0.019999999552965164]}], 'mode': 'goal_sequence'}  x
  scene                  = {'table': {'length': 1.1, 'width': 0.7, 'height': 0.4, 'x_offset': -0.3, 'lateral_friction': 3.0, 'spinning_friction': 0.001}}  x
  robot_config           = {'control_type': 'ee', 'block_gripper': False, 'base_position': [-0.6, 0.0, 0.05]}  x
  current_task           = ABORT                  x
  active_target_name     = target                 x
  action                 = [0.9738, 0.0005, 0.2272, 1.0000]  x
  joint_angles           = [0.0001, 0.0622, -0.0002, -2.0926, 0.0000, 2.1526, 0.7854]  x
  joint_velocities       = [0.0002, 0.8986, -0.0012, 1.3770, 0.0001, -0.2869, -0.0000]  x
  cube_rotation          = [0.0000, -0.0000, 0.0001]  x
  cube_linear_velocity   = [-0.0000, 0.0000, -0.0000]  x
  obstacle_positions     = {}                     x
[step=  60 01:15:30.521][Analyzer] ASM node=safe_abort  goal_status=not_applicable
[step=  61 01:15:31.651][Manager] ep=1 subtask= reward=-0.4001
[step=  61 01:15:31.651][Manager][MOCK] finger_contacts forçado para 1 (grasp_attempts=3)
[step=  61 01:15:31.651][Perception]
  RAW PERCEPTION                                  MONITORED PARAMS
  ----------------------------------------------  --------------------------------------
  fingers_width         = 0.0800 m                gripper_width_cm      = 7 cm
  dist_ee_to_cube       = 0.3686 m                distance_ee_object_cm = 36 cm
  dist_cube_to_target   = 0.4001 m  (3D)          distance_obj_goal_cm  = 40 cm  (XY)
  cube_position (z)     = 0.0100 m                object_lift_height_cm = 0 cm
  cube_position (xy)    = [-0.250, 0.000]         grasp_completed       = 0
  target_position (xy)  = [0.150, 0.000]          finger_contacts       = 1
  x                                               grasp_attempts        = 3
  episode                = 1                      x
  step                   = 61                     x
  ee_position            = [-0.0147, -0.0000, 0.2938]  x
  ee_velocity            = [0.3620, -0.0004, 0.0884]  x
  reward                 = -0.4001                x
  is_success             = False                  x
  obstacle_in_path       = False                  x
  obstacle_count_in_path = 0                      x
  obstacles              = {}                     x
  objects                = {'object_1': {'type': 'box', 'size': [0.045, 0.03, 0.02], 'mass': 10.0, 'color': [0.1, 0.2, 0.9, 1.0], 'initial_position': [-0.25, 0.0, 0.02], 'lateral_friction': 0.5, 'spinning_friction': 0.001, 'current_position': [-0.25000307936105864, 4.899901347609271e-06, 0.009990043040541716]}}  x
  scripts                = {'script_1': True, 'reach_only': True, 'left_right': True}  x
  target_goal            = {'type': 'goal_sequence', 'targets': [{'name': 'target', 'position': [0.15000000596046448, 0.0, 0.019999999552965164]}], 'mode': 'goal_sequence'}  x
  scene                  = {'table': {'length': 1.1, 'width': 0.7, 'height': 0.4, 'x_offset': -0.3, 'lateral_friction': 3.0, 'spinning_friction': 0.001}}  x
  robot_config           = {'control_type': 'ee', 'block_gripper': False, 'base_position': [-0.6, 0.0, 0.05]}  x
  current_task           = ABORT                  x
  active_target_name     = target                 x
  action                 = [0.9667, 0.0009, 0.2558, 1.0000]  x
  joint_angles           = [0.0001, 0.1448, -0.0002, -1.9683, 0.0000, 2.1097, 0.7854]  x
  joint_velocities       = [0.0003, 0.8734, -0.0009, 1.3714, 0.0001, -0.3296, 0.0001]  x
  cube_rotation          = [0.0000, -0.0000, 0.0001]  x
  cube_linear_velocity   = [-0.0000, 0.0000, -0.0000]  x
  obstacle_positions     = {}                     x
[step=  61 01:15:31.654][Analyzer] ASM node=safe_abort  goal_status=not_applicable
[step=  62 01:15:32.824][Manager] ep=1 subtask= reward=-0.4001
[step=  62 01:15:32.824][Manager][MOCK] finger_contacts forçado para 1 (grasp_attempts=3)
[step=  62 01:15:32.824][Perception]
  RAW PERCEPTION                                  MONITORED PARAMS
  ----------------------------------------------  --------------------------------------
  fingers_width         = 0.0800 m                gripper_width_cm      = 7 cm
  dist_ee_to_cube       = 0.3928 m                distance_ee_object_cm = 39 cm
  dist_cube_to_target   = 0.4001 m  (3D)          distance_obj_goal_cm  = 40 cm  (XY)
  cube_position (z)     = 0.0100 m                object_lift_height_cm = 0 cm
  cube_position (xy)    = [-0.250, 0.000]         grasp_completed       = 0
  target_position (xy)  = [0.150, 0.000]          finger_contacts       = 1
  x                                               grasp_attempts        = 3
  episode                = 1                      x
  step                   = 62                     x
  ee_position            = [0.0127, 0.0000, 0.3020]  x
  ee_velocity            = [0.3243, 0.0001, 0.1928]  x
  reward                 = -0.4001                x
  is_success             = True                   x
  obstacle_in_path       = False                  x
  obstacle_count_in_path = 0                      x
  obstacles              = {}                     x
  objects                = {'object_1': {'type': 'box', 'size': [0.045, 0.03, 0.02], 'mass': 10.0, 'color': [0.1, 0.2, 0.9, 1.0], 'initial_position': [-0.25, 0.0, 0.02], 'lateral_friction': 0.5, 'spinning_friction': 0.001, 'current_position': [-0.25000326477515, 5.199691524874983e-06, 0.009990043040409501]}}  x
  scripts                = {'script_1': True, 'reach_only': True, 'left_right': True}  x
  target_goal            = {'type': 'goal_sequence', 'targets': [{'name': 'target', 'position': [0.15000000596046448, 0.0, 0.019999999552965164]}], 'mode': 'goal_sequence'}  x
  scene                  = {'table': {'length': 1.1, 'width': 0.7, 'height': 0.4, 'x_offset': -0.3, 'lateral_friction': 3.0, 'spinning_friction': 0.001}}  x
  robot_config           = {'control_type': 'ee', 'block_gripper': False, 'base_position': [-0.6, 0.0, 0.05]}  x
  current_task           = ABORT                  x
  active_target_name     = target                 x
  action                 = [0.9210, 0.0016, 0.3896, 1.0000]  x
  joint_angles           = [0.0002, 0.2196, -0.0002, -1.8426, 0.0000, 2.0551, 0.7855]  x
  joint_velocities       = [0.0005, 0.6469, -0.0004, 1.3492, 0.0000, -0.4194, 0.0006]  x
  cube_rotation          = [0.0000, -0.0000, 0.0001]  x
  cube_linear_velocity   = [-0.0000, 0.0000, -0.0000]  x
  obstacle_positions     = {}                     x
[step=  62 01:15:32.826][Analyzer] ASM node=safe_abort  goal_status=not_applicable
[step=  62 01:16:01.750][WsClient] Falha (no close frame received or sent). Tentativa 1/3...
[step=  62 01:16:04.267][WsClient] Falha (timed out). Tentativa 2/3...
[step=  62 01:16:06.774][WsClient] Falha (timed out). Tentativa 3/3...
[step=  62 01:16:07.274][WsClient] Sem conexão após 3 tentativas. Encerrando.
