[Trace] Gravando em: C:\Users\lucas_alves\Workspace\self-adaptive-arm-simulator\1-manager\traces\trace_20260814_002913.log
[step=   0 00:29:14.320][Manager] GUI conectado.
[step=   0 00:29:15.441][Manager] DejaVu conectado.
[step=   0 00:29:15.821][Manager] Aguardando percepcoes do managing...

[step=   0 00:29:15.843][WsClient] Conectado a ws://localhost:8000/ws/perception
[step=   1 00:29:15.922][Manager] ep=1 subtask=APPROACH_OBJECT reward=-0.4000
[step=   1 00:29:15.922][Perception]
  RAW PERCEPTION                                  MONITORED PARAMS
  ----------------------------------------------  --------------------------------------
  fingers_width         = 0.0703 m                gripper_width_cm      = 7 cm
  dist_ee_to_cube       = 0.3106 m                distance_ee_object_cm = 28 cm
  dist_cube_to_target   = 0.4000 m  (3D)          distance_obj_goal_cm  = 40 cm  (XY)
  cube_position (z)     = 0.0200 m                object_lift_height_cm = 0 cm
  cube_position (xy)    = [-0.250, 0.000]         grasp_completed       = 0
  finger_contacts (raw) = 0                       finger_contacts       = 0
  x                                               grasp_attempts        = 0
  x                                               task_started          = 1
  x                                               object_available      = 1
  x                                               task_aborted          = 0
  episode                = 1                      x
  step                   = 1                      x
  ee_position            = [0.0095, 0.0000, 0.1906]  x
  ee_velocity            = [-0.4160, 0.0005, -0.0497]  x
  target_position        = [0.1500, 0.0000, 0.0200]  x
  reward                 = -0.4000                x
  is_success             = False                  x
  obstacle_in_path       = False                  x
  obstacle_count_in_path = 0                      x
  obstacles              = {}                     x
  objects                = {'object_1': {'type': 'box', 'size': [0.04, 0.04, 0.04], 'mass': 1.0, 'color': [0.1, 0.2, 0.9, 1.0], 'initial_position': [-0.25, 0.0, 0.02], 'lateral_friction': 0.155, 'spinning_friction': 0.001, 'current_position': [-0.2500006382154648, 3.736820161819107e-07, 0.01998952846842175]}}  x
  scripts                = {'script_1': True, 'reach_only': True, 'left_right': True}  x
  target_goal            = {'type': 'goal_sequence', 'targets': [{'name': 'target', 'position': [0.15000000596046448, 0.0, 0.019999999552965164]}], 'mode': 'goal_sequence'}  x
  scene                  = {'table': {'length': 1.1, 'width': 0.7, 'height': 0.4, 'x_offset': -0.3, 'lateral_friction': 3.0, 'spinning_friction': 0.001}}  x
  robot_config           = {'control_type': 'ee', 'block_gripper': False, 'base_position': [-0.6, 0.0, 0.05]}  x
  current_task           = OBJECT_DELIVERY_SEQUENCE  x
  current_subtask        = APPROACH_OBJECT        x
  active_target_name     = target                 x
  action                 = [-0.9839, 0.0000, -0.1787, 1.0000]  x
  joint_angles           = [-0.0006, 0.3402, 0.0006, -1.9788, -0.0003, 2.3185, 0.7862]  x
  joint_velocities       = [-0.0043, -0.9484, 0.0052, -1.5662, -0.0026, 0.4502, -0.0295]  x
  cube_rotation          = [0.0000, -0.0000, -0.0000]  x
  cube_linear_velocity   = [-0.0000, 0.0000, -0.0000]  x
  obstacle_positions     = {}                     x
[step=   1 00:29:15.927][ASM] [PENDING] __init__ → approach_object: condições satisfeitas, aguardando managing
[step=   1 00:29:15.927][ASM] [OK] __init__ → approach_object  (type=domain)
[step=   1 00:29:15.927][Analyzer] ASM node=approach_object  goal_status=ok  (scenario=APPROACH_OBJECT)
[step=   1 00:29:15.933][DejaVu] {'status': 'ok', 'unanticipated': False}
[step=   2 00:29:17.081][Manager] ep=1 subtask=APPROACH_OBJECT reward=-0.4000
[step=   2 00:29:17.081][Perception]
  RAW PERCEPTION                                  MONITORED PARAMS
  ----------------------------------------------  --------------------------------------
  fingers_width         = 0.0788 m                gripper_width_cm      = 7 cm
  dist_ee_to_cube       = 0.2806 m                distance_ee_object_cm = 25 cm
  dist_cube_to_target   = 0.4000 m  (3D)          distance_obj_goal_cm  = 40 cm  (XY)
  cube_position (z)     = 0.0200 m                object_lift_height_cm = 0 cm
  cube_position (xy)    = [-0.250, 0.000]         grasp_completed       = 0
  finger_contacts (raw) = 0                       finger_contacts       = 0
  x                                               grasp_attempts        = 0
  x                                               task_started          = 1
  x                                               object_available      = 1
  x                                               task_aborted          = 0
  episode                = 1                      x
  step                   = 2                      x
  ee_position            = [-0.0225, 0.0000, 0.1842]  x
  ee_velocity            = [-0.3693, 0.0001, -0.0756]  x
  target_position        = [0.1500, 0.0000, 0.0200]  x
  reward                 = -0.4000                x
  is_success             = False                  x
  obstacle_in_path       = False                  x
  obstacle_count_in_path = 0                      x
  obstacles              = {}                     x
  objects                = {'object_1': {'type': 'box', 'size': [0.04, 0.04, 0.04], 'mass': 1.0, 'color': [0.1, 0.2, 0.9, 1.0], 'initial_position': [-0.25, 0.0, 0.02], 'lateral_friction': 0.155, 'spinning_friction': 0.001, 'current_position': [-0.2500007504158555, 8.244176984337467e-07, 0.019989433475159142]}}  x
  scripts                = {'script_1': True, 'reach_only': True, 'left_right': True}  x
  target_goal            = {'type': 'goal_sequence', 'targets': [{'name': 'target', 'position': [0.15000000596046448, 0.0, 0.019999999552965164]}], 'mode': 'goal_sequence'}  x
  scene                  = {'table': {'length': 1.1, 'width': 0.7, 'height': 0.4, 'x_offset': -0.3, 'lateral_friction': 3.0, 'spinning_friction': 0.001}}  x
  robot_config           = {'control_type': 'ee', 'block_gripper': False, 'base_position': [-0.6, 0.0, 0.05]}  x
  current_task           = OBJECT_DELIVERY_SEQUENCE  x
  current_subtask        = APPROACH_OBJECT        x
  active_target_name     = target                 x
  action                 = [-0.9849, -0.0000, -0.1732, 1.0000]  x
  joint_angles           = [-0.0006, 0.2683, 0.0007, -2.1078, -0.0003, 2.3756, 0.7857]  x
  joint_velocities       = [-0.0007, -0.7571, 0.0008, -1.3320, 0.0000, 0.4389, -0.0038]  x
  cube_rotation          = [0.0000, -0.0000, -0.0000]  x
  cube_linear_velocity   = [-0.0000, 0.0000, -0.0000]  x
  obstacle_positions     = {}                     x
[step=   2 00:29:17.084][Analyzer] ASM node=approach_object  goal_status=not_applicable
[step=   2 00:29:17.087][DejaVu] {'status': 'ok', 'unanticipated': False}
[step=   3 00:29:18.225][Manager] ep=1 subtask=APPROACH_OBJECT reward=-0.4000
[step=   3 00:29:18.226][Perception]
  RAW PERCEPTION                                  MONITORED PARAMS
  ----------------------------------------------  --------------------------------------
  fingers_width         = 0.0799 m                gripper_width_cm      = 7 cm
  dist_ee_to_cube       = 0.2501 m                distance_ee_object_cm = 22 cm
  dist_cube_to_target   = 0.4000 m  (3D)          distance_obj_goal_cm  = 40 cm  (XY)
  cube_position (z)     = 0.0200 m                object_lift_height_cm = 0 cm
  cube_position (xy)    = [-0.250, 0.000]         grasp_completed       = 0
  finger_contacts (raw) = 0                       finger_contacts       = 0
  x                                               grasp_attempts        = 0
  x                                               task_started          = 1
  x                                               object_available      = 1
  x                                               task_aborted          = 0
  episode                = 1                      x
  step                   = 3                      x
  ee_position            = [-0.0556, 0.0000, 0.1774]  x
  ee_velocity            = [-0.3892, 0.0002, -0.0654]  x
  target_position        = [0.1500, 0.0000, 0.0200]  x
  reward                 = -0.4000                x
  is_success             = False                  x
  obstacle_in_path       = False                  x
  obstacle_count_in_path = 0                      x
  obstacles              = {}                     x
  objects                = {'object_1': {'type': 'box', 'size': [0.04, 0.04, 0.04], 'mass': 1.0, 'color': [0.1, 0.2, 0.9, 1.0], 'initial_position': [-0.25, 0.0, 0.02], 'lateral_friction': 0.155, 'spinning_friction': 0.001, 'current_position': [-0.2500007855749166, 1.2751467347975933e-06, 0.019989415568297347]}}  x
  scripts                = {'script_1': True, 'reach_only': True, 'left_right': True}  x
  target_goal            = {'type': 'goal_sequence', 'targets': [{'name': 'target', 'position': [0.15000000596046448, 0.0, 0.019999999552965164]}], 'mode': 'goal_sequence'}  x
  scene                  = {'table': {'length': 1.1, 'width': 0.7, 'height': 0.4, 'x_offset': -0.3, 'lateral_friction': 3.0, 'spinning_friction': 0.001}}  x
  robot_config           = {'control_type': 'ee', 'block_gripper': False, 'base_position': [-0.6, 0.0, 0.05]}  x
  current_task           = OBJECT_DELIVERY_SEQUENCE  x
  current_subtask        = APPROACH_OBJECT        x
  active_target_name     = target                 x
  action                 = [-0.9855, -0.0001, -0.1699, 1.0000]  x
  joint_angles           = [-0.0007, 0.1972, 0.0007, -2.2343, -0.0002, 2.4311, 0.7856]  x
  joint_velocities       = [-0.0002, -0.8030, 0.0006, -1.3457, 0.0004, 0.4268, -0.0006]  x
  cube_rotation          = [0.0000, -0.0000, -0.0000]  x
  cube_linear_velocity   = [-0.0000, 0.0000, -0.0000]  x
  obstacle_positions     = {}                     x
[step=   3 00:29:18.230][Analyzer] ASM node=approach_object  goal_status=not_applicable
[step=   3 00:29:18.232][DejaVu] {'status': 'ok', 'unanticipated': False}
[step=   4 00:29:19.372][Manager] ep=1 subtask=APPROACH_OBJECT reward=-0.4000
[step=   4 00:29:19.372][Perception]
  RAW PERCEPTION                                  MONITORED PARAMS
  ----------------------------------------------  --------------------------------------
  fingers_width         = 0.0800 m                gripper_width_cm      = 7 cm
  dist_ee_to_cube       = 0.2199 m                distance_ee_object_cm = 19 cm
  dist_cube_to_target   = 0.4000 m  (3D)          distance_obj_goal_cm  = 40 cm  (XY)
  cube_position (z)     = 0.0200 m                object_lift_height_cm = 0 cm
  cube_position (xy)    = [-0.250, 0.000]         grasp_completed       = 0
  finger_contacts (raw) = 0                       finger_contacts       = 0
  x                                               grasp_attempts        = 0
  x                                               task_started          = 1
  x                                               object_available      = 1
  x                                               task_aborted          = 0
  episode                = 1                      x
  step                   = 4                      x
  ee_position            = [-0.0897, 0.0001, 0.1706]  x
  ee_velocity            = [-0.4008, 0.0003, -0.0701]  x
  target_position        = [0.1500, 0.0000, 0.0200]  x
  reward                 = -0.4000                x
  is_success             = False                  x
  obstacle_in_path       = False                  x
  obstacle_count_in_path = 0                      x
  obstacles              = {}                     x
  objects                = {'object_1': {'type': 'box', 'size': [0.04, 0.04, 0.04], 'mass': 1.0, 'color': [0.1, 0.2, 0.9, 1.0], 'initial_position': [-0.25, 0.0, 0.02], 'lateral_friction': 0.155, 'spinning_friction': 0.001, 'current_position': [-0.25000080621045623, 1.7258736698106592e-06, 0.019989412192645828]}}  x
  scripts                = {'script_1': True, 'reach_only': True, 'left_right': True}  x
  target_goal            = {'type': 'goal_sequence', 'targets': [{'name': 'target', 'position': [0.15000000596046448, 0.0, 0.019999999552965164]}], 'mode': 'goal_sequence'}  x
  scene                  = {'table': {'length': 1.1, 'width': 0.7, 'height': 0.4, 'x_offset': -0.3, 'lateral_friction': 3.0, 'spinning_friction': 0.001}}  x
  robot_config           = {'control_type': 'ee', 'block_gripper': False, 'base_position': [-0.6, 0.0, 0.05]}  x
  current_task           = OBJECT_DELIVERY_SEQUENCE  x
  current_subtask        = APPROACH_OBJECT        x
  active_target_name     = target                 x
  action                 = [-0.9864, -0.0002, -0.1645, 1.0000]  x
  joint_angles           = [-0.0007, 0.1263, 0.0008, -2.3582, -0.0002, 2.4846, 0.7856]  x
  joint_velocities       = [-0.0002, -0.8024, 0.0008, -1.3278, 0.0005, 0.4108, -0.0002]  x
  cube_rotation          = [0.0000, -0.0000, -0.0000]  x
  cube_linear_velocity   = [-0.0000, 0.0000, -0.0000]  x
  obstacle_positions     = {}                     x
[step=   4 00:29:19.376][Analyzer] ASM node=approach_object  goal_status=not_applicable
[step=   4 00:29:19.378][DejaVu] {'status': 'ok', 'unanticipated': False}
[step=   5 00:29:20.521][Manager] ep=1 subtask=APPROACH_OBJECT reward=-0.4000
[step=   5 00:29:20.521][Perception]
  RAW PERCEPTION                                  MONITORED PARAMS
  ----------------------------------------------  --------------------------------------
  fingers_width         = 0.0800 m                gripper_width_cm      = 7 cm
  dist_ee_to_cube       = 0.1900 m                distance_ee_object_cm = 16 cm
  dist_cube_to_target   = 0.4000 m  (3D)          distance_obj_goal_cm  = 40 cm  (XY)
  cube_position (z)     = 0.0200 m                object_lift_height_cm = 0 cm
  cube_position (xy)    = [-0.250, 0.000]         grasp_completed       = 0
  finger_contacts (raw) = 0                       finger_contacts       = 0
  x                                               grasp_attempts        = 0
  x                                               task_started          = 1
  x                                               object_available      = 1
  x                                               task_aborted          = 0
  episode                = 1                      x
  step                   = 5                      x
  ee_position            = [-0.1251, 0.0001, 0.1632]  x
  ee_velocity            = [-0.3810, 0.0007, -0.0494]  x
  target_position        = [0.1500, 0.0000, 0.0200]  x
  reward                 = -0.4000                x
  is_success             = False                  x
  obstacle_in_path       = False                  x
  obstacle_count_in_path = 0                      x
  obstacles              = {}                     x
  objects                = {'object_1': {'type': 'box', 'size': [0.04, 0.04, 0.04], 'mass': 1.0, 'color': [0.1, 0.2, 0.9, 1.0], 'initial_position': [-0.25, 0.0, 0.02], 'lateral_friction': 0.155, 'spinning_friction': 0.001, 'current_position': [-0.25000082410733043, 2.1765994240189325e-06, 0.019989411556199578]}}  x
  scripts                = {'script_1': True, 'reach_only': True, 'left_right': True}  x
  target_goal            = {'type': 'goal_sequence', 'targets': [{'name': 'target', 'position': [0.15000000596046448, 0.0, 0.019999999552965164]}], 'mode': 'goal_sequence'}  x
  scene                  = {'table': {'length': 1.1, 'width': 0.7, 'height': 0.4, 'x_offset': -0.3, 'lateral_friction': 3.0, 'spinning_friction': 0.001}}  x
  robot_config           = {'control_type': 'ee', 'block_gripper': False, 'base_position': [-0.6, 0.0, 0.05]}  x
  current_task           = OBJECT_DELIVERY_SEQUENCE  x
  current_subtask        = APPROACH_OBJECT        x
  active_target_name     = target                 x
  action                 = [-0.9875, -0.0003, -0.1576, 1.0000]  x
  joint_angles           = [-0.0007, 0.0555, 0.0008, -2.4806, -0.0001, 2.5352, 0.7855]  x
  joint_velocities       = [-0.0001, -0.8110, 0.0017, -1.2507, 0.0006, 0.3895, -0.0002]  x
  cube_rotation          = [0.0000, -0.0000, -0.0000]  x
  cube_linear_velocity   = [-0.0000, 0.0000, -0.0000]  x
  obstacle_positions     = {}                     x
[step=   5 00:29:20.525][Analyzer] ASM node=approach_object  goal_status=not_applicable
[step=   5 00:29:20.527][DejaVu] {'status': 'ok', 'unanticipated': False}
[step=   6 00:29:21.666][Manager] ep=1 subtask=APPROACH_OBJECT reward=-0.4000
[step=   6 00:29:21.667][Perception]
  RAW PERCEPTION                                  MONITORED PARAMS
  ----------------------------------------------  --------------------------------------
  fingers_width         = 0.0800 m                gripper_width_cm      = 7 cm
  dist_ee_to_cube       = 0.1629 m                distance_ee_object_cm = 13 cm
  dist_cube_to_target   = 0.4000 m  (3D)          distance_obj_goal_cm  = 40 cm  (XY)
  cube_position (z)     = 0.0200 m                object_lift_height_cm = 0 cm
  cube_position (xy)    = [-0.250, 0.000]         grasp_completed       = 0
  finger_contacts (raw) = 0                       finger_contacts       = 0
  x                                               grasp_attempts        = 0
  x                                               task_started          = 1
  x                                               object_available      = 1
  x                                               task_aborted          = 0
  episode                = 1                      x
  step                   = 6                      x
  ee_position            = [-0.1607, 0.0001, 0.1562]  x
  ee_velocity            = [-0.4082, 0.0008, -0.0668]  x
  target_position        = [0.1500, 0.0000, 0.0200]  x
  reward                 = -0.4000                x
  is_success             = False                  x
  obstacle_in_path       = False                  x
  obstacle_count_in_path = 0                      x
  obstacles              = {}                     x
  objects                = {'object_1': {'type': 'box', 'size': [0.04, 0.04, 0.04], 'mass': 1.0, 'color': [0.1, 0.2, 0.9, 1.0], 'initial_position': [-0.25, 0.0, 0.02], 'lateral_friction': 0.155, 'spinning_friction': 0.001, 'current_position': [-0.25000084148704027, 2.627324180841425e-06, 0.01998941143610688]}}  x
  scripts                = {'script_1': True, 'reach_only': True, 'left_right': True}  x
  target_goal            = {'type': 'goal_sequence', 'targets': [{'name': 'target', 'position': [0.15000000596046448, 0.0, 0.019999999552965164]}], 'mode': 'goal_sequence'}  x
  scene                  = {'table': {'length': 1.1, 'width': 0.7, 'height': 0.4, 'x_offset': -0.3, 'lateral_friction': 3.0, 'spinning_friction': 0.001}}  x
  robot_config           = {'control_type': 'ee', 'block_gripper': False, 'base_position': [-0.6, 0.0, 0.05]}  x
  current_task           = OBJECT_DELIVERY_SEQUENCE  x
  current_subtask        = APPROACH_OBJECT        x
  active_target_name     = target                 x
  action                 = [-0.9895, -0.0005, -0.1444, 1.0000]  x
  joint_angles           = [-0.0007, -0.0164, 0.0009, -2.6004, 0.0000, 2.5839, 0.7855]  x
  joint_velocities       = [-0.0001, -0.8300, 0.0023, -1.2837, 0.0008, 0.3742, -0.0004]  x
  cube_rotation          = [0.0000, -0.0000, -0.0000]  x
  cube_linear_velocity   = [-0.0000, 0.0000, -0.0000]  x
  obstacle_positions     = {}                     x
[step=   6 00:29:21.670][Analyzer] ASM node=approach_object  goal_status=not_applicable
[step=   6 00:29:21.673][DejaVu] {'status': 'ok', 'unanticipated': False}
[step=   7 00:29:22.828][Manager] ep=1 subtask=APPROACH_OBJECT reward=-0.4000
[step=   7 00:29:22.828][Perception]
  RAW PERCEPTION                                  MONITORED PARAMS
  ----------------------------------------------  --------------------------------------
  fingers_width         = 0.0800 m                gripper_width_cm      = 7 cm
  dist_ee_to_cube       = 0.1396 m                distance_ee_object_cm = 11 cm
  dist_cube_to_target   = 0.4000 m  (3D)          distance_obj_goal_cm  = 40 cm  (XY)
  cube_position (z)     = 0.0200 m                object_lift_height_cm = 0 cm
  cube_position (xy)    = [-0.250, 0.000]         grasp_completed       = 0
  finger_contacts (raw) = 0                       finger_contacts       = 0
  x                                               grasp_attempts        = 0
  x                                               task_started          = 1
  x                                               object_available      = 1
  x                                               task_aborted          = 0
  episode                = 1                      x
  step                   = 7                      x
  ee_position            = [-0.1970, 0.0001, 0.1492]  x
  ee_velocity            = [-0.4312, 0.0003, -0.0816]  x
  target_position        = [0.1500, 0.0000, 0.0200]  x
  reward                 = -0.4000                x
  is_success             = False                  x
  obstacle_in_path       = False                  x
  obstacle_count_in_path = 0                      x
  obstacles              = {}                     x
  objects                = {'object_1': {'type': 'box', 'size': [0.04, 0.04, 0.04], 'mass': 1.0, 'color': [0.1, 0.2, 0.9, 1.0], 'initial_position': [-0.25, 0.0, 0.02], 'lateral_friction': 0.155, 'spinning_friction': 0.001, 'current_position': [-0.25000085876834904, 3.0780479764908263e-06, 0.019989411413349322]}}  x
  scripts                = {'script_1': True, 'reach_only': True, 'left_right': True}  x
  target_goal            = {'type': 'goal_sequence', 'targets': [{'name': 'target', 'position': [0.15000000596046448, 0.0, 0.019999999552965164]}], 'mode': 'goal_sequence'}  x
  scene                  = {'table': {'length': 1.1, 'width': 0.7, 'height': 0.4, 'x_offset': -0.3, 'lateral_friction': 3.0, 'spinning_friction': 0.001}}  x
  robot_config           = {'control_type': 'ee', 'block_gripper': False, 'base_position': [-0.6, 0.0, 0.05]}  x
  current_task           = OBJECT_DELIVERY_SEQUENCE  x
  current_subtask        = APPROACH_OBJECT        x
  active_target_name     = target                 x
  action                 = [-0.9922, -0.0007, -0.1249, 1.0000]  x
  joint_angles           = [-0.0007, -0.0897, 0.0009, -2.7181, 0.0001, 2.6278, 0.7854]  x
  joint_velocities       = [-0.0000, -0.8522, 0.0015, -1.3031, 0.0010, 0.3374, -0.0007]  x
  cube_rotation          = [0.0000, -0.0000, -0.0000]  x
  cube_linear_velocity   = [-0.0000, 0.0000, -0.0000]  x
  obstacle_positions     = {}                     x
[step=   7 00:29:22.832][Analyzer] ASM node=approach_object  goal_status=not_applicable
[step=   7 00:29:22.835][DejaVu] {'status': 'ok', 'unanticipated': False}
[step=   8 00:29:23.949][Manager] ep=1 subtask=APPROACH_OBJECT reward=-0.4000
[step=   8 00:29:23.949][Perception]
  RAW PERCEPTION                                  MONITORED PARAMS
  ----------------------------------------------  --------------------------------------
  fingers_width         = 0.0800 m                gripper_width_cm      = 7 cm
  dist_ee_to_cube       = 0.1238 m                distance_ee_object_cm = 9 cm
  dist_cube_to_target   = 0.4000 m  (3D)          distance_obj_goal_cm  = 40 cm  (XY)
  cube_position (z)     = 0.0200 m                object_lift_height_cm = 0 cm
  cube_position (xy)    = [-0.250, 0.000]         grasp_completed       = 0
  finger_contacts (raw) = 0                       finger_contacts       = 0
  x                                               grasp_attempts        = 0
  x                                               task_started          = 1
  x                                               object_available      = 1
  x                                               task_aborted          = 0
  episode                = 1                      x
  step                   = 8                      x
  ee_position            = [-0.2336, 0.0000, 0.1427]  x
  ee_velocity            = [-0.4297, -0.0001, -0.0722]  x
  target_position        = [0.1500, 0.0000, 0.0200]  x
  reward                 = -0.4000                x
  is_success             = False                  x
  obstacle_in_path       = False                  x
  obstacle_count_in_path = 0                      x
  obstacles              = {}                     x
  objects                = {'object_1': {'type': 'box', 'size': [0.04, 0.04, 0.04], 'mass': 1.0, 'color': [0.1, 0.2, 0.9, 1.0], 'initial_position': [-0.25, 0.0, 0.02], 'lateral_friction': 0.155, 'spinning_friction': 0.001, 'current_position': [-0.2500008760301956, 3.528770818098008e-06, 0.019989411408939943]}}  x
  scripts                = {'script_1': True, 'reach_only': True, 'left_right': True}  x
  target_goal            = {'type': 'goal_sequence', 'targets': [{'name': 'target', 'position': [0.15000000596046448, 0.0, 0.019999999552965164]}], 'mode': 'goal_sequence'}  x
  scene                  = {'table': {'length': 1.1, 'width': 0.7, 'height': 0.4, 'x_offset': -0.3, 'lateral_friction': 3.0, 'spinning_friction': 0.001}}  x
  robot_config           = {'control_type': 'ee', 'block_gripper': False, 'base_position': [-0.6, 0.0, 0.05]}  x
  current_task           = OBJECT_DELIVERY_SEQUENCE  x
  current_subtask        = APPROACH_OBJECT        x
  active_target_name     = target                 x
  action                 = [-0.9969, -0.0010, -0.0788, 1.0000]  x
  joint_angles           = [-0.0007, -0.1676, 0.0008, -2.8337, 0.0003, 2.6648, 0.7852]  x
  joint_velocities       = [0.0001, -0.9251, 0.0004, -1.2920, 0.0011, 0.2850, -0.0012]  x
  cube_rotation          = [0.0000, -0.0000, -0.0000]  x
  cube_linear_velocity   = [-0.0000, 0.0000, -0.0000]  x
  obstacle_positions     = {}                     x
[step=   8 00:29:23.953][Analyzer] ASM node=approach_object  goal_status=not_applicable
[step=   8 00:29:23.957][DejaVu] {'status': 'ok', 'unanticipated': False}
[step=   9 00:29:25.096][Manager] ep=1 subtask=APPROACH_OBJECT reward=-0.4000
[step=   9 00:29:25.096][Perception]
  RAW PERCEPTION                                  MONITORED PARAMS
  ----------------------------------------------  --------------------------------------
  fingers_width         = 0.0800 m                gripper_width_cm      = 7 cm
  dist_ee_to_cube       = 0.1214 m                distance_ee_object_cm = 9 cm
  dist_cube_to_target   = 0.4000 m  (3D)          distance_obj_goal_cm  = 40 cm  (XY)
  cube_position (z)     = 0.0200 m                object_lift_height_cm = 0 cm
  cube_position (xy)    = [-0.250, 0.000]         grasp_completed       = 0
  finger_contacts (raw) = 0                       finger_contacts       = 0
  x                                               grasp_attempts        = 0
  x                                               task_started          = 1
  x                                               object_available      = 1
  x                                               task_aborted          = 0
  episode                = 1                      x
  step                   = 9                      x
  ee_position            = [-0.2714, -0.0000, 0.1395]  x
  ee_velocity            = [-0.3739, -0.0003, 0.0261]  x
  target_position        = [0.1500, 0.0000, 0.0200]  x
  reward                 = -0.4000                x
  is_success             = False                  x
  obstacle_in_path       = False                  x
  obstacle_count_in_path = 0                      x
  obstacles              = {}                     x
  objects                = {'object_1': {'type': 'box', 'size': [0.04, 0.04, 0.04], 'mass': 1.0, 'color': [0.1, 0.2, 0.9, 1.0], 'initial_position': [-0.25, 0.0, 0.02], 'lateral_friction': 0.155, 'spinning_friction': 0.001, 'current_position': [-0.25000089328746017, 3.979492706986637e-06, 0.019989411407989287]}}  x
  scripts                = {'script_1': True, 'reach_only': True, 'left_right': True}  x
  target_goal            = {'type': 'goal_sequence', 'targets': [{'name': 'target', 'position': [0.15000000596046448, 0.0, 0.019999999552965164]}], 'mode': 'goal_sequence'}  x
  scene                  = {'table': {'length': 1.1, 'width': 0.7, 'height': 0.4, 'x_offset': -0.3, 'lateral_friction': 3.0, 'spinning_friction': 0.001}}  x
  robot_config           = {'control_type': 'ee', 'block_gripper': False, 'base_position': [-0.6, 0.0, 0.05]}  x
  current_task           = OBJECT_DELIVERY_SEQUENCE  x
  current_subtask        = APPROACH_OBJECT        x
  active_target_name     = target                 x
  action                 = [-0.9907, -0.0012, 0.1364, 1.0000]  x
  joint_angles           = [-0.0007, -0.2644, 0.0007, -2.9453, 0.0004, 2.6725, 0.7850]  x
  joint_velocities       = [0.0002, -1.3025, -0.0006, -1.2276, 0.0009, 0.0589, -0.0015]  x
  cube_rotation          = [0.0000, -0.0000, -0.0000]  x
  cube_linear_velocity   = [-0.0000, 0.0000, -0.0000]  x
  obstacle_positions     = {}                     x
[step=   9 00:29:25.100][Analyzer] ASM node=approach_object  goal_status=not_applicable
[step=   9 00:29:25.104][DejaVu] {'status': 'ok', 'unanticipated': False}
[step=  10 00:29:26.240][Manager] ep=1 subtask=APPROACH_OBJECT reward=-0.4000
[step=  10 00:29:26.241][Perception]
  RAW PERCEPTION                                  MONITORED PARAMS
  ----------------------------------------------  --------------------------------------
  fingers_width         = 0.0800 m                gripper_width_cm      = 7 cm
  dist_ee_to_cube       = 0.1080 m                distance_ee_object_cm = 8 cm
  dist_cube_to_target   = 0.4000 m  (3D)          distance_obj_goal_cm  = 40 cm  (XY)
  cube_position (z)     = 0.0200 m                object_lift_height_cm = 0 cm
  cube_position (xy)    = [-0.250, 0.000]         grasp_completed       = 0
  finger_contacts (raw) = 0                       finger_contacts       = 0
  x                                               grasp_attempts        = 0
  x                                               task_started          = 1
  x                                               object_available      = 1
  x                                               task_aborted          = 0
  episode                = 1                      x
  step                   = 10                     x
  ee_position            = [-0.2591, -0.0000, 0.1276]  x
  ee_velocity            = [-0.4097, 0.0005, -1.0626]  x
  target_position        = [0.1500, 0.0000, 0.0200]  x
  reward                 = -0.4000                x
  is_success             = False                  x
  obstacle_in_path       = False                  x
  obstacle_count_in_path = 0                      x
  obstacles              = {}                     x
  objects                = {'object_1': {'type': 'box', 'size': [0.04, 0.04, 0.04], 'mass': 1.0, 'color': [0.1, 0.2, 0.9, 1.0], 'initial_position': [-0.25, 0.0, 0.02], 'lateral_friction': 0.155, 'spinning_friction': 0.001, 'current_position': [-0.250000910542948, 4.430213643272149e-06, 0.019989411407690616]}}  x
  scripts                = {'script_1': True, 'reach_only': True, 'left_right': True}  x
  target_goal            = {'type': 'goal_sequence', 'targets': [{'name': 'target', 'position': [0.15000000596046448, 0.0, 0.019999999552965164]}], 'mode': 'goal_sequence'}  x
  scene                  = {'table': {'length': 1.1, 'width': 0.7, 'height': 0.4, 'x_offset': -0.3, 'lateral_friction': 3.0, 'spinning_friction': 0.001}}  x
  robot_config           = {'control_type': 'ee', 'block_gripper': False, 'base_position': [-0.6, 0.0, 0.05]}  x
  current_task           = OBJECT_DELIVERY_SEQUENCE  x
  current_subtask        = APPROACH_OBJECT        x
  active_target_name     = target                 x
  action                 = [0.2206, 0.0003, -0.9754, 1.0000]  x
  joint_angles           = [-0.0007, -0.1840, 0.0008, -2.9402, 0.0003, 2.7943, 0.7851]  x
  joint_velocities       = [-0.0002, 3.6343, 0.0001, 0.2702, -0.0005, 0.9369, 0.0005]  x
  cube_rotation          = [0.0000, -0.0000, -0.0000]  x
  cube_linear_velocity   = [-0.0000, 0.0000, -0.0000]  x
  obstacle_positions     = {}                     x
[step=  10 00:29:26.245][Analyzer] ASM node=approach_object  goal_status=not_applicable
[step=  10 00:29:26.247][DejaVu] {'status': 'ok', 'unanticipated': False}
[step=  11 00:29:27.382][Manager] ep=1 subtask=APPROACH_OBJECT reward=-0.4000
[step=  11 00:29:27.382][Perception]
  RAW PERCEPTION                                  MONITORED PARAMS
  ----------------------------------------------  --------------------------------------
  fingers_width         = 0.0800 m                gripper_width_cm      = 7 cm
  dist_ee_to_cube       = 0.0700 m                distance_ee_object_cm = 4 cm
  dist_cube_to_target   = 0.4000 m  (3D)          distance_obj_goal_cm  = 40 cm  (XY)
  cube_position (z)     = 0.0200 m                object_lift_height_cm = 0 cm
  cube_position (xy)    = [-0.250, 0.000]         grasp_completed       = 0
  finger_contacts (raw) = 0                       finger_contacts       = 0
  x                                               grasp_attempts        = 0
  x                                               task_started          = 1
  x                                               object_available      = 1
  x                                               task_aborted          = 0
  episode                = 1                      x
  step                   = 11                     x
  ee_position            = [-0.2648, -0.0000, 0.0884]  x
  ee_velocity            = [-0.2715, 0.0004, -0.6197]  x
  target_position        = [0.1500, 0.0000, 0.0200]  x
  reward                 = -0.4000                x
  is_success             = False                  x
  obstacle_in_path       = False                  x
  obstacle_count_in_path = 0                      x
  obstacles              = {}                     x
  objects                = {'object_1': {'type': 'box', 'size': [0.04, 0.04, 0.04], 'mass': 1.0, 'color': [0.1, 0.2, 0.9, 1.0], 'initial_position': [-0.25, 0.0, 0.02], 'lateral_friction': 0.155, 'spinning_friction': 0.001, 'current_position': [-0.25000070043087186, 4.903380098338324e-06, 0.01998948963338307]}}  x
  scripts                = {'script_1': True, 'reach_only': True, 'left_right': True}  x
  target_goal            = {'type': 'goal_sequence', 'targets': [{'name': 'target', 'position': [0.15000000596046448, 0.0, 0.019999999552965164]}], 'mode': 'goal_sequence'}  x
  scene                  = {'table': {'length': 1.1, 'width': 0.7, 'height': 0.4, 'x_offset': -0.3, 'lateral_friction': 3.0, 'spinning_friction': 0.001}}  x
  robot_config           = {'control_type': 'ee', 'block_gripper': False, 'base_position': [-0.6, 0.0, 0.05]}  x
  current_task           = OBJECT_DELIVERY_SEQUENCE  x
  current_subtask        = APPROACH_OBJECT        x
  active_target_name     = target                 x
  action                 = [0.1090, 0.0003, -0.9940, 1.0000]  x
  joint_angles           = [-0.0008, -0.0286, 0.0008, -2.9115, 0.0002, 2.8606, 0.7852]  x
  joint_velocities       = [-0.0004, 2.1932, 0.0002, 0.2782, -0.0010, 0.5096, 0.0006]  x
  cube_rotation          = [0.0000, -0.0000, -0.0000]  x
  cube_linear_velocity   = [0.0000, 0.0000, 0.0000]  x
  obstacle_positions     = {}                     x
[step=  11 00:29:27.386][Analyzer] ASM node=approach_object  goal_status=not_applicable
[step=  11 00:29:27.388][DejaVu] {'status': 'ok', 'unanticipated': False}
[step=  12 00:29:28.527][Manager] ep=1 subtask=APPROACH_OBJECT reward=-0.4000
[step=  12 00:29:28.528][Perception]
  RAW PERCEPTION                                  MONITORED PARAMS
  ----------------------------------------------  --------------------------------------
  fingers_width         = 0.0800 m                gripper_width_cm      = 7 cm
  dist_ee_to_cube       = 0.0391 m                distance_ee_object_cm = 1 cm
  dist_cube_to_target   = 0.4000 m  (3D)          distance_obj_goal_cm  = 40 cm  (XY)
  cube_position (z)     = 0.0200 m                object_lift_height_cm = 0 cm
  cube_position (xy)    = [-0.250, 0.000]         grasp_completed       = 0
  finger_contacts (raw) = 0                       finger_contacts       = 0
  x                                               grasp_attempts        = 0
  x                                               task_started          = 1
  x                                               object_available      = 1
  x                                               task_aborted          = 0
  episode                = 1                      x
  step                   = 12                     x
  ee_position            = [-0.2567, -0.0000, 0.0585]  x
  ee_velocity            = [-0.1778, 0.0003, -0.5876]  x
  target_position        = [0.1500, 0.0000, 0.0200]  x
  reward                 = -0.4000                x
  is_success             = False                  x
  obstacle_in_path       = False                  x
  obstacle_count_in_path = 0                      x
  obstacles              = {}                     x
  objects                = {'object_1': {'type': 'box', 'size': [0.04, 0.04, 0.04], 'mass': 1.0, 'color': [0.1, 0.2, 0.9, 1.0], 'initial_position': [-0.25, 0.0, 0.02], 'lateral_friction': 0.155, 'spinning_friction': 0.001, 'current_position': [-0.2500002862534305, 4.903496398524369e-06, 0.01998990368716314]}}  x
  scripts                = {'script_1': True, 'reach_only': True, 'left_right': True}  x
  target_goal            = {'type': 'goal_sequence', 'targets': [{'name': 'target', 'position': [0.15000000596046448, 0.0, 0.019999999552965164]}], 'mode': 'goal_sequence'}  x
  scene                  = {'table': {'length': 1.1, 'width': 0.7, 'height': 0.4, 'x_offset': -0.3, 'lateral_friction': 3.0, 'spinning_friction': 0.001}}  x
  robot_config           = {'control_type': 'ee', 'block_gripper': False, 'base_position': [-0.6, 0.0, 0.05]}  x
  current_task           = OBJECT_DELIVERY_SEQUENCE  x
  current_subtask        = APPROACH_OBJECT        x
  active_target_name     = target                 x
  action                 = [0.3224, 0.0003, -0.9466, 1.0000]  x
  joint_angles           = [-0.0008, 0.1141, 0.0006, -2.8742, -0.0001, 2.9734, 0.7853]  x
  joint_velocities       = [0.0001, 2.2020, -0.0008, 0.4190, -0.0021, 0.8672, 0.0012]  x
  cube_rotation          = [0.0000, -0.0000, -0.0000]  x
  cube_linear_velocity   = [0.0000, -0.0000, 0.0000]  x
  obstacle_positions     = {}                     x
[step=  12 00:29:28.531][ASM] [PENDING] approach_object → grasp_object: condições satisfeitas, aguardando managing
[step=  12 00:29:28.531][Analyzer] ASM node=approach_object  goal_status=not_applicable
[step=  12 00:29:28.533][DejaVu] {'status': 'ok', 'unanticipated': False}
[step=  13 00:29:29.674][Manager] ep=1 subtask=APPROACH_OBJECT reward=-0.4000
[step=  13 00:29:29.674][Perception]
  RAW PERCEPTION                                  MONITORED PARAMS
  ----------------------------------------------  --------------------------------------
  fingers_width         = 0.0800 m                gripper_width_cm      = 7 cm
  dist_ee_to_cube       = 0.0092 m                distance_ee_object_cm = 0 cm
  dist_cube_to_target   = 0.4000 m  (3D)          distance_obj_goal_cm  = 40 cm  (XY)
  cube_position (z)     = 0.0200 m                object_lift_height_cm = 0 cm
  cube_position (xy)    = [-0.250, 0.000]         grasp_completed       = 0
  finger_contacts (raw) = 0                       finger_contacts       = 0
  x                                               grasp_attempts        = 0
  x                                               task_started          = 1
  x                                               object_available      = 1
  x                                               task_aborted          = 0
  episode                = 1                      x
  step                   = 13                     x
  ee_position            = [-0.2448, 0.0000, 0.0275]  x
  ee_velocity            = [-0.1041, 0.0003, -0.6151]  x
  target_position        = [0.1500, 0.0000, 0.0200]  x
  reward                 = -0.4000                x
  is_success             = False                  x
  obstacle_in_path       = False                  x
  obstacle_count_in_path = 0                      x
  obstacles              = {}                     x
  objects                = {'object_1': {'type': 'box', 'size': [0.04, 0.04, 0.04], 'mass': 1.0, 'color': [0.1, 0.2, 0.9, 1.0], 'initial_position': [-0.25, 0.0, 0.02], 'lateral_friction': 0.155, 'spinning_friction': 0.001, 'current_position': [-0.2500002081102265, 4.903495591203585e-06, 0.01998998182561259]}}  x
  scripts                = {'script_1': True, 'reach_only': True, 'left_right': True}  x
  target_goal            = {'type': 'goal_sequence', 'targets': [{'name': 'target', 'position': [0.15000000596046448, 0.0, 0.019999999552965164]}], 'mode': 'goal_sequence'}  x
  scene                  = {'table': {'length': 1.1, 'width': 0.7, 'height': 0.4, 'x_offset': -0.3, 'lateral_friction': 3.0, 'spinning_friction': 0.001}}  x
  robot_config           = {'control_type': 'ee', 'block_gripper': False, 'base_position': [-0.6, 0.0, 0.05]}  x
  current_task           = OBJECT_DELIVERY_SEQUENCE  x
  current_subtask        = APPROACH_OBJECT        x
  active_target_name     = target                 x
  action                 = [0.4439, 0.0015, -0.8961, 1.0000]  x
  joint_angles           = [-0.0005, 0.2612, 0.0004, -2.8099, -0.0003, 3.0542, 0.7856]  x
  joint_velocities       = [0.0022, 2.3164, -0.0022, 0.8002, -0.0016, 0.6211, 0.0017]  x
  cube_rotation          = [-0.0000, -0.0000, -0.0000]  x
  cube_linear_velocity   = [0.0000, -0.0000, 0.0000]  x
  obstacle_positions     = {}                     x
[step=  13 00:29:29.677][ASM] [PENDING] approach_object → grasp_object: aguardando managing (já validado)
[step=  13 00:29:29.677][Analyzer] ASM node=approach_object  goal_status=not_applicable
[step=  13 00:29:29.679][DejaVu] {'status': 'ok', 'unanticipated': False}
[step=  14 00:29:30.847][Manager] ep=1 subtask=GRASP_OBJECT reward=-0.3998
[step=  14 00:29:30.847][Perception]
  RAW PERCEPTION                                  MONITORED PARAMS
  ----------------------------------------------  --------------------------------------
  fingers_width         = 0.0371 m                gripper_width_cm      = 3 cm
  dist_ee_to_cube       = 0.0017 m                distance_ee_object_cm = 0 cm
  dist_cube_to_target   = 0.3998 m  (3D)          distance_obj_goal_cm  = 39 cm  (XY)
  cube_position (z)     = 0.0218 m                object_lift_height_cm = 0 cm
  cube_position (xy)    = [-0.250, 0.000]         grasp_completed       = 1
  finger_contacts (raw) = 2                       finger_contacts       = 2
  x                                               grasp_attempts        = 1
  x                                               task_started          = 1
  x                                               object_available      = 1
  x                                               task_aborted          = 0
  episode                = 1                      x
  step                   = 14                     x
  ee_position            = [-0.2507, 0.0000, 0.0203]  x
  ee_velocity            = [0.2150, -0.0002, 0.2588]  x
  target_position        = [0.1500, 0.0000, 0.0200]  x
  reward                 = -0.3998                x
  is_success             = False                  x
  obstacle_in_path       = False                  x
  obstacle_count_in_path = 0                      x
  obstacles              = {}                     x
  objects                = {'object_1': {'type': 'box', 'size': [0.04, 0.04, 0.04], 'mass': 1.0, 'color': [0.1, 0.2, 0.9, 1.0], 'initial_position': [-0.25, 0.0, 0.02], 'lateral_friction': 0.155, 'spinning_friction': 0.001, 'current_position': [-0.24980978664046533, 0.00021268300039565082, 0.02180493168199349]}}  x
  scripts                = {'script_1': True, 'reach_only': True, 'left_right': True}  x
  target_goal            = {'type': 'goal_sequence', 'targets': [{'name': 'target', 'position': [0.15000000596046448, 0.0, 0.019999999552965164]}], 'mode': 'goal_sequence'}  x
  scene                  = {'table': {'length': 1.1, 'width': 0.7, 'height': 0.4, 'x_offset': -0.3, 'lateral_friction': 3.0, 'spinning_friction': 0.001}}  x
  robot_config           = {'control_type': 'ee', 'block_gripper': False, 'base_position': [-0.6, 0.0, 0.05]}  x
  current_task           = OBJECT_DELIVERY_SEQUENCE  x
  current_subtask        = GRASP_OBJECT           x
  active_target_name     = target                 x
  action                 = [0.0000, 0.0000, 0.0000, -1.0000]  x
  joint_angles           = [-0.0003, 0.2770, 0.0002, -2.8174, -0.0003, 3.0728, 0.7856]  x
  joint_velocities       = [0.0011, -0.7520, -0.0014, -0.0854, -0.0005, 0.1430, 0.0010]  x
  cube_rotation          = [0.0044, -0.0094, -0.0020]  x
  cube_linear_velocity   = [0.2121, 0.0075, 0.2429]  x
  obstacle_positions     = {}                     x
[step=  14 00:29:30.851][ASM] [PENDING] approach_object → grasp_object: aguardando managing (já validado)
[step=  14 00:29:30.851][ASM] [OK] approach_object → grasp_object  (type=domain)
[step=  14 00:29:30.851][Analyzer] ASM node=grasp_object  goal_status=ok  (scenario=GRASP_OBJECT)
[step=  14 00:29:30.854][DejaVu] {'status': 'ok', 'unanticipated': False}
[step=  15 00:29:31.994][Manager] ep=1 subtask=GRASP_OBJECT reward=-0.3995
[step=  15 00:29:31.994][Perception]
  RAW PERCEPTION                                  MONITORED PARAMS
  ----------------------------------------------  --------------------------------------
  fingers_width         = 0.0380 m                gripper_width_cm      = 3 cm
  dist_ee_to_cube       = 0.0015 m                distance_ee_object_cm = 0 cm
  dist_cube_to_target   = 0.3995 m  (3D)          distance_obj_goal_cm  = 39 cm  (XY)
  cube_position (z)     = 0.0226 m                object_lift_height_cm = 0 cm
  cube_position (xy)    = [-0.249, 0.001]         grasp_completed       = 1
  finger_contacts (raw) = 2                       finger_contacts       = 2
  x                                               grasp_attempts        = 1
  x                                               task_started          = 1
  x                                               object_available      = 1
  x                                               task_aborted          = 0
  episode                = 1                      x
  step                   = 15                     x
  ee_position            = [-0.2500, -0.0000, 0.0216]  x
  ee_velocity            = [-0.0090, -0.0000, -0.0044]  x
  target_position        = [0.1500, 0.0000, 0.0200]  x
  reward                 = -0.3995                x
  is_success             = False                  x
  obstacle_in_path       = False                  x
  obstacle_count_in_path = 0                      x
  obstacles              = {}                     x
  objects                = {'object_1': {'type': 'box', 'size': [0.04, 0.04, 0.04], 'mass': 1.0, 'color': [0.1, 0.2, 0.9, 1.0], 'initial_position': [-0.25, 0.0, 0.02], 'lateral_friction': 0.155, 'spinning_friction': 0.001, 'current_position': [-0.24946467015274162, 0.0009494815352257307, 0.022601579755353405]}}  x
  scripts                = {'script_1': True, 'reach_only': True, 'left_right': True}  x
  target_goal            = {'type': 'goal_sequence', 'targets': [{'name': 'target', 'position': [0.15000000596046448, 0.0, 0.019999999552965164]}], 'mode': 'goal_sequence'}  x
  scene                  = {'table': {'length': 1.1, 'width': 0.7, 'height': 0.4, 'x_offset': -0.3, 'lateral_friction': 3.0, 'spinning_friction': 0.001}}  x
  robot_config           = {'control_type': 'ee', 'block_gripper': False, 'base_position': [-0.6, 0.0, 0.05]}  x
  current_task           = OBJECT_DELIVERY_SEQUENCE  x
  current_subtask        = GRASP_OBJECT           x
  active_target_name     = target                 x
  action                 = [0.0000, 0.0000, 0.0000, -1.0000]  x
  joint_angles           = [-0.0002, 0.2767, 0.0001, -2.8275, -0.0004, 3.1017, 0.7857]  x
  joint_velocities       = [0.0006, 0.0252, -0.0007, -0.0817, -0.0003, 0.2227, 0.0002]  x
  cube_rotation          = [0.0034, -0.0285, -0.0021]  x
  cube_linear_velocity   = [-0.0095, 0.0194, -0.0046]  x
  obstacle_positions     = {}                     x
[step=  15 00:29:31.998][ASM] [PENDING] grasp_object → lift_object: condições satisfeitas, aguardando managing
[step=  15 00:29:31.998][Analyzer] ASM node=grasp_object  goal_status=not_applicable
[step=  15 00:29:32.001][DejaVu] {'status': 'ok', 'unanticipated': False}
[step=  16 00:29:33.047][Manager] ep=1 subtask=LIFT_OBJECT reward=-0.4124
[step=  16 00:29:33.048][Perception]
  RAW PERCEPTION                                  MONITORED PARAMS
  ----------------------------------------------  --------------------------------------
  fingers_width         = 0.0320 m                gripper_width_cm      = 3 cm
  dist_ee_to_cube       = 0.0042 m                distance_ee_object_cm = 0 cm
  dist_cube_to_target   = 0.4124 m  (3D)          distance_obj_goal_cm  = 41 cm  (XY)
  cube_position (z)     = 0.0299 m                object_lift_height_cm = 0 cm
  cube_position (xy)    = [-0.262, 0.002]         grasp_completed       = 1
  finger_contacts (raw) = 2                       finger_contacts       = 2
  x                                               grasp_attempts        = 1
  x                                               task_started          = 1
  x                                               object_available      = 1
  x                                               task_aborted          = 0
  episode                = 1                      x
  step                   = 16                     x
  ee_position            = [-0.2648, 0.0000, 0.0328]  x
  ee_velocity            = [0.4274, -0.0005, 0.7402]  x
  target_position        = [0.1500, 0.0000, 0.0200]  x
  reward                 = -0.4124                x
  is_success             = False                  x
  obstacle_in_path       = False                  x
  obstacle_count_in_path = 0                      x
  obstacles              = {}                     x
  objects                = {'object_1': {'type': 'box', 'size': [0.04, 0.04, 0.04], 'mass': 1.0, 'color': [0.1, 0.2, 0.9, 1.0], 'initial_position': [-0.25, 0.0, 0.02], 'lateral_friction': 0.155, 'spinning_friction': 0.001, 'current_position': [-0.26226504157160413, 0.0017375932638602697, 0.02987010025886546]}}  x
  scripts                = {'script_1': True, 'reach_only': True, 'left_right': True}  x
  target_goal            = {'type': 'goal_sequence', 'targets': [{'name': 'target', 'position': [0.15000000596046448, 0.0, 0.019999999552965164]}], 'mode': 'goal_sequence'}  x
  scene                  = {'table': {'length': 1.1, 'width': 0.7, 'height': 0.4, 'x_offset': -0.3, 'lateral_friction': 3.0, 'spinning_friction': 0.001}}  x
  robot_config           = {'control_type': 'ee', 'block_gripper': False, 'base_position': [-0.6, 0.0, 0.05]}  x
  current_task           = OBJECT_DELIVERY_SEQUENCE  x
  current_subtask        = LIFT_OBJECT            x
  active_target_name     = target                 x
  action                 = [0.0000, 0.0000, 1.0000, -1.0000]  x
  joint_angles           = [-0.0002, 0.2014, 0.0002, -2.8529, -0.0003, 3.0002, 0.7857]  x
  joint_velocities       = [-0.0001, -2.5435, -0.0007, -0.2797, 0.0005, -0.7808, -0.0001]  x
  cube_rotation          = [0.0365, 0.0752, -0.0010]  x
  cube_linear_velocity   = [0.1459, 0.0202, 0.4801]  x
  obstacle_positions     = {}                     x
[step=  16 00:29:33.053][ASM] [PENDING] grasp_object → lift_object: aguardando managing (já validado)
[step=  16 00:29:33.053][ASM] [OK] grasp_object → lift_object  (type=domain)
[step=  16 00:29:33.053][Analyzer] ASM node=lift_object  goal_status=ok  (scenario=LIFT_OBJECT)
[step=  16 00:29:33.056][DejaVu] {'status': 'ok', 'unanticipated': False}
[step=  17 00:29:34.116][Manager] ep=1 subtask=LIFT_OBJECT reward=-0.4114
[step=  17 00:29:34.116][Perception]
  RAW PERCEPTION                                  MONITORED PARAMS
  ----------------------------------------------  --------------------------------------
  fingers_width         = 0.0273 m                gripper_width_cm      = 2 cm
  dist_ee_to_cube       = 0.0082 m                distance_ee_object_cm = 0 cm
  dist_cube_to_target   = 0.4114 m  (3D)          distance_obj_goal_cm  = 40 cm  (XY)
  cube_position (z)     = 0.0570 m                object_lift_height_cm = 3 cm
  cube_position (xy)    = [-0.260, 0.002]         grasp_completed       = 1
  finger_contacts (raw) = 2                       finger_contacts       = 2
  x                                               grasp_attempts        = 1
  x                                               task_started          = 1
  x                                               object_available      = 1
  x                                               task_aborted          = 0
  episode                = 1                      x
  step                   = 17                     x
  ee_position            = [-0.2619, 0.0000, 0.0646]  x
  ee_velocity            = [0.0739, 0.0000, 0.3720]  x
  target_position        = [0.1500, 0.0000, 0.0200]  x
  reward                 = -0.4114                x
  is_success             = False                  x
  obstacle_in_path       = False                  x
  obstacle_count_in_path = 0                      x
  obstacles              = {}                     x
  objects                = {'object_1': {'type': 'box', 'size': [0.04, 0.04, 0.04], 'mass': 1.0, 'color': [0.1, 0.2, 0.9, 1.0], 'initial_position': [-0.25, 0.0, 0.02], 'lateral_friction': 0.155, 'spinning_friction': 0.001, 'current_position': [-0.25971367049849553, 0.00236487229559703, 0.057041517757113795]}}  x
  scripts                = {'script_1': True, 'reach_only': True, 'left_right': True}  x
  target_goal            = {'type': 'goal_sequence', 'targets': [{'name': 'target', 'position': [0.15000000596046448, 0.0, 0.019999999552965164]}], 'mode': 'goal_sequence'}  x
  scene                  = {'table': {'length': 1.1, 'width': 0.7, 'height': 0.4, 'x_offset': -0.3, 'lateral_friction': 3.0, 'spinning_friction': 0.001}}  x
  robot_config           = {'control_type': 'ee', 'block_gripper': False, 'base_position': [-0.6, 0.0, 0.05]}  x
  current_task           = OBJECT_DELIVERY_SEQUENCE  x
  current_subtask        = LIFT_OBJECT            x
  active_target_name     = target                 x
  action                 = [0.0000, 0.0000, 1.0000, -1.0000]  x
  joint_angles           = [-0.0002, 0.0720, 0.0002, -2.8974, -0.0002, 2.9610, 0.7856]  x
  joint_velocities       = [-0.0000, -1.4888, 0.0004, -0.4524, 0.0007, -0.3018, -0.0003]  x
  cube_rotation          = [-0.0244, 0.0280, 0.0045]  x
  cube_linear_velocity   = [0.1379, 0.0140, 0.4356]  x
  obstacle_positions     = {}                     x
[step=  17 00:29:34.119][Analyzer] ASM node=lift_object  goal_status=not_applicable
[step=  17 00:29:34.121][DejaVu] {'status': 'ok', 'unanticipated': False}
[step=  18 00:29:35.289][Manager] ep=1 subtask=LIFT_OBJECT reward=-0.4133
[step=  18 00:29:35.289][Perception]
  RAW PERCEPTION                                  MONITORED PARAMS
  ----------------------------------------------  --------------------------------------
  fingers_width         = 0.0274 m                gripper_width_cm      = 2 cm
  dist_ee_to_cube       = 0.0118 m                distance_ee_object_cm = 0 cm
  dist_cube_to_target   = 0.4133 m  (3D)          distance_obj_goal_cm  = 40 cm  (XY)
  cube_position (z)     = 0.0791 m                object_lift_height_cm = 5 cm
  cube_position (xy)    = [-0.259, 0.003]         grasp_completed       = 1
  finger_contacts (raw) = 2                       finger_contacts       = 2
  x                                               grasp_attempts        = 1
  x                                               task_started          = 1
  x                                               object_available      = 1
  x                                               task_aborted          = 0
  episode                = 1                      x
  step                   = 18                     x
  ee_position            = [-0.2619, 0.0000, 0.0901]  x
  ee_velocity            = [0.2332, -0.0005, 0.5396]  x
  target_position        = [0.1500, 0.0000, 0.0200]  x
  reward                 = -0.4133                x
  is_success             = False                  x
  obstacle_in_path       = False                  x
  obstacle_count_in_path = 0                      x
  obstacles              = {}                     x
  objects                = {'object_1': {'type': 'box', 'size': [0.04, 0.04, 0.04], 'mass': 1.0, 'color': [0.1, 0.2, 0.9, 1.0], 'initial_position': [-0.25, 0.0, 0.02], 'lateral_friction': 0.155, 'spinning_friction': 0.001, 'current_position': [-0.25904269990306794, 0.003240785140227976, 0.0790612830464053]}}  x
  scripts                = {'script_1': True, 'reach_only': True, 'left_right': True}  x
  target_goal            = {'type': 'goal_sequence', 'targets': [{'name': 'target', 'position': [0.15000000596046448, 0.0, 0.019999999552965164]}], 'mode': 'goal_sequence'}  x
  scene                  = {'table': {'length': 1.1, 'width': 0.7, 'height': 0.4, 'x_offset': -0.3, 'lateral_friction': 3.0, 'spinning_friction': 0.001}}  x
  robot_config           = {'control_type': 'ee', 'block_gripper': False, 'base_position': [-0.6, 0.0, 0.05]}  x
  current_task           = OBJECT_DELIVERY_SEQUENCE  x
  current_subtask        = LIFT_OBJECT            x
  active_target_name     = target                 x
  action                 = [0.0000, 0.0000, 1.0000, -1.0000]  x
  joint_angles           = [-0.0002, -0.0377, 0.0002, -2.9067, -0.0000, 2.8560, 0.7855]  x
  joint_velocities       = [0.0003, -1.8639, -0.0013, -0.0831, 0.0014, -0.8069, -0.0009]  x
  cube_rotation          = [-0.0179, 0.0404, -0.0070]  x
  cube_linear_velocity   = [0.2487, 0.0292, 0.6000]  x
  obstacle_positions     = {}                     x
[step=  18 00:29:35.293][Analyzer] ASM node=lift_object  goal_status=not_applicable
[step=  18 00:29:35.295][DejaVu] {'status': 'ok', 'unanticipated': False}
[step=  19 00:29:36.408][Manager] ep=1 subtask=LIFT_OBJECT reward=-0.4137
[step=  19 00:29:36.408][Perception]
  RAW PERCEPTION                                  MONITORED PARAMS
  ----------------------------------------------  --------------------------------------
  fingers_width         = 0.0319 m                gripper_width_cm      = 3 cm
  dist_ee_to_cube       = 0.0142 m                distance_ee_object_cm = 0 cm
  dist_cube_to_target   = 0.4137 m  (3D)          distance_obj_goal_cm  = 40 cm  (XY)
  cube_position (z)     = 0.1059 m                object_lift_height_cm = 8 cm
  cube_position (xy)    = [-0.255, 0.004]         grasp_completed       = 1
  finger_contacts (raw) = 2                       finger_contacts       = 2
  x                                               grasp_attempts        = 1
  x                                               task_started          = 1
  x                                               object_available      = 1
  x                                               task_aborted          = 0
  episode                = 1                      x
  step                   = 19                     x
  ee_position            = [-0.2589, 0.0000, 0.1188]  x
  ee_velocity            = [0.1454, -0.0000, 0.4405]  x
  target_position        = [0.1500, 0.0000, 0.0200]  x
  reward                 = -0.4137                x
  is_success             = False                  x
  obstacle_in_path       = False                  x
  obstacle_count_in_path = 0                      x
  obstacles              = {}                     x
  objects                = {'object_1': {'type': 'box', 'size': [0.04, 0.04, 0.04], 'mass': 1.0, 'color': [0.1, 0.2, 0.9, 1.0], 'initial_position': [-0.25, 0.0, 0.02], 'lateral_friction': 0.155, 'spinning_friction': 0.001, 'current_position': [-0.25461707774729353, 0.003973703407205258, 0.1058932151304529]}}  x
  scripts                = {'script_1': True, 'reach_only': True, 'left_right': True}  x
  target_goal            = {'type': 'goal_sequence', 'targets': [{'name': 'target', 'position': [0.15000000596046448, 0.0, 0.019999999552965164]}], 'mode': 'goal_sequence'}  x
  scene                  = {'table': {'length': 1.1, 'width': 0.7, 'height': 0.4, 'x_offset': -0.3, 'lateral_friction': 3.0, 'spinning_friction': 0.001}}  x
  robot_config           = {'control_type': 'ee', 'block_gripper': False, 'base_position': [-0.6, 0.0, 0.05]}  x
  current_task           = OBJECT_DELIVERY_SEQUENCE  x
  current_subtask        = LIFT_OBJECT            x
  active_target_name     = target                 x
  action                 = [0.0000, 0.0000, 1.0000, -1.0000]  x
  joint_angles           = [-0.0002, -0.1483, 0.0002, -2.9069, 0.0001, 2.7511, 0.7854]  x
  joint_velocities       = [0.0004, -1.5018, -0.0003, -0.0071, 0.0012, -0.8072, -0.0004]  x
  cube_rotation          = [0.0008, 0.1053, -0.0011]  x
  cube_linear_velocity   = [0.1716, 0.0187, 0.4595]  x
  obstacle_positions     = {}                     x
[step=  19 00:29:36.413][Analyzer] ASM node=lift_object  goal_status=not_applicable
[step=  19 00:29:36.416][DejaVu] {'status': 'ok', 'unanticipated': False}
[step=  20 00:29:37.529][Manager] ep=1 subtask=LIFT_OBJECT reward=-0.4168
[step=  20 00:29:37.529][Perception]
  RAW PERCEPTION                                  MONITORED PARAMS
  ----------------------------------------------  --------------------------------------
  fingers_width         = 0.0325 m                gripper_width_cm      = 3 cm
  dist_ee_to_cube       = 0.0163 m                distance_ee_object_cm = 0 cm
  dist_cube_to_target   = 0.4168 m  (3D)          distance_obj_goal_cm  = 40 cm  (XY)
  cube_position (z)     = 0.1326 m                object_lift_height_cm = 11 cm
  cube_position (xy)    = [-0.251, 0.005]         grasp_completed       = 1
  finger_contacts (raw) = 2                       finger_contacts       = 2
  x                                               grasp_attempts        = 1
  x                                               task_started          = 1
  x                                               object_available      = 1
  x                                               task_aborted          = 0
  episode                = 1                      x
  step                   = 20                     x
  ee_position            = [-0.2559, 0.0000, 0.1475]  x
  ee_velocity            = [0.1611, 0.0001, 0.5033]  x
  target_position        = [0.1500, 0.0000, 0.0200]  x
  reward                 = -0.4168                x
  is_success             = False                  x
  obstacle_in_path       = False                  x
  obstacle_count_in_path = 0                      x
  obstacles              = {}                     x
  objects                = {'object_1': {'type': 'box', 'size': [0.04, 0.04, 0.04], 'mass': 1.0, 'color': [0.1, 0.2, 0.9, 1.0], 'initial_position': [-0.25, 0.0, 0.02], 'lateral_friction': 0.155, 'spinning_friction': 0.001, 'current_position': [-0.25132610407786266, 0.004918843100510801, 0.13257479332369324]}}  x
  scripts                = {'script_1': True, 'reach_only': True, 'left_right': True}  x
  target_goal            = {'type': 'goal_sequence', 'targets': [{'name': 'target', 'position': [0.15000000596046448, 0.0, 0.019999999552965164]}], 'mode': 'goal_sequence'}  x
  scene                  = {'table': {'length': 1.1, 'width': 0.7, 'height': 0.4, 'x_offset': -0.3, 'lateral_friction': 3.0, 'spinning_friction': 0.001}}  x
  robot_config           = {'control_type': 'ee', 'block_gripper': False, 'base_position': [-0.6, 0.0, 0.05]}  x
  current_task           = OBJECT_DELIVERY_SEQUENCE  x
  current_subtask        = LIFT_OBJECT            x
  active_target_name     = target                 x
  action                 = [0.0000, 0.0000, 1.0000, -1.0000]  x
  joint_angles           = [-0.0001, -0.2462, 0.0002, -2.8909, 0.0001, 2.6344, 0.7854]  x
  joint_velocities       = [0.0002, -1.5642, 0.0002, 0.1228, 0.0021, -0.8979, -0.0006]  x
  cube_rotation          = [-0.0025, 0.1570, 0.0038]  x
  cube_linear_velocity   = [0.2187, 0.0235, 0.5282]  x
  obstacle_positions     = {}                     x
[step=  20 00:29:37.533][ASM] [PENDING] lift_object → transport_object: condições satisfeitas, aguardando managing
[step=  20 00:29:37.533][Analyzer] ASM node=lift_object  goal_status=not_applicable
[step=  20 00:29:37.538][DejaVu] {'status': 'ok', 'unanticipated': False}
[step=  21 00:29:38.675][Manager] ep=1 subtask=LIFT_OBJECT reward=-0.4209
[step=  21 00:29:38.676][Perception]
  RAW PERCEPTION                                  MONITORED PARAMS
  ----------------------------------------------  --------------------------------------
  fingers_width         = 0.0285 m                gripper_width_cm      = 2 cm
  dist_ee_to_cube       = 0.0183 m                distance_ee_object_cm = 0 cm
  dist_cube_to_target   = 0.4209 m  (3D)          distance_obj_goal_cm  = 39 cm  (XY)
  cube_position (z)     = 0.1626 m                object_lift_height_cm = 14 cm
  cube_position (xy)    = [-0.246, 0.006]         grasp_completed       = 1
  finger_contacts (raw) = 2                       finger_contacts       = 2
  x                                               grasp_attempts        = 1
  x                                               task_started          = 1
  x                                               object_available      = 1
  x                                               task_aborted          = 0
  episode                = 1                      x
  step                   = 21                     x
  ee_position            = [-0.2520, -0.0000, 0.1789]  x
  ee_velocity            = [0.1246, 0.0002, 0.4848]  x
  target_position        = [0.1500, 0.0000, 0.0200]  x
  reward                 = -0.4209                x
  is_success             = False                  x
  obstacle_in_path       = False                  x
  obstacle_count_in_path = 0                      x
  obstacles              = {}                     x
  objects                = {'object_1': {'type': 'box', 'size': [0.04, 0.04, 0.04], 'mass': 1.0, 'color': [0.1, 0.2, 0.9, 1.0], 'initial_position': [-0.25, 0.0, 0.02], 'lateral_friction': 0.155, 'spinning_friction': 0.001, 'current_position': [-0.24597804486506392, 0.0056295086910855335, 0.1625904604591662]}}  x
  scripts                = {'script_1': True, 'reach_only': True, 'left_right': True}  x
  target_goal            = {'type': 'goal_sequence', 'targets': [{'name': 'target', 'position': [0.15000000596046448, 0.0, 0.019999999552965164]}], 'mode': 'goal_sequence'}  x
  scene                  = {'table': {'length': 1.1, 'width': 0.7, 'height': 0.4, 'x_offset': -0.3, 'lateral_friction': 3.0, 'spinning_friction': 0.001}}  x
  robot_config           = {'control_type': 'ee', 'block_gripper': False, 'base_position': [-0.6, 0.0, 0.05]}  x
  current_task           = OBJECT_DELIVERY_SEQUENCE  x
  current_subtask        = LIFT_OBJECT            x
  active_target_name     = target                 x
  action                 = [0.0000, 0.0000, 1.0000, -1.0000]  x
  joint_angles           = [-0.0001, -0.3385, 0.0002, -2.8647, 0.0000, 2.5181, 0.7853]  x
  joint_velocities       = [0.0001, -1.3843, -0.0000, 0.2135, 0.0041, -0.8949, -0.0001]  x
  cube_rotation          = [0.0083, 0.1494, -0.0064]  x
  cube_linear_velocity   = [0.2157, 0.0262, 0.6087]  x
  obstacle_positions     = {}                     x
[step=  21 00:29:38.680][ASM] [PENDING] lift_object → transport_object: aguardando managing (já validado)
[step=  21 00:29:38.680][Analyzer] ASM node=lift_object  goal_status=not_applicable
[step=  21 00:29:38.682][DejaVu] {'status': 'ok', 'unanticipated': False}
[step=  22 00:29:39.822][Manager] ep=1 subtask=LIFT_OBJECT reward=-0.4110
[step=  22 00:29:39.822][Perception]
  RAW PERCEPTION                                  MONITORED PARAMS
  ----------------------------------------------  --------------------------------------
  fingers_width         = 0.0283 m                gripper_width_cm      = 2 cm
  dist_ee_to_cube       = 0.0155 m                distance_ee_object_cm = 0 cm
  dist_cube_to_target   = 0.4110 m  (3D)          distance_obj_goal_cm  = 38 cm  (XY)
  cube_position (z)     = 0.1604 m                object_lift_height_cm = 14 cm
  cube_position (xy)    = [-0.236, 0.006]         grasp_completed       = 1
  finger_contacts (raw) = 2                       finger_contacts       = 2
  x                                               grasp_attempts        = 1
  x                                               task_started          = 1
  x                                               object_available      = 1
  x                                               task_aborted          = 0
  episode                = 1                      x
  step                   = 22                     x
  ee_position            = [-0.2435, 0.0000, 0.1725]  x
  ee_velocity            = [-0.3436, -0.0005, -0.9170]  x
  target_position        = [0.1500, 0.0000, 0.0200]  x
  reward                 = -0.4110                x
  is_success             = False                  x
  obstacle_in_path       = False                  x
  obstacle_count_in_path = 0                      x
  obstacles              = {}                     x
  objects                = {'object_1': {'type': 'box', 'size': [0.04, 0.04, 0.04], 'mass': 1.0, 'color': [0.1, 0.2, 0.9, 1.0], 'initial_position': [-0.25, 0.0, 0.02], 'lateral_friction': 0.155, 'spinning_friction': 0.001, 'current_position': [-0.23623847332479478, 0.006362001230188575, 0.16036383557376627]}}  x
  scripts                = {'script_1': True, 'reach_only': True, 'left_right': True}  x
  target_goal            = {'type': 'goal_sequence', 'targets': [{'name': 'target', 'position': [0.15000000596046448, 0.0, 0.019999999552965164]}], 'mode': 'goal_sequence'}  x
  scene                  = {'table': {'length': 1.1, 'width': 0.7, 'height': 0.4, 'x_offset': -0.3, 'lateral_friction': 3.0, 'spinning_friction': 0.001}}  x
  robot_config           = {'control_type': 'ee', 'block_gripper': False, 'base_position': [-0.6, 0.0, 0.05]}  x
  current_task           = OBJECT_DELIVERY_SEQUENCE  x
  current_subtask        = LIFT_OBJECT            x
  active_target_name     = target                 x
  action                 = [0.0000, 0.0000, -1.0000, -1.0000]  x
  joint_angles           = [-0.0001, -0.3132, 0.0001, -2.8998, 0.0004, 2.6546, 0.7853]  x
  joint_velocities       = [0.0000, 2.5576, -0.0004, -0.3019, -0.0177, 1.0502, -0.0004]  x
  cube_rotation          = [-0.0490, -0.0412, -0.0045]  x
  cube_linear_velocity   = [-0.1182, -0.0097, -0.6817]  x
  obstacle_positions     = {}                     x
[step=  22 00:29:39.825][ASM] [PENDING] lift_object → transport_object: aguardando managing (já validado)
[step=  22 00:29:39.825][Analyzer] ASM node=lift_object  goal_status=not_applicable
[step=  22 00:29:39.828][DejaVu] {'status': 'ok', 'unanticipated': False}
[step=  23 00:29:40.969][Manager] ep=1 subtask=TRANSPORT_OBJECT reward=-0.4003
[step=  23 00:29:40.969][Perception]
  RAW PERCEPTION                                  MONITORED PARAMS
  ----------------------------------------------  --------------------------------------
  fingers_width         = 0.0285 m                gripper_width_cm      = 2 cm
  dist_ee_to_cube       = 0.0162 m                distance_ee_object_cm = 0 cm
  dist_cube_to_target   = 0.4003 m  (3D)          distance_obj_goal_cm  = 38 cm  (XY)
  cube_position (z)     = 0.1290 m                object_lift_height_cm = 10 cm
  cube_position (xy)    = [-0.235, 0.007]         grasp_completed       = 1
  finger_contacts (raw) = 2                       finger_contacts       = 2
  x                                               grasp_attempts        = 1
  x                                               task_started          = 1
  x                                               object_available      = 1
  x                                               task_aborted          = 0
  episode                = 1                      x
  step                   = 23                     x
  ee_position            = [-0.2414, -0.0000, 0.1421]  x
  ee_velocity            = [0.8955, 0.0002, -0.2343]  x
  target_position        = [0.1500, 0.0000, 0.0200]  x
  reward                 = -0.4003                x
  is_success             = False                  x
  obstacle_in_path       = False                  x
  obstacle_count_in_path = 0                      x
  obstacles              = {}                     x
  objects                = {'object_1': {'type': 'box', 'size': [0.04, 0.04, 0.04], 'mass': 1.0, 'color': [0.1, 0.2, 0.9, 1.0], 'initial_position': [-0.25, 0.0, 0.02], 'lateral_friction': 0.155, 'spinning_friction': 0.001, 'current_position': [-0.23507812113132961, 0.007194072491312585, 0.1289767403046807]}}  x
  scripts                = {'script_1': True, 'reach_only': True, 'left_right': True}  x
  target_goal            = {'type': 'goal_sequence', 'targets': [{'name': 'target', 'position': [0.15000000596046448, 0.0, 0.019999999552965164]}], 'mode': 'goal_sequence'}  x
  scene                  = {'table': {'length': 1.1, 'width': 0.7, 'height': 0.4, 'x_offset': -0.3, 'lateral_friction': 3.0, 'spinning_friction': 0.001}}  x
  robot_config           = {'control_type': 'ee', 'block_gripper': False, 'base_position': [-0.6, 0.0, 0.05]}  x
  current_task           = OBJECT_DELIVERY_SEQUENCE  x
  current_subtask        = TRANSPORT_OBJECT       x
  active_target_name     = target                 x
  action                 = [1.0000, -0.0000, 0.0000, -1.0000]  x
  joint_angles           = [-0.0002, -0.1520, 0.0002, -2.7952, -0.0002, 2.5626, 0.7853]  x
  joint_velocities       = [-0.0006, 3.5530, -0.0012, 3.3505, 0.0150, -0.7080, 0.0002]  x
  cube_rotation          = [-0.0323, -0.0690, 0.0011]  x
  cube_linear_velocity   = [0.5847, 0.0126, -0.4836]  x
  obstacle_positions     = {}                     x
[step=  23 00:29:40.972][ASM] [PENDING] lift_object → transport_object: aguardando managing (já validado)
[step=  23 00:29:40.973][ASM] [OK] lift_object → transport_object  (type=domain)
[step=  23 00:29:40.973][Analyzer] ASM node=transport_object  goal_status=ok  (scenario=TRANSPORT_OBJECT)
[step=  23 00:29:40.977][DejaVu] {'status': 'ok', 'unanticipated': False}
[step=  24 00:29:42.141][Manager] ep=1 subtask=TRANSPORT_OBJECT reward=-0.3708
[step=  24 00:29:42.142][Perception]
  RAW PERCEPTION                                  MONITORED PARAMS
  ----------------------------------------------  --------------------------------------
  fingers_width         = 0.0335 m                gripper_width_cm      = 3 cm
  dist_ee_to_cube       = 0.0185 m                distance_ee_object_cm = 0 cm
  dist_cube_to_target   = 0.3708 m  (3D)          distance_obj_goal_cm  = 35 cm  (XY)
  cube_position (z)     = 0.1261 m                object_lift_height_cm = 10 cm
  cube_position (xy)    = [-0.205, 0.008]         grasp_completed       = 1
  finger_contacts (raw) = 2                       finger_contacts       = 2
  x                                               grasp_attempts        = 1
  x                                               task_started          = 1
  x                                               object_available      = 1
  x                                               task_aborted          = 0
  episode                = 1                      x
  step                   = 24                     x
  ee_position            = [-0.2047, -0.0000, 0.1427]  x
  ee_velocity            = [0.4055, 0.0001, 0.2427]  x
  target_position        = [0.1500, 0.0000, 0.0200]  x
  reward                 = -0.3708                x
  is_success             = False                  x
  obstacle_in_path       = False                  x
  obstacle_count_in_path = 0                      x
  obstacles              = {}                     x
  objects                = {'object_1': {'type': 'box', 'size': [0.04, 0.04, 0.04], 'mass': 1.0, 'color': [0.1, 0.2, 0.9, 1.0], 'initial_position': [-0.25, 0.0, 0.02], 'lateral_friction': 0.155, 'spinning_friction': 0.001, 'current_position': [-0.20516478085794101, 0.00813670944180884, 0.1261414820488515]}}  x
  scripts                = {'script_1': True, 'reach_only': True, 'left_right': True}  x
  target_goal            = {'type': 'goal_sequence', 'targets': [{'name': 'target', 'position': [0.15000000596046448, 0.0, 0.019999999552965164]}], 'mode': 'goal_sequence'}  x
  scene                  = {'table': {'length': 1.1, 'width': 0.7, 'height': 0.4, 'x_offset': -0.3, 'lateral_friction': 3.0, 'spinning_friction': 0.001}}  x
  robot_config           = {'control_type': 'ee', 'block_gripper': False, 'base_position': [-0.6, 0.0, 0.05]}  x
  current_task           = OBJECT_DELIVERY_SEQUENCE  x
  current_subtask        = TRANSPORT_OBJECT       x
  active_target_name     = target                 x
  action                 = [0.9970, 0.0000, 0.0774, -1.0000]  x
  joint_angles           = [-0.0002, -0.0808, 0.0001, -2.7220, -0.0000, 2.6167, 0.7854]  x
  joint_velocities       = [0.0001, 0.0022, 0.0002, 0.6185, 0.0014, 0.4161, -0.0004]  x
  cube_rotation          = [-0.0071, -0.0064, -0.0085]  x
  cube_linear_velocity   = [0.4139, 0.0213, 0.2442]  x
  obstacle_positions     = {}                     x
[step=  24 00:29:42.144][Analyzer] ASM node=transport_object  goal_status=not_applicable
[step=  24 00:29:42.146][DejaVu] {'status': 'ok', 'unanticipated': False}
[step=  25 00:29:43.263][Manager] ep=1 subtask=TRANSPORT_OBJECT reward=-0.3402
[step=  25 00:29:43.263][Perception]
  RAW PERCEPTION                                  MONITORED PARAMS
  ----------------------------------------------  --------------------------------------
  fingers_width         = 0.0357 m                gripper_width_cm      = 3 cm
  dist_ee_to_cube       = 0.0190 m                distance_ee_object_cm = 0 cm
  dist_cube_to_target   = 0.3402 m  (3D)          distance_obj_goal_cm  = 32 cm  (XY)
  cube_position (z)     = 0.1290 m                object_lift_height_cm = 10 cm
  cube_position (xy)    = [-0.172, 0.009]         grasp_completed       = 1
  finger_contacts (raw) = 2                       finger_contacts       = 2
  x                                               grasp_attempts        = 1
  x                                               task_started          = 1
  x                                               object_available      = 1
  x                                               task_aborted          = 0
  episode                = 1                      x
  step                   = 25                     x
  ee_position            = [-0.1711, -0.0001, 0.1456]  x
  ee_velocity            = [0.5479, -0.0011, 0.1354]  x
  target_position        = [0.1500, 0.0000, 0.0200]  x
  reward                 = -0.3402                x
  is_success             = False                  x
  obstacle_in_path       = False                  x
  obstacle_count_in_path = 0                      x
  obstacles              = {}                     x
  objects                = {'object_1': {'type': 'box', 'size': [0.04, 0.04, 0.04], 'mass': 1.0, 'color': [0.1, 0.2, 0.9, 1.0], 'initial_position': [-0.25, 0.0, 0.02], 'lateral_friction': 0.155, 'spinning_friction': 0.001, 'current_position': [-0.17216473139650768, 0.009021301540846603, 0.1289772571378983]}}  x
  scripts                = {'script_1': True, 'reach_only': True, 'left_right': True}  x
  target_goal            = {'type': 'goal_sequence', 'targets': [{'name': 'target', 'position': [0.15000000596046448, 0.0, 0.019999999552965164]}], 'mode': 'goal_sequence'}  x
  scene                  = {'table': {'length': 1.1, 'width': 0.7, 'height': 0.4, 'x_offset': -0.3, 'lateral_friction': 3.0, 'spinning_friction': 0.001}}  x
  robot_config           = {'control_type': 'ee', 'block_gripper': False, 'base_position': [-0.6, 0.0, 0.05]}  x
  current_task           = OBJECT_DELIVERY_SEQUENCE  x
  current_subtask        = TRANSPORT_OBJECT       x
  active_target_name     = target                 x
  action                 = [0.9965, 0.0001, 0.0836, -1.0000]  x
  joint_angles           = [-0.0002, -0.0075, -0.0000, -2.6238, 0.0000, 2.6064, 0.7853]  x
  joint_velocities       = [0.0001, 0.8316, -0.0024, 1.4301, 0.0000, -0.0798, -0.0005]  x
  cube_rotation          = [-0.0020, 0.0054, 0.0040]  x
  cube_linear_velocity   = [0.6010, 0.0245, 0.1205]  x
  obstacle_positions     = {}                     x
[step=  25 00:29:43.266][Analyzer] ASM node=transport_object  goal_status=not_applicable
[step=  25 00:29:43.267][DejaVu] {'status': 'ok', 'unanticipated': False}
[step=  26 00:29:44.435][Manager] ep=1 subtask=TRANSPORT_OBJECT reward=-0.3088
[step=  26 00:29:44.435][Perception]
  RAW PERCEPTION                                  MONITORED PARAMS
  ----------------------------------------------  --------------------------------------
  fingers_width         = 0.0372 m                gripper_width_cm      = 3 cm
  dist_ee_to_cube       = 0.0197 m                distance_ee_object_cm = 0 cm
  dist_cube_to_target   = 0.3088 m  (3D)          distance_obj_goal_cm  = 28 cm  (XY)
  cube_position (z)     = 0.1292 m                object_lift_height_cm = 10 cm
  cube_position (xy)    = [-0.139, 0.010]         grasp_completed       = 1
  finger_contacts (raw) = 2                       finger_contacts       = 2
  x                                               grasp_attempts        = 1
  x                                               task_started          = 1
  x                                               object_available      = 1
  x                                               task_aborted          = 0
  episode                = 1                      x
  step                   = 26                     x
  ee_position            = [-0.1372, -0.0001, 0.1462]  x
  ee_velocity            = [0.4640, -0.0009, 0.1065]  x
  target_position        = [0.1500, 0.0000, 0.0200]  x
  reward                 = -0.3088                x
  is_success             = False                  x
  obstacle_in_path       = False                  x
  obstacle_count_in_path = 0                      x
  obstacles              = {}                     x
  objects                = {'object_1': {'type': 'box', 'size': [0.04, 0.04, 0.04], 'mass': 1.0, 'color': [0.1, 0.2, 0.9, 1.0], 'initial_position': [-0.25, 0.0, 0.02], 'lateral_friction': 0.155, 'spinning_friction': 0.001, 'current_position': [-0.13862909747714378, 0.009811887664453497, 0.12923274232507767]}}  x
  scripts                = {'script_1': True, 'reach_only': True, 'left_right': True}  x
  target_goal            = {'type': 'goal_sequence', 'targets': [{'name': 'target', 'position': [0.15000000596046448, 0.0, 0.019999999552965164]}], 'mode': 'goal_sequence'}  x
  scene                  = {'table': {'length': 1.1, 'width': 0.7, 'height': 0.4, 'x_offset': -0.3, 'lateral_friction': 3.0, 'spinning_friction': 0.001}}  x
  robot_config           = {'control_type': 'ee', 'block_gripper': False, 'base_position': [-0.6, 0.0, 0.05]}  x
  current_task           = OBJECT_DELIVERY_SEQUENCE  x
  current_subtask        = TRANSPORT_OBJECT       x
  active_target_name     = target                 x
  action                 = [0.9965, 0.0003, 0.0832, -1.0000]  x
  joint_angles           = [-0.0001, 0.0732, -0.0001, -2.5132, 0.0000, 2.5761, 0.7853]  x
  joint_velocities       = [0.0002, 0.7430, -0.0017, 1.3153, -0.0001, -0.2324, 0.0002]  x
  cube_rotation          = [0.0013, 0.0244, 0.0033]  x
  cube_linear_velocity   = [0.5002, 0.0204, 0.0994]  x
  obstacle_positions     = {}                     x
[step=  26 00:29:44.438][Analyzer] ASM node=transport_object  goal_status=not_applicable
[step=  26 00:29:44.440][DejaVu] {'status': 'ok', 'unanticipated': False}
[step=  27 00:29:45.582][Manager] ep=1 subtask=TRANSPORT_OBJECT reward=-0.2791
[step=  27 00:29:45.582][Perception]
  RAW PERCEPTION                                  MONITORED PARAMS
  ----------------------------------------------  --------------------------------------
  fingers_width         = 0.0371 m                gripper_width_cm      = 3 cm
  dist_ee_to_cube       = 0.0207 m                distance_ee_object_cm = 0 cm
  dist_cube_to_target   = 0.2791 m  (3D)          distance_obj_goal_cm  = 25 cm  (XY)
  cube_position (z)     = 0.1282 m                object_lift_height_cm = 10 cm
  cube_position (xy)    = [-0.107, 0.011]         grasp_completed       = 1
  finger_contacts (raw) = 2                       finger_contacts       = 2
  x                                               grasp_attempts        = 1
  x                                               task_started          = 1
  x                                               object_available      = 1
  x                                               task_aborted          = 0
  episode                = 1                      x
  step                   = 27                     x
  ee_position            = [-0.1042, -0.0002, 0.1455]  x
  ee_velocity            = [0.4499, -0.0009, 0.0618]  x
  target_position        = [0.1500, 0.0000, 0.0200]  x
  reward                 = -0.2791                x
  is_success             = False                  x
  obstacle_in_path       = False                  x
  obstacle_count_in_path = 0                      x
  obstacles              = {}                     x
  objects                = {'object_1': {'type': 'box', 'size': [0.04, 0.04, 0.04], 'mass': 1.0, 'color': [0.1, 0.2, 0.9, 1.0], 'initial_position': [-0.25, 0.0, 0.02], 'lateral_friction': 0.155, 'spinning_friction': 0.001, 'current_position': [-0.10710831171084116, 0.01068053792591991, 0.1281743574125238]}}  x
  scripts                = {'script_1': True, 'reach_only': True, 'left_right': True}  x
  target_goal            = {'type': 'goal_sequence', 'targets': [{'name': 'target', 'position': [0.15000000596046448, 0.0, 0.019999999552965164]}], 'mode': 'goal_sequence'}  x
  scene                  = {'table': {'length': 1.1, 'width': 0.7, 'height': 0.4, 'x_offset': -0.3, 'lateral_friction': 3.0, 'spinning_friction': 0.001}}  x
  robot_config           = {'control_type': 'ee', 'block_gripper': False, 'base_position': [-0.6, 0.0, 0.05]}  x
  current_task           = OBJECT_DELIVERY_SEQUENCE  x
  current_subtask        = TRANSPORT_OBJECT       x
  active_target_name     = target                 x
  action                 = [0.9958, 0.0004, 0.0911, -1.0000]  x
  joint_angles           = [-0.0001, 0.1536, -0.0002, -2.4007, 0.0000, 2.5420, 0.7852]  x
  joint_velocities       = [0.0002, 0.8339, -0.0016, 1.3591, 0.0001, -0.2620, -0.0009]  x
  cube_rotation          = [-0.0025, 0.0871, 0.0047]  x
  cube_linear_velocity   = [0.4683, 0.0195, 0.0475]  x
  obstacle_positions     = {}                     x
[step=  27 00:29:45.585][Analyzer] ASM node=transport_object  goal_status=not_applicable
[step=  27 00:29:45.587][DejaVu] {'status': 'ok', 'unanticipated': False}
[step=  28 00:29:46.716][Manager] ep=1 subtask=TRANSPORT_OBJECT reward=-0.2504
[step=  28 00:29:46.716][Perception]
  RAW PERCEPTION                                  MONITORED PARAMS
  ----------------------------------------------  --------------------------------------
  fingers_width         = 0.0361 m                gripper_width_cm      = 3 cm
  dist_ee_to_cube       = 0.0213 m                distance_ee_object_cm = 0 cm
  dist_cube_to_target   = 0.2504 m  (3D)          distance_obj_goal_cm  = 22 cm  (XY)
  cube_position (z)     = 0.1274 m                object_lift_height_cm = 10 cm
  cube_position (xy)    = [-0.076, 0.012]         grasp_completed       = 1
  finger_contacts (raw) = 2                       finger_contacts       = 2
  x                                               grasp_attempts        = 1
  x                                               task_started          = 1
  x                                               object_available      = 1
  x                                               task_aborted          = 0
  episode                = 1                      x
  step                   = 28                     x
  ee_position            = [-0.0717, -0.0002, 0.1447]  x
  ee_velocity            = [0.4395, -0.0009, 0.0738]  x
  target_position        = [0.1500, 0.0000, 0.0200]  x
  reward                 = -0.2504                x
  is_success             = False                  x
  obstacle_in_path       = False                  x
  obstacle_count_in_path = 0                      x
  obstacles              = {}                     x
  objects                = {'object_1': {'type': 'box', 'size': [0.04, 0.04, 0.04], 'mass': 1.0, 'color': [0.1, 0.2, 0.9, 1.0], 'initial_position': [-0.25, 0.0, 0.02], 'lateral_friction': 0.155, 'spinning_friction': 0.001, 'current_position': [-0.07595902290328159, 0.011519559675515996, 0.12739811415904526]}}  x
  scripts                = {'script_1': True, 'reach_only': True, 'left_right': True}  x
  target_goal            = {'type': 'goal_sequence', 'targets': [{'name': 'target', 'position': [0.15000000596046448, 0.0, 0.019999999552965164]}], 'mode': 'goal_sequence'}  x
  scene                  = {'table': {'length': 1.1, 'width': 0.7, 'height': 0.4, 'x_offset': -0.3, 'lateral_friction': 3.0, 'spinning_friction': 0.001}}  x
  robot_config           = {'control_type': 'ee', 'block_gripper': False, 'base_position': [-0.6, 0.0, 0.05]}  x
  current_task           = OBJECT_DELIVERY_SEQUENCE  x
  current_subtask        = TRANSPORT_OBJECT       x
  active_target_name     = target                 x
  action                 = [0.9944, 0.0007, 0.1053, -1.0000]  x
  joint_angles           = [-0.0001, 0.2315, -0.0003, -2.2870, 0.0001, 2.5058, 0.7851]  x
  joint_velocities       = [0.0002, 0.7774, -0.0016, 1.3528, 0.0004, -0.2782, -0.0003]  x
  cube_rotation          = [-0.0092, 0.1185, -0.0046]  x
  cube_linear_velocity   = [0.4812, 0.0198, 0.0489]  x
  obstacle_positions     = {}                     x
[step=  28 00:29:46.719][Analyzer] ASM node=transport_object  goal_status=not_applicable
[step=  28 00:29:46.723][DejaVu] {'status': 'ok', 'unanticipated': False}
[step=  29 00:29:47.876][Manager] ep=1 subtask=TRANSPORT_OBJECT reward=-0.2226
[step=  29 00:29:47.876][Perception]
  RAW PERCEPTION                                  MONITORED PARAMS
  ----------------------------------------------  --------------------------------------
  fingers_width         = 0.0362 m                gripper_width_cm      = 3 cm
  dist_ee_to_cube       = 0.0225 m                distance_ee_object_cm = 0 cm
  dist_cube_to_target   = 0.2226 m  (3D)          distance_obj_goal_cm  = 19 cm  (XY)
  cube_position (z)     = 0.1262 m                object_lift_height_cm = 10 cm
  cube_position (xy)    = [-0.045, 0.012]         grasp_completed       = 1
  finger_contacts (raw) = 2                       finger_contacts       = 2
  x                                               grasp_attempts        = 1
  x                                               task_started          = 1
  x                                               object_available      = 1
  x                                               task_aborted          = 0
  episode                = 1                      x
  step                   = 29                     x
  ee_position            = [-0.0398, -0.0002, 0.1441]  x
  ee_velocity            = [0.4095, -0.0004, 0.0543]  x
  target_position        = [0.1500, 0.0000, 0.0200]  x
  reward                 = -0.2226                x
  is_success             = False                  x
  obstacle_in_path       = False                  x
  obstacle_count_in_path = 0                      x
  obstacles              = {}                     x
  objects                = {'object_1': {'type': 'box', 'size': [0.04, 0.04, 0.04], 'mass': 1.0, 'color': [0.1, 0.2, 0.9, 1.0], 'initial_position': [-0.25, 0.0, 0.02], 'lateral_friction': 0.155, 'spinning_friction': 0.001, 'current_position': [-0.045228975962637905, 0.01230623416266023, 0.12619281056659518]}}  x
  scripts                = {'script_1': True, 'reach_only': True, 'left_right': True}  x
  target_goal            = {'type': 'goal_sequence', 'targets': [{'name': 'target', 'position': [0.15000000596046448, 0.0, 0.019999999552965164]}], 'mode': 'goal_sequence'}  x
  scene                  = {'table': {'length': 1.1, 'width': 0.7, 'height': 0.4, 'x_offset': -0.3, 'lateral_friction': 3.0, 'spinning_friction': 0.001}}  x
  robot_config           = {'control_type': 'ee', 'block_gripper': False, 'base_position': [-0.6, 0.0, 0.05]}  x
  current_task           = OBJECT_DELIVERY_SEQUENCE  x
  current_subtask        = TRANSPORT_OBJECT       x
  active_target_name     = target                 x
  action                 = [0.9923, 0.0009, 0.1242, -1.0000]  x
  joint_angles           = [-0.0001, 0.3076, -0.0003, -2.1710, 0.0001, 2.4660, 0.7851]  x
  joint_velocities       = [0.0002, 0.7777, -0.0007, 1.3367, 0.0005, -0.3060, -0.0000]  x
  cube_rotation          = [0.0050, 0.1300, 0.0026]  x
  cube_linear_velocity   = [0.5151, 0.0267, 0.0313]  x
  obstacle_positions     = {}                     x
[step=  29 00:29:47.879][Analyzer] ASM node=transport_object  goal_status=not_applicable
[step=  29 00:29:47.882][DejaVu] {'status': 'ok', 'unanticipated': False}
[step=  30 00:29:49.022][Manager] ep=1 subtask=TRANSPORT_OBJECT reward=-0.1969
[step=  30 00:29:49.023][Perception]
  RAW PERCEPTION                                  MONITORED PARAMS
  ----------------------------------------------  --------------------------------------
  fingers_width         = 0.0370 m                gripper_width_cm      = 3 cm
  dist_ee_to_cube       = 0.0235 m                distance_ee_object_cm = 0 cm
  dist_cube_to_target   = 0.1969 m  (3D)          distance_obj_goal_cm  = 16 cm  (XY)
  cube_position (z)     = 0.1249 m                object_lift_height_cm = 10 cm
  cube_position (xy)    = [-0.016, 0.013]         grasp_completed       = 1
  finger_contacts (raw) = 2                       finger_contacts       = 2
  x                                               grasp_attempts        = 1
  x                                               task_started          = 1
  x                                               object_available      = 1
  x                                               task_aborted          = 0
  episode                = 1                      x
  step                   = 30                     x
  ee_position            = [-0.0092, -0.0002, 0.1430]  x
  ee_velocity            = [0.3784, -0.0001, 0.0332]  x
  target_position        = [0.1500, 0.0000, 0.0200]  x
  reward                 = -0.1969                x
  is_success             = False                  x
  obstacle_in_path       = False                  x
  obstacle_count_in_path = 0                      x
  obstacles              = {}                     x
  objects                = {'object_1': {'type': 'box', 'size': [0.04, 0.04, 0.04], 'mass': 1.0, 'color': [0.1, 0.2, 0.9, 1.0], 'initial_position': [-0.25, 0.0, 0.02], 'lateral_friction': 0.155, 'spinning_friction': 0.001, 'current_position': [-0.016100477021245906, 0.013133521882591183, 0.12494212746066051]}}  x
  scripts                = {'script_1': True, 'reach_only': True, 'left_right': True}  x
  target_goal            = {'type': 'goal_sequence', 'targets': [{'name': 'target', 'position': [0.15000000596046448, 0.0, 0.019999999552965164]}], 'mode': 'goal_sequence'}  x
  scene                  = {'table': {'length': 1.1, 'width': 0.7, 'height': 0.4, 'x_offset': -0.3, 'lateral_friction': 3.0, 'spinning_friction': 0.001}}  x
  robot_config           = {'control_type': 'ee', 'block_gripper': False, 'base_position': [-0.6, 0.0, 0.05]}  x
  current_task           = OBJECT_DELIVERY_SEQUENCE  x
  current_subtask        = TRANSPORT_OBJECT       x
  active_target_name     = target                 x
  action                 = [0.9890, 0.0012, 0.1478, -1.0000]  x
  joint_angles           = [-0.0000, 0.3835, -0.0004, -2.0528, 0.0001, 2.4223, 0.7850]  x
  joint_velocities       = [0.0002, 0.7839, -0.0001, 1.3247, 0.0001, -0.3358, -0.0007]  x
  cube_rotation          = [0.0028, 0.1492, 0.0075]  x
  cube_linear_velocity   = [0.4306, 0.0158, 0.0172]  x
  obstacle_positions     = {}                     x
[step=  30 00:29:49.026][Analyzer] ASM node=transport_object  goal_status=not_applicable
[step=  30 00:29:49.028][DejaVu] {'status': 'ok', 'unanticipated': False}
[step=  31 00:29:50.143][Manager] ep=1 subtask=TRANSPORT_OBJECT reward=-0.1739
[step=  31 00:29:50.144][Perception]
  RAW PERCEPTION                                  MONITORED PARAMS
  ----------------------------------------------  --------------------------------------
  fingers_width         = 0.0372 m                gripper_width_cm      = 3 cm
  dist_ee_to_cube       = 0.0244 m                distance_ee_object_cm = 0 cm
  dist_cube_to_target   = 0.1739 m  (3D)          distance_obj_goal_cm  = 13 cm  (XY)
  cube_position (z)     = 0.1245 m                object_lift_height_cm = 10 cm
  cube_position (xy)    = [0.012, 0.014]          grasp_completed       = 1
  finger_contacts (raw) = 2                       finger_contacts       = 2
  x                                               grasp_attempts        = 1
  x                                               task_started          = 1
  x                                               object_available      = 1
  x                                               task_aborted          = 0
  episode                = 1                      x
  step                   = 31                     x
  ee_position            = [0.0199, -0.0002, 0.1425]  x
  ee_velocity            = [0.3630, -0.0002, 0.0573]  x
  target_position        = [0.1500, 0.0000, 0.0200]  x
  reward                 = -0.1739                x
  is_success             = False                  x
  obstacle_in_path       = False                  x
  obstacle_count_in_path = 0                      x
  obstacles              = {}                     x
  objects                = {'object_1': {'type': 'box', 'size': [0.04, 0.04, 0.04], 'mass': 1.0, 'color': [0.1, 0.2, 0.9, 1.0], 'initial_position': [-0.25, 0.0, 0.02], 'lateral_friction': 0.155, 'spinning_friction': 0.001, 'current_position': [0.011724914803875346, 0.013996073960863395, 0.12445890145202239]}}  x
  scripts                = {'script_1': True, 'reach_only': True, 'left_right': True}  x
  target_goal            = {'type': 'goal_sequence', 'targets': [{'name': 'target', 'position': [0.15000000596046448, 0.0, 0.019999999552965164]}], 'mode': 'goal_sequence'}  x
  scene                  = {'table': {'length': 1.1, 'width': 0.7, 'height': 0.4, 'x_offset': -0.3, 'lateral_friction': 3.0, 'spinning_friction': 0.001}}  x
  robot_config           = {'control_type': 'ee', 'block_gripper': False, 'base_position': [-0.6, 0.0, 0.05]}  x
  current_task           = OBJECT_DELIVERY_SEQUENCE  x
  current_subtask        = TRANSPORT_OBJECT       x
  active_target_name     = target                 x
  action                 = [0.9833, 0.0015, 0.1820, -1.0000]  x
  joint_angles           = [0.0000, 0.4566, -0.0004, -1.9339, 0.0002, 2.3762, 0.7850]  x
  joint_velocities       = [0.0003, 0.7228, -0.0005, 1.3164, 0.0001, -0.3539, -0.0003]  x
  cube_rotation          = [-0.0082, 0.1979, 0.0070]  x
  cube_linear_velocity   = [0.3773, 0.0223, 0.0404]  x
  obstacle_positions     = {}                     x
[step=  31 00:29:50.146][Analyzer] ASM node=transport_object  goal_status=not_applicable
[step=  31 00:29:50.149][DejaVu] {'status': 'ok', 'unanticipated': False}
[step=  32 00:29:51.290][Manager] ep=1 subtask=TRANSPORT_OBJECT reward=-0.1549
[step=  32 00:29:51.291][Perception]
  RAW PERCEPTION                                  MONITORED PARAMS
  ----------------------------------------------  --------------------------------------
  fingers_width         = 0.0370 m                gripper_width_cm      = 3 cm
  dist_ee_to_cube       = 0.0258 m                distance_ee_object_cm = 0 cm
  dist_cube_to_target   = 0.1549 m  (3D)          distance_obj_goal_cm  = 11 cm  (XY)
  cube_position (z)     = 0.1247 m                object_lift_height_cm = 10 cm
  cube_position (xy)    = [0.037, 0.015]          grasp_completed       = 1
  finger_contacts (raw) = 2                       finger_contacts       = 2
  x                                               grasp_attempts        = 1
  x                                               task_started          = 1
  x                                               object_available      = 1
  x                                               task_aborted          = 0
  episode                = 1                      x
  step                   = 32                     x
  ee_position            = [0.0475, -0.0002, 0.1428]  x
  ee_velocity            = [0.3252, 0.0003, 0.0575]  x
  target_position        = [0.1500, 0.0000, 0.0200]  x
  reward                 = -0.1549                x
  is_success             = False                  x
  obstacle_in_path       = False                  x
  obstacle_count_in_path = 0                      x
  obstacles              = {}                     x
  objects                = {'object_1': {'type': 'box', 'size': [0.04, 0.04, 0.04], 'mass': 1.0, 'color': [0.1, 0.2, 0.9, 1.0], 'initial_position': [-0.25, 0.0, 0.02], 'lateral_friction': 0.155, 'spinning_friction': 0.001, 'current_position': [0.036782701677666625, 0.01480955323295255, 0.12469705499284629]}}  x
  scripts                = {'script_1': True, 'reach_only': True, 'left_right': True}  x
  target_goal            = {'type': 'goal_sequence', 'targets': [{'name': 'target', 'position': [0.15000000596046448, 0.0, 0.019999999552965164]}], 'mode': 'goal_sequence'}  x
  scene                  = {'table': {'length': 1.1, 'width': 0.7, 'height': 0.4, 'x_offset': -0.3, 'lateral_friction': 3.0, 'spinning_friction': 0.001}}  x
  robot_config           = {'control_type': 'ee', 'block_gripper': False, 'base_position': [-0.6, 0.0, 0.05]}  x
  current_task           = OBJECT_DELIVERY_SEQUENCE  x
  current_subtask        = TRANSPORT_OBJECT       x
  active_target_name     = target                 x
  action                 = [0.9745, 0.0018, 0.2245, -1.0000]  x
  joint_angles           = [0.0001, 0.5274, -0.0004, -1.8143, 0.0002, 2.3269, 0.7850]  x
  joint_velocities       = [0.0004, 0.6798, -0.0000, 1.2694, 0.0004, -0.3790, 0.0001]  x
  cube_rotation          = [-0.0064, 0.2348, 0.0020]  x
  cube_linear_velocity   = [0.3289, 0.0210, 0.0533]  x
  obstacle_positions     = {}                     x
[step=  32 00:29:51.295][Analyzer] ASM node=transport_object  goal_status=not_applicable
[step=  32 00:29:51.298][DejaVu] {'status': 'ok', 'unanticipated': False}
[step=  33 00:29:52.437][Manager] ep=1 subtask=TRANSPORT_OBJECT reward=-0.1398
[step=  33 00:29:52.437][Perception]
  RAW PERCEPTION                                  MONITORED PARAMS
  ----------------------------------------------  --------------------------------------
  fingers_width         = 0.0365 m                gripper_width_cm      = 3 cm
  dist_ee_to_cube       = 0.0275 m                distance_ee_object_cm = 0 cm
  dist_cube_to_target   = 0.1398 m  (3D)          distance_obj_goal_cm  = 9 cm  (XY)
  cube_position (z)     = 0.1264 m                object_lift_height_cm = 10 cm
  cube_position (xy)    = [0.061, 0.015]          grasp_completed       = 1
  finger_contacts (raw) = 2                       finger_contacts       = 2
  x                                               grasp_attempts        = 1
  x                                               task_started          = 1
  x                                               object_available      = 1
  x                                               task_aborted          = 0
  episode                = 1                      x
  step                   = 33                     x
  ee_position            = [0.0730, -0.0002, 0.1452]  x
  ee_velocity            = [0.3099, 0.0006, 0.1192]  x
  target_position        = [0.1500, 0.0000, 0.0200]  x
  reward                 = -0.1398                x
  is_success             = False                  x
  obstacle_in_path       = False                  x
  obstacle_count_in_path = 0                      x
  obstacles              = {}                     x
  objects                = {'object_1': {'type': 'box', 'size': [0.04, 0.04, 0.04], 'mass': 1.0, 'color': [0.1, 0.2, 0.9, 1.0], 'initial_position': [-0.25, 0.0, 0.02], 'lateral_friction': 0.155, 'spinning_friction': 0.001, 'current_position': [0.06060130235562613, 0.015499602026790477, 0.12635759972562438]}}  x
  scripts                = {'script_1': True, 'reach_only': True, 'left_right': True}  x
  target_goal            = {'type': 'goal_sequence', 'targets': [{'name': 'target', 'position': [0.15000000596046448, 0.0, 0.019999999552965164]}], 'mode': 'goal_sequence'}  x
  scene                  = {'table': {'length': 1.1, 'width': 0.7, 'height': 0.4, 'x_offset': -0.3, 'lateral_friction': 3.0, 'spinning_friction': 0.001}}  x
  robot_config           = {'control_type': 'ee', 'block_gripper': False, 'base_position': [-0.6, 0.0, 0.05]}  x
  current_task           = OBJECT_DELIVERY_SEQUENCE  x
  current_subtask        = TRANSPORT_OBJECT       x
  active_target_name     = target                 x
  action                 = [0.9605, 0.0021, 0.2782, -1.0000]  x
  joint_angles           = [0.0001, 0.5930, -0.0005, -1.6955, 0.0002, 2.2748, 0.7851]  x
  joint_velocities       = [0.0004, 0.5612, 0.0004, 1.2401, 0.0003, -0.4004, 0.0005]  x
  cube_rotation          = [-0.0013, 0.2304, 0.0025]  x
  cube_linear_velocity   = [0.3428, 0.0181, 0.0814]  x
  obstacle_positions     = {}                     x
[step=  33 00:29:52.439][Analyzer] ASM node=transport_object  goal_status=not_applicable
[step=  33 00:29:52.441][DejaVu] {'status': 'ok', 'unanticipated': False}
[step=  34 00:29:53.623][Manager] ep=1 subtask=TRANSPORT_OBJECT reward=-0.1306
[step=  34 00:29:53.623][Perception]
  RAW PERCEPTION                                  MONITORED PARAMS
  ----------------------------------------------  --------------------------------------
  fingers_width         = 0.0360 m                gripper_width_cm      = 3 cm
  dist_ee_to_cube       = 0.0279 m                distance_ee_object_cm = 0 cm
  dist_cube_to_target   = 0.1306 m  (3D)          distance_obj_goal_cm  = 6 cm  (XY)
  cube_position (z)     = 0.1306 m                object_lift_height_cm = 11 cm
  cube_position (xy)    = [0.082, 0.014]          grasp_completed       = 1
  finger_contacts (raw) = 2                       finger_contacts       = 2
  x                                               grasp_attempts        = 1
  x                                               task_started          = 1
  x                                               object_available      = 1
  x                                               task_aborted          = 0
  episode                = 1                      x
  step                   = 34                     x
  ee_position            = [0.0964, -0.0001, 0.1501]  x
  ee_velocity            = [0.2759, 0.0008, 0.1664]  x
  target_position        = [0.1500, 0.0000, 0.0200]  x
  reward                 = -0.1306                x
  is_success             = False                  x
  obstacle_in_path       = False                  x
  obstacle_count_in_path = 0                      x
  obstacles              = {}                     x
  objects                = {'object_1': {'type': 'box', 'size': [0.04, 0.04, 0.04], 'mass': 1.0, 'color': [0.1, 0.2, 0.9, 1.0], 'initial_position': [-0.25, 0.0, 0.02], 'lateral_friction': 0.155, 'spinning_friction': 0.001, 'current_position': [0.0819601286662416, 0.013638173751857566, 0.1305906874386098]}}  x
  scripts                = {'script_1': True, 'reach_only': True, 'left_right': True}  x
  target_goal            = {'type': 'goal_sequence', 'targets': [{'name': 'target', 'position': [0.15000000596046448, 0.0, 0.019999999552965164]}], 'mode': 'goal_sequence'}  x
  scene                  = {'table': {'length': 1.1, 'width': 0.7, 'height': 0.4, 'x_offset': -0.3, 'lateral_friction': 3.0, 'spinning_friction': 0.001}}  x
  robot_config           = {'control_type': 'ee', 'block_gripper': False, 'base_position': [-0.6, 0.0, 0.05]}  x
  current_task           = OBJECT_DELIVERY_SEQUENCE  x
  current_subtask        = TRANSPORT_OBJECT       x
  active_target_name     = target                 x
  action                 = [0.9425, 0.0025, 0.3342, -1.0000]  x
  joint_angles           = [0.0002, 0.6533, -0.0005, -1.5778, 0.0003, 2.2194, 0.7851]  x
  joint_velocities       = [0.0006, 0.4454, 0.0005, 1.1687, 0.0003, -0.4268, -0.0001]  x
  cube_rotation          = [-0.0020, 0.2315, -0.0022]  x
  cube_linear_velocity   = [0.2890, -0.0636, 0.1580]  x
  obstacle_positions     = {}                     x
[step=  34 00:29:53.626][Analyzer] ASM node=transport_object  goal_status=not_applicable
[step=  34 00:29:53.629][DejaVu] {'status': 'ok', 'unanticipated': False}
[step=  35 00:29:54.757][Manager] ep=1 subtask=TRANSPORT_OBJECT reward=-0.1278
[step=  35 00:29:54.758][Perception]
  RAW PERCEPTION                                  MONITORED PARAMS
  ----------------------------------------------  --------------------------------------
  fingers_width         = 0.0369 m                gripper_width_cm      = 3 cm
  dist_ee_to_cube       = 0.0280 m                distance_ee_object_cm = 0 cm
  dist_cube_to_target   = 0.1278 m  (3D)          distance_obj_goal_cm  = 4 cm  (XY)
  cube_position (z)     = 0.1381 m                object_lift_height_cm = 11 cm
  cube_position (xy)    = [0.103, 0.011]          grasp_completed       = 1
  finger_contacts (raw) = 2                       finger_contacts       = 2
  x                                               grasp_attempts        = 1
  x                                               task_started          = 1
  x                                               object_available      = 1
  x                                               task_aborted          = 0
  episode                = 1                      x
  step                   = 35                     x
  ee_position            = [0.1175, -0.0001, 0.1588]  x
  ee_velocity            = [0.2606, 0.0008, 0.2671]  x
  target_position        = [0.1500, 0.0000, 0.0200]  x
  reward                 = -0.1278                x
  is_success             = False                  x
  obstacle_in_path       = False                  x
  obstacle_count_in_path = 0                      x
  obstacles              = {}                     x
  objects                = {'object_1': {'type': 'box', 'size': [0.04, 0.04, 0.04], 'mass': 1.0, 'color': [0.1, 0.2, 0.9, 1.0], 'initial_position': [-0.25, 0.0, 0.02], 'lateral_friction': 0.155, 'spinning_friction': 0.001, 'current_position': [0.10251813824045784, 0.011174876184367018, 0.13808042829524747]}}  x
  scripts                = {'script_1': True, 'reach_only': True, 'left_right': True}  x
  target_goal            = {'type': 'goal_sequence', 'targets': [{'name': 'target', 'position': [0.15000000596046448, 0.0, 0.019999999552965164]}], 'mode': 'goal_sequence'}  x
  scene                  = {'table': {'length': 1.1, 'width': 0.7, 'height': 0.4, 'x_offset': -0.3, 'lateral_friction': 3.0, 'spinning_friction': 0.001}}  x
  robot_config           = {'control_type': 'ee', 'block_gripper': False, 'base_position': [-0.6, 0.0, 0.05]}  x
  current_task           = OBJECT_DELIVERY_SEQUENCE  x
  current_subtask        = TRANSPORT_OBJECT       x
  active_target_name     = target                 x
  action                 = [0.9227, 0.0025, 0.3856, -1.0000]  x
  joint_angles           = [0.0003, 0.7060, -0.0004, -1.4627, 0.0003, 2.1611, 0.7852]  x
  joint_velocities       = [0.0006, 0.2755, 0.0003, 1.1189, 0.0002, -0.4479, 0.0007]  x
  cube_rotation          = [0.0100, 0.1701, -0.0043]  x
  cube_linear_velocity   = [0.3099, -0.0621, 0.2335]  x
  obstacle_positions     = {}                     x
[step=  35 00:29:54.761][ASM] [PENDING] transport_object → place_object: condições satisfeitas, aguardando managing
[step=  35 00:29:54.761][Analyzer] ASM node=transport_object  goal_status=not_applicable
[step=  35 00:29:54.763][DejaVu] {'status': 'ok', 'unanticipated': False}
[step=  36 00:29:55.877][Manager] ep=1 subtask=TRANSPORT_OBJECT reward=-0.1287
[step=  36 00:29:55.877][Perception]
  RAW PERCEPTION                                  MONITORED PARAMS
  ----------------------------------------------  --------------------------------------
  fingers_width         = 0.0133 m                gripper_width_cm      = 1 cm
  dist_ee_to_cube       = 0.0311 m                distance_ee_object_cm = 0 cm
  dist_cube_to_target   = 0.1287 m  (3D)          distance_obj_goal_cm  = 2 cm  (XY)
  cube_position (z)     = 0.1456 m                object_lift_height_cm = 12 cm
  cube_position (xy)    = [0.125, 0.012]          grasp_completed       = 1
  finger_contacts (raw) = 2                       finger_contacts       = 2
  x                                               grasp_attempts        = 1
  x                                               task_started          = 1
  x                                               object_available      = 1
  x                                               task_aborted          = 0
  episode                = 1                      x
  step                   = 36                     x
  ee_position            = [0.1368, -0.0000, 0.1715]  x
  ee_velocity            = [0.2152, 0.0027, 0.2486]  x
  target_position        = [0.1500, 0.0000, 0.0200]  x
  reward                 = -0.1287                x
  is_success             = False                  x
  obstacle_in_path       = False                  x
  obstacle_count_in_path = 0                      x
  obstacles              = {}                     x
  objects                = {'object_1': {'type': 'box', 'size': [0.04, 0.04, 0.04], 'mass': 1.0, 'color': [0.1, 0.2, 0.9, 1.0], 'initial_position': [-0.25, 0.0, 0.02], 'lateral_friction': 0.155, 'spinning_friction': 0.001, 'current_position': [0.12451160710568086, 0.011799851252538749, 0.14555864148079453]}}  x
  scripts                = {'script_1': True, 'reach_only': True, 'left_right': True}  x
  target_goal            = {'type': 'goal_sequence', 'targets': [{'name': 'target', 'position': [0.15000000596046448, 0.0, 0.019999999552965164]}], 'mode': 'goal_sequence'}  x
  scene                  = {'table': {'length': 1.1, 'width': 0.7, 'height': 0.4, 'x_offset': -0.3, 'lateral_friction': 3.0, 'spinning_friction': 0.001}}  x
  robot_config           = {'control_type': 'ee', 'block_gripper': False, 'base_position': [-0.6, 0.0, 0.05]}  x
  current_task           = OBJECT_DELIVERY_SEQUENCE  x
  current_subtask        = TRANSPORT_OBJECT       x
  active_target_name     = target                 x
  action                 = [0.9222, 0.0020, 0.3868, -1.0000]  x
  joint_angles           = [0.0003, 0.7530, -0.0004, -1.3483, 0.0003, 2.1014, 0.7853]  x
  joint_velocities       = [0.0003, 0.2727, 0.0036, 1.0633, 0.0001, -0.4594, 0.0007]  x
  cube_rotation          = [-0.2321, 0.1625, 0.1548]  x
  cube_linear_velocity   = [0.5505, 0.0989, -0.0640]  x
  obstacle_positions     = {}                     x
[step=  36 00:29:55.879][ASM] [PENDING] transport_object → place_object: aguardando managing (já validado)
[step=  36 00:29:55.880][Analyzer] ASM node=transport_object  goal_status=not_applicable
[step=  36 00:29:55.881][DejaVu] {'status': 'ok', 'unanticipated': False}
[step=  37 00:29:57.051][Manager] ep=1 subtask=TRANSPORT_OBJECT reward=-0.1144
[step=  37 00:29:57.051][Perception]
  RAW PERCEPTION                                  MONITORED PARAMS
  ----------------------------------------------  --------------------------------------
  fingers_width         = 0.0016 m                gripper_width_cm      = 0 cm
  dist_ee_to_cube       = 0.0436 m                distance_ee_object_cm = 1 cm
  dist_cube_to_target   = 0.1144 m  (3D)          distance_obj_goal_cm  = 1 cm  (XY)
  cube_position (z)     = 0.1333 m                object_lift_height_cm = 11 cm
  cube_position (xy)    = [0.146, 0.015]          grasp_completed       = 1
  finger_contacts (raw) = 0                       finger_contacts       = 0
  x                                               grasp_attempts        = 1
  x                                               task_started          = 1
  x                                               object_available      = 1
  x                                               task_aborted          = 0
  episode                = 1                      x
  step                   = 37                     x
  ee_position            = [0.1551, 0.0000, 0.1733]  x
  ee_velocity            = [0.1389, -0.0000, -0.0726]  x
  target_position        = [0.1500, 0.0000, 0.0200]  x
  reward                 = -0.1144                x
  is_success             = False                  x
  obstacle_in_path       = False                  x
  obstacle_count_in_path = 0                      x
  obstacles              = {}                     x
  objects                = {'object_1': {'type': 'box', 'size': [0.04, 0.04, 0.04], 'mass': 1.0, 'color': [0.1, 0.2, 0.9, 1.0], 'initial_position': [-0.25, 0.0, 0.02], 'lateral_friction': 0.155, 'spinning_friction': 0.001, 'current_position': [0.14634584305964132, 0.015040125735996515, 0.13330986157407526]}}  x
  scripts                = {'script_1': True, 'reach_only': True, 'left_right': True}  x
  target_goal            = {'type': 'goal_sequence', 'targets': [{'name': 'target', 'position': [0.15000000596046448, 0.0, 0.019999999552965164]}], 'mode': 'goal_sequence'}  x
  scene                  = {'table': {'length': 1.1, 'width': 0.7, 'height': 0.4, 'x_offset': -0.3, 'lateral_friction': 3.0, 'spinning_friction': 0.001}}  x
  robot_config           = {'control_type': 'ee', 'block_gripper': False, 'base_position': [-0.6, 0.0, 0.05]}  x
  current_task           = OBJECT_DELIVERY_SEQUENCE  x
  current_subtask        = TRANSPORT_OBJECT       x
  active_target_name     = target                 x
  action                 = [0.9975, 0.0007, 0.0710, -1.0000]  x
  joint_angles           = [0.0003, 0.8197, -0.0004, -1.2301, 0.0003, 2.0557, 0.7853]  x
  joint_velocities       = [-0.0001, 0.6907, -0.0001, 1.0265, 0.0001, -0.3511, 0.0000]  x
  cube_rotation          = [-0.5978, 0.2366, 0.3435]  x
  cube_linear_velocity   = [0.5449, 0.0748, -0.5033]  x
  obstacle_positions     = {}                     x
[step=  37 00:29:57.054][ASM] [PENDING] transport_object → place_object: aguardando managing (já validado)
[step=  37 00:29:57.054][Analyzer] ASM node=transport_object  goal_status=not_applicable
[step=  37 00:29:57.056][DejaVu] {'status': 'ok', 'unanticipated': False}
[step=  38 00:29:58.171][Manager] ep=1 subtask=TRANSPORT_OBJECT reward=-0.0887
[step=  38 00:29:58.171][Perception]
  RAW PERCEPTION                                  MONITORED PARAMS
  ----------------------------------------------  --------------------------------------
  fingers_width         = 0.0002 m                gripper_width_cm      = 0 cm
  dist_ee_to_cube       = 0.0704 m                distance_ee_object_cm = 4 cm
  dist_cube_to_target   = 0.0887 m  (3D)          distance_obj_goal_cm  = 2 cm  (XY)
  cube_position (z)     = 0.1050 m                object_lift_height_cm = 8 cm
  cube_position (xy)    = [0.168, 0.018]          grasp_completed       = 1
  finger_contacts (raw) = 0                       finger_contacts       = 0
  x                                               grasp_attempts        = 1
  x                                               task_started          = 1
  x                                               object_available      = 1
  x                                               task_aborted          = 0
  episode                = 1                      x
  step                   = 38                     x
  ee_position            = [0.1368, -0.0001, 0.1653]  x
  ee_velocity            = [-0.2031, -0.0010, 0.0712]  x
  target_position        = [0.1500, 0.0000, 0.0200]  x
  reward                 = -0.0887                x
  is_success             = False                  x
  obstacle_in_path       = False                  x
  obstacle_count_in_path = 0                      x
  obstacles              = {}                     x
  objects                = {'object_1': {'type': 'box', 'size': [0.04, 0.04, 0.04], 'mass': 1.0, 'color': [0.1, 0.2, 0.9, 1.0], 'initial_position': [-0.25, 0.0, 0.02], 'lateral_friction': 0.155, 'spinning_friction': 0.001, 'current_position': [0.1681062857250619, 0.018028264864063226, 0.10497715811214486]}}  x
  scripts                = {'script_1': True, 'reach_only': True, 'left_right': True}  x
  target_goal            = {'type': 'goal_sequence', 'targets': [{'name': 'target', 'position': [0.15000000596046448, 0.0, 0.019999999552965164]}], 'mode': 'goal_sequence'}  x
  scene                  = {'table': {'length': 1.1, 'width': 0.7, 'height': 0.4, 'x_offset': -0.3, 'lateral_friction': 3.0, 'spinning_friction': 0.001}}  x
  robot_config           = {'control_type': 'ee', 'block_gripper': False, 'base_position': [-0.6, 0.0, 0.05]}  x
  current_task           = OBJECT_DELIVERY_SEQUENCE  x
  current_subtask        = TRANSPORT_OBJECT       x
  active_target_name     = target                 x
  action                 = [-0.9866, -0.0034, -0.1634, -1.0000]  x
  joint_angles           = [0.0001, 0.7626, -0.0004, -1.3476, 0.0003, 2.1038, 0.7850]  x
  joint_velocities       = [-0.0013, -0.8240, 0.0001, -1.2380, 0.0002, 0.3697, -0.0019]  x
  cube_rotation          = [-0.9100, 0.3673, 0.4946]  x
  cube_linear_velocity   = [0.5432, 0.0746, -0.8936]  x
  obstacle_positions     = {}                     x
[step=  38 00:29:58.174][ASM] [PENDING] transport_object → place_object: aguardando managing (já validado)
[step=  38 00:29:58.174][Analyzer] ASM node=transport_object  goal_status=not_applicable
[step=  38 00:29:58.177][DejaVu] {'status': 'ok', 'unanticipated': False}
[step=  39 00:29:59.330][Manager] ep=1 subtask=TRANSPORT_OBJECT reward=-0.0609
[step=  39 00:29:59.331][Perception]
  RAW PERCEPTION                                  MONITORED PARAMS
  ----------------------------------------------  --------------------------------------
  fingers_width         = 0.0000 m                gripper_width_cm      = 0 cm
  dist_ee_to_cube       = 0.1232 m                distance_ee_object_cm = 9 cm
  dist_cube_to_target   = 0.0609 m  (3D)          distance_obj_goal_cm  = 4 cm  (XY)
  cube_position (z)     = 0.0611 m                object_lift_height_cm = 4 cm
  cube_position (xy)    = [0.190, 0.021]          grasp_completed       = 1
  finger_contacts (raw) = 0                       finger_contacts       = 0
  x                                               grasp_attempts        = 1
  x                                               task_started          = 1
  x                                               object_available      = 1
  x                                               task_aborted          = 0
  episode                = 1                      x
  step                   = 39                     x
  ee_position            = [0.1501, 0.0003, 0.1759]  x
  ee_velocity            = [0.2323, 0.0032, 0.3556]  x
  target_position        = [0.1500, 0.0000, 0.0200]  x
  reward                 = -0.0609                x
  is_success             = False                  x
  obstacle_in_path       = False                  x
  obstacle_count_in_path = 0                      x
  obstacles              = {}                     x
  objects                = {'object_1': {'type': 'box', 'size': [0.04, 0.04, 0.04], 'mass': 1.0, 'color': [0.1, 0.2, 0.9, 1.0], 'initial_position': [-0.25, 0.0, 0.02], 'lateral_friction': 0.155, 'spinning_friction': 0.001, 'current_position': [0.1897954083026185, 0.02100661033358906, 0.06106713415936618]}}  x
  scripts                = {'script_1': True, 'reach_only': True, 'left_right': True}  x
  target_goal            = {'type': 'goal_sequence', 'targets': [{'name': 'target', 'position': [0.15000000596046448, 0.0, 0.019999999552965164]}], 'mode': 'goal_sequence'}  x
  scene                  = {'table': {'length': 1.1, 'width': 0.7, 'height': 0.4, 'x_offset': -0.3, 'lateral_friction': 3.0, 'spinning_friction': 0.001}}  x
  robot_config           = {'control_type': 'ee', 'block_gripper': False, 'base_position': [-0.6, 0.0, 0.05]}  x
  current_task           = OBJECT_DELIVERY_SEQUENCE  x
  current_subtask        = TRANSPORT_OBJECT       x
  active_target_name     = target                 x
  action                 = [0.8797, 0.0095, 0.4754, -1.0000]  x
  joint_angles           = [0.0006, 0.8057, -0.0004, -1.2424, 0.0003, 2.0410, 0.7856]  x
  joint_velocities       = [0.0036, 0.1840, 0.0005, 1.1507, -0.0004, -0.4827, 0.0044]  x
  cube_rotation          = [-1.2143, 0.5327, 0.6015]  x
  cube_linear_velocity   = [0.5413, 0.0743, -1.2822]  x
  obstacle_positions     = {}                     x
[step=  39 00:29:59.334][ASM] [PENDING] transport_object → place_object: aguardando managing (já validado)
[step=  39 00:29:59.334][Analyzer] ASM node=transport_object  goal_status=not_applicable
[step=  39 00:29:59.337][DejaVu] {'status': 'ok', 'unanticipated': False}
[step=  40 00:30:00.465][Manager] ep=1 subtask=TRANSPORT_OBJECT reward=-0.0618
[step=  40 00:30:00.465][Perception]
  RAW PERCEPTION                                  MONITORED PARAMS
  ----------------------------------------------  --------------------------------------
  fingers_width         = 0.0000 m                gripper_width_cm      = 0 cm
  dist_ee_to_cube       = 0.1592 m                distance_ee_object_cm = 13 cm
  dist_cube_to_target   = 0.0618 m  (3D)          distance_obj_goal_cm  = 6 cm  (XY)
  cube_position (z)     = 0.0288 m                object_lift_height_cm = 0 cm
  cube_position (xy)    = [0.204, 0.029]          grasp_completed       = 1
  finger_contacts (raw) = 0                       finger_contacts       = 0
  x                                               grasp_attempts        = 1
  x                                               task_started          = 1
  x                                               object_available      = 1
  x                                               task_aborted          = 0
  episode                = 1                      x
  step                   = 40                     x
  ee_position            = [0.1515, 0.0002, 0.1763]  x
  ee_velocity            = [0.0008, -0.0001, -0.0154]  x
  target_position        = [0.1500, 0.0000, 0.0200]  x
  reward                 = -0.0618                x
  is_success             = False                  x
  obstacle_in_path       = False                  x
  obstacle_count_in_path = 0                      x
  obstacles              = {}                     x
  objects                = {'object_1': {'type': 'box', 'size': [0.04, 0.04, 0.04], 'mass': 1.0, 'color': [0.1, 0.2, 0.9, 1.0], 'initial_position': [-0.25, 0.0, 0.02], 'lateral_friction': 0.155, 'spinning_friction': 0.001, 'current_position': [0.2036948936922825, 0.029212983103571025, 0.028755041385483276]}}  x
  scripts                = {'script_1': True, 'reach_only': True, 'left_right': True}  x
  target_goal            = {'type': 'goal_sequence', 'targets': [{'name': 'target', 'position': [0.15000000596046448, 0.0, 0.019999999552965164]}], 'mode': 'goal_sequence'}  x
  scene                  = {'table': {'length': 1.1, 'width': 0.7, 'height': 0.4, 'x_offset': -0.3, 'lateral_friction': 3.0, 'spinning_friction': 0.001}}  x
  robot_config           = {'control_type': 'ee', 'block_gripper': False, 'base_position': [-0.6, 0.0, 0.05]}  x
  current_task           = OBJECT_DELIVERY_SEQUENCE  x
  current_subtask        = TRANSPORT_OBJECT       x
  active_target_name     = target                 x
  action                 = [0.0000, 0.0000, 0.0000, -1.0000]  x
  joint_angles           = [0.0006, 0.8050, -0.0004, -1.2459, 0.0003, 2.0501, 0.7856]  x
  joint_velocities       = [-0.0001, 0.0015, -0.0002, -0.0438, 0.0001, 0.0703, -0.0001]  x
  cube_rotation          = [-1.6598, 0.7850, 0.4616]  x
  cube_linear_velocity   = [0.1526, 0.2444, 0.1206]  x
  obstacle_positions     = {}                     x
[step=  40 00:30:00.468][ASM] [PENDING] transport_object → place_object: aguardando managing (já validado)
[step=  40 00:30:00.468][Analyzer] ASM node=transport_object  goal_status=not_applicable
[step=  40 00:30:00.470][DejaVu] {'status': 'ok', 'unanticipated': False}
[step=  41 00:30:01.637][Manager] ep=1 subtask=PLACE_OBJECT reward=-0.0723
[step=  41 00:30:01.637][Perception]
  RAW PERCEPTION                                  MONITORED PARAMS
  ----------------------------------------------  --------------------------------------
  fingers_width         = 0.0000 m                gripper_width_cm      = 0 cm
  dist_ee_to_cube       = 0.1569 m                distance_ee_object_cm = 13 cm
  dist_cube_to_target   = 0.0723 m  (3D)          distance_obj_goal_cm  = 7 cm  (XY)
  cube_position (z)     = 0.0295 m                object_lift_height_cm = 0 cm
  cube_position (xy)    = [0.211, 0.038]          grasp_completed       = 1
  finger_contacts (raw) = 0                       finger_contacts       = 0
  x                                               grasp_attempts        = 1
  x                                               task_started          = 1
  x                                               object_available      = 1
  x                                               task_aborted          = 0
  episode                = 1                      x
  step                   = 41                     x
  ee_position            = [0.1519, 0.0002, 0.1699]  x
  ee_velocity            = [0.0013, -0.0001, -0.0559]  x
  target_position        = [0.1500, 0.0000, 0.0200]  x
  reward                 = -0.0723                x
  is_success             = False                  x
  obstacle_in_path       = False                  x
  obstacle_count_in_path = 0                      x
  obstacles              = {}                     x
  objects                = {'object_1': {'type': 'box', 'size': [0.04, 0.04, 0.04], 'mass': 1.0, 'color': [0.1, 0.2, 0.9, 1.0], 'initial_position': [-0.25, 0.0, 0.02], 'lateral_friction': 0.155, 'spinning_friction': 0.001, 'current_position': [0.21103311606438893, 0.037665530777260196, 0.029495571467891224]}}  x
  scripts                = {'script_1': True, 'reach_only': True, 'left_right': True}  x
  target_goal            = {'type': 'goal_sequence', 'targets': [{'name': 'target', 'position': [0.15000000596046448, 0.0, 0.019999999552965164]}], 'mode': 'goal_sequence'}  x
  scene                  = {'table': {'length': 1.1, 'width': 0.7, 'height': 0.4, 'x_offset': -0.3, 'lateral_friction': 3.0, 'spinning_friction': 0.001}}  x
  robot_config           = {'control_type': 'ee', 'block_gripper': False, 'base_position': [-0.6, 0.0, 0.05]}  x
  current_task           = OBJECT_DELIVERY_SEQUENCE  x
  current_subtask        = PLACE_OBJECT           x
  active_target_name     = target                 x
  action                 = [0.0000, 0.0000, -0.1500, -1.0000]  x
  joint_angles           = [0.0006, 0.8137, -0.0004, -1.2479, 0.0003, 2.0616, 0.7856]  x
  joint_velocities       = [-0.0000, 0.0748, -0.0001, -0.0158, 0.0001, 0.0877, -0.0001]  x
  cube_rotation          = [-1.9790, 1.1112, 0.2019]  x
  cube_linear_velocity   = [0.2181, 0.1845, -0.0665]  x
  obstacle_positions     = {}                     x
[step=  41 00:30:01.640][ASM] [PENDING] transport_object → place_object: aguardando managing (já validado)
[step=  41 00:30:01.640][ASM] [OK] transport_object → place_object  (type=domain)
[step=  41 00:30:01.640][Analyzer] ASM node=place_object  goal_status=ok  (scenario=PLACE_OBJECT)
[step=  41 00:30:01.643][DejaVu] {'status': 'ok', 'unanticipated': True}
[step=  42 00:30:02.784][Manager] ep=1 subtask=PLACE_OBJECT reward=-0.0838
[step=  42 00:30:02.785][Perception]
  RAW PERCEPTION                                  MONITORED PARAMS
  ----------------------------------------------  --------------------------------------
  fingers_width         = 0.0000 m                gripper_width_cm      = 0 cm
  dist_ee_to_cube       = 0.1629 m                distance_ee_object_cm = 13 cm
  dist_cube_to_target   = 0.0838 m  (3D)          distance_obj_goal_cm  = 8 cm  (XY)
  cube_position (z)     = 0.0226 m                object_lift_height_cm = 0 cm
  cube_position (xy)    = [0.221, 0.044]          grasp_completed       = 1
  finger_contacts (raw) = 0                       finger_contacts       = 0
  x                                               grasp_attempts        = 1
  x                                               task_started          = 1
  x                                               object_available      = 1
  x                                               task_aborted          = 0
  episode                = 1                      x
  step                   = 42                     x
  ee_position            = [0.1521, 0.0002, 0.1634]  x
  ee_velocity            = [0.0015, -0.0001, -0.0496]  x
  target_position        = [0.1500, 0.0000, 0.0200]  x
  reward                 = -0.0838                x
  is_success             = False                  x
  obstacle_in_path       = False                  x
  obstacle_count_in_path = 0                      x
  obstacles              = {}                     x
  objects                = {'object_1': {'type': 'box', 'size': [0.04, 0.04, 0.04], 'mass': 1.0, 'color': [0.1, 0.2, 0.9, 1.0], 'initial_position': [-0.25, 0.0, 0.02], 'lateral_friction': 0.155, 'spinning_friction': 0.001, 'current_position': [0.2211796120145641, 0.04414347370776936, 0.022580297925882346]}}  x
  scripts                = {'script_1': True, 'reach_only': True, 'left_right': True}  x
  target_goal            = {'type': 'goal_sequence', 'targets': [{'name': 'target', 'position': [0.15000000596046448, 0.0, 0.019999999552965164]}], 'mode': 'goal_sequence'}  x
  scene                  = {'table': {'length': 1.1, 'width': 0.7, 'height': 0.4, 'x_offset': -0.3, 'lateral_friction': 3.0, 'spinning_friction': 0.001}}  x
  robot_config           = {'control_type': 'ee', 'block_gripper': False, 'base_position': [-0.6, 0.0, 0.05]}  x
  current_task           = OBJECT_DELIVERY_SEQUENCE  x
  current_subtask        = PLACE_OBJECT           x
  active_target_name     = target                 x
  action                 = [0.0000, 0.0000, -0.1500, -1.0000]  x
  joint_angles           = [0.0006, 0.8226, -0.0004, -1.2495, 0.0003, 2.0720, 0.7856]  x
  joint_velocities       = [-0.0000, 0.0677, -0.0001, -0.0124, 0.0001, 0.0801, -0.0001]  x
  cube_rotation          = [3.0289, 1.4285, -1.0336]  x
  cube_linear_velocity   = [0.2565, 0.0510, -0.0873]  x
  obstacle_positions     = {}                     x
[step=  42 00:30:02.789][Analyzer] ASM node=place_object  goal_status=not_applicable
[step=  42 00:30:02.791][DejaVu] {'status': 'ok', 'unanticipated': True}
[step=  43 00:30:03.905][Manager] ep=1 subtask=PLACE_OBJECT reward=-0.0899
[step=  43 00:30:03.906][Perception]
  RAW PERCEPTION                                  MONITORED PARAMS
  ----------------------------------------------  --------------------------------------
  fingers_width         = 0.0000 m                gripper_width_cm      = 0 cm
  dist_ee_to_cube       = 0.1628 m                distance_ee_object_cm = 13 cm
  dist_cube_to_target   = 0.0899 m  (3D)          distance_obj_goal_cm  = 8 cm  (XY)
  cube_position (z)     = 0.0199 m                object_lift_height_cm = 0 cm
  cube_position (xy)    = [0.228, 0.045]          grasp_completed       = 1
  finger_contacts (raw) = 0                       finger_contacts       = 0
  x                                               grasp_attempts        = 1
  x                                               task_started          = 1
  x                                               object_available      = 1
  x                                               task_aborted          = 0
  episode                = 1                      x
  step                   = 43                     x
  ee_position            = [0.1523, 0.0002, 0.1569]  x
  ee_velocity            = [0.0013, -0.0001, -0.0491]  x
  target_position        = [0.1500, 0.0000, 0.0200]  x
  reward                 = -0.0899                x
  is_success             = False                  x
  obstacle_in_path       = False                  x
  obstacle_count_in_path = 0                      x
  obstacles              = {}                     x
  objects                = {'object_1': {'type': 'box', 'size': [0.04, 0.04, 0.04], 'mass': 1.0, 'color': [0.1, 0.2, 0.9, 1.0], 'initial_position': [-0.25, 0.0, 0.02], 'lateral_friction': 0.155, 'spinning_friction': 0.001, 'current_position': [0.22775460437986986, 0.045171129372092576, 0.019890187561324622]}}  x
  scripts                = {'script_1': True, 'reach_only': True, 'left_right': True}  x
  target_goal            = {'type': 'goal_sequence', 'targets': [{'name': 'target', 'position': [0.15000000596046448, 0.0, 0.019999999552965164]}], 'mode': 'goal_sequence'}  x
  scene                  = {'table': {'length': 1.1, 'width': 0.7, 'height': 0.4, 'x_offset': -0.3, 'lateral_friction': 3.0, 'spinning_friction': 0.001}}  x
  robot_config           = {'control_type': 'ee', 'block_gripper': False, 'base_position': [-0.6, 0.0, 0.05]}  x
  current_task           = OBJECT_DELIVERY_SEQUENCE  x
  current_subtask        = PLACE_OBJECT           x
  active_target_name     = target                 x
  action                 = [0.0000, 0.0000, -0.1500, -1.0000]  x
  joint_angles           = [0.0006, 0.8316, -0.0004, -1.2509, 0.0003, 2.0824, 0.7856]  x
  joint_velocities       = [-0.0000, 0.0677, -0.0001, -0.0112, 0.0001, 0.0798, -0.0001]  x
  cube_rotation          = [0.0000, 1.5708, 2.2051]  x
  cube_linear_velocity   = [0.0490, 0.0084, 0.0043]  x
  obstacle_positions     = {}                     x
[step=  43 00:30:03.908][Analyzer] ASM node=place_object  goal_status=not_applicable
[step=  43 00:30:03.910][DejaVu] {'status': 'ok', 'unanticipated': True}
[step=  44 00:30:05.052][Manager] ep=1 subtask=PLACE_OBJECT reward=-0.0901
[step=  44 00:30:05.052][Perception]
  RAW PERCEPTION                                  MONITORED PARAMS
  ----------------------------------------------  --------------------------------------
  fingers_width         = 0.0000 m                gripper_width_cm      = 0 cm
  dist_ee_to_cube       = 0.1573 m                distance_ee_object_cm = 13 cm
  dist_cube_to_target   = 0.0901 m  (3D)          distance_obj_goal_cm  = 9 cm  (XY)
  cube_position (z)     = 0.0200 m                object_lift_height_cm = 0 cm
  cube_position (xy)    = [0.228, 0.045]          grasp_completed       = 1
  finger_contacts (raw) = 0                       finger_contacts       = 0
  x                                               grasp_attempts        = 1
  x                                               task_started          = 1
  x                                               object_available      = 1
  x                                               task_aborted          = 0
  episode                = 1                      x
  step                   = 44                     x
  ee_position            = [0.1525, 0.0002, 0.1504]  x
  ee_velocity            = [0.0012, -0.0001, -0.0486]  x
  target_position        = [0.1500, 0.0000, 0.0200]  x
  reward                 = -0.0901                x
  is_success             = False                  x
  obstacle_in_path       = False                  x
  obstacle_count_in_path = 0                      x
  obstacles              = {}                     x
  objects                = {'object_1': {'type': 'box', 'size': [0.04, 0.04, 0.04], 'mass': 1.0, 'color': [0.1, 0.2, 0.9, 1.0], 'initial_position': [-0.25, 0.0, 0.02], 'lateral_friction': 0.155, 'spinning_friction': 0.001, 'current_position': [0.22797889705476487, 0.045211172864035816, 0.01997141831235509]}}  x
  scripts                = {'script_1': True, 'reach_only': True, 'left_right': True}  x
  target_goal            = {'type': 'goal_sequence', 'targets': [{'name': 'target', 'position': [0.15000000596046448, 0.0, 0.019999999552965164]}], 'mode': 'goal_sequence'}  x
  scene                  = {'table': {'length': 1.1, 'width': 0.7, 'height': 0.4, 'x_offset': -0.3, 'lateral_friction': 3.0, 'spinning_friction': 0.001}}  x
  robot_config           = {'control_type': 'ee', 'block_gripper': False, 'base_position': [-0.6, 0.0, 0.05]}  x
  current_task           = OBJECT_DELIVERY_SEQUENCE  x
  current_subtask        = PLACE_OBJECT           x
  active_target_name     = target                 x
  action                 = [0.0000, 0.0000, -0.1500, -1.0000]  x
  joint_angles           = [0.0006, 0.8407, -0.0004, -1.2521, 0.0003, 2.0927, 0.7856]  x
  joint_velocities       = [-0.0000, 0.0678, -0.0001, -0.0098, 0.0001, 0.0794, -0.0001]  x
  cube_rotation          = [0.0000, 1.5708, -4.0782]  x
  cube_linear_velocity   = [-0.0000, 0.0000, 0.0008]  x
  obstacle_positions     = {}                     x
[step=  44 00:30:05.056][Analyzer] ASM node=place_object  goal_status=not_applicable
[step=  44 00:30:05.059][DejaVu] {'status': 'ok', 'unanticipated': True}
[step=  45 00:30:06.199][Manager] ep=1 subtask=PLACE_OBJECT reward=-0.0901
[step=  45 00:30:06.199][Perception]
  RAW PERCEPTION                                  MONITORED PARAMS
  ----------------------------------------------  --------------------------------------
  fingers_width         = 0.0000 m                gripper_width_cm      = 0 cm
  dist_ee_to_cube       = 0.1519 m                distance_ee_object_cm = 12 cm
  dist_cube_to_target   = 0.0901 m  (3D)          distance_obj_goal_cm  = 9 cm  (XY)
  cube_position (z)     = 0.0200 m                object_lift_height_cm = 0 cm
  cube_position (xy)    = [0.228, 0.045]          grasp_completed       = 1
  finger_contacts (raw) = 0                       finger_contacts       = 0
  x                                               grasp_attempts        = 1
  x                                               task_started          = 1
  x                                               object_available      = 1
  x                                               task_aborted          = 0
  episode                = 1                      x
  step                   = 45                     x
  ee_position            = [0.1526, 0.0002, 0.1439]  x
  ee_velocity            = [0.0010, -0.0001, -0.0481]  x
  target_position        = [0.1500, 0.0000, 0.0200]  x
  reward                 = -0.0901                x
  is_success             = False                  x
  obstacle_in_path       = False                  x
  obstacle_count_in_path = 0                      x
  obstacles              = {}                     x
  objects                = {'object_1': {'type': 'box', 'size': [0.04, 0.04, 0.04], 'mass': 1.0, 'color': [0.1, 0.2, 0.9, 1.0], 'initial_position': [-0.25, 0.0, 0.02], 'lateral_friction': 0.155, 'spinning_friction': 0.001, 'current_position': [0.22797827976391039, 0.04521191771424825, 0.019986789422959547]}}  x
  scripts                = {'script_1': True, 'reach_only': True, 'left_right': True}  x
  target_goal            = {'type': 'goal_sequence', 'targets': [{'name': 'target', 'position': [0.15000000596046448, 0.0, 0.019999999552965164]}], 'mode': 'goal_sequence'}  x
  scene                  = {'table': {'length': 1.1, 'width': 0.7, 'height': 0.4, 'x_offset': -0.3, 'lateral_friction': 3.0, 'spinning_friction': 0.001}}  x
  robot_config           = {'control_type': 'ee', 'block_gripper': False, 'base_position': [-0.6, 0.0, 0.05]}  x
  current_task           = OBJECT_DELIVERY_SEQUENCE  x
  current_subtask        = PLACE_OBJECT           x
  active_target_name     = target                 x
  action                 = [0.0000, 0.0000, -0.1500, -1.0000]  x
  joint_angles           = [0.0006, 0.8500, -0.0004, -1.2531, 0.0003, 2.1030, 0.7855]  x
  joint_velocities       = [-0.0000, 0.0680, -0.0001, -0.0085, 0.0001, 0.0790, -0.0001]  x
  cube_rotation          = [0.0000, 1.5708, -4.0782]  x
  cube_linear_velocity   = [-0.0000, 0.0000, 0.0002]  x
  obstacle_positions     = {}                     x
[step=  45 00:30:06.202][Analyzer] ASM node=place_object  goal_status=not_applicable
[step=  45 00:30:06.206][DejaVu] {'status': 'ok', 'unanticipated': True}
[step=  46 00:30:07.372][Manager] ep=1 subtask=PLACE_OBJECT reward=-0.0901
[step=  46 00:30:07.373][Perception]
  RAW PERCEPTION                                  MONITORED PARAMS
  ----------------------------------------------  --------------------------------------
  fingers_width         = 0.0000 m                gripper_width_cm      = 0 cm
  dist_ee_to_cube       = 0.1465 m                distance_ee_object_cm = 12 cm
  dist_cube_to_target   = 0.0901 m  (3D)          distance_obj_goal_cm  = 9 cm  (XY)
  cube_position (z)     = 0.0200 m                object_lift_height_cm = 0 cm
  cube_position (xy)    = [0.228, 0.045]          grasp_completed       = 1
  finger_contacts (raw) = 0                       finger_contacts       = 0
  x                                               grasp_attempts        = 1
  x                                               task_started          = 1
  x                                               object_available      = 1
  x                                               task_aborted          = 0
  episode                = 1                      x
  step                   = 46                     x
  ee_position            = [0.1526, 0.0002, 0.1373]  x
  ee_velocity            = [0.0008, -0.0001, -0.0478]  x
  target_position        = [0.1500, 0.0000, 0.0200]  x
  reward                 = -0.0901                x
  is_success             = False                  x
  obstacle_in_path       = False                  x
  obstacle_count_in_path = 0                      x
  obstacles              = {}                     x
  objects                = {'object_1': {'type': 'box', 'size': [0.04, 0.04, 0.04], 'mass': 1.0, 'color': [0.1, 0.2, 0.9, 1.0], 'initial_position': [-0.25, 0.0, 0.02], 'lateral_friction': 0.155, 'spinning_friction': 0.001, 'current_position': [0.22797961488060706, 0.04521205794147921, 0.019989159895319606]}}  x
  scripts                = {'script_1': True, 'reach_only': True, 'left_right': True}  x
  target_goal            = {'type': 'goal_sequence', 'targets': [{'name': 'target', 'position': [0.15000000596046448, 0.0, 0.019999999552965164]}], 'mode': 'goal_sequence'}  x
  scene                  = {'table': {'length': 1.1, 'width': 0.7, 'height': 0.4, 'x_offset': -0.3, 'lateral_friction': 3.0, 'spinning_friction': 0.001}}  x
  robot_config           = {'control_type': 'ee', 'block_gripper': False, 'base_position': [-0.6, 0.0, 0.05]}  x
  current_task           = OBJECT_DELIVERY_SEQUENCE  x
  current_subtask        = PLACE_OBJECT           x
  active_target_name     = target                 x
  action                 = [0.0000, 0.0000, -0.1500, -1.0000]  x
  joint_angles           = [0.0006, 0.8593, -0.0004, -1.2539, 0.0003, 2.1132, 0.7855]  x
  joint_velocities       = [-0.0000, 0.0684, -0.0001, -0.0071, 0.0001, 0.0786, -0.0001]  x
  cube_rotation          = [0.0000, 1.5708, -4.0782]  x
  cube_linear_velocity   = [0.0000, -0.0000, 0.0000]  x
  obstacle_positions     = {}                     x
[step=  46 00:30:07.375][Analyzer] ASM node=place_object  goal_status=not_applicable
[step=  46 00:30:07.377][DejaVu] {'status': 'ok', 'unanticipated': True}
[step=  47 00:30:08.493][Manager] ep=1 subtask=PLACE_OBJECT reward=-0.0901
[step=  47 00:30:08.494][Perception]
  RAW PERCEPTION                                  MONITORED PARAMS
  ----------------------------------------------  --------------------------------------
  fingers_width         = 0.0000 m                gripper_width_cm      = 0 cm
  dist_ee_to_cube       = 0.1414 m                distance_ee_object_cm = 11 cm
  dist_cube_to_target   = 0.0901 m  (3D)          distance_obj_goal_cm  = 9 cm  (XY)
  cube_position (z)     = 0.0200 m                object_lift_height_cm = 0 cm
  cube_position (xy)    = [0.228, 0.045]          grasp_completed       = 1
  finger_contacts (raw) = 0                       finger_contacts       = 0
  x                                               grasp_attempts        = 1
  x                                               task_started          = 1
  x                                               object_available      = 1
  x                                               task_aborted          = 0
  episode                = 1                      x
  step                   = 47                     x
  ee_position            = [0.1527, 0.0002, 0.1308]  x
  ee_velocity            = [0.0006, -0.0001, -0.0475]  x
  target_position        = [0.1500, 0.0000, 0.0200]  x
  reward                 = -0.0901                x
  is_success             = False                  x
  obstacle_in_path       = False                  x
  obstacle_count_in_path = 0                      x
  obstacles              = {}                     x
  objects                = {'object_1': {'type': 'box', 'size': [0.04, 0.04, 0.04], 'mass': 1.0, 'color': [0.1, 0.2, 0.9, 1.0], 'initial_position': [-0.25, 0.0, 0.02], 'lateral_friction': 0.155, 'spinning_friction': 0.001, 'current_position': [0.22797977574694547, 0.045211790497462226, 0.019989415108970537]}}  x
  scripts                = {'script_1': True, 'reach_only': True, 'left_right': True}  x
  target_goal            = {'type': 'goal_sequence', 'targets': [{'name': 'target', 'position': [0.15000000596046448, 0.0, 0.019999999552965164]}], 'mode': 'goal_sequence'}  x
  scene                  = {'table': {'length': 1.1, 'width': 0.7, 'height': 0.4, 'x_offset': -0.3, 'lateral_friction': 3.0, 'spinning_friction': 0.001}}  x
  robot_config           = {'control_type': 'ee', 'block_gripper': False, 'base_position': [-0.6, 0.0, 0.05]}  x
  current_task           = OBJECT_DELIVERY_SEQUENCE  x
  current_subtask        = PLACE_OBJECT           x
  active_target_name     = target                 x
  action                 = [0.0000, 0.0000, -0.1500, -1.0000]  x
  joint_angles           = [0.0006, 0.8688, -0.0004, -1.2546, 0.0003, 2.1232, 0.7855]  x
  joint_velocities       = [-0.0000, 0.0688, -0.0001, -0.0054, 0.0001, 0.0773, -0.0001]  x
  cube_rotation          = [0.0000, 1.5708, -4.0782]  x
  cube_linear_velocity   = [0.0000, -0.0000, 0.0000]  x
  obstacle_positions     = {}                     x
[step=  47 00:30:08.497][Analyzer] ASM node=place_object  goal_status=not_applicable
[step=  47 00:30:08.500][DejaVu] {'status': 'ok', 'unanticipated': True}
[step=  48 00:30:09.651][Manager] ep=1 subtask=PLACE_OBJECT reward=-0.0901
[step=  48 00:30:09.652][Perception]
  RAW PERCEPTION                                  MONITORED PARAMS
  ----------------------------------------------  --------------------------------------
  fingers_width         = 0.0000 m                gripper_width_cm      = 0 cm
  dist_ee_to_cube       = 0.1363 m                distance_ee_object_cm = 11 cm
  dist_cube_to_target   = 0.0901 m  (3D)          distance_obj_goal_cm  = 9 cm  (XY)
  cube_position (z)     = 0.0200 m                object_lift_height_cm = 0 cm
  cube_position (xy)    = [0.228, 0.045]          grasp_completed       = 1
  finger_contacts (raw) = 0                       finger_contacts       = 0
  x                                               grasp_attempts        = 1
  x                                               task_started          = 1
  x                                               object_available      = 1
  x                                               task_aborted          = 0
  episode                = 1                      x
  step                   = 48                     x
  ee_position            = [0.1527, 0.0002, 0.1243]  x
  ee_velocity            = [0.0004, -0.0001, -0.0471]  x
  target_position        = [0.1500, 0.0000, 0.0200]  x
  reward                 = -0.0901                x
  is_success             = False                  x
  obstacle_in_path       = False                  x
  obstacle_count_in_path = 0                      x
  obstacles              = {}                     x
  objects                = {'object_1': {'type': 'box', 'size': [0.04, 0.04, 0.04], 'mass': 1.0, 'color': [0.1, 0.2, 0.9, 1.0], 'initial_position': [-0.25, 0.0, 0.02], 'lateral_friction': 0.155, 'spinning_friction': 0.001, 'current_position': [0.2279798132746814, 0.045211690039344526, 0.019989463256446578]}}  x
  scripts                = {'script_1': True, 'reach_only': True, 'left_right': True}  x
  target_goal            = {'type': 'goal_sequence', 'targets': [{'name': 'target', 'position': [0.15000000596046448, 0.0, 0.019999999552965164]}], 'mode': 'goal_sequence'}  x
  scene                  = {'table': {'length': 1.1, 'width': 0.7, 'height': 0.4, 'x_offset': -0.3, 'lateral_friction': 3.0, 'spinning_friction': 0.001}}  x
  robot_config           = {'control_type': 'ee', 'block_gripper': False, 'base_position': [-0.6, 0.0, 0.05]}  x
  current_task           = OBJECT_DELIVERY_SEQUENCE  x
  current_subtask        = PLACE_OBJECT           x
  active_target_name     = target                 x
  action                 = [0.0000, 0.0000, -0.1500, -1.0000]  x
  joint_angles           = [0.0006, 0.8783, -0.0004, -1.2551, 0.0004, 2.1332, 0.7855]  x
  joint_velocities       = [-0.0000, 0.0689, -0.0001, -0.0043, 0.0001, 0.0770, -0.0001]  x
  cube_rotation          = [0.0000, 1.5708, -4.0782]  x
  cube_linear_velocity   = [0.0000, -0.0000, 0.0000]  x
  obstacle_positions     = {}                     x
[step=  48 00:30:09.654][Analyzer] ASM node=place_object  goal_status=not_applicable
[step=  48 00:30:09.656][DejaVu] {'status': 'ok', 'unanticipated': True}
[step=  49 00:30:10.811][Manager] ep=1 subtask=PLACE_OBJECT reward=-0.0901
[step=  49 00:30:10.812][Perception]
  RAW PERCEPTION                                  MONITORED PARAMS
  ----------------------------------------------  --------------------------------------
  fingers_width         = 0.0000 m                gripper_width_cm      = 0 cm
  dist_ee_to_cube       = 0.1314 m                distance_ee_object_cm = 10 cm
  dist_cube_to_target   = 0.0901 m  (3D)          distance_obj_goal_cm  = 9 cm  (XY)
  cube_position (z)     = 0.0200 m                object_lift_height_cm = 0 cm
  cube_position (xy)    = [0.228, 0.045]          grasp_completed       = 1
  finger_contacts (raw) = 0                       finger_contacts       = 0
  x                                               grasp_attempts        = 1
  x                                               task_started          = 1
  x                                               object_available      = 1
  x                                               task_aborted          = 0
  episode                = 1                      x
  step                   = 49                     x
  ee_position            = [0.1526, 0.0002, 0.1178]  x
  ee_velocity            = [0.0001, -0.0001, -0.0474]  x
  target_position        = [0.1500, 0.0000, 0.0200]  x
  reward                 = -0.0901                x
  is_success             = False                  x
  obstacle_in_path       = False                  x
  obstacle_count_in_path = 0                      x
  obstacles              = {}                     x
  objects                = {'object_1': {'type': 'box', 'size': [0.04, 0.04, 0.04], 'mass': 1.0, 'color': [0.1, 0.2, 0.9, 1.0], 'initial_position': [-0.25, 0.0, 0.02], 'lateral_friction': 0.155, 'spinning_friction': 0.001, 'current_position': [0.22797982765062647, 0.04521162104585754, 0.019989472331377475]}}  x
  scripts                = {'script_1': True, 'reach_only': True, 'left_right': True}  x
  target_goal            = {'type': 'goal_sequence', 'targets': [{'name': 'target', 'position': [0.15000000596046448, 0.0, 0.019999999552965164]}], 'mode': 'goal_sequence'}  x
  scene                  = {'table': {'length': 1.1, 'width': 0.7, 'height': 0.4, 'x_offset': -0.3, 'lateral_friction': 3.0, 'spinning_friction': 0.001}}  x
  robot_config           = {'control_type': 'ee', 'block_gripper': False, 'base_position': [-0.6, 0.0, 0.05]}  x
  current_task           = OBJECT_DELIVERY_SEQUENCE  x
  current_subtask        = PLACE_OBJECT           x
  active_target_name     = target                 x
  action                 = [0.0000, 0.0000, -0.1500, -1.0000]  x
  joint_angles           = [0.0005, 0.8879, -0.0004, -1.2554, 0.0004, 2.1432, 0.7855]  x
  joint_velocities       = [-0.0000, 0.0700, -0.0001, -0.0032, 0.0001, 0.0766, -0.0001]  x
  cube_rotation          = [0.0000, 1.5708, -4.0782]  x
  cube_linear_velocity   = [0.0000, -0.0000, 0.0000]  x
  obstacle_positions     = {}                     x
[step=  49 00:30:10.814][Analyzer] ASM node=place_object  goal_status=not_applicable
[step=  49 00:30:10.816][DejaVu] {'status': 'ok', 'unanticipated': True}
[step=  50 00:30:11.958][Manager] ep=1 subtask=PLACE_OBJECT reward=-0.0901
[step=  50 00:30:11.959][Perception]
  RAW PERCEPTION                                  MONITORED PARAMS
  ----------------------------------------------  --------------------------------------
  fingers_width         = 0.0000 m                gripper_width_cm      = 0 cm
  dist_ee_to_cube       = 0.1267 m                distance_ee_object_cm = 10 cm
  dist_cube_to_target   = 0.0901 m  (3D)          distance_obj_goal_cm  = 9 cm  (XY)
  cube_position (z)     = 0.0200 m                object_lift_height_cm = 0 cm
  cube_position (xy)    = [0.228, 0.045]          grasp_completed       = 1
  finger_contacts (raw) = 0                       finger_contacts       = 0
  x                                               grasp_attempts        = 1
  x                                               task_started          = 1
  x                                               object_available      = 1
  x                                               task_aborted          = 0
  episode                = 1                      x
  step                   = 50                     x
  ee_position            = [0.1526, 0.0002, 0.1113]  x
  ee_velocity            = [-0.0003, -0.0001, -0.0479]  x
  target_position        = [0.1500, 0.0000, 0.0200]  x
  reward                 = -0.0901                x
  is_success             = False                  x
  obstacle_in_path       = False                  x
  obstacle_count_in_path = 0                      x
  obstacles              = {}                     x
  objects                = {'object_1': {'type': 'box', 'size': [0.04, 0.04, 0.04], 'mass': 1.0, 'color': [0.1, 0.2, 0.9, 1.0], 'initial_position': [-0.25, 0.0, 0.02], 'lateral_friction': 0.155, 'spinning_friction': 0.001, 'current_position': [0.22797983766246835, 0.045211557983523755, 0.01998947404163662]}}  x
  scripts                = {'script_1': True, 'reach_only': True, 'left_right': True}  x
  target_goal            = {'type': 'goal_sequence', 'targets': [{'name': 'target', 'position': [0.15000000596046448, 0.0, 0.019999999552965164]}], 'mode': 'goal_sequence'}  x
  scene                  = {'table': {'length': 1.1, 'width': 0.7, 'height': 0.4, 'x_offset': -0.3, 'lateral_friction': 3.0, 'spinning_friction': 0.001}}  x
  robot_config           = {'control_type': 'ee', 'block_gripper': False, 'base_position': [-0.6, 0.0, 0.05]}  x
  current_task           = OBJECT_DELIVERY_SEQUENCE  x
  current_subtask        = PLACE_OBJECT           x
  active_target_name     = target                 x
  action                 = [0.0000, 0.0000, -0.1500, -1.0000]  x
  joint_angles           = [0.0005, 0.8976, -0.0004, -1.2556, 0.0004, 2.1531, 0.7855]  x
  joint_velocities       = [-0.0000, 0.0714, -0.0001, -0.0019, 0.0001, 0.0763, -0.0001]  x
  cube_rotation          = [0.0000, 1.5708, -4.0782]  x
  cube_linear_velocity   = [0.0000, -0.0000, 0.0000]  x
  obstacle_positions     = {}                     x
[step=  50 00:30:11.963][Analyzer] ASM node=place_object  goal_status=not_applicable
[step=  50 00:30:11.965][DejaVu] {'status': 'ok', 'unanticipated': True}
[step=  51 00:30:13.066][Manager] ep=1 subtask=PLACE_OBJECT reward=-0.0901
[step=  51 00:30:13.066][Perception]
  RAW PERCEPTION                                  MONITORED PARAMS
  ----------------------------------------------  --------------------------------------
  fingers_width         = 0.0000 m                gripper_width_cm      = 0 cm
  dist_ee_to_cube       = 0.1221 m                distance_ee_object_cm = 9 cm
  dist_cube_to_target   = 0.0901 m  (3D)          distance_obj_goal_cm  = 9 cm  (XY)
  cube_position (z)     = 0.0200 m                object_lift_height_cm = 0 cm
  cube_position (xy)    = [0.228, 0.045]          grasp_completed       = 1
  finger_contacts (raw) = 0                       finger_contacts       = 0
  x                                               grasp_attempts        = 1
  x                                               task_started          = 1
  x                                               object_available      = 1
  x                                               task_aborted          = 0
  episode                = 1                      x
  step                   = 51                     x
  ee_position            = [0.1524, 0.0002, 0.1048]  x
  ee_velocity            = [-0.0006, -0.0001, -0.0480]  x
  target_position        = [0.1500, 0.0000, 0.0200]  x
  reward                 = -0.0901                x
  is_success             = False                  x
  obstacle_in_path       = False                  x
  obstacle_count_in_path = 0                      x
  obstacles              = {}                     x
  objects                = {'object_1': {'type': 'box', 'size': [0.04, 0.04, 0.04], 'mass': 1.0, 'color': [0.1, 0.2, 0.9, 1.0], 'initial_position': [-0.25, 0.0, 0.02], 'lateral_friction': 0.155, 'spinning_friction': 0.001, 'current_position': [0.22797984685145295, 0.04521149603959787, 0.019989474363747983]}}  x
  scripts                = {'script_1': True, 'reach_only': True, 'left_right': True}  x
  target_goal            = {'type': 'goal_sequence', 'targets': [{'name': 'target', 'position': [0.15000000596046448, 0.0, 0.019999999552965164]}], 'mode': 'goal_sequence'}  x
  scene                  = {'table': {'length': 1.1, 'width': 0.7, 'height': 0.4, 'x_offset': -0.3, 'lateral_friction': 3.0, 'spinning_friction': 0.001}}  x
  robot_config           = {'control_type': 'ee', 'block_gripper': False, 'base_position': [-0.6, 0.0, 0.05]}  x
  current_task           = OBJECT_DELIVERY_SEQUENCE  x
  current_subtask        = PLACE_OBJECT           x
  active_target_name     = target                 x
  action                 = [0.0000, 0.0000, -0.1500, -1.0000]  x
  joint_angles           = [0.0005, 0.9075, -0.0004, -1.2555, 0.0004, 2.1630, 0.7855]  x
  joint_velocities       = [-0.0000, 0.0725, -0.0001, -0.0002, 0.0001, 0.0756, -0.0001]  x
  cube_rotation          = [0.0000, 1.5708, -4.0782]  x
  cube_linear_velocity   = [0.0000, -0.0000, 0.0000]  x
  obstacle_positions     = {}                     x
[step=  51 00:30:13.070][Analyzer] ASM node=place_object  goal_status=not_applicable
[step=  51 00:30:13.074][DejaVu] {'status': 'ok', 'unanticipated': True}
[step=  52 00:30:14.213][Manager] ep=1 subtask=PLACE_OBJECT reward=-0.0901
[step=  52 00:30:14.213][Perception]
  RAW PERCEPTION                                  MONITORED PARAMS
  ----------------------------------------------  --------------------------------------
  fingers_width         = 0.0000 m                gripper_width_cm      = 0 cm
  dist_ee_to_cube       = 0.1178 m                distance_ee_object_cm = 9 cm
  dist_cube_to_target   = 0.0901 m  (3D)          distance_obj_goal_cm  = 9 cm  (XY)
  cube_position (z)     = 0.0200 m                object_lift_height_cm = 0 cm
  cube_position (xy)    = [0.228, 0.045]          grasp_completed       = 1
  finger_contacts (raw) = 0                       finger_contacts       = 0
  x                                               grasp_attempts        = 1
  x                                               task_started          = 1
  x                                               object_available      = 1
  x                                               task_aborted          = 0
  episode                = 1                      x
  step                   = 52                     x
  ee_position            = [0.1523, 0.0002, 0.0982]  x
  ee_velocity            = [-0.0008, -0.0001, -0.0478]  x
  target_position        = [0.1500, 0.0000, 0.0200]  x
  reward                 = -0.0901                x
  is_success             = False                  x
  obstacle_in_path       = False                  x
  obstacle_count_in_path = 0                      x
  obstacles              = {}                     x
  objects                = {'object_1': {'type': 'box', 'size': [0.04, 0.04, 0.04], 'mass': 1.0, 'color': [0.1, 0.2, 0.9, 1.0], 'initial_position': [-0.25, 0.0, 0.02], 'lateral_friction': 0.155, 'spinning_friction': 0.001, 'current_position': [0.2279798558850615, 0.04521143430693795, 0.01998947442421089]}}  x
  scripts                = {'script_1': True, 'reach_only': True, 'left_right': True}  x
  target_goal            = {'type': 'goal_sequence', 'targets': [{'name': 'target', 'position': [0.15000000596046448, 0.0, 0.019999999552965164]}], 'mode': 'goal_sequence'}  x
  scene                  = {'table': {'length': 1.1, 'width': 0.7, 'height': 0.4, 'x_offset': -0.3, 'lateral_friction': 3.0, 'spinning_friction': 0.001}}  x
  robot_config           = {'control_type': 'ee', 'block_gripper': False, 'base_position': [-0.6, 0.0, 0.05]}  x
  current_task           = OBJECT_DELIVERY_SEQUENCE  x
  current_subtask        = PLACE_OBJECT           x
  active_target_name     = target                 x
  action                 = [0.0000, 0.0000, -0.1500, -1.0000]  x
  joint_angles           = [0.0005, 0.9174, -0.0004, -1.2553, 0.0004, 2.1727, 0.7855]  x
  joint_velocities       = [-0.0000, 0.0731, -0.0001, 0.0013, 0.0001, 0.0749, -0.0001]  x
  cube_rotation          = [0.0000, 1.5708, -4.0782]  x
  cube_linear_velocity   = [0.0000, -0.0000, 0.0000]  x
  obstacle_positions     = {}                     x
[step=  52 00:30:14.216][Analyzer] ASM node=place_object  goal_status=not_applicable
[step=  52 00:30:14.219][DejaVu] {'status': 'ok', 'unanticipated': True}
[step=  53 00:30:15.359][Manager] ep=1 subtask=PLACE_OBJECT reward=-0.0901
[step=  53 00:30:15.360][Perception]
  RAW PERCEPTION                                  MONITORED PARAMS
  ----------------------------------------------  --------------------------------------
  fingers_width         = 0.0000 m                gripper_width_cm      = 0 cm
  dist_ee_to_cube       = 0.1137 m                distance_ee_object_cm = 8 cm
  dist_cube_to_target   = 0.0901 m  (3D)          distance_obj_goal_cm  = 9 cm  (XY)
  cube_position (z)     = 0.0200 m                object_lift_height_cm = 0 cm
  cube_position (xy)    = [0.228, 0.045]          grasp_completed       = 1
  finger_contacts (raw) = 0                       finger_contacts       = 0
  x                                               grasp_attempts        = 1
  x                                               task_started          = 1
  x                                               object_available      = 1
  x                                               task_aborted          = 0
  episode                = 1                      x
  step                   = 53                     x
  ee_position            = [0.1521, 0.0002, 0.0917]  x
  ee_velocity            = [-0.0012, -0.0000, -0.0479]  x
  target_position        = [0.1500, 0.0000, 0.0200]  x
  reward                 = -0.0901                x
  is_success             = False                  x
  obstacle_in_path       = False                  x
  obstacle_count_in_path = 0                      x
  obstacles              = {}                     x
  objects                = {'object_1': {'type': 'box', 'size': [0.04, 0.04, 0.04], 'mass': 1.0, 'color': [0.1, 0.2, 0.9, 1.0], 'initial_position': [-0.25, 0.0, 0.02], 'lateral_friction': 0.155, 'spinning_friction': 0.001, 'current_position': [0.22797986488910588, 0.0452113726145593, 0.01998947443535638]}}  x
  scripts                = {'script_1': True, 'reach_only': True, 'left_right': True}  x
  target_goal            = {'type': 'goal_sequence', 'targets': [{'name': 'target', 'position': [0.15000000596046448, 0.0, 0.019999999552965164]}], 'mode': 'goal_sequence'}  x
  scene                  = {'table': {'length': 1.1, 'width': 0.7, 'height': 0.4, 'x_offset': -0.3, 'lateral_friction': 3.0, 'spinning_friction': 0.001}}  x
  robot_config           = {'control_type': 'ee', 'block_gripper': False, 'base_position': [-0.6, 0.0, 0.05]}  x
  current_task           = OBJECT_DELIVERY_SEQUENCE  x
  current_subtask        = PLACE_OBJECT           x
  active_target_name     = target                 x
  action                 = [0.0000, 0.0000, -0.1500, -1.0000]  x
  joint_angles           = [0.0005, 0.9275, -0.0004, -1.2549, 0.0004, 2.1824, 0.7855]  x
  joint_velocities       = [-0.0000, 0.0740, -0.0001, 0.0027, 0.0001, 0.0742, -0.0001]  x
  cube_rotation          = [0.0000, 1.5708, -4.0782]  x
  cube_linear_velocity   = [0.0000, -0.0000, 0.0000]  x
  obstacle_positions     = {}                     x
[step=  53 00:30:15.364][Analyzer] ASM node=place_object  goal_status=not_applicable
[step=  53 00:30:15.366][DejaVu] {'status': 'ok', 'unanticipated': True}
[step=  54 00:30:16.533][Manager] ep=1 subtask=PLACE_OBJECT reward=-0.0901
[step=  54 00:30:16.533][Perception]
  RAW PERCEPTION                                  MONITORED PARAMS
  ----------------------------------------------  --------------------------------------
  fingers_width         = 0.0000 m                gripper_width_cm      = 0 cm
  dist_ee_to_cube       = 0.1099 m                distance_ee_object_cm = 8 cm
  dist_cube_to_target   = 0.0901 m  (3D)          distance_obj_goal_cm  = 9 cm  (XY)
  cube_position (z)     = 0.0200 m                object_lift_height_cm = 0 cm
  cube_position (xy)    = [0.228, 0.045]          grasp_completed       = 1
  finger_contacts (raw) = 0                       finger_contacts       = 0
  x                                               grasp_attempts        = 1
  x                                               task_started          = 1
  x                                               object_available      = 1
  x                                               task_aborted          = 0
  episode                = 1                      x
  step                   = 54                     x
  ee_position            = [0.1518, 0.0002, 0.0852]  x
  ee_velocity            = [-0.0014, -0.0000, -0.0477]  x
  target_position        = [0.1500, 0.0000, 0.0200]  x
  reward                 = -0.0901                x
  is_success             = False                  x
  obstacle_in_path       = False                  x
  obstacle_count_in_path = 0                      x
  obstacles              = {}                     x
  objects                = {'object_1': {'type': 'box', 'size': [0.04, 0.04, 0.04], 'mass': 1.0, 'color': [0.1, 0.2, 0.9, 1.0], 'initial_position': [-0.25, 0.0, 0.02], 'lateral_friction': 0.155, 'spinning_friction': 0.001, 'current_position': [0.22798035050031046, 0.04521096147844333, 0.01998986164227613]}}  x
  scripts                = {'script_1': True, 'reach_only': True, 'left_right': True}  x
  target_goal            = {'type': 'goal_sequence', 'targets': [{'name': 'target', 'position': [0.15000000596046448, 0.0, 0.019999999552965164]}], 'mode': 'goal_sequence'}  x
  scene                  = {'table': {'length': 1.1, 'width': 0.7, 'height': 0.4, 'x_offset': -0.3, 'lateral_friction': 3.0, 'spinning_friction': 0.001}}  x
  robot_config           = {'control_type': 'ee', 'block_gripper': False, 'base_position': [-0.6, 0.0, 0.05]}  x
  current_task           = OBJECT_DELIVERY_SEQUENCE  x
  current_subtask        = PLACE_OBJECT           x
  active_target_name     = target                 x
  action                 = [0.0000, 0.0000, -0.1500, -1.0000]  x
  joint_angles           = [0.0005, 0.9376, -0.0004, -1.2543, 0.0004, 2.1919, 0.7855]  x
  joint_velocities       = [-0.0000, 0.0743, -0.0001, 0.0039, 0.0002, 0.0735, -0.0001]  x
  cube_rotation          = [0.0000, 1.5708, -4.0782]  x
  cube_linear_velocity   = [0.0000, -0.0000, 0.0000]  x
  obstacle_positions     = {}                     x
[step=  54 00:30:16.539][Analyzer] ASM node=place_object  goal_status=not_applicable
[step=  54 00:30:16.541][DejaVu] {'status': 'ok', 'unanticipated': True}
[step=  55 00:30:17.680][Manager] ep=1 subtask=PLACE_OBJECT reward=-0.0901
[step=  55 00:30:17.680][Perception]
  RAW PERCEPTION                                  MONITORED PARAMS
  ----------------------------------------------  --------------------------------------
  fingers_width         = 0.0000 m                gripper_width_cm      = 0 cm
  dist_ee_to_cube       = 0.1063 m                distance_ee_object_cm = 8 cm
  dist_cube_to_target   = 0.0901 m  (3D)          distance_obj_goal_cm  = 9 cm  (XY)
  cube_position (z)     = 0.0200 m                object_lift_height_cm = 0 cm
  cube_position (xy)    = [0.228, 0.045]          grasp_completed       = 1
  finger_contacts (raw) = 0                       finger_contacts       = 0
  x                                               grasp_attempts        = 1
  x                                               task_started          = 1
  x                                               object_available      = 1
  x                                               task_aborted          = 0
  episode                = 1                      x
  step                   = 55                     x
  ee_position            = [0.1516, 0.0002, 0.0787]  x
  ee_velocity            = [-0.0018, -0.0000, -0.0479]  x
  target_position        = [0.1500, 0.0000, 0.0200]  x
  reward                 = -0.0901                x
  is_success             = False                  x
  obstacle_in_path       = False                  x
  obstacle_count_in_path = 0                      x
  obstacles              = {}                     x
  objects                = {'object_1': {'type': 'box', 'size': [0.04, 0.04, 0.04], 'mass': 1.0, 'color': [0.1, 0.2, 0.9, 1.0], 'initial_position': [-0.25, 0.0, 0.02], 'lateral_friction': 0.155, 'spinning_friction': 0.001, 'current_position': [0.22798041700936195, 0.04521087105392721, 0.019989973892896615]}}  x
  scripts                = {'script_1': True, 'reach_only': True, 'left_right': True}  x
  target_goal            = {'type': 'goal_sequence', 'targets': [{'name': 'target', 'position': [0.15000000596046448, 0.0, 0.019999999552965164]}], 'mode': 'goal_sequence'}  x
  scene                  = {'table': {'length': 1.1, 'width': 0.7, 'height': 0.4, 'x_offset': -0.3, 'lateral_friction': 3.0, 'spinning_friction': 0.001}}  x
  robot_config           = {'control_type': 'ee', 'block_gripper': False, 'base_position': [-0.6, 0.0, 0.05]}  x
  current_task           = OBJECT_DELIVERY_SEQUENCE  x
  current_subtask        = PLACE_OBJECT           x
  active_target_name     = target                 x
  action                 = [0.0000, 0.0000, -0.1500, -1.0000]  x
  joint_angles           = [0.0005, 0.9479, -0.0004, -1.2535, 0.0004, 2.2014, 0.7854]  x
  joint_velocities       = [-0.0000, 0.0754, -0.0001, 0.0053, 0.0002, 0.0729, -0.0001]  x
  cube_rotation          = [0.0000, 1.5708, -4.0782]  x
  cube_linear_velocity   = [0.0000, -0.0000, 0.0000]  x
  obstacle_positions     = {}                     x
[step=  55 00:30:17.683][Analyzer] ASM node=place_object  goal_status=not_applicable
[step=  55 00:30:17.685][DejaVu] {'status': 'ok', 'unanticipated': True}
[step=  56 00:30:18.800][Manager] ep=1 subtask=PLACE_OBJECT reward=-0.0901
[step=  56 00:30:18.800][Perception]
  RAW PERCEPTION                                  MONITORED PARAMS
  ----------------------------------------------  --------------------------------------
  fingers_width         = 0.0000 m                gripper_width_cm      = 0 cm
  dist_ee_to_cube       = 0.1031 m                distance_ee_object_cm = 7 cm
  dist_cube_to_target   = 0.0901 m  (3D)          distance_obj_goal_cm  = 9 cm  (XY)
  cube_position (z)     = 0.0200 m                object_lift_height_cm = 0 cm
  cube_position (xy)    = [0.228, 0.045]          grasp_completed       = 1
  finger_contacts (raw) = 0                       finger_contacts       = 0
  x                                               grasp_attempts        = 1
  x                                               task_started          = 1
  x                                               object_available      = 1
  x                                               task_aborted          = 0
  episode                = 1                      x
  step                   = 56                     x
  ee_position            = [0.1513, 0.0002, 0.0721]  x
  ee_velocity            = [-0.0019, -0.0000, -0.0474]  x
  target_position        = [0.1500, 0.0000, 0.0200]  x
  reward                 = -0.0901                x
  is_success             = False                  x
  obstacle_in_path       = False                  x
  obstacle_count_in_path = 0                      x
  obstacles              = {}                     x
  objects                = {'object_1': {'type': 'box', 'size': [0.04, 0.04, 0.04], 'mass': 1.0, 'color': [0.1, 0.2, 0.9, 1.0], 'initial_position': [-0.25, 0.0, 0.02], 'lateral_friction': 0.155, 'spinning_friction': 0.001, 'current_position': [0.2279804295591678, 0.045210853991378225, 0.019989995073766417]}}  x
  scripts                = {'script_1': True, 'reach_only': True, 'left_right': True}  x
  target_goal            = {'type': 'goal_sequence', 'targets': [{'name': 'target', 'position': [0.15000000596046448, 0.0, 0.019999999552965164]}], 'mode': 'goal_sequence'}  x
  scene                  = {'table': {'length': 1.1, 'width': 0.7, 'height': 0.4, 'x_offset': -0.3, 'lateral_friction': 3.0, 'spinning_friction': 0.001}}  x
  robot_config           = {'control_type': 'ee', 'block_gripper': False, 'base_position': [-0.6, 0.0, 0.05]}  x
  current_task           = OBJECT_DELIVERY_SEQUENCE  x
  current_subtask        = PLACE_OBJECT           x
  active_target_name     = target                 x
  action                 = [0.0000, 0.0000, -0.1500, -1.0000]  x
  joint_angles           = [0.0005, 0.9582, -0.0004, -1.2526, 0.0004, 2.2108, 0.7854]  x
  joint_velocities       = [-0.0000, 0.0756, -0.0001, 0.0067, 0.0002, 0.0722, -0.0001]  x
  cube_rotation          = [0.0000, 1.5708, -4.0782]  x
  cube_linear_velocity   = [0.0000, -0.0000, 0.0000]  x
  obstacle_positions     = {}                     x
[step=  56 00:30:18.803][Analyzer] ASM node=place_object  goal_status=not_applicable
[step=  56 00:30:18.805][DejaVu] {'status': 'ok', 'unanticipated': True}
[step=  57 00:30:19.948][Manager] ep=1 subtask=PLACE_OBJECT reward=-0.0901
[step=  57 00:30:19.949][Perception]
  RAW PERCEPTION                                  MONITORED PARAMS
  ----------------------------------------------  --------------------------------------
  fingers_width         = 0.0000 m                gripper_width_cm      = 0 cm
  dist_ee_to_cube       = 0.1003 m                distance_ee_object_cm = 7 cm
  dist_cube_to_target   = 0.0901 m  (3D)          distance_obj_goal_cm  = 9 cm  (XY)
  cube_position (z)     = 0.0200 m                object_lift_height_cm = 0 cm
  cube_position (xy)    = [0.228, 0.045]          grasp_completed       = 1
  finger_contacts (raw) = 0                       finger_contacts       = 0
  x                                               grasp_attempts        = 1
  x                                               task_started          = 1
  x                                               object_available      = 1
  x                                               task_aborted          = 0
  episode                = 1                      x
  step                   = 57                     x
  ee_position            = [0.1509, 0.0002, 0.0656]  x
  ee_velocity            = [-0.0023, -0.0000, -0.0478]  x
  target_position        = [0.1500, 0.0000, 0.0200]  x
  reward                 = -0.0901                x
  is_success             = False                  x
  obstacle_in_path       = False                  x
  obstacle_count_in_path = 0                      x
  obstacles              = {}                     x
  objects                = {'object_1': {'type': 'box', 'size': [0.04, 0.04, 0.04], 'mass': 1.0, 'color': [0.1, 0.2, 0.9, 1.0], 'initial_position': [-0.25, 0.0, 0.02], 'lateral_friction': 0.155, 'spinning_friction': 0.001, 'current_position': [0.2279804319272321, 0.045210850771787346, 0.01998999907045259]}}  x
  scripts                = {'script_1': True, 'reach_only': True, 'left_right': True}  x
  target_goal            = {'type': 'goal_sequence', 'targets': [{'name': 'target', 'position': [0.15000000596046448, 0.0, 0.019999999552965164]}], 'mode': 'goal_sequence'}  x
  scene                  = {'table': {'length': 1.1, 'width': 0.7, 'height': 0.4, 'x_offset': -0.3, 'lateral_friction': 3.0, 'spinning_friction': 0.001}}  x
  robot_config           = {'control_type': 'ee', 'block_gripper': False, 'base_position': [-0.6, 0.0, 0.05]}  x
  current_task           = OBJECT_DELIVERY_SEQUENCE  x
  current_subtask        = PLACE_OBJECT           x
  active_target_name     = target                 x
  action                 = [0.0000, 0.0000, -0.1500, -1.0000]  x
  joint_angles           = [0.0005, 0.9686, -0.0004, -1.2514, 0.0004, 2.2201, 0.7854]  x
  joint_velocities       = [-0.0000, 0.0769, -0.0000, 0.0081, 0.0002, 0.0716, -0.0001]  x
  cube_rotation          = [0.0000, 1.5708, -4.0782]  x
  cube_linear_velocity   = [0.0000, -0.0000, 0.0000]  x
  obstacle_positions     = {}                     x
[step=  57 00:30:19.952][Analyzer] ASM node=place_object  goal_status=not_applicable
[step=  57 00:30:19.955][DejaVu] {'status': 'ok', 'unanticipated': True}
[step=  58 00:30:21.094][Manager] ep=1 subtask=PLACE_OBJECT reward=-0.0901
[step=  58 00:30:21.095][Perception]
  RAW PERCEPTION                                  MONITORED PARAMS
  ----------------------------------------------  --------------------------------------
  fingers_width         = 0.0000 m                gripper_width_cm      = 0 cm
  dist_ee_to_cube       = 0.0978 m                distance_ee_object_cm = 7 cm
  dist_cube_to_target   = 0.0901 m  (3D)          distance_obj_goal_cm  = 9 cm  (XY)
  cube_position (z)     = 0.0200 m                object_lift_height_cm = 0 cm
  cube_position (xy)    = [0.228, 0.045]          grasp_completed       = 1
  finger_contacts (raw) = 0                       finger_contacts       = 0
  x                                               grasp_attempts        = 1
  x                                               task_started          = 1
  x                                               object_available      = 1
  x                                               task_aborted          = 0
  episode                = 1                      x
  step                   = 58                     x
  ee_position            = [0.1505, 0.0002, 0.0591]  x
  ee_velocity            = [-0.0024, -0.0000, -0.0471]  x
  target_position        = [0.1500, 0.0000, 0.0200]  x
  reward                 = -0.0901                x
  is_success             = False                  x
  obstacle_in_path       = False                  x
  obstacle_count_in_path = 0                      x
  obstacles              = {}                     x
  objects                = {'object_1': {'type': 'box', 'size': [0.04, 0.04, 0.04], 'mass': 1.0, 'color': [0.1, 0.2, 0.9, 1.0], 'initial_position': [-0.25, 0.0, 0.02], 'lateral_friction': 0.155, 'spinning_friction': 0.001, 'current_position': [0.2279804323740701, 0.045210850164271954, 0.019989999824600486]}}  x
  scripts                = {'script_1': True, 'reach_only': True, 'left_right': True}  x
  target_goal            = {'type': 'goal_sequence', 'targets': [{'name': 'target', 'position': [0.15000000596046448, 0.0, 0.019999999552965164]}], 'mode': 'goal_sequence'}  x
  scene                  = {'table': {'length': 1.1, 'width': 0.7, 'height': 0.4, 'x_offset': -0.3, 'lateral_friction': 3.0, 'spinning_friction': 0.001}}  x
  robot_config           = {'control_type': 'ee', 'block_gripper': False, 'base_position': [-0.6, 0.0, 0.05]}  x
  current_task           = OBJECT_DELIVERY_SEQUENCE  x
  current_subtask        = PLACE_OBJECT           x
  active_target_name     = target                 x
  action                 = [0.0000, 0.0000, -0.1500, -1.0000]  x
  joint_angles           = [0.0005, 0.9792, -0.0004, -1.2501, 0.0004, 2.2293, 0.7854]  x
  joint_velocities       = [-0.0000, 0.0767, -0.0000, 0.0095, 0.0002, 0.0708, -0.0001]  x
  cube_rotation          = [0.0000, 1.5708, -4.0782]  x
  cube_linear_velocity   = [0.0000, -0.0000, 0.0000]  x
  obstacle_positions     = {}                     x
[step=  58 00:30:21.098][Analyzer] ASM node=place_object  goal_status=not_applicable
[step=  58 00:30:21.100][DejaVu] {'status': 'ok', 'unanticipated': True}
[step=  59 00:30:22.239][Manager] ep=1 subtask=PLACE_OBJECT reward=-0.0901
[step=  59 00:30:22.240][Perception]
  RAW PERCEPTION                                  MONITORED PARAMS
  ----------------------------------------------  --------------------------------------
  fingers_width         = 0.0000 m                gripper_width_cm      = 0 cm
  dist_ee_to_cube       = 0.0957 m                distance_ee_object_cm = 7 cm
  dist_cube_to_target   = 0.0901 m  (3D)          distance_obj_goal_cm  = 9 cm  (XY)
  cube_position (z)     = 0.0200 m                object_lift_height_cm = 0 cm
  cube_position (xy)    = [0.228, 0.045]          grasp_completed       = 1
  finger_contacts (raw) = 0                       finger_contacts       = 0
  x                                               grasp_attempts        = 1
  x                                               task_started          = 1
  x                                               object_available      = 1
  x                                               task_aborted          = 0
  episode                = 1                      x
  step                   = 59                     x
  ee_position            = [0.1501, 0.0002, 0.0526]  x
  ee_velocity            = [-0.0029, -0.0000, -0.0478]  x
  target_position        = [0.1500, 0.0000, 0.0200]  x
  reward                 = -0.0901                x
  is_success             = False                  x
  obstacle_in_path       = False                  x
  obstacle_count_in_path = 0                      x
  obstacles              = {}                     x
  objects                = {'object_1': {'type': 'box', 'size': [0.04, 0.04, 0.04], 'mass': 1.0, 'color': [0.1, 0.2, 0.9, 1.0], 'initial_position': [-0.25, 0.0, 0.02], 'lateral_friction': 0.155, 'spinning_friction': 0.001, 'current_position': [0.22798043245838528, 0.045210850049637784, 0.01998999996690309]}}  x
  scripts                = {'script_1': True, 'reach_only': True, 'left_right': True}  x
  target_goal            = {'type': 'goal_sequence', 'targets': [{'name': 'target', 'position': [0.15000000596046448, 0.0, 0.019999999552965164]}], 'mode': 'goal_sequence'}  x
  scene                  = {'table': {'length': 1.1, 'width': 0.7, 'height': 0.4, 'x_offset': -0.3, 'lateral_friction': 3.0, 'spinning_friction': 0.001}}  x
  robot_config           = {'control_type': 'ee', 'block_gripper': False, 'base_position': [-0.6, 0.0, 0.05]}  x
  current_task           = OBJECT_DELIVERY_SEQUENCE  x
  current_subtask        = PLACE_OBJECT           x
  active_target_name     = target                 x
  action                 = [0.0000, 0.0000, -0.1500, -1.0000]  x
  joint_angles           = [0.0005, 0.9898, -0.0004, -1.2486, 0.0004, 2.2384, 0.7854]  x
  joint_velocities       = [-0.0000, 0.0784, -0.0000, 0.0108, 0.0002, 0.0702, -0.0001]  x
  cube_rotation          = [0.0000, 1.5708, -4.0782]  x
  cube_linear_velocity   = [0.0000, -0.0000, 0.0000]  x
  obstacle_positions     = {}                     x
[step=  59 00:30:22.243][Analyzer] ASM node=place_object  goal_status=not_applicable
[step=  59 00:30:22.246][DejaVu] {'status': 'ok', 'unanticipated': True}
[step=  60 00:30:23.374][Manager] ep=1 subtask=PLACE_OBJECT reward=-0.0901
[step=  60 00:30:23.374][Perception]
  RAW PERCEPTION                                  MONITORED PARAMS
  ----------------------------------------------  --------------------------------------
  fingers_width         = 0.0000 m                gripper_width_cm      = 0 cm
  dist_ee_to_cube       = 0.0941 m                distance_ee_object_cm = 6 cm
  dist_cube_to_target   = 0.0901 m  (3D)          distance_obj_goal_cm  = 9 cm  (XY)
  cube_position (z)     = 0.0200 m                object_lift_height_cm = 0 cm
  cube_position (xy)    = [0.228, 0.045]          grasp_completed       = 1
  finger_contacts (raw) = 0                       finger_contacts       = 0
  x                                               grasp_attempts        = 1
  x                                               task_started          = 1
  x                                               object_available      = 1
  x                                               task_aborted          = 0
  episode                = 1                      x
  step                   = 60                     x
  ee_position            = [0.1496, 0.0002, 0.0461]  x
  ee_velocity            = [-0.0028, -0.0000, -0.0467]  x
  target_position        = [0.1500, 0.0000, 0.0200]  x
  reward                 = -0.0901                x
  is_success             = False                  x
  obstacle_in_path       = False                  x
  obstacle_count_in_path = 0                      x
  obstacles              = {}                     x
  objects                = {'object_1': {'type': 'box', 'size': [0.04, 0.04, 0.04], 'mass': 1.0, 'color': [0.1, 0.2, 0.9, 1.0], 'initial_position': [-0.25, 0.0, 0.02], 'lateral_friction': 0.155, 'spinning_friction': 0.001, 'current_position': [0.22798043247429495, 0.045210850028007024, 0.019989999993754535]}}  x
  scripts                = {'script_1': True, 'reach_only': True, 'left_right': True}  x
  target_goal            = {'type': 'goal_sequence', 'targets': [{'name': 'target', 'position': [0.15000000596046448, 0.0, 0.019999999552965164]}], 'mode': 'goal_sequence'}  x
  scene                  = {'table': {'length': 1.1, 'width': 0.7, 'height': 0.4, 'x_offset': -0.3, 'lateral_friction': 3.0, 'spinning_friction': 0.001}}  x
  robot_config           = {'control_type': 'ee', 'block_gripper': False, 'base_position': [-0.6, 0.0, 0.05]}  x
  current_task           = OBJECT_DELIVERY_SEQUENCE  x
  current_subtask        = PLACE_OBJECT           x
  active_target_name     = target                 x
  action                 = [0.0000, 0.0000, -0.1500, -1.0000]  x
  joint_angles           = [0.0005, 1.0005, -0.0004, -1.2469, 0.0004, 2.2474, 0.7854]  x
  joint_velocities       = [-0.0000, 0.0777, -0.0000, 0.0122, 0.0002, 0.0693, -0.0001]  x
  cube_rotation          = [0.0000, 1.5708, -4.0782]  x
  cube_linear_velocity   = [0.0000, -0.0000, 0.0000]  x
  obstacle_positions     = {}                     x
[step=  60 00:30:23.377][Analyzer] ASM node=place_object  goal_status=not_applicable
[step=  60 00:30:23.378][DejaVu] {'status': 'ok', 'unanticipated': True}
[step=  61 00:30:24.533][Manager] ep=1 subtask=PLACE_OBJECT reward=-0.0901
[step=  61 00:30:24.533][Perception]
  RAW PERCEPTION                                  MONITORED PARAMS
  ----------------------------------------------  --------------------------------------
  fingers_width         = 0.0000 m                gripper_width_cm      = 0 cm
  dist_ee_to_cube       = 0.0931 m                distance_ee_object_cm = 6 cm
  dist_cube_to_target   = 0.0901 m  (3D)          distance_obj_goal_cm  = 9 cm  (XY)
  cube_position (z)     = 0.0200 m                object_lift_height_cm = 0 cm
  cube_position (xy)    = [0.228, 0.045]          grasp_completed       = 1
  finger_contacts (raw) = 0                       finger_contacts       = 0
  x                                               grasp_attempts        = 1
  x                                               task_started          = 1
  x                                               object_available      = 1
  x                                               task_aborted          = 0
  episode                = 1                      x
  step                   = 61                     x
  ee_position            = [0.1492, 0.0001, 0.0406]  x
  ee_velocity            = [-0.0048, -0.0000, -0.0461]  x
  target_position        = [0.1500, 0.0000, 0.0200]  x
  reward                 = -0.0901                x
  is_success             = False                  x
  obstacle_in_path       = False                  x
  obstacle_count_in_path = 0                      x
  obstacles              = {}                     x
  objects                = {'object_1': {'type': 'box', 'size': [0.04, 0.04, 0.04], 'mass': 1.0, 'color': [0.1, 0.2, 0.9, 1.0], 'initial_position': [-0.25, 0.0, 0.02], 'lateral_friction': 0.155, 'spinning_friction': 0.001, 'current_position': [0.22798043247729713, 0.04521085002392557, 0.019989999998821385]}}  x
  scripts                = {'script_1': True, 'reach_only': True, 'left_right': True}  x
  target_goal            = {'type': 'goal_sequence', 'targets': [{'name': 'target', 'position': [0.15000000596046448, 0.0, 0.019999999552965164]}], 'mode': 'goal_sequence'}  x
  scene                  = {'table': {'length': 1.1, 'width': 0.7, 'height': 0.4, 'x_offset': -0.3, 'lateral_friction': 3.0, 'spinning_friction': 0.001}}  x
  robot_config           = {'control_type': 'ee', 'block_gripper': False, 'base_position': [-0.6, 0.0, 0.05]}  x
  current_task           = OBJECT_DELIVERY_SEQUENCE  x
  current_subtask        = PLACE_OBJECT           x
  active_target_name     = target                 x
  action                 = [0.0000, 0.0000, -0.1307, -1.0000]  x
  joint_angles           = [0.0005, 1.0097, -0.0004, -1.2454, 0.0004, 2.2552, 0.7854]  x
  joint_velocities       = [-0.0000, 0.0756, -0.0000, 0.0119, 0.0001, 0.0599, -0.0001]  x
  cube_rotation          = [0.0000, 1.5708, -4.0782]  x
  cube_linear_velocity   = [0.0000, -0.0000, 0.0000]  x
  obstacle_positions     = {}                     x
[step=  61 00:30:24.536][Analyzer] ASM node=place_object  goal_status=not_applicable
[step=  61 00:30:24.538][DejaVu] {'status': 'ok', 'unanticipated': True}
[step=  62 00:30:25.668][Manager] ep=1 subtask=PLACE_OBJECT reward=-0.0901
[step=  62 00:30:25.668][Perception]
  RAW PERCEPTION                                  MONITORED PARAMS
  ----------------------------------------------  --------------------------------------
  fingers_width         = 0.0000 m                gripper_width_cm      = 0 cm
  dist_ee_to_cube       = 0.0925 m                distance_ee_object_cm = 6 cm
  dist_cube_to_target   = 0.0901 m  (3D)          distance_obj_goal_cm  = 9 cm  (XY)
  cube_position (z)     = 0.0200 m                object_lift_height_cm = 0 cm
  cube_position (xy)    = [0.228, 0.045]          grasp_completed       = 1
  finger_contacts (raw) = 0                       finger_contacts       = 0
  x                                               grasp_attempts        = 1
  x                                               task_started          = 1
  x                                               object_available      = 1
  x                                               task_aborted          = 0
  episode                = 1                      x
  step                   = 62                     x
  ee_position            = [0.1488, 0.0001, 0.0363]  x
  ee_velocity            = [-0.0043, -0.0000, -0.0370]  x
  target_position        = [0.1500, 0.0000, 0.0200]  x
  reward                 = -0.0901                x
  is_success             = False                  x
  obstacle_in_path       = False                  x
  obstacle_count_in_path = 0                      x
  obstacles              = {}                     x
  objects                = {'object_1': {'type': 'box', 'size': [0.04, 0.04, 0.04], 'mass': 1.0, 'color': [0.1, 0.2, 0.9, 1.0], 'initial_position': [-0.25, 0.0, 0.02], 'lateral_friction': 0.155, 'spinning_friction': 0.001, 'current_position': [0.2279804324778638, 0.045210850023155474, 0.019989999999777543]}}  x
  scripts                = {'script_1': True, 'reach_only': True, 'left_right': True}  x
  target_goal            = {'type': 'goal_sequence', 'targets': [{'name': 'target', 'position': [0.15000000596046448, 0.0, 0.019999999552965164]}], 'mode': 'goal_sequence'}  x
  scene                  = {'table': {'length': 1.1, 'width': 0.7, 'height': 0.4, 'x_offset': -0.3, 'lateral_friction': 3.0, 'spinning_friction': 0.001}}  x
  robot_config           = {'control_type': 'ee', 'block_gripper': False, 'base_position': [-0.6, 0.0, 0.05]}  x
  current_task           = OBJECT_DELIVERY_SEQUENCE  x
  current_subtask        = PLACE_OBJECT           x
  active_target_name     = target                 x
  action                 = [0.0000, 0.0000, -0.1030, -1.0000]  x
  joint_angles           = [0.0005, 1.0170, -0.0004, -1.2440, 0.0004, 2.2611, 0.7854]  x
  joint_velocities       = [-0.0000, 0.0609, 0.0000, 0.0106, 0.0001, 0.0454, -0.0001]  x
  cube_rotation          = [0.0000, 1.5708, -4.0782]  x
  cube_linear_velocity   = [0.0000, -0.0000, 0.0000]  x
  obstacle_positions     = {}                     x
[step=  62 00:30:25.671][Analyzer] ASM node=place_object  goal_status=not_applicable
[step=  62 00:30:25.673][DejaVu] {'status': 'ok', 'unanticipated': True}
[step=  63 00:30:26.840][Manager] ep=1 subtask=PLACE_OBJECT reward=-0.0901
[step=  63 00:30:26.840][Perception]
  RAW PERCEPTION                                  MONITORED PARAMS
  ----------------------------------------------  --------------------------------------
  fingers_width         = 0.0000 m                gripper_width_cm      = 0 cm
  dist_ee_to_cube       = 0.0922 m                distance_ee_object_cm = 6 cm
  dist_cube_to_target   = 0.0901 m  (3D)          distance_obj_goal_cm  = 9 cm  (XY)
  cube_position (z)     = 0.0200 m                object_lift_height_cm = 0 cm
  cube_position (xy)    = [0.228, 0.045]          grasp_completed       = 1
  finger_contacts (raw) = 0                       finger_contacts       = 0
  x                                               grasp_attempts        = 1
  x                                               task_started          = 1
  x                                               object_available      = 1
  x                                               task_aborted          = 0
  episode                = 1                      x
  step                   = 63                     x
  ee_position            = [0.1485, 0.0001, 0.0328]  x
  ee_velocity            = [-0.0032, -0.0000, -0.0285]  x
  target_position        = [0.1500, 0.0000, 0.0200]  x
  reward                 = -0.0901                x
  is_success             = False                  x
  obstacle_in_path       = False                  x
  obstacle_count_in_path = 0                      x
  obstacles              = {}                     x
  objects                = {'object_1': {'type': 'box', 'size': [0.04, 0.04, 0.04], 'mass': 1.0, 'color': [0.1, 0.2, 0.9, 1.0], 'initial_position': [-0.25, 0.0, 0.02], 'lateral_friction': 0.155, 'spinning_friction': 0.001, 'current_position': [0.22798043247797073, 0.04521085002301018, 0.019989999999957972]}}  x
  scripts                = {'script_1': True, 'reach_only': True, 'left_right': True}  x
  target_goal            = {'type': 'goal_sequence', 'targets': [{'name': 'target', 'position': [0.15000000596046448, 0.0, 0.019999999552965164]}], 'mode': 'goal_sequence'}  x
  scene                  = {'table': {'length': 1.1, 'width': 0.7, 'height': 0.4, 'x_offset': -0.3, 'lateral_friction': 3.0, 'spinning_friction': 0.001}}  x
  robot_config           = {'control_type': 'ee', 'block_gripper': False, 'base_position': [-0.6, 0.0, 0.05]}  x
  current_task           = OBJECT_DELIVERY_SEQUENCE  x
  current_subtask        = PLACE_OBJECT           x
  active_target_name     = target                 x
  action                 = [0.0000, 0.0000, -0.0813, -1.0000]  x
  joint_angles           = [0.0005, 1.0228, -0.0004, -1.2428, 0.0005, 2.2657, 0.7854]  x
  joint_velocities       = [-0.0000, 0.0474, 0.0000, 0.0090, 0.0000, 0.0353, -0.0001]  x
  cube_rotation          = [0.0000, 1.5708, -4.0782]  x
  cube_linear_velocity   = [0.0000, -0.0000, 0.0000]  x
  obstacle_positions     = {}                     x
[step=  63 00:30:26.843][Analyzer] ASM node=place_object  goal_status=not_applicable
[step=  63 00:30:26.845][DejaVu] {'status': 'ok', 'unanticipated': True}
[step=  64 00:30:27.987][Manager] ep=1 subtask=PLACE_OBJECT reward=-0.0901
[step=  64 00:30:27.987][Perception]
  RAW PERCEPTION                                  MONITORED PARAMS
  ----------------------------------------------  --------------------------------------
  fingers_width         = 0.0000 m                gripper_width_cm      = 0 cm
  dist_ee_to_cube       = 0.0921 m                distance_ee_object_cm = 6 cm
  dist_cube_to_target   = 0.0901 m  (3D)          distance_obj_goal_cm  = 9 cm  (XY)
  cube_position (z)     = 0.0200 m                object_lift_height_cm = 0 cm
  cube_position (xy)    = [0.228, 0.045]          grasp_completed       = 1
  finger_contacts (raw) = 0                       finger_contacts       = 0
  x                                               grasp_attempts        = 1
  x                                               task_started          = 1
  x                                               object_available      = 1
  x                                               task_aborted          = 0
  episode                = 1                      x
  step                   = 64                     x
  ee_position            = [0.1483, 0.0001, 0.0301]  x
  ee_velocity            = [-0.0024, -0.0000, -0.0220]  x
  target_position        = [0.1500, 0.0000, 0.0200]  x
  reward                 = -0.0901                x
  is_success             = False                  x
  obstacle_in_path       = False                  x
  obstacle_count_in_path = 0                      x
  obstacles              = {}                     x
  objects                = {'object_1': {'type': 'box', 'size': [0.04, 0.04, 0.04], 'mass': 1.0, 'color': [0.1, 0.2, 0.9, 1.0], 'initial_position': [-0.25, 0.0, 0.02], 'lateral_friction': 0.155, 'spinning_friction': 0.001, 'current_position': [0.227980432477991, 0.04521085002298277, 0.019989999999992018]}}  x
  scripts                = {'script_1': True, 'reach_only': True, 'left_right': True}  x
  target_goal            = {'type': 'goal_sequence', 'targets': [{'name': 'target', 'position': [0.15000000596046448, 0.0, 0.019999999552965164]}], 'mode': 'goal_sequence'}  x
  scene                  = {'table': {'length': 1.1, 'width': 0.7, 'height': 0.4, 'x_offset': -0.3, 'lateral_friction': 3.0, 'spinning_friction': 0.001}}  x
  robot_config           = {'control_type': 'ee', 'block_gripper': False, 'base_position': [-0.6, 0.0, 0.05]}  x
  current_task           = OBJECT_DELIVERY_SEQUENCE  x
  current_subtask        = PLACE_OBJECT           x
  active_target_name     = target                 x
  action                 = [0.0000, 0.0000, -0.0640, -1.0000]  x
  joint_angles           = [0.0005, 1.0274, -0.0004, -1.2419, 0.0005, 2.2693, 0.7854]  x
  joint_velocities       = [-0.0000, 0.0368, -0.0000, 0.0073, 0.0000, 0.0278, -0.0001]  x
  cube_rotation          = [0.0000, 1.5708, -4.0782]  x
  cube_linear_velocity   = [0.0000, -0.0000, 0.0000]  x
  obstacle_positions     = {}                     x
[step=  64 00:30:27.990][Analyzer] ASM node=place_object  goal_status=not_applicable
[step=  64 00:30:27.993][DejaVu] {'status': 'ok', 'unanticipated': True}
[step=  65 00:30:29.108][Manager] ep=1 subtask=PLACE_OBJECT reward=-0.0901
[step=  65 00:30:29.108][Perception]
  RAW PERCEPTION                                  MONITORED PARAMS
  ----------------------------------------------  --------------------------------------
  fingers_width         = 0.0000 m                gripper_width_cm      = 0 cm
  dist_ee_to_cube       = 0.0921 m                distance_ee_object_cm = 6 cm
  dist_cube_to_target   = 0.0901 m  (3D)          distance_obj_goal_cm  = 9 cm  (XY)
  cube_position (z)     = 0.0200 m                object_lift_height_cm = 0 cm
  cube_position (xy)    = [0.228, 0.045]          grasp_completed       = 1
  finger_contacts (raw) = 0                       finger_contacts       = 0
  x                                               grasp_attempts        = 1
  x                                               task_started          = 1
  x                                               object_available      = 1
  x                                               task_aborted          = 0
  episode                = 1                      x
  step                   = 65                     x
  ee_position            = [0.1481, 0.0001, 0.0279]  x
  ee_velocity            = [-0.0018, -0.0000, -0.0171]  x
  target_position        = [0.1500, 0.0000, 0.0200]  x
  reward                 = -0.0901                x
  is_success             = False                  x
  obstacle_in_path       = False                  x
  obstacle_count_in_path = 0                      x
  obstacles              = {}                     x
  objects                = {'object_1': {'type': 'box', 'size': [0.04, 0.04, 0.04], 'mass': 1.0, 'color': [0.1, 0.2, 0.9, 1.0], 'initial_position': [-0.25, 0.0, 0.02], 'lateral_friction': 0.155, 'spinning_friction': 0.001, 'current_position': [0.22798043247799485, 0.045210850022977596, 0.01998999999999844]}}  x
  scripts                = {'script_1': True, 'reach_only': True, 'left_right': True}  x
  target_goal            = {'type': 'goal_sequence', 'targets': [{'name': 'target', 'position': [0.15000000596046448, 0.0, 0.019999999552965164]}], 'mode': 'goal_sequence'}  x
  scene                  = {'table': {'length': 1.1, 'width': 0.7, 'height': 0.4, 'x_offset': -0.3, 'lateral_friction': 3.0, 'spinning_friction': 0.001}}  x
  robot_config           = {'control_type': 'ee', 'block_gripper': False, 'base_position': [-0.6, 0.0, 0.05]}  x
  current_task           = OBJECT_DELIVERY_SEQUENCE  x
  current_subtask        = PLACE_OBJECT           x
  active_target_name     = target                 x
  action                 = [0.0000, 0.0000, -0.0504, -1.0000]  x
  joint_angles           = [0.0005, 1.0310, -0.0004, -1.2411, 0.0005, 2.2722, 0.7854]  x
  joint_velocities       = [-0.0000, 0.0288, -0.0000, 0.0058, 0.0000, 0.0219, -0.0001]  x
  cube_rotation          = [0.0000, 1.5708, -4.0782]  x
  cube_linear_velocity   = [0.0000, -0.0000, 0.0000]  x
  obstacle_positions     = {}                     x
[step=  65 00:30:29.111][Analyzer] ASM node=place_object  goal_status=not_applicable
[step=  65 00:30:29.113][DejaVu] {'status': 'ok', 'unanticipated': True}
[step=  66 00:30:30.256][Manager] ep=1 subtask=PLACE_OBJECT reward=-0.0901
[step=  66 00:30:30.256][Perception]
  RAW PERCEPTION                                  MONITORED PARAMS
  ----------------------------------------------  --------------------------------------
  fingers_width         = 0.0000 m                gripper_width_cm      = 0 cm
  dist_ee_to_cube       = 0.0921 m                distance_ee_object_cm = 6 cm
  dist_cube_to_target   = 0.0901 m  (3D)          distance_obj_goal_cm  = 9 cm  (XY)
  cube_position (z)     = 0.0200 m                object_lift_height_cm = 0 cm
  cube_position (xy)    = [0.228, 0.045]          grasp_completed       = 1
  finger_contacts (raw) = 0                       finger_contacts       = 0
  x                                               grasp_attempts        = 1
  x                                               task_started          = 1
  x                                               object_available      = 1
  x                                               task_aborted          = 0
  episode                = 1                      x
  step                   = 66                     x
  ee_position            = [0.1479, 0.0001, 0.0262]  x
  ee_velocity            = [-0.0014, -0.0000, -0.0132]  x
  target_position        = [0.1500, 0.0000, 0.0200]  x
  reward                 = -0.0901                x
  is_success             = False                  x
  obstacle_in_path       = False                  x
  obstacle_count_in_path = 0                      x
  obstacles              = {}                     x
  objects                = {'object_1': {'type': 'box', 'size': [0.04, 0.04, 0.04], 'mass': 1.0, 'color': [0.1, 0.2, 0.9, 1.0], 'initial_position': [-0.25, 0.0, 0.02], 'lateral_friction': 0.155, 'spinning_friction': 0.001, 'current_position': [0.22798043247799565, 0.04521085002297663, 0.019989999999999685]}}  x
  scripts                = {'script_1': True, 'reach_only': True, 'left_right': True}  x
  target_goal            = {'type': 'goal_sequence', 'targets': [{'name': 'target', 'position': [0.15000000596046448, 0.0, 0.019999999552965164]}], 'mode': 'goal_sequence'}  x
  scene                  = {'table': {'length': 1.1, 'width': 0.7, 'height': 0.4, 'x_offset': -0.3, 'lateral_friction': 3.0, 'spinning_friction': 0.001}}  x
  robot_config           = {'control_type': 'ee', 'block_gripper': False, 'base_position': [-0.6, 0.0, 0.05]}  x
  current_task           = OBJECT_DELIVERY_SEQUENCE  x
  current_subtask        = PLACE_OBJECT           x
  active_target_name     = target                 x
  action                 = [0.0000, 0.0000, -0.0397, -1.0000]  x
  joint_angles           = [0.0005, 1.0339, -0.0004, -1.2405, 0.0005, 2.2744, 0.7854]  x
  joint_velocities       = [-0.0000, 0.0224, -0.0000, 0.0046, 0.0000, 0.0173, -0.0000]  x
  cube_rotation          = [0.0000, 1.5708, -4.0782]  x
  cube_linear_velocity   = [0.0000, -0.0000, 0.0000]  x
  obstacle_positions     = {}                     x
[step=  66 00:30:30.259][Analyzer] ASM node=place_object  goal_status=not_applicable
[step=  66 00:30:30.261][DejaVu] {'status': 'ok', 'unanticipated': True}
[step=  67 00:30:31.427][Manager] ep=1 subtask=PLACE_OBJECT reward=-0.0901
[step=  67 00:30:31.428][Perception]
  RAW PERCEPTION                                  MONITORED PARAMS
  ----------------------------------------------  --------------------------------------
  fingers_width         = 0.0000 m                gripper_width_cm      = 0 cm
  dist_ee_to_cube       = 0.0921 m                distance_ee_object_cm = 6 cm
  dist_cube_to_target   = 0.0901 m  (3D)          distance_obj_goal_cm  = 9 cm  (XY)
  cube_position (z)     = 0.0200 m                object_lift_height_cm = 0 cm
  cube_position (xy)    = [0.228, 0.045]          grasp_completed       = 1
  finger_contacts (raw) = 0                       finger_contacts       = 0
  x                                               grasp_attempts        = 1
  x                                               task_started          = 1
  x                                               object_available      = 1
  x                                               task_aborted          = 0
  episode                = 1                      x
  step                   = 67                     x
  ee_position            = [0.1478, 0.0001, 0.0249]  x
  ee_velocity            = [-0.0010, -0.0000, -0.0102]  x
  target_position        = [0.1500, 0.0000, 0.0200]  x
  reward                 = -0.0901                x
  is_success             = False                  x
  obstacle_in_path       = False                  x
  obstacle_count_in_path = 0                      x
  obstacles              = {}                     x
  objects                = {'object_1': {'type': 'box', 'size': [0.04, 0.04, 0.04], 'mass': 1.0, 'color': [0.1, 0.2, 0.9, 1.0], 'initial_position': [-0.25, 0.0, 0.02], 'lateral_friction': 0.155, 'spinning_friction': 0.001, 'current_position': [0.22798043247799574, 0.04521085002297645, 0.01998999999999992]}}  x
  scripts                = {'script_1': True, 'reach_only': True, 'left_right': True}  x
  target_goal            = {'type': 'goal_sequence', 'targets': [{'name': 'target', 'position': [0.15000000596046448, 0.0, 0.019999999552965164]}], 'mode': 'goal_sequence'}  x
  scene                  = {'table': {'length': 1.1, 'width': 0.7, 'height': 0.4, 'x_offset': -0.3, 'lateral_friction': 3.0, 'spinning_friction': 0.001}}  x
  robot_config           = {'control_type': 'ee', 'block_gripper': False, 'base_position': [-0.6, 0.0, 0.05]}  x
  current_task           = OBJECT_DELIVERY_SEQUENCE  x
  current_subtask        = PLACE_OBJECT           x
  active_target_name     = target                 x
  action                 = [0.0000, 0.0000, -0.0312, -1.0000]  x
  joint_angles           = [0.0005, 1.0361, -0.0004, -1.2401, 0.0005, 2.2762, 0.7854]  x
  joint_velocities       = [-0.0000, 0.0174, -0.0000, 0.0037, 0.0000, 0.0137, -0.0000]  x
  cube_rotation          = [0.0000, 1.5708, -4.0782]  x
  cube_linear_velocity   = [0.0000, -0.0000, 0.0000]  x
  obstacle_positions     = {}                     x
[step=  67 00:30:31.431][Analyzer] ASM node=place_object  goal_status=not_applicable
[step=  67 00:30:31.433][DejaVu] {'status': 'ok', 'unanticipated': True}
[step=  68 00:30:32.548][Manager] ep=1 subtask=PLACE_OBJECT reward=-0.0901
[step=  68 00:30:32.549][Perception]
  RAW PERCEPTION                                  MONITORED PARAMS
  ----------------------------------------------  --------------------------------------
  fingers_width         = 0.0703 m                gripper_width_cm      = 7 cm
  dist_ee_to_cube       = 0.0921 m                distance_ee_object_cm = 6 cm
  dist_cube_to_target   = 0.0901 m  (3D)          distance_obj_goal_cm  = 9 cm  (XY)
  cube_position (z)     = 0.0200 m                object_lift_height_cm = 0 cm
  cube_position (xy)    = [0.228, 0.045]          grasp_completed       = 1
  finger_contacts (raw) = 0                       finger_contacts       = 0
  x                                               grasp_attempts        = 1
  x                                               task_started          = 1
  x                                               object_available      = 1
  x                                               task_aborted          = 0
  episode                = 1                      x
  step                   = 68                     x
  ee_position            = [0.1478, 0.0001, 0.0249]  x
  ee_velocity            = [-0.0001, -0.0000, -0.0000]  x
  target_position        = [0.1500, 0.0000, 0.0200]  x
  reward                 = -0.0901                x
  is_success             = False                  x
  obstacle_in_path       = False                  x
  obstacle_count_in_path = 0                      x
  obstacles              = {}                     x
  objects                = {'object_1': {'type': 'box', 'size': [0.04, 0.04, 0.04], 'mass': 1.0, 'color': [0.1, 0.2, 0.9, 1.0], 'initial_position': [-0.25, 0.0, 0.02], 'lateral_friction': 0.155, 'spinning_friction': 0.001, 'current_position': [0.22798043247799574, 0.045210850022976416, 0.019989999999999963]}}  x
  scripts                = {'script_1': True, 'reach_only': True, 'left_right': True}  x
  target_goal            = {'type': 'goal_sequence', 'targets': [{'name': 'target', 'position': [0.15000000596046448, 0.0, 0.019999999552965164]}], 'mode': 'goal_sequence'}  x
  scene                  = {'table': {'length': 1.1, 'width': 0.7, 'height': 0.4, 'x_offset': -0.3, 'lateral_friction': 3.0, 'spinning_friction': 0.001}}  x
  robot_config           = {'control_type': 'ee', 'block_gripper': False, 'base_position': [-0.6, 0.0, 0.05]}  x
  current_task           = OBJECT_DELIVERY_SEQUENCE  x
  current_subtask        = PLACE_OBJECT           x
  active_target_name     = target                 x
  action                 = [0.0000, 0.0000, 0.0000, 1.0000]  x
  joint_angles           = [0.0005, 1.0361, -0.0004, -1.2401, 0.0005, 2.2762, 0.7853]  x
  joint_velocities       = [0.0000, -0.0001, -0.0000, -0.0001, 0.0000, -0.0001, -0.0000]  x
  cube_rotation          = [0.0000, 1.5708, -4.0782]  x
  cube_linear_velocity   = [-0.0000, -0.0000, 0.0000]  x
  obstacle_positions     = {}                     x
[step=  68 00:30:32.552][Analyzer] ASM node=place_object  goal_status=not_applicable
[step=  68 00:30:32.555][DejaVu] {'status': 'ok', 'unanticipated': True}
[step=  69 00:30:33.721][Manager] ep=1 subtask=PLACE_OBJECT reward=-0.0901
[step=  69 00:30:33.721][Perception]
  RAW PERCEPTION                                  MONITORED PARAMS
  ----------------------------------------------  --------------------------------------
  fingers_width         = 0.0788 m                gripper_width_cm      = 7 cm
  dist_ee_to_cube       = 0.0921 m                distance_ee_object_cm = 6 cm
  dist_cube_to_target   = 0.0901 m  (3D)          distance_obj_goal_cm  = 9 cm  (XY)
  cube_position (z)     = 0.0200 m                object_lift_height_cm = 0 cm
  cube_position (xy)    = [0.228, 0.045]          grasp_completed       = 0
  finger_contacts (raw) = 0                       finger_contacts       = 0
  x                                               grasp_attempts        = 1
  x                                               task_started          = 1
  x                                               object_available      = 1
  x                                               task_aborted          = 0
  episode                = 1                      x
  step                   = 69                     x
  ee_position            = [0.1478, 0.0001, 0.0249]  x
  ee_velocity            = [-0.0000, -0.0000, -0.0000]  x
  target_position        = [0.1500, 0.0000, 0.0200]  x
  reward                 = -0.0901                x
  is_success             = False                  x
  obstacle_in_path       = False                  x
  obstacle_count_in_path = 0                      x
  obstacles              = {}                     x
  objects                = {'object_1': {'type': 'box', 'size': [0.04, 0.04, 0.04], 'mass': 1.0, 'color': [0.1, 0.2, 0.9, 1.0], 'initial_position': [-0.25, 0.0, 0.02], 'lateral_friction': 0.155, 'spinning_friction': 0.001, 'current_position': [0.22798043247799574, 0.045210850022976416, 0.01998999999999997]}}  x
  scripts                = {'script_1': True, 'reach_only': True, 'left_right': True}  x
  target_goal            = {'type': 'goal_sequence', 'targets': [{'name': 'target', 'position': [0.15000000596046448, 0.0, 0.019999999552965164]}], 'mode': 'goal_sequence'}  x
  scene                  = {'table': {'length': 1.1, 'width': 0.7, 'height': 0.4, 'x_offset': -0.3, 'lateral_friction': 3.0, 'spinning_friction': 0.001}}  x
  robot_config           = {'control_type': 'ee', 'block_gripper': False, 'base_position': [-0.6, 0.0, 0.05]}  x
  current_task           = OBJECT_DELIVERY_SEQUENCE  x
  current_subtask        = PLACE_OBJECT           x
  active_target_name     = target                 x
  action                 = [0.0000, 0.0000, 0.0000, 1.0000]  x
  joint_angles           = [0.0005, 1.0361, -0.0004, -1.2401, 0.0005, 2.2762, 0.7853]  x
  joint_velocities       = [0.0000, -0.0000, -0.0000, -0.0001, 0.0000, 0.0000, -0.0000]  x
  cube_rotation          = [0.0000, 1.5708, -4.0782]  x
  cube_linear_velocity   = [0.0000, 0.0000, -0.0000]  x
  obstacle_positions     = {}                     x
[step=  69 00:30:33.724][Analyzer] ASM node=place_object  goal_status=not_applicable
[step=  69 00:30:33.726][DejaVu] {'status': 'ok', 'unanticipated': True}
[step=  70 00:30:34.842][Manager] ep=1 subtask=PLACE_OBJECT reward=-0.0901
[step=  70 00:30:34.842][Perception]
  RAW PERCEPTION                                  MONITORED PARAMS
  ----------------------------------------------  --------------------------------------
  fingers_width         = 0.0799 m                gripper_width_cm      = 7 cm
  dist_ee_to_cube       = 0.0921 m                distance_ee_object_cm = 6 cm
  dist_cube_to_target   = 0.0901 m  (3D)          distance_obj_goal_cm  = 9 cm  (XY)
  cube_position (z)     = 0.0200 m                object_lift_height_cm = 0 cm
  cube_position (xy)    = [0.228, 0.045]          grasp_completed       = 0
  finger_contacts (raw) = 0                       finger_contacts       = 0
  x                                               grasp_attempts        = 1
  x                                               task_started          = 1
  x                                               object_available      = 1
  x                                               task_aborted          = 0
  episode                = 1                      x
  step                   = 70                     x
  ee_position            = [0.1478, 0.0001, 0.0249]  x
  ee_velocity            = [-0.0000, -0.0000, -0.0000]  x
  target_position        = [0.1500, 0.0000, 0.0200]  x
  reward                 = -0.0901                x
  is_success             = False                  x
  obstacle_in_path       = False                  x
  obstacle_count_in_path = 0                      x
  obstacles              = {}                     x
  objects                = {'object_1': {'type': 'box', 'size': [0.04, 0.04, 0.04], 'mass': 1.0, 'color': [0.1, 0.2, 0.9, 1.0], 'initial_position': [-0.25, 0.0, 0.02], 'lateral_friction': 0.155, 'spinning_friction': 0.001, 'current_position': [0.22798043247799574, 0.045210850022976416, 0.01998999999999997]}}  x
  scripts                = {'script_1': True, 'reach_only': True, 'left_right': True}  x
  target_goal            = {'type': 'goal_sequence', 'targets': [{'name': 'target', 'position': [0.15000000596046448, 0.0, 0.019999999552965164]}], 'mode': 'goal_sequence'}  x
  scene                  = {'table': {'length': 1.1, 'width': 0.7, 'height': 0.4, 'x_offset': -0.3, 'lateral_friction': 3.0, 'spinning_friction': 0.001}}  x
  robot_config           = {'control_type': 'ee', 'block_gripper': False, 'base_position': [-0.6, 0.0, 0.05]}  x
  current_task           = OBJECT_DELIVERY_SEQUENCE  x
  current_subtask        = PLACE_OBJECT           x
  active_target_name     = target                 x
  action                 = [0.0000, 0.0000, 0.0000, 1.0000]  x
  joint_angles           = [0.0005, 1.0361, -0.0004, -1.2401, 0.0005, 2.2762, 0.7853]  x
  joint_velocities       = [0.0000, -0.0000, -0.0000, -0.0001, 0.0000, 0.0000, -0.0000]  x
  cube_rotation          = [0.0000, 1.5708, -4.0782]  x
  cube_linear_velocity   = [0.0000, 0.0000, -0.0000]  x
  obstacle_positions     = {}                     x
[step=  70 00:30:34.845][Analyzer] ASM node=place_object  goal_status=not_applicable
[step=  70 00:30:34.847][DejaVu] {'status': 'ok', 'unanticipated': True}
[step=  71 00:30:35.989][Manager] ep=1 subtask=PLACE_OBJECT reward=-0.0901
[step=  71 00:30:35.989][Perception]
  RAW PERCEPTION                                  MONITORED PARAMS
  ----------------------------------------------  --------------------------------------
  fingers_width         = 0.0800 m                gripper_width_cm      = 7 cm
  dist_ee_to_cube       = 0.0921 m                distance_ee_object_cm = 6 cm
  dist_cube_to_target   = 0.0901 m  (3D)          distance_obj_goal_cm  = 9 cm  (XY)
  cube_position (z)     = 0.0200 m                object_lift_height_cm = 0 cm
  cube_position (xy)    = [0.228, 0.045]          grasp_completed       = 0
  finger_contacts (raw) = 0                       finger_contacts       = 0
  x                                               grasp_attempts        = 1
  x                                               task_started          = 1
  x                                               object_available      = 1
  x                                               task_aborted          = 0
  episode                = 1                      x
  step                   = 71                     x
  ee_position            = [0.1478, 0.0001, 0.0249]  x
  ee_velocity            = [-0.0000, -0.0000, -0.0000]  x
  target_position        = [0.1500, 0.0000, 0.0200]  x
  reward                 = -0.0901                x
  is_success             = False                  x
  obstacle_in_path       = False                  x
  obstacle_count_in_path = 0                      x
  obstacles              = {}                     x
  objects                = {'object_1': {'type': 'box', 'size': [0.04, 0.04, 0.04], 'mass': 1.0, 'color': [0.1, 0.2, 0.9, 1.0], 'initial_position': [-0.25, 0.0, 0.02], 'lateral_friction': 0.155, 'spinning_friction': 0.001, 'current_position': [0.22798043247799574, 0.045210850022976416, 0.01998999999999997]}}  x
  scripts                = {'script_1': True, 'reach_only': True, 'left_right': True}  x
  target_goal            = {'type': 'goal_sequence', 'targets': [{'name': 'target', 'position': [0.15000000596046448, 0.0, 0.019999999552965164]}], 'mode': 'goal_sequence'}  x
  scene                  = {'table': {'length': 1.1, 'width': 0.7, 'height': 0.4, 'x_offset': -0.3, 'lateral_friction': 3.0, 'spinning_friction': 0.001}}  x
  robot_config           = {'control_type': 'ee', 'block_gripper': False, 'base_position': [-0.6, 0.0, 0.05]}  x
  current_task           = OBJECT_DELIVERY_SEQUENCE  x
  current_subtask        = PLACE_OBJECT           x
  active_target_name     = target                 x
  action                 = [0.0000, 0.0000, 0.0000, 1.0000]  x
  joint_angles           = [0.0005, 1.0361, -0.0004, -1.2401, 0.0005, 2.2762, 0.7853]  x
  joint_velocities       = [0.0000, -0.0000, -0.0000, -0.0001, 0.0000, 0.0001, -0.0000]  x
  cube_rotation          = [0.0000, 1.5708, -4.0782]  x
  cube_linear_velocity   = [0.0000, 0.0000, -0.0000]  x
  obstacle_positions     = {}                     x
[step=  71 00:30:35.992][Analyzer] ASM node=place_object  goal_status=not_applicable
[step=  71 00:30:35.995][DejaVu] {'status': 'ok', 'unanticipated': True}
[step=  72 00:30:37.136][Manager] ep=1 subtask=PLACE_OBJECT reward=-0.0901
[step=  72 00:30:37.136][Perception]
  RAW PERCEPTION                                  MONITORED PARAMS
  ----------------------------------------------  --------------------------------------
  fingers_width         = 0.0800 m                gripper_width_cm      = 7 cm
  dist_ee_to_cube       = 0.0921 m                distance_ee_object_cm = 6 cm
  dist_cube_to_target   = 0.0901 m  (3D)          distance_obj_goal_cm  = 9 cm  (XY)
  cube_position (z)     = 0.0200 m                object_lift_height_cm = 0 cm
  cube_position (xy)    = [0.228, 0.045]          grasp_completed       = 0
  finger_contacts (raw) = 0                       finger_contacts       = 0
  x                                               grasp_attempts        = 1
  x                                               task_started          = 1
  x                                               object_available      = 1
  x                                               task_aborted          = 0
  episode                = 1                      x
  step                   = 72                     x
  ee_position            = [0.1478, 0.0001, 0.0249]  x
  ee_velocity            = [-0.0000, -0.0000, -0.0000]  x
  target_position        = [0.1500, 0.0000, 0.0200]  x
  reward                 = -0.0901                x
  is_success             = False                  x
  obstacle_in_path       = False                  x
  obstacle_count_in_path = 0                      x
  obstacles              = {}                     x
  objects                = {'object_1': {'type': 'box', 'size': [0.04, 0.04, 0.04], 'mass': 1.0, 'color': [0.1, 0.2, 0.9, 1.0], 'initial_position': [-0.25, 0.0, 0.02], 'lateral_friction': 0.155, 'spinning_friction': 0.001, 'current_position': [0.22798043247799574, 0.045210850022976416, 0.01998999999999997]}}  x
  scripts                = {'script_1': True, 'reach_only': True, 'left_right': True}  x
  target_goal            = {'type': 'goal_sequence', 'targets': [{'name': 'target', 'position': [0.15000000596046448, 0.0, 0.019999999552965164]}], 'mode': 'goal_sequence'}  x
  scene                  = {'table': {'length': 1.1, 'width': 0.7, 'height': 0.4, 'x_offset': -0.3, 'lateral_friction': 3.0, 'spinning_friction': 0.001}}  x
  robot_config           = {'control_type': 'ee', 'block_gripper': False, 'base_position': [-0.6, 0.0, 0.05]}  x
  current_task           = OBJECT_DELIVERY_SEQUENCE  x
  current_subtask        = PLACE_OBJECT           x
  active_target_name     = target                 x
  action                 = [0.0000, 0.0000, 0.0000, 1.0000]  x
  joint_angles           = [0.0005, 1.0361, -0.0004, -1.2401, 0.0005, 2.2762, 0.7853]  x
  joint_velocities       = [0.0000, -0.0000, -0.0000, -0.0001, 0.0000, 0.0001, -0.0000]  x
  cube_rotation          = [0.0000, 1.5708, -4.0782]  x
  cube_linear_velocity   = [0.0000, 0.0000, -0.0000]  x
  obstacle_positions     = {}                     x
[step=  72 00:30:37.138][Analyzer] ASM node=place_object  goal_status=not_applicable
[step=  72 00:30:37.140][DejaVu] {'status': 'ok', 'unanticipated': True}
[step=  73 00:30:38.322][Manager] ep=1 subtask=PLACE_OBJECT reward=-0.0901
[step=  73 00:30:38.322][Perception]
  RAW PERCEPTION                                  MONITORED PARAMS
  ----------------------------------------------  --------------------------------------
  fingers_width         = 0.0800 m                gripper_width_cm      = 7 cm
  dist_ee_to_cube       = 0.0921 m                distance_ee_object_cm = 6 cm
  dist_cube_to_target   = 0.0901 m  (3D)          distance_obj_goal_cm  = 9 cm  (XY)
  cube_position (z)     = 0.0200 m                object_lift_height_cm = 0 cm
  cube_position (xy)    = [0.228, 0.045]          grasp_completed       = 0
  finger_contacts (raw) = 0                       finger_contacts       = 0
  x                                               grasp_attempts        = 1
  x                                               task_started          = 1
  x                                               object_available      = 1
  x                                               task_aborted          = 0
  episode                = 1                      x
  step                   = 73                     x
  ee_position            = [0.1478, 0.0001, 0.0249]  x
  ee_velocity            = [-0.0000, -0.0000, -0.0000]  x
  target_position        = [0.1500, 0.0000, 0.0200]  x
  reward                 = -0.0901                x
  is_success             = True                   x
  obstacle_in_path       = False                  x
  obstacle_count_in_path = 0                      x
  obstacles              = {}                     x
  objects                = {'object_1': {'type': 'box', 'size': [0.04, 0.04, 0.04], 'mass': 1.0, 'color': [0.1, 0.2, 0.9, 1.0], 'initial_position': [-0.25, 0.0, 0.02], 'lateral_friction': 0.155, 'spinning_friction': 0.001, 'current_position': [0.22798043247799574, 0.045210850022976416, 0.01998999999999997]}}  x
  scripts                = {'script_1': True, 'reach_only': True, 'left_right': True}  x
  target_goal            = {'type': 'goal_sequence', 'targets': [{'name': 'target', 'position': [0.15000000596046448, 0.0, 0.019999999552965164]}], 'mode': 'goal_sequence'}  x
  scene                  = {'table': {'length': 1.1, 'width': 0.7, 'height': 0.4, 'x_offset': -0.3, 'lateral_friction': 3.0, 'spinning_friction': 0.001}}  x
  robot_config           = {'control_type': 'ee', 'block_gripper': False, 'base_position': [-0.6, 0.0, 0.05]}  x
  current_task           = OBJECT_DELIVERY_SEQUENCE  x
  current_subtask        = PLACE_OBJECT           x
  active_target_name     = target                 x
  action                 = [0.0000, 0.0000, 0.0000, 0.0000]  x
  joint_angles           = [0.0005, 1.0361, -0.0004, -1.2401, 0.0005, 2.2762, 0.7853]  x
  joint_velocities       = [0.0000, -0.0000, -0.0000, -0.0001, 0.0000, 0.0001, -0.0000]  x
  cube_rotation          = [0.0000, 1.5708, -4.0782]  x
  cube_linear_velocity   = [0.0000, 0.0000, -0.0000]  x
  obstacle_positions     = {}                     x
[step=  73 00:30:38.325][Analyzer] ASM node=place_object  goal_status=not_applicable
[step=  73 00:30:38.328][DejaVu] {'status': 'ok', 'unanticipated': True}
