[Trace] Gravando em: C:\Users\lucas_alves\Workspace\self-adaptive-arm-simulator\1-manager\traces\trace_20260810_085721.log
[step=   0 08:57:22.086][Manager] GUI conectado.
[step=   0 08:57:22.387][Manager] DejaVu conectado.
[step=   0 08:57:23.588][Manager] Aguardando percepcoes do managing...

[step=   0 08:57:23.602][WsClient] Conectado a ws://localhost:8000/ws/perception
[step=   1 08:57:23.653][Manager] ep=1 subtask=APPROACH_OBJECT reward=-0.4000
[step=   1 08:57:23.654][Perception]
  RAW PERCEPTION                                  MONITORED PARAMS
  ----------------------------------------------  --------------------------------------
  fingers_width         = 0.0703 m                gripper_width_cm      = 7 cm
  dist_ee_to_cube       = 0.3106 m                distance_ee_object_cm = 28 cm
  dist_cube_to_target   = 0.4000 m  (3D)          distance_obj_goal_cm  = 39 cm  (XY)
  cube_position (z)     = 0.0200 m                object_lift_height_cm = 0 cm
  cube_position (xy)    = [-0.250, -0.000]        grasp_completed       = 0
  finger_contacts (raw) = 0                       finger_contacts       = 0
  x                                               grasp_attempts        = 0
  x                                               task_started          = 1
  x                                               object_available      = 1
  x                                               task_aborted          = 0
  episode                = 1                      x
  step                   = 1                      x
  ee_position            = [0.0095, 0.0000, 0.1906]  x
  ee_velocity            = [-0.4160, 0.0005, -0.0497]  x
  target_position        = [0.1500, 0.0000, 0.0200]  x
  reward                 = -0.4000                x
  is_success             = False                  x
  obstacle_in_path       = False                  x
  obstacle_count_in_path = 0                      x
  obstacles              = {}                     x
  objects                = {'object_1': {'type': 'box', 'size': [0.04, 0.04, 0.04], 'mass': 1.0, 'color': [0.1, 0.2, 0.9, 1.0], 'initial_position': [-0.25, 0.0, 0.02], 'lateral_friction': 0.5, 'spinning_friction': 0.001, 'current_position': [-0.24999993333763912, -1.8986424809508514e-05, 0.019988273835257843]}, 'unknown_object': {'type': 'box', 'size': [0.04, 0.01, 0.04], 'mass': 0.3, 'color': [0.9, 0.4, 0.1, 1.0], 'initial_position': [-0.25, 0.02, 0.02], 'lateral_friction': 0.5, 'spinning_friction': 0.001, 'current_position': [-0.250002248136446, 0.024254436128563036, 0.0200429680611698]}}  x
  scripts                = {'script_1': True, 'reach_only': True, 'left_right': True}  x
  target_goal            = {'type': 'goal_sequence', 'targets': [{'name': 'target', 'position': [0.15000000596046448, 0.0, 0.019999999552965164]}], 'mode': 'goal_sequence'}  x
  scene                  = {'table': {'length': 1.1, 'width': 0.7, 'height': 0.4, 'x_offset': -0.3, 'lateral_friction': 3.0, 'spinning_friction': 0.001}}  x
  robot_config           = {'control_type': 'ee', 'block_gripper': False, 'base_position': [-0.6, 0.0, 0.05]}  x
  current_task           = OBJECT_DELIVERY_SEQUENCE  x
  current_subtask        = APPROACH_OBJECT        x
  active_target_name     = target                 x
  action                 = [-0.9839, 0.0000, -0.1787, 1.0000]  x
  joint_angles           = [-0.0006, 0.3402, 0.0006, -1.9788, -0.0003, 2.3185, 0.7862]  x
  joint_velocities       = [-0.0043, -0.9484, 0.0052, -1.5662, -0.0026, 0.4502, -0.0295]  x
  cube_rotation          = [-0.0001, -0.0000, -0.0000]  x
  cube_linear_velocity   = [0.0001, 0.0000, -0.0002]  x
  obstacle_positions     = {}                     x
[step=   1 08:57:23.658][ASM] [PENDING] __init__ → approach_object: condições satisfeitas, aguardando managing
[step=   1 08:57:23.659][ASM] [OK] __init__ → approach_object  (type=domain)
[step=   1 08:57:23.659][Analyzer] ASM node=approach_object  goal_status=ok  (scenario=APPROACH_OBJECT)
[step=   1 08:57:23.672][DejaVu] {'status': 'ok', 'unanticipated': False}
[step=   2 08:57:24.817][Manager] ep=1 subtask=APPROACH_OBJECT reward=-0.4000
[step=   2 08:57:24.817][Perception]
  RAW PERCEPTION                                  MONITORED PARAMS
  ----------------------------------------------  --------------------------------------
  fingers_width         = 0.0788 m                gripper_width_cm      = 7 cm
  dist_ee_to_cube       = 0.2806 m                distance_ee_object_cm = 25 cm
  dist_cube_to_target   = 0.4000 m  (3D)          distance_obj_goal_cm  = 39 cm  (XY)
  cube_position (z)     = 0.0200 m                object_lift_height_cm = 0 cm
  cube_position (xy)    = [-0.250, -0.000]        grasp_completed       = 0
  finger_contacts (raw) = 0                       finger_contacts       = 0
  x                                               grasp_attempts        = 0
  x                                               task_started          = 1
  x                                               object_available      = 1
  x                                               task_aborted          = 0
  episode                = 1                      x
  step                   = 2                      x
  ee_position            = [-0.0225, 0.0000, 0.1842]  x
  ee_velocity            = [-0.3693, 0.0001, -0.0756]  x
  target_position        = [0.1500, 0.0000, 0.0200]  x
  reward                 = -0.4000                x
  is_success             = False                  x
  obstacle_in_path       = False                  x
  obstacle_count_in_path = 0                      x
  obstacles              = {}                     x
  objects                = {'object_1': {'type': 'box', 'size': [0.04, 0.04, 0.04], 'mass': 1.0, 'color': [0.1, 0.2, 0.9, 1.0], 'initial_position': [-0.25, 0.0, 0.02], 'lateral_friction': 0.5, 'spinning_friction': 0.001, 'current_position': [-0.24999895423244198, -1.999337565984623e-05, 0.0199881744520639]}, 'unknown_object': {'type': 'box', 'size': [0.04, 0.01, 0.04], 'mass': 0.3, 'color': [0.9, 0.4, 0.1, 1.0], 'initial_position': [-0.25, 0.02, 0.02], 'lateral_friction': 0.5, 'spinning_friction': 0.001, 'current_position': [-0.2500054315713912, 0.024882259312814677, 0.01999414053145022]}}  x
  scripts                = {'script_1': True, 'reach_only': True, 'left_right': True}  x
  target_goal            = {'type': 'goal_sequence', 'targets': [{'name': 'target', 'position': [0.15000000596046448, 0.0, 0.019999999552965164]}], 'mode': 'goal_sequence'}  x
  scene                  = {'table': {'length': 1.1, 'width': 0.7, 'height': 0.4, 'x_offset': -0.3, 'lateral_friction': 3.0, 'spinning_friction': 0.001}}  x
  robot_config           = {'control_type': 'ee', 'block_gripper': False, 'base_position': [-0.6, 0.0, 0.05]}  x
  current_task           = OBJECT_DELIVERY_SEQUENCE  x
  current_subtask        = APPROACH_OBJECT        x
  active_target_name     = target                 x
  action                 = [-0.9849, -0.0001, -0.1732, 1.0000]  x
  joint_angles           = [-0.0006, 0.2683, 0.0007, -2.1078, -0.0003, 2.3756, 0.7857]  x
  joint_velocities       = [-0.0007, -0.7571, 0.0008, -1.3320, 0.0000, 0.4389, -0.0038]  x
  cube_rotation          = [-0.0001, -0.0000, -0.0001]  x
  cube_linear_velocity   = [-0.0000, 0.0005, 0.0002]  x
  obstacle_positions     = {}                     x
[step=   2 08:57:24.821][Analyzer] ASM node=approach_object  goal_status=not_applicable
[step=   2 08:57:24.827][DejaVu] {'status': 'ok', 'unanticipated': False}
[step=   3 08:57:25.972][Manager] ep=1 subtask=APPROACH_OBJECT reward=-0.4000
[step=   3 08:57:25.973][Perception]
  RAW PERCEPTION                                  MONITORED PARAMS
  ----------------------------------------------  --------------------------------------
  fingers_width         = 0.0799 m                gripper_width_cm      = 7 cm
  dist_ee_to_cube       = 0.2501 m                distance_ee_object_cm = 22 cm
  dist_cube_to_target   = 0.4000 m  (3D)          distance_obj_goal_cm  = 39 cm  (XY)
  cube_position (z)     = 0.0200 m                object_lift_height_cm = 0 cm
  cube_position (xy)    = [-0.250, -0.000]        grasp_completed       = 0
  finger_contacts (raw) = 0                       finger_contacts       = 0
  x                                               grasp_attempts        = 0
  x                                               task_started          = 1
  x                                               object_available      = 1
  x                                               task_aborted          = 0
  episode                = 1                      x
  step                   = 3                      x
  ee_position            = [-0.0556, 0.0000, 0.1774]  x
  ee_velocity            = [-0.3892, 0.0002, -0.0654]  x
  target_position        = [0.1500, 0.0000, 0.0200]  x
  reward                 = -0.4000                x
  is_success             = False                  x
  obstacle_in_path       = False                  x
  obstacle_count_in_path = 0                      x
  obstacles              = {}                     x
  objects                = {'object_1': {'type': 'box', 'size': [0.04, 0.04, 0.04], 'mass': 1.0, 'color': [0.1, 0.2, 0.9, 1.0], 'initial_position': [-0.25, 0.0, 0.02], 'lateral_friction': 0.5, 'spinning_friction': 0.001, 'current_position': [-0.24999869392205562, -2.3162839668221173e-05, 0.01998879499492134]}, 'unknown_object': {'type': 'box', 'size': [0.04, 0.01, 0.04], 'mass': 0.3, 'color': [0.9, 0.4, 0.1, 1.0], 'initial_position': [-0.25, 0.02, 0.02], 'lateral_friction': 0.5, 'spinning_friction': 0.001, 'current_position': [-0.2500050792163134, 0.024946106510285827, 0.019995728123989347]}}  x
  scripts                = {'script_1': True, 'reach_only': True, 'left_right': True}  x
  target_goal            = {'type': 'goal_sequence', 'targets': [{'name': 'target', 'position': [0.15000000596046448, 0.0, 0.019999999552965164]}], 'mode': 'goal_sequence'}  x
  scene                  = {'table': {'length': 1.1, 'width': 0.7, 'height': 0.4, 'x_offset': -0.3, 'lateral_friction': 3.0, 'spinning_friction': 0.001}}  x
  robot_config           = {'control_type': 'ee', 'block_gripper': False, 'base_position': [-0.6, 0.0, 0.05]}  x
  current_task           = OBJECT_DELIVERY_SEQUENCE  x
  current_subtask        = APPROACH_OBJECT        x
  active_target_name     = target                 x
  action                 = [-0.9855, -0.0002, -0.1699, 1.0000]  x
  joint_angles           = [-0.0007, 0.1972, 0.0007, -2.2343, -0.0002, 2.4311, 0.7856]  x
  joint_velocities       = [-0.0003, -0.8030, 0.0006, -1.3457, 0.0004, 0.4268, -0.0006]  x
  cube_rotation          = [0.0001, 0.0000, -0.0001]  x
  cube_linear_velocity   = [-0.0000, -0.0002, 0.0000]  x
  obstacle_positions     = {}                     x
[step=   3 08:57:25.976][Analyzer] ASM node=approach_object  goal_status=not_applicable
[step=   3 08:57:25.981][DejaVu] {'status': 'ok', 'unanticipated': False}
[step=   4 08:57:27.136][Manager] ep=1 subtask=APPROACH_OBJECT reward=-0.4000
[step=   4 08:57:27.136][Perception]
  RAW PERCEPTION                                  MONITORED PARAMS
  ----------------------------------------------  --------------------------------------
  fingers_width         = 0.0800 m                gripper_width_cm      = 7 cm
  dist_ee_to_cube       = 0.2199 m                distance_ee_object_cm = 19 cm
  dist_cube_to_target   = 0.4000 m  (3D)          distance_obj_goal_cm  = 39 cm  (XY)
  cube_position (z)     = 0.0200 m                object_lift_height_cm = 0 cm
  cube_position (xy)    = [-0.250, -0.000]        grasp_completed       = 0
  finger_contacts (raw) = 0                       finger_contacts       = 0
  x                                               grasp_attempts        = 0
  x                                               task_started          = 1
  x                                               object_available      = 1
  x                                               task_aborted          = 0
  episode                = 1                      x
  step                   = 4                      x
  ee_position            = [-0.0897, 0.0000, 0.1706]  x
  ee_velocity            = [-0.4008, 0.0002, -0.0701]  x
  target_position        = [0.1500, 0.0000, 0.0200]  x
  reward                 = -0.4000                x
  is_success             = False                  x
  obstacle_in_path       = False                  x
  obstacle_count_in_path = 0                      x
  obstacles              = {}                     x
  objects                = {'object_1': {'type': 'box', 'size': [0.04, 0.04, 0.04], 'mass': 1.0, 'color': [0.1, 0.2, 0.9, 1.0], 'initial_position': [-0.25, 0.0, 0.02], 'lateral_friction': 0.5, 'spinning_friction': 0.001, 'current_position': [-0.24999971963606243, -2.410894878270369e-05, 0.01998748296096571]}, 'unknown_object': {'type': 'box', 'size': [0.04, 0.01, 0.04], 'mass': 0.3, 'color': [0.9, 0.4, 0.1, 1.0], 'initial_position': [-0.25, 0.02, 0.02], 'lateral_friction': 0.5, 'spinning_friction': 0.001, 'current_position': [-0.2500062610221986, 0.02494309023419244, 0.019993107525581304]}}  x
  scripts                = {'script_1': True, 'reach_only': True, 'left_right': True}  x
  target_goal            = {'type': 'goal_sequence', 'targets': [{'name': 'target', 'position': [0.15000000596046448, 0.0, 0.019999999552965164]}], 'mode': 'goal_sequence'}  x
  scene                  = {'table': {'length': 1.1, 'width': 0.7, 'height': 0.4, 'x_offset': -0.3, 'lateral_friction': 3.0, 'spinning_friction': 0.001}}  x
  robot_config           = {'control_type': 'ee', 'block_gripper': False, 'base_position': [-0.6, 0.0, 0.05]}  x
  current_task           = OBJECT_DELIVERY_SEQUENCE  x
  current_subtask        = APPROACH_OBJECT        x
  active_target_name     = target                 x
  action                 = [-0.9864, -0.0003, -0.1645, 1.0000]  x
  joint_angles           = [-0.0007, 0.1263, 0.0008, -2.3582, -0.0002, 2.4846, 0.7855]  x
  joint_velocities       = [-0.0002, -0.8024, 0.0007, -1.3278, 0.0005, 0.4108, -0.0003]  x
  cube_rotation          = [0.0002, 0.0000, -0.0001]  x
  cube_linear_velocity   = [-0.0000, -0.0000, -0.0000]  x
  obstacle_positions     = {}                     x
[step=   4 08:57:27.139][Analyzer] ASM node=approach_object  goal_status=not_applicable
[step=   4 08:57:27.144][DejaVu] {'status': 'ok', 'unanticipated': False}
[step=   5 08:57:28.295][Manager] ep=1 subtask=APPROACH_OBJECT reward=-0.4000
[step=   5 08:57:28.295][Perception]
  RAW PERCEPTION                                  MONITORED PARAMS
  ----------------------------------------------  --------------------------------------
  fingers_width         = 0.0800 m                gripper_width_cm      = 7 cm
  dist_ee_to_cube       = 0.1900 m                distance_ee_object_cm = 16 cm
  dist_cube_to_target   = 0.4000 m  (3D)          distance_obj_goal_cm  = 40 cm  (XY)
  cube_position (z)     = 0.0200 m                object_lift_height_cm = 0 cm
  cube_position (xy)    = [-0.250, -0.000]        grasp_completed       = 0
  finger_contacts (raw) = 0                       finger_contacts       = 0
  x                                               grasp_attempts        = 0
  x                                               task_started          = 1
  x                                               object_available      = 1
  x                                               task_aborted          = 0
  episode                = 1                      x
  step                   = 5                      x
  ee_position            = [-0.1251, 0.0001, 0.1632]  x
  ee_velocity            = [-0.3810, 0.0006, -0.0494]  x
  target_position        = [0.1500, 0.0000, 0.0200]  x
  reward                 = -0.4000                x
  is_success             = False                  x
  obstacle_in_path       = False                  x
  obstacle_count_in_path = 0                      x
  obstacles              = {}                     x
  objects                = {'object_1': {'type': 'box', 'size': [0.04, 0.04, 0.04], 'mass': 1.0, 'color': [0.1, 0.2, 0.9, 1.0], 'initial_position': [-0.25, 0.0, 0.02], 'lateral_friction': 0.5, 'spinning_friction': 0.001, 'current_position': [-0.2500008080814959, -2.3854807565728908e-05, 0.019987297593555133]}, 'unknown_object': {'type': 'box', 'size': [0.04, 0.01, 0.04], 'mass': 0.3, 'color': [0.9, 0.4, 0.1, 1.0], 'initial_position': [-0.25, 0.02, 0.02], 'lateral_friction': 0.5, 'spinning_friction': 0.001, 'current_position': [-0.2500079265964379, 0.024941279785808096, 0.01999256700479498]}}  x
  scripts                = {'script_1': True, 'reach_only': True, 'left_right': True}  x
  target_goal            = {'type': 'goal_sequence', 'targets': [{'name': 'target', 'position': [0.15000000596046448, 0.0, 0.019999999552965164]}], 'mode': 'goal_sequence'}  x
  scene                  = {'table': {'length': 1.1, 'width': 0.7, 'height': 0.4, 'x_offset': -0.3, 'lateral_friction': 3.0, 'spinning_friction': 0.001}}  x
  robot_config           = {'control_type': 'ee', 'block_gripper': False, 'base_position': [-0.6, 0.0, 0.05]}  x
  current_task           = OBJECT_DELIVERY_SEQUENCE  x
  current_subtask        = APPROACH_OBJECT        x
  active_target_name     = target                 x
  action                 = [-0.9875, -0.0004, -0.1576, 1.0000]  x
  joint_angles           = [-0.0007, 0.0555, 0.0008, -2.4806, -0.0001, 2.5352, 0.7855]  x
  joint_velocities       = [-0.0002, -0.8109, 0.0017, -1.2507, 0.0006, 0.3895, -0.0003]  x
  cube_rotation          = [0.0002, -0.0000, -0.0000]  x
  cube_linear_velocity   = [-0.0000, 0.0000, -0.0000]  x
  obstacle_positions     = {}                     x
[step=   5 08:57:28.299][Analyzer] ASM node=approach_object  goal_status=not_applicable
[step=   5 08:57:28.304][DejaVu] {'status': 'ok', 'unanticipated': False}
[step=   6 08:57:29.455][Manager] ep=1 subtask=APPROACH_OBJECT reward=-0.4000
[step=   6 08:57:29.455][Perception]
  RAW PERCEPTION                                  MONITORED PARAMS
  ----------------------------------------------  --------------------------------------
  fingers_width         = 0.0800 m                gripper_width_cm      = 7 cm
  dist_ee_to_cube       = 0.1629 m                distance_ee_object_cm = 13 cm
  dist_cube_to_target   = 0.4000 m  (3D)          distance_obj_goal_cm  = 40 cm  (XY)
  cube_position (z)     = 0.0200 m                object_lift_height_cm = 0 cm
  cube_position (xy)    = [-0.250, -0.000]        grasp_completed       = 0
  finger_contacts (raw) = 0                       finger_contacts       = 0
  x                                               grasp_attempts        = 0
  x                                               task_started          = 1
  x                                               object_available      = 1
  x                                               task_aborted          = 0
  episode                = 1                      x
  step                   = 6                      x
  ee_position            = [-0.1607, 0.0001, 0.1562]  x
  ee_velocity            = [-0.4082, 0.0008, -0.0668]  x
  target_position        = [0.1500, 0.0000, 0.0200]  x
  reward                 = -0.4000                x
  is_success             = False                  x
  obstacle_in_path       = False                  x
  obstacle_count_in_path = 0                      x
  obstacles              = {}                     x
  objects                = {'object_1': {'type': 'box', 'size': [0.04, 0.04, 0.04], 'mass': 1.0, 'color': [0.1, 0.2, 0.9, 1.0], 'initial_position': [-0.25, 0.0, 0.02], 'lateral_friction': 0.5, 'spinning_friction': 0.001, 'current_position': [-0.2500019319133653, -2.3376602834777354e-05, 0.019987338747623172]}, 'unknown_object': {'type': 'box', 'size': [0.04, 0.01, 0.04], 'mass': 0.3, 'color': [0.9, 0.4, 0.1, 1.0], 'initial_position': [-0.25, 0.02, 0.02], 'lateral_friction': 0.5, 'spinning_friction': 0.001, 'current_position': [-0.2500102566097471, 0.02493958657281247, 0.019992407956908452]}}  x
  scripts                = {'script_1': True, 'reach_only': True, 'left_right': True}  x
  target_goal            = {'type': 'goal_sequence', 'targets': [{'name': 'target', 'position': [0.15000000596046448, 0.0, 0.019999999552965164]}], 'mode': 'goal_sequence'}  x
  scene                  = {'table': {'length': 1.1, 'width': 0.7, 'height': 0.4, 'x_offset': -0.3, 'lateral_friction': 3.0, 'spinning_friction': 0.001}}  x
  robot_config           = {'control_type': 'ee', 'block_gripper': False, 'base_position': [-0.6, 0.0, 0.05]}  x
  current_task           = OBJECT_DELIVERY_SEQUENCE  x
  current_subtask        = APPROACH_OBJECT        x
  active_target_name     = target                 x
  action                 = [-0.9895, -0.0006, -0.1444, 1.0000]  x
  joint_angles           = [-0.0007, -0.0163, 0.0009, -2.6004, 0.0000, 2.5839, 0.7854]  x
  joint_velocities       = [-0.0001, -0.8300, 0.0022, -1.2837, 0.0008, 0.3742, -0.0005]  x
  cube_rotation          = [0.0002, -0.0000, 0.0000]  x
  cube_linear_velocity   = [-0.0000, 0.0000, 0.0000]  x
  obstacle_positions     = {}                     x
[step=   6 08:57:29.458][Analyzer] ASM node=approach_object  goal_status=not_applicable
[step=   6 08:57:29.463][DejaVu] {'status': 'ok', 'unanticipated': False}
[step=   7 08:57:30.617][Manager] ep=1 subtask=APPROACH_OBJECT reward=-0.4000
[step=   7 08:57:30.618][Perception]
  RAW PERCEPTION                                  MONITORED PARAMS
  ----------------------------------------------  --------------------------------------
  fingers_width         = 0.0800 m                gripper_width_cm      = 7 cm
  dist_ee_to_cube       = 0.1396 m                distance_ee_object_cm = 11 cm
  dist_cube_to_target   = 0.4000 m  (3D)          distance_obj_goal_cm  = 40 cm  (XY)
  cube_position (z)     = 0.0200 m                object_lift_height_cm = 0 cm
  cube_position (xy)    = [-0.250, -0.000]        grasp_completed       = 0
  finger_contacts (raw) = 0                       finger_contacts       = 0
  x                                               grasp_attempts        = 0
  x                                               task_started          = 1
  x                                               object_available      = 1
  x                                               task_aborted          = 0
  episode                = 1                      x
  step                   = 7                      x
  ee_position            = [-0.1970, 0.0000, 0.1492]  x
  ee_velocity            = [-0.4312, 0.0003, -0.0816]  x
  target_position        = [0.1500, 0.0000, 0.0200]  x
  reward                 = -0.4000                x
  is_success             = False                  x
  obstacle_in_path       = False                  x
  obstacle_count_in_path = 0                      x
  obstacles              = {}                     x
  objects                = {'object_1': {'type': 'box', 'size': [0.04, 0.04, 0.04], 'mass': 1.0, 'color': [0.1, 0.2, 0.9, 1.0], 'initial_position': [-0.25, 0.0, 0.02], 'lateral_friction': 0.5, 'spinning_friction': 0.001, 'current_position': [-0.2500031224861518, -2.300186114820493e-05, 0.01998727517285134]}, 'unknown_object': {'type': 'box', 'size': [0.04, 0.01, 0.04], 'mass': 0.3, 'color': [0.9, 0.4, 0.1, 1.0], 'initial_position': [-0.25, 0.02, 0.02], 'lateral_friction': 0.5, 'spinning_friction': 0.001, 'current_position': [-0.2500139653917696, 0.02493803773271732, 0.01999217974427706]}}  x
  scripts                = {'script_1': True, 'reach_only': True, 'left_right': True}  x
  target_goal            = {'type': 'goal_sequence', 'targets': [{'name': 'target', 'position': [0.15000000596046448, 0.0, 0.019999999552965164]}], 'mode': 'goal_sequence'}  x
  scene                  = {'table': {'length': 1.1, 'width': 0.7, 'height': 0.4, 'x_offset': -0.3, 'lateral_friction': 3.0, 'spinning_friction': 0.001}}  x
  robot_config           = {'control_type': 'ee', 'block_gripper': False, 'base_position': [-0.6, 0.0, 0.05]}  x
  current_task           = OBJECT_DELIVERY_SEQUENCE  x
  current_subtask        = APPROACH_OBJECT        x
  active_target_name     = target                 x
  action                 = [-0.9922, -0.0008, -0.1249, 1.0000]  x
  joint_angles           = [-0.0008, -0.0897, 0.0009, -2.7181, 0.0001, 2.6278, 0.7853]  x
  joint_velocities       = [-0.0001, -0.8521, 0.0015, -1.3031, 0.0009, 0.3374, -0.0008]  x
  cube_rotation          = [0.0002, -0.0000, 0.0001]  x
  cube_linear_velocity   = [-0.0000, 0.0000, -0.0000]  x
  obstacle_positions     = {}                     x
[step=   7 08:57:30.622][Analyzer] ASM node=approach_object  goal_status=not_applicable
[step=   7 08:57:30.627][DejaVu] {'status': 'ok', 'unanticipated': False}
[step=   8 08:57:31.826][Manager] ep=1 subtask=APPROACH_OBJECT reward=-0.4000
[step=   8 08:57:31.827][Perception]
  RAW PERCEPTION                                  MONITORED PARAMS
  ----------------------------------------------  --------------------------------------
  fingers_width         = 0.0800 m                gripper_width_cm      = 7 cm
  dist_ee_to_cube       = 0.1238 m                distance_ee_object_cm = 9 cm
  dist_cube_to_target   = 0.4000 m  (3D)          distance_obj_goal_cm  = 40 cm  (XY)
  cube_position (z)     = 0.0200 m                object_lift_height_cm = 0 cm
  cube_position (xy)    = [-0.250, -0.000]        grasp_completed       = 0
  finger_contacts (raw) = 0                       finger_contacts       = 0
  x                                               grasp_attempts        = 0
  x                                               task_started          = 1
  x                                               object_available      = 1
  x                                               task_aborted          = 0
  episode                = 1                      x
  step                   = 8                      x
  ee_position            = [-0.2336, -0.0000, 0.1427]  x
  ee_velocity            = [-0.4297, -0.0001, -0.0722]  x
  target_position        = [0.1500, 0.0000, 0.0200]  x
  reward                 = -0.4000                x
  is_success             = False                  x
  obstacle_in_path       = False                  x
  obstacle_count_in_path = 0                      x
  obstacles              = {}                     x
  objects                = {'object_1': {'type': 'box', 'size': [0.04, 0.04, 0.04], 'mass': 1.0, 'color': [0.1, 0.2, 0.9, 1.0], 'initial_position': [-0.25, 0.0, 0.02], 'lateral_friction': 0.5, 'spinning_friction': 0.001, 'current_position': [-0.25000436259669356, -2.2585920336112673e-05, 0.019987252051876042]}, 'unknown_object': {'type': 'box', 'size': [0.04, 0.01, 0.04], 'mass': 0.3, 'color': [0.9, 0.4, 0.1, 1.0], 'initial_position': [-0.25, 0.02, 0.02], 'lateral_friction': 0.5, 'spinning_friction': 0.001, 'current_position': [-0.2500190645164376, 0.02493858876986745, 0.01999242625753471]}}  x
  scripts                = {'script_1': True, 'reach_only': True, 'left_right': True}  x
  target_goal            = {'type': 'goal_sequence', 'targets': [{'name': 'target', 'position': [0.15000000596046448, 0.0, 0.019999999552965164]}], 'mode': 'goal_sequence'}  x
  scene                  = {'table': {'length': 1.1, 'width': 0.7, 'height': 0.4, 'x_offset': -0.3, 'lateral_friction': 3.0, 'spinning_friction': 0.001}}  x
  robot_config           = {'control_type': 'ee', 'block_gripper': False, 'base_position': [-0.6, 0.0, 0.05]}  x
  current_task           = OBJECT_DELIVERY_SEQUENCE  x
  current_subtask        = APPROACH_OBJECT        x
  active_target_name     = target                 x
  action                 = [-0.9969, -0.0010, -0.0789, 1.0000]  x
  joint_angles           = [-0.0007, -0.1676, 0.0008, -2.8337, 0.0003, 2.6648, 0.7852]  x
  joint_velocities       = [0.0001, -0.9250, 0.0004, -1.2920, 0.0010, 0.2850, -0.0012]  x
  cube_rotation          = [0.0002, -0.0000, 0.0002]  x
  cube_linear_velocity   = [-0.0000, 0.0000, -0.0000]  x
  obstacle_positions     = {}                     x
[step=   8 08:57:31.830][Analyzer] ASM node=approach_object  goal_status=not_applicable
[step=   8 08:57:31.835][DejaVu] {'status': 'ok', 'unanticipated': False}
[step=   9 08:57:32.933][Manager] ep=1 subtask=APPROACH_OBJECT reward=-0.4000
[step=   9 08:57:32.933][Perception]
  RAW PERCEPTION                                  MONITORED PARAMS
  ----------------------------------------------  --------------------------------------
  fingers_width         = 0.0800 m                gripper_width_cm      = 7 cm
  dist_ee_to_cube       = 0.1214 m                distance_ee_object_cm = 9 cm
  dist_cube_to_target   = 0.4000 m  (3D)          distance_obj_goal_cm  = 40 cm  (XY)
  cube_position (z)     = 0.0200 m                object_lift_height_cm = 0 cm
  cube_position (xy)    = [-0.250, -0.000]        grasp_completed       = 0
  finger_contacts (raw) = 0                       finger_contacts       = 0
  x                                               grasp_attempts        = 0
  x                                               task_started          = 1
  x                                               object_available      = 1
  x                                               task_aborted          = 0
  episode                = 1                      x
  step                   = 9                      x
  ee_position            = [-0.2714, -0.0001, 0.1395]  x
  ee_velocity            = [-0.3739, -0.0003, 0.0261]  x
  target_position        = [0.1500, 0.0000, 0.0200]  x
  reward                 = -0.4000                x
  is_success             = False                  x
  obstacle_in_path       = False                  x
  obstacle_count_in_path = 0                      x
  obstacles              = {}                     x
  objects                = {'object_1': {'type': 'box', 'size': [0.04, 0.04, 0.04], 'mass': 1.0, 'color': [0.1, 0.2, 0.9, 1.0], 'initial_position': [-0.25, 0.0, 0.02], 'lateral_friction': 0.5, 'spinning_friction': 0.001, 'current_position': [-0.2500056260750354, -2.2198772900202945e-05, 0.01998721397114858]}, 'unknown_object': {'type': 'box', 'size': [0.04, 0.01, 0.04], 'mass': 0.3, 'color': [0.9, 0.4, 0.1, 1.0], 'initial_position': [-0.25, 0.02, 0.02], 'lateral_friction': 0.5, 'spinning_friction': 0.001, 'current_position': [-0.2500248566644142, 0.024939472218079912, 0.019992859952636558]}}  x
  scripts                = {'script_1': True, 'reach_only': True, 'left_right': True}  x
  target_goal            = {'type': 'goal_sequence', 'targets': [{'name': 'target', 'position': [0.15000000596046448, 0.0, 0.019999999552965164]}], 'mode': 'goal_sequence'}  x
  scene                  = {'table': {'length': 1.1, 'width': 0.7, 'height': 0.4, 'x_offset': -0.3, 'lateral_friction': 3.0, 'spinning_friction': 0.001}}  x
  robot_config           = {'control_type': 'ee', 'block_gripper': False, 'base_position': [-0.6, 0.0, 0.05]}  x
  current_task           = OBJECT_DELIVERY_SEQUENCE  x
  current_subtask        = APPROACH_OBJECT        x
  active_target_name     = target                 x
  action                 = [-0.9907, -0.0012, 0.1363, 1.0000]  x
  joint_angles           = [-0.0007, -0.2643, 0.0007, -2.9453, 0.0004, 2.6725, 0.7850]  x
  joint_velocities       = [0.0001, -1.3024, -0.0006, -1.2276, 0.0008, 0.0589, -0.0015]  x
  cube_rotation          = [0.0002, -0.0000, 0.0002]  x
  cube_linear_velocity   = [-0.0000, 0.0000, -0.0000]  x
  obstacle_positions     = {}                     x
[step=   9 08:57:32.937][Analyzer] ASM node=approach_object  goal_status=not_applicable
[step=   9 08:57:32.943][DejaVu] {'status': 'ok', 'unanticipated': False}
[step=  10 08:57:34.094][Manager] ep=1 subtask=APPROACH_OBJECT reward=-0.4000
[step=  10 08:57:34.095][Perception]
  RAW PERCEPTION                                  MONITORED PARAMS
  ----------------------------------------------  --------------------------------------
  fingers_width         = 0.0800 m                gripper_width_cm      = 7 cm
  dist_ee_to_cube       = 0.1080 m                distance_ee_object_cm = 8 cm
  dist_cube_to_target   = 0.4000 m  (3D)          distance_obj_goal_cm  = 40 cm  (XY)
  cube_position (z)     = 0.0200 m                object_lift_height_cm = 0 cm
  cube_position (xy)    = [-0.250, -0.000]        grasp_completed       = 0
  finger_contacts (raw) = 0                       finger_contacts       = 0
  x                                               grasp_attempts        = 0
  x                                               task_started          = 1
  x                                               object_available      = 1
  x                                               task_aborted          = 0
  episode                = 1                      x
  step                   = 10                     x
  ee_position            = [-0.2591, -0.0000, 0.1276]  x
  ee_velocity            = [-0.4097, 0.0005, -1.0625]  x
  target_position        = [0.1500, 0.0000, 0.0200]  x
  reward                 = -0.4000                x
  is_success             = False                  x
  obstacle_in_path       = False                  x
  obstacle_count_in_path = 0                      x
  obstacles              = {}                     x
  objects                = {'object_1': {'type': 'box', 'size': [0.04, 0.04, 0.04], 'mass': 1.0, 'color': [0.1, 0.2, 0.9, 1.0], 'initial_position': [-0.25, 0.0, 0.02], 'lateral_friction': 0.5, 'spinning_friction': 0.001, 'current_position': [-0.25000692680169434, -2.181469691829251e-05, 0.019987175562667076]}, 'unknown_object': {'type': 'box', 'size': [0.04, 0.01, 0.04], 'mass': 0.3, 'color': [0.9, 0.4, 0.1, 1.0], 'initial_position': [-0.25, 0.02, 0.02], 'lateral_friction': 0.5, 'spinning_friction': 0.001, 'current_position': [-0.2500308857270107, 0.024940259060649672, 0.019993236387533312]}}  x
  scripts                = {'script_1': True, 'reach_only': True, 'left_right': True}  x
  target_goal            = {'type': 'goal_sequence', 'targets': [{'name': 'target', 'position': [0.15000000596046448, 0.0, 0.019999999552965164]}], 'mode': 'goal_sequence'}  x
  scene                  = {'table': {'length': 1.1, 'width': 0.7, 'height': 0.4, 'x_offset': -0.3, 'lateral_friction': 3.0, 'spinning_friction': 0.001}}  x
  robot_config           = {'control_type': 'ee', 'block_gripper': False, 'base_position': [-0.6, 0.0, 0.05]}  x
  current_task           = OBJECT_DELIVERY_SEQUENCE  x
  current_subtask        = APPROACH_OBJECT        x
  active_target_name     = target                 x
  action                 = [0.2206, 0.0003, -0.9754, 1.0000]  x
  joint_angles           = [-0.0008, -0.1840, 0.0007, -2.9402, 0.0003, 2.7943, 0.7850]  x
  joint_velocities       = [-0.0002, 3.6341, 0.0001, 0.2701, -0.0004, 0.9369, 0.0005]  x
  cube_rotation          = [0.0002, -0.0000, 0.0003]  x
  cube_linear_velocity   = [-0.0000, 0.0000, -0.0000]  x
  obstacle_positions     = {}                     x
[step=  10 08:57:34.098][Analyzer] ASM node=approach_object  goal_status=not_applicable
[step=  10 08:57:34.103][DejaVu] {'status': 'ok', 'unanticipated': False}
[step=  11 08:57:35.249][Manager] ep=1 subtask=APPROACH_OBJECT reward=-0.4000
[step=  11 08:57:35.249][Perception]
  RAW PERCEPTION                                  MONITORED PARAMS
  ----------------------------------------------  --------------------------------------
  fingers_width         = 0.0800 m                gripper_width_cm      = 7 cm
  dist_ee_to_cube       = 0.0700 m                distance_ee_object_cm = 4 cm
  dist_cube_to_target   = 0.4000 m  (3D)          distance_obj_goal_cm  = 40 cm  (XY)
  cube_position (z)     = 0.0200 m                object_lift_height_cm = 0 cm
  cube_position (xy)    = [-0.250, -0.000]        grasp_completed       = 0
  finger_contacts (raw) = 0                       finger_contacts       = 0
  x                                               grasp_attempts        = 0
  x                                               task_started          = 1
  x                                               object_available      = 1
  x                                               task_aborted          = 0
  episode                = 1                      x
  step                   = 11                     x
  ee_position            = [-0.2648, -0.0000, 0.0884]  x
  ee_velocity            = [-0.2714, 0.0004, -0.6196]  x
  target_position        = [0.1500, 0.0000, 0.0200]  x
  reward                 = -0.4000                x
  is_success             = False                  x
  obstacle_in_path       = False                  x
  obstacle_count_in_path = 0                      x
  obstacles              = {}                     x
  objects                = {'object_1': {'type': 'box', 'size': [0.04, 0.04, 0.04], 'mass': 1.0, 'color': [0.1, 0.2, 0.9, 1.0], 'initial_position': [-0.25, 0.0, 0.02], 'lateral_friction': 0.5, 'spinning_friction': 0.001, 'current_position': [-0.25000825982627983, -2.1431456470808857e-05, 0.01998714069984401]}, 'unknown_object': {'type': 'box', 'size': [0.04, 0.01, 0.04], 'mass': 0.3, 'color': [0.9, 0.4, 0.1, 1.0], 'initial_position': [-0.25, 0.02, 0.02], 'lateral_friction': 0.5, 'spinning_friction': 0.001, 'current_position': [-0.25003719280308, 0.02494104601474792, 0.0199935855752091]}}  x
  scripts                = {'script_1': True, 'reach_only': True, 'left_right': True}  x
  target_goal            = {'type': 'goal_sequence', 'targets': [{'name': 'target', 'position': [0.15000000596046448, 0.0, 0.019999999552965164]}], 'mode': 'goal_sequence'}  x
  scene                  = {'table': {'length': 1.1, 'width': 0.7, 'height': 0.4, 'x_offset': -0.3, 'lateral_friction': 3.0, 'spinning_friction': 0.001}}  x
  robot_config           = {'control_type': 'ee', 'block_gripper': False, 'base_position': [-0.6, 0.0, 0.05]}  x
  current_task           = OBJECT_DELIVERY_SEQUENCE  x
  current_subtask        = APPROACH_OBJECT        x
  active_target_name     = target                 x
  action                 = [0.1089, 0.0003, -0.9941, 1.0000]  x
  joint_angles           = [-0.0008, -0.0286, 0.0007, -2.9115, 0.0002, 2.8606, 0.7851]  x
  joint_velocities       = [-0.0003, 2.1931, 0.0002, 0.2781, -0.0009, 0.5096, 0.0006]  x
  cube_rotation          = [0.0002, -0.0000, 0.0003]  x
  cube_linear_velocity   = [-0.0000, 0.0000, -0.0000]  x
  obstacle_positions     = {}                     x
[step=  11 08:57:35.252][Analyzer] ASM node=approach_object  goal_status=not_applicable
[step=  11 08:57:35.257][DejaVu] {'status': 'ok', 'unanticipated': False}
[step=  12 08:57:36.408][Manager] ep=1 subtask=APPROACH_OBJECT reward=-0.4000
[step=  12 08:57:36.409][Perception]
  RAW PERCEPTION                                  MONITORED PARAMS
  ----------------------------------------------  --------------------------------------
  fingers_width         = 0.0800 m                gripper_width_cm      = 7 cm
  dist_ee_to_cube       = 0.0391 m                distance_ee_object_cm = 1 cm
  dist_cube_to_target   = 0.4000 m  (3D)          distance_obj_goal_cm  = 40 cm  (XY)
  cube_position (z)     = 0.0200 m                object_lift_height_cm = 0 cm
  cube_position (xy)    = [-0.250, -0.000]        grasp_completed       = 0
  finger_contacts (raw) = 0                       finger_contacts       = 0
  x                                               grasp_attempts        = 0
  x                                               task_started          = 1
  x                                               object_available      = 1
  x                                               task_aborted          = 0
  episode                = 1                      x
  step                   = 12                     x
  ee_position            = [-0.2567, -0.0000, 0.0585]  x
  ee_velocity            = [-0.1778, 0.0003, -0.5876]  x
  target_position        = [0.1500, 0.0000, 0.0200]  x
  reward                 = -0.4000                x
  is_success             = False                  x
  obstacle_in_path       = False                  x
  obstacle_count_in_path = 0                      x
  obstacles              = {}                     x
  objects                = {'object_1': {'type': 'box', 'size': [0.04, 0.04, 0.04], 'mass': 1.0, 'color': [0.1, 0.2, 0.9, 1.0], 'initial_position': [-0.25, 0.0, 0.02], 'lateral_friction': 0.5, 'spinning_friction': 0.001, 'current_position': [-0.2500096250286003, -2.1045845241265372e-05, 0.01998711247706236]}, 'unknown_object': {'type': 'box', 'size': [0.04, 0.01, 0.04], 'mass': 0.3, 'color': [0.9, 0.4, 0.1, 1.0], 'initial_position': [-0.25, 0.02, 0.02], 'lateral_friction': 0.5, 'spinning_friction': 0.001, 'current_position': [-0.2500437735937961, 0.0249418522441364, 0.019993915444074157]}}  x
  scripts                = {'script_1': True, 'reach_only': True, 'left_right': True}  x
  target_goal            = {'type': 'goal_sequence', 'targets': [{'name': 'target', 'position': [0.15000000596046448, 0.0, 0.019999999552965164]}], 'mode': 'goal_sequence'}  x
  scene                  = {'table': {'length': 1.1, 'width': 0.7, 'height': 0.4, 'x_offset': -0.3, 'lateral_friction': 3.0, 'spinning_friction': 0.001}}  x
  robot_config           = {'control_type': 'ee', 'block_gripper': False, 'base_position': [-0.6, 0.0, 0.05]}  x
  current_task           = OBJECT_DELIVERY_SEQUENCE  x
  current_subtask        = APPROACH_OBJECT        x
  active_target_name     = target                 x
  action                 = [0.3223, 0.0003, -0.9466, 1.0000]  x
  joint_angles           = [-0.0008, 0.1141, 0.0006, -2.8742, -0.0000, 2.9734, 0.7853]  x
  joint_velocities       = [0.0001, 2.2018, -0.0007, 0.4189, -0.0020, 0.8672, 0.0011]  x
  cube_rotation          = [0.0002, -0.0000, 0.0004]  x
  cube_linear_velocity   = [-0.0000, 0.0000, -0.0000]  x
  obstacle_positions     = {}                     x
[step=  12 08:57:36.412][ASM] [PENDING] approach_object → grasp_object: condições satisfeitas, aguardando managing
[step=  12 08:57:36.412][Analyzer] ASM node=approach_object  goal_status=not_applicable
[step=  12 08:57:36.417][DejaVu] {'status': 'ok', 'unanticipated': False}
[step=  13 08:57:37.569][Manager] ep=1 subtask=APPROACH_OBJECT reward=-0.4000
[step=  13 08:57:37.569][Perception]
  RAW PERCEPTION                                  MONITORED PARAMS
  ----------------------------------------------  --------------------------------------
  fingers_width         = 0.0800 m                gripper_width_cm      = 7 cm
  dist_ee_to_cube       = 0.0092 m                distance_ee_object_cm = 0 cm
  dist_cube_to_target   = 0.4000 m  (3D)          distance_obj_goal_cm  = 40 cm  (XY)
  cube_position (z)     = 0.0200 m                object_lift_height_cm = 0 cm
  cube_position (xy)    = [-0.250, -0.000]        grasp_completed       = 0
  finger_contacts (raw) = 0                       finger_contacts       = 0
  x                                               grasp_attempts        = 0
  x                                               task_started          = 1
  x                                               object_available      = 1
  x                                               task_aborted          = 0
  episode                = 1                      x
  step                   = 13                     x
  ee_position            = [-0.2448, -0.0000, 0.0275]  x
  ee_velocity            = [-0.1043, 0.0003, -0.6151]  x
  target_position        = [0.1500, 0.0000, 0.0200]  x
  reward                 = -0.4000                x
  is_success             = False                  x
  obstacle_in_path       = False                  x
  obstacle_count_in_path = 0                      x
  obstacles              = {}                     x
  objects                = {'object_1': {'type': 'box', 'size': [0.04, 0.04, 0.04], 'mass': 1.0, 'color': [0.1, 0.2, 0.9, 1.0], 'initial_position': [-0.25, 0.0, 0.02], 'lateral_friction': 0.5, 'spinning_friction': 0.001, 'current_position': [-0.2500110261550974, -2.067586366054367e-05, 0.019987079998117142]}, 'unknown_object': {'type': 'box', 'size': [0.04, 0.01, 0.04], 'mass': 0.3, 'color': [0.9, 0.4, 0.1, 1.0], 'initial_position': [-0.25, 0.02, 0.02], 'lateral_friction': 0.5, 'spinning_friction': 0.001, 'current_position': [-0.25005045044667384, 0.024942660253801634, 0.019994259348944433]}}  x
  scripts                = {'script_1': True, 'reach_only': True, 'left_right': True}  x
  target_goal            = {'type': 'goal_sequence', 'targets': [{'name': 'target', 'position': [0.15000000596046448, 0.0, 0.019999999552965164]}], 'mode': 'goal_sequence'}  x
  scene                  = {'table': {'length': 1.1, 'width': 0.7, 'height': 0.4, 'x_offset': -0.3, 'lateral_friction': 3.0, 'spinning_friction': 0.001}}  x
  robot_config           = {'control_type': 'ee', 'block_gripper': False, 'base_position': [-0.6, 0.0, 0.05]}  x
  current_task           = OBJECT_DELIVERY_SEQUENCE  x
  current_subtask        = APPROACH_OBJECT        x
  active_target_name     = target                 x
  action                 = [0.4436, 0.0014, -0.8962, 1.0000]  x
  joint_angles           = [-0.0005, 0.2612, 0.0004, -2.8100, -0.0002, 3.0542, 0.7855]  x
  joint_velocities       = [0.0022, 2.3161, -0.0021, 0.7998, -0.0015, 0.6213, 0.0017]  x
  cube_rotation          = [0.0002, -0.0000, 0.0005]  x
  cube_linear_velocity   = [-0.0000, 0.0000, -0.0000]  x
  obstacle_positions     = {}                     x
[step=  13 08:57:37.573][ASM] [PENDING] approach_object → grasp_object: aguardando managing (já validado)
[step=  13 08:57:37.573][Analyzer] ASM node=approach_object  goal_status=not_applicable
[step=  13 08:57:37.577][DejaVu] {'status': 'ok', 'unanticipated': False}
[step=  14 08:57:38.742][Manager] ep=1 subtask=GRASP_OBJECT reward=-0.3979
[step=  14 08:57:38.742][Perception]
  RAW PERCEPTION                                  MONITORED PARAMS
  ----------------------------------------------  --------------------------------------
  fingers_width         = 0.0462 m                gripper_width_cm      = 4 cm
  dist_ee_to_cube       = 0.0013 m                distance_ee_object_cm = 0 cm
  dist_cube_to_target   = 0.3979 m  (3D)          distance_obj_goal_cm  = 39 cm  (XY)
  cube_position (z)     = 0.0240 m                object_lift_height_cm = 0 cm
  cube_position (xy)    = [-0.248, -0.001]        grasp_completed       = 1
  finger_contacts (raw) = 1                       finger_contacts       = 1
  x                                               grasp_attempts        = 1
  x                                               task_started          = 1
  x                                               object_available      = 1
  x                                               task_aborted          = 0
  episode                = 1                      x
  step                   = 14                     x
  ee_position            = [-0.2475, -0.0000, 0.0240]  x
  ee_velocity            = [0.1568, -0.0010, 0.1976]  x
  target_position        = [0.1500, 0.0000, 0.0200]  x
  reward                 = -0.3979                x
  is_success             = False                  x
  obstacle_in_path       = False                  x
  obstacle_count_in_path = 0                      x
  obstacles              = {}                     x
  objects                = {'object_1': {'type': 'box', 'size': [0.04, 0.04, 0.04], 'mass': 1.0, 'color': [0.1, 0.2, 0.9, 1.0], 'initial_position': [-0.25, 0.0, 0.02], 'lateral_friction': 0.5, 'spinning_friction': 0.001, 'current_position': [-0.24783085794715015, -0.0012954183578003777, 0.02395222144940094]}, 'unknown_object': {'type': 'box', 'size': [0.04, 0.01, 0.04], 'mass': 0.3, 'color': [0.9, 0.4, 0.1, 1.0], 'initial_position': [-0.25, 0.02, 0.02], 'lateral_friction': 0.5, 'spinning_friction': 0.001, 'current_position': [-0.24780864330612665, 0.02367525262028171, 0.023808241986584336]}}  x
  scripts                = {'script_1': True, 'reach_only': True, 'left_right': True}  x
  target_goal            = {'type': 'goal_sequence', 'targets': [{'name': 'target', 'position': [0.15000000596046448, 0.0, 0.019999999552965164]}], 'mode': 'goal_sequence'}  x
  scene                  = {'table': {'length': 1.1, 'width': 0.7, 'height': 0.4, 'x_offset': -0.3, 'lateral_friction': 3.0, 'spinning_friction': 0.001}}  x
  robot_config           = {'control_type': 'ee', 'block_gripper': False, 'base_position': [-0.6, 0.0, 0.05]}  x
  current_task           = OBJECT_DELIVERY_SEQUENCE  x
  current_subtask        = GRASP_OBJECT           x
  active_target_name     = target                 x
  action                 = [0.0000, 0.0000, 0.0000, -1.0000]  x
  joint_angles           = [-0.0004, 0.2669, 0.0002, -2.8174, -0.0004, 3.0728, 0.7856]  x
  joint_velocities       = [0.0011, -0.5719, -0.0032, -0.0851, 0.0004, 0.1428, -0.0003]  x
  cube_rotation          = [-0.0073, -0.0230, 0.0152]  x
  cube_linear_velocity   = [0.1574, 0.0119, 0.1981]  x
  obstacle_positions     = {}                     x
[step=  14 08:57:38.745][ASM] [PENDING] approach_object → grasp_object: aguardando managing (já validado)
[step=  14 08:57:38.746][ASM] [OK] approach_object → grasp_object  (type=domain)
[step=  14 08:57:38.746][Analyzer] ASM node=grasp_object  goal_status=ok  (scenario=GRASP_OBJECT)
[step=  14 08:57:38.754][DejaVu] {'status': 'ok', 'unanticipated': False}
[step=  15 08:57:39.889][Manager] ep=1 subtask=GRASP_OBJECT reward=-0.3978
[step=  15 08:57:39.889][Perception]
  RAW PERCEPTION                                  MONITORED PARAMS
  ----------------------------------------------  --------------------------------------
  fingers_width         = 0.0465 m                gripper_width_cm      = 4 cm
  dist_ee_to_cube       = 0.0011 m                distance_ee_object_cm = 0 cm
  dist_cube_to_target   = 0.3978 m  (3D)          distance_obj_goal_cm  = 39 cm  (XY)
  cube_position (z)     = 0.0242 m                object_lift_height_cm = 0 cm
  cube_position (xy)    = [-0.248, -0.001]        grasp_completed       = 1
  finger_contacts (raw) = 1                       finger_contacts       = 1
  x                                               grasp_attempts        = 1
  x                                               task_started          = 1
  x                                               object_available      = 1
  x                                               task_aborted          = 0
  episode                = 1                      x
  step                   = 15                     x
  ee_position            = [-0.2471, -0.0000, 0.0247]  x
  ee_velocity            = [-0.0048, -0.0001, -0.0030]  x
  target_position        = [0.1500, 0.0000, 0.0200]  x
  reward                 = -0.3978                x
  is_success             = False                  x
  obstacle_in_path       = False                  x
  obstacle_count_in_path = 0                      x
  obstacles              = {}                     x
  objects                = {'object_1': {'type': 'box', 'size': [0.04, 0.04, 0.04], 'mass': 1.0, 'color': [0.1, 0.2, 0.9, 1.0], 'initial_position': [-0.25, 0.0, 0.02], 'lateral_friction': 0.5, 'spinning_friction': 0.001, 'current_position': [-0.24778096968895275, -0.0007891186118579866, 0.024244788111318614]}, 'unknown_object': {'type': 'box', 'size': [0.04, 0.01, 0.04], 'mass': 0.3, 'color': [0.9, 0.4, 0.1, 1.0], 'initial_position': [-0.25, 0.02, 0.02], 'lateral_friction': 0.5, 'spinning_friction': 0.001, 'current_position': [-0.2477514013368049, 0.02419278774546834, 0.024103517733087557]}}  x
  scripts                = {'script_1': True, 'reach_only': True, 'left_right': True}  x
  target_goal            = {'type': 'goal_sequence', 'targets': [{'name': 'target', 'position': [0.15000000596046448, 0.0, 0.019999999552965164]}], 'mode': 'goal_sequence'}  x
  scene                  = {'table': {'length': 1.1, 'width': 0.7, 'height': 0.4, 'x_offset': -0.3, 'lateral_friction': 3.0, 'spinning_friction': 0.001}}  x
  robot_config           = {'control_type': 'ee', 'block_gripper': False, 'base_position': [-0.6, 0.0, 0.05]}  x
  current_task           = OBJECT_DELIVERY_SEQUENCE  x
  current_subtask        = GRASP_OBJECT           x
  active_target_name     = target                 x
  action                 = [0.0000, 0.0000, 0.0000, -1.0000]  x
  joint_angles           = [-0.0003, 0.2670, 0.0001, -2.8230, -0.0004, 3.0886, 0.7856]  x
  joint_velocities       = [0.0006, 0.0152, -0.0007, -0.0437, -0.0001, 0.1214, 0.0005]  x
  cube_rotation          = [-0.0069, -0.0323, 0.0148]  x
  cube_linear_velocity   = [-0.0044, 0.0130, -0.0034]  x
  obstacle_positions     = {}                     x
[step=  15 08:57:39.893][ASM] [ADAPT] grasp_object → retry_grasp  (type=adaptive)
[step=  15 08:57:39.893][Analyzer] ASM node=retry_grasp  goal_status=VIOLATED  → adaptation=RETRY_GRASP
[step=  15 08:57:39.898][DejaVu] {'status': 'ok', 'unanticipated': False}
[step=  15 08:57:39.899][Planner] situacao=RETRY_GRASP  strategy=RETRY_GRASP
[step=  15 08:57:40.045][Manager] Adaptacao iniciada: RETRY_GRASP
[step=  16 08:57:41.062][Manager] ep=1 subtask= reward=-0.4000
[step=  16 08:57:41.063][Perception]
  RAW PERCEPTION                                  MONITORED PARAMS
  ----------------------------------------------  --------------------------------------
  fingers_width         = 0.0759 m                gripper_width_cm      = 7 cm
  dist_ee_to_cube       = 0.0058 m                distance_ee_object_cm = 0 cm
  dist_cube_to_target   = 0.4000 m  (3D)          distance_obj_goal_cm  = 40 cm  (XY)
  cube_position (z)     = 0.0200 m                object_lift_height_cm = 0 cm
  cube_position (xy)    = [-0.250, 0.000]         grasp_completed       = 0
  finger_contacts (raw) = 0                       finger_contacts       = 0
  x                                               grasp_attempts        = 1
  x                                               task_started          = 1
  x                                               object_available      = 1
  x                                               task_aborted          = 0
  episode                = 1                      x
  step                   = 16                     x
  ee_position            = [-0.2469, -0.0000, 0.0249]  x
  ee_velocity            = [0.0022, 0.0000, 0.0014]  x
  target_position        = [0.1500, 0.0000, 0.0200]  x
  reward                 = -0.4000                x
  is_success             = False                  x
  obstacle_in_path       = False                  x
  obstacle_count_in_path = 0                      x
  obstacles              = {}                     x
  objects                = {'object_1': {'type': 'box', 'size': [0.04, 0.04, 0.04], 'mass': 1.0, 'color': [0.1, 0.2, 0.9, 1.0], 'initial_position': [-0.25, 0.0, 0.02], 'lateral_friction': 0.5, 'spinning_friction': 0.001, 'current_position': [-0.24999999994901, 8.899574003507331e-11, 0.01998999995306957]}, 'unknown_object': {'type': 'box', 'size': [0.04, 0.01, 0.04], 'mass': 0.3, 'color': [0.9, 0.4, 0.1, 1.0], 'initial_position': [-0.25, 0.02, 0.02], 'lateral_friction': 0.5, 'spinning_friction': 0.001, 'current_position': [-0.24721720380643694, 0.02509477142988675, 0.019843991035775842]}}  x
  scripts                = {'script_1': True, 'reach_only': True, 'left_right': True}  x
  target_goal            = {'type': 'goal_sequence', 'targets': [{'name': 'target', 'position': [0.15000000596046448, 0.0, 0.019999999552965164]}], 'mode': 'goal_sequence'}  x
  scene                  = {'table': {'length': 1.1, 'width': 0.7, 'height': 0.4, 'x_offset': -0.3, 'lateral_friction': 3.0, 'spinning_friction': 0.001}}  x
  robot_config           = {'control_type': 'ee', 'block_gripper': False, 'base_position': [-0.6, 0.0, 0.05]}  x
  current_task           = RETRY_GRASP            x
  active_target_name     = target                 x
  action                 = [0.0000, 0.0000, 0.0000, 1.0000]  x
  joint_angles           = [-0.0003, 0.2667, 0.0001, -2.8228, -0.0004, 3.0891, 0.7856]  x
  joint_velocities       = [0.0000, -0.0022, 0.0001, 0.0014, -0.0000, 0.0034, -0.0000]  x
  cube_rotation          = [-0.0000, -0.0000, -0.0000]  x
  cube_linear_velocity   = [0.0000, -0.0000, 0.0000]  x
  obstacle_positions     = {}                     x
[step=  16 08:57:41.066][Analyzer] ASM node=retry_grasp  goal_status=not_applicable
[step=  16 08:57:41.074][DejaVu] {'status': 'ok', 'unanticipated': False}
[step=  17 08:57:42.223][Manager] ep=1 subtask= reward=-0.4000
[step=  17 08:57:42.223][Perception]
  RAW PERCEPTION                                  MONITORED PARAMS
  ----------------------------------------------  --------------------------------------
  fingers_width         = 0.0795 m                gripper_width_cm      = 7 cm
  dist_ee_to_cube       = 0.0204 m                distance_ee_object_cm = 0 cm
  dist_cube_to_target   = 0.4000 m  (3D)          distance_obj_goal_cm  = 40 cm  (XY)
  cube_position (z)     = 0.0200 m                object_lift_height_cm = 0 cm
  cube_position (xy)    = [-0.250, 0.000]         grasp_completed       = 0
  finger_contacts (raw) = 0                       finger_contacts       = 0
  x                                               grasp_attempts        = 1
  x                                               task_started          = 1
  x                                               object_available      = 1
  x                                               task_aborted          = 0
  episode                = 1                      x
  step                   = 17                     x
  ee_position            = [-0.2614, -0.0000, 0.0368]  x
  ee_velocity            = [0.5255, -0.0000, 0.8775]  x
  target_position        = [0.1500, 0.0000, 0.0200]  x
  reward                 = -0.4000                x
  is_success             = False                  x
  obstacle_in_path       = False                  x
  obstacle_count_in_path = 0                      x
  obstacles              = {}                     x
  objects                = {'object_1': {'type': 'box', 'size': [0.04, 0.04, 0.04], 'mass': 1.0, 'color': [0.1, 0.2, 0.9, 1.0], 'initial_position': [-0.25, 0.0, 0.02], 'lateral_friction': 0.5, 'spinning_friction': 0.001, 'current_position': [-0.24999999992101649, 7.89142511749269e-11, 0.01998999999114453]}, 'unknown_object': {'type': 'box', 'size': [0.04, 0.01, 0.04], 'mass': 0.3, 'color': [0.9, 0.4, 0.1, 1.0], 'initial_position': [-0.25, 0.02, 0.02], 'lateral_friction': 0.5, 'spinning_friction': 0.001, 'current_position': [-0.24726047137916676, 0.025100757210839788, 0.019962716642218846]}}  x
  scripts                = {'script_1': True, 'reach_only': True, 'left_right': True}  x
  target_goal            = {'type': 'goal_sequence', 'targets': [{'name': 'target', 'position': [0.15000000596046448, 0.0, 0.019999999552965164]}], 'mode': 'goal_sequence'}  x
  scene                  = {'table': {'length': 1.1, 'width': 0.7, 'height': 0.4, 'x_offset': -0.3, 'lateral_friction': 3.0, 'spinning_friction': 0.001}}  x
  robot_config           = {'control_type': 'ee', 'block_gripper': False, 'base_position': [-0.6, 0.0, 0.05]}  x
  current_task           = RETRY_GRASP            x
  active_target_name     = target                 x
  action                 = [-0.0223, 0.0002, 0.9998, 1.0000]  x
  joint_angles           = [-0.0003, 0.1881, 0.0002, -2.8483, -0.0003, 2.9857, 0.7856]  x
  joint_velocities       = [-0.0000, -2.9414, 0.0008, -0.2917, 0.0006, -0.7949, 0.0000]  x
  cube_rotation          = [-0.0000, -0.0000, -0.0000]  x
  cube_linear_velocity   = [0.0000, -0.0000, 0.0000]  x
  obstacle_positions     = {}                     x
[step=  17 08:57:42.226][Analyzer] ASM node=retry_grasp  goal_status=not_applicable
[step=  17 08:57:42.232][DejaVu] {'status': 'ok', 'unanticipated': False}
[step=  18 08:57:43.382][Manager] ep=1 subtask= reward=-0.4000
[step=  18 08:57:43.383][Perception]
  RAW PERCEPTION                                  MONITORED PARAMS
  ----------------------------------------------  --------------------------------------
  fingers_width         = 0.0799 m                gripper_width_cm      = 7 cm
  dist_ee_to_cube       = 0.0518 m                distance_ee_object_cm = 2 cm
  dist_cube_to_target   = 0.4000 m  (3D)          distance_obj_goal_cm  = 40 cm  (XY)
  cube_position (z)     = 0.0200 m                object_lift_height_cm = 0 cm
  cube_position (xy)    = [-0.250, 0.000]         grasp_completed       = 0
  finger_contacts (raw) = 0                       finger_contacts       = 0
  x                                               grasp_attempts        = 1
  x                                               task_started          = 1
  x                                               object_available      = 1
  x                                               task_aborted          = 0
  episode                = 1                      x
  step                   = 18                     x
  ee_position            = [-0.2532, 0.0000, 0.0717]  x
  ee_velocity            = [0.0988, 0.0000, 0.3596]  x
  target_position        = [0.1500, 0.0000, 0.0200]  x
  reward                 = -0.4000                x
  is_success             = False                  x
  obstacle_in_path       = False                  x
  obstacle_count_in_path = 0                      x
  obstacles              = {}                     x
  objects                = {'object_1': {'type': 'box', 'size': [0.04, 0.04, 0.04], 'mass': 1.0, 'color': [0.1, 0.2, 0.9, 1.0], 'initial_position': [-0.25, 0.0, 0.02], 'lateral_friction': 0.5, 'spinning_friction': 0.001, 'current_position': [-0.2499999999156816, 7.703063847309146e-11, 0.019989999998327377]}, 'unknown_object': {'type': 'box', 'size': [0.04, 0.01, 0.04], 'mass': 0.3, 'color': [0.9, 0.4, 0.1, 1.0], 'initial_position': [-0.25, 0.02, 0.02], 'lateral_friction': 0.5, 'spinning_friction': 0.001, 'current_position': [-0.24726886970800913, 0.025101934093417256, 0.019984851870240804]}}  x
  scripts                = {'script_1': True, 'reach_only': True, 'left_right': True}  x
  target_goal            = {'type': 'goal_sequence', 'targets': [{'name': 'target', 'position': [0.15000000596046448, 0.0, 0.019999999552965164]}], 'mode': 'goal_sequence'}  x
  scene                  = {'table': {'length': 1.1, 'width': 0.7, 'height': 0.4, 'x_offset': -0.3, 'lateral_friction': 3.0, 'spinning_friction': 0.001}}  x
  robot_config           = {'control_type': 'ee', 'block_gripper': False, 'base_position': [-0.6, 0.0, 0.05]}  x
  current_task           = RETRY_GRASP            x
  active_target_name     = target                 x
  action                 = [0.0889, 0.0000, 0.9960, 1.0000]  x
  joint_angles           = [-0.0003, 0.0574, 0.0003, -2.8800, -0.0002, 2.9367, 0.7856]  x
  joint_velocities       = [-0.0000, -1.3469, 0.0005, -0.3025, 0.0008, -0.3764, -0.0003]  x
  cube_rotation          = [-0.0000, -0.0000, -0.0000]  x
  cube_linear_velocity   = [0.0000, -0.0000, 0.0000]  x
  obstacle_positions     = {}                     x
[step=  18 08:57:43.385][Analyzer] ASM node=retry_grasp  goal_status=not_applicable
[step=  18 08:57:43.390][DejaVu] {'status': 'ok', 'unanticipated': False}
[step=  19 08:57:44.543][Manager] ep=1 subtask= reward=-0.4000
[step=  19 08:57:44.543][Perception]
  RAW PERCEPTION                                  MONITORED PARAMS
  ----------------------------------------------  --------------------------------------
  fingers_width         = 0.0800 m                gripper_width_cm      = 7 cm
  dist_ee_to_cube       = 0.0778 m                distance_ee_object_cm = 5 cm
  dist_cube_to_target   = 0.4000 m  (3D)          distance_obj_goal_cm  = 40 cm  (XY)
  cube_position (z)     = 0.0200 m                object_lift_height_cm = 0 cm
  cube_position (xy)    = [-0.250, 0.000]         grasp_completed       = 0
  finger_contacts (raw) = 0                       finger_contacts       = 0
  x                                               grasp_attempts        = 1
  x                                               task_started          = 1
  x                                               object_available      = 1
  x                                               task_aborted          = 0
  episode                = 1                      x
  step                   = 19                     x
  ee_position            = [-0.2519, 0.0000, 0.0977]  x
  ee_velocity            = [0.2715, 0.0000, 0.6064]  x
  target_position        = [0.1500, 0.0000, 0.0200]  x
  reward                 = -0.4000                x
  is_success             = False                  x
  obstacle_in_path       = False                  x
  obstacle_count_in_path = 0                      x
  obstacles              = {}                     x
  objects                = {'object_1': {'type': 'box', 'size': [0.04, 0.04, 0.04], 'mass': 1.0, 'color': [0.1, 0.2, 0.9, 1.0], 'initial_position': [-0.25, 0.0, 0.02], 'lateral_friction': 0.5, 'spinning_friction': 0.001, 'current_position': [-0.25000026945864867, 6.471170647034903e-11, 0.019989880949415926]}, 'unknown_object': {'type': 'box', 'size': [0.04, 0.01, 0.04], 'mass': 0.3, 'color': [0.9, 0.4, 0.1, 1.0], 'initial_position': [-0.25, 0.02, 0.02], 'lateral_friction': 0.5, 'spinning_friction': 0.001, 'current_position': [-0.2472712468063812, 0.02510009628485926, 0.019989030879978584]}}  x
  scripts                = {'script_1': True, 'reach_only': True, 'left_right': True}  x
  target_goal            = {'type': 'goal_sequence', 'targets': [{'name': 'target', 'position': [0.15000000596046448, 0.0, 0.019999999552965164]}], 'mode': 'goal_sequence'}  x
  scene                  = {'table': {'length': 1.1, 'width': 0.7, 'height': 0.4, 'x_offset': -0.3, 'lateral_friction': 3.0, 'spinning_friction': 0.001}}  x
  robot_config           = {'control_type': 'ee', 'block_gripper': False, 'base_position': [-0.6, 0.0, 0.05]}  x
  current_task           = RETRY_GRASP            x
  active_target_name     = target                 x
  action                 = [0.0345, -0.0001, 0.9994, 1.0000]  x
  joint_angles           = [-0.0003, -0.0471, 0.0003, -2.8788, -0.0000, 2.8196, 0.7854]  x
  joint_velocities       = [0.0004, -1.9551, 0.0000, 0.0082, 0.0015, -0.9008, -0.0011]  x
  cube_rotation          = [0.0000, -0.0000, -0.0000]  x
  cube_linear_velocity   = [-0.0000, 0.0000, -0.0000]  x
  obstacle_positions     = {}                     x
[step=  19 08:57:44.547][Analyzer] ASM node=retry_grasp  goal_status=not_applicable
[step=  19 08:57:44.555][DejaVu] {'status': 'ok', 'unanticipated': False}
[step=  20 08:57:45.729][Manager] ep=1 subtask= reward=-0.4000
[step=  20 08:57:45.730][Perception]
  RAW PERCEPTION                                  MONITORED PARAMS
  ----------------------------------------------  --------------------------------------
  fingers_width         = 0.0800 m                gripper_width_cm      = 7 cm
  dist_ee_to_cube       = 0.1086 m                distance_ee_object_cm = 8 cm
  dist_cube_to_target   = 0.4000 m  (3D)          distance_obj_goal_cm  = 40 cm  (XY)
  cube_position (z)     = 0.0200 m                object_lift_height_cm = 0 cm
  cube_position (xy)    = [-0.250, 0.000]         grasp_completed       = 0
  finger_contacts (raw) = 0                       finger_contacts       = 0
  x                                               grasp_attempts        = 1
  x                                               task_started          = 1
  x                                               object_available      = 1
  x                                               task_aborted          = 0
  episode                = 1                      x
  step                   = 20                     x
  ee_position            = [-0.2476, 0.0000, 0.1286]  x
  ee_velocity            = [0.1280, 0.0001, 0.4259]  x
  target_position        = [0.1500, 0.0000, 0.0200]  x
  reward                 = -0.4000                x
  is_success             = False                  x
  obstacle_in_path       = False                  x
  obstacle_count_in_path = 0                      x
  obstacles              = {}                     x
  objects                = {'object_1': {'type': 'box', 'size': [0.04, 0.04, 0.04], 'mass': 1.0, 'color': [0.1, 0.2, 0.9, 1.0], 'initial_position': [-0.25, 0.0, 0.02], 'lateral_friction': 0.5, 'spinning_friction': 0.001, 'current_position': [-0.25000051355794867, 3.282402182696579e-07, 0.019989631685122754]}, 'unknown_object': {'type': 'box', 'size': [0.04, 0.01, 0.04], 'mass': 0.3, 'color': [0.9, 0.4, 0.1, 1.0], 'initial_position': [-0.25, 0.02, 0.02], 'lateral_friction': 0.5, 'spinning_friction': 0.001, 'current_position': [-0.2472715717291773, 0.02510159614434499, 0.019989529232233728]}}  x
  scripts                = {'script_1': True, 'reach_only': True, 'left_right': True}  x
  target_goal            = {'type': 'goal_sequence', 'targets': [{'name': 'target', 'position': [0.15000000596046448, 0.0, 0.019999999552965164]}], 'mode': 'goal_sequence'}  x
  scene                  = {'table': {'length': 1.1, 'width': 0.7, 'height': 0.4, 'x_offset': -0.3, 'lateral_friction': 3.0, 'spinning_friction': 0.001}}  x
  robot_config           = {'control_type': 'ee', 'block_gripper': False, 'base_position': [-0.6, 0.0, 0.05]}  x
  current_task           = RETRY_GRASP            x
  active_target_name     = target                 x
  action                 = [0.0285, -0.0002, 0.9996, 1.0000]  x
  joint_angles           = [-0.0002, -0.1553, 0.0003, -2.8728, 0.0001, 2.7121, 0.7854]  x
  joint_velocities       = [0.0002, -1.3700, 0.0001, 0.0459, 0.0007, -0.8264, -0.0006]  x
  cube_rotation          = [0.0000, -0.0000, -0.0000]  x
  cube_linear_velocity   = [-0.0000, -0.0000, 0.0000]  x
  obstacle_positions     = {}                     x
[step=  20 08:57:45.733][Analyzer] ASM node=retry_grasp  goal_status=not_applicable
[step=  20 08:57:45.739][DejaVu] {'status': 'ok', 'unanticipated': False}
[step=  21 08:57:46.876][Manager] ep=1 subtask= reward=-0.4000
[step=  21 08:57:46.876][Perception]
  RAW PERCEPTION                                  MONITORED PARAMS
  ----------------------------------------------  --------------------------------------
  fingers_width         = 0.0800 m                gripper_width_cm      = 7 cm
  dist_ee_to_cube       = 0.1379 m                distance_ee_object_cm = 11 cm
  dist_cube_to_target   = 0.4000 m  (3D)          distance_obj_goal_cm  = 40 cm  (XY)
  cube_position (z)     = 0.0200 m                object_lift_height_cm = 0 cm
  cube_position (xy)    = [-0.250, 0.000]         grasp_completed       = 0
  finger_contacts (raw) = 0                       finger_contacts       = 0
  x                                               grasp_attempts        = 1
  x                                               task_started          = 1
  x                                               object_available      = 1
  x                                               task_aborted          = 0
  episode                = 1                      x
  step                   = 21                     x
  ee_position            = [-0.2473, -0.0000, 0.1578]  x
  ee_velocity            = [0.1602, 0.0000, 0.5729]  x
  target_position        = [0.1500, 0.0000, 0.0200]  x
  reward                 = -0.4000                x
  is_success             = False                  x
  obstacle_in_path       = False                  x
  obstacle_count_in_path = 0                      x
  obstacles              = {}                     x
  objects                = {'object_1': {'type': 'box', 'size': [0.04, 0.04, 0.04], 'mass': 1.0, 'color': [0.1, 0.2, 0.9, 1.0], 'initial_position': [-0.25, 0.0, 0.02], 'lateral_friction': 0.5, 'spinning_friction': 0.001, 'current_position': [-0.2500005821628381, 6.753852683633457e-07, 0.01998956827685881]}, 'unknown_object': {'type': 'box', 'size': [0.04, 0.01, 0.04], 'mass': 0.3, 'color': [0.9, 0.4, 0.1, 1.0], 'initial_position': [-0.25, 0.02, 0.02], 'lateral_friction': 0.5, 'spinning_friction': 0.001, 'current_position': [-0.24727156652413534, 0.02510187330662972, 0.01998950572523743]}}  x
  scripts                = {'script_1': True, 'reach_only': True, 'left_right': True}  x
  target_goal            = {'type': 'goal_sequence', 'targets': [{'name': 'target', 'position': [0.15000000596046448, 0.0, 0.019999999552965164]}], 'mode': 'goal_sequence'}  x
  scene                  = {'table': {'length': 1.1, 'width': 0.7, 'height': 0.4, 'x_offset': -0.3, 'lateral_friction': 3.0, 'spinning_friction': 0.001}}  x
  robot_config           = {'control_type': 'ee', 'block_gripper': False, 'base_position': [-0.6, 0.0, 0.05]}  x
  current_task           = RETRY_GRASP            x
  active_target_name     = target                 x
  action                 = [-0.0661, -0.0002, 0.9978, 1.0000]  x
  joint_angles           = [-0.0002, -0.2560, 0.0003, -2.8606, 0.0001, 2.5945, 0.7853]  x
  joint_velocities       = [0.0004, -1.7494, -0.0002, 0.0942, 0.0004, -0.9041, -0.0006]  x
  cube_rotation          = [0.0000, -0.0000, -0.0000]  x
  cube_linear_velocity   = [-0.0000, -0.0000, 0.0000]  x
  obstacle_positions     = {}                     x
[step=  21 08:57:46.879][Analyzer] ASM node=retry_grasp  goal_status=not_applicable
[step=  21 08:57:46.884][DejaVu] {'status': 'ok', 'unanticipated': False}
[step=  22 08:57:48.024][Manager] ep=1 subtask= reward=-0.4000
[step=  22 08:57:48.024][Perception]
  RAW PERCEPTION                                  MONITORED PARAMS
  ----------------------------------------------  --------------------------------------
  fingers_width         = 0.0800 m                gripper_width_cm      = 7 cm
  dist_ee_to_cube       = 0.1665 m                distance_ee_object_cm = 14 cm
  dist_cube_to_target   = 0.4000 m  (3D)          distance_obj_goal_cm  = 40 cm  (XY)
  cube_position (z)     = 0.0200 m                object_lift_height_cm = 0 cm
  cube_position (xy)    = [-0.250, 0.000]         grasp_completed       = 0
  finger_contacts (raw) = 0                       finger_contacts       = 0
  x                                               grasp_attempts        = 1
  x                                               task_started          = 1
  x                                               object_available      = 1
  x                                               task_aborted          = 0
  episode                = 1                      x
  step                   = 22                     x
  ee_position            = [-0.2560, 0.0000, 0.1864]  x
  ee_velocity            = [0.0342, 0.0000, 0.5088]  x
  target_position        = [0.1500, 0.0000, 0.0200]  x
  reward                 = -0.4000                x
  is_success             = False                  x
  obstacle_in_path       = False                  x
  obstacle_count_in_path = 0                      x
  obstacles              = {}                     x
  objects                = {'object_1': {'type': 'box', 'size': [0.04, 0.04, 0.04], 'mass': 1.0, 'color': [0.1, 0.2, 0.9, 1.0], 'initial_position': [-0.25, 0.0, 0.02], 'lateral_friction': 0.5, 'spinning_friction': 0.001, 'current_position': [-0.25000059934086794, 1.0225291994478353e-06, 0.01998955632036754]}, 'unknown_object': {'type': 'box', 'size': [0.04, 0.01, 0.04], 'mass': 0.3, 'color': [0.9, 0.4, 0.1, 1.0], 'initial_position': [-0.25, 0.02, 0.02], 'lateral_friction': 0.5, 'spinning_friction': 0.001, 'current_position': [-0.24727154267944296, 0.025102148456768954, 0.0199895012993402]}}  x
  scripts                = {'script_1': True, 'reach_only': True, 'left_right': True}  x
  target_goal            = {'type': 'goal_sequence', 'targets': [{'name': 'target', 'position': [0.15000000596046448, 0.0, 0.019999999552965164]}], 'mode': 'goal_sequence'}  x
  scene                  = {'table': {'length': 1.1, 'width': 0.7, 'height': 0.4, 'x_offset': -0.3, 'lateral_friction': 3.0, 'spinning_friction': 0.001}}  x
  robot_config           = {'control_type': 'ee', 'block_gripper': False, 'base_position': [-0.6, 0.0, 0.05]}  x
  current_task           = RETRY_GRASP            x
  active_target_name     = target                 x
  action                 = [-0.3493, 0.0001, 0.9370, 1.0000]  x
  joint_angles           = [-0.0002, -0.3759, 0.0002, -2.8724, 0.0001, 2.4893, 0.7853]  x
  joint_velocities       = [0.0001, -1.8267, 0.0001, -0.1295, 0.0002, -0.8084, -0.0000]  x
  cube_rotation          = [0.0000, -0.0000, -0.0000]  x
  cube_linear_velocity   = [-0.0000, -0.0000, 0.0000]  x
  obstacle_positions     = {}                     x
[step=  22 08:57:48.027][Analyzer] ASM node=retry_grasp  goal_status=not_applicable
[step=  22 08:57:48.035][DejaVu] {'status': 'ok', 'unanticipated': False}
[step=  23 08:57:49.183][Manager] ep=1 subtask= reward=-0.4000
[step=  23 08:57:49.184][Perception]
  RAW PERCEPTION                                  MONITORED PARAMS
  ----------------------------------------------  --------------------------------------
  fingers_width         = 0.0800 m                gripper_width_cm      = 7 cm
  dist_ee_to_cube       = 0.1620 m                distance_ee_object_cm = 13 cm
  dist_cube_to_target   = 0.4000 m  (3D)          distance_obj_goal_cm  = 40 cm  (XY)
  cube_position (z)     = 0.0200 m                object_lift_height_cm = 0 cm
  cube_position (xy)    = [-0.250, 0.000]         grasp_completed       = 0
  finger_contacts (raw) = 0                       finger_contacts       = 0
  x                                               grasp_attempts        = 1
  x                                               task_started          = 1
  x                                               object_available      = 1
  x                                               task_aborted          = 0
  episode                = 1                      x
  step                   = 23                     x
  ee_position            = [-0.2460, 0.0000, 0.1819]  x
  ee_velocity            = [-0.3236, -0.0002, -0.9504]  x
  target_position        = [0.1500, 0.0000, 0.0200]  x
  reward                 = -0.4000                x
  is_success             = False                  x
  obstacle_in_path       = False                  x
  obstacle_count_in_path = 0                      x
  obstacles              = {}                     x
  objects                = {'object_1': {'type': 'box', 'size': [0.04, 0.04, 0.04], 'mass': 1.0, 'color': [0.1, 0.2, 0.9, 1.0], 'initial_position': [-0.25, 0.0, 0.02], 'lateral_friction': 0.5, 'spinning_friction': 0.001, 'current_position': [-0.25000060682122777, 1.3696723868828101e-06, 0.01998955406573284]}, 'unknown_object': {'type': 'box', 'size': [0.04, 0.01, 0.04], 'mass': 0.3, 'color': [0.9, 0.4, 0.1, 1.0], 'initial_position': [-0.25, 0.02, 0.02], 'lateral_friction': 0.5, 'spinning_friction': 0.001, 'current_position': [-0.24727151524107988, 0.02510242361008826, 0.019989500464956993]}}  x
  scripts                = {'script_1': True, 'reach_only': True, 'left_right': True}  x
  target_goal            = {'type': 'goal_sequence', 'targets': [{'name': 'target', 'position': [0.15000000596046448, 0.0, 0.019999999552965164]}], 'mode': 'goal_sequence'}  x
  scene                  = {'table': {'length': 1.1, 'width': 0.7, 'height': 0.4, 'x_offset': -0.3, 'lateral_friction': 3.0, 'spinning_friction': 0.001}}  x
  robot_config           = {'control_type': 'ee', 'block_gripper': False, 'base_position': [-0.6, 0.0, 0.05]}  x
  current_task           = RETRY_GRASP            x
  active_target_name     = target                 x
  action                 = [0.0426, -0.0000, -0.9991, 1.0000]  x
  joint_angles           = [-0.0002, -0.3549, 0.0003, -2.9059, 0.0003, 2.6249, 0.7853]  x
  joint_velocities       = [-0.0001, 2.6995, 0.0002, -0.2675, -0.0101, 1.0422, 0.0000]  x
  cube_rotation          = [0.0000, -0.0000, -0.0000]  x
  cube_linear_velocity   = [-0.0000, -0.0000, 0.0000]  x
  obstacle_positions     = {}                     x
[step=  23 08:57:49.187][Analyzer] ASM node=retry_grasp  goal_status=not_applicable
[step=  23 08:57:49.193][DejaVu] {'status': 'ok', 'unanticipated': False}
[step=  24 08:57:50.356][Manager] ep=1 subtask= reward=-0.4000
[step=  24 08:57:50.356][Perception]
  RAW PERCEPTION                                  MONITORED PARAMS
  ----------------------------------------------  --------------------------------------
  fingers_width         = 0.0800 m                gripper_width_cm      = 7 cm
  dist_ee_to_cube       = 0.1215 m                distance_ee_object_cm = 9 cm
  dist_cube_to_target   = 0.4000 m  (3D)          distance_obj_goal_cm  = 40 cm  (XY)
  cube_position (z)     = 0.0200 m                object_lift_height_cm = 0 cm
  cube_position (xy)    = [-0.250, 0.000]         grasp_completed       = 0
  finger_contacts (raw) = 0                       finger_contacts       = 0
  x                                               grasp_attempts        = 1
  x                                               task_started          = 1
  x                                               object_available      = 1
  x                                               task_aborted          = 0
  episode                = 1                      x
  step                   = 24                     x
  ee_position            = [-0.2556, 0.0000, 0.1414]  x
  ee_velocity            = [-0.2738, 0.0001, -0.6501]  x
  target_position        = [0.1500, 0.0000, 0.0200]  x
  reward                 = -0.4000                x
  is_success             = False                  x
  obstacle_in_path       = False                  x
  obstacle_count_in_path = 0                      x
  obstacles              = {}                     x
  objects                = {'object_1': {'type': 'box', 'size': [0.04, 0.04, 0.04], 'mass': 1.0, 'color': [0.1, 0.2, 0.9, 1.0], 'initial_position': [-0.25, 0.0, 0.02], 'lateral_friction': 0.5, 'spinning_friction': 0.001, 'current_position': [-0.2500006124723622, 1.71681489779551e-06, 0.019989553640498602]}, 'unknown_object': {'type': 'box', 'size': [0.04, 0.01, 0.04], 'mass': 0.3, 'color': [0.9, 0.4, 0.1, 1.0], 'initial_position': [-0.25, 0.02, 0.02], 'lateral_friction': 0.5, 'spinning_friction': 0.001, 'current_position': [-0.24727148712427183, 0.02510269876344375, 0.019989500307659485]}}  x
  scripts                = {'script_1': True, 'reach_only': True, 'left_right': True}  x
  target_goal            = {'type': 'goal_sequence', 'targets': [{'name': 'target', 'position': [0.15000000596046448, 0.0, 0.019999999552965164]}], 'mode': 'goal_sequence'}  x
  scene                  = {'table': {'length': 1.1, 'width': 0.7, 'height': 0.4, 'x_offset': -0.3, 'lateral_friction': 3.0, 'spinning_friction': 0.001}}  x
  robot_config           = {'control_type': 'ee', 'block_gripper': False, 'base_position': [-0.6, 0.0, 0.05]}  x
  current_task           = RETRY_GRASP            x
  active_target_name     = target                 x
  action                 = [-0.0289, -0.0001, -0.9996, 1.0000]  x
  joint_angles           = [-0.0003, -0.2180, 0.0003, -2.8953, 0.0002, 2.6679, 0.7853]  x
  joint_velocities       = [-0.0004, 2.0688, 0.0005, 0.1018, -0.0012, 0.3302, 0.0001]  x
  cube_rotation          = [0.0000, -0.0000, -0.0000]  x
  cube_linear_velocity   = [-0.0000, -0.0000, 0.0000]  x
  obstacle_positions     = {}                     x
[step=  24 08:57:50.359][Analyzer] ASM node=retry_grasp  goal_status=not_applicable
[step=  24 08:57:50.364][DejaVu] {'status': 'ok', 'unanticipated': False}
[step=  25 08:57:51.516][Manager] ep=1 subtask= reward=-0.4000
[step=  25 08:57:51.517][Perception]
  RAW PERCEPTION                                  MONITORED PARAMS
  ----------------------------------------------  --------------------------------------
  fingers_width         = 0.0800 m                gripper_width_cm      = 7 cm
  dist_ee_to_cube       = 0.0880 m                distance_ee_object_cm = 6 cm
  dist_cube_to_target   = 0.4000 m  (3D)          distance_obj_goal_cm  = 40 cm  (XY)
  cube_position (z)     = 0.0200 m                object_lift_height_cm = 0 cm
  cube_position (xy)    = [-0.250, 0.000]         grasp_completed       = 0
  finger_contacts (raw) = 0                       finger_contacts       = 0
  x                                               grasp_attempts        = 1
  x                                               task_started          = 1
  x                                               object_available      = 1
  x                                               task_aborted          = 0
  episode                = 1                      x
  step                   = 25                     x
  ee_position            = [-0.2592, 0.0000, 0.1075]  x
  ee_velocity            = [-0.2667, 0.0001, -0.5923]  x
  target_position        = [0.1500, 0.0000, 0.0200]  x
  reward                 = -0.4000                x
  is_success             = False                  x
  obstacle_in_path       = False                  x
  obstacle_count_in_path = 0                      x
  obstacles              = {}                     x
  objects                = {'object_1': {'type': 'box', 'size': [0.04, 0.04, 0.04], 'mass': 1.0, 'color': [0.1, 0.2, 0.9, 1.0], 'initial_position': [-0.25, 0.0, 0.02], 'lateral_friction': 0.5, 'spinning_friction': 0.001, 'current_position': [-0.2500006177779587, 2.0639567505174665e-06, 0.019989553560219503]}, 'unknown_object': {'type': 'box', 'size': [0.04, 0.01, 0.04], 'mass': 0.3, 'color': [0.9, 0.4, 0.1, 1.0], 'initial_position': [-0.25, 0.02, 0.02], 'lateral_friction': 0.5, 'spinning_friction': 0.001, 'current_position': [-0.24727145887861565, 0.025102973916196702, 0.019989500278009168]}}  x
  scripts                = {'script_1': True, 'reach_only': True, 'left_right': True}  x
  target_goal            = {'type': 'goal_sequence', 'targets': [{'name': 'target', 'position': [0.15000000596046448, 0.0, 0.019999999552965164]}], 'mode': 'goal_sequence'}  x
  scene                  = {'table': {'length': 1.1, 'width': 0.7, 'height': 0.4, 'x_offset': -0.3, 'lateral_friction': 3.0, 'spinning_friction': 0.001}}  x
  robot_config           = {'control_type': 'ee', 'block_gripper': False, 'base_position': [-0.6, 0.0, 0.05]}  x
  current_task           = RETRY_GRASP            x
  active_target_name     = target                 x
  action                 = [0.0576, -0.0000, -0.9983, 1.0000]  x
  joint_angles           = [-0.0003, -0.0964, 0.0003, -2.9050, 0.0001, 2.7948, 0.7853]  x
  joint_velocities       = [-0.0003, 1.9205, 0.0003, -0.0741, -0.0003, 0.9763, -0.0001]  x
  cube_rotation          = [0.0000, -0.0000, -0.0000]  x
  cube_linear_velocity   = [-0.0000, -0.0000, 0.0000]  x
  obstacle_positions     = {}                     x
[step=  25 08:57:51.520][Analyzer] ASM node=retry_grasp  goal_status=not_applicable
[step=  25 08:57:51.525][DejaVu] {'status': 'ok', 'unanticipated': False}
[step=  26 08:57:52.664][Manager] ep=1 subtask= reward=-0.4000
[step=  26 08:57:52.664][Perception]
  RAW PERCEPTION                                  MONITORED PARAMS
  ----------------------------------------------  --------------------------------------
  fingers_width         = 0.0800 m                gripper_width_cm      = 7 cm
  dist_ee_to_cube       = 0.0564 m                distance_ee_object_cm = 3 cm
  dist_cube_to_target   = 0.4000 m  (3D)          distance_obj_goal_cm  = 40 cm  (XY)
  cube_position (z)     = 0.0200 m                object_lift_height_cm = 0 cm
  cube_position (xy)    = [-0.250, 0.000]         grasp_completed       = 0
  finger_contacts (raw) = 0                       finger_contacts       = 0
  x                                               grasp_attempts        = 1
  x                                               task_started          = 1
  x                                               object_available      = 1
  x                                               task_aborted          = 0
  episode                = 1                      x
  step                   = 26                     x
  ee_position            = [-0.2583, -0.0000, 0.0758]  x
  ee_velocity            = [-0.2882, 0.0001, -0.6463]  x
  target_position        = [0.1500, 0.0000, 0.0200]  x
  reward                 = -0.4000                x
  is_success             = False                  x
  obstacle_in_path       = False                  x
  obstacle_count_in_path = 0                      x
  obstacles              = {}                     x
  objects                = {'object_1': {'type': 'box', 'size': [0.04, 0.04, 0.04], 'mass': 1.0, 'color': [0.1, 0.2, 0.9, 1.0], 'initial_position': [-0.25, 0.0, 0.02], 'lateral_friction': 0.5, 'spinning_friction': 0.001, 'current_position': [-0.2500002563673442, 2.3218189754287506e-06, 0.01998977846730119]}, 'unknown_object': {'type': 'box', 'size': [0.04, 0.01, 0.04], 'mass': 0.3, 'color': [0.9, 0.4, 0.1, 1.0], 'initial_position': [-0.25, 0.02, 0.02], 'lateral_friction': 0.5, 'spinning_friction': 0.001, 'current_position': [-0.24727087342596346, 0.025104075244661853, 0.019989754203767925]}}  x
  scripts                = {'script_1': True, 'reach_only': True, 'left_right': True}  x
  target_goal            = {'type': 'goal_sequence', 'targets': [{'name': 'target', 'position': [0.15000000596046448, 0.0, 0.019999999552965164]}], 'mode': 'goal_sequence'}  x
  scene                  = {'table': {'length': 1.1, 'width': 0.7, 'height': 0.4, 'x_offset': -0.3, 'lateral_friction': 3.0, 'spinning_friction': 0.001}}  x
  robot_config           = {'control_type': 'ee', 'block_gripper': False, 'base_position': [-0.6, 0.0, 0.05]}  x
  current_task           = RETRY_GRASP            x
  active_target_name     = target                 x
  action                 = [0.1458, -0.0000, -0.9893, 1.0000]  x
  joint_angles           = [-0.0003, 0.0379, 0.0003, -2.8914, 0.0000, 2.9161, 0.7854]  x
  joint_velocities       = [-0.0002, 2.2404, -0.0001, 0.1587, -0.0007, 0.9327, 0.0003]  x
  cube_rotation          = [0.0000, -0.0000, -0.0000]  x
  cube_linear_velocity   = [0.0000, -0.0000, 0.0000]  x
  obstacle_positions     = {}                     x
[step=  26 08:57:52.667][Analyzer] ASM node=retry_grasp  goal_status=not_applicable
[step=  26 08:57:52.673][DejaVu] {'status': 'ok', 'unanticipated': False}
[step=  27 08:57:53.850][Manager] ep=1 subtask= reward=-0.4000
[step=  27 08:57:53.850][Perception]
  RAW PERCEPTION                                  MONITORED PARAMS
  ----------------------------------------------  --------------------------------------
  fingers_width         = 0.0800 m                gripper_width_cm      = 7 cm
  dist_ee_to_cube       = 0.0238 m                distance_ee_object_cm = 0 cm
  dist_cube_to_target   = 0.4000 m  (3D)          distance_obj_goal_cm  = 40 cm  (XY)
  cube_position (z)     = 0.0200 m                object_lift_height_cm = 0 cm
  cube_position (xy)    = [-0.250, 0.000]         grasp_completed       = 0
  finger_contacts (raw) = 0                       finger_contacts       = 0
  x                                               grasp_attempts        = 1
  x                                               task_started          = 1
  x                                               object_available      = 1
  x                                               task_aborted          = 0
  episode                = 1                      x
  step                   = 27                     x
  ee_position            = [-0.2529, -0.0000, 0.0437]  x
  ee_velocity            = [-0.2273, 0.0001, -0.6391]  x
  target_position        = [0.1500, 0.0000, 0.0200]  x
  reward                 = -0.4000                x
  is_success             = False                  x
  obstacle_in_path       = False                  x
  obstacle_count_in_path = 0                      x
  obstacles              = {}                     x
  objects                = {'object_1': {'type': 'box', 'size': [0.04, 0.04, 0.04], 'mass': 1.0, 'color': [0.1, 0.2, 0.9, 1.0], 'initial_position': [-0.25, 0.0, 0.02], 'lateral_friction': 0.5, 'spinning_friction': 0.001, 'current_position': [-0.25000007663874935, 2.321814204906471e-06, 0.01998995819845282]}, 'unknown_object': {'type': 'box', 'size': [0.04, 0.01, 0.04], 'mass': 0.3, 'color': [0.9, 0.4, 0.1, 1.0], 'initial_position': [-0.25, 0.02, 0.02], 'lateral_friction': 0.5, 'spinning_friction': 0.001, 'current_position': [-0.24727067442937642, 0.025104074990450635, 0.019989952960423253]}}  x
  scripts                = {'script_1': True, 'reach_only': True, 'left_right': True}  x
  target_goal            = {'type': 'goal_sequence', 'targets': [{'name': 'target', 'position': [0.15000000596046448, 0.0, 0.019999999552965164]}], 'mode': 'goal_sequence'}  x
  scene                  = {'table': {'length': 1.1, 'width': 0.7, 'height': 0.4, 'x_offset': -0.3, 'lateral_friction': 3.0, 'spinning_friction': 0.001}}  x
  robot_config           = {'control_type': 'ee', 'block_gripper': False, 'base_position': [-0.6, 0.0, 0.05]}  x
  current_task           = RETRY_GRASP            x
  active_target_name     = target                 x
  action                 = [0.2599, 0.0002, -0.9656, 1.0000]  x
  joint_angles           = [-0.0003, 0.1834, 0.0002, -2.8508, -0.0001, 3.0189, 0.7854]  x
  joint_velocities       = [0.0003, 2.3179, -0.0006, 0.4714, -0.0008, 0.7906, 0.0004]  x
  cube_rotation          = [0.0000, -0.0000, -0.0000]  x
  cube_linear_velocity   = [0.0000, -0.0000, 0.0000]  x
  obstacle_positions     = {}                     x
[step=  27 08:57:53.853][Analyzer] ASM node=retry_grasp  goal_status=not_applicable
[step=  27 08:57:53.860][DejaVu] {'status': 'ok', 'unanticipated': False}
[step=  28 08:57:54.984][Manager] ep=1 subtask= reward=-0.4000
[step=  28 08:57:54.984][Perception]
  RAW PERCEPTION                                  MONITORED PARAMS
  ----------------------------------------------  --------------------------------------
  fingers_width         = 0.0800 m                gripper_width_cm      = 7 cm
  dist_ee_to_cube       = 0.0161 m                distance_ee_object_cm = 0 cm
  dist_cube_to_target   = 0.4000 m  (3D)          distance_obj_goal_cm  = 40 cm  (XY)
  cube_position (z)     = 0.0200 m                object_lift_height_cm = 0 cm
  cube_position (xy)    = [-0.250, 0.000]         grasp_completed       = 0
  finger_contacts (raw) = 0                       finger_contacts       = 0
  x                                               grasp_attempts        = 1
  x                                               task_started          = 1
  x                                               object_available      = 1
  x                                               task_aborted          = 0
  episode                = 1                      x
  step                   = 28                     x
  ee_position            = [-0.2416, 0.0001, 0.0338]  x
  ee_velocity            = [0.7421, 0.0006, 0.2756]  x
  target_position        = [0.1500, 0.0000, 0.0200]  x
  reward                 = -0.4000                x
  is_success             = False                  x
  obstacle_in_path       = False                  x
  obstacle_count_in_path = 0                      x
  obstacles              = {}                     x
  objects                = {'object_1': {'type': 'box', 'size': [0.04, 0.04, 0.04], 'mass': 1.0, 'color': [0.1, 0.2, 0.9, 1.0], 'initial_position': [-0.25, 0.0, 0.02], 'lateral_friction': 0.5, 'spinning_friction': 0.001, 'current_position': [-0.25000004272495935, 2.321813359134924e-06, 0.019989992112333838]}, 'unknown_object': {'type': 'box', 'size': [0.04, 0.01, 0.04], 'mass': 0.3, 'color': [0.9, 0.4, 0.1, 1.0], 'initial_position': [-0.25, 0.02, 0.02], 'lateral_friction': 0.5, 'spinning_friction': 0.001, 'current_position': [-0.24727063683181183, 0.0251040754485061, 0.019989990464911116]}}  x
  scripts                = {'script_1': True, 'reach_only': True, 'left_right': True}  x
  target_goal            = {'type': 'goal_sequence', 'targets': [{'name': 'target', 'position': [0.15000000596046448, 0.0, 0.019999999552965164]}], 'mode': 'goal_sequence'}  x
  scene                  = {'table': {'length': 1.1, 'width': 0.7, 'height': 0.4, 'x_offset': -0.3, 'lateral_friction': 3.0, 'spinning_friction': 0.001}}  x
  robot_config           = {'control_type': 'ee', 'block_gripper': False, 'base_position': [-0.6, 0.0, 0.05]}  x
  current_task           = RETRY_GRASP            x
  active_target_name     = target                 x
  action                 = [0.9063, 0.0037, 0.4225, 1.0000]  x
  joint_angles           = [0.0000, 0.2337, 0.0003, -2.7705, -0.0001, 2.9306, 0.7858]  x
  joint_velocities       = [0.0022, -0.0510, -0.0008, 1.4898, 0.0005, -0.6793, 0.0029]  x
  cube_rotation          = [0.0000, -0.0000, -0.0000]  x
  cube_linear_velocity   = [0.0000, -0.0000, 0.0000]  x
  obstacle_positions     = {}                     x
[step=  28 08:57:54.987][Analyzer] ASM node=retry_grasp  goal_status=not_applicable
[step=  28 08:57:54.992][DejaVu] {'status': 'ok', 'unanticipated': False}
[step=  29 08:57:56.144][Manager] ep=1 subtask= reward=-0.4009
[step=  29 08:57:56.144][Perception]
  RAW PERCEPTION                                  MONITORED PARAMS
  ----------------------------------------------  --------------------------------------
  fingers_width         = 0.0444 m                gripper_width_cm      = 4 cm
  dist_ee_to_cube       = 0.0243 m                distance_ee_object_cm = 0 cm
  dist_cube_to_target   = 0.4009 m  (3D)          distance_obj_goal_cm  = 40 cm  (XY)
  cube_position (z)     = 0.0211 m                object_lift_height_cm = 0 cm
  cube_position (xy)    = [-0.251, -0.003]        grasp_completed       = 1
  finger_contacts (raw) = 1                       finger_contacts       = 1
  x                                               grasp_attempts        = 2
  x                                               task_started          = 1
  x                                               object_available      = 1
  x                                               task_aborted          = 0
  episode                = 1                      x
  step                   = 29                     x
  ee_position            = [-0.2341, 0.0001, 0.0385]  x
  ee_velocity            = [-0.2907, -0.0008, -0.0841]  x
  target_position        = [0.1500, 0.0000, 0.0200]  x
  reward                 = -0.4009                x
  is_success             = False                  x
  obstacle_in_path       = False                  x
  obstacle_count_in_path = 0                      x
  obstacles              = {}                     x
  objects                = {'object_1': {'type': 'box', 'size': [0.04, 0.04, 0.04], 'mass': 1.0, 'color': [0.1, 0.2, 0.9, 1.0], 'initial_position': [-0.25, 0.0, 0.02], 'lateral_friction': 0.5, 'spinning_friction': 0.001, 'current_position': [-0.25092871075559264, -0.0028859648478792204, 0.021138331376907463]}, 'unknown_object': {'type': 'box', 'size': [0.04, 0.01, 0.04], 'mass': 0.3, 'color': [0.9, 0.4, 0.1, 1.0], 'initial_position': [-0.25, 0.02, 0.02], 'lateral_friction': 0.5, 'spinning_friction': 0.001, 'current_position': [-0.2478889892214339, 0.021545556275885083, 0.021275586214049125]}}  x
  scripts                = {'script_1': True, 'reach_only': True, 'left_right': True}  x
  target_goal            = {'type': 'goal_sequence', 'targets': [{'name': 'target', 'position': [0.15000000596046448, 0.0, 0.019999999552965164]}], 'mode': 'goal_sequence'}  x
  scene                  = {'table': {'length': 1.1, 'width': 0.7, 'height': 0.4, 'x_offset': -0.3, 'lateral_friction': 3.0, 'spinning_friction': 0.001}}  x
  robot_config           = {'control_type': 'ee', 'block_gripper': False, 'base_position': [-0.6, 0.0, 0.05]}  x
  current_task           = RETRY_GRASP            x
  active_target_name     = target                 x
  action                 = [0.0000, 0.0000, 0.0000, -1.0000]  x
  joint_angles           = [0.0001, 0.2268, 0.0002, -2.7996, -0.0001, 3.0252, 0.7859]  x
  joint_velocities       = [0.0006, -0.0581, -0.0033, -0.7913, -0.0064, 0.7278, 0.0018]  x
  cube_rotation          = [-0.0121, -0.0663, 0.0202]  x
  cube_linear_velocity   = [-0.0538, -0.0057, 0.0567]  x
  obstacle_positions     = {}                     x
[step=  29 08:57:56.146][ASM] [ADAPT] retry_grasp → retry_grasp  (type=adaptive)
[step=  29 08:57:56.147][Analyzer] ASM node=retry_grasp  goal_status=VIOLATED  → adaptation=RETRY_GRASP
[step=  29 08:57:56.153][DejaVu] {'status': 'ok', 'unanticipated': False}
[step=  29 08:57:56.153][Planner] situacao=RETRY_GRASP  strategy=RETRY_GRASP
[step=  29 08:57:56.295][Manager] Adaptacao iniciada: RETRY_GRASP
[step=  30 08:57:57.357][Manager] ep=1 subtask= reward=-0.4000
[step=  30 08:57:57.357][Perception]
  RAW PERCEPTION                                  MONITORED PARAMS
  ----------------------------------------------  --------------------------------------
  fingers_width         = 0.0757 m                gripper_width_cm      = 7 cm
  dist_ee_to_cube       = 0.0241 m                distance_ee_object_cm = 0 cm
  dist_cube_to_target   = 0.4000 m  (3D)          distance_obj_goal_cm  = 40 cm  (XY)
  cube_position (z)     = 0.0200 m                object_lift_height_cm = 0 cm
  cube_position (xy)    = [-0.250, -0.000]        grasp_completed       = 0
  finger_contacts (raw) = 0                       finger_contacts       = 0
  x                                               grasp_attempts        = 2
  x                                               task_started          = 1
  x                                               object_available      = 1
  x                                               task_aborted          = 0
  episode                = 1                      x
  step                   = 30                     x
  ee_position            = [-0.2345, 0.0001, 0.0384]  x
  ee_velocity            = [0.0152, -0.0000, 0.0059]  x
  target_position        = [0.1500, 0.0000, 0.0200]  x
  reward                 = -0.4000                x
  is_success             = False                  x
  obstacle_in_path       = False                  x
  obstacle_count_in_path = 0                      x
  obstacles              = {}                     x
  objects                = {'object_1': {'type': 'box', 'size': [0.04, 0.04, 0.04], 'mass': 1.0, 'color': [0.1, 0.2, 0.9, 1.0], 'initial_position': [-0.25, 0.0, 0.02], 'lateral_friction': 0.5, 'spinning_friction': 0.001, 'current_position': [-0.25000005977897155, -3.2171750980290795e-07, 0.019989774749272497]}, 'unknown_object': {'type': 'box', 'size': [0.04, 0.01, 0.04], 'mass': 0.3, 'color': [0.9, 0.4, 0.1, 1.0], 'initial_position': [-0.25, 0.02, 0.02], 'lateral_friction': 0.5, 'spinning_friction': 0.001, 'current_position': [-0.24654711392362422, 0.024783706503387914, 0.019996737162355144]}}  x
  scripts                = {'script_1': True, 'reach_only': True, 'left_right': True}  x
  target_goal            = {'type': 'goal_sequence', 'targets': [{'name': 'target', 'position': [0.15000000596046448, 0.0, 0.019999999552965164]}], 'mode': 'goal_sequence'}  x
  scene                  = {'table': {'length': 1.1, 'width': 0.7, 'height': 0.4, 'x_offset': -0.3, 'lateral_friction': 3.0, 'spinning_friction': 0.001}}  x
  robot_config           = {'control_type': 'ee', 'block_gripper': False, 'base_position': [-0.6, 0.0, 0.05]}  x
  current_task           = RETRY_GRASP            x
  active_target_name     = target                 x
  action                 = [0.0000, 0.0000, 0.0000, 1.0000]  x
  joint_angles           = [0.0001, 0.2266, 0.0002, -2.7994, -0.0001, 3.0255, 0.7858]  x
  joint_velocities       = [0.0002, -0.0011, -0.0004, 0.0246, -0.0005, 0.0023, -0.0002]  x
  cube_rotation          = [0.0000, -0.0000, -0.0000]  x
  cube_linear_velocity   = [-0.0000, -0.0000, 0.0000]  x
  obstacle_positions     = {}                     x
[step=  30 08:57:57.360][Analyzer] ASM node=retry_grasp  goal_status=not_applicable
[step=  30 08:57:57.365][DejaVu] {'status': 'ok', 'unanticipated': False}
[step=  31 08:57:58.478][Manager] ep=1 subtask= reward=-0.4000
[step=  31 08:57:58.478][Perception]
  RAW PERCEPTION                                  MONITORED PARAMS
  ----------------------------------------------  --------------------------------------
  fingers_width         = 0.0795 m                gripper_width_cm      = 7 cm
  dist_ee_to_cube       = 0.0303 m                distance_ee_object_cm = 0 cm
  dist_cube_to_target   = 0.4000 m  (3D)          distance_obj_goal_cm  = 40 cm  (XY)
  cube_position (z)     = 0.0200 m                object_lift_height_cm = 0 cm
  cube_position (xy)    = [-0.250, -0.000]        grasp_completed       = 0
  finger_contacts (raw) = 0                       finger_contacts       = 0
  x                                               grasp_attempts        = 2
  x                                               task_started          = 1
  x                                               object_available      = 1
  x                                               task_aborted          = 0
  episode                = 1                      x
  step                   = 31                     x
  ee_position            = [-0.2519, 0.0001, 0.0502]  x
  ee_velocity            = [0.4644, -0.0002, 0.8873]  x
  target_position        = [0.1500, 0.0000, 0.0200]  x
  reward                 = -0.4000                x
  is_success             = False                  x
  obstacle_in_path       = False                  x
  obstacle_count_in_path = 0                      x
  obstacles              = {}                     x
  objects                = {'object_1': {'type': 'box', 'size': [0.04, 0.04, 0.04], 'mass': 1.0, 'color': [0.1, 0.2, 0.9, 1.0], 'initial_position': [-0.25, 0.0, 0.02], 'lateral_friction': 0.5, 'spinning_friction': 0.001, 'current_position': [-0.2500000494032862, -4.71089478938351e-07, 0.01998940764745569]}, 'unknown_object': {'type': 'box', 'size': [0.04, 0.01, 0.04], 'mass': 0.3, 'color': [0.9, 0.4, 0.1, 1.0], 'initial_position': [-0.25, 0.02, 0.02], 'lateral_friction': 0.5, 'spinning_friction': 0.001, 'current_position': [-0.2466824520463974, 0.024945112561274182, 0.019983892263402636]}}  x
  scripts                = {'script_1': True, 'reach_only': True, 'left_right': True}  x
  target_goal            = {'type': 'goal_sequence', 'targets': [{'name': 'target', 'position': [0.15000000596046448, 0.0, 0.019999999552965164]}], 'mode': 'goal_sequence'}  x
  scene                  = {'table': {'length': 1.1, 'width': 0.7, 'height': 0.4, 'x_offset': -0.3, 'lateral_friction': 3.0, 'spinning_friction': 0.001}}  x
  robot_config           = {'control_type': 'ee', 'block_gripper': False, 'base_position': [-0.6, 0.0, 0.05]}  x
  current_task           = RETRY_GRASP            x
  active_target_name     = target                 x
  action                 = [-0.1215, -0.0009, 0.9926, 1.0000]  x
  joint_angles           = [0.0001, 0.1465, 0.0002, -2.8306, -0.0001, 2.9257, 0.7857]  x
  joint_velocities       = [-0.0004, -2.9307, 0.0000, -0.3378, 0.0002, -0.7671, -0.0007]  x
  cube_rotation          = [0.0000, -0.0000, 0.0000]  x
  cube_linear_velocity   = [0.0000, -0.0000, -0.0000]  x
  obstacle_positions     = {}                     x
[step=  31 08:57:58.481][Analyzer] ASM node=retry_grasp  goal_status=not_applicable
[step=  31 08:57:58.486][DejaVu] {'status': 'ok', 'unanticipated': False}
[step=  32 08:57:59.637][Manager] ep=1 subtask= reward=-0.4000
[step=  32 08:57:59.638][Perception]
  RAW PERCEPTION                                  MONITORED PARAMS
  ----------------------------------------------  --------------------------------------
  fingers_width         = 0.0799 m                gripper_width_cm      = 7 cm
  dist_ee_to_cube       = 0.0658 m                distance_ee_object_cm = 4 cm
  dist_cube_to_target   = 0.4000 m  (3D)          distance_obj_goal_cm  = 39 cm  (XY)
  cube_position (z)     = 0.0200 m                object_lift_height_cm = 0 cm
  cube_position (xy)    = [-0.250, -0.000]        grasp_completed       = 0
  finger_contacts (raw) = 0                       finger_contacts       = 0
  x                                               grasp_attempts        = 2
  x                                               task_started          = 1
  x                                               object_available      = 1
  x                                               task_aborted          = 0
  episode                = 1                      x
  step                   = 32                     x
  ee_position            = [-0.2463, 0.0001, 0.0857]  x
  ee_velocity            = [0.0932, -0.0002, 0.3931]  x
  target_position        = [0.1500, 0.0000, 0.0200]  x
  reward                 = -0.4000                x
  is_success             = False                  x
  obstacle_in_path       = False                  x
  obstacle_count_in_path = 0                      x
  obstacles              = {}                     x
  objects                = {'object_1': {'type': 'box', 'size': [0.04, 0.04, 0.04], 'mass': 1.0, 'color': [0.1, 0.2, 0.9, 1.0], 'initial_position': [-0.25, 0.0, 0.02], 'lateral_friction': 0.5, 'spinning_friction': 0.001, 'current_position': [-0.24999988799464345, -1.7170674938088726e-06, 0.019988324197369445]}, 'unknown_object': {'type': 'box', 'size': [0.04, 0.01, 0.04], 'mass': 0.3, 'color': [0.9, 0.4, 0.1, 1.0], 'initial_position': [-0.25, 0.02, 0.02], 'lateral_friction': 0.5, 'spinning_friction': 0.001, 'current_position': [-0.24669314887403934, 0.02496039177597169, 0.019989712608939718]}}  x
  scripts                = {'script_1': True, 'reach_only': True, 'left_right': True}  x
  target_goal            = {'type': 'goal_sequence', 'targets': [{'name': 'target', 'position': [0.15000000596046448, 0.0, 0.019999999552965164]}], 'mode': 'goal_sequence'}  x
  scene                  = {'table': {'length': 1.1, 'width': 0.7, 'height': 0.4, 'x_offset': -0.3, 'lateral_friction': 3.0, 'spinning_friction': 0.001}}  x
  robot_config           = {'control_type': 'ee', 'block_gripper': False, 'base_position': [-0.6, 0.0, 0.05]}  x
  current_task           = RETRY_GRASP            x
  active_target_name     = target                 x
  action                 = [0.0169, -0.0008, 0.9999, 1.0000]  x
  joint_angles           = [0.0000, 0.0131, 0.0002, -2.8656, -0.0001, 2.8777, 0.7856]  x
  joint_velocities       = [-0.0003, -1.4558, -0.0000, -0.3347, 0.0005, -0.3695, -0.0008]  x
  cube_rotation          = [0.0001, -0.0000, 0.0000]  x
  cube_linear_velocity   = [0.0000, -0.0000, -0.0000]  x
  obstacle_positions     = {}                     x
[step=  32 08:57:59.641][Analyzer] ASM node=retry_grasp  goal_status=not_applicable
[step=  32 08:57:59.646][DejaVu] {'status': 'ok', 'unanticipated': False}
[step=  33 08:58:00.810][Manager] ep=1 subtask= reward=-0.4000
[step=  33 08:58:00.810][Perception]
  RAW PERCEPTION                                  MONITORED PARAMS
  ----------------------------------------------  --------------------------------------
  fingers_width         = 0.0800 m                gripper_width_cm      = 7 cm
  dist_ee_to_cube       = 0.0926 m                distance_ee_object_cm = 6 cm
  dist_cube_to_target   = 0.4000 m  (3D)          distance_obj_goal_cm  = 39 cm  (XY)
  cube_position (z)     = 0.0200 m                object_lift_height_cm = 0 cm
  cube_position (xy)    = [-0.250, -0.000]        grasp_completed       = 0
  finger_contacts (raw) = 0                       finger_contacts       = 0
  x                                               grasp_attempts        = 2
  x                                               task_started          = 1
  x                                               object_available      = 1
  x                                               task_aborted          = 0
  episode                = 1                      x
  step                   = 33                     x
  ee_position            = [-0.2474, 0.0000, 0.1125]  x
  ee_velocity            = [0.2182, -0.0002, 0.5906]  x
  target_position        = [0.1500, 0.0000, 0.0200]  x
  reward                 = -0.4000                x
  is_success             = False                  x
  obstacle_in_path       = False                  x
  obstacle_count_in_path = 0                      x
  obstacles              = {}                     x
  objects                = {'object_1': {'type': 'box', 'size': [0.04, 0.04, 0.04], 'mass': 1.0, 'color': [0.1, 0.2, 0.9, 1.0], 'initial_position': [-0.25, 0.0, 0.02], 'lateral_friction': 0.5, 'spinning_friction': 0.001, 'current_position': [-0.24999981391032808, -1.6259442360285754e-06, 0.019987771994263024]}, 'unknown_object': {'type': 'box', 'size': [0.04, 0.01, 0.04], 'mass': 0.3, 'color': [0.9, 0.4, 0.1, 1.0], 'initial_position': [-0.25, 0.02, 0.02], 'lateral_friction': 0.5, 'spinning_friction': 0.001, 'current_position': [-0.24669213849837113, 0.024959731390777964, 0.01999091123615005]}}  x
  scripts                = {'script_1': True, 'reach_only': True, 'left_right': True}  x
  target_goal            = {'type': 'goal_sequence', 'targets': [{'name': 'target', 'position': [0.15000000596046448, 0.0, 0.019999999552965164]}], 'mode': 'goal_sequence'}  x
  scene                  = {'table': {'length': 1.1, 'width': 0.7, 'height': 0.4, 'x_offset': -0.3, 'lateral_friction': 3.0, 'spinning_friction': 0.001}}  x
  robot_config           = {'control_type': 'ee', 'block_gripper': False, 'base_position': [-0.6, 0.0, 0.05]}  x
  current_task           = RETRY_GRASP            x
  active_target_name     = target                 x
  action                 = [-0.0466, -0.0008, 0.9989, 1.0000]  x
  joint_angles           = [-0.0000, -0.0942, 0.0001, -2.8680, 0.0000, 2.7621, 0.7855]  x
  joint_velocities       = [-0.0002, -1.9090, -0.0004, -0.0227, 0.0005, -0.8888, -0.0010]  x
  cube_rotation          = [0.0001, 0.0000, 0.0000]  x
  cube_linear_velocity   = [0.0000, 0.0000, -0.0000]  x
  obstacle_positions     = {}                     x
[step=  33 08:58:00.813][Analyzer] ASM node=retry_grasp  goal_status=not_applicable
[step=  33 08:58:00.818][DejaVu] {'status': 'ok', 'unanticipated': False}
[step=  34 08:58:01.983][Manager] ep=1 subtask= reward=-0.4000
[step=  34 08:58:01.984][Perception]
  RAW PERCEPTION                                  MONITORED PARAMS
  ----------------------------------------------  --------------------------------------
  fingers_width         = 0.0800 m                gripper_width_cm      = 7 cm
  dist_ee_to_cube       = 0.1239 m                distance_ee_object_cm = 9 cm
  dist_cube_to_target   = 0.4000 m  (3D)          distance_obj_goal_cm  = 39 cm  (XY)
  cube_position (z)     = 0.0200 m                object_lift_height_cm = 0 cm
  cube_position (xy)    = [-0.250, -0.000]        grasp_completed       = 0
  finger_contacts (raw) = 0                       finger_contacts       = 0
  x                                               grasp_attempts        = 2
  x                                               task_started          = 1
  x                                               object_available      = 1
  x                                               task_aborted          = 0
  episode                = 1                      x
  step                   = 34                     x
  ee_position            = [-0.2458, 0.0000, 0.1438]  x
  ee_velocity            = [0.1255, -0.0001, 0.4787]  x
  target_position        = [0.1500, 0.0000, 0.0200]  x
  reward                 = -0.4000                x
  is_success             = False                  x
  obstacle_in_path       = False                  x
  obstacle_count_in_path = 0                      x
  obstacles              = {}                     x
  objects                = {'object_1': {'type': 'box', 'size': [0.04, 0.04, 0.04], 'mass': 1.0, 'color': [0.1, 0.2, 0.9, 1.0], 'initial_position': [-0.25, 0.0, 0.02], 'lateral_friction': 0.5, 'spinning_friction': 0.001, 'current_position': [-0.24999979322981047, -1.0296413702230627e-06, 0.01998768897948577]}, 'unknown_object': {'type': 'box', 'size': [0.04, 0.01, 0.04], 'mass': 0.3, 'color': [0.9, 0.4, 0.1, 1.0], 'initial_position': [-0.25, 0.02, 0.02], 'lateral_friction': 0.5, 'spinning_friction': 0.001, 'current_position': [-0.2466887415885863, 0.024959759617985387, 0.01999123393658937]}}  x
  scripts                = {'script_1': True, 'reach_only': True, 'left_right': True}  x
  target_goal            = {'type': 'goal_sequence', 'targets': [{'name': 'target', 'position': [0.15000000596046448, 0.0, 0.019999999552965164]}], 'mode': 'goal_sequence'}  x
  scene                  = {'table': {'length': 1.1, 'width': 0.7, 'height': 0.4, 'x_offset': -0.3, 'lateral_friction': 3.0, 'spinning_friction': 0.001}}  x
  robot_config           = {'control_type': 'ee', 'block_gripper': False, 'base_position': [-0.6, 0.0, 0.05]}  x
  current_task           = RETRY_GRASP            x
  active_target_name     = target                 x
  action                 = [-0.0486, -0.0007, 0.9988, 1.0000]  x
  joint_angles           = [-0.0000, -0.2050, 0.0001, -2.8645, 0.0000, 2.6543, 0.7854]  x
  joint_velocities       = [0.0001, -1.5304, -0.0005, 0.0249, 0.0000, -0.8290, -0.0006]  x
  cube_rotation          = [0.0002, 0.0000, 0.0000]  x
  cube_linear_velocity   = [-0.0000, 0.0000, -0.0000]  x
  obstacle_positions     = {}                     x
[step=  34 08:58:01.987][Analyzer] ASM node=retry_grasp  goal_status=not_applicable
[step=  34 08:58:01.992][DejaVu] {'status': 'ok', 'unanticipated': False}
[step=  35 08:58:03.118][Manager] ep=1 subtask= reward=-0.4000
[step=  35 08:58:03.118][Perception]
  RAW PERCEPTION                                  MONITORED PARAMS
  ----------------------------------------------  --------------------------------------
  fingers_width         = 0.0800 m                gripper_width_cm      = 7 cm
  dist_ee_to_cube       = 0.1529 m                distance_ee_object_cm = 12 cm
  dist_cube_to_target   = 0.4000 m  (3D)          distance_obj_goal_cm  = 39 cm  (XY)
  cube_position (z)     = 0.0200 m                object_lift_height_cm = 0 cm
  cube_position (xy)    = [-0.250, -0.000]        grasp_completed       = 0
  finger_contacts (raw) = 0                       finger_contacts       = 0
  x                                               grasp_attempts        = 2
  x                                               task_started          = 1
  x                                               object_available      = 1
  x                                               task_aborted          = 0
  episode                = 1                      x
  step                   = 35                     x
  ee_position            = [-0.2499, -0.0000, 0.1728]  x
  ee_velocity            = [0.0983, -0.0001, 0.5393]  x
  target_position        = [0.1500, 0.0000, 0.0200]  x
  reward                 = -0.4000                x
  is_success             = False                  x
  obstacle_in_path       = False                  x
  obstacle_count_in_path = 0                      x
  obstacles              = {}                     x
  objects                = {'object_1': {'type': 'box', 'size': [0.04, 0.04, 0.04], 'mass': 1.0, 'color': [0.1, 0.2, 0.9, 1.0], 'initial_position': [-0.25, 0.0, 0.02], 'lateral_friction': 0.5, 'spinning_friction': 0.001, 'current_position': [-0.24999981479319947, -3.799174842061652e-07, 0.019987634470010514]}, 'unknown_object': {'type': 'box', 'size': [0.04, 0.01, 0.04], 'mass': 0.3, 'color': [0.9, 0.4, 0.1, 1.0], 'initial_position': [-0.25, 0.02, 0.02], 'lateral_friction': 0.5, 'spinning_friction': 0.001, 'current_position': [-0.24668325158107865, 0.02495986294797394, 0.019991400356827577]}}  x
  scripts                = {'script_1': True, 'reach_only': True, 'left_right': True}  x
  target_goal            = {'type': 'goal_sequence', 'targets': [{'name': 'target', 'position': [0.15000000596046448, 0.0, 0.019999999552965164]}], 'mode': 'goal_sequence'}  x
  scene                  = {'table': {'length': 1.1, 'width': 0.7, 'height': 0.4, 'x_offset': -0.3, 'lateral_friction': 3.0, 'spinning_friction': 0.001}}  x
  robot_config           = {'control_type': 'ee', 'block_gripper': False, 'base_position': [-0.6, 0.0, 0.05]}  x
  current_task           = RETRY_GRASP            x
  active_target_name     = target                 x
  action                 = [-0.1966, -0.0004, 0.9805, 1.0000]  x
  joint_angles           = [-0.0000, -0.3127, 0.0000, -2.8612, 0.0000, 2.5390, 0.7854]  x
  joint_velocities       = [-0.0003, -1.7361, -0.0000, 0.0204, -0.0001, -0.8867, -0.0002]  x
  cube_rotation          = [0.0002, 0.0000, 0.0001]  x
  cube_linear_velocity   = [-0.0000, 0.0000, -0.0000]  x
  obstacle_positions     = {}                     x
[step=  35 08:58:03.124][Analyzer] ASM node=retry_grasp  goal_status=not_applicable
[step=  35 08:58:03.130][DejaVu] {'status': 'ok', 'unanticipated': False}
[step=  36 08:58:04.277][Manager] ep=1 subtask= reward=-0.4000
[step=  36 08:58:04.278][Perception]
  RAW PERCEPTION                                  MONITORED PARAMS
  ----------------------------------------------  --------------------------------------
  fingers_width         = 0.0800 m                gripper_width_cm      = 7 cm
  dist_ee_to_cube       = 0.1486 m                distance_ee_object_cm = 12 cm
  dist_cube_to_target   = 0.4000 m  (3D)          distance_obj_goal_cm  = 39 cm  (XY)
  cube_position (z)     = 0.0200 m                object_lift_height_cm = 0 cm
  cube_position (xy)    = [-0.250, 0.000]         grasp_completed       = 0
  finger_contacts (raw) = 0                       finger_contacts       = 0
  x                                               grasp_attempts        = 2
  x                                               task_started          = 1
  x                                               object_available      = 1
  x                                               task_aborted          = 0
  episode                = 1                      x
  step                   = 36                     x
  ee_position            = [-0.2406, 0.0000, 0.1683]  x
  ee_velocity            = [-0.3719, 0.0001, -0.9704]  x
  target_position        = [0.1500, 0.0000, 0.0200]  x
  reward                 = -0.4000                x
  is_success             = False                  x
  obstacle_in_path       = False                  x
  obstacle_count_in_path = 0                      x
  obstacles              = {}                     x
  objects                = {'object_1': {'type': 'box', 'size': [0.04, 0.04, 0.04], 'mass': 1.0, 'color': [0.1, 0.2, 0.9, 1.0], 'initial_position': [-0.25, 0.0, 0.02], 'lateral_friction': 0.5, 'spinning_friction': 0.001, 'current_position': [-0.24999984648025525, 2.7767454758341004e-07, 0.019987575725001257]}, 'unknown_object': {'type': 'box', 'size': [0.04, 0.01, 0.04], 'mass': 0.3, 'color': [0.9, 0.4, 0.1, 1.0], 'initial_position': [-0.25, 0.02, 0.02], 'lateral_friction': 0.5, 'spinning_friction': 0.001, 'current_position': [-0.24667727489804225, 0.024959921731989416, 0.01999149588353572]}}  x
  scripts                = {'script_1': True, 'reach_only': True, 'left_right': True}  x
  target_goal            = {'type': 'goal_sequence', 'targets': [{'name': 'target', 'position': [0.15000000596046448, 0.0, 0.019999999552965164]}], 'mode': 'goal_sequence'}  x
  scene                  = {'table': {'length': 1.1, 'width': 0.7, 'height': 0.4, 'x_offset': -0.3, 'lateral_friction': 3.0, 'spinning_friction': 0.001}}  x
  robot_config           = {'control_type': 'ee', 'block_gripper': False, 'base_position': [-0.6, 0.0, 0.05]}  x
  current_task           = RETRY_GRASP            x
  active_target_name     = target                 x
  action                 = [-0.0140, 0.0009, -0.9999, 1.0000]  x
  joint_angles           = [0.0000, -0.2908, 0.0001, -2.8958, 0.0002, 2.6771, 0.7854]  x
  joint_velocities       = [0.0003, 2.7092, 0.0006, -0.2881, -0.0104, 1.0619, 0.0006]  x
  cube_rotation          = [0.0002, 0.0000, 0.0001]  x
  cube_linear_velocity   = [-0.0000, 0.0000, -0.0000]  x
  obstacle_positions     = {}                     x
[step=  36 08:58:04.282][Analyzer] ASM node=retry_grasp  goal_status=not_applicable
[step=  36 08:58:04.289][DejaVu] {'status': 'ok', 'unanticipated': False}
[step=  37 08:58:05.437][Manager] ep=1 subtask= reward=-0.4000
[step=  37 08:58:05.438][Perception]
  RAW PERCEPTION                                  MONITORED PARAMS
  ----------------------------------------------  --------------------------------------
  fingers_width         = 0.0800 m                gripper_width_cm      = 7 cm
  dist_ee_to_cube       = 0.1079 m                distance_ee_object_cm = 8 cm
  dist_cube_to_target   = 0.4000 m  (3D)          distance_obj_goal_cm  = 39 cm  (XY)
  cube_position (z)     = 0.0200 m                object_lift_height_cm = 0 cm
  cube_position (xy)    = [-0.250, 0.000]         grasp_completed       = 0
  finger_contacts (raw) = 0                       finger_contacts       = 0
  x                                               grasp_attempts        = 2
  x                                               task_started          = 1
  x                                               object_available      = 1
  x                                               task_aborted          = 0
  episode                = 1                      x
  step                   = 37                     x
  ee_position            = [-0.2516, 0.0000, 0.1278]  x
  ee_velocity            = [-0.2879, -0.0001, -0.6355]  x
  target_position        = [0.1500, 0.0000, 0.0200]  x
  reward                 = -0.4000                x
  is_success             = False                  x
  obstacle_in_path       = False                  x
  obstacle_count_in_path = 0                      x
  obstacles              = {}                     x
  objects                = {'object_1': {'type': 'box', 'size': [0.04, 0.04, 0.04], 'mass': 1.0, 'color': [0.1, 0.2, 0.9, 1.0], 'initial_position': [-0.25, 0.0, 0.02], 'lateral_friction': 0.5, 'spinning_friction': 0.001, 'current_position': [-0.24999987179430028, 9.477321618291263e-07, 0.019987514952720574]}, 'unknown_object': {'type': 'box', 'size': [0.04, 0.01, 0.04], 'mass': 0.3, 'color': [0.9, 0.4, 0.1, 1.0], 'initial_position': [-0.25, 0.02, 0.02], 'lateral_friction': 0.5, 'spinning_friction': 0.001, 'current_position': [-0.24667138116903875, 0.024959951059684078, 0.019991615372213188]}}  x
  scripts                = {'script_1': True, 'reach_only': True, 'left_right': True}  x
  target_goal            = {'type': 'goal_sequence', 'targets': [{'name': 'target', 'position': [0.15000000596046448, 0.0, 0.019999999552965164]}], 'mode': 'goal_sequence'}  x
  scene                  = {'table': {'length': 1.1, 'width': 0.7, 'height': 0.4, 'x_offset': -0.3, 'lateral_friction': 3.0, 'spinning_friction': 0.001}}  x
  robot_config           = {'control_type': 'ee', 'block_gripper': False, 'base_position': [-0.6, 0.0, 0.05]}  x
  current_task           = RETRY_GRASP            x
  active_target_name     = target                 x
  action                 = [-0.0760, -0.0003, -0.9971, 1.0000]  x
  joint_angles           = [-0.0000, -0.1568, 0.0001, -2.8855, 0.0001, 2.7193, 0.7854]  x
  joint_velocities       = [-0.0007, 1.9951, 0.0004, 0.0996, -0.0013, 0.3244, -0.0000]  x
  cube_rotation          = [0.0002, 0.0000, 0.0001]  x
  cube_linear_velocity   = [-0.0000, 0.0000, -0.0000]  x
  obstacle_positions     = {}                     x
[step=  37 08:58:05.441][Analyzer] ASM node=retry_grasp  goal_status=not_applicable
[step=  37 08:58:05.446][DejaVu] {'status': 'ok', 'unanticipated': False}
[step=  38 08:58:06.610][Manager] ep=1 subtask= reward=-0.4000
[step=  38 08:58:06.611][Perception]
  RAW PERCEPTION                                  MONITORED PARAMS
  ----------------------------------------------  --------------------------------------
  fingers_width         = 0.0800 m                gripper_width_cm      = 7 cm
  dist_ee_to_cube       = 0.0750 m                distance_ee_object_cm = 5 cm
  dist_cube_to_target   = 0.4000 m  (3D)          distance_obj_goal_cm  = 39 cm  (XY)
  cube_position (z)     = 0.0200 m                object_lift_height_cm = 0 cm
  cube_position (xy)    = [-0.250, 0.000]         grasp_completed       = 0
  finger_contacts (raw) = 0                       finger_contacts       = 0
  x                                               grasp_attempts        = 2
  x                                               task_started          = 1
  x                                               object_available      = 1
  x                                               task_aborted          = 0
  episode                = 1                      x
  step                   = 38                     x
  ee_position            = [-0.2556, 0.0000, 0.0948]  x
  ee_velocity            = [-0.2790, 0.0001, -0.5876]  x
  target_position        = [0.1500, 0.0000, 0.0200]  x
  reward                 = -0.4000                x
  is_success             = False                  x
  obstacle_in_path       = False                  x
  obstacle_count_in_path = 0                      x
  obstacles              = {}                     x
  objects                = {'object_1': {'type': 'box', 'size': [0.04, 0.04, 0.04], 'mass': 1.0, 'color': [0.1, 0.2, 0.9, 1.0], 'initial_position': [-0.25, 0.0, 0.02], 'lateral_friction': 0.5, 'spinning_friction': 0.001, 'current_position': [-0.24999990060373617, 1.6333702509088742e-06, 0.019987452201841966]}, 'unknown_object': {'type': 'box', 'size': [0.04, 0.01, 0.04], 'mass': 0.3, 'color': [0.9, 0.4, 0.1, 1.0], 'initial_position': [-0.25, 0.02, 0.02], 'lateral_friction': 0.5, 'spinning_friction': 0.001, 'current_position': [-0.24666540483479, 0.02495995520014282, 0.019991703636365345]}}  x
  scripts                = {'script_1': True, 'reach_only': True, 'left_right': True}  x
  target_goal            = {'type': 'goal_sequence', 'targets': [{'name': 'target', 'position': [0.15000000596046448, 0.0, 0.019999999552965164]}], 'mode': 'goal_sequence'}  x
  scene                  = {'table': {'length': 1.1, 'width': 0.7, 'height': 0.4, 'x_offset': -0.3, 'lateral_friction': 3.0, 'spinning_friction': 0.001}}  x
  robot_config           = {'control_type': 'ee', 'block_gripper': False, 'base_position': [-0.6, 0.0, 0.05]}  x
  current_task           = RETRY_GRASP            x
  active_target_name     = target                 x
  action                 = [0.0196, -0.0002, -0.9998, 1.0000]  x
  joint_angles           = [-0.0001, -0.0366, 0.0001, -2.8928, 0.0000, 2.8454, 0.7854]  x
  joint_velocities       = [0.0001, 1.9055, -0.0000, -0.0543, -0.0006, 0.9690, 0.0002]  x
  cube_rotation          = [0.0002, 0.0000, 0.0001]  x
  cube_linear_velocity   = [-0.0000, 0.0000, -0.0000]  x
  obstacle_positions     = {}                     x
[step=  38 08:58:06.614][Analyzer] ASM node=retry_grasp  goal_status=not_applicable
[step=  38 08:58:06.622][DejaVu] {'status': 'ok', 'unanticipated': False}
[step=  39 08:58:07.784][Manager] ep=1 subtask= reward=-0.4000
[step=  39 08:58:07.784][Perception]
  RAW PERCEPTION                                  MONITORED PARAMS
  ----------------------------------------------  --------------------------------------
  fingers_width         = 0.0800 m                gripper_width_cm      = 7 cm
  dist_ee_to_cube       = 0.0427 m                distance_ee_object_cm = 1 cm
  dist_cube_to_target   = 0.4000 m  (3D)          distance_obj_goal_cm  = 39 cm  (XY)
  cube_position (z)     = 0.0200 m                object_lift_height_cm = 0 cm
  cube_position (xy)    = [-0.250, 0.000]         grasp_completed       = 0
  finger_contacts (raw) = 0                       finger_contacts       = 0
  x                                               grasp_attempts        = 2
  x                                               task_started          = 1
  x                                               object_available      = 1
  x                                               task_aborted          = 0
  episode                = 1                      x
  step                   = 39                     x
  ee_position            = [-0.2556, -0.0000, 0.0624]  x
  ee_velocity            = [-0.3298, 0.0000, -0.6831]  x
  target_position        = [0.1500, 0.0000, 0.0200]  x
  reward                 = -0.4000                x
  is_success             = False                  x
  obstacle_in_path       = False                  x
  obstacle_count_in_path = 0                      x
  obstacles              = {}                     x
  objects                = {'object_1': {'type': 'box', 'size': [0.04, 0.04, 0.04], 'mass': 1.0, 'color': [0.1, 0.2, 0.9, 1.0], 'initial_position': [-0.25, 0.0, 0.02], 'lateral_friction': 0.5, 'spinning_friction': 0.001, 'current_position': [-0.2499999307927615, 2.3298221799165276e-06, 0.01998738256721848]}, 'unknown_object': {'type': 'box', 'size': [0.04, 0.01, 0.04], 'mass': 0.3, 'color': [0.9, 0.4, 0.1, 1.0], 'initial_position': [-0.25, 0.02, 0.02], 'lateral_friction': 0.5, 'spinning_friction': 0.001, 'current_position': [-0.24665944959148273, 0.024959923357642293, 0.019991767501064336]}}  x
  scripts                = {'script_1': True, 'reach_only': True, 'left_right': True}  x
  target_goal            = {'type': 'goal_sequence', 'targets': [{'name': 'target', 'position': [0.15000000596046448, 0.0, 0.019999999552965164]}], 'mode': 'goal_sequence'}  x
  scene                  = {'table': {'length': 1.1, 'width': 0.7, 'height': 0.4, 'x_offset': -0.3, 'lateral_friction': 3.0, 'spinning_friction': 0.001}}  x
  robot_config           = {'control_type': 'ee', 'block_gripper': False, 'base_position': [-0.6, 0.0, 0.05]}  x
  current_task           = RETRY_GRASP            x
  active_target_name     = target                 x
  action                 = [0.1115, -0.0002, -0.9938, 1.0000]  x
  joint_angles           = [-0.0001, 0.0999, 0.0001, -2.8754, -0.0000, 2.9620, 0.7854]  x
  joint_velocities       = [-0.0001, 2.3386, -0.0001, 0.1961, -0.0003, 0.8972, -0.0000]  x
  cube_rotation          = [0.0002, 0.0000, 0.0001]  x
  cube_linear_velocity   = [-0.0000, 0.0000, -0.0000]  x
  obstacle_positions     = {}                     x
[step=  39 08:58:07.788][Analyzer] ASM node=retry_grasp  goal_status=not_applicable
[step=  39 08:58:07.796][DejaVu] {'status': 'ok', 'unanticipated': False}
[step=  40 08:58:08.918][Manager] ep=1 subtask= reward=-0.4000
[step=  40 08:58:08.918][Perception]
  RAW PERCEPTION                                  MONITORED PARAMS
  ----------------------------------------------  --------------------------------------
  fingers_width         = 0.0800 m                gripper_width_cm      = 7 cm
  dist_ee_to_cube       = 0.0091 m                distance_ee_object_cm = 0 cm
  dist_cube_to_target   = 0.4000 m  (3D)          distance_obj_goal_cm  = 39 cm  (XY)
  cube_position (z)     = 0.0200 m                object_lift_height_cm = 0 cm
  cube_position (xy)    = [-0.250, 0.000]         grasp_completed       = 0
  finger_contacts (raw) = 0                       finger_contacts       = 0
  x                                               grasp_attempts        = 2
  x                                               task_started          = 1
  x                                               object_available      = 1
  x                                               task_aborted          = 0
  episode                = 1                      x
  step                   = 40                     x
  ee_position            = [-0.2492, 0.0000, 0.0290]  x
  ee_velocity            = [-0.2048, 0.0000, -0.6555]  x
  target_position        = [0.1500, 0.0000, 0.0200]  x
  reward                 = -0.4000                x
  is_success             = False                  x
  obstacle_in_path       = False                  x
  obstacle_count_in_path = 0                      x
  obstacles              = {}                     x
  objects                = {'object_1': {'type': 'box', 'size': [0.04, 0.04, 0.04], 'mass': 1.0, 'color': [0.1, 0.2, 0.9, 1.0], 'initial_position': [-0.25, 0.0, 0.02], 'lateral_friction': 0.5, 'spinning_friction': 0.001, 'current_position': [-0.2499999559960934, 3.0448481618394712e-06, 0.019987313888639502]}, 'unknown_object': {'type': 'box', 'size': [0.04, 0.01, 0.04], 'mass': 0.3, 'color': [0.9, 0.4, 0.1, 1.0], 'initial_position': [-0.25, 0.02, 0.02], 'lateral_friction': 0.5, 'spinning_friction': 0.001, 'current_position': [-0.24665354760383057, 0.024959875689368125, 0.019991821235980253]}}  x
  scripts                = {'script_1': True, 'reach_only': True, 'left_right': True}  x
  target_goal            = {'type': 'goal_sequence', 'targets': [{'name': 'target', 'position': [0.15000000596046448, 0.0, 0.019999999552965164]}], 'mode': 'goal_sequence'}  x
  scene                  = {'table': {'length': 1.1, 'width': 0.7, 'height': 0.4, 'x_offset': -0.3, 'lateral_friction': 3.0, 'spinning_friction': 0.001}}  x
  robot_config           = {'control_type': 'ee', 'block_gripper': False, 'base_position': [-0.6, 0.0, 0.05]}  x
  current_task           = RETRY_GRASP            x
  active_target_name     = target                 x
  action                 = [0.3082, 0.0002, -0.9513, 1.0000]  x
  joint_angles           = [-0.0001, 0.2495, 0.0000, -2.8244, -0.0000, 3.0555, 0.7854]  x
  joint_velocities       = [0.0003, 2.3841, -0.0003, 0.6229, -0.0002, 0.7185, 0.0002]  x
  cube_rotation          = [0.0002, 0.0000, 0.0001]  x
  cube_linear_velocity   = [-0.0000, 0.0000, -0.0000]  x
  obstacle_positions     = {}                     x
[step=  40 08:58:08.921][Analyzer] ASM node=retry_grasp  goal_status=not_applicable
[step=  40 08:58:08.926][DejaVu] {'status': 'ok', 'unanticipated': False}
[step=  41 08:58:10.078][Manager] ep=1 subtask= reward=-0.3978
[step=  41 08:58:10.079][Perception]
  RAW PERCEPTION                                  MONITORED PARAMS
  ----------------------------------------------  --------------------------------------
  fingers_width         = 0.0472 m                gripper_width_cm      = 4 cm
  dist_ee_to_cube       = 0.0055 m                distance_ee_object_cm = 0 cm
  dist_cube_to_target   = 0.3978 m  (3D)          distance_obj_goal_cm  = 39 cm  (XY)
  cube_position (z)     = 0.0241 m                object_lift_height_cm = 0 cm
  cube_position (xy)    = [-0.248, -0.002]        grasp_completed       = 1
  finger_contacts (raw) = 1                       finger_contacts       = 1
  x                                               grasp_attempts        = 3
  x                                               task_started          = 1
  x                                               object_available      = 1
  x                                               task_aborted          = 0
  episode                = 1                      x
  step                   = 41                     x
  ee_position            = [-0.2528, 0.0000, 0.0247]  x
  ee_velocity            = [0.2010, -0.0011, 0.2404]  x
  target_position        = [0.1500, 0.0000, 0.0200]  x
  reward                 = -0.3978                x
  is_success             = False                  x
  obstacle_in_path       = False                  x
  obstacle_count_in_path = 0                      x
  obstacles              = {}                     x
  objects                = {'object_1': {'type': 'box', 'size': [0.04, 0.04, 0.04], 'mass': 1.0, 'color': [0.1, 0.2, 0.9, 1.0], 'initial_position': [-0.25, 0.0, 0.02], 'lateral_friction': 0.5, 'spinning_friction': 0.001, 'current_position': [-0.24781248586835009, -0.0020147282097933068, 0.024081714338284682]}, 'unknown_object': {'type': 'box', 'size': [0.04, 0.01, 0.04], 'mass': 0.3, 'color': [0.9, 0.4, 0.1, 1.0], 'initial_position': [-0.25, 0.02, 0.02], 'lateral_friction': 0.5, 'spinning_friction': 0.001, 'current_position': [-0.2443794709445559, 0.022963123413770617, 0.024365269061479556]}}  x
  scripts                = {'script_1': True, 'reach_only': True, 'left_right': True}  x
  target_goal            = {'type': 'goal_sequence', 'targets': [{'name': 'target', 'position': [0.15000000596046448, 0.0, 0.019999999552965164]}], 'mode': 'goal_sequence'}  x
  scene                  = {'table': {'length': 1.1, 'width': 0.7, 'height': 0.4, 'x_offset': -0.3, 'lateral_friction': 3.0, 'spinning_friction': 0.001}}  x
  robot_config           = {'control_type': 'ee', 'block_gripper': False, 'base_position': [-0.6, 0.0, 0.05]}  x
  current_task           = RETRY_GRASP            x
  active_target_name     = target                 x
  action                 = [0.0000, 0.0000, 0.0000, -1.0000]  x
  joint_angles           = [-0.0000, 0.2573, 0.0001, -2.8322, -0.0001, 3.0753, 0.7854]  x
  joint_velocities       = [0.0001, -0.6978, -0.0019, -0.0787, 0.0039, 0.1524, -0.0005]  x
  cube_rotation          = [0.0077, -0.0350, 0.0004]  x
  cube_linear_velocity   = [0.2014, -0.0091, 0.2448]  x
  obstacle_positions     = {}                     x
[step=  41 08:58:10.082][ASM] [ADAPT] retry_grasp → safe_abort  (type=adaptive)
[step=  41 08:58:10.082][Analyzer] ASM node=safe_abort  goal_status=VIOLATED  → adaptation=SAFE_ABORT
[step=  41 08:58:10.090][DejaVu] {'status': 'ok', 'unanticipated': False}
[step=  41 08:58:10.090][Planner] situacao=SAFE_ABORT  strategy=SAFE_ABORT
[step=  41 08:58:10.235][Manager] Adaptacao iniciada: SAFE_ABORT
[step=  42 08:58:11.278][Manager] ep=1 subtask= reward=-0.4000
[step=  42 08:58:11.278][Perception]
  RAW PERCEPTION                                  MONITORED PARAMS
  ----------------------------------------------  --------------------------------------
  fingers_width         = 0.0760 m                gripper_width_cm      = 7 cm
  dist_ee_to_cube       = 0.0276 m                distance_ee_object_cm = 0 cm
  dist_cube_to_target   = 0.4000 m  (3D)          distance_obj_goal_cm  = 40 cm  (XY)
  cube_position (z)     = 0.0200 m                object_lift_height_cm = 0 cm
  cube_position (xy)    = [-0.250, 0.000]         grasp_completed       = 0
  finger_contacts (raw) = 0                       finger_contacts       = 0
  x                                               grasp_attempts        = 3
  x                                               task_started          = 1
  x                                               object_available      = 1
  x                                               task_aborted          = 0
  episode                = 1                      x
  step                   = 42                     x
  ee_position            = [-0.2585, 0.0000, 0.0462]  x
  ee_velocity            = [0.4503, -0.0001, 0.8116]  x
  target_position        = [0.1500, 0.0000, 0.0200]  x
  reward                 = -0.4000                x
  is_success             = False                  x
  obstacle_in_path       = False                  x
  obstacle_count_in_path = 0                      x
  obstacles              = {}                     x
  objects                = {'object_1': {'type': 'box', 'size': [0.04, 0.04, 0.04], 'mass': 1.0, 'color': [0.1, 0.2, 0.9, 1.0], 'initial_position': [-0.25, 0.0, 0.02], 'lateral_friction': 0.5, 'spinning_friction': 0.001, 'current_position': [-0.24999999978180582, 7.2197901343905604e-09, 0.01999000005309346]}, 'unknown_object': {'type': 'box', 'size': [0.04, 0.01, 0.04], 'mass': 0.3, 'color': [0.9, 0.4, 0.1, 1.0], 'initial_position': [-0.25, 0.02, 0.02], 'lateral_friction': 0.5, 'spinning_friction': 0.001, 'current_position': [-0.23694522771790552, 0.026205595495957468, 0.025363859135347184]}}  x
  scripts                = {'script_1': True, 'reach_only': True, 'left_right': True}  x
  target_goal            = {'type': 'goal_sequence', 'targets': [{'name': 'target', 'position': [0.15000000596046448, 0.0, 0.019999999552965164]}], 'mode': 'goal_sequence'}  x
  scene                  = {'table': {'length': 1.1, 'width': 0.7, 'height': 0.4, 'x_offset': -0.3, 'lateral_friction': 3.0, 'spinning_friction': 0.001}}  x
  robot_config           = {'control_type': 'ee', 'block_gripper': False, 'base_position': [-0.6, 0.0, 0.05]}  x
  current_task           = ABORT                  x
  active_target_name     = target                 x
  action                 = [0.0000, 0.0000, 1.0000, 1.0000]  x
  joint_angles           = [-0.0000, 0.1535, 0.0001, -2.8617, -0.0001, 2.9885, 0.7855]  x
  joint_velocities       = [0.0003, -2.7371, -0.0003, -0.3252, 0.0005, -0.6667, 0.0000]  x
  cube_rotation          = [-0.0000, -0.0000, 0.0000]  x
  cube_linear_velocity   = [-0.0000, 0.0000, 0.0000]  x
  obstacle_positions     = {}                     x
[step=  42 08:58:11.280][Analyzer] ASM node=safe_abort  goal_status=not_applicable
[step=  42 08:58:11.286][DejaVu] {'status': 'ok', 'unanticipated': False}
[step=  43 08:58:12.412][Manager] ep=1 subtask= reward=-0.4000
[step=  43 08:58:12.412][Perception]
  RAW PERCEPTION                                  MONITORED PARAMS
  ----------------------------------------------  --------------------------------------
  fingers_width         = 0.0795 m                gripper_width_cm      = 7 cm
  dist_ee_to_cube       = 0.0588 m                distance_ee_object_cm = 3 cm
  dist_cube_to_target   = 0.4000 m  (3D)          distance_obj_goal_cm  = 40 cm  (XY)
  cube_position (z)     = 0.0200 m                object_lift_height_cm = 0 cm
  cube_position (xy)    = [-0.250, 0.000]         grasp_completed       = 0
  finger_contacts (raw) = 0                       finger_contacts       = 0
  x                                               grasp_attempts        = 3
  x                                               task_started          = 1
  x                                               object_available      = 1
  x                                               task_aborted          = 0
  episode                = 1                      x
  step                   = 43                     x
  ee_position            = [-0.2549, 0.0000, 0.0785]  x
  ee_velocity            = [0.0699, 0.0000, 0.3443]  x
  target_position        = [0.1500, 0.0000, 0.0200]  x
  reward                 = -0.4000                x
  is_success             = False                  x
  obstacle_in_path       = False                  x
  obstacle_count_in_path = 0                      x
  obstacles              = {}                     x
  objects                = {'object_1': {'type': 'box', 'size': [0.04, 0.04, 0.04], 'mass': 1.0, 'color': [0.1, 0.2, 0.9, 1.0], 'initial_position': [-0.25, 0.0, 0.02], 'lateral_friction': 0.5, 'spinning_friction': 0.001, 'current_position': [-0.2499999994851622, 6.888639836363079e-09, 0.019989999963988328]}, 'unknown_object': {'type': 'box', 'size': [0.04, 0.01, 0.04], 'mass': 0.3, 'color': [0.9, 0.4, 0.1, 1.0], 'initial_position': [-0.25, 0.02, 0.02], 'lateral_friction': 0.5, 'spinning_friction': 0.001, 'current_position': [-0.23188457128670173, 0.02782889342092958, 0.020260517870675194]}}  x
  scripts                = {'script_1': True, 'reach_only': True, 'left_right': True}  x
  target_goal            = {'type': 'goal_sequence', 'targets': [{'name': 'target', 'position': [0.15000000596046448, 0.0, 0.019999999552965164]}], 'mode': 'goal_sequence'}  x
  scene                  = {'table': {'length': 1.1, 'width': 0.7, 'height': 0.4, 'x_offset': -0.3, 'lateral_friction': 3.0, 'spinning_friction': 0.001}}  x
  robot_config           = {'control_type': 'ee', 'block_gripper': False, 'base_position': [-0.6, 0.0, 0.05]}  x
  current_task           = ABORT                  x
  active_target_name     = target                 x
  action                 = [0.0000, 0.0000, 1.0000, 1.0000]  x
  joint_angles           = [-0.0000, 0.0252, 0.0001, -2.8888, -0.0000, 2.9129, 0.7855]  x
  joint_velocities       = [0.0000, -1.3353, 0.0002, -0.2572, 0.0003, -0.5813, 0.0000]  x
  cube_rotation          = [-0.0000, -0.0000, 0.0000]  x
  cube_linear_velocity   = [0.0000, -0.0000, 0.0000]  x
  obstacle_positions     = {}                     x
[step=  43 08:58:12.415][Analyzer] ASM node=safe_abort  goal_status=not_applicable
[step=  43 08:58:12.421][DejaVu] {'status': 'ok', 'unanticipated': False}
[step=  44 08:58:13.585][Manager] ep=1 subtask= reward=-0.4000
[step=  44 08:58:13.585][Perception]
  RAW PERCEPTION                                  MONITORED PARAMS
  ----------------------------------------------  --------------------------------------
  fingers_width         = 0.0799 m                gripper_width_cm      = 7 cm
  dist_ee_to_cube       = 0.0845 m                distance_ee_object_cm = 5 cm
  dist_cube_to_target   = 0.4000 m  (3D)          distance_obj_goal_cm  = 40 cm  (XY)
  cube_position (z)     = 0.0200 m                object_lift_height_cm = 0 cm
  cube_position (xy)    = [-0.250, 0.000]         grasp_completed       = 0
  finger_contacts (raw) = 0                       finger_contacts       = 0
  x                                               grasp_attempts        = 3
  x                                               task_started          = 1
  x                                               object_available      = 1
  x                                               task_aborted          = 0
  episode                = 1                      x
  step                   = 44                     x
  ee_position            = [-0.2546, 0.0000, 0.1044]  x
  ee_velocity            = [0.2564, 0.0001, 0.6016]  x
  target_position        = [0.1500, 0.0000, 0.0200]  x
  reward                 = -0.4000                x
  is_success             = False                  x
  obstacle_in_path       = False                  x
  obstacle_count_in_path = 0                      x
  obstacles              = {}                     x
  objects                = {'object_1': {'type': 'box', 'size': [0.04, 0.04, 0.04], 'mass': 1.0, 'color': [0.1, 0.2, 0.9, 1.0], 'initial_position': [-0.25, 0.0, 0.02], 'lateral_friction': 0.5, 'spinning_friction': 0.001, 'current_position': [-0.2500004055944061, 9.705075240685133e-08, 0.019989747720042993]}, 'unknown_object': {'type': 'box', 'size': [0.04, 0.01, 0.04], 'mass': 0.3, 'color': [0.9, 0.4, 0.1, 1.0], 'initial_position': [-0.25, 0.02, 0.02], 'lateral_friction': 0.5, 'spinning_friction': 0.001, 'current_position': [-0.2324847468095875, 0.027802813530348806, 0.019940443975631324]}}  x
  scripts                = {'script_1': True, 'reach_only': True, 'left_right': True}  x
  target_goal            = {'type': 'goal_sequence', 'targets': [{'name': 'target', 'position': [0.15000000596046448, 0.0, 0.019999999552965164]}], 'mode': 'goal_sequence'}  x
  scene                  = {'table': {'length': 1.1, 'width': 0.7, 'height': 0.4, 'x_offset': -0.3, 'lateral_friction': 3.0, 'spinning_friction': 0.001}}  x
  robot_config           = {'control_type': 'ee', 'block_gripper': False, 'base_position': [-0.6, 0.0, 0.05]}  x
  current_task           = ABORT                  x
  active_target_name     = target                 x
  action                 = [0.0000, 0.0000, 1.0000, 1.0000]  x
  joint_angles           = [-0.0000, -0.0800, 0.0001, -2.8884, 0.0000, 2.7961, 0.7855]  x
  joint_velocities       = [0.0000, -1.9617, 0.0002, 0.0008, 0.0004, -0.8983, -0.0001]  x
  cube_rotation          = [0.0000, -0.0000, -0.0000]  x
  cube_linear_velocity   = [-0.0000, 0.0000, -0.0000]  x
  obstacle_positions     = {}                     x
[step=  44 08:58:13.588][Analyzer] ASM node=safe_abort  goal_status=not_applicable
[step=  44 08:58:13.594][DejaVu] {'status': 'ok', 'unanticipated': False}
[step=  45 08:58:14.785][Manager] ep=1 subtask= reward=-0.4000
[step=  45 08:58:14.785][Perception]
  RAW PERCEPTION                                  MONITORED PARAMS
  ----------------------------------------------  --------------------------------------
  fingers_width         = 0.0800 m                gripper_width_cm      = 7 cm
  dist_ee_to_cube       = 0.1151 m                distance_ee_object_cm = 9 cm
  dist_cube_to_target   = 0.4000 m  (3D)          distance_obj_goal_cm  = 40 cm  (XY)
  cube_position (z)     = 0.0200 m                object_lift_height_cm = 0 cm
  cube_position (xy)    = [-0.250, 0.000]         grasp_completed       = 0
  finger_contacts (raw) = 0                       finger_contacts       = 0
  x                                               grasp_attempts        = 3
  x                                               task_started          = 1
  x                                               object_available      = 1
  x                                               task_aborted          = 0
  episode                = 1                      x
  step                   = 45                     x
  ee_position            = [-0.2510, 0.0000, 0.1351]  x
  ee_velocity            = [0.1164, 0.0001, 0.4185]  x
  target_position        = [0.1500, 0.0000, 0.0200]  x
  reward                 = -0.4000                x
  is_success             = False                  x
  obstacle_in_path       = False                  x
  obstacle_count_in_path = 0                      x
  obstacles              = {}                     x
  objects                = {'object_1': {'type': 'box', 'size': [0.04, 0.04, 0.04], 'mass': 1.0, 'color': [0.1, 0.2, 0.9, 1.0], 'initial_position': [-0.25, 0.0, 0.02], 'lateral_friction': 0.5, 'spinning_friction': 0.001, 'current_position': [-0.2500006956135856, 5.477991654507755e-07, 0.019989474805615935]}, 'unknown_object': {'type': 'box', 'size': [0.04, 0.01, 0.04], 'mass': 0.3, 'color': [0.9, 0.4, 0.1, 1.0], 'initial_position': [-0.25, 0.02, 0.02], 'lateral_friction': 0.5, 'spinning_friction': 0.001, 'current_position': [-0.23247454657026856, 0.027800420853381035, 0.019980651285975967]}}  x
  scripts                = {'script_1': True, 'reach_only': True, 'left_right': True}  x
  target_goal            = {'type': 'goal_sequence', 'targets': [{'name': 'target', 'position': [0.15000000596046448, 0.0, 0.019999999552965164]}], 'mode': 'goal_sequence'}  x
  scene                  = {'table': {'length': 1.1, 'width': 0.7, 'height': 0.4, 'x_offset': -0.3, 'lateral_friction': 3.0, 'spinning_friction': 0.001}}  x
  robot_config           = {'control_type': 'ee', 'block_gripper': False, 'base_position': [-0.6, 0.0, 0.05]}  x
  current_task           = ABORT                  x
  active_target_name     = target                 x
  action                 = [0.0000, 0.0000, 1.0000, 1.0000]  x
  joint_angles           = [-0.0000, -0.1886, 0.0001, -2.8825, 0.0000, 2.6883, 0.7855]  x
  joint_velocities       = [0.0001, -1.3629, 0.0003, 0.0449, 0.0001, -0.8289, 0.0000]  x
  cube_rotation          = [0.0000, -0.0000, -0.0000]  x
  cube_linear_velocity   = [-0.0000, 0.0000, -0.0000]  x
  obstacle_positions     = {}                     x
[step=  45 08:58:14.788][Analyzer] ASM node=safe_abort  goal_status=not_applicable
[step=  45 08:58:14.793][DejaVu] {'status': 'ok', 'unanticipated': False}
[step=  46 08:58:15.893][Manager] ep=1 subtask= reward=-0.4000
[step=  46 08:58:15.893][Perception]
  RAW PERCEPTION                                  MONITORED PARAMS
  ----------------------------------------------  --------------------------------------
  fingers_width         = 0.0800 m                gripper_width_cm      = 7 cm
  dist_ee_to_cube       = 0.1451 m                distance_ee_object_cm = 12 cm
  dist_cube_to_target   = 0.4000 m  (3D)          distance_obj_goal_cm  = 40 cm  (XY)
  cube_position (z)     = 0.0200 m                object_lift_height_cm = 0 cm
  cube_position (xy)    = [-0.250, 0.000]         grasp_completed       = 0
  finger_contacts (raw) = 0                       finger_contacts       = 0
  x                                               grasp_attempts        = 3
  x                                               task_started          = 1
  x                                               object_available      = 1
  x                                               task_aborted          = 0
  episode                = 1                      x
  step                   = 46                     x
  ee_position            = [-0.2480, 0.0000, 0.1651]  x
  ee_velocity            = [0.1479, 0.0002, 0.5184]  x
  target_position        = [0.1500, 0.0000, 0.0200]  x
  reward                 = -0.4000                x
  is_success             = False                  x
  obstacle_in_path       = False                  x
  obstacle_count_in_path = 0                      x
  obstacles              = {}                     x
  objects                = {'object_1': {'type': 'box', 'size': [0.04, 0.04, 0.04], 'mass': 1.0, 'color': [0.1, 0.2, 0.9, 1.0], 'initial_position': [-0.25, 0.0, 0.02], 'lateral_friction': 0.5, 'spinning_friction': 0.001, 'current_position': [-0.25000060480556097, 9.69481569044255e-07, 0.019989514334751584]}, 'unknown_object': {'type': 'box', 'size': [0.04, 0.01, 0.04], 'mass': 0.3, 'color': [0.9, 0.4, 0.1, 1.0], 'initial_position': [-0.25, 0.02, 0.02], 'lateral_friction': 0.5, 'spinning_friction': 0.001, 'current_position': [-0.232473728946747, 0.027795789809467338, 0.019988115743045227]}}  x
  scripts                = {'script_1': True, 'reach_only': True, 'left_right': True}  x
  target_goal            = {'type': 'goal_sequence', 'targets': [{'name': 'target', 'position': [0.15000000596046448, 0.0, 0.019999999552965164]}], 'mode': 'goal_sequence'}  x
  scene                  = {'table': {'length': 1.1, 'width': 0.7, 'height': 0.4, 'x_offset': -0.3, 'lateral_friction': 3.0, 'spinning_friction': 0.001}}  x
  robot_config           = {'control_type': 'ee', 'block_gripper': False, 'base_position': [-0.6, 0.0, 0.05]}  x
  current_task           = ABORT                  x
  active_target_name     = target                 x
  action                 = [0.0000, 0.0000, 1.0000, 1.0000]  x
  joint_angles           = [-0.0000, -0.2815, 0.0001, -2.8595, -0.0000, 2.5681, 0.7854]  x
  joint_velocities       = [0.0000, -1.5056, 0.0000, 0.1876, 0.0038, -0.9242, -0.0004]  x
  cube_rotation          = [0.0000, -0.0000, -0.0000]  x
  cube_linear_velocity   = [0.0000, 0.0000, -0.0000]  x
  obstacle_positions     = {}                     x
[step=  46 08:58:15.895][Analyzer] ASM node=safe_abort  goal_status=not_applicable
[step=  46 08:58:15.900][DejaVu] {'status': 'ok', 'unanticipated': False}
[step=  47 08:58:17.053][Manager] ep=1 subtask= reward=-0.4000
[step=  47 08:58:17.053][Perception]
  RAW PERCEPTION                                  MONITORED PARAMS
  ----------------------------------------------  --------------------------------------
  fingers_width         = 0.0800 m                gripper_width_cm      = 7 cm
  dist_ee_to_cube       = 0.1785 m                distance_ee_object_cm = 15 cm
  dist_cube_to_target   = 0.4000 m  (3D)          distance_obj_goal_cm  = 40 cm  (XY)
  cube_position (z)     = 0.0200 m                object_lift_height_cm = 0 cm
  cube_position (xy)    = [-0.250, 0.000]         grasp_completed       = 0
  finger_contacts (raw) = 0                       finger_contacts       = 0
  x                                               grasp_attempts        = 3
  x                                               task_started          = 1
  x                                               object_available      = 1
  x                                               task_aborted          = 0
  episode                = 1                      x
  step                   = 47                     x
  ee_position            = [-0.2444, 0.0000, 0.1984]  x
  ee_velocity            = [0.1082, 0.0002, 0.4802]  x
  target_position        = [0.1500, 0.0000, 0.0200]  x
  reward                 = -0.4000                x
  is_success             = False                  x
  obstacle_in_path       = False                  x
  obstacle_count_in_path = 0                      x
  obstacles              = {}                     x
  objects                = {'object_1': {'type': 'box', 'size': [0.04, 0.04, 0.04], 'mass': 1.0, 'color': [0.1, 0.2, 0.9, 1.0], 'initial_position': [-0.25, 0.0, 0.02], 'lateral_friction': 0.5, 'spinning_friction': 0.001, 'current_position': [-0.25000060848385336, 1.2609605671783228e-06, 0.019989566019298577]}, 'unknown_object': {'type': 'box', 'size': [0.04, 0.01, 0.04], 'mass': 0.3, 'color': [0.9, 0.4, 0.1, 1.0], 'initial_position': [-0.25, 0.02, 0.02], 'lateral_friction': 0.5, 'spinning_friction': 0.001, 'current_position': [-0.23247421030517218, 0.02779243679019679, 0.01998939001916995]}}  x
  scripts                = {'script_1': True, 'reach_only': True, 'left_right': True}  x
  target_goal            = {'type': 'goal_sequence', 'targets': [{'name': 'target', 'position': [0.15000000596046448, 0.0, 0.019999999552965164]}], 'mode': 'goal_sequence'}  x
  scene                  = {'table': {'length': 1.1, 'width': 0.7, 'height': 0.4, 'x_offset': -0.3, 'lateral_friction': 3.0, 'spinning_friction': 0.001}}  x
  robot_config           = {'control_type': 'ee', 'block_gripper': False, 'base_position': [-0.6, 0.0, 0.05]}  x
  current_task           = ABORT                  x
  active_target_name     = target                 x
  action                 = [0.0000, 0.0000, 1.0000, 1.0000]  x
  joint_angles           = [0.0000, -0.3699, 0.0001, -2.8277, -0.0000, 2.4511, 0.7854]  x
  joint_velocities       = [-0.0001, -1.2516, -0.0001, 0.2871, 0.0040, -0.8994, -0.0002]  x
  cube_rotation          = [0.0000, -0.0000, -0.0000]  x
  cube_linear_velocity   = [-0.0000, -0.0000, 0.0000]  x
  obstacle_positions     = {}                     x
[step=  47 08:58:17.056][Analyzer] ASM node=safe_abort  goal_status=not_applicable
[step=  47 08:58:17.061][DejaVu] {'status': 'ok', 'unanticipated': False}
[step=  48 08:58:18.213][Manager] ep=1 subtask= reward=-0.4000
[step=  48 08:58:18.213][Perception]
  RAW PERCEPTION                                  MONITORED PARAMS
  ----------------------------------------------  --------------------------------------
  fingers_width         = 0.0800 m                gripper_width_cm      = 7 cm
  dist_ee_to_cube       = 0.2126 m                distance_ee_object_cm = 18 cm
  dist_cube_to_target   = 0.4000 m  (3D)          distance_obj_goal_cm  = 40 cm  (XY)
  cube_position (z)     = 0.0200 m                object_lift_height_cm = 0 cm
  cube_position (xy)    = [-0.250, 0.000]         grasp_completed       = 0
  finger_contacts (raw) = 0                       finger_contacts       = 0
  x                                               grasp_attempts        = 3
  x                                               task_started          = 1
  x                                               object_available      = 1
  x                                               task_aborted          = 0
  episode                = 1                      x
  step                   = 48                     x
  ee_position            = [-0.2421, 0.0000, 0.2324]  x
  ee_velocity            = [0.1052, 0.0004, 0.4811]  x
  target_position        = [0.1500, 0.0000, 0.0200]  x
  reward                 = -0.4000                x
  is_success             = False                  x
  obstacle_in_path       = False                  x
  obstacle_count_in_path = 0                      x
  obstacles              = {}                     x
  objects                = {'object_1': {'type': 'box', 'size': [0.04, 0.04, 0.04], 'mass': 1.0, 'color': [0.1, 0.2, 0.9, 1.0], 'initial_position': [-0.25, 0.0, 0.02], 'lateral_friction': 0.5, 'spinning_friction': 0.001, 'current_position': [-0.2500006239578675, 1.6079798007507207e-06, 0.01998955590666775]}, 'unknown_object': {'type': 'box', 'size': [0.04, 0.01, 0.04], 'mass': 0.3, 'color': [0.9, 0.4, 0.1, 1.0], 'initial_position': [-0.25, 0.02, 0.02], 'lateral_friction': 0.5, 'spinning_friction': 0.001, 'current_position': [-0.23247432708128485, 0.02779216326296986, 0.019989479490510643]}}  x
  scripts                = {'script_1': True, 'reach_only': True, 'left_right': True}  x
  target_goal            = {'type': 'goal_sequence', 'targets': [{'name': 'target', 'position': [0.15000000596046448, 0.0, 0.019999999552965164]}], 'mode': 'goal_sequence'}  x
  scene                  = {'table': {'length': 1.1, 'width': 0.7, 'height': 0.4, 'x_offset': -0.3, 'lateral_friction': 3.0, 'spinning_friction': 0.001}}  x
  robot_config           = {'control_type': 'ee', 'block_gripper': False, 'base_position': [-0.6, 0.0, 0.05]}  x
  current_task           = ABORT                  x
  active_target_name     = target                 x
  action                 = [0.0000, 0.0000, 1.0000, 1.0000]  x
  joint_angles           = [0.0000, -0.4445, 0.0000, -2.7840, -0.0001, 2.3308, 0.7854]  x
  joint_velocities       = [-0.0001, -1.0056, -0.0001, 0.4784, 0.0048, -0.9245, -0.0001]  x
  cube_rotation          = [0.0000, -0.0000, -0.0000]  x
  cube_linear_velocity   = [-0.0000, -0.0000, 0.0000]  x
  obstacle_positions     = {}                     x
[step=  48 08:58:18.216][Analyzer] ASM node=safe_abort  goal_status=not_applicable
[step=  48 08:58:18.222][DejaVu] {'status': 'ok', 'unanticipated': False}
[step=  49 08:58:19.373][Manager] ep=1 subtask= reward=-0.4000
[step=  49 08:58:19.373][Perception]
  RAW PERCEPTION                                  MONITORED PARAMS
  ----------------------------------------------  --------------------------------------
  fingers_width         = 0.0800 m                gripper_width_cm      = 7 cm
  dist_ee_to_cube       = 0.2477 m                distance_ee_object_cm = 22 cm
  dist_cube_to_target   = 0.4000 m  (3D)          distance_obj_goal_cm  = 40 cm  (XY)
  cube_position (z)     = 0.0200 m                object_lift_height_cm = 0 cm
  cube_position (xy)    = [-0.250, 0.000]         grasp_completed       = 0
  finger_contacts (raw) = 0                       finger_contacts       = 0
  x                                               grasp_attempts        = 3
  x                                               task_started          = 1
  x                                               object_available      = 1
  x                                               task_aborted          = 0
  episode                = 1                      x
  step                   = 49                     x
  ee_position            = [-0.2407, 0.0000, 0.2675]  x
  ee_velocity            = [0.0999, 0.0004, 0.5039]  x
  target_position        = [0.1500, 0.0000, 0.0200]  x
  reward                 = -0.4000                x
  is_success             = False                  x
  obstacle_in_path       = False                  x
  obstacle_count_in_path = 0                      x
  obstacles              = {}                     x
  objects                = {'object_1': {'type': 'box', 'size': [0.04, 0.04, 0.04], 'mass': 1.0, 'color': [0.1, 0.2, 0.9, 1.0], 'initial_position': [-0.25, 0.0, 0.02], 'lateral_friction': 0.5, 'spinning_friction': 0.001, 'current_position': [-0.2500006311017546, 1.955122056589273e-06, 0.019989553987586686]}, 'unknown_object': {'type': 'box', 'size': [0.04, 0.01, 0.04], 'mass': 0.3, 'color': [0.9, 0.4, 0.1, 1.0], 'initial_position': [-0.25, 0.02, 0.02], 'lateral_friction': 0.5, 'spinning_friction': 0.001, 'current_position': [-0.23247437180848166, 0.027791887812090903, 0.0199894963524317]}}  x
  scripts                = {'script_1': True, 'reach_only': True, 'left_right': True}  x
  target_goal            = {'type': 'goal_sequence', 'targets': [{'name': 'target', 'position': [0.15000000596046448, 0.0, 0.019999999552965164]}], 'mode': 'goal_sequence'}  x
  scene                  = {'table': {'length': 1.1, 'width': 0.7, 'height': 0.4, 'x_offset': -0.3, 'lateral_friction': 3.0, 'spinning_friction': 0.001}}  x
  robot_config           = {'control_type': 'ee', 'block_gripper': False, 'base_position': [-0.6, 0.0, 0.05]}  x
  current_task           = ABORT                  x
  active_target_name     = target                 x
  action                 = [0.0000, 0.0000, 1.0000, 1.0000]  x
  joint_angles           = [0.0000, -0.5077, 0.0000, -2.7319, -0.0001, 2.2145, 0.7854]  x
  joint_velocities       = [-0.0002, -0.8624, -0.0002, 0.6141, 0.0048, -0.8936, -0.0004]  x
  cube_rotation          = [0.0000, -0.0000, -0.0000]  x
  cube_linear_velocity   = [-0.0000, -0.0000, 0.0000]  x
  obstacle_positions     = {}                     x
[step=  49 08:58:19.376][Analyzer] ASM node=safe_abort  goal_status=not_applicable
[step=  49 08:58:19.380][DejaVu] {'status': 'ok', 'unanticipated': False}
[step=  50 08:58:20.533][Manager] ep=1 subtask= reward=-0.4000
[step=  50 08:58:20.533][Perception]
  RAW PERCEPTION                                  MONITORED PARAMS
  ----------------------------------------------  --------------------------------------
  fingers_width         = 0.0800 m                gripper_width_cm      = 7 cm
  dist_ee_to_cube       = 0.2837 m                distance_ee_object_cm = 25 cm
  dist_cube_to_target   = 0.4000 m  (3D)          distance_obj_goal_cm  = 40 cm  (XY)
  cube_position (z)     = 0.0200 m                object_lift_height_cm = 0 cm
  cube_position (xy)    = [-0.250, 0.000]         grasp_completed       = 0
  finger_contacts (raw) = 0                       finger_contacts       = 0
  x                                               grasp_attempts        = 3
  x                                               task_started          = 1
  x                                               object_available      = 1
  x                                               task_aborted          = 0
  episode                = 1                      x
  step                   = 50                     x
  ee_position            = [-0.2407, -0.0000, 0.3035]  x
  ee_velocity            = [0.0965, 0.0005, 0.5124]  x
  target_position        = [0.1500, 0.0000, 0.0200]  x
  reward                 = -0.4000                x
  is_success             = False                  x
  obstacle_in_path       = False                  x
  obstacle_count_in_path = 0                      x
  obstacles              = {}                     x
  objects                = {'object_1': {'type': 'box', 'size': [0.04, 0.04, 0.04], 'mass': 1.0, 'color': [0.1, 0.2, 0.9, 1.0], 'initial_position': [-0.25, 0.0, 0.02], 'lateral_friction': 0.5, 'spinning_friction': 0.001, 'current_position': [-0.2500006366885582, 2.30226363123351e-06, 0.019989553625625076]}, 'unknown_object': {'type': 'box', 'size': [0.04, 0.01, 0.04], 'mass': 0.3, 'color': [0.9, 0.4, 0.1, 1.0], 'initial_position': [-0.25, 0.02, 0.02], 'lateral_friction': 0.5, 'spinning_friction': 0.001, 'current_position': [-0.23247440285020599, 0.027791612406432128, 0.019989499531312332]}}  x
  scripts                = {'script_1': True, 'reach_only': True, 'left_right': True}  x
  target_goal            = {'type': 'goal_sequence', 'targets': [{'name': 'target', 'position': [0.15000000596046448, 0.0, 0.019999999552965164]}], 'mode': 'goal_sequence'}  x
  scene                  = {'table': {'length': 1.1, 'width': 0.7, 'height': 0.4, 'x_offset': -0.3, 'lateral_friction': 3.0, 'spinning_friction': 0.001}}  x
  robot_config           = {'control_type': 'ee', 'block_gripper': False, 'base_position': [-0.6, 0.0, 0.05]}  x
  current_task           = ABORT                  x
  active_target_name     = target                 x
  action                 = [0.0000, 0.0000, 1.0000, 1.0000]  x
  joint_angles           = [0.0000, -0.5604, -0.0000, -2.6725, -0.0001, 2.1028, 0.7854]  x
  joint_velocities       = [-0.0000, -0.6573, -0.0003, 0.7649, 0.0041, -0.8590, -0.0003]  x
  cube_rotation          = [0.0000, -0.0000, -0.0000]  x
  cube_linear_velocity   = [-0.0000, -0.0000, 0.0000]  x
  obstacle_positions     = {}                     x
[step=  50 08:58:20.537][Analyzer] ASM node=safe_abort  goal_status=not_applicable
[step=  50 08:58:20.546][DejaVu] {'status': 'ok', 'unanticipated': False}
[step=  51 08:58:21.706][Manager] ep=1 subtask= reward=-0.4000
[step=  51 08:58:21.706][Perception]
  RAW PERCEPTION                                  MONITORED PARAMS
  ----------------------------------------------  --------------------------------------
  fingers_width         = 0.0800 m                gripper_width_cm      = 7 cm
  dist_ee_to_cube       = 0.2644 m                distance_ee_object_cm = 23 cm
  dist_cube_to_target   = 0.4000 m  (3D)          distance_obj_goal_cm  = 40 cm  (XY)
  cube_position (z)     = 0.0200 m                object_lift_height_cm = 0 cm
  cube_position (xy)    = [-0.250, 0.000]         grasp_completed       = 0
  finger_contacts (raw) = 0                       finger_contacts       = 0
  x                                               grasp_attempts        = 3
  x                                               task_started          = 1
  x                                               object_available      = 1
  x                                               task_aborted          = 0
  episode                = 1                      x
  step                   = 51                     x
  ee_position            = [-0.2344, 0.0000, 0.2839]  x
  ee_velocity            = [-0.3943, -0.0010, -1.2828]  x
  target_position        = [0.1500, 0.0000, 0.0200]  x
  reward                 = -0.4000                x
  is_success             = False                  x
  obstacle_in_path       = False                  x
  obstacle_count_in_path = 0                      x
  obstacles              = {}                     x
  objects                = {'object_1': {'type': 'box', 'size': [0.04, 0.04, 0.04], 'mass': 1.0, 'color': [0.1, 0.2, 0.9, 1.0], 'initial_position': [-0.25, 0.0, 0.02], 'lateral_friction': 0.5, 'spinning_friction': 0.001, 'current_position': [-0.25000064198113925, 2.6494045468889973e-06, 0.01998955355727677]}, 'unknown_object': {'type': 'box', 'size': [0.04, 0.01, 0.04], 'mass': 0.3, 'color': [0.9, 0.4, 0.1, 1.0], 'initial_position': [-0.25, 0.02, 0.02], 'lateral_friction': 0.5, 'spinning_friction': 0.001, 'current_position': [-0.2324744313127859, 0.027791337009997363, 0.019989500130610516]}}  x
  scripts                = {'script_1': True, 'reach_only': True, 'left_right': True}  x
  target_goal            = {'type': 'goal_sequence', 'targets': [{'name': 'target', 'position': [0.15000000596046448, 0.0, 0.019999999552965164]}], 'mode': 'goal_sequence'}  x
  scene                  = {'table': {'length': 1.1, 'width': 0.7, 'height': 0.4, 'x_offset': -0.3, 'lateral_friction': 3.0, 'spinning_friction': 0.001}}  x
  robot_config           = {'control_type': 'ee', 'block_gripper': False, 'base_position': [-0.6, 0.0, 0.05]}  x
  current_task           = ABORT                  x
  active_target_name     = target                 x
  action                 = [0.0000, 0.0000, -1.0000, 1.0000]  x
  joint_angles           = [0.0000, -0.5413, -0.0000, -2.7347, 0.0001, 2.2358, 0.7854]  x
  joint_velocities       = [0.0003, 2.0398, -0.0002, -1.3914, -0.0092, 1.0225, 0.0001]  x
  cube_rotation          = [0.0000, -0.0000, -0.0000]  x
  cube_linear_velocity   = [-0.0000, -0.0000, 0.0000]  x
  obstacle_positions     = {}                     x
[step=  51 08:58:21.709][Analyzer] ASM node=safe_abort  goal_status=not_applicable
[step=  51 08:58:21.716][DejaVu] {'status': 'ok', 'unanticipated': False}
[step=  52 08:58:22.853][Manager] ep=1 subtask= reward=-0.4000
[step=  52 08:58:22.854][Perception]
  RAW PERCEPTION                                  MONITORED PARAMS
  ----------------------------------------------  --------------------------------------
  fingers_width         = 0.0800 m                gripper_width_cm      = 7 cm
  dist_ee_to_cube       = 0.2294 m                distance_ee_object_cm = 20 cm
  dist_cube_to_target   = 0.4000 m  (3D)          distance_obj_goal_cm  = 40 cm  (XY)
  cube_position (z)     = 0.0200 m                object_lift_height_cm = 0 cm
  cube_position (xy)    = [-0.250, 0.000]         grasp_completed       = 0
  finger_contacts (raw) = 0                       finger_contacts       = 0
  x                                               grasp_attempts        = 3
  x                                               task_started          = 1
  x                                               object_available      = 1
  x                                               task_aborted          = 0
  episode                = 1                      x
  step                   = 52                     x
  ee_position            = [-0.2279, 0.0000, 0.2484]  x
  ee_velocity            = [0.9537, 0.0002, -0.1358]  x
  target_position        = [0.1500, 0.0000, 0.0200]  x
  reward                 = -0.4000                x
  is_success             = False                  x
  obstacle_in_path       = False                  x
  obstacle_count_in_path = 0                      x
  obstacles              = {}                     x
  objects                = {'object_1': {'type': 'box', 'size': [0.04, 0.04, 0.04], 'mass': 1.0, 'color': [0.1, 0.2, 0.9, 1.0], 'initial_position': [-0.25, 0.0, 0.02], 'lateral_friction': 0.5, 'spinning_friction': 0.001, 'current_position': [-0.250000647217625, 2.996544808584822e-06, 0.01998955354429274]}, 'unknown_object': {'type': 'box', 'size': [0.04, 0.01, 0.04], 'mass': 0.3, 'color': [0.9, 0.4, 0.1, 1.0], 'initial_position': [-0.25, 0.02, 0.02], 'lateral_friction': 0.5, 'spinning_friction': 0.001, 'current_position': [-0.23247445929008156, 0.02779106161579957, 0.019989500243594627]}}  x
  scripts                = {'script_1': True, 'reach_only': True, 'left_right': True}  x
  target_goal            = {'type': 'goal_sequence', 'targets': [{'name': 'target', 'position': [0.15000000596046448, 0.0, 0.019999999552965164]}], 'mode': 'goal_sequence'}  x
  scene                  = {'table': {'length': 1.1, 'width': 0.7, 'height': 0.4, 'x_offset': -0.3, 'lateral_friction': 3.0, 'spinning_friction': 0.001}}  x
  robot_config           = {'control_type': 'ee', 'block_gripper': False, 'base_position': [-0.6, 0.0, 0.05]}  x
  current_task           = ABORT                  x
  active_target_name     = target                 x
  action                 = [0.9977, -0.0001, 0.0685, 1.0000]  x
  joint_angles           = [0.0000, -0.3750, 0.0000, -2.6636, 0.0000, 2.2026, 0.7854]  x
  joint_velocities       = [0.0000, 3.9490, 0.0004, 3.2861, 0.0000, -0.2551, 0.0001]  x
  cube_rotation          = [0.0000, -0.0000, -0.0000]  x
  cube_linear_velocity   = [-0.0000, -0.0000, 0.0000]  x
  obstacle_positions     = {}                     x
[step=  52 08:58:22.857][Analyzer] ASM node=safe_abort  goal_status=not_applicable
[step=  52 08:58:22.862][DejaVu] {'status': 'ok', 'unanticipated': False}
[step=  53 08:58:24.013][Manager] ep=1 subtask= reward=-0.4000
[step=  53 08:58:24.013][Perception]
  RAW PERCEPTION                                  MONITORED PARAMS
  ----------------------------------------------  --------------------------------------
  fingers_width         = 0.0800 m                gripper_width_cm      = 7 cm
  dist_ee_to_cube       = 0.2391 m                distance_ee_object_cm = 21 cm
  dist_cube_to_target   = 0.4000 m  (3D)          distance_obj_goal_cm  = 40 cm  (XY)
  cube_position (z)     = 0.0200 m                object_lift_height_cm = 0 cm
  cube_position (xy)    = [-0.250, 0.000]         grasp_completed       = 0
  finger_contacts (raw) = 0                       finger_contacts       = 0
  x                                               grasp_attempts        = 3
  x                                               task_started          = 1
  x                                               object_available      = 1
  x                                               task_aborted          = 0
  episode                = 1                      x
  step                   = 53                     x
  ee_position            = [-0.1907, 0.0000, 0.2516]  x
  ee_velocity            = [0.3311, -0.0000, 0.2431]  x
  target_position        = [0.1500, 0.0000, 0.0200]  x
  reward                 = -0.4000                x
  is_success             = False                  x
  obstacle_in_path       = False                  x
  obstacle_count_in_path = 0                      x
  obstacles              = {}                     x
  objects                = {'object_1': {'type': 'box', 'size': [0.04, 0.04, 0.04], 'mass': 1.0, 'color': [0.1, 0.2, 0.9, 1.0], 'initial_position': [-0.25, 0.0, 0.02], 'lateral_friction': 0.5, 'spinning_friction': 0.001, 'current_position': [-0.25000065244291714, 3.343684417373566e-06, 0.019989553541748285]}, 'unknown_object': {'type': 'box', 'size': [0.04, 0.01, 0.04], 'mass': 0.3, 'color': [0.9, 0.4, 0.1, 1.0], 'initial_position': [-0.25, 0.02, 0.02], 'lateral_friction': 0.5, 'spinning_friction': 0.001, 'current_position': [-0.23247448717683705, 0.027790786222524153, 0.019989500264896667]}}  x
  scripts                = {'script_1': True, 'reach_only': True, 'left_right': True}  x
  target_goal            = {'type': 'goal_sequence', 'targets': [{'name': 'target', 'position': [0.15000000596046448, 0.0, 0.019999999552965164]}], 'mode': 'goal_sequence'}  x
  scene                  = {'table': {'length': 1.1, 'width': 0.7, 'height': 0.4, 'x_offset': -0.3, 'lateral_friction': 3.0, 'spinning_friction': 0.001}}  x
  robot_config           = {'control_type': 'ee', 'block_gripper': False, 'base_position': [-0.6, 0.0, 0.05]}  x
  current_task           = ABORT                  x
  active_target_name     = target                 x
  action                 = [0.9753, -0.0000, 0.2210, 1.0000]  x
  joint_angles           = [0.0000, -0.2991, 0.0000, -2.5946, 0.0000, 2.2674, 0.7854]  x
  joint_velocities       = [-0.0002, 0.0929, 0.0001, 0.5680, 0.0000, 0.4984, -0.0001]  x
  cube_rotation          = [0.0000, -0.0000, -0.0000]  x
  cube_linear_velocity   = [-0.0000, -0.0000, 0.0000]  x
  obstacle_positions     = {}                     x
[step=  53 08:58:24.017][Analyzer] ASM node=safe_abort  goal_status=not_applicable
[step=  53 08:58:24.022][DejaVu] {'status': 'ok', 'unanticipated': False}
[step=  54 08:58:25.199][Manager] ep=1 subtask= reward=-0.4000
[step=  54 08:58:25.200][Perception]
  RAW PERCEPTION                                  MONITORED PARAMS
  ----------------------------------------------  --------------------------------------
  fingers_width         = 0.0800 m                gripper_width_cm      = 7 cm
  dist_ee_to_cube       = 0.2591 m                distance_ee_object_cm = 23 cm
  dist_cube_to_target   = 0.4000 m  (3D)          distance_obj_goal_cm  = 40 cm  (XY)
  cube_position (z)     = 0.0200 m                object_lift_height_cm = 0 cm
  cube_position (xy)    = [-0.250, 0.000]         grasp_completed       = 0
  finger_contacts (raw) = 0                       finger_contacts       = 0
  x                                               grasp_attempts        = 3
  x                                               task_started          = 1
  x                                               object_available      = 1
  x                                               task_aborted          = 0
  episode                = 1                      x
  step                   = 54                     x
  ee_position            = [-0.1571, -0.0000, 0.2618]  x
  ee_velocity            = [0.4630, -0.0002, 0.1063]  x
  target_position        = [0.1500, 0.0000, 0.0200]  x
  reward                 = -0.4000                x
  is_success             = False                  x
  obstacle_in_path       = False                  x
  obstacle_count_in_path = 0                      x
  obstacles              = {}                     x
  objects                = {'object_1': {'type': 'box', 'size': [0.04, 0.04, 0.04], 'mass': 1.0, 'color': [0.1, 0.2, 0.9, 1.0], 'initial_position': [-0.25, 0.0, 0.02], 'lateral_friction': 0.5, 'spinning_friction': 0.001, 'current_position': [-0.2500006576654823, 3.690823373434507e-06, 0.019989553541172343]}, 'unknown_object': {'type': 'box', 'size': [0.04, 0.01, 0.04], 'mass': 0.3, 'color': [0.9, 0.4, 0.1, 1.0], 'initial_position': [-0.25, 0.02, 0.02], 'lateral_friction': 0.5, 'spinning_friction': 0.001, 'current_position': [-0.23247451504747088, 0.02779051082992423, 0.019989500268914436]}}  x
  scripts                = {'script_1': True, 'reach_only': True, 'left_right': True}  x
  target_goal            = {'type': 'goal_sequence', 'targets': [{'name': 'target', 'position': [0.15000000596046448, 0.0, 0.019999999552965164]}], 'mode': 'goal_sequence'}  x
  scene                  = {'table': {'length': 1.1, 'width': 0.7, 'height': 0.4, 'x_offset': -0.3, 'lateral_friction': 3.0, 'spinning_friction': 0.001}}  x
  robot_config           = {'control_type': 'ee', 'block_gripper': False, 'base_position': [-0.6, 0.0, 0.05]}  x
  current_task           = ABORT                  x
  active_target_name     = target                 x
  action                 = [0.9693, -0.0000, 0.2458, 1.0000]  x
  joint_angles           = [0.0000, -0.2243, -0.0000, -2.4973, 0.0000, 2.2692, 0.7854]  x
  joint_velocities       = [-0.0000, 1.0826, -0.0003, 1.3511, -0.0000, 0.0136, -0.0000]  x
  cube_rotation          = [0.0000, -0.0000, -0.0000]  x
  cube_linear_velocity   = [-0.0000, -0.0000, 0.0000]  x
  obstacle_positions     = {}                     x
[step=  54 08:58:25.202][Analyzer] ASM node=safe_abort  goal_status=not_applicable
[step=  54 08:58:25.208][DejaVu] {'status': 'ok', 'unanticipated': False}
[step=  55 08:58:26.373][Manager] ep=1 subtask= reward=-0.4000
[step=  55 08:58:26.373][Perception]
  RAW PERCEPTION                                  MONITORED PARAMS
  ----------------------------------------------  --------------------------------------
  fingers_width         = 0.0800 m                gripper_width_cm      = 7 cm
  dist_ee_to_cube       = 0.2789 m                distance_ee_object_cm = 25 cm
  dist_cube_to_target   = 0.4000 m  (3D)          distance_obj_goal_cm  = 40 cm  (XY)
  cube_position (z)     = 0.0200 m                object_lift_height_cm = 0 cm
  cube_position (xy)    = [-0.250, 0.000]         grasp_completed       = 0
  finger_contacts (raw) = 0                       finger_contacts       = 0
  x                                               grasp_attempts        = 3
  x                                               task_started          = 1
  x                                               object_available      = 1
  x                                               task_aborted          = 0
  episode                = 1                      x
  step                   = 55                     x
  ee_position            = [-0.1238, -0.0000, 0.2687]  x
  ee_velocity            = [0.4311, -0.0002, 0.1710]  x
  target_position        = [0.1500, 0.0000, 0.0200]  x
  reward                 = -0.4000                x
  is_success             = False                  x
  obstacle_in_path       = False                  x
  obstacle_count_in_path = 0                      x
  obstacles              = {}                     x
  objects                = {'object_1': {'type': 'box', 'size': [0.04, 0.04, 0.04], 'mass': 1.0, 'color': [0.1, 0.2, 0.9, 1.0], 'initial_position': [-0.25, 0.0, 0.02], 'lateral_friction': 0.5, 'spinning_friction': 0.001, 'current_position': [-0.25000066288691725, 4.037961676770706e-06, 0.019989553540967615]}, 'unknown_object': {'type': 'box', 'size': [0.04, 0.01, 0.04], 'mass': 0.3, 'color': [0.9, 0.4, 0.1, 1.0], 'initial_position': [-0.25, 0.02, 0.02], 'lateral_friction': 0.5, 'spinning_friction': 0.001, 'current_position': [-0.2324745429160129, 0.027790235437953496, 0.019989500269673686]}}  x
  scripts                = {'script_1': True, 'reach_only': True, 'left_right': True}  x
  target_goal            = {'type': 'goal_sequence', 'targets': [{'name': 'target', 'position': [0.15000000596046448, 0.0, 0.019999999552965164]}], 'mode': 'goal_sequence'}  x
  scene                  = {'table': {'length': 1.1, 'width': 0.7, 'height': 0.4, 'x_offset': -0.3, 'lateral_friction': 3.0, 'spinning_friction': 0.001}}  x
  robot_config           = {'control_type': 'ee', 'block_gripper': False, 'base_position': [-0.6, 0.0, 0.05]}  x
  current_task           = ABORT                  x
  active_target_name     = target                 x
  action                 = [0.9718, 0.0000, 0.2359, 1.0000]  x
  joint_angles           = [0.0000, -0.1364, -0.0000, -2.3829, -0.0000, 2.2421, 0.7854]  x
  joint_velocities       = [0.0000, 0.8577, -0.0005, 1.3657, -0.0000, -0.2085, -0.0001]  x
  cube_rotation          = [0.0000, -0.0000, -0.0000]  x
  cube_linear_velocity   = [-0.0000, -0.0000, 0.0000]  x
  obstacle_positions     = {}                     x
[step=  55 08:58:26.376][Analyzer] ASM node=safe_abort  goal_status=not_applicable
[step=  55 08:58:26.381][DejaVu] {'status': 'ok', 'unanticipated': False}
[step=  56 08:58:27.494][Manager] ep=1 subtask= reward=-0.4000
[step=  56 08:58:27.494][Perception]
  RAW PERCEPTION                                  MONITORED PARAMS
  ----------------------------------------------  --------------------------------------
  fingers_width         = 0.0800 m                gripper_width_cm      = 7 cm
  dist_ee_to_cube       = 0.3022 m                distance_ee_object_cm = 27 cm
  dist_cube_to_target   = 0.4000 m  (3D)          distance_obj_goal_cm  = 40 cm  (XY)
  cube_position (z)     = 0.0200 m                object_lift_height_cm = 0 cm
  cube_position (xy)    = [-0.250, 0.000]         grasp_completed       = 0
  finger_contacts (raw) = 0                       finger_contacts       = 0
  x                                               grasp_attempts        = 3
  x                                               task_started          = 1
  x                                               object_available      = 1
  x                                               task_aborted          = 0
  episode                = 1                      x
  step                   = 56                     x
  ee_position            = [-0.0908, -0.0000, 0.2768]  x
  ee_velocity            = [0.4118, -0.0003, 0.1287]  x
  target_position        = [0.1500, 0.0000, 0.0200]  x
  reward                 = -0.4000                x
  is_success             = False                  x
  obstacle_in_path       = False                  x
  obstacle_count_in_path = 0                      x
  obstacles              = {}                     x
  objects                = {'object_1': {'type': 'box', 'size': [0.04, 0.04, 0.04], 'mass': 1.0, 'color': [0.1, 0.2, 0.9, 1.0], 'initial_position': [-0.25, 0.0, 0.02], 'lateral_friction': 0.5, 'spinning_friction': 0.001, 'current_position': [-0.25000066810752286, 4.385099327319648e-06, 0.01998955354083289]}, 'unknown_object': {'type': 'box', 'size': [0.04, 0.01, 0.04], 'mass': 0.3, 'color': [0.9, 0.4, 0.1, 1.0], 'initial_position': [-0.25, 0.02, 0.02], 'lateral_friction': 0.5, 'spinning_friction': 0.001, 'current_position': [-0.23247457078510814, 0.02778996004660348, 0.019989500269818623]}}  x
  scripts                = {'script_1': True, 'reach_only': True, 'left_right': True}  x
  target_goal            = {'type': 'goal_sequence', 'targets': [{'name': 'target', 'position': [0.15000000596046448, 0.0, 0.019999999552965164]}], 'mode': 'goal_sequence'}  x
  scene                  = {'table': {'length': 1.1, 'width': 0.7, 'height': 0.4, 'x_offset': -0.3, 'lateral_friction': 3.0, 'spinning_friction': 0.001}}  x
  robot_config           = {'control_type': 'ee', 'block_gripper': False, 'base_position': [-0.6, 0.0, 0.05]}  x
  current_task           = ABORT                  x
  active_target_name     = target                 x
  action                 = [0.9696, 0.0001, 0.2447, 1.0000]  x
  joint_angles           = [0.0000, -0.0536, -0.0001, -2.2661, -0.0000, 2.2105, 0.7854]  x
  joint_velocities       = [0.0001, 0.8960, -0.0007, 1.3656, -0.0000, -0.2427, -0.0001]  x
  cube_rotation          = [0.0000, -0.0000, -0.0000]  x
  cube_linear_velocity   = [-0.0000, -0.0000, 0.0000]  x
  obstacle_positions     = {}                     x
[step=  56 08:58:27.496][Analyzer] ASM node=safe_abort  goal_status=not_applicable
[step=  56 08:58:27.501][DejaVu] {'status': 'ok', 'unanticipated': False}
[step=  57 08:58:28.654][Manager] ep=1 subtask= reward=-0.4000
[step=  57 08:58:28.654][Perception]
  RAW PERCEPTION                                  MONITORED PARAMS
  ----------------------------------------------  --------------------------------------
  fingers_width         = 0.0800 m                gripper_width_cm      = 7 cm
  dist_ee_to_cube       = 0.3259 m                distance_ee_object_cm = 30 cm
  dist_cube_to_target   = 0.4000 m  (3D)          distance_obj_goal_cm  = 40 cm  (XY)
  cube_position (z)     = 0.0200 m                object_lift_height_cm = 0 cm
  cube_position (xy)    = [-0.250, 0.000]         grasp_completed       = 0
  finger_contacts (raw) = 0                       finger_contacts       = 0
  x                                               grasp_attempts        = 3
  x                                               task_started          = 1
  x                                               object_available      = 1
  x                                               task_aborted          = 0
  episode                = 1                      x
  step                   = 57                     x
  ee_position            = [-0.0586, -0.0000, 0.2838]  x
  ee_velocity            = [0.3978, -0.0006, 0.1343]  x
  target_position        = [0.1500, 0.0000, 0.0200]  x
  reward                 = -0.4000                x
  is_success             = False                  x
  obstacle_in_path       = False                  x
  obstacle_count_in_path = 0                      x
  obstacles              = {}                     x
  objects                = {'object_1': {'type': 'box', 'size': [0.04, 0.04, 0.04], 'mass': 1.0, 'color': [0.1, 0.2, 0.9, 1.0], 'initial_position': [-0.25, 0.0, 0.02], 'lateral_friction': 0.5, 'spinning_friction': 0.001, 'current_position': [-0.25000067332735565, 4.732236325050341e-06, 0.01998955354071137]}, 'unknown_object': {'type': 'box', 'size': [0.04, 0.01, 0.04], 'mass': 0.3, 'color': [0.9, 0.4, 0.1, 1.0], 'initial_position': [-0.25, 0.02, 0.02], 'lateral_friction': 0.5, 'spinning_friction': 0.001, 'current_position': [-0.23247459865525513, 0.027789684655873063, 0.01998950026984778]}}  x
  scripts                = {'script_1': True, 'reach_only': True, 'left_right': True}  x
  target_goal            = {'type': 'goal_sequence', 'targets': [{'name': 'target', 'position': [0.15000000596046448, 0.0, 0.019999999552965164]}], 'mode': 'goal_sequence'}  x
  scene                  = {'table': {'length': 1.1, 'width': 0.7, 'height': 0.4, 'x_offset': -0.3, 'lateral_friction': 3.0, 'spinning_friction': 0.001}}  x
  robot_config           = {'control_type': 'ee', 'block_gripper': False, 'base_position': [-0.6, 0.0, 0.05]}  x
  current_task           = ABORT                  x
  active_target_name     = target                 x
  action                 = [0.9688, 0.0003, 0.2477, 1.0000]  x
  joint_angles           = [0.0000, 0.0295, -0.0001, -2.1452, 0.0000, 2.1722, 0.7854]  x
  joint_velocities       = [0.0001, 0.8556, -0.0012, 1.3860, 0.0000, -0.2949, -0.0001]  x
  cube_rotation          = [0.0000, -0.0000, -0.0001]  x
  cube_linear_velocity   = [-0.0000, -0.0000, 0.0000]  x
  obstacle_positions     = {}                     x
[step=  57 08:58:28.657][Analyzer] ASM node=safe_abort  goal_status=not_applicable
[step=  57 08:58:28.668][DejaVu] {'status': 'ok', 'unanticipated': False}
[step=  58 08:58:29.826][Manager] ep=1 subtask= reward=-0.4000
[step=  58 08:58:29.827][Perception]
  RAW PERCEPTION                                  MONITORED PARAMS
  ----------------------------------------------  --------------------------------------
  fingers_width         = 0.0800 m                gripper_width_cm      = 7 cm
  dist_ee_to_cube       = 0.3500 m                distance_ee_object_cm = 32 cm
  dist_cube_to_target   = 0.4000 m  (3D)          distance_obj_goal_cm  = 40 cm  (XY)
  cube_position (z)     = 0.0200 m                object_lift_height_cm = 0 cm
  cube_position (xy)    = [-0.250, 0.000]         grasp_completed       = 0
  finger_contacts (raw) = 0                       finger_contacts       = 0
  x                                               grasp_attempts        = 3
  x                                               task_started          = 1
  x                                               object_available      = 1
  x                                               task_aborted          = 0
  episode                = 1                      x
  step                   = 58                     x
  ee_position            = [-0.0276, -0.0000, 0.2903]  x
  ee_velocity            = [0.3705, -0.0005, 0.1025]  x
  target_position        = [0.1500, 0.0000, 0.0200]  x
  reward                 = -0.4000                x
  is_success             = False                  x
  obstacle_in_path       = False                  x
  obstacle_count_in_path = 0                      x
  obstacles              = {}                     x
  objects                = {'object_1': {'type': 'box', 'size': [0.04, 0.04, 0.04], 'mass': 1.0, 'color': [0.1, 0.2, 0.9, 1.0], 'initial_position': [-0.25, 0.0, 0.02], 'lateral_friction': 0.5, 'spinning_friction': 0.001, 'current_position': [-0.2500006785464266, 5.079372669856844e-06, 0.019989553540592325]}, 'unknown_object': {'type': 'box', 'size': [0.04, 0.01, 0.04], 'mass': 0.3, 'color': [0.9, 0.4, 0.1, 1.0], 'initial_position': [-0.25, 0.02, 0.02], 'lateral_friction': 0.5, 'spinning_friction': 0.001, 'current_position': [-0.2324746265265479, 0.027789409265762306, 0.0199895002698551]}}  x
  scripts                = {'script_1': True, 'reach_only': True, 'left_right': True}  x
  target_goal            = {'type': 'goal_sequence', 'targets': [{'name': 'target', 'position': [0.15000000596046448, 0.0, 0.019999999552965164]}], 'mode': 'goal_sequence'}  x
  scene                  = {'table': {'length': 1.1, 'width': 0.7, 'height': 0.4, 'x_offset': -0.3, 'lateral_friction': 3.0, 'spinning_friction': 0.001}}  x
  robot_config           = {'control_type': 'ee', 'block_gripper': False, 'base_position': [-0.6, 0.0, 0.05]}  x
  current_task           = ABORT                  x
  active_target_name     = target                 x
  action                 = [0.9638, 0.0007, 0.2668, 1.0000]  x
  joint_angles           = [0.0001, 0.1115, -0.0001, -2.0219, 0.0000, 2.1297, 0.7854]  x
  joint_velocities       = [0.0002, 0.8623, -0.0011, 1.3714, 0.0000, -0.3263, 0.0000]  x
  cube_rotation          = [0.0000, -0.0000, -0.0001]  x
  cube_linear_velocity   = [-0.0000, -0.0000, 0.0000]  x
  obstacle_positions     = {}                     x
[step=  58 08:58:29.830][Analyzer] ASM node=safe_abort  goal_status=not_applicable
[step=  58 08:58:29.836][DejaVu] {'status': 'ok', 'unanticipated': False}
[step=  59 08:58:30.974][Manager] ep=1 subtask= reward=-0.4000
[step=  59 08:58:30.975][Perception]
  RAW PERCEPTION                                  MONITORED PARAMS
  ----------------------------------------------  --------------------------------------
  fingers_width         = 0.0800 m                gripper_width_cm      = 7 cm
  dist_ee_to_cube       = 0.3744 m                distance_ee_object_cm = 34 cm
  dist_cube_to_target   = 0.4000 m  (3D)          distance_obj_goal_cm  = 40 cm  (XY)
  cube_position (z)     = 0.0200 m                object_lift_height_cm = 0 cm
  cube_position (xy)    = [-0.250, 0.000]         grasp_completed       = 0
  finger_contacts (raw) = 0                       finger_contacts       = 0
  x                                               grasp_attempts        = 3
  x                                               task_started          = 1
  x                                               object_available      = 1
  x                                               task_aborted          = 1
  episode                = 1                      x
  step                   = 59                     x
  ee_position            = [0.0014, -0.0000, 0.2974]  x
  ee_velocity            = [0.3405, -0.0002, 0.1422]  x
  target_position        = [0.1500, 0.0000, 0.0200]  x
  reward                 = -0.4000                x
  is_success             = True                   x
  obstacle_in_path       = False                  x
  obstacle_count_in_path = 0                      x
  obstacles              = {}                     x
  objects                = {'object_1': {'type': 'box', 'size': [0.04, 0.04, 0.04], 'mass': 1.0, 'color': [0.1, 0.2, 0.9, 1.0], 'initial_position': [-0.25, 0.0, 0.02], 'lateral_friction': 0.5, 'spinning_friction': 0.001, 'current_position': [-0.2500006837647375, 5.4265083617303506e-06, 0.01998955354047378]}, 'unknown_object': {'type': 'box', 'size': [0.04, 0.01, 0.04], 'mass': 0.3, 'color': [0.9, 0.4, 0.1, 1.0], 'initial_position': [-0.25, 0.02, 0.02], 'lateral_friction': 0.5, 'spinning_friction': 0.001, 'current_position': [-0.2324746543990042, 0.027789133876271434, 0.019989500269858313]}}  x
  scripts                = {'script_1': True, 'reach_only': True, 'left_right': True}  x
  target_goal            = {'type': 'goal_sequence', 'targets': [{'name': 'target', 'position': [0.15000000596046448, 0.0, 0.019999999552965164]}], 'mode': 'goal_sequence'}  x
  scene                  = {'table': {'length': 1.1, 'width': 0.7, 'height': 0.4, 'x_offset': -0.3, 'lateral_friction': 3.0, 'spinning_friction': 0.001}}  x
  robot_config           = {'control_type': 'ee', 'block_gripper': False, 'base_position': [-0.6, 0.0, 0.05]}  x
  current_task           = ABORT                  x
  active_target_name     = target                 x
  action                 = [0.9428, 0.0012, 0.3333, 1.0000]  x
  joint_angles           = [0.0001, 0.1897, -0.0001, -1.8968, 0.0000, 2.0806, 0.7854]  x
  joint_velocities       = [0.0004, 0.7472, -0.0007, 1.3544, 0.0000, -0.3778, 0.0003]  x
  cube_rotation          = [0.0000, -0.0000, -0.0001]  x
  cube_linear_velocity   = [-0.0000, -0.0000, 0.0000]  x
  obstacle_positions     = {}                     x
[step=  59 08:58:30.977][ASM] [DONE] SAFE_ABORT → __end__
[step=  59 08:58:30.977][Analyzer] ASM node=__end__  goal_status=not_applicable
[step=  59 08:58:30.983][DejaVu] {'status': 'ok', 'unanticipated': False}
[step=  59 08:59:02.586][WsClient] Falha (no close frame received or sent). Tentativa 1/3...
[step=  59 08:59:05.104][WsClient] Falha (timed out). Tentativa 2/3...
[step=  59 08:59:07.621][WsClient] Falha (timed out). Tentativa 3/3...
[step=  59 08:59:08.121][WsClient] Sem conexão após 3 tentativas. Encerrando.
