[Trace] Gravando em: C:\Users\lucas_alves\Workspace\self-adaptive-arm-simulator\1-manager\traces\trace_20260816_231217.log
[step=   0 23:12:19.805][Manager] GUI conectado.
[step=   0 23:12:20.500][Manager] DejaVu conectado.
[step=   0 23:12:21.307][Manager] Aguardando percepcoes do managing...

[step=   0 23:12:21.323][WsClient] Conectado a ws://localhost:8000/ws/perception
[step=   1 23:12:21.371][Manager] ep=1 subtask=APPROACH_OBJECT reward=-0.4000
[step=   1 23:12:21.372][Perception]
  RAW PERCEPTION                                  MONITORED PARAMS
  ----------------------------------------------  --------------------------------------
  fingers_width         = 0.0703 m                gripper_width_cm      = 7 cm
  dist_ee_to_cube       = 0.3106 m                distance_ee_object_cm = 28 cm
  dist_cube_to_target   = 0.4000 m  (3D)          distance_obj_goal_cm  = 40 cm  (XY)
  cube_position (z)     = 0.0200 m                object_lift_height_cm = 0 cm
  cube_position (xy)    = [-0.250, 0.000]         grasp_completed       = 0
  finger_contacts (raw) = 0                       finger_contacts       = 0
  x                                               grasp_attempts        = 0
  x                                               task_started          = 1
  x                                               object_available      = 1
  x                                               task_aborted          = 0
  episode                = 1                      x
  step                   = 1                      x
  ee_position            = [0.0095, 0.0000, 0.1906]  x
  ee_velocity            = [-0.4160, 0.0005, -0.0497]  x
  target_position        = [0.1500, 0.0000, 0.0200]  x
  reward                 = -0.4000                x
  is_success             = False                  x
  obstacle_in_path       = False                  x
  obstacle_count_in_path = 0                      x
  obstacles              = {}                     x
  objects                = {'object_1': {'type': 'box', 'size': [0.04, 0.04, 0.04], 'mass': 1.0, 'color': [0.1, 0.2, 0.9, 1.0], 'initial_position': [-0.25, 0.0, 0.02], 'lateral_friction': 0.13, 'spinning_friction': 0.001, 'current_position': [-0.2500006382154648, 3.736820161819107e-07, 0.01998952846842175]}}  x
  scripts                = {'script_1': True, 'reach_only': True, 'left_right': True}  x
  target_goal            = {'type': 'goal_sequence', 'targets': [{'name': 'target', 'position': [0.15000000596046448, 0.0, 0.019999999552965164]}], 'mode': 'goal_sequence'}  x
  scene                  = {'table': {'length': 1.1, 'width': 0.7, 'height': 0.4, 'x_offset': -0.3, 'lateral_friction': 3.0, 'spinning_friction': 0.001}}  x
  robot_config           = {'control_type': 'ee', 'block_gripper': False, 'base_position': [-0.6, 0.0, 0.05]}  x
  current_task           = OBJECT_DELIVERY_SEQUENCE  x
  current_subtask        = APPROACH_OBJECT        x
  active_target_name     = target                 x
  action                 = [-0.9839, 0.0000, -0.1787, 1.0000]  x
  joint_angles           = [-0.0006, 0.3402, 0.0006, -1.9788, -0.0003, 2.3185, 0.7862]  x
  joint_velocities       = [-0.0043, -0.9484, 0.0052, -1.5662, -0.0026, 0.4502, -0.0295]  x
  cube_rotation          = [0.0000, -0.0000, -0.0000]  x
  cube_linear_velocity   = [-0.0000, 0.0000, -0.0000]  x
  obstacle_positions     = {}                     x
[step=   1 23:12:21.377][ASM] [PENDING] __init__ → approach_object: condições satisfeitas, aguardando managing
[step=   1 23:12:21.377][ASM] [OK] __init__ → approach_object  (type=domain)
[step=   1 23:12:21.377][Analyzer] ASM node=approach_object  goal_status=ok  (scenario=APPROACH_OBJECT)
[step=   1 23:12:21.381][DejaVu] {'status': 'ok', 'unanticipated': False, 'adaptation': None}
[step=   2 23:12:22.514][Manager] ep=1 subtask=APPROACH_OBJECT reward=-0.4000
[step=   2 23:12:22.515][Perception]
  RAW PERCEPTION                                  MONITORED PARAMS
  ----------------------------------------------  --------------------------------------
  fingers_width         = 0.0788 m                gripper_width_cm      = 7 cm
  dist_ee_to_cube       = 0.2806 m                distance_ee_object_cm = 25 cm
  dist_cube_to_target   = 0.4000 m  (3D)          distance_obj_goal_cm  = 40 cm  (XY)
  cube_position (z)     = 0.0200 m                object_lift_height_cm = 0 cm
  cube_position (xy)    = [-0.250, 0.000]         grasp_completed       = 0
  finger_contacts (raw) = 0                       finger_contacts       = 0
  x                                               grasp_attempts        = 0
  x                                               task_started          = 1
  x                                               object_available      = 1
  x                                               task_aborted          = 0
  episode                = 1                      x
  step                   = 2                      x
  ee_position            = [-0.0225, 0.0000, 0.1842]  x
  ee_velocity            = [-0.3693, 0.0001, -0.0756]  x
  target_position        = [0.1500, 0.0000, 0.0200]  x
  reward                 = -0.4000                x
  is_success             = False                  x
  obstacle_in_path       = False                  x
  obstacle_count_in_path = 0                      x
  obstacles              = {}                     x
  objects                = {'object_1': {'type': 'box', 'size': [0.04, 0.04, 0.04], 'mass': 1.0, 'color': [0.1, 0.2, 0.9, 1.0], 'initial_position': [-0.25, 0.0, 0.02], 'lateral_friction': 0.13, 'spinning_friction': 0.001, 'current_position': [-0.2500007504158555, 8.244176984337467e-07, 0.019989433475159142]}}  x
  scripts                = {'script_1': True, 'reach_only': True, 'left_right': True}  x
  target_goal            = {'type': 'goal_sequence', 'targets': [{'name': 'target', 'position': [0.15000000596046448, 0.0, 0.019999999552965164]}], 'mode': 'goal_sequence'}  x
  scene                  = {'table': {'length': 1.1, 'width': 0.7, 'height': 0.4, 'x_offset': -0.3, 'lateral_friction': 3.0, 'spinning_friction': 0.001}}  x
  robot_config           = {'control_type': 'ee', 'block_gripper': False, 'base_position': [-0.6, 0.0, 0.05]}  x
  current_task           = OBJECT_DELIVERY_SEQUENCE  x
  current_subtask        = APPROACH_OBJECT        x
  active_target_name     = target                 x
  action                 = [-0.9849, -0.0000, -0.1732, 1.0000]  x
  joint_angles           = [-0.0006, 0.2683, 0.0007, -2.1078, -0.0003, 2.3756, 0.7857]  x
  joint_velocities       = [-0.0007, -0.7571, 0.0008, -1.3320, 0.0000, 0.4389, -0.0038]  x
  cube_rotation          = [0.0000, -0.0000, -0.0000]  x
  cube_linear_velocity   = [-0.0000, 0.0000, -0.0000]  x
  obstacle_positions     = {}                     x
[step=   2 23:12:22.518][Analyzer] ASM node=approach_object  goal_status=not_applicable
[step=   2 23:12:22.520][DejaVu] {'status': 'ok', 'unanticipated': False, 'adaptation': None}
[step=   3 23:12:23.664][Manager] ep=1 subtask=APPROACH_OBJECT reward=-0.4000
[step=   3 23:12:23.664][Perception]
  RAW PERCEPTION                                  MONITORED PARAMS
  ----------------------------------------------  --------------------------------------
  fingers_width         = 0.0799 m                gripper_width_cm      = 7 cm
  dist_ee_to_cube       = 0.2501 m                distance_ee_object_cm = 22 cm
  dist_cube_to_target   = 0.4000 m  (3D)          distance_obj_goal_cm  = 40 cm  (XY)
  cube_position (z)     = 0.0200 m                object_lift_height_cm = 0 cm
  cube_position (xy)    = [-0.250, 0.000]         grasp_completed       = 0
  finger_contacts (raw) = 0                       finger_contacts       = 0
  x                                               grasp_attempts        = 0
  x                                               task_started          = 1
  x                                               object_available      = 1
  x                                               task_aborted          = 0
  episode                = 1                      x
  step                   = 3                      x
  ee_position            = [-0.0556, 0.0000, 0.1774]  x
  ee_velocity            = [-0.3892, 0.0002, -0.0654]  x
  target_position        = [0.1500, 0.0000, 0.0200]  x
  reward                 = -0.4000                x
  is_success             = False                  x
  obstacle_in_path       = False                  x
  obstacle_count_in_path = 0                      x
  obstacles              = {}                     x
  objects                = {'object_1': {'type': 'box', 'size': [0.04, 0.04, 0.04], 'mass': 1.0, 'color': [0.1, 0.2, 0.9, 1.0], 'initial_position': [-0.25, 0.0, 0.02], 'lateral_friction': 0.13, 'spinning_friction': 0.001, 'current_position': [-0.2500007855749166, 1.2751467347975933e-06, 0.019989415568297347]}}  x
  scripts                = {'script_1': True, 'reach_only': True, 'left_right': True}  x
  target_goal            = {'type': 'goal_sequence', 'targets': [{'name': 'target', 'position': [0.15000000596046448, 0.0, 0.019999999552965164]}], 'mode': 'goal_sequence'}  x
  scene                  = {'table': {'length': 1.1, 'width': 0.7, 'height': 0.4, 'x_offset': -0.3, 'lateral_friction': 3.0, 'spinning_friction': 0.001}}  x
  robot_config           = {'control_type': 'ee', 'block_gripper': False, 'base_position': [-0.6, 0.0, 0.05]}  x
  current_task           = OBJECT_DELIVERY_SEQUENCE  x
  current_subtask        = APPROACH_OBJECT        x
  active_target_name     = target                 x
  action                 = [-0.9855, -0.0001, -0.1699, 1.0000]  x
  joint_angles           = [-0.0007, 0.1972, 0.0007, -2.2343, -0.0002, 2.4311, 0.7856]  x
  joint_velocities       = [-0.0002, -0.8030, 0.0006, -1.3457, 0.0004, 0.4268, -0.0006]  x
  cube_rotation          = [0.0000, -0.0000, -0.0000]  x
  cube_linear_velocity   = [-0.0000, 0.0000, -0.0000]  x
  obstacle_positions     = {}                     x
[step=   3 23:12:23.669][Analyzer] ASM node=approach_object  goal_status=not_applicable
[step=   3 23:12:23.671][DejaVu] {'status': 'ok', 'unanticipated': False, 'adaptation': None}
[step=   4 23:12:24.810][Manager] ep=1 subtask=APPROACH_OBJECT reward=-0.4000
[step=   4 23:12:24.810][Perception]
  RAW PERCEPTION                                  MONITORED PARAMS
  ----------------------------------------------  --------------------------------------
  fingers_width         = 0.0800 m                gripper_width_cm      = 7 cm
  dist_ee_to_cube       = 0.2199 m                distance_ee_object_cm = 19 cm
  dist_cube_to_target   = 0.4000 m  (3D)          distance_obj_goal_cm  = 40 cm  (XY)
  cube_position (z)     = 0.0200 m                object_lift_height_cm = 0 cm
  cube_position (xy)    = [-0.250, 0.000]         grasp_completed       = 0
  finger_contacts (raw) = 0                       finger_contacts       = 0
  x                                               grasp_attempts        = 0
  x                                               task_started          = 1
  x                                               object_available      = 1
  x                                               task_aborted          = 0
  episode                = 1                      x
  step                   = 4                      x
  ee_position            = [-0.0897, 0.0001, 0.1706]  x
  ee_velocity            = [-0.4008, 0.0003, -0.0701]  x
  target_position        = [0.1500, 0.0000, 0.0200]  x
  reward                 = -0.4000                x
  is_success             = False                  x
  obstacle_in_path       = False                  x
  obstacle_count_in_path = 0                      x
  obstacles              = {}                     x
  objects                = {'object_1': {'type': 'box', 'size': [0.04, 0.04, 0.04], 'mass': 1.0, 'color': [0.1, 0.2, 0.9, 1.0], 'initial_position': [-0.25, 0.0, 0.02], 'lateral_friction': 0.13, 'spinning_friction': 0.001, 'current_position': [-0.25000080621045623, 1.7258736698106592e-06, 0.019989412192645828]}}  x
  scripts                = {'script_1': True, 'reach_only': True, 'left_right': True}  x
  target_goal            = {'type': 'goal_sequence', 'targets': [{'name': 'target', 'position': [0.15000000596046448, 0.0, 0.019999999552965164]}], 'mode': 'goal_sequence'}  x
  scene                  = {'table': {'length': 1.1, 'width': 0.7, 'height': 0.4, 'x_offset': -0.3, 'lateral_friction': 3.0, 'spinning_friction': 0.001}}  x
  robot_config           = {'control_type': 'ee', 'block_gripper': False, 'base_position': [-0.6, 0.0, 0.05]}  x
  current_task           = OBJECT_DELIVERY_SEQUENCE  x
  current_subtask        = APPROACH_OBJECT        x
  active_target_name     = target                 x
  action                 = [-0.9864, -0.0002, -0.1645, 1.0000]  x
  joint_angles           = [-0.0007, 0.1263, 0.0008, -2.3582, -0.0002, 2.4846, 0.7856]  x
  joint_velocities       = [-0.0002, -0.8024, 0.0008, -1.3278, 0.0005, 0.4108, -0.0002]  x
  cube_rotation          = [0.0000, -0.0000, -0.0000]  x
  cube_linear_velocity   = [-0.0000, 0.0000, -0.0000]  x
  obstacle_positions     = {}                     x
[step=   4 23:12:24.814][Analyzer] ASM node=approach_object  goal_status=not_applicable
[step=   4 23:12:24.816][DejaVu] {'status': 'ok', 'unanticipated': False, 'adaptation': None}
[step=   5 23:12:25.967][Manager] ep=1 subtask=APPROACH_OBJECT reward=-0.4000
[step=   5 23:12:25.968][Perception]
  RAW PERCEPTION                                  MONITORED PARAMS
  ----------------------------------------------  --------------------------------------
  fingers_width         = 0.0800 m                gripper_width_cm      = 7 cm
  dist_ee_to_cube       = 0.1900 m                distance_ee_object_cm = 16 cm
  dist_cube_to_target   = 0.4000 m  (3D)          distance_obj_goal_cm  = 40 cm  (XY)
  cube_position (z)     = 0.0200 m                object_lift_height_cm = 0 cm
  cube_position (xy)    = [-0.250, 0.000]         grasp_completed       = 0
  finger_contacts (raw) = 0                       finger_contacts       = 0
  x                                               grasp_attempts        = 0
  x                                               task_started          = 1
  x                                               object_available      = 1
  x                                               task_aborted          = 0
  episode                = 1                      x
  step                   = 5                      x
  ee_position            = [-0.1251, 0.0001, 0.1632]  x
  ee_velocity            = [-0.3810, 0.0007, -0.0494]  x
  target_position        = [0.1500, 0.0000, 0.0200]  x
  reward                 = -0.4000                x
  is_success             = False                  x
  obstacle_in_path       = False                  x
  obstacle_count_in_path = 0                      x
  obstacles              = {}                     x
  objects                = {'object_1': {'type': 'box', 'size': [0.04, 0.04, 0.04], 'mass': 1.0, 'color': [0.1, 0.2, 0.9, 1.0], 'initial_position': [-0.25, 0.0, 0.02], 'lateral_friction': 0.13, 'spinning_friction': 0.001, 'current_position': [-0.25000082410733043, 2.1765994240189325e-06, 0.019989411556199578]}}  x
  scripts                = {'script_1': True, 'reach_only': True, 'left_right': True}  x
  target_goal            = {'type': 'goal_sequence', 'targets': [{'name': 'target', 'position': [0.15000000596046448, 0.0, 0.019999999552965164]}], 'mode': 'goal_sequence'}  x
  scene                  = {'table': {'length': 1.1, 'width': 0.7, 'height': 0.4, 'x_offset': -0.3, 'lateral_friction': 3.0, 'spinning_friction': 0.001}}  x
  robot_config           = {'control_type': 'ee', 'block_gripper': False, 'base_position': [-0.6, 0.0, 0.05]}  x
  current_task           = OBJECT_DELIVERY_SEQUENCE  x
  current_subtask        = APPROACH_OBJECT        x
  active_target_name     = target                 x
  action                 = [-0.9875, -0.0003, -0.1576, 1.0000]  x
  joint_angles           = [-0.0007, 0.0555, 0.0008, -2.4806, -0.0001, 2.5352, 0.7855]  x
  joint_velocities       = [-0.0001, -0.8110, 0.0017, -1.2507, 0.0006, 0.3895, -0.0002]  x
  cube_rotation          = [0.0000, -0.0000, -0.0000]  x
  cube_linear_velocity   = [-0.0000, 0.0000, -0.0000]  x
  obstacle_positions     = {}                     x
[step=   5 23:12:25.970][Analyzer] ASM node=approach_object  goal_status=not_applicable
[step=   5 23:12:25.972][DejaVu] {'status': 'ok', 'unanticipated': False, 'adaptation': None}
[step=   6 23:12:27.105][Manager] ep=1 subtask=APPROACH_OBJECT reward=-0.4000
[step=   6 23:12:27.105][Perception]
  RAW PERCEPTION                                  MONITORED PARAMS
  ----------------------------------------------  --------------------------------------
  fingers_width         = 0.0800 m                gripper_width_cm      = 7 cm
  dist_ee_to_cube       = 0.1629 m                distance_ee_object_cm = 13 cm
  dist_cube_to_target   = 0.4000 m  (3D)          distance_obj_goal_cm  = 40 cm  (XY)
  cube_position (z)     = 0.0200 m                object_lift_height_cm = 0 cm
  cube_position (xy)    = [-0.250, 0.000]         grasp_completed       = 0
  finger_contacts (raw) = 0                       finger_contacts       = 0
  x                                               grasp_attempts        = 0
  x                                               task_started          = 1
  x                                               object_available      = 1
  x                                               task_aborted          = 0
  episode                = 1                      x
  step                   = 6                      x
  ee_position            = [-0.1607, 0.0001, 0.1562]  x
  ee_velocity            = [-0.4082, 0.0008, -0.0668]  x
  target_position        = [0.1500, 0.0000, 0.0200]  x
  reward                 = -0.4000                x
  is_success             = False                  x
  obstacle_in_path       = False                  x
  obstacle_count_in_path = 0                      x
  obstacles              = {}                     x
  objects                = {'object_1': {'type': 'box', 'size': [0.04, 0.04, 0.04], 'mass': 1.0, 'color': [0.1, 0.2, 0.9, 1.0], 'initial_position': [-0.25, 0.0, 0.02], 'lateral_friction': 0.13, 'spinning_friction': 0.001, 'current_position': [-0.25000084148704027, 2.627324180841425e-06, 0.01998941143610688]}}  x
  scripts                = {'script_1': True, 'reach_only': True, 'left_right': True}  x
  target_goal            = {'type': 'goal_sequence', 'targets': [{'name': 'target', 'position': [0.15000000596046448, 0.0, 0.019999999552965164]}], 'mode': 'goal_sequence'}  x
  scene                  = {'table': {'length': 1.1, 'width': 0.7, 'height': 0.4, 'x_offset': -0.3, 'lateral_friction': 3.0, 'spinning_friction': 0.001}}  x
  robot_config           = {'control_type': 'ee', 'block_gripper': False, 'base_position': [-0.6, 0.0, 0.05]}  x
  current_task           = OBJECT_DELIVERY_SEQUENCE  x
  current_subtask        = APPROACH_OBJECT        x
  active_target_name     = target                 x
  action                 = [-0.9895, -0.0005, -0.1444, 1.0000]  x
  joint_angles           = [-0.0007, -0.0164, 0.0009, -2.6004, 0.0000, 2.5839, 0.7855]  x
  joint_velocities       = [-0.0001, -0.8300, 0.0023, -1.2837, 0.0008, 0.3742, -0.0004]  x
  cube_rotation          = [0.0000, -0.0000, -0.0000]  x
  cube_linear_velocity   = [-0.0000, 0.0000, -0.0000]  x
  obstacle_positions     = {}                     x
[step=   6 23:12:27.109][Analyzer] ASM node=approach_object  goal_status=not_applicable
[step=   6 23:12:27.111][DejaVu] {'status': 'ok', 'unanticipated': False, 'adaptation': None}
[step=   7 23:12:28.485][Manager] ep=1 subtask=APPROACH_OBJECT reward=-0.4000
[step=   7 23:12:28.486][Perception]
  RAW PERCEPTION                                  MONITORED PARAMS
  ----------------------------------------------  --------------------------------------
  fingers_width         = 0.0800 m                gripper_width_cm      = 7 cm
  dist_ee_to_cube       = 0.1396 m                distance_ee_object_cm = 11 cm
  dist_cube_to_target   = 0.4000 m  (3D)          distance_obj_goal_cm  = 40 cm  (XY)
  cube_position (z)     = 0.0200 m                object_lift_height_cm = 0 cm
  cube_position (xy)    = [-0.250, 0.000]         grasp_completed       = 0
  finger_contacts (raw) = 0                       finger_contacts       = 0
  x                                               grasp_attempts        = 0
  x                                               task_started          = 1
  x                                               object_available      = 1
  x                                               task_aborted          = 0
  episode                = 1                      x
  step                   = 7                      x
  ee_position            = [-0.1970, 0.0001, 0.1492]  x
  ee_velocity            = [-0.4312, 0.0003, -0.0816]  x
  target_position        = [0.1500, 0.0000, 0.0200]  x
  reward                 = -0.4000                x
  is_success             = False                  x
  obstacle_in_path       = False                  x
  obstacle_count_in_path = 0                      x
  obstacles              = {}                     x
  objects                = {'object_1': {'type': 'box', 'size': [0.04, 0.04, 0.04], 'mass': 1.0, 'color': [0.1, 0.2, 0.9, 1.0], 'initial_position': [-0.25, 0.0, 0.02], 'lateral_friction': 0.13, 'spinning_friction': 0.001, 'current_position': [-0.25000085876834904, 3.0780479764908263e-06, 0.019989411413349322]}}  x
  scripts                = {'script_1': True, 'reach_only': True, 'left_right': True}  x
  target_goal            = {'type': 'goal_sequence', 'targets': [{'name': 'target', 'position': [0.15000000596046448, 0.0, 0.019999999552965164]}], 'mode': 'goal_sequence'}  x
  scene                  = {'table': {'length': 1.1, 'width': 0.7, 'height': 0.4, 'x_offset': -0.3, 'lateral_friction': 3.0, 'spinning_friction': 0.001}}  x
  robot_config           = {'control_type': 'ee', 'block_gripper': False, 'base_position': [-0.6, 0.0, 0.05]}  x
  current_task           = OBJECT_DELIVERY_SEQUENCE  x
  current_subtask        = APPROACH_OBJECT        x
  active_target_name     = target                 x
  action                 = [-0.9922, -0.0007, -0.1249, 1.0000]  x
  joint_angles           = [-0.0007, -0.0897, 0.0009, -2.7181, 0.0001, 2.6278, 0.7854]  x
  joint_velocities       = [-0.0000, -0.8522, 0.0015, -1.3031, 0.0010, 0.3374, -0.0007]  x
  cube_rotation          = [0.0000, -0.0000, -0.0000]  x
  cube_linear_velocity   = [-0.0000, 0.0000, -0.0000]  x
  obstacle_positions     = {}                     x
[step=   7 23:12:28.489][Analyzer] ASM node=approach_object  goal_status=not_applicable
[step=   7 23:12:28.491][DejaVu] {'status': 'ok', 'unanticipated': False, 'adaptation': None}
[step=   8 23:12:29.516][Manager] ep=1 subtask=APPROACH_OBJECT reward=-0.4000
[step=   8 23:12:29.517][Perception]
  RAW PERCEPTION                                  MONITORED PARAMS
  ----------------------------------------------  --------------------------------------
  fingers_width         = 0.0800 m                gripper_width_cm      = 7 cm
  dist_ee_to_cube       = 0.1238 m                distance_ee_object_cm = 9 cm
  dist_cube_to_target   = 0.4000 m  (3D)          distance_obj_goal_cm  = 40 cm  (XY)
  cube_position (z)     = 0.0200 m                object_lift_height_cm = 0 cm
  cube_position (xy)    = [-0.250, 0.000]         grasp_completed       = 0
  finger_contacts (raw) = 0                       finger_contacts       = 0
  x                                               grasp_attempts        = 0
  x                                               task_started          = 1
  x                                               object_available      = 1
  x                                               task_aborted          = 0
  episode                = 1                      x
  step                   = 8                      x
  ee_position            = [-0.2336, 0.0000, 0.1427]  x
  ee_velocity            = [-0.4297, -0.0001, -0.0722]  x
  target_position        = [0.1500, 0.0000, 0.0200]  x
  reward                 = -0.4000                x
  is_success             = False                  x
  obstacle_in_path       = False                  x
  obstacle_count_in_path = 0                      x
  obstacles              = {}                     x
  objects                = {'object_1': {'type': 'box', 'size': [0.04, 0.04, 0.04], 'mass': 1.0, 'color': [0.1, 0.2, 0.9, 1.0], 'initial_position': [-0.25, 0.0, 0.02], 'lateral_friction': 0.13, 'spinning_friction': 0.001, 'current_position': [-0.2500008760301956, 3.528770818098008e-06, 0.019989411408939943]}}  x
  scripts                = {'script_1': True, 'reach_only': True, 'left_right': True}  x
  target_goal            = {'type': 'goal_sequence', 'targets': [{'name': 'target', 'position': [0.15000000596046448, 0.0, 0.019999999552965164]}], 'mode': 'goal_sequence'}  x
  scene                  = {'table': {'length': 1.1, 'width': 0.7, 'height': 0.4, 'x_offset': -0.3, 'lateral_friction': 3.0, 'spinning_friction': 0.001}}  x
  robot_config           = {'control_type': 'ee', 'block_gripper': False, 'base_position': [-0.6, 0.0, 0.05]}  x
  current_task           = OBJECT_DELIVERY_SEQUENCE  x
  current_subtask        = APPROACH_OBJECT        x
  active_target_name     = target                 x
  action                 = [-0.9969, -0.0010, -0.0788, 1.0000]  x
  joint_angles           = [-0.0007, -0.1676, 0.0008, -2.8337, 0.0003, 2.6648, 0.7852]  x
  joint_velocities       = [0.0001, -0.9251, 0.0004, -1.2920, 0.0011, 0.2850, -0.0012]  x
  cube_rotation          = [0.0000, -0.0000, -0.0000]  x
  cube_linear_velocity   = [-0.0000, 0.0000, -0.0000]  x
  obstacle_positions     = {}                     x
[step=   8 23:12:29.519][Analyzer] ASM node=approach_object  goal_status=not_applicable
[step=   8 23:12:29.521][DejaVu] {'status': 'ok', 'unanticipated': False, 'adaptation': None}
[step=   9 23:12:30.663][Manager] ep=1 subtask=APPROACH_OBJECT reward=-0.4000
[step=   9 23:12:30.664][Perception]
  RAW PERCEPTION                                  MONITORED PARAMS
  ----------------------------------------------  --------------------------------------
  fingers_width         = 0.0800 m                gripper_width_cm      = 7 cm
  dist_ee_to_cube       = 0.1214 m                distance_ee_object_cm = 9 cm
  dist_cube_to_target   = 0.4000 m  (3D)          distance_obj_goal_cm  = 40 cm  (XY)
  cube_position (z)     = 0.0200 m                object_lift_height_cm = 0 cm
  cube_position (xy)    = [-0.250, 0.000]         grasp_completed       = 0
  finger_contacts (raw) = 0                       finger_contacts       = 0
  x                                               grasp_attempts        = 0
  x                                               task_started          = 1
  x                                               object_available      = 1
  x                                               task_aborted          = 0
  episode                = 1                      x
  step                   = 9                      x
  ee_position            = [-0.2714, -0.0000, 0.1395]  x
  ee_velocity            = [-0.3739, -0.0003, 0.0261]  x
  target_position        = [0.1500, 0.0000, 0.0200]  x
  reward                 = -0.4000                x
  is_success             = False                  x
  obstacle_in_path       = False                  x
  obstacle_count_in_path = 0                      x
  obstacles              = {}                     x
  objects                = {'object_1': {'type': 'box', 'size': [0.04, 0.04, 0.04], 'mass': 1.0, 'color': [0.1, 0.2, 0.9, 1.0], 'initial_position': [-0.25, 0.0, 0.02], 'lateral_friction': 0.13, 'spinning_friction': 0.001, 'current_position': [-0.25000089328746017, 3.979492706986637e-06, 0.019989411407989287]}}  x
  scripts                = {'script_1': True, 'reach_only': True, 'left_right': True}  x
  target_goal            = {'type': 'goal_sequence', 'targets': [{'name': 'target', 'position': [0.15000000596046448, 0.0, 0.019999999552965164]}], 'mode': 'goal_sequence'}  x
  scene                  = {'table': {'length': 1.1, 'width': 0.7, 'height': 0.4, 'x_offset': -0.3, 'lateral_friction': 3.0, 'spinning_friction': 0.001}}  x
  robot_config           = {'control_type': 'ee', 'block_gripper': False, 'base_position': [-0.6, 0.0, 0.05]}  x
  current_task           = OBJECT_DELIVERY_SEQUENCE  x
  current_subtask        = APPROACH_OBJECT        x
  active_target_name     = target                 x
  action                 = [-0.9907, -0.0012, 0.1364, 1.0000]  x
  joint_angles           = [-0.0007, -0.2644, 0.0007, -2.9453, 0.0004, 2.6725, 0.7850]  x
  joint_velocities       = [0.0002, -1.3025, -0.0006, -1.2276, 0.0009, 0.0589, -0.0015]  x
  cube_rotation          = [0.0000, -0.0000, -0.0000]  x
  cube_linear_velocity   = [-0.0000, 0.0000, -0.0000]  x
  obstacle_positions     = {}                     x
[step=   9 23:12:30.668][Analyzer] ASM node=approach_object  goal_status=not_applicable
[step=   9 23:12:30.670][DejaVu] {'status': 'ok', 'unanticipated': False, 'adaptation': None}
[step=  10 23:12:31.812][Manager] ep=1 subtask=APPROACH_OBJECT reward=-0.4000
[step=  10 23:12:31.812][Perception]
  RAW PERCEPTION                                  MONITORED PARAMS
  ----------------------------------------------  --------------------------------------
  fingers_width         = 0.0800 m                gripper_width_cm      = 7 cm
  dist_ee_to_cube       = 0.1080 m                distance_ee_object_cm = 8 cm
  dist_cube_to_target   = 0.4000 m  (3D)          distance_obj_goal_cm  = 40 cm  (XY)
  cube_position (z)     = 0.0200 m                object_lift_height_cm = 0 cm
  cube_position (xy)    = [-0.250, 0.000]         grasp_completed       = 0
  finger_contacts (raw) = 0                       finger_contacts       = 0
  x                                               grasp_attempts        = 0
  x                                               task_started          = 1
  x                                               object_available      = 1
  x                                               task_aborted          = 0
  episode                = 1                      x
  step                   = 10                     x
  ee_position            = [-0.2591, -0.0000, 0.1276]  x
  ee_velocity            = [-0.4097, 0.0005, -1.0626]  x
  target_position        = [0.1500, 0.0000, 0.0200]  x
  reward                 = -0.4000                x
  is_success             = False                  x
  obstacle_in_path       = False                  x
  obstacle_count_in_path = 0                      x
  obstacles              = {}                     x
  objects                = {'object_1': {'type': 'box', 'size': [0.04, 0.04, 0.04], 'mass': 1.0, 'color': [0.1, 0.2, 0.9, 1.0], 'initial_position': [-0.25, 0.0, 0.02], 'lateral_friction': 0.13, 'spinning_friction': 0.001, 'current_position': [-0.250000910542948, 4.430213643272149e-06, 0.019989411407690616]}}  x
  scripts                = {'script_1': True, 'reach_only': True, 'left_right': True}  x
  target_goal            = {'type': 'goal_sequence', 'targets': [{'name': 'target', 'position': [0.15000000596046448, 0.0, 0.019999999552965164]}], 'mode': 'goal_sequence'}  x
  scene                  = {'table': {'length': 1.1, 'width': 0.7, 'height': 0.4, 'x_offset': -0.3, 'lateral_friction': 3.0, 'spinning_friction': 0.001}}  x
  robot_config           = {'control_type': 'ee', 'block_gripper': False, 'base_position': [-0.6, 0.0, 0.05]}  x
  current_task           = OBJECT_DELIVERY_SEQUENCE  x
  current_subtask        = APPROACH_OBJECT        x
  active_target_name     = target                 x
  action                 = [0.2206, 0.0003, -0.9754, 1.0000]  x
  joint_angles           = [-0.0007, -0.1840, 0.0008, -2.9402, 0.0003, 2.7943, 0.7851]  x
  joint_velocities       = [-0.0002, 3.6343, 0.0001, 0.2702, -0.0005, 0.9369, 0.0005]  x
  cube_rotation          = [0.0000, -0.0000, -0.0000]  x
  cube_linear_velocity   = [-0.0000, 0.0000, -0.0000]  x
  obstacle_positions     = {}                     x
[step=  10 23:12:31.816][Analyzer] ASM node=approach_object  goal_status=not_applicable
[step=  10 23:12:31.818][DejaVu] {'status': 'ok', 'unanticipated': False, 'adaptation': None}
[step=  11 23:12:32.952][Manager] ep=1 subtask=APPROACH_OBJECT reward=-0.4000
[step=  11 23:12:32.952][Perception]
  RAW PERCEPTION                                  MONITORED PARAMS
  ----------------------------------------------  --------------------------------------
  fingers_width         = 0.0800 m                gripper_width_cm      = 7 cm
  dist_ee_to_cube       = 0.0700 m                distance_ee_object_cm = 4 cm
  dist_cube_to_target   = 0.4000 m  (3D)          distance_obj_goal_cm  = 40 cm  (XY)
  cube_position (z)     = 0.0200 m                object_lift_height_cm = 0 cm
  cube_position (xy)    = [-0.250, 0.000]         grasp_completed       = 0
  finger_contacts (raw) = 0                       finger_contacts       = 0
  x                                               grasp_attempts        = 0
  x                                               task_started          = 1
  x                                               object_available      = 1
  x                                               task_aborted          = 0
  episode                = 1                      x
  step                   = 11                     x
  ee_position            = [-0.2648, -0.0000, 0.0884]  x
  ee_velocity            = [-0.2715, 0.0004, -0.6197]  x
  target_position        = [0.1500, 0.0000, 0.0200]  x
  reward                 = -0.4000                x
  is_success             = False                  x
  obstacle_in_path       = False                  x
  obstacle_count_in_path = 0                      x
  obstacles              = {}                     x
  objects                = {'object_1': {'type': 'box', 'size': [0.04, 0.04, 0.04], 'mass': 1.0, 'color': [0.1, 0.2, 0.9, 1.0], 'initial_position': [-0.25, 0.0, 0.02], 'lateral_friction': 0.13, 'spinning_friction': 0.001, 'current_position': [-0.25000070043087186, 4.903380098338324e-06, 0.01998948963338307]}}  x
  scripts                = {'script_1': True, 'reach_only': True, 'left_right': True}  x
  target_goal            = {'type': 'goal_sequence', 'targets': [{'name': 'target', 'position': [0.15000000596046448, 0.0, 0.019999999552965164]}], 'mode': 'goal_sequence'}  x
  scene                  = {'table': {'length': 1.1, 'width': 0.7, 'height': 0.4, 'x_offset': -0.3, 'lateral_friction': 3.0, 'spinning_friction': 0.001}}  x
  robot_config           = {'control_type': 'ee', 'block_gripper': False, 'base_position': [-0.6, 0.0, 0.05]}  x
  current_task           = OBJECT_DELIVERY_SEQUENCE  x
  current_subtask        = APPROACH_OBJECT        x
  active_target_name     = target                 x
  action                 = [0.1090, 0.0003, -0.9940, 1.0000]  x
  joint_angles           = [-0.0008, -0.0286, 0.0008, -2.9115, 0.0002, 2.8606, 0.7852]  x
  joint_velocities       = [-0.0004, 2.1932, 0.0002, 0.2782, -0.0010, 0.5096, 0.0006]  x
  cube_rotation          = [0.0000, -0.0000, -0.0000]  x
  cube_linear_velocity   = [0.0000, 0.0000, 0.0000]  x
  obstacle_positions     = {}                     x
[step=  11 23:12:32.955][Analyzer] ASM node=approach_object  goal_status=not_applicable
[step=  11 23:12:32.957][DejaVu] {'status': 'ok', 'unanticipated': False, 'adaptation': None}
[step=  12 23:12:34.098][Manager] ep=1 subtask=APPROACH_OBJECT reward=-0.4000
[step=  12 23:12:34.099][Perception]
  RAW PERCEPTION                                  MONITORED PARAMS
  ----------------------------------------------  --------------------------------------
  fingers_width         = 0.0800 m                gripper_width_cm      = 7 cm
  dist_ee_to_cube       = 0.0391 m                distance_ee_object_cm = 1 cm
  dist_cube_to_target   = 0.4000 m  (3D)          distance_obj_goal_cm  = 40 cm  (XY)
  cube_position (z)     = 0.0200 m                object_lift_height_cm = 0 cm
  cube_position (xy)    = [-0.250, 0.000]         grasp_completed       = 0
  finger_contacts (raw) = 0                       finger_contacts       = 0
  x                                               grasp_attempts        = 0
  x                                               task_started          = 1
  x                                               object_available      = 1
  x                                               task_aborted          = 0
  episode                = 1                      x
  step                   = 12                     x
  ee_position            = [-0.2567, -0.0000, 0.0585]  x
  ee_velocity            = [-0.1778, 0.0003, -0.5876]  x
  target_position        = [0.1500, 0.0000, 0.0200]  x
  reward                 = -0.4000                x
  is_success             = False                  x
  obstacle_in_path       = False                  x
  obstacle_count_in_path = 0                      x
  obstacles              = {}                     x
  objects                = {'object_1': {'type': 'box', 'size': [0.04, 0.04, 0.04], 'mass': 1.0, 'color': [0.1, 0.2, 0.9, 1.0], 'initial_position': [-0.25, 0.0, 0.02], 'lateral_friction': 0.13, 'spinning_friction': 0.001, 'current_position': [-0.2500002862534305, 4.903496398524369e-06, 0.01998990368716314]}}  x
  scripts                = {'script_1': True, 'reach_only': True, 'left_right': True}  x
  target_goal            = {'type': 'goal_sequence', 'targets': [{'name': 'target', 'position': [0.15000000596046448, 0.0, 0.019999999552965164]}], 'mode': 'goal_sequence'}  x
  scene                  = {'table': {'length': 1.1, 'width': 0.7, 'height': 0.4, 'x_offset': -0.3, 'lateral_friction': 3.0, 'spinning_friction': 0.001}}  x
  robot_config           = {'control_type': 'ee', 'block_gripper': False, 'base_position': [-0.6, 0.0, 0.05]}  x
  current_task           = OBJECT_DELIVERY_SEQUENCE  x
  current_subtask        = APPROACH_OBJECT        x
  active_target_name     = target                 x
  action                 = [0.3224, 0.0003, -0.9466, 1.0000]  x
  joint_angles           = [-0.0008, 0.1141, 0.0006, -2.8742, -0.0001, 2.9734, 0.7853]  x
  joint_velocities       = [0.0001, 2.2020, -0.0008, 0.4190, -0.0021, 0.8672, 0.0012]  x
  cube_rotation          = [0.0000, -0.0000, -0.0000]  x
  cube_linear_velocity   = [0.0000, -0.0000, 0.0000]  x
  obstacle_positions     = {}                     x
[step=  12 23:12:34.102][ASM] [PENDING] approach_object → grasp_object: condições satisfeitas, aguardando managing
[step=  12 23:12:34.102][Analyzer] ASM node=approach_object  goal_status=not_applicable
[step=  12 23:12:34.104][DejaVu] {'status': 'ok', 'unanticipated': False, 'adaptation': None}
[step=  13 23:12:35.258][Manager] ep=1 subtask=APPROACH_OBJECT reward=-0.4000
[step=  13 23:12:35.258][Perception]
  RAW PERCEPTION                                  MONITORED PARAMS
  ----------------------------------------------  --------------------------------------
  fingers_width         = 0.0800 m                gripper_width_cm      = 7 cm
  dist_ee_to_cube       = 0.0092 m                distance_ee_object_cm = 0 cm
  dist_cube_to_target   = 0.4000 m  (3D)          distance_obj_goal_cm  = 40 cm  (XY)
  cube_position (z)     = 0.0200 m                object_lift_height_cm = 0 cm
  cube_position (xy)    = [-0.250, 0.000]         grasp_completed       = 0
  finger_contacts (raw) = 0                       finger_contacts       = 0
  x                                               grasp_attempts        = 0
  x                                               task_started          = 1
  x                                               object_available      = 1
  x                                               task_aborted          = 0
  episode                = 1                      x
  step                   = 13                     x
  ee_position            = [-0.2448, 0.0000, 0.0275]  x
  ee_velocity            = [-0.1041, 0.0003, -0.6151]  x
  target_position        = [0.1500, 0.0000, 0.0200]  x
  reward                 = -0.4000                x
  is_success             = False                  x
  obstacle_in_path       = False                  x
  obstacle_count_in_path = 0                      x
  obstacles              = {}                     x
  objects                = {'object_1': {'type': 'box', 'size': [0.04, 0.04, 0.04], 'mass': 1.0, 'color': [0.1, 0.2, 0.9, 1.0], 'initial_position': [-0.25, 0.0, 0.02], 'lateral_friction': 0.13, 'spinning_friction': 0.001, 'current_position': [-0.2500002081102265, 4.903495591203585e-06, 0.01998998182561259]}}  x
  scripts                = {'script_1': True, 'reach_only': True, 'left_right': True}  x
  target_goal            = {'type': 'goal_sequence', 'targets': [{'name': 'target', 'position': [0.15000000596046448, 0.0, 0.019999999552965164]}], 'mode': 'goal_sequence'}  x
  scene                  = {'table': {'length': 1.1, 'width': 0.7, 'height': 0.4, 'x_offset': -0.3, 'lateral_friction': 3.0, 'spinning_friction': 0.001}}  x
  robot_config           = {'control_type': 'ee', 'block_gripper': False, 'base_position': [-0.6, 0.0, 0.05]}  x
  current_task           = OBJECT_DELIVERY_SEQUENCE  x
  current_subtask        = APPROACH_OBJECT        x
  active_target_name     = target                 x
  action                 = [0.4439, 0.0015, -0.8961, 1.0000]  x
  joint_angles           = [-0.0005, 0.2612, 0.0004, -2.8099, -0.0003, 3.0542, 0.7856]  x
  joint_velocities       = [0.0022, 2.3164, -0.0022, 0.8002, -0.0016, 0.6211, 0.0017]  x
  cube_rotation          = [-0.0000, -0.0000, -0.0000]  x
  cube_linear_velocity   = [0.0000, -0.0000, 0.0000]  x
  obstacle_positions     = {}                     x
[step=  13 23:12:35.261][ASM] [PENDING] approach_object → grasp_object: aguardando managing (já validado)
[step=  13 23:12:35.261][Analyzer] ASM node=approach_object  goal_status=not_applicable
[step=  13 23:12:35.263][DejaVu] {'status': 'ok', 'unanticipated': False, 'adaptation': None}
[step=  14 23:12:36.392][Manager] ep=1 subtask=GRASP_OBJECT reward=-0.4010
[step=  14 23:12:36.392][Perception]
  RAW PERCEPTION                                  MONITORED PARAMS
  ----------------------------------------------  --------------------------------------
  fingers_width         = 0.0317 m                gripper_width_cm      = 3 cm
  dist_ee_to_cube       = 0.0012 m                distance_ee_object_cm = 0 cm
  dist_cube_to_target   = 0.4010 m  (3D)          distance_obj_goal_cm  = 40 cm  (XY)
  cube_position (z)     = 0.0211 m                object_lift_height_cm = 0 cm
  cube_position (xy)    = [-0.251, -0.001]        grasp_completed       = 1
  finger_contacts (raw) = 2                       finger_contacts       = 2
  x                                               grasp_attempts        = 1
  x                                               task_started          = 1
  x                                               object_available      = 1
  x                                               task_aborted          = 0
  episode                = 1                      x
  step                   = 14                     x
  ee_position            = [-0.2509, 0.0000, 0.0201]  x
  ee_velocity            = [0.2347, -0.0004, 0.2804]  x
  target_position        = [0.1500, 0.0000, 0.0200]  x
  reward                 = -0.4010                x
  is_success             = False                  x
  obstacle_in_path       = False                  x
  obstacle_count_in_path = 0                      x
  obstacles              = {}                     x
  objects                = {'object_1': {'type': 'box', 'size': [0.04, 0.04, 0.04], 'mass': 1.0, 'color': [0.1, 0.2, 0.9, 1.0], 'initial_position': [-0.25, 0.0, 0.02], 'lateral_friction': 0.13, 'spinning_friction': 0.001, 'current_position': [-0.25097795418152563, -0.00064062139782534, 0.021148721895963542]}}  x
  scripts                = {'script_1': True, 'reach_only': True, 'left_right': True}  x
  target_goal            = {'type': 'goal_sequence', 'targets': [{'name': 'target', 'position': [0.15000000596046448, 0.0, 0.019999999552965164]}], 'mode': 'goal_sequence'}  x
  scene                  = {'table': {'length': 1.1, 'width': 0.7, 'height': 0.4, 'x_offset': -0.3, 'lateral_friction': 3.0, 'spinning_friction': 0.001}}  x
  robot_config           = {'control_type': 'ee', 'block_gripper': False, 'base_position': [-0.6, 0.0, 0.05]}  x
  current_task           = OBJECT_DELIVERY_SEQUENCE  x
  current_subtask        = GRASP_OBJECT           x
  active_target_name     = target                 x
  action                 = [0.0000, 0.0000, 0.0000, -1.0000]  x
  joint_angles           = [-0.0003, 0.2776, 0.0002, -2.8174, -0.0003, 3.0728, 0.7856]  x
  joint_velocities       = [0.0011, -0.8141, -0.0019, -0.0854, -0.0007, 0.1431, 0.0004]  x
  cube_rotation          = [-0.0665, 0.0083, -0.0314]  x
  cube_linear_velocity   = [0.0742, -0.0122, 0.0804]  x
  obstacle_positions     = {}                     x
[step=  14 23:12:36.395][ASM] [PENDING] approach_object → grasp_object: aguardando managing (já validado)
[step=  14 23:12:36.395][ASM] [OK] approach_object → grasp_object  (type=domain)
[step=  14 23:12:36.395][Analyzer] ASM node=grasp_object  goal_status=ok  (scenario=GRASP_OBJECT)
[step=  14 23:12:36.398][DejaVu] {'status': 'ok', 'unanticipated': False, 'adaptation': None}
[step=  15 23:12:37.539][Manager] ep=1 subtask=GRASP_OBJECT reward=-0.4007
[step=  15 23:12:37.540][Perception]
  RAW PERCEPTION                                  MONITORED PARAMS
  ----------------------------------------------  --------------------------------------
  fingers_width         = 0.0246 m                gripper_width_cm      = 2 cm
  dist_ee_to_cube       = 0.0018 m                distance_ee_object_cm = 0 cm
  dist_cube_to_target   = 0.4007 m  (3D)          distance_obj_goal_cm  = 40 cm  (XY)
  cube_position (z)     = 0.0209 m                object_lift_height_cm = 0 cm
  cube_position (xy)    = [-0.251, -0.002]        grasp_completed       = 1
  finger_contacts (raw) = 2                       finger_contacts       = 2
  x                                               grasp_attempts        = 1
  x                                               task_started          = 1
  x                                               object_available      = 1
  x                                               task_aborted          = 0
  episode                = 1                      x
  step                   = 15                     x
  ee_position            = [-0.2502, 0.0000, 0.0214]  x
  ee_velocity            = [-0.0091, -0.0002, -0.0046]  x
  target_position        = [0.1500, 0.0000, 0.0200]  x
  reward                 = -0.4007                x
  is_success             = False                  x
  obstacle_in_path       = False                  x
  obstacle_count_in_path = 0                      x
  obstacles              = {}                     x
  objects                = {'object_1': {'type': 'box', 'size': [0.04, 0.04, 0.04], 'mass': 1.0, 'color': [0.1, 0.2, 0.9, 1.0], 'initial_position': [-0.25, 0.0, 0.02], 'lateral_friction': 0.13, 'spinning_friction': 0.001, 'current_position': [-0.2506731615619739, -0.0016801628733546473, 0.020895799720212226]}}  x
  scripts                = {'script_1': True, 'reach_only': True, 'left_right': True}  x
  target_goal            = {'type': 'goal_sequence', 'targets': [{'name': 'target', 'position': [0.15000000596046448, 0.0, 0.019999999552965164]}], 'mode': 'goal_sequence'}  x
  scene                  = {'table': {'length': 1.1, 'width': 0.7, 'height': 0.4, 'x_offset': -0.3, 'lateral_friction': 3.0, 'spinning_friction': 0.001}}  x
  robot_config           = {'control_type': 'ee', 'block_gripper': False, 'base_position': [-0.6, 0.0, 0.05]}  x
  current_task           = OBJECT_DELIVERY_SEQUENCE  x
  current_subtask        = GRASP_OBJECT           x
  active_target_name     = target                 x
  action                 = [0.0000, 0.0000, 0.0000, -1.0000]  x
  joint_angles           = [-0.0002, 0.2773, 0.0001, -2.8279, -0.0004, 3.1026, 0.7857]  x
  joint_velocities       = [0.0009, 0.0266, -0.0014, -0.0832, -0.0005, 0.2289, 0.0005]  x
  cube_rotation          = [0.0002, -0.0105, -0.0160]  x
  cube_linear_velocity   = [-0.0243, -0.0263, -0.0240]  x
  obstacle_positions     = {}                     x
[step=  15 23:12:37.543][ASM] [PENDING] grasp_object → lift_object: condições satisfeitas, aguardando managing
[step=  15 23:12:37.543][Analyzer] ASM node=grasp_object  goal_status=not_applicable
[step=  15 23:12:37.545][DejaVu] {'status': 'ok', 'unanticipated': False, 'adaptation': None}
[step=  16 23:12:38.711][Manager] ep=1 subtask=LIFT_OBJECT reward=-0.4131
[step=  16 23:12:38.712][Perception]
  RAW PERCEPTION                                  MONITORED PARAMS
  ----------------------------------------------  --------------------------------------
  fingers_width         = 0.0236 m                gripper_width_cm      = 2 cm
  dist_ee_to_cube       = 0.0065 m                distance_ee_object_cm = 0 cm
  dist_cube_to_target   = 0.4131 m  (3D)          distance_obj_goal_cm  = 41 cm  (XY)
  cube_position (z)     = 0.0271 m                object_lift_height_cm = 0 cm
  cube_position (xy)    = [-0.263, -0.002]        grasp_completed       = 1
  finger_contacts (raw) = 2                       finger_contacts       = 2
  x                                               grasp_attempts        = 1
  x                                               task_started          = 1
  x                                               object_available      = 1
  x                                               task_aborted          = 0
  episode                = 1                      x
  step                   = 16                     x
  ee_position            = [-0.2642, 0.0000, 0.0333]  x
  ee_velocity            = [0.4561, -0.0004, 0.7834]  x
  target_position        = [0.1500, 0.0000, 0.0200]  x
  reward                 = -0.4131                x
  is_success             = False                  x
  obstacle_in_path       = False                  x
  obstacle_count_in_path = 0                      x
  obstacles              = {}                     x
  objects                = {'object_1': {'type': 'box', 'size': [0.04, 0.04, 0.04], 'mass': 1.0, 'color': [0.1, 0.2, 0.9, 1.0], 'initial_position': [-0.25, 0.0, 0.02], 'lateral_friction': 0.13, 'spinning_friction': 0.001, 'current_position': [-0.2630493159442608, -0.0016134384063447567, 0.02709062220673127]}}  x
  scripts                = {'script_1': True, 'reach_only': True, 'left_right': True}  x
  target_goal            = {'type': 'goal_sequence', 'targets': [{'name': 'target', 'position': [0.15000000596046448, 0.0, 0.019999999552965164]}], 'mode': 'goal_sequence'}  x
  scene                  = {'table': {'length': 1.1, 'width': 0.7, 'height': 0.4, 'x_offset': -0.3, 'lateral_friction': 3.0, 'spinning_friction': 0.001}}  x
  robot_config           = {'control_type': 'ee', 'block_gripper': False, 'base_position': [-0.6, 0.0, 0.05]}  x
  current_task           = OBJECT_DELIVERY_SEQUENCE  x
  current_subtask        = LIFT_OBJECT            x
  active_target_name     = target                 x
  action                 = [0.0000, 0.0000, 1.0000, -1.0000]  x
  joint_angles           = [-0.0002, 0.1998, 0.0002, -2.8531, -0.0003, 3.0012, 0.7857]  x
  joint_velocities       = [-0.0000, -2.6808, -0.0004, -0.2993, 0.0005, -0.7796, 0.0000]  x
  cube_rotation          = [0.0457, 0.0283, -0.0151]  x
  cube_linear_velocity   = [-0.0103, 0.0178, 0.4554]  x
  obstacle_positions     = {}                     x
[step=  16 23:12:38.715][ASM] [PENDING] grasp_object → lift_object: aguardando managing (já validado)
[step=  16 23:12:38.715][ASM] [OK] grasp_object → lift_object  (type=domain)
[step=  16 23:12:38.715][Analyzer] ASM node=lift_object  goal_status=ok  (scenario=LIFT_OBJECT)
[step=  16 23:12:38.718][DejaVu] {'status': 'ok', 'unanticipated': False, 'adaptation': None}
[step=  17 23:12:39.832][Manager] ep=1 subtask=LIFT_OBJECT reward=-0.4126
[step=  17 23:12:39.833][Perception]
  RAW PERCEPTION                                  MONITORED PARAMS
  ----------------------------------------------  --------------------------------------
  fingers_width         = 0.0267 m                gripper_width_cm      = 2 cm
  dist_ee_to_cube       = 0.0152 m                distance_ee_object_cm = 0 cm
  dist_cube_to_target   = 0.4126 m  (3D)          distance_obj_goal_cm  = 41 cm  (XY)
  cube_position (z)     = 0.0505 m                object_lift_height_cm = 3 cm
  cube_position (xy)    = [-0.261, -0.001]        grasp_completed       = 1
  finger_contacts (raw) = 2                       finger_contacts       = 2
  x                                               grasp_attempts        = 1
  x                                               task_started          = 1
  x                                               object_available      = 1
  x                                               task_aborted          = 0
  episode                = 1                      x
  step                   = 17                     x
  ee_position            = [-0.2609, 0.0000, 0.0656]  x
  ee_velocity            = [0.0625, -0.0006, 0.3565]  x
  target_position        = [0.1500, 0.0000, 0.0200]  x
  reward                 = -0.4126                x
  is_success             = False                  x
  obstacle_in_path       = False                  x
  obstacle_count_in_path = 0                      x
  obstacles              = {}                     x
  objects                = {'object_1': {'type': 'box', 'size': [0.04, 0.04, 0.04], 'mass': 1.0, 'color': [0.1, 0.2, 0.9, 1.0], 'initial_position': [-0.25, 0.0, 0.02], 'lateral_friction': 0.13, 'spinning_friction': 0.001, 'current_position': [-0.26142985228181354, -0.0011678945048618937, 0.05048093126531684]}}  x
  scripts                = {'script_1': True, 'reach_only': True, 'left_right': True}  x
  target_goal            = {'type': 'goal_sequence', 'targets': [{'name': 'target', 'position': [0.15000000596046448, 0.0, 0.019999999552965164]}], 'mode': 'goal_sequence'}  x
  scene                  = {'table': {'length': 1.1, 'width': 0.7, 'height': 0.4, 'x_offset': -0.3, 'lateral_friction': 3.0, 'spinning_friction': 0.001}}  x
  robot_config           = {'control_type': 'ee', 'block_gripper': False, 'base_position': [-0.6, 0.0, 0.05]}  x
  current_task           = OBJECT_DELIVERY_SEQUENCE  x
  current_subtask        = LIFT_OBJECT            x
  active_target_name     = target                 x
  action                 = [0.0000, 0.0000, 1.0000, -1.0000]  x
  joint_angles           = [-0.0002, 0.0693, 0.0003, -2.8964, -0.0002, 2.9591, 0.7857]  x
  joint_velocities       = [-0.0001, -1.4374, -0.0010, -0.4377, 0.0018, -0.3249, 0.0017]  x
  cube_rotation          = [0.0082, -0.0184, -0.0201]  x
  cube_linear_velocity   = [0.1111, 0.0129, 0.3927]  x
  obstacle_positions     = {}                     x
[step=  17 23:12:39.836][Analyzer] ASM node=lift_object  goal_status=not_applicable
[step=  17 23:12:39.838][DejaVu] {'status': 'ok', 'unanticipated': False, 'adaptation': None}
[step=  18 23:12:40.979][Manager] ep=1 subtask=LIFT_OBJECT reward=-0.4155
[step=  18 23:12:40.979][Perception]
  RAW PERCEPTION                                  MONITORED PARAMS
  ----------------------------------------------  --------------------------------------
  fingers_width         = 0.0182 m                gripper_width_cm      = 1 cm
  dist_ee_to_cube       = 0.0199 m                distance_ee_object_cm = 0 cm
  dist_cube_to_target   = 0.4155 m  (3D)          distance_obj_goal_cm  = 41 cm  (XY)
  cube_position (z)     = 0.0711 m                object_lift_height_cm = 5 cm
  cube_position (xy)    = [-0.262, 0.002]         grasp_completed       = 1
  finger_contacts (raw) = 2                       finger_contacts       = 2
  x                                               grasp_attempts        = 1
  x                                               task_started          = 1
  x                                               object_available      = 1
  x                                               task_aborted          = 0
  episode                = 1                      x
  step                   = 18                     x
  ee_position            = [-0.2611, 0.0000, 0.0908]  x
  ee_velocity            = [0.2516, 0.0027, 0.5664]  x
  target_position        = [0.1500, 0.0000, 0.0200]  x
  reward                 = -0.4155                x
  is_success             = False                  x
  obstacle_in_path       = False                  x
  obstacle_count_in_path = 0                      x
  obstacles              = {}                     x
  objects                = {'object_1': {'type': 'box', 'size': [0.04, 0.04, 0.04], 'mass': 1.0, 'color': [0.1, 0.2, 0.9, 1.0], 'initial_position': [-0.25, 0.0, 0.02], 'lateral_friction': 0.13, 'spinning_friction': 0.001, 'current_position': [-0.262348776695202, 0.002270178798693683, 0.07106711962016067]}}  x
  scripts                = {'script_1': True, 'reach_only': True, 'left_right': True}  x
  target_goal            = {'type': 'goal_sequence', 'targets': [{'name': 'target', 'position': [0.15000000596046448, 0.0, 0.019999999552965164]}], 'mode': 'goal_sequence'}  x
  scene                  = {'table': {'length': 1.1, 'width': 0.7, 'height': 0.4, 'x_offset': -0.3, 'lateral_friction': 3.0, 'spinning_friction': 0.001}}  x
  robot_config           = {'control_type': 'ee', 'block_gripper': False, 'base_position': [-0.6, 0.0, 0.05]}  x
  current_task           = OBJECT_DELIVERY_SEQUENCE  x
  current_subtask        = LIFT_OBJECT            x
  active_target_name     = target                 x
  action                 = [0.0000, 0.0000, 1.0000, -1.0000]  x
  joint_angles           = [-0.0002, -0.0392, 0.0002, -2.9042, -0.0000, 2.8515, 0.7856]  x
  joint_velocities       = [0.0004, -1.9338, 0.0082, -0.0703, 0.0014, -0.8273, -0.0006]  x
  cube_rotation          = [-0.2237, -0.0035, 0.0296]  x
  cube_linear_velocity   = [0.1879, 0.4438, 0.4443]  x
  obstacle_positions     = {}                     x
[step=  18 23:12:40.982][Analyzer] ASM node=lift_object  goal_status=not_applicable
[step=  18 23:12:40.983][DejaVu] {'status': 'ok', 'unanticipated': False, 'adaptation': None}
[step=  19 23:12:42.139][Manager] ep=1 subtask=LIFT_OBJECT reward=-0.4094
[step=  19 23:12:42.139][Perception]
  RAW PERCEPTION                                  MONITORED PARAMS
  ----------------------------------------------  --------------------------------------
  fingers_width         = 0.0022 m                gripper_width_cm      = 0 cm
  dist_ee_to_cube       = 0.0552 m                distance_ee_object_cm = 3 cm
  dist_cube_to_target   = 0.4094 m  (3D)          distance_obj_goal_cm  = 40 cm  (XY)
  cube_position (z)     = 0.0674 m                object_lift_height_cm = 4 cm
  cube_position (xy)    = [-0.256, 0.015]         grasp_completed       = 1
  finger_contacts (raw) = 0                       finger_contacts       = 0
  x                                               grasp_attempts        = 1
  x                                               task_started          = 1
  x                                               object_available      = 1
  x                                               task_aborted          = 0
  episode                = 1                      x
  step                   = 19                     x
  ee_position            = [-0.2576, 0.0000, 0.1206]  x
  ee_velocity            = [0.1139, -0.0001, 0.3939]  x
  target_position        = [0.1500, 0.0000, 0.0200]  x
  reward                 = -0.4094                x
  is_success             = False                  x
  obstacle_in_path       = False                  x
  obstacle_count_in_path = 0                      x
  obstacles              = {}                     x
  objects                = {'object_1': {'type': 'box', 'size': [0.04, 0.04, 0.04], 'mass': 1.0, 'color': [0.1, 0.2, 0.9, 1.0], 'initial_position': [-0.25, 0.0, 0.02], 'lateral_friction': 0.13, 'spinning_friction': 0.001, 'current_position': [-0.25641211041493917, 0.014900124035026295, 0.06743158709350287]}}  x
  scripts                = {'script_1': True, 'reach_only': True, 'left_right': True}  x
  target_goal            = {'type': 'goal_sequence', 'targets': [{'name': 'target', 'position': [0.15000000596046448, 0.0, 0.019999999552965164]}], 'mode': 'goal_sequence'}  x
  scene                  = {'table': {'length': 1.1, 'width': 0.7, 'height': 0.4, 'x_offset': -0.3, 'lateral_friction': 3.0, 'spinning_friction': 0.001}}  x
  robot_config           = {'control_type': 'ee', 'block_gripper': False, 'base_position': [-0.6, 0.0, 0.05]}  x
  current_task           = OBJECT_DELIVERY_SEQUENCE  x
  current_subtask        = LIFT_OBJECT            x
  active_target_name     = target                 x
  action                 = [0.0000, 0.0000, 1.0000, -1.0000]  x
  joint_angles           = [-0.0002, -0.1520, 0.0002, -2.9045, 0.0001, 2.7473, 0.7854]  x
  joint_velocities       = [0.0003, -1.3601, -0.0005, -0.0076, 0.0007, -0.8014, -0.0012]  x
  cube_rotation          = [-1.2059, 0.1667, -0.0874]  x
  cube_linear_velocity   = [0.1448, 0.2987, -0.3031]  x
  obstacle_positions     = {}                     x
[step=  19 23:12:42.143][Analyzer] ASM node=lift_object  goal_status=not_applicable
[step=  19 23:12:42.145][DejaVu] {'status': 'ok', 'unanticipated': False, 'adaptation': None}
[step=  20 23:12:43.299][Manager] ep=1 subtask=LIFT_OBJECT reward=-0.4024
[step=  20 23:12:43.299][Perception]
  RAW PERCEPTION                                  MONITORED PARAMS
  ----------------------------------------------  --------------------------------------
  fingers_width         = 0.0003 m                gripper_width_cm      = 0 cm
  dist_ee_to_cube       = 0.1057 m                distance_ee_object_cm = 8 cm
  dist_cube_to_target   = 0.4024 m  (3D)          distance_obj_goal_cm  = 40 cm  (XY)
  cube_position (z)     = 0.0471 m                object_lift_height_cm = 2 cm
  cube_position (xy)    = [-0.251, 0.027]         grasp_completed       = 1
  finger_contacts (raw) = 0                       finger_contacts       = 0
  x                                               grasp_attempts        = 1
  x                                               task_started          = 1
  x                                               object_available      = 1
  x                                               task_aborted          = 0
  episode                = 1                      x
  step                   = 20                     x
  ee_position            = [-0.2547, 0.0000, 0.1492]  x
  ee_velocity            = [0.1679, 0.0001, 0.5205]  x
  target_position        = [0.1500, 0.0000, 0.0200]  x
  reward                 = -0.4024                x
  is_success             = False                  x
  obstacle_in_path       = False                  x
  obstacle_count_in_path = 0                      x
  obstacles              = {}                     x
  objects                = {'object_1': {'type': 'box', 'size': [0.04, 0.04, 0.04], 'mass': 1.0, 'color': [0.1, 0.2, 0.9, 1.0], 'initial_position': [-0.25, 0.0, 0.02], 'lateral_friction': 0.13, 'spinning_friction': 0.001, 'current_position': [-0.2506267020465577, 0.026831571934253205, 0.0470895948251]}}  x
  scripts                = {'script_1': True, 'reach_only': True, 'left_right': True}  x
  target_goal            = {'type': 'goal_sequence', 'targets': [{'name': 'target', 'position': [0.15000000596046448, 0.0, 0.019999999552965164]}], 'mode': 'goal_sequence'}  x
  scene                  = {'table': {'length': 1.1, 'width': 0.7, 'height': 0.4, 'x_offset': -0.3, 'lateral_friction': 3.0, 'spinning_friction': 0.001}}  x
  robot_config           = {'control_type': 'ee', 'block_gripper': False, 'base_position': [-0.6, 0.0, 0.05]}  x
  current_task           = OBJECT_DELIVERY_SEQUENCE  x
  current_subtask        = LIFT_OBJECT            x
  active_target_name     = target                 x
  action                 = [0.0000, 0.0000, 1.0000, -1.0000]  x
  joint_angles           = [-0.0001, -0.2488, 0.0002, -2.8866, 0.0000, 2.6277, 0.7854]  x
  joint_velocities       = [0.0003, -1.5964, -0.0000, 0.1394, 0.0036, -0.9191, -0.0006]  x
  cube_rotation          = [-2.1227, 0.1649, -0.2597]  x
  cube_linear_velocity   = [0.1445, 0.2979, -0.6942]  x
  obstacle_positions     = {}                     x
[step=  20 23:12:43.302][Analyzer] ASM node=lift_object  goal_status=not_applicable
[step=  20 23:12:43.304][DejaVu] {'status': 'ok', 'unanticipated': False, 'adaptation': None}
[step=  21 23:12:44.420][Manager] ep=1 subtask=LIFT_OBJECT reward=-0.3984
[step=  21 23:12:44.420][Perception]
  RAW PERCEPTION                                  MONITORED PARAMS
  ----------------------------------------------  --------------------------------------
  fingers_width         = 0.0000 m                gripper_width_cm      = 0 cm
  dist_ee_to_cube       = 0.1644 m                distance_ee_object_cm = 13 cm
  dist_cube_to_target   = 0.3984 m  (3D)          distance_obj_goal_cm  = 39 cm  (XY)
  cube_position (z)     = 0.0227 m                object_lift_height_cm = 0 cm
  cube_position (xy)    = [-0.246, 0.042]         grasp_completed       = 1
  finger_contacts (raw) = 0                       finger_contacts       = 0
  x                                               grasp_attempts        = 1
  x                                               task_started          = 1
  x                                               object_available      = 1
  x                                               task_aborted          = 0
  episode                = 1                      x
  step                   = 21                     x
  ee_position            = [-0.2506, 0.0000, 0.1815]  x
  ee_velocity            = [0.1127, 0.0002, 0.4607]  x
  target_position        = [0.1500, 0.0000, 0.0200]  x
  reward                 = -0.3984                x
  is_success             = False                  x
  obstacle_in_path       = False                  x
  obstacle_count_in_path = 0                      x
  obstacles              = {}                     x
  objects                = {'object_1': {'type': 'box', 'size': [0.04, 0.04, 0.04], 'mass': 1.0, 'color': [0.1, 0.2, 0.9, 1.0], 'initial_position': [-0.25, 0.0, 0.02], 'lateral_friction': 0.13, 'spinning_friction': 0.001, 'current_position': [-0.24616122742994073, 0.04211774273706842, 0.022665426737614063]}}  x
  scripts                = {'script_1': True, 'reach_only': True, 'left_right': True}  x
  target_goal            = {'type': 'goal_sequence', 'targets': [{'name': 'target', 'position': [0.15000000596046448, 0.0, 0.019999999552965164]}], 'mode': 'goal_sequence'}  x
  scene                  = {'table': {'length': 1.1, 'width': 0.7, 'height': 0.4, 'x_offset': -0.3, 'lateral_friction': 3.0, 'spinning_friction': 0.001}}  x
  robot_config           = {'control_type': 'ee', 'block_gripper': False, 'base_position': [-0.6, 0.0, 0.05]}  x
  current_task           = OBJECT_DELIVERY_SEQUENCE  x
  current_subtask        = LIFT_OBJECT            x
  active_target_name     = target                 x
  action                 = [0.0000, 0.0000, 1.0000, -1.0000]  x
  joint_angles           = [-0.0001, -0.3424, 0.0002, -2.8599, 0.0000, 2.5112, 0.7854]  x
  joint_velocities       = [-0.0000, -1.2965, -0.0001, 0.2252, 0.0038, -0.8952, -0.0005]  x
  cube_rotation          = [-3.0450, -0.0482, -0.3402]  x
  cube_linear_velocity   = [0.1081, 0.5179, -0.3180]  x
  obstacle_positions     = {}                     x
[step=  21 23:12:44.423][Analyzer] ASM node=lift_object  goal_status=not_applicable
[step=  21 23:12:44.425][DejaVu] {'status': 'ok', 'unanticipated': False, 'adaptation': None}
[step=  22 23:12:45.593][Manager] ep=1 subtask=LIFT_OBJECT reward=-0.3954
[step=  22 23:12:45.593][Perception]
  RAW PERCEPTION                                  MONITORED PARAMS
  ----------------------------------------------  --------------------------------------
  fingers_width         = 0.0000 m                gripper_width_cm      = 0 cm
  dist_ee_to_cube       = 0.1608 m                distance_ee_object_cm = 13 cm
  dist_cube_to_target   = 0.3954 m  (3D)          distance_obj_goal_cm  = 39 cm  (XY)
  cube_position (z)     = 0.0211 m                object_lift_height_cm = 0 cm
  cube_position (xy)    = [-0.241, 0.056]         grasp_completed       = 1
  finger_contacts (raw) = 0                       finger_contacts       = 0
  x                                               grasp_attempts        = 1
  x                                               task_started          = 1
  x                                               object_available      = 1
  x                                               task_aborted          = 0
  episode                = 1                      x
  step                   = 22                     x
  ee_position            = [-0.2435, 0.0000, 0.1718]  x
  ee_velocity            = [-0.4301, -0.0002, -1.0950]  x
  target_position        = [0.1500, 0.0000, 0.0200]  x
  reward                 = -0.3954                x
  is_success             = False                  x
  obstacle_in_path       = False                  x
  obstacle_count_in_path = 0                      x
  obstacles              = {}                     x
  objects                = {'object_1': {'type': 'box', 'size': [0.04, 0.04, 0.04], 'mass': 1.0, 'color': [0.1, 0.2, 0.9, 1.0], 'initial_position': [-0.25, 0.0, 0.02], 'lateral_friction': 0.13, 'spinning_friction': 0.001, 'current_position': [-0.2414251177131279, 0.05608976659242746, 0.021057212513343422]}}  x
  scripts                = {'script_1': True, 'reach_only': True, 'left_right': True}  x
  target_goal            = {'type': 'goal_sequence', 'targets': [{'name': 'target', 'position': [0.15000000596046448, 0.0, 0.019999999552965164]}], 'mode': 'goal_sequence'}  x
  scene                  = {'table': {'length': 1.1, 'width': 0.7, 'height': 0.4, 'x_offset': -0.3, 'lateral_friction': 3.0, 'spinning_friction': 0.001}}  x
  robot_config           = {'control_type': 'ee', 'block_gripper': False, 'base_position': [-0.6, 0.0, 0.05]}  x
  current_task           = OBJECT_DELIVERY_SEQUENCE  x
  current_subtask        = LIFT_OBJECT            x
  active_target_name     = target                 x
  action                 = [0.0000, 0.0000, -1.0000, -1.0000]  x
  joint_angles           = [-0.0001, -0.3071, 0.0002, -2.8945, 0.0003, 2.6458, 0.7854]  x
  joint_velocities       = [-0.0000, 3.0402, 0.0000, -0.3103, -0.0101, 1.0348, 0.0000]  x
  cube_rotation          = [3.0767, -0.0042, -0.4025]  x
  cube_linear_velocity   = [0.1033, 0.2887, -0.0503]  x
  obstacle_positions     = {}                     x
[step=  22 23:12:45.596][Analyzer] ASM node=lift_object  goal_status=not_applicable
[step=  22 23:12:45.598][DejaVu] {'status': 'ok', 'unanticipated': False, 'adaptation': None}
[step=  23 23:12:46.713][Manager] ep=1 subtask=TRANSPORT_OBJECT reward=-0.3940
[step=  23 23:12:46.714][Perception]
  RAW PERCEPTION                                  MONITORED PARAMS
  ----------------------------------------------  --------------------------------------
  fingers_width         = 0.0000 m                gripper_width_cm      = 0 cm
  dist_ee_to_cube       = 0.1358 m                distance_ee_object_cm = 11 cm
  dist_cube_to_target   = 0.3940 m  (3D)          distance_obj_goal_cm  = 39 cm  (XY)
  cube_position (z)     = 0.0199 m                object_lift_height_cm = 0 cm
  cube_position (xy)    = [-0.239, 0.064]         grasp_completed       = 1
  finger_contacts (raw) = 0                       finger_contacts       = 0
  x                                               grasp_attempts        = 1
  x                                               task_started          = 1
  x                                               object_available      = 1
  x                                               task_aborted          = 0
  episode                = 1                      x
  step                   = 23                     x
  ee_position            = [-0.2426, 0.0000, 0.1395]  x
  ee_velocity            = [1.1106, 0.0006, -0.0567]  x
  target_position        = [0.1500, 0.0000, 0.0200]  x
  reward                 = -0.3940                x
  is_success             = False                  x
  obstacle_in_path       = False                  x
  obstacle_count_in_path = 0                      x
  obstacles              = {}                     x
  objects                = {'object_1': {'type': 'box', 'size': [0.04, 0.04, 0.04], 'mass': 1.0, 'color': [0.1, 0.2, 0.9, 1.0], 'initial_position': [-0.25, 0.0, 0.02], 'lateral_friction': 0.13, 'spinning_friction': 0.001, 'current_position': [-0.23870132110111597, 0.06438796112666428, 0.019936703983869528]}}  x
  scripts                = {'script_1': True, 'reach_only': True, 'left_right': True}  x
  target_goal            = {'type': 'goal_sequence', 'targets': [{'name': 'target', 'position': [0.15000000596046448, 0.0, 0.019999999552965164]}], 'mode': 'goal_sequence'}  x
  scene                  = {'table': {'length': 1.1, 'width': 0.7, 'height': 0.4, 'x_offset': -0.3, 'lateral_friction': 3.0, 'spinning_friction': 0.001}}  x
  robot_config           = {'control_type': 'ee', 'block_gripper': False, 'base_position': [-0.6, 0.0, 0.05]}  x
  current_task           = OBJECT_DELIVERY_SEQUENCE  x
  current_subtask        = TRANSPORT_OBJECT       x
  active_target_name     = target                 x
  action                 = [1.0000, -0.0000, 0.0000, -1.0000]  x
  joint_angles           = [-0.0002, -0.1448, 0.0002, -2.7941, -0.0001, 2.5629, 0.7854]  x
  joint_velocities       = [-0.0004, 3.3247, 0.0008, 3.6545, 0.0071, -0.6377, 0.0001]  x
  cube_rotation          = [-3.1398, -0.0000, -0.4123]  x
  cube_linear_velocity   = [0.0355, 0.1300, 0.0023]  x
  obstacle_positions     = {}                     x
[step=  23 23:12:46.716][ASM] [WARN] lift_object → transport_object: managing transitou sem condições validadas
[step=  23 23:12:46.716][ASM] [OK] lift_object → transport_object  (type=domain)
[step=  23 23:12:46.716][Analyzer] ASM node=transport_object  goal_status=ok  (scenario=TRANSPORT_OBJECT)
[step=  23 23:12:47.023][DejaVu] {'status': 'ok', 'unanticipated': True, 'adaptation': {'candidate_name': 'Lift Slip â€” Low Friction Surface', 'do': 'apply_vacuum_assist()', 'score': 0.9298611111111111}}
[step=  23 23:12:47.060][Manager][DejaVu] Adaptação: Lift Slip â€” Low Friction Surface (score=0.930) → apply_vacuum_assist()
[step=  24 23:12:48.060][Manager] ep=1 subtask=APPLY_VACUUM_ASSIST reward=-0.4000
[step=  24 23:12:48.061][Perception]
  RAW PERCEPTION                                  MONITORED PARAMS
  ----------------------------------------------  --------------------------------------
  fingers_width         = 0.0703 m                gripper_width_cm      = 7 cm
  dist_ee_to_cube       = 0.1179 m                distance_ee_object_cm = 9 cm
  dist_cube_to_target   = 0.4000 m  (3D)          distance_obj_goal_cm  = 40 cm  (XY)
  cube_position (z)     = 0.0200 m                object_lift_height_cm = 0 cm
  cube_position (xy)    = [-0.250, -0.000]        grasp_completed       = 1
  finger_contacts (raw) = 0                       finger_contacts       = 0
  x                                               grasp_attempts        = 1
  x                                               task_started          = 1
  x                                               object_available      = 1
  x                                               task_aborted          = 0
  episode                = 1                      x
  step                   = 24                     x
  ee_position            = [-0.2321, -0.0000, 0.1366]  x
  ee_velocity            = [-0.6980, 0.0009, 0.0538]  x
  target_position        = [0.1500, 0.0000, 0.0200]  x
  reward                 = -0.4000                x
  is_success             = False                  x
  obstacle_in_path       = False                  x
  obstacle_count_in_path = 0                      x
  obstacles              = {}                     x
  objects                = {'object_1': {'type': 'box', 'size': [0.04, 0.04, 0.04], 'mass': 1.0, 'color': [0.1, 0.2, 0.9, 1.0], 'initial_position': [-0.25, 0.0, 0.02], 'lateral_friction': 0.13, 'spinning_friction': 0.001, 'current_position': [-0.25000003887858946, -6.804229234093375e-08, 0.019989897574778582]}}  x
  scripts                = {'script_1': True, 'reach_only': True, 'left_right': True}  x
  target_goal            = {'type': 'goal_sequence', 'targets': [{'name': 'target', 'position': [0.15000000596046448, 0.0, 0.019999999552965164]}], 'mode': 'goal_sequence'}  x
  scene                  = {'table': {'length': 1.1, 'width': 0.7, 'height': 0.4, 'x_offset': -0.3, 'lateral_friction': 3.0, 'spinning_friction': 0.001}}  x
  robot_config           = {'control_type': 'ee', 'block_gripper': False, 'base_position': [-0.6, 0.0, 0.05]}  x
  current_task           = VACUUM_ASSIST          x
  current_subtask        = APPLY_VACUUM_ASSIST    x
  active_target_name     = target                 x
  action                 = [0.0000, 0.0000, 0.0000, 1.0000]  x
  joint_angles           = [-0.0002, -0.1390, 0.0002, -2.8181, 0.0002, 2.6575, 0.7854]  x
  joint_velocities       = [0.0001, -2.1892, 0.0034, -2.4647, -0.0081, 0.7275, -0.0000]  x
  cube_rotation          = [0.0000, 0.0000, 0.0000]  x
  cube_linear_velocity   = [-0.0000, 0.0000, -0.0000]  x
  obstacle_positions     = {}                     x
[step=  24 23:12:48.063][Analyzer] ASM node=transport_object  goal_status=not_applicable
[step=  24 23:12:48.066][DejaVu] {'status': 'ok', 'unanticipated': True, 'adaptation': {'candidate_name': 'Lift Slip â€” Low Friction Surface', 'do': 'apply_vacuum_assist()', 'score': 0.9298611111111111}}
[step=  25 23:12:49.153][Manager] ep=1 subtask=APPLY_VACUUM_ASSIST reward=-0.4000
[step=  25 23:12:49.153][Perception]
  RAW PERCEPTION                                  MONITORED PARAMS
  ----------------------------------------------  --------------------------------------
  fingers_width         = 0.0788 m                gripper_width_cm      = 7 cm
  dist_ee_to_cube       = 0.1063 m                distance_ee_object_cm = 8 cm
  dist_cube_to_target   = 0.4000 m  (3D)          distance_obj_goal_cm  = 40 cm  (XY)
  cube_position (z)     = 0.0200 m                object_lift_height_cm = 0 cm
  cube_position (xy)    = [-0.250, 0.000]         grasp_completed       = 0
  finger_contacts (raw) = 0                       finger_contacts       = 0
  x                                               grasp_attempts        = 1
  x                                               task_started          = 1
  x                                               object_available      = 1
  x                                               task_aborted          = 0
  episode                = 1                      x
  step                   = 25                     x
  ee_position            = [-0.2309, 0.0000, 0.1246]  x
  ee_velocity            = [-0.5673, -0.0000, -1.1439]  x
  target_position        = [0.1500, 0.0000, 0.0200]  x
  reward                 = -0.4000                x
  is_success             = False                  x
  obstacle_in_path       = False                  x
  obstacle_count_in_path = 0                      x
  obstacles              = {}                     x
  objects                = {'object_1': {'type': 'box', 'size': [0.04, 0.04, 0.04], 'mass': 1.0, 'color': [0.1, 0.2, 0.9, 1.0], 'initial_position': [-0.25, 0.0, 0.02], 'lateral_friction': 0.13, 'spinning_friction': 0.001, 'current_position': [-0.2500001543567959, 8.939835033609905e-08, 0.019989877505505977]}}  x
  scripts                = {'script_1': True, 'reach_only': True, 'left_right': True}  x
  target_goal            = {'type': 'goal_sequence', 'targets': [{'name': 'target', 'position': [0.15000000596046448, 0.0, 0.019999999552965164]}], 'mode': 'goal_sequence'}  x
  scene                  = {'table': {'length': 1.1, 'width': 0.7, 'height': 0.4, 'x_offset': -0.3, 'lateral_friction': 3.0, 'spinning_friction': 0.001}}  x
  robot_config           = {'control_type': 'ee', 'block_gripper': False, 'base_position': [-0.6, 0.0, 0.05]}  x
  current_task           = VACUUM_ASSIST          x
  current_subtask        = APPLY_VACUUM_ASSIST    x
  active_target_name     = target                 x
  action                 = [-0.1915, 0.0000, -0.9815, 1.0000]  x
  joint_angles           = [-0.0002, -0.0994, 0.0002, -2.8593, 0.0001, 2.8058, 0.7854]  x
  joint_velocities       = [-0.0002, 3.1780, -0.0002, -0.2619, -0.0012, 1.1403, -0.0000]  x
  cube_rotation          = [0.0000, 0.0000, 0.0000]  x
  cube_linear_velocity   = [-0.0000, 0.0000, -0.0000]  x
  obstacle_positions     = {}                     x
[step=  25 23:12:49.155][Analyzer] ASM node=transport_object  goal_status=not_applicable
[step=  25 23:12:49.159][DejaVu] {'status': 'ok', 'unanticipated': True, 'adaptation': {'candidate_name': 'Lift Slip â€” Low Friction Surface', 'do': 'apply_vacuum_assist()', 'score': 0.9298611111111111}}
[step=  26 23:12:50.286][Manager] ep=1 subtask=APPLY_VACUUM_ASSIST reward=-0.4000
[step=  26 23:12:50.287][Perception]
  RAW PERCEPTION                                  MONITORED PARAMS
  ----------------------------------------------  --------------------------------------
  fingers_width         = 0.0799 m                gripper_width_cm      = 7 cm
  dist_ee_to_cube       = 0.0618 m                distance_ee_object_cm = 3 cm
  dist_cube_to_target   = 0.4000 m  (3D)          distance_obj_goal_cm  = 40 cm  (XY)
  cube_position (z)     = 0.0200 m                object_lift_height_cm = 0 cm
  cube_position (xy)    = [-0.250, 0.000]         grasp_completed       = 0
  finger_contacts (raw) = 0                       finger_contacts       = 0
  x                                               grasp_attempts        = 1
  x                                               task_started          = 1
  x                                               object_available      = 1
  x                                               task_aborted          = 0
  episode                = 1                      x
  step                   = 26                     x
  ee_position            = [-0.2496, -0.0000, 0.0818]  x
  ee_velocity            = [-0.3877, 0.0002, -0.6329]  x
  target_position        = [0.1500, 0.0000, 0.0200]  x
  reward                 = -0.4000                x
  is_success             = False                  x
  obstacle_in_path       = False                  x
  obstacle_count_in_path = 0                      x
  obstacles              = {}                     x
  objects                = {'object_1': {'type': 'box', 'size': [0.04, 0.04, 0.04], 'mass': 1.0, 'color': [0.1, 0.2, 0.9, 1.0], 'initial_position': [-0.25, 0.0, 0.02], 'lateral_friction': 0.13, 'spinning_friction': 0.001, 'current_position': [-0.25000032002506567, 3.5720550029013164e-07, 0.01998989369714666]}}  x
  scripts                = {'script_1': True, 'reach_only': True, 'left_right': True}  x
  target_goal            = {'type': 'goal_sequence', 'targets': [{'name': 'target', 'position': [0.15000000596046448, 0.0, 0.019999999552965164]}], 'mode': 'goal_sequence'}  x
  scene                  = {'table': {'length': 1.1, 'width': 0.7, 'height': 0.4, 'x_offset': -0.3, 'lateral_friction': 3.0, 'spinning_friction': 0.001}}  x
  robot_config           = {'control_type': 'ee', 'block_gripper': False, 'base_position': [-0.6, 0.0, 0.05]}  x
  current_task           = VACUUM_ASSIST          x
  current_subtask        = APPLY_VACUUM_ASSIST    x
  active_target_name     = target                 x
  action                 = [-0.2338, -0.0000, -0.9723, 1.0000]  x
  joint_angles           = [-0.0002, 0.0304, 0.0002, -2.8628, 0.0000, 2.8706, 0.7854]  x
  joint_velocities       = [0.0002, 1.9062, 0.0001, -0.0260, -0.0005, 0.4980, 0.0004]  x
  cube_rotation          = [0.0000, 0.0000, 0.0000]  x
  cube_linear_velocity   = [-0.0000, 0.0000, 0.0000]  x
  obstacle_positions     = {}                     x
[step=  26 23:12:50.289][Analyzer] ASM node=transport_object  goal_status=not_applicable
[step=  26 23:12:50.291][DejaVu] {'status': 'ok', 'unanticipated': True, 'adaptation': {'candidate_name': 'Lift Slip â€” Low Friction Surface', 'do': 'apply_vacuum_assist()', 'score': 0.9298611111111111}}
[step=  27 23:12:51.420][Manager] ep=1 subtask=APPLY_VACUUM_ASSIST reward=-0.4000
[step=  27 23:12:51.421][Perception]
  RAW PERCEPTION                                  MONITORED PARAMS
  ----------------------------------------------  --------------------------------------
  fingers_width         = 0.0800 m                gripper_width_cm      = 7 cm
  dist_ee_to_cube       = 0.0286 m                distance_ee_object_cm = 0 cm
  dist_cube_to_target   = 0.4000 m  (3D)          distance_obj_goal_cm  = 40 cm  (XY)
  cube_position (z)     = 0.0200 m                object_lift_height_cm = 0 cm
  cube_position (xy)    = [-0.250, 0.000]         grasp_completed       = 0
  finger_contacts (raw) = 0                       finger_contacts       = 0
  x                                               grasp_attempts        = 1
  x                                               task_started          = 1
  x                                               object_available      = 1
  x                                               task_aborted          = 0
  episode                = 1                      x
  step                   = 27                     x
  ee_position            = [-0.2539, -0.0000, 0.0483]  x
  ee_velocity            = [-0.3984, 0.0000, -0.6900]  x
  target_position        = [0.1500, 0.0000, 0.0200]  x
  reward                 = -0.4000                x
  is_success             = False                  x
  obstacle_in_path       = False                  x
  obstacle_count_in_path = 0                      x
  obstacles              = {}                     x
  objects                = {'object_1': {'type': 'box', 'size': [0.04, 0.04, 0.04], 'mass': 1.0, 'color': [0.1, 0.2, 0.9, 1.0], 'initial_position': [-0.25, 0.0, 0.02], 'lateral_friction': 0.13, 'spinning_friction': 0.001, 'current_position': [-0.25000032028484354, 4.434036452441532e-07, 0.01998997993374388]}}  x
  scripts                = {'script_1': True, 'reach_only': True, 'left_right': True}  x
  target_goal            = {'type': 'goal_sequence', 'targets': [{'name': 'target', 'position': [0.15000000596046448, 0.0, 0.019999999552965164]}], 'mode': 'goal_sequence'}  x
  scene                  = {'table': {'length': 1.1, 'width': 0.7, 'height': 0.4, 'x_offset': -0.3, 'lateral_friction': 3.0, 'spinning_friction': 0.001}}  x
  robot_config           = {'control_type': 'ee', 'block_gripper': False, 'base_position': [-0.6, 0.0, 0.05]}  x
  current_task           = VACUUM_ASSIST          x
  current_subtask        = APPLY_VACUUM_ASSIST    x
  active_target_name     = target                 x
  action                 = [-0.0117, 0.0000, -0.9999, 1.0000]  x
  joint_angles           = [-0.0002, 0.1620, 0.0001, -2.8586, -0.0000, 3.0049, 0.7854]  x
  joint_velocities       = [0.0001, 2.2832, -0.0003, 0.0560, -0.0005, 1.0327, 0.0002]  x
  cube_rotation          = [0.0000, 0.0000, 0.0000]  x
  cube_linear_velocity   = [0.0000, 0.0000, 0.0000]  x
  obstacle_positions     = {}                     x
[step=  27 23:12:51.424][Analyzer] ASM node=transport_object  goal_status=not_applicable
[step=  27 23:12:51.425][DejaVu] {'status': 'ok', 'unanticipated': True, 'adaptation': {'candidate_name': 'Lift Slip â€” Low Friction Surface', 'do': 'apply_vacuum_assist()', 'score': 0.9298611111111111}}
[step=  28 23:12:52.568][Manager] ep=1 subtask=APPLY_VACUUM_ASSIST reward=-0.3978
[step=  28 23:12:52.568][Perception]
  RAW PERCEPTION                                  MONITORED PARAMS
  ----------------------------------------------  --------------------------------------
  fingers_width         = 0.0394 m                gripper_width_cm      = 3 cm
  dist_ee_to_cube       = 0.0217 m                distance_ee_object_cm = 0 cm
  dist_cube_to_target   = 0.3978 m  (3D)          distance_obj_goal_cm  = 39 cm  (XY)
  cube_position (z)     = 0.0233 m                object_lift_height_cm = 0 cm
  cube_position (xy)    = [-0.248, -0.000]        grasp_completed       = 1
  finger_contacts (raw) = 2                       finger_contacts       = 2
  x                                               grasp_attempts        = 2
  x                                               task_started          = 1
  x                                               object_available      = 1
  x                                               task_aborted          = 0
  episode                = 1                      x
  step                   = 28                     x
  ee_position            = [-0.2598, -0.0000, 0.0413]  x
  ee_velocity            = [0.2767, 0.0001, 0.3263]  x
  target_position        = [0.1500, 0.0000, 0.0200]  x
  reward                 = -0.3978                x
  is_success             = False                  x
  obstacle_in_path       = False                  x
  obstacle_count_in_path = 0                      x
  obstacles              = {}                     x
  objects                = {'object_1': {'type': 'box', 'size': [0.04, 0.04, 0.04], 'mass': 1.0, 'color': [0.1, 0.2, 0.9, 1.0], 'initial_position': [-0.25, 0.0, 0.02], 'lateral_friction': 0.13, 'spinning_friction': 0.001, 'current_position': [-0.2477522272199979, -0.00011210526281208328, 0.023266912157253076]}}  x
  scripts                = {'script_1': True, 'reach_only': True, 'left_right': True}  x
  target_goal            = {'type': 'goal_sequence', 'targets': [{'name': 'target', 'position': [0.15000000596046448, 0.0, 0.019999999552965164]}], 'mode': 'goal_sequence'}  x
  scene                  = {'table': {'length': 1.1, 'width': 0.7, 'height': 0.4, 'x_offset': -0.3, 'lateral_friction': 3.0, 'spinning_friction': 0.001}}  x
  robot_config           = {'control_type': 'ee', 'block_gripper': False, 'base_position': [-0.6, 0.0, 0.05]}  x
  current_task           = VACUUM_ASSIST          x
  current_subtask        = APPLY_VACUUM_ASSIST    x
  active_target_name     = target                 x
  action                 = [0.0000, 0.0000, 0.0000, -1.0000]  x
  joint_angles           = [-0.0002, 0.1767, 0.0001, -2.8647, -0.0001, 3.0202, 0.7854]  x
  joint_velocities       = [0.0001, -0.9592, 0.0002, -0.0481, -0.0003, 0.1173, 0.0001]  x
  cube_rotation          = [0.0012, -0.0124, 0.0035]  x
  cube_linear_velocity   = [0.2963, -0.0045, 0.3374]  x
  obstacle_positions     = {}                     x
[step=  28 23:12:52.571][Analyzer] ASM node=transport_object  goal_status=not_applicable
[step=  28 23:12:52.573][DejaVu] {'status': 'ok', 'unanticipated': True, 'adaptation': {'candidate_name': 'Lift Slip â€” Low Friction Surface', 'do': 'apply_vacuum_assist()', 'score': 0.9298611111111111}}
[step=  29 23:12:53.741][Manager] ep=1 subtask=APPLY_VACUUM_ASSIST reward=-0.4008
[step=  29 23:12:53.742][Perception]
  RAW PERCEPTION                                  MONITORED PARAMS
  ----------------------------------------------  --------------------------------------
  fingers_width         = 0.0380 m                gripper_width_cm      = 3 cm
  dist_ee_to_cube       = 0.0217 m                distance_ee_object_cm = 0 cm
  dist_cube_to_target   = 0.4008 m  (3D)          distance_obj_goal_cm  = 39 cm  (XY)
  cube_position (z)     = 0.0480 m                object_lift_height_cm = 2 cm
  cube_position (xy)    = [-0.250, -0.000]        grasp_completed       = 1
  finger_contacts (raw) = 2                       finger_contacts       = 2
  x                                               grasp_attempts        = 2
  x                                               task_started          = 1
  x                                               object_available      = 1
  x                                               task_aborted          = 0
  episode                = 1                      x
  step                   = 29                     x
  ee_position            = [-0.2634, 0.0000, 0.0649]  x
  ee_velocity            = [0.3669, -0.0004, 0.6626]  x
  target_position        = [0.1500, 0.0000, 0.0200]  x
  reward                 = -0.4008                x
  is_success             = False                  x
  obstacle_in_path       = False                  x
  obstacle_count_in_path = 0                      x
  obstacles              = {}                     x
  objects                = {'object_1': {'type': 'box', 'size': [0.04, 0.04, 0.04], 'mass': 1.0, 'color': [0.1, 0.2, 0.9, 1.0], 'initial_position': [-0.25, 0.0, 0.02], 'lateral_friction': 0.13, 'spinning_friction': 0.001, 'current_position': [-0.24984089243615928, -0.0003026058079847666, 0.047955868148124164]}}  x
  scripts                = {'script_1': True, 'reach_only': True, 'left_right': True}  x
  target_goal            = {'type': 'goal_sequence', 'targets': [{'name': 'target', 'position': [0.15000000596046448, 0.0, 0.019999999552965164]}], 'mode': 'goal_sequence'}  x
  scene                  = {'table': {'length': 1.1, 'width': 0.7, 'height': 0.4, 'x_offset': -0.3, 'lateral_friction': 3.0, 'spinning_friction': 0.001}}  x
  robot_config           = {'control_type': 'ee', 'block_gripper': False, 'base_position': [-0.6, 0.0, 0.05]}  x
  current_task           = VACUUM_ASSIST          x
  current_subtask        = APPLY_VACUUM_ASSIST    x
  active_target_name     = target                 x
  action                 = [0.0000, 0.0000, 1.0000, -1.0000]  x
  joint_angles           = [-0.0002, 0.0667, 0.0002, -2.8927, -0.0001, 2.9372, 0.7854]  x
  joint_velocities       = [0.0001, -2.2407, -0.0009, -0.1671, 0.0002, -0.6380, 0.0001]  x
  cube_rotation          = [0.0007, -0.0485, 0.0050]  x
  cube_linear_velocity   = [0.3914, -0.0041, 0.6810]  x
  obstacle_positions     = {}                     x
[step=  29 23:12:53.744][Analyzer] ASM node=transport_object  goal_status=not_applicable
[step=  29 23:12:53.746][DejaVu] {'status': 'ok', 'unanticipated': True, 'adaptation': {'candidate_name': 'Lift Slip â€” Low Friction Surface', 'do': 'apply_vacuum_assist()', 'score': 0.9298611111111111}}
[step=  30 23:12:54.861][Manager] ep=1 subtask=APPLY_VACUUM_ASSIST reward=-0.4001
[step=  30 23:12:54.861][Perception]
  RAW PERCEPTION                                  MONITORED PARAMS
  ----------------------------------------------  --------------------------------------
  fingers_width         = 0.0373 m                gripper_width_cm      = 3 cm
  dist_ee_to_cube       = 0.0222 m                distance_ee_object_cm = 0 cm
  dist_cube_to_target   = 0.4001 m  (3D)          distance_obj_goal_cm  = 39 cm  (XY)
  cube_position (z)     = 0.0781 m                object_lift_height_cm = 5 cm
  cube_position (xy)    = [-0.246, -0.001]        grasp_completed       = 1
  finger_contacts (raw) = 2                       finger_contacts       = 2
  x                                               grasp_attempts        = 2
  x                                               task_started          = 1
  x                                               object_available      = 1
  x                                               task_aborted          = 0
  episode                = 1                      x
  step                   = 30                     x
  ee_position            = [-0.2602, 0.0000, 0.0951]  x
  ee_velocity            = [0.1296, -0.0000, 0.4128]  x
  target_position        = [0.1500, 0.0000, 0.0200]  x
  reward                 = -0.4001                x
  is_success             = False                  x
  obstacle_in_path       = False                  x
  obstacle_count_in_path = 0                      x
  obstacles              = {}                     x
  objects                = {'object_1': {'type': 'box', 'size': [0.04, 0.04, 0.04], 'mass': 1.0, 'color': [0.1, 0.2, 0.9, 1.0], 'initial_position': [-0.25, 0.0, 0.02], 'lateral_friction': 0.13, 'spinning_friction': 0.001, 'current_position': [-0.24581820699936444, -0.0006154508261827252, 0.07814683384285107]}}  x
  scripts                = {'script_1': True, 'reach_only': True, 'left_right': True}  x
  target_goal            = {'type': 'goal_sequence', 'targets': [{'name': 'target', 'position': [0.15000000596046448, 0.0, 0.019999999552965164]}], 'mode': 'goal_sequence'}  x
  scene                  = {'table': {'length': 1.1, 'width': 0.7, 'height': 0.4, 'x_offset': -0.3, 'lateral_friction': 3.0, 'spinning_friction': 0.001}}  x
  robot_config           = {'control_type': 'ee', 'block_gripper': False, 'base_position': [-0.6, 0.0, 0.05]}  x
  current_task           = VACUUM_ASSIST          x
  current_subtask        = APPLY_VACUUM_ASSIST    x
  active_target_name     = target                 x
  action                 = [0.0000, 0.0000, 1.0000, -1.0000]  x
  joint_angles           = [-0.0001, -0.0554, 0.0002, -2.9093, 0.0000, 2.8499, 0.7854]  x
  joint_velocities       = [0.0001, -1.5127, -0.0001, -0.1562, 0.0005, -0.6713, -0.0002]  x
  cube_rotation          = [0.0024, -0.0850, 0.0126]  x
  cube_linear_velocity   = [0.1409, -0.0055, 0.4226]  x
  obstacle_positions     = {}                     x
[step=  30 23:12:54.863][Analyzer] ASM node=transport_object  goal_status=not_applicable
[step=  30 23:12:54.865][DejaVu] {'status': 'ok', 'unanticipated': True, 'adaptation': {'candidate_name': 'Lift Slip â€” Low Friction Surface', 'do': 'apply_vacuum_assist()', 'score': 0.9298611111111111}}
[step=  31 23:12:56.020][Manager] ep=1 subtask=APPLY_VACUUM_ASSIST reward=-0.4014
[step=  31 23:12:56.021][Perception]
  RAW PERCEPTION                                  MONITORED PARAMS
  ----------------------------------------------  --------------------------------------
  fingers_width         = 0.0371 m                gripper_width_cm      = 3 cm
  dist_ee_to_cube       = 0.0228 m                distance_ee_object_cm = 0 cm
  dist_cube_to_target   = 0.4014 m  (3D)          distance_obj_goal_cm  = 39 cm  (XY)
  cube_position (z)     = 0.1059 m                object_lift_height_cm = 8 cm
  cube_position (xy)    = [-0.242, -0.001]        grasp_completed       = 1
  finger_contacts (raw) = 2                       finger_contacts       = 2
  x                                               grasp_attempts        = 2
  x                                               task_started          = 1
  x                                               object_available      = 1
  x                                               task_aborted          = 0
  episode                = 1                      x
  step                   = 31                     x
  ee_position            = [-0.2583, 0.0000, 0.1221]  x
  ee_velocity            = [0.2146, -0.0000, 0.5528]  x
  target_position        = [0.1500, 0.0000, 0.0200]  x
  reward                 = -0.4014                x
  is_success             = False                  x
  obstacle_in_path       = False                  x
  obstacle_count_in_path = 0                      x
  obstacles              = {}                     x
  objects                = {'object_1': {'type': 'box', 'size': [0.04, 0.04, 0.04], 'mass': 1.0, 'color': [0.1, 0.2, 0.9, 1.0], 'initial_position': [-0.25, 0.0, 0.02], 'lateral_friction': 0.13, 'spinning_friction': 0.001, 'current_position': [-0.24215669671095277, -0.0007587501243734605, 0.10586605711703871]}}  x
  scripts                = {'script_1': True, 'reach_only': True, 'left_right': True}  x
  target_goal            = {'type': 'goal_sequence', 'targets': [{'name': 'target', 'position': [0.15000000596046448, 0.0, 0.019999999552965164]}], 'mode': 'goal_sequence'}  x
  scene                  = {'table': {'length': 1.1, 'width': 0.7, 'height': 0.4, 'x_offset': -0.3, 'lateral_friction': 3.0, 'spinning_friction': 0.001}}  x
  robot_config           = {'control_type': 'ee', 'block_gripper': False, 'base_position': [-0.6, 0.0, 0.05]}  x
  current_task           = VACUUM_ASSIST          x
  current_subtask        = APPLY_VACUUM_ASSIST    x
  active_target_name     = target                 x
  action                 = [0.0000, 0.0000, 1.0000, -1.0000]  x
  joint_angles           = [-0.0001, -0.1588, 0.0002, -2.9024, 0.0001, 2.7332, 0.7854]  x
  joint_velocities       = [0.0002, -1.7939, -0.0001, 0.0526, 0.0004, -0.8971, -0.0002]  x
  cube_rotation          = [0.0043, -0.1252, 0.0035]  x
  cube_linear_velocity   = [0.2307, -0.0025, 0.5685]  x
  obstacle_positions     = {}                     x
[step=  31 23:12:56.023][Analyzer] ASM node=transport_object  goal_status=not_applicable
[step=  31 23:12:56.026][DejaVu] {'status': 'ok', 'unanticipated': True, 'adaptation': {'candidate_name': 'Lift Slip â€” Low Friction Surface', 'do': 'apply_vacuum_assist()', 'score': 0.9298611111111111}}
[step=  32 23:12:57.154][Manager] ep=1 subtask=APPLY_VACUUM_ASSIST reward=-0.4044
[step=  32 23:12:57.155][Perception]
  RAW PERCEPTION                                  MONITORED PARAMS
  ----------------------------------------------  --------------------------------------
  fingers_width         = 0.0370 m                gripper_width_cm      = 3 cm
  dist_ee_to_cube       = 0.0234 m                distance_ee_object_cm = 0 cm
  dist_cube_to_target   = 0.4044 m  (3D)          distance_obj_goal_cm  = 38 cm  (XY)
  cube_position (z)     = 0.1368 m                object_lift_height_cm = 11 cm
  cube_position (xy)    = [-0.237, -0.001]        grasp_completed       = 1
  finger_contacts (raw) = 2                       finger_contacts       = 2
  x                                               grasp_attempts        = 2
  x                                               task_started          = 1
  x                                               object_available      = 1
  x                                               task_aborted          = 0
  episode                = 1                      x
  step                   = 32                     x
  ee_position            = [-0.2543, 0.0000, 0.1527]  x
  ee_velocity            = [0.1426, 0.0000, 0.4806]  x
  target_position        = [0.1500, 0.0000, 0.0200]  x
  reward                 = -0.4044                x
  is_success             = False                  x
  obstacle_in_path       = False                  x
  obstacle_count_in_path = 0                      x
  obstacles              = {}                     x
  objects                = {'object_1': {'type': 'box', 'size': [0.04, 0.04, 0.04], 'mass': 1.0, 'color': [0.1, 0.2, 0.9, 1.0], 'initial_position': [-0.25, 0.0, 0.02], 'lateral_friction': 0.13, 'spinning_friction': 0.001, 'current_position': [-0.23719618683631852, -0.0009989875774566392, 0.13678520709076655]}}  x
  scripts                = {'script_1': True, 'reach_only': True, 'left_right': True}  x
  target_goal            = {'type': 'goal_sequence', 'targets': [{'name': 'target', 'position': [0.15000000596046448, 0.0, 0.019999999552965164]}], 'mode': 'goal_sequence'}  x
  scene                  = {'table': {'length': 1.1, 'width': 0.7, 'height': 0.4, 'x_offset': -0.3, 'lateral_friction': 3.0, 'spinning_friction': 0.001}}  x
  robot_config           = {'control_type': 'ee', 'block_gripper': False, 'base_position': [-0.6, 0.0, 0.05]}  x
  current_task           = VACUUM_ASSIST          x
  current_subtask        = APPLY_VACUUM_ASSIST    x
  active_target_name     = target                 x
  action                 = [0.0000, 0.0000, 1.0000, -1.0000]  x
  joint_angles           = [-0.0001, -0.2608, 0.0002, -2.8869, 0.0001, 2.6199, 0.7854]  x
  joint_velocities       = [0.0001, -1.4887, -0.0001, 0.1187, 0.0009, -0.8713, -0.0002]  x
  cube_rotation          = [-0.0028, -0.1559, 0.0067]  x
  cube_linear_velocity   = [0.1545, -0.0073, 0.4930]  x
  obstacle_positions     = {}                     x
[step=  32 23:12:57.157][Analyzer] ASM node=transport_object  goal_status=not_applicable
[step=  32 23:12:57.159][DejaVu] {'status': 'ok', 'unanticipated': True, 'adaptation': {'candidate_name': 'Lift Slip â€” Low Friction Surface', 'do': 'apply_vacuum_assist()', 'score': 0.9298611111111111}}
[step=  33 23:12:58.314][Manager] ep=1 subtask=APPLY_VACUUM_ASSIST reward=-0.4104
[step=  33 23:12:58.314][Perception]
  RAW PERCEPTION                                  MONITORED PARAMS
  ----------------------------------------------  --------------------------------------
  fingers_width         = 0.0330 m                gripper_width_cm      = 3 cm
  dist_ee_to_cube       = 0.0240 m                distance_ee_object_cm = 0 cm
  dist_cube_to_target   = 0.4104 m  (3D)          distance_obj_goal_cm  = 38 cm  (XY)
  cube_position (z)     = 0.1682 m                object_lift_height_cm = 14 cm
  cube_position (xy)    = [-0.233, -0.001]        grasp_completed       = 1
  finger_contacts (raw) = 2                       finger_contacts       = 2
  x                                               grasp_attempts        = 2
  x                                               task_started          = 1
  x                                               object_available      = 1
  x                                               task_aborted          = 0
  episode                = 1                      x
  step                   = 33                     x
  ee_position            = [-0.2507, 0.0000, 0.1840]  x
  ee_velocity            = [0.1366, 0.0004, 0.5225]  x
  target_position        = [0.1500, 0.0000, 0.0200]  x
  reward                 = -0.4104                x
  is_success             = False                  x
  obstacle_in_path       = False                  x
  obstacle_count_in_path = 0                      x
  obstacles              = {}                     x
  objects                = {'object_1': {'type': 'box', 'size': [0.04, 0.04, 0.04], 'mass': 1.0, 'color': [0.1, 0.2, 0.9, 1.0], 'initial_position': [-0.25, 0.0, 0.02], 'lateral_friction': 0.13, 'spinning_friction': 0.001, 'current_position': [-0.2326633881671347, -0.0011865215299080927, 0.16818785723728225]}}  x
  scripts                = {'script_1': True, 'reach_only': True, 'left_right': True}  x
  target_goal            = {'type': 'goal_sequence', 'targets': [{'name': 'target', 'position': [0.15000000596046448, 0.0, 0.019999999552965164]}], 'mode': 'goal_sequence'}  x
  scene                  = {'table': {'length': 1.1, 'width': 0.7, 'height': 0.4, 'x_offset': -0.3, 'lateral_friction': 3.0, 'spinning_friction': 0.001}}  x
  robot_config           = {'control_type': 'ee', 'block_gripper': False, 'base_position': [-0.6, 0.0, 0.05]}  x
  current_task           = VACUUM_ASSIST          x
  current_subtask        = APPLY_VACUUM_ASSIST    x
  active_target_name     = target                 x
  action                 = [0.0000, 0.0000, 1.0000, -1.0000]  x
  joint_angles           = [-0.0001, -0.3493, 0.0001, -2.8566, -0.0000, 2.4989, 0.7854]  x
  joint_velocities       = [0.0001, -1.4513, -0.0001, 0.2511, 0.0070, -0.9300, -0.0001]  x
  cube_rotation          = [-0.0000, -0.1613, 0.0038]  x
  cube_linear_velocity   = [0.1485, -0.0043, 0.5365]  x
  obstacle_positions     = {}                     x
[step=  33 23:12:58.318][Analyzer] ASM node=transport_object  goal_status=not_applicable
[step=  33 23:12:58.320][DejaVu] {'status': 'ok', 'unanticipated': True, 'adaptation': {'candidate_name': 'Lift Slip â€” Low Friction Surface', 'do': 'apply_vacuum_assist()', 'score': 0.9298611111111111}}
[step=  34 23:12:59.460][Manager] ep=1 subtask=TRANSPORT_OBJECT reward=-0.3813
[step=  34 23:12:59.461][Perception]
  RAW PERCEPTION                                  MONITORED PARAMS
  ----------------------------------------------  --------------------------------------
  fingers_width         = 0.0354 m                gripper_width_cm      = 3 cm
  dist_ee_to_cube       = 0.0257 m                distance_ee_object_cm = 0 cm
  dist_cube_to_target   = 0.3813 m  (3D)          distance_obj_goal_cm  = 34 cm  (XY)
  cube_position (z)     = 0.1796 m                object_lift_height_cm = 15 cm
  cube_position (xy)    = [-0.196, -0.001]        grasp_completed       = 1
  finger_contacts (raw) = 2                       finger_contacts       = 2
  x                                               grasp_attempts        = 2
  x                                               task_started          = 1
  x                                               object_available      = 1
  x                                               task_aborted          = 0
  episode                = 1                      x
  step                   = 34                     x
  ee_position            = [-0.2160, 0.0000, 0.1960]  x
  ee_velocity            = [0.7788, -0.0002, -0.0793]  x
  target_position        = [0.1500, 0.0000, 0.0200]  x
  reward                 = -0.3813                x
  is_success             = False                  x
  obstacle_in_path       = False                  x
  obstacle_count_in_path = 0                      x
  obstacles              = {}                     x
  objects                = {'object_1': {'type': 'box', 'size': [0.04, 0.04, 0.04], 'mass': 1.0, 'color': [0.1, 0.2, 0.9, 1.0], 'initial_position': [-0.25, 0.0, 0.02], 'lateral_friction': 0.13, 'spinning_friction': 0.001, 'current_position': [-0.19630763521521255, -0.0013693305280886659, 0.1795679754370305]}}  x
  scripts                = {'script_1': True, 'reach_only': True, 'left_right': True}  x
  target_goal            = {'type': 'goal_sequence', 'targets': [{'name': 'target', 'position': [0.15000000596046448, 0.0, 0.019999999552965164]}], 'mode': 'goal_sequence'}  x
  scene                  = {'table': {'length': 1.1, 'width': 0.7, 'height': 0.4, 'x_offset': -0.3, 'lateral_friction': 3.0, 'spinning_friction': 0.001}}  x
  robot_config           = {'control_type': 'ee', 'block_gripper': False, 'base_position': [-0.6, 0.0, 0.05]}  x
  current_task           = OBJECT_DELIVERY_SEQUENCE  x
  current_subtask        = TRANSPORT_OBJECT       x
  active_target_name     = target                 x
  action                 = [1.0000, -0.0000, 0.0000, -1.0000]  x
  joint_angles           = [-0.0001, -0.2760, 0.0001, -2.7599, 0.0000, 2.5041, 0.7854]  x
  joint_velocities       = [0.0000, 2.7277, -0.0009, 2.4685, 0.0006, 0.0395, 0.0001]  x
  cube_rotation          = [0.0002, -0.1892, 0.0017]  x
  cube_linear_velocity   = [0.7785, -0.0041, -0.0816]  x
  obstacle_positions     = {}                     x
[step=  34 23:12:59.463][Analyzer] ASM node=transport_object  goal_status=not_applicable
[step=  34 23:12:59.465][DejaVu] {'status': 'ok', 'unanticipated': True, 'adaptation': {'candidate_name': 'Lift Slip â€” Low Friction Surface', 'do': 'apply_vacuum_assist()', 'score': 0.9298611111111111}}
[step=  35 23:13:00.595][Manager] ep=1 subtask=TRANSPORT_OBJECT reward=-0.3494
[step=  35 23:13:00.595][Perception]
  RAW PERCEPTION                                  MONITORED PARAMS
  ----------------------------------------------  --------------------------------------
  fingers_width         = 0.0363 m                gripper_width_cm      = 3 cm
  dist_ee_to_cube       = 0.0251 m                distance_ee_object_cm = 0 cm
  dist_cube_to_target   = 0.3494 m  (3D)          distance_obj_goal_cm  = 31 cm  (XY)
  cube_position (z)     = 0.1734 m                object_lift_height_cm = 15 cm
  cube_position (xy)    = [-0.164, -0.002]        grasp_completed       = 1
  finger_contacts (raw) = 2                       finger_contacts       = 2
  x                                               grasp_attempts        = 2
  x                                               task_started          = 1
  x                                               object_available      = 1
  x                                               task_aborted          = 0
  episode                = 1                      x
  step                   = 35                     x
  ee_position            = [-0.1823, -0.0000, 0.1904]  x
  ee_velocity            = [0.3330, 0.0000, -0.0944]  x
  target_position        = [0.1500, 0.0000, 0.0200]  x
  reward                 = -0.3494                x
  is_success             = False                  x
  obstacle_in_path       = False                  x
  obstacle_count_in_path = 0                      x
  obstacles              = {}                     x
  objects                = {'object_1': {'type': 'box', 'size': [0.04, 0.04, 0.04], 'mass': 1.0, 'color': [0.1, 0.2, 0.9, 1.0], 'initial_position': [-0.25, 0.0, 0.02], 'lateral_friction': 0.13, 'spinning_friction': 0.001, 'current_position': [-0.16395000737679244, -0.0015525700669608972, 0.17337856329826673]}}  x
  scripts                = {'script_1': True, 'reach_only': True, 'left_right': True}  x
  target_goal            = {'type': 'goal_sequence', 'targets': [{'name': 'target', 'position': [0.15000000596046448, 0.0, 0.019999999552965164]}], 'mode': 'goal_sequence'}  x
  scene                  = {'table': {'length': 1.1, 'width': 0.7, 'height': 0.4, 'x_offset': -0.3, 'lateral_friction': 3.0, 'spinning_friction': 0.001}}  x
  robot_config           = {'control_type': 'ee', 'block_gripper': False, 'base_position': [-0.6, 0.0, 0.05]}  x
  current_task           = OBJECT_DELIVERY_SEQUENCE  x
  current_subtask        = TRANSPORT_OBJECT       x
  active_target_name     = target                 x
  action                 = [0.9995, -0.0000, -0.0329, -1.0000]  x
  joint_angles           = [-0.0001, -0.1516, 0.0001, -2.6392, 0.0000, 2.4758, 0.7854]  x
  joint_velocities       = [-0.0000, 1.2888, 0.0001, 1.2045, -0.0000, -0.2175, 0.0000]  x
  cube_rotation          = [-0.0004, -0.1579, 0.0024]  x
  cube_linear_velocity   = [0.3285, -0.0046, -0.0996]  x
  obstacle_positions     = {}                     x
[step=  35 23:13:00.598][Analyzer] ASM node=transport_object  goal_status=not_applicable
[step=  35 23:13:00.600][DejaVu] {'status': 'ok', 'unanticipated': True, 'adaptation': {'candidate_name': 'Lift Slip â€” Low Friction Surface', 'do': 'apply_vacuum_assist()', 'score': 0.9298611111111111}}
[step=  36 23:13:01.767][Manager] ep=1 subtask=TRANSPORT_OBJECT reward=-0.3176
[step=  36 23:13:01.768][Perception]
  RAW PERCEPTION                                  MONITORED PARAMS
  ----------------------------------------------  --------------------------------------
  fingers_width         = 0.0366 m                gripper_width_cm      = 3 cm
  dist_ee_to_cube       = 0.0252 m                distance_ee_object_cm = 0 cm
  dist_cube_to_target   = 0.3176 m  (3D)          distance_obj_goal_cm  = 28 cm  (XY)
  cube_position (z)     = 0.1666 m                object_lift_height_cm = 14 cm
  cube_position (xy)    = [-0.132, -0.002]        grasp_completed       = 1
  finger_contacts (raw) = 2                       finger_contacts       = 2
  x                                               grasp_attempts        = 2
  x                                               task_started          = 1
  x                                               object_available      = 1
  x                                               task_aborted          = 0
  episode                = 1                      x
  step                   = 36                     x
  ee_position            = [-0.1502, -0.0000, 0.1838]  x
  ee_velocity            = [0.4446, -0.0005, -0.1051]  x
  target_position        = [0.1500, 0.0000, 0.0200]  x
  reward                 = -0.3176                x
  is_success             = False                  x
  obstacle_in_path       = False                  x
  obstacle_count_in_path = 0                      x
  obstacles              = {}                     x
  objects                = {'object_1': {'type': 'box', 'size': [0.04, 0.04, 0.04], 'mass': 1.0, 'color': [0.1, 0.2, 0.9, 1.0], 'initial_position': [-0.25, 0.0, 0.02], 'lateral_friction': 0.13, 'spinning_friction': 0.001, 'current_position': [-0.13176178500412797, -0.0017373883712885104, 0.16661454681629262]}}  x
  scripts                = {'script_1': True, 'reach_only': True, 'left_right': True}  x
  target_goal            = {'type': 'goal_sequence', 'targets': [{'name': 'target', 'position': [0.15000000596046448, 0.0, 0.019999999552965164]}], 'mode': 'goal_sequence'}  x
  scene                  = {'table': {'length': 1.1, 'width': 0.7, 'height': 0.4, 'x_offset': -0.3, 'lateral_friction': 3.0, 'spinning_friction': 0.001}}  x
  robot_config           = {'control_type': 'ee', 'block_gripper': False, 'base_position': [-0.6, 0.0, 0.05]}  x
  current_task           = OBJECT_DELIVERY_SEQUENCE  x
  current_subtask        = TRANSPORT_OBJECT       x
  active_target_name     = target                 x
  action                 = [0.9998, 0.0000, -0.0194, -1.0000]  x
  joint_angles           = [-0.0001, -0.0453, 0.0000, -2.5354, 0.0000, 2.4718, 0.7854]  x
  joint_velocities       = [0.0000, 1.4319, -0.0012, 1.4186, -0.0001, -0.0309, -0.0000]  x
  cube_rotation          = [-0.0004, -0.1524, 0.0023]  x
  cube_linear_velocity   = [0.4441, -0.0046, -0.1061]  x
  obstacle_positions     = {}                     x
[step=  36 23:13:01.770][Analyzer] ASM node=transport_object  goal_status=not_applicable
[step=  36 23:13:01.772][DejaVu] {'status': 'ok', 'unanticipated': True, 'adaptation': {'candidate_name': 'Lift Slip â€” Low Friction Surface', 'do': 'apply_vacuum_assist()', 'score': 0.9298611111111111}}
[step=  37 23:13:02.888][Manager] ep=1 subtask=TRANSPORT_OBJECT reward=-0.2855
[step=  37 23:13:02.889][Perception]
  RAW PERCEPTION                                  MONITORED PARAMS
  ----------------------------------------------  --------------------------------------
  fingers_width         = 0.0366 m                gripper_width_cm      = 3 cm
  dist_ee_to_cube       = 0.0252 m                distance_ee_object_cm = 0 cm
  dist_cube_to_target   = 0.2855 m  (3D)          distance_obj_goal_cm  = 24 cm  (XY)
  cube_position (z)     = 0.1597 m                object_lift_height_cm = 13 cm
  cube_position (xy)    = [-0.099, -0.002]        grasp_completed       = 1
  finger_contacts (raw) = 2                       finger_contacts       = 2
  x                                               grasp_attempts        = 2
  x                                               task_started          = 1
  x                                               object_available      = 1
  x                                               task_aborted          = 0
  episode                = 1                      x
  step                   = 37                     x
  ee_position            = [-0.1174, -0.0000, 0.1768]  x
  ee_velocity            = [0.4051, -0.0005, -0.1035]  x
  target_position        = [0.1500, 0.0000, 0.0200]  x
  reward                 = -0.2855                x
  is_success             = False                  x
  obstacle_in_path       = False                  x
  obstacle_count_in_path = 0                      x
  obstacles              = {}                     x
  objects                = {'object_1': {'type': 'box', 'size': [0.04, 0.04, 0.04], 'mass': 1.0, 'color': [0.1, 0.2, 0.9, 1.0], 'initial_position': [-0.25, 0.0, 0.02], 'lateral_friction': 0.13, 'spinning_friction': 0.001, 'current_position': [-0.09901302898764444, -0.0019219779499320112, 0.1596849055517397]}}  x
  scripts                = {'script_1': True, 'reach_only': True, 'left_right': True}  x
  target_goal            = {'type': 'goal_sequence', 'targets': [{'name': 'target', 'position': [0.15000000596046448, 0.0, 0.019999999552965164]}], 'mode': 'goal_sequence'}  x
  scene                  = {'table': {'length': 1.1, 'width': 0.7, 'height': 0.4, 'x_offset': -0.3, 'lateral_friction': 3.0, 'spinning_friction': 0.001}}  x
  robot_config           = {'control_type': 'ee', 'block_gripper': False, 'base_position': [-0.6, 0.0, 0.05]}  x
  current_task           = OBJECT_DELIVERY_SEQUENCE  x
  current_subtask        = TRANSPORT_OBJECT       x
  active_target_name     = target                 x
  action                 = [1.0000, 0.0001, 0.0007, -1.0000]  x
  joint_angles           = [-0.0001, 0.0548, 0.0000, -2.4300, -0.0000, 2.4658, 0.7854]  x
  joint_velocities       = [0.0000, 1.2401, -0.0010, 1.3026, -0.0001, -0.0459, -0.0001]  x
  cube_rotation          = [-0.0002, -0.1521, 0.0023]  x
  cube_linear_velocity   = [0.4055, -0.0046, -0.1034]  x
  obstacle_positions     = {}                     x
[step=  37 23:13:02.891][Analyzer] ASM node=transport_object  goal_status=not_applicable
[step=  37 23:13:02.893][DejaVu] {'status': 'ok', 'unanticipated': True, 'adaptation': {'candidate_name': 'Lift Slip â€” Low Friction Surface', 'do': 'apply_vacuum_assist()', 'score': 0.9298611111111111}}
[step=  38 23:13:04.036][Manager] ep=1 subtask=TRANSPORT_OBJECT reward=-0.2542
[step=  38 23:13:04.036][Perception]
  RAW PERCEPTION                                  MONITORED PARAMS
  ----------------------------------------------  --------------------------------------
  fingers_width         = 0.0367 m                gripper_width_cm      = 3 cm
  dist_ee_to_cube       = 0.0252 m                distance_ee_object_cm = 0 cm
  dist_cube_to_target   = 0.2542 m  (3D)          distance_obj_goal_cm  = 21 cm  (XY)
  cube_position (z)     = 0.1526 m                object_lift_height_cm = 13 cm
  cube_position (xy)    = [-0.067, -0.002]        grasp_completed       = 1
  finger_contacts (raw) = 2                       finger_contacts       = 2
  x                                               grasp_attempts        = 2
  x                                               task_started          = 1
  x                                               object_available      = 1
  x                                               task_aborted          = 0
  episode                = 1                      x
  step                   = 38                     x
  ee_position            = [-0.0853, -0.0000, 0.1698]  x
  ee_velocity            = [0.4056, -0.0005, -0.1090]  x
  target_position        = [0.1500, 0.0000, 0.0200]  x
  reward                 = -0.2542                x
  is_success             = False                  x
  obstacle_in_path       = False                  x
  obstacle_count_in_path = 0                      x
  obstacles              = {}                     x
  objects                = {'object_1': {'type': 'box', 'size': [0.04, 0.04, 0.04], 'mass': 1.0, 'color': [0.1, 0.2, 0.9, 1.0], 'initial_position': [-0.25, 0.0, 0.02], 'lateral_friction': 0.13, 'spinning_friction': 0.001, 'current_position': [-0.06689829433340021, -0.0021060113006525394, 0.15261793087987835]}}  x
  scripts                = {'script_1': True, 'reach_only': True, 'left_right': True}  x
  target_goal            = {'type': 'goal_sequence', 'targets': [{'name': 'target', 'position': [0.15000000596046448, 0.0, 0.019999999552965164]}], 'mode': 'goal_sequence'}  x
  scene                  = {'table': {'length': 1.1, 'width': 0.7, 'height': 0.4, 'x_offset': -0.3, 'lateral_friction': 3.0, 'spinning_friction': 0.001}}  x
  robot_config           = {'control_type': 'ee', 'block_gripper': False, 'base_position': [-0.6, 0.0, 0.05]}  x
  current_task           = OBJECT_DELIVERY_SEQUENCE  x
  current_subtask        = TRANSPORT_OBJECT       x
  active_target_name     = target                 x
  action                 = [0.9996, 0.0001, 0.0266, -1.0000]  x
  joint_angles           = [-0.0001, 0.1498, -0.0000, -2.3221, -0.0000, 2.4521, 0.7854]  x
  joint_velocities       = [0.0001, 1.2062, -0.0010, 1.3486, -0.0000, -0.1053, -0.0001]  x
  cube_rotation          = [-0.0001, -0.1515, 0.0022]  x
  cube_linear_velocity   = [0.4061, -0.0046, -0.1086]  x
  obstacle_positions     = {}                     x
[step=  38 23:13:04.039][Analyzer] ASM node=transport_object  goal_status=not_applicable
[step=  38 23:13:04.042][DejaVu] {'status': 'ok', 'unanticipated': True, 'adaptation': {'candidate_name': 'Lift Slip â€” Low Friction Surface', 'do': 'apply_vacuum_assist()', 'score': 0.9298611111111111}}
[step=  39 23:13:05.208][Manager] ep=1 subtask=TRANSPORT_OBJECT reward=-0.2240
[step=  39 23:13:05.208][Perception]
  RAW PERCEPTION                                  MONITORED PARAMS
  ----------------------------------------------  --------------------------------------
  fingers_width         = 0.0367 m                gripper_width_cm      = 3 cm
  dist_ee_to_cube       = 0.0252 m                distance_ee_object_cm = 0 cm
  dist_cube_to_target   = 0.2240 m  (3D)          distance_obj_goal_cm  = 18 cm  (XY)
  cube_position (z)     = 0.1456 m                object_lift_height_cm = 12 cm
  cube_position (xy)    = [-0.036, -0.002]        grasp_completed       = 1
  finger_contacts (raw) = 2                       finger_contacts       = 2
  x                                               grasp_attempts        = 2
  x                                               task_started          = 1
  x                                               object_available      = 1
  x                                               task_aborted          = 0
  episode                = 1                      x
  step                   = 39                     x
  ee_position            = [-0.0538, -0.0000, 0.1627]  x
  ee_velocity            = [0.3862, -0.0003, -0.1076]  x
  target_position        = [0.1500, 0.0000, 0.0200]  x
  reward                 = -0.2240                x
  is_success             = False                  x
  obstacle_in_path       = False                  x
  obstacle_count_in_path = 0                      x
  obstacles              = {}                     x
  objects                = {'object_1': {'type': 'box', 'size': [0.04, 0.04, 0.04], 'mass': 1.0, 'color': [0.1, 0.2, 0.9, 1.0], 'initial_position': [-0.25, 0.0, 0.02], 'lateral_friction': 0.13, 'spinning_friction': 0.001, 'current_position': [-0.035543836982304844, -0.0022894244620562014, 0.14556286287943268]}}  x
  scripts                = {'script_1': True, 'reach_only': True, 'left_right': True}  x
  target_goal            = {'type': 'goal_sequence', 'targets': [{'name': 'target', 'position': [0.15000000596046448, 0.0, 0.019999999552965164]}], 'mode': 'goal_sequence'}  x
  scene                  = {'table': {'length': 1.1, 'width': 0.7, 'height': 0.4, 'x_offset': -0.3, 'lateral_friction': 3.0, 'spinning_friction': 0.001}}  x
  robot_config           = {'control_type': 'ee', 'block_gripper': False, 'base_position': [-0.6, 0.0, 0.05]}  x
  current_task           = OBJECT_DELIVERY_SEQUENCE  x
  current_subtask        = TRANSPORT_OBJECT       x
  active_target_name     = target                 x
  action                 = [0.9982, 0.0002, 0.0601, -1.0000]  x
  joint_angles           = [-0.0001, 0.2409, -0.0000, -2.2114, -0.0000, 2.4314, 0.7853]  x
  joint_velocities       = [0.0001, 1.1313, -0.0006, 1.3399, 0.0000, -0.1597, -0.0001]  x
  cube_rotation          = [-0.0001, -0.1505, 0.0022]  x
  cube_linear_velocity   = [0.3870, -0.0046, -0.1070]  x
  obstacle_positions     = {}                     x
[step=  39 23:13:05.211][Analyzer] ASM node=transport_object  goal_status=not_applicable
[step=  39 23:13:05.213][DejaVu] {'status': 'ok', 'unanticipated': True, 'adaptation': {'candidate_name': 'Lift Slip â€” Low Friction Surface', 'do': 'apply_vacuum_assist()', 'score': 0.9298611111111111}}
[step=  40 23:13:06.344][Manager] ep=1 subtask=TRANSPORT_OBJECT reward=-0.1956
[step=  40 23:13:06.344][Perception]
  RAW PERCEPTION                                  MONITORED PARAMS
  ----------------------------------------------  --------------------------------------
  fingers_width         = 0.0367 m                gripper_width_cm      = 3 cm
  dist_ee_to_cube       = 0.0252 m                distance_ee_object_cm = 0 cm
  dist_cube_to_target   = 0.1956 m  (3D)          distance_obj_goal_cm  = 15 cm  (XY)
  cube_position (z)     = 0.1389 m                object_lift_height_cm = 11 cm
  cube_position (xy)    = [-0.005, -0.002]        grasp_completed       = 1
  finger_contacts (raw) = 2                       finger_contacts       = 2
  x                                               grasp_attempts        = 2
  x                                               task_started          = 1
  x                                               object_available      = 1
  x                                               task_aborted          = 0
  episode                = 1                      x
  step                   = 40                     x
  ee_position            = [-0.0235, -0.0000, 0.1561]  x
  ee_velocity            = [0.3674, -0.0002, -0.0994]  x
  target_position        = [0.1500, 0.0000, 0.0200]  x
  reward                 = -0.1956                x
  is_success             = False                  x
  obstacle_in_path       = False                  x
  obstacle_count_in_path = 0                      x
  obstacles              = {}                     x
  objects                = {'object_1': {'type': 'box', 'size': [0.04, 0.04, 0.04], 'mass': 1.0, 'color': [0.1, 0.2, 0.9, 1.0], 'initial_position': [-0.25, 0.0, 0.02], 'lateral_friction': 0.13, 'spinning_friction': 0.001, 'current_position': [-0.005280407415197525, -0.0024721730370045906, 0.1389056053465994]}}  x
  scripts                = {'script_1': True, 'reach_only': True, 'left_right': True}  x
  target_goal            = {'type': 'goal_sequence', 'targets': [{'name': 'target', 'position': [0.15000000596046448, 0.0, 0.019999999552965164]}], 'mode': 'goal_sequence'}  x
  scene                  = {'table': {'length': 1.1, 'width': 0.7, 'height': 0.4, 'x_offset': -0.3, 'lateral_friction': 3.0, 'spinning_friction': 0.001}}  x
  robot_config           = {'control_type': 'ee', 'block_gripper': False, 'base_position': [-0.6, 0.0, 0.05]}  x
  current_task           = OBJECT_DELIVERY_SEQUENCE  x
  current_subtask        = TRANSPORT_OBJECT       x
  active_target_name     = target                 x
  action                 = [0.9946, 0.0002, 0.1035, -1.0000]  x
  joint_angles           = [-0.0001, 0.3278, -0.0000, -2.0986, -0.0000, 2.4043, 0.7853]  x
  joint_velocities       = [0.0001, 1.0603, -0.0003, 1.3338, 0.0000, -0.2084, 0.0000]  x
  cube_rotation          = [-0.0001, -0.1494, 0.0022]  x
  cube_linear_velocity   = [0.3684, -0.0046, -0.0985]  x
  obstacle_positions     = {}                     x
[step=  40 23:13:06.347][Analyzer] ASM node=transport_object  goal_status=not_applicable
[step=  40 23:13:06.351][DejaVu] {'status': 'ok', 'unanticipated': True, 'adaptation': {'candidate_name': 'Lift Slip â€” Low Friction Surface', 'do': 'apply_vacuum_assist()', 'score': 0.9298611111111111}}
[step=  41 23:13:07.488][Manager] ep=1 subtask=TRANSPORT_OBJECT reward=-0.1698
[step=  41 23:13:07.488][Perception]
  RAW PERCEPTION                                  MONITORED PARAMS
  ----------------------------------------------  --------------------------------------
  fingers_width         = 0.0367 m                gripper_width_cm      = 3 cm
  dist_ee_to_cube       = 0.0251 m                distance_ee_object_cm = 0 cm
  dist_cube_to_target   = 0.1698 m  (3D)          distance_obj_goal_cm  = 12 cm  (XY)
  cube_position (z)     = 0.1335 m                object_lift_height_cm = 11 cm
  cube_position (xy)    = [0.024, -0.003]         grasp_completed       = 1
  finger_contacts (raw) = 2                       finger_contacts       = 2
  x                                               grasp_attempts        = 2
  x                                               task_started          = 1
  x                                               object_available      = 1
  x                                               task_aborted          = 0
  episode                = 1                      x
  step                   = 41                     x
  ee_position            = [0.0055, -0.0000, 0.1506]  x
  ee_velocity            = [0.3498, -0.0001, -0.0667]  x
  target_position        = [0.1500, 0.0000, 0.0200]  x
  reward                 = -0.1698                x
  is_success             = False                  x
  obstacle_in_path       = False                  x
  obstacle_count_in_path = 0                      x
  obstacles              = {}                     x
  objects                = {'object_1': {'type': 'box', 'size': [0.04, 0.04, 0.04], 'mass': 1.0, 'color': [0.1, 0.2, 0.9, 1.0], 'initial_position': [-0.25, 0.0, 0.02], 'lateral_friction': 0.13, 'spinning_friction': 0.001, 'current_position': [0.02368744292906837, -0.002654294154687164, 0.13346697604508945]}}  x
  scripts                = {'script_1': True, 'reach_only': True, 'left_right': True}  x
  target_goal            = {'type': 'goal_sequence', 'targets': [{'name': 'target', 'position': [0.15000000596046448, 0.0, 0.019999999552965164]}], 'mode': 'goal_sequence'}  x
  scene                  = {'table': {'length': 1.1, 'width': 0.7, 'height': 0.4, 'x_offset': -0.3, 'lateral_friction': 3.0, 'spinning_friction': 0.001}}  x
  robot_config           = {'control_type': 'ee', 'block_gripper': False, 'base_position': [-0.6, 0.0, 0.05]}  x
  current_task           = OBJECT_DELIVERY_SEQUENCE  x
  current_subtask        = TRANSPORT_OBJECT       x
  active_target_name     = target                 x
  action                 = [0.9874, 0.0002, 0.1585, -1.0000]  x
  joint_angles           = [-0.0000, 0.4096, -0.0000, -1.9846, -0.0000, 2.3714, 0.7854]  x
  joint_velocities       = [0.0001, 0.9526, -0.0002, 1.3144, 0.0000, -0.2526, 0.0001]  x
  cube_rotation          = [-0.0001, -0.1488, 0.0022]  x
  cube_linear_velocity   = [0.3514, -0.0045, -0.0649]  x
  obstacle_positions     = {}                     x
[step=  41 23:13:07.491][Analyzer] ASM node=transport_object  goal_status=not_applicable
[step=  41 23:13:07.493][DejaVu] {'status': 'ok', 'unanticipated': True, 'adaptation': {'candidate_name': 'Lift Slip â€” Low Friction Surface', 'do': 'apply_vacuum_assist()', 'score': 0.9298611111111111}}
[step=  42 23:13:08.635][Manager] ep=1 subtask=TRANSPORT_OBJECT reward=-0.1482
[step=  42 23:13:08.635][Perception]
  RAW PERCEPTION                                  MONITORED PARAMS
  ----------------------------------------------  --------------------------------------
  fingers_width         = 0.0367 m                gripper_width_cm      = 3 cm
  dist_ee_to_cube       = 0.0251 m                distance_ee_object_cm = 0 cm
  dist_cube_to_target   = 0.1482 m  (3D)          distance_obj_goal_cm  = 9 cm  (XY)
  cube_position (z)     = 0.1304 m                object_lift_height_cm = 11 cm
  cube_position (xy)    = [0.051, -0.003]         grasp_completed       = 1
  finger_contacts (raw) = 2                       finger_contacts       = 2
  x                                               grasp_attempts        = 2
  x                                               task_started          = 1
  x                                               object_available      = 1
  x                                               task_aborted          = 0
  episode                = 1                      x
  step                   = 42                     x
  ee_position            = [0.0330, -0.0000, 0.1474]  x
  ee_velocity            = [0.3342, -0.0000, -0.0088]  x
  target_position        = [0.1500, 0.0000, 0.0200]  x
  reward                 = -0.1482                x
  is_success             = False                  x
  obstacle_in_path       = False                  x
  obstacle_count_in_path = 0                      x
  obstacles              = {}                     x
  objects                = {'object_1': {'type': 'box', 'size': [0.04, 0.04, 0.04], 'mass': 1.0, 'color': [0.1, 0.2, 0.9, 1.0], 'initial_position': [-0.25, 0.0, 0.02], 'lateral_friction': 0.13, 'spinning_friction': 0.001, 'current_position': [0.05115299061293138, -0.002835840654574585, 0.13037042307968907]}}  x
  scripts                = {'script_1': True, 'reach_only': True, 'left_right': True}  x
  target_goal            = {'type': 'goal_sequence', 'targets': [{'name': 'target', 'position': [0.15000000596046448, 0.0, 0.019999999552965164]}], 'mode': 'goal_sequence'}  x
  scene                  = {'table': {'length': 1.1, 'width': 0.7, 'height': 0.4, 'x_offset': -0.3, 'lateral_friction': 3.0, 'spinning_friction': 0.001}}  x
  robot_config           = {'control_type': 'ee', 'block_gripper': False, 'base_position': [-0.6, 0.0, 0.05]}  x
  current_task           = OBJECT_DELIVERY_SEQUENCE  x
  current_subtask        = TRANSPORT_OBJECT       x
  active_target_name     = target                 x
  action                 = [0.9744, 0.0002, 0.2249, -1.0000]  x
  joint_angles           = [-0.0000, 0.4849, 0.0000, -1.8702, -0.0000, 2.3329, 0.7854]  x
  joint_velocities       = [0.0001, 0.8133, -0.0001, 1.2855, -0.0000, -0.2963, 0.0001]  x
  cube_rotation          = [-0.0001, -0.1493, 0.0022]  x
  cube_linear_velocity   = [0.3369, -0.0045, -0.0058]  x
  obstacle_positions     = {}                     x
[step=  42 23:13:08.637][Analyzer] ASM node=transport_object  goal_status=not_applicable
[step=  42 23:13:08.639][DejaVu] {'status': 'ok', 'unanticipated': True, 'adaptation': {'candidate_name': 'Lift Slip â€” Low Friction Surface', 'do': 'apply_vacuum_assist()', 'score': 0.9298611111111111}}
[step=  43 23:13:09.782][Manager] ep=1 subtask=TRANSPORT_OBJECT reward=-0.1322
[step=  43 23:13:09.782][Perception]
  RAW PERCEPTION                                  MONITORED PARAMS
  ----------------------------------------------  --------------------------------------
  fingers_width         = 0.0367 m                gripper_width_cm      = 3 cm
  dist_ee_to_cube       = 0.0250 m                distance_ee_object_cm = 0 cm
  dist_cube_to_target   = 0.1322 m  (3D)          distance_obj_goal_cm  = 7 cm  (XY)
  cube_position (z)     = 0.1301 m                object_lift_height_cm = 11 cm
  cube_position (xy)    = [0.077, -0.003]         grasp_completed       = 1
  finger_contacts (raw) = 2                       finger_contacts       = 2
  x                                               grasp_attempts        = 2
  x                                               task_started          = 1
  x                                               object_available      = 1
  x                                               task_aborted          = 0
  episode                = 1                      x
  step                   = 43                     x
  ee_position            = [0.0587, -0.0000, 0.1470]  x
  ee_velocity            = [0.3095, 0.0000, 0.0558]  x
  target_position        = [0.1500, 0.0000, 0.0200]  x
  reward                 = -0.1322                x
  is_success             = False                  x
  obstacle_in_path       = False                  x
  obstacle_count_in_path = 0                      x
  obstacles              = {}                     x
  objects                = {'object_1': {'type': 'box', 'size': [0.04, 0.04, 0.04], 'mass': 1.0, 'color': [0.1, 0.2, 0.9, 1.0], 'initial_position': [-0.25, 0.0, 0.02], 'lateral_friction': 0.13, 'spinning_friction': 0.001, 'current_position': [0.07680079528600427, -0.003016821226874655, 0.13010033268407983]}}  x
  scripts                = {'script_1': True, 'reach_only': True, 'left_right': True}  x
  target_goal            = {'type': 'goal_sequence', 'targets': [{'name': 'target', 'position': [0.15000000596046448, 0.0, 0.019999999552965164]}], 'mode': 'goal_sequence'}  x
  scene                  = {'table': {'length': 1.1, 'width': 0.7, 'height': 0.4, 'x_offset': -0.3, 'lateral_friction': 3.0, 'spinning_friction': 0.001}}  x
  robot_config           = {'control_type': 'ee', 'block_gripper': False, 'base_position': [-0.6, 0.0, 0.05]}  x
  current_task           = OBJECT_DELIVERY_SEQUENCE  x
  current_subtask        = TRANSPORT_OBJECT       x
  active_target_name     = target                 x
  action                 = [0.9545, 0.0002, 0.2983, -1.0000]  x
  joint_angles           = [-0.0000, 0.5535, 0.0000, -1.7560, -0.0000, 2.2885, 0.7854]  x
  joint_velocities       = [0.0001, 0.6597, -0.0000, 1.2281, -0.0000, -0.3415, 0.0001]  x
  cube_rotation          = [-0.0000, -0.1507, 0.0022]  x
  cube_linear_velocity   = [0.3131, -0.0045, 0.0597]  x
  obstacle_positions     = {}                     x
[step=  43 23:13:09.784][Analyzer] ASM node=transport_object  goal_status=not_applicable
[step=  43 23:13:09.786][DejaVu] {'status': 'ok', 'unanticipated': True, 'adaptation': {'candidate_name': 'Lift Slip â€” Low Friction Surface', 'do': 'apply_vacuum_assist()', 'score': 0.9298611111111111}}
[step=  44 23:13:10.928][Manager] ep=1 subtask=TRANSPORT_OBJECT reward=-0.1245
[step=  44 23:13:10.928][Perception]
  RAW PERCEPTION                                  MONITORED PARAMS
  ----------------------------------------------  --------------------------------------
  fingers_width         = 0.0367 m                gripper_width_cm      = 3 cm
  dist_ee_to_cube       = 0.0248 m                distance_ee_object_cm = 0 cm
  dist_cube_to_target   = 0.1245 m  (3D)          distance_obj_goal_cm  = 4 cm  (XY)
  cube_position (z)     = 0.1342 m                object_lift_height_cm = 11 cm
  cube_position (xy)    = [0.100, -0.003]         grasp_completed       = 1
  finger_contacts (raw) = 2                       finger_contacts       = 2
  x                                               grasp_attempts        = 2
  x                                               task_started          = 1
  x                                               object_available      = 1
  x                                               task_aborted          = 0
  episode                = 1                      x
  step                   = 44                     x
  ee_position            = [0.0823, -0.0000, 0.1508]  x
  ee_velocity            = [0.2992, 0.0000, 0.1647]  x
  target_position        = [0.1500, 0.0000, 0.0200]  x
  reward                 = -0.1245                x
  is_success             = False                  x
  obstacle_in_path       = False                  x
  obstacle_count_in_path = 0                      x
  obstacles              = {}                     x
  objects                = {'object_1': {'type': 'box', 'size': [0.04, 0.04, 0.04], 'mass': 1.0, 'color': [0.1, 0.2, 0.9, 1.0], 'initial_position': [-0.25, 0.0, 0.02], 'lateral_friction': 0.13, 'spinning_friction': 0.001, 'current_position': [0.10045330452340985, -0.0031973538475142268, 0.13418002099250612]}}  x
  scripts                = {'script_1': True, 'reach_only': True, 'left_right': True}  x
  target_goal            = {'type': 'goal_sequence', 'targets': [{'name': 'target', 'position': [0.15000000596046448, 0.0, 0.019999999552965164]}], 'mode': 'goal_sequence'}  x
  scene                  = {'table': {'length': 1.1, 'width': 0.7, 'height': 0.4, 'x_offset': -0.3, 'lateral_friction': 3.0, 'spinning_friction': 0.001}}  x
  robot_config           = {'control_type': 'ee', 'block_gripper': False, 'base_position': [-0.6, 0.0, 0.05]}  x
  current_task           = OBJECT_DELIVERY_SEQUENCE  x
  current_subtask        = TRANSPORT_OBJECT       x
  active_target_name     = target                 x
  action                 = [0.9269, 0.0001, 0.3753, -1.0000]  x
  joint_angles           = [-0.0000, 0.6129, 0.0000, -1.6437, -0.0000, 2.2388, 0.7854]  x
  joint_velocities       = [0.0001, 0.4627, -0.0000, 1.1830, -0.0000, -0.3820, 0.0001]  x
  cube_rotation          = [-0.0000, -0.1538, 0.0022]  x
  cube_linear_velocity   = [0.3046, -0.0045, 0.1706]  x
  obstacle_positions     = {}                     x
[step=  44 23:13:10.931][ASM] [PENDING] transport_object → place_object: condições satisfeitas, aguardando managing
[step=  44 23:13:10.931][Analyzer] ASM node=transport_object  goal_status=not_applicable
[step=  44 23:13:10.932][DejaVu] {'status': 'ok', 'unanticipated': True, 'adaptation': {'candidate_name': 'Lift Slip â€” Low Friction Surface', 'do': 'apply_vacuum_assist()', 'score': 0.9298611111111111}}
[step=  44 23:13:11.060][Manager] Pós-adaptação → transition para place_object
[step=  45 23:13:12.065][Manager] ep=1 subtask=PLACE_OBJECT reward=-0.1177
[step=  45 23:13:12.065][Perception]
  RAW PERCEPTION                                  MONITORED PARAMS
  ----------------------------------------------  --------------------------------------
  fingers_width         = 0.0367 m                gripper_width_cm      = 3 cm
  dist_ee_to_cube       = 0.0247 m                distance_ee_object_cm = 0 cm
  dist_cube_to_target   = 0.1177 m  (3D)          distance_obj_goal_cm  = 4 cm  (XY)
  cube_position (z)     = 0.1276 m                object_lift_height_cm = 10 cm
  cube_position (xy)    = [0.102, -0.003]         grasp_completed       = 1
  finger_contacts (raw) = 2                       finger_contacts       = 2
  x                                               grasp_attempts        = 2
  x                                               task_started          = 1
  x                                               object_available      = 1
  x                                               task_aborted          = 0
  episode                = 1                      x
  step                   = 45                     x
  ee_position            = [0.0845, -0.0000, 0.1444]  x
  ee_velocity            = [-0.0180, -0.0001, -0.0828]  x
  target_position        = [0.1500, 0.0000, 0.0200]  x
  reward                 = -0.1177                x
  is_success             = False                  x
  obstacle_in_path       = False                  x
  obstacle_count_in_path = 0                      x
  obstacles              = {}                     x
  objects                = {'object_1': {'type': 'box', 'size': [0.04, 0.04, 0.04], 'mass': 1.0, 'color': [0.1, 0.2, 0.9, 1.0], 'initial_position': [-0.25, 0.0, 0.02], 'lateral_friction': 0.13, 'spinning_friction': 0.001, 'current_position': [0.10234004721239033, -0.0033774084264781086, 0.127593888907979]}}  x
  scripts                = {'script_1': True, 'reach_only': True, 'left_right': True}  x
  target_goal            = {'type': 'goal_sequence', 'targets': [{'name': 'target', 'position': [0.15000000596046448, 0.0, 0.019999999552965164]}], 'mode': 'goal_sequence'}  x
  scene                  = {'table': {'length': 1.1, 'width': 0.7, 'height': 0.4, 'x_offset': -0.3, 'lateral_friction': 3.0, 'spinning_friction': 0.001}}  x
  robot_config           = {'control_type': 'ee', 'block_gripper': False, 'base_position': [-0.6, 0.0, 0.05]}  x
  current_task           = OBJECT_DELIVERY_SEQUENCE  x
  current_subtask        = PLACE_OBJECT           x
  active_target_name     = target                 x
  action                 = [0.0000, 0.0000, -0.1500, -1.0000]  x
  joint_angles           = [-0.0000, 0.6206, 0.0000, -1.6541, -0.0000, 2.2724, 0.7854]  x
  joint_velocities       = [0.0000, 0.0543, -0.0001, -0.1573, 0.0000, 0.2584, 0.0000]  x
  cube_rotation          = [-0.0000, -0.1694, 0.0022]  x
  cube_linear_velocity   = [-0.0173, -0.0045, -0.0820]  x
  obstacle_positions     = {}                     x
[step=  45 23:13:12.069][ASM] [PENDING] transport_object → place_object: aguardando managing (já validado)
[step=  45 23:13:12.069][ASM] [OK] transport_object → place_object  (type=domain)
[step=  45 23:13:12.069][Analyzer] ASM node=place_object  goal_status=ok  (scenario=PLACE_OBJECT)
[step=  45 23:13:12.072][DejaVu] {'status': 'ok', 'unanticipated': True, 'adaptation': {'candidate_name': 'Lift Slip â€” Low Friction Surface', 'do': 'apply_vacuum_assist()', 'score': 0.9298611111111111}}
[step=  46 23:13:13.235][Manager] ep=1 subtask=PLACE_OBJECT reward=-0.1115
[step=  46 23:13:13.236][Perception]
  RAW PERCEPTION                                  MONITORED PARAMS
  ----------------------------------------------  --------------------------------------
  fingers_width         = 0.0367 m                gripper_width_cm      = 3 cm
  dist_ee_to_cube       = 0.0247 m                distance_ee_object_cm = 0 cm
  dist_cube_to_target   = 0.1115 m  (3D)          distance_obj_goal_cm  = 4 cm  (XY)
  cube_position (z)     = 0.1208 m                object_lift_height_cm = 10 cm
  cube_position (xy)    = [0.102, -0.004]         grasp_completed       = 1
  finger_contacts (raw) = 2                       finger_contacts       = 2
  x                                               grasp_attempts        = 2
  x                                               task_started          = 1
  x                                               object_available      = 1
  x                                               task_aborted          = 0
  episode                = 1                      x
  step                   = 46                     x
  ee_position            = [0.0846, -0.0000, 0.1375]  x
  ee_velocity            = [0.0078, -0.0001, -0.0262]  x
  target_position        = [0.1500, 0.0000, 0.0200]  x
  reward                 = -0.1115                x
  is_success             = False                  x
  obstacle_in_path       = False                  x
  obstacle_count_in_path = 0                      x
  obstacles              = {}                     x
  objects                = {'object_1': {'type': 'box', 'size': [0.04, 0.04, 0.04], 'mass': 1.0, 'color': [0.1, 0.2, 0.9, 1.0], 'initial_position': [-0.25, 0.0, 0.02], 'lateral_friction': 0.13, 'spinning_friction': 0.001, 'current_position': [0.10249976709320142, -0.0035572501775793276, 0.12077798642952284]}}  x
  scripts                = {'script_1': True, 'reach_only': True, 'left_right': True}  x
  target_goal            = {'type': 'goal_sequence', 'targets': [{'name': 'target', 'position': [0.15000000596046448, 0.0, 0.019999999552965164]}], 'mode': 'goal_sequence'}  x
  scene                  = {'table': {'length': 1.1, 'width': 0.7, 'height': 0.4, 'x_offset': -0.3, 'lateral_friction': 3.0, 'spinning_friction': 0.001}}  x
  robot_config           = {'control_type': 'ee', 'block_gripper': False, 'base_position': [-0.6, 0.0, 0.05]}  x
  current_task           = OBJECT_DELIVERY_SEQUENCE  x
  current_subtask        = PLACE_OBJECT           x
  active_target_name     = target                 x
  action                 = [0.0000, 0.0000, -0.1500, -1.0000]  x
  joint_angles           = [-0.0000, 0.6312, 0.0000, -1.6560, -0.0000, 2.2862, 0.7854]  x
  joint_velocities       = [0.0001, 0.0417, -0.0003, -0.0161, 0.0004, 0.1056, 0.0002]  x
  cube_rotation          = [-0.0001, -0.1706, 0.0022]  x
  cube_linear_velocity   = [0.0085, -0.0045, -0.0255]  x
  obstacle_positions     = {}                     x
[step=  46 23:13:13.238][Analyzer] ASM node=place_object  goal_status=not_applicable
[step=  46 23:13:13.240][DejaVu] {'status': 'ok', 'unanticipated': True, 'adaptation': {'candidate_name': 'Lift Slip â€” Low Friction Surface', 'do': 'apply_vacuum_assist()', 'score': 0.9298611111111111}}
[step=  47 23:13:14.357][Manager] ep=1 subtask=PLACE_OBJECT reward=-0.1053
[step=  47 23:13:14.357][Perception]
  RAW PERCEPTION                                  MONITORED PARAMS
  ----------------------------------------------  --------------------------------------
  fingers_width         = 0.0367 m                gripper_width_cm      = 3 cm
  dist_ee_to_cube       = 0.0247 m                distance_ee_object_cm = 0 cm
  dist_cube_to_target   = 0.1053 m  (3D)          distance_obj_goal_cm  = 4 cm  (XY)
  cube_position (z)     = 0.1139 m                object_lift_height_cm = 9 cm
  cube_position (xy)    = [0.102, -0.004]         grasp_completed       = 1
  finger_contacts (raw) = 2                       finger_contacts       = 2
  x                                               grasp_attempts        = 2
  x                                               task_started          = 1
  x                                               object_available      = 1
  x                                               task_aborted          = 0
  episode                = 1                      x
  step                   = 47                     x
  ee_position            = [0.0846, 0.0000, 0.1306]  x
  ee_velocity            = [0.0037, -0.0001, -0.0389]  x
  target_position        = [0.1500, 0.0000, 0.0200]  x
  reward                 = -0.1053                x
  is_success             = False                  x
  obstacle_in_path       = False                  x
  obstacle_count_in_path = 0                      x
  obstacles              = {}                     x
  objects                = {'object_1': {'type': 'box', 'size': [0.04, 0.04, 0.04], 'mass': 1.0, 'color': [0.1, 0.2, 0.9, 1.0], 'initial_position': [-0.25, 0.0, 0.02], 'lateral_friction': 0.13, 'spinning_friction': 0.001, 'current_position': [0.1024925145367067, -0.00373686054685518, 0.11393147624749894]}}  x
  scripts                = {'script_1': True, 'reach_only': True, 'left_right': True}  x
  target_goal            = {'type': 'goal_sequence', 'targets': [{'name': 'target', 'position': [0.15000000596046448, 0.0, 0.019999999552965164]}], 'mode': 'goal_sequence'}  x
  scene                  = {'table': {'length': 1.1, 'width': 0.7, 'height': 0.4, 'x_offset': -0.3, 'lateral_friction': 3.0, 'spinning_friction': 0.001}}  x
  robot_config           = {'control_type': 'ee', 'block_gripper': False, 'base_position': [-0.6, 0.0, 0.05]}  x
  current_task           = OBJECT_DELIVERY_SEQUENCE  x
  current_subtask        = PLACE_OBJECT           x
  active_target_name     = target                 x
  action                 = [0.0000, 0.0000, -0.1500, -1.0000]  x
  joint_angles           = [-0.0000, 0.6420, 0.0000, -1.6572, -0.0000, 2.2986, 0.7854]  x
  joint_velocities       = [0.0000, 0.0633, -0.0001, -0.0090, -0.0000, 0.0950, 0.0000]  x
  cube_rotation          = [-0.0001, -0.1709, 0.0022]  x
  cube_linear_velocity   = [0.0040, -0.0045, -0.0385]  x
  obstacle_positions     = {}                     x
[step=  47 23:13:14.359][Analyzer] ASM node=place_object  goal_status=not_applicable
[step=  47 23:13:14.361][DejaVu] {'status': 'ok', 'unanticipated': True, 'adaptation': {'candidate_name': 'Lift Slip â€” Low Friction Surface', 'do': 'apply_vacuum_assist()', 'score': 0.9298611111111111}}
[step=  48 23:13:15.503][Manager] ep=1 subtask=PLACE_OBJECT reward=-0.0994
[step=  48 23:13:15.503][Perception]
  RAW PERCEPTION                                  MONITORED PARAMS
  ----------------------------------------------  --------------------------------------
  fingers_width         = 0.0367 m                gripper_width_cm      = 3 cm
  dist_ee_to_cube       = 0.0248 m                distance_ee_object_cm = 0 cm
  dist_cube_to_target   = 0.0994 m  (3D)          distance_obj_goal_cm  = 4 cm  (XY)
  cube_position (z)     = 0.1072 m                object_lift_height_cm = 8 cm
  cube_position (xy)    = [0.102, -0.004]         grasp_completed       = 1
  finger_contacts (raw) = 2                       finger_contacts       = 2
  x                                               grasp_attempts        = 2
  x                                               task_started          = 1
  x                                               object_available      = 1
  x                                               task_aborted          = 0
  episode                = 1                      x
  step                   = 48                     x
  ee_position            = [0.0846, 0.0000, 0.1239]  x
  ee_velocity            = [0.0040, -0.0001, -0.0351]  x
  target_position        = [0.1500, 0.0000, 0.0200]  x
  reward                 = -0.0994                x
  is_success             = False                  x
  obstacle_in_path       = False                  x
  obstacle_count_in_path = 0                      x
  obstacles              = {}                     x
  objects                = {'object_1': {'type': 'box', 'size': [0.04, 0.04, 0.04], 'mass': 1.0, 'color': [0.1, 0.2, 0.9, 1.0], 'initial_position': [-0.25, 0.0, 0.02], 'lateral_friction': 0.13, 'spinning_friction': 0.001, 'current_position': [0.10244940362904607, -0.003916200389071695, 0.10720046899273929]}}  x
  scripts                = {'script_1': True, 'reach_only': True, 'left_right': True}  x
  target_goal            = {'type': 'goal_sequence', 'targets': [{'name': 'target', 'position': [0.15000000596046448, 0.0, 0.019999999552965164]}], 'mode': 'goal_sequence'}  x
  scene                  = {'table': {'length': 1.1, 'width': 0.7, 'height': 0.4, 'x_offset': -0.3, 'lateral_friction': 3.0, 'spinning_friction': 0.001}}  x
  robot_config           = {'control_type': 'ee', 'block_gripper': False, 'base_position': [-0.6, 0.0, 0.05]}  x
  current_task           = OBJECT_DELIVERY_SEQUENCE  x
  current_subtask        = PLACE_OBJECT           x
  active_target_name     = target                 x
  action                 = [0.0000, 0.0000, -0.1500, -1.0000]  x
  joint_angles           = [-0.0000, 0.6529, 0.0000, -1.6579, -0.0000, 2.3103, 0.7854]  x
  joint_velocities       = [0.0001, 0.0586, -0.0003, -0.0067, 0.0003, 0.0896, 0.0002]  x
  cube_rotation          = [-0.0001, -0.1710, 0.0022]  x
  cube_linear_velocity   = [0.0043, -0.0045, -0.0348]  x
  obstacle_positions     = {}                     x
[step=  48 23:13:15.505][Analyzer] ASM node=place_object  goal_status=not_applicable
[step=  48 23:13:15.507][DejaVu] {'status': 'ok', 'unanticipated': True, 'adaptation': {'candidate_name': 'Lift Slip â€” Low Friction Surface', 'do': 'apply_vacuum_assist()', 'score': 0.9298611111111111}}
[step=  49 23:13:16.663][Manager] ep=1 subtask=PLACE_OBJECT reward=-0.0936
[step=  49 23:13:16.663][Perception]
  RAW PERCEPTION                                  MONITORED PARAMS
  ----------------------------------------------  --------------------------------------
  fingers_width         = 0.0367 m                gripper_width_cm      = 3 cm
  dist_ee_to_cube       = 0.0248 m                distance_ee_object_cm = 0 cm
  dist_cube_to_target   = 0.0936 m  (3D)          distance_obj_goal_cm  = 4 cm  (XY)
  cube_position (z)     = 0.1004 m                object_lift_height_cm = 8 cm
  cube_position (xy)    = [0.102, -0.004]         grasp_completed       = 1
  finger_contacts (raw) = 2                       finger_contacts       = 2
  x                                               grasp_attempts        = 2
  x                                               task_started          = 1
  x                                               object_available      = 1
  x                                               task_aborted          = 0
  episode                = 1                      x
  step                   = 49                     x
  ee_position            = [0.0845, 0.0000, 0.1171]  x
  ee_velocity            = [0.0039, -0.0001, -0.0361]  x
  target_position        = [0.1500, 0.0000, 0.0200]  x
  reward                 = -0.0936                x
  is_success             = False                  x
  obstacle_in_path       = False                  x
  obstacle_count_in_path = 0                      x
  obstacles              = {}                     x
  objects                = {'object_1': {'type': 'box', 'size': [0.04, 0.04, 0.04], 'mass': 1.0, 'color': [0.1, 0.2, 0.9, 1.0], 'initial_position': [-0.25, 0.0, 0.02], 'lateral_friction': 0.13, 'spinning_friction': 0.001, 'current_position': [0.10234558350592064, -0.004095283845871443, 0.10041919347994417]}}  x
  scripts                = {'script_1': True, 'reach_only': True, 'left_right': True}  x
  target_goal            = {'type': 'goal_sequence', 'targets': [{'name': 'target', 'position': [0.15000000596046448, 0.0, 0.019999999552965164]}], 'mode': 'goal_sequence'}  x
  scene                  = {'table': {'length': 1.1, 'width': 0.7, 'height': 0.4, 'x_offset': -0.3, 'lateral_friction': 3.0, 'spinning_friction': 0.001}}  x
  robot_config           = {'control_type': 'ee', 'block_gripper': False, 'base_position': [-0.6, 0.0, 0.05]}  x
  current_task           = OBJECT_DELIVERY_SEQUENCE  x
  current_subtask        = PLACE_OBJECT           x
  active_target_name     = target                 x
  action                 = [0.0000, 0.0000, -0.1500, -1.0000]  x
  joint_angles           = [-0.0000, 0.6640, 0.0000, -1.6584, -0.0000, 2.3219, 0.7854]  x
  joint_velocities       = [0.0000, 0.0620, -0.0001, -0.0035, 0.0000, 0.0886, 0.0001]  x
  cube_rotation          = [-0.0001, -0.1710, 0.0022]  x
  cube_linear_velocity   = [0.0043, -0.0045, -0.0357]  x
  obstacle_positions     = {}                     x
[step=  49 23:13:16.665][Analyzer] ASM node=place_object  goal_status=not_applicable
[step=  49 23:13:16.667][DejaVu] {'status': 'ok', 'unanticipated': True, 'adaptation': {'candidate_name': 'Lift Slip â€” Low Friction Surface', 'do': 'apply_vacuum_assist()', 'score': 0.9298611111111111}}
[step=  50 23:13:17.850][Manager] ep=1 subtask=PLACE_OBJECT reward=-0.0879
[step=  50 23:13:17.850][Perception]
  RAW PERCEPTION                                  MONITORED PARAMS
  ----------------------------------------------  --------------------------------------
  fingers_width         = 0.0367 m                gripper_width_cm      = 3 cm
  dist_ee_to_cube       = 0.0248 m                distance_ee_object_cm = 0 cm
  dist_cube_to_target   = 0.0879 m  (3D)          distance_obj_goal_cm  = 4 cm  (XY)
  cube_position (z)     = 0.0936 m                object_lift_height_cm = 7 cm
  cube_position (xy)    = [0.102, -0.004]         grasp_completed       = 1
  finger_contacts (raw) = 2                       finger_contacts       = 2
  x                                               grasp_attempts        = 2
  x                                               task_started          = 1
  x                                               object_available      = 1
  x                                               task_aborted          = 0
  episode                = 1                      x
  step                   = 50                     x
  ee_position            = [0.0843, 0.0000, 0.1103]  x
  ee_velocity            = [0.0035, -0.0000, -0.0372]  x
  target_position        = [0.1500, 0.0000, 0.0200]  x
  reward                 = -0.0879                x
  is_success             = False                  x
  obstacle_in_path       = False                  x
  obstacle_count_in_path = 0                      x
  obstacles              = {}                     x
  objects                = {'object_1': {'type': 'box', 'size': [0.04, 0.04, 0.04], 'mass': 1.0, 'color': [0.1, 0.2, 0.9, 1.0], 'initial_position': [-0.25, 0.0, 0.02], 'lateral_friction': 0.13, 'spinning_friction': 0.001, 'current_position': [0.10220594912578897, -0.004274116279188555, 0.09362265231189162]}}  x
  scripts                = {'script_1': True, 'reach_only': True, 'left_right': True}  x
  target_goal            = {'type': 'goal_sequence', 'targets': [{'name': 'target', 'position': [0.15000000596046448, 0.0, 0.019999999552965164]}], 'mode': 'goal_sequence'}  x
  scene                  = {'table': {'length': 1.1, 'width': 0.7, 'height': 0.4, 'x_offset': -0.3, 'lateral_friction': 3.0, 'spinning_friction': 0.001}}  x
  robot_config           = {'control_type': 'ee', 'block_gripper': False, 'base_position': [-0.6, 0.0, 0.05]}  x
  current_task           = OBJECT_DELIVERY_SEQUENCE  x
  current_subtask        = PLACE_OBJECT           x
  active_target_name     = target                 x
  action                 = [0.0000, 0.0000, -0.1500, -1.0000]  x
  joint_angles           = [-0.0000, 0.6753, 0.0000, -1.6586, -0.0000, 2.3333, 0.7854]  x
  joint_velocities       = [0.0000, 0.0644, -0.0001, -0.0020, -0.0000, 0.0882, 0.0001]  x
  cube_rotation          = [-0.0001, -0.1710, 0.0022]  x
  cube_linear_velocity   = [0.0039, -0.0045, -0.0368]  x
  obstacle_positions     = {}                     x
[step=  50 23:13:17.852][Analyzer] ASM node=place_object  goal_status=not_applicable
[step=  50 23:13:17.854][DejaVu] {'status': 'ok', 'unanticipated': True, 'adaptation': {'candidate_name': 'Lift Slip â€” Low Friction Surface', 'do': 'apply_vacuum_assist()', 'score': 0.9298611111111111}}
[step=  51 23:13:18.944][Manager] ep=1 subtask=PLACE_OBJECT reward=-0.0823
[step=  51 23:13:18.944][Perception]
  RAW PERCEPTION                                  MONITORED PARAMS
  ----------------------------------------------  --------------------------------------
  fingers_width         = 0.0367 m                gripper_width_cm      = 3 cm
  dist_ee_to_cube       = 0.0249 m                distance_ee_object_cm = 0 cm
  dist_cube_to_target   = 0.0823 m  (3D)          distance_obj_goal_cm  = 4 cm  (XY)
  cube_position (z)     = 0.0868 m                object_lift_height_cm = 6 cm
  cube_position (xy)    = [0.102, -0.004]         grasp_completed       = 1
  finger_contacts (raw) = 2                       finger_contacts       = 2
  x                                               grasp_attempts        = 2
  x                                               task_started          = 1
  x                                               object_available      = 1
  x                                               task_aborted          = 0
  episode                = 1                      x
  step                   = 51                     x
  ee_position            = [0.0842, 0.0000, 0.1035]  x
  ee_velocity            = [0.0029, -0.0000, -0.0391]  x
  target_position        = [0.1500, 0.0000, 0.0200]  x
  reward                 = -0.0823                x
  is_success             = False                  x
  obstacle_in_path       = False                  x
  obstacle_count_in_path = 0                      x
  obstacles              = {}                     x
  objects                = {'object_1': {'type': 'box', 'size': [0.04, 0.04, 0.04], 'mass': 1.0, 'color': [0.1, 0.2, 0.9, 1.0], 'initial_position': [-0.25, 0.0, 0.02], 'lateral_friction': 0.13, 'spinning_friction': 0.001, 'current_position': [0.10202868411207683, -0.004452706161512014, 0.08678436793726516]}}  x
  scripts                = {'script_1': True, 'reach_only': True, 'left_right': True}  x
  target_goal            = {'type': 'goal_sequence', 'targets': [{'name': 'target', 'position': [0.15000000596046448, 0.0, 0.019999999552965164]}], 'mode': 'goal_sequence'}  x
  scene                  = {'table': {'length': 1.1, 'width': 0.7, 'height': 0.4, 'x_offset': -0.3, 'lateral_friction': 3.0, 'spinning_friction': 0.001}}  x
  robot_config           = {'control_type': 'ee', 'block_gripper': False, 'base_position': [-0.6, 0.0, 0.05]}  x
  current_task           = OBJECT_DELIVERY_SEQUENCE  x
  current_subtask        = PLACE_OBJECT           x
  active_target_name     = target                 x
  action                 = [0.0000, 0.0000, -0.1500, -1.0000]  x
  joint_angles           = [-0.0000, 0.6867, 0.0000, -1.6587, -0.0000, 2.3448, 0.7854]  x
  joint_velocities       = [0.0000, 0.0682, -0.0001, -0.0003, -0.0000, 0.0879, 0.0001]  x
  cube_rotation          = [-0.0001, -0.1709, 0.0022]  x
  cube_linear_velocity   = [0.0032, -0.0045, -0.0387]  x
  obstacle_positions     = {}                     x
[step=  51 23:13:18.946][Analyzer] ASM node=place_object  goal_status=not_applicable
[step=  51 23:13:18.948][DejaVu] {'status': 'ok', 'unanticipated': True, 'adaptation': {'candidate_name': 'Lift Slip â€” Low Friction Surface', 'do': 'apply_vacuum_assist()', 'score': 0.9298611111111111}}
[step=  52 23:13:20.090][Manager] ep=1 subtask=PLACE_OBJECT reward=-0.0770
[step=  52 23:13:20.090][Perception]
  RAW PERCEPTION                                  MONITORED PARAMS
  ----------------------------------------------  --------------------------------------
  fingers_width         = 0.0367 m                gripper_width_cm      = 3 cm
  dist_ee_to_cube       = 0.0249 m                distance_ee_object_cm = 0 cm
  dist_cube_to_target   = 0.0770 m  (3D)          distance_obj_goal_cm  = 4 cm  (XY)
  cube_position (z)     = 0.0799 m                object_lift_height_cm = 5 cm
  cube_position (xy)    = [0.102, -0.005]         grasp_completed       = 1
  finger_contacts (raw) = 2                       finger_contacts       = 2
  x                                               grasp_attempts        = 2
  x                                               task_started          = 1
  x                                               object_available      = 1
  x                                               task_aborted          = 0
  episode                = 1                      x
  step                   = 52                     x
  ee_position            = [0.0840, 0.0000, 0.0966]  x
  ee_velocity            = [0.0022, -0.0000, -0.0409]  x
  target_position        = [0.1500, 0.0000, 0.0200]  x
  reward                 = -0.0770                x
  is_success             = False                  x
  obstacle_in_path       = False                  x
  obstacle_count_in_path = 0                      x
  obstacles              = {}                     x
  objects                = {'object_1': {'type': 'box', 'size': [0.04, 0.04, 0.04], 'mass': 1.0, 'color': [0.1, 0.2, 0.9, 1.0], 'initial_position': [-0.25, 0.0, 0.02], 'lateral_friction': 0.13, 'spinning_friction': 0.001, 'current_position': [0.10182035191463076, -0.0046310582327992525, 0.07990072219759246]}}  x
  scripts                = {'script_1': True, 'reach_only': True, 'left_right': True}  x
  target_goal            = {'type': 'goal_sequence', 'targets': [{'name': 'target', 'position': [0.15000000596046448, 0.0, 0.019999999552965164]}], 'mode': 'goal_sequence'}  x
  scene                  = {'table': {'length': 1.1, 'width': 0.7, 'height': 0.4, 'x_offset': -0.3, 'lateral_friction': 3.0, 'spinning_friction': 0.001}}  x
  robot_config           = {'control_type': 'ee', 'block_gripper': False, 'base_position': [-0.6, 0.0, 0.05]}  x
  current_task           = OBJECT_DELIVERY_SEQUENCE  x
  current_subtask        = PLACE_OBJECT           x
  active_target_name     = target                 x
  action                 = [0.0000, 0.0000, -0.1500, -1.0000]  x
  joint_angles           = [-0.0000, 0.6984, 0.0000, -1.6585, -0.0000, 2.3562, 0.7854]  x
  joint_velocities       = [0.0000, 0.0721, -0.0000, 0.0016, -0.0000, 0.0877, 0.0001]  x
  cube_rotation          = [-0.0001, -0.1709, 0.0022]  x
  cube_linear_velocity   = [0.0025, -0.0045, -0.0406]  x
  obstacle_positions     = {}                     x
[step=  52 23:13:20.093][Analyzer] ASM node=place_object  goal_status=not_applicable
[step=  52 23:13:20.095][DejaVu] {'status': 'ok', 'unanticipated': True, 'adaptation': {'candidate_name': 'Lift Slip â€” Low Friction Surface', 'do': 'apply_vacuum_assist()', 'score': 0.9298611111111111}}
[step=  53 23:13:21.263][Manager] ep=1 subtask=PLACE_OBJECT reward=-0.0720
[step=  53 23:13:21.263][Perception]
  RAW PERCEPTION                                  MONITORED PARAMS
  ----------------------------------------------  --------------------------------------
  fingers_width         = 0.0367 m                gripper_width_cm      = 3 cm
  dist_ee_to_cube       = 0.0249 m                distance_ee_object_cm = 0 cm
  dist_cube_to_target   = 0.0720 m  (3D)          distance_obj_goal_cm  = 4 cm  (XY)
  cube_position (z)     = 0.0730 m                object_lift_height_cm = 5 cm
  cube_position (xy)    = [0.102, -0.005]         grasp_completed       = 1
  finger_contacts (raw) = 2                       finger_contacts       = 2
  x                                               grasp_attempts        = 2
  x                                               task_started          = 1
  x                                               object_available      = 1
  x                                               task_aborted          = 0
  episode                = 1                      x
  step                   = 53                     x
  ee_position            = [0.0837, 0.0000, 0.0897]  x
  ee_velocity            = [0.0019, 0.0000, -0.0415]  x
  target_position        = [0.1500, 0.0000, 0.0200]  x
  reward                 = -0.0720                x
  is_success             = False                  x
  obstacle_in_path       = False                  x
  obstacle_count_in_path = 0                      x
  obstacles              = {}                     x
  objects                = {'object_1': {'type': 'box', 'size': [0.04, 0.04, 0.04], 'mass': 1.0, 'color': [0.1, 0.2, 0.9, 1.0], 'initial_position': [-0.25, 0.0, 0.02], 'lateral_friction': 0.13, 'spinning_friction': 0.001, 'current_position': [0.10158089128742219, -0.004809177236630666, 0.0730095870984058]}}  x
  scripts                = {'script_1': True, 'reach_only': True, 'left_right': True}  x
  target_goal            = {'type': 'goal_sequence', 'targets': [{'name': 'target', 'position': [0.15000000596046448, 0.0, 0.019999999552965164]}], 'mode': 'goal_sequence'}  x
  scene                  = {'table': {'length': 1.1, 'width': 0.7, 'height': 0.4, 'x_offset': -0.3, 'lateral_friction': 3.0, 'spinning_friction': 0.001}}  x
  robot_config           = {'control_type': 'ee', 'block_gripper': False, 'base_position': [-0.6, 0.0, 0.05]}  x
  current_task           = OBJECT_DELIVERY_SEQUENCE  x
  current_subtask        = PLACE_OBJECT           x
  active_target_name     = target                 x
  action                 = [0.0000, 0.0000, -0.1500, -1.0000]  x
  joint_angles           = [0.0000, 0.7102, 0.0000, -1.6580, -0.0000, 2.3675, 0.7855]  x
  joint_velocities       = [0.0000, 0.0740, -0.0000, 0.0033, -0.0000, 0.0872, 0.0001]  x
  cube_rotation          = [-0.0001, -0.1709, 0.0022]  x
  cube_linear_velocity   = [0.0022, -0.0044, -0.0412]  x
  obstacle_positions     = {}                     x
[step=  53 23:13:21.266][Analyzer] ASM node=place_object  goal_status=not_applicable
[step=  53 23:13:21.267][DejaVu] {'status': 'ok', 'unanticipated': True, 'adaptation': {'candidate_name': 'Lift Slip â€” Low Friction Surface', 'do': 'apply_vacuum_assist()', 'score': 0.9298611111111111}}
[step=  54 23:13:22.384][Manager] ep=1 subtask=PLACE_OBJECT reward=-0.0672
[step=  54 23:13:22.384][Perception]
  RAW PERCEPTION                                  MONITORED PARAMS
  ----------------------------------------------  --------------------------------------
  fingers_width         = 0.0367 m                gripper_width_cm      = 3 cm
  dist_ee_to_cube       = 0.0250 m                distance_ee_object_cm = 0 cm
  dist_cube_to_target   = 0.0672 m  (3D)          distance_obj_goal_cm  = 4 cm  (XY)
  cube_position (z)     = 0.0661 m                object_lift_height_cm = 4 cm
  cube_position (xy)    = [0.101, -0.005]         grasp_completed       = 1
  finger_contacts (raw) = 2                       finger_contacts       = 2
  x                                               grasp_attempts        = 2
  x                                               task_started          = 1
  x                                               object_available      = 1
  x                                               task_aborted          = 0
  episode                = 1                      x
  step                   = 54                     x
  ee_position            = [0.0834, 0.0000, 0.0828]  x
  ee_velocity            = [0.0014, 0.0000, -0.0427]  x
  target_position        = [0.1500, 0.0000, 0.0200]  x
  reward                 = -0.0672                x
  is_success             = False                  x
  obstacle_in_path       = False                  x
  obstacle_count_in_path = 0                      x
  obstacles              = {}                     x
  objects                = {'object_1': {'type': 'box', 'size': [0.04, 0.04, 0.04], 'mass': 1.0, 'color': [0.1, 0.2, 0.9, 1.0], 'initial_position': [-0.25, 0.0, 0.02], 'lateral_friction': 0.13, 'spinning_friction': 0.001, 'current_position': [0.10130544094672692, -0.004987068195692413, 0.066103089275688]}}  x
  scripts                = {'script_1': True, 'reach_only': True, 'left_right': True}  x
  target_goal            = {'type': 'goal_sequence', 'targets': [{'name': 'target', 'position': [0.15000000596046448, 0.0, 0.019999999552965164]}], 'mode': 'goal_sequence'}  x
  scene                  = {'table': {'length': 1.1, 'width': 0.7, 'height': 0.4, 'x_offset': -0.3, 'lateral_friction': 3.0, 'spinning_friction': 0.001}}  x
  robot_config           = {'control_type': 'ee', 'block_gripper': False, 'base_position': [-0.6, 0.0, 0.05]}  x
  current_task           = OBJECT_DELIVERY_SEQUENCE  x
  current_subtask        = PLACE_OBJECT           x
  active_target_name     = target                 x
  action                 = [0.0000, 0.0000, -0.1500, -1.0000]  x
  joint_angles           = [0.0000, 0.7221, 0.0000, -1.6574, -0.0000, 2.3788, 0.7855]  x
  joint_velocities       = [0.0000, 0.0767, -0.0000, 0.0051, -0.0000, 0.0866, 0.0001]  x
  cube_rotation          = [-0.0001, -0.1708, 0.0022]  x
  cube_linear_velocity   = [0.0016, -0.0044, -0.0424]  x
  obstacle_positions     = {}                     x
[step=  54 23:13:22.386][Analyzer] ASM node=place_object  goal_status=not_applicable
[step=  54 23:13:22.388][DejaVu] {'status': 'ok', 'unanticipated': True, 'adaptation': {'candidate_name': 'Lift Slip â€” Low Friction Surface', 'do': 'apply_vacuum_assist()', 'score': 0.9298611111111111}}
[step=  55 23:13:23.530][Manager] ep=1 subtask=PLACE_OBJECT reward=-0.0630
[step=  55 23:13:23.531][Perception]
  RAW PERCEPTION                                  MONITORED PARAMS
  ----------------------------------------------  --------------------------------------
  fingers_width         = 0.0367 m                gripper_width_cm      = 3 cm
  dist_ee_to_cube       = 0.0250 m                distance_ee_object_cm = 0 cm
  dist_cube_to_target   = 0.0630 m  (3D)          distance_obj_goal_cm  = 4 cm  (XY)
  cube_position (z)     = 0.0592 m                object_lift_height_cm = 3 cm
  cube_position (xy)    = [0.101, -0.005]         grasp_completed       = 1
  finger_contacts (raw) = 2                       finger_contacts       = 2
  x                                               grasp_attempts        = 2
  x                                               task_started          = 1
  x                                               object_available      = 1
  x                                               task_aborted          = 0
  episode                = 1                      x
  step                   = 55                     x
  ee_position            = [0.0831, 0.0000, 0.0759]  x
  ee_velocity            = [0.0009, 0.0000, -0.0436]  x
  target_position        = [0.1500, 0.0000, 0.0200]  x
  reward                 = -0.0630                x
  is_success             = False                  x
  obstacle_in_path       = False                  x
  obstacle_count_in_path = 0                      x
  obstacles              = {}                     x
  objects                = {'object_1': {'type': 'box', 'size': [0.04, 0.04, 0.04], 'mass': 1.0, 'color': [0.1, 0.2, 0.9, 1.0], 'initial_position': [-0.25, 0.0, 0.02], 'lateral_friction': 0.13, 'spinning_friction': 0.001, 'current_position': [0.10099586576366185, -0.00516473531341274, 0.059186597298890475]}}  x
  scripts                = {'script_1': True, 'reach_only': True, 'left_right': True}  x
  target_goal            = {'type': 'goal_sequence', 'targets': [{'name': 'target', 'position': [0.15000000596046448, 0.0, 0.019999999552965164]}], 'mode': 'goal_sequence'}  x
  scene                  = {'table': {'length': 1.1, 'width': 0.7, 'height': 0.4, 'x_offset': -0.3, 'lateral_friction': 3.0, 'spinning_friction': 0.001}}  x
  robot_config           = {'control_type': 'ee', 'block_gripper': False, 'base_position': [-0.6, 0.0, 0.05]}  x
  current_task           = OBJECT_DELIVERY_SEQUENCE  x
  current_subtask        = PLACE_OBJECT           x
  active_target_name     = target                 x
  action                 = [0.0000, 0.0000, -0.1500, -1.0000]  x
  joint_angles           = [0.0000, 0.7342, 0.0001, -1.6565, -0.0000, 2.3900, 0.7855]  x
  joint_velocities       = [0.0000, 0.0790, -0.0000, 0.0069, -0.0000, 0.0860, 0.0001]  x
  cube_rotation          = [-0.0001, -0.1708, 0.0022]  x
  cube_linear_velocity   = [0.0011, -0.0044, -0.0433]  x
  obstacle_positions     = {}                     x
[step=  55 23:13:23.533][Analyzer] ASM node=place_object  goal_status=not_applicable
[step=  55 23:13:23.535][DejaVu] {'status': 'ok', 'unanticipated': True, 'adaptation': {'candidate_name': 'Lift Slip â€” Low Friction Surface', 'do': 'apply_vacuum_assist()', 'score': 0.9298611111111111}}
[step=  56 23:13:24.703][Manager] ep=1 subtask=PLACE_OBJECT reward=-0.0592
[step=  56 23:13:24.704][Perception]
  RAW PERCEPTION                                  MONITORED PARAMS
  ----------------------------------------------  --------------------------------------
  fingers_width         = 0.0367 m                gripper_width_cm      = 3 cm
  dist_ee_to_cube       = 0.0250 m                distance_ee_object_cm = 0 cm
  dist_cube_to_target   = 0.0592 m  (3D)          distance_obj_goal_cm  = 4 cm  (XY)
  cube_position (z)     = 0.0523 m                object_lift_height_cm = 3 cm
  cube_position (xy)    = [0.101, -0.005]         grasp_completed       = 1
  finger_contacts (raw) = 2                       finger_contacts       = 2
  x                                               grasp_attempts        = 2
  x                                               task_started          = 1
  x                                               object_available      = 1
  x                                               task_aborted          = 0
  episode                = 1                      x
  step                   = 56                     x
  ee_position            = [0.0828, 0.0000, 0.0690]  x
  ee_velocity            = [0.0004, 0.0000, -0.0445]  x
  target_position        = [0.1500, 0.0000, 0.0200]  x
  reward                 = -0.0592                x
  is_success             = False                  x
  obstacle_in_path       = False                  x
  obstacle_count_in_path = 0                      x
  obstacles              = {}                     x
  objects                = {'object_1': {'type': 'box', 'size': [0.04, 0.04, 0.04], 'mass': 1.0, 'color': [0.1, 0.2, 0.9, 1.0], 'initial_position': [-0.25, 0.0, 0.02], 'lateral_friction': 0.13, 'spinning_friction': 0.001, 'current_position': [0.10065082745778539, -0.00534217447422039, 0.05225918020180941]}}  x
  scripts                = {'script_1': True, 'reach_only': True, 'left_right': True}  x
  target_goal            = {'type': 'goal_sequence', 'targets': [{'name': 'target', 'position': [0.15000000596046448, 0.0, 0.019999999552965164]}], 'mode': 'goal_sequence'}  x
  scene                  = {'table': {'length': 1.1, 'width': 0.7, 'height': 0.4, 'x_offset': -0.3, 'lateral_friction': 3.0, 'spinning_friction': 0.001}}  x
  robot_config           = {'control_type': 'ee', 'block_gripper': False, 'base_position': [-0.6, 0.0, 0.05]}  x
  current_task           = OBJECT_DELIVERY_SEQUENCE  x
  current_subtask        = PLACE_OBJECT           x
  active_target_name     = target                 x
  action                 = [0.0000, 0.0000, -0.1500, -1.0000]  x
  joint_angles           = [0.0000, 0.7465, 0.0001, -1.6553, -0.0000, 2.4011, 0.7855]  x
  joint_velocities       = [0.0000, 0.0813, -0.0000, 0.0087, -0.0000, 0.0853, 0.0001]  x
  cube_rotation          = [-0.0001, -0.1708, 0.0022]  x
  cube_linear_velocity   = [0.0006, -0.0044, -0.0443]  x
  obstacle_positions     = {}                     x
[step=  56 23:13:24.706][Analyzer] ASM node=place_object  goal_status=not_applicable
[step=  56 23:13:24.708][DejaVu] {'status': 'ok', 'unanticipated': True, 'adaptation': {'candidate_name': 'Lift Slip â€” Low Friction Surface', 'do': 'apply_vacuum_assist()', 'score': 0.9298611111111111}}
[step=  57 23:13:25.824][Manager] ep=1 subtask=PLACE_OBJECT reward=-0.0561
[step=  57 23:13:25.825][Perception]
  RAW PERCEPTION                                  MONITORED PARAMS
  ----------------------------------------------  --------------------------------------
  fingers_width         = 0.0367 m                gripper_width_cm      = 3 cm
  dist_ee_to_cube       = 0.0251 m                distance_ee_object_cm = 0 cm
  dist_cube_to_target   = 0.0561 m  (3D)          distance_obj_goal_cm  = 5 cm  (XY)
  cube_position (z)     = 0.0453 m                object_lift_height_cm = 2 cm
  cube_position (xy)    = [0.100, -0.006]         grasp_completed       = 1
  finger_contacts (raw) = 2                       finger_contacts       = 2
  x                                               grasp_attempts        = 2
  x                                               task_started          = 1
  x                                               object_available      = 1
  x                                               task_aborted          = 0
  episode                = 1                      x
  step                   = 57                     x
  ee_position            = [0.0824, 0.0001, 0.0620]  x
  ee_velocity            = [-0.0001, 0.0000, -0.0454]  x
  target_position        = [0.1500, 0.0000, 0.0200]  x
  reward                 = -0.0561                x
  is_success             = False                  x
  obstacle_in_path       = False                  x
  obstacle_count_in_path = 0                      x
  obstacles              = {}                     x
  objects                = {'object_1': {'type': 'box', 'size': [0.04, 0.04, 0.04], 'mass': 1.0, 'color': [0.1, 0.2, 0.9, 1.0], 'initial_position': [-0.25, 0.0, 0.02], 'lateral_friction': 0.13, 'spinning_friction': 0.001, 'current_position': [0.1002706380237671, -0.00551941234446442, 0.045323034176773316]}}  x
  scripts                = {'script_1': True, 'reach_only': True, 'left_right': True}  x
  target_goal            = {'type': 'goal_sequence', 'targets': [{'name': 'target', 'position': [0.15000000596046448, 0.0, 0.019999999552965164]}], 'mode': 'goal_sequence'}  x
  scene                  = {'table': {'length': 1.1, 'width': 0.7, 'height': 0.4, 'x_offset': -0.3, 'lateral_friction': 3.0, 'spinning_friction': 0.001}}  x
  robot_config           = {'control_type': 'ee', 'block_gripper': False, 'base_position': [-0.6, 0.0, 0.05]}  x
  current_task           = OBJECT_DELIVERY_SEQUENCE  x
  current_subtask        = PLACE_OBJECT           x
  active_target_name     = target                 x
  action                 = [0.0000, 0.0000, -0.1500, -1.0000]  x
  joint_angles           = [0.0000, 0.7588, 0.0001, -1.6540, -0.0001, 2.4121, 0.7855]  x
  joint_velocities       = [0.0000, 0.0836, -0.0000, 0.0104, -0.0000, 0.0846, 0.0001]  x
  cube_rotation          = [-0.0001, -0.1708, 0.0022]  x
  cube_linear_velocity   = [0.0001, -0.0044, -0.0452]  x
  obstacle_positions     = {}                     x
[step=  57 23:13:25.827][Analyzer] ASM node=place_object  goal_status=not_applicable
[step=  57 23:13:25.829][DejaVu] {'status': 'ok', 'unanticipated': True, 'adaptation': {'candidate_name': 'Lift Slip â€” Low Friction Surface', 'do': 'apply_vacuum_assist()', 'score': 0.9298611111111111}}
[step=  58 23:13:26.971][Manager] ep=1 subtask=PLACE_OBJECT reward=-0.0537
[step=  58 23:13:26.971][Perception]
  RAW PERCEPTION                                  MONITORED PARAMS
  ----------------------------------------------  --------------------------------------
  fingers_width         = 0.0367 m                gripper_width_cm      = 3 cm
  dist_ee_to_cube       = 0.0251 m                distance_ee_object_cm = 0 cm
  dist_cube_to_target   = 0.0537 m  (3D)          distance_obj_goal_cm  = 5 cm  (XY)
  cube_position (z)     = 0.0384 m                object_lift_height_cm = 1 cm
  cube_position (xy)    = [0.100, -0.006]         grasp_completed       = 1
  finger_contacts (raw) = 2                       finger_contacts       = 2
  x                                               grasp_attempts        = 2
  x                                               task_started          = 1
  x                                               object_available      = 1
  x                                               task_aborted          = 0
  episode                = 1                      x
  step                   = 58                     x
  ee_position            = [0.0820, 0.0001, 0.0551]  x
  ee_velocity            = [-0.0006, 0.0000, -0.0462]  x
  target_position        = [0.1500, 0.0000, 0.0200]  x
  reward                 = -0.0537                x
  is_success             = False                  x
  obstacle_in_path       = False                  x
  obstacle_count_in_path = 0                      x
  obstacles              = {}                     x
  objects                = {'object_1': {'type': 'box', 'size': [0.04, 0.04, 0.04], 'mass': 1.0, 'color': [0.1, 0.2, 0.9, 1.0], 'initial_position': [-0.25, 0.0, 0.02], 'lateral_friction': 0.13, 'spinning_friction': 0.001, 'current_position': [0.09985493558766377, -0.005696445881711323, 0.038379062981300886]}}  x
  scripts                = {'script_1': True, 'reach_only': True, 'left_right': True}  x
  target_goal            = {'type': 'goal_sequence', 'targets': [{'name': 'target', 'position': [0.15000000596046448, 0.0, 0.019999999552965164]}], 'mode': 'goal_sequence'}  x
  scene                  = {'table': {'length': 1.1, 'width': 0.7, 'height': 0.4, 'x_offset': -0.3, 'lateral_friction': 3.0, 'spinning_friction': 0.001}}  x
  robot_config           = {'control_type': 'ee', 'block_gripper': False, 'base_position': [-0.6, 0.0, 0.05]}  x
  current_task           = OBJECT_DELIVERY_SEQUENCE  x
  current_subtask        = PLACE_OBJECT           x
  active_target_name     = target                 x
  action                 = [0.0000, 0.0000, -0.1500, -1.0000]  x
  joint_angles           = [0.0000, 0.7714, 0.0001, -1.6524, -0.0001, 2.4230, 0.7855]  x
  joint_velocities       = [0.0000, 0.0858, -0.0000, 0.0122, -0.0000, 0.0839, 0.0001]  x
  cube_rotation          = [-0.0001, -0.1707, 0.0022]  x
  cube_linear_velocity   = [-0.0004, -0.0044, -0.0460]  x
  obstacle_positions     = {}                     x
[step=  58 23:13:26.973][Analyzer] ASM node=place_object  goal_status=not_applicable
[step=  58 23:13:26.976][DejaVu] {'status': 'ok', 'unanticipated': True, 'adaptation': {'candidate_name': 'Lift Slip â€” Low Friction Surface', 'do': 'apply_vacuum_assist()', 'score': 0.9298611111111111}}
[step=  59 23:13:28.118][Manager] ep=1 subtask=PLACE_OBJECT reward=-0.0522
[step=  59 23:13:28.118][Perception]
  RAW PERCEPTION                                  MONITORED PARAMS
  ----------------------------------------------  --------------------------------------
  fingers_width         = 0.0367 m                gripper_width_cm      = 3 cm
  dist_ee_to_cube       = 0.0252 m                distance_ee_object_cm = 0 cm
  dist_cube_to_target   = 0.0522 m  (3D)          distance_obj_goal_cm  = 5 cm  (XY)
  cube_position (z)     = 0.0314 m                object_lift_height_cm = 1 cm
  cube_position (xy)    = [0.099, -0.006]         grasp_completed       = 1
  finger_contacts (raw) = 2                       finger_contacts       = 2
  x                                               grasp_attempts        = 2
  x                                               task_started          = 1
  x                                               object_available      = 1
  x                                               task_aborted          = 0
  episode                = 1                      x
  step                   = 59                     x
  ee_position            = [0.0815, 0.0001, 0.0481]  x
  ee_velocity            = [-0.0011, 0.0000, -0.0470]  x
  target_position        = [0.1500, 0.0000, 0.0200]  x
  reward                 = -0.0522                x
  is_success             = False                  x
  obstacle_in_path       = False                  x
  obstacle_count_in_path = 0                      x
  obstacles              = {}                     x
  objects                = {'object_1': {'type': 'box', 'size': [0.04, 0.04, 0.04], 'mass': 1.0, 'color': [0.1, 0.2, 0.9, 1.0], 'initial_position': [-0.25, 0.0, 0.02], 'lateral_friction': 0.13, 'spinning_friction': 0.001, 'current_position': [0.09940362562611312, -0.005873265204126422, 0.03142867814995726]}}  x
  scripts                = {'script_1': True, 'reach_only': True, 'left_right': True}  x
  target_goal            = {'type': 'goal_sequence', 'targets': [{'name': 'target', 'position': [0.15000000596046448, 0.0, 0.019999999552965164]}], 'mode': 'goal_sequence'}  x
  scene                  = {'table': {'length': 1.1, 'width': 0.7, 'height': 0.4, 'x_offset': -0.3, 'lateral_friction': 3.0, 'spinning_friction': 0.001}}  x
  robot_config           = {'control_type': 'ee', 'block_gripper': False, 'base_position': [-0.6, 0.0, 0.05]}  x
  current_task           = OBJECT_DELIVERY_SEQUENCE  x
  current_subtask        = PLACE_OBJECT           x
  active_target_name     = target                 x
  action                 = [0.0000, 0.0000, -0.1500, -1.0000]  x
  joint_angles           = [0.0000, 0.7840, 0.0001, -1.6506, -0.0001, 2.4338, 0.7855]  x
  joint_velocities       = [0.0000, 0.0879, 0.0000, 0.0140, -0.0000, 0.0832, 0.0001]  x
  cube_rotation          = [-0.0001, -0.1707, 0.0022]  x
  cube_linear_velocity   = [-0.0010, -0.0044, -0.0468]  x
  obstacle_positions     = {}                     x
[step=  59 23:13:28.121][Analyzer] ASM node=place_object  goal_status=not_applicable
[step=  59 23:13:28.123][DejaVu] {'status': 'ok', 'unanticipated': True, 'adaptation': {'candidate_name': 'Lift Slip â€” Low Friction Surface', 'do': 'apply_vacuum_assist()', 'score': 0.9298611111111111}}
[step=  60 23:13:29.265][Manager] ep=1 subtask=PLACE_OBJECT reward=-0.0515
[step=  60 23:13:29.265][Perception]
  RAW PERCEPTION                                  MONITORED PARAMS
  ----------------------------------------------  --------------------------------------
  fingers_width         = 0.0367 m                gripper_width_cm      = 3 cm
  dist_ee_to_cube       = 0.0252 m                distance_ee_object_cm = 0 cm
  dist_cube_to_target   = 0.0515 m  (3D)          distance_obj_goal_cm  = 5 cm  (XY)
  cube_position (z)     = 0.0252 m                object_lift_height_cm = 0 cm
  cube_position (xy)    = [0.099, -0.006]         grasp_completed       = 1
  finger_contacts (raw) = 2                       finger_contacts       = 2
  x                                               grasp_attempts        = 2
  x                                               task_started          = 1
  x                                               object_available      = 1
  x                                               task_aborted          = 0
  episode                = 1                      x
  step                   = 60                     x
  ee_position            = [0.0812, 0.0001, 0.0419]  x
  ee_velocity            = [0.0024, 0.0000, -0.0352]  x
  target_position        = [0.1500, 0.0000, 0.0200]  x
  reward                 = -0.0515                x
  is_success             = False                  x
  obstacle_in_path       = False                  x
  obstacle_count_in_path = 0                      x
  obstacles              = {}                     x
  objects                = {'object_1': {'type': 'box', 'size': [0.04, 0.04, 0.04], 'mass': 1.0, 'color': [0.1, 0.2, 0.9, 1.0], 'initial_position': [-0.25, 0.0, 0.02], 'lateral_friction': 0.13, 'spinning_friction': 0.001, 'current_position': [0.0990781301090895, -0.006049870865153328, 0.02519486277986687]}}  x
  scripts                = {'script_1': True, 'reach_only': True, 'left_right': True}  x
  target_goal            = {'type': 'goal_sequence', 'targets': [{'name': 'target', 'position': [0.15000000596046448, 0.0, 0.019999999552965164]}], 'mode': 'goal_sequence'}  x
  scene                  = {'table': {'length': 1.1, 'width': 0.7, 'height': 0.4, 'x_offset': -0.3, 'lateral_friction': 3.0, 'spinning_friction': 0.001}}  x
  robot_config           = {'control_type': 'ee', 'block_gripper': False, 'base_position': [-0.6, 0.0, 0.05]}  x
  current_task           = OBJECT_DELIVERY_SEQUENCE  x
  current_subtask        = PLACE_OBJECT           x
  active_target_name     = target                 x
  action                 = [0.0000, 0.0000, -0.1407, -1.0000]  x
  joint_angles           = [0.0000, 0.7956, 0.0001, -1.6487, -0.0001, 2.4439, 0.7855]  x
  joint_velocities       = [0.0001, 0.0697, -0.0001, 0.0139, 0.0002, 0.0773, 0.0002]  x
  cube_rotation          = [-0.0001, -0.1711, 0.0022]  x
  cube_linear_velocity   = [0.0027, -0.0044, -0.0348]  x
  obstacle_positions     = {}                     x
[step=  60 23:13:29.267][Analyzer] ASM node=place_object  goal_status=not_applicable
[step=  60 23:13:29.269][DejaVu] {'status': 'ok', 'unanticipated': True, 'adaptation': {'candidate_name': 'Lift Slip â€” Low Friction Surface', 'do': 'apply_vacuum_assist()', 'score': 0.9298611111111111}}
[step=  61 23:13:30.411][Manager] ep=1 subtask=PLACE_OBJECT reward=-0.0514
[step=  61 23:13:30.412][Perception]
  RAW PERCEPTION                                  MONITORED PARAMS
  ----------------------------------------------  --------------------------------------
  fingers_width         = 0.0342 m                gripper_width_cm      = 3 cm
  dist_ee_to_cube       = 0.0238 m                distance_ee_object_cm = 0 cm
  dist_cube_to_target   = 0.0514 m  (3D)          distance_obj_goal_cm  = 5 cm  (XY)
  cube_position (z)     = 0.0231 m                object_lift_height_cm = 0 cm
  cube_position (xy)    = [0.099, -0.006]         grasp_completed       = 1
  finger_contacts (raw) = 2                       finger_contacts       = 2
  x                                               grasp_attempts        = 2
  x                                               task_started          = 1
  x                                               object_available      = 1
  x                                               task_aborted          = 0
  episode                = 1                      x
  step                   = 61                     x
  ee_position            = [0.0811, 0.0001, 0.0373]  x
  ee_velocity            = [-0.0017, 0.0001, -0.0394]  x
  target_position        = [0.1500, 0.0000, 0.0200]  x
  reward                 = -0.0514                x
  is_success             = False                  x
  obstacle_in_path       = False                  x
  obstacle_count_in_path = 0                      x
  obstacles              = {}                     x
  objects                = {'object_1': {'type': 'box', 'size': [0.04, 0.04, 0.04], 'mass': 1.0, 'color': [0.1, 0.2, 0.9, 1.0], 'initial_position': [-0.25, 0.0, 0.02], 'lateral_friction': 0.13, 'spinning_friction': 0.001, 'current_position': [0.09909311875472696, -0.00607135041623106, 0.023128265893892594]}}  x
  scripts                = {'script_1': True, 'reach_only': True, 'left_right': True}  x
  target_goal            = {'type': 'goal_sequence', 'targets': [{'name': 'target', 'position': [0.15000000596046448, 0.0, 0.019999999552965164]}], 'mode': 'goal_sequence'}  x
  scene                  = {'table': {'length': 1.1, 'width': 0.7, 'height': 0.4, 'x_offset': -0.3, 'lateral_friction': 3.0, 'spinning_friction': 0.001}}  x
  robot_config           = {'control_type': 'ee', 'block_gripper': False, 'base_position': [-0.6, 0.0, 0.05]}  x
  current_task           = OBJECT_DELIVERY_SEQUENCE  x
  current_subtask        = PLACE_OBJECT           x
  active_target_name     = target                 x
  action                 = [0.0000, 0.0000, -0.1094, -1.0000]  x
  joint_angles           = [0.0000, 0.8043, 0.0001, -1.6469, -0.0001, 2.4515, 0.7855]  x
  joint_velocities       = [-0.0002, 0.0753, 0.0005, 0.0162, -0.0017, 0.0622, -0.0030]  x
  cube_rotation          = [-0.0001, -0.1733, 0.0036]  x
  cube_linear_velocity   = [-0.0027, 0.0001, 0.0023]  x
  obstacle_positions     = {}                     x
[step=  61 23:13:30.414][Analyzer] ASM node=place_object  goal_status=not_applicable
[step=  61 23:13:30.415][DejaVu] {'status': 'ok', 'unanticipated': True, 'adaptation': {'candidate_name': 'Lift Slip â€” Low Friction Surface', 'do': 'apply_vacuum_assist()', 'score': 0.9298611111111111}}
[step=  62 23:13:31.571][Manager] ep=1 subtask=PLACE_OBJECT reward=-0.0514
[step=  62 23:13:31.572][Perception]
  RAW PERCEPTION                                  MONITORED PARAMS
  ----------------------------------------------  --------------------------------------
  fingers_width         = 0.0335 m                gripper_width_cm      = 3 cm
  dist_ee_to_cube       = 0.0219 m                distance_ee_object_cm = 0 cm
  dist_cube_to_target   = 0.0514 m  (3D)          distance_obj_goal_cm  = 5 cm  (XY)
  cube_position (z)     = 0.0231 m                object_lift_height_cm = 0 cm
  cube_position (xy)    = [0.099, -0.006]         grasp_completed       = 1
  finger_contacts (raw) = 2                       finger_contacts       = 2
  x                                               grasp_attempts        = 2
  x                                               task_started          = 1
  x                                               object_available      = 1
  x                                               task_aborted          = 0
  episode                = 1                      x
  step                   = 62                     x
  ee_position            = [0.0809, 0.0001, 0.0338]  x
  ee_velocity            = [-0.0037, 0.0001, -0.0345]  x
  target_position        = [0.1500, 0.0000, 0.0200]  x
  reward                 = -0.0514                x
  is_success             = False                  x
  obstacle_in_path       = False                  x
  obstacle_count_in_path = 0                      x
  obstacles              = {}                     x
  objects                = {'object_1': {'type': 'box', 'size': [0.04, 0.04, 0.04], 'mass': 1.0, 'color': [0.1, 0.2, 0.9, 1.0], 'initial_position': [-0.25, 0.0, 0.02], 'lateral_friction': 0.13, 'spinning_friction': 0.001, 'current_position': [0.0990826521036071, -0.006063218281487894, 0.02310731994390523]}}  x
  scripts                = {'script_1': True, 'reach_only': True, 'left_right': True}  x
  target_goal            = {'type': 'goal_sequence', 'targets': [{'name': 'target', 'position': [0.15000000596046448, 0.0, 0.019999999552965164]}], 'mode': 'goal_sequence'}  x
  scene                  = {'table': {'length': 1.1, 'width': 0.7, 'height': 0.4, 'x_offset': -0.3, 'lateral_friction': 3.0, 'spinning_friction': 0.001}}  x
  robot_config           = {'control_type': 'ee', 'block_gripper': False, 'base_position': [-0.6, 0.0, 0.05]}  x
  current_task           = OBJECT_DELIVERY_SEQUENCE  x
  current_subtask        = PLACE_OBJECT           x
  active_target_name     = target                 x
  action                 = [0.0000, 0.0000, -0.0866, -1.0000]  x
  joint_angles           = [0.0000, 0.8112, 0.0001, -1.6452, -0.0001, 2.4567, 0.7855]  x
  joint_velocities       = [-0.0001, 0.0647, 0.0003, 0.0148, -0.0005, 0.0418, 0.0015]  x
  cube_rotation          = [-0.0000, -0.1713, 0.0039]  x
  cube_linear_velocity   = [-0.0022, 0.0000, 0.0008]  x
  obstacle_positions     = {}                     x
[step=  62 23:13:31.575][Analyzer] ASM node=place_object  goal_status=not_applicable
[step=  62 23:13:31.577][DejaVu] {'status': 'ok', 'unanticipated': True, 'adaptation': {'candidate_name': 'Lift Slip â€” Low Friction Surface', 'do': 'apply_vacuum_assist()', 'score': 0.9298611111111111}}
[step=  63 23:13:32.705][Manager] ep=1 subtask=PLACE_OBJECT reward=-0.0514
[step=  63 23:13:32.705][Perception]
  RAW PERCEPTION                                  MONITORED PARAMS
  ----------------------------------------------  --------------------------------------
  fingers_width         = 0.0319 m                gripper_width_cm      = 3 cm
  dist_ee_to_cube       = 0.0208 m                distance_ee_object_cm = 0 cm
  dist_cube_to_target   = 0.0514 m  (3D)          distance_obj_goal_cm  = 5 cm  (XY)
  cube_position (z)     = 0.0231 m                object_lift_height_cm = 0 cm
  cube_position (xy)    = [0.099, -0.006]         grasp_completed       = 1
  finger_contacts (raw) = 2                       finger_contacts       = 2
  x                                               grasp_attempts        = 2
  x                                               task_started          = 1
  x                                               object_available      = 1
  x                                               task_aborted          = 0
  episode                = 1                      x
  step                   = 63                     x
  ee_position            = [0.0808, 0.0001, 0.0310]  x
  ee_velocity            = [-0.0020, 0.0001, -0.0258]  x
  target_position        = [0.1500, 0.0000, 0.0200]  x
  reward                 = -0.0514                x
  is_success             = False                  x
  obstacle_in_path       = False                  x
  obstacle_count_in_path = 0                      x
  obstacles              = {}                     x
  objects                = {'object_1': {'type': 'box', 'size': [0.04, 0.04, 0.04], 'mass': 1.0, 'color': [0.1, 0.2, 0.9, 1.0], 'initial_position': [-0.25, 0.0, 0.02], 'lateral_friction': 0.13, 'spinning_friction': 0.001, 'current_position': [0.0990542102497401, -0.006062682688188346, 0.02312078262592726]}}  x
  scripts                = {'script_1': True, 'reach_only': True, 'left_right': True}  x
  target_goal            = {'type': 'goal_sequence', 'targets': [{'name': 'target', 'position': [0.15000000596046448, 0.0, 0.019999999552965164]}], 'mode': 'goal_sequence'}  x
  scene                  = {'table': {'length': 1.1, 'width': 0.7, 'height': 0.4, 'x_offset': -0.3, 'lateral_friction': 3.0, 'spinning_friction': 0.001}}  x
  robot_config           = {'control_type': 'ee', 'block_gripper': False, 'base_position': [-0.6, 0.0, 0.05]}  x
  current_task           = OBJECT_DELIVERY_SEQUENCE  x
  current_subtask        = PLACE_OBJECT           x
  active_target_name     = target                 x
  action                 = [0.0000, 0.0000, -0.0689, -1.0000]  x
  joint_angles           = [0.0000, 0.8167, 0.0001, -1.6436, -0.0001, 2.4607, 0.7855]  x
  joint_velocities       = [-0.0001, 0.0499, 0.0004, 0.0135, -0.0016, 0.0327, -0.0042]  x
  cube_rotation          = [0.0000, -0.1722, 0.0028]  x
  cube_linear_velocity   = [-0.0026, -0.0005, 0.0010]  x
  obstacle_positions     = {}                     x
[step=  63 23:13:32.707][Analyzer] ASM node=place_object  goal_status=not_applicable
[step=  63 23:13:32.709][DejaVu] {'status': 'ok', 'unanticipated': True, 'adaptation': {'candidate_name': 'Lift Slip â€” Low Friction Surface', 'do': 'apply_vacuum_assist()', 'score': 0.9298611111111111}}
[step=  64 23:13:33.878][Manager] ep=1 subtask=PLACE_OBJECT reward=-0.0514
[step=  64 23:13:33.878][Perception]
  RAW PERCEPTION                                  MONITORED PARAMS
  ----------------------------------------------  --------------------------------------
  fingers_width         = 0.0327 m                gripper_width_cm      = 3 cm
  dist_ee_to_cube       = 0.0201 m                distance_ee_object_cm = 0 cm
  dist_cube_to_target   = 0.0514 m  (3D)          distance_obj_goal_cm  = 5 cm  (XY)
  cube_position (z)     = 0.0231 m                object_lift_height_cm = 0 cm
  cube_position (xy)    = [0.099, -0.006]         grasp_completed       = 1
  finger_contacts (raw) = 2                       finger_contacts       = 2
  x                                               grasp_attempts        = 2
  x                                               task_started          = 1
  x                                               object_available      = 1
  x                                               task_aborted          = 0
  episode                = 1                      x
  step                   = 64                     x
  ee_position            = [0.0807, 0.0001, 0.0287]  x
  ee_velocity            = [-0.0011, -0.0001, -0.0196]  x
  target_position        = [0.1500, 0.0000, 0.0200]  x
  reward                 = -0.0514                x
  is_success             = False                  x
  obstacle_in_path       = False                  x
  obstacle_count_in_path = 0                      x
  obstacles              = {}                     x
  objects                = {'object_1': {'type': 'box', 'size': [0.04, 0.04, 0.04], 'mass': 1.0, 'color': [0.1, 0.2, 0.9, 1.0], 'initial_position': [-0.25, 0.0, 0.02], 'lateral_friction': 0.13, 'spinning_friction': 0.001, 'current_position': [0.09900278291025841, -0.0060359567476095406, 0.023135377714518946]}}  x
  scripts                = {'script_1': True, 'reach_only': True, 'left_right': True}  x
  target_goal            = {'type': 'goal_sequence', 'targets': [{'name': 'target', 'position': [0.15000000596046448, 0.0, 0.019999999552965164]}], 'mode': 'goal_sequence'}  x
  scene                  = {'table': {'length': 1.1, 'width': 0.7, 'height': 0.4, 'x_offset': -0.3, 'lateral_friction': 3.0, 'spinning_friction': 0.001}}  x
  robot_config           = {'control_type': 'ee', 'block_gripper': False, 'base_position': [-0.6, 0.0, 0.05]}  x
  current_task           = OBJECT_DELIVERY_SEQUENCE  x
  current_subtask        = PLACE_OBJECT           x
  active_target_name     = target                 x
  action                 = [0.0000, 0.0000, -0.0548, -1.0000]  x
  joint_angles           = [0.0001, 0.8212, 0.0001, -1.6423, -0.0002, 2.4638, 0.7856]  x
  joint_velocities       = [-0.0000, 0.0386, 0.0000, 0.0113, -0.0006, 0.0258, -0.0002]  x
  cube_rotation          = [0.0000, -0.1731, 0.0028]  x
  cube_linear_velocity   = [-0.0026, 0.0008, 0.0014]  x
  obstacle_positions     = {}                     x
[step=  64 23:13:33.880][Analyzer] ASM node=place_object  goal_status=not_applicable
[step=  64 23:13:33.882][DejaVu] {'status': 'ok', 'unanticipated': True, 'adaptation': {'candidate_name': 'Lift Slip â€” Low Friction Surface', 'do': 'apply_vacuum_assist()', 'score': 0.9298611111111111}}
[step=  65 23:13:34.999][Manager] ep=1 subtask=PLACE_OBJECT reward=-0.0515
[step=  65 23:13:34.999][Perception]
  RAW PERCEPTION                                  MONITORED PARAMS
  ----------------------------------------------  --------------------------------------
  fingers_width         = 0.0331 m                gripper_width_cm      = 3 cm
  dist_ee_to_cube       = 0.0196 m                distance_ee_object_cm = 0 cm
  dist_cube_to_target   = 0.0515 m  (3D)          distance_obj_goal_cm  = 5 cm  (XY)
  cube_position (z)     = 0.0232 m                object_lift_height_cm = 0 cm
  cube_position (xy)    = [0.099, -0.006]         grasp_completed       = 1
  finger_contacts (raw) = 2                       finger_contacts       = 2
  x                                               grasp_attempts        = 2
  x                                               task_started          = 1
  x                                               object_available      = 1
  x                                               task_aborted          = 0
  episode                = 1                      x
  step                   = 65                     x
  ee_position            = [0.0807, 0.0001, 0.0269]  x
  ee_velocity            = [-0.0007, -0.0000, -0.0150]  x
  target_position        = [0.1500, 0.0000, 0.0200]  x
  reward                 = -0.0515                x
  is_success             = False                  x
  obstacle_in_path       = False                  x
  obstacle_count_in_path = 0                      x
  obstacles              = {}                     x
  objects                = {'object_1': {'type': 'box', 'size': [0.04, 0.04, 0.04], 'mass': 1.0, 'color': [0.1, 0.2, 0.9, 1.0], 'initial_position': [-0.25, 0.0, 0.02], 'lateral_friction': 0.13, 'spinning_friction': 0.001, 'current_position': [0.09894335282155187, -0.006012118333284632, 0.02315521072539963]}}  x
  scripts                = {'script_1': True, 'reach_only': True, 'left_right': True}  x
  target_goal            = {'type': 'goal_sequence', 'targets': [{'name': 'target', 'position': [0.15000000596046448, 0.0, 0.019999999552965164]}], 'mode': 'goal_sequence'}  x
  scene                  = {'table': {'length': 1.1, 'width': 0.7, 'height': 0.4, 'x_offset': -0.3, 'lateral_friction': 3.0, 'spinning_friction': 0.001}}  x
  robot_config           = {'control_type': 'ee', 'block_gripper': False, 'base_position': [-0.6, 0.0, 0.05]}  x
  current_task           = OBJECT_DELIVERY_SEQUENCE  x
  current_subtask        = PLACE_OBJECT           x
  active_target_name     = target                 x
  action                 = [0.0000, 0.0000, -0.0435, -1.0000]  x
  joint_angles           = [0.0001, 0.8248, 0.0001, -1.6412, -0.0002, 2.4662, 0.7856]  x
  joint_velocities       = [-0.0000, 0.0300, 0.0001, 0.0094, -0.0008, 0.0197, -0.0018]  x
  cube_rotation          = [0.0001, -0.1744, 0.0023]  x
  cube_linear_velocity   = [-0.0021, 0.0006, 0.0009]  x
  obstacle_positions     = {}                     x
[step=  65 23:13:35.001][Analyzer] ASM node=place_object  goal_status=not_applicable
[step=  65 23:13:35.003][DejaVu] {'status': 'ok', 'unanticipated': True, 'adaptation': {'candidate_name': 'Lift Slip â€” Low Friction Surface', 'do': 'apply_vacuum_assist()', 'score': 0.9298611111111111}}
[step=  66 23:13:36.185][Manager] ep=1 subtask=PLACE_OBJECT reward=-0.0516
[step=  66 23:13:36.185][Perception]
  RAW PERCEPTION                                  MONITORED PARAMS
  ----------------------------------------------  --------------------------------------
  fingers_width         = 0.0348 m                gripper_width_cm      = 3 cm
  dist_ee_to_cube       = 0.0194 m                distance_ee_object_cm = 0 cm
  dist_cube_to_target   = 0.0516 m  (3D)          distance_obj_goal_cm  = 5 cm  (XY)
  cube_position (z)     = 0.0232 m                object_lift_height_cm = 0 cm
  cube_position (xy)    = [0.099, -0.006]         grasp_completed       = 1
  finger_contacts (raw) = 2                       finger_contacts       = 2
  x                                               grasp_attempts        = 2
  x                                               task_started          = 1
  x                                               object_available      = 1
  x                                               task_aborted          = 0
  episode                = 1                      x
  step                   = 66                     x
  ee_position            = [0.0806, 0.0001, 0.0255]  x
  ee_velocity            = [-0.0004, -0.0001, -0.0114]  x
  target_position        = [0.1500, 0.0000, 0.0200]  x
  reward                 = -0.0516                x
  is_success             = False                  x
  obstacle_in_path       = False                  x
  obstacle_count_in_path = 0                      x
  obstacles              = {}                     x
  objects                = {'object_1': {'type': 'box', 'size': [0.04, 0.04, 0.04], 'mass': 1.0, 'color': [0.1, 0.2, 0.9, 1.0], 'initial_position': [-0.25, 0.0, 0.02], 'lateral_friction': 0.13, 'spinning_friction': 0.001, 'current_position': [0.09887281249825845, -0.005981295927888818, 0.02318963380861267]}}  x
  scripts                = {'script_1': True, 'reach_only': True, 'left_right': True}  x
  target_goal            = {'type': 'goal_sequence', 'targets': [{'name': 'target', 'position': [0.15000000596046448, 0.0, 0.019999999552965164]}], 'mode': 'goal_sequence'}  x
  scene                  = {'table': {'length': 1.1, 'width': 0.7, 'height': 0.4, 'x_offset': -0.3, 'lateral_friction': 3.0, 'spinning_friction': 0.001}}  x
  robot_config           = {'control_type': 'ee', 'block_gripper': False, 'base_position': [-0.6, 0.0, 0.05]}  x
  current_task           = OBJECT_DELIVERY_SEQUENCE  x
  current_subtask        = PLACE_OBJECT           x
  active_target_name     = target                 x
  action                 = [0.0000, 0.0000, -0.0346, -1.0000]  x
  joint_angles           = [0.0001, 0.8276, 0.0001, -1.6402, -0.0002, 2.4681, 0.7856]  x
  joint_velocities       = [-0.0001, 0.0235, -0.0001, 0.0086, -0.0008, 0.0133, -0.0024]  x
  cube_rotation          = [0.0000, -0.1765, 0.0034]  x
  cube_linear_velocity   = [-0.0013, 0.0001, -0.0000]  x
  obstacle_positions     = {}                     x
[step=  66 23:13:36.187][Analyzer] ASM node=place_object  goal_status=not_applicable
[step=  66 23:13:36.189][DejaVu] {'status': 'ok', 'unanticipated': True, 'adaptation': {'candidate_name': 'Lift Slip â€” Low Friction Surface', 'do': 'apply_vacuum_assist()', 'score': 0.9298611111111111}}
[step=  67 23:13:37.292][Manager] ep=1 subtask=PLACE_OBJECT reward=-0.0517
[step=  67 23:13:37.293][Perception]
  RAW PERCEPTION                                  MONITORED PARAMS
  ----------------------------------------------  --------------------------------------
  fingers_width         = 0.0349 m                gripper_width_cm      = 3 cm
  dist_ee_to_cube       = 0.0192 m                distance_ee_object_cm = 0 cm
  dist_cube_to_target   = 0.0517 m  (3D)          distance_obj_goal_cm  = 5 cm  (XY)
  cube_position (z)     = 0.0232 m                object_lift_height_cm = 0 cm
  cube_position (xy)    = [0.099, -0.006]         grasp_completed       = 1
  finger_contacts (raw) = 2                       finger_contacts       = 2
  x                                               grasp_attempts        = 2
  x                                               task_started          = 1
  x                                               object_available      = 1
  x                                               task_aborted          = 0
  episode                = 1                      x
  step                   = 67                     x
  ee_position            = [0.0806, 0.0001, 0.0244]  x
  ee_velocity            = [-0.0003, -0.0000, -0.0089]  x
  target_position        = [0.1500, 0.0000, 0.0200]  x
  reward                 = -0.0517                x
  is_success             = False                  x
  obstacle_in_path       = False                  x
  obstacle_count_in_path = 0                      x
  obstacles              = {}                     x
  objects                = {'object_1': {'type': 'box', 'size': [0.04, 0.04, 0.04], 'mass': 1.0, 'color': [0.1, 0.2, 0.9, 1.0], 'initial_position': [-0.25, 0.0, 0.02], 'lateral_friction': 0.13, 'spinning_friction': 0.001, 'current_position': [0.09878580621752207, -0.005959756438635955, 0.023224244165876373]}}  x
  scripts                = {'script_1': True, 'reach_only': True, 'left_right': True}  x
  target_goal            = {'type': 'goal_sequence', 'targets': [{'name': 'target', 'position': [0.15000000596046448, 0.0, 0.019999999552965164]}], 'mode': 'goal_sequence'}  x
  scene                  = {'table': {'length': 1.1, 'width': 0.7, 'height': 0.4, 'x_offset': -0.3, 'lateral_friction': 3.0, 'spinning_friction': 0.001}}  x
  robot_config           = {'control_type': 'ee', 'block_gripper': False, 'base_position': [-0.6, 0.0, 0.05]}  x
  current_task           = OBJECT_DELIVERY_SEQUENCE  x
  current_subtask        = PLACE_OBJECT           x
  active_target_name     = target                 x
  action                 = [0.0000, 0.0000, -0.0275, -1.0000]  x
  joint_angles           = [0.0001, 0.8299, 0.0002, -1.6395, -0.0002, 2.4696, 0.7856]  x
  joint_velocities       = [-0.0000, 0.0183, 0.0001, 0.0069, -0.0007, 0.0103, -0.0019]  x
  cube_rotation          = [0.0001, -0.1787, 0.0019]  x
  cube_linear_velocity   = [-0.0015, 0.0005, 0.0003]  x
  obstacle_positions     = {}                     x
[step=  67 23:13:37.295][Analyzer] ASM node=place_object  goal_status=not_applicable
[step=  67 23:13:37.296][DejaVu] {'status': 'ok', 'unanticipated': True, 'adaptation': {'candidate_name': 'Lift Slip â€” Low Friction Surface', 'do': 'apply_vacuum_assist()', 'score': 0.9298611111111111}}
[step=  68 23:13:38.439][Manager] ep=1 subtask=PLACE_OBJECT reward=-0.0495
[step=  68 23:13:38.439][Perception]
  RAW PERCEPTION                                  MONITORED PARAMS
  ----------------------------------------------  --------------------------------------
  fingers_width         = 0.0745 m                gripper_width_cm      = 7 cm
  dist_ee_to_cube       = 0.0215 m                distance_ee_object_cm = 0 cm
  dist_cube_to_target   = 0.0495 m  (3D)          distance_obj_goal_cm  = 4 cm  (XY)
  cube_position (z)     = 0.0204 m                object_lift_height_cm = 0 cm
  cube_position (xy)    = [0.101, -0.006]         grasp_completed       = 1
  finger_contacts (raw) = 0                       finger_contacts       = 0
  x                                               grasp_attempts        = 2
  x                                               task_started          = 1
  x                                               object_available      = 1
  x                                               task_aborted          = 0
  episode                = 1                      x
  step                   = 68                     x
  ee_position            = [0.0805, 0.0001, 0.0243]  x
  ee_velocity            = [-0.0004, -0.0001, -0.0004]  x
  target_position        = [0.1500, 0.0000, 0.0200]  x
  reward                 = -0.0495                x
  is_success             = False                  x
  obstacle_in_path       = False                  x
  obstacle_count_in_path = 0                      x
  obstacles              = {}                     x
  objects                = {'object_1': {'type': 'box', 'size': [0.04, 0.04, 0.04], 'mass': 1.0, 'color': [0.1, 0.2, 0.9, 1.0], 'initial_position': [-0.25, 0.0, 0.02], 'lateral_friction': 0.13, 'spinning_friction': 0.001, 'current_position': [0.1008472324405518, -0.00595148369547307, 0.020443104648466676]}}  x
  scripts                = {'script_1': True, 'reach_only': True, 'left_right': True}  x
  target_goal            = {'type': 'goal_sequence', 'targets': [{'name': 'target', 'position': [0.15000000596046448, 0.0, 0.019999999552965164]}], 'mode': 'goal_sequence'}  x
  scene                  = {'table': {'length': 1.1, 'width': 0.7, 'height': 0.4, 'x_offset': -0.3, 'lateral_friction': 3.0, 'spinning_friction': 0.001}}  x
  robot_config           = {'control_type': 'ee', 'block_gripper': False, 'base_position': [-0.6, 0.0, 0.05]}  x
  current_task           = OBJECT_DELIVERY_SEQUENCE  x
  current_subtask        = PLACE_OBJECT           x
  active_target_name     = target                 x
  action                 = [0.0000, 0.0000, 0.0000, 1.0000]  x
  joint_angles           = [0.0000, 0.8299, 0.0001, -1.6395, -0.0002, 2.4695, 0.7856]  x
  joint_velocities       = [-0.0002, 0.0002, -0.0000, -0.0003, 0.0002, -0.0009, 0.0004]  x
  cube_rotation          = [0.0000, -0.0228, 0.0019]  x
  cube_linear_velocity   = [0.0939, 0.0002, -0.1470]  x
  obstacle_positions     = {}                     x
[step=  68 23:13:38.441][ASM] [DONE] PLACE_OBJECT → __end__
[step=  68 23:13:38.442][Analyzer] ASM node=__end__  goal_status=not_applicable
[step=  68 23:13:38.444][DejaVu] {'status': 'ok', 'unanticipated': True, 'adaptation': {'candidate_name': 'Lift Slip â€” Low Friction Surface', 'do': 'apply_vacuum_assist()', 'score': 0.9298611111111111}}
[step=  69 23:13:39.586][Manager] ep=1 subtask=PLACE_OBJECT reward=-0.0491
[step=  69 23:13:39.587][Perception]
  RAW PERCEPTION                                  MONITORED PARAMS
  ----------------------------------------------  --------------------------------------
  fingers_width         = 0.0793 m                gripper_width_cm      = 7 cm
  dist_ee_to_cube       = 0.0220 m                distance_ee_object_cm = 0 cm
  dist_cube_to_target   = 0.0491 m  (3D)          distance_obj_goal_cm  = 4 cm  (XY)
  cube_position (z)     = 0.0199 m                object_lift_height_cm = 0 cm
  cube_position (xy)    = [0.101, -0.006]         grasp_completed       = 0
  finger_contacts (raw) = 0                       finger_contacts       = 0
  x                                               grasp_attempts        = 2
  x                                               task_started          = 1
  x                                               object_available      = 1
  x                                               task_aborted          = 0
  episode                = 1                      x
  step                   = 69                     x
  ee_position            = [0.0805, 0.0001, 0.0243]  x
  ee_velocity            = [-0.0002, -0.0001, -0.0001]  x
  target_position        = [0.1500, 0.0000, 0.0200]  x
  reward                 = -0.0491                x
  is_success             = False                  x
  obstacle_in_path       = False                  x
  obstacle_count_in_path = 0                      x
  obstacles              = {}                     x
  objects                = {'object_1': {'type': 'box', 'size': [0.04, 0.04, 0.04], 'mass': 1.0, 'color': [0.1, 0.2, 0.9, 1.0], 'initial_position': [-0.25, 0.0, 0.02], 'lateral_friction': 0.13, 'spinning_friction': 0.001, 'current_position': [0.10125787209243228, -0.005950489051174609, 0.019945883969931657]}}  x
  scripts                = {'script_1': True, 'reach_only': True, 'left_right': True}  x
  target_goal            = {'type': 'goal_sequence', 'targets': [{'name': 'target', 'position': [0.15000000596046448, 0.0, 0.019999999552965164]}], 'mode': 'goal_sequence'}  x
  scene                  = {'table': {'length': 1.1, 'width': 0.7, 'height': 0.4, 'x_offset': -0.3, 'lateral_friction': 3.0, 'spinning_friction': 0.001}}  x
  robot_config           = {'control_type': 'ee', 'block_gripper': False, 'base_position': [-0.6, 0.0, 0.05]}  x
  current_task           = OBJECT_DELIVERY_SEQUENCE  x
  current_subtask        = PLACE_OBJECT           x
  active_target_name     = target                 x
  action                 = [0.0000, 0.0000, 0.0000, 1.0000]  x
  joint_angles           = [0.0000, 0.8299, 0.0001, -1.6395, -0.0002, 2.4695, 0.7857]  x
  joint_velocities       = [-0.0001, 0.0001, -0.0000, -0.0001, 0.0000, -0.0004, 0.0001]  x
  cube_rotation          = [-0.0000, 0.0022, 0.0019]  x
  cube_linear_velocity   = [-0.0019, -0.0000, 0.0019]  x
  obstacle_positions     = {}                     x
[step=  69 23:13:39.590][Analyzer] ASM node=__end__  goal_status=not_applicable
[step=  69 23:13:39.593][DejaVu] {'status': 'ok', 'unanticipated': True, 'adaptation': {'candidate_name': 'Lift Slip â€” Low Friction Surface', 'do': 'apply_vacuum_assist()', 'score': 0.9298611111111111}}
[step=  70 23:13:40.733][Manager] ep=1 subtask=PLACE_OBJECT reward=-0.0491
[step=  70 23:13:40.733][Perception]
  RAW PERCEPTION                                  MONITORED PARAMS
  ----------------------------------------------  --------------------------------------
  fingers_width         = 0.0799 m                gripper_width_cm      = 7 cm
  dist_ee_to_cube       = 0.0220 m                distance_ee_object_cm = 0 cm
  dist_cube_to_target   = 0.0491 m  (3D)          distance_obj_goal_cm  = 4 cm  (XY)
  cube_position (z)     = 0.0200 m                object_lift_height_cm = 0 cm
  cube_position (xy)    = [0.101, -0.006]         grasp_completed       = 0
  finger_contacts (raw) = 0                       finger_contacts       = 0
  x                                               grasp_attempts        = 2
  x                                               task_started          = 1
  x                                               object_available      = 1
  x                                               task_aborted          = 0
  episode                = 1                      x
  step                   = 70                     x
  ee_position            = [0.0805, 0.0001, 0.0243]  x
  ee_velocity            = [-0.0001, -0.0000, -0.0000]  x
  target_position        = [0.1500, 0.0000, 0.0200]  x
  reward                 = -0.0491                x
  is_success             = False                  x
  obstacle_in_path       = False                  x
  obstacle_count_in_path = 0                      x
  obstacles              = {}                     x
  objects                = {'object_1': {'type': 'box', 'size': [0.04, 0.04, 0.04], 'mass': 1.0, 'color': [0.1, 0.2, 0.9, 1.0], 'initial_position': [-0.25, 0.0, 0.02], 'lateral_friction': 0.13, 'spinning_friction': 0.001, 'current_position': [0.10122206450080688, -0.0059505728776974645, 0.01998168332101261]}}  x
  scripts                = {'script_1': True, 'reach_only': True, 'left_right': True}  x
  target_goal            = {'type': 'goal_sequence', 'targets': [{'name': 'target', 'position': [0.15000000596046448, 0.0, 0.019999999552965164]}], 'mode': 'goal_sequence'}  x
  scene                  = {'table': {'length': 1.1, 'width': 0.7, 'height': 0.4, 'x_offset': -0.3, 'lateral_friction': 3.0, 'spinning_friction': 0.001}}  x
  robot_config           = {'control_type': 'ee', 'block_gripper': False, 'base_position': [-0.6, 0.0, 0.05]}  x
  current_task           = OBJECT_DELIVERY_SEQUENCE  x
  current_subtask        = PLACE_OBJECT           x
  active_target_name     = target                 x
  action                 = [0.0000, 0.0000, 0.0000, 1.0000]  x
  joint_angles           = [0.0000, 0.8299, 0.0001, -1.6395, -0.0002, 2.4694, 0.7857]  x
  joint_velocities       = [-0.0000, 0.0000, 0.0000, -0.0000, -0.0000, -0.0001, 0.0001]  x
  cube_rotation          = [-0.0000, 0.0004, 0.0019]  x
  cube_linear_velocity   = [-0.0004, -0.0000, 0.0004]  x
  obstacle_positions     = {}                     x
[step=  70 23:13:40.735][Analyzer] ASM node=__end__  goal_status=not_applicable
[step=  70 23:13:40.737][DejaVu] {'status': 'ok', 'unanticipated': True, 'adaptation': {'candidate_name': 'Lift Slip â€” Low Friction Surface', 'do': 'apply_vacuum_assist()', 'score': 0.9298611111111111}}
[step=  71 23:13:41.879][Manager] ep=1 subtask=PLACE_OBJECT reward=-0.0491
[step=  71 23:13:41.880][Perception]
  RAW PERCEPTION                                  MONITORED PARAMS
  ----------------------------------------------  --------------------------------------
  fingers_width         = 0.0800 m                gripper_width_cm      = 7 cm
  dist_ee_to_cube       = 0.0220 m                distance_ee_object_cm = 0 cm
  dist_cube_to_target   = 0.0491 m  (3D)          distance_obj_goal_cm  = 4 cm  (XY)
  cube_position (z)     = 0.0200 m                object_lift_height_cm = 0 cm
  cube_position (xy)    = [0.101, -0.006]         grasp_completed       = 0
  finger_contacts (raw) = 0                       finger_contacts       = 0
  x                                               grasp_attempts        = 2
  x                                               task_started          = 1
  x                                               object_available      = 1
  x                                               task_aborted          = 0
  episode                = 1                      x
  step                   = 71                     x
  ee_position            = [0.0805, 0.0001, 0.0243]  x
  ee_velocity            = [-0.0000, -0.0000, -0.0000]  x
  target_position        = [0.1500, 0.0000, 0.0200]  x
  reward                 = -0.0491                x
  is_success             = False                  x
  obstacle_in_path       = False                  x
  obstacle_count_in_path = 0                      x
  obstacles              = {}                     x
  objects                = {'object_1': {'type': 'box', 'size': [0.04, 0.04, 0.04], 'mass': 1.0, 'color': [0.1, 0.2, 0.9, 1.0], 'initial_position': [-0.25, 0.0, 0.02], 'lateral_friction': 0.13, 'spinning_friction': 0.001, 'current_position': [0.10121531656767997, -0.005950586493782018, 0.019988430973535563]}}  x
  scripts                = {'script_1': True, 'reach_only': True, 'left_right': True}  x
  target_goal            = {'type': 'goal_sequence', 'targets': [{'name': 'target', 'position': [0.15000000596046448, 0.0, 0.019999999552965164]}], 'mode': 'goal_sequence'}  x
  scene                  = {'table': {'length': 1.1, 'width': 0.7, 'height': 0.4, 'x_offset': -0.3, 'lateral_friction': 3.0, 'spinning_friction': 0.001}}  x
  robot_config           = {'control_type': 'ee', 'block_gripper': False, 'base_position': [-0.6, 0.0, 0.05]}  x
  current_task           = OBJECT_DELIVERY_SEQUENCE  x
  current_subtask        = PLACE_OBJECT           x
  active_target_name     = target                 x
  action                 = [0.0000, 0.0000, 0.0000, 1.0000]  x
  joint_angles           = [0.0000, 0.8299, 0.0001, -1.6395, -0.0002, 2.4694, 0.7857]  x
  joint_velocities       = [-0.0000, 0.0000, 0.0000, 0.0000, -0.0000, -0.0001, 0.0000]  x
  cube_rotation          = [-0.0000, 0.0001, 0.0019]  x
  cube_linear_velocity   = [-0.0001, -0.0000, 0.0001]  x
  obstacle_positions     = {}                     x
[step=  71 23:13:41.882][Analyzer] ASM node=__end__  goal_status=not_applicable
[step=  71 23:13:41.884][DejaVu] {'status': 'ok', 'unanticipated': True, 'adaptation': {'candidate_name': 'Lift Slip â€” Low Friction Surface', 'do': 'apply_vacuum_assist()', 'score': 0.9298611111111111}}
[step=  72 23:13:43.027][Manager] ep=1 subtask=PLACE_OBJECT reward=-0.0491
[step=  72 23:13:43.027][Perception]
  RAW PERCEPTION                                  MONITORED PARAMS
  ----------------------------------------------  --------------------------------------
  fingers_width         = 0.0800 m                gripper_width_cm      = 7 cm
  dist_ee_to_cube       = 0.0220 m                distance_ee_object_cm = 0 cm
  dist_cube_to_target   = 0.0491 m  (3D)          distance_obj_goal_cm  = 4 cm  (XY)
  cube_position (z)     = 0.0200 m                object_lift_height_cm = 0 cm
  cube_position (xy)    = [0.101, -0.006]         grasp_completed       = 0
  finger_contacts (raw) = 0                       finger_contacts       = 0
  x                                               grasp_attempts        = 2
  x                                               task_started          = 1
  x                                               object_available      = 1
  x                                               task_aborted          = 0
  episode                = 1                      x
  step                   = 72                     x
  ee_position            = [0.0805, 0.0001, 0.0243]  x
  ee_velocity            = [-0.0000, -0.0000, 0.0000]  x
  target_position        = [0.1500, 0.0000, 0.0200]  x
  reward                 = -0.0491                x
  is_success             = False                  x
  obstacle_in_path       = False                  x
  obstacle_count_in_path = 0                      x
  obstacles              = {}                     x
  objects                = {'object_1': {'type': 'box', 'size': [0.04, 0.04, 0.04], 'mass': 1.0, 'color': [0.1, 0.2, 0.9, 1.0], 'initial_position': [-0.25, 0.0, 0.02], 'lateral_friction': 0.13, 'spinning_friction': 0.001, 'current_position': [0.10121404358823272, -0.005950588985202353, 0.019989703944970332]}}  x
  scripts                = {'script_1': True, 'reach_only': True, 'left_right': True}  x
  target_goal            = {'type': 'goal_sequence', 'targets': [{'name': 'target', 'position': [0.15000000596046448, 0.0, 0.019999999552965164]}], 'mode': 'goal_sequence'}  x
  scene                  = {'table': {'length': 1.1, 'width': 0.7, 'height': 0.4, 'x_offset': -0.3, 'lateral_friction': 3.0, 'spinning_friction': 0.001}}  x
  robot_config           = {'control_type': 'ee', 'block_gripper': False, 'base_position': [-0.6, 0.0, 0.05]}  x
  current_task           = OBJECT_DELIVERY_SEQUENCE  x
  current_subtask        = PLACE_OBJECT           x
  active_target_name     = target                 x
  action                 = [0.0000, 0.0000, 0.0000, 1.0000]  x
  joint_angles           = [0.0000, 0.8299, 0.0002, -1.6395, -0.0002, 2.4694, 0.7857]  x
  joint_velocities       = [-0.0000, 0.0000, 0.0000, 0.0000, -0.0000, -0.0000, 0.0000]  x
  cube_rotation          = [-0.0000, 0.0000, 0.0019]  x
  cube_linear_velocity   = [-0.0000, -0.0000, 0.0000]  x
  obstacle_positions     = {}                     x
[step=  72 23:13:43.030][Analyzer] ASM node=__end__  goal_status=not_applicable
[step=  72 23:13:43.032][DejaVu] {'status': 'ok', 'unanticipated': True, 'adaptation': {'candidate_name': 'Lift Slip â€” Low Friction Surface', 'do': 'apply_vacuum_assist()', 'score': 0.9298611111111111}}
[step=  73 23:13:44.186][Manager] ep=1 subtask=PLACE_OBJECT reward=-0.0491
[step=  73 23:13:44.187][Perception]
  RAW PERCEPTION                                  MONITORED PARAMS
  ----------------------------------------------  --------------------------------------
  fingers_width         = 0.0800 m                gripper_width_cm      = 7 cm
  dist_ee_to_cube       = 0.0220 m                distance_ee_object_cm = 0 cm
  dist_cube_to_target   = 0.0491 m  (3D)          distance_obj_goal_cm  = 4 cm  (XY)
  cube_position (z)     = 0.0200 m                object_lift_height_cm = 0 cm
  cube_position (xy)    = [0.101, -0.006]         grasp_completed       = 0
  finger_contacts (raw) = 0                       finger_contacts       = 0
  x                                               grasp_attempts        = 2
  x                                               task_started          = 1
  x                                               object_available      = 1
  x                                               task_aborted          = 0
  episode                = 1                      x
  step                   = 73                     x
  ee_position            = [0.0805, 0.0001, 0.0243]  x
  ee_velocity            = [0.0000, 0.0000, 0.0000]  x
  target_position        = [0.1500, 0.0000, 0.0200]  x
  reward                 = -0.0491                x
  is_success             = True                   x
  obstacle_in_path       = False                  x
  obstacle_count_in_path = 0                      x
  obstacles              = {}                     x
  objects                = {'object_1': {'type': 'box', 'size': [0.04, 0.04, 0.04], 'mass': 1.0, 'color': [0.1, 0.2, 0.9, 1.0], 'initial_position': [-0.25, 0.0, 0.02], 'lateral_friction': 0.13, 'spinning_friction': 0.001, 'current_position': [0.10121380339654926, -0.005950589452567199, 0.019989944136736007]}}  x
  scripts                = {'script_1': True, 'reach_only': True, 'left_right': True}  x
  target_goal            = {'type': 'goal_sequence', 'targets': [{'name': 'target', 'position': [0.15000000596046448, 0.0, 0.019999999552965164]}], 'mode': 'goal_sequence'}  x
  scene                  = {'table': {'length': 1.1, 'width': 0.7, 'height': 0.4, 'x_offset': -0.3, 'lateral_friction': 3.0, 'spinning_friction': 0.001}}  x
  robot_config           = {'control_type': 'ee', 'block_gripper': False, 'base_position': [-0.6, 0.0, 0.05]}  x
  current_task           = OBJECT_DELIVERY_SEQUENCE  x
  current_subtask        = PLACE_OBJECT           x
  active_target_name     = target                 x
  action                 = [0.0000, 0.0000, 0.0000, 0.0000]  x
  joint_angles           = [0.0000, 0.8299, 0.0002, -1.6395, -0.0002, 2.4694, 0.7857]  x
  joint_velocities       = [-0.0000, -0.0000, 0.0000, 0.0000, -0.0000, -0.0000, 0.0000]  x
  cube_rotation          = [-0.0000, 0.0000, 0.0019]  x
  cube_linear_velocity   = [-0.0000, -0.0000, 0.0000]  x
  obstacle_positions     = {}                     x
[step=  73 23:13:44.189][Analyzer] ASM node=__end__  goal_status=not_applicable
[step=  73 23:13:44.191][DejaVu] {'status': 'ok', 'unanticipated': True, 'adaptation': {'candidate_name': 'Lift Slip â€” Low Friction Surface', 'do': 'apply_vacuum_assist()', 'score': 0.9298611111111111}}
