[Trace] Gravando em: C:\Users\lucas_alves\Workspace\self-adaptive-arm-simulator\1-manager\traces\trace_20260830_125935.log
[step=   0 12:59:36.594][Manager] GUI conectado.
[step=   0 12:59:38.096][Manager] Aguardando percepcoes do managing...

[step=   0 12:59:38.111][WsClient] Conectado a ws://localhost:8000/ws/perception
[step=   1 12:59:38.171][Manager] ep=1 subtask=APPROACH_OBJECT reward=-0.4000
[step=   1 12:59:38.172][Perception]
  RAW PERCEPTION                                  MONITORED PARAMS
  ----------------------------------------------  --------------------------------------
  fingers_width         = 0.0703 m                gripper_width_cm      = 7 cm
  dist_ee_to_cube       = 0.3106 m                distance_ee_object_cm = 28 cm
  dist_cube_to_target   = 0.4000 m  (3D)          distance_obj_goal_cm  = 40 cm  (XY)
  cube_position (z)     = 0.0200 m                object_lift_height_cm = 0 cm
  cube_position (xy)    = [-0.250, 0.000]         grasp_completed       = 0
  finger_contacts (raw) = 0                       finger_contacts       = 0
  x                                               grasp_attempts        = 0
  x                                               task_started          = 1
  x                                               object_available      = 1
  x                                               task_aborted          = 0
  episode                = 1                      x
  step                   = 1                      x
  ee_position            = [0.0095, 0.0000, 0.1906]  x
  ee_velocity            = [-0.4160, 0.0005, -0.0497]  x
  target_position        = [0.1500, 0.0000, 0.0200]  x
  reward                 = -0.4000                x
  is_success             = False                  x
  obstacle_in_path       = False                  x
  obstacle_count_in_path = 0                      x
  obstacles              = {}                     x
  objects                = {'object_1': {'type': 'box', 'size': [0.04, 0.04, 0.04], 'mass': 1, 'color': [0.1, 0.2, 0.9, 1.0], 'initial_position': [-0.25, 0.0, 0.02], 'lateral_friction': 0.13, 'spinning_friction': 0.001, 'current_position': [-0.2500006382154648, 3.736820161819107e-07, 0.01998952846842175]}}  x
  scripts                = {'script_1': True, 'reach_only': True, 'left_right': True}  x
  target_goal            = {'type': 'goal_sequence', 'targets': [{'name': 'target', 'position': [0.15000000596046448, 0.0, 0.019999999552965164]}], 'mode': 'goal_sequence'}  x
  scene                  = {'table': {'length': 1.1, 'width': 0.7, 'height': 0.4, 'x_offset': -0.3, 'lateral_friction': 3.0, 'spinning_friction': 0.001}}  x
  robot_config           = {'control_type': 'ee', 'block_gripper': False, 'base_position': [-0.6, 0.0, 0.05]}  x
  current_task           = OBJECT_DELIVERY_SEQUENCE  x
  current_subtask        = APPROACH_OBJECT        x
  active_target_name     = target                 x
  action                 = [-0.9839, 0.0000, -0.1787, 1.0000]  x
  joint_angles           = [-0.0006, 0.3402, 0.0006, -1.9788, -0.0003, 2.3185, 0.7862]  x
  joint_velocities       = [-0.0043, -0.9484, 0.0052, -1.5662, -0.0026, 0.4502, -0.0295]  x
  cube_rotation          = [0.0000, -0.0000, -0.0000]  x
  cube_linear_velocity   = [-0.0000, 0.0000, -0.0000]  x
  obstacle_positions     = {}                     x
[step=   1 12:59:38.175][ASM] [PENDING] __init__ → approach_object: condições satisfeitas, aguardando managing
[step=   1 12:59:38.175][ASM] [D] __init__ → approach_object  (type=domain)
[step=   1 12:59:38.176][Analyzer] ASM node=approach_object  goal_status=ok  (scenario=APPROACH_OBJECT)
[step=   1 12:59:38.176][DejaVu] {'status': 'ok'}
[step=   1 12:59:38.405][Manager] DejaVu conectado.
[step=   2 12:59:39.317][Manager] ep=1 subtask=APPROACH_OBJECT reward=-0.4000
[step=   2 12:59:39.317][Perception]
  RAW PERCEPTION                                  MONITORED PARAMS
  ----------------------------------------------  --------------------------------------
  fingers_width         = 0.0788 m                gripper_width_cm      = 7 cm
  dist_ee_to_cube       = 0.2806 m                distance_ee_object_cm = 25 cm
  dist_cube_to_target   = 0.4000 m  (3D)          distance_obj_goal_cm  = 40 cm  (XY)
  cube_position (z)     = 0.0200 m                object_lift_height_cm = 0 cm
  cube_position (xy)    = [-0.250, 0.000]         grasp_completed       = 0
  finger_contacts (raw) = 0                       finger_contacts       = 0
  x                                               grasp_attempts        = 0
  x                                               task_started          = 1
  x                                               object_available      = 1
  x                                               task_aborted          = 0
  episode                = 1                      x
  step                   = 2                      x
  ee_position            = [-0.0225, 0.0000, 0.1842]  x
  ee_velocity            = [-0.3693, 0.0001, -0.0756]  x
  target_position        = [0.1500, 0.0000, 0.0200]  x
  reward                 = -0.4000                x
  is_success             = False                  x
  obstacle_in_path       = False                  x
  obstacle_count_in_path = 0                      x
  obstacles              = {}                     x
  objects                = {'object_1': {'type': 'box', 'size': [0.04, 0.04, 0.04], 'mass': 1, 'color': [0.1, 0.2, 0.9, 1.0], 'initial_position': [-0.25, 0.0, 0.02], 'lateral_friction': 0.13, 'spinning_friction': 0.001, 'current_position': [-0.2500007504158555, 8.244176984337467e-07, 0.019989433475159142]}}  x
  scripts                = {'script_1': True, 'reach_only': True, 'left_right': True}  x
  target_goal            = {'type': 'goal_sequence', 'targets': [{'name': 'target', 'position': [0.15000000596046448, 0.0, 0.019999999552965164]}], 'mode': 'goal_sequence'}  x
  scene                  = {'table': {'length': 1.1, 'width': 0.7, 'height': 0.4, 'x_offset': -0.3, 'lateral_friction': 3.0, 'spinning_friction': 0.001}}  x
  robot_config           = {'control_type': 'ee', 'block_gripper': False, 'base_position': [-0.6, 0.0, 0.05]}  x
  current_task           = OBJECT_DELIVERY_SEQUENCE  x
  current_subtask        = APPROACH_OBJECT        x
  active_target_name     = target                 x
  action                 = [-0.9849, -0.0000, -0.1732, 1.0000]  x
  joint_angles           = [-0.0006, 0.2683, 0.0007, -2.1078, -0.0003, 2.3756, 0.7857]  x
  joint_velocities       = [-0.0007, -0.7571, 0.0008, -1.3320, 0.0000, 0.4389, -0.0038]  x
  cube_rotation          = [0.0000, -0.0000, -0.0000]  x
  cube_linear_velocity   = [-0.0000, 0.0000, -0.0000]  x
  obstacle_positions     = {}                     x
[step=   2 12:59:39.321][Analyzer] ASM node=approach_object  goal_status=not_applicable
[step=   2 12:59:39.331][DejaVu] {'status': 'ok', 'unanticipated': False, 'adaptation': None, 'evaluation': None}
[step=   3 12:59:40.463][Manager] ep=1 subtask=APPROACH_OBJECT reward=-0.4000
[step=   3 12:59:40.463][Perception]
  RAW PERCEPTION                                  MONITORED PARAMS
  ----------------------------------------------  --------------------------------------
  fingers_width         = 0.0799 m                gripper_width_cm      = 7 cm
  dist_ee_to_cube       = 0.2501 m                distance_ee_object_cm = 22 cm
  dist_cube_to_target   = 0.4000 m  (3D)          distance_obj_goal_cm  = 40 cm  (XY)
  cube_position (z)     = 0.0200 m                object_lift_height_cm = 0 cm
  cube_position (xy)    = [-0.250, 0.000]         grasp_completed       = 0
  finger_contacts (raw) = 0                       finger_contacts       = 0
  x                                               grasp_attempts        = 0
  x                                               task_started          = 1
  x                                               object_available      = 1
  x                                               task_aborted          = 0
  episode                = 1                      x
  step                   = 3                      x
  ee_position            = [-0.0556, 0.0000, 0.1774]  x
  ee_velocity            = [-0.3892, 0.0002, -0.0654]  x
  target_position        = [0.1500, 0.0000, 0.0200]  x
  reward                 = -0.4000                x
  is_success             = False                  x
  obstacle_in_path       = False                  x
  obstacle_count_in_path = 0                      x
  obstacles              = {}                     x
  objects                = {'object_1': {'type': 'box', 'size': [0.04, 0.04, 0.04], 'mass': 1, 'color': [0.1, 0.2, 0.9, 1.0], 'initial_position': [-0.25, 0.0, 0.02], 'lateral_friction': 0.13, 'spinning_friction': 0.001, 'current_position': [-0.2500007855749166, 1.2751467347975933e-06, 0.019989415568297347]}}  x
  scripts                = {'script_1': True, 'reach_only': True, 'left_right': True}  x
  target_goal            = {'type': 'goal_sequence', 'targets': [{'name': 'target', 'position': [0.15000000596046448, 0.0, 0.019999999552965164]}], 'mode': 'goal_sequence'}  x
  scene                  = {'table': {'length': 1.1, 'width': 0.7, 'height': 0.4, 'x_offset': -0.3, 'lateral_friction': 3.0, 'spinning_friction': 0.001}}  x
  robot_config           = {'control_type': 'ee', 'block_gripper': False, 'base_position': [-0.6, 0.0, 0.05]}  x
  current_task           = OBJECT_DELIVERY_SEQUENCE  x
  current_subtask        = APPROACH_OBJECT        x
  active_target_name     = target                 x
  action                 = [-0.9855, -0.0001, -0.1699, 1.0000]  x
  joint_angles           = [-0.0007, 0.1972, 0.0007, -2.2343, -0.0002, 2.4311, 0.7856]  x
  joint_velocities       = [-0.0002, -0.8030, 0.0006, -1.3457, 0.0004, 0.4268, -0.0006]  x
  cube_rotation          = [0.0000, -0.0000, -0.0000]  x
  cube_linear_velocity   = [-0.0000, 0.0000, -0.0000]  x
  obstacle_positions     = {}                     x
[step=   3 12:59:40.466][Analyzer] ASM node=approach_object  goal_status=not_applicable
[step=   3 12:59:40.469][DejaVu] {'status': 'ok', 'unanticipated': False, 'adaptation': None, 'evaluation': None}
[step=   4 12:59:41.609][Manager] ep=1 subtask=APPROACH_OBJECT reward=-0.4000
[step=   4 12:59:41.609][Perception]
  RAW PERCEPTION                                  MONITORED PARAMS
  ----------------------------------------------  --------------------------------------
  fingers_width         = 0.0800 m                gripper_width_cm      = 7 cm
  dist_ee_to_cube       = 0.2199 m                distance_ee_object_cm = 19 cm
  dist_cube_to_target   = 0.4000 m  (3D)          distance_obj_goal_cm  = 40 cm  (XY)
  cube_position (z)     = 0.0200 m                object_lift_height_cm = 0 cm
  cube_position (xy)    = [-0.250, 0.000]         grasp_completed       = 0
  finger_contacts (raw) = 0                       finger_contacts       = 0
  x                                               grasp_attempts        = 0
  x                                               task_started          = 1
  x                                               object_available      = 1
  x                                               task_aborted          = 0
  episode                = 1                      x
  step                   = 4                      x
  ee_position            = [-0.0897, 0.0001, 0.1706]  x
  ee_velocity            = [-0.4008, 0.0003, -0.0701]  x
  target_position        = [0.1500, 0.0000, 0.0200]  x
  reward                 = -0.4000                x
  is_success             = False                  x
  obstacle_in_path       = False                  x
  obstacle_count_in_path = 0                      x
  obstacles              = {}                     x
  objects                = {'object_1': {'type': 'box', 'size': [0.04, 0.04, 0.04], 'mass': 1, 'color': [0.1, 0.2, 0.9, 1.0], 'initial_position': [-0.25, 0.0, 0.02], 'lateral_friction': 0.13, 'spinning_friction': 0.001, 'current_position': [-0.25000080621045623, 1.7258736698106592e-06, 0.019989412192645828]}}  x
  scripts                = {'script_1': True, 'reach_only': True, 'left_right': True}  x
  target_goal            = {'type': 'goal_sequence', 'targets': [{'name': 'target', 'position': [0.15000000596046448, 0.0, 0.019999999552965164]}], 'mode': 'goal_sequence'}  x
  scene                  = {'table': {'length': 1.1, 'width': 0.7, 'height': 0.4, 'x_offset': -0.3, 'lateral_friction': 3.0, 'spinning_friction': 0.001}}  x
  robot_config           = {'control_type': 'ee', 'block_gripper': False, 'base_position': [-0.6, 0.0, 0.05]}  x
  current_task           = OBJECT_DELIVERY_SEQUENCE  x
  current_subtask        = APPROACH_OBJECT        x
  active_target_name     = target                 x
  action                 = [-0.9864, -0.0002, -0.1645, 1.0000]  x
  joint_angles           = [-0.0007, 0.1263, 0.0008, -2.3582, -0.0002, 2.4846, 0.7856]  x
  joint_velocities       = [-0.0002, -0.8024, 0.0008, -1.3278, 0.0005, 0.4108, -0.0002]  x
  cube_rotation          = [0.0000, -0.0000, -0.0000]  x
  cube_linear_velocity   = [-0.0000, 0.0000, -0.0000]  x
  obstacle_positions     = {}                     x
[step=   4 12:59:41.612][Analyzer] ASM node=approach_object  goal_status=not_applicable
[step=   4 12:59:41.615][DejaVu] {'status': 'ok', 'unanticipated': False, 'adaptation': None, 'evaluation': None}
[step=   5 12:59:42.756][Manager] ep=1 subtask=APPROACH_OBJECT reward=-0.4000
[step=   5 12:59:42.756][Perception]
  RAW PERCEPTION                                  MONITORED PARAMS
  ----------------------------------------------  --------------------------------------
  fingers_width         = 0.0800 m                gripper_width_cm      = 7 cm
  dist_ee_to_cube       = 0.1900 m                distance_ee_object_cm = 16 cm
  dist_cube_to_target   = 0.4000 m  (3D)          distance_obj_goal_cm  = 40 cm  (XY)
  cube_position (z)     = 0.0200 m                object_lift_height_cm = 0 cm
  cube_position (xy)    = [-0.250, 0.000]         grasp_completed       = 0
  finger_contacts (raw) = 0                       finger_contacts       = 0
  x                                               grasp_attempts        = 0
  x                                               task_started          = 1
  x                                               object_available      = 1
  x                                               task_aborted          = 0
  episode                = 1                      x
  step                   = 5                      x
  ee_position            = [-0.1251, 0.0001, 0.1632]  x
  ee_velocity            = [-0.3810, 0.0007, -0.0494]  x
  target_position        = [0.1500, 0.0000, 0.0200]  x
  reward                 = -0.4000                x
  is_success             = False                  x
  obstacle_in_path       = False                  x
  obstacle_count_in_path = 0                      x
  obstacles              = {}                     x
  objects                = {'object_1': {'type': 'box', 'size': [0.04, 0.04, 0.04], 'mass': 1, 'color': [0.1, 0.2, 0.9, 1.0], 'initial_position': [-0.25, 0.0, 0.02], 'lateral_friction': 0.13, 'spinning_friction': 0.001, 'current_position': [-0.25000082410733043, 2.1765994240189325e-06, 0.019989411556199578]}}  x
  scripts                = {'script_1': True, 'reach_only': True, 'left_right': True}  x
  target_goal            = {'type': 'goal_sequence', 'targets': [{'name': 'target', 'position': [0.15000000596046448, 0.0, 0.019999999552965164]}], 'mode': 'goal_sequence'}  x
  scene                  = {'table': {'length': 1.1, 'width': 0.7, 'height': 0.4, 'x_offset': -0.3, 'lateral_friction': 3.0, 'spinning_friction': 0.001}}  x
  robot_config           = {'control_type': 'ee', 'block_gripper': False, 'base_position': [-0.6, 0.0, 0.05]}  x
  current_task           = OBJECT_DELIVERY_SEQUENCE  x
  current_subtask        = APPROACH_OBJECT        x
  active_target_name     = target                 x
  action                 = [-0.9875, -0.0003, -0.1576, 1.0000]  x
  joint_angles           = [-0.0007, 0.0555, 0.0008, -2.4806, -0.0001, 2.5352, 0.7855]  x
  joint_velocities       = [-0.0001, -0.8110, 0.0017, -1.2507, 0.0006, 0.3895, -0.0002]  x
  cube_rotation          = [0.0000, -0.0000, -0.0000]  x
  cube_linear_velocity   = [-0.0000, 0.0000, -0.0000]  x
  obstacle_positions     = {}                     x
[step=   5 12:59:42.760][Analyzer] ASM node=approach_object  goal_status=not_applicable
[step=   5 12:59:42.763][DejaVu] {'status': 'ok', 'unanticipated': False, 'adaptation': None, 'evaluation': None}
[step=   6 12:59:43.903][Manager] ep=1 subtask=APPROACH_OBJECT reward=-0.4000
[step=   6 12:59:43.904][Perception]
  RAW PERCEPTION                                  MONITORED PARAMS
  ----------------------------------------------  --------------------------------------
  fingers_width         = 0.0800 m                gripper_width_cm      = 7 cm
  dist_ee_to_cube       = 0.1629 m                distance_ee_object_cm = 13 cm
  dist_cube_to_target   = 0.4000 m  (3D)          distance_obj_goal_cm  = 40 cm  (XY)
  cube_position (z)     = 0.0200 m                object_lift_height_cm = 0 cm
  cube_position (xy)    = [-0.250, 0.000]         grasp_completed       = 0
  finger_contacts (raw) = 0                       finger_contacts       = 0
  x                                               grasp_attempts        = 0
  x                                               task_started          = 1
  x                                               object_available      = 1
  x                                               task_aborted          = 0
  episode                = 1                      x
  step                   = 6                      x
  ee_position            = [-0.1607, 0.0001, 0.1562]  x
  ee_velocity            = [-0.4082, 0.0008, -0.0668]  x
  target_position        = [0.1500, 0.0000, 0.0200]  x
  reward                 = -0.4000                x
  is_success             = False                  x
  obstacle_in_path       = False                  x
  obstacle_count_in_path = 0                      x
  obstacles              = {}                     x
  objects                = {'object_1': {'type': 'box', 'size': [0.04, 0.04, 0.04], 'mass': 1, 'color': [0.1, 0.2, 0.9, 1.0], 'initial_position': [-0.25, 0.0, 0.02], 'lateral_friction': 0.13, 'spinning_friction': 0.001, 'current_position': [-0.25000084148704027, 2.627324180841425e-06, 0.01998941143610688]}}  x
  scripts                = {'script_1': True, 'reach_only': True, 'left_right': True}  x
  target_goal            = {'type': 'goal_sequence', 'targets': [{'name': 'target', 'position': [0.15000000596046448, 0.0, 0.019999999552965164]}], 'mode': 'goal_sequence'}  x
  scene                  = {'table': {'length': 1.1, 'width': 0.7, 'height': 0.4, 'x_offset': -0.3, 'lateral_friction': 3.0, 'spinning_friction': 0.001}}  x
  robot_config           = {'control_type': 'ee', 'block_gripper': False, 'base_position': [-0.6, 0.0, 0.05]}  x
  current_task           = OBJECT_DELIVERY_SEQUENCE  x
  current_subtask        = APPROACH_OBJECT        x
  active_target_name     = target                 x
  action                 = [-0.9895, -0.0005, -0.1444, 1.0000]  x
  joint_angles           = [-0.0007, -0.0164, 0.0009, -2.6004, 0.0000, 2.5839, 0.7855]  x
  joint_velocities       = [-0.0001, -0.8300, 0.0023, -1.2837, 0.0008, 0.3742, -0.0004]  x
  cube_rotation          = [0.0000, -0.0000, -0.0000]  x
  cube_linear_velocity   = [-0.0000, 0.0000, -0.0000]  x
  obstacle_positions     = {}                     x
[step=   6 12:59:43.907][Analyzer] ASM node=approach_object  goal_status=not_applicable
[step=   6 12:59:43.909][DejaVu] {'status': 'ok', 'unanticipated': False, 'adaptation': None, 'evaluation': None}
[step=   7 12:59:45.049][Manager] ep=1 subtask=APPROACH_OBJECT reward=-0.4000
[step=   7 12:59:45.050][Perception]
  RAW PERCEPTION                                  MONITORED PARAMS
  ----------------------------------------------  --------------------------------------
  fingers_width         = 0.0800 m                gripper_width_cm      = 7 cm
  dist_ee_to_cube       = 0.1396 m                distance_ee_object_cm = 11 cm
  dist_cube_to_target   = 0.4000 m  (3D)          distance_obj_goal_cm  = 40 cm  (XY)
  cube_position (z)     = 0.0200 m                object_lift_height_cm = 0 cm
  cube_position (xy)    = [-0.250, 0.000]         grasp_completed       = 0
  finger_contacts (raw) = 0                       finger_contacts       = 0
  x                                               grasp_attempts        = 0
  x                                               task_started          = 1
  x                                               object_available      = 1
  x                                               task_aborted          = 0
  episode                = 1                      x
  step                   = 7                      x
  ee_position            = [-0.1970, 0.0001, 0.1492]  x
  ee_velocity            = [-0.4312, 0.0003, -0.0816]  x
  target_position        = [0.1500, 0.0000, 0.0200]  x
  reward                 = -0.4000                x
  is_success             = False                  x
  obstacle_in_path       = False                  x
  obstacle_count_in_path = 0                      x
  obstacles              = {}                     x
  objects                = {'object_1': {'type': 'box', 'size': [0.04, 0.04, 0.04], 'mass': 1, 'color': [0.1, 0.2, 0.9, 1.0], 'initial_position': [-0.25, 0.0, 0.02], 'lateral_friction': 0.13, 'spinning_friction': 0.001, 'current_position': [-0.25000085876834904, 3.0780479764908263e-06, 0.019989411413349322]}}  x
  scripts                = {'script_1': True, 'reach_only': True, 'left_right': True}  x
  target_goal            = {'type': 'goal_sequence', 'targets': [{'name': 'target', 'position': [0.15000000596046448, 0.0, 0.019999999552965164]}], 'mode': 'goal_sequence'}  x
  scene                  = {'table': {'length': 1.1, 'width': 0.7, 'height': 0.4, 'x_offset': -0.3, 'lateral_friction': 3.0, 'spinning_friction': 0.001}}  x
  robot_config           = {'control_type': 'ee', 'block_gripper': False, 'base_position': [-0.6, 0.0, 0.05]}  x
  current_task           = OBJECT_DELIVERY_SEQUENCE  x
  current_subtask        = APPROACH_OBJECT        x
  active_target_name     = target                 x
  action                 = [-0.9922, -0.0007, -0.1249, 1.0000]  x
  joint_angles           = [-0.0007, -0.0897, 0.0009, -2.7181, 0.0001, 2.6278, 0.7854]  x
  joint_velocities       = [-0.0000, -0.8522, 0.0015, -1.3031, 0.0010, 0.3374, -0.0007]  x
  cube_rotation          = [0.0000, -0.0000, -0.0000]  x
  cube_linear_velocity   = [-0.0000, 0.0000, -0.0000]  x
  obstacle_positions     = {}                     x
[step=   7 12:59:45.053][Analyzer] ASM node=approach_object  goal_status=not_applicable
[step=   7 12:59:45.055][DejaVu] {'status': 'ok', 'unanticipated': False, 'adaptation': None, 'evaluation': None}
[step=   8 12:59:46.222][Manager] ep=1 subtask=APPROACH_OBJECT reward=-0.4000
[step=   8 12:59:46.222][Perception]
  RAW PERCEPTION                                  MONITORED PARAMS
  ----------------------------------------------  --------------------------------------
  fingers_width         = 0.0800 m                gripper_width_cm      = 7 cm
  dist_ee_to_cube       = 0.1238 m                distance_ee_object_cm = 9 cm
  dist_cube_to_target   = 0.4000 m  (3D)          distance_obj_goal_cm  = 40 cm  (XY)
  cube_position (z)     = 0.0200 m                object_lift_height_cm = 0 cm
  cube_position (xy)    = [-0.250, 0.000]         grasp_completed       = 0
  finger_contacts (raw) = 0                       finger_contacts       = 0
  x                                               grasp_attempts        = 0
  x                                               task_started          = 1
  x                                               object_available      = 1
  x                                               task_aborted          = 0
  episode                = 1                      x
  step                   = 8                      x
  ee_position            = [-0.2336, 0.0000, 0.1427]  x
  ee_velocity            = [-0.4297, -0.0001, -0.0722]  x
  target_position        = [0.1500, 0.0000, 0.0200]  x
  reward                 = -0.4000                x
  is_success             = False                  x
  obstacle_in_path       = False                  x
  obstacle_count_in_path = 0                      x
  obstacles              = {}                     x
  objects                = {'object_1': {'type': 'box', 'size': [0.04, 0.04, 0.04], 'mass': 1, 'color': [0.1, 0.2, 0.9, 1.0], 'initial_position': [-0.25, 0.0, 0.02], 'lateral_friction': 0.13, 'spinning_friction': 0.001, 'current_position': [-0.2500008760301956, 3.528770818098008e-06, 0.019989411408939943]}}  x
  scripts                = {'script_1': True, 'reach_only': True, 'left_right': True}  x
  target_goal            = {'type': 'goal_sequence', 'targets': [{'name': 'target', 'position': [0.15000000596046448, 0.0, 0.019999999552965164]}], 'mode': 'goal_sequence'}  x
  scene                  = {'table': {'length': 1.1, 'width': 0.7, 'height': 0.4, 'x_offset': -0.3, 'lateral_friction': 3.0, 'spinning_friction': 0.001}}  x
  robot_config           = {'control_type': 'ee', 'block_gripper': False, 'base_position': [-0.6, 0.0, 0.05]}  x
  current_task           = OBJECT_DELIVERY_SEQUENCE  x
  current_subtask        = APPROACH_OBJECT        x
  active_target_name     = target                 x
  action                 = [-0.9969, -0.0010, -0.0788, 1.0000]  x
  joint_angles           = [-0.0007, -0.1676, 0.0008, -2.8337, 0.0003, 2.6648, 0.7852]  x
  joint_velocities       = [0.0001, -0.9251, 0.0004, -1.2920, 0.0011, 0.2850, -0.0012]  x
  cube_rotation          = [0.0000, -0.0000, -0.0000]  x
  cube_linear_velocity   = [-0.0000, 0.0000, -0.0000]  x
  obstacle_positions     = {}                     x
[step=   8 12:59:46.226][Analyzer] ASM node=approach_object  goal_status=not_applicable
[step=   8 12:59:46.228][DejaVu] {'status': 'ok', 'unanticipated': False, 'adaptation': None, 'evaluation': None}
[step=   9 12:59:47.344][Manager] ep=1 subtask=APPROACH_OBJECT reward=-0.4000
[step=   9 12:59:47.344][Perception]
  RAW PERCEPTION                                  MONITORED PARAMS
  ----------------------------------------------  --------------------------------------
  fingers_width         = 0.0800 m                gripper_width_cm      = 7 cm
  dist_ee_to_cube       = 0.1214 m                distance_ee_object_cm = 9 cm
  dist_cube_to_target   = 0.4000 m  (3D)          distance_obj_goal_cm  = 40 cm  (XY)
  cube_position (z)     = 0.0200 m                object_lift_height_cm = 0 cm
  cube_position (xy)    = [-0.250, 0.000]         grasp_completed       = 0
  finger_contacts (raw) = 0                       finger_contacts       = 0
  x                                               grasp_attempts        = 0
  x                                               task_started          = 1
  x                                               object_available      = 1
  x                                               task_aborted          = 0
  episode                = 1                      x
  step                   = 9                      x
  ee_position            = [-0.2714, -0.0000, 0.1395]  x
  ee_velocity            = [-0.3739, -0.0003, 0.0261]  x
  target_position        = [0.1500, 0.0000, 0.0200]  x
  reward                 = -0.4000                x
  is_success             = False                  x
  obstacle_in_path       = False                  x
  obstacle_count_in_path = 0                      x
  obstacles              = {}                     x
  objects                = {'object_1': {'type': 'box', 'size': [0.04, 0.04, 0.04], 'mass': 1, 'color': [0.1, 0.2, 0.9, 1.0], 'initial_position': [-0.25, 0.0, 0.02], 'lateral_friction': 0.13, 'spinning_friction': 0.001, 'current_position': [-0.25000089328746017, 3.979492706986637e-06, 0.019989411407989287]}}  x
  scripts                = {'script_1': True, 'reach_only': True, 'left_right': True}  x
  target_goal            = {'type': 'goal_sequence', 'targets': [{'name': 'target', 'position': [0.15000000596046448, 0.0, 0.019999999552965164]}], 'mode': 'goal_sequence'}  x
  scene                  = {'table': {'length': 1.1, 'width': 0.7, 'height': 0.4, 'x_offset': -0.3, 'lateral_friction': 3.0, 'spinning_friction': 0.001}}  x
  robot_config           = {'control_type': 'ee', 'block_gripper': False, 'base_position': [-0.6, 0.0, 0.05]}  x
  current_task           = OBJECT_DELIVERY_SEQUENCE  x
  current_subtask        = APPROACH_OBJECT        x
  active_target_name     = target                 x
  action                 = [-0.9907, -0.0012, 0.1364, 1.0000]  x
  joint_angles           = [-0.0007, -0.2644, 0.0007, -2.9453, 0.0004, 2.6725, 0.7850]  x
  joint_velocities       = [0.0002, -1.3025, -0.0006, -1.2276, 0.0009, 0.0589, -0.0015]  x
  cube_rotation          = [0.0000, -0.0000, -0.0000]  x
  cube_linear_velocity   = [-0.0000, 0.0000, -0.0000]  x
  obstacle_positions     = {}                     x
[step=   9 12:59:47.347][Analyzer] ASM node=approach_object  goal_status=not_applicable
[step=   9 12:59:47.350][DejaVu] {'status': 'ok', 'unanticipated': False, 'adaptation': None, 'evaluation': None}
[step=  10 12:59:48.489][Manager] ep=1 subtask=APPROACH_OBJECT reward=-0.4000
[step=  10 12:59:48.490][Perception]
  RAW PERCEPTION                                  MONITORED PARAMS
  ----------------------------------------------  --------------------------------------
  fingers_width         = 0.0800 m                gripper_width_cm      = 7 cm
  dist_ee_to_cube       = 0.1080 m                distance_ee_object_cm = 8 cm
  dist_cube_to_target   = 0.4000 m  (3D)          distance_obj_goal_cm  = 40 cm  (XY)
  cube_position (z)     = 0.0200 m                object_lift_height_cm = 0 cm
  cube_position (xy)    = [-0.250, 0.000]         grasp_completed       = 0
  finger_contacts (raw) = 0                       finger_contacts       = 0
  x                                               grasp_attempts        = 0
  x                                               task_started          = 1
  x                                               object_available      = 1
  x                                               task_aborted          = 0
  episode                = 1                      x
  step                   = 10                     x
  ee_position            = [-0.2591, -0.0000, 0.1276]  x
  ee_velocity            = [-0.4097, 0.0005, -1.0626]  x
  target_position        = [0.1500, 0.0000, 0.0200]  x
  reward                 = -0.4000                x
  is_success             = False                  x
  obstacle_in_path       = False                  x
  obstacle_count_in_path = 0                      x
  obstacles              = {}                     x
  objects                = {'object_1': {'type': 'box', 'size': [0.04, 0.04, 0.04], 'mass': 1, 'color': [0.1, 0.2, 0.9, 1.0], 'initial_position': [-0.25, 0.0, 0.02], 'lateral_friction': 0.13, 'spinning_friction': 0.001, 'current_position': [-0.250000910542948, 4.430213643272149e-06, 0.019989411407690616]}}  x
  scripts                = {'script_1': True, 'reach_only': True, 'left_right': True}  x
  target_goal            = {'type': 'goal_sequence', 'targets': [{'name': 'target', 'position': [0.15000000596046448, 0.0, 0.019999999552965164]}], 'mode': 'goal_sequence'}  x
  scene                  = {'table': {'length': 1.1, 'width': 0.7, 'height': 0.4, 'x_offset': -0.3, 'lateral_friction': 3.0, 'spinning_friction': 0.001}}  x
  robot_config           = {'control_type': 'ee', 'block_gripper': False, 'base_position': [-0.6, 0.0, 0.05]}  x
  current_task           = OBJECT_DELIVERY_SEQUENCE  x
  current_subtask        = APPROACH_OBJECT        x
  active_target_name     = target                 x
  action                 = [0.2206, 0.0003, -0.9754, 1.0000]  x
  joint_angles           = [-0.0007, -0.1840, 0.0008, -2.9402, 0.0003, 2.7943, 0.7851]  x
  joint_velocities       = [-0.0002, 3.6343, 0.0001, 0.2702, -0.0005, 0.9369, 0.0005]  x
  cube_rotation          = [0.0000, -0.0000, -0.0000]  x
  cube_linear_velocity   = [-0.0000, 0.0000, -0.0000]  x
  obstacle_positions     = {}                     x
[step=  10 12:59:48.493][Analyzer] ASM node=approach_object  goal_status=not_applicable
[step=  10 12:59:48.496][DejaVu] {'status': 'ok', 'unanticipated': False, 'adaptation': None, 'evaluation': None}
[step=  11 12:59:49.634][Manager] ep=1 subtask=APPROACH_OBJECT reward=-0.4000
[step=  11 12:59:49.634][Perception]
  RAW PERCEPTION                                  MONITORED PARAMS
  ----------------------------------------------  --------------------------------------
  fingers_width         = 0.0800 m                gripper_width_cm      = 7 cm
  dist_ee_to_cube       = 0.0700 m                distance_ee_object_cm = 4 cm
  dist_cube_to_target   = 0.4000 m  (3D)          distance_obj_goal_cm  = 40 cm  (XY)
  cube_position (z)     = 0.0200 m                object_lift_height_cm = 0 cm
  cube_position (xy)    = [-0.250, 0.000]         grasp_completed       = 0
  finger_contacts (raw) = 0                       finger_contacts       = 0
  x                                               grasp_attempts        = 0
  x                                               task_started          = 1
  x                                               object_available      = 1
  x                                               task_aborted          = 0
  episode                = 1                      x
  step                   = 11                     x
  ee_position            = [-0.2648, -0.0000, 0.0884]  x
  ee_velocity            = [-0.2715, 0.0004, -0.6197]  x
  target_position        = [0.1500, 0.0000, 0.0200]  x
  reward                 = -0.4000                x
  is_success             = False                  x
  obstacle_in_path       = False                  x
  obstacle_count_in_path = 0                      x
  obstacles              = {}                     x
  objects                = {'object_1': {'type': 'box', 'size': [0.04, 0.04, 0.04], 'mass': 1, 'color': [0.1, 0.2, 0.9, 1.0], 'initial_position': [-0.25, 0.0, 0.02], 'lateral_friction': 0.13, 'spinning_friction': 0.001, 'current_position': [-0.25000070043087186, 4.903380098338324e-06, 0.01998948963338307]}}  x
  scripts                = {'script_1': True, 'reach_only': True, 'left_right': True}  x
  target_goal            = {'type': 'goal_sequence', 'targets': [{'name': 'target', 'position': [0.15000000596046448, 0.0, 0.019999999552965164]}], 'mode': 'goal_sequence'}  x
  scene                  = {'table': {'length': 1.1, 'width': 0.7, 'height': 0.4, 'x_offset': -0.3, 'lateral_friction': 3.0, 'spinning_friction': 0.001}}  x
  robot_config           = {'control_type': 'ee', 'block_gripper': False, 'base_position': [-0.6, 0.0, 0.05]}  x
  current_task           = OBJECT_DELIVERY_SEQUENCE  x
  current_subtask        = APPROACH_OBJECT        x
  active_target_name     = target                 x
  action                 = [0.1090, 0.0003, -0.9940, 1.0000]  x
  joint_angles           = [-0.0008, -0.0286, 0.0008, -2.9115, 0.0002, 2.8606, 0.7852]  x
  joint_velocities       = [-0.0004, 2.1932, 0.0002, 0.2782, -0.0010, 0.5096, 0.0006]  x
  cube_rotation          = [0.0000, -0.0000, -0.0000]  x
  cube_linear_velocity   = [0.0000, 0.0000, 0.0000]  x
  obstacle_positions     = {}                     x
[step=  11 12:59:49.638][Analyzer] ASM node=approach_object  goal_status=not_applicable
[step=  11 12:59:49.640][DejaVu] {'status': 'ok', 'unanticipated': False, 'adaptation': None, 'evaluation': None}
[step=  12 12:59:50.781][Manager] ep=1 subtask=APPROACH_OBJECT reward=-0.4000
[step=  12 12:59:50.781][Perception]
  RAW PERCEPTION                                  MONITORED PARAMS
  ----------------------------------------------  --------------------------------------
  fingers_width         = 0.0800 m                gripper_width_cm      = 7 cm
  dist_ee_to_cube       = 0.0391 m                distance_ee_object_cm = 1 cm
  dist_cube_to_target   = 0.4000 m  (3D)          distance_obj_goal_cm  = 40 cm  (XY)
  cube_position (z)     = 0.0200 m                object_lift_height_cm = 0 cm
  cube_position (xy)    = [-0.250, 0.000]         grasp_completed       = 0
  finger_contacts (raw) = 0                       finger_contacts       = 0
  x                                               grasp_attempts        = 0
  x                                               task_started          = 1
  x                                               object_available      = 1
  x                                               task_aborted          = 0
  episode                = 1                      x
  step                   = 12                     x
  ee_position            = [-0.2567, -0.0000, 0.0585]  x
  ee_velocity            = [-0.1778, 0.0003, -0.5876]  x
  target_position        = [0.1500, 0.0000, 0.0200]  x
  reward                 = -0.4000                x
  is_success             = False                  x
  obstacle_in_path       = False                  x
  obstacle_count_in_path = 0                      x
  obstacles              = {}                     x
  objects                = {'object_1': {'type': 'box', 'size': [0.04, 0.04, 0.04], 'mass': 1, 'color': [0.1, 0.2, 0.9, 1.0], 'initial_position': [-0.25, 0.0, 0.02], 'lateral_friction': 0.13, 'spinning_friction': 0.001, 'current_position': [-0.2500002862534305, 4.903496398524369e-06, 0.01998990368716314]}}  x
  scripts                = {'script_1': True, 'reach_only': True, 'left_right': True}  x
  target_goal            = {'type': 'goal_sequence', 'targets': [{'name': 'target', 'position': [0.15000000596046448, 0.0, 0.019999999552965164]}], 'mode': 'goal_sequence'}  x
  scene                  = {'table': {'length': 1.1, 'width': 0.7, 'height': 0.4, 'x_offset': -0.3, 'lateral_friction': 3.0, 'spinning_friction': 0.001}}  x
  robot_config           = {'control_type': 'ee', 'block_gripper': False, 'base_position': [-0.6, 0.0, 0.05]}  x
  current_task           = OBJECT_DELIVERY_SEQUENCE  x
  current_subtask        = APPROACH_OBJECT        x
  active_target_name     = target                 x
  action                 = [0.3224, 0.0003, -0.9466, 1.0000]  x
  joint_angles           = [-0.0008, 0.1141, 0.0006, -2.8742, -0.0001, 2.9734, 0.7853]  x
  joint_velocities       = [0.0001, 2.2020, -0.0008, 0.4190, -0.0021, 0.8672, 0.0012]  x
  cube_rotation          = [0.0000, -0.0000, -0.0000]  x
  cube_linear_velocity   = [0.0000, -0.0000, 0.0000]  x
  obstacle_positions     = {}                     x
[step=  12 12:59:50.785][ASM] [PENDING] approach_object → grasp_object: condições satisfeitas, aguardando managing
[step=  12 12:59:50.785][Analyzer] ASM node=approach_object  goal_status=not_applicable
[step=  12 12:59:50.787][DejaVu] {'status': 'ok', 'unanticipated': False, 'adaptation': None, 'evaluation': None}
[step=  13 12:59:51.967][Manager] ep=1 subtask=APPROACH_OBJECT reward=-0.4000
[step=  13 12:59:51.967][Perception]
  RAW PERCEPTION                                  MONITORED PARAMS
  ----------------------------------------------  --------------------------------------
  fingers_width         = 0.0800 m                gripper_width_cm      = 7 cm
  dist_ee_to_cube       = 0.0092 m                distance_ee_object_cm = 0 cm
  dist_cube_to_target   = 0.4000 m  (3D)          distance_obj_goal_cm  = 40 cm  (XY)
  cube_position (z)     = 0.0200 m                object_lift_height_cm = 0 cm
  cube_position (xy)    = [-0.250, 0.000]         grasp_completed       = 0
  finger_contacts (raw) = 0                       finger_contacts       = 0
  x                                               grasp_attempts        = 0
  x                                               task_started          = 1
  x                                               object_available      = 1
  x                                               task_aborted          = 0
  episode                = 1                      x
  step                   = 13                     x
  ee_position            = [-0.2448, 0.0000, 0.0275]  x
  ee_velocity            = [-0.1041, 0.0003, -0.6151]  x
  target_position        = [0.1500, 0.0000, 0.0200]  x
  reward                 = -0.4000                x
  is_success             = False                  x
  obstacle_in_path       = False                  x
  obstacle_count_in_path = 0                      x
  obstacles              = {}                     x
  objects                = {'object_1': {'type': 'box', 'size': [0.04, 0.04, 0.04], 'mass': 1, 'color': [0.1, 0.2, 0.9, 1.0], 'initial_position': [-0.25, 0.0, 0.02], 'lateral_friction': 0.13, 'spinning_friction': 0.001, 'current_position': [-0.2500002081102265, 4.903495591203585e-06, 0.01998998182561259]}}  x
  scripts                = {'script_1': True, 'reach_only': True, 'left_right': True}  x
  target_goal            = {'type': 'goal_sequence', 'targets': [{'name': 'target', 'position': [0.15000000596046448, 0.0, 0.019999999552965164]}], 'mode': 'goal_sequence'}  x
  scene                  = {'table': {'length': 1.1, 'width': 0.7, 'height': 0.4, 'x_offset': -0.3, 'lateral_friction': 3.0, 'spinning_friction': 0.001}}  x
  robot_config           = {'control_type': 'ee', 'block_gripper': False, 'base_position': [-0.6, 0.0, 0.05]}  x
  current_task           = OBJECT_DELIVERY_SEQUENCE  x
  current_subtask        = APPROACH_OBJECT        x
  active_target_name     = target                 x
  action                 = [0.4439, 0.0015, -0.8961, 1.0000]  x
  joint_angles           = [-0.0005, 0.2612, 0.0004, -2.8099, -0.0003, 3.0542, 0.7856]  x
  joint_velocities       = [0.0022, 2.3164, -0.0022, 0.8002, -0.0016, 0.6211, 0.0017]  x
  cube_rotation          = [-0.0000, -0.0000, -0.0000]  x
  cube_linear_velocity   = [0.0000, -0.0000, 0.0000]  x
  obstacle_positions     = {}                     x
[step=  13 12:59:51.971][ASM] [PENDING] approach_object → grasp_object: aguardando managing (já validado)
[step=  13 12:59:51.971][Analyzer] ASM node=approach_object  goal_status=not_applicable
[step=  13 12:59:51.974][DejaVu] {'status': 'ok', 'unanticipated': False, 'adaptation': None, 'evaluation': None}
[step=  14 12:59:53.074][Manager] ep=1 subtask=GRASP_OBJECT reward=-0.4010
[step=  14 12:59:53.075][Perception]
  RAW PERCEPTION                                  MONITORED PARAMS
  ----------------------------------------------  --------------------------------------
  fingers_width         = 0.0317 m                gripper_width_cm      = 3 cm
  dist_ee_to_cube       = 0.0012 m                distance_ee_object_cm = 0 cm
  dist_cube_to_target   = 0.4010 m  (3D)          distance_obj_goal_cm  = 40 cm  (XY)
  cube_position (z)     = 0.0211 m                object_lift_height_cm = 0 cm
  cube_position (xy)    = [-0.251, -0.001]        grasp_completed       = 1
  finger_contacts (raw) = 2                       finger_contacts       = 2
  x                                               grasp_attempts        = 1
  x                                               task_started          = 1
  x                                               object_available      = 1
  x                                               task_aborted          = 0
  episode                = 1                      x
  step                   = 14                     x
  ee_position            = [-0.2509, 0.0000, 0.0201]  x
  ee_velocity            = [0.2347, -0.0004, 0.2804]  x
  target_position        = [0.1500, 0.0000, 0.0200]  x
  reward                 = -0.4010                x
  is_success             = False                  x
  obstacle_in_path       = False                  x
  obstacle_count_in_path = 0                      x
  obstacles              = {}                     x
  objects                = {'object_1': {'type': 'box', 'size': [0.04, 0.04, 0.04], 'mass': 1, 'color': [0.1, 0.2, 0.9, 1.0], 'initial_position': [-0.25, 0.0, 0.02], 'lateral_friction': 0.13, 'spinning_friction': 0.001, 'current_position': [-0.25097795418152563, -0.00064062139782534, 0.021148721895963542]}}  x
  scripts                = {'script_1': True, 'reach_only': True, 'left_right': True}  x
  target_goal            = {'type': 'goal_sequence', 'targets': [{'name': 'target', 'position': [0.15000000596046448, 0.0, 0.019999999552965164]}], 'mode': 'goal_sequence'}  x
  scene                  = {'table': {'length': 1.1, 'width': 0.7, 'height': 0.4, 'x_offset': -0.3, 'lateral_friction': 3.0, 'spinning_friction': 0.001}}  x
  robot_config           = {'control_type': 'ee', 'block_gripper': False, 'base_position': [-0.6, 0.0, 0.05]}  x
  current_task           = OBJECT_DELIVERY_SEQUENCE  x
  current_subtask        = GRASP_OBJECT           x
  active_target_name     = target                 x
  action                 = [0.0000, 0.0000, 0.0000, -1.0000]  x
  joint_angles           = [-0.0003, 0.2776, 0.0002, -2.8174, -0.0003, 3.0728, 0.7856]  x
  joint_velocities       = [0.0011, -0.8141, -0.0019, -0.0854, -0.0007, 0.1431, 0.0004]  x
  cube_rotation          = [-0.0665, 0.0083, -0.0314]  x
  cube_linear_velocity   = [0.0742, -0.0122, 0.0804]  x
  obstacle_positions     = {}                     x
[step=  14 12:59:53.078][ASM] [PENDING] approach_object → grasp_object: aguardando managing (já validado)
[step=  14 12:59:53.078][ASM] [D] approach_object → grasp_object  (type=domain)
[step=  14 12:59:53.078][Analyzer] ASM node=grasp_object  goal_status=ok  (scenario=GRASP_OBJECT)
[step=  14 12:59:53.081][DejaVu] {'status': 'ok', 'unanticipated': False, 'adaptation': None, 'evaluation': None}
[step=  15 12:59:54.223][Manager] ep=1 subtask=GRASP_OBJECT reward=-0.4007
[step=  15 12:59:54.224][Perception]
  RAW PERCEPTION                                  MONITORED PARAMS
  ----------------------------------------------  --------------------------------------
  fingers_width         = 0.0246 m                gripper_width_cm      = 2 cm
  dist_ee_to_cube       = 0.0018 m                distance_ee_object_cm = 0 cm
  dist_cube_to_target   = 0.4007 m  (3D)          distance_obj_goal_cm  = 40 cm  (XY)
  cube_position (z)     = 0.0209 m                object_lift_height_cm = 0 cm
  cube_position (xy)    = [-0.251, -0.002]        grasp_completed       = 1
  finger_contacts (raw) = 2                       finger_contacts       = 2
  x                                               grasp_attempts        = 1
  x                                               task_started          = 1
  x                                               object_available      = 1
  x                                               task_aborted          = 0
  episode                = 1                      x
  step                   = 15                     x
  ee_position            = [-0.2502, 0.0000, 0.0214]  x
  ee_velocity            = [-0.0091, -0.0002, -0.0046]  x
  target_position        = [0.1500, 0.0000, 0.0200]  x
  reward                 = -0.4007                x
  is_success             = False                  x
  obstacle_in_path       = False                  x
  obstacle_count_in_path = 0                      x
  obstacles              = {}                     x
  objects                = {'object_1': {'type': 'box', 'size': [0.04, 0.04, 0.04], 'mass': 1, 'color': [0.1, 0.2, 0.9, 1.0], 'initial_position': [-0.25, 0.0, 0.02], 'lateral_friction': 0.13, 'spinning_friction': 0.001, 'current_position': [-0.2506731615619739, -0.0016801628733546473, 0.020895799720212226]}}  x
  scripts                = {'script_1': True, 'reach_only': True, 'left_right': True}  x
  target_goal            = {'type': 'goal_sequence', 'targets': [{'name': 'target', 'position': [0.15000000596046448, 0.0, 0.019999999552965164]}], 'mode': 'goal_sequence'}  x
  scene                  = {'table': {'length': 1.1, 'width': 0.7, 'height': 0.4, 'x_offset': -0.3, 'lateral_friction': 3.0, 'spinning_friction': 0.001}}  x
  robot_config           = {'control_type': 'ee', 'block_gripper': False, 'base_position': [-0.6, 0.0, 0.05]}  x
  current_task           = OBJECT_DELIVERY_SEQUENCE  x
  current_subtask        = GRASP_OBJECT           x
  active_target_name     = target                 x
  action                 = [0.0000, 0.0000, 0.0000, -1.0000]  x
  joint_angles           = [-0.0002, 0.2773, 0.0001, -2.8279, -0.0004, 3.1026, 0.7857]  x
  joint_velocities       = [0.0009, 0.0266, -0.0014, -0.0832, -0.0005, 0.2289, 0.0005]  x
  cube_rotation          = [0.0002, -0.0105, -0.0160]  x
  cube_linear_velocity   = [-0.0243, -0.0263, -0.0240]  x
  obstacle_positions     = {}                     x
[step=  15 12:59:54.232][ASM] [PENDING] grasp_object → lift_object: condições satisfeitas, aguardando managing
[step=  15 12:59:54.232][Analyzer] ASM node=grasp_object  goal_status=not_applicable
[step=  15 12:59:54.236][DejaVu] {'status': 'ok', 'unanticipated': False, 'adaptation': None, 'evaluation': None}
[step=  16 12:59:55.370][Manager] ep=1 subtask=LIFT_OBJECT reward=-0.4131
[step=  16 12:59:55.371][Perception]
  RAW PERCEPTION                                  MONITORED PARAMS
  ----------------------------------------------  --------------------------------------
  fingers_width         = 0.0236 m                gripper_width_cm      = 2 cm
  dist_ee_to_cube       = 0.0065 m                distance_ee_object_cm = 0 cm
  dist_cube_to_target   = 0.4131 m  (3D)          distance_obj_goal_cm  = 41 cm  (XY)
  cube_position (z)     = 0.0271 m                object_lift_height_cm = 0 cm
  cube_position (xy)    = [-0.263, -0.002]        grasp_completed       = 1
  finger_contacts (raw) = 2                       finger_contacts       = 2
  x                                               grasp_attempts        = 1
  x                                               task_started          = 1
  x                                               object_available      = 1
  x                                               task_aborted          = 0
  episode                = 1                      x
  step                   = 16                     x
  ee_position            = [-0.2642, 0.0000, 0.0333]  x
  ee_velocity            = [0.4561, -0.0004, 0.7834]  x
  target_position        = [0.1500, 0.0000, 0.0200]  x
  reward                 = -0.4131                x
  is_success             = False                  x
  obstacle_in_path       = False                  x
  obstacle_count_in_path = 0                      x
  obstacles              = {}                     x
  objects                = {'object_1': {'type': 'box', 'size': [0.04, 0.04, 0.04], 'mass': 1, 'color': [0.1, 0.2, 0.9, 1.0], 'initial_position': [-0.25, 0.0, 0.02], 'lateral_friction': 0.13, 'spinning_friction': 0.001, 'current_position': [-0.2630493159442608, -0.0016134384063447567, 0.02709062220673127]}}  x
  scripts                = {'script_1': True, 'reach_only': True, 'left_right': True}  x
  target_goal            = {'type': 'goal_sequence', 'targets': [{'name': 'target', 'position': [0.15000000596046448, 0.0, 0.019999999552965164]}], 'mode': 'goal_sequence'}  x
  scene                  = {'table': {'length': 1.1, 'width': 0.7, 'height': 0.4, 'x_offset': -0.3, 'lateral_friction': 3.0, 'spinning_friction': 0.001}}  x
  robot_config           = {'control_type': 'ee', 'block_gripper': False, 'base_position': [-0.6, 0.0, 0.05]}  x
  current_task           = OBJECT_DELIVERY_SEQUENCE  x
  current_subtask        = LIFT_OBJECT            x
  active_target_name     = target                 x
  action                 = [0.0000, 0.0000, 1.0000, -1.0000]  x
  joint_angles           = [-0.0002, 0.1998, 0.0002, -2.8531, -0.0003, 3.0012, 0.7857]  x
  joint_velocities       = [-0.0000, -2.6808, -0.0004, -0.2993, 0.0005, -0.7796, 0.0000]  x
  cube_rotation          = [0.0457, 0.0283, -0.0151]  x
  cube_linear_velocity   = [-0.0103, 0.0178, 0.4554]  x
  obstacle_positions     = {}                     x
[step=  16 12:59:55.374][ASM] [PENDING] grasp_object → lift_object: aguardando managing (já validado)
[step=  16 12:59:55.374][ASM] [D] grasp_object → lift_object  (type=domain)
[step=  16 12:59:55.374][Analyzer] ASM node=lift_object  goal_status=ok  (scenario=LIFT_OBJECT)
[step=  16 12:59:55.378][DejaVu] {'status': 'ok', 'unanticipated': False, 'adaptation': None, 'evaluation': None}
[step=  17 12:59:56.515][Manager] ep=1 subtask=LIFT_OBJECT reward=-0.4126
[step=  17 12:59:56.515][Perception]
  RAW PERCEPTION                                  MONITORED PARAMS
  ----------------------------------------------  --------------------------------------
  fingers_width         = 0.0267 m                gripper_width_cm      = 2 cm
  dist_ee_to_cube       = 0.0152 m                distance_ee_object_cm = 0 cm
  dist_cube_to_target   = 0.4126 m  (3D)          distance_obj_goal_cm  = 41 cm  (XY)
  cube_position (z)     = 0.0505 m                object_lift_height_cm = 3 cm
  cube_position (xy)    = [-0.261, -0.001]        grasp_completed       = 1
  finger_contacts (raw) = 2                       finger_contacts       = 2
  x                                               grasp_attempts        = 1
  x                                               task_started          = 1
  x                                               object_available      = 1
  x                                               task_aborted          = 0
  episode                = 1                      x
  step                   = 17                     x
  ee_position            = [-0.2609, 0.0000, 0.0656]  x
  ee_velocity            = [0.0625, -0.0006, 0.3565]  x
  target_position        = [0.1500, 0.0000, 0.0200]  x
  reward                 = -0.4126                x
  is_success             = False                  x
  obstacle_in_path       = False                  x
  obstacle_count_in_path = 0                      x
  obstacles              = {}                     x
  objects                = {'object_1': {'type': 'box', 'size': [0.04, 0.04, 0.04], 'mass': 1, 'color': [0.1, 0.2, 0.9, 1.0], 'initial_position': [-0.25, 0.0, 0.02], 'lateral_friction': 0.13, 'spinning_friction': 0.001, 'current_position': [-0.26142985228181354, -0.0011678945048618937, 0.05048093126531684]}}  x
  scripts                = {'script_1': True, 'reach_only': True, 'left_right': True}  x
  target_goal            = {'type': 'goal_sequence', 'targets': [{'name': 'target', 'position': [0.15000000596046448, 0.0, 0.019999999552965164]}], 'mode': 'goal_sequence'}  x
  scene                  = {'table': {'length': 1.1, 'width': 0.7, 'height': 0.4, 'x_offset': -0.3, 'lateral_friction': 3.0, 'spinning_friction': 0.001}}  x
  robot_config           = {'control_type': 'ee', 'block_gripper': False, 'base_position': [-0.6, 0.0, 0.05]}  x
  current_task           = OBJECT_DELIVERY_SEQUENCE  x
  current_subtask        = LIFT_OBJECT            x
  active_target_name     = target                 x
  action                 = [0.0000, 0.0000, 1.0000, -1.0000]  x
  joint_angles           = [-0.0002, 0.0693, 0.0003, -2.8964, -0.0002, 2.9591, 0.7857]  x
  joint_velocities       = [-0.0001, -1.4374, -0.0010, -0.4377, 0.0018, -0.3249, 0.0017]  x
  cube_rotation          = [0.0082, -0.0184, -0.0201]  x
  cube_linear_velocity   = [0.1111, 0.0129, 0.3927]  x
  obstacle_positions     = {}                     x
[step=  17 12:59:56.519][Analyzer] ASM node=lift_object  goal_status=not_applicable
[step=  17 12:59:56.521][DejaVu] {'status': 'ok', 'unanticipated': False, 'adaptation': None, 'evaluation': None}
[step=  18 12:59:57.662][Manager] ep=1 subtask=LIFT_OBJECT reward=-0.4155
[step=  18 12:59:57.662][Perception]
  RAW PERCEPTION                                  MONITORED PARAMS
  ----------------------------------------------  --------------------------------------
  fingers_width         = 0.0182 m                gripper_width_cm      = 1 cm
  dist_ee_to_cube       = 0.0199 m                distance_ee_object_cm = 0 cm
  dist_cube_to_target   = 0.4155 m  (3D)          distance_obj_goal_cm  = 41 cm  (XY)
  cube_position (z)     = 0.0711 m                object_lift_height_cm = 5 cm
  cube_position (xy)    = [-0.262, 0.002]         grasp_completed       = 1
  finger_contacts (raw) = 2                       finger_contacts       = 2
  x                                               grasp_attempts        = 1
  x                                               task_started          = 1
  x                                               object_available      = 1
  x                                               task_aborted          = 0
  episode                = 1                      x
  step                   = 18                     x
  ee_position            = [-0.2611, 0.0000, 0.0908]  x
  ee_velocity            = [0.2516, 0.0027, 0.5664]  x
  target_position        = [0.1500, 0.0000, 0.0200]  x
  reward                 = -0.4155                x
  is_success             = False                  x
  obstacle_in_path       = False                  x
  obstacle_count_in_path = 0                      x
  obstacles              = {}                     x
  objects                = {'object_1': {'type': 'box', 'size': [0.04, 0.04, 0.04], 'mass': 1, 'color': [0.1, 0.2, 0.9, 1.0], 'initial_position': [-0.25, 0.0, 0.02], 'lateral_friction': 0.13, 'spinning_friction': 0.001, 'current_position': [-0.262348776695202, 0.002270178798693683, 0.07106711962016067]}}  x
  scripts                = {'script_1': True, 'reach_only': True, 'left_right': True}  x
  target_goal            = {'type': 'goal_sequence', 'targets': [{'name': 'target', 'position': [0.15000000596046448, 0.0, 0.019999999552965164]}], 'mode': 'goal_sequence'}  x
  scene                  = {'table': {'length': 1.1, 'width': 0.7, 'height': 0.4, 'x_offset': -0.3, 'lateral_friction': 3.0, 'spinning_friction': 0.001}}  x
  robot_config           = {'control_type': 'ee', 'block_gripper': False, 'base_position': [-0.6, 0.0, 0.05]}  x
  current_task           = OBJECT_DELIVERY_SEQUENCE  x
  current_subtask        = LIFT_OBJECT            x
  active_target_name     = target                 x
  action                 = [0.0000, 0.0000, 1.0000, -1.0000]  x
  joint_angles           = [-0.0002, -0.0392, 0.0002, -2.9042, -0.0000, 2.8515, 0.7856]  x
  joint_velocities       = [0.0004, -1.9338, 0.0082, -0.0703, 0.0014, -0.8273, -0.0006]  x
  cube_rotation          = [-0.2237, -0.0035, 0.0296]  x
  cube_linear_velocity   = [0.1879, 0.4438, 0.4443]  x
  obstacle_positions     = {}                     x
[step=  18 12:59:57.666][Analyzer] ASM node=lift_object  goal_status=not_applicable
[step=  18 12:59:57.668][DejaVu] {'status': 'ok', 'unanticipated': False, 'adaptation': None, 'evaluation': None}
[step=  19 12:59:58.848][Manager] ep=1 subtask=LIFT_OBJECT reward=-0.4094
[step=  19 12:59:58.848][Perception]
  RAW PERCEPTION                                  MONITORED PARAMS
  ----------------------------------------------  --------------------------------------
  fingers_width         = 0.0022 m                gripper_width_cm      = 0 cm
  dist_ee_to_cube       = 0.0552 m                distance_ee_object_cm = 3 cm
  dist_cube_to_target   = 0.4094 m  (3D)          distance_obj_goal_cm  = 40 cm  (XY)
  cube_position (z)     = 0.0674 m                object_lift_height_cm = 4 cm
  cube_position (xy)    = [-0.256, 0.015]         grasp_completed       = 1
  finger_contacts (raw) = 0                       finger_contacts       = 0
  x                                               grasp_attempts        = 1
  x                                               task_started          = 1
  x                                               object_available      = 1
  x                                               task_aborted          = 0
  episode                = 1                      x
  step                   = 19                     x
  ee_position            = [-0.2576, 0.0000, 0.1206]  x
  ee_velocity            = [0.1139, -0.0001, 0.3939]  x
  target_position        = [0.1500, 0.0000, 0.0200]  x
  reward                 = -0.4094                x
  is_success             = False                  x
  obstacle_in_path       = False                  x
  obstacle_count_in_path = 0                      x
  obstacles              = {}                     x
  objects                = {'object_1': {'type': 'box', 'size': [0.04, 0.04, 0.04], 'mass': 1, 'color': [0.1, 0.2, 0.9, 1.0], 'initial_position': [-0.25, 0.0, 0.02], 'lateral_friction': 0.13, 'spinning_friction': 0.001, 'current_position': [-0.25641211041493917, 0.014900124035026295, 0.06743158709350287]}}  x
  scripts                = {'script_1': True, 'reach_only': True, 'left_right': True}  x
  target_goal            = {'type': 'goal_sequence', 'targets': [{'name': 'target', 'position': [0.15000000596046448, 0.0, 0.019999999552965164]}], 'mode': 'goal_sequence'}  x
  scene                  = {'table': {'length': 1.1, 'width': 0.7, 'height': 0.4, 'x_offset': -0.3, 'lateral_friction': 3.0, 'spinning_friction': 0.001}}  x
  robot_config           = {'control_type': 'ee', 'block_gripper': False, 'base_position': [-0.6, 0.0, 0.05]}  x
  current_task           = OBJECT_DELIVERY_SEQUENCE  x
  current_subtask        = LIFT_OBJECT            x
  active_target_name     = target                 x
  action                 = [0.0000, 0.0000, 1.0000, -1.0000]  x
  joint_angles           = [-0.0002, -0.1520, 0.0002, -2.9045, 0.0001, 2.7473, 0.7854]  x
  joint_velocities       = [0.0003, -1.3601, -0.0005, -0.0076, 0.0007, -0.8014, -0.0012]  x
  cube_rotation          = [-1.2059, 0.1667, -0.0874]  x
  cube_linear_velocity   = [0.1448, 0.2987, -0.3031]  x
  obstacle_positions     = {}                     x
[step=  19 12:59:58.851][Analyzer] ASM node=lift_object  goal_status=not_applicable
[step=  19 12:59:58.853][DejaVu] {'status': 'ok', 'unanticipated': False, 'adaptation': None, 'evaluation': None}
[step=  20 12:59:59.981][Manager] ep=1 subtask=LIFT_OBJECT reward=-0.4024
[step=  20 12:59:59.981][Perception]
  RAW PERCEPTION                                  MONITORED PARAMS
  ----------------------------------------------  --------------------------------------
  fingers_width         = 0.0003 m                gripper_width_cm      = 0 cm
  dist_ee_to_cube       = 0.1057 m                distance_ee_object_cm = 8 cm
  dist_cube_to_target   = 0.4024 m  (3D)          distance_obj_goal_cm  = 40 cm  (XY)
  cube_position (z)     = 0.0471 m                object_lift_height_cm = 2 cm
  cube_position (xy)    = [-0.251, 0.027]         grasp_completed       = 1
  finger_contacts (raw) = 0                       finger_contacts       = 0
  x                                               grasp_attempts        = 1
  x                                               task_started          = 1
  x                                               object_available      = 1
  x                                               task_aborted          = 0
  episode                = 1                      x
  step                   = 20                     x
  ee_position            = [-0.2547, 0.0000, 0.1492]  x
  ee_velocity            = [0.1679, 0.0001, 0.5205]  x
  target_position        = [0.1500, 0.0000, 0.0200]  x
  reward                 = -0.4024                x
  is_success             = False                  x
  obstacle_in_path       = False                  x
  obstacle_count_in_path = 0                      x
  obstacles              = {}                     x
  objects                = {'object_1': {'type': 'box', 'size': [0.04, 0.04, 0.04], 'mass': 1, 'color': [0.1, 0.2, 0.9, 1.0], 'initial_position': [-0.25, 0.0, 0.02], 'lateral_friction': 0.13, 'spinning_friction': 0.001, 'current_position': [-0.2506267020465577, 0.026831571934253205, 0.0470895948251]}}  x
  scripts                = {'script_1': True, 'reach_only': True, 'left_right': True}  x
  target_goal            = {'type': 'goal_sequence', 'targets': [{'name': 'target', 'position': [0.15000000596046448, 0.0, 0.019999999552965164]}], 'mode': 'goal_sequence'}  x
  scene                  = {'table': {'length': 1.1, 'width': 0.7, 'height': 0.4, 'x_offset': -0.3, 'lateral_friction': 3.0, 'spinning_friction': 0.001}}  x
  robot_config           = {'control_type': 'ee', 'block_gripper': False, 'base_position': [-0.6, 0.0, 0.05]}  x
  current_task           = OBJECT_DELIVERY_SEQUENCE  x
  current_subtask        = LIFT_OBJECT            x
  active_target_name     = target                 x
  action                 = [0.0000, 0.0000, 1.0000, -1.0000]  x
  joint_angles           = [-0.0001, -0.2488, 0.0002, -2.8866, 0.0000, 2.6277, 0.7854]  x
  joint_velocities       = [0.0003, -1.5964, -0.0000, 0.1394, 0.0036, -0.9191, -0.0006]  x
  cube_rotation          = [-2.1227, 0.1649, -0.2597]  x
  cube_linear_velocity   = [0.1445, 0.2979, -0.6942]  x
  obstacle_positions     = {}                     x
[step=  20 12:59:59.984][Analyzer] ASM node=lift_object  goal_status=not_applicable
[step=  20 12:59:59.985][DejaVu] {'status': 'ok', 'unanticipated': False, 'adaptation': None, 'evaluation': None}
[step=  21 13:00:01.154][Manager] ep=1 subtask=LIFT_OBJECT reward=-0.3984
[step=  21 13:00:01.155][Perception]
  RAW PERCEPTION                                  MONITORED PARAMS
  ----------------------------------------------  --------------------------------------
  fingers_width         = 0.0000 m                gripper_width_cm      = 0 cm
  dist_ee_to_cube       = 0.1644 m                distance_ee_object_cm = 13 cm
  dist_cube_to_target   = 0.3984 m  (3D)          distance_obj_goal_cm  = 39 cm  (XY)
  cube_position (z)     = 0.0227 m                object_lift_height_cm = 0 cm
  cube_position (xy)    = [-0.246, 0.042]         grasp_completed       = 1
  finger_contacts (raw) = 0                       finger_contacts       = 0
  x                                               grasp_attempts        = 1
  x                                               task_started          = 1
  x                                               object_available      = 1
  x                                               task_aborted          = 0
  episode                = 1                      x
  step                   = 21                     x
  ee_position            = [-0.2506, 0.0000, 0.1815]  x
  ee_velocity            = [0.1127, 0.0002, 0.4607]  x
  target_position        = [0.1500, 0.0000, 0.0200]  x
  reward                 = -0.3984                x
  is_success             = False                  x
  obstacle_in_path       = False                  x
  obstacle_count_in_path = 0                      x
  obstacles              = {}                     x
  objects                = {'object_1': {'type': 'box', 'size': [0.04, 0.04, 0.04], 'mass': 1, 'color': [0.1, 0.2, 0.9, 1.0], 'initial_position': [-0.25, 0.0, 0.02], 'lateral_friction': 0.13, 'spinning_friction': 0.001, 'current_position': [-0.24616122742994073, 0.04211774273706842, 0.022665426737614063]}}  x
  scripts                = {'script_1': True, 'reach_only': True, 'left_right': True}  x
  target_goal            = {'type': 'goal_sequence', 'targets': [{'name': 'target', 'position': [0.15000000596046448, 0.0, 0.019999999552965164]}], 'mode': 'goal_sequence'}  x
  scene                  = {'table': {'length': 1.1, 'width': 0.7, 'height': 0.4, 'x_offset': -0.3, 'lateral_friction': 3.0, 'spinning_friction': 0.001}}  x
  robot_config           = {'control_type': 'ee', 'block_gripper': False, 'base_position': [-0.6, 0.0, 0.05]}  x
  current_task           = OBJECT_DELIVERY_SEQUENCE  x
  current_subtask        = LIFT_OBJECT            x
  active_target_name     = target                 x
  action                 = [0.0000, 0.0000, 1.0000, -1.0000]  x
  joint_angles           = [-0.0001, -0.3424, 0.0002, -2.8599, 0.0000, 2.5112, 0.7854]  x
  joint_velocities       = [-0.0000, -1.2965, -0.0001, 0.2252, 0.0038, -0.8952, -0.0005]  x
  cube_rotation          = [-3.0450, -0.0482, -0.3402]  x
  cube_linear_velocity   = [0.1081, 0.5179, -0.3180]  x
  obstacle_positions     = {}                     x
[step=  21 13:00:01.158][Analyzer] ASM node=lift_object  goal_status=not_applicable
[step=  21 13:00:01.161][DejaVu] {'status': 'ok', 'unanticipated': False, 'adaptation': None, 'evaluation': None}
[step=  22 13:00:02.249][Manager] ep=1 subtask=LIFT_OBJECT reward=-0.3954
[step=  22 13:00:02.250][Perception]
  RAW PERCEPTION                                  MONITORED PARAMS
  ----------------------------------------------  --------------------------------------
  fingers_width         = 0.0000 m                gripper_width_cm      = 0 cm
  dist_ee_to_cube       = 0.1608 m                distance_ee_object_cm = 13 cm
  dist_cube_to_target   = 0.3954 m  (3D)          distance_obj_goal_cm  = 39 cm  (XY)
  cube_position (z)     = 0.0211 m                object_lift_height_cm = 0 cm
  cube_position (xy)    = [-0.241, 0.056]         grasp_completed       = 1
  finger_contacts (raw) = 0                       finger_contacts       = 0
  x                                               grasp_attempts        = 1
  x                                               task_started          = 1
  x                                               object_available      = 1
  x                                               task_aborted          = 0
  episode                = 1                      x
  step                   = 22                     x
  ee_position            = [-0.2435, 0.0000, 0.1718]  x
  ee_velocity            = [-0.4301, -0.0002, -1.0950]  x
  target_position        = [0.1500, 0.0000, 0.0200]  x
  reward                 = -0.3954                x
  is_success             = False                  x
  obstacle_in_path       = False                  x
  obstacle_count_in_path = 0                      x
  obstacles              = {}                     x
  objects                = {'object_1': {'type': 'box', 'size': [0.04, 0.04, 0.04], 'mass': 1, 'color': [0.1, 0.2, 0.9, 1.0], 'initial_position': [-0.25, 0.0, 0.02], 'lateral_friction': 0.13, 'spinning_friction': 0.001, 'current_position': [-0.2414251177131279, 0.05608976659242746, 0.021057212513343422]}}  x
  scripts                = {'script_1': True, 'reach_only': True, 'left_right': True}  x
  target_goal            = {'type': 'goal_sequence', 'targets': [{'name': 'target', 'position': [0.15000000596046448, 0.0, 0.019999999552965164]}], 'mode': 'goal_sequence'}  x
  scene                  = {'table': {'length': 1.1, 'width': 0.7, 'height': 0.4, 'x_offset': -0.3, 'lateral_friction': 3.0, 'spinning_friction': 0.001}}  x
  robot_config           = {'control_type': 'ee', 'block_gripper': False, 'base_position': [-0.6, 0.0, 0.05]}  x
  current_task           = OBJECT_DELIVERY_SEQUENCE  x
  current_subtask        = LIFT_OBJECT            x
  active_target_name     = target                 x
  action                 = [0.0000, 0.0000, -1.0000, -1.0000]  x
  joint_angles           = [-0.0001, -0.3071, 0.0002, -2.8945, 0.0003, 2.6458, 0.7854]  x
  joint_velocities       = [-0.0000, 3.0402, 0.0000, -0.3103, -0.0101, 1.0348, 0.0000]  x
  cube_rotation          = [3.0767, -0.0042, -0.4025]  x
  cube_linear_velocity   = [0.1033, 0.2887, -0.0503]  x
  obstacle_positions     = {}                     x
[step=  22 13:00:02.254][Analyzer] ASM node=lift_object  goal_status=not_applicable
[step=  22 13:00:02.256][DejaVu] {'status': 'ok', 'unanticipated': False, 'adaptation': None, 'evaluation': None}
[step=  23 13:00:03.396][Manager] ep=1 subtask=TRANSPORT_OBJECT reward=-0.3940
[step=  23 13:00:03.396][Perception]
  RAW PERCEPTION                                  MONITORED PARAMS
  ----------------------------------------------  --------------------------------------
  fingers_width         = 0.0000 m                gripper_width_cm      = 0 cm
  dist_ee_to_cube       = 0.1358 m                distance_ee_object_cm = 11 cm
  dist_cube_to_target   = 0.3940 m  (3D)          distance_obj_goal_cm  = 39 cm  (XY)
  cube_position (z)     = 0.0199 m                object_lift_height_cm = 0 cm
  cube_position (xy)    = [-0.239, 0.064]         grasp_completed       = 1
  finger_contacts (raw) = 0                       finger_contacts       = 0
  x                                               grasp_attempts        = 1
  x                                               task_started          = 1
  x                                               object_available      = 1
  x                                               task_aborted          = 0
  episode                = 1                      x
  step                   = 23                     x
  ee_position            = [-0.2426, 0.0000, 0.1395]  x
  ee_velocity            = [1.1106, 0.0006, -0.0567]  x
  target_position        = [0.1500, 0.0000, 0.0200]  x
  reward                 = -0.3940                x
  is_success             = False                  x
  obstacle_in_path       = False                  x
  obstacle_count_in_path = 0                      x
  obstacles              = {}                     x
  objects                = {'object_1': {'type': 'box', 'size': [0.04, 0.04, 0.04], 'mass': 1, 'color': [0.1, 0.2, 0.9, 1.0], 'initial_position': [-0.25, 0.0, 0.02], 'lateral_friction': 0.13, 'spinning_friction': 0.001, 'current_position': [-0.23870132110111597, 0.06438796112666428, 0.019936703983869528]}}  x
  scripts                = {'script_1': True, 'reach_only': True, 'left_right': True}  x
  target_goal            = {'type': 'goal_sequence', 'targets': [{'name': 'target', 'position': [0.15000000596046448, 0.0, 0.019999999552965164]}], 'mode': 'goal_sequence'}  x
  scene                  = {'table': {'length': 1.1, 'width': 0.7, 'height': 0.4, 'x_offset': -0.3, 'lateral_friction': 3.0, 'spinning_friction': 0.001}}  x
  robot_config           = {'control_type': 'ee', 'block_gripper': False, 'base_position': [-0.6, 0.0, 0.05]}  x
  current_task           = OBJECT_DELIVERY_SEQUENCE  x
  current_subtask        = TRANSPORT_OBJECT       x
  active_target_name     = target                 x
  action                 = [1.0000, -0.0000, 0.0000, -1.0000]  x
  joint_angles           = [-0.0002, -0.1448, 0.0002, -2.7941, -0.0001, 2.5629, 0.7854]  x
  joint_velocities       = [-0.0004, 3.3247, 0.0008, 3.6545, 0.0071, -0.6377, 0.0001]  x
  cube_rotation          = [-3.1398, -0.0000, -0.4123]  x
  cube_linear_velocity   = [0.0355, 0.1300, 0.0023]  x
  obstacle_positions     = {}                     x
[step=  23 13:00:03.400][ASM] [WARN] lift_object → transport_object: managing transitou sem condições validadas
[step=  23 13:00:03.400][ASM] [D] lift_object → transport_object  (type=domain)
[step=  23 13:00:03.400][Analyzer] ASM node=transport_object  goal_status=ok  (scenario=TRANSPORT_OBJECT)
[step=  23 13:00:03.741][DejaVu] {'status': 'ok', 'unanticipated': True, 'adaptation': {'candidate_name': 'Lift Slip — Low Friction Surface', 'do': 'apply_vacuum_assist()', 'score': 0.9763888888888889}, 'evaluation': None}
[step=  23 13:00:03.759][Manager][DejaVu] Adaptação: Lift Slip — Low Friction Surface (score=0.976) → apply_vacuum_assist()
[step=  24 13:00:04.781][Manager] ep=1 subtask=APPLY_VACUUM_ASSIST reward=-0.3939
[step=  24 13:00:04.782][Perception]
  RAW PERCEPTION                                  MONITORED PARAMS
  ----------------------------------------------  --------------------------------------
  fingers_width         = 0.0703 m                gripper_width_cm      = 7 cm
  dist_ee_to_cube       = 0.1344 m                distance_ee_object_cm = 10 cm
  dist_cube_to_target   = 0.3939 m  (3D)          distance_obj_goal_cm  = 39 cm  (XY)
  cube_position (z)     = 0.0200 m                object_lift_height_cm = 0 cm
  cube_position (xy)    = [-0.238, 0.067]         grasp_completed       = 1
  finger_contacts (raw) = 0                       finger_contacts       = 0
  x                                               grasp_attempts        = 1
  x                                               task_started          = 1
  x                                               object_available      = 1
  x                                               task_aborted          = 0
  episode                = 1                      x
  step                   = 24                     x
  ee_position            = [-0.2321, -0.0000, 0.1366]  x
  ee_velocity            = [-0.6980, 0.0009, 0.0538]  x
  target_position        = [0.1500, 0.0000, 0.0200]  x
  reward                 = -0.3939                x
  is_success             = False                  x
  obstacle_in_path       = False                  x
  obstacle_count_in_path = 0                      x
  obstacles              = {}                     x
  objects                = {'object_1': {'type': 'box', 'size': [0.04, 0.04, 0.04], 'mass': 1, 'color': [0.1, 0.2, 0.9, 1.0], 'initial_position': [-0.25, 0.0, 0.02], 'lateral_friction': 0.13, 'spinning_friction': 0.001, 'current_position': [-0.23819804276202328, 0.06660761040591277, 0.019980032652573657]}}  x
  scripts                = {'script_1': True, 'reach_only': True, 'left_right': True}  x
  target_goal            = {'type': 'goal_sequence', 'targets': [{'name': 'target', 'position': [0.15000000596046448, 0.0, 0.019999999552965164]}], 'mode': 'goal_sequence'}  x
  scene                  = {'table': {'length': 1.1, 'width': 0.7, 'height': 0.4, 'x_offset': -0.3, 'lateral_friction': 3.0, 'spinning_friction': 0.001}}  x
  robot_config           = {'control_type': 'ee', 'block_gripper': False, 'base_position': [-0.6, 0.0, 0.05]}  x
  current_task           = VACUUM_ASSIST          x
  current_subtask        = APPLY_VACUUM_ASSIST    x
  active_target_name     = target                 x
  action                 = [0.0000, 0.0000, 0.0000, 1.0000]  x
  joint_angles           = [-0.0002, -0.1390, 0.0002, -2.8181, 0.0002, 2.6575, 0.7854]  x
  joint_velocities       = [0.0001, -2.1892, 0.0034, -2.4647, -0.0081, 0.7275, -0.0000]  x
  cube_rotation          = [-3.1413, -0.0000, -0.4123]  x
  cube_linear_velocity   = [0.0002, 0.0003, 0.0004]  x
  obstacle_positions     = {}                     x
[step=  24 13:00:04.785][Analyzer] ASM node=transport_object  goal_status=not_applicable
[step=  24 13:00:04.788][DejaVu] {'status': 'ok', 'unanticipated': True, 'adaptation': {'candidate_name': 'Lift Slip — Low Friction Surface', 'do': 'apply_vacuum_assist()', 'score': 0.9763888888888889}, 'evaluation': {'status': 'waiting', 'candidate': 'Lift Slip — Low Friction Surface', 'adaptive_subtask': 'APPLY_VACUUM_ASSIST'}}
[step=  25 13:00:05.916][Manager] ep=1 subtask=APPLY_VACUUM_ASSIST reward=-0.3939
[step=  25 13:00:05.916][Perception]
  RAW PERCEPTION                                  MONITORED PARAMS
  ----------------------------------------------  --------------------------------------
  fingers_width         = 0.0788 m                gripper_width_cm      = 7 cm
  dist_ee_to_cube       = 0.1148 m                distance_ee_object_cm = 8 cm
  dist_cube_to_target   = 0.3939 m  (3D)          distance_obj_goal_cm  = 39 cm  (XY)
  cube_position (z)     = 0.0200 m                object_lift_height_cm = 0 cm
  cube_position (xy)    = [-0.238, 0.067]         grasp_completed       = 0
  finger_contacts (raw) = 0                       finger_contacts       = 0
  x                                               grasp_attempts        = 1
  x                                               task_started          = 1
  x                                               object_available      = 1
  x                                               task_aborted          = 0
  episode                = 1                      x
  step                   = 25                     x
  ee_position            = [-0.2290, 0.0221, 0.1255]  x
  ee_velocity            = [-0.4243, 0.2854, -0.9829]  x
  target_position        = [0.1500, 0.0000, 0.0200]  x
  reward                 = -0.3939                x
  is_success             = False                  x
  obstacle_in_path       = False                  x
  obstacle_count_in_path = 0                      x
  obstacles              = {}                     x
  objects                = {'object_1': {'type': 'box', 'size': [0.04, 0.04, 0.04], 'mass': 1, 'color': [0.1, 0.2, 0.9, 1.0], 'initial_position': [-0.25, 0.0, 0.02], 'lateral_friction': 0.13, 'spinning_friction': 0.001, 'current_position': [-0.23819498145314288, 0.06661280004435803, 0.0199884146225537]}}  x
  scripts                = {'script_1': True, 'reach_only': True, 'left_right': True}  x
  target_goal            = {'type': 'goal_sequence', 'targets': [{'name': 'target', 'position': [0.15000000596046448, 0.0, 0.019999999552965164]}], 'mode': 'goal_sequence'}  x
  scene                  = {'table': {'length': 1.1, 'width': 0.7, 'height': 0.4, 'x_offset': -0.3, 'lateral_friction': 3.0, 'spinning_friction': 0.001}}  x
  robot_config           = {'control_type': 'ee', 'block_gripper': False, 'base_position': [-0.6, 0.0, 0.05]}  x
  current_task           = VACUUM_ASSIST          x
  current_subtask        = APPLY_VACUUM_ASSIST    x
  active_target_name     = target                 x
  action                 = [-0.0535, 0.5873, -0.8076, 1.0000]  x
  joint_angles           = [0.0291, -0.0945, 0.0344, -2.8417, 0.0105, 2.7796, 0.8435]  x
  joint_velocities       = [0.3822, 2.8820, 0.4342, -0.0048, 0.0788, 0.9388, 0.4471]  x
  cube_rotation          = [-3.1416, 0.0000, -0.4123]  x
  cube_linear_velocity   = [0.0000, 0.0001, 0.0001]  x
  obstacle_positions     = {}                     x
[step=  25 13:00:05.919][Analyzer] ASM node=transport_object  goal_status=not_applicable
[step=  25 13:00:05.922][DejaVu] {'status': 'ok', 'unanticipated': True, 'adaptation': {'candidate_name': 'Lift Slip — Low Friction Surface', 'do': 'apply_vacuum_assist()', 'score': 0.9763888888888889}, 'evaluation': {'status': 'waiting', 'candidate': 'Lift Slip — Low Friction Surface', 'adaptive_subtask': 'APPLY_VACUUM_ASSIST'}}
[step=  26 13:00:06.943][Manager] ep=1 subtask=APPLY_VACUUM_ASSIST reward=-0.3939
[step=  26 13:00:06.943][Perception]
  RAW PERCEPTION                                  MONITORED PARAMS
  ----------------------------------------------  --------------------------------------
  fingers_width         = 0.0799 m                gripper_width_cm      = 7 cm
  dist_ee_to_cube       = 0.0729 m                distance_ee_object_cm = 4 cm
  dist_cube_to_target   = 0.3939 m  (3D)          distance_obj_goal_cm  = 39 cm  (XY)
  cube_position (z)     = 0.0200 m                object_lift_height_cm = 0 cm
  cube_position (xy)    = [-0.238, 0.067]         grasp_completed       = 0
  finger_contacts (raw) = 0                       finger_contacts       = 0
  x                                               grasp_attempts        = 1
  x                                               task_started          = 1
  x                                               object_available      = 1
  x                                               task_aborted          = 0
  episode                = 1                      x
  step                   = 26                     x
  ee_position            = [-0.2410, 0.0406, 0.0880]  x
  ee_velocity            = [-0.2837, 0.1565, -0.5380]  x
  target_position        = [0.1500, 0.0000, 0.0200]  x
  reward                 = -0.3939                x
  is_success             = False                  x
  obstacle_in_path       = False                  x
  obstacle_count_in_path = 0                      x
  obstacles              = {}                     x
  objects                = {'object_1': {'type': 'box', 'size': [0.04, 0.04, 0.04], 'mass': 1, 'color': [0.1, 0.2, 0.9, 1.0], 'initial_position': [-0.25, 0.0, 0.02], 'lateral_friction': 0.13, 'spinning_friction': 0.001, 'current_position': [-0.2381953974099626, 0.06661345349262834, 0.019989729622435264]}}  x
  scripts                = {'script_1': True, 'reach_only': True, 'left_right': True}  x
  target_goal            = {'type': 'goal_sequence', 'targets': [{'name': 'target', 'position': [0.15000000596046448, 0.0, 0.019999999552965164]}], 'mode': 'goal_sequence'}  x
  scene                  = {'table': {'length': 1.1, 'width': 0.7, 'height': 0.4, 'x_offset': -0.3, 'lateral_friction': 3.0, 'spinning_friction': 0.001}}  x
  robot_config           = {'control_type': 'ee', 'block_gripper': False, 'base_position': [-0.6, 0.0, 0.05]}  x
  current_task           = VACUUM_ASSIST          x
  current_subtask        = APPLY_VACUUM_ASSIST    x
  active_target_name     = target                 x
  action                 = [-0.0995, 0.4812, -0.8710, 1.0000]  x
  joint_angles           = [0.0529, 0.0271, 0.0601, -2.8334, 0.0081, 2.8412, 0.8915]  x
  joint_velocities       = [0.2290, 1.6571, 0.2207, 0.0719, -0.0181, 0.4741, 0.3693]  x
  cube_rotation          = [3.1416, 0.0000, -0.4123]  x
  cube_linear_velocity   = [-0.0000, -0.0000, 0.0000]  x
  obstacle_positions     = {}                     x
[step=  26 13:00:06.947][Analyzer] ASM node=transport_object  goal_status=not_applicable
[step=  26 13:00:06.960][DejaVu] {'status': 'ok', 'unanticipated': True, 'adaptation': {'candidate_name': 'Lift Slip — Low Friction Surface', 'do': 'apply_vacuum_assist()', 'score': 0.9763888888888889}, 'evaluation': {'status': 'waiting', 'candidate': 'Lift Slip — Low Friction Surface', 'adaptive_subtask': 'APPLY_VACUUM_ASSIST'}}
[step=  27 13:00:08.090][Manager] ep=1 subtask=APPLY_VACUUM_ASSIST reward=-0.3939
[step=  27 13:00:08.090][Perception]
  RAW PERCEPTION                                  MONITORED PARAMS
  ----------------------------------------------  --------------------------------------
  fingers_width         = 0.0800 m                gripper_width_cm      = 7 cm
  dist_ee_to_cube       = 0.0405 m                distance_ee_object_cm = 1 cm
  dist_cube_to_target   = 0.3939 m  (3D)          distance_obj_goal_cm  = 39 cm  (XY)
  cube_position (z)     = 0.0200 m                object_lift_height_cm = 0 cm
  cube_position (xy)    = [-0.238, 0.067]         grasp_completed       = 0
  finger_contacts (raw) = 0                       finger_contacts       = 0
  x                                               grasp_attempts        = 1
  x                                               task_started          = 1
  x                                               object_available      = 1
  x                                               task_aborted          = 0
  episode                = 1                      x
  step                   = 27                     x
  ee_position            = [-0.2429, 0.0586, 0.0594]  x
  ee_velocity            = [-0.2500, 0.1566, -0.5229]  x
  target_position        = [0.1500, 0.0000, 0.0200]  x
  reward                 = -0.3939                x
  is_success             = False                  x
  obstacle_in_path       = False                  x
  obstacle_count_in_path = 0                      x
  obstacles              = {}                     x
  objects                = {'object_1': {'type': 'box', 'size': [0.04, 0.04, 0.04], 'mass': 1, 'color': [0.1, 0.2, 0.9, 1.0], 'initial_position': [-0.25, 0.0, 0.02], 'lateral_friction': 0.13, 'spinning_friction': 0.001, 'current_position': [-0.23819553402147486, 0.06661336777883392, 0.019989948346020928]}}  x
  scripts                = {'script_1': True, 'reach_only': True, 'left_right': True}  x
  target_goal            = {'type': 'goal_sequence', 'targets': [{'name': 'target', 'position': [0.15000000596046448, 0.0, 0.019999999552965164]}], 'mode': 'goal_sequence'}  x
  scene                  = {'table': {'length': 1.1, 'width': 0.7, 'height': 0.4, 'x_offset': -0.3, 'lateral_friction': 3.0, 'spinning_friction': 0.001}}  x
  robot_config           = {'control_type': 'ee', 'block_gripper': False, 'base_position': [-0.6, 0.0, 0.05]}  x
  current_task           = VACUUM_ASSIST          x
  current_subtask        = APPLY_VACUUM_ASSIST    x
  active_target_name     = target                 x
  action                 = [0.0566, 0.5169, -0.8542, 1.0000]  x
  joint_angles           = [0.0860, 0.1409, 0.0698, -2.8197, -0.0097, 2.9464, 0.9509]  x
  joint_velocities       = [0.3488, 1.7328, 0.0680, 0.1389, -0.1485, 0.8087, 0.4561]  x
  cube_rotation          = [3.1416, 0.0000, -0.4123]  x
  cube_linear_velocity   = [-0.0000, -0.0000, 0.0000]  x
  obstacle_positions     = {}                     x
[step=  27 13:00:08.093][Analyzer] ASM node=transport_object  goal_status=not_applicable
[step=  27 13:00:08.095][DejaVu] {'status': 'ok', 'unanticipated': True, 'adaptation': {'candidate_name': 'Lift Slip — Low Friction Surface', 'do': 'apply_vacuum_assist()', 'score': 0.9763888888888889}, 'evaluation': {'status': 'waiting', 'candidate': 'Lift Slip — Low Friction Surface', 'adaptive_subtask': 'APPLY_VACUUM_ASSIST'}}
[step=  28 13:00:09.236][Manager] ep=1 subtask=APPLY_VACUUM_ASSIST reward=-0.3939
[step=  28 13:00:09.237][Perception]
  RAW PERCEPTION                                  MONITORED PARAMS
  ----------------------------------------------  --------------------------------------
  fingers_width         = 0.0800 m                gripper_width_cm      = 7 cm
  dist_ee_to_cube       = 0.0131 m                distance_ee_object_cm = 0 cm
  dist_cube_to_target   = 0.3939 m  (3D)          distance_obj_goal_cm  = 39 cm  (XY)
  cube_position (z)     = 0.0200 m                object_lift_height_cm = 0 cm
  cube_position (xy)    = [-0.238, 0.067]         grasp_completed       = 0
  finger_contacts (raw) = 0                       finger_contacts       = 0
  x                                               grasp_attempts        = 1
  x                                               task_started          = 1
  x                                               object_available      = 1
  x                                               task_aborted          = 0
  episode                = 1                      x
  step                   = 28                     x
  ee_position            = [-0.2361, 0.0733, 0.0311]  x
  ee_velocity            = [-0.1190, 0.1094, -0.5284]  x
  target_position        = [0.1500, 0.0000, 0.0200]  x
  reward                 = -0.3939                x
  is_success             = False                  x
  obstacle_in_path       = False                  x
  obstacle_count_in_path = 0                      x
  obstacles              = {}                     x
  objects                = {'object_1': {'type': 'box', 'size': [0.04, 0.04, 0.04], 'mass': 1, 'color': [0.1, 0.2, 0.9, 1.0], 'initial_position': [-0.25, 0.0, 0.02], 'lateral_friction': 0.13, 'spinning_friction': 0.001, 'current_position': [-0.23819556222269114, 0.06661335067974825, 0.019989989744320157]}}  x
  scripts                = {'script_1': True, 'reach_only': True, 'left_right': True}  x
  target_goal            = {'type': 'goal_sequence', 'targets': [{'name': 'target', 'position': [0.15000000596046448, 0.0, 0.019999999552965164]}], 'mode': 'goal_sequence'}  x
  scene                  = {'table': {'length': 1.1, 'width': 0.7, 'height': 0.4, 'x_offset': -0.3, 'lateral_friction': 3.0, 'spinning_friction': 0.001}}  x
  robot_config           = {'control_type': 'ee', 'block_gripper': False, 'base_position': [-0.6, 0.0, 0.05]}  x
  current_task           = VACUUM_ASSIST          x
  current_subtask        = APPLY_VACUUM_ASSIST    x
  active_target_name     = target                 x
  action                 = [0.2767, 0.4681, -0.8393, 1.0000]  x
  joint_angles           = [0.1363, 0.2667, 0.0491, -2.7678, -0.0318, 3.0202, 1.0009]  x
  joint_velocities       = [0.4342, 1.8985, -0.1633, 0.6115, -0.1742, 0.5677, 0.3849]  x
  cube_rotation          = [3.1416, 0.0000, -0.4123]  x
  cube_linear_velocity   = [-0.0000, -0.0000, 0.0000]  x
  obstacle_positions     = {}                     x
[step=  28 13:00:09.240][Analyzer] ASM node=transport_object  goal_status=not_applicable
[step=  28 13:00:09.243][DejaVu] {'status': 'ok', 'unanticipated': True, 'adaptation': {'candidate_name': 'Lift Slip — Low Friction Surface', 'do': 'apply_vacuum_assist()', 'score': 0.9763888888888889}, 'evaluation': {'status': 'waiting', 'candidate': 'Lift Slip — Low Friction Surface', 'adaptive_subtask': 'APPLY_VACUUM_ASSIST'}}
[step=  29 13:00:10.384][Manager] ep=1 subtask=APPLY_VACUUM_ASSIST reward=-0.3936
[step=  29 13:00:10.384][Perception]
  RAW PERCEPTION                                  MONITORED PARAMS
  ----------------------------------------------  --------------------------------------
  fingers_width         = 0.0338 m                gripper_width_cm      = 3 cm
  dist_ee_to_cube       = 0.0081 m                distance_ee_object_cm = 0 cm
  dist_cube_to_target   = 0.3936 m  (3D)          distance_obj_goal_cm  = 39 cm  (XY)
  cube_position (z)     = 0.0230 m                object_lift_height_cm = 0 cm
  cube_position (xy)    = [-0.236, 0.078]         grasp_completed       = 1
  finger_contacts (raw) = 2                       finger_contacts       = 2
  x                                               grasp_attempts        = 2
  x                                               task_started          = 1
  x                                               object_available      = 1
  x                                               task_aborted          = 0
  episode                = 1                      x
  step                   = 29                     x
  ee_position            = [-0.2394, 0.0716, 0.0269]  x
  ee_velocity            = [0.1973, 0.0180, 0.2522]  x
  target_position        = [0.1500, 0.0000, 0.0200]  x
  reward                 = -0.3936                x
  is_success             = False                  x
  obstacle_in_path       = False                  x
  obstacle_count_in_path = 0                      x
  obstacles              = {}                     x
  objects                = {'object_1': {'type': 'box', 'size': [0.04, 0.04, 0.04], 'mass': 1, 'color': [0.1, 0.2, 0.9, 1.0], 'initial_position': [-0.25, 0.0, 0.02], 'lateral_friction': 0.13, 'spinning_friction': 0.001, 'current_position': [-0.23585079056688044, 0.07768783701579347, 0.023024313243107854]}}  x
  scripts                = {'script_1': True, 'reach_only': True, 'left_right': True}  x
  target_goal            = {'type': 'goal_sequence', 'targets': [{'name': 'target', 'position': [0.15000000596046448, 0.0, 0.019999999552965164]}], 'mode': 'goal_sequence'}  x
  scene                  = {'table': {'length': 1.1, 'width': 0.7, 'height': 0.4, 'x_offset': -0.3, 'lateral_friction': 3.0, 'spinning_friction': 0.001}}  x
  robot_config           = {'control_type': 'ee', 'block_gripper': False, 'base_position': [-0.6, 0.0, 0.05]}  x
  current_task           = VACUUM_ASSIST          x
  current_subtask        = APPLY_VACUUM_ASSIST    x
  active_target_name     = target                 x
  action                 = [0.0000, 0.0000, 0.0000, -1.0000]  x
  joint_angles           = [0.1518, 0.2729, 0.0305, -2.7742, -0.0437, 3.0333, 1.0102]  x
  joint_velocities       = [0.1196, -0.7007, -0.1442, -0.0646, -0.1001, 0.1005, 0.0714]  x
  cube_rotation          = [-3.1391, -0.0159, -0.0180]  x
  cube_linear_velocity   = [0.1872, 0.1942, 0.2587]  x
  obstacle_positions     = {}                     x
[step=  29 13:00:10.388][Analyzer] ASM node=transport_object  goal_status=not_applicable
[step=  29 13:00:10.391][DejaVu] {'status': 'ok', 'unanticipated': True, 'adaptation': {'candidate_name': 'Lift Slip — Low Friction Surface', 'do': 'apply_vacuum_assist()', 'score': 0.9763888888888889}, 'evaluation': {'status': 'waiting', 'candidate': 'Lift Slip — Low Friction Surface', 'adaptive_subtask': 'APPLY_VACUUM_ASSIST'}}
[step=  30 13:00:11.556][Manager] ep=1 subtask=APPLY_VACUUM_ASSIST reward=-0.4020
[step=  30 13:00:11.556][Perception]
  RAW PERCEPTION                                  MONITORED PARAMS
  ----------------------------------------------  --------------------------------------
  fingers_width         = 0.0347 m                gripper_width_cm      = 3 cm
  dist_ee_to_cube       = 0.0160 m                distance_ee_object_cm = 0 cm
  dist_cube_to_target   = 0.4020 m  (3D)          distance_obj_goal_cm  = 40 cm  (XY)
  cube_position (z)     = 0.0455 m                object_lift_height_cm = 2 cm
  cube_position (xy)    = [-0.242, 0.086]         grasp_completed       = 1
  finger_contacts (raw) = 2                       finger_contacts       = 2
  x                                               grasp_attempts        = 2
  x                                               task_started          = 1
  x                                               object_available      = 1
  x                                               task_aborted          = 0
  episode                = 1                      x
  step                   = 30                     x
  ee_position            = [-0.2475, 0.0709, 0.0482]  x
  ee_velocity            = [0.4983, 0.0836, 0.8552]  x
  target_position        = [0.1500, 0.0000, 0.0200]  x
  reward                 = -0.4020                x
  is_success             = False                  x
  obstacle_in_path       = False                  x
  obstacle_count_in_path = 0                      x
  obstacles              = {}                     x
  objects                = {'object_1': {'type': 'box', 'size': [0.04, 0.04, 0.04], 'mass': 1, 'color': [0.1, 0.2, 0.9, 1.0], 'initial_position': [-0.25, 0.0, 0.02], 'lateral_friction': 0.13, 'spinning_friction': 0.001, 'current_position': [-0.24189257760936586, 0.08567787927501824, 0.045482273745074554]}}  x
  scripts                = {'script_1': True, 'reach_only': True, 'left_right': True}  x
  target_goal            = {'type': 'goal_sequence', 'targets': [{'name': 'target', 'position': [0.15000000596046448, 0.0, 0.019999999552965164]}], 'mode': 'goal_sequence'}  x
  scene                  = {'table': {'length': 1.1, 'width': 0.7, 'height': 0.4, 'x_offset': -0.3, 'lateral_friction': 3.0, 'spinning_friction': 0.001}}  x
  robot_config           = {'control_type': 'ee', 'block_gripper': False, 'base_position': [-0.6, 0.0, 0.05]}  x
  current_task           = VACUUM_ASSIST          x
  current_subtask        = APPLY_VACUUM_ASSIST    x
  active_target_name     = target                 x
  action                 = [0.0000, 0.0000, 1.0000, -1.0000]  x
  joint_angles           = [0.1524, 0.1731, 0.0372, -2.8055, -0.0359, 2.9467, 1.0101]  x
  joint_velocities       = [0.0040, -2.6380, 0.0545, -0.1749, 0.0593, -0.6657, -0.0008]  x
  cube_rotation          = [3.1368, 0.0007, 0.0244]  x
  cube_linear_velocity   = [0.4956, 0.2061, 0.8705]  x
  obstacle_positions     = {}                     x
[step=  30 13:00:11.559][Analyzer] ASM node=transport_object  goal_status=not_applicable
[step=  30 13:00:11.562][DejaVu] {'status': 'ok', 'unanticipated': True, 'adaptation': {'candidate_name': 'Lift Slip — Low Friction Surface', 'do': 'apply_vacuum_assist()', 'score': 0.9763888888888889}, 'evaluation': {'status': 'waiting', 'candidate': 'Lift Slip — Low Friction Surface', 'adaptive_subtask': 'APPLY_VACUUM_ASSIST'}}
[step=  31 13:00:12.677][Manager] ep=1 subtask=APPLY_VACUUM_ASSIST reward=-0.4026
[step=  31 13:00:12.677][Perception]
  RAW PERCEPTION                                  MONITORED PARAMS
  ----------------------------------------------  --------------------------------------
  fingers_width         = 0.0369 m                gripper_width_cm      = 3 cm
  dist_ee_to_cube       = 0.0195 m                distance_ee_object_cm = 0 cm
  dist_cube_to_target   = 0.4026 m  (3D)          distance_obj_goal_cm  = 39 cm  (XY)
  cube_position (z)     = 0.0793 m                object_lift_height_cm = 5 cm
  cube_position (xy)    = [-0.238, 0.091]         grasp_completed       = 1
  finger_contacts (raw) = 2                       finger_contacts       = 2
  x                                               grasp_attempts        = 2
  x                                               task_started          = 1
  x                                               object_available      = 1
  x                                               task_aborted          = 0
  episode                = 1                      x
  step                   = 31                     x
  ee_position            = [-0.2433, 0.0726, 0.0827]  x
  ee_velocity            = [0.0950, 0.0185, 0.4220]  x
  target_position        = [0.1500, 0.0000, 0.0200]  x
  reward                 = -0.4026                x
  is_success             = False                  x
  obstacle_in_path       = False                  x
  obstacle_count_in_path = 0                      x
  obstacles              = {}                     x
  objects                = {'object_1': {'type': 'box', 'size': [0.04, 0.04, 0.04], 'mass': 1, 'color': [0.1, 0.2, 0.9, 1.0], 'initial_position': [-0.25, 0.0, 0.02], 'lateral_friction': 0.13, 'spinning_friction': 0.001, 'current_position': [-0.23769503472566972, 0.09088414276393521, 0.07925664035879407]}}  x
  scripts                = {'script_1': True, 'reach_only': True, 'left_right': True}  x
  target_goal            = {'type': 'goal_sequence', 'targets': [{'name': 'target', 'position': [0.15000000596046448, 0.0, 0.019999999552965164]}], 'mode': 'goal_sequence'}  x
  scene                  = {'table': {'length': 1.1, 'width': 0.7, 'height': 0.4, 'x_offset': -0.3, 'lateral_friction': 3.0, 'spinning_friction': 0.001}}  x
  robot_config           = {'control_type': 'ee', 'block_gripper': False, 'base_position': [-0.6, 0.0, 0.05]}  x
  current_task           = VACUUM_ASSIST          x
  current_subtask        = APPLY_VACUUM_ASSIST    x
  active_target_name     = target                 x
  action                 = [0.0000, 0.0000, 1.0000, -1.0000]  x
  joint_angles           = [0.1526, 0.0455, 0.0452, -2.8336, -0.0188, 2.8793, 1.0020]  x
  joint_velocities       = [0.0018, -1.5080, 0.0579, -0.3024, 0.1319, -0.5183, -0.0627]  x
  cube_rotation          = [3.1361, -0.0324, -0.0097]  x
  cube_linear_velocity   = [0.0976, 0.0872, 0.4280]  x
  obstacle_positions     = {}                     x
[step=  31 13:00:12.681][Analyzer] ASM node=transport_object  goal_status=not_applicable
[step=  31 13:00:12.683][DejaVu] {'status': 'ok', 'unanticipated': True, 'adaptation': {'candidate_name': 'Lift Slip — Low Friction Surface', 'do': 'apply_vacuum_assist()', 'score': 0.9763888888888889}, 'evaluation': {'status': 'waiting', 'candidate': 'Lift Slip — Low Friction Surface', 'adaptive_subtask': 'APPLY_VACUUM_ASSIST'}}
[step=  32 13:00:13.850][Manager] ep=1 subtask=APPLY_VACUUM_ASSIST reward=-0.4041
[step=  32 13:00:13.850][Perception]
  RAW PERCEPTION                                  MONITORED PARAMS
  ----------------------------------------------  --------------------------------------
  fingers_width         = 0.0347 m                gripper_width_cm      = 3 cm
  dist_ee_to_cube       = 0.0145 m                distance_ee_object_cm = 0 cm
  dist_cube_to_target   = 0.4041 m  (3D)          distance_obj_goal_cm  = 39 cm  (XY)
  cube_position (z)     = 0.1073 m                object_lift_height_cm = 8 cm
  cube_position (xy)    = [-0.235, 0.085]         grasp_completed       = 1
  finger_contacts (raw) = 2                       finger_contacts       = 2
  x                                               grasp_attempts        = 2
  x                                               task_started          = 1
  x                                               object_available      = 1
  x                                               task_aborted          = 0
  episode                = 1                      x
  step                   = 32                     x
  ee_position            = [-0.2432, 0.0733, 0.1101]  x
  ee_velocity            = [0.2382, 0.0472, 0.6253]  x
  target_position        = [0.1500, 0.0000, 0.0200]  x
  reward                 = -0.4041                x
  is_success             = False                  x
  obstacle_in_path       = False                  x
  obstacle_count_in_path = 0                      x
  obstacles              = {}                     x
  objects                = {'object_1': {'type': 'box', 'size': [0.04, 0.04, 0.04], 'mass': 1, 'color': [0.1, 0.2, 0.9, 1.0], 'initial_position': [-0.25, 0.0, 0.02], 'lateral_friction': 0.13, 'spinning_friction': 0.001, 'current_position': [-0.2352774804046146, 0.08511628059843468, 0.1072585238690793]}}  x
  scripts                = {'script_1': True, 'reach_only': True, 'left_right': True}  x
  target_goal            = {'type': 'goal_sequence', 'targets': [{'name': 'target', 'position': [0.15000000596046448, 0.0, 0.019999999552965164]}], 'mode': 'goal_sequence'}  x
  scene                  = {'table': {'length': 1.1, 'width': 0.7, 'height': 0.4, 'x_offset': -0.3, 'lateral_friction': 3.0, 'spinning_friction': 0.001}}  x
  robot_config           = {'control_type': 'ee', 'block_gripper': False, 'base_position': [-0.6, 0.0, 0.05]}  x
  current_task           = VACUUM_ASSIST          x
  current_subtask        = APPLY_VACUUM_ASSIST    x
  active_target_name     = target                 x
  action                 = [0.0000, 0.0000, 1.0000, -1.0000]  x
  joint_angles           = [0.1572, -0.0568, 0.0472, -2.8311, 0.0030, 2.7624, 0.9874]  x
  joint_velocities       = [0.0353, -1.9144, 0.0146, 0.0168, 0.1699, -0.8990, -0.1122]  x
  cube_rotation          = [3.1388, -0.0290, 0.0265]  x
  cube_linear_velocity   = [0.2421, -0.1471, 0.6364]  x
  obstacle_positions     = {}                     x
[step=  32 13:00:13.854][Analyzer] ASM node=transport_object  goal_status=not_applicable
[step=  32 13:00:13.856][DejaVu] {'status': 'ok', 'unanticipated': True, 'adaptation': {'candidate_name': 'Lift Slip — Low Friction Surface', 'do': 'apply_vacuum_assist()', 'score': 0.9763888888888889}, 'evaluation': {'status': 'waiting', 'candidate': 'Lift Slip — Low Friction Surface', 'adaptive_subtask': 'APPLY_VACUUM_ASSIST'}}
[step=  33 13:00:14.996][Manager] ep=1 subtask=APPLY_VACUUM_ASSIST reward=-0.4070
[step=  33 13:00:14.997][Perception]
  RAW PERCEPTION                                  MONITORED PARAMS
  ----------------------------------------------  --------------------------------------
  fingers_width         = 0.0353 m                gripper_width_cm      = 3 cm
  dist_ee_to_cube       = 0.0112 m                distance_ee_object_cm = 0 cm
  dist_cube_to_target   = 0.4070 m  (3D)          distance_obj_goal_cm  = 38 cm  (XY)
  cube_position (z)     = 0.1391 m                object_lift_height_cm = 11 cm
  cube_position (xy)    = [-0.231, 0.079]         grasp_completed       = 1
  finger_contacts (raw) = 2                       finger_contacts       = 2
  x                                               grasp_attempts        = 2
  x                                               task_started          = 1
  x                                               object_available      = 1
  x                                               task_aborted          = 0
  episode                = 1                      x
  step                   = 33                     x
  ee_position            = [-0.2403, 0.0741, 0.1423]  x
  ee_velocity            = [0.1480, 0.0292, 0.5237]  x
  target_position        = [0.1500, 0.0000, 0.0200]  x
  reward                 = -0.4070                x
  is_success             = False                  x
  obstacle_in_path       = False                  x
  obstacle_count_in_path = 0                      x
  obstacles              = {}                     x
  objects                = {'object_1': {'type': 'box', 'size': [0.04, 0.04, 0.04], 'mass': 1, 'color': [0.1, 0.2, 0.9, 1.0], 'initial_position': [-0.25, 0.0, 0.02], 'lateral_friction': 0.13, 'spinning_friction': 0.001, 'current_position': [-0.2310123874706208, 0.07948074295648322, 0.13910995829604755]}}  x
  scripts                = {'script_1': True, 'reach_only': True, 'left_right': True}  x
  target_goal            = {'type': 'goal_sequence', 'targets': [{'name': 'target', 'position': [0.15000000596046448, 0.0, 0.019999999552965164]}], 'mode': 'goal_sequence'}  x
  scene                  = {'table': {'length': 1.1, 'width': 0.7, 'height': 0.4, 'x_offset': -0.3, 'lateral_friction': 3.0, 'spinning_friction': 0.001}}  x
  robot_config           = {'control_type': 'ee', 'block_gripper': False, 'base_position': [-0.6, 0.0, 0.05]}  x
  current_task           = VACUUM_ASSIST          x
  current_subtask        = APPLY_VACUUM_ASSIST    x
  active_target_name     = target                 x
  action                 = [0.0000, 0.0000, 1.0000, -1.0000]  x
  joint_angles           = [0.1613, -0.1631, 0.0455, -2.8241, 0.0145, 2.6553, 0.9790]  x
  joint_velocities       = [0.0318, -1.5734, -0.0126, 0.0522, 0.0883, -0.8238, -0.0641]  x
  cube_rotation          = [3.1241, -0.0348, -0.0105]  x
  cube_linear_velocity   = [0.1524, -0.1398, 0.5340]  x
  obstacle_positions     = {}                     x
[step=  33 13:00:15.000][Analyzer] ASM node=transport_object  goal_status=not_applicable
[step=  33 13:00:15.002][DejaVu] {'status': 'ok', 'unanticipated': True, 'adaptation': {'candidate_name': 'Lift Slip — Low Friction Surface', 'do': 'apply_vacuum_assist()', 'score': 0.9763888888888889}, 'evaluation': {'status': 'waiting', 'candidate': 'Lift Slip — Low Friction Surface', 'adaptive_subtask': 'APPLY_VACUUM_ASSIST'}}
[step=  34 13:00:16.130][Manager] ep=1 subtask=APPLY_VACUUM_ASSIST reward=-0.4132
[step=  34 13:00:16.130][Perception]
  RAW PERCEPTION                                  MONITORED PARAMS
  ----------------------------------------------  --------------------------------------
  fingers_width         = 0.0358 m                gripper_width_cm      = 3 cm
  dist_ee_to_cube       = 0.0108 m                distance_ee_object_cm = 0 cm
  dist_cube_to_target   = 0.4132 m  (3D)          distance_obj_goal_cm  = 38 cm  (XY)
  cube_position (z)     = 0.1711 m                object_lift_height_cm = 15 cm
  cube_position (xy)    = [-0.227, 0.074]         grasp_completed       = 1
  finger_contacts (raw) = 2                       finger_contacts       = 2
  x                                               grasp_attempts        = 2
  x                                               task_started          = 1
  x                                               object_available      = 1
  x                                               task_aborted          = 0
  episode                = 1                      x
  step                   = 34                     x
  ee_position            = [-0.2377, 0.0748, 0.1744]  x
  ee_velocity            = [0.1479, 0.0276, 0.5870]  x
  target_position        = [0.1500, 0.0000, 0.0200]  x
  reward                 = -0.4132                x
  is_success             = False                  x
  obstacle_in_path       = False                  x
  obstacle_count_in_path = 0                      x
  obstacles              = {}                     x
  objects                = {'object_1': {'type': 'box', 'size': [0.04, 0.04, 0.04], 'mass': 1, 'color': [0.1, 0.2, 0.9, 1.0], 'initial_position': [-0.25, 0.0, 0.02], 'lateral_friction': 0.13, 'spinning_friction': 0.001, 'current_position': [-0.22739712944758816, 0.07399380093026318, 0.1711460204695192]}}  x
  scripts                = {'script_1': True, 'reach_only': True, 'left_right': True}  x
  target_goal            = {'type': 'goal_sequence', 'targets': [{'name': 'target', 'position': [0.15000000596046448, 0.0, 0.019999999552965164]}], 'mode': 'goal_sequence'}  x
  scene                  = {'table': {'length': 1.1, 'width': 0.7, 'height': 0.4, 'x_offset': -0.3, 'lateral_friction': 3.0, 'spinning_friction': 0.001}}  x
  robot_config           = {'control_type': 'ee', 'block_gripper': False, 'base_position': [-0.6, 0.0, 0.05]}  x
  current_task           = VACUUM_ASSIST          x
  current_subtask        = APPLY_VACUUM_ASSIST    x
  active_target_name     = target                 x
  action                 = [0.0000, 0.0000, 1.0000, -1.0000]  x
  joint_angles           = [0.1637, -0.2558, 0.0434, -2.8006, 0.0191, 2.5370, 0.9752]  x
  joint_velocities       = [0.0185, -1.6164, -0.0167, 0.1830, 0.0450, -0.9101, -0.0293]  x
  cube_rotation          = [3.1403, -0.0392, 0.0023]  x
  cube_linear_velocity   = [0.1508, -0.1355, 0.5963]  x
  obstacle_positions     = {}                     x
[step=  34 13:00:16.134][Analyzer] ASM node=transport_object  goal_status=not_applicable
[step=  34 13:00:16.136][DejaVu] {'status': 'ok', 'unanticipated': True, 'adaptation': {'candidate_name': 'Lift Slip — Low Friction Surface', 'do': 'apply_vacuum_assist()', 'score': 0.9763888888888889}, 'evaluation': {'status': 'waiting', 'candidate': 'Lift Slip — Low Friction Surface', 'adaptive_subtask': 'APPLY_VACUUM_ASSIST'}}
[step=  35 13:00:17.264][Manager] ep=1 subtask=TRANSPORT_OBJECT reward=-0.3825
[step=  35 13:00:17.265][Perception]
  RAW PERCEPTION                                  MONITORED PARAMS
  ----------------------------------------------  --------------------------------------
  fingers_width         = 0.0365 m                gripper_width_cm      = 3 cm
  dist_ee_to_cube       = 0.0126 m                distance_ee_object_cm = 0 cm
  dist_cube_to_target   = 0.3825 m  (3D)          distance_obj_goal_cm  = 34 cm  (XY)
  cube_position (z)     = 0.1832 m                object_lift_height_cm = 16 cm
  cube_position (xy)    = [-0.189, 0.069]         grasp_completed       = 1
  finger_contacts (raw) = 2                       finger_contacts       = 2
  x                                               grasp_attempts        = 2
  x                                               task_started          = 1
  x                                               object_available      = 1
  x                                               task_aborted          = 0
  episode                = 1                      x
  step                   = 35                     x
  ee_position            = [-0.2008, 0.0671, 0.1874]  x
  ee_velocity            = [0.8006, -0.0359, -0.0837]  x
  target_position        = [0.1500, 0.0000, 0.0200]  x
  reward                 = -0.3825                x
  is_success             = False                  x
  obstacle_in_path       = False                  x
  obstacle_count_in_path = 0                      x
  obstacles              = {}                     x
  objects                = {'object_1': {'type': 'box', 'size': [0.04, 0.04, 0.04], 'mass': 1, 'color': [0.1, 0.2, 0.9, 1.0], 'initial_position': [-0.25, 0.0, 0.02], 'lateral_friction': 0.13, 'spinning_friction': 0.001, 'current_position': [-0.18904850650680077, 0.06875534162584271, 0.18317626495892644]}}  x
  scripts                = {'script_1': True, 'reach_only': True, 'left_right': True}  x
  target_goal            = {'type': 'goal_sequence', 'targets': [{'name': 'target', 'position': [0.15000000596046448, 0.0, 0.019999999552965164]}], 'mode': 'goal_sequence'}  x
  scene                  = {'table': {'length': 1.1, 'width': 0.7, 'height': 0.4, 'x_offset': -0.3, 'lateral_friction': 3.0, 'spinning_friction': 0.001}}  x
  robot_config           = {'control_type': 'ee', 'block_gripper': False, 'base_position': [-0.6, 0.0, 0.05]}  x
  current_task           = OBJECT_DELIVERY_SEQUENCE  x
  current_subtask        = TRANSPORT_OBJECT       x
  active_target_name     = target                 x
  action                 = [0.9819, -0.1893, 0.0000, -1.0000]  x
  joint_angles           = [0.1447, -0.1921, 0.0221, -2.7041, 0.0063, 2.5352, 0.9446]  x
  joint_velocities       = [-0.2383, 2.5285, -0.2118, 2.4483, -0.0986, -0.0134, -0.2351]  x
  cube_rotation          = [-3.1389, -0.0699, 0.0054]  x
  cube_linear_velocity   = [0.8018, -0.1327, -0.0820]  x
  obstacle_positions     = {}                     x
[step=  35 13:00:17.268][Analyzer] ASM node=transport_object  goal_status=not_applicable
[step=  35 13:00:17.272][DejaVu] {'status': 'ok', 'unanticipated': True, 'adaptation': {'candidate_name': 'Lift Slip — Low Friction Surface', 'do': 'apply_vacuum_assist()', 'score': 0.9763888888888889}, 'evaluation': {'status': 'success', 'reason': 'then_satisfied', 'ticks': 1, 'candidate': 'Lift Slip — Low Friction Surface', 'then': 'object_lift_height_cm >= 10 AND finger_contacts >= 2'}}
[step=  36 13:00:18.423][Manager] ep=1 subtask=TRANSPORT_OBJECT reward=-0.3503
[step=  36 13:00:18.424][Perception]
  RAW PERCEPTION                                  MONITORED PARAMS
  ----------------------------------------------  --------------------------------------
  fingers_width         = 0.0373 m                gripper_width_cm      = 3 cm
  dist_ee_to_cube       = 0.0127 m                distance_ee_object_cm = 0 cm
  dist_cube_to_target   = 0.3503 m  (3D)          distance_obj_goal_cm  = 31 cm  (XY)
  cube_position (z)     = 0.1775 m                object_lift_height_cm = 15 cm
  cube_position (xy)    = [-0.156, 0.064]         grasp_completed       = 1
  finger_contacts (raw) = 2                       finger_contacts       = 2
  x                                               grasp_attempts        = 2
  x                                               task_started          = 1
  x                                               object_available      = 1
  x                                               task_aborted          = 0
  episode                = 1                      x
  step                   = 36                     x
  ee_position            = [-0.1671, 0.0585, 0.1820]  x
  ee_velocity            = [0.3442, -0.0862, -0.0540]  x
  target_position        = [0.1500, 0.0000, 0.0200]  x
  reward                 = -0.3503                x
  is_success             = False                  x
  obstacle_in_path       = False                  x
  obstacle_count_in_path = 0                      x
  obstacles              = {}                     x
  objects                = {'object_1': {'type': 'box', 'size': [0.04, 0.04, 0.04], 'mass': 1, 'color': [0.1, 0.2, 0.9, 1.0], 'initial_position': [-0.25, 0.0, 0.02], 'lateral_friction': 0.13, 'spinning_friction': 0.001, 'current_position': [-0.1563703150178197, 0.06352605818301313, 0.17747144892896358]}}  x
  scripts                = {'script_1': True, 'reach_only': True, 'left_right': True}  x
  target_goal            = {'type': 'goal_sequence', 'targets': [{'name': 'target', 'position': [0.15000000596046448, 0.0, 0.019999999552965164]}], 'mode': 'goal_sequence'}  x
  scene                  = {'table': {'length': 1.1, 'width': 0.7, 'height': 0.4, 'x_offset': -0.3, 'lateral_friction': 3.0, 'spinning_friction': 0.001}}  x
  robot_config           = {'control_type': 'ee', 'block_gripper': False, 'base_position': [-0.6, 0.0, 0.05]}  x
  current_task           = OBJECT_DELIVERY_SEQUENCE  x
  current_subtask        = TRANSPORT_OBJECT       x
  active_target_name     = target                 x
  action                 = [0.9816, -0.1876, -0.0364, -1.0000]  x
  joint_angles           = [0.1294, -0.0802, 0.0043, -2.5860, 0.0007, 2.4972, 0.9178]  x
  joint_velocities       = [-0.1388, 1.0906, -0.1628, 1.1775, -0.0425, -0.2923, -0.2065]  x
  cube_rotation          = [3.1411, -0.0379, 0.0034]  x
  cube_linear_velocity   = [0.3436, -0.1302, -0.0570]  x
  obstacle_positions     = {}                     x
[step=  36 13:00:18.427][Analyzer] ASM node=transport_object  goal_status=not_applicable
[step=  36 13:00:18.429][DejaVu] {'status': 'ok', 'unanticipated': True, 'adaptation': {'candidate_name': 'Lift Slip — Low Friction Surface', 'do': 'apply_vacuum_assist()', 'score': 0.9763888888888889}, 'evaluation': {'status': 'success', 'reason': 'then_satisfied', 'ticks': 1, 'candidate': 'Lift Slip — Low Friction Surface', 'then': 'object_lift_height_cm >= 10 AND finger_contacts >= 2'}}
[step=  37 13:00:19.570][Manager] ep=1 subtask=TRANSPORT_OBJECT reward=-0.3185
[step=  37 13:00:19.571][Perception]
  RAW PERCEPTION                                  MONITORED PARAMS
  ----------------------------------------------  --------------------------------------
  fingers_width         = 0.0378 m                gripper_width_cm      = 3 cm
  dist_ee_to_cube       = 0.0145 m                distance_ee_object_cm = 0 cm
  dist_cube_to_target   = 0.3185 m  (3D)          distance_obj_goal_cm  = 28 cm  (XY)
  cube_position (z)     = 0.1713 m                object_lift_height_cm = 15 cm
  cube_position (xy)    = [-0.124, 0.058]         grasp_completed       = 1
  finger_contacts (raw) = 2                       finger_contacts       = 2
  x                                               grasp_attempts        = 2
  x                                               task_started          = 1
  x                                               object_available      = 1
  x                                               task_aborted          = 0
  episode                = 1                      x
  step                   = 37                     x
  ee_position            = [-0.1350, 0.0500, 0.1760]  x
  ee_velocity            = [0.4314, -0.0733, -0.0930]  x
  target_position        = [0.1500, 0.0000, 0.0200]  x
  reward                 = -0.3185                x
  is_success             = False                  x
  obstacle_in_path       = False                  x
  obstacle_count_in_path = 0                      x
  obstacles              = {}                     x
  objects                = {'object_1': {'type': 'box', 'size': [0.04, 0.04, 0.04], 'mass': 1, 'color': [0.1, 0.2, 0.9, 1.0], 'initial_position': [-0.25, 0.0, 0.02], 'lateral_friction': 0.13, 'spinning_friction': 0.001, 'current_position': [-0.12410155410667818, 0.05841369406708187, 0.1712915772271105]}}  x
  scripts                = {'script_1': True, 'reach_only': True, 'left_right': True}  x
  target_goal            = {'type': 'goal_sequence', 'targets': [{'name': 'target', 'position': [0.15000000596046448, 0.0, 0.019999999552965164]}], 'mode': 'goal_sequence'}  x
  scene                  = {'table': {'length': 1.1, 'width': 0.7, 'height': 0.4, 'x_offset': -0.3, 'lateral_friction': 3.0, 'spinning_friction': 0.001}}  x
  robot_config           = {'control_type': 'ee', 'block_gripper': False, 'base_position': [-0.6, 0.0, 0.05]}  x
  current_task           = OBJECT_DELIVERY_SEQUENCE  x
  current_subtask        = TRANSPORT_OBJECT       x
  active_target_name     = target                 x
  action                 = [0.9832, -0.1813, -0.0235, -1.0000]  x
  joint_angles           = [0.1167, 0.0174, -0.0100, -2.4832, 0.0002, 2.4858, 0.8917]  x
  joint_velocities       = [-0.1324, 1.2887, -0.1160, 1.3618, -0.0042, -0.0877, -0.2003]  x
  cube_rotation          = [3.1407, -0.0313, 0.0028]  x
  cube_linear_velocity   = [0.4318, -0.1276, -0.0934]  x
  obstacle_positions     = {}                     x
[step=  37 13:00:19.574][Analyzer] ASM node=transport_object  goal_status=not_applicable
[step=  37 13:00:19.576][DejaVu] {'status': 'ok', 'unanticipated': True, 'adaptation': {'candidate_name': 'Lift Slip — Low Friction Surface', 'do': 'apply_vacuum_assist()', 'score': 0.9763888888888889}, 'evaluation': {'status': 'success', 'reason': 'then_satisfied', 'ticks': 1, 'candidate': 'Lift Slip — Low Friction Surface', 'then': 'object_lift_height_cm >= 10 AND finger_contacts >= 2'}}
[step=  38 13:00:20.730][Manager] ep=1 subtask=TRANSPORT_OBJECT reward=-0.2866
[step=  38 13:00:20.731][Perception]
  RAW PERCEPTION                                  MONITORED PARAMS
  ----------------------------------------------  --------------------------------------
  fingers_width         = 0.0382 m                gripper_width_cm      = 3 cm
  dist_ee_to_cube       = 0.0163 m                distance_ee_object_cm = 0 cm
  dist_cube_to_target   = 0.2866 m  (3D)          distance_obj_goal_cm  = 24 cm  (XY)
  cube_position (z)     = 0.1643 m                object_lift_height_cm = 14 cm
  cube_position (xy)    = [-0.092, 0.053]         grasp_completed       = 1
  finger_contacts (raw) = 2                       finger_contacts       = 2
  x                                               grasp_attempts        = 2
  x                                               task_started          = 1
  x                                               object_available      = 1
  x                                               task_aborted          = 0
  episode                = 1                      x
  step                   = 38                     x
  ee_position            = [-0.1026, 0.0421, 0.1690]  x
  ee_velocity            = [0.3948, -0.0706, -0.1027]  x
  target_position        = [0.1500, 0.0000, 0.0200]  x
  reward                 = -0.2866                x
  is_success             = False                  x
  obstacle_in_path       = False                  x
  obstacle_count_in_path = 0                      x
  obstacles              = {}                     x
  objects                = {'object_1': {'type': 'box', 'size': [0.04, 0.04, 0.04], 'mass': 1, 'color': [0.1, 0.2, 0.9, 1.0], 'initial_position': [-0.25, 0.0, 0.02], 'lateral_friction': 0.13, 'spinning_friction': 0.001, 'current_position': [-0.09185183149322568, 0.05340852952079018, 0.1642941810234996]}}  x
  scripts                = {'script_1': True, 'reach_only': True, 'left_right': True}  x
  target_goal            = {'type': 'goal_sequence', 'targets': [{'name': 'target', 'position': [0.15000000596046448, 0.0, 0.019999999552965164]}], 'mode': 'goal_sequence'}  x
  scene                  = {'table': {'length': 1.1, 'width': 0.7, 'height': 0.4, 'x_offset': -0.3, 'lateral_friction': 3.0, 'spinning_friction': 0.001}}  x
  robot_config           = {'control_type': 'ee', 'block_gripper': False, 'base_position': [-0.6, 0.0, 0.05]}  x
  current_task           = OBJECT_DELIVERY_SEQUENCE  x
  current_subtask        = TRANSPORT_OBJECT       x
  active_target_name     = target                 x
  action                 = [0.9849, -0.1729, -0.0054, -1.0000]  x
  joint_angles           = [0.1049, 0.1120, -0.0207, -2.3787, 0.0032, 2.4735, 0.8672]  x
  joint_velocities       = [-0.1256, 1.1681, -0.0767, 1.2783, 0.0231, -0.0949, -0.1886]  x
  cube_rotation          = [3.1410, -0.0290, 0.0024]  x
  cube_linear_velocity   = [0.3952, -0.1243, -0.1028]  x
  obstacle_positions     = {}                     x
[step=  38 13:00:20.734][Analyzer] ASM node=transport_object  goal_status=not_applicable
[step=  38 13:00:20.736][DejaVu] {'status': 'ok', 'unanticipated': True, 'adaptation': {'candidate_name': 'Lift Slip — Low Friction Surface', 'do': 'apply_vacuum_assist()', 'score': 0.9763888888888889}, 'evaluation': {'status': 'success', 'reason': 'then_satisfied', 'ticks': 1, 'candidate': 'Lift Slip — Low Friction Surface', 'then': 'object_lift_height_cm >= 10 AND finger_contacts >= 2'}}
[step=  39 13:00:21.877][Manager] ep=1 subtask=TRANSPORT_OBJECT reward=-0.2558
[step=  39 13:00:21.877][Perception]
  RAW PERCEPTION                                  MONITORED PARAMS
  ----------------------------------------------  --------------------------------------
  fingers_width         = 0.0383 m                gripper_width_cm      = 3 cm
  dist_ee_to_cube       = 0.0183 m                distance_ee_object_cm = 0 cm
  dist_cube_to_target   = 0.2558 m  (3D)          distance_obj_goal_cm  = 21 cm  (XY)
  cube_position (z)     = 0.1574 m                object_lift_height_cm = 13 cm
  cube_position (xy)    = [-0.060, 0.049]         grasp_completed       = 1
  finger_contacts (raw) = 2                       finger_contacts       = 2
  x                                               grasp_attempts        = 2
  x                                               task_started          = 1
  x                                               object_available      = 1
  x                                               task_aborted          = 0
  episode                = 1                      x
  step                   = 39                     x
  ee_position            = [-0.0710, 0.0345, 0.1621]  x
  ee_velocity            = [0.3959, -0.0659, -0.0970]  x
  target_position        = [0.1500, 0.0000, 0.0200]  x
  reward                 = -0.2558                x
  is_success             = False                  x
  obstacle_in_path       = False                  x
  obstacle_count_in_path = 0                      x
  obstacles              = {}                     x
  objects                = {'object_1': {'type': 'box', 'size': [0.04, 0.04, 0.04], 'mass': 1, 'color': [0.1, 0.2, 0.9, 1.0], 'initial_position': [-0.25, 0.0, 0.02], 'lateral_friction': 0.13, 'spinning_friction': 0.001, 'current_position': [-0.06023650544072514, 0.04851520033958891, 0.15739123592898846]}}  x
  scripts                = {'script_1': True, 'reach_only': True, 'left_right': True}  x
  target_goal            = {'type': 'goal_sequence', 'targets': [{'name': 'target', 'position': [0.15000000596046448, 0.0, 0.019999999552965164]}], 'mode': 'goal_sequence'}  x
  scene                  = {'table': {'length': 1.1, 'width': 0.7, 'height': 0.4, 'x_offset': -0.3, 'lateral_friction': 3.0, 'spinning_friction': 0.001}}  x
  robot_config           = {'control_type': 'ee', 'block_gripper': False, 'base_position': [-0.6, 0.0, 0.05]}  x
  current_task           = OBJECT_DELIVERY_SEQUENCE  x
  current_subtask        = TRANSPORT_OBJECT       x
  active_target_name     = target                 x
  action                 = [0.9862, -0.1642, 0.0211, -1.0000]  x
  joint_angles           = [0.0932, 0.2023, -0.0281, -2.2719, 0.0081, 2.4559, 0.8448]  x
  joint_velocities       = [-0.1226, 1.1215, -0.0484, 1.3177, 0.0375, -0.1356, -0.1724]  x
  cube_rotation          = [3.1411, -0.0283, 0.0024]  x
  cube_linear_velocity   = [0.3964, -0.1216, -0.0967]  x
  obstacle_positions     = {}                     x
[step=  39 13:00:21.880][Analyzer] ASM node=transport_object  goal_status=not_applicable
[step=  39 13:00:21.883][DejaVu] {'status': 'ok', 'unanticipated': True, 'adaptation': {'candidate_name': 'Lift Slip — Low Friction Surface', 'do': 'apply_vacuum_assist()', 'score': 0.9763888888888889}, 'evaluation': {'status': 'success', 'reason': 'then_satisfied', 'ticks': 1, 'candidate': 'Lift Slip — Low Friction Surface', 'then': 'object_lift_height_cm >= 10 AND finger_contacts >= 2'}}
[step=  40 13:00:23.010][Manager] ep=1 subtask=TRANSPORT_OBJECT reward=-0.2259
[step=  40 13:00:23.011][Perception]
  RAW PERCEPTION                                  MONITORED PARAMS
  ----------------------------------------------  --------------------------------------
  fingers_width         = 0.0383 m                gripper_width_cm      = 3 cm
  dist_ee_to_cube       = 0.0193 m                distance_ee_object_cm = 0 cm
  dist_cube_to_target   = 0.2259 m  (3D)          distance_obj_goal_cm  = 18 cm  (XY)
  cube_position (z)     = 0.1503 m                object_lift_height_cm = 13 cm
  cube_position (xy)    = [-0.029, 0.043]         grasp_completed       = 1
  finger_contacts (raw) = 2                       finger_contacts       = 2
  x                                               grasp_attempts        = 2
  x                                               task_started          = 1
  x                                               object_available      = 1
  x                                               task_aborted          = 0
  episode                = 1                      x
  step                   = 40                     x
  ee_position            = [-0.0402, 0.0275, 0.1551]  x
  ee_velocity            = [0.3689, -0.0625, -0.1114]  x
  target_position        = [0.1500, 0.0000, 0.0200]  x
  reward                 = -0.2259                x
  is_success             = False                  x
  obstacle_in_path       = False                  x
  obstacle_count_in_path = 0                      x
  obstacles              = {}                     x
  objects                = {'object_1': {'type': 'box', 'size': [0.04, 0.04, 0.04], 'mass': 1, 'color': [0.1, 0.2, 0.9, 1.0], 'initial_position': [-0.25, 0.0, 0.02], 'lateral_friction': 0.13, 'spinning_friction': 0.001, 'current_position': [-0.02948719479441746, 0.042849259377685536, 0.15029950943232603]}}  x
  scripts                = {'script_1': True, 'reach_only': True, 'left_right': True}  x
  target_goal            = {'type': 'goal_sequence', 'targets': [{'name': 'target', 'position': [0.15000000596046448, 0.0, 0.019999999552965164]}], 'mode': 'goal_sequence'}  x
  scene                  = {'table': {'length': 1.1, 'width': 0.7, 'height': 0.4, 'x_offset': -0.3, 'lateral_friction': 3.0, 'spinning_friction': 0.001}}  x
  robot_config           = {'control_type': 'ee', 'block_gripper': False, 'base_position': [-0.6, 0.0, 0.05]}  x
  current_task           = OBJECT_DELIVERY_SEQUENCE  x
  current_subtask        = TRANSPORT_OBJECT       x
  active_target_name     = target                 x
  action                 = [0.9865, -0.1541, 0.0549, -1.0000]  x
  joint_angles           = [0.0815, 0.2901, -0.0328, -2.1618, 0.0133, 2.4319, 0.8252]  x
  joint_velocities       = [-0.1171, 1.0842, -0.0292, 1.3071, 0.0410, -0.1845, -0.1506]  x
  cube_rotation          = [3.1411, -0.0267, 0.0024]  x
  cube_linear_velocity   = [0.3691, -0.1464, -0.1112]  x
  obstacle_positions     = {}                     x
[step=  40 13:00:23.014][Analyzer] ASM node=transport_object  goal_status=not_applicable
[step=  40 13:00:23.016][DejaVu] {'status': 'ok', 'unanticipated': True, 'adaptation': {'candidate_name': 'Lift Slip — Low Friction Surface', 'do': 'apply_vacuum_assist()', 'score': 0.9763888888888889}, 'evaluation': {'status': 'success', 'reason': 'then_satisfied', 'ticks': 1, 'candidate': 'Lift Slip — Low Friction Surface', 'then': 'object_lift_height_cm >= 10 AND finger_contacts >= 2'}}
[step=  41 13:00:24.145][Manager] ep=1 subtask=TRANSPORT_OBJECT reward=-0.1977
[step=  41 13:00:24.145][Perception]
  RAW PERCEPTION                                  MONITORED PARAMS
  ----------------------------------------------  --------------------------------------
  fingers_width         = 0.0383 m                gripper_width_cm      = 3 cm
  dist_ee_to_cube       = 0.0191 m                distance_ee_object_cm = 0 cm
  dist_cube_to_target   = 0.1977 m  (3D)          distance_obj_goal_cm  = 15 cm  (XY)
  cube_position (z)     = 0.1438 m                object_lift_height_cm = 12 cm
  cube_position (xy)    = [0.000, 0.036]          grasp_completed       = 1
  finger_contacts (raw) = 2                       finger_contacts       = 2
  x                                               grasp_attempts        = 2
  x                                               task_started          = 1
  x                                               object_available      = 1
  x                                               task_aborted          = 0
  episode                = 1                      x
  step                   = 41                     x
  ee_position            = [-0.0106, 0.0210, 0.1485]  x
  ee_velocity            = [0.3574, -0.0572, -0.0905]  x
  target_position        = [0.1500, 0.0000, 0.0200]  x
  reward                 = -0.1977                x
  is_success             = False                  x
  obstacle_in_path       = False                  x
  obstacle_count_in_path = 0                      x
  obstacles              = {}                     x
  objects                = {'object_1': {'type': 'box', 'size': [0.04, 0.04, 0.04], 'mass': 1, 'color': [0.1, 0.2, 0.9, 1.0], 'initial_position': [-0.25, 0.0, 0.02], 'lateral_friction': 0.13, 'spinning_friction': 0.001, 'current_position': [0.00011100056616700302, 0.036126725313205814, 0.1438243652559469]}}  x
  scripts                = {'script_1': True, 'reach_only': True, 'left_right': True}  x
  target_goal            = {'type': 'goal_sequence', 'targets': [{'name': 'target', 'position': [0.15000000596046448, 0.0, 0.019999999552965164]}], 'mode': 'goal_sequence'}  x
  scene                  = {'table': {'length': 1.1, 'width': 0.7, 'height': 0.4, 'x_offset': -0.3, 'lateral_friction': 3.0, 'spinning_friction': 0.001}}  x
  robot_config           = {'control_type': 'ee', 'block_gripper': False, 'base_position': [-0.6, 0.0, 0.05]}  x
  current_task           = OBJECT_DELIVERY_SEQUENCE  x
  current_subtask        = TRANSPORT_OBJECT       x
  active_target_name     = target                 x
  action                 = [0.9848, -0.1422, 0.1002, -1.0000]  x
  joint_angles           = [0.0703, 0.3740, -0.0357, -2.0496, 0.0182, 2.4023, 0.8088]  x
  joint_velocities       = [-0.1094, 1.0085, -0.0164, 1.3146, 0.0380, -0.2276, -0.1266]  x
  cube_rotation          = [3.1410, -0.0253, 0.0028]  x
  cube_linear_velocity   = [0.3577, -0.1726, -0.0898]  x
  obstacle_positions     = {}                     x
[step=  41 13:00:24.149][Analyzer] ASM node=transport_object  goal_status=not_applicable
[step=  41 13:00:24.151][DejaVu] {'status': 'ok', 'unanticipated': True, 'adaptation': {'candidate_name': 'Lift Slip — Low Friction Surface', 'do': 'apply_vacuum_assist()', 'score': 0.9763888888888889}, 'evaluation': {'status': 'success', 'reason': 'then_satisfied', 'ticks': 1, 'candidate': 'Lift Slip — Low Friction Surface', 'then': 'object_lift_height_cm >= 10 AND finger_contacts >= 2'}}
[step=  42 13:00:25.292][Manager] ep=1 subtask=TRANSPORT_OBJECT reward=-0.1723
[step=  42 13:00:25.292][Perception]
  RAW PERCEPTION                                  MONITORED PARAMS
  ----------------------------------------------  --------------------------------------
  fingers_width         = 0.0383 m                gripper_width_cm      = 3 cm
  dist_ee_to_cube       = 0.0183 m                distance_ee_object_cm = 0 cm
  dist_cube_to_target   = 0.1723 m  (3D)          distance_obj_goal_cm  = 12 cm  (XY)
  cube_position (z)     = 0.1383 m                object_lift_height_cm = 11 cm
  cube_position (xy)    = [0.028, 0.029]          grasp_completed       = 1
  finger_contacts (raw) = 2                       finger_contacts       = 2
  x                                               grasp_attempts        = 2
  x                                               task_started          = 1
  x                                               object_available      = 1
  x                                               task_aborted          = 0
  episode                = 1                      x
  step                   = 42                     x
  ee_position            = [0.0177, 0.0152, 0.1430]  x
  ee_velocity            = [0.3317, -0.0512, -0.0714]  x
  target_position        = [0.1500, 0.0000, 0.0200]  x
  reward                 = -0.1723                x
  is_success             = False                  x
  obstacle_in_path       = False                  x
  obstacle_count_in_path = 0                      x
  obstacles              = {}                     x
  objects                = {'object_1': {'type': 'box', 'size': [0.04, 0.04, 0.04], 'mass': 1, 'color': [0.1, 0.2, 0.9, 1.0], 'initial_position': [-0.25, 0.0, 0.02], 'lateral_friction': 0.13, 'spinning_friction': 0.001, 'current_position': [0.028300314482681596, 0.029270357435583056, 0.1383332412040812]}}  x
  scripts                = {'script_1': True, 'reach_only': True, 'left_right': True}  x
  target_goal            = {'type': 'goal_sequence', 'targets': [{'name': 'target', 'position': [0.15000000596046448, 0.0, 0.019999999552965164]}], 'mode': 'goal_sequence'}  x
  scene                  = {'table': {'length': 1.1, 'width': 0.7, 'height': 0.4, 'x_offset': -0.3, 'lateral_friction': 3.0, 'spinning_friction': 0.001}}  x
  robot_config           = {'control_type': 'ee', 'block_gripper': False, 'base_position': [-0.6, 0.0, 0.05]}  x
  current_task           = OBJECT_DELIVERY_SEQUENCE  x
  current_subtask        = TRANSPORT_OBJECT       x
  active_target_name     = target                 x
  action                 = [0.9792, -0.1280, 0.1576, -1.0000]  x
  joint_angles           = [0.0599, 0.4540, -0.0373, -1.9358, 0.0223, 2.3672, 0.7955]  x
  joint_velocities       = [-0.0979, 0.9240, -0.0087, 1.2868, 0.0316, -0.2696, -0.1020]  x
  cube_rotation          = [3.1411, -0.0241, 0.0028]  x
  cube_linear_velocity   = [0.3320, -0.1709, -0.0705]  x
  obstacle_positions     = {}                     x
[step=  42 13:00:25.296][Analyzer] ASM node=transport_object  goal_status=not_applicable
[step=  42 13:00:25.299][DejaVu] {'status': 'ok', 'unanticipated': True, 'adaptation': {'candidate_name': 'Lift Slip — Low Friction Surface', 'do': 'apply_vacuum_assist()', 'score': 0.9763888888888889}, 'evaluation': {'status': 'success', 'reason': 'then_satisfied', 'ticks': 1, 'candidate': 'Lift Slip — Low Friction Surface', 'then': 'object_lift_height_cm >= 10 AND finger_contacts >= 2'}}
[step=  43 13:00:26.451][Manager] ep=1 subtask=TRANSPORT_OBJECT reward=-0.1515
[step=  43 13:00:26.451][Perception]
  RAW PERCEPTION                                  MONITORED PARAMS
  ----------------------------------------------  --------------------------------------
  fingers_width         = 0.0383 m                gripper_width_cm      = 3 cm
  dist_ee_to_cube       = 0.0169 m                distance_ee_object_cm = 0 cm
  dist_cube_to_target   = 0.1515 m  (3D)          distance_obj_goal_cm  = 9 cm  (XY)
  cube_position (z)     = 0.1358 m                object_lift_height_cm = 11 cm
  cube_position (xy)    = [0.055, 0.022]          grasp_completed       = 1
  finger_contacts (raw) = 2                       finger_contacts       = 2
  x                                               grasp_attempts        = 2
  x                                               task_started          = 1
  x                                               object_available      = 1
  x                                               task_aborted          = 0
  episode                = 1                      x
  step                   = 43                     x
  ee_position            = [0.0443, 0.0102, 0.1403]  x
  ee_velocity            = [0.3272, -0.0427, 0.0095]  x
  target_position        = [0.1500, 0.0000, 0.0200]  x
  reward                 = -0.1515                x
  is_success             = False                  x
  obstacle_in_path       = False                  x
  obstacle_count_in_path = 0                      x
  obstacles              = {}                     x
  objects                = {'object_1': {'type': 'box', 'size': [0.04, 0.04, 0.04], 'mass': 1, 'color': [0.1, 0.2, 0.9, 1.0], 'initial_position': [-0.25, 0.0, 0.02], 'lateral_friction': 0.13, 'spinning_friction': 0.001, 'current_position': [0.054956112563680465, 0.022474559024459658, 0.13575871596721287]}}  x
  scripts                = {'script_1': True, 'reach_only': True, 'left_right': True}  x
  target_goal            = {'type': 'goal_sequence', 'targets': [{'name': 'target', 'position': [0.15000000596046448, 0.0, 0.019999999552965164]}], 'mode': 'goal_sequence'}  x
  scene                  = {'table': {'length': 1.1, 'width': 0.7, 'height': 0.4, 'x_offset': -0.3, 'lateral_friction': 3.0, 'spinning_friction': 0.001}}  x
  robot_config           = {'control_type': 'ee', 'block_gripper': False, 'base_position': [-0.6, 0.0, 0.05]}  x
  current_task           = OBJECT_DELIVERY_SEQUENCE  x
  current_subtask        = TRANSPORT_OBJECT       x
  active_target_name     = target                 x
  action                 = [0.9670, -0.1109, 0.2293, -1.0000]  x
  joint_angles           = [0.0507, 0.5267, -0.0383, -1.8220, 0.0254, 2.3270, 0.7853]  x
  joint_velocities       = [-0.0839, 0.7633, -0.0046, 1.2714, 0.0244, -0.3096, -0.0786]  x
  cube_rotation          = [3.1414, -0.0248, 0.0027]  x
  cube_linear_velocity   = [0.3279, -0.1694, 0.0116]  x
  obstacle_positions     = {}                     x
[step=  43 13:00:26.455][Analyzer] ASM node=transport_object  goal_status=not_applicable
[step=  43 13:00:26.457][DejaVu] {'status': 'ok', 'unanticipated': True, 'adaptation': {'candidate_name': 'Lift Slip — Low Friction Surface', 'do': 'apply_vacuum_assist()', 'score': 0.9763888888888889}, 'evaluation': {'status': 'success', 'reason': 'then_satisfied', 'ticks': 1, 'candidate': 'Lift Slip — Low Friction Surface', 'then': 'object_lift_height_cm >= 10 AND finger_contacts >= 2'}}
[step=  44 13:00:27.611][Manager] ep=1 subtask=TRANSPORT_OBJECT reward=-0.1365
[step=  44 13:00:27.612][Perception]
  RAW PERCEPTION                                  MONITORED PARAMS
  ----------------------------------------------  --------------------------------------
  fingers_width         = 0.0383 m                gripper_width_cm      = 3 cm
  dist_ee_to_cube       = 0.0150 m                distance_ee_object_cm = 0 cm
  dist_cube_to_target   = 0.1365 m  (3D)          distance_obj_goal_cm  = 7 cm  (XY)
  cube_position (z)     = 0.1360 m                object_lift_height_cm = 11 cm
  cube_position (xy)    = [0.080, 0.016]          grasp_completed       = 1
  finger_contacts (raw) = 2                       finger_contacts       = 2
  x                                               grasp_attempts        = 2
  x                                               task_started          = 1
  x                                               object_available      = 1
  x                                               task_aborted          = 0
  episode                = 1                      x
  step                   = 44                     x
  ee_position            = [0.0692, 0.0060, 0.1404]  x
  ee_velocity            = [0.2955, -0.0338, 0.0671]  x
  target_position        = [0.1500, 0.0000, 0.0200]  x
  reward                 = -0.1365                x
  is_success             = False                  x
  obstacle_in_path       = False                  x
  obstacle_count_in_path = 0                      x
  obstacles              = {}                     x
  objects                = {'object_1': {'type': 'box', 'size': [0.04, 0.04, 0.04], 'mass': 1, 'color': [0.1, 0.2, 0.9, 1.0], 'initial_position': [-0.25, 0.0, 0.02], 'lateral_friction': 0.13, 'spinning_friction': 0.001, 'current_position': [0.07973863952632489, 0.015726739594229266, 0.13602337660293934]}}  x
  scripts                = {'script_1': True, 'reach_only': True, 'left_right': True}  x
  target_goal            = {'type': 'goal_sequence', 'targets': [{'name': 'target', 'position': [0.15000000596046448, 0.0, 0.019999999552965164]}], 'mode': 'goal_sequence'}  x
  scene                  = {'table': {'length': 1.1, 'width': 0.7, 'height': 0.4, 'x_offset': -0.3, 'lateral_friction': 3.0, 'spinning_friction': 0.001}}  x
  robot_config           = {'control_type': 'ee', 'block_gripper': False, 'base_position': [-0.6, 0.0, 0.05]}  x
  current_task           = OBJECT_DELIVERY_SEQUENCE  x
  current_subtask        = TRANSPORT_OBJECT       x
  active_target_name     = target                 x
  action                 = [0.9477, -0.0911, 0.3060, -1.0000]  x
  joint_angles           = [0.0430, 0.5932, -0.0388, -1.7083, 0.0276, 2.2808, 0.7779]  x
  joint_velocities       = [-0.0686, 0.6154, -0.0022, 1.1983, 0.0173, -0.3553, -0.0567]  x
  cube_rotation          = [-3.1416, -0.0261, 0.0025]  x
  cube_linear_velocity   = [0.2963, -0.1682, 0.0696]  x
  obstacle_positions     = {}                     x
[step=  44 13:00:27.615][Analyzer] ASM node=transport_object  goal_status=not_applicable
[step=  44 13:00:27.618][DejaVu] {'status': 'ok', 'unanticipated': True, 'adaptation': {'candidate_name': 'Lift Slip — Low Friction Surface', 'do': 'apply_vacuum_assist()', 'score': 0.9763888888888889}, 'evaluation': {'status': 'success', 'reason': 'then_satisfied', 'ticks': 1, 'candidate': 'Lift Slip — Low Friction Surface', 'then': 'object_lift_height_cm >= 10 AND finger_contacts >= 2'}}
[step=  45 13:00:28.733][Manager] ep=1 subtask=TRANSPORT_OBJECT reward=-0.1302
[step=  45 13:00:28.733][Perception]
  RAW PERCEPTION                                  MONITORED PARAMS
  ----------------------------------------------  --------------------------------------
  fingers_width         = 0.0383 m                gripper_width_cm      = 3 cm
  dist_ee_to_cube       = 0.0129 m                distance_ee_object_cm = 0 cm
  dist_cube_to_target   = 0.1302 m  (3D)          distance_obj_goal_cm  = 4 cm  (XY)
  cube_position (z)     = 0.1408 m                object_lift_height_cm = 12 cm
  cube_position (xy)    = [0.102, 0.009]          grasp_completed       = 1
  finger_contacts (raw) = 2                       finger_contacts       = 2
  x                                               grasp_attempts        = 2
  x                                               task_started          = 1
  x                                               object_available      = 1
  x                                               task_aborted          = 0
  episode                = 1                      x
  step                   = 45                     x
  ee_position            = [0.0918, 0.0030, 0.1449]  x
  ee_velocity            = [0.2886, -0.0231, 0.1835]  x
  target_position        = [0.1500, 0.0000, 0.0200]  x
  reward                 = -0.1302                x
  is_success             = False                  x
  obstacle_in_path       = False                  x
  obstacle_count_in_path = 0                      x
  obstacles              = {}                     x
  objects                = {'object_1': {'type': 'box', 'size': [0.04, 0.04, 0.04], 'mass': 1, 'color': [0.1, 0.2, 0.9, 1.0], 'initial_position': [-0.25, 0.0, 0.02], 'lateral_friction': 0.13, 'spinning_friction': 0.001, 'current_position': [0.10240105514983368, 0.00901822350734675, 0.14080373040890987]}}  x
  scripts                = {'script_1': True, 'reach_only': True, 'left_right': True}  x
  target_goal            = {'type': 'goal_sequence', 'targets': [{'name': 'target', 'position': [0.15000000596046448, 0.0, 0.019999999552965164]}], 'mode': 'goal_sequence'}  x
  scene                  = {'table': {'length': 1.1, 'width': 0.7, 'height': 0.4, 'x_offset': -0.3, 'lateral_friction': 3.0, 'spinning_friction': 0.001}}  x
  robot_config           = {'control_type': 'ee', 'block_gripper': False, 'base_position': [-0.6, 0.0, 0.05]}  x
  current_task           = OBJECT_DELIVERY_SEQUENCE  x
  current_subtask        = TRANSPORT_OBJECT       x
  active_target_name     = target                 x
  action                 = [0.9197, -0.0688, 0.3867, -1.0000]  x
  joint_angles           = [0.0369, 0.6502, -0.0390, -1.5970, 0.0291, 2.2295, 0.7731]  x
  joint_velocities       = [-0.0527, 0.4141, -0.0009, 1.1563, 0.0115, -0.3942, -0.0372]  x
  cube_rotation          = [-3.1413, -0.0293, 0.0025]  x
  cube_linear_velocity   = [0.2899, -0.1673, 0.1872]  x
  obstacle_positions     = {}                     x
[step=  45 13:00:28.736][ASM] [PENDING] transport_object → place_object: condições satisfeitas, aguardando managing
[step=  45 13:00:28.736][Analyzer] ASM node=transport_object  goal_status=not_applicable
[step=  45 13:00:28.741][DejaVu] {'status': 'ok', 'unanticipated': True, 'adaptation': {'candidate_name': 'Lift Slip — Low Friction Surface', 'do': 'apply_vacuum_assist()', 'score': 0.9763888888888889}, 'evaluation': {'status': 'success', 'reason': 'then_satisfied', 'ticks': 1, 'candidate': 'Lift Slip — Low Friction Surface', 'then': 'object_lift_height_cm >= 10 AND finger_contacts >= 2'}}
[step=  46 13:00:29.878][Manager] ep=1 subtask=TRANSPORT_OBJECT reward=-0.1328
[step=  46 13:00:29.879][Perception]
  RAW PERCEPTION                                  MONITORED PARAMS
  ----------------------------------------------  --------------------------------------
  fingers_width         = 0.0383 m                gripper_width_cm      = 3 cm
  dist_ee_to_cube       = 0.0113 m                distance_ee_object_cm = 0 cm
  dist_cube_to_target   = 0.1328 m  (3D)          distance_obj_goal_cm  = 2 cm  (XY)
  cube_position (z)     = 0.1500 m                object_lift_height_cm = 13 cm
  cube_position (xy)    = [0.123, 0.002]          grasp_completed       = 1
  finger_contacts (raw) = 2                       finger_contacts       = 2
  x                                               grasp_attempts        = 2
  x                                               task_started          = 1
  x                                               object_available      = 1
  x                                               task_aborted          = 0
  episode                = 1                      x
  step                   = 46                     x
  ee_position            = [0.1124, 0.0009, 0.1539]  x
  ee_velocity            = [0.2617, -0.0132, 0.2814]  x
  target_position        = [0.1500, 0.0000, 0.0200]  x
  reward                 = -0.1328                x
  is_success             = False                  x
  obstacle_in_path       = False                  x
  obstacle_count_in_path = 0                      x
  obstacles              = {}                     x
  objects                = {'object_1': {'type': 'box', 'size': [0.04, 0.04, 0.04], 'mass': 1, 'color': [0.1, 0.2, 0.9, 1.0], 'initial_position': [-0.25, 0.0, 0.02], 'lateral_friction': 0.13, 'spinning_friction': 0.001, 'current_position': [0.12295307489538397, 0.002340598867313062, 0.15000133039914054]}}  x
  scripts                = {'script_1': True, 'reach_only': True, 'left_right': True}  x
  target_goal            = {'type': 'goal_sequence', 'targets': [{'name': 'target', 'position': [0.15000000596046448, 0.0, 0.019999999552965164]}], 'mode': 'goal_sequence'}  x
  scene                  = {'table': {'length': 1.1, 'width': 0.7, 'height': 0.4, 'x_offset': -0.3, 'lateral_friction': 3.0, 'spinning_friction': 0.001}}  x
  robot_config           = {'control_type': 'ee', 'block_gripper': False, 'base_position': [-0.6, 0.0, 0.05]}  x
  current_task           = OBJECT_DELIVERY_SEQUENCE  x
  current_subtask        = TRANSPORT_OBJECT       x
  active_target_name     = target                 x
  action                 = [0.8911, -0.0452, 0.4515, -1.0000]  x
  joint_angles           = [0.0323, 0.6991, -0.0391, -1.4875, 0.0300, 2.1736, 0.7705]  x
  joint_velocities       = [-0.0382, 0.2232, 0.0003, 1.0696, 0.0067, -0.4302, -0.0199]  x
  cube_rotation          = [-3.1412, -0.0340, 0.0025]  x
  cube_linear_velocity   = [0.2632, -0.1665, 0.2858]  x
  obstacle_positions     = {}                     x
[step=  46 13:00:29.881][ASM] [PENDING] transport_object → place_object: aguardando managing (já validado)
[step=  46 13:00:29.881][Analyzer] ASM node=transport_object  goal_status=not_applicable
[step=  46 13:00:29.883][DejaVu] {'status': 'ok', 'unanticipated': True, 'adaptation': {'candidate_name': 'Lift Slip — Low Friction Surface', 'do': 'apply_vacuum_assist()', 'score': 0.9763888888888889}, 'evaluation': {'status': 'success', 'reason': 'then_satisfied', 'ticks': 1, 'candidate': 'Lift Slip — Low Friction Surface', 'then': 'object_lift_height_cm >= 10 AND finger_contacts >= 2'}}
[step=  47 13:00:31.026][Manager] ep=1 subtask=TRANSPORT_OBJECT reward=-0.1437
[step=  47 13:00:31.026][Perception]
  RAW PERCEPTION                                  MONITORED PARAMS
  ----------------------------------------------  --------------------------------------
  fingers_width         = 0.0383 m                gripper_width_cm      = 3 cm
  dist_ee_to_cube       = 0.0119 m                distance_ee_object_cm = 0 cm
  dist_cube_to_target   = 0.1437 m  (3D)          distance_obj_goal_cm  = 0 cm  (XY)
  cube_position (z)     = 0.1634 m                object_lift_height_cm = 14 cm
  cube_position (xy)    = [0.142, -0.004]         grasp_completed       = 1
  finger_contacts (raw) = 2                       finger_contacts       = 2
  x                                               grasp_attempts        = 2
  x                                               task_started          = 1
  x                                               object_available      = 1
  x                                               task_aborted          = 0
  episode                = 1                      x
  step                   = 47                     x
  ee_position            = [0.1310, -0.0000, 0.1670]  x
  ee_velocity            = [0.2411, -0.0039, 0.3746]  x
  target_position        = [0.1500, 0.0000, 0.0200]  x
  reward                 = -0.1437                x
  is_success             = False                  x
  obstacle_in_path       = False                  x
  obstacle_count_in_path = 0                      x
  obstacles              = {}                     x
  objects                = {'object_1': {'type': 'box', 'size': [0.04, 0.04, 0.04], 'mass': 1, 'color': [0.1, 0.2, 0.9, 1.0], 'initial_position': [-0.25, 0.0, 0.02], 'lateral_friction': 0.13, 'spinning_friction': 0.001, 'current_position': [0.14153498770382947, -0.0043124128866495704, 0.16336517558530664]}}  x
  scripts                = {'script_1': True, 'reach_only': True, 'left_right': True}  x
  target_goal            = {'type': 'goal_sequence', 'targets': [{'name': 'target', 'position': [0.15000000596046448, 0.0, 0.019999999552965164]}], 'mode': 'goal_sequence'}  x
  scene                  = {'table': {'length': 1.1, 'width': 0.7, 'height': 0.4, 'x_offset': -0.3, 'lateral_friction': 3.0, 'spinning_friction': 0.001}}  x
  robot_config           = {'control_type': 'ee', 'block_gripper': False, 'base_position': [-0.6, 0.0, 0.05]}  x
  current_task           = OBJECT_DELIVERY_SEQUENCE  x
  current_subtask        = TRANSPORT_OBJECT       x
  active_target_name     = target                 x
  action                 = [0.8775, -0.0217, 0.4791, -1.0000]  x
  joint_angles           = [0.0290, 0.7414, -0.0390, -1.3792, 0.0305, 2.1141, 0.7698]  x
  joint_velocities       = [-0.0260, 0.0710, 0.0016, 1.0204, 0.0035, -0.4575, -0.0052]  x
  cube_rotation          = [-3.1410, -0.0406, 0.0025]  x
  cube_linear_velocity   = [0.2428, -0.1660, 0.3797]  x
  obstacle_positions     = {}                     x
[step=  47 13:00:31.029][ASM] [PENDING] transport_object → place_object: aguardando managing (já validado)
[step=  47 13:00:31.029][Analyzer] ASM node=transport_object  goal_status=not_applicable
[step=  47 13:00:31.031][DejaVu] {'status': 'ok', 'unanticipated': True, 'adaptation': {'candidate_name': 'Lift Slip — Low Friction Surface', 'do': 'apply_vacuum_assist()', 'score': 0.9763888888888889}, 'evaluation': {'status': 'success', 'reason': 'then_satisfied', 'ticks': 1, 'candidate': 'Lift Slip — Low Friction Surface', 'then': 'object_lift_height_cm >= 10 AND finger_contacts >= 2'}}
[step=  48 13:00:32.172][Manager] ep=1 subtask=TRANSPORT_OBJECT reward=-0.1567
[step=  48 13:00:32.172][Perception]
  RAW PERCEPTION                                  MONITORED PARAMS
  ----------------------------------------------  --------------------------------------
  fingers_width         = 0.0384 m                gripper_width_cm      = 3 cm
  dist_ee_to_cube       = 0.0157 m                distance_ee_object_cm = 0 cm
  dist_cube_to_target   = 0.1567 m  (3D)          distance_obj_goal_cm  = 1 cm  (XY)
  cube_position (z)     = 0.1761 m                object_lift_height_cm = 15 cm
  cube_position (xy)    = [0.159, -0.011]         grasp_completed       = 1
  finger_contacts (raw) = 2                       finger_contacts       = 2
  x                                               grasp_attempts        = 2
  x                                               task_started          = 1
  x                                               object_available      = 1
  x                                               task_aborted          = 0
  episode                = 1                      x
  step                   = 48                     x
  ee_position            = [0.1488, 0.0001, 0.1801]  x
  ee_velocity            = [0.1733, 0.0033, 0.1485]  x
  target_position        = [0.1500, 0.0000, 0.0200]  x
  reward                 = -0.1567                x
  is_success             = False                  x
  obstacle_in_path       = False                  x
  obstacle_count_in_path = 0                      x
  obstacles              = {}                     x
  objects                = {'object_1': {'type': 'box', 'size': [0.04, 0.04, 0.04], 'mass': 1, 'color': [0.1, 0.2, 0.9, 1.0], 'initial_position': [-0.25, 0.0, 0.02], 'lateral_friction': 0.13, 'spinning_friction': 0.001, 'current_position': [0.1592227559452753, -0.010948238428442043, 0.17609012357686066]}}  x
  scripts                = {'script_1': True, 'reach_only': True, 'left_right': True}  x
  target_goal            = {'type': 'goal_sequence', 'targets': [{'name': 'target', 'position': [0.15000000596046448, 0.0, 0.019999999552965164]}], 'mode': 'goal_sequence'}  x
  scene                  = {'table': {'length': 1.1, 'width': 0.7, 'height': 0.4, 'x_offset': -0.3, 'lateral_friction': 3.0, 'spinning_friction': 0.001}}  x
  robot_config           = {'control_type': 'ee', 'block_gripper': False, 'base_position': [-0.6, 0.0, 0.05]}  x
  current_task           = OBJECT_DELIVERY_SEQUENCE  x
  current_subtask        = TRANSPORT_OBJECT       x
  active_target_name     = target                 x
  action                 = [0.9316, 0.0013, 0.3635, -1.0000]  x
  joint_angles           = [0.0268, 0.7879, -0.0385, -1.2666, 0.0308, 2.0570, 0.7707]  x
  joint_velocities       = [-0.0173, 0.3898, 0.0050, 1.0272, 0.0028, -0.4392, 0.0072]  x
  cube_rotation          = [-3.1408, -0.0493, 0.0025]  x
  cube_linear_velocity   = [0.1739, -0.1657, 0.1507]  x
  obstacle_positions     = {}                     x
[step=  48 13:00:32.175][ASM] [PENDING] transport_object → place_object: aguardando managing (já validado)
[step=  48 13:00:32.175][Analyzer] ASM node=transport_object  goal_status=not_applicable
[step=  48 13:00:32.178][DejaVu] {'status': 'ok', 'unanticipated': True, 'adaptation': {'candidate_name': 'Lift Slip — Low Friction Surface', 'do': 'apply_vacuum_assist()', 'score': 0.9763888888888889}, 'evaluation': {'status': 'success', 'reason': 'then_satisfied', 'ticks': 1, 'candidate': 'Lift Slip — Low Friction Surface', 'then': 'object_lift_height_cm >= 10 AND finger_contacts >= 2'}}
[step=  49 13:00:33.319][Manager] ep=1 subtask=TRANSPORT_OBJECT reward=-0.1570
[step=  49 13:00:33.320][Perception]
  RAW PERCEPTION                                  MONITORED PARAMS
  ----------------------------------------------  --------------------------------------
  fingers_width         = 0.0384 m                gripper_width_cm      = 3 cm
  dist_ee_to_cube       = 0.0208 m                distance_ee_object_cm = 0 cm
  dist_cube_to_target   = 0.1570 m  (3D)          distance_obj_goal_cm  = 1 cm  (XY)
  cube_position (z)     = 0.1758 m                object_lift_height_cm = 15 cm
  cube_position (xy)    = [0.159, -0.017]         grasp_completed       = 1
  finger_contacts (raw) = 2                       finger_contacts       = 2
  x                                               grasp_attempts        = 2
  x                                               task_started          = 1
  x                                               object_available      = 1
  x                                               task_aborted          = 0
  episode                = 1                      x
  step                   = 49                     x
  ee_position            = [0.1486, 0.0001, 0.1801]  x
  ee_velocity            = [-0.0053, 0.0026, -0.0043]  x
  target_position        = [0.1500, 0.0000, 0.0200]  x
  reward                 = -0.1570                x
  is_success             = False                  x
  obstacle_in_path       = False                  x
  obstacle_count_in_path = 0                      x
  obstacles              = {}                     x
  objects                = {'object_1': {'type': 'box', 'size': [0.04, 0.04, 0.04], 'mass': 1, 'color': [0.1, 0.2, 0.9, 1.0], 'initial_position': [-0.25, 0.0, 0.02], 'lateral_friction': 0.13, 'spinning_friction': 0.001, 'current_position': [0.15868415317184387, -0.017487106827109557, 0.17580252994905018]}}  x
  scripts                = {'script_1': True, 'reach_only': True, 'left_right': True}  x
  target_goal            = {'type': 'goal_sequence', 'targets': [{'name': 'target', 'position': [0.15000000596046448, 0.0, 0.019999999552965164]}], 'mode': 'goal_sequence'}  x
  scene                  = {'table': {'length': 1.1, 'width': 0.7, 'height': 0.4, 'x_offset': -0.3, 'lateral_friction': 3.0, 'spinning_friction': 0.001}}  x
  robot_config           = {'control_type': 'ee', 'block_gripper': False, 'base_position': [-0.6, 0.0, 0.05]}  x
  current_task           = OBJECT_DELIVERY_SEQUENCE  x
  current_subtask        = TRANSPORT_OBJECT       x
  active_target_name     = target                 x
  action                 = [0.0000, 0.0000, 0.0000, -1.0000]  x
  joint_angles           = [0.0267, 0.7880, -0.0383, -1.2664, 0.0308, 2.0543, 0.7707]  x
  joint_velocities       = [-0.0003, 0.0021, 0.0044, -0.0019, -0.0002, -0.0207, -0.0002]  x
  cube_rotation          = [-3.1407, -0.0468, 0.0027]  x
  cube_linear_velocity   = [-0.0053, -0.1371, -0.0046]  x
  obstacle_positions     = {}                     x
[step=  49 13:00:33.322][ASM] [PENDING] transport_object → place_object: aguardando managing (já validado)
[step=  49 13:00:33.322][Analyzer] ASM node=transport_object  goal_status=not_applicable
[step=  49 13:00:33.324][DejaVu] {'status': 'ok', 'unanticipated': True, 'adaptation': {'candidate_name': 'Lift Slip — Low Friction Surface', 'do': 'apply_vacuum_assist()', 'score': 0.9763888888888889}, 'evaluation': {'status': 'success', 'reason': 'then_satisfied', 'ticks': 1, 'candidate': 'Lift Slip — Low Friction Surface', 'then': 'object_lift_height_cm >= 10 AND finger_contacts >= 2'}}
[step=  50 13:00:34.466][Manager] ep=1 subtask=PLACE_OBJECT reward=-0.1499
[step=  50 13:00:34.467][Perception]
  RAW PERCEPTION                                  MONITORED PARAMS
  ----------------------------------------------  --------------------------------------
  fingers_width         = 0.0385 m                gripper_width_cm      = 3 cm
  dist_ee_to_cube       = 0.0227 m                distance_ee_object_cm = 0 cm
  dist_cube_to_target   = 0.1499 m  (3D)          distance_obj_goal_cm  = 2 cm  (XY)
  cube_position (z)     = 0.1684 m                object_lift_height_cm = 14 cm
  cube_position (xy)    = [0.159, -0.020]         grasp_completed       = 1
  finger_contacts (raw) = 2                       finger_contacts       = 2
  x                                               grasp_attempts        = 2
  x                                               task_started          = 1
  x                                               object_available      = 1
  x                                               task_aborted          = 0
  episode                = 1                      x
  step                   = 50                     x
  ee_position            = [0.1487, 0.0003, 0.1729]  x
  ee_velocity            = [-0.0058, 0.0011, -0.0844]  x
  target_position        = [0.1500, 0.0000, 0.0200]  x
  reward                 = -0.1499                x
  is_success             = False                  x
  obstacle_in_path       = False                  x
  obstacle_count_in_path = 0                      x
  obstacles              = {}                     x
  objects                = {'object_1': {'type': 'box', 'size': [0.04, 0.04, 0.04], 'mass': 1, 'color': [0.1, 0.2, 0.9, 1.0], 'initial_position': [-0.25, 0.0, 0.02], 'lateral_friction': 0.13, 'spinning_friction': 0.001, 'current_position': [0.15872787907528796, -0.019563278202845816, 0.1683879768703834]}}  x
  scripts                = {'script_1': True, 'reach_only': True, 'left_right': True}  x
  target_goal            = {'type': 'goal_sequence', 'targets': [{'name': 'target', 'position': [0.15000000596046448, 0.0, 0.019999999552965164]}], 'mode': 'goal_sequence'}  x
  scene                  = {'table': {'length': 1.1, 'width': 0.7, 'height': 0.4, 'x_offset': -0.3, 'lateral_friction': 3.0, 'spinning_friction': 0.001}}  x
  robot_config           = {'control_type': 'ee', 'block_gripper': False, 'base_position': [-0.6, 0.0, 0.05]}  x
  current_task           = OBJECT_DELIVERY_SEQUENCE  x
  current_subtask        = PLACE_OBJECT           x
  active_target_name     = target                 x
  action                 = [0.0000, 0.0000, -0.1500, -1.0000]  x
  joint_angles           = [0.0267, 0.7981, -0.0379, -1.2680, 0.0310, 2.0644, 0.7707]  x
  joint_velocities       = [-0.0005, 0.1141, 0.0033, -0.0124, 0.0016, 0.0776, -0.0002]  x
  cube_rotation          = [-3.1407, -0.0450, 0.0027]  x
  cube_linear_velocity   = [-0.0060, -0.0160, -0.0849]  x
  obstacle_positions     = {}                     x
[step=  50 13:00:34.469][ASM] [PENDING] transport_object → place_object: aguardando managing (já validado)
[step=  50 13:00:34.470][ASM] [D] transport_object → place_object  (type=domain)
[step=  50 13:00:34.470][Analyzer] ASM node=place_object  goal_status=ok  (scenario=PLACE_OBJECT)
[step=  50 13:00:34.473][DejaVu] {'status': 'ok', 'unanticipated': True, 'adaptation': {'candidate_name': 'Lift Slip — Low Friction Surface', 'do': 'apply_vacuum_assist()', 'score': 0.9763888888888889}, 'evaluation': {'status': 'success', 'reason': 'then_satisfied', 'ticks': 1, 'candidate': 'Lift Slip — Low Friction Surface', 'then': 'object_lift_height_cm >= 10 AND finger_contacts >= 2'}}
[step=  51 13:00:35.652][Manager] ep=1 subtask=PLACE_OBJECT reward=-0.1424
[step=  51 13:00:35.653][Perception]
  RAW PERCEPTION                                  MONITORED PARAMS
  ----------------------------------------------  --------------------------------------
  fingers_width         = 0.0385 m                gripper_width_cm      = 3 cm
  dist_ee_to_cube       = 0.0229 m                distance_ee_object_cm = 0 cm
  dist_cube_to_target   = 0.1424 m  (3D)          distance_obj_goal_cm  = 2 cm  (XY)
  cube_position (z)     = 0.1608 m                object_lift_height_cm = 14 cm
  cube_position (xy)    = [0.159, -0.020]         grasp_completed       = 1
  finger_contacts (raw) = 2                       finger_contacts       = 2
  x                                               grasp_attempts        = 2
  x                                               task_started          = 1
  x                                               object_available      = 1
  x                                               task_aborted          = 0
  episode                = 1                      x
  step                   = 51                     x
  ee_position            = [0.1488, 0.0004, 0.1652]  x
  ee_velocity            = [-0.0027, 0.0009, -0.0731]  x
  target_position        = [0.1500, 0.0000, 0.0200]  x
  reward                 = -0.1424                x
  is_success             = False                  x
  obstacle_in_path       = False                  x
  obstacle_count_in_path = 0                      x
  obstacles              = {}                     x
  objects                = {'object_1': {'type': 'box', 'size': [0.04, 0.04, 0.04], 'mass': 1, 'color': [0.1, 0.2, 0.9, 1.0], 'initial_position': [-0.25, 0.0, 0.02], 'lateral_friction': 0.13, 'spinning_friction': 0.001, 'current_position': [0.1588449649092833, -0.019693473923741645, 0.16075001790385213]}}  x
  scripts                = {'script_1': True, 'reach_only': True, 'left_right': True}  x
  target_goal            = {'type': 'goal_sequence', 'targets': [{'name': 'target', 'position': [0.15000000596046448, 0.0, 0.019999999552965164]}], 'mode': 'goal_sequence'}  x
  scene                  = {'table': {'length': 1.1, 'width': 0.7, 'height': 0.4, 'x_offset': -0.3, 'lateral_friction': 3.0, 'spinning_friction': 0.001}}  x
  robot_config           = {'control_type': 'ee', 'block_gripper': False, 'base_position': [-0.6, 0.0, 0.05]}  x
  current_task           = OBJECT_DELIVERY_SEQUENCE  x
  current_subtask        = PLACE_OBJECT           x
  active_target_name     = target                 x
  action                 = [0.0000, 0.0000, -0.1500, -1.0000]  x
  joint_angles           = [0.0266, 0.8084, -0.0376, -1.2699, 0.0312, 2.0759, 0.7708]  x
  joint_velocities       = [-0.0002, 0.0986, 0.0027, -0.0151, 0.0016, 0.0887, 0.0005]  x
  cube_rotation          = [-3.1407, -0.0442, 0.0027]  x
  cube_linear_velocity   = [-0.0028, -0.0013, -0.0733]  x
  obstacle_positions     = {}                     x
[step=  51 13:00:35.656][Analyzer] ASM node=place_object  goal_status=not_applicable
[step=  51 13:00:35.659][DejaVu] {'status': 'ok', 'unanticipated': True, 'adaptation': {'candidate_name': 'Lift Slip — Low Friction Surface', 'do': 'apply_vacuum_assist()', 'score': 0.9763888888888889}, 'evaluation': {'status': 'success', 'reason': 'then_satisfied', 'ticks': 1, 'candidate': 'Lift Slip — Low Friction Surface', 'then': 'object_lift_height_cm >= 10 AND finger_contacts >= 2'}}
[step=  52 13:00:36.785][Manager] ep=1 subtask=PLACE_OBJECT reward=-0.1347
[step=  52 13:00:36.786][Perception]
  RAW PERCEPTION                                  MONITORED PARAMS
  ----------------------------------------------  --------------------------------------
  fingers_width         = 0.0385 m                gripper_width_cm      = 3 cm
  dist_ee_to_cube       = 0.0228 m                distance_ee_object_cm = 0 cm
  dist_cube_to_target   = 0.1347 m  (3D)          distance_obj_goal_cm  = 2 cm  (XY)
  cube_position (z)     = 0.1530 m                object_lift_height_cm = 13 cm
  cube_position (xy)    = [0.159, -0.019]         grasp_completed       = 1
  finger_contacts (raw) = 2                       finger_contacts       = 2
  x                                               grasp_attempts        = 2
  x                                               task_started          = 1
  x                                               object_available      = 1
  x                                               task_aborted          = 0
  episode                = 1                      x
  step                   = 52                     x
  ee_position            = [0.1489, 0.0005, 0.1575]  x
  ee_velocity            = [-0.0038, 0.0001, -0.0787]  x
  target_position        = [0.1500, 0.0000, 0.0200]  x
  reward                 = -0.1347                x
  is_success             = False                  x
  obstacle_in_path       = False                  x
  obstacle_count_in_path = 0                      x
  obstacles              = {}                     x
  objects                = {'object_1': {'type': 'box', 'size': [0.04, 0.04, 0.04], 'mass': 1, 'color': [0.1, 0.2, 0.9, 1.0], 'initial_position': [-0.25, 0.0, 0.02], 'lateral_friction': 0.13, 'spinning_friction': 0.001, 'current_position': [0.1589864327685876, -0.019402442302913134, 0.15302212510044275]}}  x
  scripts                = {'script_1': True, 'reach_only': True, 'left_right': True}  x
  target_goal            = {'type': 'goal_sequence', 'targets': [{'name': 'target', 'position': [0.15000000596046448, 0.0, 0.019999999552965164]}], 'mode': 'goal_sequence'}  x
  scene                  = {'table': {'length': 1.1, 'width': 0.7, 'height': 0.4, 'x_offset': -0.3, 'lateral_friction': 3.0, 'spinning_friction': 0.001}}  x
  robot_config           = {'control_type': 'ee', 'block_gripper': False, 'base_position': [-0.6, 0.0, 0.05]}  x
  current_task           = OBJECT_DELIVERY_SEQUENCE  x
  current_subtask        = PLACE_OBJECT           x
  active_target_name     = target                 x
  action                 = [0.0000, 0.0000, -0.1500, -1.0000]  x
  joint_angles           = [0.0266, 0.8189, -0.0372, -1.2720, 0.0314, 2.0883, 0.7708]  x
  joint_velocities       = [-0.0001, 0.1065, 0.0015, -0.0158, 0.0017, 0.0948, 0.0006]  x
  cube_rotation          = [-3.1407, -0.0440, 0.0027]  x
  cube_linear_velocity   = [-0.0040, 0.0073, -0.0789]  x
  obstacle_positions     = {}                     x
[step=  52 13:00:36.788][Analyzer] ASM node=place_object  goal_status=not_applicable
[step=  52 13:00:36.791][DejaVu] {'status': 'ok', 'unanticipated': True, 'adaptation': {'candidate_name': 'Lift Slip — Low Friction Surface', 'do': 'apply_vacuum_assist()', 'score': 0.9763888888888889}, 'evaluation': {'status': 'success', 'reason': 'then_satisfied', 'ticks': 1, 'candidate': 'Lift Slip — Low Friction Surface', 'then': 'object_lift_height_cm >= 10 AND finger_contacts >= 2'}}
[step=  53 13:00:37.908][Manager] ep=1 subtask=PLACE_OBJECT reward=-0.1271
[step=  53 13:00:37.910][Perception]
  RAW PERCEPTION                                  MONITORED PARAMS
  ----------------------------------------------  --------------------------------------
  fingers_width         = 0.0385 m                gripper_width_cm      = 3 cm
  dist_ee_to_cube       = 0.0226 m                distance_ee_object_cm = 0 cm
  dist_cube_to_target   = 0.1271 m  (3D)          distance_obj_goal_cm  = 2 cm  (XY)
  cube_position (z)     = 0.1453 m                object_lift_height_cm = 12 cm
  cube_position (xy)    = [0.159, -0.019]         grasp_completed       = 1
  finger_contacts (raw) = 2                       finger_contacts       = 2
  x                                               grasp_attempts        = 2
  x                                               task_started          = 1
  x                                               object_available      = 1
  x                                               task_aborted          = 0
  episode                = 1                      x
  step                   = 53                     x
  ee_position            = [0.1490, 0.0006, 0.1498]  x
  ee_velocity            = [-0.0042, 0.0002, -0.0786]  x
  target_position        = [0.1500, 0.0000, 0.0200]  x
  reward                 = -0.1271                x
  is_success             = False                  x
  obstacle_in_path       = False                  x
  obstacle_count_in_path = 0                      x
  obstacles              = {}                     x
  objects                = {'object_1': {'type': 'box', 'size': [0.04, 0.04, 0.04], 'mass': 1, 'color': [0.1, 0.2, 0.9, 1.0], 'initial_position': [-0.25, 0.0, 0.02], 'lateral_friction': 0.13, 'spinning_friction': 0.001, 'current_position': [0.15909612378083546, -0.019110404240076668, 0.1452918167262328]}}  x
  scripts                = {'script_1': True, 'reach_only': True, 'left_right': True}  x
  target_goal            = {'type': 'goal_sequence', 'targets': [{'name': 'target', 'position': [0.15000000596046448, 0.0, 0.019999999552965164]}], 'mode': 'goal_sequence'}  x
  scene                  = {'table': {'length': 1.1, 'width': 0.7, 'height': 0.4, 'x_offset': -0.3, 'lateral_friction': 3.0, 'spinning_friction': 0.001}}  x
  robot_config           = {'control_type': 'ee', 'block_gripper': False, 'base_position': [-0.6, 0.0, 0.05]}  x
  current_task           = OBJECT_DELIVERY_SEQUENCE  x
  current_subtask        = PLACE_OBJECT           x
  active_target_name     = target                 x
  action                 = [0.0000, 0.0000, -0.1500, -1.0000]  x
  joint_angles           = [0.0266, 0.8295, -0.0369, -1.2739, 0.0317, 2.1007, 0.7709]  x
  joint_velocities       = [-0.0003, 0.1071, 0.0018, -0.0147, 0.0019, 0.0959, 0.0002]  x
  cube_rotation          = [-3.1407, -0.0440, 0.0027]  x
  cube_linear_velocity   = [-0.0044, 0.0073, -0.0788]  x
  obstacle_positions     = {}                     x
[step=  53 13:00:37.914][Analyzer] ASM node=place_object  goal_status=not_applicable
[step=  53 13:00:37.916][DejaVu] {'status': 'ok', 'unanticipated': True, 'adaptation': {'candidate_name': 'Lift Slip — Low Friction Surface', 'do': 'apply_vacuum_assist()', 'score': 0.9763888888888889}, 'evaluation': {'status': 'success', 'reason': 'then_satisfied', 'ticks': 1, 'candidate': 'Lift Slip — Low Friction Surface', 'then': 'object_lift_height_cm >= 10 AND finger_contacts >= 2'}}
[step=  54 13:00:39.066][Manager] ep=1 subtask=PLACE_OBJECT reward=-0.1194
[step=  54 13:00:39.067][Perception]
  RAW PERCEPTION                                  MONITORED PARAMS
  ----------------------------------------------  --------------------------------------
  fingers_width         = 0.0385 m                gripper_width_cm      = 3 cm
  dist_ee_to_cube       = 0.0224 m                distance_ee_object_cm = 0 cm
  dist_cube_to_target   = 0.1194 m  (3D)          distance_obj_goal_cm  = 2 cm  (XY)
  cube_position (z)     = 0.1375 m                object_lift_height_cm = 11 cm
  cube_position (xy)    = [0.159, -0.019]         grasp_completed       = 1
  finger_contacts (raw) = 2                       finger_contacts       = 2
  x                                               grasp_attempts        = 2
  x                                               task_started          = 1
  x                                               object_available      = 1
  x                                               task_aborted          = 0
  episode                = 1                      x
  step                   = 54                     x
  ee_position            = [0.1491, 0.0007, 0.1420]  x
  ee_velocity            = [-0.0053, 0.0002, -0.0804]  x
  target_position        = [0.1500, 0.0000, 0.0200]  x
  reward                 = -0.1194                x
  is_success             = False                  x
  obstacle_in_path       = False                  x
  obstacle_count_in_path = 0                      x
  obstacles              = {}                     x
  objects                = {'object_1': {'type': 'box', 'size': [0.04, 0.04, 0.04], 'mass': 1, 'color': [0.1, 0.2, 0.9, 1.0], 'initial_position': [-0.25, 0.0, 0.02], 'lateral_friction': 0.13, 'spinning_friction': 0.001, 'current_position': [0.15914402836829933, -0.01882079014942894, 0.13752504018093403]}}  x
  scripts                = {'script_1': True, 'reach_only': True, 'left_right': True}  x
  target_goal            = {'type': 'goal_sequence', 'targets': [{'name': 'target', 'position': [0.15000000596046448, 0.0, 0.019999999552965164]}], 'mode': 'goal_sequence'}  x
  scene                  = {'table': {'length': 1.1, 'width': 0.7, 'height': 0.4, 'x_offset': -0.3, 'lateral_friction': 3.0, 'spinning_friction': 0.001}}  x
  robot_config           = {'control_type': 'ee', 'block_gripper': False, 'base_position': [-0.6, 0.0, 0.05]}  x
  current_task           = OBJECT_DELIVERY_SEQUENCE  x
  current_subtask        = PLACE_OBJECT           x
  active_target_name     = target                 x
  action                 = [0.0000, 0.0000, -0.1500, -1.0000]  x
  joint_angles           = [0.0265, 0.8403, -0.0366, -1.2755, 0.0319, 2.1132, 0.7709]  x
  joint_velocities       = [-0.0004, 0.1104, 0.0019, -0.0131, 0.0020, 0.0956, 0.0000]  x
  cube_rotation          = [-3.1407, -0.0440, 0.0027]  x
  cube_linear_velocity   = [-0.0054, 0.0072, -0.0806]  x
  obstacle_positions     = {}                     x
[step=  54 13:00:39.070][Analyzer] ASM node=place_object  goal_status=not_applicable
[step=  54 13:00:39.072][DejaVu] {'status': 'ok', 'unanticipated': True, 'adaptation': {'candidate_name': 'Lift Slip — Low Friction Surface', 'do': 'apply_vacuum_assist()', 'score': 0.9763888888888889}, 'evaluation': {'status': 'success', 'reason': 'then_satisfied', 'ticks': 1, 'candidate': 'Lift Slip — Low Friction Surface', 'then': 'object_lift_height_cm >= 10 AND finger_contacts >= 2'}}
[step=  55 13:00:40.226][Manager] ep=1 subtask=PLACE_OBJECT reward=-0.1117
[step=  55 13:00:40.226][Perception]
  RAW PERCEPTION                                  MONITORED PARAMS
  ----------------------------------------------  --------------------------------------
  fingers_width         = 0.0385 m                gripper_width_cm      = 3 cm
  dist_ee_to_cube       = 0.0222 m                distance_ee_object_cm = 0 cm
  dist_cube_to_target   = 0.1117 m  (3D)          distance_obj_goal_cm  = 2 cm  (XY)
  cube_position (z)     = 0.1297 m                object_lift_height_cm = 10 cm
  cube_position (xy)    = [0.159, -0.019]         grasp_completed       = 1
  finger_contacts (raw) = 2                       finger_contacts       = 2
  x                                               grasp_attempts        = 2
  x                                               task_started          = 1
  x                                               object_available      = 1
  x                                               task_aborted          = 0
  episode                = 1                      x
  step                   = 55                     x
  ee_position            = [0.1491, 0.0008, 0.1342]  x
  ee_velocity            = [-0.0062, 0.0002, -0.0814]  x
  target_position        = [0.1500, 0.0000, 0.0200]  x
  reward                 = -0.1117                x
  is_success             = False                  x
  obstacle_in_path       = False                  x
  obstacle_count_in_path = 0                      x
  obstacles              = {}                     x
  objects                = {'object_1': {'type': 'box', 'size': [0.04, 0.04, 0.04], 'mass': 1, 'color': [0.1, 0.2, 0.9, 1.0], 'initial_position': [-0.25, 0.0, 0.02], 'lateral_friction': 0.13, 'spinning_friction': 0.001, 'current_position': [0.1591324018592529, -0.01853340086693118, 0.12973507671632584]}}  x
  scripts                = {'script_1': True, 'reach_only': True, 'left_right': True}  x
  target_goal            = {'type': 'goal_sequence', 'targets': [{'name': 'target', 'position': [0.15000000596046448, 0.0, 0.019999999552965164]}], 'mode': 'goal_sequence'}  x
  scene                  = {'table': {'length': 1.1, 'width': 0.7, 'height': 0.4, 'x_offset': -0.3, 'lateral_friction': 3.0, 'spinning_friction': 0.001}}  x
  robot_config           = {'control_type': 'ee', 'block_gripper': False, 'base_position': [-0.6, 0.0, 0.05]}  x
  current_task           = OBJECT_DELIVERY_SEQUENCE  x
  current_subtask        = PLACE_OBJECT           x
  active_target_name     = target                 x
  action                 = [0.0000, 0.0000, -0.1500, -1.0000]  x
  joint_angles           = [0.0265, 0.8513, -0.0363, -1.2770, 0.0322, 2.1256, 0.7708]  x
  joint_velocities       = [-0.0005, 0.1128, 0.0020, -0.0115, 0.0020, 0.0953, -0.0001]  x
  cube_rotation          = [-3.1408, -0.0440, 0.0027]  x
  cube_linear_velocity   = [-0.0063, 0.0071, -0.0817]  x
  obstacle_positions     = {}                     x
[step=  55 13:00:40.230][Analyzer] ASM node=place_object  goal_status=not_applicable
[step=  55 13:00:40.233][DejaVu] {'status': 'ok', 'unanticipated': True, 'adaptation': {'candidate_name': 'Lift Slip — Low Friction Surface', 'do': 'apply_vacuum_assist()', 'score': 0.9763888888888889}, 'evaluation': {'status': 'success', 'reason': 'then_satisfied', 'ticks': 1, 'candidate': 'Lift Slip — Low Friction Surface', 'then': 'object_lift_height_cm >= 10 AND finger_contacts >= 2'}}
[step=  56 13:00:41.360][Manager] ep=1 subtask=PLACE_OBJECT reward=-0.1039
[step=  56 13:00:41.361][Perception]
  RAW PERCEPTION                                  MONITORED PARAMS
  ----------------------------------------------  --------------------------------------
  fingers_width         = 0.0384 m                gripper_width_cm      = 3 cm
  dist_ee_to_cube       = 0.0220 m                distance_ee_object_cm = 0 cm
  dist_cube_to_target   = 0.1039 m  (3D)          distance_obj_goal_cm  = 2 cm  (XY)
  cube_position (z)     = 0.1219 m                object_lift_height_cm = 10 cm
  cube_position (xy)    = [0.159, -0.018]         grasp_completed       = 1
  finger_contacts (raw) = 2                       finger_contacts       = 2
  x                                               grasp_attempts        = 2
  x                                               task_started          = 1
  x                                               object_available      = 1
  x                                               task_aborted          = 0
  episode                = 1                      x
  step                   = 56                     x
  ee_position            = [0.1490, 0.0009, 0.1264]  x
  ee_velocity            = [-0.0072, 0.0001, -0.0827]  x
  target_position        = [0.1500, 0.0000, 0.0200]  x
  reward                 = -0.1039                x
  is_success             = False                  x
  obstacle_in_path       = False                  x
  obstacle_count_in_path = 0                      x
  obstacles              = {}                     x
  objects                = {'object_1': {'type': 'box', 'size': [0.04, 0.04, 0.04], 'mass': 1, 'color': [0.1, 0.2, 0.9, 1.0], 'initial_position': [-0.25, 0.0, 0.02], 'lateral_friction': 0.13, 'spinning_friction': 0.001, 'current_position': [0.1590585936639639, -0.01824803461561891, 0.12191982438361668]}}  x
  scripts                = {'script_1': True, 'reach_only': True, 'left_right': True}  x
  target_goal            = {'type': 'goal_sequence', 'targets': [{'name': 'target', 'position': [0.15000000596046448, 0.0, 0.019999999552965164]}], 'mode': 'goal_sequence'}  x
  scene                  = {'table': {'length': 1.1, 'width': 0.7, 'height': 0.4, 'x_offset': -0.3, 'lateral_friction': 3.0, 'spinning_friction': 0.001}}  x
  robot_config           = {'control_type': 'ee', 'block_gripper': False, 'base_position': [-0.6, 0.0, 0.05]}  x
  current_task           = OBJECT_DELIVERY_SEQUENCE  x
  current_subtask        = PLACE_OBJECT           x
  active_target_name     = target                 x
  action                 = [0.0000, 0.0000, -0.1500, -1.0000]  x
  joint_angles           = [0.0264, 0.8624, -0.0360, -1.2783, 0.0324, 2.1379, 0.7708]  x
  joint_velocities       = [-0.0006, 0.1155, 0.0021, -0.0099, 0.0021, 0.0949, -0.0003]  x
  cube_rotation          = [-3.1408, -0.0440, 0.0026]  x
  cube_linear_velocity   = [-0.0073, 0.0071, -0.0830]  x
  obstacle_positions     = {}                     x
[step=  56 13:00:41.364][Analyzer] ASM node=place_object  goal_status=not_applicable
[step=  56 13:00:41.366][DejaVu] {'status': 'ok', 'unanticipated': True, 'adaptation': {'candidate_name': 'Lift Slip — Low Friction Surface', 'do': 'apply_vacuum_assist()', 'score': 0.9763888888888889}, 'evaluation': {'status': 'success', 'reason': 'then_satisfied', 'ticks': 1, 'candidate': 'Lift Slip — Low Friction Surface', 'then': 'object_lift_height_cm >= 10 AND finger_contacts >= 2'}}
[step=  57 13:00:42.507][Manager] ep=1 subtask=PLACE_OBJECT reward=-0.0962
[step=  57 13:00:42.508][Perception]
  RAW PERCEPTION                                  MONITORED PARAMS
  ----------------------------------------------  --------------------------------------
  fingers_width         = 0.0384 m                gripper_width_cm      = 3 cm
  dist_ee_to_cube       = 0.0219 m                distance_ee_object_cm = 0 cm
  dist_cube_to_target   = 0.0962 m  (3D)          distance_obj_goal_cm  = 2 cm  (XY)
  cube_position (z)     = 0.1141 m                object_lift_height_cm = 9 cm
  cube_position (xy)    = [0.159, -0.018]         grasp_completed       = 1
  finger_contacts (raw) = 2                       finger_contacts       = 2
  x                                               grasp_attempts        = 2
  x                                               task_started          = 1
  x                                               object_available      = 1
  x                                               task_aborted          = 0
  episode                = 1                      x
  step                   = 57                     x
  ee_position            = [0.1489, 0.0009, 0.1186]  x
  ee_velocity            = [-0.0082, 0.0001, -0.0838]  x
  target_position        = [0.1500, 0.0000, 0.0200]  x
  reward                 = -0.0962                x
  is_success             = False                  x
  obstacle_in_path       = False                  x
  obstacle_count_in_path = 0                      x
  obstacles              = {}                     x
  objects                = {'object_1': {'type': 'box', 'size': [0.04, 0.04, 0.04], 'mass': 1, 'color': [0.1, 0.2, 0.9, 1.0], 'initial_position': [-0.25, 0.0, 0.02], 'lateral_friction': 0.13, 'spinning_friction': 0.001, 'current_position': [0.15892271681508954, -0.017964507879251444, 0.11408265345940652]}}  x
  scripts                = {'script_1': True, 'reach_only': True, 'left_right': True}  x
  target_goal            = {'type': 'goal_sequence', 'targets': [{'name': 'target', 'position': [0.15000000596046448, 0.0, 0.019999999552965164]}], 'mode': 'goal_sequence'}  x
  scene                  = {'table': {'length': 1.1, 'width': 0.7, 'height': 0.4, 'x_offset': -0.3, 'lateral_friction': 3.0, 'spinning_friction': 0.001}}  x
  robot_config           = {'control_type': 'ee', 'block_gripper': False, 'base_position': [-0.6, 0.0, 0.05]}  x
  current_task           = OBJECT_DELIVERY_SEQUENCE  x
  current_subtask        = PLACE_OBJECT           x
  active_target_name     = target                 x
  action                 = [0.0000, 0.0000, -0.1500, -1.0000]  x
  joint_angles           = [0.0263, 0.8736, -0.0356, -1.2794, 0.0327, 2.1502, 0.7707]  x
  joint_velocities       = [-0.0006, 0.1180, 0.0021, -0.0082, 0.0021, 0.0945, -0.0004]  x
  cube_rotation          = [-3.1408, -0.0439, 0.0026]  x
  cube_linear_velocity   = [-0.0083, 0.0071, -0.0841]  x
  obstacle_positions     = {}                     x
[step=  57 13:00:42.511][Analyzer] ASM node=place_object  goal_status=not_applicable
[step=  57 13:00:42.514][DejaVu] {'status': 'ok', 'unanticipated': True, 'adaptation': {'candidate_name': 'Lift Slip — Low Friction Surface', 'do': 'apply_vacuum_assist()', 'score': 0.9763888888888889}, 'evaluation': {'status': 'success', 'reason': 'then_satisfied', 'ticks': 1, 'candidate': 'Lift Slip — Low Friction Surface', 'then': 'object_lift_height_cm >= 10 AND finger_contacts >= 2'}}
[step=  58 13:00:43.654][Manager] ep=1 subtask=PLACE_OBJECT reward=-0.0885
[step=  58 13:00:43.654][Perception]
  RAW PERCEPTION                                  MONITORED PARAMS
  ----------------------------------------------  --------------------------------------
  fingers_width         = 0.0384 m                gripper_width_cm      = 3 cm
  dist_ee_to_cube       = 0.0217 m                distance_ee_object_cm = 0 cm
  dist_cube_to_target   = 0.0885 m  (3D)          distance_obj_goal_cm  = 1 cm  (XY)
  cube_position (z)     = 0.1062 m                object_lift_height_cm = 8 cm
  cube_position (xy)    = [0.159, -0.018]         grasp_completed       = 1
  finger_contacts (raw) = 2                       finger_contacts       = 2
  x                                               grasp_attempts        = 2
  x                                               task_started          = 1
  x                                               object_available      = 1
  x                                               task_aborted          = 0
  episode                = 1                      x
  step                   = 58                     x
  ee_position            = [0.1487, 0.0010, 0.1107]  x
  ee_velocity            = [-0.0092, 0.0001, -0.0849]  x
  target_position        = [0.1500, 0.0000, 0.0200]  x
  reward                 = -0.0885                x
  is_success             = False                  x
  obstacle_in_path       = False                  x
  obstacle_count_in_path = 0                      x
  obstacles              = {}                     x
  objects                = {'object_1': {'type': 'box', 'size': [0.04, 0.04, 0.04], 'mass': 1, 'color': [0.1, 0.2, 0.9, 1.0], 'initial_position': [-0.25, 0.0, 0.02], 'lateral_friction': 0.13, 'spinning_friction': 0.001, 'current_position': [0.15872415123024924, -0.01768265752257514, 0.1062252073758057]}}  x
  scripts                = {'script_1': True, 'reach_only': True, 'left_right': True}  x
  target_goal            = {'type': 'goal_sequence', 'targets': [{'name': 'target', 'position': [0.15000000596046448, 0.0, 0.019999999552965164]}], 'mode': 'goal_sequence'}  x
  scene                  = {'table': {'length': 1.1, 'width': 0.7, 'height': 0.4, 'x_offset': -0.3, 'lateral_friction': 3.0, 'spinning_friction': 0.001}}  x
  robot_config           = {'control_type': 'ee', 'block_gripper': False, 'base_position': [-0.6, 0.0, 0.05]}  x
  current_task           = OBJECT_DELIVERY_SEQUENCE  x
  current_subtask        = PLACE_OBJECT           x
  active_target_name     = target                 x
  action                 = [0.0000, 0.0000, -0.1500, -1.0000]  x
  joint_angles           = [0.0262, 0.8850, -0.0353, -1.2802, 0.0330, 2.1625, 0.7707]  x
  joint_velocities       = [-0.0007, 0.1204, 0.0022, -0.0066, 0.0021, 0.0940, -0.0004]  x
  cube_rotation          = [-3.1408, -0.0439, 0.0026]  x
  cube_linear_velocity   = [-0.0094, 0.0070, -0.0852]  x
  obstacle_positions     = {}                     x
[step=  58 13:00:43.657][Analyzer] ASM node=place_object  goal_status=not_applicable
[step=  58 13:00:43.659][DejaVu] {'status': 'ok', 'unanticipated': True, 'adaptation': {'candidate_name': 'Lift Slip — Low Friction Surface', 'do': 'apply_vacuum_assist()', 'score': 0.9763888888888889}, 'evaluation': {'status': 'success', 'reason': 'then_satisfied', 'ticks': 1, 'candidate': 'Lift Slip — Low Friction Surface', 'then': 'object_lift_height_cm >= 10 AND finger_contacts >= 2'}}
[step=  59 13:00:44.826][Manager] ep=1 subtask=PLACE_OBJECT reward=-0.0807
[step=  59 13:00:44.827][Perception]
  RAW PERCEPTION                                  MONITORED PARAMS
  ----------------------------------------------  --------------------------------------
  fingers_width         = 0.0384 m                gripper_width_cm      = 3 cm
  dist_ee_to_cube       = 0.0215 m                distance_ee_object_cm = 0 cm
  dist_cube_to_target   = 0.0807 m  (3D)          distance_obj_goal_cm  = 1 cm  (XY)
  cube_position (z)     = 0.0983 m                object_lift_height_cm = 7 cm
  cube_position (xy)    = [0.158, -0.017]         grasp_completed       = 1
  finger_contacts (raw) = 2                       finger_contacts       = 2
  x                                               grasp_attempts        = 2
  x                                               task_started          = 1
  x                                               object_available      = 1
  x                                               task_aborted          = 0
  episode                = 1                      x
  step                   = 59                     x
  ee_position            = [0.1484, 0.0010, 0.1029]  x
  ee_velocity            = [-0.0102, 0.0000, -0.0859]  x
  target_position        = [0.1500, 0.0000, 0.0200]  x
  reward                 = -0.0807                x
  is_success             = False                  x
  obstacle_in_path       = False                  x
  obstacle_count_in_path = 0                      x
  obstacles              = {}                     x
  objects                = {'object_1': {'type': 'box', 'size': [0.04, 0.04, 0.04], 'mass': 1, 'color': [0.1, 0.2, 0.9, 1.0], 'initial_position': [-0.25, 0.0, 0.02], 'lateral_friction': 0.13, 'spinning_friction': 0.001, 'current_position': [0.15846251592210636, -0.01740234353794666, 0.09834957357301911]}}  x
  scripts                = {'script_1': True, 'reach_only': True, 'left_right': True}  x
  target_goal            = {'type': 'goal_sequence', 'targets': [{'name': 'target', 'position': [0.15000000596046448, 0.0, 0.019999999552965164]}], 'mode': 'goal_sequence'}  x
  scene                  = {'table': {'length': 1.1, 'width': 0.7, 'height': 0.4, 'x_offset': -0.3, 'lateral_friction': 3.0, 'spinning_friction': 0.001}}  x
  robot_config           = {'control_type': 'ee', 'block_gripper': False, 'base_position': [-0.6, 0.0, 0.05]}  x
  current_task           = OBJECT_DELIVERY_SEQUENCE  x
  current_subtask        = PLACE_OBJECT           x
  active_target_name     = target                 x
  action                 = [0.0000, 0.0000, -0.1500, -1.0000]  x
  joint_angles           = [0.0261, 0.8966, -0.0350, -1.2808, 0.0333, 2.1746, 0.7706]  x
  joint_velocities       = [-0.0008, 0.1228, 0.0022, -0.0049, 0.0022, 0.0936, -0.0005]  x
  cube_rotation          = [-3.1408, -0.0439, 0.0026]  x
  cube_linear_velocity   = [-0.0104, 0.0070, -0.0862]  x
  obstacle_positions     = {}                     x
[step=  59 13:00:44.829][Analyzer] ASM node=place_object  goal_status=not_applicable
[step=  59 13:00:44.831][DejaVu] {'status': 'ok', 'unanticipated': True, 'adaptation': {'candidate_name': 'Lift Slip — Low Friction Surface', 'do': 'apply_vacuum_assist()', 'score': 0.9763888888888889}, 'evaluation': {'status': 'success', 'reason': 'then_satisfied', 'ticks': 1, 'candidate': 'Lift Slip — Low Friction Surface', 'then': 'object_lift_height_cm >= 10 AND finger_contacts >= 2'}}
[step=  60 13:00:45.973][Manager] ep=1 subtask=PLACE_OBJECT reward=-0.0730
[step=  60 13:00:45.973][Perception]
  RAW PERCEPTION                                  MONITORED PARAMS
  ----------------------------------------------  --------------------------------------
  fingers_width         = 0.0384 m                gripper_width_cm      = 3 cm
  dist_ee_to_cube       = 0.0213 m                distance_ee_object_cm = 0 cm
  dist_cube_to_target   = 0.0730 m  (3D)          distance_obj_goal_cm  = 1 cm  (XY)
  cube_position (z)     = 0.0905 m                object_lift_height_cm = 7 cm
  cube_position (xy)    = [0.158, -0.017]         grasp_completed       = 1
  finger_contacts (raw) = 2                       finger_contacts       = 2
  x                                               grasp_attempts        = 2
  x                                               task_started          = 1
  x                                               object_available      = 1
  x                                               task_aborted          = 0
  episode                = 1                      x
  step                   = 60                     x
  ee_position            = [0.1481, 0.0011, 0.0950]  x
  ee_velocity            = [-0.0112, -0.0000, -0.0869]  x
  target_position        = [0.1500, 0.0000, 0.0200]  x
  reward                 = -0.0730                x
  is_success             = False                  x
  obstacle_in_path       = False                  x
  obstacle_count_in_path = 0                      x
  obstacles              = {}                     x
  objects                = {'object_1': {'type': 'box', 'size': [0.04, 0.04, 0.04], 'mass': 1, 'color': [0.1, 0.2, 0.9, 1.0], 'initial_position': [-0.25, 0.0, 0.02], 'lateral_friction': 0.13, 'spinning_friction': 0.001, 'current_position': [0.1581375481721376, -0.017123436335313887, 0.09045804094042731]}}  x
  scripts                = {'script_1': True, 'reach_only': True, 'left_right': True}  x
  target_goal            = {'type': 'goal_sequence', 'targets': [{'name': 'target', 'position': [0.15000000596046448, 0.0, 0.019999999552965164]}], 'mode': 'goal_sequence'}  x
  scene                  = {'table': {'length': 1.1, 'width': 0.7, 'height': 0.4, 'x_offset': -0.3, 'lateral_friction': 3.0, 'spinning_friction': 0.001}}  x
  robot_config           = {'control_type': 'ee', 'block_gripper': False, 'base_position': [-0.6, 0.0, 0.05]}  x
  current_task           = OBJECT_DELIVERY_SEQUENCE  x
  current_subtask        = PLACE_OBJECT           x
  active_target_name     = target                 x
  action                 = [0.0000, 0.0000, -0.1500, -1.0000]  x
  joint_angles           = [0.0260, 0.9083, -0.0347, -1.2812, 0.0336, 2.1867, 0.7705]  x
  joint_velocities       = [-0.0008, 0.1251, 0.0022, -0.0032, 0.0022, 0.0931, -0.0006]  x
  cube_rotation          = [-3.1408, -0.0439, 0.0026]  x
  cube_linear_velocity   = [-0.0114, 0.0069, -0.0872]  x
  obstacle_positions     = {}                     x
[step=  60 13:00:45.976][Analyzer] ASM node=place_object  goal_status=not_applicable
[step=  60 13:00:45.978][DejaVu] {'status': 'ok', 'unanticipated': True, 'adaptation': {'candidate_name': 'Lift Slip — Low Friction Surface', 'do': 'apply_vacuum_assist()', 'score': 0.9763888888888889}, 'evaluation': {'status': 'success', 'reason': 'then_satisfied', 'ticks': 1, 'candidate': 'Lift Slip — Low Friction Surface', 'then': 'object_lift_height_cm >= 10 AND finger_contacts >= 2'}}
[step=  61 13:00:47.120][Manager] ep=1 subtask=PLACE_OBJECT reward=-0.0653
[step=  61 13:00:47.121][Perception]
  RAW PERCEPTION                                  MONITORED PARAMS
  ----------------------------------------------  --------------------------------------
  fingers_width         = 0.0384 m                gripper_width_cm      = 3 cm
  dist_ee_to_cube       = 0.0211 m                distance_ee_object_cm = 0 cm
  dist_cube_to_target   = 0.0653 m  (3D)          distance_obj_goal_cm  = 1 cm  (XY)
  cube_position (z)     = 0.0826 m                object_lift_height_cm = 6 cm
  cube_position (xy)    = [0.158, -0.017]         grasp_completed       = 1
  finger_contacts (raw) = 2                       finger_contacts       = 2
  x                                               grasp_attempts        = 2
  x                                               task_started          = 1
  x                                               object_available      = 1
  x                                               task_aborted          = 0
  episode                = 1                      x
  step                   = 61                     x
  ee_position            = [0.1477, 0.0011, 0.0871]  x
  ee_velocity            = [-0.0120, -0.0000, -0.0868]  x
  target_position        = [0.1500, 0.0000, 0.0200]  x
  reward                 = -0.0653                x
  is_success             = False                  x
  obstacle_in_path       = False                  x
  obstacle_count_in_path = 0                      x
  obstacles              = {}                     x
  objects                = {'object_1': {'type': 'box', 'size': [0.04, 0.04, 0.04], 'mass': 1, 'color': [0.1, 0.2, 0.9, 1.0], 'initial_position': [-0.25, 0.0, 0.02], 'lateral_friction': 0.13, 'spinning_friction': 0.001, 'current_position': [0.1577582494516228, -0.01684582844305098, 0.08258543564336586]}}  x
  scripts                = {'script_1': True, 'reach_only': True, 'left_right': True}  x
  target_goal            = {'type': 'goal_sequence', 'targets': [{'name': 'target', 'position': [0.15000000596046448, 0.0, 0.019999999552965164]}], 'mode': 'goal_sequence'}  x
  scene                  = {'table': {'length': 1.1, 'width': 0.7, 'height': 0.4, 'x_offset': -0.3, 'lateral_friction': 3.0, 'spinning_friction': 0.001}}  x
  robot_config           = {'control_type': 'ee', 'block_gripper': False, 'base_position': [-0.6, 0.0, 0.05]}  x
  current_task           = OBJECT_DELIVERY_SEQUENCE  x
  current_subtask        = PLACE_OBJECT           x
  active_target_name     = target                 x
  action                 = [0.0000, 0.0000, -0.1500, -1.0000]  x
  joint_angles           = [0.0259, 0.9202, -0.0344, -1.2814, 0.0338, 2.1987, 0.7704]  x
  joint_velocities       = [-0.0009, 0.1262, 0.0022, -0.0012, 0.0022, 0.0921, -0.0006]  x
  cube_rotation          = [-3.1408, -0.0439, 0.0026]  x
  cube_linear_velocity   = [-0.0121, 0.0069, -0.0872]  x
  obstacle_positions     = {}                     x
[step=  61 13:00:47.125][Analyzer] ASM node=place_object  goal_status=not_applicable
[step=  61 13:00:47.128][DejaVu] {'status': 'ok', 'unanticipated': True, 'adaptation': {'candidate_name': 'Lift Slip — Low Friction Surface', 'do': 'apply_vacuum_assist()', 'score': 0.9763888888888889}, 'evaluation': {'status': 'success', 'reason': 'then_satisfied', 'ticks': 1, 'candidate': 'Lift Slip — Low Friction Surface', 'then': 'object_lift_height_cm >= 10 AND finger_contacts >= 2'}}
[step=  62 13:00:48.267][Manager] ep=1 subtask=PLACE_OBJECT reward=-0.0577
[step=  62 13:00:48.267][Perception]
  RAW PERCEPTION                                  MONITORED PARAMS
  ----------------------------------------------  --------------------------------------
  fingers_width         = 0.0384 m                gripper_width_cm      = 3 cm
  dist_ee_to_cube       = 0.0208 m                distance_ee_object_cm = 0 cm
  dist_cube_to_target   = 0.0577 m  (3D)          distance_obj_goal_cm  = 1 cm  (XY)
  cube_position (z)     = 0.0747 m                object_lift_height_cm = 5 cm
  cube_position (xy)    = [0.157, -0.017]         grasp_completed       = 1
  finger_contacts (raw) = 2                       finger_contacts       = 2
  x                                               grasp_attempts        = 2
  x                                               task_started          = 1
  x                                               object_available      = 1
  x                                               task_aborted          = 0
  episode                = 1                      x
  step                   = 62                     x
  ee_position            = [0.1473, 0.0011, 0.0793]  x
  ee_velocity            = [-0.0126, -0.0001, -0.0864]  x
  target_position        = [0.1500, 0.0000, 0.0200]  x
  reward                 = -0.0577                x
  is_success             = False                  x
  obstacle_in_path       = False                  x
  obstacle_count_in_path = 0                      x
  obstacles              = {}                     x
  objects                = {'object_1': {'type': 'box', 'size': [0.04, 0.04, 0.04], 'mass': 1, 'color': [0.1, 0.2, 0.9, 1.0], 'initial_position': [-0.25, 0.0, 0.02], 'lateral_friction': 0.13, 'spinning_friction': 0.001, 'current_position': [0.15731819968131136, -0.016569406587546066, 0.07474742752843219]}}  x
  scripts                = {'script_1': True, 'reach_only': True, 'left_right': True}  x
  target_goal            = {'type': 'goal_sequence', 'targets': [{'name': 'target', 'position': [0.15000000596046448, 0.0, 0.019999999552965164]}], 'mode': 'goal_sequence'}  x
  scene                  = {'table': {'length': 1.1, 'width': 0.7, 'height': 0.4, 'x_offset': -0.3, 'lateral_friction': 3.0, 'spinning_friction': 0.001}}  x
  robot_config           = {'control_type': 'ee', 'block_gripper': False, 'base_position': [-0.6, 0.0, 0.05]}  x
  current_task           = OBJECT_DELIVERY_SEQUENCE  x
  current_subtask        = PLACE_OBJECT           x
  active_target_name     = target                 x
  action                 = [0.0000, 0.0000, -0.1500, -1.0000]  x
  joint_angles           = [0.0258, 0.9321, -0.0341, -1.2813, 0.0341, 2.2106, 0.7704]  x
  joint_velocities       = [-0.0009, 0.1265, 0.0023, 0.0004, 0.0022, 0.0911, -0.0007]  x
  cube_rotation          = [-3.1408, -0.0439, 0.0026]  x
  cube_linear_velocity   = [-0.0128, 0.0069, -0.0867]  x
  obstacle_positions     = {}                     x
[step=  62 13:00:48.270][Analyzer] ASM node=place_object  goal_status=not_applicable
[step=  62 13:00:48.273][DejaVu] {'status': 'ok', 'unanticipated': True, 'adaptation': {'candidate_name': 'Lift Slip — Low Friction Surface', 'do': 'apply_vacuum_assist()', 'score': 0.9763888888888889}, 'evaluation': {'status': 'success', 'reason': 'then_satisfied', 'ticks': 1, 'candidate': 'Lift Slip — Low Friction Surface', 'then': 'object_lift_height_cm >= 10 AND finger_contacts >= 2'}}
[step=  63 13:00:49.388][Manager] ep=1 subtask=PLACE_OBJECT reward=-0.0501
[step=  63 13:00:49.389][Perception]
  RAW PERCEPTION                                  MONITORED PARAMS
  ----------------------------------------------  --------------------------------------
  fingers_width         = 0.0384 m                gripper_width_cm      = 3 cm
  dist_ee_to_cube       = 0.0206 m                distance_ee_object_cm = 0 cm
  dist_cube_to_target   = 0.0501 m  (3D)          distance_obj_goal_cm  = 1 cm  (XY)
  cube_position (z)     = 0.0669 m                object_lift_height_cm = 4 cm
  cube_position (xy)    = [0.157, -0.016]         grasp_completed       = 1
  finger_contacts (raw) = 2                       finger_contacts       = 2
  x                                               grasp_attempts        = 2
  x                                               task_started          = 1
  x                                               object_available      = 1
  x                                               task_aborted          = 0
  episode                = 1                      x
  step                   = 63                     x
  ee_position            = [0.1468, 0.0012, 0.0714]  x
  ee_velocity            = [-0.0138, -0.0001, -0.0875]  x
  target_position        = [0.1500, 0.0000, 0.0200]  x
  reward                 = -0.0501                x
  is_success             = False                  x
  obstacle_in_path       = False                  x
  obstacle_count_in_path = 0                      x
  obstacles              = {}                     x
  objects                = {'object_1': {'type': 'box', 'size': [0.04, 0.04, 0.04], 'mass': 1, 'color': [0.1, 0.2, 0.9, 1.0], 'initial_position': [-0.25, 0.0, 0.02], 'lateral_friction': 0.13, 'spinning_friction': 0.001, 'current_position': [0.15680588217362426, -0.01629406935504047, 0.06689622555834038]}}  x
  scripts                = {'script_1': True, 'reach_only': True, 'left_right': True}  x
  target_goal            = {'type': 'goal_sequence', 'targets': [{'name': 'target', 'position': [0.15000000596046448, 0.0, 0.019999999552965164]}], 'mode': 'goal_sequence'}  x
  scene                  = {'table': {'length': 1.1, 'width': 0.7, 'height': 0.4, 'x_offset': -0.3, 'lateral_friction': 3.0, 'spinning_friction': 0.001}}  x
  robot_config           = {'control_type': 'ee', 'block_gripper': False, 'base_position': [-0.6, 0.0, 0.05]}  x
  current_task           = OBJECT_DELIVERY_SEQUENCE  x
  current_subtask        = PLACE_OBJECT           x
  active_target_name     = target                 x
  action                 = [0.0000, 0.0000, -0.1500, -1.0000]  x
  joint_angles           = [0.0256, 0.9441, -0.0338, -1.2811, 0.0344, 2.2224, 0.7703]  x
  joint_velocities       = [-0.0009, 0.1287, 0.0023, 0.0017, 0.0022, 0.0906, -0.0007]  x
  cube_rotation          = [-3.1408, -0.0439, 0.0026]  x
  cube_linear_velocity   = [-0.0140, 0.0069, -0.0878]  x
  obstacle_positions     = {}                     x
[step=  63 13:00:49.392][Analyzer] ASM node=place_object  goal_status=not_applicable
[step=  63 13:00:49.394][DejaVu] {'status': 'ok', 'unanticipated': True, 'adaptation': {'candidate_name': 'Lift Slip — Low Friction Surface', 'do': 'apply_vacuum_assist()', 'score': 0.9763888888888889}, 'evaluation': {'status': 'success', 'reason': 'then_satisfied', 'ticks': 1, 'candidate': 'Lift Slip — Low Friction Surface', 'then': 'object_lift_height_cm >= 10 AND finger_contacts >= 2'}}
[step=  64 13:00:50.561][Manager] ep=1 subtask=PLACE_OBJECT reward=-0.0426
[step=  64 13:00:50.561][Perception]
  RAW PERCEPTION                                  MONITORED PARAMS
  ----------------------------------------------  --------------------------------------
  fingers_width         = 0.0384 m                gripper_width_cm      = 3 cm
  dist_ee_to_cube       = 0.0204 m                distance_ee_object_cm = 0 cm
  dist_cube_to_target   = 0.0426 m  (3D)          distance_obj_goal_cm  = 1 cm  (XY)
  cube_position (z)     = 0.0590 m                object_lift_height_cm = 3 cm
  cube_position (xy)    = [0.156, -0.016]         grasp_completed       = 1
  finger_contacts (raw) = 2                       finger_contacts       = 2
  x                                               grasp_attempts        = 2
  x                                               task_started          = 1
  x                                               object_available      = 1
  x                                               task_aborted          = 0
  episode                = 1                      x
  step                   = 64                     x
  ee_position            = [0.1462, 0.0012, 0.0635]  x
  ee_velocity            = [-0.0154, -0.0002, -0.0900]  x
  target_position        = [0.1500, 0.0000, 0.0200]  x
  reward                 = -0.0426                x
  is_success             = False                  x
  obstacle_in_path       = False                  x
  obstacle_count_in_path = 0                      x
  obstacles              = {}                     x
  objects                = {'object_1': {'type': 'box', 'size': [0.04, 0.04, 0.04], 'mass': 1, 'color': [0.1, 0.2, 0.9, 1.0], 'initial_position': [-0.25, 0.0, 0.02], 'lateral_friction': 0.13, 'spinning_friction': 0.001, 'current_position': [0.1562197087867713, -0.016019741538387512, 0.05897364025772026]}}  x
  scripts                = {'script_1': True, 'reach_only': True, 'left_right': True}  x
  target_goal            = {'type': 'goal_sequence', 'targets': [{'name': 'target', 'position': [0.15000000596046448, 0.0, 0.019999999552965164]}], 'mode': 'goal_sequence'}  x
  scene                  = {'table': {'length': 1.1, 'width': 0.7, 'height': 0.4, 'x_offset': -0.3, 'lateral_friction': 3.0, 'spinning_friction': 0.001}}  x
  robot_config           = {'control_type': 'ee', 'block_gripper': False, 'base_position': [-0.6, 0.0, 0.05]}  x
  current_task           = OBJECT_DELIVERY_SEQUENCE  x
  current_subtask        = PLACE_OBJECT           x
  active_target_name     = target                 x
  action                 = [0.0000, 0.0000, -0.1500, -1.0000]  x
  joint_angles           = [0.0255, 0.9563, -0.0334, -1.2806, 0.0347, 2.2341, 0.7702]  x
  joint_velocities       = [-0.0010, 0.1333, 0.0023, 0.0034, 0.0022, 0.0905, -0.0008]  x
  cube_rotation          = [-3.1408, -0.0439, 0.0026]  x
  cube_linear_velocity   = [-0.0156, 0.0068, -0.0904]  x
  obstacle_positions     = {}                     x
[step=  64 13:00:50.564][Analyzer] ASM node=place_object  goal_status=not_applicable
[step=  64 13:00:50.566][DejaVu] {'status': 'ok', 'unanticipated': True, 'adaptation': {'candidate_name': 'Lift Slip — Low Friction Surface', 'do': 'apply_vacuum_assist()', 'score': 0.9763888888888889}, 'evaluation': {'status': 'success', 'reason': 'then_satisfied', 'ticks': 1, 'candidate': 'Lift Slip — Low Friction Surface', 'then': 'object_lift_height_cm >= 10 AND finger_contacts >= 2'}}
[step=  65 13:00:51.682][Manager] ep=1 subtask=PLACE_OBJECT reward=-0.0352
[step=  65 13:00:51.682][Perception]
  RAW PERCEPTION                                  MONITORED PARAMS
  ----------------------------------------------  --------------------------------------
  fingers_width         = 0.0384 m                gripper_width_cm      = 3 cm
  dist_ee_to_cube       = 0.0202 m                distance_ee_object_cm = 0 cm
  dist_cube_to_target   = 0.0352 m  (3D)          distance_obj_goal_cm  = 1 cm  (XY)
  cube_position (z)     = 0.0510 m                object_lift_height_cm = 3 cm
  cube_position (xy)    = [0.156, -0.016]         grasp_completed       = 1
  finger_contacts (raw) = 2                       finger_contacts       = 2
  x                                               grasp_attempts        = 2
  x                                               task_started          = 1
  x                                               object_available      = 1
  x                                               task_aborted          = 0
  episode                = 1                      x
  step                   = 65                     x
  ee_position            = [0.1455, 0.0012, 0.0556]  x
  ee_velocity            = [-0.0164, -0.0002, -0.0907]  x
  target_position        = [0.1500, 0.0000, 0.0200]  x
  reward                 = -0.0352                x
  is_success             = False                  x
  obstacle_in_path       = False                  x
  obstacle_count_in_path = 0                      x
  obstacles              = {}                     x
  objects                = {'object_1': {'type': 'box', 'size': [0.04, 0.04, 0.04], 'mass': 1, 'color': [0.1, 0.2, 0.9, 1.0], 'initial_position': [-0.25, 0.0, 0.02], 'lateral_friction': 0.13, 'spinning_friction': 0.001, 'current_position': [0.15557500133842492, -0.01574634742231786, 0.051034983209673306]}}  x
  scripts                = {'script_1': True, 'reach_only': True, 'left_right': True}  x
  target_goal            = {'type': 'goal_sequence', 'targets': [{'name': 'target', 'position': [0.15000000596046448, 0.0, 0.019999999552965164]}], 'mode': 'goal_sequence'}  x
  scene                  = {'table': {'length': 1.1, 'width': 0.7, 'height': 0.4, 'x_offset': -0.3, 'lateral_friction': 3.0, 'spinning_friction': 0.001}}  x
  robot_config           = {'control_type': 'ee', 'block_gripper': False, 'base_position': [-0.6, 0.0, 0.05]}  x
  current_task           = OBJECT_DELIVERY_SEQUENCE  x
  current_subtask        = PLACE_OBJECT           x
  active_target_name     = target                 x
  action                 = [0.0000, 0.0000, -0.1500, -1.0000]  x
  joint_angles           = [0.0254, 0.9688, -0.0331, -1.2799, 0.0350, 2.2458, 0.7701]  x
  joint_velocities       = [-0.0011, 0.1353, 0.0023, 0.0053, 0.0022, 0.0901, -0.0008]  x
  cube_rotation          = [-3.1408, -0.0439, 0.0026]  x
  cube_linear_velocity   = [-0.0166, 0.0068, -0.0911]  x
  obstacle_positions     = {}                     x
[step=  65 13:00:51.685][Analyzer] ASM node=place_object  goal_status=not_applicable
[step=  65 13:00:51.687][DejaVu] {'status': 'ok', 'unanticipated': True, 'adaptation': {'candidate_name': 'Lift Slip — Low Friction Surface', 'do': 'apply_vacuum_assist()', 'score': 0.9763888888888889}, 'evaluation': {'status': 'success', 'reason': 'then_satisfied', 'ticks': 1, 'candidate': 'Lift Slip — Low Friction Surface', 'then': 'object_lift_height_cm >= 10 AND finger_contacts >= 2'}}
[step=  66 13:00:52.829][Manager] ep=1 subtask=PLACE_OBJECT reward=-0.0282
[step=  66 13:00:52.829][Perception]
  RAW PERCEPTION                                  MONITORED PARAMS
  ----------------------------------------------  --------------------------------------
  fingers_width         = 0.0384 m                gripper_width_cm      = 3 cm
  dist_ee_to_cube       = 0.0200 m                distance_ee_object_cm = 0 cm
  dist_cube_to_target   = 0.0282 m  (3D)          distance_obj_goal_cm  = 1 cm  (XY)
  cube_position (z)     = 0.0431 m                object_lift_height_cm = 2 cm
  cube_position (xy)    = [0.155, -0.015]         grasp_completed       = 1
  finger_contacts (raw) = 2                       finger_contacts       = 2
  x                                               grasp_attempts        = 2
  x                                               task_started          = 1
  x                                               object_available      = 1
  x                                               task_aborted          = 0
  episode                = 1                      x
  step                   = 66                     x
  ee_position            = [0.1448, 0.0012, 0.0476]  x
  ee_velocity            = [-0.0174, -0.0002, -0.0912]  x
  target_position        = [0.1500, 0.0000, 0.0200]  x
  reward                 = -0.0282                x
  is_success             = False                  x
  obstacle_in_path       = False                  x
  obstacle_count_in_path = 0                      x
  obstacles              = {}                     x
  objects                = {'object_1': {'type': 'box', 'size': [0.04, 0.04, 0.04], 'mass': 1, 'color': [0.1, 0.2, 0.9, 1.0], 'initial_position': [-0.25, 0.0, 0.02], 'lateral_friction': 0.13, 'spinning_friction': 0.001, 'current_position': [0.15486636151746766, -0.015473819342289662, 0.0430939853940093]}}  x
  scripts                = {'script_1': True, 'reach_only': True, 'left_right': True}  x
  target_goal            = {'type': 'goal_sequence', 'targets': [{'name': 'target', 'position': [0.15000000596046448, 0.0, 0.019999999552965164]}], 'mode': 'goal_sequence'}  x
  scene                  = {'table': {'length': 1.1, 'width': 0.7, 'height': 0.4, 'x_offset': -0.3, 'lateral_friction': 3.0, 'spinning_friction': 0.001}}  x
  robot_config           = {'control_type': 'ee', 'block_gripper': False, 'base_position': [-0.6, 0.0, 0.05]}  x
  current_task           = OBJECT_DELIVERY_SEQUENCE  x
  current_subtask        = PLACE_OBJECT           x
  active_target_name     = target                 x
  action                 = [0.0000, 0.0000, -0.1500, -1.0000]  x
  joint_angles           = [0.0252, 0.9813, -0.0328, -1.2790, 0.0353, 2.2575, 0.7699]  x
  joint_velocities       = [-0.0011, 0.1371, 0.0024, 0.0070, 0.0022, 0.0894, -0.0009]  x
  cube_rotation          = [-3.1408, -0.0439, 0.0026]  x
  cube_linear_velocity   = [-0.0176, 0.0068, -0.0916]  x
  obstacle_positions     = {}                     x
[step=  66 13:00:52.833][Analyzer] ASM node=place_object  goal_status=not_applicable
[step=  66 13:00:52.837][DejaVu] {'status': 'ok', 'unanticipated': True, 'adaptation': {'candidate_name': 'Lift Slip — Low Friction Surface', 'do': 'apply_vacuum_assist()', 'score': 0.9763888888888889}, 'evaluation': {'status': 'success', 'reason': 'then_satisfied', 'ticks': 1, 'candidate': 'Lift Slip — Low Friction Surface', 'then': 'object_lift_height_cm >= 10 AND finger_contacts >= 2'}}
[step=  67 13:00:54.014][Manager] ep=1 subtask=PLACE_OBJECT reward=-0.0226
[step=  67 13:00:54.015][Perception]
  RAW PERCEPTION                                  MONITORED PARAMS
  ----------------------------------------------  --------------------------------------
  fingers_width         = 0.0384 m                gripper_width_cm      = 3 cm
  dist_ee_to_cube       = 0.0198 m                distance_ee_object_cm = 0 cm
  dist_cube_to_target   = 0.0226 m  (3D)          distance_obj_goal_cm  = 1 cm  (XY)
  cube_position (z)     = 0.0361 m                object_lift_height_cm = 1 cm
  cube_position (xy)    = [0.154, -0.015]         grasp_completed       = 1
  finger_contacts (raw) = 2                       finger_contacts       = 2
  x                                               grasp_attempts        = 2
  x                                               task_started          = 1
  x                                               object_available      = 1
  x                                               task_aborted          = 0
  episode                = 1                      x
  step                   = 67                     x
  ee_position            = [0.1443, 0.0013, 0.0406]  x
  ee_velocity            = [-0.0080, 0.0000, -0.0624]  x
  target_position        = [0.1500, 0.0000, 0.0200]  x
  reward                 = -0.0226                x
  is_success             = False                  x
  obstacle_in_path       = False                  x
  obstacle_count_in_path = 0                      x
  obstacles              = {}                     x
  objects                = {'object_1': {'type': 'box', 'size': [0.04, 0.04, 0.04], 'mass': 1, 'color': [0.1, 0.2, 0.9, 1.0], 'initial_position': [-0.25, 0.0, 0.02], 'lateral_friction': 0.13, 'spinning_friction': 0.001, 'current_position': [0.1543167031886098, -0.01520205283816378, 0.03613745895923833]}}  x
  scripts                = {'script_1': True, 'reach_only': True, 'left_right': True}  x
  target_goal            = {'type': 'goal_sequence', 'targets': [{'name': 'target', 'position': [0.15000000596046448, 0.0, 0.019999999552965164]}], 'mode': 'goal_sequence'}  x
  scene                  = {'table': {'length': 1.1, 'width': 0.7, 'height': 0.4, 'x_offset': -0.3, 'lateral_friction': 3.0, 'spinning_friction': 0.001}}  x
  robot_config           = {'control_type': 'ee', 'block_gripper': False, 'base_position': [-0.6, 0.0, 0.05]}  x
  current_task           = OBJECT_DELIVERY_SEQUENCE  x
  current_subtask        = PLACE_OBJECT           x
  active_target_name     = target                 x
  action                 = [0.0000, 0.0000, -0.1381, -1.0000]  x
  joint_angles           = [0.0251, 0.9925, -0.0325, -1.2780, 0.0355, 2.2683, 0.7698]  x
  joint_velocities       = [-0.0010, 0.0981, 0.0022, 0.0076, 0.0020, 0.0832, -0.0008]  x
  cube_rotation          = [-3.1408, -0.0445, 0.0026]  x
  cube_linear_velocity   = [-0.0081, 0.0068, -0.0625]  x
  obstacle_positions     = {}                     x
[step=  67 13:00:54.018][Analyzer] ASM node=place_object  goal_status=not_applicable
[step=  67 13:00:54.022][DejaVu] {'status': 'ok', 'unanticipated': True, 'adaptation': {'candidate_name': 'Lift Slip — Low Friction Surface', 'do': 'apply_vacuum_assist()', 'score': 0.9763888888888889}, 'evaluation': {'status': 'success', 'reason': 'then_satisfied', 'ticks': 1, 'candidate': 'Lift Slip — Low Friction Surface', 'then': 'object_lift_height_cm >= 10 AND finger_contacts >= 2'}}
[step=  68 13:00:55.161][Manager] ep=1 subtask=PLACE_OBJECT reward=-0.0193
[step=  68 13:00:55.162][Perception]
  RAW PERCEPTION                                  MONITORED PARAMS
  ----------------------------------------------  --------------------------------------
  fingers_width         = 0.0384 m                gripper_width_cm      = 3 cm
  dist_ee_to_cube       = 0.0196 m                distance_ee_object_cm = 0 cm
  dist_cube_to_target   = 0.0193 m  (3D)          distance_obj_goal_cm  = 1 cm  (XY)
  cube_position (z)     = 0.0316 m                object_lift_height_cm = 1 cm
  cube_position (xy)    = [0.154, -0.015]         grasp_completed       = 1
  finger_contacts (raw) = 2                       finger_contacts       = 2
  x                                               grasp_attempts        = 2
  x                                               task_started          = 1
  x                                               object_available      = 1
  x                                               task_aborted          = 0
  episode                = 1                      x
  step                   = 68                     x
  ee_position            = [0.1440, 0.0013, 0.0360]  x
  ee_velocity            = [0.0019, 0.0003, -0.0248]  x
  target_position        = [0.1500, 0.0000, 0.0200]  x
  reward                 = -0.0193                x
  is_success             = False                  x
  obstacle_in_path       = False                  x
  obstacle_count_in_path = 0                      x
  obstacles              = {}                     x
  objects                = {'object_1': {'type': 'box', 'size': [0.04, 0.04, 0.04], 'mass': 1, 'color': [0.1, 0.2, 0.9, 1.0], 'initial_position': [-0.25, 0.0, 0.02], 'lateral_friction': 0.13, 'spinning_friction': 0.001, 'current_position': [0.1541211288948841, -0.014931042752354108, 0.03158505714465601]}}  x
  scripts                = {'script_1': True, 'reach_only': True, 'left_right': True}  x
  target_goal            = {'type': 'goal_sequence', 'targets': [{'name': 'target', 'position': [0.15000000596046448, 0.0, 0.019999999552965164]}], 'mode': 'goal_sequence'}  x
  scene                  = {'table': {'length': 1.1, 'width': 0.7, 'height': 0.4, 'x_offset': -0.3, 'lateral_friction': 3.0, 'spinning_friction': 0.001}}  x
  robot_config           = {'control_type': 'ee', 'block_gripper': False, 'base_position': [-0.6, 0.0, 0.05]}  x
  current_task           = OBJECT_DELIVERY_SEQUENCE  x
  current_subtask        = PLACE_OBJECT           x
  active_target_name     = target                 x
  action                 = [0.0000, 0.0000, -0.1030, -1.0000]  x
  joint_angles           = [0.0250, 1.0001, -0.0323, -1.2772, 0.0357, 2.2763, 0.7698]  x
  joint_velocities       = [-0.0007, 0.0433, 0.0016, 0.0048, 0.0018, 0.0608, -0.0002]  x
  cube_rotation          = [-3.1408, -0.0458, 0.0026]  x
  cube_linear_velocity   = [0.0021, 0.0068, -0.0245]  x
  obstacle_positions     = {}                     x
[step=  68 13:00:55.165][Analyzer] ASM node=place_object  goal_status=not_applicable
[step=  68 13:00:55.167][DejaVu] {'status': 'ok', 'unanticipated': True, 'adaptation': {'candidate_name': 'Lift Slip — Low Friction Surface', 'do': 'apply_vacuum_assist()', 'score': 0.9763888888888889}, 'evaluation': {'status': 'success', 'reason': 'then_satisfied', 'ticks': 1, 'candidate': 'Lift Slip — Low Friction Surface', 'then': 'object_lift_height_cm >= 10 AND finger_contacts >= 2'}}
[step=  69 13:00:56.269][Manager] ep=1 subtask=PLACE_OBJECT reward=-0.0172
[step=  69 13:00:56.269][Perception]
  RAW PERCEPTION                                  MONITORED PARAMS
  ----------------------------------------------  --------------------------------------
  fingers_width         = 0.0384 m                gripper_width_cm      = 3 cm
  dist_ee_to_cube       = 0.0194 m                distance_ee_object_cm = 0 cm
  dist_cube_to_target   = 0.0172 m  (3D)          distance_obj_goal_cm  = 1 cm  (XY)
  cube_position (z)     = 0.0282 m                object_lift_height_cm = 0 cm
  cube_position (xy)    = [0.154, -0.015]         grasp_completed       = 1
  finger_contacts (raw) = 2                       finger_contacts       = 2
  x                                               grasp_attempts        = 2
  x                                               task_started          = 1
  x                                               object_available      = 1
  x                                               task_aborted          = 0
  episode                = 1                      x
  step                   = 69                     x
  ee_position            = [0.1438, 0.0013, 0.0326]  x
  ee_velocity            = [-0.0028, 0.0002, -0.0283]  x
  target_position        = [0.1500, 0.0000, 0.0200]  x
  reward                 = -0.0172                x
  is_success             = False                  x
  obstacle_in_path       = False                  x
  obstacle_count_in_path = 0                      x
  obstacles              = {}                     x
  objects                = {'object_1': {'type': 'box', 'size': [0.04, 0.04, 0.04], 'mass': 1, 'color': [0.1, 0.2, 0.9, 1.0], 'initial_position': [-0.25, 0.0, 0.02], 'lateral_friction': 0.13, 'spinning_friction': 0.001, 'current_position': [0.15389061023136508, -0.014661214369833602, 0.028182785076872614]}}  x
  scripts                = {'script_1': True, 'reach_only': True, 'left_right': True}  x
  target_goal            = {'type': 'goal_sequence', 'targets': [{'name': 'target', 'position': [0.15000000596046448, 0.0, 0.019999999552965164]}], 'mode': 'goal_sequence'}  x
  scene                  = {'table': {'length': 1.1, 'width': 0.7, 'height': 0.4, 'x_offset': -0.3, 'lateral_friction': 3.0, 'spinning_friction': 0.001}}  x
  robot_config           = {'control_type': 'ee', 'block_gripper': False, 'base_position': [-0.6, 0.0, 0.05]}  x
  current_task           = OBJECT_DELIVERY_SEQUENCE  x
  current_subtask        = PLACE_OBJECT           x
  active_target_name     = target                 x
  action                 = [0.0000, 0.0000, -0.0798, -1.0000]  x
  joint_angles           = [0.0249, 1.0058, -0.0321, -1.2762, 0.0358, 2.2815, 0.7697]  x
  joint_velocities       = [-0.0004, 0.0467, 0.0012, 0.0068, 0.0010, 0.0400, -0.0001]  x
  cube_rotation          = [-3.1408, -0.0463, 0.0026]  x
  cube_linear_velocity   = [-0.0028, 0.0067, -0.0282]  x
  obstacle_positions     = {}                     x
[step=  69 13:00:56.272][Analyzer] ASM node=place_object  goal_status=not_applicable
[step=  69 13:00:56.274][DejaVu] {'status': 'ok', 'unanticipated': True, 'adaptation': {'candidate_name': 'Lift Slip — Low Friction Surface', 'do': 'apply_vacuum_assist()', 'score': 0.9763888888888889}, 'evaluation': {'status': 'success', 'reason': 'then_satisfied', 'ticks': 1, 'candidate': 'Lift Slip — Low Friction Surface', 'then': 'object_lift_height_cm >= 10 AND finger_contacts >= 2'}}
[step=  70 13:00:57.416][Manager] ep=1 subtask=PLACE_OBJECT reward=-0.0158
[step=  70 13:00:57.416][Perception]
  RAW PERCEPTION                                  MONITORED PARAMS
  ----------------------------------------------  --------------------------------------
  fingers_width         = 0.0384 m                gripper_width_cm      = 3 cm
  dist_ee_to_cube       = 0.0192 m                distance_ee_object_cm = 0 cm
  dist_cube_to_target   = 0.0158 m  (3D)          distance_obj_goal_cm  = 1 cm  (XY)
  cube_position (z)     = 0.0255 m                object_lift_height_cm = 0 cm
  cube_position (xy)    = [0.154, -0.014]         grasp_completed       = 1
  finger_contacts (raw) = 2                       finger_contacts       = 2
  x                                               grasp_attempts        = 2
  x                                               task_started          = 1
  x                                               object_available      = 1
  x                                               task_aborted          = 0
  episode                = 1                      x
  step                   = 70                     x
  ee_position            = [0.1436, 0.0013, 0.0299]  x
  ee_velocity            = [-0.0023, 0.0002, -0.0217]  x
  target_position        = [0.1500, 0.0000, 0.0200]  x
  reward                 = -0.0158                x
  is_success             = False                  x
  obstacle_in_path       = False                  x
  obstacle_count_in_path = 0                      x
  obstacles              = {}                     x
  objects                = {'object_1': {'type': 'box', 'size': [0.04, 0.04, 0.04], 'mass': 1, 'color': [0.1, 0.2, 0.9, 1.0], 'initial_position': [-0.25, 0.0, 0.02], 'lateral_friction': 0.13, 'spinning_friction': 0.001, 'current_position': [0.153655718654787, -0.014392668244086651, 0.025514797464107782]}}  x
  scripts                = {'script_1': True, 'reach_only': True, 'left_right': True}  x
  target_goal            = {'type': 'goal_sequence', 'targets': [{'name': 'target', 'position': [0.15000000596046448, 0.0, 0.019999999552965164]}], 'mode': 'goal_sequence'}  x
  scene                  = {'table': {'length': 1.1, 'width': 0.7, 'height': 0.4, 'x_offset': -0.3, 'lateral_friction': 3.0, 'spinning_friction': 0.001}}  x
  robot_config           = {'control_type': 'ee', 'block_gripper': False, 'base_position': [-0.6, 0.0, 0.05]}  x
  current_task           = OBJECT_DELIVERY_SEQUENCE  x
  current_subtask        = PLACE_OBJECT           x
  active_target_name     = target                 x
  action                 = [0.0000, 0.0000, -0.0628, -1.0000]  x
  joint_angles           = [0.0249, 1.0104, -0.0320, -1.2754, 0.0359, 2.2852, 0.7697]  x
  joint_velocities       = [-0.0003, 0.0365, 0.0009, 0.0069, 0.0006, 0.0283, -0.0000]  x
  cube_rotation          = [-3.1408, -0.0463, 0.0026]  x
  cube_linear_velocity   = [-0.0023, 0.0067, -0.0217]  x
  obstacle_positions     = {}                     x
[step=  70 13:00:57.419][Analyzer] ASM node=place_object  goal_status=not_applicable
[step=  70 13:00:57.421][DejaVu] {'status': 'ok', 'unanticipated': True, 'adaptation': {'candidate_name': 'Lift Slip — Low Friction Surface', 'do': 'apply_vacuum_assist()', 'score': 0.9763888888888889}, 'evaluation': {'status': 'success', 'reason': 'then_satisfied', 'ticks': 1, 'candidate': 'Lift Slip — Low Friction Surface', 'then': 'object_lift_height_cm >= 10 AND finger_contacts >= 2'}}
[step=  71 13:00:58.589][Manager] ep=1 subtask=PLACE_OBJECT reward=-0.0149
[step=  71 13:00:58.589][Perception]
  RAW PERCEPTION                                  MONITORED PARAMS
  ----------------------------------------------  --------------------------------------
  fingers_width         = 0.0384 m                gripper_width_cm      = 3 cm
  dist_ee_to_cube       = 0.0190 m                distance_ee_object_cm = 0 cm
  dist_cube_to_target   = 0.0149 m  (3D)          distance_obj_goal_cm  = 1 cm  (XY)
  cube_position (z)     = 0.0234 m                object_lift_height_cm = 0 cm
  cube_position (xy)    = [0.153, -0.014]         grasp_completed       = 1
  finger_contacts (raw) = 2                       finger_contacts       = 2
  x                                               grasp_attempts        = 2
  x                                               task_started          = 1
  x                                               object_available      = 1
  x                                               task_aborted          = 0
  episode                = 1                      x
  step                   = 71                     x
  ee_position            = [0.1434, 0.0014, 0.0278]  x
  ee_velocity            = [-0.0018, 0.0002, -0.0169]  x
  target_position        = [0.1500, 0.0000, 0.0200]  x
  reward                 = -0.0149                x
  is_success             = False                  x
  obstacle_in_path       = False                  x
  obstacle_count_in_path = 0                      x
  obstacles              = {}                     x
  objects                = {'object_1': {'type': 'box', 'size': [0.04, 0.04, 0.04], 'mass': 1, 'color': [0.1, 0.2, 0.9, 1.0], 'initial_position': [-0.25, 0.0, 0.02], 'lateral_friction': 0.13, 'spinning_friction': 0.001, 'current_position': [0.15345791622938165, -0.014125314291975133, 0.02341022860808143]}}  x
  scripts                = {'script_1': True, 'reach_only': True, 'left_right': True}  x
  target_goal            = {'type': 'goal_sequence', 'targets': [{'name': 'target', 'position': [0.15000000596046448, 0.0, 0.019999999552965164]}], 'mode': 'goal_sequence'}  x
  scene                  = {'table': {'length': 1.1, 'width': 0.7, 'height': 0.4, 'x_offset': -0.3, 'lateral_friction': 3.0, 'spinning_friction': 0.001}}  x
  robot_config           = {'control_type': 'ee', 'block_gripper': False, 'base_position': [-0.6, 0.0, 0.05]}  x
  current_task           = OBJECT_DELIVERY_SEQUENCE  x
  current_subtask        = PLACE_OBJECT           x
  active_target_name     = target                 x
  action                 = [0.0000, 0.0000, -0.0494, -1.0000]  x
  joint_angles           = [0.0249, 1.0140, -0.0319, -1.2746, 0.0360, 2.2881, 0.7698]  x
  joint_velocities       = [-0.0002, 0.0285, 0.0007, 0.0056, 0.0004, 0.0219, 0.0000]  x
  cube_rotation          = [-3.1408, -0.0463, 0.0026]  x
  cube_linear_velocity   = [-0.0018, 0.0067, -0.0169]  x
  obstacle_positions     = {}                     x
[step=  71 13:00:58.592][Analyzer] ASM node=place_object  goal_status=not_applicable
[step=  71 13:00:58.594][DejaVu] {'status': 'ok', 'unanticipated': True, 'adaptation': {'candidate_name': 'Lift Slip — Low Friction Surface', 'do': 'apply_vacuum_assist()', 'score': 0.9763888888888889}, 'evaluation': {'status': 'success', 'reason': 'then_satisfied', 'ticks': 1, 'candidate': 'Lift Slip — Low Friction Surface', 'then': 'object_lift_height_cm >= 10 AND finger_contacts >= 2'}}
[step=  72 13:00:59.735][Manager] ep=1 subtask=PLACE_OBJECT reward=-0.0144
[step=  72 13:00:59.735][Perception]
  RAW PERCEPTION                                  MONITORED PARAMS
  ----------------------------------------------  --------------------------------------
  fingers_width         = 0.0384 m                gripper_width_cm      = 3 cm
  dist_ee_to_cube       = 0.0188 m                distance_ee_object_cm = 0 cm
  dist_cube_to_target   = 0.0144 m  (3D)          distance_obj_goal_cm  = 1 cm  (XY)
  cube_position (z)     = 0.0217 m                object_lift_height_cm = 0 cm
  cube_position (xy)    = [0.153, -0.014]         grasp_completed       = 1
  finger_contacts (raw) = 2                       finger_contacts       = 2
  x                                               grasp_attempts        = 2
  x                                               task_started          = 1
  x                                               object_available      = 1
  x                                               task_aborted          = 0
  episode                = 1                      x
  step                   = 72                     x
  ee_position            = [0.1432, 0.0014, 0.0261]  x
  ee_velocity            = [-0.0014, 0.0002, -0.0131]  x
  target_position        = [0.1500, 0.0000, 0.0200]  x
  reward                 = -0.0144                x
  is_success             = False                  x
  obstacle_in_path       = False                  x
  obstacle_count_in_path = 0                      x
  obstacles              = {}                     x
  objects                = {'object_1': {'type': 'box', 'size': [0.04, 0.04, 0.04], 'mass': 1, 'color': [0.1, 0.2, 0.9, 1.0], 'initial_position': [-0.25, 0.0, 0.02], 'lateral_friction': 0.13, 'spinning_friction': 0.001, 'current_position': [0.1532954519152809, -0.01385911076370721, 0.02174960461976545]}}  x
  scripts                = {'script_1': True, 'reach_only': True, 'left_right': True}  x
  target_goal            = {'type': 'goal_sequence', 'targets': [{'name': 'target', 'position': [0.15000000596046448, 0.0, 0.019999999552965164]}], 'mode': 'goal_sequence'}  x
  scene                  = {'table': {'length': 1.1, 'width': 0.7, 'height': 0.4, 'x_offset': -0.3, 'lateral_friction': 3.0, 'spinning_friction': 0.001}}  x
  robot_config           = {'control_type': 'ee', 'block_gripper': False, 'base_position': [-0.6, 0.0, 0.05]}  x
  current_task           = OBJECT_DELIVERY_SEQUENCE  x
  current_subtask        = PLACE_OBJECT           x
  active_target_name     = target                 x
  action                 = [0.0000, 0.0000, -0.0388, -1.0000]  x
  joint_angles           = [0.0249, 1.0168, -0.0318, -1.2741, 0.0360, 2.2903, 0.7698]  x
  joint_velocities       = [-0.0001, 0.0222, 0.0006, 0.0045, 0.0003, 0.0173, 0.0001]  x
  cube_rotation          = [-3.1408, -0.0464, 0.0026]  x
  cube_linear_velocity   = [-0.0014, 0.0066, -0.0131]  x
  obstacle_positions     = {}                     x
[step=  72 13:00:59.738][Analyzer] ASM node=place_object  goal_status=not_applicable
[step=  72 13:00:59.740][DejaVu] {'status': 'ok', 'unanticipated': True, 'adaptation': {'candidate_name': 'Lift Slip — Low Friction Surface', 'do': 'apply_vacuum_assist()', 'score': 0.9763888888888889}, 'evaluation': {'status': 'success', 'reason': 'then_satisfied', 'ticks': 1, 'candidate': 'Lift Slip — Low Friction Surface', 'then': 'object_lift_height_cm >= 10 AND finger_contacts >= 2'}}
[step=  73 13:01:00.856][Manager] ep=1 subtask=PLACE_OBJECT reward=-0.0141
[step=  73 13:01:00.856][Perception]
  RAW PERCEPTION                                  MONITORED PARAMS
  ----------------------------------------------  --------------------------------------
  fingers_width         = 0.0384 m                gripper_width_cm      = 3 cm
  dist_ee_to_cube       = 0.0186 m                distance_ee_object_cm = 0 cm
  dist_cube_to_target   = 0.0141 m  (3D)          distance_obj_goal_cm  = 1 cm  (XY)
  cube_position (z)     = 0.0207 m                object_lift_height_cm = 0 cm
  cube_position (xy)    = [0.153, -0.014]         grasp_completed       = 1
  finger_contacts (raw) = 2                       finger_contacts       = 2
  x                                               grasp_attempts        = 2
  x                                               task_started          = 1
  x                                               object_available      = 1
  x                                               task_aborted          = 0
  episode                = 1                      x
  step                   = 73                     x
  ee_position            = [0.1433, 0.0014, 0.0249]  x
  ee_velocity            = [0.0030, -0.0002, -0.0067]  x
  target_position        = [0.1500, 0.0000, 0.0200]  x
  reward                 = -0.0141                x
  is_success             = False                  x
  obstacle_in_path       = False                  x
  obstacle_count_in_path = 0                      x
  obstacles              = {}                     x
  objects                = {'object_1': {'type': 'box', 'size': [0.04, 0.04, 0.04], 'mass': 1, 'color': [0.1, 0.2, 0.9, 1.0], 'initial_position': [-0.25, 0.0, 0.02], 'lateral_friction': 0.13, 'spinning_friction': 0.001, 'current_position': [0.1533386401669312, -0.013653250032559155, 0.02067591708471599]}}  x
  scripts                = {'script_1': True, 'reach_only': True, 'left_right': True}  x
  target_goal            = {'type': 'goal_sequence', 'targets': [{'name': 'target', 'position': [0.15000000596046448, 0.0, 0.019999999552965164]}], 'mode': 'goal_sequence'}  x
  scene                  = {'table': {'length': 1.1, 'width': 0.7, 'height': 0.4, 'x_offset': -0.3, 'lateral_friction': 3.0, 'spinning_friction': 0.001}}  x
  robot_config           = {'control_type': 'ee', 'block_gripper': False, 'base_position': [-0.6, 0.0, 0.05]}  x
  current_task           = OBJECT_DELIVERY_SEQUENCE  x
  current_subtask        = PLACE_OBJECT           x
  active_target_name     = target                 x
  action                 = [0.0000, 0.0000, -0.0304, -1.0000]  x
  joint_angles           = [0.0248, 1.0190, -0.0317, -1.2733, 0.0360, 2.2923, 0.7697]  x
  joint_velocities       = [-0.0002, 0.0177, 0.0003, 0.0110, -0.0025, 0.0192, -0.0014]  x
  cube_rotation          = [-3.1407, -0.0383, 0.0026]  x
  cube_linear_velocity   = [0.0029, 0.0037, -0.0057]  x
  obstacle_positions     = {}                     x
[step=  73 13:01:00.859][Analyzer] ASM node=place_object  goal_status=not_applicable
[step=  73 13:01:00.861][DejaVu] {'status': 'ok', 'unanticipated': True, 'adaptation': {'candidate_name': 'Lift Slip — Low Friction Surface', 'do': 'apply_vacuum_assist()', 'score': 0.9763888888888889}, 'evaluation': {'status': 'success', 'reason': 'then_satisfied', 'ticks': 1, 'candidate': 'Lift Slip — Low Friction Surface', 'then': 'object_lift_height_cm >= 10 AND finger_contacts >= 2'}}
[step=  74 13:01:02.015][Manager] ep=1 subtask=PLACE_OBJECT reward=-0.0141
[step=  74 13:01:02.015][Perception]
  RAW PERCEPTION                                  MONITORED PARAMS
  ----------------------------------------------  --------------------------------------
  fingers_width         = 0.0749 m                gripper_width_cm      = 7 cm
  dist_ee_to_cube       = 0.0189 m                distance_ee_object_cm = 0 cm
  dist_cube_to_target   = 0.0141 m  (3D)          distance_obj_goal_cm  = 1 cm  (XY)
  cube_position (z)     = 0.0200 m                object_lift_height_cm = 0 cm
  cube_position (xy)    = [0.154, -0.014]         grasp_completed       = 1
  finger_contacts (raw) = 0                       finger_contacts       = 0
  x                                               grasp_attempts        = 2
  x                                               task_started          = 1
  x                                               object_available      = 1
  x                                               task_aborted          = 0
  episode                = 1                      x
  step                   = 74                     x
  ee_position            = [0.1432, 0.0014, 0.0248]  x
  ee_velocity            = [-0.0008, -0.0002, -0.0007]  x
  target_position        = [0.1500, 0.0000, 0.0200]  x
  reward                 = -0.0141                x
  is_success             = False                  x
  obstacle_in_path       = False                  x
  obstacle_count_in_path = 0                      x
  obstacles              = {}                     x
  objects                = {'object_1': {'type': 'box', 'size': [0.04, 0.04, 0.04], 'mass': 1, 'color': [0.1, 0.2, 0.9, 1.0], 'initial_position': [-0.25, 0.0, 0.02], 'lateral_friction': 0.13, 'spinning_friction': 0.001, 'current_position': [0.15370618400988745, -0.01361892130713233, 0.019984147238538474]}}  x
  scripts                = {'script_1': True, 'reach_only': True, 'left_right': True}  x
  target_goal            = {'type': 'goal_sequence', 'targets': [{'name': 'target', 'position': [0.15000000596046448, 0.0, 0.019999999552965164]}], 'mode': 'goal_sequence'}  x
  scene                  = {'table': {'length': 1.1, 'width': 0.7, 'height': 0.4, 'x_offset': -0.3, 'lateral_friction': 3.0, 'spinning_friction': 0.001}}  x
  robot_config           = {'control_type': 'ee', 'block_gripper': False, 'base_position': [-0.6, 0.0, 0.05]}  x
  current_task           = OBJECT_DELIVERY_SEQUENCE  x
  current_subtask        = PLACE_OBJECT           x
  active_target_name     = target                 x
  action                 = [0.0000, 0.0000, 0.0000, 1.0000]  x
  joint_angles           = [0.0248, 1.0191, -0.0317, -1.2734, 0.0360, 2.2921, 0.7697]  x
  joint_velocities       = [-0.0002, 0.0003, -0.0000, -0.0008, 0.0003, -0.0015, 0.0004]  x
  cube_rotation          = [-3.1415, -0.0002, 0.0026]  x
  cube_linear_velocity   = [0.0002, 0.0001, 0.0003]  x
  obstacle_positions     = {}                     x
[step=  74 13:01:02.018][ASM] [DONE] PLACE_OBJECT → __end__
[step=  74 13:01:02.018][Analyzer] ASM node=__end__  goal_status=not_applicable
[step=  74 13:01:02.020][DejaVu] {'status': 'ok', 'unanticipated': True, 'adaptation': {'candidate_name': 'Lift Slip — Low Friction Surface', 'do': 'apply_vacuum_assist()', 'score': 0.9763888888888889}, 'evaluation': {'status': 'success', 'reason': 'then_satisfied', 'ticks': 1, 'candidate': 'Lift Slip — Low Friction Surface', 'then': 'object_lift_height_cm >= 10 AND finger_contacts >= 2'}}
[step=  75 13:01:03.162][Manager] ep=1 subtask=PLACE_OBJECT reward=-0.0141
[step=  75 13:01:03.162][Perception]
  RAW PERCEPTION                                  MONITORED PARAMS
  ----------------------------------------------  --------------------------------------
  fingers_width         = 0.0794 m                gripper_width_cm      = 7 cm
  dist_ee_to_cube       = 0.0190 m                distance_ee_object_cm = 0 cm
  dist_cube_to_target   = 0.0141 m  (3D)          distance_obj_goal_cm  = 1 cm  (XY)
  cube_position (z)     = 0.0200 m                object_lift_height_cm = 0 cm
  cube_position (xy)    = [0.154, -0.014]         grasp_completed       = 0
  finger_contacts (raw) = 0                       finger_contacts       = 0
  x                                               grasp_attempts        = 2
  x                                               task_started          = 1
  x                                               object_available      = 1
  x                                               task_aborted          = 0
  episode                = 1                      x
  step                   = 75                     x
  ee_position            = [0.1431, 0.0014, 0.0248]  x
  ee_velocity            = [-0.0003, -0.0001, -0.0003]  x
  target_position        = [0.1500, 0.0000, 0.0200]  x
  reward                 = -0.0141                x
  is_success             = False                  x
  obstacle_in_path       = False                  x
  obstacle_count_in_path = 0                      x
  obstacles              = {}                     x
  objects                = {'object_1': {'type': 'box', 'size': [0.04, 0.04, 0.04], 'mass': 1, 'color': [0.1, 0.2, 0.9, 1.0], 'initial_position': [-0.25, 0.0, 0.02], 'lateral_friction': 0.13, 'spinning_friction': 0.001, 'current_position': [0.1537095476038825, -0.013617532254692075, 0.01998889570485294]}}  x
  scripts                = {'script_1': True, 'reach_only': True, 'left_right': True}  x
  target_goal            = {'type': 'goal_sequence', 'targets': [{'name': 'target', 'position': [0.15000000596046448, 0.0, 0.019999999552965164]}], 'mode': 'goal_sequence'}  x
  scene                  = {'table': {'length': 1.1, 'width': 0.7, 'height': 0.4, 'x_offset': -0.3, 'lateral_friction': 3.0, 'spinning_friction': 0.001}}  x
  robot_config           = {'control_type': 'ee', 'block_gripper': False, 'base_position': [-0.6, 0.0, 0.05]}  x
  current_task           = OBJECT_DELIVERY_SEQUENCE  x
  current_subtask        = PLACE_OBJECT           x
  active_target_name     = target                 x
  action                 = [0.0000, 0.0000, 0.0000, 1.0000]  x
  joint_angles           = [0.0248, 1.0191, -0.0318, -1.2734, 0.0360, 2.2921, 0.7698]  x
  joint_velocities       = [-0.0001, 0.0001, -0.0000, -0.0003, 0.0001, -0.0005, 0.0001]  x
  cube_rotation          = [-3.1416, -0.0000, 0.0026]  x
  cube_linear_velocity   = [0.0000, 0.0000, 0.0000]  x
  obstacle_positions     = {}                     x
[step=  75 13:01:03.165][Analyzer] ASM node=__end__  goal_status=not_applicable
[step=  75 13:01:03.167][DejaVu] {'status': 'ok', 'unanticipated': True, 'adaptation': {'candidate_name': 'Lift Slip — Low Friction Surface', 'do': 'apply_vacuum_assist()', 'score': 0.9763888888888889}, 'evaluation': {'status': 'success', 'reason': 'then_satisfied', 'ticks': 1, 'candidate': 'Lift Slip — Low Friction Surface', 'then': 'object_lift_height_cm >= 10 AND finger_contacts >= 2'}}
[step=  76 13:01:04.296][Manager] ep=1 subtask=PLACE_OBJECT reward=-0.0141
[step=  76 13:01:04.297][Perception]
  RAW PERCEPTION                                  MONITORED PARAMS
  ----------------------------------------------  --------------------------------------
  fingers_width         = 0.0799 m                gripper_width_cm      = 7 cm
  dist_ee_to_cube       = 0.0190 m                distance_ee_object_cm = 0 cm
  dist_cube_to_target   = 0.0141 m  (3D)          distance_obj_goal_cm  = 1 cm  (XY)
  cube_position (z)     = 0.0200 m                object_lift_height_cm = 0 cm
  cube_position (xy)    = [0.154, -0.014]         grasp_completed       = 0
  finger_contacts (raw) = 0                       finger_contacts       = 0
  x                                               grasp_attempts        = 2
  x                                               task_started          = 1
  x                                               object_available      = 1
  x                                               task_aborted          = 0
  episode                = 1                      x
  step                   = 76                     x
  ee_position            = [0.1431, 0.0014, 0.0248]  x
  ee_velocity            = [-0.0001, -0.0000, -0.0001]  x
  target_position        = [0.1500, 0.0000, 0.0200]  x
  reward                 = -0.0141                x
  is_success             = False                  x
  obstacle_in_path       = False                  x
  obstacle_count_in_path = 0                      x
  obstacles              = {}                     x
  objects                = {'object_1': {'type': 'box', 'size': [0.04, 0.04, 0.04], 'mass': 1, 'color': [0.1, 0.2, 0.9, 1.0], 'initial_position': [-0.25, 0.0, 0.02], 'lateral_friction': 0.13, 'spinning_friction': 0.001, 'current_position': [0.15371018239286957, -0.01361727017313175, 0.019989791629798154]}}  x
  scripts                = {'script_1': True, 'reach_only': True, 'left_right': True}  x
  target_goal            = {'type': 'goal_sequence', 'targets': [{'name': 'target', 'position': [0.15000000596046448, 0.0, 0.019999999552965164]}], 'mode': 'goal_sequence'}  x
  scene                  = {'table': {'length': 1.1, 'width': 0.7, 'height': 0.4, 'x_offset': -0.3, 'lateral_friction': 3.0, 'spinning_friction': 0.001}}  x
  robot_config           = {'control_type': 'ee', 'block_gripper': False, 'base_position': [-0.6, 0.0, 0.05]}  x
  current_task           = OBJECT_DELIVERY_SEQUENCE  x
  current_subtask        = PLACE_OBJECT           x
  active_target_name     = target                 x
  action                 = [0.0000, 0.0000, 0.0000, 1.0000]  x
  joint_angles           = [0.0248, 1.0191, -0.0318, -1.2735, 0.0360, 2.2920, 0.7698]  x
  joint_velocities       = [-0.0000, 0.0000, -0.0000, -0.0002, 0.0000, -0.0002, 0.0000]  x
  cube_rotation          = [-3.1416, -0.0000, 0.0026]  x
  cube_linear_velocity   = [0.0000, 0.0000, 0.0000]  x
  obstacle_positions     = {}                     x
[step=  76 13:01:04.299][Analyzer] ASM node=__end__  goal_status=not_applicable
[step=  76 13:01:04.301][DejaVu] {'status': 'ok', 'unanticipated': True, 'adaptation': {'candidate_name': 'Lift Slip — Low Friction Surface', 'do': 'apply_vacuum_assist()', 'score': 0.9763888888888889}, 'evaluation': {'status': 'success', 'reason': 'then_satisfied', 'ticks': 1, 'candidate': 'Lift Slip — Low Friction Surface', 'then': 'object_lift_height_cm >= 10 AND finger_contacts >= 2'}}
[step=  77 13:01:05.469][Manager] ep=1 subtask=PLACE_OBJECT reward=-0.0141
[step=  77 13:01:05.469][Perception]
  RAW PERCEPTION                                  MONITORED PARAMS
  ----------------------------------------------  --------------------------------------
  fingers_width         = 0.0800 m                gripper_width_cm      = 7 cm
  dist_ee_to_cube       = 0.0190 m                distance_ee_object_cm = 0 cm
  dist_cube_to_target   = 0.0141 m  (3D)          distance_obj_goal_cm  = 1 cm  (XY)
  cube_position (z)     = 0.0200 m                object_lift_height_cm = 0 cm
  cube_position (xy)    = [0.154, -0.014]         grasp_completed       = 0
  finger_contacts (raw) = 0                       finger_contacts       = 0
  x                                               grasp_attempts        = 2
  x                                               task_started          = 1
  x                                               object_available      = 1
  x                                               task_aborted          = 0
  episode                = 1                      x
  step                   = 77                     x
  ee_position            = [0.1431, 0.0014, 0.0248]  x
  ee_velocity            = [-0.0000, -0.0000, -0.0000]  x
  target_position        = [0.1500, 0.0000, 0.0200]  x
  reward                 = -0.0141                x
  is_success             = False                  x
  obstacle_in_path       = False                  x
  obstacle_count_in_path = 0                      x
  obstacles              = {}                     x
  objects                = {'object_1': {'type': 'box', 'size': [0.04, 0.04, 0.04], 'mass': 1, 'color': [0.1, 0.2, 0.9, 1.0], 'initial_position': [-0.25, 0.0, 0.02], 'lateral_friction': 0.13, 'spinning_friction': 0.001, 'current_position': [0.15371030217690815, -0.013617220720899798, 0.019989960682044013]}}  x
  scripts                = {'script_1': True, 'reach_only': True, 'left_right': True}  x
  target_goal            = {'type': 'goal_sequence', 'targets': [{'name': 'target', 'position': [0.15000000596046448, 0.0, 0.019999999552965164]}], 'mode': 'goal_sequence'}  x
  scene                  = {'table': {'length': 1.1, 'width': 0.7, 'height': 0.4, 'x_offset': -0.3, 'lateral_friction': 3.0, 'spinning_friction': 0.001}}  x
  robot_config           = {'control_type': 'ee', 'block_gripper': False, 'base_position': [-0.6, 0.0, 0.05]}  x
  current_task           = OBJECT_DELIVERY_SEQUENCE  x
  current_subtask        = PLACE_OBJECT           x
  active_target_name     = target                 x
  action                 = [0.0000, 0.0000, 0.0000, 1.0000]  x
  joint_angles           = [0.0248, 1.0191, -0.0318, -1.2735, 0.0360, 2.2920, 0.7698]  x
  joint_velocities       = [0.0000, 0.0000, -0.0000, -0.0001, 0.0000, -0.0000, 0.0000]  x
  cube_rotation          = [-3.1416, -0.0000, 0.0026]  x
  cube_linear_velocity   = [0.0000, 0.0000, 0.0000]  x
  obstacle_positions     = {}                     x
[step=  77 13:01:05.472][Analyzer] ASM node=__end__  goal_status=not_applicable
[step=  77 13:01:05.476][DejaVu] {'status': 'ok', 'unanticipated': True, 'adaptation': {'candidate_name': 'Lift Slip — Low Friction Surface', 'do': 'apply_vacuum_assist()', 'score': 0.9763888888888889}, 'evaluation': {'status': 'success', 'reason': 'then_satisfied', 'ticks': 1, 'candidate': 'Lift Slip — Low Friction Surface', 'then': 'object_lift_height_cm >= 10 AND finger_contacts >= 2'}}
[step=  78 13:01:06.603][Manager] ep=1 subtask=PLACE_OBJECT reward=-0.0141
[step=  78 13:01:06.603][Perception]
  RAW PERCEPTION                                  MONITORED PARAMS
  ----------------------------------------------  --------------------------------------
  fingers_width         = 0.0800 m                gripper_width_cm      = 7 cm
  dist_ee_to_cube       = 0.0190 m                distance_ee_object_cm = 0 cm
  dist_cube_to_target   = 0.0141 m  (3D)          distance_obj_goal_cm  = 1 cm  (XY)
  cube_position (z)     = 0.0200 m                object_lift_height_cm = 0 cm
  cube_position (xy)    = [0.154, -0.014]         grasp_completed       = 0
  finger_contacts (raw) = 0                       finger_contacts       = 0
  x                                               grasp_attempts        = 2
  x                                               task_started          = 1
  x                                               object_available      = 1
  x                                               task_aborted          = 0
  episode                = 1                      x
  step                   = 78                     x
  ee_position            = [0.1431, 0.0014, 0.0247]  x
  ee_velocity            = [-0.0000, -0.0000, -0.0000]  x
  target_position        = [0.1500, 0.0000, 0.0200]  x
  reward                 = -0.0141                x
  is_success             = False                  x
  obstacle_in_path       = False                  x
  obstacle_count_in_path = 0                      x
  obstacles              = {}                     x
  objects                = {'object_1': {'type': 'box', 'size': [0.04, 0.04, 0.04], 'mass': 1, 'color': [0.1, 0.2, 0.9, 1.0], 'initial_position': [-0.25, 0.0, 0.02], 'lateral_friction': 0.13, 'spinning_friction': 0.001, 'current_position': [0.15371032477947136, -0.01361721138960264, 0.019989992580973195]}}  x
  scripts                = {'script_1': True, 'reach_only': True, 'left_right': True}  x
  target_goal            = {'type': 'goal_sequence', 'targets': [{'name': 'target', 'position': [0.15000000596046448, 0.0, 0.019999999552965164]}], 'mode': 'goal_sequence'}  x
  scene                  = {'table': {'length': 1.1, 'width': 0.7, 'height': 0.4, 'x_offset': -0.3, 'lateral_friction': 3.0, 'spinning_friction': 0.001}}  x
  robot_config           = {'control_type': 'ee', 'block_gripper': False, 'base_position': [-0.6, 0.0, 0.05]}  x
  current_task           = OBJECT_DELIVERY_SEQUENCE  x
  current_subtask        = PLACE_OBJECT           x
  active_target_name     = target                 x
  action                 = [0.0000, 0.0000, 0.0000, 1.0000]  x
  joint_angles           = [0.0248, 1.0191, -0.0318, -1.2735, 0.0360, 2.2920, 0.7698]  x
  joint_velocities       = [0.0000, -0.0000, -0.0000, -0.0001, 0.0000, 0.0000, -0.0000]  x
  cube_rotation          = [-3.1416, -0.0000, 0.0026]  x
  cube_linear_velocity   = [0.0000, 0.0000, 0.0000]  x
  obstacle_positions     = {}                     x
[step=  78 13:01:06.606][Analyzer] ASM node=__end__  goal_status=not_applicable
[step=  78 13:01:06.611][DejaVu] {'status': 'ok', 'unanticipated': True, 'adaptation': {'candidate_name': 'Lift Slip — Low Friction Surface', 'do': 'apply_vacuum_assist()', 'score': 0.9763888888888889}, 'evaluation': {'status': 'success', 'reason': 'then_satisfied', 'ticks': 1, 'candidate': 'Lift Slip — Low Friction Surface', 'then': 'object_lift_height_cm >= 10 AND finger_contacts >= 2'}}
[step=  79 13:01:07.763][Manager] ep=1 subtask=PLACE_OBJECT reward=-0.0141
[step=  79 13:01:07.763][Perception]
  RAW PERCEPTION                                  MONITORED PARAMS
  ----------------------------------------------  --------------------------------------
  fingers_width         = 0.0800 m                gripper_width_cm      = 7 cm
  dist_ee_to_cube       = 0.0190 m                distance_ee_object_cm = 0 cm
  dist_cube_to_target   = 0.0141 m  (3D)          distance_obj_goal_cm  = 1 cm  (XY)
  cube_position (z)     = 0.0200 m                object_lift_height_cm = 0 cm
  cube_position (xy)    = [0.154, -0.014]         grasp_completed       = 0
  finger_contacts (raw) = 0                       finger_contacts       = 0
  x                                               grasp_attempts        = 2
  x                                               task_started          = 1
  x                                               object_available      = 1
  x                                               task_aborted          = 0
  episode                = 1                      x
  step                   = 79                     x
  ee_position            = [0.1431, 0.0014, 0.0247]  x
  ee_velocity            = [-0.0000, -0.0000, -0.0000]  x
  target_position        = [0.1500, 0.0000, 0.0200]  x
  reward                 = -0.0141                x
  is_success             = True                   x
  obstacle_in_path       = False                  x
  obstacle_count_in_path = 0                      x
  obstacles              = {}                     x
  objects                = {'object_1': {'type': 'box', 'size': [0.04, 0.04, 0.04], 'mass': 1, 'color': [0.1, 0.2, 0.9, 1.0], 'initial_position': [-0.25, 0.0, 0.02], 'lateral_friction': 0.13, 'spinning_friction': 0.001, 'current_position': [0.15371032904441262, -0.013617209628832632, 0.01998999860008469]}}  x
  scripts                = {'script_1': True, 'reach_only': True, 'left_right': True}  x
  target_goal            = {'type': 'goal_sequence', 'targets': [{'name': 'target', 'position': [0.15000000596046448, 0.0, 0.019999999552965164]}], 'mode': 'goal_sequence'}  x
  scene                  = {'table': {'length': 1.1, 'width': 0.7, 'height': 0.4, 'x_offset': -0.3, 'lateral_friction': 3.0, 'spinning_friction': 0.001}}  x
  robot_config           = {'control_type': 'ee', 'block_gripper': False, 'base_position': [-0.6, 0.0, 0.05]}  x
  current_task           = OBJECT_DELIVERY_SEQUENCE  x
  current_subtask        = PLACE_OBJECT           x
  active_target_name     = target                 x
  action                 = [0.0000, 0.0000, 0.0000, 0.0000]  x
  joint_angles           = [0.0248, 1.0191, -0.0318, -1.2735, 0.0360, 2.2920, 0.7698]  x
  joint_velocities       = [0.0000, -0.0000, -0.0000, -0.0001, 0.0000, 0.0000, -0.0000]  x
  cube_rotation          = [-3.1416, -0.0000, 0.0026]  x
  cube_linear_velocity   = [0.0000, 0.0000, 0.0000]  x
  obstacle_positions     = {}                     x
[step=  79 13:01:07.767][Analyzer] ASM node=__end__  goal_status=not_applicable
[step=  79 13:01:07.770][DejaVu] {'status': 'ok', 'unanticipated': True, 'adaptation': {'candidate_name': 'Lift Slip — Low Friction Surface', 'do': 'apply_vacuum_assist()', 'score': 0.9763888888888889}, 'evaluation': {'status': 'success', 'reason': 'then_satisfied', 'ticks': 1, 'candidate': 'Lift Slip — Low Friction Surface', 'then': 'object_lift_height_cm >= 10 AND finger_contacts >= 2'}}
[step=  79 13:01:37.139][WsClient] Falha (no close frame received or sent). Tentativa 1/3...
[step=  79 13:01:39.662][WsClient] Falha (timed out). Tentativa 2/3...
[step=  79 13:01:42.187][WsClient] Falha (timed out). Tentativa 3/3...
[step=  79 13:01:42.688][WsClient] Sem conexão após 3 tentativas. Encerrando.
