[Trace] Gravando em: C:\Users\lucas_alves\Workspace\self-adaptive-arm-simulator\1-manager\traces\trace_20260725_011009.log
[step=   0 01:10:09.526][Manager] MOCK ativo: {'enabled': True, 'finger_contacts': 1}
[step=   0 01:10:10.086][Manager] GUI conectado.
[step=   0 01:10:11.588][Manager] Aguardando percepcoes do managing...

[step=   0 01:10:11.601][WsClient] Conectado a ws://localhost:8000/ws/perception
[step=   1 01:10:11.660][Manager] ep=1 subtask=APPROACH_OBJECT reward=-0.4001
[step=   1 01:10:11.661][Manager][MOCK] finger_contacts forçado para 1 (grasp_attempts=0)
[step=   1 01:10:11.664][Perception]
  RAW PERCEPTION                                  MONITORED PARAMS
  ----------------------------------------------  --------------------------------------
  fingers_width         = 0.0703 m                gripper_width_cm      = 7 cm
  dist_ee_to_cube       = 0.3152 m                distance_ee_object_cm = 31 cm
  dist_cube_to_target   = 0.4001 m  (3D)          distance_obj_goal_cm  = 40 cm  (XY)
  cube_position (z)     = 0.0118 m                object_lift_height_cm = 0 cm
  cube_position (xy)    = [-0.250, 0.000]         grasp_completed       = 0
  target_position (xy)  = [0.150, 0.000]          finger_contacts       = 1
  x                                               grasp_attempts        = 0
  episode                = 1                      x
  step                   = 1                      x
  ee_position            = [0.0095, 0.0000, 0.1906]  x
  ee_velocity            = [-0.4160, 0.0005, -0.0497]  x
  reward                 = -0.4001                x
  is_success             = False                  x
  obstacle_in_path       = False                  x
  obstacle_count_in_path = 0                      x
  obstacles              = {}                     x
  objects                = {'object_1': {'type': 'box', 'size': [0.045, 0.03, 0.02], 'mass': 10.0, 'color': [0.1, 0.2, 0.9, 1.0], 'initial_position': [-0.25, 0.0, 0.02], 'lateral_friction': 0.5, 'spinning_friction': 0.001, 'current_position': [-0.25, 0.0, 0.011764591277502493]}}  x
  scripts                = {'script_1': True, 'reach_only': True, 'left_right': True}  x
  target_goal            = {'type': 'goal_sequence', 'targets': [{'name': 'target', 'position': [0.15000000596046448, 0.0, 0.019999999552965164]}], 'mode': 'goal_sequence'}  x
  scene                  = {'table': {'length': 1.1, 'width': 0.7, 'height': 0.4, 'x_offset': -0.3, 'lateral_friction': 3.0, 'spinning_friction': 0.001}}  x
  robot_config           = {'control_type': 'ee', 'block_gripper': False, 'base_position': [-0.6, 0.0, 0.05]}  x
  current_task           = OBJECT_DELIVERY_SEQUENCE  x
  current_subtask        = APPROACH_OBJECT        x
  active_target_name     = target                 x
  action                 = [-0.9839, 0.0000, -0.1787, 1.0000]  x
  joint_angles           = [-0.0006, 0.3402, 0.0006, -1.9788, -0.0003, 2.3185, 0.7862]  x
  joint_velocities       = [-0.0043, -0.9484, 0.0052, -1.5662, -0.0026, 0.4502, -0.0295]  x
  cube_rotation          = [0.0000, -0.0000, 0.0000]  x
  cube_linear_velocity   = [0.0000, 0.0000, -0.3920]  x
  obstacle_positions     = {}                     x
[step=   1 01:10:11.667][ASM] [OK] __init__ → approach_object  (type=domain)
[step=   1 01:10:11.668][Analyzer] ASM node=approach_object  goal_status=ok  (scenario=APPROACH_OBJECT)
[step=   2 01:10:12.804][Manager] ep=1 subtask=APPROACH_OBJECT reward=-0.4001
[step=   2 01:10:12.804][Manager][MOCK] finger_contacts forçado para 1 (grasp_attempts=0)
[step=   2 01:10:12.805][Perception]
  RAW PERCEPTION                                  MONITORED PARAMS
  ----------------------------------------------  --------------------------------------
  fingers_width         = 0.0788 m                gripper_width_cm      = 7 cm
  dist_ee_to_cube       = 0.2861 m                distance_ee_object_cm = 28 cm
  dist_cube_to_target   = 0.4001 m  (3D)          distance_obj_goal_cm  = 40 cm  (XY)
  cube_position (z)     = 0.0098 m                object_lift_height_cm = 0 cm
  cube_position (xy)    = [-0.250, -0.000]        grasp_completed       = 0
  target_position (xy)  = [0.150, 0.000]          finger_contacts       = 1
  x                                               grasp_attempts        = 0
  episode                = 1                      x
  step                   = 2                      x
  ee_position            = [-0.0223, 0.0000, 0.1830]  x
  ee_velocity            = [-0.3646, 0.0001, -0.0907]  x
  reward                 = -0.4001                x
  is_success             = False                  x
  obstacle_in_path       = False                  x
  obstacle_count_in_path = 0                      x
  obstacles              = {}                     x
  objects                = {'object_1': {'type': 'box', 'size': [0.045, 0.03, 0.02], 'mass': 10.0, 'color': [0.1, 0.2, 0.9, 1.0], 'initial_position': [-0.25, 0.0, 0.02], 'lateral_friction': 0.5, 'spinning_friction': 0.001, 'current_position': [-0.2500002668900512, -1.3935895528371098e-07, 0.009793600695238469]}}  x
  scripts                = {'script_1': True, 'reach_only': True, 'left_right': True}  x
  target_goal            = {'type': 'goal_sequence', 'targets': [{'name': 'target', 'position': [0.15000000596046448, 0.0, 0.019999999552965164]}], 'mode': 'goal_sequence'}  x
  scene                  = {'table': {'length': 1.1, 'width': 0.7, 'height': 0.4, 'x_offset': -0.3, 'lateral_friction': 3.0, 'spinning_friction': 0.001}}  x
  robot_config           = {'control_type': 'ee', 'block_gripper': False, 'base_position': [-0.6, 0.0, 0.05]}  x
  current_task           = OBJECT_DELIVERY_SEQUENCE  x
  current_subtask        = APPROACH_OBJECT        x
  active_target_name     = target                 x
  action                 = [-0.9791, -0.0000, -0.2032, 1.0000]  x
  joint_angles           = [-0.0006, 0.2708, 0.0007, -2.1078, -0.0003, 2.3783, 0.7857]  x
  joint_velocities       = [-0.0007, -0.7150, 0.0008, -1.3163, 0.0000, 0.4595, -0.0038]  x
  cube_rotation          = [0.0000, -0.0000, 0.0000]  x
  cube_linear_velocity   = [-0.0000, 0.0000, 0.0086]  x
  obstacle_positions     = {}                     x
[step=   2 01:10:12.808][Analyzer] ASM node=approach_object  goal_status=not_applicable
[step=   3 01:10:13.951][Manager] ep=1 subtask=APPROACH_OBJECT reward=-0.4001
[step=   3 01:10:13.951][Manager][MOCK] finger_contacts forçado para 1 (grasp_attempts=0)
[step=   3 01:10:13.952][Perception]
  RAW PERCEPTION                                  MONITORED PARAMS
  ----------------------------------------------  --------------------------------------
  fingers_width         = 0.0799 m                gripper_width_cm      = 7 cm
  dist_ee_to_cube       = 0.2553 m                distance_ee_object_cm = 25 cm
  dist_cube_to_target   = 0.4001 m  (3D)          distance_obj_goal_cm  = 40 cm  (XY)
  cube_position (z)     = 0.0100 m                object_lift_height_cm = 0 cm
  cube_position (xy)    = [-0.250, 0.000]         grasp_completed       = 0
  target_position (xy)  = [0.150, 0.000]          finger_contacts       = 1
  x                                               grasp_attempts        = 0
  episode                = 1                      x
  step                   = 3                      x
  ee_position            = [-0.0551, 0.0000, 0.1748]  x
  ee_velocity            = [-0.3917, 0.0002, -0.0906]  x
  reward                 = -0.4001                x
  is_success             = False                  x
  obstacle_in_path       = False                  x
  obstacle_count_in_path = 0                      x
  obstacles              = {}                     x
  objects                = {'object_1': {'type': 'box', 'size': [0.045, 0.03, 0.02], 'mass': 10.0, 'color': [0.1, 0.2, 0.9, 1.0], 'initial_position': [-0.25, 0.0, 0.02], 'lateral_friction': 0.5, 'spinning_friction': 0.001, 'current_position': [-0.2500004926223231, 3.302827232121232e-08, 0.009953496111979885]}}  x
  scripts                = {'script_1': True, 'reach_only': True, 'left_right': True}  x
  target_goal            = {'type': 'goal_sequence', 'targets': [{'name': 'target', 'position': [0.15000000596046448, 0.0, 0.019999999552965164]}], 'mode': 'goal_sequence'}  x
  scene                  = {'table': {'length': 1.1, 'width': 0.7, 'height': 0.4, 'x_offset': -0.3, 'lateral_friction': 3.0, 'spinning_friction': 0.001}}  x
  robot_config           = {'control_type': 'ee', 'block_gripper': False, 'base_position': [-0.6, 0.0, 0.05]}  x
  current_task           = OBJECT_DELIVERY_SEQUENCE  x
  current_subtask        = APPROACH_OBJECT        x
  active_target_name     = target                 x
  action                 = [-0.9783, -0.0001, -0.2072, 1.0000]  x
  joint_angles           = [-0.0007, 0.2033, 0.0007, -2.2340, -0.0002, 2.4374, 0.7856]  x
  joint_velocities       = [-0.0002, -0.7469, 0.0006, -1.3438, 0.0003, 0.4543, -0.0006]  x
  cube_rotation          = [0.0000, -0.0000, 0.0000]  x
  cube_linear_velocity   = [-0.0000, 0.0000, 0.0016]  x
  obstacle_positions     = {}                     x
[step=   3 01:10:13.955][Analyzer] ASM node=approach_object  goal_status=not_applicable
[step=   4 01:10:15.099][Manager] ep=1 subtask=APPROACH_OBJECT reward=-0.4001
[step=   4 01:10:15.099][Manager][MOCK] finger_contacts forçado para 1 (grasp_attempts=0)
[step=   4 01:10:15.100][Perception]
  RAW PERCEPTION                                  MONITORED PARAMS
  ----------------------------------------------  --------------------------------------
  fingers_width         = 0.0800 m                gripper_width_cm      = 7 cm
  dist_ee_to_cube       = 0.2246 m                distance_ee_object_cm = 22 cm
  dist_cube_to_target   = 0.4001 m  (3D)          distance_obj_goal_cm  = 40 cm  (XY)
  cube_position (z)     = 0.0100 m                object_lift_height_cm = 0 cm
  cube_position (xy)    = [-0.250, 0.000]         grasp_completed       = 0
  target_position (xy)  = [0.150, 0.000]          finger_contacts       = 1
  x                                               grasp_attempts        = 0
  episode                = 1                      x
  step                   = 4                      x
  ee_position            = [-0.0890, 0.0001, 0.1666]  x
  ee_velocity            = [-0.3967, 0.0003, -0.0883]  x
  reward                 = -0.4001                x
  is_success             = False                  x
  obstacle_in_path       = False                  x
  obstacle_count_in_path = 0                      x
  obstacles              = {}                     x
  objects                = {'object_1': {'type': 'box', 'size': [0.045, 0.03, 0.02], 'mass': 10.0, 'color': [0.1, 0.2, 0.9, 1.0], 'initial_position': [-0.25, 0.0, 0.02], 'lateral_friction': 0.5, 'spinning_friction': 0.001, 'current_position': [-0.2500006872799741, 3.041428428992171e-07, 0.009983673779230654]}}  x
  scripts                = {'script_1': True, 'reach_only': True, 'left_right': True}  x
  target_goal            = {'type': 'goal_sequence', 'targets': [{'name': 'target', 'position': [0.15000000596046448, 0.0, 0.019999999552965164]}], 'mode': 'goal_sequence'}  x
  scene                  = {'table': {'length': 1.1, 'width': 0.7, 'height': 0.4, 'x_offset': -0.3, 'lateral_friction': 3.0, 'spinning_friction': 0.001}}  x
  robot_config           = {'control_type': 'ee', 'block_gripper': False, 'base_position': [-0.6, 0.0, 0.05]}  x
  current_task           = OBJECT_DELIVERY_SEQUENCE  x
  current_subtask        = APPROACH_OBJECT        x
  active_target_name     = target                 x
  action                 = [-0.9797, -0.0002, -0.2004, 1.0000]  x
  joint_angles           = [-0.0007, 0.1363, 0.0008, -2.3577, -0.0002, 2.4943, 0.7856]  x
  joint_velocities       = [-0.0002, -0.7402, 0.0007, -1.3082, 0.0004, 0.4379, -0.0002]  x
  cube_rotation          = [0.0001, -0.0000, 0.0000]  x
  cube_linear_velocity   = [-0.0000, 0.0000, 0.0003]  x
  obstacle_positions     = {}                     x
[step=   4 01:10:15.102][Analyzer] ASM node=approach_object  goal_status=not_applicable
[step=   5 01:10:16.244][Manager] ep=1 subtask=APPROACH_OBJECT reward=-0.4001
[step=   5 01:10:16.244][Manager][MOCK] finger_contacts forçado para 1 (grasp_attempts=0)
[step=   5 01:10:16.244][Perception]
  RAW PERCEPTION                                  MONITORED PARAMS
  ----------------------------------------------  --------------------------------------
  fingers_width         = 0.0800 m                gripper_width_cm      = 7 cm
  dist_ee_to_cube       = 0.1945 m                distance_ee_object_cm = 19 cm
  dist_cube_to_target   = 0.4001 m  (3D)          distance_obj_goal_cm  = 40 cm  (XY)
  cube_position (z)     = 0.0100 m                object_lift_height_cm = 0 cm
  cube_position (xy)    = [-0.250, 0.000]         grasp_completed       = 0
  target_position (xy)  = [0.150, 0.000]          finger_contacts       = 1
  x                                               grasp_attempts        = 0
  episode                = 1                      x
  step                   = 5                      x
  ee_position            = [-0.1240, 0.0001, 0.1581]  x
  ee_velocity            = [-0.3921, 0.0007, -0.0789]  x
  reward                 = -0.4001                x
  is_success             = False                  x
  obstacle_in_path       = False                  x
  obstacle_count_in_path = 0                      x
  obstacles              = {}                     x
  objects                = {'object_1': {'type': 'box', 'size': [0.045, 0.03, 0.02], 'mass': 10.0, 'color': [0.1, 0.2, 0.9, 1.0], 'initial_position': [-0.25, 0.0, 0.02], 'lateral_friction': 0.5, 'spinning_friction': 0.001, 'current_position': [-0.25000082630655907, 7.24669187955349e-07, 0.009989287317638014]}}  x
  scripts                = {'script_1': True, 'reach_only': True, 'left_right': True}  x
  target_goal            = {'type': 'goal_sequence', 'targets': [{'name': 'target', 'position': [0.15000000596046448, 0.0, 0.019999999552965164]}], 'mode': 'goal_sequence'}  x
  scene                  = {'table': {'length': 1.1, 'width': 0.7, 'height': 0.4, 'x_offset': -0.3, 'lateral_friction': 3.0, 'spinning_friction': 0.001}}  x
  robot_config           = {'control_type': 'ee', 'block_gripper': False, 'base_position': [-0.6, 0.0, 0.05]}  x
  current_task           = OBJECT_DELIVERY_SEQUENCE  x
  current_subtask        = APPROACH_OBJECT        x
  active_target_name     = target                 x
  action                 = [-0.9813, -0.0003, -0.1925, 1.0000]  x
  joint_angles           = [-0.0007, 0.0699, 0.0008, -2.4794, -0.0001, 2.5493, 0.7856]  x
  joint_velocities       = [-0.0001, -0.7404, 0.0017, -1.2617, 0.0005, 0.4229, -0.0002]  x
  cube_rotation          = [0.0000, -0.0000, 0.0000]  x
  cube_linear_velocity   = [0.0000, 0.0000, 0.0000]  x
  obstacle_positions     = {}                     x
[step=   5 01:10:16.247][Analyzer] ASM node=approach_object  goal_status=not_applicable
[step=   6 01:10:17.408][Manager] ep=1 subtask=APPROACH_OBJECT reward=-0.4001
[step=   6 01:10:17.408][Manager][MOCK] finger_contacts forçado para 1 (grasp_attempts=0)
[step=   6 01:10:17.409][Perception]
  RAW PERCEPTION                                  MONITORED PARAMS
  ----------------------------------------------  --------------------------------------
  fingers_width         = 0.0800 m                gripper_width_cm      = 7 cm
  dist_ee_to_cube       = 0.1665 m                distance_ee_object_cm = 16 cm
  dist_cube_to_target   = 0.4001 m  (3D)          distance_obj_goal_cm  = 40 cm  (XY)
  cube_position (z)     = 0.0100 m                object_lift_height_cm = 0 cm
  cube_position (xy)    = [-0.250, 0.000]         grasp_completed       = 0
  target_position (xy)  = [0.150, 0.000]          finger_contacts       = 1
  x                                               grasp_attempts        = 0
  episode                = 1                      x
  step                   = 6                      x
  ee_position            = [-0.1596, 0.0001, 0.1498]  x
  ee_velocity            = [-0.4254, 0.0008, -0.0990]  x
  reward                 = -0.4001                x
  is_success             = False                  x
  obstacle_in_path       = False                  x
  obstacle_count_in_path = 0                      x
  obstacles              = {}                     x
  objects                = {'object_1': {'type': 'box', 'size': [0.045, 0.03, 0.02], 'mass': 10.0, 'color': [0.1, 0.2, 0.9, 1.0], 'initial_position': [-0.25, 0.0, 0.02], 'lateral_friction': 0.5, 'spinning_friction': 0.001, 'current_position': [-0.2500009006069605, 1.3682955281602097e-06, 0.009990041713714185]}}  x
  scripts                = {'script_1': True, 'reach_only': True, 'left_right': True}  x
  target_goal            = {'type': 'goal_sequence', 'targets': [{'name': 'target', 'position': [0.15000000596046448, 0.0, 0.019999999552965164]}], 'mode': 'goal_sequence'}  x
  scene                  = {'table': {'length': 1.1, 'width': 0.7, 'height': 0.4, 'x_offset': -0.3, 'lateral_friction': 3.0, 'spinning_friction': 0.001}}  x
  robot_config           = {'control_type': 'ee', 'block_gripper': False, 'base_position': [-0.6, 0.0, 0.05]}  x
  current_task           = OBJECT_DELIVERY_SEQUENCE  x
  current_subtask        = APPROACH_OBJECT        x
  active_target_name     = target                 x
  action                 = [-0.9836, -0.0005, -0.1804, 1.0000]  x
  joint_angles           = [-0.0007, 0.0034, 0.0009, -2.5990, -0.0000, 2.6025, 0.7855]  x
  joint_velocities       = [-0.0001, -0.7461, 0.0022, -1.3000, 0.0007, 0.4087, -0.0004]  x
  cube_rotation          = [0.0000, -0.0000, 0.0000]  x
  cube_linear_velocity   = [-0.0000, 0.0000, 0.0000]  x
  obstacle_positions     = {}                     x
[step=   6 01:10:17.412][Analyzer] ASM node=approach_object  goal_status=not_applicable
[step=   7 01:10:18.458][Manager] ep=1 subtask=APPROACH_OBJECT reward=-0.4001
[step=   7 01:10:18.458][Manager][MOCK] finger_contacts forçado para 1 (grasp_attempts=0)
[step=   7 01:10:18.459][Perception]
  RAW PERCEPTION                                  MONITORED PARAMS
  ----------------------------------------------  --------------------------------------
  fingers_width         = 0.0800 m                gripper_width_cm      = 7 cm
  dist_ee_to_cube       = 0.1419 m                distance_ee_object_cm = 14 cm
  dist_cube_to_target   = 0.4001 m  (3D)          distance_obj_goal_cm  = 40 cm  (XY)
  cube_position (z)     = 0.0100 m                object_lift_height_cm = 0 cm
  cube_position (xy)    = [-0.250, 0.000]         grasp_completed       = 0
  target_position (xy)  = [0.150, 0.000]          finger_contacts       = 1
  x                                               grasp_attempts        = 0
  episode                = 1                      x
  step                   = 7                      x
  ee_position            = [-0.1962, 0.0001, 0.1413]  x
  ee_velocity            = [-0.4646, 0.0004, -0.1195]  x
  reward                 = -0.4001                x
  is_success             = False                  x
  obstacle_in_path       = False                  x
  obstacle_count_in_path = 0                      x
  obstacles              = {}                     x
  objects                = {'object_1': {'type': 'box', 'size': [0.045, 0.03, 0.02], 'mass': 10.0, 'color': [0.1, 0.2, 0.9, 1.0], 'initial_position': [-0.25, 0.0, 0.02], 'lateral_friction': 0.5, 'spinning_friction': 0.001, 'current_position': [-0.25000108519544967, 1.6684144918771201e-06, 0.009990043041958253]}}  x
  scripts                = {'script_1': True, 'reach_only': True, 'left_right': True}  x
  target_goal            = {'type': 'goal_sequence', 'targets': [{'name': 'target', 'position': [0.15000000596046448, 0.0, 0.019999999552965164]}], 'mode': 'goal_sequence'}  x
  scene                  = {'table': {'length': 1.1, 'width': 0.7, 'height': 0.4, 'x_offset': -0.3, 'lateral_friction': 3.0, 'spinning_friction': 0.001}}  x
  robot_config           = {'control_type': 'ee', 'block_gripper': False, 'base_position': [-0.6, 0.0, 0.05]}  x
  current_task           = OBJECT_DELIVERY_SEQUENCE  x
  current_subtask        = APPROACH_OBJECT        x
  active_target_name     = target                 x
  action                 = [-0.9869, -0.0007, -0.1615, 1.0000]  x
  joint_angles           = [-0.0007, -0.0640, 0.0009, -2.7175, 0.0001, 2.6524, 0.7854]  x
  joint_velocities       = [-0.0000, -0.7628, 0.0017, -1.3510, 0.0009, 0.3840, -0.0007]  x
  cube_rotation          = [0.0000, -0.0000, 0.0000]  x
  cube_linear_velocity   = [-0.0000, 0.0000, -0.0000]  x
  obstacle_positions     = {}                     x
[step=   7 01:10:18.462][Analyzer] ASM node=approach_object  goal_status=not_applicable
[step=   8 01:10:19.579][Manager] ep=1 subtask=APPROACH_OBJECT reward=-0.4001
[step=   8 01:10:19.579][Manager][MOCK] finger_contacts forçado para 1 (grasp_attempts=0)
[step=   8 01:10:19.579][Perception]
  RAW PERCEPTION                                  MONITORED PARAMS
  ----------------------------------------------  --------------------------------------
  fingers_width         = 0.0800 m                gripper_width_cm      = 7 cm
  dist_ee_to_cube       = 0.1246 m                distance_ee_object_cm = 12 cm
  dist_cube_to_target   = 0.4001 m  (3D)          distance_obj_goal_cm  = 40 cm  (XY)
  cube_position (z)     = 0.0100 m                object_lift_height_cm = 0 cm
  cube_position (xy)    = [-0.250, 0.000]         grasp_completed       = 0
  target_position (xy)  = [0.150, 0.000]          finger_contacts       = 1
  x                                               grasp_attempts        = 0
  episode                = 1                      x
  step                   = 8                      x
  ee_position            = [-0.2335, 0.0000, 0.1335]  x
  ee_velocity            = [-0.4720, -0.0000, -0.1100]  x
  reward                 = -0.4001                x
  is_success             = False                  x
  obstacle_in_path       = False                  x
  obstacle_count_in_path = 0                      x
  obstacles              = {}                     x
  objects                = {'object_1': {'type': 'box', 'size': [0.045, 0.03, 0.02], 'mass': 10.0, 'color': [0.1, 0.2, 0.9, 1.0], 'initial_position': [-0.25, 0.0, 0.02], 'lateral_friction': 0.5, 'spinning_friction': 0.001, 'current_position': [-0.25000127057537036, 1.9682346314428907e-06, 0.009990043041826413]}}  x
  scripts                = {'script_1': True, 'reach_only': True, 'left_right': True}  x
  target_goal            = {'type': 'goal_sequence', 'targets': [{'name': 'target', 'position': [0.15000000596046448, 0.0, 0.019999999552965164]}], 'mode': 'goal_sequence'}  x
  scene                  = {'table': {'length': 1.1, 'width': 0.7, 'height': 0.4, 'x_offset': -0.3, 'lateral_friction': 3.0, 'spinning_friction': 0.001}}  x
  robot_config           = {'control_type': 'ee', 'block_gripper': False, 'base_position': [-0.6, 0.0, 0.05]}  x
  current_task           = OBJECT_DELIVERY_SEQUENCE  x
  current_subtask        = APPROACH_OBJECT        x
  active_target_name     = target                 x
  action                 = [-0.9932, -0.0010, -0.1168, 1.0000]  x
  joint_angles           = [-0.0007, -0.1353, 0.0009, -2.8349, 0.0002, 2.6976, 0.7853]  x
  joint_velocities       = [0.0001, -0.8283, 0.0007, -1.3571, 0.0010, 0.3470, -0.0011]  x
  cube_rotation          = [0.0000, -0.0000, 0.0000]  x
  cube_linear_velocity   = [-0.0000, 0.0000, -0.0000]  x
  obstacle_positions     = {}                     x
[step=   8 01:10:19.582][Analyzer] ASM node=approach_object  goal_status=not_applicable
[step=   9 01:10:20.724][Manager] ep=1 subtask=APPROACH_OBJECT reward=-0.4001
[step=   9 01:10:20.724][Manager][MOCK] finger_contacts forçado para 1 (grasp_attempts=0)
[step=   9 01:10:20.725][Perception]
  RAW PERCEPTION                                  MONITORED PARAMS
  ----------------------------------------------  --------------------------------------
  fingers_width         = 0.0800 m                gripper_width_cm      = 7 cm
  dist_ee_to_cube       = 0.1214 m                distance_ee_object_cm = 12 cm
  dist_cube_to_target   = 0.4001 m  (3D)          distance_obj_goal_cm  = 40 cm  (XY)
  cube_position (z)     = 0.0100 m                object_lift_height_cm = 0 cm
  cube_position (xy)    = [-0.250, 0.000]         grasp_completed       = 0
  target_position (xy)  = [0.150, 0.000]          finger_contacts       = 1
  x                                               grasp_attempts        = 0
  episode                = 1                      x
  step                   = 9                      x
  ee_position            = [-0.2717, -0.0000, 0.1294]  x
  ee_velocity            = [-0.4055, -0.0003, -0.0033]  x
  reward                 = -0.4001                x
  is_success             = False                  x
  obstacle_in_path       = False                  x
  obstacle_count_in_path = 0                      x
  obstacles              = {}                     x
  objects                = {'object_1': {'type': 'box', 'size': [0.045, 0.03, 0.02], 'mass': 10.0, 'color': [0.1, 0.2, 0.9, 1.0], 'initial_position': [-0.25, 0.0, 0.02], 'lateral_friction': 0.5, 'spinning_friction': 0.001, 'current_position': [-0.25000145595847756, 2.268051977550543e-06, 0.009990043041694298]}}  x
  scripts                = {'script_1': True, 'reach_only': True, 'left_right': True}  x
  target_goal            = {'type': 'goal_sequence', 'targets': [{'name': 'target', 'position': [0.15000000596046448, 0.0, 0.019999999552965164]}], 'mode': 'goal_sequence'}  x
  scene                  = {'table': {'length': 1.1, 'width': 0.7, 'height': 0.4, 'x_offset': -0.3, 'lateral_friction': 3.0, 'spinning_friction': 0.001}}  x
  robot_config           = {'control_type': 'ee', 'block_gripper': False, 'base_position': [-0.6, 0.0, 0.05]}  x
  current_task           = OBJECT_DELIVERY_SEQUENCE  x
  current_subtask        = APPROACH_OBJECT        x
  active_target_name     = target                 x
  action                 = [-0.9957, -0.0013, 0.0922, 1.0000]  x
  joint_angles           = [-0.0007, -0.2256, 0.0007, -2.9491, 0.0004, 2.7163, 0.7851]  x
  joint_velocities       = [0.0001, -1.1958, -0.0005, -1.2820, 0.0010, 0.1438, -0.0017]  x
  cube_rotation          = [0.0000, -0.0000, 0.0000]  x
  cube_linear_velocity   = [-0.0000, 0.0000, -0.0000]  x
  obstacle_positions     = {}                     x
[step=   9 01:10:20.726][Analyzer] ASM node=approach_object  goal_status=not_applicable
[step=  10 01:10:21.871][Manager] ep=1 subtask=APPROACH_OBJECT reward=-0.4001
[step=  10 01:10:21.871][Manager][MOCK] finger_contacts forçado para 1 (grasp_attempts=0)
[step=  10 01:10:21.871][Perception]
  RAW PERCEPTION                                  MONITORED PARAMS
  ----------------------------------------------  --------------------------------------
  fingers_width         = 0.0800 m                gripper_width_cm      = 7 cm
  dist_ee_to_cube       = 0.1068 m                distance_ee_object_cm = 10 cm
  dist_cube_to_target   = 0.4001 m  (3D)          distance_obj_goal_cm  = 40 cm  (XY)
  cube_position (z)     = 0.0100 m                object_lift_height_cm = 0 cm
  cube_position (xy)    = [-0.250, 0.000]         grasp_completed       = 0
  target_position (xy)  = [0.150, 0.000]          finger_contacts       = 1
  x                                               grasp_attempts        = 0
  episode                = 1                      x
  step                   = 10                     x
  ee_position            = [-0.2597, -0.0000, 0.1164]  x
  ee_velocity            = [-0.3615, 0.0004, -0.9847]  x
  reward                 = -0.4001                x
  is_success             = False                  x
  obstacle_in_path       = False                  x
  obstacle_count_in_path = 0                      x
  obstacles              = {}                     x
  objects                = {'object_1': {'type': 'box', 'size': [0.045, 0.03, 0.02], 'mass': 10.0, 'color': [0.1, 0.2, 0.9, 1.0], 'initial_position': [-0.25, 0.0, 0.02], 'lateral_friction': 0.5, 'spinning_friction': 0.001, 'current_position': [-0.25000164134477126, 2.5678665299672896e-06, 0.009990043041562164]}}  x
  scripts                = {'script_1': True, 'reach_only': True, 'left_right': True}  x
  target_goal            = {'type': 'goal_sequence', 'targets': [{'name': 'target', 'position': [0.15000000596046448, 0.0, 0.019999999552965164]}], 'mode': 'goal_sequence'}  x
  scene                  = {'table': {'length': 1.1, 'width': 0.7, 'height': 0.4, 'x_offset': -0.3, 'lateral_friction': 3.0, 'spinning_friction': 0.001}}  x
  robot_config           = {'control_type': 'ee', 'block_gripper': False, 'base_position': [-0.6, 0.0, 0.05]}  x
  current_task           = OBJECT_DELIVERY_SEQUENCE  x
  current_subtask        = APPROACH_OBJECT        x
  active_target_name     = target                 x
  action                 = [0.2241, 0.0003, -0.9746, 1.0000]  x
  joint_angles           = [-0.0007, -0.1392, 0.0008, -2.9388, 0.0003, 2.8340, 0.7851]  x
  joint_velocities       = [-0.0003, 3.4887, -0.0001, 0.3825, -0.0006, 0.9048, 0.0006]  x
  cube_rotation          = [0.0000, -0.0000, 0.0000]  x
  cube_linear_velocity   = [-0.0000, 0.0000, -0.0000]  x
  obstacle_positions     = {}                     x
[step=  10 01:10:21.873][Analyzer] ASM node=approach_object  goal_status=not_applicable
[step=  11 01:10:23.016][Manager] ep=1 subtask=APPROACH_OBJECT reward=-0.4001
[step=  11 01:10:23.017][Manager][MOCK] finger_contacts forçado para 1 (grasp_attempts=0)
[step=  11 01:10:23.017][Perception]
  RAW PERCEPTION                                  MONITORED PARAMS
  ----------------------------------------------  --------------------------------------
  fingers_width         = 0.0800 m                gripper_width_cm      = 7 cm
  dist_ee_to_cube       = 0.0697 m                distance_ee_object_cm = 6 cm
  dist_cube_to_target   = 0.4001 m  (3D)          distance_obj_goal_cm  = 40 cm  (XY)
  cube_position (z)     = 0.0100 m                object_lift_height_cm = 0 cm
  cube_position (xy)    = [-0.250, 0.000]         grasp_completed       = 0
  target_position (xy)  = [0.150, 0.000]          finger_contacts       = 1
  x                                               grasp_attempts        = 0
  episode                = 1                      x
  step                   = 11                     x
  ee_position            = [-0.2644, -0.0000, 0.0782]  x
  ee_velocity            = [-0.2783, 0.0004, -0.6252]  x
  reward                 = -0.4001                x
  is_success             = False                  x
  obstacle_in_path       = False                  x
  obstacle_count_in_path = 0                      x
  obstacles              = {}                     x
  objects                = {'object_1': {'type': 'box', 'size': [0.045, 0.03, 0.02], 'mass': 10.0, 'color': [0.1, 0.2, 0.9, 1.0], 'initial_position': [-0.25, 0.0, 0.02], 'lateral_friction': 0.5, 'spinning_friction': 0.001, 'current_position': [-0.25000182673425186, 2.8676782883845404e-06, 0.009990043041429995]}}  x
  scripts                = {'script_1': True, 'reach_only': True, 'left_right': True}  x
  target_goal            = {'type': 'goal_sequence', 'targets': [{'name': 'target', 'position': [0.15000000596046448, 0.0, 0.019999999552965164]}], 'mode': 'goal_sequence'}  x
  scene                  = {'table': {'length': 1.1, 'width': 0.7, 'height': 0.4, 'x_offset': -0.3, 'lateral_friction': 3.0, 'spinning_friction': 0.001}}  x
  robot_config           = {'control_type': 'ee', 'block_gripper': False, 'base_position': [-0.6, 0.0, 0.05]}  x
  current_task           = OBJECT_DELIVERY_SEQUENCE  x
  current_subtask        = APPROACH_OBJECT        x
  active_target_name     = target                 x
  action                 = [0.1184, 0.0003, -0.9930, 1.0000]  x
  joint_angles           = [-0.0008, 0.0160, 0.0007, -2.9065, 0.0001, 2.9013, 0.7852]  x
  joint_velocities       = [-0.0003, 2.2243, 0.0001, 0.3133, -0.0012, 0.5180, 0.0008]  x
  cube_rotation          = [0.0000, -0.0000, 0.0000]  x
  cube_linear_velocity   = [-0.0000, 0.0000, -0.0000]  x
  obstacle_positions     = {}                     x
[step=  11 01:10:23.019][Analyzer] ASM node=approach_object  goal_status=not_applicable
[step=  12 01:10:24.162][Manager] ep=1 subtask=APPROACH_OBJECT reward=-0.4001
[step=  12 01:10:24.163][Manager][MOCK] finger_contacts forçado para 1 (grasp_attempts=0)
[step=  12 01:10:24.163][Perception]
  RAW PERCEPTION                                  MONITORED PARAMS
  ----------------------------------------------  --------------------------------------
  fingers_width         = 0.0800 m                gripper_width_cm      = 7 cm
  dist_ee_to_cube       = 0.0382 m                distance_ee_object_cm = 3 cm
  dist_cube_to_target   = 0.4001 m  (3D)          distance_obj_goal_cm  = 40 cm  (XY)
  cube_position (z)     = 0.0100 m                object_lift_height_cm = 0 cm
  cube_position (xy)    = [-0.250, 0.000]         grasp_completed       = 0
  target_position (xy)  = [0.150, 0.000]          finger_contacts       = 1
  x                                               grasp_attempts        = 0
  episode                = 1                      x
  step                   = 12                     x
  ee_position            = [-0.2566, -0.0000, 0.0477]  x
  ee_velocity            = [-0.1912, 0.0002, -0.6046]  x
  reward                 = -0.4001                x
  is_success             = False                  x
  obstacle_in_path       = False                  x
  obstacle_count_in_path = 0                      x
  obstacles              = {}                     x
  objects                = {'object_1': {'type': 'box', 'size': [0.045, 0.03, 0.02], 'mass': 10.0, 'color': [0.1, 0.2, 0.9, 1.0], 'initial_position': [-0.25, 0.0, 0.02], 'lateral_friction': 0.5, 'spinning_friction': 0.001, 'current_position': [-0.25000185297384403, 2.9868612201734415e-06, 0.009989995540993465]}}  x
  scripts                = {'script_1': True, 'reach_only': True, 'left_right': True}  x
  target_goal            = {'type': 'goal_sequence', 'targets': [{'name': 'target', 'position': [0.15000000596046448, 0.0, 0.019999999552965164]}], 'mode': 'goal_sequence'}  x
  scene                  = {'table': {'length': 1.1, 'width': 0.7, 'height': 0.4, 'x_offset': -0.3, 'lateral_friction': 3.0, 'spinning_friction': 0.001}}  x
  robot_config           = {'control_type': 'ee', 'block_gripper': False, 'base_position': [-0.6, 0.0, 0.05]}  x
  current_task           = OBJECT_DELIVERY_SEQUENCE  x
  current_subtask        = APPROACH_OBJECT        x
  active_target_name     = target                 x
  action                 = [0.3168, 0.0004, -0.9485, 1.0000]  x
  joint_angles           = [-0.0007, 0.1609, 0.0006, -2.8648, -0.0001, 3.0098, 0.7854]  x
  joint_velocities       = [0.0006, 2.2581, -0.0013, 0.4730, -0.0021, 0.8338, 0.0012]  x
  cube_rotation          = [0.0000, -0.0000, 0.0000]  x
  cube_linear_velocity   = [0.0000, 0.0000, 0.0000]  x
  obstacle_positions     = {}                     x
[step=  12 01:10:24.165][Analyzer] ASM node=approach_object  goal_status=not_applicable
[step=  13 01:10:25.335][Manager] ep=1 subtask=GRASP_OBJECT reward=-0.4001
[step=  13 01:10:25.335][Manager][MOCK] finger_contacts forçado para 1 (grasp_attempts=0)
[step=  13 01:10:25.336][Perception]
  RAW PERCEPTION                                  MONITORED PARAMS
  ----------------------------------------------  --------------------------------------
  fingers_width         = 0.0800 m                gripper_width_cm      = 7 cm
  dist_ee_to_cube       = 0.0085 m                distance_ee_object_cm = 0 cm
  dist_cube_to_target   = 0.4001 m  (3D)          distance_obj_goal_cm  = 40 cm  (XY)
  cube_position (z)     = 0.0100 m                object_lift_height_cm = 0 cm
  cube_position (xy)    = [-0.250, 0.000]         grasp_completed       = 0
  target_position (xy)  = [0.150, 0.000]          finger_contacts       = 1
  x                                               grasp_attempts        = 0
  episode                = 1                      x
  step                   = 13                     x
  ee_position            = [-0.2442, 0.0000, 0.0162]  x
  ee_velocity            = [-0.0831, 0.0003, -0.6029]  x
  reward                 = -0.4001                x
  is_success             = False                  x
  obstacle_in_path       = False                  x
  obstacle_count_in_path = 0                      x
  obstacles              = {}                     x
  objects                = {'object_1': {'type': 'box', 'size': [0.045, 0.03, 0.02], 'mass': 10.0, 'color': [0.1, 0.2, 0.9, 1.0], 'initial_position': [-0.25, 0.0, 0.02], 'lateral_friction': 0.5, 'spinning_friction': 0.001, 'current_position': [-0.2500018513660127, 2.9868612766744304e-06, 0.009989999158615244]}}  x
  scripts                = {'script_1': True, 'reach_only': True, 'left_right': True}  x
  target_goal            = {'type': 'goal_sequence', 'targets': [{'name': 'target', 'position': [0.15000000596046448, 0.0, 0.019999999552965164]}], 'mode': 'goal_sequence'}  x
  scene                  = {'table': {'length': 1.1, 'width': 0.7, 'height': 0.4, 'x_offset': -0.3, 'lateral_friction': 3.0, 'spinning_friction': 0.001}}  x
  robot_config           = {'control_type': 'ee', 'block_gripper': False, 'base_position': [-0.6, 0.0, 0.05]}  x
  current_task           = OBJECT_DELIVERY_SEQUENCE  x
  current_subtask        = GRASP_OBJECT           x
  active_target_name     = target                 x
  action                 = [0.4621, 0.0019, -0.8868, 1.0000]  x
  joint_angles           = [-0.0003, 0.3078, 0.0003, -2.7955, -0.0003, 3.0852, 0.7856]  x
  joint_velocities       = [0.0029, 2.2741, -0.0023, 0.8670, -0.0011, 0.5800, 0.0018]  x
  cube_rotation          = [0.0000, -0.0000, 0.0000]  x
  cube_linear_velocity   = [0.0000, 0.0000, 0.0000]  x
  obstacle_positions     = {}                     x
[step=  13 01:10:25.339][ASM] [OK] approach_object → grasp_object  (type=domain)
[step=  13 01:10:25.339][Analyzer] ASM node=grasp_object  goal_status=ok  (scenario=GRASP_OBJECT)
[step=  14 01:10:26.482][Manager] ep=1 subtask=GRASP_OBJECT reward=-0.4000
[step=  14 01:10:26.482][Manager][MOCK] finger_contacts forçado para 1 (grasp_attempts=1)
[step=  14 01:10:26.482][Perception]
  RAW PERCEPTION                                  MONITORED PARAMS
  ----------------------------------------------  --------------------------------------
  fingers_width         = 0.0294 m                gripper_width_cm      = 2 cm
  dist_ee_to_cube       = 0.0019 m                distance_ee_object_cm = 0 cm
  dist_cube_to_target   = 0.4000 m  (3D)          distance_obj_goal_cm  = 39 cm  (XY)
  cube_position (z)     = 0.0108 m                object_lift_height_cm = 0 cm
  cube_position (xy)    = [-0.250, 0.000]         grasp_completed       = 1
  target_position (xy)  = [0.150, 0.000]          finger_contacts       = 1
  x                                               grasp_attempts        = 1
  episode                = 1                      x
  step                   = 14                     x
  ee_position            = [-0.2504, 0.0000, 0.0089]  x
  ee_velocity            = [0.0404, 0.0001, 0.0659]  x
  reward                 = -0.4000                x
  is_success             = False                  x
  obstacle_in_path       = False                  x
  obstacle_count_in_path = 0                      x
  obstacles              = {}                     x
  objects                = {'object_1': {'type': 'box', 'size': [0.045, 0.03, 0.02], 'mass': 10.0, 'color': [0.1, 0.2, 0.9, 1.0], 'initial_position': [-0.25, 0.0, 0.02], 'lateral_friction': 0.5, 'spinning_friction': 0.001, 'current_position': [-0.2498610818304095, 6.134804383770263e-05, 0.010794238821522117]}}  x
  scripts                = {'script_1': True, 'reach_only': True, 'left_right': True}  x
  target_goal            = {'type': 'goal_sequence', 'targets': [{'name': 'target', 'position': [0.15000000596046448, 0.0, 0.019999999552965164]}], 'mode': 'goal_sequence'}  x
  scene                  = {'table': {'length': 1.1, 'width': 0.7, 'height': 0.4, 'x_offset': -0.3, 'lateral_friction': 3.0, 'spinning_friction': 0.001}}  x
  robot_config           = {'control_type': 'ee', 'block_gripper': False, 'base_position': [-0.6, 0.0, 0.05]}  x
  current_task           = OBJECT_DELIVERY_SEQUENCE  x
  current_subtask        = GRASP_OBJECT           x
  active_target_name     = target                 x
  action                 = [0.0000, 0.0000, 0.0000, -1.0000]  x
  joint_angles           = [-0.0002, 0.3256, 0.0001, -2.8033, -0.0003, 3.1057, 0.7857]  x
  joint_velocities       = [0.0012, -0.1978, -0.0010, -0.0963, -0.0007, 0.1579, 0.0005]  x
  cube_rotation          = [0.0026, -0.0043, 0.0053]  x
  cube_linear_velocity   = [0.0392, 0.0026, 0.0661]  x
  obstacle_positions     = {}                     x
[step=  14 01:10:26.485][ASM] [ADAPT] grasp_object → retry_grasp  (type=adaptive)
[step=  14 01:10:26.485][Analyzer] ASM node=retry_grasp  goal_status=VIOLATED  → adaptation=RETRY_GRASP
[step=  14 01:10:26.485][Planner] situacao=RETRY_GRASP  strategy=RETRY_GRASP
[step=  14 01:10:26.605][Manager] Adaptacao iniciada: RETRY_GRASP
[step=  15 01:10:27.616][Manager] ep=1 subtask= reward=-0.4001
[step=  15 01:10:27.617][Manager][MOCK] finger_contacts forçado para 1 (grasp_attempts=1)
[step=  15 01:10:27.617][Perception]
  RAW PERCEPTION                                  MONITORED PARAMS
  ----------------------------------------------  --------------------------------------
  fingers_width         = 0.0738 m                gripper_width_cm      = 7 cm
  dist_ee_to_cube       = 0.0018 m                distance_ee_object_cm = 0 cm
  dist_cube_to_target   = 0.4001 m  (3D)          distance_obj_goal_cm  = 40 cm  (XY)
  cube_position (z)     = 0.0118 m                object_lift_height_cm = 0 cm
  cube_position (xy)    = [-0.250, 0.000]         grasp_completed       = 0
  target_position (xy)  = [0.150, 0.000]          finger_contacts       = 1
  x                                               grasp_attempts        = 1
  episode                = 1                      x
  step                   = 15                     x
  ee_position            = [-0.2499, 0.0000, 0.0099]  x
  ee_velocity            = [0.0017, -0.0000, 0.0066]  x
  reward                 = -0.4001                x
  is_success             = False                  x
  obstacle_in_path       = False                  x
  obstacle_count_in_path = 0                      x
  obstacles              = {}                     x
  objects                = {'object_1': {'type': 'box', 'size': [0.045, 0.03, 0.02], 'mass': 10.0, 'color': [0.1, 0.2, 0.9, 1.0], 'initial_position': [-0.25, 0.0, 0.02], 'lateral_friction': 0.5, 'spinning_friction': 0.001, 'current_position': [-0.25, 0.0, 0.011764591277502493]}}  x
  scripts                = {'script_1': True, 'reach_only': True, 'left_right': True}  x
  target_goal            = {'type': 'goal_sequence', 'targets': [{'name': 'target', 'position': [0.15000000596046448, 0.0, 0.019999999552965164]}], 'mode': 'goal_sequence'}  x
  scene                  = {'table': {'length': 1.1, 'width': 0.7, 'height': 0.4, 'x_offset': -0.3, 'lateral_friction': 3.0, 'spinning_friction': 0.001}}  x
  robot_config           = {'control_type': 'ee', 'block_gripper': False, 'base_position': [-0.6, 0.0, 0.05]}  x
  current_task           = RETRY_GRASP            x
  active_target_name     = target                 x
  action                 = [0.0000, 0.0000, 0.0000, 1.0000]  x
  joint_angles           = [-0.0001, 0.3256, 0.0001, -2.8134, -0.0003, 3.1358, 0.7857]  x
  joint_velocities       = [0.0009, -0.0002, -0.0009, -0.0794, -0.0006, 0.2305, 0.0008]  x
  cube_rotation          = [0.0000, -0.0000, 0.0000]  x
  cube_linear_velocity   = [0.0000, 0.0000, -0.3920]  x
  obstacle_positions     = {}                     x
[step=  15 01:10:27.619][Analyzer] ASM node=retry_grasp  goal_status=not_applicable
[step=  16 01:10:28.763][Manager] ep=1 subtask= reward=-0.4001
[step=  16 01:10:28.763][Manager][MOCK] finger_contacts forçado para 1 (grasp_attempts=1)
[step=  16 01:10:28.764][Perception]
  RAW PERCEPTION                                  MONITORED PARAMS
  ----------------------------------------------  --------------------------------------
  fingers_width         = 0.0793 m                gripper_width_cm      = 7 cm
  dist_ee_to_cube       = 0.0194 m                distance_ee_object_cm = 1 cm
  dist_cube_to_target   = 0.4001 m  (3D)          distance_obj_goal_cm  = 40 cm  (XY)
  cube_position (z)     = 0.0098 m                object_lift_height_cm = 0 cm
  cube_position (xy)    = [-0.250, -0.000]        grasp_completed       = 0
  target_position (xy)  = [0.150, 0.000]          finger_contacts       = 1
  x                                               grasp_attempts        = 1
  episode                = 1                      x
  step                   = 16                     x
  ee_position            = [-0.2651, 0.0000, 0.0219]  x
  ee_velocity            = [0.5334, -0.0000, 0.8516]  x
  reward                 = -0.4001                x
  is_success             = False                  x
  obstacle_in_path       = False                  x
  obstacle_count_in_path = 0                      x
  obstacles              = {}                     x
  objects                = {'object_1': {'type': 'box', 'size': [0.045, 0.03, 0.02], 'mass': 10.0, 'color': [0.1, 0.2, 0.9, 1.0], 'initial_position': [-0.25, 0.0, 0.02], 'lateral_friction': 0.5, 'spinning_friction': 0.001, 'current_position': [-0.25, -4.7362427321484073e-20, 0.009793123452511954]}}  x
  scripts                = {'script_1': True, 'reach_only': True, 'left_right': True}  x
  target_goal            = {'type': 'goal_sequence', 'targets': [{'name': 'target', 'position': [0.15000000596046448, 0.0, 0.019999999552965164]}], 'mode': 'goal_sequence'}  x
  scene                  = {'table': {'length': 1.1, 'width': 0.7, 'height': 0.4, 'x_offset': -0.3, 'lateral_friction': 3.0, 'spinning_friction': 0.001}}  x
  robot_config           = {'control_type': 'ee', 'block_gripper': False, 'base_position': [-0.6, 0.0, 0.05]}  x
  current_task           = RETRY_GRASP            x
  active_target_name     = target                 x
  action                 = [-0.0005, -0.0001, 1.0000, 1.0000]  x
  joint_angles           = [-0.0001, 0.2471, 0.0001, -2.8439, -0.0003, 3.0388, 0.7857]  x
  joint_velocities       = [-0.0002, -2.8932, 0.0005, -0.3417, 0.0003, -0.7458, -0.0000]  x
  cube_rotation          = [0.0000, 0.0000, 0.0000]  x
  cube_linear_velocity   = [0.0000, -0.0000, 0.0086]  x
  obstacle_positions     = {}                     x
[step=  16 01:10:28.766][Analyzer] ASM node=retry_grasp  goal_status=not_applicable
[step=  17 01:10:29.923][Manager] ep=1 subtask= reward=-0.4001
[step=  17 01:10:29.923][Manager][MOCK] finger_contacts forçado para 1 (grasp_attempts=1)
[step=  17 01:10:29.924][Perception]
  RAW PERCEPTION                                  MONITORED PARAMS
  ----------------------------------------------  --------------------------------------
  fingers_width         = 0.0799 m                gripper_width_cm      = 7 cm
  dist_ee_to_cube       = 0.0470 m                distance_ee_object_cm = 4 cm
  dist_cube_to_target   = 0.4001 m  (3D)          distance_obj_goal_cm  = 40 cm  (XY)
  cube_position (z)     = 0.0100 m                object_lift_height_cm = 0 cm
  cube_position (xy)    = [-0.250, -0.000]        grasp_completed       = 0
  target_position (xy)  = [0.150, 0.000]          finger_contacts       = 1
  x                                               grasp_attempts        = 1
  episode                = 1                      x
  step                   = 17                     x
  ee_position            = [-0.2563, 0.0000, 0.0565]  x
  ee_velocity            = [0.1050, -0.0000, 0.3590]  x
  reward                 = -0.4001                x
  is_success             = False                  x
  obstacle_in_path       = False                  x
  obstacle_count_in_path = 0                      x
  obstacles              = {}                     x
  objects                = {'object_1': {'type': 'box', 'size': [0.045, 0.03, 0.02], 'mass': 10.0, 'color': [0.1, 0.2, 0.9, 1.0], 'initial_position': [-0.25, 0.0, 0.02], 'lateral_friction': 0.5, 'spinning_friction': 0.001, 'current_position': [-0.25, -7.00102753119539e-20, 0.009952850708820408]}}  x
  scripts                = {'script_1': True, 'reach_only': True, 'left_right': True}  x
  target_goal            = {'type': 'goal_sequence', 'targets': [{'name': 'target', 'position': [0.15000000596046448, 0.0, 0.019999999552965164]}], 'mode': 'goal_sequence'}  x
  scene                  = {'table': {'length': 1.1, 'width': 0.7, 'height': 0.4, 'x_offset': -0.3, 'lateral_friction': 3.0, 'spinning_friction': 0.001}}  x
  robot_config           = {'control_type': 'ee', 'block_gripper': False, 'base_position': [-0.6, 0.0, 0.05]}  x
  current_task           = RETRY_GRASP            x
  active_target_name     = target                 x
  action                 = [0.1132, -0.0002, 0.9936, 1.0000]  x
  joint_angles           = [-0.0002, 0.1165, 0.0002, -2.8792, -0.0003, 2.9948, 0.7856]  x
  joint_velocities       = [-0.0002, -1.3531, 0.0004, -0.3393, 0.0004, -0.3386, -0.0002]  x
  cube_rotation          = [0.0000, 0.0000, 0.0000]  x
  cube_linear_velocity   = [-0.0000, -0.0000, 0.0016]  x
  obstacle_positions     = {}                     x
[step=  17 01:10:29.926][Analyzer] ASM node=retry_grasp  goal_status=not_applicable
[step=  18 01:10:31.059][Manager] ep=1 subtask= reward=-0.4001
[step=  18 01:10:31.059][Manager][MOCK] finger_contacts forçado para 1 (grasp_attempts=1)
[step=  18 01:10:31.059][Perception]
  RAW PERCEPTION                                  MONITORED PARAMS
  ----------------------------------------------  --------------------------------------
  fingers_width         = 0.0800 m                gripper_width_cm      = 7 cm
  dist_ee_to_cube       = 0.0722 m                distance_ee_object_cm = 7 cm
  dist_cube_to_target   = 0.4001 m  (3D)          distance_obj_goal_cm  = 40 cm  (XY)
  cube_position (z)     = 0.0100 m                object_lift_height_cm = 0 cm
  cube_position (xy)    = [-0.250, -0.000]        grasp_completed       = 0
  target_position (xy)  = [0.150, 0.000]          finger_contacts       = 1
  x                                               grasp_attempts        = 1
  episode                = 1                      x
  step                   = 18                     x
  ee_position            = [-0.2547, 0.0000, 0.0821]  x
  ee_velocity            = [0.2972, -0.0001, 0.6063]  x
  reward                 = -0.4001                x
  is_success             = False                  x
  obstacle_in_path       = False                  x
  obstacle_count_in_path = 0                      x
  obstacles              = {}                     x
  objects                = {'object_1': {'type': 'box', 'size': [0.045, 0.03, 0.02], 'mass': 10.0, 'color': [0.1, 0.2, 0.9, 1.0], 'initial_position': [-0.25, 0.0, 0.02], 'lateral_friction': 0.5, 'spinning_friction': 0.001, 'current_position': [-0.25000014549908567, -1.2352540039368128e-07, 0.009983296607675106]}}  x
  scripts                = {'script_1': True, 'reach_only': True, 'left_right': True}  x
  target_goal            = {'type': 'goal_sequence', 'targets': [{'name': 'target', 'position': [0.15000000596046448, 0.0, 0.019999999552965164]}], 'mode': 'goal_sequence'}  x
  scene                  = {'table': {'length': 1.1, 'width': 0.7, 'height': 0.4, 'x_offset': -0.3, 'lateral_friction': 3.0, 'spinning_friction': 0.001}}  x
  robot_config           = {'control_type': 'ee', 'block_gripper': False, 'base_position': [-0.6, 0.0, 0.05]}  x
  current_task           = RETRY_GRASP            x
  active_target_name     = target                 x
  action                 = [0.0639, -0.0002, 0.9980, 1.0000]  x
  joint_angles           = [-0.0002, 0.0106, 0.0002, -2.8816, -0.0001, 2.8797, 0.7855]  x
  joint_velocities       = [-0.0003, -1.9893, 0.0002, -0.0220, 0.0014, -0.8842, -0.0011]  x
  cube_rotation          = [0.0000, -0.0000, 0.0000]  x
  cube_linear_velocity   = [-0.0000, -0.0000, 0.0003]  x
  obstacle_positions     = {}                     x
[step=  18 01:10:31.061][Analyzer] ASM node=retry_grasp  goal_status=not_applicable
[step=  19 01:10:32.229][Manager] ep=1 subtask= reward=-0.4001
[step=  19 01:10:32.230][Manager][MOCK] finger_contacts forçado para 1 (grasp_attempts=1)
[step=  19 01:10:32.230][Perception]
  RAW PERCEPTION                                  MONITORED PARAMS
  ----------------------------------------------  --------------------------------------
  fingers_width         = 0.0800 m                gripper_width_cm      = 7 cm
  dist_ee_to_cube       = 0.1024 m                distance_ee_object_cm = 10 cm
  dist_cube_to_target   = 0.4001 m  (3D)          distance_obj_goal_cm  = 40 cm  (XY)
  cube_position (z)     = 0.0100 m                object_lift_height_cm = 0 cm
  cube_position (xy)    = [-0.250, 0.000]         grasp_completed       = 0
  target_position (xy)  = [0.150, 0.000]          finger_contacts       = 1
  x                                               grasp_attempts        = 1
  episode                = 1                      x
  step                   = 19                     x
  ee_position            = [-0.2494, 0.0000, 0.1124]  x
  ee_velocity            = [0.1384, 0.0000, 0.4126]  x
  reward                 = -0.4001                x
  is_success             = False                  x
  obstacle_in_path       = False                  x
  obstacle_count_in_path = 0                      x
  obstacles              = {}                     x
  objects                = {'object_1': {'type': 'box', 'size': [0.045, 0.03, 0.02], 'mass': 10.0, 'color': [0.1, 0.2, 0.9, 1.0], 'initial_position': [-0.25, 0.0, 0.02], 'lateral_friction': 0.5, 'spinning_friction': 0.001, 'current_position': [-0.2500003899352625, 4.4633872404657245e-09, 0.00998925710769258]}}  x
  scripts                = {'script_1': True, 'reach_only': True, 'left_right': True}  x
  target_goal            = {'type': 'goal_sequence', 'targets': [{'name': 'target', 'position': [0.15000000596046448, 0.0, 0.019999999552965164]}], 'mode': 'goal_sequence'}  x
  scene                  = {'table': {'length': 1.1, 'width': 0.7, 'height': 0.4, 'x_offset': -0.3, 'lateral_friction': 3.0, 'spinning_friction': 0.001}}  x
  robot_config           = {'control_type': 'ee', 'block_gripper': False, 'base_position': [-0.6, 0.0, 0.05]}  x
  current_task           = RETRY_GRASP            x
  active_target_name     = target                 x
  action                 = [0.0638, -0.0003, 0.9980, 1.0000]  x
  joint_angles           = [-0.0001, -0.0989, 0.0002, -2.8785, 0.0000, 2.7742, 0.7854]  x
  joint_velocities       = [0.0001, -1.3589, 0.0002, 0.0216, 0.0009, -0.8116, -0.0009]  x
  cube_rotation          = [0.0000, -0.0000, 0.0000]  x
  cube_linear_velocity   = [0.0000, 0.0000, 0.0000]  x
  obstacle_positions     = {}                     x
[step=  19 01:10:32.232][Analyzer] ASM node=retry_grasp  goal_status=not_applicable
[step=  20 01:10:33.350][Manager] ep=1 subtask= reward=-0.4001
[step=  20 01:10:33.351][Manager][MOCK] finger_contacts forçado para 1 (grasp_attempts=1)
[step=  20 01:10:33.351][Perception]
  RAW PERCEPTION                                  MONITORED PARAMS
  ----------------------------------------------  --------------------------------------
  fingers_width         = 0.0800 m                gripper_width_cm      = 7 cm
  dist_ee_to_cube       = 0.1311 m                distance_ee_object_cm = 13 cm
  dist_cube_to_target   = 0.4001 m  (3D)          distance_obj_goal_cm  = 40 cm  (XY)
  cube_position (z)     = 0.0100 m                object_lift_height_cm = 0 cm
  cube_position (xy)    = [-0.250, 0.000]         grasp_completed       = 0
  target_position (xy)  = [0.150, 0.000]          finger_contacts       = 1
  x                                               grasp_attempts        = 1
  episode                = 1                      x
  step                   = 20                     x
  ee_position            = [-0.2476, 0.0000, 0.1411]  x
  ee_velocity            = [0.1918, 0.0000, 0.5749]  x
  reward                 = -0.4001                x
  is_success             = False                  x
  obstacle_in_path       = False                  x
  obstacle_count_in_path = 0                      x
  obstacles              = {}                     x
  objects                = {'object_1': {'type': 'box', 'size': [0.045, 0.03, 0.02], 'mass': 10.0, 'color': [0.1, 0.2, 0.9, 1.0], 'initial_position': [-0.25, 0.0, 0.02], 'lateral_friction': 0.5, 'spinning_friction': 0.001, 'current_position': [-0.25000045855763786, 6.59593848718075e-07, 0.009990041429379036]}}  x
  scripts                = {'script_1': True, 'reach_only': True, 'left_right': True}  x
  target_goal            = {'type': 'goal_sequence', 'targets': [{'name': 'target', 'position': [0.15000000596046448, 0.0, 0.019999999552965164]}], 'mode': 'goal_sequence'}  x
  scene                  = {'table': {'length': 1.1, 'width': 0.7, 'height': 0.4, 'x_offset': -0.3, 'lateral_friction': 3.0, 'spinning_friction': 0.001}}  x
  robot_config           = {'control_type': 'ee', 'block_gripper': False, 'base_position': [-0.6, 0.0, 0.05]}  x
  current_task           = RETRY_GRASP            x
  active_target_name     = target                 x
  action                 = [-0.0140, -0.0003, 0.9999, 1.0000]  x
  joint_angles           = [-0.0001, -0.1998, 0.0001, -2.8671, 0.0001, 2.6572, 0.7854]  x
  joint_velocities       = [0.0003, -1.7666, -0.0002, 0.0875, 0.0003, -0.8996, -0.0005]  x
  cube_rotation          = [0.0000, -0.0000, 0.0000]  x
  cube_linear_velocity   = [-0.0000, 0.0000, 0.0000]  x
  obstacle_positions     = {}                     x
[step=  20 01:10:33.353][Analyzer] ASM node=retry_grasp  goal_status=not_applicable
[step=  21 01:10:34.510][Manager] ep=1 subtask= reward=-0.4001
[step=  21 01:10:34.510][Manager][MOCK] finger_contacts forçado para 1 (grasp_attempts=1)
[step=  21 01:10:34.510][Perception]
  RAW PERCEPTION                                  MONITORED PARAMS
  ----------------------------------------------  --------------------------------------
  fingers_width         = 0.0800 m                gripper_width_cm      = 7 cm
  dist_ee_to_cube       = 0.1617 m                distance_ee_object_cm = 16 cm
  dist_cube_to_target   = 0.4001 m  (3D)          distance_obj_goal_cm  = 40 cm  (XY)
  cube_position (z)     = 0.0100 m                object_lift_height_cm = 0 cm
  cube_position (xy)    = [-0.250, 0.000]         grasp_completed       = 0
  target_position (xy)  = [0.150, 0.000]          finger_contacts       = 1
  x                                               grasp_attempts        = 1
  episode                = 1                      x
  step                   = 21                     x
  ee_position            = [-0.2501, 0.0000, 0.1717]  x
  ee_velocity            = [0.0826, 0.0000, 0.4877]  x
  reward                 = -0.4001                x
  is_success             = False                  x
  obstacle_in_path       = False                  x
  obstacle_count_in_path = 0                      x
  obstacles              = {}                     x
  objects                = {'object_1': {'type': 'box', 'size': [0.045, 0.03, 0.02], 'mass': 10.0, 'color': [0.1, 0.2, 0.9, 1.0], 'initial_position': [-0.25, 0.0, 0.02], 'lateral_friction': 0.5, 'spinning_friction': 0.001, 'current_position': [-0.25000064297164376, 9.597754311015834e-07, 0.009990043042277963]}}  x
  scripts                = {'script_1': True, 'reach_only': True, 'left_right': True}  x
  target_goal            = {'type': 'goal_sequence', 'targets': [{'name': 'target', 'position': [0.15000000596046448, 0.0, 0.019999999552965164]}], 'mode': 'goal_sequence'}  x
  scene                  = {'table': {'length': 1.1, 'width': 0.7, 'height': 0.4, 'x_offset': -0.3, 'lateral_friction': 3.0, 'spinning_friction': 0.001}}  x
  robot_config           = {'control_type': 'ee', 'block_gripper': False, 'base_position': [-0.6, 0.0, 0.05]}  x
  current_task           = RETRY_GRASP            x
  active_target_name     = target                 x
  action                 = [-0.1676, -0.0000, 0.9858, 1.0000]  x
  joint_angles           = [-0.0001, -0.3104, 0.0001, -2.8643, 0.0001, 2.5468, 0.7853]  x
  joint_velocities       = [0.0002, -1.5857, -0.0002, 0.0164, 0.0001, -0.8484, -0.0000]  x
  cube_rotation          = [0.0000, -0.0000, 0.0000]  x
  cube_linear_velocity   = [-0.0000, 0.0000, -0.0000]  x
  obstacle_positions     = {}                     x
[step=  21 01:10:34.513][Analyzer] ASM node=retry_grasp  goal_status=not_applicable
[step=  22 01:10:35.644][Manager] ep=1 subtask= reward=-0.4001
[step=  22 01:10:35.644][Manager][MOCK] finger_contacts forçado para 1 (grasp_attempts=1)
[step=  22 01:10:35.645][Perception]
  RAW PERCEPTION                                  MONITORED PARAMS
  ----------------------------------------------  --------------------------------------
  fingers_width         = 0.0800 m                gripper_width_cm      = 7 cm
  dist_ee_to_cube       = 0.1558 m                distance_ee_object_cm = 15 cm
  dist_cube_to_target   = 0.4001 m  (3D)          distance_obj_goal_cm  = 40 cm  (XY)
  cube_position (z)     = 0.0100 m                object_lift_height_cm = 0 cm
  cube_position (xy)    = [-0.250, 0.000]         grasp_completed       = 0
  target_position (xy)  = [0.150, 0.000]          finger_contacts       = 1
  x                                               grasp_attempts        = 1
  episode                = 1                      x
  step                   = 22                     x
  ee_position            = [-0.2410, 0.0000, 0.1655]  x
  ee_velocity            = [-0.3948, -0.0001, -1.0196]  x
  reward                 = -0.4001                x
  is_success             = False                  x
  obstacle_in_path       = False                  x
  obstacle_count_in_path = 0                      x
  obstacles              = {}                     x
  objects                = {'object_1': {'type': 'box', 'size': [0.045, 0.03, 0.02], 'mass': 10.0, 'color': [0.1, 0.2, 0.9, 1.0], 'initial_position': [-0.25, 0.0, 0.02], 'lateral_friction': 0.5, 'spinning_friction': 0.001, 'current_position': [-0.2500008283438517, 1.2596023315572764e-06, 0.009990043042146193]}}  x
  scripts                = {'script_1': True, 'reach_only': True, 'left_right': True}  x
  target_goal            = {'type': 'goal_sequence', 'targets': [{'name': 'target', 'position': [0.15000000596046448, 0.0, 0.019999999552965164]}], 'mode': 'goal_sequence'}  x
  scene                  = {'table': {'length': 1.1, 'width': 0.7, 'height': 0.4, 'x_offset': -0.3, 'lateral_friction': 3.0, 'spinning_friction': 0.001}}  x
  robot_config           = {'control_type': 'ee', 'block_gripper': False, 'base_position': [-0.6, 0.0, 0.05]}  x
  current_task           = RETRY_GRASP            x
  active_target_name     = target                 x
  action                 = [0.0005, -0.0000, -1.0000, 1.0000]  x
  joint_angles           = [-0.0001, -0.2809, 0.0001, -2.8954, 0.0002, 2.6818, 0.7854]  x
  joint_velocities       = [0.0002, 2.8816, -0.0001, -0.2500, -0.0101, 1.0379, 0.0001]  x
  cube_rotation          = [0.0000, -0.0000, 0.0000]  x
  cube_linear_velocity   = [-0.0000, 0.0000, -0.0000]  x
  obstacle_positions     = {}                     x
[step=  22 01:10:35.647][Analyzer] ASM node=retry_grasp  goal_status=not_applicable
[step=  23 01:10:36.817][Manager] ep=1 subtask= reward=-0.4001
[step=  23 01:10:36.817][Manager][MOCK] finger_contacts forçado para 1 (grasp_attempts=1)
[step=  23 01:10:36.817][Perception]
  RAW PERCEPTION                                  MONITORED PARAMS
  ----------------------------------------------  --------------------------------------
  fingers_width         = 0.0800 m                gripper_width_cm      = 7 cm
  dist_ee_to_cube       = 0.1144 m                distance_ee_object_cm = 11 cm
  dist_cube_to_target   = 0.4001 m  (3D)          distance_obj_goal_cm  = 40 cm  (XY)
  cube_position (z)     = 0.0100 m                object_lift_height_cm = 0 cm
  cube_position (xy)    = [-0.250, 0.000]         grasp_completed       = 0
  target_position (xy)  = [0.150, 0.000]          finger_contacts       = 1
  x                                               grasp_attempts        = 1
  episode                = 1                      x
  step                   = 23                     x
  ee_position            = [-0.2522, 0.0000, 0.1244]  x
  ee_velocity            = [-0.2919, 0.0000, -0.6370]  x
  reward                 = -0.4001                x
  is_success             = False                  x
  obstacle_in_path       = False                  x
  obstacle_count_in_path = 0                      x
  obstacles              = {}                     x
  objects                = {'object_1': {'type': 'box', 'size': [0.045, 0.03, 0.02], 'mass': 10.0, 'color': [0.1, 0.2, 0.9, 1.0], 'initial_position': [-0.25, 0.0, 0.02], 'lateral_friction': 0.5, 'spinning_friction': 0.001, 'current_position': [-0.25000101371924566, 1.5594264392894497e-06, 0.00999004304201409]}}  x
  scripts                = {'script_1': True, 'reach_only': True, 'left_right': True}  x
  target_goal            = {'type': 'goal_sequence', 'targets': [{'name': 'target', 'position': [0.15000000596046448, 0.0, 0.019999999552965164]}], 'mode': 'goal_sequence'}  x
  scene                  = {'table': {'length': 1.1, 'width': 0.7, 'height': 0.4, 'x_offset': -0.3, 'lateral_friction': 3.0, 'spinning_friction': 0.001}}  x
  robot_config           = {'control_type': 'ee', 'block_gripper': False, 'base_position': [-0.6, 0.0, 0.05]}  x
  current_task           = RETRY_GRASP            x
  active_target_name     = target                 x
  action                 = [-0.0687, -0.0000, -0.9976, 1.0000]  x
  joint_angles           = [-0.0002, -0.1447, 0.0002, -2.8855, 0.0001, 2.7284, 0.7853]  x
  joint_velocities       = [-0.0003, 2.0047, 0.0002, 0.0946, -0.0011, 0.3580, -0.0000]  x
  cube_rotation          = [0.0000, -0.0000, 0.0000]  x
  cube_linear_velocity   = [-0.0000, 0.0000, -0.0000]  x
  obstacle_positions     = {}                     x
[step=  23 01:10:36.820][Analyzer] ASM node=retry_grasp  goal_status=not_applicable
[step=  24 01:10:37.937][Manager] ep=1 subtask= reward=-0.4001
[step=  24 01:10:37.937][Manager][MOCK] finger_contacts forçado para 1 (grasp_attempts=1)
[step=  24 01:10:37.938][Perception]
  RAW PERCEPTION                                  MONITORED PARAMS
  ----------------------------------------------  --------------------------------------
  fingers_width         = 0.0800 m                gripper_width_cm      = 7 cm
  dist_ee_to_cube       = 0.0817 m                distance_ee_object_cm = 8 cm
  dist_cube_to_target   = 0.4001 m  (3D)          distance_obj_goal_cm  = 40 cm  (XY)
  cube_position (z)     = 0.0100 m                object_lift_height_cm = 0 cm
  cube_position (xy)    = [-0.250, 0.000]         grasp_completed       = 0
  target_position (xy)  = [0.150, 0.000]          finger_contacts       = 1
  x                                               grasp_attempts        = 1
  episode                = 1                      x
  step                   = 24                     x
  ee_position            = [-0.2560, -0.0000, 0.0914]  x
  ee_velocity            = [-0.2833, 0.0002, -0.5907]  x
  reward                 = -0.4001                x
  is_success             = False                  x
  obstacle_in_path       = False                  x
  obstacle_count_in_path = 0                      x
  obstacles              = {}                     x
  objects                = {'object_1': {'type': 'box', 'size': [0.045, 0.03, 0.02], 'mass': 10.0, 'color': [0.1, 0.2, 0.9, 1.0], 'initial_position': [-0.25, 0.0, 0.02], 'lateral_friction': 0.5, 'spinning_friction': 0.001, 'current_position': [-0.2500011990978259, 1.8592477540511342e-06, 0.009990043041881993]}}  x
  scripts                = {'script_1': True, 'reach_only': True, 'left_right': True}  x
  target_goal            = {'type': 'goal_sequence', 'targets': [{'name': 'target', 'position': [0.15000000596046448, 0.0, 0.019999999552965164]}], 'mode': 'goal_sequence'}  x
  scene                  = {'table': {'length': 1.1, 'width': 0.7, 'height': 0.4, 'x_offset': -0.3, 'lateral_friction': 3.0, 'spinning_friction': 0.001}}  x
  robot_config           = {'control_type': 'ee', 'block_gripper': False, 'base_position': [-0.6, 0.0, 0.05]}  x
  current_task           = RETRY_GRASP            x
  active_target_name     = target                 x
  action                 = [0.0247, -0.0000, -0.9997, 1.0000]  x
  joint_angles           = [-0.0002, -0.0235, 0.0002, -2.8923, 0.0000, 2.8571, 0.7854]  x
  joint_velocities       = [0.0001, 1.9259, 0.0001, -0.0496, -0.0006, 0.9897, 0.0004]  x
  cube_rotation          = [0.0000, -0.0000, 0.0000]  x
  cube_linear_velocity   = [-0.0000, 0.0000, -0.0000]  x
  obstacle_positions     = {}                     x
[step=  24 01:10:37.940][Analyzer] ASM node=retry_grasp  goal_status=not_applicable
[step=  25 01:10:39.085][Manager] ep=1 subtask= reward=-0.4001
[step=  25 01:10:39.085][Manager][MOCK] finger_contacts forçado para 1 (grasp_attempts=1)
[step=  25 01:10:39.085][Perception]
  RAW PERCEPTION                                  MONITORED PARAMS
  ----------------------------------------------  --------------------------------------
  fingers_width         = 0.0800 m                gripper_width_cm      = 7 cm
  dist_ee_to_cube       = 0.0493 m                distance_ee_object_cm = 4 cm
  dist_cube_to_target   = 0.4001 m  (3D)          distance_obj_goal_cm  = 40 cm  (XY)
  cube_position (z)     = 0.0100 m                object_lift_height_cm = 0 cm
  cube_position (xy)    = [-0.250, 0.000]         grasp_completed       = 0
  target_position (xy)  = [0.150, 0.000]          finger_contacts       = 1
  x                                               grasp_attempts        = 1
  episode                = 1                      x
  step                   = 25                     x
  ee_position            = [-0.2563, -0.0000, 0.0589]  x
  ee_velocity            = [-0.3386, 0.0001, -0.6861]  x
  reward                 = -0.4001                x
  is_success             = False                  x
  obstacle_in_path       = False                  x
  obstacle_count_in_path = 0                      x
  obstacles              = {}                     x
  objects                = {'object_1': {'type': 'box', 'size': [0.045, 0.03, 0.02], 'mass': 10.0, 'color': [0.1, 0.2, 0.9, 1.0], 'initial_position': [-0.25, 0.0, 0.02], 'lateral_friction': 0.5, 'spinning_friction': 0.001, 'current_position': [-0.250001291788819, 2.083368681311508e-06, 0.009989992007011285]}}  x
  scripts                = {'script_1': True, 'reach_only': True, 'left_right': True}  x
  target_goal            = {'type': 'goal_sequence', 'targets': [{'name': 'target', 'position': [0.15000000596046448, 0.0, 0.019999999552965164]}], 'mode': 'goal_sequence'}  x
  scene                  = {'table': {'length': 1.1, 'width': 0.7, 'height': 0.4, 'x_offset': -0.3, 'lateral_friction': 3.0, 'spinning_friction': 0.001}}  x
  robot_config           = {'control_type': 'ee', 'block_gripper': False, 'base_position': [-0.6, 0.0, 0.05]}  x
  current_task           = RETRY_GRASP            x
  active_target_name     = target                 x
  action                 = [0.1048, 0.0000, -0.9945, 1.0000]  x
  joint_angles           = [-0.0002, 0.1137, 0.0002, -2.8745, -0.0000, 2.9743, 0.7854]  x
  joint_velocities       = [-0.0000, 2.3516, -0.0001, 0.1989, -0.0005, 0.9013, 0.0002]  x
  cube_rotation          = [0.0000, -0.0000, 0.0000]  x
  cube_linear_velocity   = [0.0000, 0.0000, 0.0000]  x
  obstacle_positions     = {}                     x
[step=  25 01:10:39.088][Analyzer] ASM node=retry_grasp  goal_status=not_applicable
[step=  26 01:10:40.243][Manager] ep=1 subtask= reward=-0.4001
[step=  26 01:10:40.244][Manager][MOCK] finger_contacts forçado para 1 (grasp_attempts=1)
[step=  26 01:10:40.244][Perception]
  RAW PERCEPTION                                  MONITORED PARAMS
  ----------------------------------------------  --------------------------------------
  fingers_width         = 0.0800 m                gripper_width_cm      = 7 cm
  dist_ee_to_cube       = 0.0151 m                distance_ee_object_cm = 1 cm
  dist_cube_to_target   = 0.4001 m  (3D)          distance_obj_goal_cm  = 40 cm  (XY)
  cube_position (z)     = 0.0100 m                object_lift_height_cm = 0 cm
  cube_position (xy)    = [-0.250, 0.000]         grasp_completed       = 0
  target_position (xy)  = [0.150, 0.000]          finger_contacts       = 1
  x                                               grasp_attempts        = 1
  episode                = 1                      x
  step                   = 26                     x
  ee_position            = [-0.2519, -0.0000, 0.0250]  x
  ee_velocity            = [-0.2556, 0.0000, -0.6746]  x
  reward                 = -0.4001                x
  is_success             = False                  x
  obstacle_in_path       = False                  x
  obstacle_count_in_path = 0                      x
  obstacles              = {}                     x
  objects                = {'object_1': {'type': 'box', 'size': [0.045, 0.03, 0.02], 'mass': 10.0, 'color': [0.1, 0.2, 0.9, 1.0], 'initial_position': [-0.25, 0.0, 0.02], 'lateral_friction': 0.5, 'spinning_friction': 0.001, 'current_position': [-0.25000128890670253, 2.083368752256595e-06, 0.009989998491776338]}}  x
  scripts                = {'script_1': True, 'reach_only': True, 'left_right': True}  x
  target_goal            = {'type': 'goal_sequence', 'targets': [{'name': 'target', 'position': [0.15000000596046448, 0.0, 0.019999999552965164]}], 'mode': 'goal_sequence'}  x
  scene                  = {'table': {'length': 1.1, 'width': 0.7, 'height': 0.4, 'x_offset': -0.3, 'lateral_friction': 3.0, 'spinning_friction': 0.001}}  x
  robot_config           = {'control_type': 'ee', 'block_gripper': False, 'base_position': [-0.6, 0.0, 0.05]}  x
  current_task           = RETRY_GRASP            x
  active_target_name     = target                 x
  action                 = [0.2537, 0.0003, -0.9673, 1.0000]  x
  joint_angles           = [-0.0001, 0.2635, 0.0001, -2.8278, -0.0001, 3.0724, 0.7854]  x
  joint_velocities       = [0.0005, 2.4182, -0.0005, 0.5567, -0.0004, 0.7537, 0.0003]  x
  cube_rotation          = [0.0000, -0.0000, 0.0000]  x
  cube_linear_velocity   = [0.0000, 0.0000, 0.0000]  x
  obstacle_positions     = {}                     x
[step=  26 01:10:40.246][Analyzer] ASM node=retry_grasp  goal_status=not_applicable
[step=  27 01:10:41.390][Manager] ep=1 subtask= reward=-0.4001
[step=  27 01:10:41.391][Manager][MOCK] finger_contacts forçado para 1 (grasp_attempts=1)
[step=  27 01:10:41.391][Perception]
  RAW PERCEPTION                                  MONITORED PARAMS
  ----------------------------------------------  --------------------------------------
  fingers_width         = 0.0800 m                gripper_width_cm      = 7 cm
  dist_ee_to_cube       = 0.0333 m                distance_ee_object_cm = 3 cm
  dist_cube_to_target   = 0.4001 m  (3D)          distance_obj_goal_cm  = 40 cm  (XY)
  cube_position (z)     = 0.0100 m                object_lift_height_cm = 0 cm
  cube_position (xy)    = [-0.250, 0.000]         grasp_completed       = 0
  target_position (xy)  = [0.150, 0.000]          finger_contacts       = 1
  x                                               grasp_attempts        = 1
  episode                = 1                      x
  step                   = 27                     x
  ee_position            = [-0.2833, 0.0000, 0.0101]  x
  ee_velocity            = [-0.0276, 0.0002, 0.1567]  x
  reward                 = -0.4001                x
  is_success             = False                  x
  obstacle_in_path       = False                  x
  obstacle_count_in_path = 0                      x
  obstacles              = {}                     x
  objects                = {'object_1': {'type': 'box', 'size': [0.045, 0.03, 0.02], 'mass': 10.0, 'color': [0.1, 0.2, 0.9, 1.0], 'initial_position': [-0.25, 0.0, 0.02], 'lateral_friction': 0.5, 'spinning_friction': 0.001, 'current_position': [-0.2500012883628663, 2.083368765523431e-06, 0.009989999715408263]}}  x
  scripts                = {'script_1': True, 'reach_only': True, 'left_right': True}  x
  target_goal            = {'type': 'goal_sequence', 'targets': [{'name': 'target', 'position': [0.15000000596046448, 0.0, 0.019999999552965164]}], 'mode': 'goal_sequence'}  x
  scene                  = {'table': {'length': 1.1, 'width': 0.7, 'height': 0.4, 'x_offset': -0.3, 'lateral_friction': 3.0, 'spinning_friction': 0.001}}  x
  robot_config           = {'control_type': 'ee', 'block_gripper': False, 'base_position': [-0.6, 0.0, 0.05]}  x
  current_task           = RETRY_GRASP            x
  active_target_name     = target                 x
  action                 = [0.1820, 0.0005, 0.9833, 1.0000]  x
  joint_angles           = [-0.0001, 0.2779, 0.0001, -2.8367, -0.0001, 2.9756, 0.7855]  x
  joint_velocities       = [0.0004, -0.6999, 0.0003, -0.1457, 0.0000, -0.7443, 0.0004]  x
  cube_rotation          = [0.0000, -0.0000, 0.0000]  x
  cube_linear_velocity   = [0.0000, 0.0000, 0.0000]  x
  obstacle_positions     = {}                     x
[step=  27 01:10:41.393][Analyzer] ASM node=retry_grasp  goal_status=not_applicable
[step=  28 01:10:42.563][Manager] ep=1 subtask= reward=-0.4015
[step=  28 01:10:42.563][Manager][MOCK] finger_contacts forçado para 1 (grasp_attempts=2)
[step=  28 01:10:42.564][Perception]
  RAW PERCEPTION                                  MONITORED PARAMS
  ----------------------------------------------  --------------------------------------
  fingers_width         = 0.0266 m                gripper_width_cm      = 2 cm
  dist_ee_to_cube       = 0.0283 m                distance_ee_object_cm = 2 cm
  dist_cube_to_target   = 0.4015 m  (3D)          distance_obj_goal_cm  = 40 cm  (XY)
  cube_position (z)     = 0.0108 m                object_lift_height_cm = 0 cm
  cube_position (xy)    = [-0.251, 0.000]         grasp_completed       = 1
  target_position (xy)  = [0.150, 0.000]          finger_contacts       = 1
  x                                               grasp_attempts        = 2
  episode                = 1                      x
  step                   = 28                     x
  ee_position            = [-0.2790, -0.0000, 0.0167]  x
  ee_velocity            = [-0.0559, 0.0016, 0.0432]  x
  reward                 = -0.4015                x
  is_success             = False                  x
  obstacle_in_path       = False                  x
  obstacle_count_in_path = 0                      x
  obstacles              = {}                     x
  objects                = {'object_1': {'type': 'box', 'size': [0.045, 0.03, 0.02], 'mass': 10.0, 'color': [0.1, 0.2, 0.9, 1.0], 'initial_position': [-0.25, 0.0, 0.02], 'lateral_friction': 0.5, 'spinning_friction': 0.001, 'current_position': [-0.25136929842477906, 2.1179718870777435e-05, 0.01076390524131102]}}  x
  scripts                = {'script_1': True, 'reach_only': True, 'left_right': True}  x
  target_goal            = {'type': 'goal_sequence', 'targets': [{'name': 'target', 'position': [0.15000000596046448, 0.0, 0.019999999552965164]}], 'mode': 'goal_sequence'}  x
  scene                  = {'table': {'length': 1.1, 'width': 0.7, 'height': 0.4, 'x_offset': -0.3, 'lateral_friction': 3.0, 'spinning_friction': 0.001}}  x
  robot_config           = {'control_type': 'ee', 'block_gripper': False, 'base_position': [-0.6, 0.0, 0.05]}  x
  current_task           = RETRY_GRASP            x
  active_target_name     = target                 x
  action                 = [0.0000, 0.0000, 0.0000, -1.0000]  x
  joint_angles           = [-0.0000, 0.2667, 0.0000, -2.8979, 0.0003, 3.1475, 0.7855]  x
  joint_velocities       = [0.0002, -0.0877, -0.0002, -0.6097, -0.0185, 1.3194, 0.0005]  x
  cube_rotation          = [-0.0041, 0.0320, -0.0033]  x
  cube_linear_velocity   = [-0.0596, 0.0014, 0.0273]  x
  obstacle_positions     = {}                     x
[step=  28 01:10:42.567][ASM] [ADAPT] retry_grasp → retry_grasp  (type=adaptive)
[step=  28 01:10:42.567][Analyzer] ASM node=retry_grasp  goal_status=VIOLATED  → adaptation=RETRY_GRASP
[step=  28 01:10:42.567][Planner] situacao=RETRY_GRASP  strategy=RETRY_GRASP
[step=  28 01:10:42.686][Manager] Adaptacao iniciada: RETRY_GRASP
[step=  29 01:10:43.710][Manager] ep=1 subtask= reward=-0.4001
[step=  29 01:10:43.710][Manager][MOCK] finger_contacts forçado para 1 (grasp_attempts=2)
[step=  29 01:10:43.710][Perception]
  RAW PERCEPTION                                  MONITORED PARAMS
  ----------------------------------------------  --------------------------------------
  fingers_width         = 0.0735 m                gripper_width_cm      = 7 cm
  dist_ee_to_cube       = 0.0293 m                distance_ee_object_cm = 2 cm
  dist_cube_to_target   = 0.4001 m  (3D)          distance_obj_goal_cm  = 40 cm  (XY)
  cube_position (z)     = 0.0118 m                object_lift_height_cm = 0 cm
  cube_position (xy)    = [-0.250, 0.000]         grasp_completed       = 0
  target_position (xy)  = [0.150, 0.000]          finger_contacts       = 1
  x                                               grasp_attempts        = 2
  episode                = 1                      x
  step                   = 29                     x
  ee_position            = [-0.2787, -0.0000, 0.0176]  x
  ee_velocity            = [0.0033, -0.0000, 0.0068]  x
  reward                 = -0.4001                x
  is_success             = False                  x
  obstacle_in_path       = False                  x
  obstacle_count_in_path = 0                      x
  obstacles              = {}                     x
  objects                = {'object_1': {'type': 'box', 'size': [0.045, 0.03, 0.02], 'mass': 10.0, 'color': [0.1, 0.2, 0.9, 1.0], 'initial_position': [-0.25, 0.0, 0.02], 'lateral_friction': 0.5, 'spinning_friction': 0.001, 'current_position': [-0.25, 0.0, 0.011764591277502493]}}  x
  scripts                = {'script_1': True, 'reach_only': True, 'left_right': True}  x
  target_goal            = {'type': 'goal_sequence', 'targets': [{'name': 'target', 'position': [0.15000000596046448, 0.0, 0.019999999552965164]}], 'mode': 'goal_sequence'}  x
  scene                  = {'table': {'length': 1.1, 'width': 0.7, 'height': 0.4, 'x_offset': -0.3, 'lateral_friction': 3.0, 'spinning_friction': 0.001}}  x
  robot_config           = {'control_type': 'ee', 'block_gripper': False, 'base_position': [-0.6, 0.0, 0.05]}  x
  current_task           = RETRY_GRASP            x
  active_target_name     = target                 x
  action                 = [0.0000, 0.0000, 0.0000, 1.0000]  x
  joint_angles           = [-0.0000, 0.2663, 0.0000, -2.9049, 0.0001, 3.1688, 0.7853]  x
  joint_velocities       = [0.0002, -0.0033, -0.0006, -0.0544, -0.0013, 0.1639, -0.0012]  x
  cube_rotation          = [0.0000, -0.0000, 0.0000]  x
  cube_linear_velocity   = [0.0000, 0.0000, -0.3920]  x
  obstacle_positions     = {}                     x
[step=  29 01:10:43.712][Analyzer] ASM node=retry_grasp  goal_status=not_applicable
[step=  30 01:10:44.857][Manager] ep=1 subtask= reward=-0.4001
[step=  30 01:10:44.857][Manager][MOCK] finger_contacts forçado para 1 (grasp_attempts=2)
[step=  30 01:10:44.857][Perception]
  RAW PERCEPTION                                  MONITORED PARAMS
  ----------------------------------------------  --------------------------------------
  fingers_width         = 0.0792 m                gripper_width_cm      = 7 cm
  dist_ee_to_cube       = 0.0394 m                distance_ee_object_cm = 3 cm
  dist_cube_to_target   = 0.4001 m  (3D)          distance_obj_goal_cm  = 40 cm  (XY)
  cube_position (z)     = 0.0098 m                object_lift_height_cm = 0 cm
  cube_position (xy)    = [-0.250, -0.000]        grasp_completed       = 0
  target_position (xy)  = [0.150, 0.000]          finger_contacts       = 1
  x                                               grasp_attempts        = 2
  episode                = 1                      x
  step                   = 30                     x
  ee_position            = [-0.2839, -0.0000, 0.0300]  x
  ee_velocity            = [0.7092, 0.0000, 0.8951]  x
  reward                 = -0.4001                x
  is_success             = False                  x
  obstacle_in_path       = False                  x
  obstacle_count_in_path = 0                      x
  obstacles              = {}                     x
  objects                = {'object_1': {'type': 'box', 'size': [0.045, 0.03, 0.02], 'mass': 10.0, 'color': [0.1, 0.2, 0.9, 1.0], 'initial_position': [-0.25, 0.0, 0.02], 'lateral_friction': 0.5, 'spinning_friction': 0.001, 'current_position': [-0.25, -7.977003619437263e-20, 0.009793123452511954]}}  x
  scripts                = {'script_1': True, 'reach_only': True, 'left_right': True}  x
  target_goal            = {'type': 'goal_sequence', 'targets': [{'name': 'target', 'position': [0.15000000596046448, 0.0, 0.019999999552965164]}], 'mode': 'goal_sequence'}  x
  scene                  = {'table': {'length': 1.1, 'width': 0.7, 'height': 0.4, 'x_offset': -0.3, 'lateral_friction': 3.0, 'spinning_friction': 0.001}}  x
  robot_config           = {'control_type': 'ee', 'block_gripper': False, 'base_position': [-0.6, 0.0, 0.05]}  x
  current_task           = RETRY_GRASP            x
  active_target_name     = target                 x
  action                 = [0.2019, 0.0001, 0.9794, 1.0000]  x
  joint_angles           = [0.0000, 0.1902, -0.0000, -2.9102, 0.0001, 3.0562, 0.7853]  x
  joint_velocities       = [0.0001, -3.0744, -0.0001, -0.0571, -0.0002, -0.8660, -0.0001]  x
  cube_rotation          = [0.0000, 0.0000, 0.0000]  x
  cube_linear_velocity   = [-0.0000, -0.0000, 0.0086]  x
  obstacle_positions     = {}                     x
[step=  30 01:10:44.860][Analyzer] ASM node=retry_grasp  goal_status=not_applicable
[step=  31 01:10:46.003][Manager] ep=1 subtask= reward=-0.4001
[step=  31 01:10:46.004][Manager][MOCK] finger_contacts forçado para 1 (grasp_attempts=2)
[step=  31 01:10:46.004][Perception]
  RAW PERCEPTION                                  MONITORED PARAMS
  ----------------------------------------------  --------------------------------------
  fingers_width         = 0.0799 m                gripper_width_cm      = 7 cm
  dist_ee_to_cube       = 0.0555 m                distance_ee_object_cm = 5 cm
  dist_cube_to_target   = 0.4001 m  (3D)          distance_obj_goal_cm  = 40 cm  (XY)
  cube_position (z)     = 0.0100 m                object_lift_height_cm = 0 cm
  cube_position (xy)    = [-0.250, -0.000]        grasp_completed       = 0
  target_position (xy)  = [0.150, 0.000]          finger_contacts       = 1
  x                                               grasp_attempts        = 2
  episode                = 1                      x
  step                   = 31                     x
  ee_position            = [-0.2695, -0.0000, 0.0620]  x
  ee_velocity            = [0.0715, -0.0000, 0.2233]  x
  reward                 = -0.4001                x
  is_success             = False                  x
  obstacle_in_path       = False                  x
  obstacle_count_in_path = 0                      x
  obstacles              = {}                     x
  objects                = {'object_1': {'type': 'box', 'size': [0.045, 0.03, 0.02], 'mass': 10.0, 'color': [0.1, 0.2, 0.9, 1.0], 'initial_position': [-0.25, 0.0, 0.02], 'lateral_friction': 0.5, 'spinning_friction': 0.001, 'current_position': [-0.250000000045518, -8.743666458874738e-11, 0.009952850707023916]}}  x
  scripts                = {'script_1': True, 'reach_only': True, 'left_right': True}  x
  target_goal            = {'type': 'goal_sequence', 'targets': [{'name': 'target', 'position': [0.15000000596046448, 0.0, 0.019999999552965164]}], 'mode': 'goal_sequence'}  x
  scene                  = {'table': {'length': 1.1, 'width': 0.7, 'height': 0.4, 'x_offset': -0.3, 'lateral_friction': 3.0, 'spinning_friction': 0.001}}  x
  robot_config           = {'control_type': 'ee', 'block_gripper': False, 'base_position': [-0.6, 0.0, 0.05]}  x
  current_task           = RETRY_GRASP            x
  active_target_name     = target                 x
  action                 = [0.2618, 0.0001, 0.9651, 1.0000]  x
  joint_angles           = [0.0000, 0.0719, -0.0000, -2.9226, 0.0001, 2.9935, 0.7853]  x
  joint_velocities       = [0.0000, -0.8790, -0.0001, -0.1109, -0.0000, -0.4818, -0.0002]  x
  cube_rotation          = [0.0000, -0.0000, 0.0000]  x
  cube_linear_velocity   = [-0.0000, -0.0000, 0.0016]  x
  obstacle_positions     = {}                     x
[step=  31 01:10:46.006][Analyzer] ASM node=retry_grasp  goal_status=not_applicable
[step=  32 01:10:47.139][Manager] ep=1 subtask= reward=-0.4001
[step=  32 01:10:47.140][Manager][MOCK] finger_contacts forçado para 1 (grasp_attempts=2)
[step=  32 01:10:47.140][Perception]
  RAW PERCEPTION                                  MONITORED PARAMS
  ----------------------------------------------  --------------------------------------
  fingers_width         = 0.0800 m                gripper_width_cm      = 7 cm
  dist_ee_to_cube       = 0.0759 m                distance_ee_object_cm = 7 cm
  dist_cube_to_target   = 0.4001 m  (3D)          distance_obj_goal_cm  = 40 cm  (XY)
  cube_position (z)     = 0.0100 m                object_lift_height_cm = 0 cm
  cube_position (xy)    = [-0.250, -0.000]        grasp_completed       = 0
  target_position (xy)  = [0.150, 0.000]          finger_contacts       = 1
  x                                               grasp_attempts        = 2
  episode                = 1                      x
  step                   = 32                     x
  ee_position            = [-0.2631, -0.0000, 0.0847]  x
  ee_velocity            = [0.3646, -0.0001, 0.6219]  x
  reward                 = -0.4001                x
  is_success             = False                  x
  obstacle_in_path       = False                  x
  obstacle_count_in_path = 0                      x
  obstacles              = {}                     x
  objects                = {'object_1': {'type': 'box', 'size': [0.045, 0.03, 0.02], 'mass': 10.0, 'color': [0.1, 0.2, 0.9, 1.0], 'initial_position': [-0.25, 0.0, 0.02], 'lateral_friction': 0.5, 'spinning_friction': 0.001, 'current_position': [-0.25000016294334343, -1.316684325626369e-07, 0.009983327510310887]}}  x
  scripts                = {'script_1': True, 'reach_only': True, 'left_right': True}  x
  target_goal            = {'type': 'goal_sequence', 'targets': [{'name': 'target', 'position': [0.15000000596046448, 0.0, 0.019999999552965164]}], 'mode': 'goal_sequence'}  x
  scene                  = {'table': {'length': 1.1, 'width': 0.7, 'height': 0.4, 'x_offset': -0.3, 'lateral_friction': 3.0, 'spinning_friction': 0.001}}  x
  robot_config           = {'control_type': 'ee', 'block_gripper': False, 'base_position': [-0.6, 0.0, 0.05]}  x
  current_task           = RETRY_GRASP            x
  active_target_name     = target                 x
  action                 = [0.2048, 0.0001, 0.9788, 1.0000]  x
  joint_angles           = [0.0000, -0.0175, -0.0000, -2.9053, -0.0000, 2.8709, 0.7854]  x
  joint_velocities       = [-0.0000, -1.9757, -0.0001, 0.1354, 0.0019, -0.9432, 0.0003]  x
  cube_rotation          = [0.0000, -0.0000, 0.0000]  x
  cube_linear_velocity   = [-0.0000, -0.0000, 0.0003]  x
  obstacle_positions     = {}                     x
[step=  32 01:10:47.142][Analyzer] ASM node=retry_grasp  goal_status=not_applicable
[step=  33 01:10:48.298][Manager] ep=1 subtask= reward=-0.4001
[step=  33 01:10:48.299][Manager][MOCK] finger_contacts forçado para 1 (grasp_attempts=2)
[step=  33 01:10:48.299][Perception]
  RAW PERCEPTION                                  MONITORED PARAMS
  ----------------------------------------------  --------------------------------------
  fingers_width         = 0.0800 m                gripper_width_cm      = 7 cm
  dist_ee_to_cube       = 0.1053 m                distance_ee_object_cm = 10 cm
  dist_cube_to_target   = 0.4001 m  (3D)          distance_obj_goal_cm  = 40 cm  (XY)
  cube_position (z)     = 0.0100 m                object_lift_height_cm = 0 cm
  cube_position (xy)    = [-0.250, 0.000]         grasp_completed       = 0
  target_position (xy)  = [0.150, 0.000]          finger_contacts       = 1
  x                                               grasp_attempts        = 2
  episode                = 1                      x
  step                   = 33                     x
  ee_position            = [-0.2526, -0.0000, 0.1153]  x
  ee_velocity            = [0.1338, 0.0001, 0.3468]  x
  reward                 = -0.4001                x
  is_success             = False                  x
  obstacle_in_path       = False                  x
  obstacle_count_in_path = 0                      x
  obstacles              = {}                     x
  objects                = {'object_1': {'type': 'box', 'size': [0.045, 0.03, 0.02], 'mass': 10.0, 'color': [0.1, 0.2, 0.9, 1.0], 'initial_position': [-0.25, 0.0, 0.02], 'lateral_friction': 0.5, 'spinning_friction': 0.001, 'current_position': [-0.2500003987377793, 2.033037479488757e-08, 0.009989259579070351]}}  x
  scripts                = {'script_1': True, 'reach_only': True, 'left_right': True}  x
  target_goal            = {'type': 'goal_sequence', 'targets': [{'name': 'target', 'position': [0.15000000596046448, 0.0, 0.019999999552965164]}], 'mode': 'goal_sequence'}  x
  scene                  = {'table': {'length': 1.1, 'width': 0.7, 'height': 0.4, 'x_offset': -0.3, 'lateral_friction': 3.0, 'spinning_friction': 0.001}}  x
  robot_config           = {'control_type': 'ee', 'block_gripper': False, 'base_position': [-0.6, 0.0, 0.05]}  x
  current_task           = RETRY_GRASP            x
  active_target_name     = target                 x
  action                 = [0.1832, 0.0001, 0.9831, 1.0000]  x
  joint_angles           = [0.0000, -0.1178, -0.0000, -2.8891, -0.0000, 2.7664, 0.7854]  x
  joint_velocities       = [0.0000, -1.0902, 0.0002, 0.1246, 0.0003, -0.8024, -0.0001]  x
  cube_rotation          = [0.0000, -0.0000, 0.0000]  x
  cube_linear_velocity   = [0.0000, 0.0000, 0.0000]  x
  obstacle_positions     = {}                     x
[step=  33 01:10:48.301][Analyzer] ASM node=retry_grasp  goal_status=not_applicable
[step=  34 01:10:49.471][Manager] ep=1 subtask= reward=-0.4001
[step=  34 01:10:49.471][Manager][MOCK] finger_contacts forçado para 1 (grasp_attempts=2)
[step=  34 01:10:49.472][Perception]
  RAW PERCEPTION                                  MONITORED PARAMS
  ----------------------------------------------  --------------------------------------
  fingers_width         = 0.0800 m                gripper_width_cm      = 7 cm
  dist_ee_to_cube       = 0.1333 m                distance_ee_object_cm = 13 cm
  dist_cube_to_target   = 0.4001 m  (3D)          distance_obj_goal_cm  = 40 cm  (XY)
  cube_position (z)     = 0.0100 m                object_lift_height_cm = 0 cm
  cube_position (xy)    = [-0.250, 0.000]         grasp_completed       = 0
  target_position (xy)  = [0.150, 0.000]          finger_contacts       = 1
  x                                               grasp_attempts        = 2
  episode                = 1                      x
  step                   = 34                     x
  ee_position            = [-0.2482, -0.0000, 0.1433]  x
  ee_velocity            = [0.2169, 0.0001, 0.5812]  x
  reward                 = -0.4001                x
  is_success             = False                  x
  obstacle_in_path       = False                  x
  obstacle_count_in_path = 0                      x
  obstacles              = {}                     x
  objects                = {'object_1': {'type': 'box', 'size': [0.045, 0.03, 0.02], 'mass': 10.0, 'color': [0.1, 0.2, 0.9, 1.0], 'initial_position': [-0.25, 0.0, 0.02], 'lateral_friction': 0.5, 'spinning_friction': 0.001, 'current_position': [-0.25000046781418267, 6.745475618412639e-07, 0.009990041452605864]}}  x
  scripts                = {'script_1': True, 'reach_only': True, 'left_right': True}  x
  target_goal            = {'type': 'goal_sequence', 'targets': [{'name': 'target', 'position': [0.15000000596046448, 0.0, 0.019999999552965164]}], 'mode': 'goal_sequence'}  x
  scene                  = {'table': {'length': 1.1, 'width': 0.7, 'height': 0.4, 'x_offset': -0.3, 'lateral_friction': 3.0, 'spinning_friction': 0.001}}  x
  robot_config           = {'control_type': 'ee', 'block_gripper': False, 'base_position': [-0.6, 0.0, 0.05]}  x
  current_task           = RETRY_GRASP            x
  active_target_name     = target                 x
  action                 = [0.0658, 0.0001, 0.9978, 1.0000]  x
  joint_angles           = [0.0000, -0.2082, -0.0000, -2.8665, -0.0001, 2.6457, 0.7854]  x
  joint_velocities       = [-0.0001, -1.7051, 0.0002, 0.1787, 0.0034, -0.9275, -0.0003]  x
  cube_rotation          = [0.0000, -0.0000, 0.0000]  x
  cube_linear_velocity   = [-0.0000, 0.0000, 0.0000]  x
  obstacle_positions     = {}                     x
[step=  34 01:10:49.474][Analyzer] ASM node=retry_grasp  goal_status=not_applicable
[step=  35 01:10:50.618][Manager] ep=1 subtask= reward=-0.4001
[step=  35 01:10:50.618][Manager][MOCK] finger_contacts forçado para 1 (grasp_attempts=2)
[step=  35 01:10:50.618][Perception]
  RAW PERCEPTION                                  MONITORED PARAMS
  ----------------------------------------------  --------------------------------------
  fingers_width         = 0.0800 m                gripper_width_cm      = 7 cm
  dist_ee_to_cube       = 0.1641 m                distance_ee_object_cm = 16 cm
  dist_cube_to_target   = 0.4001 m  (3D)          distance_obj_goal_cm  = 40 cm  (XY)
  cube_position (z)     = 0.0100 m                object_lift_height_cm = 0 cm
  cube_position (xy)    = [-0.250, 0.000]         grasp_completed       = 0
  target_position (xy)  = [0.150, 0.000]          finger_contacts       = 1
  x                                               grasp_attempts        = 2
  episode                = 1                      x
  step                   = 35                     x
  ee_position            = [-0.2500, 0.0000, 0.1741]  x
  ee_velocity            = [0.0864, 0.0001, 0.4921]  x
  reward                 = -0.4001                x
  is_success             = False                  x
  obstacle_in_path       = False                  x
  obstacle_count_in_path = 0                      x
  obstacles              = {}                     x
  objects                = {'object_1': {'type': 'box', 'size': [0.045, 0.03, 0.02], 'mass': 10.0, 'color': [0.1, 0.2, 0.9, 1.0], 'initial_position': [-0.25, 0.0, 0.02], 'lateral_friction': 0.5, 'spinning_friction': 0.001, 'current_position': [-0.2500006522419604, 9.747244444015738e-07, 0.00999004304227132]}}  x
  scripts                = {'script_1': True, 'reach_only': True, 'left_right': True}  x
  target_goal            = {'type': 'goal_sequence', 'targets': [{'name': 'target', 'position': [0.15000000596046448, 0.0, 0.019999999552965164]}], 'mode': 'goal_sequence'}  x
  scene                  = {'table': {'length': 1.1, 'width': 0.7, 'height': 0.4, 'x_offset': -0.3, 'lateral_friction': 3.0, 'spinning_friction': 0.001}}  x
  robot_config           = {'control_type': 'ee', 'block_gripper': False, 'base_position': [-0.6, 0.0, 0.05]}  x
  current_task           = RETRY_GRASP            x
  active_target_name     = target                 x
  action                 = [-0.1519, 0.0003, 0.9884, 1.0000]  x
  joint_angles           = [0.0000, -0.3174, -0.0000, -2.8622, -0.0000, 2.5370, 0.7854]  x
  joint_velocities       = [0.0003, -1.5824, 0.0000, 0.0278, 0.0003, -0.8360, 0.0002]  x
  cube_rotation          = [0.0000, -0.0000, 0.0000]  x
  cube_linear_velocity   = [-0.0000, 0.0000, -0.0000]  x
  obstacle_positions     = {}                     x
[step=  35 01:10:50.621][Analyzer] ASM node=retry_grasp  goal_status=not_applicable
[step=  36 01:10:51.738][Manager] ep=1 subtask= reward=-0.4001
[step=  36 01:10:51.739][Manager][MOCK] finger_contacts forçado para 1 (grasp_attempts=2)
[step=  36 01:10:51.739][Perception]
  RAW PERCEPTION                                  MONITORED PARAMS
  ----------------------------------------------  --------------------------------------
  fingers_width         = 0.0800 m                gripper_width_cm      = 7 cm
  dist_ee_to_cube       = 0.1580 m                distance_ee_object_cm = 15 cm
  dist_cube_to_target   = 0.4001 m  (3D)          distance_obj_goal_cm  = 40 cm  (XY)
  cube_position (z)     = 0.0100 m                object_lift_height_cm = 0 cm
  cube_position (xy)    = [-0.250, 0.000]         grasp_completed       = 0
  target_position (xy)  = [0.150, 0.000]          finger_contacts       = 1
  x                                               grasp_attempts        = 2
  episode                = 1                      x
  step                   = 36                     x
  ee_position            = [-0.2412, 0.0000, 0.1677]  x
  ee_velocity            = [-0.3914, -0.0002, -1.0189]  x
  reward                 = -0.4001                x
  is_success             = False                  x
  obstacle_in_path       = False                  x
  obstacle_count_in_path = 0                      x
  obstacles              = {}                     x
  objects                = {'object_1': {'type': 'box', 'size': [0.045, 0.03, 0.02], 'mass': 10.0, 'color': [0.1, 0.2, 0.9, 1.0], 'initial_position': [-0.25, 0.0, 0.02], 'lateral_friction': 0.5, 'spinning_friction': 0.001, 'current_position': [-0.2500008376143283, 1.2745512045479355e-06, 0.009990043042139555]}}  x
  scripts                = {'script_1': True, 'reach_only': True, 'left_right': True}  x
  target_goal            = {'type': 'goal_sequence', 'targets': [{'name': 'target', 'position': [0.15000000596046448, 0.0, 0.019999999552965164]}], 'mode': 'goal_sequence'}  x
  scene                  = {'table': {'length': 1.1, 'width': 0.7, 'height': 0.4, 'x_offset': -0.3, 'lateral_friction': 3.0, 'spinning_friction': 0.001}}  x
  robot_config           = {'control_type': 'ee', 'block_gripper': False, 'base_position': [-0.6, 0.0, 0.05]}  x
  current_task           = RETRY_GRASP            x
  active_target_name     = target                 x
  action                 = [0.0001, -0.0001, -1.0000, 1.0000]  x
  joint_angles           = [0.0000, -0.2888, -0.0000, -2.8947, 0.0002, 2.6729, 0.7854]  x
  joint_velocities       = [0.0002, 2.8647, -0.0002, -0.2659, -0.0102, 1.0447, 0.0000]  x
  cube_rotation          = [0.0000, -0.0000, 0.0000]  x
  cube_linear_velocity   = [-0.0000, 0.0000, -0.0000]  x
  obstacle_positions     = {}                     x
[step=  36 01:10:51.742][Analyzer] ASM node=retry_grasp  goal_status=not_applicable
[step=  37 01:10:52.872][Manager] ep=1 subtask= reward=-0.4001
[step=  37 01:10:52.873][Manager][MOCK] finger_contacts forçado para 1 (grasp_attempts=2)
[step=  37 01:10:52.873][Perception]
  RAW PERCEPTION                                  MONITORED PARAMS
  ----------------------------------------------  --------------------------------------
  fingers_width         = 0.0800 m                gripper_width_cm      = 7 cm
  dist_ee_to_cube       = 0.1167 m                distance_ee_object_cm = 11 cm
  dist_cube_to_target   = 0.4001 m  (3D)          distance_obj_goal_cm  = 40 cm  (XY)
  cube_position (z)     = 0.0100 m                object_lift_height_cm = 0 cm
  cube_position (xy)    = [-0.250, 0.000]         grasp_completed       = 0
  target_position (xy)  = [0.150, 0.000]          finger_contacts       = 1
  x                                               grasp_attempts        = 2
  episode                = 1                      x
  step                   = 37                     x
  ee_position            = [-0.2522, 0.0000, 0.1267]  x
  ee_velocity            = [-0.2864, -0.0000, -0.6324]  x
  reward                 = -0.4001                x
  is_success             = False                  x
  obstacle_in_path       = False                  x
  obstacle_count_in_path = 0                      x
  obstacles              = {}                     x
  objects                = {'object_1': {'type': 'box', 'size': [0.045, 0.03, 0.02], 'mass': 10.0, 'color': [0.1, 0.2, 0.9, 1.0], 'initial_position': [-0.25, 0.0, 0.02], 'lateral_friction': 0.5, 'spinning_friction': 0.001, 'current_position': [-0.2500010229898824, 1.5743751719555041e-06, 0.009990043042007448]}}  x
  scripts                = {'script_1': True, 'reach_only': True, 'left_right': True}  x
  target_goal            = {'type': 'goal_sequence', 'targets': [{'name': 'target', 'position': [0.15000000596046448, 0.0, 0.019999999552965164]}], 'mode': 'goal_sequence'}  x
  scene                  = {'table': {'length': 1.1, 'width': 0.7, 'height': 0.4, 'x_offset': -0.3, 'lateral_friction': 3.0, 'spinning_friction': 0.001}}  x
  robot_config           = {'control_type': 'ee', 'block_gripper': False, 'base_position': [-0.6, 0.0, 0.05]}  x
  current_task           = RETRY_GRASP            x
  active_target_name     = target                 x
  action                 = [-0.0665, -0.0001, -0.9978, 1.0000]  x
  joint_angles           = [0.0000, -0.1534, 0.0000, -2.8856, 0.0000, 2.7201, 0.7854]  x
  joint_velocities       = [-0.0005, 1.9875, 0.0005, 0.0880, -0.0011, 0.3630, 0.0001]  x
  cube_rotation          = [0.0000, -0.0000, 0.0000]  x
  cube_linear_velocity   = [-0.0000, 0.0000, -0.0000]  x
  obstacle_positions     = {}                     x
[step=  37 01:10:52.876][Analyzer] ASM node=retry_grasp  goal_status=not_applicable
[step=  38 01:10:54.031][Manager] ep=1 subtask= reward=-0.4001
[step=  38 01:10:54.031][Manager][MOCK] finger_contacts forçado para 1 (grasp_attempts=2)
[step=  38 01:10:54.032][Perception]
  RAW PERCEPTION                                  MONITORED PARAMS
  ----------------------------------------------  --------------------------------------
  fingers_width         = 0.0800 m                gripper_width_cm      = 7 cm
  dist_ee_to_cube       = 0.0840 m                distance_ee_object_cm = 8 cm
  dist_cube_to_target   = 0.4001 m  (3D)          distance_obj_goal_cm  = 40 cm  (XY)
  cube_position (z)     = 0.0100 m                object_lift_height_cm = 0 cm
  cube_position (xy)    = [-0.250, 0.000]         grasp_completed       = 0
  target_position (xy)  = [0.150, 0.000]          finger_contacts       = 1
  x                                               grasp_attempts        = 2
  episode                = 1                      x
  step                   = 38                     x
  ee_position            = [-0.2559, 0.0000, 0.0938]  x
  ee_velocity            = [-0.2778, 0.0001, -0.5851]  x
  reward                 = -0.4001                x
  is_success             = False                  x
  obstacle_in_path       = False                  x
  obstacle_count_in_path = 0                      x
  obstacles              = {}                     x
  objects                = {'object_1': {'type': 'box', 'size': [0.045, 0.03, 0.02], 'mass': 10.0, 'color': [0.1, 0.2, 0.9, 1.0], 'initial_position': [-0.25, 0.0, 0.02], 'lateral_friction': 0.5, 'spinning_friction': 0.001, 'current_position': [-0.25000120836862255, 1.8741963463781878e-06, 0.009990043041875344]}}  x
  scripts                = {'script_1': True, 'reach_only': True, 'left_right': True}  x
  target_goal            = {'type': 'goal_sequence', 'targets': [{'name': 'target', 'position': [0.15000000596046448, 0.0, 0.019999999552965164]}], 'mode': 'goal_sequence'}  x
  scene                  = {'table': {'length': 1.1, 'width': 0.7, 'height': 0.4, 'x_offset': -0.3, 'lateral_friction': 3.0, 'spinning_friction': 0.001}}  x
  robot_config           = {'control_type': 'ee', 'block_gripper': False, 'base_position': [-0.6, 0.0, 0.05]}  x
  current_task           = RETRY_GRASP            x
  active_target_name     = target                 x
  action                 = [0.0238, -0.0001, -0.9997, 1.0000]  x
  joint_angles           = [-0.0000, -0.0333, 0.0000, -2.8933, 0.0000, 2.8488, 0.7854]  x
  joint_velocities       = [-0.0000, 1.9026, 0.0004, -0.0580, -0.0001, 0.9899, -0.0002]  x
  cube_rotation          = [0.0000, -0.0000, 0.0000]  x
  cube_linear_velocity   = [-0.0000, 0.0000, -0.0000]  x
  obstacle_positions     = {}                     x
[step=  38 01:10:54.033][Analyzer] ASM node=retry_grasp  goal_status=not_applicable
[step=  39 01:10:55.166][Manager] ep=1 subtask= reward=-0.4001
[step=  39 01:10:55.166][Manager][MOCK] finger_contacts forçado para 1 (grasp_attempts=2)
[step=  39 01:10:55.166][Perception]
  RAW PERCEPTION                                  MONITORED PARAMS
  ----------------------------------------------  --------------------------------------
  fingers_width         = 0.0800 m                gripper_width_cm      = 7 cm
  dist_ee_to_cube       = 0.0518 m                distance_ee_object_cm = 5 cm
  dist_cube_to_target   = 0.4001 m  (3D)          distance_obj_goal_cm  = 40 cm  (XY)
  cube_position (z)     = 0.0100 m                object_lift_height_cm = 0 cm
  cube_position (xy)    = [-0.250, 0.000]         grasp_completed       = 0
  target_position (xy)  = [0.150, 0.000]          finger_contacts       = 1
  x                                               grasp_attempts        = 2
  episode                = 1                      x
  step                   = 39                     x
  ee_position            = [-0.2564, -0.0000, 0.0614]  x
  ee_velocity            = [-0.3357, 0.0000, -0.6822]  x
  reward                 = -0.4001                x
  is_success             = False                  x
  obstacle_in_path       = False                  x
  obstacle_count_in_path = 0                      x
  obstacles              = {}                     x
  objects                = {'object_1': {'type': 'box', 'size': [0.045, 0.03, 0.02], 'mass': 10.0, 'color': [0.1, 0.2, 0.9, 1.0], 'initial_position': [-0.25, 0.0, 0.02], 'lateral_friction': 0.5, 'spinning_friction': 0.001, 'current_position': [-0.2500013202426628, 2.1282989496129337e-06, 0.009989990556513381]}}  x
  scripts                = {'script_1': True, 'reach_only': True, 'left_right': True}  x
  target_goal            = {'type': 'goal_sequence', 'targets': [{'name': 'target', 'position': [0.15000000596046448, 0.0, 0.019999999552965164]}], 'mode': 'goal_sequence'}  x
  scene                  = {'table': {'length': 1.1, 'width': 0.7, 'height': 0.4, 'x_offset': -0.3, 'lateral_friction': 3.0, 'spinning_friction': 0.001}}  x
  robot_config           = {'control_type': 'ee', 'block_gripper': False, 'base_position': [-0.6, 0.0, 0.05]}  x
  current_task           = RETRY_GRASP            x
  active_target_name     = target                 x
  action                 = [0.1003, -0.0000, -0.9950, 1.0000]  x
  joint_angles           = [-0.0000, 0.1028, 0.0000, -2.8770, -0.0000, 2.9664, 0.7854]  x
  joint_velocities       = [-0.0000, 2.3348, 0.0001, 0.1855, -0.0001, 0.9038, -0.0000]  x
  cube_rotation          = [0.0000, -0.0000, 0.0000]  x
  cube_linear_velocity   = [0.0000, 0.0000, 0.0000]  x
  obstacle_positions     = {}                     x
[step=  39 01:10:55.168][Analyzer] ASM node=retry_grasp  goal_status=not_applicable
[step=  40 01:10:56.325][Manager] ep=1 subtask= reward=-0.4001
[step=  40 01:10:56.325][Manager][MOCK] finger_contacts forçado para 1 (grasp_attempts=2)
[step=  40 01:10:56.325][Perception]
  RAW PERCEPTION                                  MONITORED PARAMS
  ----------------------------------------------  --------------------------------------
  fingers_width         = 0.0800 m                gripper_width_cm      = 7 cm
  dist_ee_to_cube       = 0.0176 m                distance_ee_object_cm = 1 cm
  dist_cube_to_target   = 0.4001 m  (3D)          distance_obj_goal_cm  = 40 cm  (XY)
  cube_position (z)     = 0.0100 m                object_lift_height_cm = 0 cm
  cube_position (xy)    = [-0.250, 0.000]         grasp_completed       = 0
  target_position (xy)  = [0.150, 0.000]          finger_contacts       = 1
  x                                               grasp_attempts        = 2
  episode                = 1                      x
  step                   = 40                     x
  ee_position            = [-0.2527, -0.0000, 0.0274]  x
  ee_velocity            = [-0.2727, 0.0000, -0.6811]  x
  reward                 = -0.4001                x
  is_success             = False                  x
  obstacle_in_path       = False                  x
  obstacle_count_in_path = 0                      x
  obstacles              = {}                     x
  objects                = {'object_1': {'type': 'box', 'size': [0.045, 0.03, 0.02], 'mass': 10.0, 'color': [0.1, 0.2, 0.9, 1.0], 'initial_position': [-0.25, 0.0, 0.02], 'lateral_friction': 0.5, 'spinning_friction': 0.001, 'current_position': [-0.25000131683748644, 2.1282990987971613e-06, 0.009989998218069396]}}  x
  scripts                = {'script_1': True, 'reach_only': True, 'left_right': True}  x
  target_goal            = {'type': 'goal_sequence', 'targets': [{'name': 'target', 'position': [0.15000000596046448, 0.0, 0.019999999552965164]}], 'mode': 'goal_sequence'}  x
  scene                  = {'table': {'length': 1.1, 'width': 0.7, 'height': 0.4, 'x_offset': -0.3, 'lateral_friction': 3.0, 'spinning_friction': 0.001}}  x
  robot_config           = {'control_type': 'ee', 'block_gripper': False, 'base_position': [-0.6, 0.0, 0.05]}  x
  current_task           = RETRY_GRASP            x
  active_target_name     = target                 x
  action                 = [0.2353, 0.0001, -0.9719, 1.0000]  x
  joint_angles           = [0.0000, 0.2524, -0.0000, -2.8328, -0.0000, 3.0663, 0.7854]  x
  joint_velocities       = [0.0001, 2.4298, -0.0000, 0.5192, -0.0000, 0.7683, 0.0000]  x
  cube_rotation          = [0.0000, -0.0000, 0.0000]  x
  cube_linear_velocity   = [0.0000, 0.0000, 0.0000]  x
  obstacle_positions     = {}                     x
[step=  40 01:10:56.328][Analyzer] ASM node=retry_grasp  goal_status=not_applicable
[step=  41 01:10:57.485][Manager] ep=1 subtask= reward=-0.4001
[step=  41 01:10:57.485][Manager][MOCK] finger_contacts forçado para 1 (grasp_attempts=2)
[step=  41 01:10:57.485][Perception]
  RAW PERCEPTION                                  MONITORED PARAMS
  ----------------------------------------------  --------------------------------------
  fingers_width         = 0.0800 m                gripper_width_cm      = 7 cm
  dist_ee_to_cube       = 0.0273 m                distance_ee_object_cm = 2 cm
  dist_cube_to_target   = 0.4001 m  (3D)          distance_obj_goal_cm  = 40 cm  (XY)
  cube_position (z)     = 0.0100 m                object_lift_height_cm = 0 cm
  cube_position (xy)    = [-0.250, 0.000]         grasp_completed       = 0
  target_position (xy)  = [0.150, 0.000]          finger_contacts       = 1
  x                                               grasp_attempts        = 2
  episode                = 1                      x
  step                   = 41                     x
  ee_position            = [-0.2772, 0.0000, 0.0124]  x
  ee_velocity            = [0.0509, 0.0002, 0.1536]  x
  reward                 = -0.4001                x
  is_success             = False                  x
  obstacle_in_path       = False                  x
  obstacle_count_in_path = 0                      x
  obstacles              = {}                     x
  objects                = {'object_1': {'type': 'box', 'size': [0.045, 0.03, 0.02], 'mass': 10.0, 'color': [0.1, 0.2, 0.9, 1.0], 'initial_position': [-0.25, 0.0, 0.02], 'lateral_friction': 0.5, 'spinning_friction': 0.001, 'current_position': [-0.2500013161987913, 2.1282966102028854e-06, 0.00998999966188162]}}  x
  scripts                = {'script_1': True, 'reach_only': True, 'left_right': True}  x
  target_goal            = {'type': 'goal_sequence', 'targets': [{'name': 'target', 'position': [0.15000000596046448, 0.0, 0.019999999552965164]}], 'mode': 'goal_sequence'}  x
  scene                  = {'table': {'length': 1.1, 'width': 0.7, 'height': 0.4, 'x_offset': -0.3, 'lateral_friction': 3.0, 'spinning_friction': 0.001}}  x
  robot_config           = {'control_type': 'ee', 'block_gripper': False, 'base_position': [-0.6, 0.0, 0.05]}  x
  current_task           = RETRY_GRASP            x
  active_target_name     = target                 x
  action                 = [0.3305, 0.0003, 0.9438, 1.0000]  x
  joint_angles           = [0.0000, 0.2750, 0.0000, -2.8232, -0.0000, 2.9629, 0.7854]  x
  joint_velocities       = [0.0002, -0.5882, 0.0003, 0.0648, 0.0000, -0.7951, 0.0002]  x
  cube_rotation          = [0.0000, -0.0000, 0.0000]  x
  cube_linear_velocity   = [0.0000, 0.0000, 0.0000]  x
  obstacle_positions     = {}                     x
[step=  41 01:10:57.488][Analyzer] ASM node=retry_grasp  goal_status=not_applicable
[step=  42 01:10:58.606][Manager] ep=1 subtask= reward=-0.4020
[step=  42 01:10:58.606][Manager][MOCK] finger_contacts forçado para 1 (grasp_attempts=3)
[step=  42 01:10:58.606][Perception]
  RAW PERCEPTION                                  MONITORED PARAMS
  ----------------------------------------------  --------------------------------------
  fingers_width         = 0.0286 m                gripper_width_cm      = 2 cm
  dist_ee_to_cube       = 0.0223 m                distance_ee_object_cm = 2 cm
  dist_cube_to_target   = 0.4020 m  (3D)          distance_obj_goal_cm  = 40 cm  (XY)
  cube_position (z)     = 0.0105 m                object_lift_height_cm = 0 cm
  cube_position (xy)    = [-0.252, -0.000]        grasp_completed       = 1
  target_position (xy)  = [0.150, 0.000]          finger_contacts       = 1
  x                                               grasp_attempts        = 3
  episode                = 1                      x
  step                   = 42                     x
  ee_position            = [-0.2727, -0.0000, 0.0187]  x
  ee_velocity            = [-0.0724, 0.0020, 0.0344]  x
  reward                 = -0.4020                x
  is_success             = False                  x
  obstacle_in_path       = False                  x
  obstacle_count_in_path = 0                      x
  obstacles              = {}                     x
  objects                = {'object_1': {'type': 'box', 'size': [0.045, 0.03, 0.02], 'mass': 10.0, 'color': [0.1, 0.2, 0.9, 1.0], 'initial_position': [-0.25, 0.0, 0.02], 'lateral_friction': 0.5, 'spinning_friction': 0.001, 'current_position': [-0.2519230489369985, -6.059898803377141e-05, 0.010537817588522524]}}  x
  scripts                = {'script_1': True, 'reach_only': True, 'left_right': True}  x
  target_goal            = {'type': 'goal_sequence', 'targets': [{'name': 'target', 'position': [0.15000000596046448, 0.0, 0.019999999552965164]}], 'mode': 'goal_sequence'}  x
  scene                  = {'table': {'length': 1.1, 'width': 0.7, 'height': 0.4, 'x_offset': -0.3, 'lateral_friction': 3.0, 'spinning_friction': 0.001}}  x
  robot_config           = {'control_type': 'ee', 'block_gripper': False, 'base_position': [-0.6, 0.0, 0.05]}  x
  current_task           = RETRY_GRASP            x
  active_target_name     = target                 x
  action                 = [0.0000, 0.0000, 0.0000, -1.0000]  x
  joint_angles           = [0.0000, 0.2639, 0.0000, -2.8829, 0.0004, 3.1306, 0.7854]  x
  joint_velocities       = [-0.0001, -0.0884, 0.0012, -0.6275, -0.0189, 1.2882, 0.0009]  x
  cube_rotation          = [0.0042, 0.0217, 0.0019]  x
  cube_linear_velocity   = [-0.0774, -0.0011, 0.0214]  x
  obstacle_positions     = {}                     x
[step=  42 01:10:58.609][ASM] [ADAPT] retry_grasp → safe_abort  (type=adaptive)
[step=  42 01:10:58.609][Analyzer] ASM node=safe_abort  goal_status=VIOLATED  → adaptation=SAFE_ABORT
[step=  42 01:10:58.609][Planner] situacao=SAFE_ABORT  strategy=SAFE_ABORT
[step=  42 01:10:58.760][Manager] Adaptacao iniciada: SAFE_ABORT
[step=  43 01:10:59.778][Manager] ep=1 subtask= reward=-0.4001
[step=  43 01:10:59.779][Manager][MOCK] finger_contacts forçado para 1 (grasp_attempts=3)
[step=  43 01:10:59.779][Perception]
  RAW PERCEPTION                                  MONITORED PARAMS
  ----------------------------------------------  --------------------------------------
  fingers_width         = 0.0738 m                gripper_width_cm      = 7 cm
  dist_ee_to_cube       = 0.0413 m                distance_ee_object_cm = 4 cm
  dist_cube_to_target   = 0.4001 m  (3D)          distance_obj_goal_cm  = 40 cm  (XY)
  cube_position (z)     = 0.0118 m                object_lift_height_cm = 0 cm
  cube_position (xy)    = [-0.250, 0.000]         grasp_completed       = 0
  target_position (xy)  = [0.150, 0.000]          finger_contacts       = 1
  x                                               grasp_attempts        = 3
  episode                = 1                      x
  step                   = 43                     x
  ee_position            = [-0.2864, -0.0000, 0.0312]  x
  ee_velocity            = [0.6183, -0.0000, 0.8788]  x
  reward                 = -0.4001                x
  is_success             = False                  x
  obstacle_in_path       = False                  x
  obstacle_count_in_path = 0                      x
  obstacles              = {}                     x
  objects                = {'object_1': {'type': 'box', 'size': [0.045, 0.03, 0.02], 'mass': 10.0, 'color': [0.1, 0.2, 0.9, 1.0], 'initial_position': [-0.25, 0.0, 0.02], 'lateral_friction': 0.5, 'spinning_friction': 0.001, 'current_position': [-0.25, 0.0, 0.011764591277502493]}}  x
  scripts                = {'script_1': True, 'reach_only': True, 'left_right': True}  x
  target_goal            = {'type': 'goal_sequence', 'targets': [{'name': 'target', 'position': [0.15000000596046448, 0.0, 0.019999999552965164]}], 'mode': 'goal_sequence'}  x
  scene                  = {'table': {'length': 1.1, 'width': 0.7, 'height': 0.4, 'x_offset': -0.3, 'lateral_friction': 3.0, 'spinning_friction': 0.001}}  x
  robot_config           = {'control_type': 'ee', 'block_gripper': False, 'base_position': [-0.6, 0.0, 0.05]}  x
  current_task           = ABORT                  x
  active_target_name     = target                 x
  action                 = [0.0000, 0.0000, 1.0000, 1.0000]  x
  joint_angles           = [0.0001, 0.1807, -0.0000, -2.9163, 0.0002, 3.0472, 0.7852]  x
  joint_velocities       = [0.0002, -3.1339, -0.0006, -0.3139, -0.0013, -0.6416, -0.0015]  x
  cube_rotation          = [0.0000, -0.0000, 0.0000]  x
  cube_linear_velocity   = [0.0000, 0.0000, -0.3920]  x
  obstacle_positions     = {}                     x
[step=  43 01:10:59.781][Analyzer] ASM node=safe_abort  goal_status=not_applicable
[step=  44 01:11:00.913][Manager] ep=1 subtask= reward=-0.4001
[step=  44 01:11:00.913][Manager][MOCK] finger_contacts forçado para 1 (grasp_attempts=3)
[step=  44 01:11:00.913][Perception]
  RAW PERCEPTION                                  MONITORED PARAMS
  ----------------------------------------------  --------------------------------------
  fingers_width         = 0.0792 m                gripper_width_cm      = 7 cm
  dist_ee_to_cube       = 0.0622 m                distance_ee_object_cm = 6 cm
  dist_cube_to_target   = 0.4001 m  (3D)          distance_obj_goal_cm  = 40 cm  (XY)
  cube_position (z)     = 0.0098 m                object_lift_height_cm = 0 cm
  cube_position (xy)    = [-0.250, -0.000]        grasp_completed       = 0
  target_position (xy)  = [0.150, 0.000]          finger_contacts       = 1
  x                                               grasp_attempts        = 3
  episode                = 1                      x
  step                   = 44                     x
  ee_position            = [-0.2811, -0.0000, 0.0637]  x
  ee_velocity            = [0.0025, 0.0000, 0.2712]  x
  reward                 = -0.4001                x
  is_success             = False                  x
  obstacle_in_path       = False                  x
  obstacle_count_in_path = 0                      x
  obstacles              = {}                     x
  objects                = {'object_1': {'type': 'box', 'size': [0.045, 0.03, 0.02], 'mass': 10.0, 'color': [0.1, 0.2, 0.9, 1.0], 'initial_position': [-0.25, 0.0, 0.02], 'lateral_friction': 0.5, 'spinning_friction': 0.001, 'current_position': [-0.25, -4.7362427321484073e-20, 0.009793123452511954]}}  x
  scripts                = {'script_1': True, 'reach_only': True, 'left_right': True}  x
  target_goal            = {'type': 'goal_sequence', 'targets': [{'name': 'target', 'position': [0.15000000596046448, 0.0, 0.019999999552965164]}], 'mode': 'goal_sequence'}  x
  scene                  = {'table': {'length': 1.1, 'width': 0.7, 'height': 0.4, 'x_offset': -0.3, 'lateral_friction': 3.0, 'spinning_friction': 0.001}}  x
  robot_config           = {'control_type': 'ee', 'block_gripper': False, 'base_position': [-0.6, 0.0, 0.05]}  x
  current_task           = ABORT                  x
  active_target_name     = target                 x
  action                 = [0.0000, 0.0000, 1.0000, 1.0000]  x
  joint_angles           = [0.0001, 0.0435, -0.0001, -2.9600, 0.0001, 3.0045, 0.7852]  x
  joint_velocities       = [0.0000, -1.2628, -0.0001, -0.4606, -0.0004, -0.3283, -0.0000]  x
  cube_rotation          = [0.0000, 0.0000, 0.0000]  x
  cube_linear_velocity   = [0.0000, -0.0000, 0.0086]  x
  obstacle_positions     = {}                     x
[step=  44 01:11:00.916][Analyzer] ASM node=safe_abort  goal_status=not_applicable
[step=  45 01:11:02.060][Manager] ep=1 subtask= reward=-0.4001
[step=  45 01:11:02.061][Manager][MOCK] finger_contacts forçado para 1 (grasp_attempts=3)
[step=  45 01:11:02.061][Perception]
  RAW PERCEPTION                                  MONITORED PARAMS
  ----------------------------------------------  --------------------------------------
  fingers_width         = 0.0799 m                gripper_width_cm      = 7 cm
  dist_ee_to_cube       = 0.0824 m                distance_ee_object_cm = 8 cm
  dist_cube_to_target   = 0.4001 m  (3D)          distance_obj_goal_cm  = 40 cm  (XY)
  cube_position (z)     = 0.0100 m                object_lift_height_cm = 0 cm
  cube_position (xy)    = [-0.250, -0.000]        grasp_completed       = 0
  target_position (xy)  = [0.150, 0.000]          finger_contacts       = 1
  x                                               grasp_attempts        = 3
  episode                = 1                      x
  step                   = 45                     x
  ee_position            = [-0.2812, -0.0000, 0.0862]  x
  ee_velocity            = [0.2646, -0.0000, 0.5302]  x
  reward                 = -0.4001                x
  is_success             = False                  x
  obstacle_in_path       = False                  x
  obstacle_count_in_path = 0                      x
  obstacles              = {}                     x
  objects                = {'object_1': {'type': 'box', 'size': [0.045, 0.03, 0.02], 'mass': 10.0, 'color': [0.1, 0.2, 0.9, 1.0], 'initial_position': [-0.25, 0.0, 0.02], 'lateral_friction': 0.5, 'spinning_friction': 0.001, 'current_position': [-0.25000019416848024, -1.4137683135672489e-07, 0.00995323939299572]}}  x
  scripts                = {'script_1': True, 'reach_only': True, 'left_right': True}  x
  target_goal            = {'type': 'goal_sequence', 'targets': [{'name': 'target', 'position': [0.15000000596046448, 0.0, 0.019999999552965164]}], 'mode': 'goal_sequence'}  x
  scene                  = {'table': {'length': 1.1, 'width': 0.7, 'height': 0.4, 'x_offset': -0.3, 'lateral_friction': 3.0, 'spinning_friction': 0.001}}  x
  robot_config           = {'control_type': 'ee', 'block_gripper': False, 'base_position': [-0.6, 0.0, 0.05]}  x
  current_task           = ABORT                  x
  active_target_name     = target                 x
  action                 = [0.0000, 0.0000, 1.0000, 1.0000]  x
  joint_angles           = [0.0000, -0.0633, -0.0001, -2.9644, 0.0000, 2.8887, 0.7853]  x
  joint_velocities       = [-0.0003, -1.9305, 0.0001, -0.0375, -0.0008, -0.8905, 0.0006]  x
  cube_rotation          = [0.0000, -0.0000, 0.0000]  x
  cube_linear_velocity   = [-0.0000, -0.0000, 0.0016]  x
  obstacle_positions     = {}                     x
[step=  45 01:11:02.064][Analyzer] ASM node=safe_abort  goal_status=not_applicable
[step=  46 01:11:03.206][Manager] ep=1 subtask= reward=-0.4001
[step=  46 01:11:03.206][Manager][MOCK] finger_contacts forçado para 1 (grasp_attempts=3)
[step=  46 01:11:03.206][Perception]
  RAW PERCEPTION                                  MONITORED PARAMS
  ----------------------------------------------  --------------------------------------
  fingers_width         = 0.0800 m                gripper_width_cm      = 7 cm
  dist_ee_to_cube       = 0.1068 m                distance_ee_object_cm = 10 cm
  dist_cube_to_target   = 0.4001 m  (3D)          distance_obj_goal_cm  = 40 cm  (XY)
  cube_position (z)     = 0.0100 m                object_lift_height_cm = 0 cm
  cube_position (xy)    = [-0.250, -0.000]        grasp_completed       = 0
  target_position (xy)  = [0.150, 0.000]          finger_contacts       = 1
  x                                               grasp_attempts        = 3
  episode                = 1                      x
  step                   = 46                     x
  ee_position            = [-0.2775, -0.0000, 0.1132]  x
  ee_velocity            = [0.1060, -0.0000, 0.3417]  x
  reward                 = -0.4001                x
  is_success             = False                  x
  obstacle_in_path       = False                  x
  obstacle_count_in_path = 0                      x
  obstacles              = {}                     x
  objects                = {'object_1': {'type': 'box', 'size': [0.045, 0.03, 0.02], 'mass': 10.0, 'color': [0.1, 0.2, 0.9, 1.0], 'initial_position': [-0.25, 0.0, 0.02], 'lateral_friction': 0.5, 'spinning_friction': 0.001, 'current_position': [-0.2500004439555029, -2.6052218995276545e-08, 0.009983625301944198]}}  x
  scripts                = {'script_1': True, 'reach_only': True, 'left_right': True}  x
  target_goal            = {'type': 'goal_sequence', 'targets': [{'name': 'target', 'position': [0.15000000596046448, 0.0, 0.019999999552965164]}], 'mode': 'goal_sequence'}  x
  scene                  = {'table': {'length': 1.1, 'width': 0.7, 'height': 0.4, 'x_offset': -0.3, 'lateral_friction': 3.0, 'spinning_friction': 0.001}}  x
  robot_config           = {'control_type': 'ee', 'block_gripper': False, 'base_position': [-0.6, 0.0, 0.05]}  x
  current_task           = ABORT                  x
  active_target_name     = target                 x
  action                 = [0.0000, 0.0000, 1.0000, 1.0000]  x
  joint_angles           = [0.0000, -0.1746, -0.0000, -2.9647, -0.0000, 2.7837, 0.7854]  x
  joint_velocities       = [-0.0002, -1.2825, 0.0002, -0.0069, -0.0005, -0.8075, 0.0004]  x
  cube_rotation          = [0.0000, -0.0000, 0.0000]  x
  cube_linear_velocity   = [-0.0000, 0.0000, 0.0003]  x
  obstacle_positions     = {}                     x
[step=  46 01:11:03.208][Analyzer] ASM node=safe_abort  goal_status=not_applicable
[step=  47 01:11:04.379][Manager] ep=1 subtask= reward=-0.4001
[step=  47 01:11:04.379][Manager][MOCK] finger_contacts forçado para 1 (grasp_attempts=3)
[step=  47 01:11:04.379][Perception]
  RAW PERCEPTION                                  MONITORED PARAMS
  ----------------------------------------------  --------------------------------------
  fingers_width         = 0.0800 m                gripper_width_cm      = 7 cm
  dist_ee_to_cube       = 0.1318 m                distance_ee_object_cm = 13 cm
  dist_cube_to_target   = 0.4001 m  (3D)          distance_obj_goal_cm  = 40 cm  (XY)
  cube_position (z)     = 0.0100 m                object_lift_height_cm = 0 cm
  cube_position (xy)    = [-0.250, 0.000]         grasp_completed       = 0
  target_position (xy)  = [0.150, 0.000]          finger_contacts       = 1
  x                                               grasp_attempts        = 3
  episode                = 1                      x
  step                   = 47                     x
  ee_position            = [-0.2739, -0.0000, 0.1396]  x
  ee_velocity            = [0.1676, 0.0001, 0.4626]  x
  reward                 = -0.4001                x
  is_success             = False                  x
  obstacle_in_path       = False                  x
  obstacle_count_in_path = 0                      x
  obstacles              = {}                     x
  objects                = {'object_1': {'type': 'box', 'size': [0.045, 0.03, 0.02], 'mass': 10.0, 'color': [0.1, 0.2, 0.9, 1.0], 'initial_position': [-0.25, 0.0, 0.02], 'lateral_friction': 0.5, 'spinning_friction': 0.001, 'current_position': [-0.25000059651254164, 3.5695647919315795e-07, 0.009989283421089117]}}  x
  scripts                = {'script_1': True, 'reach_only': True, 'left_right': True}  x
  target_goal            = {'type': 'goal_sequence', 'targets': [{'name': 'target', 'position': [0.15000000596046448, 0.0, 0.019999999552965164]}], 'mode': 'goal_sequence'}  x
  scene                  = {'table': {'length': 1.1, 'width': 0.7, 'height': 0.4, 'x_offset': -0.3, 'lateral_friction': 3.0, 'spinning_friction': 0.001}}  x
  robot_config           = {'control_type': 'ee', 'block_gripper': False, 'base_position': [-0.6, 0.0, 0.05]}  x
  current_task           = ABORT                  x
  active_target_name     = target                 x
  action                 = [0.0000, 0.0000, 1.0000, 1.0000]  x
  joint_angles           = [-0.0000, -0.2719, -0.0000, -2.9480, -0.0001, 2.6655, 0.7854]  x
  joint_velocities       = [0.0000, -1.5264, 0.0002, 0.1282, 0.0024, -0.9086, -0.0002]  x
  cube_rotation          = [0.0000, -0.0000, 0.0000]  x
  cube_linear_velocity   = [0.0000, 0.0000, 0.0000]  x
  obstacle_positions     = {}                     x
[step=  47 01:11:04.382][Analyzer] ASM node=safe_abort  goal_status=not_applicable
[step=  48 01:11:05.513][Manager] ep=1 subtask= reward=-0.4001
[step=  48 01:11:05.513][Manager][MOCK] finger_contacts forçado para 1 (grasp_attempts=3)
[step=  48 01:11:05.513][Perception]
  RAW PERCEPTION                                  MONITORED PARAMS
  ----------------------------------------------  --------------------------------------
  fingers_width         = 0.0800 m                gripper_width_cm      = 7 cm
  dist_ee_to_cube       = 0.1608 m                distance_ee_object_cm = 16 cm
  dist_cube_to_target   = 0.4001 m  (3D)          distance_obj_goal_cm  = 40 cm  (XY)
  cube_position (z)     = 0.0100 m                object_lift_height_cm = 0 cm
  cube_position (xy)    = [-0.250, 0.000]         grasp_completed       = 0
  target_position (xy)  = [0.150, 0.000]          finger_contacts       = 1
  x                                               grasp_attempts        = 3
  episode                = 1                      x
  step                   = 48                     x
  ee_position            = [-0.2689, -0.0000, 0.1697]  x
  ee_velocity            = [0.1171, 0.0001, 0.4148]  x
  reward                 = -0.4001                x
  is_success             = False                  x
  obstacle_in_path       = False                  x
  obstacle_count_in_path = 0                      x
  obstacles              = {}                     x
  objects                = {'object_1': {'type': 'box', 'size': [0.045, 0.03, 0.02], 'mass': 10.0, 'color': [0.1, 0.2, 0.9, 1.0], 'initial_position': [-0.25, 0.0, 0.02], 'lateral_friction': 0.5, 'spinning_friction': 0.001, 'current_position': [-0.25000067007766547, 1.0020714645400025e-06, 0.009990041677226317]}}  x
  scripts                = {'script_1': True, 'reach_only': True, 'left_right': True}  x
  target_goal            = {'type': 'goal_sequence', 'targets': [{'name': 'target', 'position': [0.15000000596046448, 0.0, 0.019999999552965164]}], 'mode': 'goal_sequence'}  x
  scene                  = {'table': {'length': 1.1, 'width': 0.7, 'height': 0.4, 'x_offset': -0.3, 'lateral_friction': 3.0, 'spinning_friction': 0.001}}  x
  robot_config           = {'control_type': 'ee', 'block_gripper': False, 'base_position': [-0.6, 0.0, 0.05]}  x
  current_task           = ABORT                  x
  active_target_name     = target                 x
  action                 = [0.0000, 0.0000, 1.0000, 1.0000]  x
  joint_angles           = [-0.0000, -0.3664, -0.0001, -2.9224, -0.0001, 2.5489, 0.7854]  x
  joint_velocities       = [-0.0001, -1.2492, 0.0001, 0.2138, 0.0031, -0.8959, -0.0004]  x
  cube_rotation          = [0.0000, -0.0000, 0.0000]  x
  cube_linear_velocity   = [-0.0000, 0.0000, 0.0000]  x
  obstacle_positions     = {}                     x
[step=  48 01:11:05.516][Analyzer] ASM node=safe_abort  goal_status=not_applicable
[step=  49 01:11:06.647][Manager] ep=1 subtask= reward=-0.4001
[step=  49 01:11:06.647][Manager][MOCK] finger_contacts forçado para 1 (grasp_attempts=3)
[step=  49 01:11:06.647][Perception]
  RAW PERCEPTION                                  MONITORED PARAMS
  ----------------------------------------------  --------------------------------------
  fingers_width         = 0.0800 m                gripper_width_cm      = 7 cm
  dist_ee_to_cube       = 0.1916 m                distance_ee_object_cm = 19 cm
  dist_cube_to_target   = 0.4001 m  (3D)          distance_obj_goal_cm  = 40 cm  (XY)
  cube_position (z)     = 0.0100 m                object_lift_height_cm = 0 cm
  cube_position (xy)    = [-0.250, 0.000]         grasp_completed       = 0
  target_position (xy)  = [0.150, 0.000]          finger_contacts       = 1
  x                                               grasp_attempts        = 3
  episode                = 1                      x
  step                   = 49                     x
  ee_position            = [-0.2649, -0.0000, 0.2010]  x
  ee_velocity            = [0.1262, 0.0003, 0.4534]  x
  reward                 = -0.4001                x
  is_success             = False                  x
  obstacle_in_path       = False                  x
  obstacle_count_in_path = 0                      x
  obstacles              = {}                     x
  objects                = {'object_1': {'type': 'box', 'size': [0.045, 0.03, 0.02], 'mass': 10.0, 'color': [0.1, 0.2, 0.9, 1.0], 'initial_position': [-0.25, 0.0, 0.02], 'lateral_friction': 0.5, 'spinning_friction': 0.001, 'current_position': [-0.25000085464060073, 1.3022011925907954e-06, 0.009990043042127271]}}  x
  scripts                = {'script_1': True, 'reach_only': True, 'left_right': True}  x
  target_goal            = {'type': 'goal_sequence', 'targets': [{'name': 'target', 'position': [0.15000000596046448, 0.0, 0.019999999552965164]}], 'mode': 'goal_sequence'}  x
  scene                  = {'table': {'length': 1.1, 'width': 0.7, 'height': 0.4, 'x_offset': -0.3, 'lateral_friction': 3.0, 'spinning_friction': 0.001}}  x
  robot_config           = {'control_type': 'ee', 'block_gripper': False, 'base_position': [-0.6, 0.0, 0.05]}  x
  current_task           = ABORT                  x
  active_target_name     = target                 x
  action                 = [0.0000, 0.0000, 1.0000, 1.0000]  x
  joint_angles           = [0.0000, -0.4478, -0.0001, -2.8840, -0.0001, 2.4268, 0.7854]  x
  joint_velocities       = [-0.0002, -1.1268, 0.0000, 0.3933, 0.0045, -0.9385, -0.0004]  x
  cube_rotation          = [0.0000, -0.0000, 0.0000]  x
  cube_linear_velocity   = [-0.0000, 0.0000, -0.0000]  x
  obstacle_positions     = {}                     x
[step=  49 01:11:06.650][Analyzer] ASM node=safe_abort  goal_status=not_applicable
[step=  50 01:11:07.806][Manager] ep=1 subtask= reward=-0.4001
[step=  50 01:11:07.806][Manager][MOCK] finger_contacts forçado para 1 (grasp_attempts=3)
[step=  50 01:11:07.806][Perception]
  RAW PERCEPTION                                  MONITORED PARAMS
  ----------------------------------------------  --------------------------------------
  fingers_width         = 0.0800 m                gripper_width_cm      = 7 cm
  dist_ee_to_cube       = 0.2249 m                distance_ee_object_cm = 22 cm
  dist_cube_to_target   = 0.4001 m  (3D)          distance_obj_goal_cm  = 40 cm  (XY)
  cube_position (z)     = 0.0100 m                object_lift_height_cm = 0 cm
  cube_position (xy)    = [-0.250, 0.000]         grasp_completed       = 0
  target_position (xy)  = [0.150, 0.000]          finger_contacts       = 1
  x                                               grasp_attempts        = 3
  episode                = 1                      x
  step                   = 50                     x
  ee_position            = [-0.2616, -0.0000, 0.2346]  x
  ee_velocity            = [0.1121, 0.0003, 0.4568]  x
  reward                 = -0.4001                x
  is_success             = False                  x
  obstacle_in_path       = False                  x
  obstacle_count_in_path = 0                      x
  obstacles              = {}                     x
  objects                = {'object_1': {'type': 'box', 'size': [0.045, 0.03, 0.02], 'mass': 10.0, 'color': [0.1, 0.2, 0.9, 1.0], 'initial_position': [-0.25, 0.0, 0.02], 'lateral_friction': 0.5, 'spinning_friction': 0.001, 'current_position': [-0.25000104001644463, 1.6020249059895622e-06, 0.009990043041995448]}}  x
  scripts                = {'script_1': True, 'reach_only': True, 'left_right': True}  x
  target_goal            = {'type': 'goal_sequence', 'targets': [{'name': 'target', 'position': [0.15000000596046448, 0.0, 0.019999999552965164]}], 'mode': 'goal_sequence'}  x
  scene                  = {'table': {'length': 1.1, 'width': 0.7, 'height': 0.4, 'x_offset': -0.3, 'lateral_friction': 3.0, 'spinning_friction': 0.001}}  x
  robot_config           = {'control_type': 'ee', 'block_gripper': False, 'base_position': [-0.6, 0.0, 0.05]}  x
  current_task           = ABORT                  x
  active_target_name     = target                 x
  action                 = [0.0000, 0.0000, 1.0000, 1.0000]  x
  joint_angles           = [0.0000, -0.5207, -0.0001, -2.8371, -0.0001, 2.3076, 0.7854]  x
  joint_velocities       = [-0.0001, -0.9264, -0.0001, 0.5235, 0.0046, -0.9155, -0.0004]  x
  cube_rotation          = [0.0000, -0.0000, 0.0000]  x
  cube_linear_velocity   = [-0.0000, 0.0000, -0.0000]  x
  obstacle_positions     = {}                     x
[step=  50 01:11:07.808][Analyzer] ASM node=safe_abort  goal_status=not_applicable
[step=  51 01:11:08.940][Manager] ep=1 subtask= reward=-0.4001
[step=  51 01:11:08.940][Manager][MOCK] finger_contacts forçado para 1 (grasp_attempts=3)
[step=  51 01:11:08.941][Perception]
  RAW PERCEPTION                                  MONITORED PARAMS
  ----------------------------------------------  --------------------------------------
  fingers_width         = 0.0800 m                gripper_width_cm      = 7 cm
  dist_ee_to_cube       = 0.2594 m                distance_ee_object_cm = 25 cm
  dist_cube_to_target   = 0.4001 m  (3D)          distance_obj_goal_cm  = 40 cm  (XY)
  cube_position (z)     = 0.0100 m                object_lift_height_cm = 0 cm
  cube_position (xy)    = [-0.250, 0.000]         grasp_completed       = 0
  target_position (xy)  = [0.150, 0.000]          finger_contacts       = 1
  x                                               grasp_attempts        = 3
  episode                = 1                      x
  step                   = 51                     x
  ee_position            = [-0.2599, -0.0000, 0.2692]  x
  ee_velocity            = [0.1191, 0.0005, 0.5001]  x
  reward                 = -0.4001                x
  is_success             = False                  x
  obstacle_in_path       = False                  x
  obstacle_count_in_path = 0                      x
  obstacles              = {}                     x
  objects                = {'object_1': {'type': 'box', 'size': [0.045, 0.03, 0.02], 'mass': 10.0, 'color': [0.1, 0.2, 0.9, 1.0], 'initial_position': [-0.25, 0.0, 0.02], 'lateral_friction': 0.5, 'spinning_friction': 0.001, 'current_position': [-0.25000122539547465, 1.9018458263245906e-06, 0.009990043041863333]}}  x
  scripts                = {'script_1': True, 'reach_only': True, 'left_right': True}  x
  target_goal            = {'type': 'goal_sequence', 'targets': [{'name': 'target', 'position': [0.15000000596046448, 0.0, 0.019999999552965164]}], 'mode': 'goal_sequence'}  x
  scene                  = {'table': {'length': 1.1, 'width': 0.7, 'height': 0.4, 'x_offset': -0.3, 'lateral_friction': 3.0, 'spinning_friction': 0.001}}  x
  robot_config           = {'control_type': 'ee', 'block_gripper': False, 'base_position': [-0.6, 0.0, 0.05]}  x
  current_task           = ABORT                  x
  active_target_name     = target                 x
  action                 = [0.0000, 0.0000, 1.0000, 1.0000]  x
  joint_angles           = [0.0000, -0.5815, -0.0001, -2.7815, -0.0002, 2.1903, 0.7854]  x
  joint_velocities       = [-0.0001, -0.7788, -0.0002, 0.7027, 0.0046, -0.9013, -0.0004]  x
  cube_rotation          = [0.0000, -0.0000, 0.0000]  x
  cube_linear_velocity   = [-0.0000, 0.0000, -0.0000]  x
  obstacle_positions     = {}                     x
[step=  51 01:11:08.943][Analyzer] ASM node=safe_abort  goal_status=not_applicable
[step=  52 01:11:10.126][Manager] ep=1 subtask= reward=-0.4001
[step=  52 01:11:10.127][Manager][MOCK] finger_contacts forçado para 1 (grasp_attempts=3)
[step=  52 01:11:10.127][Perception]
  RAW PERCEPTION                                  MONITORED PARAMS
  ----------------------------------------------  --------------------------------------
  fingers_width         = 0.0800 m                gripper_width_cm      = 7 cm
  dist_ee_to_cube       = 0.2951 m                distance_ee_object_cm = 29 cm
  dist_cube_to_target   = 0.4001 m  (3D)          distance_obj_goal_cm  = 40 cm  (XY)
  cube_position (z)     = 0.0100 m                object_lift_height_cm = 0 cm
  cube_position (xy)    = [-0.250, 0.000]         grasp_completed       = 0
  target_position (xy)  = [0.150, 0.000]          finger_contacts       = 1
  x                                               grasp_attempts        = 3
  episode                = 1                      x
  step                   = 52                     x
  ee_position            = [-0.2595, -0.0001, 0.3049]  x
  ee_velocity            = [0.1076, 0.0004, 0.5178]  x
  reward                 = -0.4001                x
  is_success             = False                  x
  obstacle_in_path       = False                  x
  obstacle_count_in_path = 0                      x
  obstacles              = {}                     x
  objects                = {'object_1': {'type': 'box', 'size': [0.045, 0.03, 0.02], 'mass': 10.0, 'color': [0.1, 0.2, 0.9, 1.0], 'initial_position': [-0.25, 0.0, 0.02], 'lateral_friction': 0.5, 'spinning_friction': 0.001, 'current_position': [-0.25000141077769106, 2.2016639533429556e-06, 0.009990043041731225]}}  x
  scripts                = {'script_1': True, 'reach_only': True, 'left_right': True}  x
  target_goal            = {'type': 'goal_sequence', 'targets': [{'name': 'target', 'position': [0.15000000596046448, 0.0, 0.019999999552965164]}], 'mode': 'goal_sequence'}  x
  scene                  = {'table': {'length': 1.1, 'width': 0.7, 'height': 0.4, 'x_offset': -0.3, 'lateral_friction': 3.0, 'spinning_friction': 0.001}}  x
  robot_config           = {'control_type': 'ee', 'block_gripper': False, 'base_position': [-0.6, 0.0, 0.05]}  x
  current_task           = ABORT                  x
  active_target_name     = target                 x
  action                 = [0.0000, 0.0000, 1.0000, 1.0000]  x
  joint_angles           = [0.0000, -0.6310, -0.0001, -2.7186, -0.0002, 2.0779, 0.7853]  x
  joint_velocities       = [-0.0001, -0.6179, -0.0002, 0.8287, 0.0039, -0.8640, -0.0003]  x
  cube_rotation          = [0.0000, -0.0000, 0.0000]  x
  cube_linear_velocity   = [-0.0000, 0.0000, -0.0000]  x
  obstacle_positions     = {}                     x
[step=  52 01:11:10.129][Analyzer] ASM node=safe_abort  goal_status=not_applicable
[step=  53 01:11:11.246][Manager] ep=1 subtask= reward=-0.4001
[step=  53 01:11:11.247][Manager][MOCK] finger_contacts forçado para 1 (grasp_attempts=3)
[step=  53 01:11:11.247][Perception]
  RAW PERCEPTION                                  MONITORED PARAMS
  ----------------------------------------------  --------------------------------------
  fingers_width         = 0.0800 m                gripper_width_cm      = 7 cm
  dist_ee_to_cube       = 0.2743 m                distance_ee_object_cm = 27 cm
  dist_cube_to_target   = 0.4001 m  (3D)          distance_obj_goal_cm  = 40 cm  (XY)
  cube_position (z)     = 0.0100 m                object_lift_height_cm = 0 cm
  cube_position (xy)    = [-0.250, 0.000]         grasp_completed       = 0
  target_position (xy)  = [0.150, 0.000]          finger_contacts       = 1
  x                                               grasp_attempts        = 3
  episode                = 1                      x
  step                   = 53                     x
  ee_position            = [-0.2530, -0.0000, 0.2843]  x
  ee_velocity            = [-0.4684, -0.0009, -1.2636]  x
  reward                 = -0.4001                x
  is_success             = False                  x
  obstacle_in_path       = False                  x
  obstacle_count_in_path = 0                      x
  obstacles              = {}                     x
  objects                = {'object_1': {'type': 'box', 'size': [0.045, 0.03, 0.02], 'mass': 10.0, 'color': [0.1, 0.2, 0.9, 1.0], 'initial_position': [-0.25, 0.0, 0.02], 'lateral_friction': 0.5, 'spinning_friction': 0.001, 'current_position': [-0.2500015961630941, 2.501479286766054e-06, 0.009990043041599093]}}  x
  scripts                = {'script_1': True, 'reach_only': True, 'left_right': True}  x
  target_goal            = {'type': 'goal_sequence', 'targets': [{'name': 'target', 'position': [0.15000000596046448, 0.0, 0.019999999552965164]}], 'mode': 'goal_sequence'}  x
  scene                  = {'table': {'length': 1.1, 'width': 0.7, 'height': 0.4, 'x_offset': -0.3, 'lateral_friction': 3.0, 'spinning_friction': 0.001}}  x
  robot_config           = {'control_type': 'ee', 'block_gripper': False, 'base_position': [-0.6, 0.0, 0.05]}  x
  current_task           = ABORT                  x
  active_target_name     = target                 x
  action                 = [0.0000, 0.0000, -1.0000, 1.0000]  x
  joint_angles           = [0.0000, -0.6102, -0.0002, -2.7820, 0.0000, 2.2107, 0.7853]  x
  joint_velocities       = [0.0002, 1.6993, -0.0003, -1.6788, -0.0088, 1.0214, 0.0000]  x
  cube_rotation          = [0.0000, -0.0000, 0.0000]  x
  cube_linear_velocity   = [-0.0000, 0.0000, -0.0000]  x
  obstacle_positions     = {}                     x
[step=  53 01:11:11.250][Analyzer] ASM node=safe_abort  goal_status=not_applicable
[step=  54 01:11:12.381][Manager] ep=1 subtask= reward=-0.4001
[step=  54 01:11:12.381][Manager][MOCK] finger_contacts forçado para 1 (grasp_attempts=3)
[step=  54 01:11:12.382][Perception]
  RAW PERCEPTION                                  MONITORED PARAMS
  ----------------------------------------------  --------------------------------------
  fingers_width         = 0.0800 m                gripper_width_cm      = 7 cm
  dist_ee_to_cube       = 0.2394 m                distance_ee_object_cm = 23 cm
  dist_cube_to_target   = 0.4001 m  (3D)          distance_obj_goal_cm  = 40 cm  (XY)
  cube_position (z)     = 0.0100 m                object_lift_height_cm = 0 cm
  cube_position (xy)    = [-0.250, 0.000]         grasp_completed       = 0
  target_position (xy)  = [0.150, 0.000]          finger_contacts       = 1
  x                                               grasp_attempts        = 3
  episode                = 1                      x
  step                   = 54                     x
  ee_position            = [-0.2488, -0.0000, 0.2494]  x
  ee_velocity            = [0.8637, -0.0000, -0.1296]  x
  reward                 = -0.4001                x
  is_success             = False                  x
  obstacle_in_path       = False                  x
  obstacle_count_in_path = 0                      x
  obstacles              = {}                     x
  objects                = {'object_1': {'type': 'box', 'size': [0.045, 0.03, 0.02], 'mass': 10.0, 'color': [0.1, 0.2, 0.9, 1.0], 'initial_position': [-0.25, 0.0, 0.02], 'lateral_friction': 0.5, 'spinning_friction': 0.001, 'current_position': [-0.25000178155168373, 2.8012918262509195e-06, 0.009990043041466952]}}  x
  scripts                = {'script_1': True, 'reach_only': True, 'left_right': True}  x
  target_goal            = {'type': 'goal_sequence', 'targets': [{'name': 'target', 'position': [0.15000000596046448, 0.0, 0.019999999552965164]}], 'mode': 'goal_sequence'}  x
  scene                  = {'table': {'length': 1.1, 'width': 0.7, 'height': 0.4, 'x_offset': -0.3, 'lateral_friction': 3.0, 'spinning_friction': 0.001}}  x
  robot_config           = {'control_type': 'ee', 'block_gripper': False, 'base_position': [-0.6, 0.0, 0.05]}  x
  current_task           = ABORT                  x
  active_target_name     = target                 x
  action                 = [0.9981, 0.0001, 0.0620, 1.0000]  x
  joint_angles           = [0.0000, -0.4489, -0.0001, -2.7236, -0.0000, 2.1895, 0.7854]  x
  joint_velocities       = [-0.0001, 3.9157, 0.0007, 3.0355, -0.0005, -0.1629, 0.0001]  x
  cube_rotation          = [0.0000, -0.0000, 0.0000]  x
  cube_linear_velocity   = [-0.0000, 0.0000, -0.0000]  x
  obstacle_positions     = {}                     x
[step=  54 01:11:12.384][Analyzer] ASM node=safe_abort  goal_status=not_applicable
[step=  55 01:11:13.527][Manager] ep=1 subtask= reward=-0.4001
[step=  55 01:11:13.528][Manager][MOCK] finger_contacts forçado para 1 (grasp_attempts=3)
[step=  55 01:11:13.528][Perception]
  RAW PERCEPTION                                  MONITORED PARAMS
  ----------------------------------------------  --------------------------------------
  fingers_width         = 0.0800 m                gripper_width_cm      = 7 cm
  dist_ee_to_cube       = 0.2480 m                distance_ee_object_cm = 24 cm
  dist_cube_to_target   = 0.4001 m  (3D)          distance_obj_goal_cm  = 40 cm  (XY)
  cube_position (z)     = 0.0100 m                object_lift_height_cm = 0 cm
  cube_position (xy)    = [-0.250, 0.000]         grasp_completed       = 0
  target_position (xy)  = [0.150, 0.000]          finger_contacts       = 1
  x                                               grasp_attempts        = 3
  episode                = 1                      x
  step                   = 55                     x
  ee_position            = [-0.2115, -0.0000, 0.2550]  x
  ee_velocity            = [0.3479, 0.0000, 0.3143]  x
  reward                 = -0.4001                x
  is_success             = False                  x
  obstacle_in_path       = False                  x
  obstacle_count_in_path = 0                      x
  obstacles              = {}                     x
  objects                = {'object_1': {'type': 'box', 'size': [0.045, 0.03, 0.02], 'mass': 10.0, 'color': [0.1, 0.2, 0.9, 1.0], 'initial_position': [-0.25, 0.0, 0.02], 'lateral_friction': 0.5, 'spinning_friction': 0.001, 'current_position': [-0.2500019669434604, 3.101101571521447e-06, 0.009990043041334804]}}  x
  scripts                = {'script_1': True, 'reach_only': True, 'left_right': True}  x
  target_goal            = {'type': 'goal_sequence', 'targets': [{'name': 'target', 'position': [0.15000000596046448, 0.0, 0.019999999552965164]}], 'mode': 'goal_sequence'}  x
  scene                  = {'table': {'length': 1.1, 'width': 0.7, 'height': 0.4, 'x_offset': -0.3, 'lateral_friction': 3.0, 'spinning_friction': 0.001}}  x
  robot_config           = {'control_type': 'ee', 'block_gripper': False, 'base_position': [-0.6, 0.0, 0.05]}  x
  current_task           = ABORT                  x
  active_target_name     = target                 x
  action                 = [0.9799, 0.0001, 0.1993, 1.0000]  x
  joint_angles           = [0.0000, -0.3757, -0.0001, -2.6566, -0.0000, 2.2593, 0.7854]  x
  joint_velocities       = [0.0003, -0.0732, -0.0001, 0.5647, -0.0000, 0.5362, 0.0002]  x
  cube_rotation          = [0.0000, -0.0000, 0.0000]  x
  cube_linear_velocity   = [-0.0000, 0.0000, -0.0000]  x
  obstacle_positions     = {}                     x
[step=  55 01:11:13.530][Analyzer] ASM node=safe_abort  goal_status=not_applicable
[step=  56 01:11:14.674][Manager] ep=1 subtask= reward=-0.4001
[step=  56 01:11:14.674][Manager][MOCK] finger_contacts forçado para 1 (grasp_attempts=3)
[step=  56 01:11:14.674][Perception]
  RAW PERCEPTION                                  MONITORED PARAMS
  ----------------------------------------------  --------------------------------------
  fingers_width         = 0.0800 m                gripper_width_cm      = 7 cm
  dist_ee_to_cube       = 0.2656 m                distance_ee_object_cm = 26 cm
  dist_cube_to_target   = 0.4001 m  (3D)          distance_obj_goal_cm  = 40 cm  (XY)
  cube_position (z)     = 0.0100 m                object_lift_height_cm = 0 cm
  cube_position (xy)    = [-0.250, 0.000]         grasp_completed       = 0
  target_position (xy)  = [0.150, 0.000]          finger_contacts       = 1
  x                                               grasp_attempts        = 3
  episode                = 1                      x
  step                   = 56                     x
  ee_position            = [-0.1776, -0.0000, 0.2655]  x
  ee_velocity            = [0.4472, -0.0000, 0.0191]  x
  reward                 = -0.4001                x
  is_success             = False                  x
  obstacle_in_path       = False                  x
  obstacle_count_in_path = 0                      x
  obstacles              = {}                     x
  objects                = {'object_1': {'type': 'box', 'size': [0.045, 0.03, 0.02], 'mass': 10.0, 'color': [0.1, 0.2, 0.9, 1.0], 'initial_position': [-0.25, 0.0, 0.02], 'lateral_friction': 0.5, 'spinning_friction': 0.001, 'current_position': [-0.2500021523384243, 3.4009085222644366e-06, 0.00999004304120263]}}  x
  scripts                = {'script_1': True, 'reach_only': True, 'left_right': True}  x
  target_goal            = {'type': 'goal_sequence', 'targets': [{'name': 'target', 'position': [0.15000000596046448, 0.0, 0.019999999552965164]}], 'mode': 'goal_sequence'}  x
  scene                  = {'table': {'length': 1.1, 'width': 0.7, 'height': 0.4, 'x_offset': -0.3, 'lateral_friction': 3.0, 'spinning_friction': 0.001}}  x
  robot_config           = {'control_type': 'ee', 'block_gripper': False, 'base_position': [-0.6, 0.0, 0.05]}  x
  current_task           = ABORT                  x
  active_target_name     = target                 x
  action                 = [0.9781, 0.0001, 0.2082, 1.0000]  x
  joint_angles           = [0.0000, -0.2951, -0.0001, -2.5588, -0.0000, 2.2643, 0.7854]  x
  joint_velocities       = [0.0001, 1.3500, -0.0001, 1.3460, 0.0001, 0.0387, 0.0000]  x
  cube_rotation          = [0.0000, -0.0000, 0.0000]  x
  cube_linear_velocity   = [-0.0000, 0.0000, -0.0000]  x
  obstacle_positions     = {}                     x
[step=  56 01:11:14.676][Analyzer] ASM node=safe_abort  goal_status=not_applicable
[step=  57 01:11:15.821][Manager] ep=1 subtask= reward=-0.4001
[step=  57 01:11:15.821][Manager][MOCK] finger_contacts forçado para 1 (grasp_attempts=3)
[step=  57 01:11:15.822][Perception]
  RAW PERCEPTION                                  MONITORED PARAMS
  ----------------------------------------------  --------------------------------------
  fingers_width         = 0.0800 m                gripper_width_cm      = 7 cm
  dist_ee_to_cube       = 0.2802 m                distance_ee_object_cm = 28 cm
  dist_cube_to_target   = 0.4001 m  (3D)          distance_obj_goal_cm  = 40 cm  (XY)
  cube_position (z)     = 0.0100 m                object_lift_height_cm = 0 cm
  cube_position (xy)    = [-0.250, 0.000]         grasp_completed       = 0
  target_position (xy)  = [0.150, 0.000]          finger_contacts       = 1
  x                                               grasp_attempts        = 3
  episode                = 1                      x
  step                   = 57                     x
  ee_position            = [-0.1442, -0.0000, 0.2695]  x
  ee_velocity            = [0.4339, -0.0001, 0.0919]  x
  reward                 = -0.4001                x
  is_success             = False                  x
  obstacle_in_path       = False                  x
  obstacle_count_in_path = 0                      x
  obstacles              = {}                     x
  objects                = {'object_1': {'type': 'box', 'size': [0.045, 0.03, 0.02], 'mass': 10.0, 'color': [0.1, 0.2, 0.9, 1.0], 'initial_position': [-0.25, 0.0, 0.02], 'lateral_friction': 0.5, 'spinning_friction': 0.001, 'current_position': [-0.25000233773657554, 3.700712678200852e-06, 0.009990043041070483]}}  x
  scripts                = {'script_1': True, 'reach_only': True, 'left_right': True}  x
  target_goal            = {'type': 'goal_sequence', 'targets': [{'name': 'target', 'position': [0.15000000596046448, 0.0, 0.019999999552965164]}], 'mode': 'goal_sequence'}  x
  scene                  = {'table': {'length': 1.1, 'width': 0.7, 'height': 0.4, 'x_offset': -0.3, 'lateral_friction': 3.0, 'spinning_friction': 0.001}}  x
  robot_config           = {'control_type': 'ee', 'block_gripper': False, 'base_position': [-0.6, 0.0, 0.05]}  x
  current_task           = ABORT                  x
  active_target_name     = target                 x
  action                 = [0.9817, 0.0001, 0.1905, 1.0000]  x
  joint_angles           = [0.0001, -0.1959, -0.0001, -2.4451, -0.0000, 2.2421, 0.7854]  x
  joint_velocities       = [0.0001, 1.0924, -0.0002, 1.3850, 0.0001, -0.1704, 0.0000]  x
  cube_rotation          = [0.0000, -0.0000, 0.0000]  x
  cube_linear_velocity   = [-0.0000, 0.0000, -0.0000]  x
  obstacle_positions     = {}                     x
[step=  57 01:11:15.824][Analyzer] ASM node=safe_abort  goal_status=not_applicable
[step=  58 01:11:16.980][Manager] ep=1 subtask= reward=-0.4001
[step=  58 01:11:16.981][Manager][MOCK] finger_contacts forçado para 1 (grasp_attempts=3)
[step=  58 01:11:16.981][Perception]
  RAW PERCEPTION                                  MONITORED PARAMS
  ----------------------------------------------  --------------------------------------
  fingers_width         = 0.0800 m                gripper_width_cm      = 7 cm
  dist_ee_to_cube       = 0.2999 m                distance_ee_object_cm = 29 cm
  dist_cube_to_target   = 0.4001 m  (3D)          distance_obj_goal_cm  = 40 cm  (XY)
  cube_position (z)     = 0.0100 m                object_lift_height_cm = 0 cm
  cube_position (xy)    = [-0.250, 0.000]         grasp_completed       = 0
  target_position (xy)  = [0.150, 0.000]          finger_contacts       = 1
  x                                               grasp_attempts        = 3
  episode                = 1                      x
  step                   = 58                     x
  ee_position            = [-0.1105, -0.0000, 0.2755]  x
  ee_velocity            = [0.4194, -0.0003, 0.1280]  x
  reward                 = -0.4001                x
  is_success             = False                  x
  obstacle_in_path       = False                  x
  obstacle_count_in_path = 0                      x
  obstacles              = {}                     x
  objects                = {'object_1': {'type': 'box', 'size': [0.045, 0.03, 0.02], 'mass': 10.0, 'color': [0.1, 0.2, 0.9, 1.0], 'initial_position': [-0.25, 0.0, 0.02], 'lateral_friction': 0.5, 'spinning_friction': 0.001, 'current_position': [-0.2500025231379144, 4.00051403898782e-06, 0.00999004304093831]}}  x
  scripts                = {'script_1': True, 'reach_only': True, 'left_right': True}  x
  target_goal            = {'type': 'goal_sequence', 'targets': [{'name': 'target', 'position': [0.15000000596046448, 0.0, 0.019999999552965164]}], 'mode': 'goal_sequence'}  x
  scene                  = {'table': {'length': 1.1, 'width': 0.7, 'height': 0.4, 'x_offset': -0.3, 'lateral_friction': 3.0, 'spinning_friction': 0.001}}  x
  robot_config           = {'control_type': 'ee', 'block_gripper': False, 'base_position': [-0.6, 0.0, 0.05]}  x
  current_task           = ABORT                  x
  active_target_name     = target                 x
  action                 = [0.9783, 0.0001, 0.2070, 1.0000]  x
  joint_angles           = [0.0001, -0.1075, -0.0001, -2.3317, -0.0000, 2.2205, 0.7854]  x
  joint_velocities       = [0.0001, 0.9108, -0.0005, 1.3326, 0.0001, -0.1665, -0.0000]  x
  cube_rotation          = [0.0000, -0.0000, 0.0000]  x
  cube_linear_velocity   = [-0.0000, 0.0000, -0.0000]  x
  obstacle_positions     = {}                     x
[step=  58 01:11:16.984][Analyzer] ASM node=safe_abort  goal_status=not_applicable
[step=  59 01:11:18.116][Manager] ep=1 subtask= reward=-0.4001
[step=  59 01:11:18.117][Manager][MOCK] finger_contacts forçado para 1 (grasp_attempts=3)
[step=  59 01:11:18.117][Perception]
  RAW PERCEPTION                                  MONITORED PARAMS
  ----------------------------------------------  --------------------------------------
  fingers_width         = 0.0800 m                gripper_width_cm      = 7 cm
  dist_ee_to_cube       = 0.3220 m                distance_ee_object_cm = 32 cm
  dist_cube_to_target   = 0.4001 m  (3D)          distance_obj_goal_cm  = 40 cm  (XY)
  cube_position (z)     = 0.0100 m                object_lift_height_cm = 0 cm
  cube_position (xy)    = [-0.250, 0.000]         grasp_completed       = 0
  target_position (xy)  = [0.150, 0.000]          finger_contacts       = 1
  x                                               grasp_attempts        = 3
  episode                = 1                      x
  step                   = 59                     x
  ee_position            = [-0.0775, -0.0000, 0.2819]  x
  ee_velocity            = [0.4088, -0.0005, 0.1108]  x
  reward                 = -0.4001                x
  is_success             = False                  x
  obstacle_in_path       = False                  x
  obstacle_count_in_path = 0                      x
  obstacles              = {}                     x
  objects                = {'object_1': {'type': 'box', 'size': [0.045, 0.03, 0.02], 'mass': 10.0, 'color': [0.1, 0.2, 0.9, 1.0], 'initial_position': [-0.25, 0.0, 0.02], 'lateral_friction': 0.5, 'spinning_friction': 0.001, 'current_position': [-0.25000270854244105, 4.300312604367611e-06, 0.009990043040806118]}}  x
  scripts                = {'script_1': True, 'reach_only': True, 'left_right': True}  x
  target_goal            = {'type': 'goal_sequence', 'targets': [{'name': 'target', 'position': [0.15000000596046448, 0.0, 0.019999999552965164]}], 'mode': 'goal_sequence'}  x
  scene                  = {'table': {'length': 1.1, 'width': 0.7, 'height': 0.4, 'x_offset': -0.3, 'lateral_friction': 3.0, 'spinning_friction': 0.001}}  x
  robot_config           = {'control_type': 'ee', 'block_gripper': False, 'base_position': [-0.6, 0.0, 0.05]}  x
  current_task           = ABORT                  x
  active_target_name     = target                 x
  action                 = [0.9763, 0.0003, 0.2166, 1.0000]  x
  joint_angles           = [0.0001, -0.0220, -0.0002, -2.2140, -0.0000, 2.1899, 0.7854]  x
  joint_velocities       = [0.0001, 0.9224, -0.0010, 1.3717, 0.0001, -0.2355, -0.0001]  x
  cube_rotation          = [0.0000, -0.0000, 0.0001]  x
  cube_linear_velocity   = [-0.0000, 0.0000, -0.0000]  x
  obstacle_positions     = {}                     x
[step=  59 01:11:18.119][Analyzer] ASM node=safe_abort  goal_status=not_applicable
[step=  60 01:11:19.262][Manager] ep=1 subtask= reward=-0.4001
[step=  60 01:11:19.262][Manager][MOCK] finger_contacts forçado para 1 (grasp_attempts=3)
[step=  60 01:11:19.262][Perception]
  RAW PERCEPTION                                  MONITORED PARAMS
  ----------------------------------------------  --------------------------------------
  fingers_width         = 0.0800 m                gripper_width_cm      = 7 cm
  dist_ee_to_cube       = 0.3452 m                distance_ee_object_cm = 34 cm
  dist_cube_to_target   = 0.4001 m  (3D)          distance_obj_goal_cm  = 40 cm  (XY)
  cube_position (z)     = 0.0100 m                object_lift_height_cm = 0 cm
  cube_position (xy)    = [-0.250, 0.000]         grasp_completed       = 0
  target_position (xy)  = [0.150, 0.000]          finger_contacts       = 1
  x                                               grasp_attempts        = 3
  episode                = 1                      x
  step                   = 60                     x
  ee_position            = [-0.0454, -0.0000, 0.2880]  x
  ee_velocity            = [0.3878, -0.0006, 0.1000]  x
  reward                 = -0.4001                x
  is_success             = False                  x
  obstacle_in_path       = False                  x
  obstacle_count_in_path = 0                      x
  obstacles              = {}                     x
  objects                = {'object_1': {'type': 'box', 'size': [0.045, 0.03, 0.02], 'mass': 10.0, 'color': [0.1, 0.2, 0.9, 1.0], 'initial_position': [-0.25, 0.0, 0.02], 'lateral_friction': 0.5, 'spinning_friction': 0.001, 'current_position': [-0.2500028939501557, 4.600108373998739e-06, 0.009990043040673937]}}  x
  scripts                = {'script_1': True, 'reach_only': True, 'left_right': True}  x
  target_goal            = {'type': 'goal_sequence', 'targets': [{'name': 'target', 'position': [0.15000000596046448, 0.0, 0.019999999552965164]}], 'mode': 'goal_sequence'}  x
  scene                  = {'table': {'length': 1.1, 'width': 0.7, 'height': 0.4, 'x_offset': -0.3, 'lateral_friction': 3.0, 'spinning_friction': 0.001}}  x
  robot_config           = {'control_type': 'ee', 'block_gripper': False, 'base_position': [-0.6, 0.0, 0.05]}  x
  current_task           = ABORT                  x
  active_target_name     = target                 x
  action                 = [0.9738, 0.0005, 0.2272, 1.0000]  x
  joint_angles           = [0.0001, 0.0622, -0.0002, -2.0926, 0.0000, 2.1526, 0.7854]  x
  joint_velocities       = [0.0002, 0.8986, -0.0012, 1.3770, 0.0001, -0.2869, -0.0000]  x
  cube_rotation          = [0.0000, -0.0000, 0.0001]  x
  cube_linear_velocity   = [-0.0000, 0.0000, -0.0000]  x
  obstacle_positions     = {}                     x
[step=  60 01:11:19.264][Analyzer] ASM node=safe_abort  goal_status=not_applicable
[step=  61 01:11:20.435][Manager] ep=1 subtask= reward=-0.4001
[step=  61 01:11:20.435][Manager][MOCK] finger_contacts forçado para 1 (grasp_attempts=3)
[step=  61 01:11:20.435][Perception]
  RAW PERCEPTION                                  MONITORED PARAMS
  ----------------------------------------------  --------------------------------------
  fingers_width         = 0.0800 m                gripper_width_cm      = 7 cm
  dist_ee_to_cube       = 0.3686 m                distance_ee_object_cm = 36 cm
  dist_cube_to_target   = 0.4001 m  (3D)          distance_obj_goal_cm  = 40 cm  (XY)
  cube_position (z)     = 0.0100 m                object_lift_height_cm = 0 cm
  cube_position (xy)    = [-0.250, 0.000]         grasp_completed       = 0
  target_position (xy)  = [0.150, 0.000]          finger_contacts       = 1
  x                                               grasp_attempts        = 3
  episode                = 1                      x
  step                   = 61                     x
  ee_position            = [-0.0147, -0.0000, 0.2938]  x
  ee_velocity            = [0.3620, -0.0004, 0.0884]  x
  reward                 = -0.4001                x
  is_success             = False                  x
  obstacle_in_path       = False                  x
  obstacle_count_in_path = 0                      x
  obstacles              = {}                     x
  objects                = {'object_1': {'type': 'box', 'size': [0.045, 0.03, 0.02], 'mass': 10.0, 'color': [0.1, 0.2, 0.9, 1.0], 'initial_position': [-0.25, 0.0, 0.02], 'lateral_friction': 0.5, 'spinning_friction': 0.001, 'current_position': [-0.25000307936105864, 4.899901347609271e-06, 0.009990043040541716]}}  x
  scripts                = {'script_1': True, 'reach_only': True, 'left_right': True}  x
  target_goal            = {'type': 'goal_sequence', 'targets': [{'name': 'target', 'position': [0.15000000596046448, 0.0, 0.019999999552965164]}], 'mode': 'goal_sequence'}  x
  scene                  = {'table': {'length': 1.1, 'width': 0.7, 'height': 0.4, 'x_offset': -0.3, 'lateral_friction': 3.0, 'spinning_friction': 0.001}}  x
  robot_config           = {'control_type': 'ee', 'block_gripper': False, 'base_position': [-0.6, 0.0, 0.05]}  x
  current_task           = ABORT                  x
  active_target_name     = target                 x
  action                 = [0.9667, 0.0009, 0.2558, 1.0000]  x
  joint_angles           = [0.0001, 0.1448, -0.0002, -1.9683, 0.0000, 2.1097, 0.7854]  x
  joint_velocities       = [0.0003, 0.8734, -0.0009, 1.3714, 0.0001, -0.3296, 0.0001]  x
  cube_rotation          = [0.0000, -0.0000, 0.0001]  x
  cube_linear_velocity   = [-0.0000, 0.0000, -0.0000]  x
  obstacle_positions     = {}                     x
[step=  61 01:11:20.437][Analyzer] ASM node=safe_abort  goal_status=not_applicable
[step=  62 01:11:21.581][Manager] ep=1 subtask= reward=-0.4001
[step=  62 01:11:21.582][Manager][MOCK] finger_contacts forçado para 1 (grasp_attempts=3)
[step=  62 01:11:21.582][Perception]
  RAW PERCEPTION                                  MONITORED PARAMS
  ----------------------------------------------  --------------------------------------
  fingers_width         = 0.0800 m                gripper_width_cm      = 7 cm
  dist_ee_to_cube       = 0.3928 m                distance_ee_object_cm = 39 cm
  dist_cube_to_target   = 0.4001 m  (3D)          distance_obj_goal_cm  = 40 cm  (XY)
  cube_position (z)     = 0.0100 m                object_lift_height_cm = 0 cm
  cube_position (xy)    = [-0.250, 0.000]         grasp_completed       = 0
  target_position (xy)  = [0.150, 0.000]          finger_contacts       = 1
  x                                               grasp_attempts        = 3
  episode                = 1                      x
  step                   = 62                     x
  ee_position            = [0.0127, 0.0000, 0.3020]  x
  ee_velocity            = [0.3243, 0.0001, 0.1928]  x
  reward                 = -0.4001                x
  is_success             = False                  x
  obstacle_in_path       = False                  x
  obstacle_count_in_path = 0                      x
  obstacles              = {}                     x
  objects                = {'object_1': {'type': 'box', 'size': [0.045, 0.03, 0.02], 'mass': 10.0, 'color': [0.1, 0.2, 0.9, 1.0], 'initial_position': [-0.25, 0.0, 0.02], 'lateral_friction': 0.5, 'spinning_friction': 0.001, 'current_position': [-0.25000326477515, 5.199691524874983e-06, 0.009990043040409501]}}  x
  scripts                = {'script_1': True, 'reach_only': True, 'left_right': True}  x
  target_goal            = {'type': 'goal_sequence', 'targets': [{'name': 'target', 'position': [0.15000000596046448, 0.0, 0.019999999552965164]}], 'mode': 'goal_sequence'}  x
  scene                  = {'table': {'length': 1.1, 'width': 0.7, 'height': 0.4, 'x_offset': -0.3, 'lateral_friction': 3.0, 'spinning_friction': 0.001}}  x
  robot_config           = {'control_type': 'ee', 'block_gripper': False, 'base_position': [-0.6, 0.0, 0.05]}  x
  current_task           = ABORT                  x
  active_target_name     = target                 x
  action                 = [0.9210, 0.0016, 0.3896, 1.0000]  x
  joint_angles           = [0.0002, 0.2196, -0.0002, -1.8426, 0.0000, 2.0551, 0.7855]  x
  joint_velocities       = [0.0005, 0.6469, -0.0004, 1.3492, 0.0000, -0.4194, 0.0006]  x
  cube_rotation          = [0.0000, -0.0000, 0.0001]  x
  cube_linear_velocity   = [-0.0000, 0.0000, -0.0000]  x
  obstacle_positions     = {}                     x
[step=  62 01:11:21.585][Analyzer] ASM node=safe_abort  goal_status=not_applicable
[step=  63 01:11:22.702][Manager] ep=1 subtask= reward=-0.4001
[step=  63 01:11:22.703][Manager][MOCK] finger_contacts forçado para 1 (grasp_attempts=3)
[step=  63 01:11:22.703][Perception]
  RAW PERCEPTION                                  MONITORED PARAMS
  ----------------------------------------------  --------------------------------------
  fingers_width         = 0.0800 m                gripper_width_cm      = 7 cm
  dist_ee_to_cube       = 0.3936 m                distance_ee_object_cm = 39 cm
  dist_cube_to_target   = 0.4001 m  (3D)          distance_obj_goal_cm  = 40 cm  (XY)
  cube_position (z)     = 0.0100 m                object_lift_height_cm = 0 cm
  cube_position (xy)    = [-0.250, 0.000]         grasp_completed       = 0
  target_position (xy)  = [0.150, 0.000]          finger_contacts       = 1
  x                                               grasp_attempts        = 3
  episode                = 1                      x
  step                   = 63                     x
  ee_position            = [0.0135, 0.0000, 0.3023]  x
  ee_velocity            = [-0.0044, 0.0001, -0.0040]  x
  reward                 = -0.4001                x
  is_success             = False                  x
  obstacle_in_path       = False                  x
  obstacle_count_in_path = 0                      x
  obstacles              = {}                     x
  objects                = {'object_1': {'type': 'box', 'size': [0.045, 0.03, 0.02], 'mass': 10.0, 'color': [0.1, 0.2, 0.9, 1.0], 'initial_position': [-0.25, 0.0, 0.02], 'lateral_friction': 0.5, 'spinning_friction': 0.001, 'current_position': [-0.2500034501924298, 5.4994789055069e-06, 0.009990043040277258]}}  x
  scripts                = {'script_1': True, 'reach_only': True, 'left_right': True}  x
  target_goal            = {'type': 'goal_sequence', 'targets': [{'name': 'target', 'position': [0.15000000596046448, 0.0, 0.019999999552965164]}], 'mode': 'goal_sequence'}  x
  scene                  = {'table': {'length': 1.1, 'width': 0.7, 'height': 0.4, 'x_offset': -0.3, 'lateral_friction': 3.0, 'spinning_friction': 0.001}}  x
  robot_config           = {'control_type': 'ee', 'block_gripper': False, 'base_position': [-0.6, 0.0, 0.05]}  x
  current_task           = ABORT                  x
  active_target_name     = target                 x
  action                 = [0.0000, 0.0000, 0.0000, 1.0000]  x
  joint_angles           = [0.0002, 0.2167, -0.0002, -1.8482, 0.0000, 2.0640, 0.7854]  x
  joint_velocities       = [-0.0000, -0.0303, 0.0001, -0.0616, 0.0001, 0.0681, -0.0003]  x
  cube_rotation          = [0.0000, -0.0000, 0.0001]  x
  cube_linear_velocity   = [-0.0000, 0.0000, -0.0000]  x
  obstacle_positions     = {}                     x
[step=  63 01:11:22.705][Analyzer] ASM node=safe_abort  goal_status=not_applicable
[step=  64 01:11:23.874][Manager] ep=1 subtask= reward=-0.4001
[step=  64 01:11:23.875][Manager][MOCK] finger_contacts forçado para 1 (grasp_attempts=3)
[step=  64 01:11:23.875][Perception]
  RAW PERCEPTION                                  MONITORED PARAMS
  ----------------------------------------------  --------------------------------------
  fingers_width         = 0.0800 m                gripper_width_cm      = 7 cm
  dist_ee_to_cube       = 0.3938 m                distance_ee_object_cm = 39 cm
  dist_cube_to_target   = 0.4001 m  (3D)          distance_obj_goal_cm  = 40 cm  (XY)
  cube_position (z)     = 0.0100 m                object_lift_height_cm = 0 cm
  cube_position (xy)    = [-0.250, 0.000]         grasp_completed       = 0
  target_position (xy)  = [0.150, 0.000]          finger_contacts       = 1
  x                                               grasp_attempts        = 3
  episode                = 1                      x
  step                   = 64                     x
  ee_position            = [0.0136, 0.0000, 0.3025]  x
  ee_velocity            = [0.0009, -0.0000, 0.0014]  x
  reward                 = -0.4001                x
  is_success             = False                  x
  obstacle_in_path       = False                  x
  obstacle_count_in_path = 0                      x
  obstacles              = {}                     x
  objects                = {'object_1': {'type': 'box', 'size': [0.045, 0.03, 0.02], 'mass': 10.0, 'color': [0.1, 0.2, 0.9, 1.0], 'initial_position': [-0.25, 0.0, 0.02], 'lateral_friction': 0.5, 'spinning_friction': 0.001, 'current_position': [-0.2500036356128987, 5.799263489186818e-06, 0.009990043040145037]}}  x
  scripts                = {'script_1': True, 'reach_only': True, 'left_right': True}  x
  target_goal            = {'type': 'goal_sequence', 'targets': [{'name': 'target', 'position': [0.15000000596046448, 0.0, 0.019999999552965164]}], 'mode': 'goal_sequence'}  x
  scene                  = {'table': {'length': 1.1, 'width': 0.7, 'height': 0.4, 'x_offset': -0.3, 'lateral_friction': 3.0, 'spinning_friction': 0.001}}  x
  robot_config           = {'control_type': 'ee', 'block_gripper': False, 'base_position': [-0.6, 0.0, 0.05]}  x
  current_task           = ABORT                  x
  active_target_name     = target                 x
  action                 = [0.0000, 0.0000, 0.0000, 1.0000]  x
  joint_angles           = [0.0002, 0.2166, -0.0002, -1.8480, 0.0000, 2.0643, 0.7854]  x
  joint_velocities       = [0.0000, -0.0012, -0.0000, 0.0011, 0.0000, 0.0023, -0.0000]  x
  cube_rotation          = [0.0000, -0.0000, 0.0001]  x
  cube_linear_velocity   = [-0.0000, 0.0000, -0.0000]  x
  obstacle_positions     = {}                     x
[step=  64 01:11:23.877][Analyzer] ASM node=safe_abort  goal_status=not_applicable
[step=  65 01:11:24.995][Manager] ep=1 subtask= reward=-0.4001
[step=  65 01:11:24.996][Manager][MOCK] finger_contacts forçado para 1 (grasp_attempts=3)
[step=  65 01:11:24.996][Perception]
  RAW PERCEPTION                                  MONITORED PARAMS
  ----------------------------------------------  --------------------------------------
  fingers_width         = 0.0800 m                gripper_width_cm      = 7 cm
  dist_ee_to_cube       = 0.3939 m                distance_ee_object_cm = 39 cm
  dist_cube_to_target   = 0.4001 m  (3D)          distance_obj_goal_cm  = 40 cm  (XY)
  cube_position (z)     = 0.0100 m                object_lift_height_cm = 0 cm
  cube_position (xy)    = [-0.250, 0.000]         grasp_completed       = 0
  target_position (xy)  = [0.150, 0.000]          finger_contacts       = 1
  x                                               grasp_attempts        = 3
  episode                = 1                      x
  step                   = 65                     x
  ee_position            = [0.0137, 0.0000, 0.3026]  x
  ee_velocity            = [0.0003, -0.0000, 0.0005]  x
  reward                 = -0.4001                x
  is_success             = False                  x
  obstacle_in_path       = False                  x
  obstacle_count_in_path = 0                      x
  obstacles              = {}                     x
  objects                = {'object_1': {'type': 'box', 'size': [0.045, 0.03, 0.02], 'mass': 10.0, 'color': [0.1, 0.2, 0.9, 1.0], 'initial_position': [-0.25, 0.0, 0.02], 'lateral_friction': 0.5, 'spinning_friction': 0.001, 'current_position': [-0.25000382103655655, 6.0990452756371615e-06, 0.009990043040012794]}}  x
  scripts                = {'script_1': True, 'reach_only': True, 'left_right': True}  x
  target_goal            = {'type': 'goal_sequence', 'targets': [{'name': 'target', 'position': [0.15000000596046448, 0.0, 0.019999999552965164]}], 'mode': 'goal_sequence'}  x
  scene                  = {'table': {'length': 1.1, 'width': 0.7, 'height': 0.4, 'x_offset': -0.3, 'lateral_friction': 3.0, 'spinning_friction': 0.001}}  x
  robot_config           = {'control_type': 'ee', 'block_gripper': False, 'base_position': [-0.6, 0.0, 0.05]}  x
  current_task           = ABORT                  x
  active_target_name     = target                 x
  action                 = [0.0000, 0.0000, 0.0000, 1.0000]  x
  joint_angles           = [0.0002, 0.2165, -0.0002, -1.8480, 0.0000, 2.0644, 0.7854]  x
  joint_velocities       = [0.0000, -0.0004, -0.0000, 0.0003, 0.0000, 0.0008, -0.0000]  x
  cube_rotation          = [0.0000, -0.0000, 0.0001]  x
  cube_linear_velocity   = [-0.0000, 0.0000, -0.0000]  x
  obstacle_positions     = {}                     x
[step=  65 01:11:24.998][Analyzer] ASM node=safe_abort  goal_status=not_applicable
[step=  66 01:11:26.142][Manager] ep=1 subtask= reward=-0.4001
[step=  66 01:11:26.142][Manager][MOCK] finger_contacts forçado para 1 (grasp_attempts=3)
[step=  66 01:11:26.143][Perception]
  RAW PERCEPTION                                  MONITORED PARAMS
  ----------------------------------------------  --------------------------------------
  fingers_width         = 0.0800 m                gripper_width_cm      = 7 cm
  dist_ee_to_cube       = 0.3939 m                distance_ee_object_cm = 39 cm
  dist_cube_to_target   = 0.4001 m  (3D)          distance_obj_goal_cm  = 40 cm  (XY)
  cube_position (z)     = 0.0100 m                object_lift_height_cm = 0 cm
  cube_position (xy)    = [-0.250, 0.000]         grasp_completed       = 0
  target_position (xy)  = [0.150, 0.000]          finger_contacts       = 1
  x                                               grasp_attempts        = 3
  episode                = 1                      x
  step                   = 66                     x
  ee_position            = [0.0137, 0.0000, 0.3026]  x
  ee_velocity            = [0.0001, -0.0000, 0.0002]  x
  reward                 = -0.4001                x
  is_success             = False                  x
  obstacle_in_path       = False                  x
  obstacle_count_in_path = 0                      x
  obstacles              = {}                     x
  objects                = {'object_1': {'type': 'box', 'size': [0.045, 0.03, 0.02], 'mass': 10.0, 'color': [0.1, 0.2, 0.9, 1.0], 'initial_position': [-0.25, 0.0, 0.02], 'lateral_friction': 0.5, 'spinning_friction': 0.001, 'current_position': [-0.25000400646340354, 6.398824264519706e-06, 0.00999004303988052]}}  x
  scripts                = {'script_1': True, 'reach_only': True, 'left_right': True}  x
  target_goal            = {'type': 'goal_sequence', 'targets': [{'name': 'target', 'position': [0.15000000596046448, 0.0, 0.019999999552965164]}], 'mode': 'goal_sequence'}  x
  scene                  = {'table': {'length': 1.1, 'width': 0.7, 'height': 0.4, 'x_offset': -0.3, 'lateral_friction': 3.0, 'spinning_friction': 0.001}}  x
  robot_config           = {'control_type': 'ee', 'block_gripper': False, 'base_position': [-0.6, 0.0, 0.05]}  x
  current_task           = ABORT                  x
  active_target_name     = target                 x
  action                 = [0.0000, 0.0000, 0.0000, 1.0000]  x
  joint_angles           = [0.0002, 0.2165, -0.0002, -1.8480, 0.0000, 2.0644, 0.7854]  x
  joint_velocities       = [0.0000, -0.0001, -0.0000, 0.0001, 0.0000, 0.0003, -0.0000]  x
  cube_rotation          = [0.0000, -0.0000, 0.0001]  x
  cube_linear_velocity   = [-0.0000, 0.0000, -0.0000]  x
  obstacle_positions     = {}                     x
[step=  66 01:11:26.145][Analyzer] ASM node=safe_abort  goal_status=not_applicable
[step=  67 01:11:27.315][Manager] ep=1 subtask= reward=-0.4001
[step=  67 01:11:27.315][Manager][MOCK] finger_contacts forçado para 1 (grasp_attempts=3)
[step=  67 01:11:27.316][Perception]
  RAW PERCEPTION                                  MONITORED PARAMS
  ----------------------------------------------  --------------------------------------
  fingers_width         = 0.0800 m                gripper_width_cm      = 7 cm
  dist_ee_to_cube       = 0.3939 m                distance_ee_object_cm = 39 cm
  dist_cube_to_target   = 0.4001 m  (3D)          distance_obj_goal_cm  = 40 cm  (XY)
  cube_position (z)     = 0.0100 m                object_lift_height_cm = 0 cm
  cube_position (xy)    = [-0.250, 0.000]         grasp_completed       = 0
  target_position (xy)  = [0.150, 0.000]          finger_contacts       = 1
  x                                               grasp_attempts        = 3
  episode                = 1                      x
  step                   = 67                     x
  ee_position            = [0.0137, 0.0000, 0.3026]  x
  ee_velocity            = [0.0000, -0.0000, 0.0001]  x
  reward                 = -0.4001                x
  is_success             = False                  x
  obstacle_in_path       = False                  x
  obstacle_count_in_path = 0                      x
  obstacles              = {}                     x
  objects                = {'object_1': {'type': 'box', 'size': [0.045, 0.03, 0.02], 'mass': 10.0, 'color': [0.1, 0.2, 0.9, 1.0], 'initial_position': [-0.25, 0.0, 0.02], 'lateral_friction': 0.5, 'spinning_friction': 0.001, 'current_position': [-0.25000419189344003, 6.698600455568844e-06, 0.009990043039748264]}}  x
  scripts                = {'script_1': True, 'reach_only': True, 'left_right': True}  x
  target_goal            = {'type': 'goal_sequence', 'targets': [{'name': 'target', 'position': [0.15000000596046448, 0.0, 0.019999999552965164]}], 'mode': 'goal_sequence'}  x
  scene                  = {'table': {'length': 1.1, 'width': 0.7, 'height': 0.4, 'x_offset': -0.3, 'lateral_friction': 3.0, 'spinning_friction': 0.001}}  x
  robot_config           = {'control_type': 'ee', 'block_gripper': False, 'base_position': [-0.6, 0.0, 0.05]}  x
  current_task           = ABORT                  x
  active_target_name     = target                 x
  action                 = [0.0000, 0.0000, 0.0000, 1.0000]  x
  joint_angles           = [0.0002, 0.2165, -0.0002, -1.8480, 0.0000, 2.0644, 0.7854]  x
  joint_velocities       = [0.0000, -0.0000, -0.0000, 0.0000, 0.0000, 0.0001, -0.0000]  x
  cube_rotation          = [0.0000, -0.0000, 0.0001]  x
  cube_linear_velocity   = [-0.0000, 0.0000, -0.0000]  x
  obstacle_positions     = {}                     x
[step=  67 01:11:27.318][Analyzer] ASM node=safe_abort  goal_status=not_applicable
[step=  68 01:11:28.436][Manager] ep=1 subtask= reward=-0.4001
[step=  68 01:11:28.437][Manager][MOCK] finger_contacts forçado para 1 (grasp_attempts=3)
[step=  68 01:11:28.437][Perception]
  RAW PERCEPTION                                  MONITORED PARAMS
  ----------------------------------------------  --------------------------------------
  fingers_width         = 0.0800 m                gripper_width_cm      = 7 cm
  dist_ee_to_cube       = 0.3939 m                distance_ee_object_cm = 39 cm
  dist_cube_to_target   = 0.4001 m  (3D)          distance_obj_goal_cm  = 40 cm  (XY)
  cube_position (z)     = 0.0100 m                object_lift_height_cm = 0 cm
  cube_position (xy)    = [-0.250, 0.000]         grasp_completed       = 0
  target_position (xy)  = [0.150, 0.000]          finger_contacts       = 1
  x                                               grasp_attempts        = 3
  episode                = 1                      x
  step                   = 68                     x
  ee_position            = [0.0137, 0.0000, 0.3026]  x
  ee_velocity            = [0.0000, -0.0000, 0.0000]  x
  reward                 = -0.4001                x
  is_success             = False                  x
  obstacle_in_path       = False                  x
  obstacle_count_in_path = 0                      x
  obstacles              = {}                     x
  objects                = {'object_1': {'type': 'box', 'size': [0.045, 0.03, 0.02], 'mass': 10.0, 'color': [0.1, 0.2, 0.9, 1.0], 'initial_position': [-0.25, 0.0, 0.02], 'lateral_friction': 0.5, 'spinning_friction': 0.001, 'current_position': [-0.25000437732666625, 6.9983738484566285e-06, 0.009990043039615969]}}  x
  scripts                = {'script_1': True, 'reach_only': True, 'left_right': True}  x
  target_goal            = {'type': 'goal_sequence', 'targets': [{'name': 'target', 'position': [0.15000000596046448, 0.0, 0.019999999552965164]}], 'mode': 'goal_sequence'}  x
  scene                  = {'table': {'length': 1.1, 'width': 0.7, 'height': 0.4, 'x_offset': -0.3, 'lateral_friction': 3.0, 'spinning_friction': 0.001}}  x
  robot_config           = {'control_type': 'ee', 'block_gripper': False, 'base_position': [-0.6, 0.0, 0.05]}  x
  current_task           = ABORT                  x
  active_target_name     = target                 x
  action                 = [0.0000, 0.0000, 0.0000, 1.0000]  x
  joint_angles           = [0.0002, 0.2165, -0.0002, -1.8480, 0.0000, 2.0644, 0.7854]  x
  joint_velocities       = [0.0000, -0.0000, -0.0000, 0.0000, 0.0000, 0.0000, -0.0000]  x
  cube_rotation          = [0.0000, -0.0000, 0.0001]  x
  cube_linear_velocity   = [-0.0000, 0.0000, -0.0000]  x
  obstacle_positions     = {}                     x
[step=  68 01:11:28.440][Analyzer] ASM node=safe_abort  goal_status=not_applicable
[step=  69 01:11:29.609][Manager] ep=1 subtask= reward=-0.4001
[step=  69 01:11:29.609][Manager][MOCK] finger_contacts forçado para 1 (grasp_attempts=3)
[step=  69 01:11:29.609][Perception]
  RAW PERCEPTION                                  MONITORED PARAMS
  ----------------------------------------------  --------------------------------------
  fingers_width         = 0.0800 m                gripper_width_cm      = 7 cm
  dist_ee_to_cube       = 0.3939 m                distance_ee_object_cm = 39 cm
  dist_cube_to_target   = 0.4001 m  (3D)          distance_obj_goal_cm  = 40 cm  (XY)
  cube_position (z)     = 0.0100 m                object_lift_height_cm = 0 cm
  cube_position (xy)    = [-0.250, 0.000]         grasp_completed       = 0
  target_position (xy)  = [0.150, 0.000]          finger_contacts       = 1
  x                                               grasp_attempts        = 3
  episode                = 1                      x
  step                   = 69                     x
  ee_position            = [0.0137, 0.0000, 0.3026]  x
  ee_velocity            = [0.0000, -0.0000, 0.0000]  x
  reward                 = -0.4001                x
  is_success             = False                  x
  obstacle_in_path       = False                  x
  obstacle_count_in_path = 0                      x
  obstacles              = {}                     x
  objects                = {'object_1': {'type': 'box', 'size': [0.045, 0.03, 0.02], 'mass': 10.0, 'color': [0.1, 0.2, 0.9, 1.0], 'initial_position': [-0.25, 0.0, 0.02], 'lateral_friction': 0.5, 'spinning_friction': 0.001, 'current_position': [-0.2500045627630823, 7.298144442889491e-06, 0.0099900430394837]}}  x
  scripts                = {'script_1': True, 'reach_only': True, 'left_right': True}  x
  target_goal            = {'type': 'goal_sequence', 'targets': [{'name': 'target', 'position': [0.15000000596046448, 0.0, 0.019999999552965164]}], 'mode': 'goal_sequence'}  x
  scene                  = {'table': {'length': 1.1, 'width': 0.7, 'height': 0.4, 'x_offset': -0.3, 'lateral_friction': 3.0, 'spinning_friction': 0.001}}  x
  robot_config           = {'control_type': 'ee', 'block_gripper': False, 'base_position': [-0.6, 0.0, 0.05]}  x
  current_task           = ABORT                  x
  active_target_name     = target                 x
  action                 = [0.0000, 0.0000, 0.0000, 1.0000]  x
  joint_angles           = [0.0002, 0.2165, -0.0002, -1.8480, 0.0000, 2.0644, 0.7854]  x
  joint_velocities       = [0.0000, -0.0000, -0.0000, 0.0000, 0.0000, 0.0000, -0.0000]  x
  cube_rotation          = [0.0000, -0.0000, 0.0001]  x
  cube_linear_velocity   = [-0.0000, 0.0000, -0.0000]  x
  obstacle_positions     = {}                     x
[step=  69 01:11:29.611][Analyzer] ASM node=safe_abort  goal_status=not_applicable
[step=  70 01:11:30.730][Manager] ep=1 subtask= reward=-0.4001
[step=  70 01:11:30.730][Manager][MOCK] finger_contacts forçado para 1 (grasp_attempts=3)
[step=  70 01:11:30.731][Perception]
  RAW PERCEPTION                                  MONITORED PARAMS
  ----------------------------------------------  --------------------------------------
  fingers_width         = 0.0800 m                gripper_width_cm      = 7 cm
  dist_ee_to_cube       = 0.3939 m                distance_ee_object_cm = 39 cm
  dist_cube_to_target   = 0.4001 m  (3D)          distance_obj_goal_cm  = 40 cm  (XY)
  cube_position (z)     = 0.0100 m                object_lift_height_cm = 0 cm
  cube_position (xy)    = [-0.250, 0.000]         grasp_completed       = 0
  target_position (xy)  = [0.150, 0.000]          finger_contacts       = 1
  x                                               grasp_attempts        = 3
  episode                = 1                      x
  step                   = 70                     x
  ee_position            = [0.0137, 0.0000, 0.3026]  x
  ee_velocity            = [0.0000, -0.0000, 0.0000]  x
  reward                 = -0.4001                x
  is_success             = False                  x
  obstacle_in_path       = False                  x
  obstacle_count_in_path = 0                      x
  obstacles              = {}                     x
  objects                = {'object_1': {'type': 'box', 'size': [0.045, 0.03, 0.02], 'mass': 10.0, 'color': [0.1, 0.2, 0.9, 1.0], 'initial_position': [-0.25, 0.0, 0.02], 'lateral_friction': 0.5, 'spinning_friction': 0.001, 'current_position': [-0.25000474820268836, 7.597912238556794e-06, 0.009990043039351401]}}  x
  scripts                = {'script_1': True, 'reach_only': True, 'left_right': True}  x
  target_goal            = {'type': 'goal_sequence', 'targets': [{'name': 'target', 'position': [0.15000000596046448, 0.0, 0.019999999552965164]}], 'mode': 'goal_sequence'}  x
  scene                  = {'table': {'length': 1.1, 'width': 0.7, 'height': 0.4, 'x_offset': -0.3, 'lateral_friction': 3.0, 'spinning_friction': 0.001}}  x
  robot_config           = {'control_type': 'ee', 'block_gripper': False, 'base_position': [-0.6, 0.0, 0.05]}  x
  current_task           = ABORT                  x
  active_target_name     = target                 x
  action                 = [0.0000, 0.0000, 0.0000, 1.0000]  x
  joint_angles           = [0.0002, 0.2165, -0.0002, -1.8480, 0.0000, 2.0644, 0.7854]  x
  joint_velocities       = [0.0000, -0.0000, -0.0000, -0.0000, 0.0000, 0.0000, -0.0000]  x
  cube_rotation          = [0.0000, -0.0000, 0.0001]  x
  cube_linear_velocity   = [-0.0000, 0.0000, -0.0000]  x
  obstacle_positions     = {}                     x
[step=  70 01:11:30.733][Analyzer] ASM node=safe_abort  goal_status=not_applicable
[step=  71 01:11:31.877][Manager] ep=1 subtask= reward=-0.4001
[step=  71 01:11:31.877][Manager][MOCK] finger_contacts forçado para 1 (grasp_attempts=3)
[step=  71 01:11:31.877][Perception]
  RAW PERCEPTION                                  MONITORED PARAMS
  ----------------------------------------------  --------------------------------------
  fingers_width         = 0.0800 m                gripper_width_cm      = 7 cm
  dist_ee_to_cube       = 0.3939 m                distance_ee_object_cm = 39 cm
  dist_cube_to_target   = 0.4001 m  (3D)          distance_obj_goal_cm  = 40 cm  (XY)
  cube_position (z)     = 0.0100 m                object_lift_height_cm = 0 cm
  cube_position (xy)    = [-0.250, 0.000]         grasp_completed       = 0
  target_position (xy)  = [0.150, 0.000]          finger_contacts       = 1
  x                                               grasp_attempts        = 3
  episode                = 1                      x
  step                   = 71                     x
  ee_position            = [0.0137, 0.0000, 0.3026]  x
  ee_velocity            = [0.0000, -0.0000, 0.0000]  x
  reward                 = -0.4001                x
  is_success             = False                  x
  obstacle_in_path       = False                  x
  obstacle_count_in_path = 0                      x
  obstacles              = {}                     x
  objects                = {'object_1': {'type': 'box', 'size': [0.045, 0.03, 0.02], 'mass': 10.0, 'color': [0.1, 0.2, 0.9, 1.0], 'initial_position': [-0.25, 0.0, 0.02], 'lateral_friction': 0.5, 'spinning_friction': 0.001, 'current_position': [-0.2500049336454849, 7.897677235154992e-06, 0.009990043039219087]}}  x
  scripts                = {'script_1': True, 'reach_only': True, 'left_right': True}  x
  target_goal            = {'type': 'goal_sequence', 'targets': [{'name': 'target', 'position': [0.15000000596046448, 0.0, 0.019999999552965164]}], 'mode': 'goal_sequence'}  x
  scene                  = {'table': {'length': 1.1, 'width': 0.7, 'height': 0.4, 'x_offset': -0.3, 'lateral_friction': 3.0, 'spinning_friction': 0.001}}  x
  robot_config           = {'control_type': 'ee', 'block_gripper': False, 'base_position': [-0.6, 0.0, 0.05]}  x
  current_task           = ABORT                  x
  active_target_name     = target                 x
  action                 = [0.0000, 0.0000, 0.0000, 1.0000]  x
  joint_angles           = [0.0002, 0.2165, -0.0002, -1.8480, 0.0000, 2.0644, 0.7854]  x
  joint_velocities       = [0.0000, -0.0000, -0.0000, -0.0000, 0.0000, 0.0000, -0.0000]  x
  cube_rotation          = [0.0000, -0.0000, 0.0001]  x
  cube_linear_velocity   = [-0.0000, 0.0000, -0.0000]  x
  obstacle_positions     = {}                     x
[step=  71 01:11:31.879][Analyzer] ASM node=safe_abort  goal_status=not_applicable
[step=  72 01:11:33.023][Manager] ep=1 subtask= reward=-0.4001
[step=  72 01:11:33.024][Manager][MOCK] finger_contacts forçado para 1 (grasp_attempts=3)
[step=  72 01:11:33.024][Perception]
  RAW PERCEPTION                                  MONITORED PARAMS
  ----------------------------------------------  --------------------------------------
  fingers_width         = 0.0800 m                gripper_width_cm      = 7 cm
  dist_ee_to_cube       = 0.3939 m                distance_ee_object_cm = 39 cm
  dist_cube_to_target   = 0.4001 m  (3D)          distance_obj_goal_cm  = 40 cm  (XY)
  cube_position (z)     = 0.0100 m                object_lift_height_cm = 0 cm
  cube_position (xy)    = [-0.250, 0.000]         grasp_completed       = 0
  target_position (xy)  = [0.150, 0.000]          finger_contacts       = 1
  x                                               grasp_attempts        = 3
  episode                = 1                      x
  step                   = 72                     x
  ee_position            = [0.0137, 0.0000, 0.3026]  x
  ee_velocity            = [-0.0000, -0.0000, -0.0000]  x
  reward                 = -0.4001                x
  is_success             = False                  x
  obstacle_in_path       = False                  x
  obstacle_count_in_path = 0                      x
  obstacles              = {}                     x
  objects                = {'object_1': {'type': 'box', 'size': [0.045, 0.03, 0.02], 'mass': 10.0, 'color': [0.1, 0.2, 0.9, 1.0], 'initial_position': [-0.25, 0.0, 0.02], 'lateral_friction': 0.5, 'spinning_friction': 0.001, 'current_position': [-0.2500051190914719, 8.197439432397105e-06, 0.009990043039086769]}}  x
  scripts                = {'script_1': True, 'reach_only': True, 'left_right': True}  x
  target_goal            = {'type': 'goal_sequence', 'targets': [{'name': 'target', 'position': [0.15000000596046448, 0.0, 0.019999999552965164]}], 'mode': 'goal_sequence'}  x
  scene                  = {'table': {'length': 1.1, 'width': 0.7, 'height': 0.4, 'x_offset': -0.3, 'lateral_friction': 3.0, 'spinning_friction': 0.001}}  x
  robot_config           = {'control_type': 'ee', 'block_gripper': False, 'base_position': [-0.6, 0.0, 0.05]}  x
  current_task           = ABORT                  x
  active_target_name     = target                 x
  action                 = [0.0000, 0.0000, 0.0000, 1.0000]  x
  joint_angles           = [0.0002, 0.2165, -0.0002, -1.8480, 0.0000, 2.0644, 0.7854]  x
  joint_velocities       = [0.0000, -0.0000, -0.0000, -0.0000, 0.0000, 0.0000, -0.0000]  x
  cube_rotation          = [0.0000, -0.0000, 0.0001]  x
  cube_linear_velocity   = [-0.0000, 0.0000, -0.0000]  x
  obstacle_positions     = {}                     x
[step=  72 01:11:33.026][Analyzer] ASM node=safe_abort  goal_status=not_applicable
[step=  73 01:11:34.170][Manager] ep=1 subtask= reward=-0.4001
[step=  73 01:11:34.170][Manager][MOCK] finger_contacts forçado para 1 (grasp_attempts=3)
[step=  73 01:11:34.170][Perception]
  RAW PERCEPTION                                  MONITORED PARAMS
  ----------------------------------------------  --------------------------------------
  fingers_width         = 0.0800 m                gripper_width_cm      = 7 cm
  dist_ee_to_cube       = 0.3939 m                distance_ee_object_cm = 39 cm
  dist_cube_to_target   = 0.4001 m  (3D)          distance_obj_goal_cm  = 40 cm  (XY)
  cube_position (z)     = 0.0100 m                object_lift_height_cm = 0 cm
  cube_position (xy)    = [-0.250, 0.000]         grasp_completed       = 0
  target_position (xy)  = [0.150, 0.000]          finger_contacts       = 1
  x                                               grasp_attempts        = 3
  episode                = 1                      x
  step                   = 73                     x
  ee_position            = [0.0137, -0.0000, 0.3026]  x
  ee_velocity            = [-0.0000, -0.0000, -0.0000]  x
  reward                 = -0.4001                x
  is_success             = False                  x
  obstacle_in_path       = False                  x
  obstacle_count_in_path = 0                      x
  obstacles              = {}                     x
  objects                = {'object_1': {'type': 'box', 'size': [0.045, 0.03, 0.02], 'mass': 10.0, 'color': [0.1, 0.2, 0.9, 1.0], 'initial_position': [-0.25, 0.0, 0.02], 'lateral_friction': 0.5, 'spinning_friction': 0.001, 'current_position': [-0.25000530454064956, 8.497198829982835e-06, 0.009990043038954422]}}  x
  scripts                = {'script_1': True, 'reach_only': True, 'left_right': True}  x
  target_goal            = {'type': 'goal_sequence', 'targets': [{'name': 'target', 'position': [0.15000000596046448, 0.0, 0.019999999552965164]}], 'mode': 'goal_sequence'}  x
  scene                  = {'table': {'length': 1.1, 'width': 0.7, 'height': 0.4, 'x_offset': -0.3, 'lateral_friction': 3.0, 'spinning_friction': 0.001}}  x
  robot_config           = {'control_type': 'ee', 'block_gripper': False, 'base_position': [-0.6, 0.0, 0.05]}  x
  current_task           = ABORT                  x
  active_target_name     = target                 x
  action                 = [0.0000, 0.0000, 0.0000, 1.0000]  x
  joint_angles           = [0.0002, 0.2165, -0.0002, -1.8480, 0.0000, 2.0644, 0.7854]  x
  joint_velocities       = [0.0000, -0.0000, -0.0000, -0.0000, 0.0000, 0.0000, -0.0000]  x
  cube_rotation          = [0.0000, -0.0000, 0.0001]  x
  cube_linear_velocity   = [-0.0000, 0.0000, -0.0000]  x
  obstacle_positions     = {}                     x
[step=  73 01:11:34.172][Analyzer] ASM node=safe_abort  goal_status=not_applicable
[step=  74 01:11:35.317][Manager] ep=1 subtask= reward=-0.4001
[step=  74 01:11:35.317][Manager][MOCK] finger_contacts forçado para 1 (grasp_attempts=3)
[step=  74 01:11:35.317][Perception]
  RAW PERCEPTION                                  MONITORED PARAMS
  ----------------------------------------------  --------------------------------------
  fingers_width         = 0.0800 m                gripper_width_cm      = 7 cm
  dist_ee_to_cube       = 0.3939 m                distance_ee_object_cm = 39 cm
  dist_cube_to_target   = 0.4001 m  (3D)          distance_obj_goal_cm  = 40 cm  (XY)
  cube_position (z)     = 0.0100 m                object_lift_height_cm = 0 cm
  cube_position (xy)    = [-0.250, 0.000]         grasp_completed       = 0
  target_position (xy)  = [0.150, 0.000]          finger_contacts       = 1
  x                                               grasp_attempts        = 3
  episode                = 1                      x
  step                   = 74                     x
  ee_position            = [0.0137, -0.0000, 0.3026]  x
  ee_velocity            = [-0.0000, -0.0000, -0.0000]  x
  reward                 = -0.4001                x
  is_success             = False                  x
  obstacle_in_path       = False                  x
  obstacle_count_in_path = 0                      x
  obstacles              = {}                     x
  objects                = {'object_1': {'type': 'box', 'size': [0.045, 0.03, 0.02], 'mass': 10.0, 'color': [0.1, 0.2, 0.9, 1.0], 'initial_position': [-0.25, 0.0, 0.02], 'lateral_friction': 0.5, 'spinning_friction': 0.001, 'current_position': [-0.2500054899930181, 8.7969554275696e-06, 0.009990043038822097]}}  x
  scripts                = {'script_1': True, 'reach_only': True, 'left_right': True}  x
  target_goal            = {'type': 'goal_sequence', 'targets': [{'name': 'target', 'position': [0.15000000596046448, 0.0, 0.019999999552965164]}], 'mode': 'goal_sequence'}  x
  scene                  = {'table': {'length': 1.1, 'width': 0.7, 'height': 0.4, 'x_offset': -0.3, 'lateral_friction': 3.0, 'spinning_friction': 0.001}}  x
  robot_config           = {'control_type': 'ee', 'block_gripper': False, 'base_position': [-0.6, 0.0, 0.05]}  x
  current_task           = ABORT                  x
  active_target_name     = target                 x
  action                 = [0.0000, 0.0000, 0.0000, 1.0000]  x
  joint_angles           = [0.0002, 0.2165, -0.0002, -1.8480, 0.0001, 2.0644, 0.7854]  x
  joint_velocities       = [0.0000, -0.0000, -0.0000, -0.0000, 0.0000, 0.0000, -0.0000]  x
  cube_rotation          = [0.0000, -0.0000, 0.0001]  x
  cube_linear_velocity   = [-0.0000, 0.0000, -0.0000]  x
  obstacle_positions     = {}                     x
[step=  74 01:11:35.320][Analyzer] ASM node=safe_abort  goal_status=not_applicable
[step=  75 01:11:36.464][Manager] ep=1 subtask= reward=-0.4001
[step=  75 01:11:36.464][Manager][MOCK] finger_contacts forçado para 1 (grasp_attempts=3)
[step=  75 01:11:36.464][Perception]
  RAW PERCEPTION                                  MONITORED PARAMS
  ----------------------------------------------  --------------------------------------
  fingers_width         = 0.0800 m                gripper_width_cm      = 7 cm
  dist_ee_to_cube       = 0.3939 m                distance_ee_object_cm = 39 cm
  dist_cube_to_target   = 0.4001 m  (3D)          distance_obj_goal_cm  = 40 cm  (XY)
  cube_position (z)     = 0.0100 m                object_lift_height_cm = 0 cm
  cube_position (xy)    = [-0.250, 0.000]         grasp_completed       = 0
  target_position (xy)  = [0.150, 0.000]          finger_contacts       = 1
  x                                               grasp_attempts        = 3
  episode                = 1                      x
  step                   = 75                     x
  ee_position            = [0.0137, -0.0000, 0.3026]  x
  ee_velocity            = [-0.0000, -0.0000, -0.0000]  x
  reward                 = -0.4001                x
  is_success             = False                  x
  obstacle_in_path       = False                  x
  obstacle_count_in_path = 0                      x
  obstacles              = {}                     x
  objects                = {'object_1': {'type': 'box', 'size': [0.045, 0.03, 0.02], 'mass': 10.0, 'color': [0.1, 0.2, 0.9, 1.0], 'initial_position': [-0.25, 0.0, 0.02], 'lateral_friction': 0.5, 'spinning_friction': 0.001, 'current_position': [-0.25000567544857777, 9.096709224896621e-06, 0.009990043038689726]}}  x
  scripts                = {'script_1': True, 'reach_only': True, 'left_right': True}  x
  target_goal            = {'type': 'goal_sequence', 'targets': [{'name': 'target', 'position': [0.15000000596046448, 0.0, 0.019999999552965164]}], 'mode': 'goal_sequence'}  x
  scene                  = {'table': {'length': 1.1, 'width': 0.7, 'height': 0.4, 'x_offset': -0.3, 'lateral_friction': 3.0, 'spinning_friction': 0.001}}  x
  robot_config           = {'control_type': 'ee', 'block_gripper': False, 'base_position': [-0.6, 0.0, 0.05]}  x
  current_task           = ABORT                  x
  active_target_name     = target                 x
  action                 = [0.0000, 0.0000, 0.0000, 1.0000]  x
  joint_angles           = [0.0002, 0.2165, -0.0002, -1.8480, 0.0001, 2.0644, 0.7854]  x
  joint_velocities       = [0.0000, -0.0000, -0.0000, -0.0000, 0.0000, 0.0000, -0.0000]  x
  cube_rotation          = [0.0000, -0.0000, 0.0001]  x
  cube_linear_velocity   = [-0.0000, 0.0000, -0.0000]  x
  obstacle_positions     = {}                     x
[step=  75 01:11:36.467][Analyzer] ASM node=safe_abort  goal_status=not_applicable
[step=  76 01:11:37.636][Manager] ep=1 subtask= reward=-0.4001
[step=  76 01:11:37.637][Manager][MOCK] finger_contacts forçado para 1 (grasp_attempts=3)
[step=  76 01:11:37.637][Perception]
  RAW PERCEPTION                                  MONITORED PARAMS
  ----------------------------------------------  --------------------------------------
  fingers_width         = 0.0800 m                gripper_width_cm      = 7 cm
  dist_ee_to_cube       = 0.3939 m                distance_ee_object_cm = 39 cm
  dist_cube_to_target   = 0.4001 m  (3D)          distance_obj_goal_cm  = 40 cm  (XY)
  cube_position (z)     = 0.0100 m                object_lift_height_cm = 0 cm
  cube_position (xy)    = [-0.250, 0.000]         grasp_completed       = 0
  target_position (xy)  = [0.150, 0.000]          finger_contacts       = 1
  x                                               grasp_attempts        = 3
  episode                = 1                      x
  step                   = 76                     x
  ee_position            = [0.0137, -0.0000, 0.3026]  x
  ee_velocity            = [-0.0000, -0.0000, -0.0000]  x
  reward                 = -0.4001                x
  is_success             = False                  x
  obstacle_in_path       = False                  x
  obstacle_count_in_path = 0                      x
  obstacles              = {}                     x
  objects                = {'object_1': {'type': 'box', 'size': [0.045, 0.03, 0.02], 'mass': 10.0, 'color': [0.1, 0.2, 0.9, 1.0], 'initial_position': [-0.25, 0.0, 0.02], 'lateral_friction': 0.5, 'spinning_friction': 0.001, 'current_position': [-0.25000586090732874, 9.39646022164669e-06, 0.009990043038557387]}}  x
  scripts                = {'script_1': True, 'reach_only': True, 'left_right': True}  x
  target_goal            = {'type': 'goal_sequence', 'targets': [{'name': 'target', 'position': [0.15000000596046448, 0.0, 0.019999999552965164]}], 'mode': 'goal_sequence'}  x
  scene                  = {'table': {'length': 1.1, 'width': 0.7, 'height': 0.4, 'x_offset': -0.3, 'lateral_friction': 3.0, 'spinning_friction': 0.001}}  x
  robot_config           = {'control_type': 'ee', 'block_gripper': False, 'base_position': [-0.6, 0.0, 0.05]}  x
  current_task           = ABORT                  x
  active_target_name     = target                 x
  action                 = [0.0000, 0.0000, 0.0000, 1.0000]  x
  joint_angles           = [0.0002, 0.2165, -0.0002, -1.8480, 0.0001, 2.0644, 0.7854]  x
  joint_velocities       = [0.0000, -0.0000, -0.0000, -0.0000, 0.0000, 0.0000, -0.0000]  x
  cube_rotation          = [0.0000, -0.0000, 0.0001]  x
  cube_linear_velocity   = [-0.0000, 0.0000, -0.0000]  x
  obstacle_positions     = {}                     x
[step=  76 01:11:37.639][Analyzer] ASM node=safe_abort  goal_status=not_applicable
[step=  77 01:11:38.757][Manager] ep=1 subtask= reward=-0.4001
[step=  77 01:11:38.757][Manager][MOCK] finger_contacts forçado para 1 (grasp_attempts=3)
[step=  77 01:11:38.758][Perception]
  RAW PERCEPTION                                  MONITORED PARAMS
  ----------------------------------------------  --------------------------------------
  fingers_width         = 0.0800 m                gripper_width_cm      = 7 cm
  dist_ee_to_cube       = 0.3939 m                distance_ee_object_cm = 39 cm
  dist_cube_to_target   = 0.4001 m  (3D)          distance_obj_goal_cm  = 40 cm  (XY)
  cube_position (z)     = 0.0100 m                object_lift_height_cm = 0 cm
  cube_position (xy)    = [-0.250, 0.000]         grasp_completed       = 0
  target_position (xy)  = [0.150, 0.000]          finger_contacts       = 1
  x                                               grasp_attempts        = 3
  episode                = 1                      x
  step                   = 77                     x
  ee_position            = [0.0137, -0.0000, 0.3026]  x
  ee_velocity            = [-0.0000, -0.0000, -0.0000]  x
  reward                 = -0.4001                x
  is_success             = False                  x
  obstacle_in_path       = False                  x
  obstacle_count_in_path = 0                      x
  obstacles              = {}                     x
  objects                = {'object_1': {'type': 'box', 'size': [0.045, 0.03, 0.02], 'mass': 10.0, 'color': [0.1, 0.2, 0.9, 1.0], 'initial_position': [-0.25, 0.0, 0.02], 'lateral_friction': 0.5, 'spinning_friction': 0.001, 'current_position': [-0.2500060463692713, 9.696208417514365e-06, 0.00999004303842498]}}  x
  scripts                = {'script_1': True, 'reach_only': True, 'left_right': True}  x
  target_goal            = {'type': 'goal_sequence', 'targets': [{'name': 'target', 'position': [0.15000000596046448, 0.0, 0.019999999552965164]}], 'mode': 'goal_sequence'}  x
  scene                  = {'table': {'length': 1.1, 'width': 0.7, 'height': 0.4, 'x_offset': -0.3, 'lateral_friction': 3.0, 'spinning_friction': 0.001}}  x
  robot_config           = {'control_type': 'ee', 'block_gripper': False, 'base_position': [-0.6, 0.0, 0.05]}  x
  current_task           = ABORT                  x
  active_target_name     = target                 x
  action                 = [0.0000, 0.0000, 0.0000, 1.0000]  x
  joint_angles           = [0.0002, 0.2165, -0.0002, -1.8480, 0.0001, 2.0644, 0.7854]  x
  joint_velocities       = [0.0000, -0.0000, -0.0000, -0.0000, 0.0000, 0.0000, -0.0000]  x
  cube_rotation          = [0.0000, -0.0000, 0.0001]  x
  cube_linear_velocity   = [-0.0000, 0.0000, -0.0000]  x
  obstacle_positions     = {}                     x
[step=  77 01:11:38.760][Analyzer] ASM node=safe_abort  goal_status=not_applicable
[step=  78 01:11:39.943][Manager] ep=1 subtask= reward=-0.4001
[step=  78 01:11:39.943][Manager][MOCK] finger_contacts forçado para 1 (grasp_attempts=3)
[step=  78 01:11:39.944][Perception]
  RAW PERCEPTION                                  MONITORED PARAMS
  ----------------------------------------------  --------------------------------------
  fingers_width         = 0.0800 m                gripper_width_cm      = 7 cm
  dist_ee_to_cube       = 0.3939 m                distance_ee_object_cm = 39 cm
  dist_cube_to_target   = 0.4001 m  (3D)          distance_obj_goal_cm  = 40 cm  (XY)
  cube_position (z)     = 0.0100 m                object_lift_height_cm = 0 cm
  cube_position (xy)    = [-0.250, 0.000]         grasp_completed       = 0
  target_position (xy)  = [0.150, 0.000]          finger_contacts       = 1
  x                                               grasp_attempts        = 3
  episode                = 1                      x
  step                   = 78                     x
  ee_position            = [0.0137, -0.0000, 0.3026]  x
  ee_velocity            = [-0.0000, -0.0000, -0.0000]  x
  reward                 = -0.4001                x
  is_success             = False                  x
  obstacle_in_path       = False                  x
  obstacle_count_in_path = 0                      x
  obstacles              = {}                     x
  objects                = {'object_1': {'type': 'box', 'size': [0.045, 0.03, 0.02], 'mass': 10.0, 'color': [0.1, 0.2, 0.9, 1.0], 'initial_position': [-0.25, 0.0, 0.02], 'lateral_friction': 0.5, 'spinning_friction': 0.001, 'current_position': [-0.25000623183440557, 9.995953812197522e-06, 0.00999004303829261]}}  x
  scripts                = {'script_1': True, 'reach_only': True, 'left_right': True}  x
  target_goal            = {'type': 'goal_sequence', 'targets': [{'name': 'target', 'position': [0.15000000596046448, 0.0, 0.019999999552965164]}], 'mode': 'goal_sequence'}  x
  scene                  = {'table': {'length': 1.1, 'width': 0.7, 'height': 0.4, 'x_offset': -0.3, 'lateral_friction': 3.0, 'spinning_friction': 0.001}}  x
  robot_config           = {'control_type': 'ee', 'block_gripper': False, 'base_position': [-0.6, 0.0, 0.05]}  x
  current_task           = ABORT                  x
  active_target_name     = target                 x
  action                 = [0.0000, 0.0000, 0.0000, 1.0000]  x
  joint_angles           = [0.0002, 0.2165, -0.0002, -1.8480, 0.0001, 2.0644, 0.7854]  x
  joint_velocities       = [0.0000, -0.0000, -0.0000, -0.0000, 0.0000, 0.0000, -0.0000]  x
  cube_rotation          = [0.0000, -0.0000, 0.0001]  x
  cube_linear_velocity   = [-0.0000, 0.0000, -0.0000]  x
  obstacle_positions     = {}                     x
[step=  78 01:11:39.946][Analyzer] ASM node=safe_abort  goal_status=not_applicable
[step=  79 01:11:41.064][Manager] ep=1 subtask= reward=-0.4001
[step=  79 01:11:41.064][Manager][MOCK] finger_contacts forçado para 1 (grasp_attempts=3)
[step=  79 01:11:41.064][Perception]
  RAW PERCEPTION                                  MONITORED PARAMS
  ----------------------------------------------  --------------------------------------
  fingers_width         = 0.0800 m                gripper_width_cm      = 7 cm
  dist_ee_to_cube       = 0.3939 m                distance_ee_object_cm = 39 cm
  dist_cube_to_target   = 0.4001 m  (3D)          distance_obj_goal_cm  = 40 cm  (XY)
  cube_position (z)     = 0.0100 m                object_lift_height_cm = 0 cm
  cube_position (xy)    = [-0.250, 0.000]         grasp_completed       = 0
  target_position (xy)  = [0.150, 0.000]          finger_contacts       = 1
  x                                               grasp_attempts        = 3
  episode                = 1                      x
  step                   = 79                     x
  ee_position            = [0.0137, -0.0000, 0.3026]  x
  ee_velocity            = [-0.0000, -0.0000, -0.0000]  x
  reward                 = -0.4001                x
  is_success             = False                  x
  obstacle_in_path       = False                  x
  obstacle_count_in_path = 0                      x
  obstacles              = {}                     x
  objects                = {'object_1': {'type': 'box', 'size': [0.045, 0.03, 0.02], 'mass': 10.0, 'color': [0.1, 0.2, 0.9, 1.0], 'initial_position': [-0.25, 0.0, 0.02], 'lateral_friction': 0.5, 'spinning_friction': 0.001, 'current_position': [-0.2500064173027318, 1.029569640538991e-05, 0.009990043038160203]}}  x
  scripts                = {'script_1': True, 'reach_only': True, 'left_right': True}  x
  target_goal            = {'type': 'goal_sequence', 'targets': [{'name': 'target', 'position': [0.15000000596046448, 0.0, 0.019999999552965164]}], 'mode': 'goal_sequence'}  x
  scene                  = {'table': {'length': 1.1, 'width': 0.7, 'height': 0.4, 'x_offset': -0.3, 'lateral_friction': 3.0, 'spinning_friction': 0.001}}  x
  robot_config           = {'control_type': 'ee', 'block_gripper': False, 'base_position': [-0.6, 0.0, 0.05]}  x
  current_task           = ABORT                  x
  active_target_name     = target                 x
  action                 = [0.0000, 0.0000, 0.0000, 1.0000]  x
  joint_angles           = [0.0002, 0.2165, -0.0003, -1.8480, 0.0001, 2.0644, 0.7853]  x
  joint_velocities       = [0.0000, -0.0000, -0.0000, -0.0000, 0.0000, 0.0000, -0.0000]  x
  cube_rotation          = [0.0000, -0.0000, 0.0001]  x
  cube_linear_velocity   = [-0.0000, 0.0000, -0.0000]  x
  obstacle_positions     = {}                     x
[step=  79 01:11:41.067][Analyzer] ASM node=safe_abort  goal_status=not_applicable
[step=  80 01:11:42.198][Manager] ep=1 subtask= reward=-0.4001
[step=  80 01:11:42.198][Manager][MOCK] finger_contacts forçado para 1 (grasp_attempts=3)
[step=  80 01:11:42.198][Perception]
  RAW PERCEPTION                                  MONITORED PARAMS
  ----------------------------------------------  --------------------------------------
  fingers_width         = 0.0800 m                gripper_width_cm      = 7 cm
  dist_ee_to_cube       = 0.3939 m                distance_ee_object_cm = 39 cm
  dist_cube_to_target   = 0.4001 m  (3D)          distance_obj_goal_cm  = 40 cm  (XY)
  cube_position (z)     = 0.0100 m                object_lift_height_cm = 0 cm
  cube_position (xy)    = [-0.250, 0.000]         grasp_completed       = 0
  target_position (xy)  = [0.150, 0.000]          finger_contacts       = 1
  x                                               grasp_attempts        = 3
  episode                = 1                      x
  step                   = 80                     x
  ee_position            = [0.0137, -0.0000, 0.3026]  x
  ee_velocity            = [-0.0000, -0.0000, -0.0000]  x
  reward                 = -0.4001                x
  is_success             = False                  x
  obstacle_in_path       = False                  x
  obstacle_count_in_path = 0                      x
  obstacles              = {}                     x
  objects                = {'object_1': {'type': 'box', 'size': [0.045, 0.03, 0.02], 'mass': 10.0, 'color': [0.1, 0.2, 0.9, 1.0], 'initial_position': [-0.25, 0.0, 0.02], 'lateral_friction': 0.5, 'spinning_friction': 0.001, 'current_position': [-0.25000660277425024, 1.0595436196788666e-05, 0.009990043038027805]}}  x
  scripts                = {'script_1': True, 'reach_only': True, 'left_right': True}  x
  target_goal            = {'type': 'goal_sequence', 'targets': [{'name': 'target', 'position': [0.15000000596046448, 0.0, 0.019999999552965164]}], 'mode': 'goal_sequence'}  x
  scene                  = {'table': {'length': 1.1, 'width': 0.7, 'height': 0.4, 'x_offset': -0.3, 'lateral_friction': 3.0, 'spinning_friction': 0.001}}  x
  robot_config           = {'control_type': 'ee', 'block_gripper': False, 'base_position': [-0.6, 0.0, 0.05]}  x
  current_task           = ABORT                  x
  active_target_name     = target                 x
  action                 = [0.0000, 0.0000, 0.0000, 1.0000]  x
  joint_angles           = [0.0002, 0.2165, -0.0003, -1.8480, 0.0001, 2.0644, 0.7853]  x
  joint_velocities       = [0.0000, -0.0000, -0.0000, -0.0000, 0.0000, 0.0000, -0.0000]  x
  cube_rotation          = [0.0000, -0.0000, 0.0001]  x
  cube_linear_velocity   = [-0.0000, 0.0000, -0.0000]  x
  obstacle_positions     = {}                     x
[step=  80 01:11:42.200][Analyzer] ASM node=safe_abort  goal_status=not_applicable
[step=  81 01:11:43.370][Manager] ep=1 subtask= reward=-0.4001
[step=  81 01:11:43.371][Manager][MOCK] finger_contacts forçado para 1 (grasp_attempts=3)
[step=  81 01:11:43.371][Perception]
  RAW PERCEPTION                                  MONITORED PARAMS
  ----------------------------------------------  --------------------------------------
  fingers_width         = 0.0800 m                gripper_width_cm      = 7 cm
  dist_ee_to_cube       = 0.3939 m                distance_ee_object_cm = 39 cm
  dist_cube_to_target   = 0.4001 m  (3D)          distance_obj_goal_cm  = 40 cm  (XY)
  cube_position (z)     = 0.0100 m                object_lift_height_cm = 0 cm
  cube_position (xy)    = [-0.250, 0.000]         grasp_completed       = 0
  target_position (xy)  = [0.150, 0.000]          finger_contacts       = 1
  x                                               grasp_attempts        = 3
  episode                = 1                      x
  step                   = 81                     x
  ee_position            = [0.0137, -0.0000, 0.3026]  x
  ee_velocity            = [-0.0000, -0.0000, -0.0000]  x
  reward                 = -0.4001                x
  is_success             = False                  x
  obstacle_in_path       = False                  x
  obstacle_count_in_path = 0                      x
  obstacles              = {}                     x
  objects                = {'object_1': {'type': 'box', 'size': [0.045, 0.03, 0.02], 'mass': 10.0, 'color': [0.1, 0.2, 0.9, 1.0], 'initial_position': [-0.25, 0.0, 0.02], 'lateral_friction': 0.5, 'spinning_friction': 0.001, 'current_position': [-0.25000678824896105, 1.0895173186106252e-05, 0.009990043037895396]}}  x
  scripts                = {'script_1': True, 'reach_only': True, 'left_right': True}  x
  target_goal            = {'type': 'goal_sequence', 'targets': [{'name': 'target', 'position': [0.15000000596046448, 0.0, 0.019999999552965164]}], 'mode': 'goal_sequence'}  x
  scene                  = {'table': {'length': 1.1, 'width': 0.7, 'height': 0.4, 'x_offset': -0.3, 'lateral_friction': 3.0, 'spinning_friction': 0.001}}  x
  robot_config           = {'control_type': 'ee', 'block_gripper': False, 'base_position': [-0.6, 0.0, 0.05]}  x
  current_task           = ABORT                  x
  active_target_name     = target                 x
  action                 = [0.0000, 0.0000, 0.0000, 1.0000]  x
  joint_angles           = [0.0002, 0.2165, -0.0003, -1.8480, 0.0001, 2.0644, 0.7853]  x
  joint_velocities       = [0.0000, -0.0000, -0.0000, -0.0000, 0.0000, 0.0000, -0.0000]  x
  cube_rotation          = [0.0000, -0.0000, 0.0001]  x
  cube_linear_velocity   = [-0.0000, 0.0000, -0.0000]  x
  obstacle_positions     = {}                     x
[step=  81 01:11:43.373][Analyzer] ASM node=safe_abort  goal_status=not_applicable
[step=  82 01:11:44.491][Manager] ep=1 subtask= reward=-0.4001
[step=  82 01:11:44.491][Manager][MOCK] finger_contacts forçado para 1 (grasp_attempts=3)
[step=  82 01:11:44.491][Perception]
  RAW PERCEPTION                                  MONITORED PARAMS
  ----------------------------------------------  --------------------------------------
  fingers_width         = 0.0800 m                gripper_width_cm      = 7 cm
  dist_ee_to_cube       = 0.3939 m                distance_ee_object_cm = 39 cm
  dist_cube_to_target   = 0.4001 m  (3D)          distance_obj_goal_cm  = 40 cm  (XY)
  cube_position (z)     = 0.0100 m                object_lift_height_cm = 0 cm
  cube_position (xy)    = [-0.250, 0.000]         grasp_completed       = 0
  target_position (xy)  = [0.150, 0.000]          finger_contacts       = 1
  x                                               grasp_attempts        = 3
  episode                = 1                      x
  step                   = 82                     x
  ee_position            = [0.0137, -0.0000, 0.3026]  x
  ee_velocity            = [-0.0000, -0.0000, -0.0000]  x
  reward                 = -0.4001                x
  is_success             = False                  x
  obstacle_in_path       = False                  x
  obstacle_count_in_path = 0                      x
  obstacles              = {}                     x
  objects                = {'object_1': {'type': 'box', 'size': [0.045, 0.03, 0.02], 'mass': 10.0, 'color': [0.1, 0.2, 0.9, 1.0], 'initial_position': [-0.25, 0.0, 0.02], 'lateral_friction': 0.5, 'spinning_friction': 0.001, 'current_position': [-0.2500069737268644, 1.1194907373009882e-05, 0.009990043037762962]}}  x
  scripts                = {'script_1': True, 'reach_only': True, 'left_right': True}  x
  target_goal            = {'type': 'goal_sequence', 'targets': [{'name': 'target', 'position': [0.15000000596046448, 0.0, 0.019999999552965164]}], 'mode': 'goal_sequence'}  x
  scene                  = {'table': {'length': 1.1, 'width': 0.7, 'height': 0.4, 'x_offset': -0.3, 'lateral_friction': 3.0, 'spinning_friction': 0.001}}  x
  robot_config           = {'control_type': 'ee', 'block_gripper': False, 'base_position': [-0.6, 0.0, 0.05]}  x
  current_task           = ABORT                  x
  active_target_name     = target                 x
  action                 = [0.0000, 0.0000, 0.0000, 1.0000]  x
  joint_angles           = [0.0002, 0.2165, -0.0003, -1.8480, 0.0001, 2.0644, 0.7853]  x
  joint_velocities       = [0.0000, -0.0000, -0.0000, -0.0000, 0.0000, 0.0000, -0.0000]  x
  cube_rotation          = [0.0000, -0.0000, 0.0001]  x
  cube_linear_velocity   = [-0.0000, 0.0000, -0.0000]  x
  obstacle_positions     = {}                     x
[step=  82 01:11:44.493][Analyzer] ASM node=safe_abort  goal_status=not_applicable
[step=  83 01:11:45.664][Manager] ep=1 subtask= reward=-0.4001
[step=  83 01:11:45.664][Manager][MOCK] finger_contacts forçado para 1 (grasp_attempts=3)
[step=  83 01:11:45.664][Perception]
  RAW PERCEPTION                                  MONITORED PARAMS
  ----------------------------------------------  --------------------------------------
  fingers_width         = 0.0800 m                gripper_width_cm      = 7 cm
  dist_ee_to_cube       = 0.3939 m                distance_ee_object_cm = 39 cm
  dist_cube_to_target   = 0.4001 m  (3D)          distance_obj_goal_cm  = 40 cm  (XY)
  cube_position (z)     = 0.0100 m                object_lift_height_cm = 0 cm
  cube_position (xy)    = [-0.250, 0.000]         grasp_completed       = 0
  target_position (xy)  = [0.150, 0.000]          finger_contacts       = 1
  x                                               grasp_attempts        = 3
  episode                = 1                      x
  step                   = 83                     x
  ee_position            = [0.0137, -0.0000, 0.3026]  x
  ee_velocity            = [-0.0000, -0.0000, -0.0000]  x
  reward                 = -0.4001                x
  is_success             = False                  x
  obstacle_in_path       = False                  x
  obstacle_count_in_path = 0                      x
  obstacles              = {}                     x
  objects                = {'object_1': {'type': 'box', 'size': [0.045, 0.03, 0.02], 'mass': 10.0, 'color': [0.1, 0.2, 0.9, 1.0], 'initial_position': [-0.25, 0.0, 0.02], 'lateral_friction': 0.5, 'spinning_friction': 0.001, 'current_position': [-0.25000715920796057, 1.149463875722997e-05, 0.009990043037630533]}}  x
  scripts                = {'script_1': True, 'reach_only': True, 'left_right': True}  x
  target_goal            = {'type': 'goal_sequence', 'targets': [{'name': 'target', 'position': [0.15000000596046448, 0.0, 0.019999999552965164]}], 'mode': 'goal_sequence'}  x
  scene                  = {'table': {'length': 1.1, 'width': 0.7, 'height': 0.4, 'x_offset': -0.3, 'lateral_friction': 3.0, 'spinning_friction': 0.001}}  x
  robot_config           = {'control_type': 'ee', 'block_gripper': False, 'base_position': [-0.6, 0.0, 0.05]}  x
  current_task           = ABORT                  x
  active_target_name     = target                 x
  action                 = [0.0000, 0.0000, 0.0000, 1.0000]  x
  joint_angles           = [0.0002, 0.2165, -0.0003, -1.8480, 0.0001, 2.0644, 0.7853]  x
  joint_velocities       = [0.0000, -0.0000, -0.0000, -0.0000, 0.0000, 0.0000, -0.0000]  x
  cube_rotation          = [0.0000, -0.0000, 0.0001]  x
  cube_linear_velocity   = [-0.0000, 0.0000, -0.0000]  x
  obstacle_positions     = {}                     x
[step=  83 01:11:45.666][Analyzer] ASM node=safe_abort  goal_status=not_applicable
[step=  84 01:11:46.785][Manager] ep=1 subtask= reward=-0.4001
[step=  84 01:11:46.785][Manager][MOCK] finger_contacts forçado para 1 (grasp_attempts=3)
[step=  84 01:11:46.785][Perception]
  RAW PERCEPTION                                  MONITORED PARAMS
  ----------------------------------------------  --------------------------------------
  fingers_width         = 0.0800 m                gripper_width_cm      = 7 cm
  dist_ee_to_cube       = 0.3939 m                distance_ee_object_cm = 39 cm
  dist_cube_to_target   = 0.4001 m  (3D)          distance_obj_goal_cm  = 40 cm  (XY)
  cube_position (z)     = 0.0100 m                object_lift_height_cm = 0 cm
  cube_position (xy)    = [-0.250, 0.000]         grasp_completed       = 0
  target_position (xy)  = [0.150, 0.000]          finger_contacts       = 1
  x                                               grasp_attempts        = 3
  episode                = 1                      x
  step                   = 84                     x
  ee_position            = [0.0137, -0.0000, 0.3026]  x
  ee_velocity            = [-0.0000, -0.0000, -0.0000]  x
  reward                 = -0.4001                x
  is_success             = False                  x
  obstacle_in_path       = False                  x
  obstacle_count_in_path = 0                      x
  obstacles              = {}                     x
  objects                = {'object_1': {'type': 'box', 'size': [0.045, 0.03, 0.02], 'mass': 10.0, 'color': [0.1, 0.2, 0.9, 1.0], 'initial_position': [-0.25, 0.0, 0.02], 'lateral_friction': 0.5, 'spinning_friction': 0.001, 'current_position': [-0.25000734469224967, 1.1794367338427853e-05, 0.009990043037498076]}}  x
  scripts                = {'script_1': True, 'reach_only': True, 'left_right': True}  x
  target_goal            = {'type': 'goal_sequence', 'targets': [{'name': 'target', 'position': [0.15000000596046448, 0.0, 0.019999999552965164]}], 'mode': 'goal_sequence'}  x
  scene                  = {'table': {'length': 1.1, 'width': 0.7, 'height': 0.4, 'x_offset': -0.3, 'lateral_friction': 3.0, 'spinning_friction': 0.001}}  x
  robot_config           = {'control_type': 'ee', 'block_gripper': False, 'base_position': [-0.6, 0.0, 0.05]}  x
  current_task           = ABORT                  x
  active_target_name     = target                 x
  action                 = [0.0000, 0.0000, 0.0000, 1.0000]  x
  joint_angles           = [0.0002, 0.2165, -0.0003, -1.8480, 0.0001, 2.0644, 0.7853]  x
  joint_velocities       = [0.0000, -0.0000, -0.0000, -0.0000, 0.0000, 0.0000, -0.0000]  x
  cube_rotation          = [0.0000, -0.0000, 0.0001]  x
  cube_linear_velocity   = [-0.0000, 0.0000, -0.0000]  x
  obstacle_positions     = {}                     x
[step=  84 01:11:46.788][Analyzer] ASM node=safe_abort  goal_status=not_applicable
[step=  85 01:11:47.971][Manager] ep=1 subtask= reward=-0.4001
[step=  85 01:11:47.971][Manager][MOCK] finger_contacts forçado para 1 (grasp_attempts=3)
[step=  85 01:11:47.971][Perception]
  RAW PERCEPTION                                  MONITORED PARAMS
  ----------------------------------------------  --------------------------------------
  fingers_width         = 0.0800 m                gripper_width_cm      = 7 cm
  dist_ee_to_cube       = 0.3939 m                distance_ee_object_cm = 39 cm
  dist_cube_to_target   = 0.4001 m  (3D)          distance_obj_goal_cm  = 40 cm  (XY)
  cube_position (z)     = 0.0100 m                object_lift_height_cm = 0 cm
  cube_position (xy)    = [-0.250, 0.000]         grasp_completed       = 0
  target_position (xy)  = [0.150, 0.000]          finger_contacts       = 1
  x                                               grasp_attempts        = 3
  episode                = 1                      x
  step                   = 85                     x
  ee_position            = [0.0137, -0.0000, 0.3026]  x
  ee_velocity            = [-0.0000, -0.0000, -0.0000]  x
  reward                 = -0.4001                x
  is_success             = False                  x
  obstacle_in_path       = False                  x
  obstacle_count_in_path = 0                      x
  obstacles              = {}                     x
  objects                = {'object_1': {'type': 'box', 'size': [0.045, 0.03, 0.02], 'mass': 10.0, 'color': [0.1, 0.2, 0.9, 1.0], 'initial_position': [-0.25, 0.0, 0.02], 'lateral_friction': 0.5, 'spinning_friction': 0.001, 'current_position': [-0.25000753017973193, 1.2094093116319517e-05, 0.00999004303736564]}}  x
  scripts                = {'script_1': True, 'reach_only': True, 'left_right': True}  x
  target_goal            = {'type': 'goal_sequence', 'targets': [{'name': 'target', 'position': [0.15000000596046448, 0.0, 0.019999999552965164]}], 'mode': 'goal_sequence'}  x
  scene                  = {'table': {'length': 1.1, 'width': 0.7, 'height': 0.4, 'x_offset': -0.3, 'lateral_friction': 3.0, 'spinning_friction': 0.001}}  x
  robot_config           = {'control_type': 'ee', 'block_gripper': False, 'base_position': [-0.6, 0.0, 0.05]}  x
  current_task           = ABORT                  x
  active_target_name     = target                 x
  action                 = [0.0000, 0.0000, 0.0000, 1.0000]  x
  joint_angles           = [0.0002, 0.2165, -0.0003, -1.8480, 0.0001, 2.0645, 0.7853]  x
  joint_velocities       = [0.0000, -0.0000, -0.0000, -0.0000, 0.0000, 0.0000, -0.0000]  x
  cube_rotation          = [0.0000, -0.0000, 0.0001]  x
  cube_linear_velocity   = [-0.0000, 0.0000, -0.0000]  x
  obstacle_positions     = {}                     x
[step=  85 01:11:47.973][Analyzer] ASM node=safe_abort  goal_status=not_applicable
[step=  86 01:11:49.078][Manager] ep=1 subtask= reward=-0.4001
[step=  86 01:11:49.079][Manager][MOCK] finger_contacts forçado para 1 (grasp_attempts=3)
[step=  86 01:11:49.079][Perception]
  RAW PERCEPTION                                  MONITORED PARAMS
  ----------------------------------------------  --------------------------------------
  fingers_width         = 0.0800 m                gripper_width_cm      = 7 cm
  dist_ee_to_cube       = 0.3939 m                distance_ee_object_cm = 39 cm
  dist_cube_to_target   = 0.4001 m  (3D)          distance_obj_goal_cm  = 40 cm  (XY)
  cube_position (z)     = 0.0100 m                object_lift_height_cm = 0 cm
  cube_position (xy)    = [-0.250, 0.000]         grasp_completed       = 0
  target_position (xy)  = [0.150, 0.000]          finger_contacts       = 1
  x                                               grasp_attempts        = 3
  episode                = 1                      x
  step                   = 86                     x
  ee_position            = [0.0137, -0.0000, 0.3026]  x
  ee_velocity            = [-0.0000, -0.0000, -0.0000]  x
  reward                 = -0.4001                x
  is_success             = False                  x
  obstacle_in_path       = False                  x
  obstacle_count_in_path = 0                      x
  obstacles              = {}                     x
  objects                = {'object_1': {'type': 'box', 'size': [0.045, 0.03, 0.02], 'mass': 10.0, 'color': [0.1, 0.2, 0.9, 1.0], 'initial_position': [-0.25, 0.0, 0.02], 'lateral_friction': 0.5, 'spinning_friction': 0.001, 'current_position': [-0.25000771567040764, 1.2393816090596132e-05, 0.00999004303723317]}}  x
  scripts                = {'script_1': True, 'reach_only': True, 'left_right': True}  x
  target_goal            = {'type': 'goal_sequence', 'targets': [{'name': 'target', 'position': [0.15000000596046448, 0.0, 0.019999999552965164]}], 'mode': 'goal_sequence'}  x
  scene                  = {'table': {'length': 1.1, 'width': 0.7, 'height': 0.4, 'x_offset': -0.3, 'lateral_friction': 3.0, 'spinning_friction': 0.001}}  x
  robot_config           = {'control_type': 'ee', 'block_gripper': False, 'base_position': [-0.6, 0.0, 0.05]}  x
  current_task           = ABORT                  x
  active_target_name     = target                 x
  action                 = [0.0000, 0.0000, 0.0000, 1.0000]  x
  joint_angles           = [0.0002, 0.2165, -0.0003, -1.8480, 0.0001, 2.0645, 0.7853]  x
  joint_velocities       = [0.0000, -0.0000, -0.0000, -0.0000, 0.0000, 0.0000, -0.0000]  x
  cube_rotation          = [0.0000, -0.0000, 0.0001]  x
  cube_linear_velocity   = [-0.0000, 0.0000, -0.0000]  x
  obstacle_positions     = {}                     x
[step=  86 01:11:49.081][Analyzer] ASM node=safe_abort  goal_status=not_applicable
[step=  87 01:11:50.226][Manager] ep=1 subtask= reward=-0.4001
[step=  87 01:11:50.226][Manager][MOCK] finger_contacts forçado para 1 (grasp_attempts=3)
[step=  87 01:11:50.226][Perception]
  RAW PERCEPTION                                  MONITORED PARAMS
  ----------------------------------------------  --------------------------------------
  fingers_width         = 0.0800 m                gripper_width_cm      = 7 cm
  dist_ee_to_cube       = 0.3939 m                distance_ee_object_cm = 39 cm
  dist_cube_to_target   = 0.4001 m  (3D)          distance_obj_goal_cm  = 40 cm  (XY)
  cube_position (z)     = 0.0100 m                object_lift_height_cm = 0 cm
  cube_position (xy)    = [-0.250, 0.000]         grasp_completed       = 0
  target_position (xy)  = [0.150, 0.000]          finger_contacts       = 1
  x                                               grasp_attempts        = 3
  episode                = 1                      x
  step                   = 87                     x
  ee_position            = [0.0137, -0.0000, 0.3026]  x
  ee_velocity            = [-0.0000, -0.0000, -0.0000]  x
  reward                 = -0.4001                x
  is_success             = False                  x
  obstacle_in_path       = False                  x
  obstacle_count_in_path = 0                      x
  obstacles              = {}                     x
  objects                = {'object_1': {'type': 'box', 'size': [0.045, 0.03, 0.02], 'mass': 10.0, 'color': [0.1, 0.2, 0.9, 1.0], 'initial_position': [-0.25, 0.0, 0.02], 'lateral_friction': 0.5, 'spinning_friction': 0.001, 'current_position': [-0.250007901164277, 1.269353626096354e-05, 0.009990043037100686]}}  x
  scripts                = {'script_1': True, 'reach_only': True, 'left_right': True}  x
  target_goal            = {'type': 'goal_sequence', 'targets': [{'name': 'target', 'position': [0.15000000596046448, 0.0, 0.019999999552965164]}], 'mode': 'goal_sequence'}  x
  scene                  = {'table': {'length': 1.1, 'width': 0.7, 'height': 0.4, 'x_offset': -0.3, 'lateral_friction': 3.0, 'spinning_friction': 0.001}}  x
  robot_config           = {'control_type': 'ee', 'block_gripper': False, 'base_position': [-0.6, 0.0, 0.05]}  x
  current_task           = ABORT                  x
  active_target_name     = target                 x
  action                 = [0.0000, 0.0000, 0.0000, 1.0000]  x
  joint_angles           = [0.0002, 0.2165, -0.0003, -1.8480, 0.0001, 2.0645, 0.7853]  x
  joint_velocities       = [0.0000, -0.0000, -0.0000, -0.0000, 0.0000, 0.0000, -0.0000]  x
  cube_rotation          = [0.0000, -0.0000, 0.0001]  x
  cube_linear_velocity   = [-0.0000, 0.0000, -0.0000]  x
  obstacle_positions     = {}                     x
[step=  87 01:11:50.228][Analyzer] ASM node=safe_abort  goal_status=not_applicable
[step=  88 01:11:51.372][Manager] ep=1 subtask= reward=-0.4001
[step=  88 01:11:51.372][Manager][MOCK] finger_contacts forçado para 1 (grasp_attempts=3)
[step=  88 01:11:51.372][Perception]
  RAW PERCEPTION                                  MONITORED PARAMS
  ----------------------------------------------  --------------------------------------
  fingers_width         = 0.0800 m                gripper_width_cm      = 7 cm
  dist_ee_to_cube       = 0.3939 m                distance_ee_object_cm = 39 cm
  dist_cube_to_target   = 0.4001 m  (3D)          distance_obj_goal_cm  = 40 cm  (XY)
  cube_position (z)     = 0.0100 m                object_lift_height_cm = 0 cm
  cube_position (xy)    = [-0.250, 0.000]         grasp_completed       = 0
  target_position (xy)  = [0.150, 0.000]          finger_contacts       = 1
  x                                               grasp_attempts        = 3
  episode                = 1                      x
  step                   = 88                     x
  ee_position            = [0.0137, -0.0000, 0.3026]  x
  ee_velocity            = [-0.0000, -0.0000, -0.0000]  x
  reward                 = -0.4001                x
  is_success             = False                  x
  obstacle_in_path       = False                  x
  obstacle_count_in_path = 0                      x
  obstacles              = {}                     x
  objects                = {'object_1': {'type': 'box', 'size': [0.045, 0.03, 0.02], 'mass': 10.0, 'color': [0.1, 0.2, 0.9, 1.0], 'initial_position': [-0.25, 0.0, 0.02], 'lateral_friction': 0.5, 'spinning_friction': 0.001, 'current_position': [-0.2500080866613401, 1.2993253627117939e-05, 0.0099900430369682]}}  x
  scripts                = {'script_1': True, 'reach_only': True, 'left_right': True}  x
  target_goal            = {'type': 'goal_sequence', 'targets': [{'name': 'target', 'position': [0.15000000596046448, 0.0, 0.019999999552965164]}], 'mode': 'goal_sequence'}  x
  scene                  = {'table': {'length': 1.1, 'width': 0.7, 'height': 0.4, 'x_offset': -0.3, 'lateral_friction': 3.0, 'spinning_friction': 0.001}}  x
  robot_config           = {'control_type': 'ee', 'block_gripper': False, 'base_position': [-0.6, 0.0, 0.05]}  x
  current_task           = ABORT                  x
  active_target_name     = target                 x
  action                 = [0.0000, 0.0000, 0.0000, 1.0000]  x
  joint_angles           = [0.0002, 0.2165, -0.0003, -1.8480, 0.0001, 2.0645, 0.7853]  x
  joint_velocities       = [0.0000, -0.0000, -0.0000, -0.0000, 0.0000, 0.0000, -0.0000]  x
  cube_rotation          = [0.0000, -0.0000, 0.0002]  x
  cube_linear_velocity   = [-0.0000, 0.0000, -0.0000]  x
  obstacle_positions     = {}                     x
[step=  88 01:11:51.375][Analyzer] ASM node=safe_abort  goal_status=not_applicable
[step=  89 01:11:52.520][Manager] ep=1 subtask= reward=-0.4001
[step=  89 01:11:52.521][Manager][MOCK] finger_contacts forçado para 1 (grasp_attempts=3)
[step=  89 01:11:52.521][Perception]
  RAW PERCEPTION                                  MONITORED PARAMS
  ----------------------------------------------  --------------------------------------
  fingers_width         = 0.0800 m                gripper_width_cm      = 7 cm
  dist_ee_to_cube       = 0.3939 m                distance_ee_object_cm = 39 cm
  dist_cube_to_target   = 0.4001 m  (3D)          distance_obj_goal_cm  = 40 cm  (XY)
  cube_position (z)     = 0.0100 m                object_lift_height_cm = 0 cm
  cube_position (xy)    = [-0.250, 0.000]         grasp_completed       = 0
  target_position (xy)  = [0.150, 0.000]          finger_contacts       = 1
  x                                               grasp_attempts        = 3
  episode                = 1                      x
  step                   = 89                     x
  ee_position            = [0.0137, -0.0000, 0.3026]  x
  ee_velocity            = [-0.0000, -0.0000, -0.0000]  x
  reward                 = -0.4001                x
  is_success             = False                  x
  obstacle_in_path       = False                  x
  obstacle_count_in_path = 0                      x
  obstacles              = {}                     x
  objects                = {'object_1': {'type': 'box', 'size': [0.045, 0.03, 0.02], 'mass': 10.0, 'color': [0.1, 0.2, 0.9, 1.0], 'initial_position': [-0.25, 0.0, 0.02], 'lateral_friction': 0.5, 'spinning_friction': 0.001, 'current_position': [-0.25000827216159727, 1.3292968188733246e-05, 0.009990043036835707]}}  x
  scripts                = {'script_1': True, 'reach_only': True, 'left_right': True}  x
  target_goal            = {'type': 'goal_sequence', 'targets': [{'name': 'target', 'position': [0.15000000596046448, 0.0, 0.019999999552965164]}], 'mode': 'goal_sequence'}  x
  scene                  = {'table': {'length': 1.1, 'width': 0.7, 'height': 0.4, 'x_offset': -0.3, 'lateral_friction': 3.0, 'spinning_friction': 0.001}}  x
  robot_config           = {'control_type': 'ee', 'block_gripper': False, 'base_position': [-0.6, 0.0, 0.05]}  x
  current_task           = ABORT                  x
  active_target_name     = target                 x
  action                 = [0.0000, 0.0000, 0.0000, 1.0000]  x
  joint_angles           = [0.0002, 0.2165, -0.0003, -1.8480, 0.0001, 2.0645, 0.7853]  x
  joint_velocities       = [0.0000, -0.0000, -0.0000, -0.0000, 0.0000, 0.0000, -0.0000]  x
  cube_rotation          = [0.0000, -0.0000, 0.0002]  x
  cube_linear_velocity   = [-0.0000, 0.0000, -0.0000]  x
  obstacle_positions     = {}                     x
[step=  89 01:11:52.524][Analyzer] ASM node=safe_abort  goal_status=not_applicable
[step=  90 01:11:53.667][Manager] ep=1 subtask= reward=-0.4001
[step=  90 01:11:53.667][Manager][MOCK] finger_contacts forçado para 1 (grasp_attempts=3)
[step=  90 01:11:53.668][Perception]
  RAW PERCEPTION                                  MONITORED PARAMS
  ----------------------------------------------  --------------------------------------
  fingers_width         = 0.0800 m                gripper_width_cm      = 7 cm
  dist_ee_to_cube       = 0.3939 m                distance_ee_object_cm = 39 cm
  dist_cube_to_target   = 0.4001 m  (3D)          distance_obj_goal_cm  = 40 cm  (XY)
  cube_position (z)     = 0.0100 m                object_lift_height_cm = 0 cm
  cube_position (xy)    = [-0.250, 0.000]         grasp_completed       = 0
  target_position (xy)  = [0.150, 0.000]          finger_contacts       = 1
  x                                               grasp_attempts        = 3
  episode                = 1                      x
  step                   = 90                     x
  ee_position            = [0.0137, -0.0000, 0.3026]  x
  ee_velocity            = [-0.0000, -0.0000, -0.0000]  x
  reward                 = -0.4001                x
  is_success             = False                  x
  obstacle_in_path       = False                  x
  obstacle_count_in_path = 0                      x
  obstacles              = {}                     x
  objects                = {'object_1': {'type': 'box', 'size': [0.045, 0.03, 0.02], 'mass': 10.0, 'color': [0.1, 0.2, 0.9, 1.0], 'initial_position': [-0.25, 0.0, 0.02], 'lateral_friction': 0.5, 'spinning_friction': 0.001, 'current_position': [-0.25000845766504864, 1.3592679945529732e-05, 0.0099900430367032]}}  x
  scripts                = {'script_1': True, 'reach_only': True, 'left_right': True}  x
  target_goal            = {'type': 'goal_sequence', 'targets': [{'name': 'target', 'position': [0.15000000596046448, 0.0, 0.019999999552965164]}], 'mode': 'goal_sequence'}  x
  scene                  = {'table': {'length': 1.1, 'width': 0.7, 'height': 0.4, 'x_offset': -0.3, 'lateral_friction': 3.0, 'spinning_friction': 0.001}}  x
  robot_config           = {'control_type': 'ee', 'block_gripper': False, 'base_position': [-0.6, 0.0, 0.05]}  x
  current_task           = ABORT                  x
  active_target_name     = target                 x
  action                 = [0.0000, 0.0000, 0.0000, 1.0000]  x
  joint_angles           = [0.0002, 0.2165, -0.0003, -1.8480, 0.0001, 2.0645, 0.7853]  x
  joint_velocities       = [0.0000, -0.0000, -0.0000, -0.0000, 0.0000, 0.0000, -0.0000]  x
  cube_rotation          = [0.0000, -0.0000, 0.0002]  x
  cube_linear_velocity   = [-0.0000, 0.0000, -0.0000]  x
  obstacle_positions     = {}                     x
[step=  90 01:11:53.670][Analyzer] ASM node=safe_abort  goal_status=not_applicable
[step=  91 01:11:54.812][Manager] ep=1 subtask= reward=-0.4001
[step=  91 01:11:54.813][Manager][MOCK] finger_contacts forçado para 1 (grasp_attempts=3)
[step=  91 01:11:54.813][Perception]
  RAW PERCEPTION                                  MONITORED PARAMS
  ----------------------------------------------  --------------------------------------
  fingers_width         = 0.0800 m                gripper_width_cm      = 7 cm
  dist_ee_to_cube       = 0.3939 m                distance_ee_object_cm = 39 cm
  dist_cube_to_target   = 0.4001 m  (3D)          distance_obj_goal_cm  = 40 cm  (XY)
  cube_position (z)     = 0.0100 m                object_lift_height_cm = 0 cm
  cube_position (xy)    = [-0.250, 0.000]         grasp_completed       = 0
  target_position (xy)  = [0.150, 0.000]          finger_contacts       = 1
  x                                               grasp_attempts        = 3
  episode                = 1                      x
  step                   = 91                     x
  ee_position            = [0.0137, -0.0000, 0.3026]  x
  ee_velocity            = [-0.0000, -0.0000, -0.0000]  x
  reward                 = -0.4001                x
  is_success             = False                  x
  obstacle_in_path       = False                  x
  obstacle_count_in_path = 0                      x
  obstacles              = {}                     x
  objects                = {'object_1': {'type': 'box', 'size': [0.045, 0.03, 0.02], 'mass': 10.0, 'color': [0.1, 0.2, 0.9, 1.0], 'initial_position': [-0.25, 0.0, 0.02], 'lateral_friction': 0.5, 'spinning_friction': 0.001, 'current_position': [-0.25000864317169447, 1.3892388897206285e-05, 0.0099900430365707]}}  x
  scripts                = {'script_1': True, 'reach_only': True, 'left_right': True}  x
  target_goal            = {'type': 'goal_sequence', 'targets': [{'name': 'target', 'position': [0.15000000596046448, 0.0, 0.019999999552965164]}], 'mode': 'goal_sequence'}  x
  scene                  = {'table': {'length': 1.1, 'width': 0.7, 'height': 0.4, 'x_offset': -0.3, 'lateral_friction': 3.0, 'spinning_friction': 0.001}}  x
  robot_config           = {'control_type': 'ee', 'block_gripper': False, 'base_position': [-0.6, 0.0, 0.05]}  x
  current_task           = ABORT                  x
  active_target_name     = target                 x
  action                 = [0.0000, 0.0000, 0.0000, 1.0000]  x
  joint_angles           = [0.0002, 0.2165, -0.0003, -1.8480, 0.0001, 2.0645, 0.7853]  x
  joint_velocities       = [0.0000, -0.0000, -0.0000, -0.0000, 0.0000, 0.0000, -0.0000]  x
  cube_rotation          = [0.0000, -0.0000, 0.0002]  x
  cube_linear_velocity   = [-0.0000, 0.0000, -0.0000]  x
  obstacle_positions     = {}                     x
[step=  91 01:11:54.815][Analyzer] ASM node=safe_abort  goal_status=not_applicable
[step=  92 01:11:55.998][Manager] ep=1 subtask= reward=-0.4001
[step=  92 01:11:55.998][Manager][MOCK] finger_contacts forçado para 1 (grasp_attempts=3)
[step=  92 01:11:55.999][Perception]
  RAW PERCEPTION                                  MONITORED PARAMS
  ----------------------------------------------  --------------------------------------
  fingers_width         = 0.0800 m                gripper_width_cm      = 7 cm
  dist_ee_to_cube       = 0.3939 m                distance_ee_object_cm = 39 cm
  dist_cube_to_target   = 0.4001 m  (3D)          distance_obj_goal_cm  = 40 cm  (XY)
  cube_position (z)     = 0.0100 m                object_lift_height_cm = 0 cm
  cube_position (xy)    = [-0.250, 0.000]         grasp_completed       = 0
  target_position (xy)  = [0.150, 0.000]          finger_contacts       = 1
  x                                               grasp_attempts        = 3
  episode                = 1                      x
  step                   = 92                     x
  ee_position            = [0.0137, -0.0000, 0.3026]  x
  ee_velocity            = [-0.0000, -0.0000, -0.0000]  x
  reward                 = -0.4001                x
  is_success             = False                  x
  obstacle_in_path       = False                  x
  obstacle_count_in_path = 0                      x
  obstacles              = {}                     x
  objects                = {'object_1': {'type': 'box', 'size': [0.045, 0.03, 0.02], 'mass': 10.0, 'color': [0.1, 0.2, 0.9, 1.0], 'initial_position': [-0.25, 0.0, 0.02], 'lateral_friction': 0.5, 'spinning_friction': 0.001, 'current_position': [-0.25000882868153496, 1.419209504342741e-05, 0.009990043036438166]}}  x
  scripts                = {'script_1': True, 'reach_only': True, 'left_right': True}  x
  target_goal            = {'type': 'goal_sequence', 'targets': [{'name': 'target', 'position': [0.15000000596046448, 0.0, 0.019999999552965164]}], 'mode': 'goal_sequence'}  x
  scene                  = {'table': {'length': 1.1, 'width': 0.7, 'height': 0.4, 'x_offset': -0.3, 'lateral_friction': 3.0, 'spinning_friction': 0.001}}  x
  robot_config           = {'control_type': 'ee', 'block_gripper': False, 'base_position': [-0.6, 0.0, 0.05]}  x
  current_task           = ABORT                  x
  active_target_name     = target                 x
  action                 = [0.0000, 0.0000, 0.0000, 1.0000]  x
  joint_angles           = [0.0002, 0.2165, -0.0003, -1.8480, 0.0001, 2.0645, 0.7853]  x
  joint_velocities       = [0.0000, -0.0000, -0.0000, -0.0000, 0.0000, 0.0000, -0.0000]  x
  cube_rotation          = [0.0000, -0.0000, 0.0002]  x
  cube_linear_velocity   = [-0.0000, 0.0000, -0.0000]  x
  obstacle_positions     = {}                     x
[step=  92 01:11:56.001][Analyzer] ASM node=safe_abort  goal_status=not_applicable
[step=  93 01:11:57.106][Manager] ep=1 subtask= reward=-0.4001
[step=  93 01:11:57.106][Manager][MOCK] finger_contacts forçado para 1 (grasp_attempts=3)
[step=  93 01:11:57.107][Perception]
  RAW PERCEPTION                                  MONITORED PARAMS
  ----------------------------------------------  --------------------------------------
  fingers_width         = 0.0800 m                gripper_width_cm      = 7 cm
  dist_ee_to_cube       = 0.3939 m                distance_ee_object_cm = 39 cm
  dist_cube_to_target   = 0.4001 m  (3D)          distance_obj_goal_cm  = 40 cm  (XY)
  cube_position (z)     = 0.0100 m                object_lift_height_cm = 0 cm
  cube_position (xy)    = [-0.250, 0.000]         grasp_completed       = 0
  target_position (xy)  = [0.150, 0.000]          finger_contacts       = 1
  x                                               grasp_attempts        = 3
  episode                = 1                      x
  step                   = 93                     x
  ee_position            = [0.0137, -0.0000, 0.3026]  x
  ee_velocity            = [-0.0000, -0.0000, -0.0000]  x
  reward                 = -0.4001                x
  is_success             = False                  x
  obstacle_in_path       = False                  x
  obstacle_count_in_path = 0                      x
  obstacles              = {}                     x
  objects                = {'object_1': {'type': 'box', 'size': [0.045, 0.03, 0.02], 'mass': 10.0, 'color': [0.1, 0.2, 0.9, 1.0], 'initial_position': [-0.25, 0.0, 0.02], 'lateral_friction': 0.5, 'spinning_friction': 0.001, 'current_position': [-0.25000901419457033, 1.4491798383926513e-05, 0.00999004303630563]}}  x
  scripts                = {'script_1': True, 'reach_only': True, 'left_right': True}  x
  target_goal            = {'type': 'goal_sequence', 'targets': [{'name': 'target', 'position': [0.15000000596046448, 0.0, 0.019999999552965164]}], 'mode': 'goal_sequence'}  x
  scene                  = {'table': {'length': 1.1, 'width': 0.7, 'height': 0.4, 'x_offset': -0.3, 'lateral_friction': 3.0, 'spinning_friction': 0.001}}  x
  robot_config           = {'control_type': 'ee', 'block_gripper': False, 'base_position': [-0.6, 0.0, 0.05]}  x
  current_task           = ABORT                  x
  active_target_name     = target                 x
  action                 = [0.0000, 0.0000, 0.0000, 1.0000]  x
  joint_angles           = [0.0002, 0.2165, -0.0003, -1.8480, 0.0001, 2.0645, 0.7853]  x
  joint_velocities       = [0.0000, -0.0000, -0.0000, -0.0000, 0.0000, 0.0000, -0.0000]  x
  cube_rotation          = [0.0000, -0.0000, 0.0002]  x
  cube_linear_velocity   = [-0.0000, 0.0000, -0.0000]  x
  obstacle_positions     = {}                     x
[step=  93 01:11:57.109][Analyzer] ASM node=safe_abort  goal_status=not_applicable
[step=  94 01:11:58.265][Manager] ep=1 subtask= reward=-0.4001
[step=  94 01:11:58.265][Manager][MOCK] finger_contacts forçado para 1 (grasp_attempts=3)
[step=  94 01:11:58.266][Perception]
  RAW PERCEPTION                                  MONITORED PARAMS
  ----------------------------------------------  --------------------------------------
  fingers_width         = 0.0800 m                gripper_width_cm      = 7 cm
  dist_ee_to_cube       = 0.3939 m                distance_ee_object_cm = 39 cm
  dist_cube_to_target   = 0.4001 m  (3D)          distance_obj_goal_cm  = 40 cm  (XY)
  cube_position (z)     = 0.0100 m                object_lift_height_cm = 0 cm
  cube_position (xy)    = [-0.250, 0.000]         grasp_completed       = 0
  target_position (xy)  = [0.150, 0.000]          finger_contacts       = 1
  x                                               grasp_attempts        = 3
  episode                = 1                      x
  step                   = 94                     x
  ee_position            = [0.0137, -0.0000, 0.3026]  x
  ee_velocity            = [-0.0000, -0.0000, -0.0000]  x
  reward                 = -0.4001                x
  is_success             = False                  x
  obstacle_in_path       = False                  x
  obstacle_count_in_path = 0                      x
  obstacles              = {}                     x
  objects                = {'object_1': {'type': 'box', 'size': [0.045, 0.03, 0.02], 'mass': 10.0, 'color': [0.1, 0.2, 0.9, 1.0], 'initial_position': [-0.25, 0.0, 0.02], 'lateral_friction': 0.5, 'spinning_friction': 0.001, 'current_position': [-0.2500091997108007, 1.4791498918383423e-05, 0.00999004303617307]}}  x
  scripts                = {'script_1': True, 'reach_only': True, 'left_right': True}  x
  target_goal            = {'type': 'goal_sequence', 'targets': [{'name': 'target', 'position': [0.15000000596046448, 0.0, 0.019999999552965164]}], 'mode': 'goal_sequence'}  x
  scene                  = {'table': {'length': 1.1, 'width': 0.7, 'height': 0.4, 'x_offset': -0.3, 'lateral_friction': 3.0, 'spinning_friction': 0.001}}  x
  robot_config           = {'control_type': 'ee', 'block_gripper': False, 'base_position': [-0.6, 0.0, 0.05]}  x
  current_task           = ABORT                  x
  active_target_name     = target                 x
  action                 = [0.0000, 0.0000, 0.0000, 1.0000]  x
  joint_angles           = [0.0002, 0.2165, -0.0003, -1.8480, 0.0001, 2.0645, 0.7853]  x
  joint_velocities       = [0.0000, -0.0000, -0.0000, -0.0000, 0.0000, 0.0000, -0.0000]  x
  cube_rotation          = [0.0000, -0.0000, 0.0002]  x
  cube_linear_velocity   = [-0.0000, 0.0000, -0.0000]  x
  obstacle_positions     = {}                     x
[step=  94 01:11:58.268][Analyzer] ASM node=safe_abort  goal_status=not_applicable
[step=  95 01:11:59.400][Manager] ep=1 subtask= reward=-0.4001
[step=  95 01:11:59.400][Manager][MOCK] finger_contacts forçado para 1 (grasp_attempts=3)
[step=  95 01:11:59.400][Perception]
  RAW PERCEPTION                                  MONITORED PARAMS
  ----------------------------------------------  --------------------------------------
  fingers_width         = 0.0800 m                gripper_width_cm      = 7 cm
  dist_ee_to_cube       = 0.3939 m                distance_ee_object_cm = 39 cm
  dist_cube_to_target   = 0.4001 m  (3D)          distance_obj_goal_cm  = 40 cm  (XY)
  cube_position (z)     = 0.0100 m                object_lift_height_cm = 0 cm
  cube_position (xy)    = [-0.250, 0.000]         grasp_completed       = 0
  target_position (xy)  = [0.150, 0.000]          finger_contacts       = 1
  x                                               grasp_attempts        = 3
  episode                = 1                      x
  step                   = 95                     x
  ee_position            = [0.0137, -0.0000, 0.3026]  x
  ee_velocity            = [-0.0000, -0.0000, -0.0000]  x
  reward                 = -0.4001                x
  is_success             = False                  x
  obstacle_in_path       = False                  x
  obstacle_count_in_path = 0                      x
  obstacles              = {}                     x
  objects                = {'object_1': {'type': 'box', 'size': [0.045, 0.03, 0.02], 'mass': 10.0, 'color': [0.1, 0.2, 0.9, 1.0], 'initial_position': [-0.25, 0.0, 0.02], 'lateral_friction': 0.5, 'spinning_friction': 0.001, 'current_position': [-0.2500093852302265, 1.5091196646487905e-05, 0.009990043036040522]}}  x
  scripts                = {'script_1': True, 'reach_only': True, 'left_right': True}  x
  target_goal            = {'type': 'goal_sequence', 'targets': [{'name': 'target', 'position': [0.15000000596046448, 0.0, 0.019999999552965164]}], 'mode': 'goal_sequence'}  x
  scene                  = {'table': {'length': 1.1, 'width': 0.7, 'height': 0.4, 'x_offset': -0.3, 'lateral_friction': 3.0, 'spinning_friction': 0.001}}  x
  robot_config           = {'control_type': 'ee', 'block_gripper': False, 'base_position': [-0.6, 0.0, 0.05]}  x
  current_task           = ABORT                  x
  active_target_name     = target                 x
  action                 = [0.0000, 0.0000, 0.0000, 1.0000]  x
  joint_angles           = [0.0002, 0.2165, -0.0003, -1.8480, 0.0001, 2.0645, 0.7853]  x
  joint_velocities       = [0.0000, -0.0000, -0.0000, -0.0000, 0.0000, 0.0000, -0.0000]  x
  cube_rotation          = [0.0000, -0.0000, 0.0002]  x
  cube_linear_velocity   = [-0.0000, 0.0000, -0.0000]  x
  obstacle_positions     = {}                     x
[step=  95 01:11:59.402][Analyzer] ASM node=safe_abort  goal_status=not_applicable
[step=  96 01:12:00.546][Manager] ep=1 subtask= reward=-0.4001
[step=  96 01:12:00.546][Manager][MOCK] finger_contacts forçado para 1 (grasp_attempts=3)
[step=  96 01:12:00.547][Perception]
  RAW PERCEPTION                                  MONITORED PARAMS
  ----------------------------------------------  --------------------------------------
  fingers_width         = 0.0800 m                gripper_width_cm      = 7 cm
  dist_ee_to_cube       = 0.3939 m                distance_ee_object_cm = 39 cm
  dist_cube_to_target   = 0.4001 m  (3D)          distance_obj_goal_cm  = 40 cm  (XY)
  cube_position (z)     = 0.0100 m                object_lift_height_cm = 0 cm
  cube_position (xy)    = [-0.250, 0.000]         grasp_completed       = 0
  target_position (xy)  = [0.150, 0.000]          finger_contacts       = 1
  x                                               grasp_attempts        = 3
  episode                = 1                      x
  step                   = 96                     x
  ee_position            = [0.0137, -0.0000, 0.3026]  x
  ee_velocity            = [-0.0000, -0.0000, -0.0000]  x
  reward                 = -0.4001                x
  is_success             = False                  x
  obstacle_in_path       = False                  x
  obstacle_count_in_path = 0                      x
  obstacles              = {}                     x
  objects                = {'object_1': {'type': 'box', 'size': [0.045, 0.03, 0.02], 'mass': 10.0, 'color': [0.1, 0.2, 0.9, 1.0], 'initial_position': [-0.25, 0.0, 0.02], 'lateral_friction': 0.5, 'spinning_friction': 0.001, 'current_position': [-0.25000957075284763, 1.5390891567940752e-05, 0.00999004303590796]}}  x
  scripts                = {'script_1': True, 'reach_only': True, 'left_right': True}  x
  target_goal            = {'type': 'goal_sequence', 'targets': [{'name': 'target', 'position': [0.15000000596046448, 0.0, 0.019999999552965164]}], 'mode': 'goal_sequence'}  x
  scene                  = {'table': {'length': 1.1, 'width': 0.7, 'height': 0.4, 'x_offset': -0.3, 'lateral_friction': 3.0, 'spinning_friction': 0.001}}  x
  robot_config           = {'control_type': 'ee', 'block_gripper': False, 'base_position': [-0.6, 0.0, 0.05]}  x
  current_task           = ABORT                  x
  active_target_name     = target                 x
  action                 = [0.0000, 0.0000, 0.0000, 1.0000]  x
  joint_angles           = [0.0002, 0.2165, -0.0003, -1.8480, 0.0001, 2.0645, 0.7853]  x
  joint_velocities       = [0.0000, -0.0000, -0.0000, -0.0000, 0.0000, 0.0000, -0.0000]  x
  cube_rotation          = [0.0000, -0.0000, 0.0002]  x
  cube_linear_velocity   = [-0.0000, 0.0000, -0.0000]  x
  obstacle_positions     = {}                     x
[step=  96 01:12:00.549][Analyzer] ASM node=safe_abort  goal_status=not_applicable
[step=  97 01:12:01.693][Manager] ep=1 subtask= reward=-0.4001
[step=  97 01:12:01.693][Manager][MOCK] finger_contacts forçado para 1 (grasp_attempts=3)
[step=  97 01:12:01.693][Perception]
  RAW PERCEPTION                                  MONITORED PARAMS
  ----------------------------------------------  --------------------------------------
  fingers_width         = 0.0800 m                gripper_width_cm      = 7 cm
  dist_ee_to_cube       = 0.3939 m                distance_ee_object_cm = 39 cm
  dist_cube_to_target   = 0.4001 m  (3D)          distance_obj_goal_cm  = 40 cm  (XY)
  cube_position (z)     = 0.0100 m                object_lift_height_cm = 0 cm
  cube_position (xy)    = [-0.250, 0.000]         grasp_completed       = 0
  target_position (xy)  = [0.150, 0.000]          finger_contacts       = 1
  x                                               grasp_attempts        = 3
  episode                = 1                      x
  step                   = 97                     x
  ee_position            = [0.0137, -0.0000, 0.3026]  x
  ee_velocity            = [-0.0000, -0.0000, -0.0000]  x
  reward                 = -0.4001                x
  is_success             = False                  x
  obstacle_in_path       = False                  x
  obstacle_count_in_path = 0                      x
  obstacles              = {}                     x
  objects                = {'object_1': {'type': 'box', 'size': [0.045, 0.03, 0.02], 'mass': 10.0, 'color': [0.1, 0.2, 0.9, 1.0], 'initial_position': [-0.25, 0.0, 0.02], 'lateral_friction': 0.5, 'spinning_friction': 0.001, 'current_position': [-0.25000975627866456, 1.569058368244927e-05, 0.009990043035775352]}}  x
  scripts                = {'script_1': True, 'reach_only': True, 'left_right': True}  x
  target_goal            = {'type': 'goal_sequence', 'targets': [{'name': 'target', 'position': [0.15000000596046448, 0.0, 0.019999999552965164]}], 'mode': 'goal_sequence'}  x
  scene                  = {'table': {'length': 1.1, 'width': 0.7, 'height': 0.4, 'x_offset': -0.3, 'lateral_friction': 3.0, 'spinning_friction': 0.001}}  x
  robot_config           = {'control_type': 'ee', 'block_gripper': False, 'base_position': [-0.6, 0.0, 0.05]}  x
  current_task           = ABORT                  x
  active_target_name     = target                 x
  action                 = [0.0000, 0.0000, 0.0000, 1.0000]  x
  joint_angles           = [0.0002, 0.2165, -0.0003, -1.8480, 0.0001, 2.0645, 0.7853]  x
  joint_velocities       = [0.0000, -0.0000, -0.0000, -0.0000, 0.0000, 0.0000, -0.0000]  x
  cube_rotation          = [0.0000, -0.0000, 0.0002]  x
  cube_linear_velocity   = [-0.0000, 0.0000, -0.0000]  x
  obstacle_positions     = {}                     x
[step=  97 01:12:01.696][Analyzer] ASM node=safe_abort  goal_status=not_applicable
[step=  98 01:12:02.840][Manager] ep=1 subtask= reward=-0.4001
[step=  98 01:12:02.840][Manager][MOCK] finger_contacts forçado para 1 (grasp_attempts=3)
[step=  98 01:12:02.840][Perception]
  RAW PERCEPTION                                  MONITORED PARAMS
  ----------------------------------------------  --------------------------------------
  fingers_width         = 0.0800 m                gripper_width_cm      = 7 cm
  dist_ee_to_cube       = 0.3939 m                distance_ee_object_cm = 39 cm
  dist_cube_to_target   = 0.4001 m  (3D)          distance_obj_goal_cm  = 40 cm  (XY)
  cube_position (z)     = 0.0100 m                object_lift_height_cm = 0 cm
  cube_position (xy)    = [-0.250, 0.000]         grasp_completed       = 0
  target_position (xy)  = [0.150, 0.000]          finger_contacts       = 1
  x                                               grasp_attempts        = 3
  episode                = 1                      x
  step                   = 98                     x
  ee_position            = [0.0137, -0.0000, 0.3026]  x
  ee_velocity            = [-0.0000, -0.0000, -0.0000]  x
  reward                 = -0.4001                x
  is_success             = False                  x
  obstacle_in_path       = False                  x
  obstacle_count_in_path = 0                      x
  obstacles              = {}                     x
  objects                = {'object_1': {'type': 'box', 'size': [0.045, 0.03, 0.02], 'mass': 10.0, 'color': [0.1, 0.2, 0.9, 1.0], 'initial_position': [-0.25, 0.0, 0.02], 'lateral_friction': 0.5, 'spinning_friction': 0.001, 'current_position': [-0.2500099418076773, 1.5990272989697506e-05, 0.009990043035642758]}}  x
  scripts                = {'script_1': True, 'reach_only': True, 'left_right': True}  x
  target_goal            = {'type': 'goal_sequence', 'targets': [{'name': 'target', 'position': [0.15000000596046448, 0.0, 0.019999999552965164]}], 'mode': 'goal_sequence'}  x
  scene                  = {'table': {'length': 1.1, 'width': 0.7, 'height': 0.4, 'x_offset': -0.3, 'lateral_friction': 3.0, 'spinning_friction': 0.001}}  x
  robot_config           = {'control_type': 'ee', 'block_gripper': False, 'base_position': [-0.6, 0.0, 0.05]}  x
  current_task           = ABORT                  x
  active_target_name     = target                 x
  action                 = [0.0000, 0.0000, 0.0000, 1.0000]  x
  joint_angles           = [0.0002, 0.2165, -0.0003, -1.8480, 0.0001, 2.0645, 0.7853]  x
  joint_velocities       = [0.0000, -0.0000, -0.0000, -0.0000, 0.0000, 0.0000, -0.0000]  x
  cube_rotation          = [0.0000, -0.0000, 0.0002]  x
  cube_linear_velocity   = [-0.0000, 0.0000, -0.0000]  x
  obstacle_positions     = {}                     x
[step=  98 01:12:02.842][Analyzer] ASM node=safe_abort  goal_status=not_applicable
[step=  99 01:12:03.987][Manager] ep=1 subtask= reward=-0.4001
[step=  99 01:12:03.987][Manager][MOCK] finger_contacts forçado para 1 (grasp_attempts=3)
[step=  99 01:12:03.987][Perception]
  RAW PERCEPTION                                  MONITORED PARAMS
  ----------------------------------------------  --------------------------------------
  fingers_width         = 0.0800 m                gripper_width_cm      = 7 cm
  dist_ee_to_cube       = 0.3939 m                distance_ee_object_cm = 39 cm
  dist_cube_to_target   = 0.4001 m  (3D)          distance_obj_goal_cm  = 40 cm  (XY)
  cube_position (z)     = 0.0100 m                object_lift_height_cm = 0 cm
  cube_position (xy)    = [-0.250, 0.000]         grasp_completed       = 0
  target_position (xy)  = [0.150, 0.000]          finger_contacts       = 1
  x                                               grasp_attempts        = 3
  episode                = 1                      x
  step                   = 99                     x
  ee_position            = [0.0137, -0.0001, 0.3026]  x
  ee_velocity            = [-0.0000, -0.0000, -0.0000]  x
  reward                 = -0.4001                x
  is_success             = False                  x
  obstacle_in_path       = False                  x
  obstacle_count_in_path = 0                      x
  obstacles              = {}                     x
  objects                = {'object_1': {'type': 'box', 'size': [0.045, 0.03, 0.02], 'mass': 10.0, 'color': [0.1, 0.2, 0.9, 1.0], 'initial_position': [-0.25, 0.0, 0.02], 'lateral_friction': 0.5, 'spinning_friction': 0.001, 'current_position': [-0.2500101273398862, 1.6289959489387864e-05, 0.009990043035510144]}}  x
  scripts                = {'script_1': True, 'reach_only': True, 'left_right': True}  x
  target_goal            = {'type': 'goal_sequence', 'targets': [{'name': 'target', 'position': [0.15000000596046448, 0.0, 0.019999999552965164]}], 'mode': 'goal_sequence'}  x
  scene                  = {'table': {'length': 1.1, 'width': 0.7, 'height': 0.4, 'x_offset': -0.3, 'lateral_friction': 3.0, 'spinning_friction': 0.001}}  x
  robot_config           = {'control_type': 'ee', 'block_gripper': False, 'base_position': [-0.6, 0.0, 0.05]}  x
  current_task           = ABORT                  x
  active_target_name     = target                 x
  action                 = [0.0000, 0.0000, 0.0000, 1.0000]  x
  joint_angles           = [0.0002, 0.2165, -0.0003, -1.8480, 0.0001, 2.0645, 0.7853]  x
  joint_velocities       = [0.0000, -0.0000, -0.0000, -0.0000, 0.0000, 0.0000, -0.0000]  x
  cube_rotation          = [0.0000, -0.0000, 0.0002]  x
  cube_linear_velocity   = [-0.0000, 0.0000, -0.0000]  x
  obstacle_positions     = {}                     x
[step=  99 01:12:03.990][Analyzer] ASM node=safe_abort  goal_status=not_applicable
[step= 100 01:12:05.134][Manager] ep=1 subtask= reward=-0.4001
[step= 100 01:12:05.134][Manager][MOCK] finger_contacts forçado para 1 (grasp_attempts=3)
[step= 100 01:12:05.134][Perception]
  RAW PERCEPTION                                  MONITORED PARAMS
  ----------------------------------------------  --------------------------------------
  fingers_width         = 0.0800 m                gripper_width_cm      = 7 cm
  dist_ee_to_cube       = 0.3939 m                distance_ee_object_cm = 39 cm
  dist_cube_to_target   = 0.4001 m  (3D)          distance_obj_goal_cm  = 40 cm  (XY)
  cube_position (z)     = 0.0100 m                object_lift_height_cm = 0 cm
  cube_position (xy)    = [-0.250, 0.000]         grasp_completed       = 0
  target_position (xy)  = [0.150, 0.000]          finger_contacts       = 1
  x                                               grasp_attempts        = 3
  episode                = 1                      x
  step                   = 100                    x
  ee_position            = [0.0137, -0.0001, 0.3026]  x
  ee_velocity            = [-0.0000, -0.0000, -0.0000]  x
  reward                 = -0.4001                x
  is_success             = False                  x
  obstacle_in_path       = False                  x
  obstacle_count_in_path = 0                      x
  obstacles              = {}                     x
  objects                = {'object_1': {'type': 'box', 'size': [0.045, 0.03, 0.02], 'mass': 10.0, 'color': [0.1, 0.2, 0.9, 1.0], 'initial_position': [-0.25, 0.0, 0.02], 'lateral_friction': 0.5, 'spinning_friction': 0.001, 'current_position': [-0.25001031287529135, 1.658964318120574e-05, 0.00999004303537753]}}  x
  scripts                = {'script_1': True, 'reach_only': True, 'left_right': True}  x
  target_goal            = {'type': 'goal_sequence', 'targets': [{'name': 'target', 'position': [0.15000000596046448, 0.0, 0.019999999552965164]}], 'mode': 'goal_sequence'}  x
  scene                  = {'table': {'length': 1.1, 'width': 0.7, 'height': 0.4, 'x_offset': -0.3, 'lateral_friction': 3.0, 'spinning_friction': 0.001}}  x
  robot_config           = {'control_type': 'ee', 'block_gripper': False, 'base_position': [-0.6, 0.0, 0.05]}  x
  current_task           = ABORT                  x
  active_target_name     = target                 x
  action                 = [0.0000, 0.0000, 0.0000, 1.0000]  x
  joint_angles           = [0.0002, 0.2165, -0.0004, -1.8480, 0.0001, 2.0645, 0.7853]  x
  joint_velocities       = [0.0000, -0.0000, -0.0000, -0.0000, 0.0000, 0.0000, -0.0000]  x
  cube_rotation          = [0.0000, -0.0000, 0.0002]  x
  cube_linear_velocity   = [-0.0000, 0.0000, -0.0000]  x
  obstacle_positions     = {}                     x
[step= 100 01:12:05.137][Analyzer] ASM node=safe_abort  goal_status=not_applicable
[step= 101 01:12:06.280][Manager] ep=1 subtask= reward=-0.4001
[step= 101 01:12:06.280][Manager][MOCK] finger_contacts forçado para 1 (grasp_attempts=3)
[step= 101 01:12:06.281][Perception]
  RAW PERCEPTION                                  MONITORED PARAMS
  ----------------------------------------------  --------------------------------------
  fingers_width         = 0.0800 m                gripper_width_cm      = 7 cm
  dist_ee_to_cube       = 0.3939 m                distance_ee_object_cm = 39 cm
  dist_cube_to_target   = 0.4001 m  (3D)          distance_obj_goal_cm  = 40 cm  (XY)
  cube_position (z)     = 0.0100 m                object_lift_height_cm = 0 cm
  cube_position (xy)    = [-0.250, 0.000]         grasp_completed       = 0
  target_position (xy)  = [0.150, 0.000]          finger_contacts       = 1
  x                                               grasp_attempts        = 3
  episode                = 1                      x
  step                   = 101                    x
  ee_position            = [0.0137, -0.0001, 0.3026]  x
  ee_velocity            = [-0.0000, -0.0000, -0.0000]  x
  reward                 = -0.4001                x
  is_success             = False                  x
  obstacle_in_path       = False                  x
  obstacle_count_in_path = 0                      x
  obstacles              = {}                     x
  objects                = {'object_1': {'type': 'box', 'size': [0.045, 0.03, 0.02], 'mass': 10.0, 'color': [0.1, 0.2, 0.9, 1.0], 'initial_position': [-0.25, 0.0, 0.02], 'lateral_friction': 0.5, 'spinning_friction': 0.001, 'current_position': [-0.25001049841389306, 1.6889324064843232e-05, 0.009990043035244934]}}  x
  scripts                = {'script_1': True, 'reach_only': True, 'left_right': True}  x
  target_goal            = {'type': 'goal_sequence', 'targets': [{'name': 'target', 'position': [0.15000000596046448, 0.0, 0.019999999552965164]}], 'mode': 'goal_sequence'}  x
  scene                  = {'table': {'length': 1.1, 'width': 0.7, 'height': 0.4, 'x_offset': -0.3, 'lateral_friction': 3.0, 'spinning_friction': 0.001}}  x
  robot_config           = {'control_type': 'ee', 'block_gripper': False, 'base_position': [-0.6, 0.0, 0.05]}  x
  current_task           = ABORT                  x
  active_target_name     = target                 x
  action                 = [0.0000, 0.0000, 0.0000, 1.0000]  x
  joint_angles           = [0.0002, 0.2165, -0.0004, -1.8480, 0.0001, 2.0645, 0.7853]  x
  joint_velocities       = [0.0000, -0.0000, -0.0000, -0.0000, 0.0000, 0.0000, -0.0000]  x
  cube_rotation          = [0.0000, -0.0000, 0.0002]  x
  cube_linear_velocity   = [-0.0000, 0.0000, -0.0000]  x
  obstacle_positions     = {}                     x
[step= 101 01:12:06.283][Analyzer] ASM node=safe_abort  goal_status=not_applicable
[step= 102 01:12:07.466][Manager] ep=1 subtask= reward=-0.4001
[step= 102 01:12:07.467][Manager][MOCK] finger_contacts forçado para 1 (grasp_attempts=3)
[step= 102 01:12:07.467][Perception]
  RAW PERCEPTION                                  MONITORED PARAMS
  ----------------------------------------------  --------------------------------------
  fingers_width         = 0.0800 m                gripper_width_cm      = 7 cm
  dist_ee_to_cube       = 0.3939 m                distance_ee_object_cm = 39 cm
  dist_cube_to_target   = 0.4001 m  (3D)          distance_obj_goal_cm  = 40 cm  (XY)
  cube_position (z)     = 0.0100 m                object_lift_height_cm = 0 cm
  cube_position (xy)    = [-0.250, 0.000]         grasp_completed       = 0
  target_position (xy)  = [0.150, 0.000]          finger_contacts       = 1
  x                                               grasp_attempts        = 3
  episode                = 1                      x
  step                   = 102                    x
  ee_position            = [0.0137, -0.0001, 0.3026]  x
  ee_velocity            = [-0.0000, -0.0000, -0.0000]  x
  reward                 = -0.4001                x
  is_success             = False                  x
  obstacle_in_path       = False                  x
  obstacle_count_in_path = 0                      x
  obstacles              = {}                     x
  objects                = {'object_1': {'type': 'box', 'size': [0.045, 0.03, 0.02], 'mass': 10.0, 'color': [0.1, 0.2, 0.9, 1.0], 'initial_position': [-0.25, 0.0, 0.02], 'lateral_friction': 0.5, 'spinning_friction': 0.001, 'current_position': [-0.25001068395569165, 1.71890021400297e-05, 0.009990043035112276]}}  x
  scripts                = {'script_1': True, 'reach_only': True, 'left_right': True}  x
  target_goal            = {'type': 'goal_sequence', 'targets': [{'name': 'target', 'position': [0.15000000596046448, 0.0, 0.019999999552965164]}], 'mode': 'goal_sequence'}  x
  scene                  = {'table': {'length': 1.1, 'width': 0.7, 'height': 0.4, 'x_offset': -0.3, 'lateral_friction': 3.0, 'spinning_friction': 0.001}}  x
  robot_config           = {'control_type': 'ee', 'block_gripper': False, 'base_position': [-0.6, 0.0, 0.05]}  x
  current_task           = ABORT                  x
  active_target_name     = target                 x
  action                 = [0.0000, 0.0000, 0.0000, 1.0000]  x
  joint_angles           = [0.0002, 0.2165, -0.0004, -1.8480, 0.0001, 2.0645, 0.7853]  x
  joint_velocities       = [0.0000, -0.0000, -0.0000, -0.0000, 0.0000, 0.0000, -0.0000]  x
  cube_rotation          = [0.0000, -0.0000, 0.0002]  x
  cube_linear_velocity   = [-0.0000, 0.0000, -0.0000]  x
  obstacle_positions     = {}                     x
[step= 102 01:12:07.469][Analyzer] ASM node=safe_abort  goal_status=not_applicable
[step= 103 01:12:08.574][Manager] ep=1 subtask= reward=-0.4001
[step= 103 01:12:08.574][Manager][MOCK] finger_contacts forçado para 1 (grasp_attempts=3)
[step= 103 01:12:08.574][Perception]
  RAW PERCEPTION                                  MONITORED PARAMS
  ----------------------------------------------  --------------------------------------
  fingers_width         = 0.0800 m                gripper_width_cm      = 7 cm
  dist_ee_to_cube       = 0.3939 m                distance_ee_object_cm = 39 cm
  dist_cube_to_target   = 0.4001 m  (3D)          distance_obj_goal_cm  = 40 cm  (XY)
  cube_position (z)     = 0.0100 m                object_lift_height_cm = 0 cm
  cube_position (xy)    = [-0.250, 0.000]         grasp_completed       = 0
  target_position (xy)  = [0.150, 0.000]          finger_contacts       = 1
  x                                               grasp_attempts        = 3
  episode                = 1                      x
  step                   = 103                    x
  ee_position            = [0.0137, -0.0001, 0.3026]  x
  ee_velocity            = [-0.0000, -0.0000, -0.0000]  x
  reward                 = -0.4001                x
  is_success             = False                  x
  obstacle_in_path       = False                  x
  obstacle_count_in_path = 0                      x
  obstacles              = {}                     x
  objects                = {'object_1': {'type': 'box', 'size': [0.045, 0.03, 0.02], 'mass': 10.0, 'color': [0.1, 0.2, 0.9, 1.0], 'initial_position': [-0.25, 0.0, 0.02], 'lateral_friction': 0.5, 'spinning_friction': 0.001, 'current_position': [-0.25001086950068685, 1.7488677406409167e-05, 0.00999004303497965]}}  x
  scripts                = {'script_1': True, 'reach_only': True, 'left_right': True}  x
  target_goal            = {'type': 'goal_sequence', 'targets': [{'name': 'target', 'position': [0.15000000596046448, 0.0, 0.019999999552965164]}], 'mode': 'goal_sequence'}  x
  scene                  = {'table': {'length': 1.1, 'width': 0.7, 'height': 0.4, 'x_offset': -0.3, 'lateral_friction': 3.0, 'spinning_friction': 0.001}}  x
  robot_config           = {'control_type': 'ee', 'block_gripper': False, 'base_position': [-0.6, 0.0, 0.05]}  x
  current_task           = ABORT                  x
  active_target_name     = target                 x
  action                 = [0.0000, 0.0000, 0.0000, 1.0000]  x
  joint_angles           = [0.0002, 0.2165, -0.0004, -1.8480, 0.0001, 2.0645, 0.7853]  x
  joint_velocities       = [0.0000, -0.0000, -0.0000, -0.0000, 0.0000, 0.0000, -0.0000]  x
  cube_rotation          = [0.0000, -0.0000, 0.0002]  x
  cube_linear_velocity   = [-0.0000, 0.0000, -0.0000]  x
  obstacle_positions     = {}                     x
[step= 103 01:12:08.577][Analyzer] ASM node=safe_abort  goal_status=not_applicable
[step= 104 01:12:09.746][Manager] ep=1 subtask= reward=-0.4001
[step= 104 01:12:09.747][Manager][MOCK] finger_contacts forçado para 1 (grasp_attempts=3)
[step= 104 01:12:09.747][Perception]
  RAW PERCEPTION                                  MONITORED PARAMS
  ----------------------------------------------  --------------------------------------
  fingers_width         = 0.0800 m                gripper_width_cm      = 7 cm
  dist_ee_to_cube       = 0.3939 m                distance_ee_object_cm = 39 cm
  dist_cube_to_target   = 0.4001 m  (3D)          distance_obj_goal_cm  = 40 cm  (XY)
  cube_position (z)     = 0.0100 m                object_lift_height_cm = 0 cm
  cube_position (xy)    = [-0.250, 0.000]         grasp_completed       = 0
  target_position (xy)  = [0.150, 0.000]          finger_contacts       = 1
  x                                               grasp_attempts        = 3
  episode                = 1                      x
  step                   = 104                    x
  ee_position            = [0.0137, -0.0001, 0.3026]  x
  ee_velocity            = [-0.0000, -0.0000, -0.0000]  x
  reward                 = -0.4001                x
  is_success             = False                  x
  obstacle_in_path       = False                  x
  obstacle_count_in_path = 0                      x
  obstacles              = {}                     x
  objects                = {'object_1': {'type': 'box', 'size': [0.045, 0.03, 0.02], 'mass': 10.0, 'color': [0.1, 0.2, 0.9, 1.0], 'initial_position': [-0.25, 0.0, 0.02], 'lateral_friction': 0.5, 'spinning_friction': 0.001, 'current_position': [-0.2500110550488792, 1.7788349863736882e-05, 0.009990043034846997]}}  x
  scripts                = {'script_1': True, 'reach_only': True, 'left_right': True}  x
  target_goal            = {'type': 'goal_sequence', 'targets': [{'name': 'target', 'position': [0.15000000596046448, 0.0, 0.019999999552965164]}], 'mode': 'goal_sequence'}  x
  scene                  = {'table': {'length': 1.1, 'width': 0.7, 'height': 0.4, 'x_offset': -0.3, 'lateral_friction': 3.0, 'spinning_friction': 0.001}}  x
  robot_config           = {'control_type': 'ee', 'block_gripper': False, 'base_position': [-0.6, 0.0, 0.05]}  x
  current_task           = ABORT                  x
  active_target_name     = target                 x
  action                 = [0.0000, 0.0000, 0.0000, 1.0000]  x
  joint_angles           = [0.0002, 0.2165, -0.0004, -1.8480, 0.0001, 2.0645, 0.7853]  x
  joint_velocities       = [0.0000, -0.0000, -0.0000, -0.0000, 0.0000, 0.0000, -0.0000]  x
  cube_rotation          = [0.0000, -0.0000, 0.0002]  x
  cube_linear_velocity   = [-0.0000, 0.0000, -0.0000]  x
  obstacle_positions     = {}                     x
[step= 104 01:12:09.750][Analyzer] ASM node=safe_abort  goal_status=not_applicable
[step= 105 01:12:10.867][Manager] ep=1 subtask= reward=-0.4001
[step= 105 01:12:10.868][Manager][MOCK] finger_contacts forçado para 1 (grasp_attempts=3)
[step= 105 01:12:10.868][Perception]
  RAW PERCEPTION                                  MONITORED PARAMS
  ----------------------------------------------  --------------------------------------
  fingers_width         = 0.0800 m                gripper_width_cm      = 7 cm
  dist_ee_to_cube       = 0.3939 m                distance_ee_object_cm = 39 cm
  dist_cube_to_target   = 0.4001 m  (3D)          distance_obj_goal_cm  = 40 cm  (XY)
  cube_position (z)     = 0.0100 m                object_lift_height_cm = 0 cm
  cube_position (xy)    = [-0.250, 0.000]         grasp_completed       = 0
  target_position (xy)  = [0.150, 0.000]          finger_contacts       = 1
  x                                               grasp_attempts        = 3
  episode                = 1                      x
  step                   = 105                    x
  ee_position            = [0.0137, -0.0001, 0.3026]  x
  ee_velocity            = [-0.0000, -0.0000, -0.0000]  x
  reward                 = -0.4001                x
  is_success             = False                  x
  obstacle_in_path       = False                  x
  obstacle_count_in_path = 0                      x
  obstacles              = {}                     x
  objects                = {'object_1': {'type': 'box', 'size': [0.045, 0.03, 0.02], 'mass': 10.0, 'color': [0.1, 0.2, 0.9, 1.0], 'initial_position': [-0.25, 0.0, 0.02], 'lateral_friction': 0.5, 'spinning_friction': 0.001, 'current_position': [-0.250011240600269, 1.8088019511656285e-05, 0.00999004303471434]}}  x
  scripts                = {'script_1': True, 'reach_only': True, 'left_right': True}  x
  target_goal            = {'type': 'goal_sequence', 'targets': [{'name': 'target', 'position': [0.15000000596046448, 0.0, 0.019999999552965164]}], 'mode': 'goal_sequence'}  x
  scene                  = {'table': {'length': 1.1, 'width': 0.7, 'height': 0.4, 'x_offset': -0.3, 'lateral_friction': 3.0, 'spinning_friction': 0.001}}  x
  robot_config           = {'control_type': 'ee', 'block_gripper': False, 'base_position': [-0.6, 0.0, 0.05]}  x
  current_task           = ABORT                  x
  active_target_name     = target                 x
  action                 = [0.0000, 0.0000, 0.0000, 1.0000]  x
  joint_angles           = [0.0002, 0.2165, -0.0004, -1.8480, 0.0001, 2.0645, 0.7852]  x
  joint_velocities       = [0.0000, -0.0000, -0.0000, -0.0000, 0.0000, 0.0000, -0.0000]  x
  cube_rotation          = [0.0000, -0.0000, 0.0002]  x
  cube_linear_velocity   = [-0.0000, 0.0000, -0.0000]  x
  obstacle_positions     = {}                     x
[step= 105 01:12:10.870][Analyzer] ASM node=safe_abort  goal_status=not_applicable
[step= 106 01:12:12.040][Manager] ep=1 subtask= reward=-0.4001
[step= 106 01:12:12.040][Manager][MOCK] finger_contacts forçado para 1 (grasp_attempts=3)
[step= 106 01:12:12.041][Perception]
  RAW PERCEPTION                                  MONITORED PARAMS
  ----------------------------------------------  --------------------------------------
  fingers_width         = 0.0800 m                gripper_width_cm      = 7 cm
  dist_ee_to_cube       = 0.3939 m                distance_ee_object_cm = 39 cm
  dist_cube_to_target   = 0.4001 m  (3D)          distance_obj_goal_cm  = 40 cm  (XY)
  cube_position (z)     = 0.0100 m                object_lift_height_cm = 0 cm
  cube_position (xy)    = [-0.250, 0.000]         grasp_completed       = 0
  target_position (xy)  = [0.150, 0.000]          finger_contacts       = 1
  x                                               grasp_attempts        = 3
  episode                = 1                      x
  step                   = 106                    x
  ee_position            = [0.0137, -0.0001, 0.3026]  x
  ee_velocity            = [-0.0000, -0.0000, -0.0000]  x
  reward                 = -0.4001                x
  is_success             = False                  x
  obstacle_in_path       = False                  x
  obstacle_count_in_path = 0                      x
  obstacles              = {}                     x
  objects                = {'object_1': {'type': 'box', 'size': [0.045, 0.03, 0.02], 'mass': 10.0, 'color': [0.1, 0.2, 0.9, 1.0], 'initial_position': [-0.25, 0.0, 0.02], 'lateral_friction': 0.5, 'spinning_friction': 0.001, 'current_position': [-0.2500114261548563, 1.838768634988631e-05, 0.009990043034581675]}}  x
  scripts                = {'script_1': True, 'reach_only': True, 'left_right': True}  x
  target_goal            = {'type': 'goal_sequence', 'targets': [{'name': 'target', 'position': [0.15000000596046448, 0.0, 0.019999999552965164]}], 'mode': 'goal_sequence'}  x
  scene                  = {'table': {'length': 1.1, 'width': 0.7, 'height': 0.4, 'x_offset': -0.3, 'lateral_friction': 3.0, 'spinning_friction': 0.001}}  x
  robot_config           = {'control_type': 'ee', 'block_gripper': False, 'base_position': [-0.6, 0.0, 0.05]}  x
  current_task           = ABORT                  x
  active_target_name     = target                 x
  action                 = [0.0000, 0.0000, 0.0000, 1.0000]  x
  joint_angles           = [0.0003, 0.2165, -0.0004, -1.8480, 0.0001, 2.0645, 0.7852]  x
  joint_velocities       = [0.0000, -0.0000, -0.0000, -0.0000, 0.0000, 0.0000, -0.0000]  x
  cube_rotation          = [0.0000, -0.0000, 0.0002]  x
  cube_linear_velocity   = [-0.0000, 0.0000, -0.0000]  x
  obstacle_positions     = {}                     x
[step= 106 01:12:12.043][Analyzer] ASM node=safe_abort  goal_status=not_applicable
[step= 107 01:12:13.173][Manager] ep=1 subtask= reward=-0.4001
[step= 107 01:12:13.174][Manager][MOCK] finger_contacts forçado para 1 (grasp_attempts=3)
[step= 107 01:12:13.174][Perception]
  RAW PERCEPTION                                  MONITORED PARAMS
  ----------------------------------------------  --------------------------------------
  fingers_width         = 0.0800 m                gripper_width_cm      = 7 cm
  dist_ee_to_cube       = 0.3939 m                distance_ee_object_cm = 39 cm
  dist_cube_to_target   = 0.4001 m  (3D)          distance_obj_goal_cm  = 40 cm  (XY)
  cube_position (z)     = 0.0100 m                object_lift_height_cm = 0 cm
  cube_position (xy)    = [-0.250, 0.000]         grasp_completed       = 0
  target_position (xy)  = [0.150, 0.000]          finger_contacts       = 1
  x                                               grasp_attempts        = 3
  episode                = 1                      x
  step                   = 107                    x
  ee_position            = [0.0137, -0.0001, 0.3026]  x
  ee_velocity            = [-0.0000, -0.0000, -0.0000]  x
  reward                 = -0.4001                x
  is_success             = False                  x
  obstacle_in_path       = False                  x
  obstacle_count_in_path = 0                      x
  obstacles              = {}                     x
  objects                = {'object_1': {'type': 'box', 'size': [0.045, 0.03, 0.02], 'mass': 10.0, 'color': [0.1, 0.2, 0.9, 1.0], 'initial_position': [-0.25, 0.0, 0.02], 'lateral_friction': 0.5, 'spinning_friction': 0.001, 'current_position': [-0.25001161171264147, 1.8687350378130764e-05, 0.00999004303444898]}}  x
  scripts                = {'script_1': True, 'reach_only': True, 'left_right': True}  x
  target_goal            = {'type': 'goal_sequence', 'targets': [{'name': 'target', 'position': [0.15000000596046448, 0.0, 0.019999999552965164]}], 'mode': 'goal_sequence'}  x
  scene                  = {'table': {'length': 1.1, 'width': 0.7, 'height': 0.4, 'x_offset': -0.3, 'lateral_friction': 3.0, 'spinning_friction': 0.001}}  x
  robot_config           = {'control_type': 'ee', 'block_gripper': False, 'base_position': [-0.6, 0.0, 0.05]}  x
  current_task           = ABORT                  x
  active_target_name     = target                 x
  action                 = [0.0000, 0.0000, 0.0000, 1.0000]  x
  joint_angles           = [0.0003, 0.2165, -0.0004, -1.8480, 0.0001, 2.0645, 0.7852]  x
  joint_velocities       = [0.0000, -0.0000, -0.0000, -0.0000, 0.0000, 0.0000, -0.0000]  x
  cube_rotation          = [0.0000, -0.0000, 0.0002]  x
  cube_linear_velocity   = [-0.0000, 0.0000, -0.0000]  x
  obstacle_positions     = {}                     x
[step= 107 01:12:13.176][Analyzer] ASM node=safe_abort  goal_status=not_applicable
[step= 108 01:12:14.308][Manager] ep=1 subtask= reward=-0.4001
[step= 108 01:12:14.308][Manager][MOCK] finger_contacts forçado para 1 (grasp_attempts=3)
[step= 108 01:12:14.308][Perception]
  RAW PERCEPTION                                  MONITORED PARAMS
  ----------------------------------------------  --------------------------------------
  fingers_width         = 0.0800 m                gripper_width_cm      = 7 cm
  dist_ee_to_cube       = 0.3939 m                distance_ee_object_cm = 39 cm
  dist_cube_to_target   = 0.4001 m  (3D)          distance_obj_goal_cm  = 40 cm  (XY)
  cube_position (z)     = 0.0100 m                object_lift_height_cm = 0 cm
  cube_position (xy)    = [-0.250, 0.000]         grasp_completed       = 0
  target_position (xy)  = [0.150, 0.000]          finger_contacts       = 1
  x                                               grasp_attempts        = 3
  episode                = 1                      x
  step                   = 108                    x
  ee_position            = [0.0137, -0.0001, 0.3026]  x
  ee_velocity            = [-0.0000, -0.0000, -0.0000]  x
  reward                 = -0.4001                x
  is_success             = False                  x
  obstacle_in_path       = False                  x
  obstacle_count_in_path = 0                      x
  obstacles              = {}                     x
  objects                = {'object_1': {'type': 'box', 'size': [0.045, 0.03, 0.02], 'mass': 10.0, 'color': [0.1, 0.2, 0.9, 1.0], 'initial_position': [-0.25, 0.0, 0.02], 'lateral_friction': 0.5, 'spinning_friction': 0.001, 'current_position': [-0.2500117972736247, 1.89870115960696e-05, 0.009990043034316292]}}  x
  scripts                = {'script_1': True, 'reach_only': True, 'left_right': True}  x
  target_goal            = {'type': 'goal_sequence', 'targets': [{'name': 'target', 'position': [0.15000000596046448, 0.0, 0.019999999552965164]}], 'mode': 'goal_sequence'}  x
  scene                  = {'table': {'length': 1.1, 'width': 0.7, 'height': 0.4, 'x_offset': -0.3, 'lateral_friction': 3.0, 'spinning_friction': 0.001}}  x
  robot_config           = {'control_type': 'ee', 'block_gripper': False, 'base_position': [-0.6, 0.0, 0.05]}  x
  current_task           = ABORT                  x
  active_target_name     = target                 x
  action                 = [0.0000, 0.0000, 0.0000, 1.0000]  x
  joint_angles           = [0.0003, 0.2165, -0.0004, -1.8480, 0.0001, 2.0645, 0.7852]  x
  joint_velocities       = [0.0000, -0.0000, -0.0000, -0.0000, 0.0000, 0.0000, -0.0000]  x
  cube_rotation          = [0.0000, -0.0000, 0.0002]  x
  cube_linear_velocity   = [-0.0000, 0.0000, -0.0000]  x
  obstacle_positions     = {}                     x
[step= 108 01:12:14.310][Analyzer] ASM node=safe_abort  goal_status=not_applicable
[step= 109 01:12:15.480][Manager] ep=1 subtask= reward=-0.4001
[step= 109 01:12:15.481][Manager][MOCK] finger_contacts forçado para 1 (grasp_attempts=3)
[step= 109 01:12:15.481][Perception]
  RAW PERCEPTION                                  MONITORED PARAMS
  ----------------------------------------------  --------------------------------------
  fingers_width         = 0.0800 m                gripper_width_cm      = 7 cm
  dist_ee_to_cube       = 0.3939 m                distance_ee_object_cm = 39 cm
  dist_cube_to_target   = 0.4001 m  (3D)          distance_obj_goal_cm  = 40 cm  (XY)
  cube_position (z)     = 0.0100 m                object_lift_height_cm = 0 cm
  cube_position (xy)    = [-0.250, 0.000]         grasp_completed       = 0
  target_position (xy)  = [0.150, 0.000]          finger_contacts       = 1
  x                                               grasp_attempts        = 3
  episode                = 1                      x
  step                   = 109                    x
  ee_position            = [0.0137, -0.0001, 0.3026]  x
  ee_velocity            = [-0.0000, -0.0000, -0.0000]  x
  reward                 = -0.4001                x
  is_success             = False                  x
  obstacle_in_path       = False                  x
  obstacle_count_in_path = 0                      x
  obstacles              = {}                     x
  objects                = {'object_1': {'type': 'box', 'size': [0.045, 0.03, 0.02], 'mass': 10.0, 'color': [0.1, 0.2, 0.9, 1.0], 'initial_position': [-0.25, 0.0, 0.02], 'lateral_friction': 0.5, 'spinning_friction': 0.001, 'current_position': [-0.2500119828378061, 1.9286670003409867e-05, 0.009990043034183589]}}  x
  scripts                = {'script_1': True, 'reach_only': True, 'left_right': True}  x
  target_goal            = {'type': 'goal_sequence', 'targets': [{'name': 'target', 'position': [0.15000000596046448, 0.0, 0.019999999552965164]}], 'mode': 'goal_sequence'}  x
  scene                  = {'table': {'length': 1.1, 'width': 0.7, 'height': 0.4, 'x_offset': -0.3, 'lateral_friction': 3.0, 'spinning_friction': 0.001}}  x
  robot_config           = {'control_type': 'ee', 'block_gripper': False, 'base_position': [-0.6, 0.0, 0.05]}  x
  current_task           = ABORT                  x
  active_target_name     = target                 x
  action                 = [0.0000, 0.0000, 0.0000, 1.0000]  x
  joint_angles           = [0.0003, 0.2165, -0.0004, -1.8480, 0.0001, 2.0645, 0.7852]  x
  joint_velocities       = [0.0000, -0.0000, -0.0000, -0.0000, 0.0000, 0.0000, -0.0000]  x
  cube_rotation          = [0.0000, -0.0000, 0.0002]  x
  cube_linear_velocity   = [-0.0000, 0.0000, -0.0000]  x
  obstacle_positions     = {}                     x
[step= 109 01:12:15.483][Analyzer] ASM node=safe_abort  goal_status=not_applicable
[step= 110 01:12:16.627][Manager] ep=1 subtask= reward=-0.4001
[step= 110 01:12:16.628][Manager][MOCK] finger_contacts forçado para 1 (grasp_attempts=3)
[step= 110 01:12:16.628][Perception]
  RAW PERCEPTION                                  MONITORED PARAMS
  ----------------------------------------------  --------------------------------------
  fingers_width         = 0.0800 m                gripper_width_cm      = 7 cm
  dist_ee_to_cube       = 0.3939 m                distance_ee_object_cm = 39 cm
  dist_cube_to_target   = 0.4001 m  (3D)          distance_obj_goal_cm  = 40 cm  (XY)
  cube_position (z)     = 0.0100 m                object_lift_height_cm = 0 cm
  cube_position (xy)    = [-0.250, 0.000]         grasp_completed       = 0
  target_position (xy)  = [0.150, 0.000]          finger_contacts       = 1
  x                                               grasp_attempts        = 3
  episode                = 1                      x
  step                   = 110                    x
  ee_position            = [0.0137, -0.0001, 0.3026]  x
  ee_velocity            = [-0.0000, -0.0000, -0.0000]  x
  reward                 = -0.4001                x
  is_success             = False                  x
  obstacle_in_path       = False                  x
  obstacle_count_in_path = 0                      x
  obstacles              = {}                     x
  objects                = {'object_1': {'type': 'box', 'size': [0.045, 0.03, 0.02], 'mass': 10.0, 'color': [0.1, 0.2, 0.9, 1.0], 'initial_position': [-0.25, 0.0, 0.02], 'lateral_friction': 0.5, 'spinning_friction': 0.001, 'current_position': [-0.2500121684051859, 1.958632559983576e-05, 0.009990043034050858]}}  x
  scripts                = {'script_1': True, 'reach_only': True, 'left_right': True}  x
  target_goal            = {'type': 'goal_sequence', 'targets': [{'name': 'target', 'position': [0.15000000596046448, 0.0, 0.019999999552965164]}], 'mode': 'goal_sequence'}  x
  scene                  = {'table': {'length': 1.1, 'width': 0.7, 'height': 0.4, 'x_offset': -0.3, 'lateral_friction': 3.0, 'spinning_friction': 0.001}}  x
  robot_config           = {'control_type': 'ee', 'block_gripper': False, 'base_position': [-0.6, 0.0, 0.05]}  x
  current_task           = ABORT                  x
  active_target_name     = target                 x
  action                 = [0.0000, 0.0000, 0.0000, 1.0000]  x
  joint_angles           = [0.0003, 0.2165, -0.0004, -1.8480, 0.0001, 2.0645, 0.7852]  x
  joint_velocities       = [0.0000, -0.0000, -0.0000, -0.0000, 0.0000, 0.0000, -0.0000]  x
  cube_rotation          = [0.0000, -0.0000, 0.0002]  x
  cube_linear_velocity   = [-0.0000, 0.0000, -0.0000]  x
  obstacle_positions     = {}                     x
[step= 110 01:12:16.631][Analyzer] ASM node=safe_abort  goal_status=not_applicable
[step= 111 01:12:17.761][Manager] ep=1 subtask= reward=-0.4001
[step= 111 01:12:17.761][Manager][MOCK] finger_contacts forçado para 1 (grasp_attempts=3)
[step= 111 01:12:17.761][Perception]
  RAW PERCEPTION                                  MONITORED PARAMS
  ----------------------------------------------  --------------------------------------
  fingers_width         = 0.0800 m                gripper_width_cm      = 7 cm
  dist_ee_to_cube       = 0.3939 m                distance_ee_object_cm = 39 cm
  dist_cube_to_target   = 0.4001 m  (3D)          distance_obj_goal_cm  = 40 cm  (XY)
  cube_position (z)     = 0.0100 m                object_lift_height_cm = 0 cm
  cube_position (xy)    = [-0.250, 0.000]         grasp_completed       = 0
  target_position (xy)  = [0.150, 0.000]          finger_contacts       = 1
  x                                               grasp_attempts        = 3
  episode                = 1                      x
  step                   = 111                    x
  ee_position            = [0.0137, -0.0001, 0.3026]  x
  ee_velocity            = [-0.0000, -0.0000, -0.0000]  x
  reward                 = -0.4001                x
  is_success             = False                  x
  obstacle_in_path       = False                  x
  obstacle_count_in_path = 0                      x
  obstacles              = {}                     x
  objects                = {'object_1': {'type': 'box', 'size': [0.045, 0.03, 0.02], 'mass': 10.0, 'color': [0.1, 0.2, 0.9, 1.0], 'initial_position': [-0.25, 0.0, 0.02], 'lateral_friction': 0.5, 'spinning_friction': 0.001, 'current_position': [-0.25001235397576427, 1.9885978385049217e-05, 0.009990043033918141]}}  x
  scripts                = {'script_1': True, 'reach_only': True, 'left_right': True}  x
  target_goal            = {'type': 'goal_sequence', 'targets': [{'name': 'target', 'position': [0.15000000596046448, 0.0, 0.019999999552965164]}], 'mode': 'goal_sequence'}  x
  scene                  = {'table': {'length': 1.1, 'width': 0.7, 'height': 0.4, 'x_offset': -0.3, 'lateral_friction': 3.0, 'spinning_friction': 0.001}}  x
  robot_config           = {'control_type': 'ee', 'block_gripper': False, 'base_position': [-0.6, 0.0, 0.05]}  x
  current_task           = ABORT                  x
  active_target_name     = target                 x
  action                 = [0.0000, 0.0000, 0.0000, 1.0000]  x
  joint_angles           = [0.0003, 0.2165, -0.0004, -1.8480, 0.0001, 2.0645, 0.7852]  x
  joint_velocities       = [0.0000, -0.0000, -0.0000, -0.0000, 0.0000, 0.0000, -0.0000]  x
  cube_rotation          = [0.0000, -0.0000, 0.0002]  x
  cube_linear_velocity   = [-0.0000, 0.0000, -0.0000]  x
  obstacle_positions     = {}                     x
[step= 111 01:12:17.764][Analyzer] ASM node=safe_abort  goal_status=not_applicable
[step= 112 01:12:18.895][Manager] ep=1 subtask= reward=-0.4001
[step= 112 01:12:18.895][Manager][MOCK] finger_contacts forçado para 1 (grasp_attempts=3)
[step= 112 01:12:18.896][Perception]
  RAW PERCEPTION                                  MONITORED PARAMS
  ----------------------------------------------  --------------------------------------
  fingers_width         = 0.0800 m                gripper_width_cm      = 7 cm
  dist_ee_to_cube       = 0.3939 m                distance_ee_object_cm = 39 cm
  dist_cube_to_target   = 0.4001 m  (3D)          distance_obj_goal_cm  = 40 cm  (XY)
  cube_position (z)     = 0.0100 m                object_lift_height_cm = 0 cm
  cube_position (xy)    = [-0.250, 0.000]         grasp_completed       = 0
  target_position (xy)  = [0.150, 0.000]          finger_contacts       = 1
  x                                               grasp_attempts        = 3
  episode                = 1                      x
  step                   = 112                    x
  ee_position            = [0.0137, -0.0001, 0.3026]  x
  ee_velocity            = [-0.0000, -0.0000, -0.0000]  x
  reward                 = -0.4001                x
  is_success             = False                  x
  obstacle_in_path       = False                  x
  obstacle_count_in_path = 0                      x
  obstacles              = {}                     x
  objects                = {'object_1': {'type': 'box', 'size': [0.045, 0.03, 0.02], 'mass': 10.0, 'color': [0.1, 0.2, 0.9, 1.0], 'initial_position': [-0.25, 0.0, 0.02], 'lateral_friction': 0.5, 'spinning_friction': 0.001, 'current_position': [-0.2500125395495414, 2.0185628358758537e-05, 0.009990043033785399]}}  x
  scripts                = {'script_1': True, 'reach_only': True, 'left_right': True}  x
  target_goal            = {'type': 'goal_sequence', 'targets': [{'name': 'target', 'position': [0.15000000596046448, 0.0, 0.019999999552965164]}], 'mode': 'goal_sequence'}  x
  scene                  = {'table': {'length': 1.1, 'width': 0.7, 'height': 0.4, 'x_offset': -0.3, 'lateral_friction': 3.0, 'spinning_friction': 0.001}}  x
  robot_config           = {'control_type': 'ee', 'block_gripper': False, 'base_position': [-0.6, 0.0, 0.05]}  x
  current_task           = ABORT                  x
  active_target_name     = target                 x
  action                 = [0.0000, 0.0000, 0.0000, 1.0000]  x
  joint_angles           = [0.0003, 0.2165, -0.0004, -1.8480, 0.0001, 2.0645, 0.7852]  x
  joint_velocities       = [0.0000, -0.0000, -0.0000, -0.0000, 0.0000, 0.0000, -0.0000]  x
  cube_rotation          = [0.0000, -0.0000, 0.0002]  x
  cube_linear_velocity   = [-0.0000, 0.0000, -0.0000]  x
  obstacle_positions     = {}                     x
[step= 112 01:12:18.899][Analyzer] ASM node=safe_abort  goal_status=not_applicable
[step= 113 01:12:20.042][Manager] ep=1 subtask= reward=-0.4001
[step= 113 01:12:20.042][Manager][MOCK] finger_contacts forçado para 1 (grasp_attempts=3)
[step= 113 01:12:20.042][Perception]
  RAW PERCEPTION                                  MONITORED PARAMS
  ----------------------------------------------  --------------------------------------
  fingers_width         = 0.0800 m                gripper_width_cm      = 7 cm
  dist_ee_to_cube       = 0.3939 m                distance_ee_object_cm = 39 cm
  dist_cube_to_target   = 0.4001 m  (3D)          distance_obj_goal_cm  = 40 cm  (XY)
  cube_position (z)     = 0.0100 m                object_lift_height_cm = 0 cm
  cube_position (xy)    = [-0.250, 0.000]         grasp_completed       = 0
  target_position (xy)  = [0.150, 0.000]          finger_contacts       = 1
  x                                               grasp_attempts        = 3
  episode                = 1                      x
  step                   = 113                    x
  ee_position            = [0.0137, -0.0001, 0.3026]  x
  ee_velocity            = [-0.0000, -0.0000, -0.0000]  x
  reward                 = -0.4001                x
  is_success             = False                  x
  obstacle_in_path       = False                  x
  obstacle_count_in_path = 0                      x
  obstacles              = {}                     x
  objects                = {'object_1': {'type': 'box', 'size': [0.045, 0.03, 0.02], 'mass': 10.0, 'color': [0.1, 0.2, 0.9, 1.0], 'initial_position': [-0.25, 0.0, 0.02], 'lateral_friction': 0.5, 'spinning_friction': 0.001, 'current_position': [-0.2500127251265177, 2.0485275520621215e-05, 0.009990043033652649]}}  x
  scripts                = {'script_1': True, 'reach_only': True, 'left_right': True}  x
  target_goal            = {'type': 'goal_sequence', 'targets': [{'name': 'target', 'position': [0.15000000596046448, 0.0, 0.019999999552965164]}], 'mode': 'goal_sequence'}  x
  scene                  = {'table': {'length': 1.1, 'width': 0.7, 'height': 0.4, 'x_offset': -0.3, 'lateral_friction': 3.0, 'spinning_friction': 0.001}}  x
  robot_config           = {'control_type': 'ee', 'block_gripper': False, 'base_position': [-0.6, 0.0, 0.05]}  x
  current_task           = ABORT                  x
  active_target_name     = target                 x
  action                 = [0.0000, 0.0000, 0.0000, 1.0000]  x
  joint_angles           = [0.0003, 0.2165, -0.0004, -1.8480, 0.0001, 2.0645, 0.7852]  x
  joint_velocities       = [0.0000, -0.0000, -0.0000, -0.0000, 0.0000, 0.0000, -0.0000]  x
  cube_rotation          = [0.0000, -0.0000, 0.0002]  x
  cube_linear_velocity   = [-0.0000, 0.0000, -0.0000]  x
  obstacle_positions     = {}                     x
[step= 113 01:12:20.045][Analyzer] ASM node=safe_abort  goal_status=not_applicable
[step= 114 01:12:21.189][Manager] ep=1 subtask= reward=-0.4001
[step= 114 01:12:21.189][Manager][MOCK] finger_contacts forçado para 1 (grasp_attempts=3)
[step= 114 01:12:21.190][Perception]
  RAW PERCEPTION                                  MONITORED PARAMS
  ----------------------------------------------  --------------------------------------
  fingers_width         = 0.0800 m                gripper_width_cm      = 7 cm
  dist_ee_to_cube       = 0.3939 m                distance_ee_object_cm = 39 cm
  dist_cube_to_target   = 0.4001 m  (3D)          distance_obj_goal_cm  = 40 cm  (XY)
  cube_position (z)     = 0.0100 m                object_lift_height_cm = 0 cm
  cube_position (xy)    = [-0.250, 0.000]         grasp_completed       = 0
  target_position (xy)  = [0.150, 0.000]          finger_contacts       = 1
  x                                               grasp_attempts        = 3
  episode                = 1                      x
  step                   = 114                    x
  ee_position            = [0.0137, -0.0001, 0.3026]  x
  ee_velocity            = [-0.0000, -0.0000, -0.0000]  x
  reward                 = -0.4001                x
  is_success             = False                  x
  obstacle_in_path       = False                  x
  obstacle_count_in_path = 0                      x
  obstacles              = {}                     x
  objects                = {'object_1': {'type': 'box', 'size': [0.045, 0.03, 0.02], 'mass': 10.0, 'color': [0.1, 0.2, 0.9, 1.0], 'initial_position': [-0.25, 0.0, 0.02], 'lateral_friction': 0.5, 'spinning_friction': 0.001, 'current_position': [-0.2500129107066931, 2.0784919870376765e-05, 0.009990043033519894]}}  x
  scripts                = {'script_1': True, 'reach_only': True, 'left_right': True}  x
  target_goal            = {'type': 'goal_sequence', 'targets': [{'name': 'target', 'position': [0.15000000596046448, 0.0, 0.019999999552965164]}], 'mode': 'goal_sequence'}  x
  scene                  = {'table': {'length': 1.1, 'width': 0.7, 'height': 0.4, 'x_offset': -0.3, 'lateral_friction': 3.0, 'spinning_friction': 0.001}}  x
  robot_config           = {'control_type': 'ee', 'block_gripper': False, 'base_position': [-0.6, 0.0, 0.05]}  x
  current_task           = ABORT                  x
  active_target_name     = target                 x
  action                 = [0.0000, 0.0000, 0.0000, 1.0000]  x
  joint_angles           = [0.0003, 0.2165, -0.0004, -1.8480, 0.0001, 2.0645, 0.7852]  x
  joint_velocities       = [0.0000, -0.0000, -0.0000, -0.0000, 0.0000, 0.0000, -0.0000]  x
  cube_rotation          = [0.0000, -0.0000, 0.0002]  x
  cube_linear_velocity   = [-0.0000, 0.0000, -0.0000]  x
  obstacle_positions     = {}                     x
[step= 114 01:12:21.193][Analyzer] ASM node=safe_abort  goal_status=not_applicable
[step= 115 01:12:22.336][Manager] ep=1 subtask= reward=-0.4001
[step= 115 01:12:22.336][Manager][MOCK] finger_contacts forçado para 1 (grasp_attempts=3)
[step= 115 01:12:22.336][Perception]
  RAW PERCEPTION                                  MONITORED PARAMS
  ----------------------------------------------  --------------------------------------
  fingers_width         = 0.0800 m                gripper_width_cm      = 7 cm
  dist_ee_to_cube       = 0.3939 m                distance_ee_object_cm = 39 cm
  dist_cube_to_target   = 0.4001 m  (3D)          distance_obj_goal_cm  = 40 cm  (XY)
  cube_position (z)     = 0.0100 m                object_lift_height_cm = 0 cm
  cube_position (xy)    = [-0.250, 0.000]         grasp_completed       = 0
  target_position (xy)  = [0.150, 0.000]          finger_contacts       = 1
  x                                               grasp_attempts        = 3
  episode                = 1                      x
  step                   = 115                    x
  ee_position            = [0.0137, -0.0001, 0.3026]  x
  ee_velocity            = [-0.0000, -0.0000, -0.0000]  x
  reward                 = -0.4001                x
  is_success             = False                  x
  obstacle_in_path       = False                  x
  obstacle_count_in_path = 0                      x
  obstacles              = {}                     x
  objects                = {'object_1': {'type': 'box', 'size': [0.045, 0.03, 0.02], 'mass': 10.0, 'color': [0.1, 0.2, 0.9, 1.0], 'initial_position': [-0.25, 0.0, 0.02], 'lateral_friction': 0.5, 'spinning_friction': 0.001, 'current_position': [-0.25001309629006796, 2.1084561407695173e-05, 0.009990043033387127]}}  x
  scripts                = {'script_1': True, 'reach_only': True, 'left_right': True}  x
  target_goal            = {'type': 'goal_sequence', 'targets': [{'name': 'target', 'position': [0.15000000596046448, 0.0, 0.019999999552965164]}], 'mode': 'goal_sequence'}  x
  scene                  = {'table': {'length': 1.1, 'width': 0.7, 'height': 0.4, 'x_offset': -0.3, 'lateral_friction': 3.0, 'spinning_friction': 0.001}}  x
  robot_config           = {'control_type': 'ee', 'block_gripper': False, 'base_position': [-0.6, 0.0, 0.05]}  x
  current_task           = ABORT                  x
  active_target_name     = target                 x
  action                 = [0.0000, 0.0000, 0.0000, 1.0000]  x
  joint_angles           = [0.0003, 0.2165, -0.0004, -1.8480, 0.0001, 2.0645, 0.7852]  x
  joint_velocities       = [0.0000, -0.0000, -0.0000, -0.0000, 0.0000, 0.0000, -0.0000]  x
  cube_rotation          = [0.0000, -0.0000, 0.0002]  x
  cube_linear_velocity   = [-0.0000, 0.0000, -0.0000]  x
  obstacle_positions     = {}                     x
[step= 115 01:12:22.339][Analyzer] ASM node=safe_abort  goal_status=not_applicable
[step= 116 01:12:23.495][Manager] ep=1 subtask= reward=-0.4001
[step= 116 01:12:23.495][Manager][MOCK] finger_contacts forçado para 1 (grasp_attempts=3)
[step= 116 01:12:23.495][Perception]
  RAW PERCEPTION                                  MONITORED PARAMS
  ----------------------------------------------  --------------------------------------
  fingers_width         = 0.0800 m                gripper_width_cm      = 7 cm
  dist_ee_to_cube       = 0.3939 m                distance_ee_object_cm = 39 cm
  dist_cube_to_target   = 0.4001 m  (3D)          distance_obj_goal_cm  = 40 cm  (XY)
  cube_position (z)     = 0.0100 m                object_lift_height_cm = 0 cm
  cube_position (xy)    = [-0.250, 0.000]         grasp_completed       = 0
  target_position (xy)  = [0.150, 0.000]          finger_contacts       = 1
  x                                               grasp_attempts        = 3
  episode                = 1                      x
  step                   = 116                    x
  ee_position            = [0.0137, -0.0001, 0.3026]  x
  ee_velocity            = [-0.0000, -0.0000, -0.0000]  x
  reward                 = -0.4001                x
  is_success             = False                  x
  obstacle_in_path       = False                  x
  obstacle_count_in_path = 0                      x
  obstacles              = {}                     x
  objects                = {'object_1': {'type': 'box', 'size': [0.045, 0.03, 0.02], 'mass': 10.0, 'color': [0.1, 0.2, 0.9, 1.0], 'initial_position': [-0.25, 0.0, 0.02], 'lateral_friction': 0.5, 'spinning_friction': 0.001, 'current_position': [-0.25001328187664246, 2.1384200132274326e-05, 0.009990043033254367]}}  x
  scripts                = {'script_1': True, 'reach_only': True, 'left_right': True}  x
  target_goal            = {'type': 'goal_sequence', 'targets': [{'name': 'target', 'position': [0.15000000596046448, 0.0, 0.019999999552965164]}], 'mode': 'goal_sequence'}  x
  scene                  = {'table': {'length': 1.1, 'width': 0.7, 'height': 0.4, 'x_offset': -0.3, 'lateral_friction': 3.0, 'spinning_friction': 0.001}}  x
  robot_config           = {'control_type': 'ee', 'block_gripper': False, 'base_position': [-0.6, 0.0, 0.05]}  x
  current_task           = ABORT                  x
  active_target_name     = target                 x
  action                 = [0.0000, 0.0000, 0.0000, 1.0000]  x
  joint_angles           = [0.0003, 0.2165, -0.0004, -1.8480, 0.0001, 2.0645, 0.7852]  x
  joint_velocities       = [0.0000, -0.0000, -0.0000, -0.0000, 0.0000, 0.0000, -0.0000]  x
  cube_rotation          = [0.0000, -0.0000, 0.0003]  x
  cube_linear_velocity   = [-0.0000, 0.0000, -0.0000]  x
  obstacle_positions     = {}                     x
[step= 116 01:12:23.498][Analyzer] ASM node=safe_abort  goal_status=not_applicable
[step= 117 01:12:24.629][Manager] ep=1 subtask= reward=-0.4001
[step= 117 01:12:24.629][Manager][MOCK] finger_contacts forçado para 1 (grasp_attempts=3)
[step= 117 01:12:24.630][Perception]
  RAW PERCEPTION                                  MONITORED PARAMS
  ----------------------------------------------  --------------------------------------
  fingers_width         = 0.0800 m                gripper_width_cm      = 7 cm
  dist_ee_to_cube       = 0.3939 m                distance_ee_object_cm = 39 cm
  dist_cube_to_target   = 0.4001 m  (3D)          distance_obj_goal_cm  = 40 cm  (XY)
  cube_position (z)     = 0.0100 m                object_lift_height_cm = 0 cm
  cube_position (xy)    = [-0.250, 0.000]         grasp_completed       = 0
  target_position (xy)  = [0.150, 0.000]          finger_contacts       = 1
  x                                               grasp_attempts        = 3
  episode                = 1                      x
  step                   = 117                    x
  ee_position            = [0.0137, -0.0001, 0.3026]  x
  ee_velocity            = [-0.0000, -0.0000, -0.0000]  x
  reward                 = -0.4001                x
  is_success             = False                  x
  obstacle_in_path       = False                  x
  obstacle_count_in_path = 0                      x
  obstacles              = {}                     x
  objects                = {'object_1': {'type': 'box', 'size': [0.045, 0.03, 0.02], 'mass': 10.0, 'color': [0.1, 0.2, 0.9, 1.0], 'initial_position': [-0.25, 0.0, 0.02], 'lateral_friction': 0.5, 'spinning_friction': 0.001, 'current_position': [-0.25001346746641684, 2.1683836043802072e-05, 0.00999004303312157]}}  x
  scripts                = {'script_1': True, 'reach_only': True, 'left_right': True}  x
  target_goal            = {'type': 'goal_sequence', 'targets': [{'name': 'target', 'position': [0.15000000596046448, 0.0, 0.019999999552965164]}], 'mode': 'goal_sequence'}  x
  scene                  = {'table': {'length': 1.1, 'width': 0.7, 'height': 0.4, 'x_offset': -0.3, 'lateral_friction': 3.0, 'spinning_friction': 0.001}}  x
  robot_config           = {'control_type': 'ee', 'block_gripper': False, 'base_position': [-0.6, 0.0, 0.05]}  x
  current_task           = ABORT                  x
  active_target_name     = target                 x
  action                 = [0.0000, 0.0000, 0.0000, 1.0000]  x
  joint_angles           = [0.0003, 0.2165, -0.0004, -1.8480, 0.0001, 2.0645, 0.7852]  x
  joint_velocities       = [0.0000, -0.0000, -0.0000, -0.0000, 0.0000, 0.0000, -0.0000]  x
  cube_rotation          = [0.0000, -0.0000, 0.0003]  x
  cube_linear_velocity   = [-0.0000, 0.0000, -0.0000]  x
  obstacle_positions     = {}                     x
[step= 117 01:12:24.632][Analyzer] ASM node=safe_abort  goal_status=not_applicable
[step= 118 01:12:25.776][Manager] ep=1 subtask= reward=-0.4001
[step= 118 01:12:25.776][Manager][MOCK] finger_contacts forçado para 1 (grasp_attempts=3)
[step= 118 01:12:25.776][Perception]
  RAW PERCEPTION                                  MONITORED PARAMS
  ----------------------------------------------  --------------------------------------
  fingers_width         = 0.0800 m                gripper_width_cm      = 7 cm
  dist_ee_to_cube       = 0.3939 m                distance_ee_object_cm = 39 cm
  dist_cube_to_target   = 0.4001 m  (3D)          distance_obj_goal_cm  = 40 cm  (XY)
  cube_position (z)     = 0.0100 m                object_lift_height_cm = 0 cm
  cube_position (xy)    = [-0.250, 0.000]         grasp_completed       = 0
  target_position (xy)  = [0.150, 0.000]          finger_contacts       = 1
  x                                               grasp_attempts        = 3
  episode                = 1                      x
  step                   = 118                    x
  ee_position            = [0.0137, -0.0001, 0.3026]  x
  ee_velocity            = [-0.0000, -0.0000, -0.0000]  x
  reward                 = -0.4001                x
  is_success             = False                  x
  obstacle_in_path       = False                  x
  obstacle_count_in_path = 0                      x
  obstacles              = {}                     x
  objects                = {'object_1': {'type': 'box', 'size': [0.045, 0.03, 0.02], 'mass': 10.0, 'color': [0.1, 0.2, 0.9, 1.0], 'initial_position': [-0.25, 0.0, 0.02], 'lateral_friction': 0.5, 'spinning_friction': 0.001, 'current_position': [-0.2500136530593912, 2.1983469141999665e-05, 0.009990043032988744]}}  x
  scripts                = {'script_1': True, 'reach_only': True, 'left_right': True}  x
  target_goal            = {'type': 'goal_sequence', 'targets': [{'name': 'target', 'position': [0.15000000596046448, 0.0, 0.019999999552965164]}], 'mode': 'goal_sequence'}  x
  scene                  = {'table': {'length': 1.1, 'width': 0.7, 'height': 0.4, 'x_offset': -0.3, 'lateral_friction': 3.0, 'spinning_friction': 0.001}}  x
  robot_config           = {'control_type': 'ee', 'block_gripper': False, 'base_position': [-0.6, 0.0, 0.05]}  x
  current_task           = ABORT                  x
  active_target_name     = target                 x
  action                 = [0.0000, 0.0000, 0.0000, 1.0000]  x
  joint_angles           = [0.0003, 0.2165, -0.0004, -1.8480, 0.0001, 2.0645, 0.7852]  x
  joint_velocities       = [0.0000, -0.0000, -0.0000, -0.0000, 0.0000, 0.0000, -0.0000]  x
  cube_rotation          = [0.0000, -0.0000, 0.0003]  x
  cube_linear_velocity   = [-0.0000, 0.0000, -0.0000]  x
  obstacle_positions     = {}                     x
[step= 118 01:12:25.779][Analyzer] ASM node=safe_abort  goal_status=not_applicable
[step= 119 01:12:26.923][Manager] ep=1 subtask= reward=-0.4001
[step= 119 01:12:26.923][Manager][MOCK] finger_contacts forçado para 1 (grasp_attempts=3)
[step= 119 01:12:26.923][Perception]
  RAW PERCEPTION                                  MONITORED PARAMS
  ----------------------------------------------  --------------------------------------
  fingers_width         = 0.0800 m                gripper_width_cm      = 7 cm
  dist_ee_to_cube       = 0.3939 m                distance_ee_object_cm = 39 cm
  dist_cube_to_target   = 0.4001 m  (3D)          distance_obj_goal_cm  = 40 cm  (XY)
  cube_position (z)     = 0.0100 m                object_lift_height_cm = 0 cm
  cube_position (xy)    = [-0.250, 0.000]         grasp_completed       = 0
  target_position (xy)  = [0.150, 0.000]          finger_contacts       = 1
  x                                               grasp_attempts        = 3
  episode                = 1                      x
  step                   = 119                    x
  ee_position            = [0.0137, -0.0001, 0.3026]  x
  ee_velocity            = [-0.0000, -0.0000, -0.0000]  x
  reward                 = -0.4001                x
  is_success             = False                  x
  obstacle_in_path       = False                  x
  obstacle_count_in_path = 0                      x
  obstacles              = {}                     x
  objects                = {'object_1': {'type': 'box', 'size': [0.045, 0.03, 0.02], 'mass': 10.0, 'color': [0.1, 0.2, 0.9, 1.0], 'initial_position': [-0.25, 0.0, 0.02], 'lateral_friction': 0.5, 'spinning_friction': 0.001, 'current_position': [-0.2500138386555659, 2.2283099426557533e-05, 0.009990043032855975]}}  x
  scripts                = {'script_1': True, 'reach_only': True, 'left_right': True}  x
  target_goal            = {'type': 'goal_sequence', 'targets': [{'name': 'target', 'position': [0.15000000596046448, 0.0, 0.019999999552965164]}], 'mode': 'goal_sequence'}  x
  scene                  = {'table': {'length': 1.1, 'width': 0.7, 'height': 0.4, 'x_offset': -0.3, 'lateral_friction': 3.0, 'spinning_friction': 0.001}}  x
  robot_config           = {'control_type': 'ee', 'block_gripper': False, 'base_position': [-0.6, 0.0, 0.05]}  x
  current_task           = ABORT                  x
  active_target_name     = target                 x
  action                 = [0.0000, 0.0000, 0.0000, 1.0000]  x
  joint_angles           = [0.0003, 0.2165, -0.0004, -1.8480, 0.0001, 2.0645, 0.7852]  x
  joint_velocities       = [0.0000, -0.0000, -0.0000, -0.0000, 0.0000, 0.0000, -0.0000]  x
  cube_rotation          = [0.0000, -0.0000, 0.0003]  x
  cube_linear_velocity   = [-0.0000, 0.0000, -0.0000]  x
  obstacle_positions     = {}                     x
[step= 119 01:12:26.925][Analyzer] ASM node=safe_abort  goal_status=not_applicable
[step= 120 01:12:28.070][Manager] ep=1 subtask= reward=-0.4001
[step= 120 01:12:28.070][Manager][MOCK] finger_contacts forçado para 1 (grasp_attempts=3)
[step= 120 01:12:28.070][Perception]
  RAW PERCEPTION                                  MONITORED PARAMS
  ----------------------------------------------  --------------------------------------
  fingers_width         = 0.0800 m                gripper_width_cm      = 7 cm
  dist_ee_to_cube       = 0.3939 m                distance_ee_object_cm = 39 cm
  dist_cube_to_target   = 0.4001 m  (3D)          distance_obj_goal_cm  = 40 cm  (XY)
  cube_position (z)     = 0.0100 m                object_lift_height_cm = 0 cm
  cube_position (xy)    = [-0.250, 0.000]         grasp_completed       = 0
  target_position (xy)  = [0.150, 0.000]          finger_contacts       = 1
  x                                               grasp_attempts        = 3
  episode                = 1                      x
  step                   = 120                    x
  ee_position            = [0.0137, -0.0001, 0.3026]  x
  ee_velocity            = [-0.0000, -0.0000, -0.0000]  x
  reward                 = -0.4001                x
  is_success             = False                  x
  obstacle_in_path       = False                  x
  obstacle_count_in_path = 0                      x
  obstacles              = {}                     x
  objects                = {'object_1': {'type': 'box', 'size': [0.045, 0.03, 0.02], 'mass': 10.0, 'color': [0.1, 0.2, 0.9, 1.0], 'initial_position': [-0.25, 0.0, 0.02], 'lateral_friction': 0.5, 'spinning_friction': 0.001, 'current_position': [-0.25001402425494107, 2.258272689713907e-05, 0.009990043032723123]}}  x
  scripts                = {'script_1': True, 'reach_only': True, 'left_right': True}  x
  target_goal            = {'type': 'goal_sequence', 'targets': [{'name': 'target', 'position': [0.15000000596046448, 0.0, 0.019999999552965164]}], 'mode': 'goal_sequence'}  x
  scene                  = {'table': {'length': 1.1, 'width': 0.7, 'height': 0.4, 'x_offset': -0.3, 'lateral_friction': 3.0, 'spinning_friction': 0.001}}  x
  robot_config           = {'control_type': 'ee', 'block_gripper': False, 'base_position': [-0.6, 0.0, 0.05]}  x
  current_task           = ABORT                  x
  active_target_name     = target                 x
  action                 = [0.0000, 0.0000, 0.0000, 1.0000]  x
  joint_angles           = [0.0003, 0.2165, -0.0005, -1.8480, 0.0001, 2.0645, 0.7852]  x
  joint_velocities       = [0.0000, -0.0000, -0.0000, -0.0000, 0.0000, 0.0000, -0.0000]  x
  cube_rotation          = [0.0000, -0.0000, 0.0003]  x
  cube_linear_velocity   = [-0.0000, 0.0000, -0.0000]  x
  obstacle_positions     = {}                     x
[step= 120 01:12:28.073][Analyzer] ASM node=safe_abort  goal_status=not_applicable
[step= 121 01:12:29.229][Manager] ep=1 subtask= reward=-0.4001
[step= 121 01:12:29.229][Manager][MOCK] finger_contacts forçado para 1 (grasp_attempts=3)
[step= 121 01:12:29.230][Perception]
  RAW PERCEPTION                                  MONITORED PARAMS
  ----------------------------------------------  --------------------------------------
  fingers_width         = 0.0800 m                gripper_width_cm      = 7 cm
  dist_ee_to_cube       = 0.3939 m                distance_ee_object_cm = 39 cm
  dist_cube_to_target   = 0.4001 m  (3D)          distance_obj_goal_cm  = 40 cm  (XY)
  cube_position (z)     = 0.0100 m                object_lift_height_cm = 0 cm
  cube_position (xy)    = [-0.250, 0.000]         grasp_completed       = 0
  target_position (xy)  = [0.150, 0.000]          finger_contacts       = 1
  x                                               grasp_attempts        = 3
  episode                = 1                      x
  step                   = 121                    x
  ee_position            = [0.0137, -0.0001, 0.3026]  x
  ee_velocity            = [-0.0000, -0.0000, -0.0000]  x
  reward                 = -0.4001                x
  is_success             = False                  x
  obstacle_in_path       = False                  x
  obstacle_count_in_path = 0                      x
  obstacles              = {}                     x
  objects                = {'object_1': {'type': 'box', 'size': [0.045, 0.03, 0.02], 'mass': 10.0, 'color': [0.1, 0.2, 0.9, 1.0], 'initial_position': [-0.25, 0.0, 0.02], 'lateral_friction': 0.5, 'spinning_friction': 0.001, 'current_position': [-0.250014209857517, 2.2882351553472194e-05, 0.0099900430325903]}}  x
  scripts                = {'script_1': True, 'reach_only': True, 'left_right': True}  x
  target_goal            = {'type': 'goal_sequence', 'targets': [{'name': 'target', 'position': [0.15000000596046448, 0.0, 0.019999999552965164]}], 'mode': 'goal_sequence'}  x
  scene                  = {'table': {'length': 1.1, 'width': 0.7, 'height': 0.4, 'x_offset': -0.3, 'lateral_friction': 3.0, 'spinning_friction': 0.001}}  x
  robot_config           = {'control_type': 'ee', 'block_gripper': False, 'base_position': [-0.6, 0.0, 0.05]}  x
  current_task           = ABORT                  x
  active_target_name     = target                 x
  action                 = [0.0000, 0.0000, 0.0000, 1.0000]  x
  joint_angles           = [0.0003, 0.2165, -0.0005, -1.8480, 0.0001, 2.0645, 0.7852]  x
  joint_velocities       = [0.0000, -0.0000, -0.0000, -0.0000, 0.0000, 0.0000, -0.0000]  x
  cube_rotation          = [0.0000, -0.0000, 0.0003]  x
  cube_linear_velocity   = [-0.0000, 0.0000, -0.0000]  x
  obstacle_positions     = {}                     x
[step= 121 01:12:29.232][Analyzer] ASM node=safe_abort  goal_status=not_applicable
[step= 122 01:12:30.363][Manager] ep=1 subtask= reward=-0.4001
[step= 122 01:12:30.363][Manager][MOCK] finger_contacts forçado para 1 (grasp_attempts=3)
[step= 122 01:12:30.364][Perception]
  RAW PERCEPTION                                  MONITORED PARAMS
  ----------------------------------------------  --------------------------------------
  fingers_width         = 0.0800 m                gripper_width_cm      = 7 cm
  dist_ee_to_cube       = 0.3939 m                distance_ee_object_cm = 39 cm
  dist_cube_to_target   = 0.4001 m  (3D)          distance_obj_goal_cm  = 40 cm  (XY)
  cube_position (z)     = 0.0100 m                object_lift_height_cm = 0 cm
  cube_position (xy)    = [-0.250, 0.000]         grasp_completed       = 0
  target_position (xy)  = [0.150, 0.000]          finger_contacts       = 1
  x                                               grasp_attempts        = 3
  episode                = 1                      x
  step                   = 122                    x
  ee_position            = [0.0137, -0.0001, 0.3026]  x
  ee_velocity            = [-0.0000, -0.0000, -0.0000]  x
  reward                 = -0.4001                x
  is_success             = False                  x
  obstacle_in_path       = False                  x
  obstacle_count_in_path = 0                      x
  obstacles              = {}                     x
  objects                = {'object_1': {'type': 'box', 'size': [0.045, 0.03, 0.02], 'mass': 10.0, 'color': [0.1, 0.2, 0.9, 1.0], 'initial_position': [-0.25, 0.0, 0.02], 'lateral_friction': 0.5, 'spinning_friction': 0.001, 'current_position': [-0.2500143954632938, 2.3181973395229553e-05, 0.009990043032457466]}}  x
  scripts                = {'script_1': True, 'reach_only': True, 'left_right': True}  x
  target_goal            = {'type': 'goal_sequence', 'targets': [{'name': 'target', 'position': [0.15000000596046448, 0.0, 0.019999999552965164]}], 'mode': 'goal_sequence'}  x
  scene                  = {'table': {'length': 1.1, 'width': 0.7, 'height': 0.4, 'x_offset': -0.3, 'lateral_friction': 3.0, 'spinning_friction': 0.001}}  x
  robot_config           = {'control_type': 'ee', 'block_gripper': False, 'base_position': [-0.6, 0.0, 0.05]}  x
  current_task           = ABORT                  x
  active_target_name     = target                 x
  action                 = [0.0000, 0.0000, 0.0000, 1.0000]  x
  joint_angles           = [0.0003, 0.2165, -0.0005, -1.8480, 0.0001, 2.0645, 0.7852]  x
  joint_velocities       = [0.0000, -0.0000, -0.0000, -0.0000, 0.0000, 0.0000, -0.0000]  x
  cube_rotation          = [0.0000, -0.0000, 0.0003]  x
  cube_linear_velocity   = [-0.0000, 0.0000, -0.0000]  x
  obstacle_positions     = {}                     x
[step= 122 01:12:30.366][Analyzer] ASM node=safe_abort  goal_status=not_applicable
[step= 123 01:12:31.511][Manager] ep=1 subtask= reward=-0.4001
[step= 123 01:12:31.511][Manager][MOCK] finger_contacts forçado para 1 (grasp_attempts=3)
[step= 123 01:12:31.512][Perception]
  RAW PERCEPTION                                  MONITORED PARAMS
  ----------------------------------------------  --------------------------------------
  fingers_width         = 0.0800 m                gripper_width_cm      = 7 cm
  dist_ee_to_cube       = 0.3939 m                distance_ee_object_cm = 39 cm
  dist_cube_to_target   = 0.4001 m  (3D)          distance_obj_goal_cm  = 40 cm  (XY)
  cube_position (z)     = 0.0100 m                object_lift_height_cm = 0 cm
  cube_position (xy)    = [-0.250, 0.000]         grasp_completed       = 0
  target_position (xy)  = [0.150, 0.000]          finger_contacts       = 1
  x                                               grasp_attempts        = 3
  episode                = 1                      x
  step                   = 123                    x
  ee_position            = [0.0137, -0.0001, 0.3026]  x
  ee_velocity            = [-0.0000, -0.0000, -0.0000]  x
  reward                 = -0.4001                x
  is_success             = False                  x
  obstacle_in_path       = False                  x
  obstacle_count_in_path = 0                      x
  obstacles              = {}                     x
  objects                = {'object_1': {'type': 'box', 'size': [0.045, 0.03, 0.02], 'mass': 10.0, 'color': [0.1, 0.2, 0.9, 1.0], 'initial_position': [-0.25, 0.0, 0.02], 'lateral_friction': 0.5, 'spinning_friction': 0.001, 'current_position': [-0.2500145810722716, 2.3481592422126103e-05, 0.009990043032324605]}}  x
  scripts                = {'script_1': True, 'reach_only': True, 'left_right': True}  x
  target_goal            = {'type': 'goal_sequence', 'targets': [{'name': 'target', 'position': [0.15000000596046448, 0.0, 0.019999999552965164]}], 'mode': 'goal_sequence'}  x
  scene                  = {'table': {'length': 1.1, 'width': 0.7, 'height': 0.4, 'x_offset': -0.3, 'lateral_friction': 3.0, 'spinning_friction': 0.001}}  x
  robot_config           = {'control_type': 'ee', 'block_gripper': False, 'base_position': [-0.6, 0.0, 0.05]}  x
  current_task           = ABORT                  x
  active_target_name     = target                 x
  action                 = [0.0000, 0.0000, 0.0000, 1.0000]  x
  joint_angles           = [0.0003, 0.2165, -0.0005, -1.8480, 0.0001, 2.0645, 0.7852]  x
  joint_velocities       = [0.0000, -0.0000, -0.0000, -0.0000, 0.0000, 0.0000, -0.0000]  x
  cube_rotation          = [0.0000, -0.0000, 0.0003]  x
  cube_linear_velocity   = [-0.0000, 0.0000, -0.0000]  x
  obstacle_positions     = {}                     x
[step= 123 01:12:31.514][Analyzer] ASM node=safe_abort  goal_status=not_applicable
[step= 124 01:12:32.657][Manager] ep=1 subtask= reward=-0.4001
[step= 124 01:12:32.657][Manager][MOCK] finger_contacts forçado para 1 (grasp_attempts=3)
[step= 124 01:12:32.657][Perception]
  RAW PERCEPTION                                  MONITORED PARAMS
  ----------------------------------------------  --------------------------------------
  fingers_width         = 0.0800 m                gripper_width_cm      = 7 cm
  dist_ee_to_cube       = 0.3939 m                distance_ee_object_cm = 39 cm
  dist_cube_to_target   = 0.4001 m  (3D)          distance_obj_goal_cm  = 40 cm  (XY)
  cube_position (z)     = 0.0100 m                object_lift_height_cm = 0 cm
  cube_position (xy)    = [-0.250, 0.000]         grasp_completed       = 0
  target_position (xy)  = [0.150, 0.000]          finger_contacts       = 1
  x                                               grasp_attempts        = 3
  episode                = 1                      x
  step                   = 124                    x
  ee_position            = [0.0137, -0.0001, 0.3026]  x
  ee_velocity            = [-0.0000, -0.0000, -0.0000]  x
  reward                 = -0.4001                x
  is_success             = False                  x
  obstacle_in_path       = False                  x
  obstacle_count_in_path = 0                      x
  obstacles              = {}                     x
  objects                = {'object_1': {'type': 'box', 'size': [0.045, 0.03, 0.02], 'mass': 10.0, 'color': [0.1, 0.2, 0.9, 1.0], 'initial_position': [-0.25, 0.0, 0.02], 'lateral_friction': 0.5, 'spinning_friction': 0.001, 'current_position': [-0.2500147666844507, 2.3781208633850015e-05, 0.00999004303219175]}}  x
  scripts                = {'script_1': True, 'reach_only': True, 'left_right': True}  x
  target_goal            = {'type': 'goal_sequence', 'targets': [{'name': 'target', 'position': [0.15000000596046448, 0.0, 0.019999999552965164]}], 'mode': 'goal_sequence'}  x
  scene                  = {'table': {'length': 1.1, 'width': 0.7, 'height': 0.4, 'x_offset': -0.3, 'lateral_friction': 3.0, 'spinning_friction': 0.001}}  x
  robot_config           = {'control_type': 'ee', 'block_gripper': False, 'base_position': [-0.6, 0.0, 0.05]}  x
  current_task           = ABORT                  x
  active_target_name     = target                 x
  action                 = [0.0000, 0.0000, 0.0000, 1.0000]  x
  joint_angles           = [0.0003, 0.2165, -0.0005, -1.8480, 0.0001, 2.0645, 0.7852]  x
  joint_velocities       = [0.0000, -0.0000, -0.0000, -0.0000, 0.0000, 0.0000, -0.0000]  x
  cube_rotation          = [0.0000, -0.0000, 0.0003]  x
  cube_linear_velocity   = [-0.0000, 0.0000, -0.0000]  x
  obstacle_positions     = {}                     x
[step= 124 01:12:32.660][Analyzer] ASM node=safe_abort  goal_status=not_applicable
[step= 125 01:12:33.804][Manager] ep=1 subtask= reward=-0.4001
[step= 125 01:12:33.804][Manager][MOCK] finger_contacts forçado para 1 (grasp_attempts=3)
[step= 125 01:12:33.804][Perception]
  RAW PERCEPTION                                  MONITORED PARAMS
  ----------------------------------------------  --------------------------------------
  fingers_width         = 0.0800 m                gripper_width_cm      = 7 cm
  dist_ee_to_cube       = 0.3939 m                distance_ee_object_cm = 39 cm
  dist_cube_to_target   = 0.4001 m  (3D)          distance_obj_goal_cm  = 40 cm  (XY)
  cube_position (z)     = 0.0100 m                object_lift_height_cm = 0 cm
  cube_position (xy)    = [-0.250, 0.000]         grasp_completed       = 0
  target_position (xy)  = [0.150, 0.000]          finger_contacts       = 1
  x                                               grasp_attempts        = 3
  episode                = 1                      x
  step                   = 125                    x
  ee_position            = [0.0137, -0.0001, 0.3026]  x
  ee_velocity            = [-0.0000, -0.0000, -0.0000]  x
  reward                 = -0.4001                x
  is_success             = False                  x
  obstacle_in_path       = False                  x
  obstacle_count_in_path = 0                      x
  obstacles              = {}                     x
  objects                = {'object_1': {'type': 'box', 'size': [0.045, 0.03, 0.02], 'mass': 10.0, 'color': [0.1, 0.2, 0.9, 1.0], 'initial_position': [-0.25, 0.0, 0.02], 'lateral_friction': 0.5, 'spinning_friction': 0.001, 'current_position': [-0.2500149522998314, 2.408082203009362e-05, 0.009990043032058872]}}  x
  scripts                = {'script_1': True, 'reach_only': True, 'left_right': True}  x
  target_goal            = {'type': 'goal_sequence', 'targets': [{'name': 'target', 'position': [0.15000000596046448, 0.0, 0.019999999552965164]}], 'mode': 'goal_sequence'}  x
  scene                  = {'table': {'length': 1.1, 'width': 0.7, 'height': 0.4, 'x_offset': -0.3, 'lateral_friction': 3.0, 'spinning_friction': 0.001}}  x
  robot_config           = {'control_type': 'ee', 'block_gripper': False, 'base_position': [-0.6, 0.0, 0.05]}  x
  current_task           = ABORT                  x
  active_target_name     = target                 x
  action                 = [0.0000, 0.0000, 0.0000, 1.0000]  x
  joint_angles           = [0.0003, 0.2165, -0.0005, -1.8480, 0.0001, 2.0645, 0.7852]  x
  joint_velocities       = [0.0000, -0.0000, -0.0000, -0.0000, 0.0000, 0.0000, -0.0000]  x
  cube_rotation          = [0.0000, -0.0000, 0.0003]  x
  cube_linear_velocity   = [-0.0000, 0.0000, -0.0000]  x
  obstacle_positions     = {}                     x
[step= 125 01:12:33.806][Analyzer] ASM node=safe_abort  goal_status=not_applicable
[step= 126 01:12:34.950][Manager] ep=1 subtask= reward=-0.4001
[step= 126 01:12:34.951][Manager][MOCK] finger_contacts forçado para 1 (grasp_attempts=3)
[step= 126 01:12:34.951][Perception]
  RAW PERCEPTION                                  MONITORED PARAMS
  ----------------------------------------------  --------------------------------------
  fingers_width         = 0.0800 m                gripper_width_cm      = 7 cm
  dist_ee_to_cube       = 0.3939 m                distance_ee_object_cm = 39 cm
  dist_cube_to_target   = 0.4001 m  (3D)          distance_obj_goal_cm  = 40 cm  (XY)
  cube_position (z)     = 0.0100 m                object_lift_height_cm = 0 cm
  cube_position (xy)    = [-0.250, 0.000]         grasp_completed       = 0
  target_position (xy)  = [0.150, 0.000]          finger_contacts       = 1
  x                                               grasp_attempts        = 3
  episode                = 1                      x
  step                   = 126                    x
  ee_position            = [0.0137, -0.0001, 0.3026]  x
  ee_velocity            = [-0.0000, -0.0000, -0.0000]  x
  reward                 = -0.4001                x
  is_success             = False                  x
  obstacle_in_path       = False                  x
  obstacle_count_in_path = 0                      x
  obstacles              = {}                     x
  objects                = {'object_1': {'type': 'box', 'size': [0.045, 0.03, 0.02], 'mass': 10.0, 'color': [0.1, 0.2, 0.9, 1.0], 'initial_position': [-0.25, 0.0, 0.02], 'lateral_friction': 0.5, 'spinning_friction': 0.001, 'current_position': [-0.25001513791841373, 2.4380432610541957e-05, 0.009990043031925983]}}  x
  scripts                = {'script_1': True, 'reach_only': True, 'left_right': True}  x
  target_goal            = {'type': 'goal_sequence', 'targets': [{'name': 'target', 'position': [0.15000000596046448, 0.0, 0.019999999552965164]}], 'mode': 'goal_sequence'}  x
  scene                  = {'table': {'length': 1.1, 'width': 0.7, 'height': 0.4, 'x_offset': -0.3, 'lateral_friction': 3.0, 'spinning_friction': 0.001}}  x
  robot_config           = {'control_type': 'ee', 'block_gripper': False, 'base_position': [-0.6, 0.0, 0.05]}  x
  current_task           = ABORT                  x
  active_target_name     = target                 x
  action                 = [0.0000, 0.0000, 0.0000, 1.0000]  x
  joint_angles           = [0.0003, 0.2165, -0.0005, -1.8480, 0.0001, 2.0645, 0.7852]  x
  joint_velocities       = [0.0000, -0.0000, -0.0000, -0.0000, 0.0000, 0.0000, -0.0000]  x
  cube_rotation          = [0.0000, -0.0000, 0.0003]  x
  cube_linear_velocity   = [-0.0000, 0.0000, -0.0000]  x
  obstacle_positions     = {}                     x
[step= 126 01:12:34.954][Analyzer] ASM node=safe_abort  goal_status=not_applicable
[step= 127 01:12:36.123][Manager] ep=1 subtask= reward=-0.4001
[step= 127 01:12:36.124][Manager][MOCK] finger_contacts forçado para 1 (grasp_attempts=3)
[step= 127 01:12:36.124][Perception]
  RAW PERCEPTION                                  MONITORED PARAMS
  ----------------------------------------------  --------------------------------------
  fingers_width         = 0.0800 m                gripper_width_cm      = 7 cm
  dist_ee_to_cube       = 0.3939 m                distance_ee_object_cm = 39 cm
  dist_cube_to_target   = 0.4001 m  (3D)          distance_obj_goal_cm  = 40 cm  (XY)
  cube_position (z)     = 0.0100 m                object_lift_height_cm = 0 cm
  cube_position (xy)    = [-0.250, 0.000]         grasp_completed       = 0
  target_position (xy)  = [0.150, 0.000]          finger_contacts       = 1
  x                                               grasp_attempts        = 3
  episode                = 1                      x
  step                   = 127                    x
  ee_position            = [0.0137, -0.0001, 0.3026]  x
  ee_velocity            = [-0.0000, -0.0000, -0.0000]  x
  reward                 = -0.4001                x
  is_success             = False                  x
  obstacle_in_path       = False                  x
  obstacle_count_in_path = 0                      x
  obstacles              = {}                     x
  objects                = {'object_1': {'type': 'box', 'size': [0.045, 0.03, 0.02], 'mass': 10.0, 'color': [0.1, 0.2, 0.9, 1.0], 'initial_position': [-0.25, 0.0, 0.02], 'lateral_friction': 0.5, 'spinning_friction': 0.001, 'current_position': [-0.250015323540198, 2.4680040374918775e-05, 0.009990043031793109]}}  x
  scripts                = {'script_1': True, 'reach_only': True, 'left_right': True}  x
  target_goal            = {'type': 'goal_sequence', 'targets': [{'name': 'target', 'position': [0.15000000596046448, 0.0, 0.019999999552965164]}], 'mode': 'goal_sequence'}  x
  scene                  = {'table': {'length': 1.1, 'width': 0.7, 'height': 0.4, 'x_offset': -0.3, 'lateral_friction': 3.0, 'spinning_friction': 0.001}}  x
  robot_config           = {'control_type': 'ee', 'block_gripper': False, 'base_position': [-0.6, 0.0, 0.05]}  x
  current_task           = ABORT                  x
  active_target_name     = target                 x
  action                 = [0.0000, 0.0000, 0.0000, 1.0000]  x
  joint_angles           = [0.0003, 0.2165, -0.0005, -1.8480, 0.0001, 2.0645, 0.7852]  x
  joint_velocities       = [0.0000, -0.0000, -0.0000, -0.0000, 0.0000, 0.0000, -0.0000]  x
  cube_rotation          = [0.0000, -0.0000, 0.0003]  x
  cube_linear_velocity   = [-0.0000, 0.0000, -0.0000]  x
  obstacle_positions     = {}                     x
[step= 127 01:12:36.127][Analyzer] ASM node=safe_abort  goal_status=not_applicable
[step= 128 01:12:37.244][Manager] ep=1 subtask= reward=-0.4001
[step= 128 01:12:37.244][Manager][MOCK] finger_contacts forçado para 1 (grasp_attempts=3)
[step= 128 01:12:37.244][Perception]
  RAW PERCEPTION                                  MONITORED PARAMS
  ----------------------------------------------  --------------------------------------
  fingers_width         = 0.0800 m                gripper_width_cm      = 7 cm
  dist_ee_to_cube       = 0.3939 m                distance_ee_object_cm = 39 cm
  dist_cube_to_target   = 0.4001 m  (3D)          distance_obj_goal_cm  = 40 cm  (XY)
  cube_position (z)     = 0.0100 m                object_lift_height_cm = 0 cm
  cube_position (xy)    = [-0.250, 0.000]         grasp_completed       = 0
  target_position (xy)  = [0.150, 0.000]          finger_contacts       = 1
  x                                               grasp_attempts        = 3
  episode                = 1                      x
  step                   = 128                    x
  ee_position            = [0.0137, -0.0001, 0.3026]  x
  ee_velocity            = [-0.0000, -0.0000, -0.0000]  x
  reward                 = -0.4001                x
  is_success             = False                  x
  obstacle_in_path       = False                  x
  obstacle_count_in_path = 0                      x
  obstacles              = {}                     x
  objects                = {'object_1': {'type': 'box', 'size': [0.045, 0.03, 0.02], 'mass': 10.0, 'color': [0.1, 0.2, 0.9, 1.0], 'initial_position': [-0.25, 0.0, 0.02], 'lateral_friction': 0.5, 'spinning_friction': 0.001, 'current_position': [-0.2500155091651845, 2.4979645322886558e-05, 0.009990043031660203]}}  x
  scripts                = {'script_1': True, 'reach_only': True, 'left_right': True}  x
  target_goal            = {'type': 'goal_sequence', 'targets': [{'name': 'target', 'position': [0.15000000596046448, 0.0, 0.019999999552965164]}], 'mode': 'goal_sequence'}  x
  scene                  = {'table': {'length': 1.1, 'width': 0.7, 'height': 0.4, 'x_offset': -0.3, 'lateral_friction': 3.0, 'spinning_friction': 0.001}}  x
  robot_config           = {'control_type': 'ee', 'block_gripper': False, 'base_position': [-0.6, 0.0, 0.05]}  x
  current_task           = ABORT                  x
  active_target_name     = target                 x
  action                 = [0.0000, 0.0000, 0.0000, 1.0000]  x
  joint_angles           = [0.0003, 0.2165, -0.0005, -1.8480, 0.0001, 2.0645, 0.7852]  x
  joint_velocities       = [0.0000, -0.0000, -0.0000, -0.0000, 0.0000, 0.0000, -0.0000]  x
  cube_rotation          = [0.0000, -0.0000, 0.0003]  x
  cube_linear_velocity   = [-0.0000, 0.0000, -0.0000]  x
  obstacle_positions     = {}                     x
[step= 128 01:12:37.247][Analyzer] ASM node=safe_abort  goal_status=not_applicable
[step= 129 01:12:38.416][Manager] ep=1 subtask= reward=-0.4001
[step= 129 01:12:38.417][Manager][MOCK] finger_contacts forçado para 1 (grasp_attempts=3)
[step= 129 01:12:38.417][Perception]
  RAW PERCEPTION                                  MONITORED PARAMS
  ----------------------------------------------  --------------------------------------
  fingers_width         = 0.0800 m                gripper_width_cm      = 7 cm
  dist_ee_to_cube       = 0.3939 m                distance_ee_object_cm = 39 cm
  dist_cube_to_target   = 0.4001 m  (3D)          distance_obj_goal_cm  = 40 cm  (XY)
  cube_position (z)     = 0.0100 m                object_lift_height_cm = 0 cm
  cube_position (xy)    = [-0.250, 0.000]         grasp_completed       = 0
  target_position (xy)  = [0.150, 0.000]          finger_contacts       = 1
  x                                               grasp_attempts        = 3
  episode                = 1                      x
  step                   = 129                    x
  ee_position            = [0.0137, -0.0001, 0.3026]  x
  ee_velocity            = [-0.0000, -0.0000, -0.0000]  x
  reward                 = -0.4001                x
  is_success             = False                  x
  obstacle_in_path       = False                  x
  obstacle_count_in_path = 0                      x
  obstacles              = {}                     x
  objects                = {'object_1': {'type': 'box', 'size': [0.045, 0.03, 0.02], 'mass': 10.0, 'color': [0.1, 0.2, 0.9, 1.0], 'initial_position': [-0.25, 0.0, 0.02], 'lateral_friction': 0.5, 'spinning_friction': 0.001, 'current_position': [-0.2500156947933734, 2.5279247454151777e-05, 0.009990043031527287]}}  x
  scripts                = {'script_1': True, 'reach_only': True, 'left_right': True}  x
  target_goal            = {'type': 'goal_sequence', 'targets': [{'name': 'target', 'position': [0.15000000596046448, 0.0, 0.019999999552965164]}], 'mode': 'goal_sequence'}  x
  scene                  = {'table': {'length': 1.1, 'width': 0.7, 'height': 0.4, 'x_offset': -0.3, 'lateral_friction': 3.0, 'spinning_friction': 0.001}}  x
  robot_config           = {'control_type': 'ee', 'block_gripper': False, 'base_position': [-0.6, 0.0, 0.05]}  x
  current_task           = ABORT                  x
  active_target_name     = target                 x
  action                 = [0.0000, 0.0000, 0.0000, 1.0000]  x
  joint_angles           = [0.0003, 0.2165, -0.0005, -1.8480, 0.0001, 2.0645, 0.7852]  x
  joint_velocities       = [0.0000, -0.0000, -0.0000, -0.0000, 0.0000, 0.0000, -0.0000]  x
  cube_rotation          = [0.0000, -0.0000, 0.0003]  x
  cube_linear_velocity   = [-0.0000, 0.0000, -0.0000]  x
  obstacle_positions     = {}                     x
[step= 129 01:12:38.419][Analyzer] ASM node=safe_abort  goal_status=not_applicable
[step= 130 01:12:39.538][Manager] ep=1 subtask= reward=-0.4001
[step= 130 01:12:39.538][Manager][MOCK] finger_contacts forçado para 1 (grasp_attempts=3)
[step= 130 01:12:39.538][Perception]
  RAW PERCEPTION                                  MONITORED PARAMS
  ----------------------------------------------  --------------------------------------
  fingers_width         = 0.0800 m                gripper_width_cm      = 7 cm
  dist_ee_to_cube       = 0.3939 m                distance_ee_object_cm = 39 cm
  dist_cube_to_target   = 0.4001 m  (3D)          distance_obj_goal_cm  = 40 cm  (XY)
  cube_position (z)     = 0.0100 m                object_lift_height_cm = 0 cm
  cube_position (xy)    = [-0.250, 0.000]         grasp_completed       = 0
  target_position (xy)  = [0.150, 0.000]          finger_contacts       = 1
  x                                               grasp_attempts        = 3
  episode                = 1                      x
  step                   = 130                    x
  ee_position            = [0.0137, -0.0001, 0.3026]  x
  ee_velocity            = [-0.0000, -0.0000, -0.0000]  x
  reward                 = -0.4001                x
  is_success             = False                  x
  obstacle_in_path       = False                  x
  obstacle_count_in_path = 0                      x
  obstacles              = {}                     x
  objects                = {'object_1': {'type': 'box', 'size': [0.045, 0.03, 0.02], 'mass': 10.0, 'color': [0.1, 0.2, 0.9, 1.0], 'initial_position': [-0.25, 0.0, 0.02], 'lateral_friction': 0.5, 'spinning_friction': 0.001, 'current_position': [-0.25001588042476475, 2.5578846768426256e-05, 0.00999004303139436]}}  x
  scripts                = {'script_1': True, 'reach_only': True, 'left_right': True}  x
  target_goal            = {'type': 'goal_sequence', 'targets': [{'name': 'target', 'position': [0.15000000596046448, 0.0, 0.019999999552965164]}], 'mode': 'goal_sequence'}  x
  scene                  = {'table': {'length': 1.1, 'width': 0.7, 'height': 0.4, 'x_offset': -0.3, 'lateral_friction': 3.0, 'spinning_friction': 0.001}}  x
  robot_config           = {'control_type': 'ee', 'block_gripper': False, 'base_position': [-0.6, 0.0, 0.05]}  x
  current_task           = ABORT                  x
  active_target_name     = target                 x
  action                 = [0.0000, 0.0000, 0.0000, 1.0000]  x
  joint_angles           = [0.0003, 0.2165, -0.0005, -1.8480, 0.0001, 2.0645, 0.7851]  x
  joint_velocities       = [0.0000, -0.0000, -0.0000, -0.0000, 0.0000, 0.0000, -0.0000]  x
  cube_rotation          = [0.0000, -0.0000, 0.0003]  x
  cube_linear_velocity   = [-0.0000, 0.0000, -0.0000]  x
  obstacle_positions     = {}                     x
[step= 130 01:12:39.541][Analyzer] ASM node=safe_abort  goal_status=not_applicable
[step= 131 01:12:40.710][Manager] ep=1 subtask= reward=-0.4001
[step= 131 01:12:40.710][Manager][MOCK] finger_contacts forçado para 1 (grasp_attempts=3)
[step= 131 01:12:40.711][Perception]
  RAW PERCEPTION                                  MONITORED PARAMS
  ----------------------------------------------  --------------------------------------
  fingers_width         = 0.0800 m                gripper_width_cm      = 7 cm
  dist_ee_to_cube       = 0.3939 m                distance_ee_object_cm = 39 cm
  dist_cube_to_target   = 0.4001 m  (3D)          distance_obj_goal_cm  = 40 cm  (XY)
  cube_position (z)     = 0.0100 m                object_lift_height_cm = 0 cm
  cube_position (xy)    = [-0.250, 0.000]         grasp_completed       = 0
  target_position (xy)  = [0.150, 0.000]          finger_contacts       = 1
  x                                               grasp_attempts        = 3
  episode                = 1                      x
  step                   = 131                    x
  ee_position            = [0.0137, -0.0001, 0.3026]  x
  ee_velocity            = [-0.0000, -0.0000, -0.0000]  x
  reward                 = -0.4001                x
  is_success             = False                  x
  obstacle_in_path       = False                  x
  obstacle_count_in_path = 0                      x
  obstacles              = {}                     x
  objects                = {'object_1': {'type': 'box', 'size': [0.045, 0.03, 0.02], 'mass': 10.0, 'color': [0.1, 0.2, 0.9, 1.0], 'initial_position': [-0.25, 0.0, 0.02], 'lateral_friction': 0.5, 'spinning_friction': 0.001, 'current_position': [-0.2500160660593589, 2.5878443265380596e-05, 0.009990043031261428]}}  x
  scripts                = {'script_1': True, 'reach_only': True, 'left_right': True}  x
  target_goal            = {'type': 'goal_sequence', 'targets': [{'name': 'target', 'position': [0.15000000596046448, 0.0, 0.019999999552965164]}], 'mode': 'goal_sequence'}  x
  scene                  = {'table': {'length': 1.1, 'width': 0.7, 'height': 0.4, 'x_offset': -0.3, 'lateral_friction': 3.0, 'spinning_friction': 0.001}}  x
  robot_config           = {'control_type': 'ee', 'block_gripper': False, 'base_position': [-0.6, 0.0, 0.05]}  x
  current_task           = ABORT                  x
  active_target_name     = target                 x
  action                 = [0.0000, 0.0000, 0.0000, 1.0000]  x
  joint_angles           = [0.0003, 0.2165, -0.0005, -1.8480, 0.0001, 2.0645, 0.7851]  x
  joint_velocities       = [0.0000, -0.0000, -0.0000, -0.0000, 0.0000, 0.0000, -0.0000]  x
  cube_rotation          = [0.0000, -0.0000, 0.0003]  x
  cube_linear_velocity   = [-0.0000, 0.0000, -0.0000]  x
  obstacle_positions     = {}                     x
[step= 131 01:12:40.713][Analyzer] ASM node=safe_abort  goal_status=not_applicable
[step= 132 01:12:41.831][Manager] ep=1 subtask= reward=-0.4001
[step= 132 01:12:41.831][Manager][MOCK] finger_contacts forçado para 1 (grasp_attempts=3)
[step= 132 01:12:41.832][Perception]
  RAW PERCEPTION                                  MONITORED PARAMS
  ----------------------------------------------  --------------------------------------
  fingers_width         = 0.0800 m                gripper_width_cm      = 7 cm
  dist_ee_to_cube       = 0.3939 m                distance_ee_object_cm = 39 cm
  dist_cube_to_target   = 0.4001 m  (3D)          distance_obj_goal_cm  = 40 cm  (XY)
  cube_position (z)     = 0.0100 m                object_lift_height_cm = 0 cm
  cube_position (xy)    = [-0.250, 0.000]         grasp_completed       = 0
  target_position (xy)  = [0.150, 0.000]          finger_contacts       = 1
  x                                               grasp_attempts        = 3
  episode                = 1                      x
  step                   = 132                    x
  ee_position            = [0.0137, -0.0001, 0.3026]  x
  ee_velocity            = [-0.0000, -0.0000, -0.0000]  x
  reward                 = -0.4001                x
  is_success             = False                  x
  obstacle_in_path       = False                  x
  obstacle_count_in_path = 0                      x
  obstacles              = {}                     x
  objects                = {'object_1': {'type': 'box', 'size': [0.045, 0.03, 0.02], 'mass': 10.0, 'color': [0.1, 0.2, 0.9, 1.0], 'initial_position': [-0.25, 0.0, 0.02], 'lateral_friction': 0.5, 'spinning_friction': 0.001, 'current_position': [-0.25001625169715597, 2.6178036944714722e-05, 0.009990043031128484]}}  x
  scripts                = {'script_1': True, 'reach_only': True, 'left_right': True}  x
  target_goal            = {'type': 'goal_sequence', 'targets': [{'name': 'target', 'position': [0.15000000596046448, 0.0, 0.019999999552965164]}], 'mode': 'goal_sequence'}  x
  scene                  = {'table': {'length': 1.1, 'width': 0.7, 'height': 0.4, 'x_offset': -0.3, 'lateral_friction': 3.0, 'spinning_friction': 0.001}}  x
  robot_config           = {'control_type': 'ee', 'block_gripper': False, 'base_position': [-0.6, 0.0, 0.05]}  x
  current_task           = ABORT                  x
  active_target_name     = target                 x
  action                 = [0.0000, 0.0000, 0.0000, 1.0000]  x
  joint_angles           = [0.0003, 0.2165, -0.0005, -1.8480, 0.0001, 2.0645, 0.7851]  x
  joint_velocities       = [0.0000, -0.0000, -0.0000, -0.0000, 0.0000, 0.0000, -0.0000]  x
  cube_rotation          = [0.0000, -0.0000, 0.0003]  x
  cube_linear_velocity   = [-0.0000, 0.0000, -0.0000]  x
  obstacle_positions     = {}                     x
[step= 132 01:12:41.834][Analyzer] ASM node=safe_abort  goal_status=not_applicable
[step= 133 01:12:42.978][Manager] ep=1 subtask= reward=-0.4001
[step= 133 01:12:42.978][Manager][MOCK] finger_contacts forçado para 1 (grasp_attempts=3)
[step= 133 01:12:42.978][Perception]
  RAW PERCEPTION                                  MONITORED PARAMS
  ----------------------------------------------  --------------------------------------
  fingers_width         = 0.0800 m                gripper_width_cm      = 7 cm
  dist_ee_to_cube       = 0.3939 m                distance_ee_object_cm = 39 cm
  dist_cube_to_target   = 0.4001 m  (3D)          distance_obj_goal_cm  = 40 cm  (XY)
  cube_position (z)     = 0.0100 m                object_lift_height_cm = 0 cm
  cube_position (xy)    = [-0.250, 0.000]         grasp_completed       = 0
  target_position (xy)  = [0.150, 0.000]          finger_contacts       = 1
  x                                               grasp_attempts        = 3
  episode                = 1                      x
  step                   = 133                    x
  ee_position            = [0.0137, -0.0001, 0.3026]  x
  ee_velocity            = [-0.0000, -0.0000, -0.0000]  x
  reward                 = -0.4001                x
  is_success             = False                  x
  obstacle_in_path       = False                  x
  obstacle_count_in_path = 0                      x
  obstacles              = {}                     x
  objects                = {'object_1': {'type': 'box', 'size': [0.045, 0.03, 0.02], 'mass': 10.0, 'color': [0.1, 0.2, 0.9, 1.0], 'initial_position': [-0.25, 0.0, 0.02], 'lateral_friction': 0.5, 'spinning_friction': 0.001, 'current_position': [-0.2500164373381563, 2.647762780613073e-05, 0.009990043030995542]}}  x
  scripts                = {'script_1': True, 'reach_only': True, 'left_right': True}  x
  target_goal            = {'type': 'goal_sequence', 'targets': [{'name': 'target', 'position': [0.15000000596046448, 0.0, 0.019999999552965164]}], 'mode': 'goal_sequence'}  x
  scene                  = {'table': {'length': 1.1, 'width': 0.7, 'height': 0.4, 'x_offset': -0.3, 'lateral_friction': 3.0, 'spinning_friction': 0.001}}  x
  robot_config           = {'control_type': 'ee', 'block_gripper': False, 'base_position': [-0.6, 0.0, 0.05]}  x
  current_task           = ABORT                  x
  active_target_name     = target                 x
  action                 = [0.0000, 0.0000, 0.0000, 1.0000]  x
  joint_angles           = [0.0003, 0.2165, -0.0005, -1.8480, 0.0001, 2.0645, 0.7851]  x
  joint_velocities       = [0.0000, -0.0000, -0.0000, -0.0000, 0.0000, 0.0000, -0.0000]  x
  cube_rotation          = [0.0000, -0.0000, 0.0003]  x
  cube_linear_velocity   = [-0.0000, 0.0000, -0.0000]  x
  obstacle_positions     = {}                     x
[step= 133 01:12:42.980][Analyzer] ASM node=safe_abort  goal_status=not_applicable
[step= 134 01:12:44.125][Manager] ep=1 subtask= reward=-0.4001
[step= 134 01:12:44.125][Manager][MOCK] finger_contacts forçado para 1 (grasp_attempts=3)
[step= 134 01:12:44.125][Perception]
  RAW PERCEPTION                                  MONITORED PARAMS
  ----------------------------------------------  --------------------------------------
  fingers_width         = 0.0800 m                gripper_width_cm      = 7 cm
  dist_ee_to_cube       = 0.3939 m                distance_ee_object_cm = 39 cm
  dist_cube_to_target   = 0.4001 m  (3D)          distance_obj_goal_cm  = 40 cm  (XY)
  cube_position (z)     = 0.0100 m                object_lift_height_cm = 0 cm
  cube_position (xy)    = [-0.250, 0.000]         grasp_completed       = 0
  target_position (xy)  = [0.150, 0.000]          finger_contacts       = 1
  x                                               grasp_attempts        = 3
  episode                = 1                      x
  step                   = 134                    x
  ee_position            = [0.0137, -0.0001, 0.3026]  x
  ee_velocity            = [-0.0000, -0.0000, -0.0000]  x
  reward                 = -0.4001                x
  is_success             = False                  x
  obstacle_in_path       = False                  x
  obstacle_count_in_path = 0                      x
  obstacles              = {}                     x
  objects                = {'object_1': {'type': 'box', 'size': [0.045, 0.03, 0.02], 'mass': 10.0, 'color': [0.1, 0.2, 0.9, 1.0], 'initial_position': [-0.25, 0.0, 0.02], 'lateral_friction': 0.5, 'spinning_friction': 0.001, 'current_position': [-0.25001662298236005, 2.677721584932738e-05, 0.009990043030862577]}}  x
  scripts                = {'script_1': True, 'reach_only': True, 'left_right': True}  x
  target_goal            = {'type': 'goal_sequence', 'targets': [{'name': 'target', 'position': [0.15000000596046448, 0.0, 0.019999999552965164]}], 'mode': 'goal_sequence'}  x
  scene                  = {'table': {'length': 1.1, 'width': 0.7, 'height': 0.4, 'x_offset': -0.3, 'lateral_friction': 3.0, 'spinning_friction': 0.001}}  x
  robot_config           = {'control_type': 'ee', 'block_gripper': False, 'base_position': [-0.6, 0.0, 0.05]}  x
  current_task           = ABORT                  x
  active_target_name     = target                 x
  action                 = [0.0000, 0.0000, 0.0000, 1.0000]  x
  joint_angles           = [0.0003, 0.2165, -0.0005, -1.8480, 0.0001, 2.0645, 0.7851]  x
  joint_velocities       = [0.0000, -0.0000, -0.0000, -0.0000, 0.0000, 0.0000, -0.0000]  x
  cube_rotation          = [0.0000, -0.0000, 0.0003]  x
  cube_linear_velocity   = [-0.0000, 0.0000, -0.0000]  x
  obstacle_positions     = {}                     x
[step= 134 01:12:44.128][Analyzer] ASM node=safe_abort  goal_status=not_applicable
[step= 135 01:12:45.272][Manager] ep=1 subtask= reward=-0.4001
[step= 135 01:12:45.272][Manager][MOCK] finger_contacts forçado para 1 (grasp_attempts=3)
[step= 135 01:12:45.273][Perception]
  RAW PERCEPTION                                  MONITORED PARAMS
  ----------------------------------------------  --------------------------------------
  fingers_width         = 0.0800 m                gripper_width_cm      = 7 cm
  dist_ee_to_cube       = 0.3939 m                distance_ee_object_cm = 39 cm
  dist_cube_to_target   = 0.4001 m  (3D)          distance_obj_goal_cm  = 40 cm  (XY)
  cube_position (z)     = 0.0100 m                object_lift_height_cm = 0 cm
  cube_position (xy)    = [-0.250, 0.000]         grasp_completed       = 0
  target_position (xy)  = [0.150, 0.000]          finger_contacts       = 1
  x                                               grasp_attempts        = 3
  episode                = 1                      x
  step                   = 135                    x
  ee_position            = [0.0137, -0.0001, 0.3026]  x
  ee_velocity            = [-0.0000, -0.0000, -0.0000]  x
  reward                 = -0.4001                x
  is_success             = False                  x
  obstacle_in_path       = False                  x
  obstacle_count_in_path = 0                      x
  obstacles              = {}                     x
  objects                = {'object_1': {'type': 'box', 'size': [0.045, 0.03, 0.02], 'mass': 10.0, 'color': [0.1, 0.2, 0.9, 1.0], 'initial_position': [-0.25, 0.0, 0.02], 'lateral_friction': 0.5, 'spinning_friction': 0.001, 'current_position': [-0.2500168086297673, 2.7076801073984558e-05, 0.0099900430307296]}}  x
  scripts                = {'script_1': True, 'reach_only': True, 'left_right': True}  x
  target_goal            = {'type': 'goal_sequence', 'targets': [{'name': 'target', 'position': [0.15000000596046448, 0.0, 0.019999999552965164]}], 'mode': 'goal_sequence'}  x
  scene                  = {'table': {'length': 1.1, 'width': 0.7, 'height': 0.4, 'x_offset': -0.3, 'lateral_friction': 3.0, 'spinning_friction': 0.001}}  x
  robot_config           = {'control_type': 'ee', 'block_gripper': False, 'base_position': [-0.6, 0.0, 0.05]}  x
  current_task           = ABORT                  x
  active_target_name     = target                 x
  action                 = [0.0000, 0.0000, 0.0000, 1.0000]  x
  joint_angles           = [0.0003, 0.2165, -0.0005, -1.8480, 0.0001, 2.0645, 0.7851]  x
  joint_velocities       = [0.0000, -0.0000, -0.0000, -0.0000, 0.0000, 0.0000, -0.0000]  x
  cube_rotation          = [0.0000, -0.0000, 0.0003]  x
  cube_linear_velocity   = [-0.0000, 0.0000, -0.0000]  x
  obstacle_positions     = {}                     x
[step= 135 01:12:45.276][Analyzer] ASM node=safe_abort  goal_status=not_applicable
[step= 136 01:12:46.418][Manager] ep=1 subtask= reward=-0.4001
[step= 136 01:12:46.418][Manager][MOCK] finger_contacts forçado para 1 (grasp_attempts=3)
[step= 136 01:12:46.418][Perception]
  RAW PERCEPTION                                  MONITORED PARAMS
  ----------------------------------------------  --------------------------------------
  fingers_width         = 0.0800 m                gripper_width_cm      = 7 cm
  dist_ee_to_cube       = 0.3939 m                distance_ee_object_cm = 39 cm
  dist_cube_to_target   = 0.4001 m  (3D)          distance_obj_goal_cm  = 40 cm  (XY)
  cube_position (z)     = 0.0100 m                object_lift_height_cm = 0 cm
  cube_position (xy)    = [-0.250, 0.000]         grasp_completed       = 0
  target_position (xy)  = [0.150, 0.000]          finger_contacts       = 1
  x                                               grasp_attempts        = 3
  episode                = 1                      x
  step                   = 136                    x
  ee_position            = [0.0137, -0.0001, 0.3026]  x
  ee_velocity            = [-0.0000, -0.0000, -0.0000]  x
  reward                 = -0.4001                x
  is_success             = False                  x
  obstacle_in_path       = False                  x
  obstacle_count_in_path = 0                      x
  obstacles              = {}                     x
  objects                = {'object_1': {'type': 'box', 'size': [0.045, 0.03, 0.02], 'mass': 10.0, 'color': [0.1, 0.2, 0.9, 1.0], 'initial_position': [-0.25, 0.0, 0.02], 'lateral_friction': 0.5, 'spinning_friction': 0.001, 'current_position': [-0.2500169942803783, 2.7376383479803474e-05, 0.009990043030596623]}}  x
  scripts                = {'script_1': True, 'reach_only': True, 'left_right': True}  x
  target_goal            = {'type': 'goal_sequence', 'targets': [{'name': 'target', 'position': [0.15000000596046448, 0.0, 0.019999999552965164]}], 'mode': 'goal_sequence'}  x
  scene                  = {'table': {'length': 1.1, 'width': 0.7, 'height': 0.4, 'x_offset': -0.3, 'lateral_friction': 3.0, 'spinning_friction': 0.001}}  x
  robot_config           = {'control_type': 'ee', 'block_gripper': False, 'base_position': [-0.6, 0.0, 0.05]}  x
  current_task           = ABORT                  x
  active_target_name     = target                 x
  action                 = [0.0000, 0.0000, 0.0000, 1.0000]  x
  joint_angles           = [0.0003, 0.2165, -0.0005, -1.8480, 0.0001, 2.0645, 0.7851]  x
  joint_velocities       = [0.0000, -0.0000, -0.0000, -0.0000, 0.0000, 0.0000, -0.0000]  x
  cube_rotation          = [0.0000, -0.0000, 0.0003]  x
  cube_linear_velocity   = [-0.0000, 0.0000, -0.0000]  x
  obstacle_positions     = {}                     x
[step= 136 01:12:46.420][Analyzer] ASM node=safe_abort  goal_status=not_applicable
[step= 137 01:12:47.565][Manager] ep=1 subtask= reward=-0.4001
[step= 137 01:12:47.565][Manager][MOCK] finger_contacts forçado para 1 (grasp_attempts=3)
[step= 137 01:12:47.565][Perception]
  RAW PERCEPTION                                  MONITORED PARAMS
  ----------------------------------------------  --------------------------------------
  fingers_width         = 0.0800 m                gripper_width_cm      = 7 cm
  dist_ee_to_cube       = 0.3939 m                distance_ee_object_cm = 39 cm
  dist_cube_to_target   = 0.4001 m  (3D)          distance_obj_goal_cm  = 40 cm  (XY)
  cube_position (z)     = 0.0100 m                object_lift_height_cm = 0 cm
  cube_position (xy)    = [-0.250, 0.000]         grasp_completed       = 0
  target_position (xy)  = [0.150, 0.000]          finger_contacts       = 1
  x                                               grasp_attempts        = 3
  episode                = 1                      x
  step                   = 137                    x
  ee_position            = [0.0137, -0.0001, 0.3026]  x
  ee_velocity            = [-0.0000, -0.0000, -0.0000]  x
  reward                 = -0.4001                x
  is_success             = False                  x
  obstacle_in_path       = False                  x
  obstacle_count_in_path = 0                      x
  obstacles              = {}                     x
  objects                = {'object_1': {'type': 'box', 'size': [0.045, 0.03, 0.02], 'mass': 10.0, 'color': [0.1, 0.2, 0.9, 1.0], 'initial_position': [-0.25, 0.0, 0.02], 'lateral_friction': 0.5, 'spinning_friction': 0.001, 'current_position': [-0.2500171799341934, 2.7675963066484107e-05, 0.009990043030463615]}}  x
  scripts                = {'script_1': True, 'reach_only': True, 'left_right': True}  x
  target_goal            = {'type': 'goal_sequence', 'targets': [{'name': 'target', 'position': [0.15000000596046448, 0.0, 0.019999999552965164]}], 'mode': 'goal_sequence'}  x
  scene                  = {'table': {'length': 1.1, 'width': 0.7, 'height': 0.4, 'x_offset': -0.3, 'lateral_friction': 3.0, 'spinning_friction': 0.001}}  x
  robot_config           = {'control_type': 'ee', 'block_gripper': False, 'base_position': [-0.6, 0.0, 0.05]}  x
  current_task           = ABORT                  x
  active_target_name     = target                 x
  action                 = [0.0000, 0.0000, 0.0000, 1.0000]  x
  joint_angles           = [0.0003, 0.2165, -0.0005, -1.8480, 0.0001, 2.0645, 0.7851]  x
  joint_velocities       = [0.0000, -0.0000, -0.0000, -0.0000, 0.0000, 0.0000, -0.0000]  x
  cube_rotation          = [0.0000, -0.0000, 0.0003]  x
  cube_linear_velocity   = [-0.0000, 0.0000, -0.0000]  x
  obstacle_positions     = {}                     x
[step= 137 01:12:47.567][Analyzer] ASM node=safe_abort  goal_status=not_applicable
[step= 138 01:12:48.738][Manager] ep=1 subtask= reward=-0.4001
[step= 138 01:12:48.738][Manager][MOCK] finger_contacts forçado para 1 (grasp_attempts=3)
[step= 138 01:12:48.738][Perception]
  RAW PERCEPTION                                  MONITORED PARAMS
  ----------------------------------------------  --------------------------------------
  fingers_width         = 0.0800 m                gripper_width_cm      = 7 cm
  dist_ee_to_cube       = 0.3939 m                distance_ee_object_cm = 39 cm
  dist_cube_to_target   = 0.4001 m  (3D)          distance_obj_goal_cm  = 40 cm  (XY)
  cube_position (z)     = 0.0100 m                object_lift_height_cm = 0 cm
  cube_position (xy)    = [-0.250, 0.000]         grasp_completed       = 0
  target_position (xy)  = [0.150, 0.000]          finger_contacts       = 1
  x                                               grasp_attempts        = 3
  episode                = 1                      x
  step                   = 138                    x
  ee_position            = [0.0137, -0.0001, 0.3026]  x
  ee_velocity            = [-0.0000, -0.0000, -0.0000]  x
  reward                 = -0.4001                x
  is_success             = False                  x
  obstacle_in_path       = False                  x
  obstacle_count_in_path = 0                      x
  obstacles              = {}                     x
  objects                = {'object_1': {'type': 'box', 'size': [0.045, 0.03, 0.02], 'mass': 10.0, 'color': [0.1, 0.2, 0.9, 1.0], 'initial_position': [-0.25, 0.0, 0.02], 'lateral_friction': 0.5, 'spinning_friction': 0.001, 'current_position': [-0.25001736559121274, 2.7975539833731335e-05, 0.009990043030330617]}}  x
  scripts                = {'script_1': True, 'reach_only': True, 'left_right': True}  x
  target_goal            = {'type': 'goal_sequence', 'targets': [{'name': 'target', 'position': [0.15000000596046448, 0.0, 0.019999999552965164]}], 'mode': 'goal_sequence'}  x
  scene                  = {'table': {'length': 1.1, 'width': 0.7, 'height': 0.4, 'x_offset': -0.3, 'lateral_friction': 3.0, 'spinning_friction': 0.001}}  x
  robot_config           = {'control_type': 'ee', 'block_gripper': False, 'base_position': [-0.6, 0.0, 0.05]}  x
  current_task           = ABORT                  x
  active_target_name     = target                 x
  action                 = [0.0000, 0.0000, 0.0000, 1.0000]  x
  joint_angles           = [0.0003, 0.2165, -0.0005, -1.8480, 0.0001, 2.0645, 0.7851]  x
  joint_velocities       = [0.0000, -0.0000, -0.0000, -0.0000, 0.0000, 0.0000, -0.0000]  x
  cube_rotation          = [0.0000, -0.0000, 0.0003]  x
  cube_linear_velocity   = [-0.0000, 0.0000, -0.0000]  x
  obstacle_positions     = {}                     x
[step= 138 01:12:48.740][Analyzer] ASM node=safe_abort  goal_status=not_applicable
[step= 139 01:12:49.859][Manager] ep=1 subtask= reward=-0.4001
[step= 139 01:12:49.859][Manager][MOCK] finger_contacts forçado para 1 (grasp_attempts=3)
[step= 139 01:12:49.860][Perception]
  RAW PERCEPTION                                  MONITORED PARAMS
  ----------------------------------------------  --------------------------------------
  fingers_width         = 0.0800 m                gripper_width_cm      = 7 cm
  dist_ee_to_cube       = 0.3939 m                distance_ee_object_cm = 39 cm
  dist_cube_to_target   = 0.4001 m  (3D)          distance_obj_goal_cm  = 40 cm  (XY)
  cube_position (z)     = 0.0100 m                object_lift_height_cm = 0 cm
  cube_position (xy)    = [-0.250, 0.000]         grasp_completed       = 0
  target_position (xy)  = [0.150, 0.000]          finger_contacts       = 1
  x                                               grasp_attempts        = 3
  episode                = 1                      x
  step                   = 139                    x
  ee_position            = [0.0137, -0.0001, 0.3026]  x
  ee_velocity            = [-0.0000, -0.0000, -0.0000]  x
  reward                 = -0.4001                x
  is_success             = False                  x
  obstacle_in_path       = False                  x
  obstacle_count_in_path = 0                      x
  obstacles              = {}                     x
  objects                = {'object_1': {'type': 'box', 'size': [0.045, 0.03, 0.02], 'mass': 10.0, 'color': [0.1, 0.2, 0.9, 1.0], 'initial_position': [-0.25, 0.0, 0.02], 'lateral_friction': 0.5, 'spinning_friction': 0.001, 'current_position': [-0.25001755125143643, 2.827511378120919e-05, 0.009990043030197597]}}  x
  scripts                = {'script_1': True, 'reach_only': True, 'left_right': True}  x
  target_goal            = {'type': 'goal_sequence', 'targets': [{'name': 'target', 'position': [0.15000000596046448, 0.0, 0.019999999552965164]}], 'mode': 'goal_sequence'}  x
  scene                  = {'table': {'length': 1.1, 'width': 0.7, 'height': 0.4, 'x_offset': -0.3, 'lateral_friction': 3.0, 'spinning_friction': 0.001}}  x
  robot_config           = {'control_type': 'ee', 'block_gripper': False, 'base_position': [-0.6, 0.0, 0.05]}  x
  current_task           = ABORT                  x
  active_target_name     = target                 x
  action                 = [0.0000, 0.0000, 0.0000, 1.0000]  x
  joint_angles           = [0.0003, 0.2165, -0.0005, -1.8480, 0.0001, 2.0645, 0.7851]  x
  joint_velocities       = [0.0000, -0.0000, -0.0000, -0.0000, 0.0000, 0.0000, -0.0000]  x
  cube_rotation          = [0.0000, -0.0000, 0.0003]  x
  cube_linear_velocity   = [-0.0000, 0.0000, -0.0000]  x
  obstacle_positions     = {}                     x
[step= 139 01:12:49.862][Analyzer] ASM node=safe_abort  goal_status=not_applicable
[step= 140 01:12:51.006][Manager] ep=1 subtask= reward=-0.4001
[step= 140 01:12:51.006][Manager][MOCK] finger_contacts forçado para 1 (grasp_attempts=3)
[step= 140 01:12:51.006][Perception]
  RAW PERCEPTION                                  MONITORED PARAMS
  ----------------------------------------------  --------------------------------------
  fingers_width         = 0.0800 m                gripper_width_cm      = 7 cm
  dist_ee_to_cube       = 0.3939 m                distance_ee_object_cm = 39 cm
  dist_cube_to_target   = 0.4001 m  (3D)          distance_obj_goal_cm  = 40 cm  (XY)
  cube_position (z)     = 0.0100 m                object_lift_height_cm = 0 cm
  cube_position (xy)    = [-0.250, 0.000]         grasp_completed       = 0
  target_position (xy)  = [0.150, 0.000]          finger_contacts       = 1
  x                                               grasp_attempts        = 3
  episode                = 1                      x
  step                   = 140                    x
  ee_position            = [0.0137, -0.0001, 0.3026]  x
  ee_velocity            = [-0.0000, -0.0000, -0.0000]  x
  reward                 = -0.4001                x
  is_success             = False                  x
  obstacle_in_path       = False                  x
  obstacle_count_in_path = 0                      x
  obstacles              = {}                     x
  objects                = {'object_1': {'type': 'box', 'size': [0.045, 0.03, 0.02], 'mass': 10.0, 'color': [0.1, 0.2, 0.9, 1.0], 'initial_position': [-0.25, 0.0, 0.02], 'lateral_friction': 0.5, 'spinning_friction': 0.001, 'current_position': [-0.25001773691486495, 2.8574684908617425e-05, 0.009990043030064564]}}  x
  scripts                = {'script_1': True, 'reach_only': True, 'left_right': True}  x
  target_goal            = {'type': 'goal_sequence', 'targets': [{'name': 'target', 'position': [0.15000000596046448, 0.0, 0.019999999552965164]}], 'mode': 'goal_sequence'}  x
  scene                  = {'table': {'length': 1.1, 'width': 0.7, 'height': 0.4, 'x_offset': -0.3, 'lateral_friction': 3.0, 'spinning_friction': 0.001}}  x
  robot_config           = {'control_type': 'ee', 'block_gripper': False, 'base_position': [-0.6, 0.0, 0.05]}  x
  current_task           = ABORT                  x
  active_target_name     = target                 x
  action                 = [0.0000, 0.0000, 0.0000, 1.0000]  x
  joint_angles           = [0.0003, 0.2165, -0.0005, -1.8480, 0.0001, 2.0645, 0.7851]  x
  joint_velocities       = [0.0000, -0.0000, -0.0000, -0.0000, 0.0000, 0.0000, -0.0000]  x
  cube_rotation          = [0.0000, -0.0000, 0.0003]  x
  cube_linear_velocity   = [-0.0000, 0.0000, -0.0000]  x
  obstacle_positions     = {}                     x
[step= 140 01:12:51.008][Analyzer] ASM node=safe_abort  goal_status=not_applicable
[step= 141 01:12:52.152][Manager] ep=1 subtask= reward=-0.4001
[step= 141 01:12:52.153][Manager][MOCK] finger_contacts forçado para 1 (grasp_attempts=3)
[step= 141 01:12:52.153][Perception]
  RAW PERCEPTION                                  MONITORED PARAMS
  ----------------------------------------------  --------------------------------------
  fingers_width         = 0.0800 m                gripper_width_cm      = 7 cm
  dist_ee_to_cube       = 0.3939 m                distance_ee_object_cm = 39 cm
  dist_cube_to_target   = 0.4001 m  (3D)          distance_obj_goal_cm  = 40 cm  (XY)
  cube_position (z)     = 0.0100 m                object_lift_height_cm = 0 cm
  cube_position (xy)    = [-0.250, 0.000]         grasp_completed       = 0
  target_position (xy)  = [0.150, 0.000]          finger_contacts       = 1
  x                                               grasp_attempts        = 3
  episode                = 1                      x
  step                   = 141                    x
  ee_position            = [0.0137, -0.0001, 0.3026]  x
  ee_velocity            = [-0.0000, -0.0000, -0.0000]  x
  reward                 = -0.4001                x
  is_success             = False                  x
  obstacle_in_path       = False                  x
  obstacle_count_in_path = 0                      x
  obstacles              = {}                     x
  objects                = {'object_1': {'type': 'box', 'size': [0.045, 0.03, 0.02], 'mass': 10.0, 'color': [0.1, 0.2, 0.9, 1.0], 'initial_position': [-0.25, 0.0, 0.02], 'lateral_friction': 0.5, 'spinning_friction': 0.001, 'current_position': [-0.25001792258149824, 2.8874253215687233e-05, 0.009990043029931494]}}  x
  scripts                = {'script_1': True, 'reach_only': True, 'left_right': True}  x
  target_goal            = {'type': 'goal_sequence', 'targets': [{'name': 'target', 'position': [0.15000000596046448, 0.0, 0.019999999552965164]}], 'mode': 'goal_sequence'}  x
  scene                  = {'table': {'length': 1.1, 'width': 0.7, 'height': 0.4, 'x_offset': -0.3, 'lateral_friction': 3.0, 'spinning_friction': 0.001}}  x
  robot_config           = {'control_type': 'ee', 'block_gripper': False, 'base_position': [-0.6, 0.0, 0.05]}  x
  current_task           = ABORT                  x
  active_target_name     = target                 x
  action                 = [0.0000, 0.0000, 0.0000, 1.0000]  x
  joint_angles           = [0.0003, 0.2165, -0.0006, -1.8480, 0.0001, 2.0645, 0.7851]  x
  joint_velocities       = [0.0000, -0.0000, -0.0000, -0.0000, 0.0000, 0.0000, -0.0000]  x
  cube_rotation          = [0.0000, -0.0000, 0.0003]  x
  cube_linear_velocity   = [-0.0000, 0.0000, -0.0000]  x
  obstacle_positions     = {}                     x
[step= 141 01:12:52.155][Analyzer] ASM node=safe_abort  goal_status=not_applicable
[step= 142 01:12:53.299][Manager] ep=1 subtask= reward=-0.4001
[step= 142 01:12:53.300][Manager][MOCK] finger_contacts forçado para 1 (grasp_attempts=3)
[step= 142 01:12:53.300][Perception]
  RAW PERCEPTION                                  MONITORED PARAMS
  ----------------------------------------------  --------------------------------------
  fingers_width         = 0.0800 m                gripper_width_cm      = 7 cm
  dist_ee_to_cube       = 0.3939 m                distance_ee_object_cm = 39 cm
  dist_cube_to_target   = 0.4001 m  (3D)          distance_obj_goal_cm  = 40 cm  (XY)
  cube_position (z)     = 0.0100 m                object_lift_height_cm = 0 cm
  cube_position (xy)    = [-0.250, 0.000]         grasp_completed       = 0
  target_position (xy)  = [0.150, 0.000]          finger_contacts       = 1
  x                                               grasp_attempts        = 3
  episode                = 1                      x
  step                   = 142                    x
  ee_position            = [0.0137, -0.0001, 0.3026]  x
  ee_velocity            = [-0.0000, -0.0000, -0.0000]  x
  reward                 = -0.4001                x
  is_success             = False                  x
  obstacle_in_path       = False                  x
  obstacle_count_in_path = 0                      x
  obstacles              = {}                     x
  objects                = {'object_1': {'type': 'box', 'size': [0.045, 0.03, 0.02], 'mass': 10.0, 'color': [0.1, 0.2, 0.9, 1.0], 'initial_position': [-0.25, 0.0, 0.02], 'lateral_friction': 0.5, 'spinning_friction': 0.001, 'current_position': [-0.25001810825133647, 2.9173818702070978e-05, 0.009990043029798447]}}  x
  scripts                = {'script_1': True, 'reach_only': True, 'left_right': True}  x
  target_goal            = {'type': 'goal_sequence', 'targets': [{'name': 'target', 'position': [0.15000000596046448, 0.0, 0.019999999552965164]}], 'mode': 'goal_sequence'}  x
  scene                  = {'table': {'length': 1.1, 'width': 0.7, 'height': 0.4, 'x_offset': -0.3, 'lateral_friction': 3.0, 'spinning_friction': 0.001}}  x
  robot_config           = {'control_type': 'ee', 'block_gripper': False, 'base_position': [-0.6, 0.0, 0.05]}  x
  current_task           = ABORT                  x
  active_target_name     = target                 x
  action                 = [0.0000, 0.0000, 0.0000, 1.0000]  x
  joint_angles           = [0.0003, 0.2165, -0.0006, -1.8480, 0.0001, 2.0645, 0.7851]  x
  joint_velocities       = [0.0000, -0.0000, -0.0000, -0.0000, 0.0000, 0.0000, -0.0000]  x
  cube_rotation          = [0.0000, -0.0000, 0.0003]  x
  cube_linear_velocity   = [-0.0000, 0.0000, -0.0000]  x
  obstacle_positions     = {}                     x
[step= 142 01:12:53.302][Analyzer] ASM node=safe_abort  goal_status=not_applicable
[step= 143 01:12:54.472][Manager] ep=1 subtask= reward=-0.4001
[step= 143 01:12:54.472][Manager][MOCK] finger_contacts forçado para 1 (grasp_attempts=3)
[step= 143 01:12:54.472][Perception]
  RAW PERCEPTION                                  MONITORED PARAMS
  ----------------------------------------------  --------------------------------------
  fingers_width         = 0.0800 m                gripper_width_cm      = 7 cm
  dist_ee_to_cube       = 0.3939 m                distance_ee_object_cm = 39 cm
  dist_cube_to_target   = 0.4001 m  (3D)          distance_obj_goal_cm  = 40 cm  (XY)
  cube_position (z)     = 0.0100 m                object_lift_height_cm = 0 cm
  cube_position (xy)    = [-0.250, 0.000]         grasp_completed       = 0
  target_position (xy)  = [0.150, 0.000]          finger_contacts       = 1
  x                                               grasp_attempts        = 3
  episode                = 1                      x
  step                   = 143                    x
  ee_position            = [0.0137, -0.0001, 0.3026]  x
  ee_velocity            = [-0.0000, -0.0000, -0.0000]  x
  reward                 = -0.4001                x
  is_success             = False                  x
  obstacle_in_path       = False                  x
  obstacle_count_in_path = 0                      x
  obstacles              = {}                     x
  objects                = {'object_1': {'type': 'box', 'size': [0.045, 0.03, 0.02], 'mass': 10.0, 'color': [0.1, 0.2, 0.9, 1.0], 'initial_position': [-0.25, 0.0, 0.02], 'lateral_friction': 0.5, 'spinning_friction': 0.001, 'current_position': [-0.25001829392438, 2.9473381367481835e-05, 0.009990043029665394]}}  x
  scripts                = {'script_1': True, 'reach_only': True, 'left_right': True}  x
  target_goal            = {'type': 'goal_sequence', 'targets': [{'name': 'target', 'position': [0.15000000596046448, 0.0, 0.019999999552965164]}], 'mode': 'goal_sequence'}  x
  scene                  = {'table': {'length': 1.1, 'width': 0.7, 'height': 0.4, 'x_offset': -0.3, 'lateral_friction': 3.0, 'spinning_friction': 0.001}}  x
  robot_config           = {'control_type': 'ee', 'block_gripper': False, 'base_position': [-0.6, 0.0, 0.05]}  x
  current_task           = ABORT                  x
  active_target_name     = target                 x
  action                 = [0.0000, 0.0000, 0.0000, 1.0000]  x
  joint_angles           = [0.0003, 0.2165, -0.0006, -1.8480, 0.0001, 2.0645, 0.7851]  x
  joint_velocities       = [0.0000, -0.0000, -0.0000, -0.0000, 0.0000, 0.0000, -0.0000]  x
  cube_rotation          = [0.0000, -0.0000, 0.0003]  x
  cube_linear_velocity   = [-0.0000, 0.0000, -0.0000]  x
  obstacle_positions     = {}                     x
[step= 143 01:12:54.475][Analyzer] ASM node=safe_abort  goal_status=not_applicable
[step= 144 01:12:55.593][Manager] ep=1 subtask= reward=-0.4001
[step= 144 01:12:55.593][Manager][MOCK] finger_contacts forçado para 1 (grasp_attempts=3)
[step= 144 01:12:55.593][Perception]
  RAW PERCEPTION                                  MONITORED PARAMS
  ----------------------------------------------  --------------------------------------
  fingers_width         = 0.0800 m                gripper_width_cm      = 7 cm
  dist_ee_to_cube       = 0.3939 m                distance_ee_object_cm = 39 cm
  dist_cube_to_target   = 0.4001 m  (3D)          distance_obj_goal_cm  = 40 cm  (XY)
  cube_position (z)     = 0.0100 m                object_lift_height_cm = 0 cm
  cube_position (xy)    = [-0.250, 0.000]         grasp_completed       = 0
  target_position (xy)  = [0.150, 0.000]          finger_contacts       = 1
  x                                               grasp_attempts        = 3
  episode                = 1                      x
  step                   = 144                    x
  ee_position            = [0.0137, -0.0001, 0.3026]  x
  ee_velocity            = [-0.0000, -0.0000, -0.0000]  x
  reward                 = -0.4001                x
  is_success             = False                  x
  obstacle_in_path       = False                  x
  obstacle_count_in_path = 0                      x
  obstacles              = {}                     x
  objects                = {'object_1': {'type': 'box', 'size': [0.045, 0.03, 0.02], 'mass': 10.0, 'color': [0.1, 0.2, 0.9, 1.0], 'initial_position': [-0.25, 0.0, 0.02], 'lateral_friction': 0.5, 'spinning_friction': 0.001, 'current_position': [-0.2500184796006291, 2.9772941211608474e-05, 0.009990043029532325]}}  x
  scripts                = {'script_1': True, 'reach_only': True, 'left_right': True}  x
  target_goal            = {'type': 'goal_sequence', 'targets': [{'name': 'target', 'position': [0.15000000596046448, 0.0, 0.019999999552965164]}], 'mode': 'goal_sequence'}  x
  scene                  = {'table': {'length': 1.1, 'width': 0.7, 'height': 0.4, 'x_offset': -0.3, 'lateral_friction': 3.0, 'spinning_friction': 0.001}}  x
  robot_config           = {'control_type': 'ee', 'block_gripper': False, 'base_position': [-0.6, 0.0, 0.05]}  x
  current_task           = ABORT                  x
  active_target_name     = target                 x
  action                 = [0.0000, 0.0000, 0.0000, 1.0000]  x
  joint_angles           = [0.0003, 0.2165, -0.0006, -1.8480, 0.0001, 2.0645, 0.7851]  x
  joint_velocities       = [0.0000, -0.0000, -0.0000, -0.0000, 0.0000, 0.0000, -0.0000]  x
  cube_rotation          = [0.0000, -0.0000, 0.0004]  x
  cube_linear_velocity   = [-0.0000, 0.0000, -0.0000]  x
  obstacle_positions     = {}                     x
[step= 144 01:12:55.596][Analyzer] ASM node=safe_abort  goal_status=not_applicable
[step= 145 01:12:56.740][Manager] ep=1 subtask= reward=-0.4001
[step= 145 01:12:56.740][Manager][MOCK] finger_contacts forçado para 1 (grasp_attempts=3)
[step= 145 01:12:56.740][Perception]
  RAW PERCEPTION                                  MONITORED PARAMS
  ----------------------------------------------  --------------------------------------
  fingers_width         = 0.0800 m                gripper_width_cm      = 7 cm
  dist_ee_to_cube       = 0.3939 m                distance_ee_object_cm = 39 cm
  dist_cube_to_target   = 0.4001 m  (3D)          distance_obj_goal_cm  = 40 cm  (XY)
  cube_position (z)     = 0.0100 m                object_lift_height_cm = 0 cm
  cube_position (xy)    = [-0.250, 0.000]         grasp_completed       = 0
  target_position (xy)  = [0.150, 0.000]          finger_contacts       = 1
  x                                               grasp_attempts        = 3
  episode                = 1                      x
  step                   = 145                    x
  ee_position            = [0.0137, -0.0001, 0.3026]  x
  ee_velocity            = [-0.0000, -0.0000, -0.0000]  x
  reward                 = -0.4001                x
  is_success             = False                  x
  obstacle_in_path       = False                  x
  obstacle_count_in_path = 0                      x
  obstacles              = {}                     x
  objects                = {'object_1': {'type': 'box', 'size': [0.045, 0.03, 0.02], 'mass': 10.0, 'color': [0.1, 0.2, 0.9, 1.0], 'initial_position': [-0.25, 0.0, 0.02], 'lateral_friction': 0.5, 'spinning_friction': 0.001, 'current_position': [-0.2500186652800839, 3.0072498234148162e-05, 0.009990043029399254]}}  x
  scripts                = {'script_1': True, 'reach_only': True, 'left_right': True}  x
  target_goal            = {'type': 'goal_sequence', 'targets': [{'name': 'target', 'position': [0.15000000596046448, 0.0, 0.019999999552965164]}], 'mode': 'goal_sequence'}  x
  scene                  = {'table': {'length': 1.1, 'width': 0.7, 'height': 0.4, 'x_offset': -0.3, 'lateral_friction': 3.0, 'spinning_friction': 0.001}}  x
  robot_config           = {'control_type': 'ee', 'block_gripper': False, 'base_position': [-0.6, 0.0, 0.05]}  x
  current_task           = ABORT                  x
  active_target_name     = target                 x
  action                 = [0.0000, 0.0000, 0.0000, 1.0000]  x
  joint_angles           = [0.0003, 0.2165, -0.0006, -1.8480, 0.0001, 2.0645, 0.7851]  x
  joint_velocities       = [0.0000, -0.0000, -0.0000, -0.0000, 0.0000, 0.0000, -0.0000]  x
  cube_rotation          = [0.0000, -0.0000, 0.0004]  x
  cube_linear_velocity   = [-0.0000, 0.0000, -0.0000]  x
  obstacle_positions     = {}                     x
[step= 145 01:12:56.743][Analyzer] ASM node=safe_abort  goal_status=not_applicable
[step= 146 01:12:57.912][Manager] ep=1 subtask= reward=-0.4001
[step= 146 01:12:57.912][Manager][MOCK] finger_contacts forçado para 1 (grasp_attempts=3)
[step= 146 01:12:57.913][Perception]
  RAW PERCEPTION                                  MONITORED PARAMS
  ----------------------------------------------  --------------------------------------
  fingers_width         = 0.0800 m                gripper_width_cm      = 7 cm
  dist_ee_to_cube       = 0.3939 m                distance_ee_object_cm = 39 cm
  dist_cube_to_target   = 0.4001 m  (3D)          distance_obj_goal_cm  = 40 cm  (XY)
  cube_position (z)     = 0.0100 m                object_lift_height_cm = 0 cm
  cube_position (xy)    = [-0.250, 0.000]         grasp_completed       = 0
  target_position (xy)  = [0.150, 0.000]          finger_contacts       = 1
  x                                               grasp_attempts        = 3
  episode                = 1                      x
  step                   = 146                    x
  ee_position            = [0.0137, -0.0001, 0.3026]  x
  ee_velocity            = [-0.0000, -0.0000, -0.0000]  x
  reward                 = -0.4001                x
  is_success             = False                  x
  obstacle_in_path       = False                  x
  obstacle_count_in_path = 0                      x
  obstacles              = {}                     x
  objects                = {'object_1': {'type': 'box', 'size': [0.045, 0.03, 0.02], 'mass': 10.0, 'color': [0.1, 0.2, 0.9, 1.0], 'initial_position': [-0.25, 0.0, 0.02], 'lateral_friction': 0.5, 'spinning_friction': 0.001, 'current_position': [-0.25001885096274445, 3.037205243478521e-05, 0.009990043029266173]}}  x
  scripts                = {'script_1': True, 'reach_only': True, 'left_right': True}  x
  target_goal            = {'type': 'goal_sequence', 'targets': [{'name': 'target', 'position': [0.15000000596046448, 0.0, 0.019999999552965164]}], 'mode': 'goal_sequence'}  x
  scene                  = {'table': {'length': 1.1, 'width': 0.7, 'height': 0.4, 'x_offset': -0.3, 'lateral_friction': 3.0, 'spinning_friction': 0.001}}  x
  robot_config           = {'control_type': 'ee', 'block_gripper': False, 'base_position': [-0.6, 0.0, 0.05]}  x
  current_task           = ABORT                  x
  active_target_name     = target                 x
  action                 = [0.0000, 0.0000, 0.0000, 1.0000]  x
  joint_angles           = [0.0003, 0.2165, -0.0006, -1.8480, 0.0001, 2.0645, 0.7851]  x
  joint_velocities       = [0.0000, -0.0000, -0.0000, -0.0000, 0.0000, 0.0000, -0.0000]  x
  cube_rotation          = [0.0000, -0.0000, 0.0004]  x
  cube_linear_velocity   = [-0.0000, 0.0000, -0.0000]  x
  obstacle_positions     = {}                     x
[step= 146 01:12:57.915][Analyzer] ASM node=safe_abort  goal_status=not_applicable
[step= 147 01:12:59.034][Manager] ep=1 subtask= reward=-0.4001
[step= 147 01:12:59.034][Manager][MOCK] finger_contacts forçado para 1 (grasp_attempts=3)
[step= 147 01:12:59.034][Perception]
  RAW PERCEPTION                                  MONITORED PARAMS
  ----------------------------------------------  --------------------------------------
  fingers_width         = 0.0800 m                gripper_width_cm      = 7 cm
  dist_ee_to_cube       = 0.3939 m                distance_ee_object_cm = 39 cm
  dist_cube_to_target   = 0.4001 m  (3D)          distance_obj_goal_cm  = 40 cm  (XY)
  cube_position (z)     = 0.0100 m                object_lift_height_cm = 0 cm
  cube_position (xy)    = [-0.250, 0.000]         grasp_completed       = 0
  target_position (xy)  = [0.150, 0.000]          finger_contacts       = 1
  x                                               grasp_attempts        = 3
  episode                = 1                      x
  step                   = 147                    x
  ee_position            = [0.0137, -0.0001, 0.3026]  x
  ee_velocity            = [-0.0000, -0.0000, -0.0000]  x
  reward                 = -0.4001                x
  is_success             = False                  x
  obstacle_in_path       = False                  x
  obstacle_count_in_path = 0                      x
  obstacles              = {}                     x
  objects                = {'object_1': {'type': 'box', 'size': [0.045, 0.03, 0.02], 'mass': 10.0, 'color': [0.1, 0.2, 0.9, 1.0], 'initial_position': [-0.25, 0.0, 0.02], 'lateral_friction': 0.5, 'spinning_friction': 0.001, 'current_position': [-0.25001903664861125, 3.06716038132297e-05, 0.009990043029133056]}}  x
  scripts                = {'script_1': True, 'reach_only': True, 'left_right': True}  x
  target_goal            = {'type': 'goal_sequence', 'targets': [{'name': 'target', 'position': [0.15000000596046448, 0.0, 0.019999999552965164]}], 'mode': 'goal_sequence'}  x
  scene                  = {'table': {'length': 1.1, 'width': 0.7, 'height': 0.4, 'x_offset': -0.3, 'lateral_friction': 3.0, 'spinning_friction': 0.001}}  x
  robot_config           = {'control_type': 'ee', 'block_gripper': False, 'base_position': [-0.6, 0.0, 0.05]}  x
  current_task           = ABORT                  x
  active_target_name     = target                 x
  action                 = [0.0000, 0.0000, 0.0000, 1.0000]  x
  joint_angles           = [0.0003, 0.2165, -0.0006, -1.8480, 0.0001, 2.0645, 0.7851]  x
  joint_velocities       = [0.0000, -0.0000, -0.0000, -0.0000, 0.0000, 0.0000, -0.0000]  x
  cube_rotation          = [0.0000, -0.0000, 0.0004]  x
  cube_linear_velocity   = [-0.0000, 0.0000, -0.0000]  x
  obstacle_positions     = {}                     x
[step= 147 01:12:59.037][Analyzer] ASM node=safe_abort  goal_status=not_applicable
[step= 148 01:13:00.180][Manager] ep=1 subtask= reward=-0.4001
[step= 148 01:13:00.180][Manager][MOCK] finger_contacts forçado para 1 (grasp_attempts=3)
[step= 148 01:13:00.180][Perception]
  RAW PERCEPTION                                  MONITORED PARAMS
  ----------------------------------------------  --------------------------------------
  fingers_width         = 0.0800 m                gripper_width_cm      = 7 cm
  dist_ee_to_cube       = 0.3939 m                distance_ee_object_cm = 39 cm
  dist_cube_to_target   = 0.4001 m  (3D)          distance_obj_goal_cm  = 40 cm  (XY)
  cube_position (z)     = 0.0100 m                object_lift_height_cm = 0 cm
  cube_position (xy)    = [-0.250, 0.000]         grasp_completed       = 0
  target_position (xy)  = [0.150, 0.000]          finger_contacts       = 1
  x                                               grasp_attempts        = 3
  episode                = 1                      x
  step                   = 148                    x
  ee_position            = [0.0137, -0.0001, 0.3026]  x
  ee_velocity            = [-0.0000, -0.0000, -0.0000]  x
  reward                 = -0.4001                x
  is_success             = False                  x
  obstacle_in_path       = False                  x
  obstacle_count_in_path = 0                      x
  obstacles              = {}                     x
  objects                = {'object_1': {'type': 'box', 'size': [0.045, 0.03, 0.02], 'mass': 10.0, 'color': [0.1, 0.2, 0.9, 1.0], 'initial_position': [-0.25, 0.0, 0.02], 'lateral_friction': 0.5, 'spinning_friction': 0.001, 'current_position': [-0.2500192223376843, 3.09711523691837e-05, 0.009990043028999949]}}  x
  scripts                = {'script_1': True, 'reach_only': True, 'left_right': True}  x
  target_goal            = {'type': 'goal_sequence', 'targets': [{'name': 'target', 'position': [0.15000000596046448, 0.0, 0.019999999552965164]}], 'mode': 'goal_sequence'}  x
  scene                  = {'table': {'length': 1.1, 'width': 0.7, 'height': 0.4, 'x_offset': -0.3, 'lateral_friction': 3.0, 'spinning_friction': 0.001}}  x
  robot_config           = {'control_type': 'ee', 'block_gripper': False, 'base_position': [-0.6, 0.0, 0.05]}  x
  current_task           = ABORT                  x
  active_target_name     = target                 x
  action                 = [0.0000, 0.0000, 0.0000, 1.0000]  x
  joint_angles           = [0.0003, 0.2165, -0.0006, -1.8480, 0.0001, 2.0645, 0.7851]  x
  joint_velocities       = [0.0000, -0.0000, -0.0000, -0.0000, 0.0000, 0.0000, -0.0000]  x
  cube_rotation          = [0.0000, -0.0000, 0.0004]  x
  cube_linear_velocity   = [-0.0000, 0.0000, -0.0000]  x
  obstacle_positions     = {}                     x
[step= 148 01:13:00.182][Analyzer] ASM node=safe_abort  goal_status=not_applicable
[step= 149 01:13:01.327][Manager] ep=1 subtask= reward=-0.4001
[step= 149 01:13:01.327][Manager][MOCK] finger_contacts forçado para 1 (grasp_attempts=3)
[step= 149 01:13:01.327][Perception]
  RAW PERCEPTION                                  MONITORED PARAMS
  ----------------------------------------------  --------------------------------------
  fingers_width         = 0.0800 m                gripper_width_cm      = 7 cm
  dist_ee_to_cube       = 0.3939 m                distance_ee_object_cm = 39 cm
  dist_cube_to_target   = 0.4001 m  (3D)          distance_obj_goal_cm  = 40 cm  (XY)
  cube_position (z)     = 0.0100 m                object_lift_height_cm = 0 cm
  cube_position (xy)    = [-0.250, 0.000]         grasp_completed       = 0
  target_position (xy)  = [0.150, 0.000]          finger_contacts       = 1
  x                                               grasp_attempts        = 3
  episode                = 1                      x
  step                   = 149                    x
  ee_position            = [0.0137, -0.0001, 0.3026]  x
  ee_velocity            = [-0.0000, -0.0000, -0.0000]  x
  reward                 = -0.4001                x
  is_success             = False                  x
  obstacle_in_path       = False                  x
  obstacle_count_in_path = 0                      x
  obstacles              = {}                     x
  objects                = {'object_1': {'type': 'box', 'size': [0.045, 0.03, 0.02], 'mass': 10.0, 'color': [0.1, 0.2, 0.9, 1.0], 'initial_position': [-0.25, 0.0, 0.02], 'lateral_friction': 0.5, 'spinning_friction': 0.001, 'current_position': [-0.25001940802996386, 3.127069810231062e-05, 0.009990043028866828]}}  x
  scripts                = {'script_1': True, 'reach_only': True, 'left_right': True}  x
  target_goal            = {'type': 'goal_sequence', 'targets': [{'name': 'target', 'position': [0.15000000596046448, 0.0, 0.019999999552965164]}], 'mode': 'goal_sequence'}  x
  scene                  = {'table': {'length': 1.1, 'width': 0.7, 'height': 0.4, 'x_offset': -0.3, 'lateral_friction': 3.0, 'spinning_friction': 0.001}}  x
  robot_config           = {'control_type': 'ee', 'block_gripper': False, 'base_position': [-0.6, 0.0, 0.05]}  x
  current_task           = ABORT                  x
  active_target_name     = target                 x
  action                 = [0.0000, 0.0000, 0.0000, 1.0000]  x
  joint_angles           = [0.0003, 0.2165, -0.0006, -1.8480, 0.0001, 2.0645, 0.7851]  x
  joint_velocities       = [0.0000, -0.0000, -0.0000, -0.0000, 0.0000, 0.0000, -0.0000]  x
  cube_rotation          = [0.0000, -0.0000, 0.0004]  x
  cube_linear_velocity   = [-0.0000, 0.0000, -0.0000]  x
  obstacle_positions     = {}                     x
[step= 149 01:13:01.330][Analyzer] ASM node=safe_abort  goal_status=not_applicable
[step= 150 01:13:02.499][Manager] ep=1 subtask= reward=-0.4001
[step= 150 01:13:02.500][Manager][MOCK] finger_contacts forçado para 1 (grasp_attempts=3)
[step= 150 01:13:02.500][Perception]
  RAW PERCEPTION                                  MONITORED PARAMS
  ----------------------------------------------  --------------------------------------
  fingers_width         = 0.0800 m                gripper_width_cm      = 7 cm
  dist_ee_to_cube       = 0.3939 m                distance_ee_object_cm = 39 cm
  dist_cube_to_target   = 0.4001 m  (3D)          distance_obj_goal_cm  = 40 cm  (XY)
  cube_position (z)     = 0.0100 m                object_lift_height_cm = 0 cm
  cube_position (xy)    = [-0.250, 0.000]         grasp_completed       = 0
  target_position (xy)  = [0.150, 0.000]          finger_contacts       = 1
  x                                               grasp_attempts        = 3
  episode                = 1                      x
  step                   = 150                    x
  ee_position            = [0.0137, -0.0002, 0.3026]  x
  ee_velocity            = [-0.0000, -0.0000, -0.0000]  x
  reward                 = -0.4001                x
  is_success             = False                  x
  obstacle_in_path       = False                  x
  obstacle_count_in_path = 0                      x
  obstacles              = {}                     x
  objects                = {'object_1': {'type': 'box', 'size': [0.045, 0.03, 0.02], 'mass': 10.0, 'color': [0.1, 0.2, 0.9, 1.0], 'initial_position': [-0.25, 0.0, 0.02], 'lateral_friction': 0.5, 'spinning_friction': 0.001, 'current_position': [-0.2500195937254501, 3.1570241012330066e-05, 0.009990043028733707]}}  x
  scripts                = {'script_1': True, 'reach_only': True, 'left_right': True}  x
  target_goal            = {'type': 'goal_sequence', 'targets': [{'name': 'target', 'position': [0.15000000596046448, 0.0, 0.019999999552965164]}], 'mode': 'goal_sequence'}  x
  scene                  = {'table': {'length': 1.1, 'width': 0.7, 'height': 0.4, 'x_offset': -0.3, 'lateral_friction': 3.0, 'spinning_friction': 0.001}}  x
  robot_config           = {'control_type': 'ee', 'block_gripper': False, 'base_position': [-0.6, 0.0, 0.05]}  x
  current_task           = ABORT                  x
  active_target_name     = target                 x
  action                 = [0.0000, 0.0000, 0.0000, 1.0000]  x
  joint_angles           = [0.0003, 0.2165, -0.0006, -1.8480, 0.0001, 2.0645, 0.7851]  x
  joint_velocities       = [0.0000, -0.0000, -0.0000, -0.0000, 0.0000, 0.0000, -0.0000]  x
  cube_rotation          = [0.0000, -0.0000, 0.0004]  x
  cube_linear_velocity   = [-0.0000, 0.0000, -0.0000]  x
  obstacle_positions     = {}                     x
[step= 150 01:13:02.502][Analyzer] ASM node=safe_abort  goal_status=not_applicable
[step= 151 01:13:03.646][Manager] ep=1 subtask= reward=-0.4001
[step= 151 01:13:03.646][Manager][MOCK] finger_contacts forçado para 1 (grasp_attempts=3)
[step= 151 01:13:03.647][Perception]
  RAW PERCEPTION                                  MONITORED PARAMS
  ----------------------------------------------  --------------------------------------
  fingers_width         = 0.0800 m                gripper_width_cm      = 7 cm
  dist_ee_to_cube       = 0.3939 m                distance_ee_object_cm = 39 cm
  dist_cube_to_target   = 0.4001 m  (3D)          distance_obj_goal_cm  = 40 cm  (XY)
  cube_position (z)     = 0.0100 m                object_lift_height_cm = 0 cm
  cube_position (xy)    = [-0.250, 0.000]         grasp_completed       = 0
  target_position (xy)  = [0.150, 0.000]          finger_contacts       = 1
  x                                               grasp_attempts        = 3
  episode                = 1                      x
  step                   = 151                    x
  ee_position            = [0.0137, -0.0002, 0.3026]  x
  ee_velocity            = [-0.0000, -0.0000, -0.0000]  x
  reward                 = -0.4001                x
  is_success             = False                  x
  obstacle_in_path       = False                  x
  obstacle_count_in_path = 0                      x
  obstacles              = {}                     x
  objects                = {'object_1': {'type': 'box', 'size': [0.045, 0.03, 0.02], 'mass': 10.0, 'color': [0.1, 0.2, 0.9, 1.0], 'initial_position': [-0.25, 0.0, 0.02], 'lateral_friction': 0.5, 'spinning_friction': 0.001, 'current_position': [-0.25001977942414333, 3.1869781098924916e-05, 0.009990043028600555]}}  x
  scripts                = {'script_1': True, 'reach_only': True, 'left_right': True}  x
  target_goal            = {'type': 'goal_sequence', 'targets': [{'name': 'target', 'position': [0.15000000596046448, 0.0, 0.019999999552965164]}], 'mode': 'goal_sequence'}  x
  scene                  = {'table': {'length': 1.1, 'width': 0.7, 'height': 0.4, 'x_offset': -0.3, 'lateral_friction': 3.0, 'spinning_friction': 0.001}}  x
  robot_config           = {'control_type': 'ee', 'block_gripper': False, 'base_position': [-0.6, 0.0, 0.05]}  x
  current_task           = ABORT                  x
  active_target_name     = target                 x
  action                 = [0.0000, 0.0000, 0.0000, 1.0000]  x
  joint_angles           = [0.0003, 0.2165, -0.0006, -1.8480, 0.0001, 2.0645, 0.7851]  x
  joint_velocities       = [0.0000, -0.0000, -0.0000, -0.0000, 0.0000, 0.0000, -0.0000]  x
  cube_rotation          = [0.0000, -0.0000, 0.0004]  x
  cube_linear_velocity   = [-0.0000, 0.0000, -0.0000]  x
  obstacle_positions     = {}                     x
[step= 151 01:13:03.649][Analyzer] ASM node=safe_abort  goal_status=not_applicable
[step= 152 01:13:04.767][Manager] ep=1 subtask= reward=-0.4001
[step= 152 01:13:04.768][Manager][MOCK] finger_contacts forçado para 1 (grasp_attempts=3)
[step= 152 01:13:04.768][Perception]
  RAW PERCEPTION                                  MONITORED PARAMS
  ----------------------------------------------  --------------------------------------
  fingers_width         = 0.0800 m                gripper_width_cm      = 7 cm
  dist_ee_to_cube       = 0.3939 m                distance_ee_object_cm = 39 cm
  dist_cube_to_target   = 0.4001 m  (3D)          distance_obj_goal_cm  = 40 cm  (XY)
  cube_position (z)     = 0.0100 m                object_lift_height_cm = 0 cm
  cube_position (xy)    = [-0.250, 0.000]         grasp_completed       = 0
  target_position (xy)  = [0.150, 0.000]          finger_contacts       = 1
  x                                               grasp_attempts        = 3
  episode                = 1                      x
  step                   = 152                    x
  ee_position            = [0.0137, -0.0002, 0.3026]  x
  ee_velocity            = [-0.0000, -0.0000, -0.0000]  x
  reward                 = -0.4001                x
  is_success             = False                  x
  obstacle_in_path       = False                  x
  obstacle_count_in_path = 0                      x
  obstacles              = {}                     x
  objects                = {'object_1': {'type': 'box', 'size': [0.045, 0.03, 0.02], 'mass': 10.0, 'color': [0.1, 0.2, 0.9, 1.0], 'initial_position': [-0.25, 0.0, 0.02], 'lateral_friction': 0.5, 'spinning_friction': 0.001, 'current_position': [-0.25001996512604374, 3.216931836177781e-05, 0.009990043028467415]}}  x
  scripts                = {'script_1': True, 'reach_only': True, 'left_right': True}  x
  target_goal            = {'type': 'goal_sequence', 'targets': [{'name': 'target', 'position': [0.15000000596046448, 0.0, 0.019999999552965164]}], 'mode': 'goal_sequence'}  x
  scene                  = {'table': {'length': 1.1, 'width': 0.7, 'height': 0.4, 'x_offset': -0.3, 'lateral_friction': 3.0, 'spinning_friction': 0.001}}  x
  robot_config           = {'control_type': 'ee', 'block_gripper': False, 'base_position': [-0.6, 0.0, 0.05]}  x
  current_task           = ABORT                  x
  active_target_name     = target                 x
  action                 = [0.0000, 0.0000, 0.0000, 1.0000]  x
  joint_angles           = [0.0003, 0.2165, -0.0006, -1.8480, 0.0001, 2.0645, 0.7851]  x
  joint_velocities       = [0.0000, -0.0000, -0.0000, -0.0000, 0.0000, 0.0000, -0.0000]  x
  cube_rotation          = [0.0000, -0.0000, 0.0004]  x
  cube_linear_velocity   = [-0.0000, 0.0000, -0.0000]  x
  obstacle_positions     = {}                     x
[step= 152 01:13:04.770][Analyzer] ASM node=safe_abort  goal_status=not_applicable
[step= 153 01:13:05.914][Manager] ep=1 subtask= reward=-0.4001
[step= 153 01:13:05.914][Manager][MOCK] finger_contacts forçado para 1 (grasp_attempts=3)
[step= 153 01:13:05.915][Perception]
  RAW PERCEPTION                                  MONITORED PARAMS
  ----------------------------------------------  --------------------------------------
  fingers_width         = 0.0800 m                gripper_width_cm      = 7 cm
  dist_ee_to_cube       = 0.3939 m                distance_ee_object_cm = 39 cm
  dist_cube_to_target   = 0.4001 m  (3D)          distance_obj_goal_cm  = 40 cm  (XY)
  cube_position (z)     = 0.0100 m                object_lift_height_cm = 0 cm
  cube_position (xy)    = [-0.250, 0.000]         grasp_completed       = 0
  target_position (xy)  = [0.150, 0.000]          finger_contacts       = 1
  x                                               grasp_attempts        = 3
  episode                = 1                      x
  step                   = 153                    x
  ee_position            = [0.0137, -0.0002, 0.3026]  x
  ee_velocity            = [-0.0000, -0.0000, -0.0000]  x
  reward                 = -0.4001                x
  is_success             = False                  x
  obstacle_in_path       = False                  x
  obstacle_count_in_path = 0                      x
  obstacles              = {}                     x
  objects                = {'object_1': {'type': 'box', 'size': [0.045, 0.03, 0.02], 'mass': 10.0, 'color': [0.1, 0.2, 0.9, 1.0], 'initial_position': [-0.25, 0.0, 0.02], 'lateral_friction': 0.5, 'spinning_friction': 0.001, 'current_position': [-0.2500201508311515, 3.2468852800615554e-05, 0.009990043028334257]}}  x
  scripts                = {'script_1': True, 'reach_only': True, 'left_right': True}  x
  target_goal            = {'type': 'goal_sequence', 'targets': [{'name': 'target', 'position': [0.15000000596046448, 0.0, 0.019999999552965164]}], 'mode': 'goal_sequence'}  x
  scene                  = {'table': {'length': 1.1, 'width': 0.7, 'height': 0.4, 'x_offset': -0.3, 'lateral_friction': 3.0, 'spinning_friction': 0.001}}  x
  robot_config           = {'control_type': 'ee', 'block_gripper': False, 'base_position': [-0.6, 0.0, 0.05]}  x
  current_task           = ABORT                  x
  active_target_name     = target                 x
  action                 = [0.0000, 0.0000, 0.0000, 1.0000]  x
  joint_angles           = [0.0003, 0.2165, -0.0006, -1.8480, 0.0001, 2.0645, 0.7851]  x
  joint_velocities       = [0.0000, -0.0000, -0.0000, -0.0000, 0.0000, 0.0000, -0.0000]  x
  cube_rotation          = [0.0000, -0.0000, 0.0004]  x
  cube_linear_velocity   = [-0.0000, 0.0000, -0.0000]  x
  obstacle_positions     = {}                     x
[step= 153 01:13:05.917][Analyzer] ASM node=safe_abort  goal_status=not_applicable
[step= 154 01:13:07.048][Manager] ep=1 subtask= reward=-0.4001
[step= 154 01:13:07.048][Manager][MOCK] finger_contacts forçado para 1 (grasp_attempts=3)
[step= 154 01:13:07.048][Perception]
  RAW PERCEPTION                                  MONITORED PARAMS
  ----------------------------------------------  --------------------------------------
  fingers_width         = 0.0800 m                gripper_width_cm      = 7 cm
  dist_ee_to_cube       = 0.3939 m                distance_ee_object_cm = 39 cm
  dist_cube_to_target   = 0.4001 m  (3D)          distance_obj_goal_cm  = 40 cm  (XY)
  cube_position (z)     = 0.0100 m                object_lift_height_cm = 0 cm
  cube_position (xy)    = [-0.250, 0.000]         grasp_completed       = 0
  target_position (xy)  = [0.150, 0.000]          finger_contacts       = 1
  x                                               grasp_attempts        = 3
  episode                = 1                      x
  step                   = 154                    x
  ee_position            = [0.0137, -0.0002, 0.3026]  x
  ee_velocity            = [-0.0000, -0.0000, -0.0000]  x
  reward                 = -0.4001                x
  is_success             = False                  x
  obstacle_in_path       = False                  x
  obstacle_count_in_path = 0                      x
  obstacles              = {}                     x
  objects                = {'object_1': {'type': 'box', 'size': [0.045, 0.03, 0.02], 'mass': 10.0, 'color': [0.1, 0.2, 0.9, 1.0], 'initial_position': [-0.25, 0.0, 0.02], 'lateral_friction': 0.5, 'spinning_friction': 0.001, 'current_position': [-0.2500203365394668, 3.276838441509095e-05, 0.009990043028201074]}}  x
  scripts                = {'script_1': True, 'reach_only': True, 'left_right': True}  x
  target_goal            = {'type': 'goal_sequence', 'targets': [{'name': 'target', 'position': [0.15000000596046448, 0.0, 0.019999999552965164]}], 'mode': 'goal_sequence'}  x
  scene                  = {'table': {'length': 1.1, 'width': 0.7, 'height': 0.4, 'x_offset': -0.3, 'lateral_friction': 3.0, 'spinning_friction': 0.001}}  x
  robot_config           = {'control_type': 'ee', 'block_gripper': False, 'base_position': [-0.6, 0.0, 0.05]}  x
  current_task           = ABORT                  x
  active_target_name     = target                 x
  action                 = [0.0000, 0.0000, 0.0000, 1.0000]  x
  joint_angles           = [0.0003, 0.2165, -0.0006, -1.8480, 0.0001, 2.0645, 0.7851]  x
  joint_velocities       = [0.0000, -0.0000, -0.0000, -0.0000, 0.0000, 0.0000, -0.0000]  x
  cube_rotation          = [0.0000, -0.0000, 0.0004]  x
  cube_linear_velocity   = [-0.0000, 0.0000, -0.0000]  x
  obstacle_positions     = {}                     x
[step= 154 01:13:07.050][Analyzer] ASM node=safe_abort  goal_status=not_applicable
[step= 155 01:13:08.220][Manager] ep=1 subtask= reward=-0.4001
[step= 155 01:13:08.221][Manager][MOCK] finger_contacts forçado para 1 (grasp_attempts=3)
[step= 155 01:13:08.221][Perception]
  RAW PERCEPTION                                  MONITORED PARAMS
  ----------------------------------------------  --------------------------------------
  fingers_width         = 0.0800 m                gripper_width_cm      = 7 cm
  dist_ee_to_cube       = 0.3939 m                distance_ee_object_cm = 39 cm
  dist_cube_to_target   = 0.4001 m  (3D)          distance_obj_goal_cm  = 40 cm  (XY)
  cube_position (z)     = 0.0100 m                object_lift_height_cm = 0 cm
  cube_position (xy)    = [-0.250, 0.000]         grasp_completed       = 0
  target_position (xy)  = [0.150, 0.000]          finger_contacts       = 1
  x                                               grasp_attempts        = 3
  episode                = 1                      x
  step                   = 155                    x
  ee_position            = [0.0137, -0.0002, 0.3026]  x
  ee_velocity            = [-0.0000, -0.0000, -0.0000]  x
  reward                 = -0.4001                x
  is_success             = False                  x
  obstacle_in_path       = False                  x
  obstacle_count_in_path = 0                      x
  obstacles              = {}                     x
  objects                = {'object_1': {'type': 'box', 'size': [0.045, 0.03, 0.02], 'mass': 10.0, 'color': [0.1, 0.2, 0.9, 1.0], 'initial_position': [-0.25, 0.0, 0.02], 'lateral_friction': 0.5, 'spinning_friction': 0.001, 'current_position': [-0.2500205222509899, 3.3067913204944756e-05, 0.009990043028067887]}}  x
  scripts                = {'script_1': True, 'reach_only': True, 'left_right': True}  x
  target_goal            = {'type': 'goal_sequence', 'targets': [{'name': 'target', 'position': [0.15000000596046448, 0.0, 0.019999999552965164]}], 'mode': 'goal_sequence'}  x
  scene                  = {'table': {'length': 1.1, 'width': 0.7, 'height': 0.4, 'x_offset': -0.3, 'lateral_friction': 3.0, 'spinning_friction': 0.001}}  x
  robot_config           = {'control_type': 'ee', 'block_gripper': False, 'base_position': [-0.6, 0.0, 0.05]}  x
  current_task           = ABORT                  x
  active_target_name     = target                 x
  action                 = [0.0000, 0.0000, 0.0000, 1.0000]  x
  joint_angles           = [0.0003, 0.2165, -0.0006, -1.8480, 0.0001, 2.0645, 0.7850]  x
  joint_velocities       = [0.0000, -0.0000, -0.0000, -0.0000, 0.0000, 0.0000, -0.0000]  x
  cube_rotation          = [0.0000, -0.0000, 0.0004]  x
  cube_linear_velocity   = [-0.0000, 0.0000, -0.0000]  x
  obstacle_positions     = {}                     x
[step= 155 01:13:08.223][Analyzer] ASM node=safe_abort  goal_status=not_applicable
[step= 156 01:13:09.341][Manager] ep=1 subtask= reward=-0.4001
[step= 156 01:13:09.341][Manager][MOCK] finger_contacts forçado para 1 (grasp_attempts=3)
[step= 156 01:13:09.342][Perception]
  RAW PERCEPTION                                  MONITORED PARAMS
  ----------------------------------------------  --------------------------------------
  fingers_width         = 0.0800 m                gripper_width_cm      = 7 cm
  dist_ee_to_cube       = 0.3939 m                distance_ee_object_cm = 39 cm
  dist_cube_to_target   = 0.4001 m  (3D)          distance_obj_goal_cm  = 40 cm  (XY)
  cube_position (z)     = 0.0100 m                object_lift_height_cm = 0 cm
  cube_position (xy)    = [-0.250, 0.000]         grasp_completed       = 0
  target_position (xy)  = [0.150, 0.000]          finger_contacts       = 1
  x                                               grasp_attempts        = 3
  episode                = 1                      x
  step                   = 156                    x
  ee_position            = [0.0137, -0.0002, 0.3026]  x
  ee_velocity            = [-0.0000, -0.0000, -0.0000]  x
  reward                 = -0.4001                x
  is_success             = False                  x
  obstacle_in_path       = False                  x
  obstacle_count_in_path = 0                      x
  obstacles              = {}                     x
  objects                = {'object_1': {'type': 'box', 'size': [0.045, 0.03, 0.02], 'mass': 10.0, 'color': [0.1, 0.2, 0.9, 1.0], 'initial_position': [-0.25, 0.0, 0.02], 'lateral_friction': 0.5, 'spinning_friction': 0.001, 'current_position': [-0.25002070796572096, 3.3367439169826415e-05, 0.009990043027934686]}}  x
  scripts                = {'script_1': True, 'reach_only': True, 'left_right': True}  x
  target_goal            = {'type': 'goal_sequence', 'targets': [{'name': 'target', 'position': [0.15000000596046448, 0.0, 0.019999999552965164]}], 'mode': 'goal_sequence'}  x
  scene                  = {'table': {'length': 1.1, 'width': 0.7, 'height': 0.4, 'x_offset': -0.3, 'lateral_friction': 3.0, 'spinning_friction': 0.001}}  x
  robot_config           = {'control_type': 'ee', 'block_gripper': False, 'base_position': [-0.6, 0.0, 0.05]}  x
  current_task           = ABORT                  x
  active_target_name     = target                 x
  action                 = [0.0000, 0.0000, 0.0000, 1.0000]  x
  joint_angles           = [0.0003, 0.2165, -0.0006, -1.8480, 0.0001, 2.0645, 0.7850]  x
  joint_velocities       = [0.0000, -0.0000, -0.0000, -0.0000, 0.0000, 0.0000, -0.0000]  x
  cube_rotation          = [0.0000, -0.0000, 0.0004]  x
  cube_linear_velocity   = [-0.0000, 0.0000, -0.0000]  x
  obstacle_positions     = {}                     x
[step= 156 01:13:09.344][Analyzer] ASM node=safe_abort  goal_status=not_applicable
[step= 157 01:13:10.514][Manager] ep=1 subtask= reward=-0.4001
[step= 157 01:13:10.514][Manager][MOCK] finger_contacts forçado para 1 (grasp_attempts=3)
[step= 157 01:13:10.514][Perception]
  RAW PERCEPTION                                  MONITORED PARAMS
  ----------------------------------------------  --------------------------------------
  fingers_width         = 0.0800 m                gripper_width_cm      = 7 cm
  dist_ee_to_cube       = 0.3939 m                distance_ee_object_cm = 39 cm
  dist_cube_to_target   = 0.4001 m  (3D)          distance_obj_goal_cm  = 40 cm  (XY)
  cube_position (z)     = 0.0100 m                object_lift_height_cm = 0 cm
  cube_position (xy)    = [-0.250, 0.000]         grasp_completed       = 0
  target_position (xy)  = [0.150, 0.000]          finger_contacts       = 1
  x                                               grasp_attempts        = 3
  episode                = 1                      x
  step                   = 157                    x
  ee_position            = [0.0137, -0.0002, 0.3026]  x
  ee_velocity            = [-0.0000, -0.0000, -0.0000]  x
  reward                 = -0.4001                x
  is_success             = False                  x
  obstacle_in_path       = False                  x
  obstacle_count_in_path = 0                      x
  obstacles              = {}                     x
  objects                = {'object_1': {'type': 'box', 'size': [0.045, 0.03, 0.02], 'mass': 10.0, 'color': [0.1, 0.2, 0.9, 1.0], 'initial_position': [-0.25, 0.0, 0.02], 'lateral_friction': 0.5, 'spinning_friction': 0.001, 'current_position': [-0.25002089368366026, 3.366696230945717e-05, 0.009990043027801506]}}  x
  scripts                = {'script_1': True, 'reach_only': True, 'left_right': True}  x
  target_goal            = {'type': 'goal_sequence', 'targets': [{'name': 'target', 'position': [0.15000000596046448, 0.0, 0.019999999552965164]}], 'mode': 'goal_sequence'}  x
  scene                  = {'table': {'length': 1.1, 'width': 0.7, 'height': 0.4, 'x_offset': -0.3, 'lateral_friction': 3.0, 'spinning_friction': 0.001}}  x
  robot_config           = {'control_type': 'ee', 'block_gripper': False, 'base_position': [-0.6, 0.0, 0.05]}  x
  current_task           = ABORT                  x
  active_target_name     = target                 x
  action                 = [0.0000, 0.0000, 0.0000, 1.0000]  x
  joint_angles           = [0.0003, 0.2165, -0.0006, -1.8480, 0.0001, 2.0645, 0.7850]  x
  joint_velocities       = [0.0000, -0.0000, -0.0000, -0.0000, 0.0000, 0.0000, -0.0000]  x
  cube_rotation          = [0.0000, -0.0000, 0.0004]  x
  cube_linear_velocity   = [-0.0000, 0.0000, -0.0000]  x
  obstacle_positions     = {}                     x
[step= 157 01:13:10.516][Analyzer] ASM node=safe_abort  goal_status=not_applicable
[step= 158 01:13:11.635][Manager] ep=1 subtask= reward=-0.4001
[step= 158 01:13:11.635][Manager][MOCK] finger_contacts forçado para 1 (grasp_attempts=3)
[step= 158 01:13:11.636][Perception]
  RAW PERCEPTION                                  MONITORED PARAMS
  ----------------------------------------------  --------------------------------------
  fingers_width         = 0.0800 m                gripper_width_cm      = 7 cm
  dist_ee_to_cube       = 0.3939 m                distance_ee_object_cm = 39 cm
  dist_cube_to_target   = 0.4001 m  (3D)          distance_obj_goal_cm  = 40 cm  (XY)
  cube_position (z)     = 0.0100 m                object_lift_height_cm = 0 cm
  cube_position (xy)    = [-0.250, 0.000]         grasp_completed       = 0
  target_position (xy)  = [0.150, 0.000]          finger_contacts       = 1
  x                                               grasp_attempts        = 3
  episode                = 1                      x
  step                   = 158                    x
  ee_position            = [0.0137, -0.0002, 0.3026]  x
  ee_velocity            = [-0.0000, -0.0000, -0.0000]  x
  reward                 = -0.4001                x
  is_success             = False                  x
  obstacle_in_path       = False                  x
  obstacle_count_in_path = 0                      x
  obstacles              = {}                     x
  objects                = {'object_1': {'type': 'box', 'size': [0.045, 0.03, 0.02], 'mass': 10.0, 'color': [0.1, 0.2, 0.9, 1.0], 'initial_position': [-0.25, 0.0, 0.02], 'lateral_friction': 0.5, 'spinning_friction': 0.001, 'current_position': [-0.25002107940480794, 3.396648262352427e-05, 0.009990043027668288]}}  x
  scripts                = {'script_1': True, 'reach_only': True, 'left_right': True}  x
  target_goal            = {'type': 'goal_sequence', 'targets': [{'name': 'target', 'position': [0.15000000596046448, 0.0, 0.019999999552965164]}], 'mode': 'goal_sequence'}  x
  scene                  = {'table': {'length': 1.1, 'width': 0.7, 'height': 0.4, 'x_offset': -0.3, 'lateral_friction': 3.0, 'spinning_friction': 0.001}}  x
  robot_config           = {'control_type': 'ee', 'block_gripper': False, 'base_position': [-0.6, 0.0, 0.05]}  x
  current_task           = ABORT                  x
  active_target_name     = target                 x
  action                 = [0.0000, 0.0000, 0.0000, 1.0000]  x
  joint_angles           = [0.0003, 0.2165, -0.0006, -1.8480, 0.0002, 2.0645, 0.7850]  x
  joint_velocities       = [0.0000, -0.0000, -0.0000, -0.0000, 0.0000, 0.0000, -0.0000]  x
  cube_rotation          = [0.0000, -0.0000, 0.0004]  x
  cube_linear_velocity   = [-0.0000, 0.0000, -0.0000]  x
  obstacle_positions     = {}                     x
[step= 158 01:13:11.638][Analyzer] ASM node=safe_abort  goal_status=not_applicable
[step= 159 01:13:12.817][Manager] ep=1 subtask= reward=-0.4001
[step= 159 01:13:12.818][Manager][MOCK] finger_contacts forçado para 1 (grasp_attempts=3)
[step= 159 01:13:12.819][Perception]
  RAW PERCEPTION                                  MONITORED PARAMS
  ----------------------------------------------  --------------------------------------
  fingers_width         = 0.0800 m                gripper_width_cm      = 7 cm
  dist_ee_to_cube       = 0.3939 m                distance_ee_object_cm = 39 cm
  dist_cube_to_target   = 0.4001 m  (3D)          distance_obj_goal_cm  = 40 cm  (XY)
  cube_position (z)     = 0.0100 m                object_lift_height_cm = 0 cm
  cube_position (xy)    = [-0.250, 0.000]         grasp_completed       = 0
  target_position (xy)  = [0.150, 0.000]          finger_contacts       = 1
  x                                               grasp_attempts        = 3
  episode                = 1                      x
  step                   = 159                    x
  ee_position            = [0.0137, -0.0002, 0.3026]  x
  ee_velocity            = [-0.0000, -0.0000, -0.0000]  x
  reward                 = -0.4001                x
  is_success             = False                  x
  obstacle_in_path       = False                  x
  obstacle_count_in_path = 0                      x
  obstacles              = {}                     x
  objects                = {'object_1': {'type': 'box', 'size': [0.045, 0.03, 0.02], 'mass': 10.0, 'color': [0.1, 0.2, 0.9, 1.0], 'initial_position': [-0.25, 0.0, 0.02], 'lateral_friction': 0.5, 'spinning_friction': 0.001, 'current_position': [-0.25002126512916417, 3.4266000111702755e-05, 0.009990043027535051]}}  x
  scripts                = {'script_1': True, 'reach_only': True, 'left_right': True}  x
  target_goal            = {'type': 'goal_sequence', 'targets': [{'name': 'target', 'position': [0.15000000596046448, 0.0, 0.019999999552965164]}], 'mode': 'goal_sequence'}  x
  scene                  = {'table': {'length': 1.1, 'width': 0.7, 'height': 0.4, 'x_offset': -0.3, 'lateral_friction': 3.0, 'spinning_friction': 0.001}}  x
  robot_config           = {'control_type': 'ee', 'block_gripper': False, 'base_position': [-0.6, 0.0, 0.05]}  x
  current_task           = ABORT                  x
  active_target_name     = target                 x
  action                 = [0.0000, 0.0000, 0.0000, 1.0000]  x
  joint_angles           = [0.0003, 0.2165, -0.0006, -1.8480, 0.0002, 2.0645, 0.7850]  x
  joint_velocities       = [0.0000, -0.0000, -0.0000, -0.0000, 0.0000, 0.0000, -0.0000]  x
  cube_rotation          = [0.0000, -0.0000, 0.0004]  x
  cube_linear_velocity   = [-0.0000, 0.0000, -0.0000]  x
  obstacle_positions     = {}                     x
[step= 159 01:13:12.825][Analyzer] ASM node=safe_abort  goal_status=not_applicable
[step= 160 01:13:13.928][Manager] ep=1 subtask= reward=-0.4001
[step= 160 01:13:13.929][Manager][MOCK] finger_contacts forçado para 1 (grasp_attempts=3)
[step= 160 01:13:13.929][Perception]
  RAW PERCEPTION                                  MONITORED PARAMS
  ----------------------------------------------  --------------------------------------
  fingers_width         = 0.0800 m                gripper_width_cm      = 7 cm
  dist_ee_to_cube       = 0.3939 m                distance_ee_object_cm = 39 cm
  dist_cube_to_target   = 0.4001 m  (3D)          distance_obj_goal_cm  = 40 cm  (XY)
  cube_position (z)     = 0.0100 m                object_lift_height_cm = 0 cm
  cube_position (xy)    = [-0.250, 0.000]         grasp_completed       = 0
  target_position (xy)  = [0.150, 0.000]          finger_contacts       = 1
  x                                               grasp_attempts        = 3
  episode                = 1                      x
  step                   = 160                    x
  ee_position            = [0.0137, -0.0002, 0.3026]  x
  ee_velocity            = [-0.0000, -0.0000, -0.0000]  x
  reward                 = -0.4001                x
  is_success             = False                  x
  obstacle_in_path       = False                  x
  obstacle_count_in_path = 0                      x
  obstacles              = {}                     x
  objects                = {'object_1': {'type': 'box', 'size': [0.045, 0.03, 0.02], 'mass': 10.0, 'color': [0.1, 0.2, 0.9, 1.0], 'initial_position': [-0.25, 0.0, 0.02], 'lateral_friction': 0.5, 'spinning_friction': 0.001, 'current_position': [-0.25002145085672917, 3.456551477373045e-05, 0.00999004302740179]}}  x
  scripts                = {'script_1': True, 'reach_only': True, 'left_right': True}  x
  target_goal            = {'type': 'goal_sequence', 'targets': [{'name': 'target', 'position': [0.15000000596046448, 0.0, 0.019999999552965164]}], 'mode': 'goal_sequence'}  x
  scene                  = {'table': {'length': 1.1, 'width': 0.7, 'height': 0.4, 'x_offset': -0.3, 'lateral_friction': 3.0, 'spinning_friction': 0.001}}  x
  robot_config           = {'control_type': 'ee', 'block_gripper': False, 'base_position': [-0.6, 0.0, 0.05]}  x
  current_task           = ABORT                  x
  active_target_name     = target                 x
  action                 = [0.0000, 0.0000, 0.0000, 1.0000]  x
  joint_angles           = [0.0003, 0.2165, -0.0006, -1.8480, 0.0002, 2.0645, 0.7850]  x
  joint_velocities       = [0.0000, -0.0000, -0.0000, -0.0000, 0.0000, 0.0000, -0.0000]  x
  cube_rotation          = [0.0000, -0.0000, 0.0004]  x
  cube_linear_velocity   = [-0.0000, 0.0000, -0.0000]  x
  obstacle_positions     = {}                     x
[step= 160 01:13:13.932][Analyzer] ASM node=safe_abort  goal_status=not_applicable
[step= 161 01:13:15.088][Manager] ep=1 subtask= reward=-0.4001
[step= 161 01:13:15.088][Manager][MOCK] finger_contacts forçado para 1 (grasp_attempts=3)
[step= 161 01:13:15.089][Perception]
  RAW PERCEPTION                                  MONITORED PARAMS
  ----------------------------------------------  --------------------------------------
  fingers_width         = 0.0800 m                gripper_width_cm      = 7 cm
  dist_ee_to_cube       = 0.3939 m                distance_ee_object_cm = 39 cm
  dist_cube_to_target   = 0.4001 m  (3D)          distance_obj_goal_cm  = 40 cm  (XY)
  cube_position (z)     = 0.0100 m                object_lift_height_cm = 0 cm
  cube_position (xy)    = [-0.250, 0.000]         grasp_completed       = 0
  target_position (xy)  = [0.150, 0.000]          finger_contacts       = 1
  x                                               grasp_attempts        = 3
  episode                = 1                      x
  step                   = 161                    x
  ee_position            = [0.0137, -0.0002, 0.3026]  x
  ee_velocity            = [-0.0000, -0.0000, -0.0000]  x
  reward                 = -0.4001                x
  is_success             = False                  x
  obstacle_in_path       = False                  x
  obstacle_count_in_path = 0                      x
  obstacles              = {}                     x
  objects                = {'object_1': {'type': 'box', 'size': [0.045, 0.03, 0.02], 'mass': 10.0, 'color': [0.1, 0.2, 0.9, 1.0], 'initial_position': [-0.25, 0.0, 0.02], 'lateral_friction': 0.5, 'spinning_friction': 0.001, 'current_position': [-0.25002163658750326, 3.486502660924826e-05, 0.00999004302726855]}}  x
  scripts                = {'script_1': True, 'reach_only': True, 'left_right': True}  x
  target_goal            = {'type': 'goal_sequence', 'targets': [{'name': 'target', 'position': [0.15000000596046448, 0.0, 0.019999999552965164]}], 'mode': 'goal_sequence'}  x
  scene                  = {'table': {'length': 1.1, 'width': 0.7, 'height': 0.4, 'x_offset': -0.3, 'lateral_friction': 3.0, 'spinning_friction': 0.001}}  x
  robot_config           = {'control_type': 'ee', 'block_gripper': False, 'base_position': [-0.6, 0.0, 0.05]}  x
  current_task           = ABORT                  x
  active_target_name     = target                 x
  action                 = [0.0000, 0.0000, 0.0000, 1.0000]  x
  joint_angles           = [0.0003, 0.2165, -0.0006, -1.8480, 0.0002, 2.0645, 0.7850]  x
  joint_velocities       = [0.0000, -0.0000, -0.0000, -0.0000, 0.0000, 0.0000, -0.0000]  x
  cube_rotation          = [0.0000, -0.0000, 0.0004]  x
  cube_linear_velocity   = [-0.0000, 0.0000, -0.0000]  x
  obstacle_positions     = {}                     x
[step= 161 01:13:15.092][Analyzer] ASM node=safe_abort  goal_status=not_applicable
[step= 162 01:13:16.248][Manager] ep=1 subtask= reward=-0.4001
[step= 162 01:13:16.248][Manager][MOCK] finger_contacts forçado para 1 (grasp_attempts=3)
[step= 162 01:13:16.248][Perception]
  RAW PERCEPTION                                  MONITORED PARAMS
  ----------------------------------------------  --------------------------------------
  fingers_width         = 0.0800 m                gripper_width_cm      = 7 cm
  dist_ee_to_cube       = 0.3939 m                distance_ee_object_cm = 39 cm
  dist_cube_to_target   = 0.4001 m  (3D)          distance_obj_goal_cm  = 40 cm  (XY)
  cube_position (z)     = 0.0100 m                object_lift_height_cm = 0 cm
  cube_position (xy)    = [-0.250, 0.000]         grasp_completed       = 0
  target_position (xy)  = [0.150, 0.000]          finger_contacts       = 1
  x                                               grasp_attempts        = 3
  episode                = 1                      x
  step                   = 162                    x
  ee_position            = [0.0137, -0.0002, 0.3026]  x
  ee_velocity            = [-0.0000, -0.0000, -0.0000]  x
  reward                 = -0.4001                x
  is_success             = False                  x
  obstacle_in_path       = False                  x
  obstacle_count_in_path = 0                      x
  obstacles              = {}                     x
  objects                = {'object_1': {'type': 'box', 'size': [0.045, 0.03, 0.02], 'mass': 10.0, 'color': [0.1, 0.2, 0.9, 1.0], 'initial_position': [-0.25, 0.0, 0.02], 'lateral_friction': 0.5, 'spinning_friction': 0.001, 'current_position': [-0.2500218223214866, 3.5164535617993694e-05, 0.009990043027135279]}}  x
  scripts                = {'script_1': True, 'reach_only': True, 'left_right': True}  x
  target_goal            = {'type': 'goal_sequence', 'targets': [{'name': 'target', 'position': [0.15000000596046448, 0.0, 0.019999999552965164]}], 'mode': 'goal_sequence'}  x
  scene                  = {'table': {'length': 1.1, 'width': 0.7, 'height': 0.4, 'x_offset': -0.3, 'lateral_friction': 3.0, 'spinning_friction': 0.001}}  x
  robot_config           = {'control_type': 'ee', 'block_gripper': False, 'base_position': [-0.6, 0.0, 0.05]}  x
  current_task           = ABORT                  x
  active_target_name     = target                 x
  action                 = [0.0000, 0.0000, 0.0000, 1.0000]  x
  joint_angles           = [0.0003, 0.2165, -0.0007, -1.8480, 0.0002, 2.0645, 0.7850]  x
  joint_velocities       = [0.0000, -0.0000, -0.0000, -0.0000, 0.0000, 0.0000, -0.0000]  x
  cube_rotation          = [0.0000, -0.0000, 0.0004]  x
  cube_linear_velocity   = [-0.0000, 0.0000, -0.0000]  x
  obstacle_positions     = {}                     x
[step= 162 01:13:16.250][Analyzer] ASM node=safe_abort  goal_status=not_applicable
[step= 163 01:13:17.369][Manager] ep=1 subtask= reward=-0.4001
[step= 163 01:13:17.369][Manager][MOCK] finger_contacts forçado para 1 (grasp_attempts=3)
[step= 163 01:13:17.369][Perception]
  RAW PERCEPTION                                  MONITORED PARAMS
  ----------------------------------------------  --------------------------------------
  fingers_width         = 0.0800 m                gripper_width_cm      = 7 cm
  dist_ee_to_cube       = 0.3939 m                distance_ee_object_cm = 39 cm
  dist_cube_to_target   = 0.4001 m  (3D)          distance_obj_goal_cm  = 40 cm  (XY)
  cube_position (z)     = 0.0100 m                object_lift_height_cm = 0 cm
  cube_position (xy)    = [-0.250, 0.000]         grasp_completed       = 0
  target_position (xy)  = [0.150, 0.000]          finger_contacts       = 1
  x                                               grasp_attempts        = 3
  episode                = 1                      x
  step                   = 163                    x
  ee_position            = [0.0137, -0.0002, 0.3026]  x
  ee_velocity            = [-0.0000, -0.0000, -0.0000]  x
  reward                 = -0.4001                x
  is_success             = False                  x
  obstacle_in_path       = False                  x
  obstacle_count_in_path = 0                      x
  obstacles              = {}                     x
  objects                = {'object_1': {'type': 'box', 'size': [0.045, 0.03, 0.02], 'mass': 10.0, 'color': [0.1, 0.2, 0.9, 1.0], 'initial_position': [-0.25, 0.0, 0.02], 'lateral_friction': 0.5, 'spinning_friction': 0.001, 'current_position': [-0.25002200805867936, 3.546404179963072e-05, 0.00999004302700203]}}  x
  scripts                = {'script_1': True, 'reach_only': True, 'left_right': True}  x
  target_goal            = {'type': 'goal_sequence', 'targets': [{'name': 'target', 'position': [0.15000000596046448, 0.0, 0.019999999552965164]}], 'mode': 'goal_sequence'}  x
  scene                  = {'table': {'length': 1.1, 'width': 0.7, 'height': 0.4, 'x_offset': -0.3, 'lateral_friction': 3.0, 'spinning_friction': 0.001}}  x
  robot_config           = {'control_type': 'ee', 'block_gripper': False, 'base_position': [-0.6, 0.0, 0.05]}  x
  current_task           = ABORT                  x
  active_target_name     = target                 x
  action                 = [0.0000, 0.0000, 0.0000, 1.0000]  x
  joint_angles           = [0.0003, 0.2165, -0.0007, -1.8480, 0.0002, 2.0645, 0.7850]  x
  joint_velocities       = [0.0000, -0.0000, -0.0000, -0.0000, 0.0000, 0.0000, -0.0000]  x
  cube_rotation          = [0.0000, -0.0000, 0.0004]  x
  cube_linear_velocity   = [-0.0000, 0.0000, -0.0000]  x
  obstacle_positions     = {}                     x
[step= 163 01:13:17.371][Analyzer] ASM node=safe_abort  goal_status=not_applicable
[step= 164 01:13:18.517][Manager] ep=1 subtask= reward=-0.4001
[step= 164 01:13:18.518][Manager][MOCK] finger_contacts forçado para 1 (grasp_attempts=3)
[step= 164 01:13:18.518][Perception]
  RAW PERCEPTION                                  MONITORED PARAMS
  ----------------------------------------------  --------------------------------------
  fingers_width         = 0.0800 m                gripper_width_cm      = 7 cm
  dist_ee_to_cube       = 0.3939 m                distance_ee_object_cm = 39 cm
  dist_cube_to_target   = 0.4001 m  (3D)          distance_obj_goal_cm  = 40 cm  (XY)
  cube_position (z)     = 0.0100 m                object_lift_height_cm = 0 cm
  cube_position (xy)    = [-0.250, 0.000]         grasp_completed       = 0
  target_position (xy)  = [0.150, 0.000]          finger_contacts       = 1
  x                                               grasp_attempts        = 3
  episode                = 1                      x
  step                   = 164                    x
  ee_position            = [0.0137, -0.0002, 0.3026]  x
  ee_velocity            = [-0.0000, -0.0000, -0.0000]  x
  reward                 = -0.4001                x
  is_success             = False                  x
  obstacle_in_path       = False                  x
  obstacle_count_in_path = 0                      x
  obstacles              = {}                     x
  objects                = {'object_1': {'type': 'box', 'size': [0.045, 0.03, 0.02], 'mass': 10.0, 'color': [0.1, 0.2, 0.9, 1.0], 'initial_position': [-0.25, 0.0, 0.02], 'lateral_friction': 0.5, 'spinning_friction': 0.001, 'current_position': [-0.25002219379908186, 3.57635451538722e-05, 0.009990043026868739]}}  x
  scripts                = {'script_1': True, 'reach_only': True, 'left_right': True}  x
  target_goal            = {'type': 'goal_sequence', 'targets': [{'name': 'target', 'position': [0.15000000596046448, 0.0, 0.019999999552965164]}], 'mode': 'goal_sequence'}  x
  scene                  = {'table': {'length': 1.1, 'width': 0.7, 'height': 0.4, 'x_offset': -0.3, 'lateral_friction': 3.0, 'spinning_friction': 0.001}}  x
  robot_config           = {'control_type': 'ee', 'block_gripper': False, 'base_position': [-0.6, 0.0, 0.05]}  x
  current_task           = ABORT                  x
  active_target_name     = target                 x
  action                 = [0.0000, 0.0000, 0.0000, 1.0000]  x
  joint_angles           = [0.0003, 0.2165, -0.0007, -1.8480, 0.0002, 2.0645, 0.7850]  x
  joint_velocities       = [0.0000, -0.0000, -0.0000, -0.0000, 0.0000, 0.0000, -0.0000]  x
  cube_rotation          = [0.0000, -0.0000, 0.0004]  x
  cube_linear_velocity   = [-0.0000, 0.0000, -0.0000]  x
  obstacle_positions     = {}                     x
[step= 164 01:13:18.521][Analyzer] ASM node=safe_abort  goal_status=not_applicable
[step= 165 01:13:19.662][Manager] ep=1 subtask= reward=-0.4001
[step= 165 01:13:19.662][Manager][MOCK] finger_contacts forçado para 1 (grasp_attempts=3)
[step= 165 01:13:19.662][Perception]
  RAW PERCEPTION                                  MONITORED PARAMS
  ----------------------------------------------  --------------------------------------
  fingers_width         = 0.0800 m                gripper_width_cm      = 7 cm
  dist_ee_to_cube       = 0.3939 m                distance_ee_object_cm = 39 cm
  dist_cube_to_target   = 0.4001 m  (3D)          distance_obj_goal_cm  = 40 cm  (XY)
  cube_position (z)     = 0.0100 m                object_lift_height_cm = 0 cm
  cube_position (xy)    = [-0.250, 0.000]         grasp_completed       = 0
  target_position (xy)  = [0.150, 0.000]          finger_contacts       = 1
  x                                               grasp_attempts        = 3
  episode                = 1                      x
  step                   = 165                    x
  ee_position            = [0.0137, -0.0002, 0.3026]  x
  ee_velocity            = [-0.0000, -0.0000, -0.0000]  x
  reward                 = -0.4001                x
  is_success             = False                  x
  obstacle_in_path       = False                  x
  obstacle_count_in_path = 0                      x
  obstacles              = {}                     x
  objects                = {'object_1': {'type': 'box', 'size': [0.045, 0.03, 0.02], 'mass': 10.0, 'color': [0.1, 0.2, 0.9, 1.0], 'initial_position': [-0.25, 0.0, 0.02], 'lateral_friction': 0.5, 'spinning_friction': 0.001, 'current_position': [-0.25002237954269413, 3.606304568038551e-05, 0.009990043026735455]}}  x
  scripts                = {'script_1': True, 'reach_only': True, 'left_right': True}  x
  target_goal            = {'type': 'goal_sequence', 'targets': [{'name': 'target', 'position': [0.15000000596046448, 0.0, 0.019999999552965164]}], 'mode': 'goal_sequence'}  x
  scene                  = {'table': {'length': 1.1, 'width': 0.7, 'height': 0.4, 'x_offset': -0.3, 'lateral_friction': 3.0, 'spinning_friction': 0.001}}  x
  robot_config           = {'control_type': 'ee', 'block_gripper': False, 'base_position': [-0.6, 0.0, 0.05]}  x
  current_task           = ABORT                  x
  active_target_name     = target                 x
  action                 = [0.0000, 0.0000, 0.0000, 1.0000]  x
  joint_angles           = [0.0003, 0.2165, -0.0007, -1.8480, 0.0002, 2.0645, 0.7850]  x
  joint_velocities       = [0.0000, -0.0000, -0.0000, -0.0000, 0.0000, 0.0000, -0.0000]  x
  cube_rotation          = [0.0000, -0.0000, 0.0004]  x
  cube_linear_velocity   = [-0.0000, 0.0000, -0.0000]  x
  obstacle_positions     = {}                     x
[step= 165 01:13:19.664][Analyzer] ASM node=safe_abort  goal_status=not_applicable
[step= 166 01:13:20.809][Manager] ep=1 subtask= reward=-0.4001
[step= 166 01:13:20.809][Manager][MOCK] finger_contacts forçado para 1 (grasp_attempts=3)
[step= 166 01:13:20.810][Perception]
  RAW PERCEPTION                                  MONITORED PARAMS
  ----------------------------------------------  --------------------------------------
  fingers_width         = 0.0800 m                gripper_width_cm      = 7 cm
  dist_ee_to_cube       = 0.3939 m                distance_ee_object_cm = 39 cm
  dist_cube_to_target   = 0.4001 m  (3D)          distance_obj_goal_cm  = 40 cm  (XY)
  cube_position (z)     = 0.0100 m                object_lift_height_cm = 0 cm
  cube_position (xy)    = [-0.250, 0.000]         grasp_completed       = 0
  target_position (xy)  = [0.150, 0.000]          finger_contacts       = 1
  x                                               grasp_attempts        = 3
  episode                = 1                      x
  step                   = 166                    x
  ee_position            = [0.0137, -0.0002, 0.3026]  x
  ee_velocity            = [-0.0000, -0.0000, -0.0000]  x
  reward                 = -0.4001                x
  is_success             = False                  x
  obstacle_in_path       = False                  x
  obstacle_count_in_path = 0                      x
  obstacles              = {}                     x
  objects                = {'object_1': {'type': 'box', 'size': [0.045, 0.03, 0.02], 'mass': 10.0, 'color': [0.1, 0.2, 0.9, 1.0], 'initial_position': [-0.25, 0.0, 0.02], 'lateral_friction': 0.5, 'spinning_friction': 0.001, 'current_position': [-0.25002256528951644, 3.636254337889961e-05, 0.009990043026602152]}}  x
  scripts                = {'script_1': True, 'reach_only': True, 'left_right': True}  x
  target_goal            = {'type': 'goal_sequence', 'targets': [{'name': 'target', 'position': [0.15000000596046448, 0.0, 0.019999999552965164]}], 'mode': 'goal_sequence'}  x
  scene                  = {'table': {'length': 1.1, 'width': 0.7, 'height': 0.4, 'x_offset': -0.3, 'lateral_friction': 3.0, 'spinning_friction': 0.001}}  x
  robot_config           = {'control_type': 'ee', 'block_gripper': False, 'base_position': [-0.6, 0.0, 0.05]}  x
  current_task           = ABORT                  x
  active_target_name     = target                 x
  action                 = [0.0000, 0.0000, 0.0000, 1.0000]  x
  joint_angles           = [0.0003, 0.2165, -0.0007, -1.8480, 0.0002, 2.0645, 0.7850]  x
  joint_velocities       = [0.0000, -0.0000, -0.0000, -0.0000, 0.0000, 0.0000, -0.0000]  x
  cube_rotation          = [0.0000, -0.0000, 0.0004]  x
  cube_linear_velocity   = [-0.0000, 0.0000, -0.0000]  x
  obstacle_positions     = {}                     x
[step= 166 01:13:20.812][Analyzer] ASM node=safe_abort  goal_status=not_applicable
[step= 167 01:13:21.956][Manager] ep=1 subtask= reward=-0.4001
[step= 167 01:13:21.956][Manager][MOCK] finger_contacts forçado para 1 (grasp_attempts=3)
[step= 167 01:13:21.957][Perception]
  RAW PERCEPTION                                  MONITORED PARAMS
  ----------------------------------------------  --------------------------------------
  fingers_width         = 0.0800 m                gripper_width_cm      = 7 cm
  dist_ee_to_cube       = 0.3939 m                distance_ee_object_cm = 39 cm
  dist_cube_to_target   = 0.4001 m  (3D)          distance_obj_goal_cm  = 40 cm  (XY)
  cube_position (z)     = 0.0100 m                object_lift_height_cm = 0 cm
  cube_position (xy)    = [-0.250, 0.000]         grasp_completed       = 0
  target_position (xy)  = [0.150, 0.000]          finger_contacts       = 1
  x                                               grasp_attempts        = 3
  episode                = 1                      x
  step                   = 167                    x
  ee_position            = [0.0137, -0.0002, 0.3026]  x
  ee_velocity            = [-0.0000, -0.0000, -0.0000]  x
  reward                 = -0.4001                x
  is_success             = False                  x
  obstacle_in_path       = False                  x
  obstacle_count_in_path = 0                      x
  obstacles              = {}                     x
  objects                = {'object_1': {'type': 'box', 'size': [0.045, 0.03, 0.02], 'mass': 10.0, 'color': [0.1, 0.2, 0.9, 1.0], 'initial_position': [-0.25, 0.0, 0.02], 'lateral_friction': 0.5, 'spinning_friction': 0.001, 'current_position': [-0.250022751039549, 3.66620382490911e-05, 0.009990043026468843]}}  x
  scripts                = {'script_1': True, 'reach_only': True, 'left_right': True}  x
  target_goal            = {'type': 'goal_sequence', 'targets': [{'name': 'target', 'position': [0.15000000596046448, 0.0, 0.019999999552965164]}], 'mode': 'goal_sequence'}  x
  scene                  = {'table': {'length': 1.1, 'width': 0.7, 'height': 0.4, 'x_offset': -0.3, 'lateral_friction': 3.0, 'spinning_friction': 0.001}}  x
  robot_config           = {'control_type': 'ee', 'block_gripper': False, 'base_position': [-0.6, 0.0, 0.05]}  x
  current_task           = ABORT                  x
  active_target_name     = target                 x
  action                 = [0.0000, 0.0000, 0.0000, 1.0000]  x
  joint_angles           = [0.0003, 0.2165, -0.0007, -1.8480, 0.0002, 2.0645, 0.7850]  x
  joint_velocities       = [0.0000, -0.0000, -0.0000, -0.0000, 0.0000, 0.0000, -0.0000]  x
  cube_rotation          = [0.0000, -0.0000, 0.0004]  x
  cube_linear_velocity   = [-0.0000, 0.0000, -0.0000]  x
  obstacle_positions     = {}                     x
[step= 167 01:13:21.959][Analyzer] ASM node=safe_abort  goal_status=not_applicable
[step= 168 01:13:23.103][Manager] ep=1 subtask= reward=-0.4001
[step= 168 01:13:23.103][Manager][MOCK] finger_contacts forçado para 1 (grasp_attempts=3)
[step= 168 01:13:23.103][Perception]
  RAW PERCEPTION                                  MONITORED PARAMS
  ----------------------------------------------  --------------------------------------
  fingers_width         = 0.0800 m                gripper_width_cm      = 7 cm
  dist_ee_to_cube       = 0.3939 m                distance_ee_object_cm = 39 cm
  dist_cube_to_target   = 0.4001 m  (3D)          distance_obj_goal_cm  = 40 cm  (XY)
  cube_position (z)     = 0.0100 m                object_lift_height_cm = 0 cm
  cube_position (xy)    = [-0.250, 0.000]         grasp_completed       = 0
  target_position (xy)  = [0.150, 0.000]          finger_contacts       = 1
  x                                               grasp_attempts        = 3
  episode                = 1                      x
  step                   = 168                    x
  ee_position            = [0.0137, -0.0002, 0.3026]  x
  ee_velocity            = [-0.0000, -0.0000, -0.0000]  x
  reward                 = -0.4001                x
  is_success             = False                  x
  obstacle_in_path       = False                  x
  obstacle_count_in_path = 0                      x
  obstacles              = {}                     x
  objects                = {'object_1': {'type': 'box', 'size': [0.045, 0.03, 0.02], 'mass': 10.0, 'color': [0.1, 0.2, 0.9, 1.0], 'initial_position': [-0.25, 0.0, 0.02], 'lateral_friction': 0.5, 'spinning_friction': 0.001, 'current_position': [-0.2500229367927922, 3.6961530290636036e-05, 0.00999004302633554]}}  x
  scripts                = {'script_1': True, 'reach_only': True, 'left_right': True}  x
  target_goal            = {'type': 'goal_sequence', 'targets': [{'name': 'target', 'position': [0.15000000596046448, 0.0, 0.019999999552965164]}], 'mode': 'goal_sequence'}  x
  scene                  = {'table': {'length': 1.1, 'width': 0.7, 'height': 0.4, 'x_offset': -0.3, 'lateral_friction': 3.0, 'spinning_friction': 0.001}}  x
  robot_config           = {'control_type': 'ee', 'block_gripper': False, 'base_position': [-0.6, 0.0, 0.05]}  x
  current_task           = ABORT                  x
  active_target_name     = target                 x
  action                 = [0.0000, 0.0000, 0.0000, 1.0000]  x
  joint_angles           = [0.0003, 0.2165, -0.0007, -1.8480, 0.0002, 2.0645, 0.7850]  x
  joint_velocities       = [0.0000, -0.0000, -0.0000, -0.0000, 0.0000, 0.0000, -0.0000]  x
  cube_rotation          = [0.0000, -0.0000, 0.0004]  x
  cube_linear_velocity   = [-0.0000, 0.0000, -0.0000]  x
  obstacle_positions     = {}                     x
[step= 168 01:13:23.105][Analyzer] ASM node=safe_abort  goal_status=not_applicable
[step= 169 01:13:24.249][Manager] ep=1 subtask= reward=-0.4001
[step= 169 01:13:24.250][Manager][MOCK] finger_contacts forçado para 1 (grasp_attempts=3)
[step= 169 01:13:24.250][Perception]
  RAW PERCEPTION                                  MONITORED PARAMS
  ----------------------------------------------  --------------------------------------
  fingers_width         = 0.0800 m                gripper_width_cm      = 7 cm
  dist_ee_to_cube       = 0.3939 m                distance_ee_object_cm = 39 cm
  dist_cube_to_target   = 0.4001 m  (3D)          distance_obj_goal_cm  = 40 cm  (XY)
  cube_position (z)     = 0.0100 m                object_lift_height_cm = 0 cm
  cube_position (xy)    = [-0.250, 0.000]         grasp_completed       = 0
  target_position (xy)  = [0.150, 0.000]          finger_contacts       = 1
  x                                               grasp_attempts        = 3
  episode                = 1                      x
  step                   = 169                    x
  ee_position            = [0.0137, -0.0002, 0.3026]  x
  ee_velocity            = [-0.0000, -0.0000, -0.0000]  x
  reward                 = -0.4001                x
  is_success             = False                  x
  obstacle_in_path       = False                  x
  obstacle_count_in_path = 0                      x
  obstacles              = {}                     x
  objects                = {'object_1': {'type': 'box', 'size': [0.045, 0.03, 0.02], 'mass': 10.0, 'color': [0.1, 0.2, 0.9, 1.0], 'initial_position': [-0.25, 0.0, 0.02], 'lateral_friction': 0.5, 'spinning_friction': 0.001, 'current_position': [-0.25002312254924597, 3.726101950326354e-05, 0.009990043026202197]}}  x
  scripts                = {'script_1': True, 'reach_only': True, 'left_right': True}  x
  target_goal            = {'type': 'goal_sequence', 'targets': [{'name': 'target', 'position': [0.15000000596046448, 0.0, 0.019999999552965164]}], 'mode': 'goal_sequence'}  x
  scene                  = {'table': {'length': 1.1, 'width': 0.7, 'height': 0.4, 'x_offset': -0.3, 'lateral_friction': 3.0, 'spinning_friction': 0.001}}  x
  robot_config           = {'control_type': 'ee', 'block_gripper': False, 'base_position': [-0.6, 0.0, 0.05]}  x
  current_task           = ABORT                  x
  active_target_name     = target                 x
  action                 = [0.0000, 0.0000, 0.0000, 1.0000]  x
  joint_angles           = [0.0003, 0.2165, -0.0007, -1.8480, 0.0002, 2.0645, 0.7850]  x
  joint_velocities       = [0.0000, -0.0000, -0.0000, -0.0000, 0.0000, 0.0000, -0.0000]  x
  cube_rotation          = [0.0000, -0.0000, 0.0004]  x
  cube_linear_velocity   = [-0.0000, 0.0000, -0.0000]  x
  obstacle_positions     = {}                     x
[step= 169 01:13:24.253][Analyzer] ASM node=safe_abort  goal_status=not_applicable
[step= 170 01:13:25.396][Manager] ep=1 subtask= reward=-0.4001
[step= 170 01:13:25.396][Manager][MOCK] finger_contacts forçado para 1 (grasp_attempts=3)
[step= 170 01:13:25.396][Perception]
  RAW PERCEPTION                                  MONITORED PARAMS
  ----------------------------------------------  --------------------------------------
  fingers_width         = 0.0800 m                gripper_width_cm      = 7 cm
  dist_ee_to_cube       = 0.3939 m                distance_ee_object_cm = 39 cm
  dist_cube_to_target   = 0.4001 m  (3D)          distance_obj_goal_cm  = 40 cm  (XY)
  cube_position (z)     = 0.0100 m                object_lift_height_cm = 0 cm
  cube_position (xy)    = [-0.250, 0.000]         grasp_completed       = 0
  target_position (xy)  = [0.150, 0.000]          finger_contacts       = 1
  x                                               grasp_attempts        = 3
  episode                = 1                      x
  step                   = 170                    x
  ee_position            = [0.0137, -0.0002, 0.3026]  x
  ee_velocity            = [-0.0000, -0.0000, -0.0000]  x
  reward                 = -0.4001                x
  is_success             = False                  x
  obstacle_in_path       = False                  x
  obstacle_count_in_path = 0                      x
  obstacles              = {}                     x
  objects                = {'object_1': {'type': 'box', 'size': [0.045, 0.03, 0.02], 'mass': 10.0, 'color': [0.1, 0.2, 0.9, 1.0], 'initial_position': [-0.25, 0.0, 0.02], 'lateral_friction': 0.5, 'spinning_friction': 0.001, 'current_position': [-0.2500233083089107, 3.756050588664904e-05, 0.009990043026068861]}}  x
  scripts                = {'script_1': True, 'reach_only': True, 'left_right': True}  x
  target_goal            = {'type': 'goal_sequence', 'targets': [{'name': 'target', 'position': [0.15000000596046448, 0.0, 0.019999999552965164]}], 'mode': 'goal_sequence'}  x
  scene                  = {'table': {'length': 1.1, 'width': 0.7, 'height': 0.4, 'x_offset': -0.3, 'lateral_friction': 3.0, 'spinning_friction': 0.001}}  x
  robot_config           = {'control_type': 'ee', 'block_gripper': False, 'base_position': [-0.6, 0.0, 0.05]}  x
  current_task           = ABORT                  x
  active_target_name     = target                 x
  action                 = [0.0000, 0.0000, 0.0000, 1.0000]  x
  joint_angles           = [0.0003, 0.2165, -0.0007, -1.8480, 0.0002, 2.0645, 0.7850]  x
  joint_velocities       = [0.0000, -0.0000, -0.0000, -0.0000, 0.0000, 0.0000, -0.0000]  x
  cube_rotation          = [0.0000, -0.0000, 0.0004]  x
  cube_linear_velocity   = [-0.0000, 0.0000, -0.0000]  x
  obstacle_positions     = {}                     x
[step= 170 01:13:25.399][Analyzer] ASM node=safe_abort  goal_status=not_applicable
[step= 171 01:13:26.569][Manager] ep=1 subtask= reward=-0.4001
[step= 171 01:13:26.569][Manager][MOCK] finger_contacts forçado para 1 (grasp_attempts=3)
[step= 171 01:13:26.569][Perception]
  RAW PERCEPTION                                  MONITORED PARAMS
  ----------------------------------------------  --------------------------------------
  fingers_width         = 0.0800 m                gripper_width_cm      = 7 cm
  dist_ee_to_cube       = 0.3939 m                distance_ee_object_cm = 39 cm
  dist_cube_to_target   = 0.4001 m  (3D)          distance_obj_goal_cm  = 40 cm  (XY)
  cube_position (z)     = 0.0100 m                object_lift_height_cm = 0 cm
  cube_position (xy)    = [-0.250, 0.000]         grasp_completed       = 0
  target_position (xy)  = [0.150, 0.000]          finger_contacts       = 1
  x                                               grasp_attempts        = 3
  episode                = 1                      x
  step                   = 171                    x
  ee_position            = [0.0137, -0.0002, 0.3026]  x
  ee_velocity            = [-0.0000, -0.0000, -0.0000]  x
  reward                 = -0.4001                x
  is_success             = False                  x
  obstacle_in_path       = False                  x
  obstacle_count_in_path = 0                      x
  obstacles              = {}                     x
  objects                = {'object_1': {'type': 'box', 'size': [0.045, 0.03, 0.02], 'mass': 10.0, 'color': [0.1, 0.2, 0.9, 1.0], 'initial_position': [-0.25, 0.0, 0.02], 'lateral_friction': 0.5, 'spinning_friction': 0.001, 'current_position': [-0.25002349407178653, 3.78599894404749e-05, 0.009990043025935511]}}  x
  scripts                = {'script_1': True, 'reach_only': True, 'left_right': True}  x
  target_goal            = {'type': 'goal_sequence', 'targets': [{'name': 'target', 'position': [0.15000000596046448, 0.0, 0.019999999552965164]}], 'mode': 'goal_sequence'}  x
  scene                  = {'table': {'length': 1.1, 'width': 0.7, 'height': 0.4, 'x_offset': -0.3, 'lateral_friction': 3.0, 'spinning_friction': 0.001}}  x
  robot_config           = {'control_type': 'ee', 'block_gripper': False, 'base_position': [-0.6, 0.0, 0.05]}  x
  current_task           = ABORT                  x
  active_target_name     = target                 x
  action                 = [0.0000, 0.0000, 0.0000, 1.0000]  x
  joint_angles           = [0.0003, 0.2165, -0.0007, -1.8480, 0.0002, 2.0645, 0.7850]  x
  joint_velocities       = [0.0000, -0.0000, -0.0000, -0.0000, 0.0000, 0.0000, -0.0000]  x
  cube_rotation          = [0.0000, -0.0000, 0.0004]  x
  cube_linear_velocity   = [-0.0000, 0.0000, -0.0000]  x
  obstacle_positions     = {}                     x
[step= 171 01:13:26.572][Analyzer] ASM node=safe_abort  goal_status=not_applicable
[step= 172 01:13:27.703][Manager] ep=1 subtask= reward=-0.4001
[step= 172 01:13:27.703][Manager][MOCK] finger_contacts forçado para 1 (grasp_attempts=3)
[step= 172 01:13:27.703][Perception]
  RAW PERCEPTION                                  MONITORED PARAMS
  ----------------------------------------------  --------------------------------------
  fingers_width         = 0.0800 m                gripper_width_cm      = 7 cm
  dist_ee_to_cube       = 0.3939 m                distance_ee_object_cm = 39 cm
  dist_cube_to_target   = 0.4001 m  (3D)          distance_obj_goal_cm  = 40 cm  (XY)
  cube_position (z)     = 0.0100 m                object_lift_height_cm = 0 cm
  cube_position (xy)    = [-0.250, 0.000]         grasp_completed       = 0
  target_position (xy)  = [0.150, 0.000]          finger_contacts       = 1
  x                                               grasp_attempts        = 3
  episode                = 1                      x
  step                   = 172                    x
  ee_position            = [0.0137, -0.0002, 0.3026]  x
  ee_velocity            = [-0.0000, -0.0000, -0.0000]  x
  reward                 = -0.4001                x
  is_success             = False                  x
  obstacle_in_path       = False                  x
  obstacle_count_in_path = 0                      x
  obstacles              = {}                     x
  objects                = {'object_1': {'type': 'box', 'size': [0.045, 0.03, 0.02], 'mass': 10.0, 'color': [0.1, 0.2, 0.9, 1.0], 'initial_position': [-0.25, 0.0, 0.02], 'lateral_friction': 0.5, 'spinning_friction': 0.001, 'current_position': [-0.25002367983787366, 3.815947016443797e-05, 0.009990043025802154]}}  x
  scripts                = {'script_1': True, 'reach_only': True, 'left_right': True}  x
  target_goal            = {'type': 'goal_sequence', 'targets': [{'name': 'target', 'position': [0.15000000596046448, 0.0, 0.019999999552965164]}], 'mode': 'goal_sequence'}  x
  scene                  = {'table': {'length': 1.1, 'width': 0.7, 'height': 0.4, 'x_offset': -0.3, 'lateral_friction': 3.0, 'spinning_friction': 0.001}}  x
  robot_config           = {'control_type': 'ee', 'block_gripper': False, 'base_position': [-0.6, 0.0, 0.05]}  x
  current_task           = ABORT                  x
  active_target_name     = target                 x
  action                 = [0.0000, 0.0000, 0.0000, 1.0000]  x
  joint_angles           = [0.0003, 0.2165, -0.0007, -1.8480, 0.0002, 2.0645, 0.7850]  x
  joint_velocities       = [0.0000, -0.0000, -0.0000, -0.0000, 0.0000, 0.0000, -0.0000]  x
  cube_rotation          = [0.0000, -0.0000, 0.0004]  x
  cube_linear_velocity   = [-0.0000, 0.0000, -0.0000]  x
  obstacle_positions     = {}                     x
[step= 172 01:13:27.706][Analyzer] ASM node=safe_abort  goal_status=not_applicable
[step= 173 01:13:28.837][Manager] ep=1 subtask= reward=-0.4001
[step= 173 01:13:28.837][Manager][MOCK] finger_contacts forçado para 1 (grasp_attempts=3)
[step= 173 01:13:28.837][Perception]
  RAW PERCEPTION                                  MONITORED PARAMS
  ----------------------------------------------  --------------------------------------
  fingers_width         = 0.0800 m                gripper_width_cm      = 7 cm
  dist_ee_to_cube       = 0.3939 m                distance_ee_object_cm = 39 cm
  dist_cube_to_target   = 0.4001 m  (3D)          distance_obj_goal_cm  = 40 cm  (XY)
  cube_position (z)     = 0.0100 m                object_lift_height_cm = 0 cm
  cube_position (xy)    = [-0.250, 0.000]         grasp_completed       = 0
  target_position (xy)  = [0.150, 0.000]          finger_contacts       = 1
  x                                               grasp_attempts        = 3
  episode                = 1                      x
  step                   = 173                    x
  ee_position            = [0.0137, -0.0002, 0.3026]  x
  ee_velocity            = [-0.0000, -0.0000, -0.0000]  x
  reward                 = -0.4001                x
  is_success             = False                  x
  obstacle_in_path       = False                  x
  obstacle_count_in_path = 0                      x
  obstacles              = {}                     x
  objects                = {'object_1': {'type': 'box', 'size': [0.045, 0.03, 0.02], 'mass': 10.0, 'color': [0.1, 0.2, 0.9, 1.0], 'initial_position': [-0.25, 0.0, 0.02], 'lateral_friction': 0.5, 'spinning_friction': 0.001, 'current_position': [-0.2500238656071723, 3.845894805825275e-05, 0.009990043025668766]}}  x
  scripts                = {'script_1': True, 'reach_only': True, 'left_right': True}  x
  target_goal            = {'type': 'goal_sequence', 'targets': [{'name': 'target', 'position': [0.15000000596046448, 0.0, 0.019999999552965164]}], 'mode': 'goal_sequence'}  x
  scene                  = {'table': {'length': 1.1, 'width': 0.7, 'height': 0.4, 'x_offset': -0.3, 'lateral_friction': 3.0, 'spinning_friction': 0.001}}  x
  robot_config           = {'control_type': 'ee', 'block_gripper': False, 'base_position': [-0.6, 0.0, 0.05]}  x
  current_task           = ABORT                  x
  active_target_name     = target                 x
  action                 = [0.0000, 0.0000, 0.0000, 1.0000]  x
  joint_angles           = [0.0003, 0.2165, -0.0007, -1.8480, 0.0002, 2.0645, 0.7850]  x
  joint_velocities       = [0.0000, -0.0000, -0.0000, -0.0000, 0.0000, 0.0000, -0.0000]  x
  cube_rotation          = [0.0000, -0.0000, 0.0005]  x
  cube_linear_velocity   = [-0.0000, 0.0000, -0.0000]  x
  obstacle_positions     = {}                     x
[step= 173 01:13:28.840][Analyzer] ASM node=safe_abort  goal_status=not_applicable
[step= 174 01:13:29.983][Manager] ep=1 subtask= reward=-0.4001
[step= 174 01:13:29.984][Manager][MOCK] finger_contacts forçado para 1 (grasp_attempts=3)
[step= 174 01:13:29.984][Perception]
  RAW PERCEPTION                                  MONITORED PARAMS
  ----------------------------------------------  --------------------------------------
  fingers_width         = 0.0800 m                gripper_width_cm      = 7 cm
  dist_ee_to_cube       = 0.3939 m                distance_ee_object_cm = 39 cm
  dist_cube_to_target   = 0.4001 m  (3D)          distance_obj_goal_cm  = 40 cm  (XY)
  cube_position (z)     = 0.0100 m                object_lift_height_cm = 0 cm
  cube_position (xy)    = [-0.250, 0.000]         grasp_completed       = 0
  target_position (xy)  = [0.150, 0.000]          finger_contacts       = 1
  x                                               grasp_attempts        = 3
  episode                = 1                      x
  step                   = 174                    x
  ee_position            = [0.0137, -0.0002, 0.3026]  x
  ee_velocity            = [-0.0000, -0.0000, -0.0000]  x
  reward                 = -0.4001                x
  is_success             = False                  x
  obstacle_in_path       = False                  x
  obstacle_count_in_path = 0                      x
  obstacles              = {}                     x
  objects                = {'object_1': {'type': 'box', 'size': [0.045, 0.03, 0.02], 'mass': 10.0, 'color': [0.1, 0.2, 0.9, 1.0], 'initial_position': [-0.25, 0.0, 0.02], 'lateral_friction': 0.5, 'spinning_friction': 0.001, 'current_position': [-0.2500240513796827, 3.875842312158522e-05, 0.009990043025535402]}}  x
  scripts                = {'script_1': True, 'reach_only': True, 'left_right': True}  x
  target_goal            = {'type': 'goal_sequence', 'targets': [{'name': 'target', 'position': [0.15000000596046448, 0.0, 0.019999999552965164]}], 'mode': 'goal_sequence'}  x
  scene                  = {'table': {'length': 1.1, 'width': 0.7, 'height': 0.4, 'x_offset': -0.3, 'lateral_friction': 3.0, 'spinning_friction': 0.001}}  x
  robot_config           = {'control_type': 'ee', 'block_gripper': False, 'base_position': [-0.6, 0.0, 0.05]}  x
  current_task           = ABORT                  x
  active_target_name     = target                 x
  action                 = [0.0000, 0.0000, 0.0000, 1.0000]  x
  joint_angles           = [0.0003, 0.2165, -0.0007, -1.8480, 0.0002, 2.0645, 0.7850]  x
  joint_velocities       = [0.0000, -0.0000, -0.0000, -0.0000, 0.0000, 0.0000, -0.0000]  x
  cube_rotation          = [0.0000, -0.0000, 0.0005]  x
  cube_linear_velocity   = [-0.0000, 0.0000, -0.0000]  x
  obstacle_positions     = {}                     x
[step= 174 01:13:29.986][Analyzer] ASM node=safe_abort  goal_status=not_applicable
[step= 175 01:13:31.130][Manager] ep=1 subtask= reward=-0.4001
[step= 175 01:13:31.130][Manager][MOCK] finger_contacts forçado para 1 (grasp_attempts=3)
[step= 175 01:13:31.130][Perception]
  RAW PERCEPTION                                  MONITORED PARAMS
  ----------------------------------------------  --------------------------------------
  fingers_width         = 0.0800 m                gripper_width_cm      = 7 cm
  dist_ee_to_cube       = 0.3939 m                distance_ee_object_cm = 39 cm
  dist_cube_to_target   = 0.4001 m  (3D)          distance_obj_goal_cm  = 40 cm  (XY)
  cube_position (z)     = 0.0100 m                object_lift_height_cm = 0 cm
  cube_position (xy)    = [-0.250, 0.000]         grasp_completed       = 0
  target_position (xy)  = [0.150, 0.000]          finger_contacts       = 1
  x                                               grasp_attempts        = 3
  episode                = 1                      x
  step                   = 175                    x
  ee_position            = [0.0137, -0.0002, 0.3026]  x
  ee_velocity            = [-0.0000, -0.0000, -0.0000]  x
  reward                 = -0.4001                x
  is_success             = False                  x
  obstacle_in_path       = False                  x
  obstacle_count_in_path = 0                      x
  obstacles              = {}                     x
  objects                = {'object_1': {'type': 'box', 'size': [0.045, 0.03, 0.02], 'mass': 10.0, 'color': [0.1, 0.2, 0.9, 1.0], 'initial_position': [-0.25, 0.0, 0.02], 'lateral_friction': 0.5, 'spinning_friction': 0.001, 'current_position': [-0.2500242371554051, 3.905789535414922e-05, 0.009990043025402]}}  x
  scripts                = {'script_1': True, 'reach_only': True, 'left_right': True}  x
  target_goal            = {'type': 'goal_sequence', 'targets': [{'name': 'target', 'position': [0.15000000596046448, 0.0, 0.019999999552965164]}], 'mode': 'goal_sequence'}  x
  scene                  = {'table': {'length': 1.1, 'width': 0.7, 'height': 0.4, 'x_offset': -0.3, 'lateral_friction': 3.0, 'spinning_friction': 0.001}}  x
  robot_config           = {'control_type': 'ee', 'block_gripper': False, 'base_position': [-0.6, 0.0, 0.05]}  x
  current_task           = ABORT                  x
  active_target_name     = target                 x
  action                 = [0.0000, 0.0000, 0.0000, 1.0000]  x
  joint_angles           = [0.0003, 0.2165, -0.0007, -1.8480, 0.0002, 2.0645, 0.7850]  x
  joint_velocities       = [0.0000, -0.0000, -0.0000, -0.0000, 0.0000, 0.0000, -0.0000]  x
  cube_rotation          = [0.0000, -0.0000, 0.0005]  x
  cube_linear_velocity   = [-0.0000, 0.0000, -0.0000]  x
  obstacle_positions     = {}                     x
[step= 175 01:13:31.133][Analyzer] ASM node=safe_abort  goal_status=not_applicable
[step= 176 01:13:32.277][Manager] ep=1 subtask= reward=-0.4001
[step= 176 01:13:32.277][Manager][MOCK] finger_contacts forçado para 1 (grasp_attempts=3)
[step= 176 01:13:32.278][Perception]
  RAW PERCEPTION                                  MONITORED PARAMS
  ----------------------------------------------  --------------------------------------
  fingers_width         = 0.0800 m                gripper_width_cm      = 7 cm
  dist_ee_to_cube       = 0.3939 m                distance_ee_object_cm = 39 cm
  dist_cube_to_target   = 0.4001 m  (3D)          distance_obj_goal_cm  = 40 cm  (XY)
  cube_position (z)     = 0.0100 m                object_lift_height_cm = 0 cm
  cube_position (xy)    = [-0.250, 0.000]         grasp_completed       = 0
  target_position (xy)  = [0.150, 0.000]          finger_contacts       = 1
  x                                               grasp_attempts        = 3
  episode                = 1                      x
  step                   = 176                    x
  ee_position            = [0.0137, -0.0002, 0.3026]  x
  ee_velocity            = [-0.0000, -0.0000, -0.0000]  x
  reward                 = -0.4001                x
  is_success             = False                  x
  obstacle_in_path       = False                  x
  obstacle_count_in_path = 0                      x
  obstacles              = {}                     x
  objects                = {'object_1': {'type': 'box', 'size': [0.045, 0.03, 0.02], 'mass': 10.0, 'color': [0.1, 0.2, 0.9, 1.0], 'initial_position': [-0.25, 0.0, 0.02], 'lateral_friction': 0.5, 'spinning_friction': 0.001, 'current_position': [-0.2500244229343396, 3.935736475561369e-05, 0.009990043025268599]}}  x
  scripts                = {'script_1': True, 'reach_only': True, 'left_right': True}  x
  target_goal            = {'type': 'goal_sequence', 'targets': [{'name': 'target', 'position': [0.15000000596046448, 0.0, 0.019999999552965164]}], 'mode': 'goal_sequence'}  x
  scene                  = {'table': {'length': 1.1, 'width': 0.7, 'height': 0.4, 'x_offset': -0.3, 'lateral_friction': 3.0, 'spinning_friction': 0.001}}  x
  robot_config           = {'control_type': 'ee', 'block_gripper': False, 'base_position': [-0.6, 0.0, 0.05]}  x
  current_task           = ABORT                  x
  active_target_name     = target                 x
  action                 = [0.0000, 0.0000, 0.0000, 1.0000]  x
  joint_angles           = [0.0003, 0.2165, -0.0007, -1.8480, 0.0002, 2.0645, 0.7850]  x
  joint_velocities       = [0.0000, -0.0000, -0.0000, -0.0000, 0.0000, 0.0000, -0.0000]  x
  cube_rotation          = [0.0000, -0.0000, 0.0005]  x
  cube_linear_velocity   = [-0.0000, 0.0000, -0.0000]  x
  obstacle_positions     = {}                     x
[step= 176 01:13:32.280][Analyzer] ASM node=safe_abort  goal_status=not_applicable
[step= 177 01:13:33.450][Manager] ep=1 subtask= reward=-0.4001
[step= 177 01:13:33.450][Manager][MOCK] finger_contacts forçado para 1 (grasp_attempts=3)
[step= 177 01:13:33.450][Perception]
  RAW PERCEPTION                                  MONITORED PARAMS
  ----------------------------------------------  --------------------------------------
  fingers_width         = 0.0800 m                gripper_width_cm      = 7 cm
  dist_ee_to_cube       = 0.3939 m                distance_ee_object_cm = 39 cm
  dist_cube_to_target   = 0.4001 m  (3D)          distance_obj_goal_cm  = 40 cm  (XY)
  cube_position (z)     = 0.0100 m                object_lift_height_cm = 0 cm
  cube_position (xy)    = [-0.250, 0.000]         grasp_completed       = 0
  target_position (xy)  = [0.150, 0.000]          finger_contacts       = 1
  x                                               grasp_attempts        = 3
  episode                = 1                      x
  step                   = 177                    x
  ee_position            = [0.0137, -0.0002, 0.3026]  x
  ee_velocity            = [-0.0000, -0.0000, -0.0000]  x
  reward                 = -0.4001                x
  is_success             = False                  x
  obstacle_in_path       = False                  x
  obstacle_count_in_path = 0                      x
  obstacles              = {}                     x
  objects                = {'object_1': {'type': 'box', 'size': [0.045, 0.03, 0.02], 'mass': 10.0, 'color': [0.1, 0.2, 0.9, 1.0], 'initial_position': [-0.25, 0.0, 0.02], 'lateral_friction': 0.5, 'spinning_friction': 0.001, 'current_position': [-0.2500246087164864, 3.965683132569706e-05, 0.009990043025135186]}}  x
  scripts                = {'script_1': True, 'reach_only': True, 'left_right': True}  x
  target_goal            = {'type': 'goal_sequence', 'targets': [{'name': 'target', 'position': [0.15000000596046448, 0.0, 0.019999999552965164]}], 'mode': 'goal_sequence'}  x
  scene                  = {'table': {'length': 1.1, 'width': 0.7, 'height': 0.4, 'x_offset': -0.3, 'lateral_friction': 3.0, 'spinning_friction': 0.001}}  x
  robot_config           = {'control_type': 'ee', 'block_gripper': False, 'base_position': [-0.6, 0.0, 0.05]}  x
  current_task           = ABORT                  x
  active_target_name     = target                 x
  action                 = [0.0000, 0.0000, 0.0000, 1.0000]  x
  joint_angles           = [0.0003, 0.2165, -0.0007, -1.8480, 0.0002, 2.0645, 0.7850]  x
  joint_velocities       = [0.0000, -0.0000, -0.0000, -0.0000, 0.0000, 0.0000, -0.0000]  x
  cube_rotation          = [0.0000, -0.0000, 0.0005]  x
  cube_linear_velocity   = [-0.0000, 0.0000, -0.0000]  x
  obstacle_positions     = {}                     x
[step= 177 01:13:33.452][Analyzer] ASM node=safe_abort  goal_status=not_applicable
[step= 178 01:13:34.571][Manager] ep=1 subtask= reward=-0.4002
[step= 178 01:13:34.571][Manager][MOCK] finger_contacts forçado para 1 (grasp_attempts=3)
[step= 178 01:13:34.571][Perception]
  RAW PERCEPTION                                  MONITORED PARAMS
  ----------------------------------------------  --------------------------------------
  fingers_width         = 0.0800 m                gripper_width_cm      = 7 cm
  dist_ee_to_cube       = 0.3939 m                distance_ee_object_cm = 39 cm
  dist_cube_to_target   = 0.4002 m  (3D)          distance_obj_goal_cm  = 40 cm  (XY)
  cube_position (z)     = 0.0100 m                object_lift_height_cm = 0 cm
  cube_position (xy)    = [-0.250, 0.000]         grasp_completed       = 0
  target_position (xy)  = [0.150, 0.000]          finger_contacts       = 1
  x                                               grasp_attempts        = 3
  episode                = 1                      x
  step                   = 178                    x
  ee_position            = [0.0137, -0.0002, 0.3026]  x
  ee_velocity            = [-0.0000, -0.0000, -0.0000]  x
  reward                 = -0.4002                x
  is_success             = False                  x
  obstacle_in_path       = False                  x
  obstacle_count_in_path = 0                      x
  obstacles              = {}                     x
  objects                = {'object_1': {'type': 'box', 'size': [0.045, 0.03, 0.02], 'mass': 10.0, 'color': [0.1, 0.2, 0.9, 1.0], 'initial_position': [-0.25, 0.0, 0.02], 'lateral_friction': 0.5, 'spinning_friction': 0.001, 'current_position': [-0.2500247945018459, 3.995629506408719e-05, 0.009990043025001774]}}  x
  scripts                = {'script_1': True, 'reach_only': True, 'left_right': True}  x
  target_goal            = {'type': 'goal_sequence', 'targets': [{'name': 'target', 'position': [0.15000000596046448, 0.0, 0.019999999552965164]}], 'mode': 'goal_sequence'}  x
  scene                  = {'table': {'length': 1.1, 'width': 0.7, 'height': 0.4, 'x_offset': -0.3, 'lateral_friction': 3.0, 'spinning_friction': 0.001}}  x
  robot_config           = {'control_type': 'ee', 'block_gripper': False, 'base_position': [-0.6, 0.0, 0.05]}  x
  current_task           = ABORT                  x
  active_target_name     = target                 x
  action                 = [0.0000, 0.0000, 0.0000, 1.0000]  x
  joint_angles           = [0.0003, 0.2165, -0.0007, -1.8480, 0.0002, 2.0645, 0.7850]  x
  joint_velocities       = [0.0000, -0.0000, -0.0000, -0.0000, 0.0000, 0.0000, -0.0000]  x
  cube_rotation          = [0.0000, -0.0000, 0.0005]  x
  cube_linear_velocity   = [-0.0000, 0.0000, -0.0000]  x
  obstacle_positions     = {}                     x
[step= 178 01:13:34.573][Analyzer] ASM node=safe_abort  goal_status=not_applicable
[step= 179 01:13:35.717][Manager] ep=1 subtask= reward=-0.4002
[step= 179 01:13:35.718][Manager][MOCK] finger_contacts forçado para 1 (grasp_attempts=3)
[step= 179 01:13:35.718][Perception]
  RAW PERCEPTION                                  MONITORED PARAMS
  ----------------------------------------------  --------------------------------------
  fingers_width         = 0.0800 m                gripper_width_cm      = 7 cm
  dist_ee_to_cube       = 0.3939 m                distance_ee_object_cm = 39 cm
  dist_cube_to_target   = 0.4002 m  (3D)          distance_obj_goal_cm  = 40 cm  (XY)
  cube_position (z)     = 0.0100 m                object_lift_height_cm = 0 cm
  cube_position (xy)    = [-0.250, 0.000]         grasp_completed       = 0
  target_position (xy)  = [0.150, 0.000]          finger_contacts       = 1
  x                                               grasp_attempts        = 3
  episode                = 1                      x
  step                   = 179                    x
  ee_position            = [0.0137, -0.0002, 0.3026]  x
  ee_velocity            = [-0.0000, -0.0000, -0.0000]  x
  reward                 = -0.4002                x
  is_success             = False                  x
  obstacle_in_path       = False                  x
  obstacle_count_in_path = 0                      x
  obstacles              = {}                     x
  objects                = {'object_1': {'type': 'box', 'size': [0.045, 0.03, 0.02], 'mass': 10.0, 'color': [0.1, 0.2, 0.9, 1.0], 'initial_position': [-0.25, 0.0, 0.02], 'lateral_friction': 0.5, 'spinning_friction': 0.001, 'current_position': [-0.25002498029041825, 4.0255755970476255e-05, 0.009990043024868342]}}  x
  scripts                = {'script_1': True, 'reach_only': True, 'left_right': True}  x
  target_goal            = {'type': 'goal_sequence', 'targets': [{'name': 'target', 'position': [0.15000000596046448, 0.0, 0.019999999552965164]}], 'mode': 'goal_sequence'}  x
  scene                  = {'table': {'length': 1.1, 'width': 0.7, 'height': 0.4, 'x_offset': -0.3, 'lateral_friction': 3.0, 'spinning_friction': 0.001}}  x
  robot_config           = {'control_type': 'ee', 'block_gripper': False, 'base_position': [-0.6, 0.0, 0.05]}  x
  current_task           = ABORT                  x
  active_target_name     = target                 x
  action                 = [0.0000, 0.0000, 0.0000, 1.0000]  x
  joint_angles           = [0.0003, 0.2165, -0.0007, -1.8480, 0.0002, 2.0645, 0.7850]  x
  joint_velocities       = [0.0000, -0.0000, -0.0000, -0.0000, 0.0000, 0.0000, -0.0000]  x
  cube_rotation          = [0.0000, -0.0000, 0.0005]  x
  cube_linear_velocity   = [-0.0000, 0.0000, -0.0000]  x
  obstacle_positions     = {}                     x
[step= 179 01:13:35.720][Analyzer] ASM node=safe_abort  goal_status=not_applicable
[step= 180 01:13:36.864][Manager] ep=1 subtask= reward=-0.4002
[step= 180 01:13:36.865][Manager][MOCK] finger_contacts forçado para 1 (grasp_attempts=3)
[step= 180 01:13:36.865][Perception]
  RAW PERCEPTION                                  MONITORED PARAMS
  ----------------------------------------------  --------------------------------------
  fingers_width         = 0.0800 m                gripper_width_cm      = 7 cm
  dist_ee_to_cube       = 0.3939 m                distance_ee_object_cm = 39 cm
  dist_cube_to_target   = 0.4002 m  (3D)          distance_obj_goal_cm  = 40 cm  (XY)
  cube_position (z)     = 0.0100 m                object_lift_height_cm = 0 cm
  cube_position (xy)    = [-0.250, 0.000]         grasp_completed       = 0
  target_position (xy)  = [0.150, 0.000]          finger_contacts       = 1
  x                                               grasp_attempts        = 3
  episode                = 1                      x
  step                   = 180                    x
  ee_position            = [0.0137, -0.0002, 0.3026]  x
  ee_velocity            = [-0.0000, -0.0000, -0.0000]  x
  reward                 = -0.4002                x
  is_success             = False                  x
  obstacle_in_path       = False                  x
  obstacle_count_in_path = 0                      x
  obstacles              = {}                     x
  objects                = {'object_1': {'type': 'box', 'size': [0.045, 0.03, 0.02], 'mass': 10.0, 'color': [0.1, 0.2, 0.9, 1.0], 'initial_position': [-0.25, 0.0, 0.02], 'lateral_friction': 0.5, 'spinning_friction': 0.001, 'current_position': [-0.25002516608220343, 4.055521404453714e-05, 0.0099900430247349]}}  x
  scripts                = {'script_1': True, 'reach_only': True, 'left_right': True}  x
  target_goal            = {'type': 'goal_sequence', 'targets': [{'name': 'target', 'position': [0.15000000596046448, 0.0, 0.019999999552965164]}], 'mode': 'goal_sequence'}  x
  scene                  = {'table': {'length': 1.1, 'width': 0.7, 'height': 0.4, 'x_offset': -0.3, 'lateral_friction': 3.0, 'spinning_friction': 0.001}}  x
  robot_config           = {'control_type': 'ee', 'block_gripper': False, 'base_position': [-0.6, 0.0, 0.05]}  x
  current_task           = ABORT                  x
  active_target_name     = target                 x
  action                 = [0.0000, 0.0000, 0.0000, 1.0000]  x
  joint_angles           = [0.0004, 0.2165, -0.0007, -1.8480, 0.0002, 2.0645, 0.7850]  x
  joint_velocities       = [0.0000, -0.0000, -0.0000, -0.0000, 0.0000, 0.0000, -0.0000]  x
  cube_rotation          = [0.0000, -0.0000, 0.0005]  x
  cube_linear_velocity   = [-0.0000, 0.0000, -0.0000]  x
  obstacle_positions     = {}                     x
[step= 180 01:13:36.868][Analyzer] ASM node=safe_abort  goal_status=not_applicable
[step= 181 01:13:38.037][Manager] ep=1 subtask= reward=-0.4002
[step= 181 01:13:38.037][Manager][MOCK] finger_contacts forçado para 1 (grasp_attempts=3)
[step= 181 01:13:38.038][Perception]
  RAW PERCEPTION                                  MONITORED PARAMS
  ----------------------------------------------  --------------------------------------
  fingers_width         = 0.0800 m                gripper_width_cm      = 7 cm
  dist_ee_to_cube       = 0.3939 m                distance_ee_object_cm = 39 cm
  dist_cube_to_target   = 0.4002 m  (3D)          distance_obj_goal_cm  = 40 cm  (XY)
  cube_position (z)     = 0.0100 m                object_lift_height_cm = 0 cm
  cube_position (xy)    = [-0.250, 0.000]         grasp_completed       = 0
  target_position (xy)  = [0.150, 0.000]          finger_contacts       = 1
  x                                               grasp_attempts        = 3
  episode                = 1                      x
  step                   = 181                    x
  ee_position            = [0.0137, -0.0002, 0.3026]  x
  ee_velocity            = [-0.0000, -0.0000, -0.0000]  x
  reward                 = -0.4002                x
  is_success             = False                  x
  obstacle_in_path       = False                  x
  obstacle_count_in_path = 0                      x
  obstacles              = {}                     x
  objects                = {'object_1': {'type': 'box', 'size': [0.045, 0.03, 0.02], 'mass': 10.0, 'color': [0.1, 0.2, 0.9, 1.0], 'initial_position': [-0.25, 0.0, 0.02], 'lateral_friction': 0.5, 'spinning_friction': 0.001, 'current_position': [-0.2500253518772019, 4.0854669285992796e-05, 0.009990043024601446]}}  x
  scripts                = {'script_1': True, 'reach_only': True, 'left_right': True}  x
  target_goal            = {'type': 'goal_sequence', 'targets': [{'name': 'target', 'position': [0.15000000596046448, 0.0, 0.019999999552965164]}], 'mode': 'goal_sequence'}  x
  scene                  = {'table': {'length': 1.1, 'width': 0.7, 'height': 0.4, 'x_offset': -0.3, 'lateral_friction': 3.0, 'spinning_friction': 0.001}}  x
  robot_config           = {'control_type': 'ee', 'block_gripper': False, 'base_position': [-0.6, 0.0, 0.05]}  x
  current_task           = ABORT                  x
  active_target_name     = target                 x
  action                 = [0.0000, 0.0000, 0.0000, 1.0000]  x
  joint_angles           = [0.0004, 0.2165, -0.0007, -1.8480, 0.0002, 2.0645, 0.7849]  x
  joint_velocities       = [0.0000, -0.0000, -0.0000, -0.0000, 0.0000, 0.0000, -0.0000]  x
  cube_rotation          = [0.0000, -0.0000, 0.0005]  x
  cube_linear_velocity   = [-0.0000, 0.0000, -0.0000]  x
  obstacle_positions     = {}                     x
[step= 181 01:13:38.040][Analyzer] ASM node=safe_abort  goal_status=not_applicable
[step= 182 01:13:39.158][Manager] ep=1 subtask= reward=-0.4002
[step= 182 01:13:39.158][Manager][MOCK] finger_contacts forçado para 1 (grasp_attempts=3)
[step= 182 01:13:39.158][Perception]
  RAW PERCEPTION                                  MONITORED PARAMS
  ----------------------------------------------  --------------------------------------
  fingers_width         = 0.0800 m                gripper_width_cm      = 7 cm
  dist_ee_to_cube       = 0.3939 m                distance_ee_object_cm = 39 cm
  dist_cube_to_target   = 0.4002 m  (3D)          distance_obj_goal_cm  = 40 cm  (XY)
  cube_position (z)     = 0.0100 m                object_lift_height_cm = 0 cm
  cube_position (xy)    = [-0.250, 0.000]         grasp_completed       = 0
  target_position (xy)  = [0.150, 0.000]          finger_contacts       = 1
  x                                               grasp_attempts        = 3
  episode                = 1                      x
  step                   = 182                    x
  ee_position            = [0.0137, -0.0002, 0.3026]  x
  ee_velocity            = [-0.0000, -0.0000, -0.0000]  x
  reward                 = -0.4002                x
  is_success             = False                  x
  obstacle_in_path       = False                  x
  obstacle_count_in_path = 0                      x
  obstacles              = {}                     x
  objects                = {'object_1': {'type': 'box', 'size': [0.045, 0.03, 0.02], 'mass': 10.0, 'color': [0.1, 0.2, 0.9, 1.0], 'initial_position': [-0.25, 0.0, 0.02], 'lateral_friction': 0.5, 'spinning_friction': 0.001, 'current_position': [-0.25002553767541374, 4.115412169450903e-05, 0.009990043024467953]}}  x
  scripts                = {'script_1': True, 'reach_only': True, 'left_right': True}  x
  target_goal            = {'type': 'goal_sequence', 'targets': [{'name': 'target', 'position': [0.15000000596046448, 0.0, 0.019999999552965164]}], 'mode': 'goal_sequence'}  x
  scene                  = {'table': {'length': 1.1, 'width': 0.7, 'height': 0.4, 'x_offset': -0.3, 'lateral_friction': 3.0, 'spinning_friction': 0.001}}  x
  robot_config           = {'control_type': 'ee', 'block_gripper': False, 'base_position': [-0.6, 0.0, 0.05]}  x
  current_task           = ABORT                  x
  active_target_name     = target                 x
  action                 = [0.0000, 0.0000, 0.0000, 1.0000]  x
  joint_angles           = [0.0004, 0.2165, -0.0008, -1.8480, 0.0002, 2.0645, 0.7849]  x
  joint_velocities       = [0.0000, -0.0000, -0.0000, -0.0000, 0.0000, 0.0000, -0.0000]  x
  cube_rotation          = [0.0000, -0.0000, 0.0005]  x
  cube_linear_velocity   = [-0.0000, 0.0000, -0.0000]  x
  obstacle_positions     = {}                     x
[step= 182 01:13:39.160][Analyzer] ASM node=safe_abort  goal_status=not_applicable
[step= 183 01:13:40.305][Manager] ep=1 subtask= reward=-0.4002
[step= 183 01:13:40.305][Manager][MOCK] finger_contacts forçado para 1 (grasp_attempts=3)
[step= 183 01:13:40.305][Perception]
  RAW PERCEPTION                                  MONITORED PARAMS
  ----------------------------------------------  --------------------------------------
  fingers_width         = 0.0800 m                gripper_width_cm      = 7 cm
  dist_ee_to_cube       = 0.3939 m                distance_ee_object_cm = 39 cm
  dist_cube_to_target   = 0.4002 m  (3D)          distance_obj_goal_cm  = 40 cm  (XY)
  cube_position (z)     = 0.0100 m                object_lift_height_cm = 0 cm
  cube_position (xy)    = [-0.250, 0.000]         grasp_completed       = 0
  target_position (xy)  = [0.150, 0.000]          finger_contacts       = 1
  x                                               grasp_attempts        = 3
  episode                = 1                      x
  step                   = 183                    x
  ee_position            = [0.0137, -0.0002, 0.3026]  x
  ee_velocity            = [-0.0000, -0.0000, -0.0000]  x
  reward                 = -0.4002                x
  is_success             = False                  x
  obstacle_in_path       = False                  x
  obstacle_count_in_path = 0                      x
  obstacles              = {}                     x
  objects                = {'object_1': {'type': 'box', 'size': [0.045, 0.03, 0.02], 'mass': 10.0, 'color': [0.1, 0.2, 0.9, 1.0], 'initial_position': [-0.25, 0.0, 0.02], 'lateral_friction': 0.5, 'spinning_friction': 0.001, 'current_position': [-0.2500257234768392, 4.145357126979946e-05, 0.00999004302433447]}}  x
  scripts                = {'script_1': True, 'reach_only': True, 'left_right': True}  x
  target_goal            = {'type': 'goal_sequence', 'targets': [{'name': 'target', 'position': [0.15000000596046448, 0.0, 0.019999999552965164]}], 'mode': 'goal_sequence'}  x
  scene                  = {'table': {'length': 1.1, 'width': 0.7, 'height': 0.4, 'x_offset': -0.3, 'lateral_friction': 3.0, 'spinning_friction': 0.001}}  x
  robot_config           = {'control_type': 'ee', 'block_gripper': False, 'base_position': [-0.6, 0.0, 0.05]}  x
  current_task           = ABORT                  x
  active_target_name     = target                 x
  action                 = [0.0000, 0.0000, 0.0000, 1.0000]  x
  joint_angles           = [0.0004, 0.2165, -0.0008, -1.8480, 0.0002, 2.0645, 0.7849]  x
  joint_velocities       = [0.0000, -0.0000, -0.0000, -0.0000, 0.0000, 0.0000, -0.0000]  x
  cube_rotation          = [0.0000, -0.0000, 0.0005]  x
  cube_linear_velocity   = [-0.0000, 0.0000, -0.0000]  x
  obstacle_positions     = {}                     x
[step= 183 01:13:40.308][Analyzer] ASM node=safe_abort  goal_status=not_applicable
[step= 184 01:13:41.477][Manager] ep=1 subtask= reward=-0.4002
[step= 184 01:13:41.478][Manager][MOCK] finger_contacts forçado para 1 (grasp_attempts=3)
[step= 184 01:13:41.478][Perception]
  RAW PERCEPTION                                  MONITORED PARAMS
  ----------------------------------------------  --------------------------------------
  fingers_width         = 0.0800 m                gripper_width_cm      = 7 cm
  dist_ee_to_cube       = 0.3939 m                distance_ee_object_cm = 39 cm
  dist_cube_to_target   = 0.4002 m  (3D)          distance_obj_goal_cm  = 40 cm  (XY)
  cube_position (z)     = 0.0100 m                object_lift_height_cm = 0 cm
  cube_position (xy)    = [-0.250, 0.000]         grasp_completed       = 0
  target_position (xy)  = [0.150, 0.000]          finger_contacts       = 1
  x                                               grasp_attempts        = 3
  episode                = 1                      x
  step                   = 184                    x
  ee_position            = [0.0137, -0.0002, 0.3026]  x
  ee_velocity            = [-0.0000, -0.0000, -0.0000]  x
  reward                 = -0.4002                x
  is_success             = False                  x
  obstacle_in_path       = False                  x
  obstacle_count_in_path = 0                      x
  obstacles              = {}                     x
  objects                = {'object_1': {'type': 'box', 'size': [0.045, 0.03, 0.02], 'mass': 10.0, 'color': [0.1, 0.2, 0.9, 1.0], 'initial_position': [-0.25, 0.0, 0.02], 'lateral_friction': 0.5, 'spinning_friction': 0.001, 'current_position': [-0.25002590928147855, 4.175301801155838e-05, 0.00999004302420097]}}  x
  scripts                = {'script_1': True, 'reach_only': True, 'left_right': True}  x
  target_goal            = {'type': 'goal_sequence', 'targets': [{'name': 'target', 'position': [0.15000000596046448, 0.0, 0.019999999552965164]}], 'mode': 'goal_sequence'}  x
  scene                  = {'table': {'length': 1.1, 'width': 0.7, 'height': 0.4, 'x_offset': -0.3, 'lateral_friction': 3.0, 'spinning_friction': 0.001}}  x
  robot_config           = {'control_type': 'ee', 'block_gripper': False, 'base_position': [-0.6, 0.0, 0.05]}  x
  current_task           = ABORT                  x
  active_target_name     = target                 x
  action                 = [0.0000, 0.0000, 0.0000, 1.0000]  x
  joint_angles           = [0.0004, 0.2165, -0.0008, -1.8480, 0.0002, 2.0645, 0.7849]  x
  joint_velocities       = [0.0000, -0.0000, -0.0000, -0.0000, 0.0000, 0.0000, -0.0000]  x
  cube_rotation          = [0.0000, -0.0000, 0.0005]  x
  cube_linear_velocity   = [-0.0000, 0.0000, -0.0000]  x
  obstacle_positions     = {}                     x
[step= 184 01:13:41.480][Analyzer] ASM node=safe_abort  goal_status=not_applicable
[step= 185 01:13:42.599][Manager] ep=1 subtask= reward=-0.4002
[step= 185 01:13:42.599][Manager][MOCK] finger_contacts forçado para 1 (grasp_attempts=3)
[step= 185 01:13:42.599][Perception]
  RAW PERCEPTION                                  MONITORED PARAMS
  ----------------------------------------------  --------------------------------------
  fingers_width         = 0.0800 m                gripper_width_cm      = 7 cm
  dist_ee_to_cube       = 0.3939 m                distance_ee_object_cm = 39 cm
  dist_cube_to_target   = 0.4002 m  (3D)          distance_obj_goal_cm  = 40 cm  (XY)
  cube_position (z)     = 0.0100 m                object_lift_height_cm = 0 cm
  cube_position (xy)    = [-0.250, 0.000]         grasp_completed       = 0
  target_position (xy)  = [0.150, 0.000]          finger_contacts       = 1
  x                                               grasp_attempts        = 3
  episode                = 1                      x
  step                   = 185                    x
  ee_position            = [0.0137, -0.0002, 0.3026]  x
  ee_velocity            = [-0.0000, -0.0000, -0.0000]  x
  reward                 = -0.4002                x
  is_success             = False                  x
  obstacle_in_path       = False                  x
  obstacle_count_in_path = 0                      x
  obstacles              = {}                     x
  objects                = {'object_1': {'type': 'box', 'size': [0.045, 0.03, 0.02], 'mass': 10.0, 'color': [0.1, 0.2, 0.9, 1.0], 'initial_position': [-0.25, 0.0, 0.02], 'lateral_friction': 0.5, 'spinning_friction': 0.001, 'current_position': [-0.25002609508933193, 4.205246191945309e-05, 0.009990043024067485]}}  x
  scripts                = {'script_1': True, 'reach_only': True, 'left_right': True}  x
  target_goal            = {'type': 'goal_sequence', 'targets': [{'name': 'target', 'position': [0.15000000596046448, 0.0, 0.019999999552965164]}], 'mode': 'goal_sequence'}  x
  scene                  = {'table': {'length': 1.1, 'width': 0.7, 'height': 0.4, 'x_offset': -0.3, 'lateral_friction': 3.0, 'spinning_friction': 0.001}}  x
  robot_config           = {'control_type': 'ee', 'block_gripper': False, 'base_position': [-0.6, 0.0, 0.05]}  x
  current_task           = ABORT                  x
  active_target_name     = target                 x
  action                 = [0.0000, 0.0000, 0.0000, 1.0000]  x
  joint_angles           = [0.0004, 0.2165, -0.0008, -1.8480, 0.0002, 2.0645, 0.7849]  x
  joint_velocities       = [0.0000, -0.0000, -0.0000, -0.0000, 0.0000, 0.0000, -0.0000]  x
  cube_rotation          = [0.0000, -0.0000, 0.0005]  x
  cube_linear_velocity   = [-0.0000, 0.0000, -0.0000]  x
  obstacle_positions     = {}                     x
[step= 185 01:13:42.601][Analyzer] ASM node=safe_abort  goal_status=not_applicable
[step= 186 01:13:43.758][Manager] ep=1 subtask= reward=-0.4002
[step= 186 01:13:43.758][Manager][MOCK] finger_contacts forçado para 1 (grasp_attempts=3)
[step= 186 01:13:43.758][Perception]
  RAW PERCEPTION                                  MONITORED PARAMS
  ----------------------------------------------  --------------------------------------
  fingers_width         = 0.0800 m                gripper_width_cm      = 7 cm
  dist_ee_to_cube       = 0.3939 m                distance_ee_object_cm = 39 cm
  dist_cube_to_target   = 0.4002 m  (3D)          distance_obj_goal_cm  = 40 cm  (XY)
  cube_position (z)     = 0.0100 m                object_lift_height_cm = 0 cm
  cube_position (xy)    = [-0.250, 0.000]         grasp_completed       = 0
  target_position (xy)  = [0.150, 0.000]          finger_contacts       = 1
  x                                               grasp_attempts        = 3
  episode                = 1                      x
  step                   = 186                    x
  ee_position            = [0.0137, -0.0002, 0.3026]  x
  ee_velocity            = [-0.0000, -0.0000, -0.0000]  x
  reward                 = -0.4002                x
  is_success             = False                  x
  obstacle_in_path       = False                  x
  obstacle_count_in_path = 0                      x
  obstacles              = {}                     x
  objects                = {'object_1': {'type': 'box', 'size': [0.045, 0.03, 0.02], 'mass': 10.0, 'color': [0.1, 0.2, 0.9, 1.0], 'initial_position': [-0.25, 0.0, 0.02], 'lateral_friction': 0.5, 'spinning_friction': 0.001, 'current_position': [-0.2500262809003996, 4.2351902993211104e-05, 0.009990043023933973]}}  x
  scripts                = {'script_1': True, 'reach_only': True, 'left_right': True}  x
  target_goal            = {'type': 'goal_sequence', 'targets': [{'name': 'target', 'position': [0.15000000596046448, 0.0, 0.019999999552965164]}], 'mode': 'goal_sequence'}  x
  scene                  = {'table': {'length': 1.1, 'width': 0.7, 'height': 0.4, 'x_offset': -0.3, 'lateral_friction': 3.0, 'spinning_friction': 0.001}}  x
  robot_config           = {'control_type': 'ee', 'block_gripper': False, 'base_position': [-0.6, 0.0, 0.05]}  x
  current_task           = ABORT                  x
  active_target_name     = target                 x
  action                 = [0.0000, 0.0000, 0.0000, 1.0000]  x
  joint_angles           = [0.0004, 0.2165, -0.0008, -1.8480, 0.0002, 2.0645, 0.7849]  x
  joint_velocities       = [0.0000, -0.0000, -0.0000, -0.0000, 0.0000, 0.0000, -0.0000]  x
  cube_rotation          = [0.0000, -0.0000, 0.0005]  x
  cube_linear_velocity   = [-0.0000, 0.0000, -0.0000]  x
  obstacle_positions     = {}                     x
[step= 186 01:13:43.761][Analyzer] ASM node=safe_abort  goal_status=not_applicable
[step= 187 01:13:44.904][Manager] ep=1 subtask= reward=-0.4002
[step= 187 01:13:44.905][Manager][MOCK] finger_contacts forçado para 1 (grasp_attempts=3)
[step= 187 01:13:44.905][Perception]
  RAW PERCEPTION                                  MONITORED PARAMS
  ----------------------------------------------  --------------------------------------
  fingers_width         = 0.0800 m                gripper_width_cm      = 7 cm
  dist_ee_to_cube       = 0.3939 m                distance_ee_object_cm = 39 cm
  dist_cube_to_target   = 0.4002 m  (3D)          distance_obj_goal_cm  = 40 cm  (XY)
  cube_position (z)     = 0.0100 m                object_lift_height_cm = 0 cm
  cube_position (xy)    = [-0.250, 0.000]         grasp_completed       = 0
  target_position (xy)  = [0.150, 0.000]          finger_contacts       = 1
  x                                               grasp_attempts        = 3
  episode                = 1                      x
  step                   = 187                    x
  ee_position            = [0.0137, -0.0002, 0.3026]  x
  ee_velocity            = [-0.0000, -0.0000, -0.0000]  x
  reward                 = -0.4002                x
  is_success             = False                  x
  obstacle_in_path       = False                  x
  obstacle_count_in_path = 0                      x
  obstacles              = {}                     x
  objects                = {'object_1': {'type': 'box', 'size': [0.045, 0.03, 0.02], 'mass': 10.0, 'color': [0.1, 0.2, 0.9, 1.0], 'initial_position': [-0.25, 0.0, 0.02], 'lateral_friction': 0.5, 'spinning_friction': 0.001, 'current_position': [-0.2500264667146817, 4.265134123249467e-05, 0.009990043023800466]}}  x
  scripts                = {'script_1': True, 'reach_only': True, 'left_right': True}  x
  target_goal            = {'type': 'goal_sequence', 'targets': [{'name': 'target', 'position': [0.15000000596046448, 0.0, 0.019999999552965164]}], 'mode': 'goal_sequence'}  x
  scene                  = {'table': {'length': 1.1, 'width': 0.7, 'height': 0.4, 'x_offset': -0.3, 'lateral_friction': 3.0, 'spinning_friction': 0.001}}  x
  robot_config           = {'control_type': 'ee', 'block_gripper': False, 'base_position': [-0.6, 0.0, 0.05]}  x
  current_task           = ABORT                  x
  active_target_name     = target                 x
  action                 = [0.0000, 0.0000, 0.0000, 1.0000]  x
  joint_angles           = [0.0004, 0.2165, -0.0008, -1.8480, 0.0002, 2.0645, 0.7849]  x
  joint_velocities       = [0.0000, -0.0000, -0.0000, -0.0000, 0.0000, 0.0000, -0.0000]  x
  cube_rotation          = [0.0000, -0.0000, 0.0005]  x
  cube_linear_velocity   = [-0.0000, 0.0000, -0.0000]  x
  obstacle_positions     = {}                     x
[step= 187 01:13:44.907][Analyzer] ASM node=safe_abort  goal_status=not_applicable
[step= 188 01:13:46.038][Manager] ep=1 subtask= reward=-0.4002
[step= 188 01:13:46.039][Manager][MOCK] finger_contacts forçado para 1 (grasp_attempts=3)
[step= 188 01:13:46.039][Perception]
  RAW PERCEPTION                                  MONITORED PARAMS
  ----------------------------------------------  --------------------------------------
  fingers_width         = 0.0800 m                gripper_width_cm      = 7 cm
  dist_ee_to_cube       = 0.3939 m                distance_ee_object_cm = 39 cm
  dist_cube_to_target   = 0.4002 m  (3D)          distance_obj_goal_cm  = 40 cm  (XY)
  cube_position (z)     = 0.0100 m                object_lift_height_cm = 0 cm
  cube_position (xy)    = [-0.250, 0.000]         grasp_completed       = 0
  target_position (xy)  = [0.150, 0.000]          finger_contacts       = 1
  x                                               grasp_attempts        = 3
  episode                = 1                      x
  step                   = 188                    x
  ee_position            = [0.0137, -0.0002, 0.3026]  x
  ee_velocity            = [-0.0000, -0.0000, -0.0000]  x
  reward                 = -0.4002                x
  is_success             = False                  x
  obstacle_in_path       = False                  x
  obstacle_count_in_path = 0                      x
  obstacles              = {}                     x
  objects                = {'object_1': {'type': 'box', 'size': [0.045, 0.03, 0.02], 'mass': 10.0, 'color': [0.1, 0.2, 0.9, 1.0], 'initial_position': [-0.25, 0.0, 0.02], 'lateral_friction': 0.5, 'spinning_friction': 0.001, 'current_position': [-0.2500266525321784, 4.2950776637012215e-05, 0.009990043023666918]}}  x
  scripts                = {'script_1': True, 'reach_only': True, 'left_right': True}  x
  target_goal            = {'type': 'goal_sequence', 'targets': [{'name': 'target', 'position': [0.15000000596046448, 0.0, 0.019999999552965164]}], 'mode': 'goal_sequence'}  x
  scene                  = {'table': {'length': 1.1, 'width': 0.7, 'height': 0.4, 'x_offset': -0.3, 'lateral_friction': 3.0, 'spinning_friction': 0.001}}  x
  robot_config           = {'control_type': 'ee', 'block_gripper': False, 'base_position': [-0.6, 0.0, 0.05]}  x
  current_task           = ABORT                  x
  active_target_name     = target                 x
  action                 = [0.0000, 0.0000, 0.0000, 1.0000]  x
  joint_angles           = [0.0004, 0.2165, -0.0008, -1.8480, 0.0002, 2.0645, 0.7849]  x
  joint_velocities       = [0.0000, -0.0000, -0.0000, -0.0000, 0.0000, 0.0000, -0.0000]  x
  cube_rotation          = [0.0000, -0.0000, 0.0005]  x
  cube_linear_velocity   = [-0.0000, 0.0000, -0.0000]  x
  obstacle_positions     = {}                     x
[step= 188 01:13:46.041][Analyzer] ASM node=safe_abort  goal_status=not_applicable
[step= 189 01:13:47.185][Manager] ep=1 subtask= reward=-0.4002
[step= 189 01:13:47.186][Manager][MOCK] finger_contacts forçado para 1 (grasp_attempts=3)
[step= 189 01:13:47.186][Perception]
  RAW PERCEPTION                                  MONITORED PARAMS
  ----------------------------------------------  --------------------------------------
  fingers_width         = 0.0800 m                gripper_width_cm      = 7 cm
  dist_ee_to_cube       = 0.3939 m                distance_ee_object_cm = 39 cm
  dist_cube_to_target   = 0.4002 m  (3D)          distance_obj_goal_cm  = 40 cm  (XY)
  cube_position (z)     = 0.0100 m                object_lift_height_cm = 0 cm
  cube_position (xy)    = [-0.250, 0.000]         grasp_completed       = 0
  target_position (xy)  = [0.150, 0.000]          finger_contacts       = 1
  x                                               grasp_attempts        = 3
  episode                = 1                      x
  step                   = 189                    x
  ee_position            = [0.0137, -0.0002, 0.3026]  x
  ee_velocity            = [-0.0000, -0.0000, -0.0000]  x
  reward                 = -0.4002                x
  is_success             = False                  x
  obstacle_in_path       = False                  x
  obstacle_count_in_path = 0                      x
  obstacles              = {}                     x
  objects                = {'object_1': {'type': 'box', 'size': [0.045, 0.03, 0.02], 'mass': 10.0, 'color': [0.1, 0.2, 0.9, 1.0], 'initial_position': [-0.25, 0.0, 0.02], 'lateral_friction': 0.5, 'spinning_friction': 0.001, 'current_position': [-0.2500268383528899, 4.325020920645256e-05, 0.009990043023533393]}}  x
  scripts                = {'script_1': True, 'reach_only': True, 'left_right': True}  x
  target_goal            = {'type': 'goal_sequence', 'targets': [{'name': 'target', 'position': [0.15000000596046448, 0.0, 0.019999999552965164]}], 'mode': 'goal_sequence'}  x
  scene                  = {'table': {'length': 1.1, 'width': 0.7, 'height': 0.4, 'x_offset': -0.3, 'lateral_friction': 3.0, 'spinning_friction': 0.001}}  x
  robot_config           = {'control_type': 'ee', 'block_gripper': False, 'base_position': [-0.6, 0.0, 0.05]}  x
  current_task           = ABORT                  x
  active_target_name     = target                 x
  action                 = [0.0000, 0.0000, 0.0000, 1.0000]  x
  joint_angles           = [0.0004, 0.2165, -0.0008, -1.8480, 0.0002, 2.0645, 0.7849]  x
  joint_velocities       = [0.0000, -0.0000, -0.0000, -0.0000, 0.0000, 0.0000, -0.0000]  x
  cube_rotation          = [0.0000, -0.0000, 0.0005]  x
  cube_linear_velocity   = [-0.0000, 0.0000, -0.0000]  x
  obstacle_positions     = {}                     x
[step= 189 01:13:47.188][Analyzer] ASM node=safe_abort  goal_status=not_applicable
[step= 190 01:13:48.371][Manager] ep=1 subtask= reward=-0.4002
[step= 190 01:13:48.372][Manager][MOCK] finger_contacts forçado para 1 (grasp_attempts=3)
[step= 190 01:13:48.372][Perception]
  RAW PERCEPTION                                  MONITORED PARAMS
  ----------------------------------------------  --------------------------------------
  fingers_width         = 0.0800 m                gripper_width_cm      = 7 cm
  dist_ee_to_cube       = 0.3939 m                distance_ee_object_cm = 39 cm
  dist_cube_to_target   = 0.4002 m  (3D)          distance_obj_goal_cm  = 40 cm  (XY)
  cube_position (z)     = 0.0100 m                object_lift_height_cm = 0 cm
  cube_position (xy)    = [-0.250, 0.000]         grasp_completed       = 0
  target_position (xy)  = [0.150, 0.000]          finger_contacts       = 1
  x                                               grasp_attempts        = 3
  episode                = 1                      x
  step                   = 190                    x
  ee_position            = [0.0137, -0.0002, 0.3026]  x
  ee_velocity            = [-0.0000, -0.0000, -0.0000]  x
  reward                 = -0.4002                x
  is_success             = False                  x
  obstacle_in_path       = False                  x
  obstacle_count_in_path = 0                      x
  obstacles              = {}                     x
  objects                = {'object_1': {'type': 'box', 'size': [0.045, 0.03, 0.02], 'mass': 10.0, 'color': [0.1, 0.2, 0.9, 1.0], 'initial_position': [-0.25, 0.0, 0.02], 'lateral_friction': 0.5, 'spinning_friction': 0.001, 'current_position': [-0.25002702417681666, 4.35496389404968e-05, 0.009990043023399836]}}  x
  scripts                = {'script_1': True, 'reach_only': True, 'left_right': True}  x
  target_goal            = {'type': 'goal_sequence', 'targets': [{'name': 'target', 'position': [0.15000000596046448, 0.0, 0.019999999552965164]}], 'mode': 'goal_sequence'}  x
  scene                  = {'table': {'length': 1.1, 'width': 0.7, 'height': 0.4, 'x_offset': -0.3, 'lateral_friction': 3.0, 'spinning_friction': 0.001}}  x
  robot_config           = {'control_type': 'ee', 'block_gripper': False, 'base_position': [-0.6, 0.0, 0.05]}  x
  current_task           = ABORT                  x
  active_target_name     = target                 x
  action                 = [0.0000, 0.0000, 0.0000, 1.0000]  x
  joint_angles           = [0.0004, 0.2165, -0.0008, -1.8480, 0.0002, 2.0645, 0.7849]  x
  joint_velocities       = [0.0000, -0.0000, -0.0000, -0.0000, 0.0000, 0.0000, -0.0000]  x
  cube_rotation          = [0.0000, -0.0000, 0.0005]  x
  cube_linear_velocity   = [-0.0000, 0.0000, -0.0000]  x
  obstacle_positions     = {}                     x
[step= 190 01:13:48.374][Analyzer] ASM node=safe_abort  goal_status=not_applicable
[step= 191 01:13:49.505][Manager] ep=1 subtask= reward=-0.4002
[step= 191 01:13:49.505][Manager][MOCK] finger_contacts forçado para 1 (grasp_attempts=3)
[step= 191 01:13:49.505][Perception]
  RAW PERCEPTION                                  MONITORED PARAMS
  ----------------------------------------------  --------------------------------------
  fingers_width         = 0.0800 m                gripper_width_cm      = 7 cm
  dist_ee_to_cube       = 0.3939 m                distance_ee_object_cm = 39 cm
  dist_cube_to_target   = 0.4002 m  (3D)          distance_obj_goal_cm  = 40 cm  (XY)
  cube_position (z)     = 0.0100 m                object_lift_height_cm = 0 cm
  cube_position (xy)    = [-0.250, 0.000]         grasp_completed       = 0
  target_position (xy)  = [0.150, 0.000]          finger_contacts       = 1
  x                                               grasp_attempts        = 3
  episode                = 1                      x
  step                   = 191                    x
  ee_position            = [0.0137, -0.0002, 0.3026]  x
  ee_velocity            = [-0.0000, -0.0000, -0.0000]  x
  reward                 = -0.4002                x
  is_success             = False                  x
  obstacle_in_path       = False                  x
  obstacle_count_in_path = 0                      x
  obstacles              = {}                     x
  objects                = {'object_1': {'type': 'box', 'size': [0.045, 0.03, 0.02], 'mass': 10.0, 'color': [0.1, 0.2, 0.9, 1.0], 'initial_position': [-0.25, 0.0, 0.02], 'lateral_friction': 0.5, 'spinning_friction': 0.001, 'current_position': [-0.25002721000395867, 4.3849065838869174e-05, 0.009990043023266277]}}  x
  scripts                = {'script_1': True, 'reach_only': True, 'left_right': True}  x
  target_goal            = {'type': 'goal_sequence', 'targets': [{'name': 'target', 'position': [0.15000000596046448, 0.0, 0.019999999552965164]}], 'mode': 'goal_sequence'}  x
  scene                  = {'table': {'length': 1.1, 'width': 0.7, 'height': 0.4, 'x_offset': -0.3, 'lateral_friction': 3.0, 'spinning_friction': 0.001}}  x
  robot_config           = {'control_type': 'ee', 'block_gripper': False, 'base_position': [-0.6, 0.0, 0.05]}  x
  current_task           = ABORT                  x
  active_target_name     = target                 x
  action                 = [0.0000, 0.0000, 0.0000, 1.0000]  x
  joint_angles           = [0.0004, 0.2165, -0.0008, -1.8480, 0.0002, 2.0645, 0.7849]  x
  joint_velocities       = [0.0000, -0.0000, -0.0000, -0.0000, 0.0000, 0.0000, -0.0000]  x
  cube_rotation          = [0.0000, -0.0000, 0.0005]  x
  cube_linear_velocity   = [-0.0000, 0.0000, -0.0000]  x
  obstacle_positions     = {}                     x
[step= 191 01:13:49.507][Analyzer] ASM node=safe_abort  goal_status=not_applicable
[step= 192 01:13:50.665][Manager] ep=1 subtask= reward=-0.4002
[step= 192 01:13:50.665][Manager][MOCK] finger_contacts forçado para 1 (grasp_attempts=3)
[step= 192 01:13:50.665][Perception]
  RAW PERCEPTION                                  MONITORED PARAMS
  ----------------------------------------------  --------------------------------------
  fingers_width         = 0.0800 m                gripper_width_cm      = 7 cm
  dist_ee_to_cube       = 0.3939 m                distance_ee_object_cm = 39 cm
  dist_cube_to_target   = 0.4002 m  (3D)          distance_obj_goal_cm  = 40 cm  (XY)
  cube_position (z)     = 0.0100 m                object_lift_height_cm = 0 cm
  cube_position (xy)    = [-0.250, 0.000]         grasp_completed       = 0
  target_position (xy)  = [0.150, 0.000]          finger_contacts       = 1
  x                                               grasp_attempts        = 3
  episode                = 1                      x
  step                   = 192                    x
  ee_position            = [0.0137, -0.0002, 0.3026]  x
  ee_velocity            = [-0.0000, -0.0000, -0.0000]  x
  reward                 = -0.4002                x
  is_success             = False                  x
  obstacle_in_path       = False                  x
  obstacle_count_in_path = 0                      x
  obstacles              = {}                     x
  objects                = {'object_1': {'type': 'box', 'size': [0.045, 0.03, 0.02], 'mass': 10.0, 'color': [0.1, 0.2, 0.9, 1.0], 'initial_position': [-0.25, 0.0, 0.02], 'lateral_friction': 0.5, 'spinning_friction': 0.001, 'current_position': [-0.2500273958343162, 4.4148489901214896e-05, 0.00999004302313271]}}  x
  scripts                = {'script_1': True, 'reach_only': True, 'left_right': True}  x
  target_goal            = {'type': 'goal_sequence', 'targets': [{'name': 'target', 'position': [0.15000000596046448, 0.0, 0.019999999552965164]}], 'mode': 'goal_sequence'}  x
  scene                  = {'table': {'length': 1.1, 'width': 0.7, 'height': 0.4, 'x_offset': -0.3, 'lateral_friction': 3.0, 'spinning_friction': 0.001}}  x
  robot_config           = {'control_type': 'ee', 'block_gripper': False, 'base_position': [-0.6, 0.0, 0.05]}  x
  current_task           = ABORT                  x
  active_target_name     = target                 x
  action                 = [0.0000, 0.0000, 0.0000, 1.0000]  x
  joint_angles           = [0.0004, 0.2165, -0.0008, -1.8480, 0.0002, 2.0645, 0.7849]  x
  joint_velocities       = [0.0000, -0.0000, -0.0000, -0.0000, 0.0000, 0.0000, -0.0000]  x
  cube_rotation          = [0.0000, -0.0000, 0.0005]  x
  cube_linear_velocity   = [-0.0000, 0.0000, -0.0000]  x
  obstacle_positions     = {}                     x
[step= 192 01:13:50.667][Analyzer] ASM node=safe_abort  goal_status=not_applicable
[step= 193 01:13:51.773][Manager] ep=1 subtask= reward=-0.4002
[step= 193 01:13:51.773][Manager][MOCK] finger_contacts forçado para 1 (grasp_attempts=3)
[step= 193 01:13:51.773][Perception]
  RAW PERCEPTION                                  MONITORED PARAMS
  ----------------------------------------------  --------------------------------------
  fingers_width         = 0.0800 m                gripper_width_cm      = 7 cm
  dist_ee_to_cube       = 0.3939 m                distance_ee_object_cm = 39 cm
  dist_cube_to_target   = 0.4002 m  (3D)          distance_obj_goal_cm  = 40 cm  (XY)
  cube_position (z)     = 0.0100 m                object_lift_height_cm = 0 cm
  cube_position (xy)    = [-0.250, 0.000]         grasp_completed       = 0
  target_position (xy)  = [0.150, 0.000]          finger_contacts       = 1
  x                                               grasp_attempts        = 3
  episode                = 1                      x
  step                   = 193                    x
  ee_position            = [0.0137, -0.0002, 0.3026]  x
  ee_velocity            = [-0.0000, -0.0000, -0.0000]  x
  reward                 = -0.4002                x
  is_success             = False                  x
  obstacle_in_path       = False                  x
  obstacle_count_in_path = 0                      x
  obstacles              = {}                     x
  objects                = {'object_1': {'type': 'box', 'size': [0.045, 0.03, 0.02], 'mass': 10.0, 'color': [0.1, 0.2, 0.9, 1.0], 'initial_position': [-0.25, 0.0, 0.02], 'lateral_friction': 0.5, 'spinning_friction': 0.001, 'current_position': [-0.2500275816678894, 4.444791112728176e-05, 0.009990043022999126]}}  x
  scripts                = {'script_1': True, 'reach_only': True, 'left_right': True}  x
  target_goal            = {'type': 'goal_sequence', 'targets': [{'name': 'target', 'position': [0.15000000596046448, 0.0, 0.019999999552965164]}], 'mode': 'goal_sequence'}  x
  scene                  = {'table': {'length': 1.1, 'width': 0.7, 'height': 0.4, 'x_offset': -0.3, 'lateral_friction': 3.0, 'spinning_friction': 0.001}}  x
  robot_config           = {'control_type': 'ee', 'block_gripper': False, 'base_position': [-0.6, 0.0, 0.05]}  x
  current_task           = ABORT                  x
  active_target_name     = target                 x
  action                 = [0.0000, 0.0000, 0.0000, 1.0000]  x
  joint_angles           = [0.0004, 0.2165, -0.0008, -1.8480, 0.0002, 2.0645, 0.7849]  x
  joint_velocities       = [0.0000, -0.0000, -0.0000, -0.0000, 0.0000, 0.0000, -0.0000]  x
  cube_rotation          = [0.0000, -0.0000, 0.0005]  x
  cube_linear_velocity   = [-0.0000, 0.0000, -0.0000]  x
  obstacle_positions     = {}                     x
[step= 193 01:13:51.775][Analyzer] ASM node=safe_abort  goal_status=not_applicable
[step= 194 01:13:52.920][Manager] ep=1 subtask= reward=-0.4002
[step= 194 01:13:52.920][Manager][MOCK] finger_contacts forçado para 1 (grasp_attempts=3)
[step= 194 01:13:52.920][Perception]
  RAW PERCEPTION                                  MONITORED PARAMS
  ----------------------------------------------  --------------------------------------
  fingers_width         = 0.0800 m                gripper_width_cm      = 7 cm
  dist_ee_to_cube       = 0.3939 m                distance_ee_object_cm = 39 cm
  dist_cube_to_target   = 0.4002 m  (3D)          distance_obj_goal_cm  = 40 cm  (XY)
  cube_position (z)     = 0.0100 m                object_lift_height_cm = 0 cm
  cube_position (xy)    = [-0.250, 0.000]         grasp_completed       = 0
  target_position (xy)  = [0.150, 0.000]          finger_contacts       = 1
  x                                               grasp_attempts        = 3
  episode                = 1                      x
  step                   = 194                    x
  ee_position            = [0.0137, -0.0002, 0.3026]  x
  ee_velocity            = [-0.0000, -0.0000, -0.0000]  x
  reward                 = -0.4002                x
  is_success             = False                  x
  obstacle_in_path       = False                  x
  obstacle_count_in_path = 0                      x
  obstacles              = {}                     x
  objects                = {'object_1': {'type': 'box', 'size': [0.045, 0.03, 0.02], 'mass': 10.0, 'color': [0.1, 0.2, 0.9, 1.0], 'initial_position': [-0.25, 0.0, 0.02], 'lateral_friction': 0.5, 'spinning_friction': 0.001, 'current_position': [-0.2500277675046785, 4.474732951671615e-05, 0.009990043022865554]}}  x
  scripts                = {'script_1': True, 'reach_only': True, 'left_right': True}  x
  target_goal            = {'type': 'goal_sequence', 'targets': [{'name': 'target', 'position': [0.15000000596046448, 0.0, 0.019999999552965164]}], 'mode': 'goal_sequence'}  x
  scene                  = {'table': {'length': 1.1, 'width': 0.7, 'height': 0.4, 'x_offset': -0.3, 'lateral_friction': 3.0, 'spinning_friction': 0.001}}  x
  robot_config           = {'control_type': 'ee', 'block_gripper': False, 'base_position': [-0.6, 0.0, 0.05]}  x
  current_task           = ABORT                  x
  active_target_name     = target                 x
  action                 = [0.0000, 0.0000, 0.0000, 1.0000]  x
  joint_angles           = [0.0004, 0.2165, -0.0008, -1.8480, 0.0002, 2.0645, 0.7849]  x
  joint_velocities       = [0.0000, -0.0000, -0.0000, -0.0000, 0.0000, 0.0000, -0.0000]  x
  cube_rotation          = [0.0000, -0.0000, 0.0005]  x
  cube_linear_velocity   = [-0.0000, 0.0000, -0.0000]  x
  obstacle_positions     = {}                     x
[step= 194 01:13:52.922][Analyzer] ASM node=safe_abort  goal_status=not_applicable
[step= 195 01:13:54.066][Manager] ep=1 subtask= reward=-0.4002
[step= 195 01:13:54.066][Manager][MOCK] finger_contacts forçado para 1 (grasp_attempts=3)
[step= 195 01:13:54.066][Perception]
  RAW PERCEPTION                                  MONITORED PARAMS
  ----------------------------------------------  --------------------------------------
  fingers_width         = 0.0800 m                gripper_width_cm      = 7 cm
  dist_ee_to_cube       = 0.3939 m                distance_ee_object_cm = 39 cm
  dist_cube_to_target   = 0.4002 m  (3D)          distance_obj_goal_cm  = 40 cm  (XY)
  cube_position (z)     = 0.0100 m                object_lift_height_cm = 0 cm
  cube_position (xy)    = [-0.250, 0.000]         grasp_completed       = 0
  target_position (xy)  = [0.150, 0.000]          finger_contacts       = 1
  x                                               grasp_attempts        = 3
  episode                = 1                      x
  step                   = 195                    x
  ee_position            = [0.0137, -0.0002, 0.3026]  x
  ee_velocity            = [-0.0000, -0.0000, -0.0000]  x
  reward                 = -0.4002                x
  is_success             = False                  x
  obstacle_in_path       = False                  x
  obstacle_count_in_path = 0                      x
  obstacles              = {}                     x
  objects                = {'object_1': {'type': 'box', 'size': [0.045, 0.03, 0.02], 'mass': 10.0, 'color': [0.1, 0.2, 0.9, 1.0], 'initial_position': [-0.25, 0.0, 0.02], 'lateral_friction': 0.5, 'spinning_friction': 0.001, 'current_position': [-0.25002795334468375, 4.504674506922871e-05, 0.00999004302273194]}}  x
  scripts                = {'script_1': True, 'reach_only': True, 'left_right': True}  x
  target_goal            = {'type': 'goal_sequence', 'targets': [{'name': 'target', 'position': [0.15000000596046448, 0.0, 0.019999999552965164]}], 'mode': 'goal_sequence'}  x
  scene                  = {'table': {'length': 1.1, 'width': 0.7, 'height': 0.4, 'x_offset': -0.3, 'lateral_friction': 3.0, 'spinning_friction': 0.001}}  x
  robot_config           = {'control_type': 'ee', 'block_gripper': False, 'base_position': [-0.6, 0.0, 0.05]}  x
  current_task           = ABORT                  x
  active_target_name     = target                 x
  action                 = [0.0000, 0.0000, 0.0000, 1.0000]  x
  joint_angles           = [0.0004, 0.2165, -0.0008, -1.8480, 0.0002, 2.0645, 0.7849]  x
  joint_velocities       = [0.0000, -0.0000, -0.0000, -0.0000, 0.0000, 0.0000, -0.0000]  x
  cube_rotation          = [0.0000, -0.0000, 0.0005]  x
  cube_linear_velocity   = [-0.0000, 0.0000, -0.0000]  x
  obstacle_positions     = {}                     x
[step= 195 01:13:54.069][Analyzer] ASM node=safe_abort  goal_status=not_applicable
[step= 196 01:13:55.226][Manager] ep=1 subtask= reward=-0.4002
[step= 196 01:13:55.226][Manager][MOCK] finger_contacts forçado para 1 (grasp_attempts=3)
[step= 196 01:13:55.227][Perception]
  RAW PERCEPTION                                  MONITORED PARAMS
  ----------------------------------------------  --------------------------------------
  fingers_width         = 0.0800 m                gripper_width_cm      = 7 cm
  dist_ee_to_cube       = 0.3939 m                distance_ee_object_cm = 39 cm
  dist_cube_to_target   = 0.4002 m  (3D)          distance_obj_goal_cm  = 40 cm  (XY)
  cube_position (z)     = 0.0100 m                object_lift_height_cm = 0 cm
  cube_position (xy)    = [-0.250, 0.000]         grasp_completed       = 0
  target_position (xy)  = [0.150, 0.000]          finger_contacts       = 1
  x                                               grasp_attempts        = 3
  episode                = 1                      x
  step                   = 196                    x
  ee_position            = [0.0137, -0.0002, 0.3026]  x
  ee_velocity            = [-0.0000, -0.0000, -0.0000]  x
  reward                 = -0.4002                x
  is_success             = False                  x
  obstacle_in_path       = False                  x
  obstacle_count_in_path = 0                      x
  obstacles              = {}                     x
  objects                = {'object_1': {'type': 'box', 'size': [0.045, 0.03, 0.02], 'mass': 10.0, 'color': [0.1, 0.2, 0.9, 1.0], 'initial_position': [-0.25, 0.0, 0.02], 'lateral_friction': 0.5, 'spinning_friction': 0.001, 'current_position': [-0.25002813918790534, 4.5346157784531205e-05, 0.009990043022598325]}}  x
  scripts                = {'script_1': True, 'reach_only': True, 'left_right': True}  x
  target_goal            = {'type': 'goal_sequence', 'targets': [{'name': 'target', 'position': [0.15000000596046448, 0.0, 0.019999999552965164]}], 'mode': 'goal_sequence'}  x
  scene                  = {'table': {'length': 1.1, 'width': 0.7, 'height': 0.4, 'x_offset': -0.3, 'lateral_friction': 3.0, 'spinning_friction': 0.001}}  x
  robot_config           = {'control_type': 'ee', 'block_gripper': False, 'base_position': [-0.6, 0.0, 0.05]}  x
  current_task           = ABORT                  x
  active_target_name     = target                 x
  action                 = [0.0000, 0.0000, 0.0000, 1.0000]  x
  joint_angles           = [0.0004, 0.2165, -0.0008, -1.8480, 0.0002, 2.0645, 0.7849]  x
  joint_velocities       = [0.0000, -0.0000, -0.0000, -0.0000, 0.0000, 0.0000, -0.0000]  x
  cube_rotation          = [0.0000, -0.0000, 0.0005]  x
  cube_linear_velocity   = [-0.0000, 0.0000, -0.0000]  x
  obstacle_positions     = {}                     x
[step= 196 01:13:55.230][Analyzer] ASM node=safe_abort  goal_status=not_applicable
[step= 197 01:13:56.361][Manager] ep=1 subtask= reward=-0.4002
[step= 197 01:13:56.361][Manager][MOCK] finger_contacts forçado para 1 (grasp_attempts=3)
[step= 197 01:13:56.361][Perception]
  RAW PERCEPTION                                  MONITORED PARAMS
  ----------------------------------------------  --------------------------------------
  fingers_width         = 0.0800 m                gripper_width_cm      = 7 cm
  dist_ee_to_cube       = 0.3939 m                distance_ee_object_cm = 39 cm
  dist_cube_to_target   = 0.4002 m  (3D)          distance_obj_goal_cm  = 40 cm  (XY)
  cube_position (z)     = 0.0100 m                object_lift_height_cm = 0 cm
  cube_position (xy)    = [-0.250, 0.000]         grasp_completed       = 0
  target_position (xy)  = [0.150, 0.000]          finger_contacts       = 1
  x                                               grasp_attempts        = 3
  episode                = 1                      x
  step                   = 197                    x
  ee_position            = [0.0137, -0.0002, 0.3026]  x
  ee_velocity            = [-0.0000, -0.0000, -0.0000]  x
  reward                 = -0.4002                x
  is_success             = False                  x
  obstacle_in_path       = False                  x
  obstacle_count_in_path = 0                      x
  obstacles              = {}                     x
  objects                = {'object_1': {'type': 'box', 'size': [0.045, 0.03, 0.02], 'mass': 10.0, 'color': [0.1, 0.2, 0.9, 1.0], 'initial_position': [-0.25, 0.0, 0.02], 'lateral_friction': 0.5, 'spinning_friction': 0.001, 'current_position': [-0.25002832503434347, 4.5645567662278065e-05, 0.009990043022464715]}}  x
  scripts                = {'script_1': True, 'reach_only': True, 'left_right': True}  x
  target_goal            = {'type': 'goal_sequence', 'targets': [{'name': 'target', 'position': [0.15000000596046448, 0.0, 0.019999999552965164]}], 'mode': 'goal_sequence'}  x
  scene                  = {'table': {'length': 1.1, 'width': 0.7, 'height': 0.4, 'x_offset': -0.3, 'lateral_friction': 3.0, 'spinning_friction': 0.001}}  x
  robot_config           = {'control_type': 'ee', 'block_gripper': False, 'base_position': [-0.6, 0.0, 0.05]}  x
  current_task           = ABORT                  x
  active_target_name     = target                 x
  action                 = [0.0000, 0.0000, 0.0000, 1.0000]  x
  joint_angles           = [0.0004, 0.2165, -0.0008, -1.8480, 0.0002, 2.0645, 0.7849]  x
  joint_velocities       = [0.0000, -0.0000, -0.0000, -0.0000, 0.0000, 0.0000, -0.0000]  x
  cube_rotation          = [0.0000, -0.0000, 0.0005]  x
  cube_linear_velocity   = [-0.0000, 0.0000, -0.0000]  x
  obstacle_positions     = {}                     x
[step= 197 01:13:56.364][Analyzer] ASM node=safe_abort  goal_status=not_applicable
[step= 198 01:13:57.507][Manager] ep=1 subtask= reward=-0.4002
[step= 198 01:13:57.507][Manager][MOCK] finger_contacts forçado para 1 (grasp_attempts=3)
[step= 198 01:13:57.508][Perception]
  RAW PERCEPTION                                  MONITORED PARAMS
  ----------------------------------------------  --------------------------------------
  fingers_width         = 0.0800 m                gripper_width_cm      = 7 cm
  dist_ee_to_cube       = 0.3939 m                distance_ee_object_cm = 39 cm
  dist_cube_to_target   = 0.4002 m  (3D)          distance_obj_goal_cm  = 40 cm  (XY)
  cube_position (z)     = 0.0100 m                object_lift_height_cm = 0 cm
  cube_position (xy)    = [-0.250, 0.000]         grasp_completed       = 0
  target_position (xy)  = [0.150, 0.000]          finger_contacts       = 1
  x                                               grasp_attempts        = 3
  episode                = 1                      x
  step                   = 198                    x
  ee_position            = [0.0137, -0.0002, 0.3026]  x
  ee_velocity            = [-0.0000, -0.0000, -0.0000]  x
  reward                 = -0.4002                x
  is_success             = False                  x
  obstacle_in_path       = False                  x
  obstacle_count_in_path = 0                      x
  obstacles              = {}                     x
  objects                = {'object_1': {'type': 'box', 'size': [0.045, 0.03, 0.02], 'mass': 10.0, 'color': [0.1, 0.2, 0.9, 1.0], 'initial_position': [-0.25, 0.0, 0.02], 'lateral_friction': 0.5, 'spinning_friction': 0.001, 'current_position': [-0.25002851088399847, 4.5944974702174914e-05, 0.009990043022331085]}}  x
  scripts                = {'script_1': True, 'reach_only': True, 'left_right': True}  x
  target_goal            = {'type': 'goal_sequence', 'targets': [{'name': 'target', 'position': [0.15000000596046448, 0.0, 0.019999999552965164]}], 'mode': 'goal_sequence'}  x
  scene                  = {'table': {'length': 1.1, 'width': 0.7, 'height': 0.4, 'x_offset': -0.3, 'lateral_friction': 3.0, 'spinning_friction': 0.001}}  x
  robot_config           = {'control_type': 'ee', 'block_gripper': False, 'base_position': [-0.6, 0.0, 0.05]}  x
  current_task           = ABORT                  x
  active_target_name     = target                 x
  action                 = [0.0000, 0.0000, 0.0000, 1.0000]  x
  joint_angles           = [0.0004, 0.2165, -0.0008, -1.8480, 0.0002, 2.0645, 0.7849]  x
  joint_velocities       = [0.0000, -0.0000, -0.0000, -0.0000, 0.0000, 0.0000, -0.0000]  x
  cube_rotation          = [0.0000, -0.0000, 0.0005]  x
  cube_linear_velocity   = [-0.0000, 0.0000, -0.0000]  x
  obstacle_positions     = {}                     x
[step= 198 01:13:57.510][Analyzer] ASM node=safe_abort  goal_status=not_applicable
[step= 199 01:13:58.679][Manager] ep=1 subtask= reward=-0.4002
[step= 199 01:13:58.680][Manager][MOCK] finger_contacts forçado para 1 (grasp_attempts=3)
[step= 199 01:13:58.680][Perception]
  RAW PERCEPTION                                  MONITORED PARAMS
  ----------------------------------------------  --------------------------------------
  fingers_width         = 0.0800 m                gripper_width_cm      = 7 cm
  dist_ee_to_cube       = 0.3939 m                distance_ee_object_cm = 39 cm
  dist_cube_to_target   = 0.4002 m  (3D)          distance_obj_goal_cm  = 40 cm  (XY)
  cube_position (z)     = 0.0100 m                object_lift_height_cm = 0 cm
  cube_position (xy)    = [-0.250, 0.000]         grasp_completed       = 0
  target_position (xy)  = [0.150, 0.000]          finger_contacts       = 1
  x                                               grasp_attempts        = 3
  episode                = 1                      x
  step                   = 199                    x
  ee_position            = [0.0137, -0.0002, 0.3026]  x
  ee_velocity            = [-0.0000, -0.0000, -0.0000]  x
  reward                 = -0.4002                x
  is_success             = False                  x
  obstacle_in_path       = False                  x
  obstacle_count_in_path = 0                      x
  obstacles              = {}                     x
  objects                = {'object_1': {'type': 'box', 'size': [0.045, 0.03, 0.02], 'mass': 10.0, 'color': [0.1, 0.2, 0.9, 1.0], 'initial_position': [-0.25, 0.0, 0.02], 'lateral_friction': 0.5, 'spinning_friction': 0.001, 'current_position': [-0.2500286967368704, 4.6244378903932054e-05, 0.009990043022197432]}}  x
  scripts                = {'script_1': True, 'reach_only': True, 'left_right': True}  x
  target_goal            = {'type': 'goal_sequence', 'targets': [{'name': 'target', 'position': [0.15000000596046448, 0.0, 0.019999999552965164]}], 'mode': 'goal_sequence'}  x
  scene                  = {'table': {'length': 1.1, 'width': 0.7, 'height': 0.4, 'x_offset': -0.3, 'lateral_friction': 3.0, 'spinning_friction': 0.001}}  x
  robot_config           = {'control_type': 'ee', 'block_gripper': False, 'base_position': [-0.6, 0.0, 0.05]}  x
  current_task           = ABORT                  x
  active_target_name     = target                 x
  action                 = [0.0000, 0.0000, 0.0000, 1.0000]  x
  joint_angles           = [0.0004, 0.2165, -0.0008, -1.8480, 0.0002, 2.0645, 0.7849]  x
  joint_velocities       = [0.0000, -0.0000, -0.0000, -0.0000, 0.0000, 0.0000, -0.0000]  x
  cube_rotation          = [0.0000, -0.0000, 0.0005]  x
  cube_linear_velocity   = [-0.0000, 0.0000, -0.0000]  x
  obstacle_positions     = {}                     x
[step= 199 01:13:58.683][Analyzer] ASM node=safe_abort  goal_status=not_applicable
[step= 200 01:13:59.813][Manager] ep=1 subtask= reward=-0.4002
[step= 200 01:13:59.813][Manager][MOCK] finger_contacts forçado para 1 (grasp_attempts=3)
[step= 200 01:13:59.813][Perception]
  RAW PERCEPTION                                  MONITORED PARAMS
  ----------------------------------------------  --------------------------------------
  fingers_width         = 0.0800 m                gripper_width_cm      = 7 cm
  dist_ee_to_cube       = 0.3939 m                distance_ee_object_cm = 39 cm
  dist_cube_to_target   = 0.4002 m  (3D)          distance_obj_goal_cm  = 40 cm  (XY)
  cube_position (z)     = 0.0100 m                object_lift_height_cm = 0 cm
  cube_position (xy)    = [-0.250, 0.000]         grasp_completed       = 0
  target_position (xy)  = [0.150, 0.000]          finger_contacts       = 1
  x                                               grasp_attempts        = 3
  episode                = 1                      x
  step                   = 200                    x
  ee_position            = [0.0137, -0.0002, 0.3026]  x
  ee_velocity            = [-0.0000, -0.0000, -0.0000]  x
  reward                 = -0.4002                x
  is_success             = False                  x
  obstacle_in_path       = False                  x
  obstacle_count_in_path = 0                      x
  obstacles              = {}                     x
  objects                = {'object_1': {'type': 'box', 'size': [0.045, 0.03, 0.02], 'mass': 10.0, 'color': [0.1, 0.2, 0.9, 1.0], 'initial_position': [-0.25, 0.0, 0.02], 'lateral_friction': 0.5, 'spinning_friction': 0.001, 'current_position': [-0.2500288825929594, 4.6543780267228214e-05, 0.00999004302206377]}}  x
  scripts                = {'script_1': True, 'reach_only': True, 'left_right': True}  x
  target_goal            = {'type': 'goal_sequence', 'targets': [{'name': 'target', 'position': [0.15000000596046448, 0.0, 0.019999999552965164]}], 'mode': 'goal_sequence'}  x
  scene                  = {'table': {'length': 1.1, 'width': 0.7, 'height': 0.4, 'x_offset': -0.3, 'lateral_friction': 3.0, 'spinning_friction': 0.001}}  x
  robot_config           = {'control_type': 'ee', 'block_gripper': False, 'base_position': [-0.6, 0.0, 0.05]}  x
  current_task           = ABORT                  x
  active_target_name     = target                 x
  action                 = [0.0000, 0.0000, 0.0000, 1.0000]  x
  joint_angles           = [0.0004, 0.2165, -0.0008, -1.8480, 0.0002, 2.0645, 0.7849]  x
  joint_velocities       = [0.0000, -0.0000, -0.0000, -0.0000, 0.0000, 0.0000, -0.0000]  x
  cube_rotation          = [0.0000, -0.0000, 0.0005]  x
  cube_linear_velocity   = [-0.0000, 0.0000, -0.0000]  x
  obstacle_positions     = {}                     x
[step= 200 01:13:59.815][Analyzer] ASM node=safe_abort  goal_status=not_applicable
[step= 201 01:14:00.973][Manager] ep=1 subtask= reward=-0.4002
[step= 201 01:14:00.973][Manager][MOCK] finger_contacts forçado para 1 (grasp_attempts=3)
[step= 201 01:14:00.973][Perception]
  RAW PERCEPTION                                  MONITORED PARAMS
  ----------------------------------------------  --------------------------------------
  fingers_width         = 0.0800 m                gripper_width_cm      = 7 cm
  dist_ee_to_cube       = 0.3939 m                distance_ee_object_cm = 39 cm
  dist_cube_to_target   = 0.4002 m  (3D)          distance_obj_goal_cm  = 40 cm  (XY)
  cube_position (z)     = 0.0100 m                object_lift_height_cm = 0 cm
  cube_position (xy)    = [-0.250, 0.000]         grasp_completed       = 0
  target_position (xy)  = [0.150, 0.000]          finger_contacts       = 1
  x                                               grasp_attempts        = 3
  episode                = 1                      x
  step                   = 201                    x
  ee_position            = [0.0137, -0.0002, 0.3026]  x
  ee_velocity            = [-0.0000, -0.0000, -0.0000]  x
  reward                 = -0.4002                x
  is_success             = False                  x
  obstacle_in_path       = False                  x
  obstacle_count_in_path = 0                      x
  obstacles              = {}                     x
  objects                = {'object_1': {'type': 'box', 'size': [0.045, 0.03, 0.02], 'mass': 10.0, 'color': [0.1, 0.2, 0.9, 1.0], 'initial_position': [-0.25, 0.0, 0.02], 'lateral_friction': 0.5, 'spinning_friction': 0.001, 'current_position': [-0.25002906845226586, 4.684317879174814e-05, 0.009990043021930102]}}  x
  scripts                = {'script_1': True, 'reach_only': True, 'left_right': True}  x
  target_goal            = {'type': 'goal_sequence', 'targets': [{'name': 'target', 'position': [0.15000000596046448, 0.0, 0.019999999552965164]}], 'mode': 'goal_sequence'}  x
  scene                  = {'table': {'length': 1.1, 'width': 0.7, 'height': 0.4, 'x_offset': -0.3, 'lateral_friction': 3.0, 'spinning_friction': 0.001}}  x
  robot_config           = {'control_type': 'ee', 'block_gripper': False, 'base_position': [-0.6, 0.0, 0.05]}  x
  current_task           = ABORT                  x
  active_target_name     = target                 x
  action                 = [0.0000, 0.0000, 0.0000, 1.0000]  x
  joint_angles           = [0.0004, 0.2165, -0.0008, -1.8480, 0.0002, 2.0645, 0.7849]  x
  joint_velocities       = [0.0000, -0.0000, -0.0000, -0.0000, 0.0000, 0.0000, -0.0000]  x
  cube_rotation          = [0.0000, -0.0000, 0.0006]  x
  cube_linear_velocity   = [-0.0000, 0.0000, -0.0000]  x
  obstacle_positions     = {}                     x
[step= 201 01:14:00.976][Analyzer] ASM node=safe_abort  goal_status=not_applicable
[step= 202 01:14:02.120][Manager] ep=1 subtask= reward=-0.4002
[step= 202 01:14:02.120][Manager][MOCK] finger_contacts forçado para 1 (grasp_attempts=3)
[step= 202 01:14:02.121][Perception]
  RAW PERCEPTION                                  MONITORED PARAMS
  ----------------------------------------------  --------------------------------------
  fingers_width         = 0.0800 m                gripper_width_cm      = 7 cm
  dist_ee_to_cube       = 0.3939 m                distance_ee_object_cm = 39 cm
  dist_cube_to_target   = 0.4002 m  (3D)          distance_obj_goal_cm  = 40 cm  (XY)
  cube_position (z)     = 0.0100 m                object_lift_height_cm = 0 cm
  cube_position (xy)    = [-0.250, 0.000]         grasp_completed       = 0
  target_position (xy)  = [0.150, 0.000]          finger_contacts       = 1
  x                                               grasp_attempts        = 3
  episode                = 1                      x
  step                   = 202                    x
  ee_position            = [0.0137, -0.0003, 0.3026]  x
  ee_velocity            = [-0.0000, -0.0000, -0.0000]  x
  reward                 = -0.4002                x
  is_success             = False                  x
  obstacle_in_path       = False                  x
  obstacle_count_in_path = 0                      x
  obstacles              = {}                     x
  objects                = {'object_1': {'type': 'box', 'size': [0.045, 0.03, 0.02], 'mass': 10.0, 'color': [0.1, 0.2, 0.9, 1.0], 'initial_position': [-0.25, 0.0, 0.02], 'lateral_friction': 0.5, 'spinning_friction': 0.001, 'current_position': [-0.2500292543147899, 4.714257447719793e-05, 0.009990043021796435]}}  x
  scripts                = {'script_1': True, 'reach_only': True, 'left_right': True}  x
  target_goal            = {'type': 'goal_sequence', 'targets': [{'name': 'target', 'position': [0.15000000596046448, 0.0, 0.019999999552965164]}], 'mode': 'goal_sequence'}  x
  scene                  = {'table': {'length': 1.1, 'width': 0.7, 'height': 0.4, 'x_offset': -0.3, 'lateral_friction': 3.0, 'spinning_friction': 0.001}}  x
  robot_config           = {'control_type': 'ee', 'block_gripper': False, 'base_position': [-0.6, 0.0, 0.05]}  x
  current_task           = ABORT                  x
  active_target_name     = target                 x
  action                 = [0.0000, 0.0000, 0.0000, 1.0000]  x
  joint_angles           = [0.0004, 0.2165, -0.0008, -1.8480, 0.0002, 2.0645, 0.7849]  x
  joint_velocities       = [0.0000, -0.0000, -0.0000, -0.0000, 0.0000, 0.0000, -0.0000]  x
  cube_rotation          = [0.0000, -0.0000, 0.0006]  x
  cube_linear_velocity   = [-0.0000, 0.0000, -0.0000]  x
  obstacle_positions     = {}                     x
[step= 202 01:14:02.127][Analyzer] ASM node=safe_abort  goal_status=not_applicable
[step= 203 01:14:03.266][Manager] ep=1 subtask= reward=-0.4002
[step= 203 01:14:03.267][Manager][MOCK] finger_contacts forçado para 1 (grasp_attempts=3)
[step= 203 01:14:03.267][Perception]
  RAW PERCEPTION                                  MONITORED PARAMS
  ----------------------------------------------  --------------------------------------
  fingers_width         = 0.0800 m                gripper_width_cm      = 7 cm
  dist_ee_to_cube       = 0.3939 m                distance_ee_object_cm = 39 cm
  dist_cube_to_target   = 0.4002 m  (3D)          distance_obj_goal_cm  = 40 cm  (XY)
  cube_position (z)     = 0.0100 m                object_lift_height_cm = 0 cm
  cube_position (xy)    = [-0.250, 0.000]         grasp_completed       = 0
  target_position (xy)  = [0.150, 0.000]          finger_contacts       = 1
  x                                               grasp_attempts        = 3
  episode                = 1                      x
  step                   = 203                    x
  ee_position            = [0.0137, -0.0003, 0.3026]  x
  ee_velocity            = [-0.0000, -0.0000, -0.0000]  x
  reward                 = -0.4002                x
  is_success             = False                  x
  obstacle_in_path       = False                  x
  obstacle_count_in_path = 0                      x
  obstacles              = {}                     x
  objects                = {'object_1': {'type': 'box', 'size': [0.045, 0.03, 0.02], 'mass': 10.0, 'color': [0.1, 0.2, 0.9, 1.0], 'initial_position': [-0.25, 0.0, 0.02], 'lateral_friction': 0.5, 'spinning_friction': 0.001, 'current_position': [-0.2500294401805317, 4.7441967323256796e-05, 0.00999004302166274]}}  x
  scripts                = {'script_1': True, 'reach_only': True, 'left_right': True}  x
  target_goal            = {'type': 'goal_sequence', 'targets': [{'name': 'target', 'position': [0.15000000596046448, 0.0, 0.019999999552965164]}], 'mode': 'goal_sequence'}  x
  scene                  = {'table': {'length': 1.1, 'width': 0.7, 'height': 0.4, 'x_offset': -0.3, 'lateral_friction': 3.0, 'spinning_friction': 0.001}}  x
  robot_config           = {'control_type': 'ee', 'block_gripper': False, 'base_position': [-0.6, 0.0, 0.05]}  x
  current_task           = ABORT                  x
  active_target_name     = target                 x
  action                 = [0.0000, 0.0000, 0.0000, 1.0000]  x
  joint_angles           = [0.0004, 0.2165, -0.0009, -1.8480, 0.0002, 2.0645, 0.7849]  x
  joint_velocities       = [0.0000, -0.0000, -0.0000, -0.0000, 0.0000, 0.0000, -0.0000]  x
  cube_rotation          = [0.0000, -0.0000, 0.0006]  x
  cube_linear_velocity   = [-0.0000, 0.0000, -0.0000]  x
  obstacle_positions     = {}                     x
[step= 203 01:14:03.270][Analyzer] ASM node=safe_abort  goal_status=not_applicable
[step= 204 01:14:04.388][Manager] ep=1 subtask= reward=-0.4002
[step= 204 01:14:04.388][Manager][MOCK] finger_contacts forçado para 1 (grasp_attempts=3)
[step= 204 01:14:04.388][Perception]
  RAW PERCEPTION                                  MONITORED PARAMS
  ----------------------------------------------  --------------------------------------
  fingers_width         = 0.0800 m                gripper_width_cm      = 7 cm
  dist_ee_to_cube       = 0.3939 m                distance_ee_object_cm = 39 cm
  dist_cube_to_target   = 0.4002 m  (3D)          distance_obj_goal_cm  = 40 cm  (XY)
  cube_position (z)     = 0.0100 m                object_lift_height_cm = 0 cm
  cube_position (xy)    = [-0.250, 0.000]         grasp_completed       = 0
  target_position (xy)  = [0.150, 0.000]          finger_contacts       = 1
  x                                               grasp_attempts        = 3
  episode                = 1                      x
  step                   = 204                    x
  ee_position            = [0.0137, -0.0003, 0.3026]  x
  ee_velocity            = [-0.0000, -0.0000, -0.0000]  x
  reward                 = -0.4002                x
  is_success             = False                  x
  obstacle_in_path       = False                  x
  obstacle_count_in_path = 0                      x
  obstacles              = {}                     x
  objects                = {'object_1': {'type': 'box', 'size': [0.045, 0.03, 0.02], 'mass': 10.0, 'color': [0.1, 0.2, 0.9, 1.0], 'initial_position': [-0.25, 0.0, 0.02], 'lateral_friction': 0.5, 'spinning_friction': 0.001, 'current_position': [-0.2500296260494916, 4.7741357329621136e-05, 0.009990043021529069]}}  x
  scripts                = {'script_1': True, 'reach_only': True, 'left_right': True}  x
  target_goal            = {'type': 'goal_sequence', 'targets': [{'name': 'target', 'position': [0.15000000596046448, 0.0, 0.019999999552965164]}], 'mode': 'goal_sequence'}  x
  scene                  = {'table': {'length': 1.1, 'width': 0.7, 'height': 0.4, 'x_offset': -0.3, 'lateral_friction': 3.0, 'spinning_friction': 0.001}}  x
  robot_config           = {'control_type': 'ee', 'block_gripper': False, 'base_position': [-0.6, 0.0, 0.05]}  x
  current_task           = ABORT                  x
  active_target_name     = target                 x
  action                 = [0.0000, 0.0000, 0.0000, 1.0000]  x
  joint_angles           = [0.0004, 0.2165, -0.0009, -1.8480, 0.0002, 2.0645, 0.7849]  x
  joint_velocities       = [0.0000, -0.0000, -0.0000, -0.0000, 0.0000, 0.0000, -0.0000]  x
  cube_rotation          = [0.0000, -0.0000, 0.0006]  x
  cube_linear_velocity   = [-0.0000, 0.0000, -0.0000]  x
  obstacle_positions     = {}                     x
[step= 204 01:14:04.391][Analyzer] ASM node=safe_abort  goal_status=not_applicable
[step= 205 01:14:05.560][Manager] ep=1 subtask= reward=-0.4002
[step= 205 01:14:05.561][Manager][MOCK] finger_contacts forçado para 1 (grasp_attempts=3)
[step= 205 01:14:05.561][Perception]
  RAW PERCEPTION                                  MONITORED PARAMS
  ----------------------------------------------  --------------------------------------
  fingers_width         = 0.0800 m                gripper_width_cm      = 7 cm
  dist_ee_to_cube       = 0.3939 m                distance_ee_object_cm = 39 cm
  dist_cube_to_target   = 0.4002 m  (3D)          distance_obj_goal_cm  = 40 cm  (XY)
  cube_position (z)     = 0.0100 m                object_lift_height_cm = 0 cm
  cube_position (xy)    = [-0.250, 0.000]         grasp_completed       = 0
  target_position (xy)  = [0.150, 0.000]          finger_contacts       = 1
  x                                               grasp_attempts        = 3
  episode                = 1                      x
  step                   = 205                    x
  ee_position            = [0.0137, -0.0003, 0.3026]  x
  ee_velocity            = [-0.0000, -0.0000, -0.0000]  x
  reward                 = -0.4002                x
  is_success             = False                  x
  obstacle_in_path       = False                  x
  obstacle_count_in_path = 0                      x
  obstacles              = {}                     x
  objects                = {'object_1': {'type': 'box', 'size': [0.045, 0.03, 0.02], 'mass': 10.0, 'color': [0.1, 0.2, 0.9, 1.0], 'initial_position': [-0.25, 0.0, 0.02], 'lateral_friction': 0.5, 'spinning_friction': 0.001, 'current_position': [-0.25002981192166956, 4.804074449598986e-05, 0.009990043021395329]}}  x
  scripts                = {'script_1': True, 'reach_only': True, 'left_right': True}  x
  target_goal            = {'type': 'goal_sequence', 'targets': [{'name': 'target', 'position': [0.15000000596046448, 0.0, 0.019999999552965164]}], 'mode': 'goal_sequence'}  x
  scene                  = {'table': {'length': 1.1, 'width': 0.7, 'height': 0.4, 'x_offset': -0.3, 'lateral_friction': 3.0, 'spinning_friction': 0.001}}  x
  robot_config           = {'control_type': 'ee', 'block_gripper': False, 'base_position': [-0.6, 0.0, 0.05]}  x
  current_task           = ABORT                  x
  active_target_name     = target                 x
  action                 = [0.0000, 0.0000, 0.0000, 1.0000]  x
  joint_angles           = [0.0004, 0.2165, -0.0009, -1.8480, 0.0002, 2.0645, 0.7849]  x
  joint_velocities       = [0.0000, -0.0000, -0.0000, -0.0000, 0.0000, 0.0000, -0.0000]  x
  cube_rotation          = [0.0000, -0.0000, 0.0006]  x
  cube_linear_velocity   = [-0.0000, 0.0000, -0.0000]  x
  obstacle_positions     = {}                     x
[step= 205 01:14:05.563][Analyzer] ASM node=safe_abort  goal_status=not_applicable
[step= 206 01:14:06.707][Manager] ep=1 subtask= reward=-0.4002
[step= 206 01:14:06.707][Manager][MOCK] finger_contacts forçado para 1 (grasp_attempts=3)
[step= 206 01:14:06.708][Perception]
  RAW PERCEPTION                                  MONITORED PARAMS
  ----------------------------------------------  --------------------------------------
  fingers_width         = 0.0800 m                gripper_width_cm      = 7 cm
  dist_ee_to_cube       = 0.3939 m                distance_ee_object_cm = 39 cm
  dist_cube_to_target   = 0.4002 m  (3D)          distance_obj_goal_cm  = 40 cm  (XY)
  cube_position (z)     = 0.0100 m                object_lift_height_cm = 0 cm
  cube_position (xy)    = [-0.250, 0.000]         grasp_completed       = 0
  target_position (xy)  = [0.150, 0.000]          finger_contacts       = 1
  x                                               grasp_attempts        = 3
  episode                = 1                      x
  step                   = 206                    x
  ee_position            = [0.0137, -0.0003, 0.3026]  x
  ee_velocity            = [-0.0000, -0.0000, -0.0000]  x
  reward                 = -0.4002                x
  is_success             = False                  x
  obstacle_in_path       = False                  x
  obstacle_count_in_path = 0                      x
  obstacles              = {}                     x
  objects                = {'object_1': {'type': 'box', 'size': [0.045, 0.03, 0.02], 'mass': 10.0, 'color': [0.1, 0.2, 0.9, 1.0], 'initial_position': [-0.25, 0.0, 0.02], 'lateral_friction': 0.5, 'spinning_friction': 0.001, 'current_position': [-0.2500299977970661, 4.834012882205378e-05, 0.00999004302126161]}}  x
  scripts                = {'script_1': True, 'reach_only': True, 'left_right': True}  x
  target_goal            = {'type': 'goal_sequence', 'targets': [{'name': 'target', 'position': [0.15000000596046448, 0.0, 0.019999999552965164]}], 'mode': 'goal_sequence'}  x
  scene                  = {'table': {'length': 1.1, 'width': 0.7, 'height': 0.4, 'x_offset': -0.3, 'lateral_friction': 3.0, 'spinning_friction': 0.001}}  x
  robot_config           = {'control_type': 'ee', 'block_gripper': False, 'base_position': [-0.6, 0.0, 0.05]}  x
  current_task           = ABORT                  x
  active_target_name     = target                 x
  action                 = [0.0000, 0.0000, 0.0000, 1.0000]  x
  joint_angles           = [0.0004, 0.2165, -0.0009, -1.8480, 0.0002, 2.0645, 0.7848]  x
  joint_velocities       = [0.0000, -0.0000, -0.0000, -0.0000, 0.0000, 0.0000, -0.0000]  x
  cube_rotation          = [0.0000, -0.0000, 0.0006]  x
  cube_linear_velocity   = [-0.0000, 0.0000, -0.0000]  x
  obstacle_positions     = {}                     x
[step= 206 01:14:06.710][Analyzer] ASM node=safe_abort  goal_status=not_applicable
[step= 207 01:14:07.854][Manager] ep=1 subtask= reward=-0.4002
[step= 207 01:14:07.854][Manager][MOCK] finger_contacts forçado para 1 (grasp_attempts=3)
[step= 207 01:14:07.854][Perception]
  RAW PERCEPTION                                  MONITORED PARAMS
  ----------------------------------------------  --------------------------------------
  fingers_width         = 0.0800 m                gripper_width_cm      = 7 cm
  dist_ee_to_cube       = 0.3939 m                distance_ee_object_cm = 39 cm
  dist_cube_to_target   = 0.4002 m  (3D)          distance_obj_goal_cm  = 40 cm  (XY)
  cube_position (z)     = 0.0100 m                object_lift_height_cm = 0 cm
  cube_position (xy)    = [-0.250, 0.000]         grasp_completed       = 0
  target_position (xy)  = [0.150, 0.000]          finger_contacts       = 1
  x                                               grasp_attempts        = 3
  episode                = 1                      x
  step                   = 207                    x
  ee_position            = [0.0137, -0.0003, 0.3026]  x
  ee_velocity            = [-0.0000, -0.0000, -0.0000]  x
  reward                 = -0.4002                x
  is_success             = False                  x
  obstacle_in_path       = False                  x
  obstacle_count_in_path = 0                      x
  obstacles              = {}                     x
  objects                = {'object_1': {'type': 'box', 'size': [0.045, 0.03, 0.02], 'mass': 10.0, 'color': [0.1, 0.2, 0.9, 1.0], 'initial_position': [-0.25, 0.0, 0.02], 'lateral_friction': 0.5, 'spinning_friction': 0.001, 'current_position': [-0.25003018367568125, 4.86395103074913e-05, 0.009990043021127869]}}  x
  scripts                = {'script_1': True, 'reach_only': True, 'left_right': True}  x
  target_goal            = {'type': 'goal_sequence', 'targets': [{'name': 'target', 'position': [0.15000000596046448, 0.0, 0.019999999552965164]}], 'mode': 'goal_sequence'}  x
  scene                  = {'table': {'length': 1.1, 'width': 0.7, 'height': 0.4, 'x_offset': -0.3, 'lateral_friction': 3.0, 'spinning_friction': 0.001}}  x
  robot_config           = {'control_type': 'ee', 'block_gripper': False, 'base_position': [-0.6, 0.0, 0.05]}  x
  current_task           = ABORT                  x
  active_target_name     = target                 x
  action                 = [0.0000, 0.0000, 0.0000, 1.0000]  x
  joint_angles           = [0.0004, 0.2165, -0.0009, -1.8480, 0.0002, 2.0645, 0.7848]  x
  joint_velocities       = [0.0000, -0.0000, -0.0000, -0.0000, 0.0000, 0.0000, -0.0000]  x
  cube_rotation          = [0.0000, -0.0000, 0.0006]  x
  cube_linear_velocity   = [-0.0000, 0.0000, -0.0000]  x
  obstacle_positions     = {}                     x
[step= 207 01:14:07.857][Analyzer] ASM node=safe_abort  goal_status=not_applicable
[step= 208 01:14:08.975][Manager] ep=1 subtask= reward=-0.4002
[step= 208 01:14:08.976][Manager][MOCK] finger_contacts forçado para 1 (grasp_attempts=3)
[step= 208 01:14:08.976][Perception]
  RAW PERCEPTION                                  MONITORED PARAMS
  ----------------------------------------------  --------------------------------------
  fingers_width         = 0.0800 m                gripper_width_cm      = 7 cm
  dist_ee_to_cube       = 0.3939 m                distance_ee_object_cm = 39 cm
  dist_cube_to_target   = 0.4002 m  (3D)          distance_obj_goal_cm  = 40 cm  (XY)
  cube_position (z)     = 0.0100 m                object_lift_height_cm = 0 cm
  cube_position (xy)    = [-0.250, 0.000]         grasp_completed       = 0
  target_position (xy)  = [0.150, 0.000]          finger_contacts       = 1
  x                                               grasp_attempts        = 3
  episode                = 1                      x
  step                   = 208                    x
  ee_position            = [0.0137, -0.0003, 0.3026]  x
  ee_velocity            = [-0.0000, -0.0000, -0.0000]  x
  reward                 = -0.4002                x
  is_success             = False                  x
  obstacle_in_path       = False                  x
  obstacle_count_in_path = 0                      x
  obstacles              = {}                     x
  objects                = {'object_1': {'type': 'box', 'size': [0.045, 0.03, 0.02], 'mass': 10.0, 'color': [0.1, 0.2, 0.9, 1.0], 'initial_position': [-0.25, 0.0, 0.02], 'lateral_friction': 0.5, 'spinning_friction': 0.001, 'current_position': [-0.2500303695575152, 4.893888895201699e-05, 0.00999004302099413]}}  x
  scripts                = {'script_1': True, 'reach_only': True, 'left_right': True}  x
  target_goal            = {'type': 'goal_sequence', 'targets': [{'name': 'target', 'position': [0.15000000596046448, 0.0, 0.019999999552965164]}], 'mode': 'goal_sequence'}  x
  scene                  = {'table': {'length': 1.1, 'width': 0.7, 'height': 0.4, 'x_offset': -0.3, 'lateral_friction': 3.0, 'spinning_friction': 0.001}}  x
  robot_config           = {'control_type': 'ee', 'block_gripper': False, 'base_position': [-0.6, 0.0, 0.05]}  x
  current_task           = ABORT                  x
  active_target_name     = target                 x
  action                 = [0.0000, 0.0000, 0.0000, 1.0000]  x
  joint_angles           = [0.0004, 0.2165, -0.0009, -1.8480, 0.0002, 2.0645, 0.7848]  x
  joint_velocities       = [0.0000, -0.0000, -0.0000, -0.0000, 0.0000, 0.0000, -0.0000]  x
  cube_rotation          = [0.0000, -0.0000, 0.0006]  x
  cube_linear_velocity   = [-0.0000, 0.0000, -0.0000]  x
  obstacle_positions     = {}                     x
[step= 208 01:14:08.978][Analyzer] ASM node=safe_abort  goal_status=not_applicable
[step= 209 01:14:10.134][Manager] ep=1 subtask= reward=-0.4002
[step= 209 01:14:10.134][Manager][MOCK] finger_contacts forçado para 1 (grasp_attempts=3)
[step= 209 01:14:10.135][Perception]
  RAW PERCEPTION                                  MONITORED PARAMS
  ----------------------------------------------  --------------------------------------
  fingers_width         = 0.0800 m                gripper_width_cm      = 7 cm
  dist_ee_to_cube       = 0.3939 m                distance_ee_object_cm = 39 cm
  dist_cube_to_target   = 0.4002 m  (3D)          distance_obj_goal_cm  = 40 cm  (XY)
  cube_position (z)     = 0.0100 m                object_lift_height_cm = 0 cm
  cube_position (xy)    = [-0.250, 0.000]         grasp_completed       = 0
  target_position (xy)  = [0.150, 0.000]          finger_contacts       = 1
  x                                               grasp_attempts        = 3
  episode                = 1                      x
  step                   = 209                    x
  ee_position            = [0.0137, -0.0003, 0.3026]  x
  ee_velocity            = [-0.0000, -0.0000, -0.0000]  x
  reward                 = -0.4002                x
  is_success             = False                  x
  obstacle_in_path       = False                  x
  obstacle_count_in_path = 0                      x
  obstacles              = {}                     x
  objects                = {'object_1': {'type': 'box', 'size': [0.045, 0.03, 0.02], 'mass': 10.0, 'color': [0.1, 0.2, 0.9, 1.0], 'initial_position': [-0.25, 0.0, 0.02], 'lateral_friction': 0.5, 'spinning_friction': 0.001, 'current_position': [-0.2500305554425685, 4.923826475529662e-05, 0.009990043020860397]}}  x
  scripts                = {'script_1': True, 'reach_only': True, 'left_right': True}  x
  target_goal            = {'type': 'goal_sequence', 'targets': [{'name': 'target', 'position': [0.15000000596046448, 0.0, 0.019999999552965164]}], 'mode': 'goal_sequence'}  x
  scene                  = {'table': {'length': 1.1, 'width': 0.7, 'height': 0.4, 'x_offset': -0.3, 'lateral_friction': 3.0, 'spinning_friction': 0.001}}  x
  robot_config           = {'control_type': 'ee', 'block_gripper': False, 'base_position': [-0.6, 0.0, 0.05]}  x
  current_task           = ABORT                  x
  active_target_name     = target                 x
  action                 = [0.0000, 0.0000, 0.0000, 1.0000]  x
  joint_angles           = [0.0004, 0.2165, -0.0009, -1.8480, 0.0002, 2.0645, 0.7848]  x
  joint_velocities       = [0.0000, -0.0000, -0.0000, -0.0000, 0.0000, 0.0000, -0.0000]  x
  cube_rotation          = [0.0000, -0.0000, 0.0006]  x
  cube_linear_velocity   = [-0.0000, 0.0000, -0.0000]  x
  obstacle_positions     = {}                     x
[step= 209 01:14:10.138][Analyzer] ASM node=safe_abort  goal_status=not_applicable
[step= 210 01:14:11.268][Manager] ep=1 subtask= reward=-0.4002
[step= 210 01:14:11.269][Manager][MOCK] finger_contacts forçado para 1 (grasp_attempts=3)
[step= 210 01:14:11.269][Perception]
  RAW PERCEPTION                                  MONITORED PARAMS
  ----------------------------------------------  --------------------------------------
  fingers_width         = 0.0800 m                gripper_width_cm      = 7 cm
  dist_ee_to_cube       = 0.3939 m                distance_ee_object_cm = 39 cm
  dist_cube_to_target   = 0.4002 m  (3D)          distance_obj_goal_cm  = 40 cm  (XY)
  cube_position (z)     = 0.0100 m                object_lift_height_cm = 0 cm
  cube_position (xy)    = [-0.250, 0.000]         grasp_completed       = 0
  target_position (xy)  = [0.150, 0.000]          finger_contacts       = 1
  x                                               grasp_attempts        = 3
  episode                = 1                      x
  step                   = 210                    x
  ee_position            = [0.0137, -0.0003, 0.3026]  x
  ee_velocity            = [-0.0000, -0.0000, -0.0000]  x
  reward                 = -0.4002                x
  is_success             = False                  x
  obstacle_in_path       = False                  x
  obstacle_count_in_path = 0                      x
  obstacles              = {}                     x
  objects                = {'object_1': {'type': 'box', 'size': [0.045, 0.03, 0.02], 'mass': 10.0, 'color': [0.1, 0.2, 0.9, 1.0], 'initial_position': [-0.25, 0.0, 0.02], 'lateral_friction': 0.5, 'spinning_friction': 0.001, 'current_position': [-0.2500307413308406, 4.9537637717047054e-05, 0.00999004302072664]}}  x
  scripts                = {'script_1': True, 'reach_only': True, 'left_right': True}  x
  target_goal            = {'type': 'goal_sequence', 'targets': [{'name': 'target', 'position': [0.15000000596046448, 0.0, 0.019999999552965164]}], 'mode': 'goal_sequence'}  x
  scene                  = {'table': {'length': 1.1, 'width': 0.7, 'height': 0.4, 'x_offset': -0.3, 'lateral_friction': 3.0, 'spinning_friction': 0.001}}  x
  robot_config           = {'control_type': 'ee', 'block_gripper': False, 'base_position': [-0.6, 0.0, 0.05]}  x
  current_task           = ABORT                  x
  active_target_name     = target                 x
  action                 = [0.0000, 0.0000, 0.0000, 1.0000]  x
  joint_angles           = [0.0004, 0.2165, -0.0009, -1.8480, 0.0002, 2.0645, 0.7848]  x
  joint_velocities       = [0.0000, -0.0000, -0.0000, -0.0000, 0.0000, 0.0000, -0.0000]  x
  cube_rotation          = [0.0000, -0.0000, 0.0006]  x
  cube_linear_velocity   = [-0.0000, 0.0000, -0.0000]  x
  obstacle_positions     = {}                     x
[step= 210 01:14:11.271][Analyzer] ASM node=safe_abort  goal_status=not_applicable
[step= 211 01:14:12.415][Manager] ep=1 subtask= reward=-0.4002
[step= 211 01:14:12.415][Manager][MOCK] finger_contacts forçado para 1 (grasp_attempts=3)
[step= 211 01:14:12.416][Perception]
  RAW PERCEPTION                                  MONITORED PARAMS
  ----------------------------------------------  --------------------------------------
  fingers_width         = 0.0800 m                gripper_width_cm      = 7 cm
  dist_ee_to_cube       = 0.3939 m                distance_ee_object_cm = 39 cm
  dist_cube_to_target   = 0.4002 m  (3D)          distance_obj_goal_cm  = 40 cm  (XY)
  cube_position (z)     = 0.0100 m                object_lift_height_cm = 0 cm
  cube_position (xy)    = [-0.250, 0.000]         grasp_completed       = 0
  target_position (xy)  = [0.150, 0.000]          finger_contacts       = 1
  x                                               grasp_attempts        = 3
  episode                = 1                      x
  step                   = 211                    x
  ee_position            = [0.0137, -0.0003, 0.3026]  x
  ee_velocity            = [-0.0000, -0.0000, -0.0000]  x
  reward                 = -0.4002                x
  is_success             = False                  x
  obstacle_in_path       = False                  x
  obstacle_count_in_path = 0                      x
  obstacles              = {}                     x
  objects                = {'object_1': {'type': 'box', 'size': [0.045, 0.03, 0.02], 'mass': 10.0, 'color': [0.1, 0.2, 0.9, 1.0], 'initial_position': [-0.25, 0.0, 0.02], 'lateral_friction': 0.5, 'spinning_friction': 0.001, 'current_position': [-0.2500309272223322, 4.983700783695131e-05, 0.009990043020592861]}}  x
  scripts                = {'script_1': True, 'reach_only': True, 'left_right': True}  x
  target_goal            = {'type': 'goal_sequence', 'targets': [{'name': 'target', 'position': [0.15000000596046448, 0.0, 0.019999999552965164]}], 'mode': 'goal_sequence'}  x
  scene                  = {'table': {'length': 1.1, 'width': 0.7, 'height': 0.4, 'x_offset': -0.3, 'lateral_friction': 3.0, 'spinning_friction': 0.001}}  x
  robot_config           = {'control_type': 'ee', 'block_gripper': False, 'base_position': [-0.6, 0.0, 0.05]}  x
  current_task           = ABORT                  x
  active_target_name     = target                 x
  action                 = [0.0000, 0.0000, 0.0000, 1.0000]  x
  joint_angles           = [0.0004, 0.2165, -0.0009, -1.8480, 0.0002, 2.0645, 0.7848]  x
  joint_velocities       = [0.0000, -0.0000, -0.0000, -0.0000, 0.0000, 0.0000, -0.0000]  x
  cube_rotation          = [0.0000, -0.0000, 0.0006]  x
  cube_linear_velocity   = [-0.0000, 0.0000, -0.0000]  x
  obstacle_positions     = {}                     x
[step= 211 01:14:12.418][Analyzer] ASM node=safe_abort  goal_status=not_applicable
[step= 212 01:14:13.574][Manager] ep=1 subtask= reward=-0.4002
[step= 212 01:14:13.575][Manager][MOCK] finger_contacts forçado para 1 (grasp_attempts=3)
[step= 212 01:14:13.575][Perception]
  RAW PERCEPTION                                  MONITORED PARAMS
  ----------------------------------------------  --------------------------------------
  fingers_width         = 0.0800 m                gripper_width_cm      = 7 cm
  dist_ee_to_cube       = 0.3939 m                distance_ee_object_cm = 39 cm
  dist_cube_to_target   = 0.4002 m  (3D)          distance_obj_goal_cm  = 40 cm  (XY)
  cube_position (z)     = 0.0100 m                object_lift_height_cm = 0 cm
  cube_position (xy)    = [-0.250, 0.000]         grasp_completed       = 0
  target_position (xy)  = [0.150, 0.000]          finger_contacts       = 1
  x                                               grasp_attempts        = 3
  episode                = 1                      x
  step                   = 212                    x
  ee_position            = [0.0137, -0.0003, 0.3026]  x
  ee_velocity            = [-0.0000, -0.0000, -0.0000]  x
  reward                 = -0.4002                x
  is_success             = False                  x
  obstacle_in_path       = False                  x
  obstacle_count_in_path = 0                      x
  obstacles              = {}                     x
  objects                = {'object_1': {'type': 'box', 'size': [0.045, 0.03, 0.02], 'mass': 10.0, 'color': [0.1, 0.2, 0.9, 1.0], 'initial_position': [-0.25, 0.0, 0.02], 'lateral_friction': 0.5, 'spinning_friction': 0.001, 'current_position': [-0.2500311131170435, 5.013637511468628e-05, 0.009990043020459076]}}  x
  scripts                = {'script_1': True, 'reach_only': True, 'left_right': True}  x
  target_goal            = {'type': 'goal_sequence', 'targets': [{'name': 'target', 'position': [0.15000000596046448, 0.0, 0.019999999552965164]}], 'mode': 'goal_sequence'}  x
  scene                  = {'table': {'length': 1.1, 'width': 0.7, 'height': 0.4, 'x_offset': -0.3, 'lateral_friction': 3.0, 'spinning_friction': 0.001}}  x
  robot_config           = {'control_type': 'ee', 'block_gripper': False, 'base_position': [-0.6, 0.0, 0.05]}  x
  current_task           = ABORT                  x
  active_target_name     = target                 x
  action                 = [0.0000, 0.0000, 0.0000, 1.0000]  x
  joint_angles           = [0.0004, 0.2165, -0.0009, -1.8480, 0.0002, 2.0645, 0.7848]  x
  joint_velocities       = [0.0000, -0.0000, -0.0000, -0.0000, 0.0000, 0.0000, -0.0000]  x
  cube_rotation          = [0.0000, -0.0000, 0.0006]  x
  cube_linear_velocity   = [-0.0000, 0.0000, -0.0000]  x
  obstacle_positions     = {}                     x
[step= 212 01:14:13.577][Analyzer] ASM node=safe_abort  goal_status=not_applicable
[step= 213 01:14:14.734][Manager] ep=1 subtask= reward=-0.4002
[step= 213 01:14:14.735][Manager][MOCK] finger_contacts forçado para 1 (grasp_attempts=3)
[step= 213 01:14:14.735][Perception]
  RAW PERCEPTION                                  MONITORED PARAMS
  ----------------------------------------------  --------------------------------------
  fingers_width         = 0.0800 m                gripper_width_cm      = 7 cm
  dist_ee_to_cube       = 0.3939 m                distance_ee_object_cm = 39 cm
  dist_cube_to_target   = 0.4002 m  (3D)          distance_obj_goal_cm  = 40 cm  (XY)
  cube_position (z)     = 0.0100 m                object_lift_height_cm = 0 cm
  cube_position (xy)    = [-0.250, 0.000]         grasp_completed       = 0
  target_position (xy)  = [0.150, 0.000]          finger_contacts       = 1
  x                                               grasp_attempts        = 3
  episode                = 1                      x
  step                   = 213                    x
  ee_position            = [0.0137, -0.0003, 0.3026]  x
  ee_velocity            = [-0.0000, -0.0000, -0.0000]  x
  reward                 = -0.4002                x
  is_success             = False                  x
  obstacle_in_path       = False                  x
  obstacle_count_in_path = 0                      x
  obstacles              = {}                     x
  objects                = {'object_1': {'type': 'box', 'size': [0.045, 0.03, 0.02], 'mass': 10.0, 'color': [0.1, 0.2, 0.9, 1.0], 'initial_position': [-0.25, 0.0, 0.02], 'lateral_friction': 0.5, 'spinning_friction': 0.001, 'current_position': [-0.25003129901497473, 5.043573954995109e-05, 0.009990043020325285]}}  x
  scripts                = {'script_1': True, 'reach_only': True, 'left_right': True}  x
  target_goal            = {'type': 'goal_sequence', 'targets': [{'name': 'target', 'position': [0.15000000596046448, 0.0, 0.019999999552965164]}], 'mode': 'goal_sequence'}  x
  scene                  = {'table': {'length': 1.1, 'width': 0.7, 'height': 0.4, 'x_offset': -0.3, 'lateral_friction': 3.0, 'spinning_friction': 0.001}}  x
  robot_config           = {'control_type': 'ee', 'block_gripper': False, 'base_position': [-0.6, 0.0, 0.05]}  x
  current_task           = ABORT                  x
  active_target_name     = target                 x
  action                 = [0.0000, 0.0000, 0.0000, 1.0000]  x
  joint_angles           = [0.0004, 0.2165, -0.0009, -1.8480, 0.0002, 2.0645, 0.7848]  x
  joint_velocities       = [0.0000, -0.0000, -0.0000, -0.0000, 0.0000, 0.0000, -0.0000]  x
  cube_rotation          = [0.0000, -0.0000, 0.0006]  x
  cube_linear_velocity   = [-0.0000, 0.0000, -0.0000]  x
  obstacle_positions     = {}                     x
[step= 213 01:14:14.737][Analyzer] ASM node=safe_abort  goal_status=not_applicable
[step= 214 01:14:15.868][Manager] ep=1 subtask= reward=-0.4002
[step= 214 01:14:15.868][Manager][MOCK] finger_contacts forçado para 1 (grasp_attempts=3)
[step= 214 01:14:15.868][Perception]
  RAW PERCEPTION                                  MONITORED PARAMS
  ----------------------------------------------  --------------------------------------
  fingers_width         = 0.0800 m                gripper_width_cm      = 7 cm
  dist_ee_to_cube       = 0.3939 m                distance_ee_object_cm = 39 cm
  dist_cube_to_target   = 0.4002 m  (3D)          distance_obj_goal_cm  = 40 cm  (XY)
  cube_position (z)     = 0.0100 m                object_lift_height_cm = 0 cm
  cube_position (xy)    = [-0.250, 0.000]         grasp_completed       = 0
  target_position (xy)  = [0.150, 0.000]          finger_contacts       = 1
  x                                               grasp_attempts        = 3
  episode                = 1                      x
  step                   = 214                    x
  ee_position            = [0.0137, -0.0003, 0.3026]  x
  ee_velocity            = [-0.0000, -0.0000, -0.0000]  x
  reward                 = -0.4002                x
  is_success             = False                  x
  obstacle_in_path       = False                  x
  obstacle_count_in_path = 0                      x
  obstacles              = {}                     x
  objects                = {'object_1': {'type': 'box', 'size': [0.045, 0.03, 0.02], 'mass': 10.0, 'color': [0.1, 0.2, 0.9, 1.0], 'initial_position': [-0.25, 0.0, 0.02], 'lateral_friction': 0.5, 'spinning_friction': 0.001, 'current_position': [-0.2500314849161264, 5.0735101142449045e-05, 0.009990043020191497]}}  x
  scripts                = {'script_1': True, 'reach_only': True, 'left_right': True}  x
  target_goal            = {'type': 'goal_sequence', 'targets': [{'name': 'target', 'position': [0.15000000596046448, 0.0, 0.019999999552965164]}], 'mode': 'goal_sequence'}  x
  scene                  = {'table': {'length': 1.1, 'width': 0.7, 'height': 0.4, 'x_offset': -0.3, 'lateral_friction': 3.0, 'spinning_friction': 0.001}}  x
  robot_config           = {'control_type': 'ee', 'block_gripper': False, 'base_position': [-0.6, 0.0, 0.05]}  x
  current_task           = ABORT                  x
  active_target_name     = target                 x
  action                 = [0.0000, 0.0000, 0.0000, 1.0000]  x
  joint_angles           = [0.0004, 0.2165, -0.0009, -1.8480, 0.0002, 2.0645, 0.7848]  x
  joint_velocities       = [0.0000, -0.0000, -0.0000, -0.0000, 0.0000, 0.0000, -0.0000]  x
  cube_rotation          = [0.0000, -0.0000, 0.0006]  x
  cube_linear_velocity   = [-0.0000, 0.0000, -0.0000]  x
  obstacle_positions     = {}                     x
[step= 214 01:14:15.870][Analyzer] ASM node=safe_abort  goal_status=not_applicable
