[Trace] Gravando em: C:\Users\lucas_alves\Workspace\self-adaptive-arm-simulator\1-manager\traces\trace_20260725_010203.log
[step=   0 01:02:03.842][Manager] MOCK ativo: {'enabled': True, 'finger_contacts': 1}
[step=   0 01:02:04.083][Manager] GUI conectado.
[step=   0 01:02:05.584][Manager] Aguardando percepcoes do managing...

[step=   0 01:02:05.598][WsClient] Conectado a ws://localhost:8000/ws/perception
[step=   1 01:02:05.627][Manager] ep=1 subtask=APPROACH_OBJECT reward=-0.4001
[step=   1 01:02:05.627][Manager][MOCK] finger_contacts forçado para 1 (grasp_attempts=0)
[step=   1 01:02:05.632][Perception]
  RAW PERCEPTION                                  MONITORED PARAMS
  ----------------------------------------------  --------------------------------------
  fingers_width         = 0.0703 m                gripper_width_cm      = 7 cm
  dist_ee_to_cube       = 0.3152 m                distance_ee_object_cm = 31 cm
  dist_cube_to_target   = 0.4001 m  (3D)          distance_obj_goal_cm  = 40 cm  (XY)
  cube_position (z)     = 0.0118 m                object_lift_height_cm = 0 cm
  cube_position (xy)    = [-0.250, 0.000]         grasp_completed       = 0
  target_position (xy)  = [0.150, 0.000]          finger_contacts       = 1
  x                                               grasp_attempts        = 0
  episode                = 1                      x
  step                   = 1                      x
  ee_position            = [0.0095, 0.0000, 0.1906]  x
  ee_velocity            = [-0.4160, 0.0005, -0.0497]  x
  reward                 = -0.4001                x
  is_success             = False                  x
  obstacle_in_path       = False                  x
  obstacle_count_in_path = 0                      x
  obstacles              = {}                     x
  objects                = {'object_1': {'type': 'box', 'size': [0.045, 0.03, 0.02], 'mass': 1.0, 'color': [0.1, 0.2, 0.9, 1.0], 'initial_position': [-0.25, 0.0, 0.02], 'lateral_friction': 0.5, 'spinning_friction': 0.001, 'current_position': [-0.25, 0.0, 0.011764591277502501]}}  x
  scripts                = {'script_1': True, 'reach_only': True, 'left_right': True}  x
  target_goal            = {'type': 'goal_sequence', 'targets': [{'name': 'target', 'position': [0.15000000596046448, 0.0, 0.019999999552965164]}], 'mode': 'goal_sequence'}  x
  scene                  = {'table': {'length': 1.1, 'width': 0.7, 'height': 0.4, 'x_offset': -0.3, 'lateral_friction': 3.0, 'spinning_friction': 0.001}}  x
  robot_config           = {'control_type': 'ee', 'block_gripper': False, 'base_position': [-0.6, 0.0, 0.05]}  x
  current_task           = OBJECT_DELIVERY_SEQUENCE  x
  current_subtask        = APPROACH_OBJECT        x
  active_target_name     = target                 x
  action                 = [-0.9839, 0.0000, -0.1787, 1.0000]  x
  joint_angles           = [-0.0006, 0.3402, 0.0006, -1.9788, -0.0003, 2.3185, 0.7862]  x
  joint_velocities       = [-0.0043, -0.9484, 0.0052, -1.5662, -0.0026, 0.4502, -0.0295]  x
  cube_rotation          = [0.0000, -0.0000, 0.0000]  x
  cube_linear_velocity   = [0.0000, 0.0000, -0.3920]  x
  obstacle_positions     = {}                     x
[step=   1 01:02:05.634][ASM] [OK] __init__ → approach_object  (type=domain)
[step=   1 01:02:05.634][Analyzer] ASM node=approach_object  goal_status=ok  (scenario=APPROACH_OBJECT)
[step=   2 01:02:06.773][Manager] ep=1 subtask=APPROACH_OBJECT reward=-0.4001
[step=   2 01:02:06.773][Manager][MOCK] finger_contacts forçado para 1 (grasp_attempts=0)
[step=   2 01:02:06.774][Perception]
  RAW PERCEPTION                                  MONITORED PARAMS
  ----------------------------------------------  --------------------------------------
  fingers_width         = 0.0788 m                gripper_width_cm      = 7 cm
  dist_ee_to_cube       = 0.2861 m                distance_ee_object_cm = 28 cm
  dist_cube_to_target   = 0.4001 m  (3D)          distance_obj_goal_cm  = 40 cm  (XY)
  cube_position (z)     = 0.0098 m                object_lift_height_cm = 0 cm
  cube_position (xy)    = [-0.250, -0.000]        grasp_completed       = 0
  target_position (xy)  = [0.150, 0.000]          finger_contacts       = 1
  x                                               grasp_attempts        = 0
  episode                = 1                      x
  step                   = 2                      x
  ee_position            = [-0.0223, 0.0000, 0.1830]  x
  ee_velocity            = [-0.3646, 0.0001, -0.0907]  x
  reward                 = -0.4001                x
  is_success             = False                  x
  obstacle_in_path       = False                  x
  obstacle_count_in_path = 0                      x
  obstacles              = {}                     x
  objects                = {'object_1': {'type': 'box', 'size': [0.045, 0.03, 0.02], 'mass': 1.0, 'color': [0.1, 0.2, 0.9, 1.0], 'initial_position': [-0.25, 0.0, 0.02], 'lateral_friction': 0.5, 'spinning_friction': 0.001, 'current_position': [-0.2500002668900512, -1.393589552837072e-07, 0.009793600695238469]}}  x
  scripts                = {'script_1': True, 'reach_only': True, 'left_right': True}  x
  target_goal            = {'type': 'goal_sequence', 'targets': [{'name': 'target', 'position': [0.15000000596046448, 0.0, 0.019999999552965164]}], 'mode': 'goal_sequence'}  x
  scene                  = {'table': {'length': 1.1, 'width': 0.7, 'height': 0.4, 'x_offset': -0.3, 'lateral_friction': 3.0, 'spinning_friction': 0.001}}  x
  robot_config           = {'control_type': 'ee', 'block_gripper': False, 'base_position': [-0.6, 0.0, 0.05]}  x
  current_task           = OBJECT_DELIVERY_SEQUENCE  x
  current_subtask        = APPROACH_OBJECT        x
  active_target_name     = target                 x
  action                 = [-0.9791, -0.0000, -0.2032, 1.0000]  x
  joint_angles           = [-0.0006, 0.2708, 0.0007, -2.1078, -0.0003, 2.3783, 0.7857]  x
  joint_velocities       = [-0.0007, -0.7150, 0.0008, -1.3163, 0.0000, 0.4595, -0.0038]  x
  cube_rotation          = [0.0000, -0.0000, 0.0000]  x
  cube_linear_velocity   = [-0.0000, 0.0000, 0.0086]  x
  obstacle_positions     = {}                     x
[step=   2 01:02:06.776][Analyzer] ASM node=approach_object  goal_status=not_applicable
[step=   3 01:02:07.922][Manager] ep=1 subtask=APPROACH_OBJECT reward=-0.4001
[step=   3 01:02:07.922][Manager][MOCK] finger_contacts forçado para 1 (grasp_attempts=0)
[step=   3 01:02:07.922][Perception]
  RAW PERCEPTION                                  MONITORED PARAMS
  ----------------------------------------------  --------------------------------------
  fingers_width         = 0.0799 m                gripper_width_cm      = 7 cm
  dist_ee_to_cube       = 0.2553 m                distance_ee_object_cm = 25 cm
  dist_cube_to_target   = 0.4001 m  (3D)          distance_obj_goal_cm  = 40 cm  (XY)
  cube_position (z)     = 0.0100 m                object_lift_height_cm = 0 cm
  cube_position (xy)    = [-0.250, 0.000]         grasp_completed       = 0
  target_position (xy)  = [0.150, 0.000]          finger_contacts       = 1
  x                                               grasp_attempts        = 0
  episode                = 1                      x
  step                   = 3                      x
  ee_position            = [-0.0551, 0.0000, 0.1748]  x
  ee_velocity            = [-0.3917, 0.0002, -0.0906]  x
  reward                 = -0.4001                x
  is_success             = False                  x
  obstacle_in_path       = False                  x
  obstacle_count_in_path = 0                      x
  obstacles              = {}                     x
  objects                = {'object_1': {'type': 'box', 'size': [0.045, 0.03, 0.02], 'mass': 1.0, 'color': [0.1, 0.2, 0.9, 1.0], 'initial_position': [-0.25, 0.0, 0.02], 'lateral_friction': 0.5, 'spinning_friction': 0.001, 'current_position': [-0.2500004926223231, 3.302827232134305e-08, 0.009953496111979885]}}  x
  scripts                = {'script_1': True, 'reach_only': True, 'left_right': True}  x
  target_goal            = {'type': 'goal_sequence', 'targets': [{'name': 'target', 'position': [0.15000000596046448, 0.0, 0.019999999552965164]}], 'mode': 'goal_sequence'}  x
  scene                  = {'table': {'length': 1.1, 'width': 0.7, 'height': 0.4, 'x_offset': -0.3, 'lateral_friction': 3.0, 'spinning_friction': 0.001}}  x
  robot_config           = {'control_type': 'ee', 'block_gripper': False, 'base_position': [-0.6, 0.0, 0.05]}  x
  current_task           = OBJECT_DELIVERY_SEQUENCE  x
  current_subtask        = APPROACH_OBJECT        x
  active_target_name     = target                 x
  action                 = [-0.9783, -0.0001, -0.2072, 1.0000]  x
  joint_angles           = [-0.0007, 0.2033, 0.0007, -2.2340, -0.0002, 2.4374, 0.7856]  x
  joint_velocities       = [-0.0002, -0.7469, 0.0006, -1.3438, 0.0003, 0.4543, -0.0006]  x
  cube_rotation          = [0.0000, -0.0000, 0.0000]  x
  cube_linear_velocity   = [-0.0000, 0.0000, 0.0016]  x
  obstacle_positions     = {}                     x
[step=   3 01:02:07.925][Analyzer] ASM node=approach_object  goal_status=not_applicable
[step=   4 01:02:09.067][Manager] ep=1 subtask=APPROACH_OBJECT reward=-0.4001
[step=   4 01:02:09.067][Manager][MOCK] finger_contacts forçado para 1 (grasp_attempts=0)
[step=   4 01:02:09.068][Perception]
  RAW PERCEPTION                                  MONITORED PARAMS
  ----------------------------------------------  --------------------------------------
  fingers_width         = 0.0800 m                gripper_width_cm      = 7 cm
  dist_ee_to_cube       = 0.2246 m                distance_ee_object_cm = 22 cm
  dist_cube_to_target   = 0.4001 m  (3D)          distance_obj_goal_cm  = 40 cm  (XY)
  cube_position (z)     = 0.0100 m                object_lift_height_cm = 0 cm
  cube_position (xy)    = [-0.250, 0.000]         grasp_completed       = 0
  target_position (xy)  = [0.150, 0.000]          finger_contacts       = 1
  x                                               grasp_attempts        = 0
  episode                = 1                      x
  step                   = 4                      x
  ee_position            = [-0.0890, 0.0001, 0.1666]  x
  ee_velocity            = [-0.3967, 0.0003, -0.0883]  x
  reward                 = -0.4001                x
  is_success             = False                  x
  obstacle_in_path       = False                  x
  obstacle_count_in_path = 0                      x
  obstacles              = {}                     x
  objects                = {'object_1': {'type': 'box', 'size': [0.045, 0.03, 0.02], 'mass': 1.0, 'color': [0.1, 0.2, 0.9, 1.0], 'initial_position': [-0.25, 0.0, 0.02], 'lateral_friction': 0.5, 'spinning_friction': 0.001, 'current_position': [-0.2500006872799741, 3.041428428992515e-07, 0.009983673779230654]}}  x
  scripts                = {'script_1': True, 'reach_only': True, 'left_right': True}  x
  target_goal            = {'type': 'goal_sequence', 'targets': [{'name': 'target', 'position': [0.15000000596046448, 0.0, 0.019999999552965164]}], 'mode': 'goal_sequence'}  x
  scene                  = {'table': {'length': 1.1, 'width': 0.7, 'height': 0.4, 'x_offset': -0.3, 'lateral_friction': 3.0, 'spinning_friction': 0.001}}  x
  robot_config           = {'control_type': 'ee', 'block_gripper': False, 'base_position': [-0.6, 0.0, 0.05]}  x
  current_task           = OBJECT_DELIVERY_SEQUENCE  x
  current_subtask        = APPROACH_OBJECT        x
  active_target_name     = target                 x
  action                 = [-0.9797, -0.0002, -0.2004, 1.0000]  x
  joint_angles           = [-0.0007, 0.1363, 0.0008, -2.3577, -0.0002, 2.4943, 0.7856]  x
  joint_velocities       = [-0.0002, -0.7402, 0.0007, -1.3082, 0.0004, 0.4379, -0.0002]  x
  cube_rotation          = [0.0001, -0.0000, 0.0000]  x
  cube_linear_velocity   = [-0.0000, 0.0000, 0.0003]  x
  obstacle_positions     = {}                     x
[step=   4 01:02:09.070][Analyzer] ASM node=approach_object  goal_status=not_applicable
[step=   5 01:02:10.213][Manager] ep=1 subtask=APPROACH_OBJECT reward=-0.4001
[step=   5 01:02:10.214][Manager][MOCK] finger_contacts forçado para 1 (grasp_attempts=0)
[step=   5 01:02:10.214][Perception]
  RAW PERCEPTION                                  MONITORED PARAMS
  ----------------------------------------------  --------------------------------------
  fingers_width         = 0.0800 m                gripper_width_cm      = 7 cm
  dist_ee_to_cube       = 0.1945 m                distance_ee_object_cm = 19 cm
  dist_cube_to_target   = 0.4001 m  (3D)          distance_obj_goal_cm  = 40 cm  (XY)
  cube_position (z)     = 0.0100 m                object_lift_height_cm = 0 cm
  cube_position (xy)    = [-0.250, 0.000]         grasp_completed       = 0
  target_position (xy)  = [0.150, 0.000]          finger_contacts       = 1
  x                                               grasp_attempts        = 0
  episode                = 1                      x
  step                   = 5                      x
  ee_position            = [-0.1240, 0.0001, 0.1581]  x
  ee_velocity            = [-0.3921, 0.0007, -0.0789]  x
  reward                 = -0.4001                x
  is_success             = False                  x
  obstacle_in_path       = False                  x
  obstacle_count_in_path = 0                      x
  obstacles              = {}                     x
  objects                = {'object_1': {'type': 'box', 'size': [0.045, 0.03, 0.02], 'mass': 1.0, 'color': [0.1, 0.2, 0.9, 1.0], 'initial_position': [-0.25, 0.0, 0.02], 'lateral_friction': 0.5, 'spinning_friction': 0.001, 'current_position': [-0.25000082630655907, 7.246691879553323e-07, 0.009989287317638014]}}  x
  scripts                = {'script_1': True, 'reach_only': True, 'left_right': True}  x
  target_goal            = {'type': 'goal_sequence', 'targets': [{'name': 'target', 'position': [0.15000000596046448, 0.0, 0.019999999552965164]}], 'mode': 'goal_sequence'}  x
  scene                  = {'table': {'length': 1.1, 'width': 0.7, 'height': 0.4, 'x_offset': -0.3, 'lateral_friction': 3.0, 'spinning_friction': 0.001}}  x
  robot_config           = {'control_type': 'ee', 'block_gripper': False, 'base_position': [-0.6, 0.0, 0.05]}  x
  current_task           = OBJECT_DELIVERY_SEQUENCE  x
  current_subtask        = APPROACH_OBJECT        x
  active_target_name     = target                 x
  action                 = [-0.9813, -0.0003, -0.1925, 1.0000]  x
  joint_angles           = [-0.0007, 0.0699, 0.0008, -2.4794, -0.0001, 2.5493, 0.7856]  x
  joint_velocities       = [-0.0001, -0.7404, 0.0017, -1.2617, 0.0005, 0.4229, -0.0002]  x
  cube_rotation          = [0.0000, -0.0000, 0.0000]  x
  cube_linear_velocity   = [0.0000, 0.0000, 0.0000]  x
  obstacle_positions     = {}                     x
[step=   5 01:02:10.217][Analyzer] ASM node=approach_object  goal_status=not_applicable
[step=   6 01:02:12.288][Manager] ep=1 subtask=APPROACH_OBJECT reward=-0.4001
[step=   6 01:02:12.288][Manager][MOCK] finger_contacts forçado para 1 (grasp_attempts=0)
[step=   6 01:02:12.289][Perception]
  RAW PERCEPTION                                  MONITORED PARAMS
  ----------------------------------------------  --------------------------------------
  fingers_width         = 0.0800 m                gripper_width_cm      = 7 cm
  dist_ee_to_cube       = 0.1665 m                distance_ee_object_cm = 16 cm
  dist_cube_to_target   = 0.4001 m  (3D)          distance_obj_goal_cm  = 40 cm  (XY)
  cube_position (z)     = 0.0100 m                object_lift_height_cm = 0 cm
  cube_position (xy)    = [-0.250, 0.000]         grasp_completed       = 0
  target_position (xy)  = [0.150, 0.000]          finger_contacts       = 1
  x                                               grasp_attempts        = 0
  episode                = 1                      x
  step                   = 6                      x
  ee_position            = [-0.1596, 0.0001, 0.1498]  x
  ee_velocity            = [-0.4254, 0.0008, -0.0990]  x
  reward                 = -0.4001                x
  is_success             = False                  x
  obstacle_in_path       = False                  x
  obstacle_count_in_path = 0                      x
  obstacles              = {}                     x
  objects                = {'object_1': {'type': 'box', 'size': [0.045, 0.03, 0.02], 'mass': 1.0, 'color': [0.1, 0.2, 0.9, 1.0], 'initial_position': [-0.25, 0.0, 0.02], 'lateral_friction': 0.5, 'spinning_friction': 0.001, 'current_position': [-0.2500009006069605, 1.3682955281601891e-06, 0.009990041713714185]}}  x
  scripts                = {'script_1': True, 'reach_only': True, 'left_right': True}  x
  target_goal            = {'type': 'goal_sequence', 'targets': [{'name': 'target', 'position': [0.15000000596046448, 0.0, 0.019999999552965164]}], 'mode': 'goal_sequence'}  x
  scene                  = {'table': {'length': 1.1, 'width': 0.7, 'height': 0.4, 'x_offset': -0.3, 'lateral_friction': 3.0, 'spinning_friction': 0.001}}  x
  robot_config           = {'control_type': 'ee', 'block_gripper': False, 'base_position': [-0.6, 0.0, 0.05]}  x
  current_task           = OBJECT_DELIVERY_SEQUENCE  x
  current_subtask        = APPROACH_OBJECT        x
  active_target_name     = target                 x
  action                 = [-0.9836, -0.0005, -0.1804, 1.0000]  x
  joint_angles           = [-0.0007, 0.0034, 0.0009, -2.5990, -0.0000, 2.6025, 0.7855]  x
  joint_velocities       = [-0.0001, -0.7461, 0.0022, -1.3000, 0.0007, 0.4087, -0.0004]  x
  cube_rotation          = [0.0000, -0.0000, 0.0000]  x
  cube_linear_velocity   = [-0.0000, 0.0000, 0.0000]  x
  obstacle_positions     = {}                     x
[step=   6 01:02:12.292][Analyzer] ASM node=approach_object  goal_status=not_applicable
[step=   7 01:02:13.321][Manager] ep=1 subtask=APPROACH_OBJECT reward=-0.4001
[step=   7 01:02:13.321][Manager][MOCK] finger_contacts forçado para 1 (grasp_attempts=0)
[step=   7 01:02:13.321][Perception]
  RAW PERCEPTION                                  MONITORED PARAMS
  ----------------------------------------------  --------------------------------------
  fingers_width         = 0.0800 m                gripper_width_cm      = 7 cm
  dist_ee_to_cube       = 0.1419 m                distance_ee_object_cm = 14 cm
  dist_cube_to_target   = 0.4001 m  (3D)          distance_obj_goal_cm  = 40 cm  (XY)
  cube_position (z)     = 0.0100 m                object_lift_height_cm = 0 cm
  cube_position (xy)    = [-0.250, 0.000]         grasp_completed       = 0
  target_position (xy)  = [0.150, 0.000]          finger_contacts       = 1
  x                                               grasp_attempts        = 0
  episode                = 1                      x
  step                   = 7                      x
  ee_position            = [-0.1962, 0.0001, 0.1413]  x
  ee_velocity            = [-0.4646, 0.0004, -0.1195]  x
  reward                 = -0.4001                x
  is_success             = False                  x
  obstacle_in_path       = False                  x
  obstacle_count_in_path = 0                      x
  obstacles              = {}                     x
  objects                = {'object_1': {'type': 'box', 'size': [0.045, 0.03, 0.02], 'mass': 1.0, 'color': [0.1, 0.2, 0.9, 1.0], 'initial_position': [-0.25, 0.0, 0.02], 'lateral_friction': 0.5, 'spinning_friction': 0.001, 'current_position': [-0.25000108519544967, 1.6684144918765494e-06, 0.009990043041958252]}}  x
  scripts                = {'script_1': True, 'reach_only': True, 'left_right': True}  x
  target_goal            = {'type': 'goal_sequence', 'targets': [{'name': 'target', 'position': [0.15000000596046448, 0.0, 0.019999999552965164]}], 'mode': 'goal_sequence'}  x
  scene                  = {'table': {'length': 1.1, 'width': 0.7, 'height': 0.4, 'x_offset': -0.3, 'lateral_friction': 3.0, 'spinning_friction': 0.001}}  x
  robot_config           = {'control_type': 'ee', 'block_gripper': False, 'base_position': [-0.6, 0.0, 0.05]}  x
  current_task           = OBJECT_DELIVERY_SEQUENCE  x
  current_subtask        = APPROACH_OBJECT        x
  active_target_name     = target                 x
  action                 = [-0.9869, -0.0007, -0.1615, 1.0000]  x
  joint_angles           = [-0.0007, -0.0640, 0.0009, -2.7175, 0.0001, 2.6524, 0.7854]  x
  joint_velocities       = [-0.0000, -0.7628, 0.0017, -1.3510, 0.0009, 0.3840, -0.0007]  x
  cube_rotation          = [0.0000, -0.0000, 0.0000]  x
  cube_linear_velocity   = [-0.0000, 0.0000, -0.0000]  x
  obstacle_positions     = {}                     x
[step=   7 01:02:13.324][Analyzer] ASM node=approach_object  goal_status=not_applicable
[step=   8 01:02:14.467][Manager] ep=1 subtask=APPROACH_OBJECT reward=-0.4001
[step=   8 01:02:14.468][Manager][MOCK] finger_contacts forçado para 1 (grasp_attempts=0)
[step=   8 01:02:14.468][Perception]
  RAW PERCEPTION                                  MONITORED PARAMS
  ----------------------------------------------  --------------------------------------
  fingers_width         = 0.0800 m                gripper_width_cm      = 7 cm
  dist_ee_to_cube       = 0.1246 m                distance_ee_object_cm = 12 cm
  dist_cube_to_target   = 0.4001 m  (3D)          distance_obj_goal_cm  = 40 cm  (XY)
  cube_position (z)     = 0.0100 m                object_lift_height_cm = 0 cm
  cube_position (xy)    = [-0.250, 0.000]         grasp_completed       = 0
  target_position (xy)  = [0.150, 0.000]          finger_contacts       = 1
  x                                               grasp_attempts        = 0
  episode                = 1                      x
  step                   = 8                      x
  ee_position            = [-0.2335, 0.0000, 0.1335]  x
  ee_velocity            = [-0.4720, -0.0000, -0.1100]  x
  reward                 = -0.4001                x
  is_success             = False                  x
  obstacle_in_path       = False                  x
  obstacle_count_in_path = 0                      x
  obstacles              = {}                     x
  objects                = {'object_1': {'type': 'box', 'size': [0.045, 0.03, 0.02], 'mass': 1.0, 'color': [0.1, 0.2, 0.9, 1.0], 'initial_position': [-0.25, 0.0, 0.02], 'lateral_friction': 0.5, 'spinning_friction': 0.001, 'current_position': [-0.25000127057537036, 1.968234631443154e-06, 0.009990043041826413]}}  x
  scripts                = {'script_1': True, 'reach_only': True, 'left_right': True}  x
  target_goal            = {'type': 'goal_sequence', 'targets': [{'name': 'target', 'position': [0.15000000596046448, 0.0, 0.019999999552965164]}], 'mode': 'goal_sequence'}  x
  scene                  = {'table': {'length': 1.1, 'width': 0.7, 'height': 0.4, 'x_offset': -0.3, 'lateral_friction': 3.0, 'spinning_friction': 0.001}}  x
  robot_config           = {'control_type': 'ee', 'block_gripper': False, 'base_position': [-0.6, 0.0, 0.05]}  x
  current_task           = OBJECT_DELIVERY_SEQUENCE  x
  current_subtask        = APPROACH_OBJECT        x
  active_target_name     = target                 x
  action                 = [-0.9932, -0.0010, -0.1168, 1.0000]  x
  joint_angles           = [-0.0007, -0.1353, 0.0009, -2.8349, 0.0002, 2.6976, 0.7853]  x
  joint_velocities       = [0.0001, -0.8283, 0.0007, -1.3571, 0.0010, 0.3470, -0.0011]  x
  cube_rotation          = [0.0000, -0.0000, 0.0000]  x
  cube_linear_velocity   = [-0.0000, 0.0000, -0.0000]  x
  obstacle_positions     = {}                     x
[step=   8 01:02:14.471][Analyzer] ASM node=approach_object  goal_status=not_applicable
[step=   9 01:02:15.616][Manager] ep=1 subtask=APPROACH_OBJECT reward=-0.4001
[step=   9 01:02:15.616][Manager][MOCK] finger_contacts forçado para 1 (grasp_attempts=0)
[step=   9 01:02:15.617][Perception]
  RAW PERCEPTION                                  MONITORED PARAMS
  ----------------------------------------------  --------------------------------------
  fingers_width         = 0.0800 m                gripper_width_cm      = 7 cm
  dist_ee_to_cube       = 0.1214 m                distance_ee_object_cm = 12 cm
  dist_cube_to_target   = 0.4001 m  (3D)          distance_obj_goal_cm  = 40 cm  (XY)
  cube_position (z)     = 0.0100 m                object_lift_height_cm = 0 cm
  cube_position (xy)    = [-0.250, 0.000]         grasp_completed       = 0
  target_position (xy)  = [0.150, 0.000]          finger_contacts       = 1
  x                                               grasp_attempts        = 0
  episode                = 1                      x
  step                   = 9                      x
  ee_position            = [-0.2717, -0.0000, 0.1294]  x
  ee_velocity            = [-0.4055, -0.0003, -0.0033]  x
  reward                 = -0.4001                x
  is_success             = False                  x
  obstacle_in_path       = False                  x
  obstacle_count_in_path = 0                      x
  obstacles              = {}                     x
  objects                = {'object_1': {'type': 'box', 'size': [0.045, 0.03, 0.02], 'mass': 1.0, 'color': [0.1, 0.2, 0.9, 1.0], 'initial_position': [-0.25, 0.0, 0.02], 'lateral_friction': 0.5, 'spinning_friction': 0.001, 'current_position': [-0.25000145595847756, 2.2680519775504957e-06, 0.009990043041694296]}}  x
  scripts                = {'script_1': True, 'reach_only': True, 'left_right': True}  x
  target_goal            = {'type': 'goal_sequence', 'targets': [{'name': 'target', 'position': [0.15000000596046448, 0.0, 0.019999999552965164]}], 'mode': 'goal_sequence'}  x
  scene                  = {'table': {'length': 1.1, 'width': 0.7, 'height': 0.4, 'x_offset': -0.3, 'lateral_friction': 3.0, 'spinning_friction': 0.001}}  x
  robot_config           = {'control_type': 'ee', 'block_gripper': False, 'base_position': [-0.6, 0.0, 0.05]}  x
  current_task           = OBJECT_DELIVERY_SEQUENCE  x
  current_subtask        = APPROACH_OBJECT        x
  active_target_name     = target                 x
  action                 = [-0.9957, -0.0013, 0.0922, 1.0000]  x
  joint_angles           = [-0.0007, -0.2256, 0.0007, -2.9491, 0.0004, 2.7163, 0.7851]  x
  joint_velocities       = [0.0001, -1.1958, -0.0005, -1.2820, 0.0010, 0.1438, -0.0017]  x
  cube_rotation          = [0.0000, -0.0000, 0.0000]  x
  cube_linear_velocity   = [-0.0000, 0.0000, -0.0000]  x
  obstacle_positions     = {}                     x
[step=   9 01:02:15.619][Analyzer] ASM node=approach_object  goal_status=not_applicable
[step=  10 01:02:16.774][Manager] ep=1 subtask=APPROACH_OBJECT reward=-0.4001
[step=  10 01:02:16.774][Manager][MOCK] finger_contacts forçado para 1 (grasp_attempts=0)
[step=  10 01:02:16.774][Perception]
  RAW PERCEPTION                                  MONITORED PARAMS
  ----------------------------------------------  --------------------------------------
  fingers_width         = 0.0800 m                gripper_width_cm      = 7 cm
  dist_ee_to_cube       = 0.1068 m                distance_ee_object_cm = 10 cm
  dist_cube_to_target   = 0.4001 m  (3D)          distance_obj_goal_cm  = 40 cm  (XY)
  cube_position (z)     = 0.0100 m                object_lift_height_cm = 0 cm
  cube_position (xy)    = [-0.250, 0.000]         grasp_completed       = 0
  target_position (xy)  = [0.150, 0.000]          finger_contacts       = 1
  x                                               grasp_attempts        = 0
  episode                = 1                      x
  step                   = 10                     x
  ee_position            = [-0.2597, -0.0000, 0.1164]  x
  ee_velocity            = [-0.3615, 0.0004, -0.9847]  x
  reward                 = -0.4001                x
  is_success             = False                  x
  obstacle_in_path       = False                  x
  obstacle_count_in_path = 0                      x
  obstacles              = {}                     x
  objects                = {'object_1': {'type': 'box', 'size': [0.045, 0.03, 0.02], 'mass': 1.0, 'color': [0.1, 0.2, 0.9, 1.0], 'initial_position': [-0.25, 0.0, 0.02], 'lateral_friction': 0.5, 'spinning_friction': 0.001, 'current_position': [-0.25000164134477126, 2.5678665299676293e-06, 0.009990043041562159]}}  x
  scripts                = {'script_1': True, 'reach_only': True, 'left_right': True}  x
  target_goal            = {'type': 'goal_sequence', 'targets': [{'name': 'target', 'position': [0.15000000596046448, 0.0, 0.019999999552965164]}], 'mode': 'goal_sequence'}  x
  scene                  = {'table': {'length': 1.1, 'width': 0.7, 'height': 0.4, 'x_offset': -0.3, 'lateral_friction': 3.0, 'spinning_friction': 0.001}}  x
  robot_config           = {'control_type': 'ee', 'block_gripper': False, 'base_position': [-0.6, 0.0, 0.05]}  x
  current_task           = OBJECT_DELIVERY_SEQUENCE  x
  current_subtask        = APPROACH_OBJECT        x
  active_target_name     = target                 x
  action                 = [0.2241, 0.0003, -0.9746, 1.0000]  x
  joint_angles           = [-0.0007, -0.1392, 0.0008, -2.9388, 0.0003, 2.8340, 0.7851]  x
  joint_velocities       = [-0.0003, 3.4887, -0.0001, 0.3825, -0.0006, 0.9048, 0.0006]  x
  cube_rotation          = [0.0000, -0.0000, 0.0000]  x
  cube_linear_velocity   = [-0.0000, 0.0000, -0.0000]  x
  obstacle_positions     = {}                     x
[step=  10 01:02:16.776][Analyzer] ASM node=approach_object  goal_status=not_applicable
[step=  11 01:02:17.918][Manager] ep=1 subtask=APPROACH_OBJECT reward=-0.4001
[step=  11 01:02:17.918][Manager][MOCK] finger_contacts forçado para 1 (grasp_attempts=0)
[step=  11 01:02:17.919][Perception]
  RAW PERCEPTION                                  MONITORED PARAMS
  ----------------------------------------------  --------------------------------------
  fingers_width         = 0.0800 m                gripper_width_cm      = 7 cm
  dist_ee_to_cube       = 0.0697 m                distance_ee_object_cm = 6 cm
  dist_cube_to_target   = 0.4001 m  (3D)          distance_obj_goal_cm  = 40 cm  (XY)
  cube_position (z)     = 0.0100 m                object_lift_height_cm = 0 cm
  cube_position (xy)    = [-0.250, 0.000]         grasp_completed       = 0
  target_position (xy)  = [0.150, 0.000]          finger_contacts       = 1
  x                                               grasp_attempts        = 0
  episode                = 1                      x
  step                   = 11                     x
  ee_position            = [-0.2644, -0.0000, 0.0782]  x
  ee_velocity            = [-0.2783, 0.0004, -0.6252]  x
  reward                 = -0.4001                x
  is_success             = False                  x
  obstacle_in_path       = False                  x
  obstacle_count_in_path = 0                      x
  obstacles              = {}                     x
  objects                = {'object_1': {'type': 'box', 'size': [0.045, 0.03, 0.02], 'mass': 1.0, 'color': [0.1, 0.2, 0.9, 1.0], 'initial_position': [-0.25, 0.0, 0.02], 'lateral_friction': 0.5, 'spinning_friction': 0.001, 'current_position': [-0.2500018267342519, 2.8676782883815753e-06, 0.009990043041430039]}}  x
  scripts                = {'script_1': True, 'reach_only': True, 'left_right': True}  x
  target_goal            = {'type': 'goal_sequence', 'targets': [{'name': 'target', 'position': [0.15000000596046448, 0.0, 0.019999999552965164]}], 'mode': 'goal_sequence'}  x
  scene                  = {'table': {'length': 1.1, 'width': 0.7, 'height': 0.4, 'x_offset': -0.3, 'lateral_friction': 3.0, 'spinning_friction': 0.001}}  x
  robot_config           = {'control_type': 'ee', 'block_gripper': False, 'base_position': [-0.6, 0.0, 0.05]}  x
  current_task           = OBJECT_DELIVERY_SEQUENCE  x
  current_subtask        = APPROACH_OBJECT        x
  active_target_name     = target                 x
  action                 = [0.1184, 0.0003, -0.9930, 1.0000]  x
  joint_angles           = [-0.0008, 0.0160, 0.0007, -2.9065, 0.0001, 2.9013, 0.7852]  x
  joint_velocities       = [-0.0003, 2.2243, 0.0001, 0.3133, -0.0012, 0.5180, 0.0008]  x
  cube_rotation          = [0.0000, -0.0000, 0.0000]  x
  cube_linear_velocity   = [-0.0000, 0.0000, -0.0000]  x
  obstacle_positions     = {}                     x
[step=  11 01:02:17.921][Analyzer] ASM node=approach_object  goal_status=not_applicable
[step=  12 01:02:19.052][Manager] ep=1 subtask=APPROACH_OBJECT reward=-0.4001
[step=  12 01:02:19.053][Manager][MOCK] finger_contacts forçado para 1 (grasp_attempts=0)
[step=  12 01:02:19.053][Perception]
  RAW PERCEPTION                                  MONITORED PARAMS
  ----------------------------------------------  --------------------------------------
  fingers_width         = 0.0800 m                gripper_width_cm      = 7 cm
  dist_ee_to_cube       = 0.0382 m                distance_ee_object_cm = 3 cm
  dist_cube_to_target   = 0.4001 m  (3D)          distance_obj_goal_cm  = 40 cm  (XY)
  cube_position (z)     = 0.0100 m                object_lift_height_cm = 0 cm
  cube_position (xy)    = [-0.250, 0.000]         grasp_completed       = 0
  target_position (xy)  = [0.150, 0.000]          finger_contacts       = 1
  x                                               grasp_attempts        = 0
  episode                = 1                      x
  step                   = 12                     x
  ee_position            = [-0.2566, -0.0000, 0.0477]  x
  ee_velocity            = [-0.1912, 0.0002, -0.6046]  x
  reward                 = -0.4001                x
  is_success             = False                  x
  obstacle_in_path       = False                  x
  obstacle_count_in_path = 0                      x
  obstacles              = {}                     x
  objects                = {'object_1': {'type': 'box', 'size': [0.045, 0.03, 0.02], 'mass': 1.0, 'color': [0.1, 0.2, 0.9, 1.0], 'initial_position': [-0.25, 0.0, 0.02], 'lateral_friction': 0.5, 'spinning_friction': 0.001, 'current_position': [-0.25000185297384414, 2.986861220172966e-06, 0.009989995540993462]}}  x
  scripts                = {'script_1': True, 'reach_only': True, 'left_right': True}  x
  target_goal            = {'type': 'goal_sequence', 'targets': [{'name': 'target', 'position': [0.15000000596046448, 0.0, 0.019999999552965164]}], 'mode': 'goal_sequence'}  x
  scene                  = {'table': {'length': 1.1, 'width': 0.7, 'height': 0.4, 'x_offset': -0.3, 'lateral_friction': 3.0, 'spinning_friction': 0.001}}  x
  robot_config           = {'control_type': 'ee', 'block_gripper': False, 'base_position': [-0.6, 0.0, 0.05]}  x
  current_task           = OBJECT_DELIVERY_SEQUENCE  x
  current_subtask        = APPROACH_OBJECT        x
  active_target_name     = target                 x
  action                 = [0.3168, 0.0004, -0.9485, 1.0000]  x
  joint_angles           = [-0.0007, 0.1609, 0.0006, -2.8648, -0.0001, 3.0098, 0.7854]  x
  joint_velocities       = [0.0006, 2.2581, -0.0013, 0.4730, -0.0021, 0.8338, 0.0012]  x
  cube_rotation          = [0.0000, -0.0000, 0.0000]  x
  cube_linear_velocity   = [0.0000, 0.0000, 0.0000]  x
  obstacle_positions     = {}                     x
[step=  12 01:02:19.055][Analyzer] ASM node=approach_object  goal_status=not_applicable
[step=  13 01:02:20.200][Manager] ep=1 subtask=GRASP_OBJECT reward=-0.4001
[step=  13 01:02:20.200][Manager][MOCK] finger_contacts forçado para 1 (grasp_attempts=0)
[step=  13 01:02:20.200][Perception]
  RAW PERCEPTION                                  MONITORED PARAMS
  ----------------------------------------------  --------------------------------------
  fingers_width         = 0.0800 m                gripper_width_cm      = 7 cm
  dist_ee_to_cube       = 0.0085 m                distance_ee_object_cm = 0 cm
  dist_cube_to_target   = 0.4001 m  (3D)          distance_obj_goal_cm  = 40 cm  (XY)
  cube_position (z)     = 0.0100 m                object_lift_height_cm = 0 cm
  cube_position (xy)    = [-0.250, 0.000]         grasp_completed       = 0
  target_position (xy)  = [0.150, 0.000]          finger_contacts       = 1
  x                                               grasp_attempts        = 0
  episode                = 1                      x
  step                   = 13                     x
  ee_position            = [-0.2442, 0.0000, 0.0162]  x
  ee_velocity            = [-0.0831, 0.0003, -0.6029]  x
  reward                 = -0.4001                x
  is_success             = False                  x
  obstacle_in_path       = False                  x
  obstacle_count_in_path = 0                      x
  obstacles              = {}                     x
  objects                = {'object_1': {'type': 'box', 'size': [0.045, 0.03, 0.02], 'mass': 1.0, 'color': [0.1, 0.2, 0.9, 1.0], 'initial_position': [-0.25, 0.0, 0.02], 'lateral_friction': 0.5, 'spinning_friction': 0.001, 'current_position': [-0.25000185136601283, 2.9868612766793406e-06, 0.009989999158615249]}}  x
  scripts                = {'script_1': True, 'reach_only': True, 'left_right': True}  x
  target_goal            = {'type': 'goal_sequence', 'targets': [{'name': 'target', 'position': [0.15000000596046448, 0.0, 0.019999999552965164]}], 'mode': 'goal_sequence'}  x
  scene                  = {'table': {'length': 1.1, 'width': 0.7, 'height': 0.4, 'x_offset': -0.3, 'lateral_friction': 3.0, 'spinning_friction': 0.001}}  x
  robot_config           = {'control_type': 'ee', 'block_gripper': False, 'base_position': [-0.6, 0.0, 0.05]}  x
  current_task           = OBJECT_DELIVERY_SEQUENCE  x
  current_subtask        = GRASP_OBJECT           x
  active_target_name     = target                 x
  action                 = [0.4621, 0.0019, -0.8868, 1.0000]  x
  joint_angles           = [-0.0003, 0.3078, 0.0003, -2.7955, -0.0003, 3.0852, 0.7856]  x
  joint_velocities       = [0.0029, 2.2741, -0.0023, 0.8670, -0.0011, 0.5800, 0.0018]  x
  cube_rotation          = [0.0000, -0.0000, 0.0000]  x
  cube_linear_velocity   = [0.0000, 0.0000, 0.0000]  x
  obstacle_positions     = {}                     x
[step=  13 01:02:20.202][ASM] [OK] approach_object → grasp_object  (type=domain)
[step=  13 01:02:20.202][Analyzer] ASM node=grasp_object  goal_status=ok  (scenario=GRASP_OBJECT)
[step=  14 01:02:21.347][Manager] ep=1 subtask=GRASP_OBJECT reward=-0.3976
[step=  14 01:02:21.347][Manager][MOCK] finger_contacts forçado para 1 (grasp_attempts=1)
[step=  14 01:02:21.347][Perception]
  RAW PERCEPTION                                  MONITORED PARAMS
  ----------------------------------------------  --------------------------------------
  fingers_width         = 0.0287 m                gripper_width_cm      = 2 cm
  dist_ee_to_cube       = 0.0026 m                distance_ee_object_cm = 0 cm
  dist_cube_to_target   = 0.3976 m  (3D)          distance_obj_goal_cm  = 39 cm  (XY)
  cube_position (z)     = 0.0135 m                object_lift_height_cm = 0 cm
  cube_position (xy)    = [-0.248, 0.001]         grasp_completed       = 1
  target_position (xy)  = [0.150, 0.000]          finger_contacts       = 1
  x                                               grasp_attempts        = 1
  episode                = 1                      x
  step                   = 14                     x
  ee_position            = [-0.2484, 0.0000, 0.0112]  x
  ee_velocity            = [0.2335, -0.0003, 0.2774]  x
  reward                 = -0.3976                x
  is_success             = False                  x
  obstacle_in_path       = False                  x
  obstacle_count_in_path = 0                      x
  obstacles              = {}                     x
  objects                = {'object_1': {'type': 'box', 'size': [0.045, 0.03, 0.02], 'mass': 1.0, 'color': [0.1, 0.2, 0.9, 1.0], 'initial_position': [-0.25, 0.0, 0.02], 'lateral_friction': 0.5, 'spinning_friction': 0.001, 'current_position': [-0.24754773240433484, 0.0008942996982885104, 0.013491621492351462]}}  x
  scripts                = {'script_1': True, 'reach_only': True, 'left_right': True}  x
  target_goal            = {'type': 'goal_sequence', 'targets': [{'name': 'target', 'position': [0.15000000596046448, 0.0, 0.019999999552965164]}], 'mode': 'goal_sequence'}  x
  scene                  = {'table': {'length': 1.1, 'width': 0.7, 'height': 0.4, 'x_offset': -0.3, 'lateral_friction': 3.0, 'spinning_friction': 0.001}}  x
  robot_config           = {'control_type': 'ee', 'block_gripper': False, 'base_position': [-0.6, 0.0, 0.05]}  x
  current_task           = OBJECT_DELIVERY_SEQUENCE  x
  current_subtask        = GRASP_OBJECT           x
  active_target_name     = target                 x
  action                 = [0.0000, 0.0000, 0.0000, -1.0000]  x
  joint_angles           = [-0.0002, 0.3181, 0.0001, -2.8034, -0.0003, 3.1057, 0.7857]  x
  joint_velocities       = [0.0012, -0.7991, -0.0016, -0.0957, -0.0006, 0.1560, -0.0007]  x
  cube_rotation          = [-0.0009, -0.0122, 0.0038]  x
  cube_linear_velocity   = [0.2319, 0.0404, 0.2778]  x
  obstacle_positions     = {}                     x
[step=  14 01:02:21.349][ASM] [ADAPT] grasp_object → retry_grasp  (type=adaptive)
[step=  14 01:02:21.349][Analyzer] ASM node=retry_grasp  goal_status=VIOLATED  → adaptation=RETRY_GRASP
[step=  14 01:02:21.350][Planner] situacao=RETRY_GRASP  strategy=RETRY_GRASP
[step=  14 01:02:21.495][Manager] Adaptacao iniciada: RETRY_GRASP
[step=  15 01:02:22.506][Manager] ep=1 subtask= reward=-0.4001
[step=  15 01:02:22.506][Manager][MOCK] finger_contacts forçado para 1 (grasp_attempts=1)
[step=  15 01:02:22.507][Perception]
  RAW PERCEPTION                                  MONITORED PARAMS
  ----------------------------------------------  --------------------------------------
  fingers_width         = 0.0738 m                gripper_width_cm      = 7 cm
  dist_ee_to_cube       = 0.0022 m                distance_ee_object_cm = 0 cm
  dist_cube_to_target   = 0.4001 m  (3D)          distance_obj_goal_cm  = 40 cm  (XY)
  cube_position (z)     = 0.0118 m                object_lift_height_cm = 0 cm
  cube_position (xy)    = [-0.250, 0.000]         grasp_completed       = 0
  target_position (xy)  = [0.150, 0.000]          finger_contacts       = 1
  x                                               grasp_attempts        = 1
  episode                = 1                      x
  step                   = 15                     x
  ee_position            = [-0.2478, 0.0000, 0.0122]  x
  ee_velocity            = [-0.0099, -0.0000, -0.0075]  x
  reward                 = -0.4001                x
  is_success             = False                  x
  obstacle_in_path       = False                  x
  obstacle_count_in_path = 0                      x
  obstacles              = {}                     x
  objects                = {'object_1': {'type': 'box', 'size': [0.045, 0.03, 0.02], 'mass': 1.0, 'color': [0.1, 0.2, 0.9, 1.0], 'initial_position': [-0.25, 0.0, 0.02], 'lateral_friction': 0.5, 'spinning_friction': 0.001, 'current_position': [-0.25, 0.0, 0.011764591277502501]}}  x
  scripts                = {'script_1': True, 'reach_only': True, 'left_right': True}  x
  target_goal            = {'type': 'goal_sequence', 'targets': [{'name': 'target', 'position': [0.15000000596046448, 0.0, 0.019999999552965164]}], 'mode': 'goal_sequence'}  x
  scene                  = {'table': {'length': 1.1, 'width': 0.7, 'height': 0.4, 'x_offset': -0.3, 'lateral_friction': 3.0, 'spinning_friction': 0.001}}  x
  robot_config           = {'control_type': 'ee', 'block_gripper': False, 'base_position': [-0.6, 0.0, 0.05]}  x
  current_task           = RETRY_GRASP            x
  active_target_name     = target                 x
  action                 = [0.0000, 0.0000, 0.0000, 1.0000]  x
  joint_angles           = [-0.0001, 0.3185, 0.0001, -2.8108, -0.0003, 3.1276, 0.7857]  x
  joint_velocities       = [0.0007, 0.0341, -0.0007, -0.0580, -0.0005, 0.1676, 0.0006]  x
  cube_rotation          = [0.0000, -0.0000, 0.0000]  x
  cube_linear_velocity   = [0.0000, 0.0000, -0.3920]  x
  obstacle_positions     = {}                     x
[step=  15 01:02:22.509][Analyzer] ASM node=retry_grasp  goal_status=not_applicable
[step=  16 01:02:23.653][Manager] ep=1 subtask= reward=-0.4001
[step=  16 01:02:23.653][Manager][MOCK] finger_contacts forçado para 1 (grasp_attempts=1)
[step=  16 01:02:23.653][Perception]
  RAW PERCEPTION                                  MONITORED PARAMS
  ----------------------------------------------  --------------------------------------
  fingers_width         = 0.0792 m                gripper_width_cm      = 7 cm
  dist_ee_to_cube       = 0.0196 m                distance_ee_object_cm = 1 cm
  dist_cube_to_target   = 0.4001 m  (3D)          distance_obj_goal_cm  = 40 cm  (XY)
  cube_position (z)     = 0.0098 m                object_lift_height_cm = 0 cm
  cube_position (xy)    = [-0.250, -0.000]        grasp_completed       = 0
  target_position (xy)  = [0.150, 0.000]          finger_contacts       = 1
  x                                               grasp_attempts        = 1
  episode                = 1                      x
  step                   = 16                     x
  ee_position            = [-0.2639, 0.0000, 0.0236]  x
  ee_velocity            = [0.5141, -0.0000, 0.8412]  x
  reward                 = -0.4001                x
  is_success             = False                  x
  obstacle_in_path       = False                  x
  obstacle_count_in_path = 0                      x
  obstacles              = {}                     x
  objects                = {'object_1': {'type': 'box', 'size': [0.045, 0.03, 0.02], 'mass': 1.0, 'color': [0.1, 0.2, 0.9, 1.0], 'initial_position': [-0.25, 0.0, 0.02], 'lateral_friction': 0.5, 'spinning_friction': 0.001, 'current_position': [-0.25, -1.5081612642788947e-20, 0.009793123452511958]}}  x
  scripts                = {'script_1': True, 'reach_only': True, 'left_right': True}  x
  target_goal            = {'type': 'goal_sequence', 'targets': [{'name': 'target', 'position': [0.15000000596046448, 0.0, 0.019999999552965164]}], 'mode': 'goal_sequence'}  x
  scene                  = {'table': {'length': 1.1, 'width': 0.7, 'height': 0.4, 'x_offset': -0.3, 'lateral_friction': 3.0, 'spinning_friction': 0.001}}  x
  robot_config           = {'control_type': 'ee', 'block_gripper': False, 'base_position': [-0.6, 0.0, 0.05]}  x
  current_task           = RETRY_GRASP            x
  active_target_name     = target                 x
  action                 = [-0.0151, -0.0001, 0.9999, 1.0000]  x
  joint_angles           = [-0.0001, 0.2413, 0.0001, -2.8413, -0.0003, 3.0291, 0.7857]  x
  joint_velocities       = [-0.0002, -2.8570, 0.0005, -0.3431, 0.0003, -0.7575, -0.0001]  x
  cube_rotation          = [0.0000, 0.0000, -0.0000]  x
  cube_linear_velocity   = [0.0000, -0.0000, 0.0086]  x
  obstacle_positions     = {}                     x
[step=  16 01:02:23.655][Analyzer] ASM node=retry_grasp  goal_status=not_applicable
[step=  17 01:02:24.825][Manager] ep=1 subtask= reward=-0.4001
[step=  17 01:02:24.826][Manager][MOCK] finger_contacts forçado para 1 (grasp_attempts=1)
[step=  17 01:02:24.826][Perception]
  RAW PERCEPTION                                  MONITORED PARAMS
  ----------------------------------------------  --------------------------------------
  fingers_width         = 0.0799 m                gripper_width_cm      = 7 cm
  dist_ee_to_cube       = 0.0483 m                distance_ee_object_cm = 4 cm
  dist_cube_to_target   = 0.4001 m  (3D)          distance_obj_goal_cm  = 40 cm  (XY)
  cube_position (z)     = 0.0100 m                object_lift_height_cm = 0 cm
  cube_position (xy)    = [-0.250, -0.000]        grasp_completed       = 0
  target_position (xy)  = [0.150, 0.000]          finger_contacts       = 1
  x                                               grasp_attempts        = 1
  episode                = 1                      x
  step                   = 17                     x
  ee_position            = [-0.2557, 0.0000, 0.0579]  x
  ee_velocity            = [0.0951, -0.0000, 0.3507]  x
  reward                 = -0.4001                x
  is_success             = False                  x
  obstacle_in_path       = False                  x
  obstacle_count_in_path = 0                      x
  obstacles              = {}                     x
  objects                = {'object_1': {'type': 'box', 'size': [0.045, 0.03, 0.02], 'mass': 1.0, 'color': [0.1, 0.2, 0.9, 1.0], 'initial_position': [-0.25, 0.0, 0.02], 'lateral_friction': 0.5, 'spinning_friction': 0.001, 'current_position': [-0.25, -2.297695942130098e-20, 0.009952850708820408]}}  x
  scripts                = {'script_1': True, 'reach_only': True, 'left_right': True}  x
  target_goal            = {'type': 'goal_sequence', 'targets': [{'name': 'target', 'position': [0.15000000596046448, 0.0, 0.019999999552965164]}], 'mode': 'goal_sequence'}  x
  scene                  = {'table': {'length': 1.1, 'width': 0.7, 'height': 0.4, 'x_offset': -0.3, 'lateral_friction': 3.0, 'spinning_friction': 0.001}}  x
  robot_config           = {'control_type': 'ee', 'block_gripper': False, 'base_position': [-0.6, 0.0, 0.05]}  x
  current_task           = RETRY_GRASP            x
  active_target_name     = target                 x
  action                 = [0.1051, -0.0001, 0.9945, 1.0000]  x
  joint_angles           = [-0.0002, 0.1118, 0.0002, -2.8774, -0.0002, 2.9865, 0.7856]  x
  joint_velocities       = [-0.0002, -1.3303, 0.0004, -0.3467, 0.0005, -0.3277, -0.0002]  x
  cube_rotation          = [0.0000, 0.0000, 0.0000]  x
  cube_linear_velocity   = [-0.0000, -0.0000, 0.0016]  x
  obstacle_positions     = {}                     x
[step=  17 01:02:24.828][Analyzer] ASM node=retry_grasp  goal_status=not_applicable
[step=  18 01:02:25.972][Manager] ep=1 subtask= reward=-0.4001
[step=  18 01:02:25.973][Manager][MOCK] finger_contacts forçado para 1 (grasp_attempts=1)
[step=  18 01:02:25.973][Perception]
  RAW PERCEPTION                                  MONITORED PARAMS
  ----------------------------------------------  --------------------------------------
  fingers_width         = 0.0800 m                gripper_width_cm      = 7 cm
  dist_ee_to_cube       = 0.0733 m                distance_ee_object_cm = 7 cm
  dist_cube_to_target   = 0.4001 m  (3D)          distance_obj_goal_cm  = 40 cm  (XY)
  cube_position (z)     = 0.0100 m                object_lift_height_cm = 0 cm
  cube_position (xy)    = [-0.250, -0.000]        grasp_completed       = 0
  target_position (xy)  = [0.150, 0.000]          finger_contacts       = 1
  x                                               grasp_attempts        = 1
  episode                = 1                      x
  step                   = 18                     x
  ee_position            = [-0.2544, 0.0000, 0.0832]  x
  ee_velocity            = [0.2890, -0.0001, 0.5990]  x
  reward                 = -0.4001                x
  is_success             = False                  x
  obstacle_in_path       = False                  x
  obstacle_count_in_path = 0                      x
  obstacles              = {}                     x
  objects                = {'object_1': {'type': 'box', 'size': [0.045, 0.03, 0.02], 'mass': 1.0, 'color': [0.1, 0.2, 0.9, 1.0], 'initial_position': [-0.25, 0.0, 0.02], 'lateral_friction': 0.5, 'spinning_friction': 0.001, 'current_position': [-0.25000014549908567, -1.2352540039360862e-07, 0.009983296607675106]}}  x
  scripts                = {'script_1': True, 'reach_only': True, 'left_right': True}  x
  target_goal            = {'type': 'goal_sequence', 'targets': [{'name': 'target', 'position': [0.15000000596046448, 0.0, 0.019999999552965164]}], 'mode': 'goal_sequence'}  x
  scene                  = {'table': {'length': 1.1, 'width': 0.7, 'height': 0.4, 'x_offset': -0.3, 'lateral_friction': 3.0, 'spinning_friction': 0.001}}  x
  robot_config           = {'control_type': 'ee', 'block_gripper': False, 'base_position': [-0.6, 0.0, 0.05]}  x
  current_task           = RETRY_GRASP            x
  active_target_name     = target                 x
  action                 = [0.0584, -0.0002, 0.9983, 1.0000]  x
  joint_angles           = [-0.0002, 0.0067, 0.0002, -2.8806, -0.0001, 2.8734, 0.7855]  x
  joint_velocities       = [-0.0001, -1.9674, 0.0002, -0.0286, 0.0013, -0.8692, -0.0011]  x
  cube_rotation          = [0.0000, -0.0000, 0.0000]  x
  cube_linear_velocity   = [-0.0000, -0.0000, 0.0003]  x
  obstacle_positions     = {}                     x
[step=  18 01:02:25.976][Analyzer] ASM node=retry_grasp  goal_status=not_applicable
[step=  19 01:02:27.133][Manager] ep=1 subtask= reward=-0.4001
[step=  19 01:02:27.133][Manager][MOCK] finger_contacts forçado para 1 (grasp_attempts=1)
[step=  19 01:02:27.134][Perception]
  RAW PERCEPTION                                  MONITORED PARAMS
  ----------------------------------------------  --------------------------------------
  fingers_width         = 0.0800 m                gripper_width_cm      = 7 cm
  dist_ee_to_cube       = 0.1036 m                distance_ee_object_cm = 10 cm
  dist_cube_to_target   = 0.4001 m  (3D)          distance_obj_goal_cm  = 40 cm  (XY)
  cube_position (z)     = 0.0100 m                object_lift_height_cm = 0 cm
  cube_position (xy)    = [-0.250, 0.000]         grasp_completed       = 0
  target_position (xy)  = [0.150, 0.000]          finger_contacts       = 1
  x                                               grasp_attempts        = 1
  episode                = 1                      x
  step                   = 19                     x
  ee_position            = [-0.2492, 0.0000, 0.1136]  x
  ee_velocity            = [0.1447, 0.0000, 0.4249]  x
  reward                 = -0.4001                x
  is_success             = False                  x
  obstacle_in_path       = False                  x
  obstacle_count_in_path = 0                      x
  obstacles              = {}                     x
  objects                = {'object_1': {'type': 'box', 'size': [0.045, 0.03, 0.02], 'mass': 1.0, 'color': [0.1, 0.2, 0.9, 1.0], 'initial_position': [-0.25, 0.0, 0.02], 'lateral_friction': 0.5, 'spinning_friction': 0.001, 'current_position': [-0.2500003899352625, 4.4633872399870715e-09, 0.00998925710769258]}}  x
  scripts                = {'script_1': True, 'reach_only': True, 'left_right': True}  x
  target_goal            = {'type': 'goal_sequence', 'targets': [{'name': 'target', 'position': [0.15000000596046448, 0.0, 0.019999999552965164]}], 'mode': 'goal_sequence'}  x
  scene                  = {'table': {'length': 1.1, 'width': 0.7, 'height': 0.4, 'x_offset': -0.3, 'lateral_friction': 3.0, 'spinning_friction': 0.001}}  x
  robot_config           = {'control_type': 'ee', 'block_gripper': False, 'base_position': [-0.6, 0.0, 0.05]}  x
  current_task           = RETRY_GRASP            x
  active_target_name     = target                 x
  action                 = [0.0618, -0.0003, 0.9981, 1.0000]  x
  joint_angles           = [-0.0001, -0.1030, 0.0002, -2.8779, 0.0000, 2.7693, 0.7854]  x
  joint_velocities       = [0.0001, -1.3931, 0.0001, 0.0182, 0.0008, -0.8005, -0.0008]  x
  cube_rotation          = [0.0000, -0.0000, 0.0000]  x
  cube_linear_velocity   = [0.0000, 0.0000, 0.0000]  x
  obstacle_positions     = {}                     x
[step=  19 01:02:27.135][Analyzer] ASM node=retry_grasp  goal_status=not_applicable
[step=  20 01:02:28.241][Manager] ep=1 subtask= reward=-0.4001
[step=  20 01:02:28.241][Manager][MOCK] finger_contacts forçado para 1 (grasp_attempts=1)
[step=  20 01:02:28.241][Perception]
  RAW PERCEPTION                                  MONITORED PARAMS
  ----------------------------------------------  --------------------------------------
  fingers_width         = 0.0800 m                gripper_width_cm      = 7 cm
  dist_ee_to_cube       = 0.1325 m                distance_ee_object_cm = 13 cm
  dist_cube_to_target   = 0.4001 m  (3D)          distance_obj_goal_cm  = 40 cm  (XY)
  cube_position (z)     = 0.0100 m                object_lift_height_cm = 0 cm
  cube_position (xy)    = [-0.250, 0.000]         grasp_completed       = 0
  target_position (xy)  = [0.150, 0.000]          finger_contacts       = 1
  x                                               grasp_attempts        = 1
  episode                = 1                      x
  step                   = 20                     x
  ee_position            = [-0.2476, 0.0000, 0.1424]  x
  ee_velocity            = [0.1818, 0.0000, 0.5614]  x
  reward                 = -0.4001                x
  is_success             = False                  x
  obstacle_in_path       = False                  x
  obstacle_count_in_path = 0                      x
  obstacles              = {}                     x
  objects                = {'object_1': {'type': 'box', 'size': [0.045, 0.03, 0.02], 'mass': 1.0, 'color': [0.1, 0.2, 0.9, 1.0], 'initial_position': [-0.25, 0.0, 0.02], 'lateral_friction': 0.5, 'spinning_friction': 0.001, 'current_position': [-0.25000045855763786, 6.595938487185964e-07, 0.009990041429379036]}}  x
  scripts                = {'script_1': True, 'reach_only': True, 'left_right': True}  x
  target_goal            = {'type': 'goal_sequence', 'targets': [{'name': 'target', 'position': [0.15000000596046448, 0.0, 0.019999999552965164]}], 'mode': 'goal_sequence'}  x
  scene                  = {'table': {'length': 1.1, 'width': 0.7, 'height': 0.4, 'x_offset': -0.3, 'lateral_friction': 3.0, 'spinning_friction': 0.001}}  x
  robot_config           = {'control_type': 'ee', 'block_gripper': False, 'base_position': [-0.6, 0.0, 0.05]}  x
  current_task           = RETRY_GRASP            x
  active_target_name     = target                 x
  action                 = [-0.0187, -0.0003, 0.9998, 1.0000]  x
  joint_angles           = [-0.0001, -0.2042, 0.0002, -2.8667, 0.0001, 2.6525, 0.7854]  x
  joint_velocities       = [0.0003, -1.7284, -0.0002, 0.0863, 0.0003, -0.8978, -0.0005]  x
  cube_rotation          = [0.0000, -0.0000, 0.0000]  x
  cube_linear_velocity   = [-0.0000, 0.0000, 0.0000]  x
  obstacle_positions     = {}                     x
[step=  20 01:02:28.243][Analyzer] ASM node=retry_grasp  goal_status=not_applicable
[step=  21 01:02:29.387][Manager] ep=1 subtask= reward=-0.4001
[step=  21 01:02:29.387][Manager][MOCK] finger_contacts forçado para 1 (grasp_attempts=1)
[step=  21 01:02:29.387][Perception]
  RAW PERCEPTION                                  MONITORED PARAMS
  ----------------------------------------------  --------------------------------------
  fingers_width         = 0.0800 m                gripper_width_cm      = 7 cm
  dist_ee_to_cube       = 0.1626 m                distance_ee_object_cm = 16 cm
  dist_cube_to_target   = 0.4001 m  (3D)          distance_obj_goal_cm  = 40 cm  (XY)
  cube_position (z)     = 0.0100 m                object_lift_height_cm = 0 cm
  cube_position (xy)    = [-0.250, 0.000]         grasp_completed       = 0
  target_position (xy)  = [0.150, 0.000]          finger_contacts       = 1
  x                                               grasp_attempts        = 1
  episode                = 1                      x
  step                   = 21                     x
  ee_position            = [-0.2509, 0.0000, 0.1726]  x
  ee_velocity            = [0.0832, 0.0000, 0.5023]  x
  reward                 = -0.4001                x
  is_success             = False                  x
  obstacle_in_path       = False                  x
  obstacle_count_in_path = 0                      x
  obstacles              = {}                     x
  objects                = {'object_1': {'type': 'box', 'size': [0.045, 0.03, 0.02], 'mass': 1.0, 'color': [0.1, 0.2, 0.9, 1.0], 'initial_position': [-0.25, 0.0, 0.02], 'lateral_friction': 0.5, 'spinning_friction': 0.001, 'current_position': [-0.25000064297164376, 9.597754311029846e-07, 0.00999004304227797]}}  x
  scripts                = {'script_1': True, 'reach_only': True, 'left_right': True}  x
  target_goal            = {'type': 'goal_sequence', 'targets': [{'name': 'target', 'position': [0.15000000596046448, 0.0, 0.019999999552965164]}], 'mode': 'goal_sequence'}  x
  scene                  = {'table': {'length': 1.1, 'width': 0.7, 'height': 0.4, 'x_offset': -0.3, 'lateral_friction': 3.0, 'spinning_friction': 0.001}}  x
  robot_config           = {'control_type': 'ee', 'block_gripper': False, 'base_position': [-0.6, 0.0, 0.05]}  x
  current_task           = RETRY_GRASP            x
  active_target_name     = target                 x
  action                 = [-0.1909, 0.0000, 0.9816, 1.0000]  x
  joint_angles           = [-0.0001, -0.3159, 0.0002, -2.8659, 0.0001, 2.5426, 0.7853]  x
  joint_velocities       = [0.0003, -1.6495, -0.0002, -0.0019, 0.0001, -0.8447, -0.0001]  x
  cube_rotation          = [0.0000, -0.0000, 0.0000]  x
  cube_linear_velocity   = [-0.0000, 0.0000, -0.0000]  x
  obstacle_positions     = {}                     x
[step=  21 01:02:29.389][Analyzer] ASM node=retry_grasp  goal_status=not_applicable
[step=  22 01:02:30.534][Manager] ep=1 subtask= reward=-0.4001
[step=  22 01:02:30.534][Manager][MOCK] finger_contacts forçado para 1 (grasp_attempts=1)
[step=  22 01:02:30.534][Perception]
  RAW PERCEPTION                                  MONITORED PARAMS
  ----------------------------------------------  --------------------------------------
  fingers_width         = 0.0800 m                gripper_width_cm      = 7 cm
  dist_ee_to_cube       = 0.1575 m                distance_ee_object_cm = 15 cm
  dist_cube_to_target   = 0.4001 m  (3D)          distance_obj_goal_cm  = 40 cm  (XY)
  cube_position (z)     = 0.0100 m                object_lift_height_cm = 0 cm
  cube_position (xy)    = [-0.250, 0.000]         grasp_completed       = 0
  target_position (xy)  = [0.150, 0.000]          finger_contacts       = 1
  x                                               grasp_attempts        = 1
  episode                = 1                      x
  step                   = 22                     x
  ee_position            = [-0.2414, 0.0000, 0.1672]  x
  ee_velocity            = [-0.3801, -0.0001, -0.9992]  x
  reward                 = -0.4001                x
  is_success             = False                  x
  obstacle_in_path       = False                  x
  obstacle_count_in_path = 0                      x
  obstacles              = {}                     x
  objects                = {'object_1': {'type': 'box', 'size': [0.045, 0.03, 0.02], 'mass': 1.0, 'color': [0.1, 0.2, 0.9, 1.0], 'initial_position': [-0.25, 0.0, 0.02], 'lateral_friction': 0.5, 'spinning_friction': 0.001, 'current_position': [-0.2500008283438517, 1.2596023315574117e-06, 0.009990043042146195]}}  x
  scripts                = {'script_1': True, 'reach_only': True, 'left_right': True}  x
  target_goal            = {'type': 'goal_sequence', 'targets': [{'name': 'target', 'position': [0.15000000596046448, 0.0, 0.019999999552965164]}], 'mode': 'goal_sequence'}  x
  scene                  = {'table': {'length': 1.1, 'width': 0.7, 'height': 0.4, 'x_offset': -0.3, 'lateral_friction': 3.0, 'spinning_friction': 0.001}}  x
  robot_config           = {'control_type': 'ee', 'block_gripper': False, 'base_position': [-0.6, 0.0, 0.05]}  x
  current_task           = RETRY_GRASP            x
  active_target_name     = target                 x
  action                 = [0.0064, -0.0000, -1.0000, 1.0000]  x
  joint_angles           = [-0.0001, -0.2885, 0.0002, -2.8971, 0.0003, 2.6781, 0.7853]  x
  joint_velocities       = [-0.0001, 2.8290, 0.0001, -0.2496, -0.0101, 1.0413, 0.0000]  x
  cube_rotation          = [0.0000, -0.0000, 0.0000]  x
  cube_linear_velocity   = [-0.0000, 0.0000, -0.0000]  x
  obstacle_positions     = {}                     x
[step=  22 01:02:30.537][Analyzer] ASM node=retry_grasp  goal_status=not_applicable
[step=  23 01:02:31.682][Manager] ep=1 subtask= reward=-0.4001
[step=  23 01:02:31.682][Manager][MOCK] finger_contacts forçado para 1 (grasp_attempts=1)
[step=  23 01:02:31.682][Perception]
  RAW PERCEPTION                                  MONITORED PARAMS
  ----------------------------------------------  --------------------------------------
  fingers_width         = 0.0800 m                gripper_width_cm      = 7 cm
  dist_ee_to_cube       = 0.1170 m                distance_ee_object_cm = 11 cm
  dist_cube_to_target   = 0.4001 m  (3D)          distance_obj_goal_cm  = 40 cm  (XY)
  cube_position (z)     = 0.0100 m                object_lift_height_cm = 0 cm
  cube_position (xy)    = [-0.250, 0.000]         grasp_completed       = 0
  target_position (xy)  = [0.150, 0.000]          finger_contacts       = 1
  x                                               grasp_attempts        = 1
  episode                = 1                      x
  step                   = 23                     x
  ee_position            = [-0.2519, 0.0000, 0.1270]  x
  ee_velocity            = [-0.2739, 0.0000, -0.6149]  x
  reward                 = -0.4001                x
  is_success             = False                  x
  obstacle_in_path       = False                  x
  obstacle_count_in_path = 0                      x
  obstacles              = {}                     x
  objects                = {'object_1': {'type': 'box', 'size': [0.045, 0.03, 0.02], 'mass': 1.0, 'color': [0.1, 0.2, 0.9, 1.0], 'initial_position': [-0.25, 0.0, 0.02], 'lateral_friction': 0.5, 'spinning_friction': 0.001, 'current_position': [-0.25000101371924566, 1.5594264392867352e-06, 0.009990043042014089]}}  x
  scripts                = {'script_1': True, 'reach_only': True, 'left_right': True}  x
  target_goal            = {'type': 'goal_sequence', 'targets': [{'name': 'target', 'position': [0.15000000596046448, 0.0, 0.019999999552965164]}], 'mode': 'goal_sequence'}  x
  scene                  = {'table': {'length': 1.1, 'width': 0.7, 'height': 0.4, 'x_offset': -0.3, 'lateral_friction': 3.0, 'spinning_friction': 0.001}}  x
  robot_config           = {'control_type': 'ee', 'block_gripper': False, 'base_position': [-0.6, 0.0, 0.05]}  x
  current_task           = RETRY_GRASP            x
  active_target_name     = target                 x
  action                 = [-0.0651, -0.0000, -0.9979, 1.0000]  x
  joint_angles           = [-0.0002, -0.1545, 0.0002, -2.8864, 0.0001, 2.7226, 0.7853]  x
  joint_velocities       = [-0.0006, 1.9441, 0.0005, 0.1020, -0.0012, 0.3425, 0.0002]  x
  cube_rotation          = [0.0000, -0.0000, 0.0000]  x
  cube_linear_velocity   = [-0.0000, 0.0000, -0.0000]  x
  obstacle_positions     = {}                     x
[step=  23 01:02:31.685][Analyzer] ASM node=retry_grasp  goal_status=not_applicable
[step=  24 01:02:32.840][Manager] ep=1 subtask= reward=-0.4001
[step=  24 01:02:32.840][Manager][MOCK] finger_contacts forçado para 1 (grasp_attempts=1)
[step=  24 01:02:32.840][Perception]
  RAW PERCEPTION                                  MONITORED PARAMS
  ----------------------------------------------  --------------------------------------
  fingers_width         = 0.0800 m                gripper_width_cm      = 7 cm
  dist_ee_to_cube       = 0.0842 m                distance_ee_object_cm = 8 cm
  dist_cube_to_target   = 0.4001 m  (3D)          distance_obj_goal_cm  = 40 cm  (XY)
  cube_position (z)     = 0.0100 m                object_lift_height_cm = 0 cm
  cube_position (xy)    = [-0.250, 0.000]         grasp_completed       = 0
  target_position (xy)  = [0.150, 0.000]          finger_contacts       = 1
  x                                               grasp_attempts        = 1
  episode                = 1                      x
  step                   = 24                     x
  ee_position            = [-0.2558, 0.0000, 0.0940]  x
  ee_velocity            = [-0.2908, 0.0002, -0.6037]  x
  reward                 = -0.4001                x
  is_success             = False                  x
  obstacle_in_path       = False                  x
  obstacle_count_in_path = 0                      x
  obstacles              = {}                     x
  objects                = {'object_1': {'type': 'box', 'size': [0.045, 0.03, 0.02], 'mass': 1.0, 'color': [0.1, 0.2, 0.9, 1.0], 'initial_position': [-0.25, 0.0, 0.02], 'lateral_friction': 0.5, 'spinning_friction': 0.001, 'current_position': [-0.25000119909782587, 1.859247754052106e-06, 0.009990043041881997]}}  x
  scripts                = {'script_1': True, 'reach_only': True, 'left_right': True}  x
  target_goal            = {'type': 'goal_sequence', 'targets': [{'name': 'target', 'position': [0.15000000596046448, 0.0, 0.019999999552965164]}], 'mode': 'goal_sequence'}  x
  scene                  = {'table': {'length': 1.1, 'width': 0.7, 'height': 0.4, 'x_offset': -0.3, 'lateral_friction': 3.0, 'spinning_friction': 0.001}}  x
  robot_config           = {'control_type': 'ee', 'block_gripper': False, 'base_position': [-0.6, 0.0, 0.05]}  x
  current_task           = RETRY_GRASP            x
  active_target_name     = target                 x
  action                 = [0.0209, -0.0000, -0.9998, 1.0000]  x
  joint_angles           = [-0.0002, -0.0337, 0.0002, -2.8933, 0.0001, 2.8486, 0.7854]  x
  joint_velocities       = [0.0001, 1.9568, 0.0001, -0.0504, -0.0006, 0.9681, 0.0004]  x
  cube_rotation          = [0.0000, -0.0000, 0.0000]  x
  cube_linear_velocity   = [-0.0000, 0.0000, -0.0000]  x
  obstacle_positions     = {}                     x
[step=  24 01:02:32.843][Analyzer] ASM node=retry_grasp  goal_status=not_applicable
[step=  25 01:02:33.974][Manager] ep=1 subtask= reward=-0.4001
[step=  25 01:02:33.974][Manager][MOCK] finger_contacts forçado para 1 (grasp_attempts=1)
[step=  25 01:02:33.974][Perception]
  RAW PERCEPTION                                  MONITORED PARAMS
  ----------------------------------------------  --------------------------------------
  fingers_width         = 0.0800 m                gripper_width_cm      = 7 cm
  dist_ee_to_cube       = 0.0518 m                distance_ee_object_cm = 5 cm
  dist_cube_to_target   = 0.4001 m  (3D)          distance_obj_goal_cm  = 40 cm  (XY)
  cube_position (z)     = 0.0100 m                object_lift_height_cm = 0 cm
  cube_position (xy)    = [-0.250, 0.000]         grasp_completed       = 0
  target_position (xy)  = [0.150, 0.000]          finger_contacts       = 1
  x                                               grasp_attempts        = 1
  episode                = 1                      x
  step                   = 25                     x
  ee_position            = [-0.2565, -0.0000, 0.0613]  x
  ee_velocity            = [-0.3313, 0.0001, -0.6753]  x
  reward                 = -0.4001                x
  is_success             = False                  x
  obstacle_in_path       = False                  x
  obstacle_count_in_path = 0                      x
  obstacles              = {}                     x
  objects                = {'object_1': {'type': 'box', 'size': [0.045, 0.03, 0.02], 'mass': 1.0, 'color': [0.1, 0.2, 0.9, 1.0], 'initial_position': [-0.25, 0.0, 0.02], 'lateral_friction': 0.5, 'spinning_friction': 0.001, 'current_position': [-0.25000130136684057, 2.0983595902205655e-06, 0.009989991311968378]}}  x
  scripts                = {'script_1': True, 'reach_only': True, 'left_right': True}  x
  target_goal            = {'type': 'goal_sequence', 'targets': [{'name': 'target', 'position': [0.15000000596046448, 0.0, 0.019999999552965164]}], 'mode': 'goal_sequence'}  x
  scene                  = {'table': {'length': 1.1, 'width': 0.7, 'height': 0.4, 'x_offset': -0.3, 'lateral_friction': 3.0, 'spinning_friction': 0.001}}  x
  robot_config           = {'control_type': 'ee', 'block_gripper': False, 'base_position': [-0.6, 0.0, 0.05]}  x
  current_task           = RETRY_GRASP            x
  active_target_name     = target                 x
  action                 = [0.0985, 0.0000, -0.9951, 1.0000]  x
  joint_angles           = [-0.0002, 0.1027, 0.0002, -2.8770, -0.0000, 2.9659, 0.7854]  x
  joint_velocities       = [-0.0000, 2.3134, -0.0001, 0.1835, -0.0005, 0.9025, 0.0002]  x
  cube_rotation          = [0.0000, -0.0000, 0.0000]  x
  cube_linear_velocity   = [0.0000, 0.0000, 0.0000]  x
  obstacle_positions     = {}                     x
[step=  25 01:02:33.977][Analyzer] ASM node=retry_grasp  goal_status=not_applicable
[step=  26 01:02:35.147][Manager] ep=1 subtask= reward=-0.4001
[step=  26 01:02:35.147][Manager][MOCK] finger_contacts forçado para 1 (grasp_attempts=1)
[step=  26 01:02:35.147][Perception]
  RAW PERCEPTION                                  MONITORED PARAMS
  ----------------------------------------------  --------------------------------------
  fingers_width         = 0.0800 m                gripper_width_cm      = 7 cm
  dist_ee_to_cube       = 0.0177 m                distance_ee_object_cm = 1 cm
  dist_cube_to_target   = 0.4001 m  (3D)          distance_obj_goal_cm  = 40 cm  (XY)
  cube_position (z)     = 0.0100 m                object_lift_height_cm = 0 cm
  cube_position (xy)    = [-0.250, 0.000]         grasp_completed       = 0
  target_position (xy)  = [0.150, 0.000]          finger_contacts       = 1
  x                                               grasp_attempts        = 1
  episode                = 1                      x
  step                   = 26                     x
  ee_position            = [-0.2526, -0.0000, 0.0275]  x
  ee_velocity            = [-0.2718, 0.0001, -0.6821]  x
  reward                 = -0.4001                x
  is_success             = False                  x
  obstacle_in_path       = False                  x
  obstacle_count_in_path = 0                      x
  obstacles              = {}                     x
  objects                = {'object_1': {'type': 'box', 'size': [0.045, 0.03, 0.02], 'mass': 1.0, 'color': [0.1, 0.2, 0.9, 1.0], 'initial_position': [-0.25, 0.0, 0.02], 'lateral_friction': 0.5, 'spinning_friction': 0.001, 'current_position': [-0.2500012982341012, 2.098359674499927e-06, 0.009989998360625587]}}  x
  scripts                = {'script_1': True, 'reach_only': True, 'left_right': True}  x
  target_goal            = {'type': 'goal_sequence', 'targets': [{'name': 'target', 'position': [0.15000000596046448, 0.0, 0.019999999552965164]}], 'mode': 'goal_sequence'}  x
  scene                  = {'table': {'length': 1.1, 'width': 0.7, 'height': 0.4, 'x_offset': -0.3, 'lateral_friction': 3.0, 'spinning_friction': 0.001}}  x
  robot_config           = {'control_type': 'ee', 'block_gripper': False, 'base_position': [-0.6, 0.0, 0.05]}  x
  current_task           = RETRY_GRASP            x
  active_target_name     = target                 x
  action                 = [0.2393, 0.0003, -0.9710, 1.0000]  x
  joint_angles           = [-0.0001, 0.2522, 0.0001, -2.8327, -0.0001, 3.0660, 0.7854]  x
  joint_velocities       = [0.0005, 2.4340, -0.0006, 0.5221, -0.0004, 0.7696, 0.0003]  x
  cube_rotation          = [0.0000, -0.0000, 0.0000]  x
  cube_linear_velocity   = [0.0000, 0.0000, 0.0000]  x
  obstacle_positions     = {}                     x
[step=  26 01:02:35.149][Analyzer] ASM node=retry_grasp  goal_status=not_applicable
[step=  27 01:02:36.268][Manager] ep=1 subtask= reward=-0.4001
[step=  27 01:02:36.268][Manager][MOCK] finger_contacts forçado para 1 (grasp_attempts=1)
[step=  27 01:02:36.269][Perception]
  RAW PERCEPTION                                  MONITORED PARAMS
  ----------------------------------------------  --------------------------------------
  fingers_width         = 0.0800 m                gripper_width_cm      = 7 cm
  dist_ee_to_cube       = 0.0276 m                distance_ee_object_cm = 2 cm
  dist_cube_to_target   = 0.4001 m  (3D)          distance_obj_goal_cm  = 40 cm  (XY)
  cube_position (z)     = 0.0100 m                object_lift_height_cm = 0 cm
  cube_position (xy)    = [-0.250, 0.000]         grasp_completed       = 0
  target_position (xy)  = [0.150, 0.000]          finger_contacts       = 1
  x                                               grasp_attempts        = 1
  episode                = 1                      x
  step                   = 27                     x
  ee_position            = [-0.2775, 0.0000, 0.0125]  x
  ee_velocity            = [0.0462, 0.0003, 0.1526]  x
  reward                 = -0.4001                x
  is_success             = False                  x
  obstacle_in_path       = False                  x
  obstacle_count_in_path = 0                      x
  obstacles              = {}                     x
  objects                = {'object_1': {'type': 'box', 'size': [0.045, 0.03, 0.02], 'mass': 1.0, 'color': [0.1, 0.2, 0.9, 1.0], 'initial_position': [-0.25, 0.0, 0.02], 'lateral_friction': 0.5, 'spinning_friction': 0.001, 'current_position': [-0.2500012976468068, 2.098357185781377e-06, 0.009989999688781942]}}  x
  scripts                = {'script_1': True, 'reach_only': True, 'left_right': True}  x
  target_goal            = {'type': 'goal_sequence', 'targets': [{'name': 'target', 'position': [0.15000000596046448, 0.0, 0.019999999552965164]}], 'mode': 'goal_sequence'}  x
  scene                  = {'table': {'length': 1.1, 'width': 0.7, 'height': 0.4, 'x_offset': -0.3, 'lateral_friction': 3.0, 'spinning_friction': 0.001}}  x
  robot_config           = {'control_type': 'ee', 'block_gripper': False, 'base_position': [-0.6, 0.0, 0.05]}  x
  current_task           = RETRY_GRASP            x
  active_target_name     = target                 x
  action                 = [0.3225, 0.0008, 0.9466, 1.0000]  x
  joint_angles           = [-0.0001, 0.2745, 0.0001, -2.8239, -0.0001, 2.9627, 0.7855]  x
  joint_velocities       = [0.0006, -0.5899, 0.0004, 0.0559, 0.0001, -0.7942, 0.0006]  x
  cube_rotation          = [0.0000, -0.0000, 0.0000]  x
  cube_linear_velocity   = [0.0000, 0.0000, 0.0000]  x
  obstacle_positions     = {}                     x
[step=  27 01:02:36.271][Analyzer] ASM node=retry_grasp  goal_status=not_applicable
[step=  28 01:02:37.415][Manager] ep=1 subtask= reward=-0.4026
[step=  28 01:02:37.415][Manager][MOCK] finger_contacts forçado para 1 (grasp_attempts=2)
[step=  28 01:02:37.415][Perception]
  RAW PERCEPTION                                  MONITORED PARAMS
  ----------------------------------------------  --------------------------------------
  fingers_width         = 0.0291 m                gripper_width_cm      = 2 cm
  dist_ee_to_cube       = 0.0217 m                distance_ee_object_cm = 2 cm
  dist_cube_to_target   = 0.4026 m  (3D)          distance_obj_goal_cm  = 40 cm  (XY)
  cube_position (z)     = 0.0117 m                object_lift_height_cm = 0 cm
  cube_position (xy)    = [-0.252, 0.000]         grasp_completed       = 1
  target_position (xy)  = [0.150, 0.000]          finger_contacts       = 1
  x                                               grasp_attempts        = 2
  episode                = 1                      x
  step                   = 28                     x
  ee_position            = [-0.2730, -0.0000, 0.0187]  x
  ee_velocity            = [-0.0710, 0.0016, 0.0352]  x
  reward                 = -0.4026                x
  is_success             = False                  x
  obstacle_in_path       = False                  x
  obstacle_count_in_path = 0                      x
  obstacles              = {}                     x
  objects                = {'object_1': {'type': 'box', 'size': [0.045, 0.03, 0.02], 'mass': 1.0, 'color': [0.1, 0.2, 0.9, 1.0], 'initial_position': [-0.25, 0.0, 0.02], 'lateral_friction': 0.5, 'spinning_friction': 0.001, 'current_position': [-0.2524965089821833, 6.006557269338124e-05, 0.011722589656788688]}}  x
  scripts                = {'script_1': True, 'reach_only': True, 'left_right': True}  x
  target_goal            = {'type': 'goal_sequence', 'targets': [{'name': 'target', 'position': [0.15000000596046448, 0.0, 0.019999999552965164]}], 'mode': 'goal_sequence'}  x
  scene                  = {'table': {'length': 1.1, 'width': 0.7, 'height': 0.4, 'x_offset': -0.3, 'lateral_friction': 3.0, 'spinning_friction': 0.001}}  x
  robot_config           = {'control_type': 'ee', 'block_gripper': False, 'base_position': [-0.6, 0.0, 0.05]}  x
  current_task           = RETRY_GRASP            x
  active_target_name     = target                 x
  action                 = [0.0000, 0.0000, 0.0000, -1.0000]  x
  joint_angles           = [-0.0000, 0.2633, 0.0001, -2.8838, 0.0003, 3.1310, 0.7855]  x
  joint_velocities       = [0.0004, -0.0894, -0.0003, -0.6276, -0.0198, 1.2936, 0.0001]  x
  cube_rotation          = [-0.0002, -0.0263, 0.0035]  x
  cube_linear_velocity   = [-0.0657, 0.0025, 0.0506]  x
  obstacle_positions     = {}                     x
[step=  28 01:02:37.417][ASM] [ADAPT] retry_grasp → retry_grasp  (type=adaptive)
[step=  28 01:02:37.417][Analyzer] ASM node=retry_grasp  goal_status=VIOLATED  → adaptation=RETRY_GRASP
[step=  28 01:02:37.417][Planner] situacao=RETRY_GRASP  strategy=RETRY_GRASP
[step=  28 01:02:37.564][Manager] Adaptacao iniciada: RETRY_GRASP
[step=  29 01:02:38.574][Manager] ep=1 subtask= reward=-0.4001
[step=  29 01:02:38.575][Manager][MOCK] finger_contacts forçado para 1 (grasp_attempts=2)
[step=  29 01:02:38.575][Perception]
  RAW PERCEPTION                                  MONITORED PARAMS
  ----------------------------------------------  --------------------------------------
  fingers_width         = 0.0738 m                gripper_width_cm      = 7 cm
  dist_ee_to_cube       = 0.0240 m                distance_ee_object_cm = 2 cm
  dist_cube_to_target   = 0.4001 m  (3D)          distance_obj_goal_cm  = 40 cm  (XY)
  cube_position (z)     = 0.0118 m                object_lift_height_cm = 0 cm
  cube_position (xy)    = [-0.250, 0.000]         grasp_completed       = 0
  target_position (xy)  = [0.150, 0.000]          finger_contacts       = 1
  x                                               grasp_attempts        = 2
  episode                = 1                      x
  step                   = 29                     x
  ee_position            = [-0.2727, 0.0000, 0.0196]  x
  ee_velocity            = [0.0033, -0.0000, 0.0061]  x
  reward                 = -0.4001                x
  is_success             = False                  x
  obstacle_in_path       = False                  x
  obstacle_count_in_path = 0                      x
  obstacles              = {}                     x
  objects                = {'object_1': {'type': 'box', 'size': [0.045, 0.03, 0.02], 'mass': 1.0, 'color': [0.1, 0.2, 0.9, 1.0], 'initial_position': [-0.25, 0.0, 0.02], 'lateral_friction': 0.5, 'spinning_friction': 0.001, 'current_position': [-0.25, 0.0, 0.011764591277502501]}}  x
  scripts                = {'script_1': True, 'reach_only': True, 'left_right': True}  x
  target_goal            = {'type': 'goal_sequence', 'targets': [{'name': 'target', 'position': [0.15000000596046448, 0.0, 0.019999999552965164]}], 'mode': 'goal_sequence'}  x
  scene                  = {'table': {'length': 1.1, 'width': 0.7, 'height': 0.4, 'x_offset': -0.3, 'lateral_friction': 3.0, 'spinning_friction': 0.001}}  x
  robot_config           = {'control_type': 'ee', 'block_gripper': False, 'base_position': [-0.6, 0.0, 0.05]}  x
  current_task           = RETRY_GRASP            x
  active_target_name     = target                 x
  action                 = [0.0000, 0.0000, 0.0000, 1.0000]  x
  joint_angles           = [0.0000, 0.2629, 0.0000, -2.8905, 0.0001, 3.1511, 0.7854]  x
  joint_velocities       = [0.0004, -0.0033, -0.0007, -0.0509, -0.0014, 0.1542, -0.0010]  x
  cube_rotation          = [0.0000, -0.0000, 0.0000]  x
  cube_linear_velocity   = [0.0000, 0.0000, -0.3920]  x
  obstacle_positions     = {}                     x
[step=  29 01:02:38.577][Analyzer] ASM node=retry_grasp  goal_status=not_applicable
[step=  30 01:02:39.722][Manager] ep=1 subtask= reward=-0.4001
[step=  30 01:02:39.722][Manager][MOCK] finger_contacts forçado para 1 (grasp_attempts=2)
[step=  30 01:02:39.722][Perception]
  RAW PERCEPTION                                  MONITORED PARAMS
  ----------------------------------------------  --------------------------------------
  fingers_width         = 0.0792 m                gripper_width_cm      = 7 cm
  dist_ee_to_cube       = 0.0369 m                distance_ee_object_cm = 3 cm
  dist_cube_to_target   = 0.4001 m  (3D)          distance_obj_goal_cm  = 40 cm  (XY)
  cube_position (z)     = 0.0098 m                object_lift_height_cm = 0 cm
  cube_position (xy)    = [-0.250, -0.000]        grasp_completed       = 0
  target_position (xy)  = [0.150, 0.000]          finger_contacts       = 1
  x                                               grasp_attempts        = 2
  episode                = 1                      x
  step                   = 30                     x
  ee_position            = [-0.2796, 0.0000, 0.0319]  x
  ee_velocity            = [0.6773, 0.0000, 0.8939]  x
  reward                 = -0.4001                x
  is_success             = False                  x
  obstacle_in_path       = False                  x
  obstacle_count_in_path = 0                      x
  obstacles              = {}                     x
  objects                = {'object_1': {'type': 'box', 'size': [0.045, 0.03, 0.02], 'mass': 1.0, 'color': [0.1, 0.2, 0.9, 1.0], 'initial_position': [-0.25, 0.0, 0.02], 'lateral_friction': 0.5, 'spinning_friction': 0.001, 'current_position': [-0.25, -2.7656254985584796e-18, 0.009793123452511958]}}  x
  scripts                = {'script_1': True, 'reach_only': True, 'left_right': True}  x
  target_goal            = {'type': 'goal_sequence', 'targets': [{'name': 'target', 'position': [0.15000000596046448, 0.0, 0.019999999552965164]}], 'mode': 'goal_sequence'}  x
  scene                  = {'table': {'length': 1.1, 'width': 0.7, 'height': 0.4, 'x_offset': -0.3, 'lateral_friction': 3.0, 'spinning_friction': 0.001}}  x
  robot_config           = {'control_type': 'ee', 'block_gripper': False, 'base_position': [-0.6, 0.0, 0.05]}  x
  current_task           = RETRY_GRASP            x
  active_target_name     = target                 x
  action                 = [0.1634, -0.0000, 0.9866, 1.0000]  x
  joint_angles           = [0.0000, 0.1865, -0.0000, -2.8990, 0.0001, 3.0397, 0.7853]  x
  joint_velocities       = [0.0001, -3.0461, -0.0002, -0.0899, -0.0002, -0.8563, -0.0001]  x
  cube_rotation          = [0.0000, -0.0000, 0.0000]  x
  cube_linear_velocity   = [0.0000, -0.0000, 0.0086]  x
  obstacle_positions     = {}                     x
[step=  30 01:02:39.724][Analyzer] ASM node=retry_grasp  goal_status=not_applicable
[step=  31 01:02:40.881][Manager] ep=1 subtask= reward=-0.4001
[step=  31 01:02:40.882][Manager][MOCK] finger_contacts forçado para 1 (grasp_attempts=2)
[step=  31 01:02:40.882][Perception]
  RAW PERCEPTION                                  MONITORED PARAMS
  ----------------------------------------------  --------------------------------------
  fingers_width         = 0.0799 m                gripper_width_cm      = 7 cm
  dist_ee_to_cube       = 0.0571 m                distance_ee_object_cm = 5 cm
  dist_cube_to_target   = 0.4001 m  (3D)          distance_obj_goal_cm  = 40 cm  (XY)
  cube_position (z)     = 0.0100 m                object_lift_height_cm = 0 cm
  cube_position (xy)    = [-0.250, -0.000]        grasp_completed       = 0
  target_position (xy)  = [0.150, 0.000]          finger_contacts       = 1
  x                                               grasp_attempts        = 2
  episode                = 1                      x
  step                   = 31                     x
  ee_position            = [-0.2659, -0.0000, 0.0648]  x
  ee_velocity            = [0.0886, 0.0000, 0.2601]  x
  reward                 = -0.4001                x
  is_success             = False                  x
  obstacle_in_path       = False                  x
  obstacle_count_in_path = 0                      x
  obstacles              = {}                     x
  objects                = {'object_1': {'type': 'box', 'size': [0.045, 0.03, 0.02], 'mass': 1.0, 'color': [0.1, 0.2, 0.9, 1.0], 'initial_position': [-0.25, 0.0, 0.02], 'lateral_friction': 0.5, 'spinning_friction': 0.001, 'current_position': [-0.25000000000031075, -6.529255749252636e-13, 0.009952850708805309]}}  x
  scripts                = {'script_1': True, 'reach_only': True, 'left_right': True}  x
  target_goal            = {'type': 'goal_sequence', 'targets': [{'name': 'target', 'position': [0.15000000596046448, 0.0, 0.019999999552965164]}], 'mode': 'goal_sequence'}  x
  scene                  = {'table': {'length': 1.1, 'width': 0.7, 'height': 0.4, 'x_offset': -0.3, 'lateral_friction': 3.0, 'spinning_friction': 0.001}}  x
  robot_config           = {'control_type': 'ee', 'block_gripper': False, 'base_position': [-0.6, 0.0, 0.05]}  x
  current_task           = RETRY_GRASP            x
  active_target_name     = target                 x
  action                 = [0.2340, -0.0000, 0.9722, 1.0000]  x
  joint_angles           = [0.0000, 0.0651, -0.0000, -2.9144, 0.0001, 2.9795, 0.7853]  x
  joint_velocities       = [0.0000, -0.9962, -0.0000, -0.1385, -0.0002, -0.4634, 0.0001]  x
  cube_rotation          = [0.0000, -0.0000, 0.0000]  x
  cube_linear_velocity   = [-0.0000, -0.0000, 0.0016]  x
  obstacle_positions     = {}                     x
[step=  31 01:02:40.885][Analyzer] ASM node=retry_grasp  goal_status=not_applicable
[step=  32 01:02:42.015][Manager] ep=1 subtask= reward=-0.4001
[step=  32 01:02:42.015][Manager][MOCK] finger_contacts forçado para 1 (grasp_attempts=2)
[step=  32 01:02:42.015][Perception]
  RAW PERCEPTION                                  MONITORED PARAMS
  ----------------------------------------------  --------------------------------------
  fingers_width         = 0.0800 m                gripper_width_cm      = 7 cm
  dist_ee_to_cube       = 0.0792 m                distance_ee_object_cm = 7 cm
  dist_cube_to_target   = 0.4001 m  (3D)          distance_obj_goal_cm  = 40 cm  (XY)
  cube_position (z)     = 0.0100 m                object_lift_height_cm = 0 cm
  cube_position (xy)    = [-0.250, -0.000]        grasp_completed       = 0
  target_position (xy)  = [0.150, 0.000]          finger_contacts       = 1
  x                                               grasp_attempts        = 2
  episode                = 1                      x
  step                   = 32                     x
  ee_position            = [-0.2602, -0.0000, 0.0886]  x
  ee_velocity            = [0.3438, -0.0001, 0.6195]  x
  reward                 = -0.4001                x
  is_success             = False                  x
  obstacle_in_path       = False                  x
  obstacle_count_in_path = 0                      x
  obstacles              = {}                     x
  objects                = {'object_1': {'type': 'box', 'size': [0.045, 0.03, 0.02], 'mass': 1.0, 'color': [0.1, 0.2, 0.9, 1.0], 'initial_position': [-0.25, 0.0, 0.02], 'lateral_friction': 0.5, 'spinning_friction': 0.001, 'current_position': [-0.2500002114184943, -1.4547536606455064e-07, 0.00998340613282419]}}  x
  scripts                = {'script_1': True, 'reach_only': True, 'left_right': True}  x
  target_goal            = {'type': 'goal_sequence', 'targets': [{'name': 'target', 'position': [0.15000000596046448, 0.0, 0.019999999552965164]}], 'mode': 'goal_sequence'}  x
  scene                  = {'table': {'length': 1.1, 'width': 0.7, 'height': 0.4, 'x_offset': -0.3, 'lateral_friction': 3.0, 'spinning_friction': 0.001}}  x
  robot_config           = {'control_type': 'ee', 'block_gripper': False, 'base_position': [-0.6, 0.0, 0.05]}  x
  current_task           = RETRY_GRASP            x
  active_target_name     = target                 x
  action                 = [0.1736, 0.0000, 0.9848, 1.0000]  x
  joint_angles           = [0.0000, -0.0276, -0.0000, -2.8991, -0.0000, 2.8565, 0.7854]  x
  joint_velocities       = [-0.0001, -1.9646, -0.0002, 0.1181, 0.0021, -0.9457, 0.0002]  x
  cube_rotation          = [0.0000, -0.0000, 0.0000]  x
  cube_linear_velocity   = [-0.0000, -0.0000, 0.0003]  x
  obstacle_positions     = {}                     x
[step=  32 01:02:42.018][Analyzer] ASM node=retry_grasp  goal_status=not_applicable
[step=  33 01:02:43.175][Manager] ep=1 subtask= reward=-0.4001
[step=  33 01:02:43.175][Manager][MOCK] finger_contacts forçado para 1 (grasp_attempts=2)
[step=  33 01:02:43.175][Perception]
  RAW PERCEPTION                                  MONITORED PARAMS
  ----------------------------------------------  --------------------------------------
  fingers_width         = 0.0800 m                gripper_width_cm      = 7 cm
  dist_ee_to_cube       = 0.1095 m                distance_ee_object_cm = 10 cm
  dist_cube_to_target   = 0.4001 m  (3D)          distance_obj_goal_cm  = 40 cm  (XY)
  cube_position (z)     = 0.0100 m                object_lift_height_cm = 0 cm
  cube_position (xy)    = [-0.250, 0.000]         grasp_completed       = 0
  target_position (xy)  = [0.150, 0.000]          finger_contacts       = 1
  x                                               grasp_attempts        = 2
  episode                = 1                      x
  step                   = 33                     x
  ee_position            = [-0.2508, -0.0000, 0.1195]  x
  ee_velocity            = [0.1377, 0.0001, 0.3732]  x
  reward                 = -0.4001                x
  is_success             = False                  x
  obstacle_in_path       = False                  x
  obstacle_count_in_path = 0                      x
  obstacles              = {}                     x
  objects                = {'object_1': {'type': 'box', 'size': [0.045, 0.03, 0.02], 'mass': 1.0, 'color': [0.1, 0.2, 0.9, 1.0], 'initial_position': [-0.25, 0.0, 0.02], 'lateral_friction': 0.5, 'spinning_friction': 0.001, 'current_position': [-0.2500004252475642, 6.753010552076691e-08, 0.00998926587369854]}}  x
  scripts                = {'script_1': True, 'reach_only': True, 'left_right': True}  x
  target_goal            = {'type': 'goal_sequence', 'targets': [{'name': 'target', 'position': [0.15000000596046448, 0.0, 0.019999999552965164]}], 'mode': 'goal_sequence'}  x
  scene                  = {'table': {'length': 1.1, 'width': 0.7, 'height': 0.4, 'x_offset': -0.3, 'lateral_friction': 3.0, 'spinning_friction': 0.001}}  x
  robot_config           = {'control_type': 'ee', 'block_gripper': False, 'base_position': [-0.6, 0.0, 0.05]}  x
  current_task           = RETRY_GRASP            x
  active_target_name     = target                 x
  action                 = [0.1511, 0.0000, 0.9885, 1.0000]  x
  joint_angles           = [0.0000, -0.1297, -0.0000, -2.8840, -0.0000, 2.7500, 0.7854]  x
  joint_velocities       = [0.0002, -1.1697, 0.0001, 0.1160, 0.0003, -0.8180, -0.0001]  x
  cube_rotation          = [0.0000, -0.0000, 0.0000]  x
  cube_linear_velocity   = [0.0000, 0.0000, 0.0000]  x
  obstacle_positions     = {}                     x
[step=  33 01:02:43.178][Analyzer] ASM node=retry_grasp  goal_status=not_applicable
[step=  34 01:02:44.309][Manager] ep=1 subtask= reward=-0.4001
[step=  34 01:02:44.309][Manager][MOCK] finger_contacts forçado para 1 (grasp_attempts=2)
[step=  34 01:02:44.310][Perception]
  RAW PERCEPTION                                  MONITORED PARAMS
  ----------------------------------------------  --------------------------------------
  fingers_width         = 0.0800 m                gripper_width_cm      = 7 cm
  dist_ee_to_cube       = 0.1378 m                distance_ee_object_cm = 13 cm
  dist_cube_to_target   = 0.4001 m  (3D)          distance_obj_goal_cm  = 40 cm  (XY)
  cube_position (z)     = 0.0100 m                object_lift_height_cm = 0 cm
  cube_position (xy)    = [-0.250, 0.000]         grasp_completed       = 0
  target_position (xy)  = [0.150, 0.000]          finger_contacts       = 1
  x                                               grasp_attempts        = 2
  episode                = 1                      x
  step                   = 34                     x
  ee_position            = [-0.2478, -0.0000, 0.1478]  x
  ee_velocity            = [0.1918, 0.0002, 0.5677]  x
  reward                 = -0.4001                x
  is_success             = False                  x
  obstacle_in_path       = False                  x
  obstacle_count_in_path = 0                      x
  obstacles              = {}                     x
  objects                = {'object_1': {'type': 'box', 'size': [0.045, 0.03, 0.02], 'mass': 1.0, 'color': [0.1, 0.2, 0.9, 1.0], 'initial_position': [-0.25, 0.0, 0.02], 'lateral_friction': 0.5, 'spinning_friction': 0.001, 'current_position': [-0.2500004954788898, 7.194186565910265e-07, 0.009990041511818084]}}  x
  scripts                = {'script_1': True, 'reach_only': True, 'left_right': True}  x
  target_goal            = {'type': 'goal_sequence', 'targets': [{'name': 'target', 'position': [0.15000000596046448, 0.0, 0.019999999552965164]}], 'mode': 'goal_sequence'}  x
  scene                  = {'table': {'length': 1.1, 'width': 0.7, 'height': 0.4, 'x_offset': -0.3, 'lateral_friction': 3.0, 'spinning_friction': 0.001}}  x
  robot_config           = {'control_type': 'ee', 'block_gripper': False, 'base_position': [-0.6, 0.0, 0.05]}  x
  current_task           = RETRY_GRASP            x
  active_target_name     = target                 x
  action                 = [0.0231, 0.0001, 0.9997, 1.0000]  x
  joint_angles           = [0.0000, -0.2228, -0.0000, -2.8643, -0.0001, 2.6294, 0.7854]  x
  joint_velocities       = [0.0000, -1.6884, 0.0002, 0.1520, 0.0034, -0.9272, -0.0003]  x
  cube_rotation          = [0.0000, -0.0000, 0.0000]  x
  cube_linear_velocity   = [-0.0000, 0.0000, 0.0000]  x
  obstacle_positions     = {}                     x
[step=  34 01:02:44.312][Analyzer] ASM node=retry_grasp  goal_status=not_applicable
[step=  35 01:02:45.456][Manager] ep=1 subtask= reward=-0.4001
[step=  35 01:02:45.456][Manager][MOCK] finger_contacts forçado para 1 (grasp_attempts=2)
[step=  35 01:02:45.456][Perception]
  RAW PERCEPTION                                  MONITORED PARAMS
  ----------------------------------------------  --------------------------------------
  fingers_width         = 0.0800 m                gripper_width_cm      = 7 cm
  dist_ee_to_cube       = 0.1669 m                distance_ee_object_cm = 16 cm
  dist_cube_to_target   = 0.4001 m  (3D)          distance_obj_goal_cm  = 40 cm  (XY)
  cube_position (z)     = 0.0100 m                object_lift_height_cm = 0 cm
  cube_position (xy)    = [-0.250, 0.000]         grasp_completed       = 0
  target_position (xy)  = [0.150, 0.000]          finger_contacts       = 1
  x                                               grasp_attempts        = 2
  episode                = 1                      x
  step                   = 35                     x
  ee_position            = [-0.2546, 0.0000, 0.1768]  x
  ee_velocity            = [0.0626, 0.0002, 0.5265]  x
  reward                 = -0.4001                x
  is_success             = False                  x
  obstacle_in_path       = False                  x
  obstacle_count_in_path = 0                      x
  obstacles              = {}                     x
  objects                = {'object_1': {'type': 'box', 'size': [0.045, 0.03, 0.02], 'mass': 1.0, 'color': [0.1, 0.2, 0.9, 1.0], 'initial_position': [-0.25, 0.0, 0.02], 'lateral_friction': 0.5, 'spinning_friction': 0.001, 'current_position': [-0.2500006799418444, 1.0195834987210527e-06, 0.009990043042251656]}}  x
  scripts                = {'script_1': True, 'reach_only': True, 'left_right': True}  x
  target_goal            = {'type': 'goal_sequence', 'targets': [{'name': 'target', 'position': [0.15000000596046448, 0.0, 0.019999999552965164]}], 'mode': 'goal_sequence'}  x
  scene                  = {'table': {'length': 1.1, 'width': 0.7, 'height': 0.4, 'x_offset': -0.3, 'lateral_friction': 3.0, 'spinning_friction': 0.001}}  x
  robot_config           = {'control_type': 'ee', 'block_gripper': False, 'base_position': [-0.6, 0.0, 0.05]}  x
  current_task           = RETRY_GRASP            x
  active_target_name     = target                 x
  action                 = [-0.2926, 0.0004, 0.9562, 1.0000]  x
  joint_angles           = [0.0001, -0.3415, -0.0000, -2.8744, -0.0000, 2.5254, 0.7854]  x
  joint_velocities       = [0.0002, -1.8476, 0.0003, -0.1145, 0.0004, -0.7994, 0.0003]  x
  cube_rotation          = [0.0000, -0.0000, 0.0000]  x
  cube_linear_velocity   = [-0.0000, 0.0000, -0.0000]  x
  obstacle_positions     = {}                     x
[step=  35 01:02:45.458][Analyzer] ASM node=retry_grasp  goal_status=not_applicable
[step=  36 01:02:46.628][Manager] ep=1 subtask= reward=-0.4001
[step=  36 01:02:46.628][Manager][MOCK] finger_contacts forçado para 1 (grasp_attempts=2)
[step=  36 01:02:46.629][Perception]
  RAW PERCEPTION                                  MONITORED PARAMS
  ----------------------------------------------  --------------------------------------
  fingers_width         = 0.0800 m                gripper_width_cm      = 7 cm
  dist_ee_to_cube       = 0.1636 m                distance_ee_object_cm = 16 cm
  dist_cube_to_target   = 0.4001 m  (3D)          distance_obj_goal_cm  = 40 cm  (XY)
  cube_position (z)     = 0.0100 m                object_lift_height_cm = 0 cm
  cube_position (xy)    = [-0.250, 0.000]         grasp_completed       = 0
  target_position (xy)  = [0.150, 0.000]          finger_contacts       = 1
  x                                               grasp_attempts        = 2
  episode                = 1                      x
  step                   = 36                     x
  ee_position            = [-0.2438, 0.0000, 0.1735]  x
  ee_velocity            = [-0.3360, -0.0003, -0.9433]  x
  reward                 = -0.4001                x
  is_success             = False                  x
  obstacle_in_path       = False                  x
  obstacle_count_in_path = 0                      x
  obstacles              = {}                     x
  objects                = {'object_1': {'type': 'box', 'size': [0.045, 0.03, 0.02], 'mass': 1.0, 'color': [0.1, 0.2, 0.9, 1.0], 'initial_position': [-0.25, 0.0, 0.02], 'lateral_friction': 0.5, 'spinning_friction': 0.001, 'current_position': [-0.2500008653146874, 1.319409842526153e-06, 0.00999004304211985]}}  x
  scripts                = {'script_1': True, 'reach_only': True, 'left_right': True}  x
  target_goal            = {'type': 'goal_sequence', 'targets': [{'name': 'target', 'position': [0.15000000596046448, 0.0, 0.019999999552965164]}], 'mode': 'goal_sequence'}  x
  scene                  = {'table': {'length': 1.1, 'width': 0.7, 'height': 0.4, 'x_offset': -0.3, 'lateral_friction': 3.0, 'spinning_friction': 0.001}}  x
  robot_config           = {'control_type': 'ee', 'block_gripper': False, 'base_position': [-0.6, 0.0, 0.05]}  x
  current_task           = RETRY_GRASP            x
  active_target_name     = target                 x
  action                 = [0.0322, -0.0001, -0.9995, 1.0000]  x
  joint_angles           = [0.0001, -0.3198, -0.0000, -2.9052, 0.0002, 2.6609, 0.7854]  x
  joint_velocities       = [0.0002, 2.6984, -0.0003, -0.2410, -0.0100, 1.0421, -0.0000]  x
  cube_rotation          = [0.0000, -0.0000, 0.0000]  x
  cube_linear_velocity   = [-0.0000, 0.0000, -0.0000]  x
  obstacle_positions     = {}                     x
[step=  36 01:02:46.631][Analyzer] ASM node=retry_grasp  goal_status=not_applicable
[step=  37 01:02:47.775][Manager] ep=1 subtask= reward=-0.4001
[step=  37 01:02:47.775][Manager][MOCK] finger_contacts forçado para 1 (grasp_attempts=2)
[step=  37 01:02:47.775][Perception]
  RAW PERCEPTION                                  MONITORED PARAMS
  ----------------------------------------------  --------------------------------------
  fingers_width         = 0.0800 m                gripper_width_cm      = 7 cm
  dist_ee_to_cube       = 0.1229 m                distance_ee_object_cm = 12 cm
  dist_cube_to_target   = 0.4001 m  (3D)          distance_obj_goal_cm  = 40 cm  (XY)
  cube_position (z)     = 0.0100 m                object_lift_height_cm = 0 cm
  cube_position (xy)    = [-0.250, 0.000]         grasp_completed       = 0
  target_position (xy)  = [0.150, 0.000]          finger_contacts       = 1
  x                                               grasp_attempts        = 2
  episode                = 1                      x
  step                   = 37                     x
  ee_position            = [-0.2540, 0.0000, 0.1329]  x
  ee_velocity            = [-0.2900, -0.0000, -0.6612]  x
  reward                 = -0.4001                x
  is_success             = False                  x
  obstacle_in_path       = False                  x
  obstacle_count_in_path = 0                      x
  obstacles              = {}                     x
  objects                = {'object_1': {'type': 'box', 'size': [0.045, 0.03, 0.02], 'mass': 1.0, 'color': [0.1, 0.2, 0.9, 1.0], 'initial_position': [-0.25, 0.0, 0.02], 'lateral_friction': 0.5, 'spinning_friction': 0.001, 'current_position': [-0.2500010506907164, 1.6192333935430299e-06, 0.009990043041987763]}}  x
  scripts                = {'script_1': True, 'reach_only': True, 'left_right': True}  x
  target_goal            = {'type': 'goal_sequence', 'targets': [{'name': 'target', 'position': [0.15000000596046448, 0.0, 0.019999999552965164]}], 'mode': 'goal_sequence'}  x
  scene                  = {'table': {'length': 1.1, 'width': 0.7, 'height': 0.4, 'x_offset': -0.3, 'lateral_friction': 3.0, 'spinning_friction': 0.001}}  x
  robot_config           = {'control_type': 'ee', 'block_gripper': False, 'base_position': [-0.6, 0.0, 0.05]}  x
  current_task           = RETRY_GRASP            x
  active_target_name     = target                 x
  action                 = [-0.0448, -0.0001, -0.9990, 1.0000]  x
  joint_angles           = [0.0000, -0.1818, 0.0000, -2.8919, 0.0000, 2.7004, 0.7854]  x
  joint_velocities       = [-0.0002, 2.1056, 0.0002, 0.1277, -0.0010, 0.3036, -0.0001]  x
  cube_rotation          = [0.0000, -0.0000, 0.0000]  x
  cube_linear_velocity   = [-0.0000, 0.0000, -0.0000]  x
  obstacle_positions     = {}                     x
[step=  37 01:02:47.778][Analyzer] ASM node=retry_grasp  goal_status=not_applicable
[step=  38 01:02:48.896][Manager] ep=1 subtask= reward=-0.4001
[step=  38 01:02:48.896][Manager][MOCK] finger_contacts forçado para 1 (grasp_attempts=2)
[step=  38 01:02:48.897][Perception]
  RAW PERCEPTION                                  MONITORED PARAMS
  ----------------------------------------------  --------------------------------------
  fingers_width         = 0.0800 m                gripper_width_cm      = 7 cm
  dist_ee_to_cube       = 0.0891 m                distance_ee_object_cm = 8 cm
  dist_cube_to_target   = 0.4001 m  (3D)          distance_obj_goal_cm  = 40 cm  (XY)
  cube_position (z)     = 0.0100 m                object_lift_height_cm = 0 cm
  cube_position (xy)    = [-0.250, 0.000]         grasp_completed       = 0
  target_position (xy)  = [0.150, 0.000]          finger_contacts       = 1
  x                                               grasp_attempts        = 2
  episode                = 1                      x
  step                   = 38                     x
  ee_position            = [-0.2582, 0.0000, 0.0987]  x
  ee_velocity            = [-0.2901, 0.0001, -0.6104]  x
  reward                 = -0.4001                x
  is_success             = False                  x
  obstacle_in_path       = False                  x
  obstacle_count_in_path = 0                      x
  obstacles              = {}                     x
  objects                = {'object_1': {'type': 'box', 'size': [0.045, 0.03, 0.02], 'mass': 1.0, 'color': [0.1, 0.2, 0.9, 1.0], 'initial_position': [-0.25, 0.0, 0.02], 'lateral_friction': 0.5, 'spinning_friction': 0.001, 'current_position': [-0.2500012360699317, 1.919054151531512e-06, 0.00999004304185565]}}  x
  scripts                = {'script_1': True, 'reach_only': True, 'left_right': True}  x
  target_goal            = {'type': 'goal_sequence', 'targets': [{'name': 'target', 'position': [0.15000000596046448, 0.0, 0.019999999552965164]}], 'mode': 'goal_sequence'}  x
  scene                  = {'table': {'length': 1.1, 'width': 0.7, 'height': 0.4, 'x_offset': -0.3, 'lateral_friction': 3.0, 'spinning_friction': 0.001}}  x
  robot_config           = {'control_type': 'ee', 'block_gripper': False, 'base_position': [-0.6, 0.0, 0.05]}  x
  current_task           = RETRY_GRASP            x
  active_target_name     = target                 x
  action                 = [0.0404, -0.0001, -0.9992, 1.0000]  x
  joint_angles           = [0.0000, -0.0578, 0.0000, -2.8995, 0.0000, 2.8268, 0.7854]  x
  joint_velocities       = [0.0002, 1.9822, 0.0000, -0.0571, -0.0004, 0.9716, 0.0002]  x
  cube_rotation          = [0.0000, -0.0000, 0.0000]  x
  cube_linear_velocity   = [-0.0000, 0.0000, -0.0000]  x
  obstacle_positions     = {}                     x
[step=  38 01:02:48.899][Analyzer] ASM node=retry_grasp  goal_status=not_applicable
[step=  39 01:02:50.069][Manager] ep=1 subtask= reward=-0.4001
[step=  39 01:02:50.069][Manager][MOCK] finger_contacts forçado para 1 (grasp_attempts=2)
[step=  39 01:02:50.069][Perception]
  RAW PERCEPTION                                  MONITORED PARAMS
  ----------------------------------------------  --------------------------------------
  fingers_width         = 0.0800 m                gripper_width_cm      = 7 cm
  dist_ee_to_cube       = 0.0572 m                distance_ee_object_cm = 5 cm
  dist_cube_to_target   = 0.4001 m  (3D)          distance_obj_goal_cm  = 40 cm  (XY)
  cube_position (z)     = 0.0100 m                object_lift_height_cm = 0 cm
  cube_position (xy)    = [-0.250, 0.000]         grasp_completed       = 0
  target_position (xy)  = [0.150, 0.000]          finger_contacts       = 1
  x                                               grasp_attempts        = 2
  episode                = 1                      x
  step                   = 39                     x
  ee_position            = [-0.2578, 0.0000, 0.0667]  x
  ee_velocity            = [-0.2985, 0.0000, -0.6462]  x
  reward                 = -0.4001                x
  is_success             = False                  x
  obstacle_in_path       = False                  x
  obstacle_count_in_path = 0                      x
  obstacles              = {}                     x
  objects                = {'object_1': {'type': 'box', 'size': [0.045, 0.03, 0.02], 'mass': 1.0, 'color': [0.1, 0.2, 0.9, 1.0], 'initial_position': [-0.25, 0.0, 0.02], 'lateral_friction': 0.5, 'spinning_friction': 0.001, 'current_position': [-0.25000136724607275, 2.2031336372377745e-06, 0.009989988845671583]}}  x
  scripts                = {'script_1': True, 'reach_only': True, 'left_right': True}  x
  target_goal            = {'type': 'goal_sequence', 'targets': [{'name': 'target', 'position': [0.15000000596046448, 0.0, 0.019999999552965164]}], 'mode': 'goal_sequence'}  x
  scene                  = {'table': {'length': 1.1, 'width': 0.7, 'height': 0.4, 'x_offset': -0.3, 'lateral_friction': 3.0, 'spinning_friction': 0.001}}  x
  robot_config           = {'control_type': 'ee', 'block_gripper': False, 'base_position': [-0.6, 0.0, 0.05]}  x
  current_task           = RETRY_GRASP            x
  active_target_name     = target                 x
  action                 = [0.1279, -0.0001, -0.9918, 1.0000]  x
  joint_angles           = [0.0000, 0.0776, -0.0000, -2.8842, -0.0000, 2.9481, 0.7854]  x
  joint_velocities       = [-0.0000, 2.2427, 0.0001, 0.1759, -0.0001, 0.9326, -0.0001]  x
  cube_rotation          = [0.0000, -0.0000, 0.0000]  x
  cube_linear_velocity   = [0.0000, 0.0000, 0.0000]  x
  obstacle_positions     = {}                     x
[step=  39 01:02:50.072][Analyzer] ASM node=retry_grasp  goal_status=not_applicable
[step=  40 01:02:51.203][Manager] ep=1 subtask= reward=-0.4001
[step=  40 01:02:51.203][Manager][MOCK] finger_contacts forçado para 1 (grasp_attempts=2)
[step=  40 01:02:51.204][Perception]
  RAW PERCEPTION                                  MONITORED PARAMS
  ----------------------------------------------  --------------------------------------
  fingers_width         = 0.0800 m                gripper_width_cm      = 7 cm
  dist_ee_to_cube       = 0.0243 m                distance_ee_object_cm = 2 cm
  dist_cube_to_target   = 0.4001 m  (3D)          distance_obj_goal_cm  = 40 cm  (XY)
  cube_position (z)     = 0.0100 m                object_lift_height_cm = 0 cm
  cube_position (xy)    = [-0.250, 0.000]         grasp_completed       = 0
  target_position (xy)  = [0.150, 0.000]          finger_contacts       = 1
  x                                               grasp_attempts        = 2
  episode                = 1                      x
  step                   = 40                     x
  ee_position            = [-0.2530, -0.0000, 0.0342]  x
  ee_velocity            = [-0.2475, 0.0000, -0.6499]  x
  reward                 = -0.4001                x
  is_success             = False                  x
  obstacle_in_path       = False                  x
  obstacle_count_in_path = 0                      x
  obstacles              = {}                     x
  objects                = {'object_1': {'type': 'box', 'size': [0.045, 0.03, 0.02], 'mass': 1.0, 'color': [0.1, 0.2, 0.9, 1.0], 'initial_position': [-0.25, 0.0, 0.02], 'lateral_friction': 0.5, 'spinning_friction': 0.001, 'current_position': [-0.25000136322117794, 2.203138410245137e-06, 0.009989997894688917]}}  x
  scripts                = {'script_1': True, 'reach_only': True, 'left_right': True}  x
  target_goal            = {'type': 'goal_sequence', 'targets': [{'name': 'target', 'position': [0.15000000596046448, 0.0, 0.019999999552965164]}], 'mode': 'goal_sequence'}  x
  scene                  = {'table': {'length': 1.1, 'width': 0.7, 'height': 0.4, 'x_offset': -0.3, 'lateral_friction': 3.0, 'spinning_friction': 0.001}}  x
  robot_config           = {'control_type': 'ee', 'block_gripper': False, 'base_position': [-0.6, 0.0, 0.05]}  x
  current_task           = RETRY_GRASP            x
  active_target_name     = target                 x
  action                 = [0.2375, 0.0001, -0.9714, 1.0000]  x
  joint_angles           = [0.0000, 0.2236, -0.0000, -2.8423, -0.0000, 3.0503, 0.7854]  x
  joint_velocities       = [0.0000, 2.3400, 0.0000, 0.4843, -0.0000, 0.7861, -0.0000]  x
  cube_rotation          = [0.0000, -0.0000, 0.0000]  x
  cube_linear_velocity   = [0.0000, 0.0000, 0.0000]  x
  obstacle_positions     = {}                     x
[step=  40 01:02:51.206][Analyzer] ASM node=retry_grasp  goal_status=not_applicable
[step=  41 01:02:52.337][Manager] ep=1 subtask= reward=-0.4001
[step=  41 01:02:52.337][Manager][MOCK] finger_contacts forçado para 1 (grasp_attempts=2)
[step=  41 01:02:52.338][Perception]
  RAW PERCEPTION                                  MONITORED PARAMS
  ----------------------------------------------  --------------------------------------
  fingers_width         = 0.0800 m                gripper_width_cm      = 7 cm
  dist_ee_to_cube       = 0.0172 m                distance_ee_object_cm = 1 cm
  dist_cube_to_target   = 0.4001 m  (3D)          distance_obj_goal_cm  = 40 cm  (XY)
  cube_position (z)     = 0.0100 m                object_lift_height_cm = 0 cm
  cube_position (xy)    = [-0.250, 0.000]         grasp_completed       = 0
  target_position (xy)  = [0.150, 0.000]          finger_contacts       = 1
  x                                               grasp_attempts        = 2
  episode                = 1                      x
  step                   = 41                     x
  ee_position            = [-0.2390, 0.0000, 0.0233]  x
  ee_velocity            = [0.8630, -0.0002, 0.2468]  x
  reward                 = -0.4001                x
  is_success             = False                  x
  obstacle_in_path       = False                  x
  obstacle_count_in_path = 0                      x
  obstacles              = {}                     x
  objects                = {'object_1': {'type': 'box', 'size': [0.045, 0.03, 0.02], 'mass': 1.0, 'color': [0.1, 0.2, 0.9, 1.0], 'initial_position': [-0.25, 0.0, 0.02], 'lateral_friction': 0.5, 'spinning_friction': 0.001, 'current_position': [-0.2500013624620433, 2.203138429823222e-06, 0.009989999602741854]}}  x
  scripts                = {'script_1': True, 'reach_only': True, 'left_right': True}  x
  target_goal            = {'type': 'goal_sequence', 'targets': [{'name': 'target', 'position': [0.15000000596046448, 0.0, 0.019999999552965164]}], 'mode': 'goal_sequence'}  x
  scene                  = {'table': {'length': 1.1, 'width': 0.7, 'height': 0.4, 'x_offset': -0.3, 'lateral_friction': 3.0, 'spinning_friction': 0.001}}  x
  robot_config           = {'control_type': 'ee', 'block_gripper': False, 'base_position': [-0.6, 0.0, 0.05]}  x
  current_task           = RETRY_GRASP            x
  active_target_name     = target                 x
  action                 = [0.9624, 0.0013, 0.2717, 1.0000]  x
  joint_angles           = [0.0001, 0.2782, 0.0000, -2.7580, 0.0000, 2.9719, 0.7855]  x
  joint_velocities       = [0.0007, 0.1446, -0.0014, 1.7584, 0.0001, -0.6028, 0.0008]  x
  cube_rotation          = [0.0000, -0.0000, 0.0000]  x
  cube_linear_velocity   = [0.0000, 0.0000, 0.0000]  x
  obstacle_positions     = {}                     x
[step=  41 01:02:52.340][Analyzer] ASM node=retry_grasp  goal_status=not_applicable
[step=  42 01:02:53.535][Manager] ep=1 subtask= reward=-0.4001
[step=  42 01:02:53.536][Manager][MOCK] finger_contacts forçado para 1 (grasp_attempts=3)
[step=  42 01:02:53.536][Perception]
  RAW PERCEPTION                                  MONITORED PARAMS
  ----------------------------------------------  --------------------------------------
  fingers_width         = 0.0097 m                gripper_width_cm      = 0 cm
  dist_ee_to_cube       = 0.0251 m                distance_ee_object_cm = 2 cm
  dist_cube_to_target   = 0.4001 m  (3D)          distance_obj_goal_cm  = 40 cm  (XY)
  cube_position (z)     = 0.0100 m                object_lift_height_cm = 0 cm
  cube_position (xy)    = [-0.250, 0.000]         grasp_completed       = 1
  target_position (xy)  = [0.150, 0.000]          finger_contacts       = 1
  x                                               grasp_attempts        = 3
  episode                = 1                      x
  step                   = 42                     x
  ee_position            = [-0.2319, 0.0000, 0.0274]  x
  ee_velocity            = [-0.2752, -0.0001, -0.0749]  x
  reward                 = -0.4001                x
  is_success             = False                  x
  obstacle_in_path       = False                  x
  obstacle_count_in_path = 0                      x
  obstacles              = {}                     x
  objects                = {'object_1': {'type': 'box', 'size': [0.045, 0.03, 0.02], 'mass': 1.0, 'color': [0.1, 0.2, 0.9, 1.0], 'initial_position': [-0.25, 0.0, 0.02], 'lateral_friction': 0.5, 'spinning_friction': 0.001, 'current_position': [-0.2500028627889835, 2.621311341027171e-06, 0.009987122492811395]}}  x
  scripts                = {'script_1': True, 'reach_only': True, 'left_right': True}  x
  target_goal            = {'type': 'goal_sequence', 'targets': [{'name': 'target', 'position': [0.15000000596046448, 0.0, 0.019999999552965164]}], 'mode': 'goal_sequence'}  x
  scene                  = {'table': {'length': 1.1, 'width': 0.7, 'height': 0.4, 'x_offset': -0.3, 'lateral_friction': 3.0, 'spinning_friction': 0.001}}  x
  robot_config           = {'control_type': 'ee', 'block_gripper': False, 'base_position': [-0.6, 0.0, 0.05]}  x
  current_task           = RETRY_GRASP            x
  active_target_name     = target                 x
  action                 = [0.0000, 0.0000, 0.0000, -1.0000]  x
  joint_angles           = [0.0001, 0.2739, -0.0000, -2.7829, 0.0001, 3.0563, 0.7855]  x
  joint_velocities       = [0.0002, -0.0397, -0.0012, -0.7235, -0.0048, 0.6499, 0.0002]  x
  cube_rotation          = [0.0000, -0.0002, 0.0000]  x
  cube_linear_velocity   = [-0.0001, 0.0001, -0.0003]  x
  obstacle_positions     = {}                     x
[step=  42 01:02:53.539][Analyzer] ASM node=retry_grasp  goal_status=not_applicable
[step=  43 01:02:54.643][Manager] ep=1 subtask= reward=-0.4001
[step=  43 01:02:54.643][Manager][MOCK] finger_contacts forçado para 1 (grasp_attempts=3)
[step=  43 01:02:54.644][Perception]
  RAW PERCEPTION                                  MONITORED PARAMS
  ----------------------------------------------  --------------------------------------
  fingers_width         = 0.0012 m                gripper_width_cm      = 0 cm
  dist_ee_to_cube       = 0.0249 m                distance_ee_object_cm = 2 cm
  dist_cube_to_target   = 0.4001 m  (3D)          distance_obj_goal_cm  = 40 cm  (XY)
  cube_position (z)     = 0.0100 m                object_lift_height_cm = 0 cm
  cube_position (xy)    = [-0.250, 0.000]         grasp_completed       = 1
  target_position (xy)  = [0.150, 0.000]          finger_contacts       = 1
  x                                               grasp_attempts        = 3
  episode                = 1                      x
  step                   = 43                     x
  ee_position            = [-0.2321, 0.0000, 0.0273]  x
  ee_velocity            = [0.0066, -0.0001, 0.0022]  x
  reward                 = -0.4001                x
  is_success             = False                  x
  obstacle_in_path       = False                  x
  obstacle_count_in_path = 0                      x
  obstacles              = {}                     x
  objects                = {'object_1': {'type': 'box', 'size': [0.045, 0.03, 0.02], 'mass': 1.0, 'color': [0.1, 0.2, 0.9, 1.0], 'initial_position': [-0.25, 0.0, 0.02], 'lateral_friction': 0.5, 'spinning_friction': 0.001, 'current_position': [-0.25000266798726817, 1.647661968717464e-06, 0.009987372993883765]}}  x
  scripts                = {'script_1': True, 'reach_only': True, 'left_right': True}  x
  target_goal            = {'type': 'goal_sequence', 'targets': [{'name': 'target', 'position': [0.15000000596046448, 0.0, 0.019999999552965164]}], 'mode': 'goal_sequence'}  x
  scene                  = {'table': {'length': 1.1, 'width': 0.7, 'height': 0.4, 'x_offset': -0.3, 'lateral_friction': 3.0, 'spinning_friction': 0.001}}  x
  robot_config           = {'control_type': 'ee', 'block_gripper': False, 'base_position': [-0.6, 0.0, 0.05]}  x
  current_task           = RETRY_GRASP            x
  active_target_name     = target                 x
  action                 = [0.0000, 0.0000, 0.0000, -1.0000]  x
  joint_angles           = [0.0001, 0.2739, -0.0000, -2.7822, 0.0000, 3.0560, 0.7855]  x
  joint_velocities       = [0.0000, 0.0002, -0.0003, 0.0123, -0.0004, -0.0026, -0.0006]  x
  cube_rotation          = [0.0000, -0.0001, 0.0000]  x
  cube_linear_velocity   = [-0.0000, 0.0000, 0.0000]  x
  obstacle_positions     = {}                     x
[step=  43 01:02:54.646][Analyzer] ASM node=retry_grasp  goal_status=not_applicable
[step=  44 01:02:55.778][Manager] ep=1 subtask= reward=-0.4001
[step=  44 01:02:55.778][Manager][MOCK] finger_contacts forçado para 1 (grasp_attempts=3)
[step=  44 01:02:55.778][Perception]
  RAW PERCEPTION                                  MONITORED PARAMS
  ----------------------------------------------  --------------------------------------
  fingers_width         = 0.0002 m                gripper_width_cm      = 0 cm
  dist_ee_to_cube       = 0.0250 m                distance_ee_object_cm = 2 cm
  dist_cube_to_target   = 0.4001 m  (3D)          distance_obj_goal_cm  = 40 cm  (XY)
  cube_position (z)     = 0.0100 m                object_lift_height_cm = 0 cm
  cube_position (xy)    = [-0.250, 0.000]         grasp_completed       = 1
  target_position (xy)  = [0.150, 0.000]          finger_contacts       = 1
  x                                               grasp_attempts        = 3
  episode                = 1                      x
  step                   = 44                     x
  ee_position            = [-0.2321, 0.0000, 0.0274]  x
  ee_velocity            = [0.0002, 0.0002, 0.0001]  x
  reward                 = -0.4001                x
  is_success             = False                  x
  obstacle_in_path       = False                  x
  obstacle_count_in_path = 0                      x
  obstacles              = {}                     x
  objects                = {'object_1': {'type': 'box', 'size': [0.045, 0.03, 0.02], 'mass': 1.0, 'color': [0.1, 0.2, 0.9, 1.0], 'initial_position': [-0.25, 0.0, 0.02], 'lateral_friction': 0.5, 'spinning_friction': 0.001, 'current_position': [-0.25000525751812086, 2.6452901868384145e-06, 0.009983367969237733]}}  x
  scripts                = {'script_1': True, 'reach_only': True, 'left_right': True}  x
  target_goal            = {'type': 'goal_sequence', 'targets': [{'name': 'target', 'position': [0.15000000596046448, 0.0, 0.019999999552965164]}], 'mode': 'goal_sequence'}  x
  scene                  = {'table': {'length': 1.1, 'width': 0.7, 'height': 0.4, 'x_offset': -0.3, 'lateral_friction': 3.0, 'spinning_friction': 0.001}}  x
  robot_config           = {'control_type': 'ee', 'block_gripper': False, 'base_position': [-0.6, 0.0, 0.05]}  x
  current_task           = RETRY_GRASP            x
  active_target_name     = target                 x
  action                 = [0.0000, 0.0000, 0.0000, -1.0000]  x
  joint_angles           = [0.0001, 0.2739, -0.0000, -2.7821, 0.0000, 3.0561, 0.7855]  x
  joint_velocities       = [-0.0001, -0.0002, 0.0005, -0.0000, -0.0002, 0.0006, -0.0009]  x
  cube_rotation          = [0.0000, -0.0004, -0.0000]  x
  cube_linear_velocity   = [-0.0001, -0.0002, -0.0001]  x
  obstacle_positions     = {}                     x
[step=  44 01:02:55.780][Analyzer] ASM node=retry_grasp  goal_status=not_applicable
[step=  45 01:02:56.976][Manager] ep=1 subtask= reward=-0.4001
[step=  45 01:02:56.976][Manager][MOCK] finger_contacts forçado para 1 (grasp_attempts=3)
[step=  45 01:02:56.977][Perception]
  RAW PERCEPTION                                  MONITORED PARAMS
  ----------------------------------------------  --------------------------------------
  fingers_width         = 0.0001 m                gripper_width_cm      = 0 cm
  dist_ee_to_cube       = 0.0250 m                distance_ee_object_cm = 2 cm
  dist_cube_to_target   = 0.4001 m  (3D)          distance_obj_goal_cm  = 40 cm  (XY)
  cube_position (z)     = 0.0100 m                object_lift_height_cm = 0 cm
  cube_position (xy)    = [-0.250, 0.000]         grasp_completed       = 1
  target_position (xy)  = [0.150, 0.000]          finger_contacts       = 1
  x                                               grasp_attempts        = 3
  episode                = 1                      x
  step                   = 45                     x
  ee_position            = [-0.2321, 0.0000, 0.0274]  x
  ee_velocity            = [-0.0000, -0.0001, -0.0000]  x
  reward                 = -0.4001                x
  is_success             = False                  x
  obstacle_in_path       = False                  x
  obstacle_count_in_path = 0                      x
  obstacles              = {}                     x
  objects                = {'object_1': {'type': 'box', 'size': [0.045, 0.03, 0.02], 'mass': 1.0, 'color': [0.1, 0.2, 0.9, 1.0], 'initial_position': [-0.25, 0.0, 0.02], 'lateral_friction': 0.5, 'spinning_friction': 0.001, 'current_position': [-0.2500049469718711, 6.652513045684621e-07, 0.009985013341430543]}}  x
  scripts                = {'script_1': True, 'reach_only': True, 'left_right': True}  x
  target_goal            = {'type': 'goal_sequence', 'targets': [{'name': 'target', 'position': [0.15000000596046448, 0.0, 0.019999999552965164]}], 'mode': 'goal_sequence'}  x
  scene                  = {'table': {'length': 1.1, 'width': 0.7, 'height': 0.4, 'x_offset': -0.3, 'lateral_friction': 3.0, 'spinning_friction': 0.001}}  x
  robot_config           = {'control_type': 'ee', 'block_gripper': False, 'base_position': [-0.6, 0.0, 0.05]}  x
  current_task           = RETRY_GRASP            x
  active_target_name     = target                 x
  action                 = [0.0000, 0.0000, 0.0000, -1.0000]  x
  joint_angles           = [0.0001, 0.2739, -0.0000, -2.7821, 0.0000, 3.0561, 0.7854]  x
  joint_velocities       = [-0.0000, -0.0000, -0.0001, -0.0000, 0.0000, -0.0001, -0.0003]  x
  cube_rotation          = [0.0000, -0.0002, 0.0000]  x
  cube_linear_velocity   = [-0.0000, -0.0001, 0.0000]  x
  obstacle_positions     = {}                     x
[step=  45 01:02:56.979][Analyzer] ASM node=retry_grasp  goal_status=not_applicable
[step=  46 01:02:58.071][Manager] ep=1 subtask= reward=-0.4001
[step=  46 01:02:58.071][Manager][MOCK] finger_contacts forçado para 1 (grasp_attempts=3)
[step=  46 01:02:58.072][Perception]
  RAW PERCEPTION                                  MONITORED PARAMS
  ----------------------------------------------  --------------------------------------
  fingers_width         = 0.0001 m                gripper_width_cm      = 0 cm
  dist_ee_to_cube       = 0.0250 m                distance_ee_object_cm = 2 cm
  dist_cube_to_target   = 0.4001 m  (3D)          distance_obj_goal_cm  = 40 cm  (XY)
  cube_position (z)     = 0.0100 m                object_lift_height_cm = 0 cm
  cube_position (xy)    = [-0.250, -0.000]        grasp_completed       = 1
  target_position (xy)  = [0.150, 0.000]          finger_contacts       = 1
  x                                               grasp_attempts        = 3
  episode                = 1                      x
  step                   = 46                     x
  ee_position            = [-0.2321, 0.0000, 0.0274]  x
  ee_velocity            = [-0.0001, -0.0001, -0.0000]  x
  reward                 = -0.4001                x
  is_success             = False                  x
  obstacle_in_path       = False                  x
  obstacle_count_in_path = 0                      x
  obstacles              = {}                     x
  objects                = {'object_1': {'type': 'box', 'size': [0.045, 0.03, 0.02], 'mass': 1.0, 'color': [0.1, 0.2, 0.9, 1.0], 'initial_position': [-0.25, 0.0, 0.02], 'lateral_friction': 0.5, 'spinning_friction': 0.001, 'current_position': [-0.25000701863127384, -4.962101235486802e-06, 0.009986595260719619]}}  x
  scripts                = {'script_1': True, 'reach_only': True, 'left_right': True}  x
  target_goal            = {'type': 'goal_sequence', 'targets': [{'name': 'target', 'position': [0.15000000596046448, 0.0, 0.019999999552965164]}], 'mode': 'goal_sequence'}  x
  scene                  = {'table': {'length': 1.1, 'width': 0.7, 'height': 0.4, 'x_offset': -0.3, 'lateral_friction': 3.0, 'spinning_friction': 0.001}}  x
  robot_config           = {'control_type': 'ee', 'block_gripper': False, 'base_position': [-0.6, 0.0, 0.05]}  x
  current_task           = RETRY_GRASP            x
  active_target_name     = target                 x
  action                 = [0.0000, 0.0000, 0.0000, -1.0000]  x
  joint_angles           = [0.0001, 0.2739, -0.0000, -2.7821, 0.0000, 3.0561, 0.7854]  x
  joint_velocities       = [-0.0000, 0.0000, -0.0002, -0.0000, 0.0000, -0.0001, -0.0003]  x
  cube_rotation          = [0.0000, -0.0001, 0.0001]  x
  cube_linear_velocity   = [-0.0001, -0.0002, 0.0000]  x
  obstacle_positions     = {}                     x
[step=  46 01:02:58.074][Analyzer] ASM node=retry_grasp  goal_status=not_applicable
[step=  47 01:02:59.230][Manager] ep=1 subtask= reward=-0.4001
[step=  47 01:02:59.230][Manager][MOCK] finger_contacts forçado para 1 (grasp_attempts=3)
[step=  47 01:02:59.230][Perception]
  RAW PERCEPTION                                  MONITORED PARAMS
  ----------------------------------------------  --------------------------------------
  fingers_width         = 0.0001 m                gripper_width_cm      = 0 cm
  dist_ee_to_cube       = 0.0250 m                distance_ee_object_cm = 2 cm
  dist_cube_to_target   = 0.4001 m  (3D)          distance_obj_goal_cm  = 40 cm  (XY)
  cube_position (z)     = 0.0100 m                object_lift_height_cm = 0 cm
  cube_position (xy)    = [-0.250, -0.000]        grasp_completed       = 1
  target_position (xy)  = [0.150, 0.000]          finger_contacts       = 1
  x                                               grasp_attempts        = 3
  episode                = 1                      x
  step                   = 47                     x
  ee_position            = [-0.2321, 0.0000, 0.0274]  x
  ee_velocity            = [-0.0001, -0.0001, -0.0000]  x
  reward                 = -0.4001                x
  is_success             = False                  x
  obstacle_in_path       = False                  x
  obstacle_count_in_path = 0                      x
  obstacles              = {}                     x
  objects                = {'object_1': {'type': 'box', 'size': [0.045, 0.03, 0.02], 'mass': 1.0, 'color': [0.1, 0.2, 0.9, 1.0], 'initial_position': [-0.25, 0.0, 0.02], 'lateral_friction': 0.5, 'spinning_friction': 0.001, 'current_position': [-0.2500104482067373, -1.3141194996887342e-05, 0.009986984211916966]}}  x
  scripts                = {'script_1': True, 'reach_only': True, 'left_right': True}  x
  target_goal            = {'type': 'goal_sequence', 'targets': [{'name': 'target', 'position': [0.15000000596046448, 0.0, 0.019999999552965164]}], 'mode': 'goal_sequence'}  x
  scene                  = {'table': {'length': 1.1, 'width': 0.7, 'height': 0.4, 'x_offset': -0.3, 'lateral_friction': 3.0, 'spinning_friction': 0.001}}  x
  robot_config           = {'control_type': 'ee', 'block_gripper': False, 'base_position': [-0.6, 0.0, 0.05]}  x
  current_task           = RETRY_GRASP            x
  active_target_name     = target                 x
  action                 = [0.0000, 0.0000, 0.0000, -1.0000]  x
  joint_angles           = [0.0001, 0.2739, -0.0000, -2.7821, 0.0000, 3.0561, 0.7854]  x
  joint_velocities       = [-0.0000, 0.0000, -0.0002, -0.0000, 0.0000, -0.0002, -0.0004]  x
  cube_rotation          = [0.0000, -0.0001, 0.0002]  x
  cube_linear_velocity   = [-0.0001, -0.0002, -0.0000]  x
  obstacle_positions     = {}                     x
[step=  47 01:02:59.233][Analyzer] ASM node=retry_grasp  goal_status=not_applicable
[step=  48 01:03:00.364][Manager] ep=1 subtask= reward=-0.4001
[step=  48 01:03:00.364][Manager][MOCK] finger_contacts forçado para 1 (grasp_attempts=3)
[step=  48 01:03:00.364][Perception]
  RAW PERCEPTION                                  MONITORED PARAMS
  ----------------------------------------------  --------------------------------------
  fingers_width         = 0.0001 m                gripper_width_cm      = 0 cm
  dist_ee_to_cube       = 0.0250 m                distance_ee_object_cm = 2 cm
  dist_cube_to_target   = 0.4001 m  (3D)          distance_obj_goal_cm  = 40 cm  (XY)
  cube_position (z)     = 0.0100 m                object_lift_height_cm = 0 cm
  cube_position (xy)    = [-0.250, -0.000]        grasp_completed       = 1
  target_position (xy)  = [0.150, 0.000]          finger_contacts       = 1
  x                                               grasp_attempts        = 3
  episode                = 1                      x
  step                   = 48                     x
  ee_position            = [-0.2321, 0.0000, 0.0274]  x
  ee_velocity            = [-0.0001, -0.0001, -0.0000]  x
  reward                 = -0.4001                x
  is_success             = False                  x
  obstacle_in_path       = False                  x
  obstacle_count_in_path = 0                      x
  obstacles              = {}                     x
  objects                = {'object_1': {'type': 'box', 'size': [0.045, 0.03, 0.02], 'mass': 1.0, 'color': [0.1, 0.2, 0.9, 1.0], 'initial_position': [-0.25, 0.0, 0.02], 'lateral_friction': 0.5, 'spinning_friction': 0.001, 'current_position': [-0.2500146451334414, -2.1849778378745123e-05, 0.009986984424683785]}}  x
  scripts                = {'script_1': True, 'reach_only': True, 'left_right': True}  x
  target_goal            = {'type': 'goal_sequence', 'targets': [{'name': 'target', 'position': [0.15000000596046448, 0.0, 0.019999999552965164]}], 'mode': 'goal_sequence'}  x
  scene                  = {'table': {'length': 1.1, 'width': 0.7, 'height': 0.4, 'x_offset': -0.3, 'lateral_friction': 3.0, 'spinning_friction': 0.001}}  x
  robot_config           = {'control_type': 'ee', 'block_gripper': False, 'base_position': [-0.6, 0.0, 0.05]}  x
  current_task           = RETRY_GRASP            x
  active_target_name     = target                 x
  action                 = [0.0000, 0.0000, 0.0000, -1.0000]  x
  joint_angles           = [0.0001, 0.2739, -0.0001, -2.7821, 0.0000, 3.0561, 0.7854]  x
  joint_velocities       = [-0.0000, 0.0000, -0.0002, -0.0000, 0.0001, -0.0002, -0.0003]  x
  cube_rotation          = [-0.0000, 0.0000, 0.0004]  x
  cube_linear_velocity   = [-0.0001, -0.0002, -0.0000]  x
  obstacle_positions     = {}                     x
[step=  48 01:03:00.366][Analyzer] ASM node=retry_grasp  goal_status=not_applicable
[step=  49 01:03:01.537][Manager] ep=1 subtask= reward=-0.4001
[step=  49 01:03:01.537][Manager][MOCK] finger_contacts forçado para 1 (grasp_attempts=3)
[step=  49 01:03:01.537][Perception]
  RAW PERCEPTION                                  MONITORED PARAMS
  ----------------------------------------------  --------------------------------------
  fingers_width         = 0.0001 m                gripper_width_cm      = 0 cm
  dist_ee_to_cube       = 0.0250 m                distance_ee_object_cm = 2 cm
  dist_cube_to_target   = 0.4001 m  (3D)          distance_obj_goal_cm  = 40 cm  (XY)
  cube_position (z)     = 0.0100 m                object_lift_height_cm = 0 cm
  cube_position (xy)    = [-0.250, -0.000]        grasp_completed       = 1
  target_position (xy)  = [0.150, 0.000]          finger_contacts       = 1
  x                                               grasp_attempts        = 3
  episode                = 1                      x
  step                   = 49                     x
  ee_position            = [-0.2321, 0.0000, 0.0274]  x
  ee_velocity            = [-0.0001, -0.0001, -0.0000]  x
  reward                 = -0.4001                x
  is_success             = False                  x
  obstacle_in_path       = False                  x
  obstacle_count_in_path = 0                      x
  obstacles              = {}                     x
  objects                = {'object_1': {'type': 'box', 'size': [0.045, 0.03, 0.02], 'mass': 1.0, 'color': [0.1, 0.2, 0.9, 1.0], 'initial_position': [-0.25, 0.0, 0.02], 'lateral_friction': 0.5, 'spinning_friction': 0.001, 'current_position': [-0.25001863162562066, -2.9369363083387825e-05, 0.009986866002930379]}}  x
  scripts                = {'script_1': True, 'reach_only': True, 'left_right': True}  x
  target_goal            = {'type': 'goal_sequence', 'targets': [{'name': 'target', 'position': [0.15000000596046448, 0.0, 0.019999999552965164]}], 'mode': 'goal_sequence'}  x
  scene                  = {'table': {'length': 1.1, 'width': 0.7, 'height': 0.4, 'x_offset': -0.3, 'lateral_friction': 3.0, 'spinning_friction': 0.001}}  x
  robot_config           = {'control_type': 'ee', 'block_gripper': False, 'base_position': [-0.6, 0.0, 0.05]}  x
  current_task           = RETRY_GRASP            x
  active_target_name     = target                 x
  action                 = [0.0000, 0.0000, 0.0000, -1.0000]  x
  joint_angles           = [0.0001, 0.2739, -0.0001, -2.7821, 0.0000, 3.0560, 0.7854]  x
  joint_velocities       = [-0.0001, -0.0000, -0.0002, -0.0000, 0.0001, -0.0002, -0.0003]  x
  cube_rotation          = [-0.0000, 0.0001, 0.0005]  x
  cube_linear_velocity   = [-0.0001, -0.0002, -0.0000]  x
  obstacle_positions     = {}                     x
[step=  49 01:03:01.539][Analyzer] ASM node=retry_grasp  goal_status=not_applicable
[step=  50 01:03:02.670][Manager] ep=1 subtask= reward=-0.4001
[step=  50 01:03:02.671][Manager][MOCK] finger_contacts forçado para 1 (grasp_attempts=3)
[step=  50 01:03:02.671][Perception]
  RAW PERCEPTION                                  MONITORED PARAMS
  ----------------------------------------------  --------------------------------------
  fingers_width         = 0.0001 m                gripper_width_cm      = 0 cm
  dist_ee_to_cube       = 0.0250 m                distance_ee_object_cm = 2 cm
  dist_cube_to_target   = 0.4001 m  (3D)          distance_obj_goal_cm  = 40 cm  (XY)
  cube_position (z)     = 0.0100 m                object_lift_height_cm = 0 cm
  cube_position (xy)    = [-0.250, -0.000]        grasp_completed       = 1
  target_position (xy)  = [0.150, 0.000]          finger_contacts       = 1
  x                                               grasp_attempts        = 3
  episode                = 1                      x
  step                   = 50                     x
  ee_position            = [-0.2321, -0.0000, 0.0274]  x
  ee_velocity            = [-0.0000, -0.0001, -0.0000]  x
  reward                 = -0.4001                x
  is_success             = False                  x
  obstacle_in_path       = False                  x
  obstacle_count_in_path = 0                      x
  obstacles              = {}                     x
  objects                = {'object_1': {'type': 'box', 'size': [0.045, 0.03, 0.02], 'mass': 1.0, 'color': [0.1, 0.2, 0.9, 1.0], 'initial_position': [-0.25, 0.0, 0.02], 'lateral_friction': 0.5, 'spinning_friction': 0.001, 'current_position': [-0.25002082790054386, -3.1613108905937535e-05, 0.009986991450060087]}}  x
  scripts                = {'script_1': True, 'reach_only': True, 'left_right': True}  x
  target_goal            = {'type': 'goal_sequence', 'targets': [{'name': 'target', 'position': [0.15000000596046448, 0.0, 0.019999999552965164]}], 'mode': 'goal_sequence'}  x
  scene                  = {'table': {'length': 1.1, 'width': 0.7, 'height': 0.4, 'x_offset': -0.3, 'lateral_friction': 3.0, 'spinning_friction': 0.001}}  x
  robot_config           = {'control_type': 'ee', 'block_gripper': False, 'base_position': [-0.6, 0.0, 0.05]}  x
  current_task           = RETRY_GRASP            x
  active_target_name     = target                 x
  action                 = [0.0000, 0.0000, 0.0000, -1.0000]  x
  joint_angles           = [0.0001, 0.2739, -0.0001, -2.7821, 0.0000, 3.0561, 0.7853]  x
  joint_velocities       = [-0.0001, -0.0000, -0.0002, -0.0000, 0.0001, -0.0001, -0.0001]  x
  cube_rotation          = [-0.0001, 0.0000, 0.0005]  x
  cube_linear_velocity   = [-0.0000, -0.0001, -0.0000]  x
  obstacle_positions     = {}                     x
[step=  50 01:03:02.674][Analyzer] ASM node=retry_grasp  goal_status=not_applicable
[step=  51 01:03:03.804][Manager] ep=1 subtask= reward=-0.4001
[step=  51 01:03:03.805][Manager][MOCK] finger_contacts forçado para 1 (grasp_attempts=3)
[step=  51 01:03:03.805][Perception]
  RAW PERCEPTION                                  MONITORED PARAMS
  ----------------------------------------------  --------------------------------------
  fingers_width         = 0.0001 m                gripper_width_cm      = 0 cm
  dist_ee_to_cube       = 0.0250 m                distance_ee_object_cm = 2 cm
  dist_cube_to_target   = 0.4001 m  (3D)          distance_obj_goal_cm  = 40 cm  (XY)
  cube_position (z)     = 0.0100 m                object_lift_height_cm = 0 cm
  cube_position (xy)    = [-0.250, -0.000]        grasp_completed       = 1
  target_position (xy)  = [0.150, 0.000]          finger_contacts       = 1
  x                                               grasp_attempts        = 3
  episode                = 1                      x
  step                   = 51                     x
  ee_position            = [-0.2321, -0.0000, 0.0274]  x
  ee_velocity            = [-0.0000, -0.0001, -0.0000]  x
  reward                 = -0.4001                x
  is_success             = False                  x
  obstacle_in_path       = False                  x
  obstacle_count_in_path = 0                      x
  obstacles              = {}                     x
  objects                = {'object_1': {'type': 'box', 'size': [0.045, 0.03, 0.02], 'mass': 1.0, 'color': [0.1, 0.2, 0.9, 1.0], 'initial_position': [-0.25, 0.0, 0.02], 'lateral_friction': 0.5, 'spinning_friction': 0.001, 'current_position': [-0.25002248227051216, -3.636973665776215e-05, 0.00998677996687913]}}  x
  scripts                = {'script_1': True, 'reach_only': True, 'left_right': True}  x
  target_goal            = {'type': 'goal_sequence', 'targets': [{'name': 'target', 'position': [0.15000000596046448, 0.0, 0.019999999552965164]}], 'mode': 'goal_sequence'}  x
  scene                  = {'table': {'length': 1.1, 'width': 0.7, 'height': 0.4, 'x_offset': -0.3, 'lateral_friction': 3.0, 'spinning_friction': 0.001}}  x
  robot_config           = {'control_type': 'ee', 'block_gripper': False, 'base_position': [-0.6, 0.0, 0.05]}  x
  current_task           = RETRY_GRASP            x
  active_target_name     = target                 x
  action                 = [0.0000, 0.0000, 0.0000, -1.0000]  x
  joint_angles           = [0.0001, 0.2739, -0.0001, -2.7821, 0.0000, 3.0560, 0.7853]  x
  joint_velocities       = [-0.0000, -0.0000, -0.0001, -0.0000, 0.0001, -0.0001, -0.0001]  x
  cube_rotation          = [-0.0000, 0.0001, 0.0005]  x
  cube_linear_velocity   = [-0.0000, -0.0001, -0.0000]  x
  obstacle_positions     = {}                     x
[step=  51 01:03:03.807][Analyzer] ASM node=retry_grasp  goal_status=not_applicable
[step=  52 01:03:04.977][Manager] ep=1 subtask= reward=-0.4001
[step=  52 01:03:04.977][Manager][MOCK] finger_contacts forçado para 1 (grasp_attempts=3)
[step=  52 01:03:04.977][Perception]
  RAW PERCEPTION                                  MONITORED PARAMS
  ----------------------------------------------  --------------------------------------
  fingers_width         = 0.0001 m                gripper_width_cm      = 0 cm
  dist_ee_to_cube       = 0.0250 m                distance_ee_object_cm = 2 cm
  dist_cube_to_target   = 0.4001 m  (3D)          distance_obj_goal_cm  = 40 cm  (XY)
  cube_position (z)     = 0.0100 m                object_lift_height_cm = 0 cm
  cube_position (xy)    = [-0.250, -0.000]        grasp_completed       = 1
  target_position (xy)  = [0.150, 0.000]          finger_contacts       = 1
  x                                               grasp_attempts        = 3
  episode                = 1                      x
  step                   = 52                     x
  ee_position            = [-0.2321, -0.0000, 0.0274]  x
  ee_velocity            = [-0.0000, -0.0001, -0.0000]  x
  reward                 = -0.4001                x
  is_success             = False                  x
  obstacle_in_path       = False                  x
  obstacle_count_in_path = 0                      x
  obstacles              = {}                     x
  objects                = {'object_1': {'type': 'box', 'size': [0.045, 0.03, 0.02], 'mass': 1.0, 'color': [0.1, 0.2, 0.9, 1.0], 'initial_position': [-0.25, 0.0, 0.02], 'lateral_friction': 0.5, 'spinning_friction': 0.001, 'current_position': [-0.25002459737604843, -4.1880957778417265e-05, 0.009986605052281232]}}  x
  scripts                = {'script_1': True, 'reach_only': True, 'left_right': True}  x
  target_goal            = {'type': 'goal_sequence', 'targets': [{'name': 'target', 'position': [0.15000000596046448, 0.0, 0.019999999552965164]}], 'mode': 'goal_sequence'}  x
  scene                  = {'table': {'length': 1.1, 'width': 0.7, 'height': 0.4, 'x_offset': -0.3, 'lateral_friction': 3.0, 'spinning_friction': 0.001}}  x
  robot_config           = {'control_type': 'ee', 'block_gripper': False, 'base_position': [-0.6, 0.0, 0.05]}  x
  current_task           = RETRY_GRASP            x
  active_target_name     = target                 x
  action                 = [0.0000, 0.0000, 0.0000, -1.0000]  x
  joint_angles           = [0.0001, 0.2739, -0.0001, -2.7821, 0.0001, 3.0560, 0.7853]  x
  joint_velocities       = [-0.0000, -0.0000, -0.0002, -0.0000, 0.0001, -0.0002, -0.0001]  x
  cube_rotation          = [-0.0000, 0.0001, 0.0005]  x
  cube_linear_velocity   = [-0.0001, -0.0001, -0.0000]  x
  obstacle_positions     = {}                     x
[step=  52 01:03:04.979][Analyzer] ASM node=retry_grasp  goal_status=not_applicable
