experiment_id,desired_scenario,rank,candidate_scenario,adaptive_behavior,final_similarity,is_reference_candidate
A0,diagnosed_LIFT_OBJECT_unanticipated__RQ2_A0_baseline_full_context,1,Lift Slip — Low Friction Surface,apply_vacuum_assist(),0.9763888888888889,True
A0,diagnosed_LIFT_OBJECT_unanticipated__RQ2_A0_baseline_full_context,2,Parallel Arm Lift — Contact Loss,reposition_and_regrip(),0.896551724137931,False
A0,diagnosed_LIFT_OBJECT_unanticipated__RQ2_A0_baseline_full_context,3,Cobot Industrial — Incremental Heavy Part Transfer,heavy_lift(),0.8658474142345108,False
A0,diagnosed_LIFT_OBJECT_unanticipated__RQ2_A0_baseline_full_context,4,Lightweight Arm Lift — Height Verification Only,extend_lift_phase(),0.7312503206291591,False
A0,diagnosed_LIFT_OBJECT_unanticipated__RQ2_A0_baseline_full_context,5,Cobot Lift Failure — Grip Pressure,increase_grip_pressure(),0.6149425287356322,False
A0,diagnosed_LIFT_OBJECT_unanticipated__RQ2_A0_baseline_full_context,6,Heavy Duty Arm — Motor Overload During Lift,reduce_lift_speed(),0.5,False
A0,diagnosed_LIFT_OBJECT_unanticipated__RQ2_A0_baseline_full_context,7,Suction Arm Lift — Vacuum Loss,emergency_vacuum_pump(),0.3333333333333333,False
A1,diagnosed_LIFT_OBJECT_unanticipated__RQ2_A1_omit_friction,1,Parallel Arm Lift — Contact Loss,reposition_and_regrip(),1.0,False
A1,diagnosed_LIFT_OBJECT_unanticipated__RQ2_A1_omit_friction,2,Lift Slip — Low Friction Surface,apply_vacuum_assist(),0.9841269841269842,True
A1,diagnosed_LIFT_OBJECT_unanticipated__RQ2_A1_omit_friction,3,Cobot Industrial — Incremental Heavy Part Transfer,heavy_lift(),0.9538239538239539,False
A1,diagnosed_LIFT_OBJECT_unanticipated__RQ2_A1_omit_friction,4,Lightweight Arm Lift — Height Verification Only,extend_lift_phase(),0.834698596491228,False
A1,diagnosed_LIFT_OBJECT_unanticipated__RQ2_A1_omit_friction,5,Cobot Lift Failure — Grip Pressure,increase_grip_pressure(),0.6666666666666666,False
A1,diagnosed_LIFT_OBJECT_unanticipated__RQ2_A1_omit_friction,6,Heavy Duty Arm — Motor Overload During Lift,reduce_lift_speed(),0.5,False
A1,diagnosed_LIFT_OBJECT_unanticipated__RQ2_A1_omit_friction,7,Suction Arm Lift — Vacuum Loss,emergency_vacuum_pump(),0.3333333333333333,False
A2,diagnosed_LIFT_OBJECT_unanticipated__RQ2_A2_omit_contacts,1,Lift Slip — Low Friction Surface,apply_vacuum_assist(),0.9487103174603174,True
A2,diagnosed_LIFT_OBJECT_unanticipated__RQ2_A2_omit_contacts,2,Parallel Arm Lift — Contact Loss,reposition_and_regrip(),0.8333333333333334,False
A2,diagnosed_LIFT_OBJECT_unanticipated__RQ2_A2_omit_contacts,3,Cobot Industrial — Incremental Heavy Part Transfer,heavy_lift(),0.8023088023088022,False
A2,diagnosed_LIFT_OBJECT_unanticipated__RQ2_A2_omit_contacts,4,Lightweight Arm Lift — Height Verification Only,extend_lift_phase(),0.6680319298245614,False
A2,diagnosed_LIFT_OBJECT_unanticipated__RQ2_A2_omit_contacts,5,Cobot Lift Failure — Grip Pressure,increase_grip_pressure(),0.6666666666666666,False
A2,diagnosed_LIFT_OBJECT_unanticipated__RQ2_A2_omit_contacts,6,Heavy Duty Arm — Motor Overload During Lift,reduce_lift_speed(),0.5,False
A2,diagnosed_LIFT_OBJECT_unanticipated__RQ2_A2_omit_contacts,7,Suction Arm Lift — Vacuum Loss,emergency_vacuum_pump(),0.3333333333333333,False
A3,diagnosed_LIFT_OBJECT_unanticipated__RQ2_A3_omit_height,1,Lift Slip — Low Friction Surface,apply_vacuum_assist(),0.9487103174603174,True
A3,diagnosed_LIFT_OBJECT_unanticipated__RQ2_A3_omit_height,2,Parallel Arm Lift — Contact Loss,reposition_and_regrip(),0.8333333333333334,False
A3,diagnosed_LIFT_OBJECT_unanticipated__RQ2_A3_omit_height,3,Cobot Industrial — Incremental Heavy Part Transfer,heavy_lift(),0.8023088023088022,False
A3,diagnosed_LIFT_OBJECT_unanticipated__RQ2_A3_omit_height,4,Lightweight Arm Lift — Height Verification Only,extend_lift_phase(),0.6680319298245614,False
A3,diagnosed_LIFT_OBJECT_unanticipated__RQ2_A3_omit_height,5,Cobot Lift Failure — Grip Pressure,increase_grip_pressure(),0.5,False
A3,diagnosed_LIFT_OBJECT_unanticipated__RQ2_A3_omit_height,6,Heavy Duty Arm — Motor Overload During Lift,reduce_lift_speed(),0.5,False
A3,diagnosed_LIFT_OBJECT_unanticipated__RQ2_A3_omit_height,7,Suction Arm Lift — Vacuum Loss,emergency_vacuum_pump(),0.3333333333333333,False
A4,diagnosed_LIFT_OBJECT_unanticipated__RQ2_A4_height_only,1,Parallel Arm Lift — Contact Loss,reposition_and_regrip(),0.9696969696969697,False
A4,diagnosed_LIFT_OBJECT_unanticipated__RQ2_A4_height_only,2,Lift Slip — Low Friction Surface,apply_vacuum_assist(),0.9444444444444445,True
A4,diagnosed_LIFT_OBJECT_unanticipated__RQ2_A4_height_only,3,Cobot Industrial — Incremental Heavy Part Transfer,heavy_lift(),0.9072039072039072,False
A4,diagnosed_LIFT_OBJECT_unanticipated__RQ2_A4_height_only,4,Lightweight Arm Lift — Height Verification Only,extend_lift_phase(),0.8043955661881977,False
A4,diagnosed_LIFT_OBJECT_unanticipated__RQ2_A4_height_only,5,Cobot Lift Failure — Grip Pressure,increase_grip_pressure(),0.8030303030303031,False
A4,diagnosed_LIFT_OBJECT_unanticipated__RQ2_A4_height_only,6,Heavy Duty Arm — Motor Overload During Lift,reduce_lift_speed(),0.5,False
A4,diagnosed_LIFT_OBJECT_unanticipated__RQ2_A4_height_only,7,Suction Arm Lift — Vacuum Loss,emergency_vacuum_pump(),0.3333333333333333,False
A5,diagnosed_LIFT_OBJECT_unanticipated__RQ2_A5_contacts_only,1,Parallel Arm Lift — Contact Loss,reposition_and_regrip(),0.9696969696969697,False
A5,diagnosed_LIFT_OBJECT_unanticipated__RQ2_A5_contacts_only,2,Lift Slip — Low Friction Surface,apply_vacuum_assist(),0.9444444444444445,True
A5,diagnosed_LIFT_OBJECT_unanticipated__RQ2_A5_contacts_only,3,Cobot Industrial — Incremental Heavy Part Transfer,heavy_lift(),0.9072039072039072,False
A5,diagnosed_LIFT_OBJECT_unanticipated__RQ2_A5_contacts_only,4,Lightweight Arm Lift — Height Verification Only,extend_lift_phase(),0.8043955661881977,False
A5,diagnosed_LIFT_OBJECT_unanticipated__RQ2_A5_contacts_only,5,Cobot Lift Failure — Grip Pressure,increase_grip_pressure(),0.5,False
A5,diagnosed_LIFT_OBJECT_unanticipated__RQ2_A5_contacts_only,6,Heavy Duty Arm — Motor Overload During Lift,reduce_lift_speed(),0.5,False
A5,diagnosed_LIFT_OBJECT_unanticipated__RQ2_A5_contacts_only,7,Suction Arm Lift — Vacuum Loss,emergency_vacuum_pump(),0.3333333333333333,False
A6,diagnosed_LIFT_OBJECT_unanticipated__RQ2_A6_friction_only,1,Lift Slip — Low Friction Surface,apply_vacuum_assist(),0.8736111111111112,True
A6,diagnosed_LIFT_OBJECT_unanticipated__RQ2_A6_friction_only,2,Parallel Arm Lift — Contact Loss,reposition_and_regrip(),0.6666666666666666,False
A6,diagnosed_LIFT_OBJECT_unanticipated__RQ2_A6_friction_only,3,Cobot Industrial — Incremental Heavy Part Transfer,heavy_lift(),0.6507936507936508,False
A6,diagnosed_LIFT_OBJECT_unanticipated__RQ2_A6_friction_only,4,Lightweight Arm Lift — Height Verification Only,extend_lift_phase(),0.5013652631578948,False
A6,diagnosed_LIFT_OBJECT_unanticipated__RQ2_A6_friction_only,5,Cobot Lift Failure — Grip Pressure,increase_grip_pressure(),0.5,False
A6,diagnosed_LIFT_OBJECT_unanticipated__RQ2_A6_friction_only,6,Heavy Duty Arm — Motor Overload During Lift,reduce_lift_speed(),0.5,False
A6,diagnosed_LIFT_OBJECT_unanticipated__RQ2_A6_friction_only,7,Suction Arm Lift — Vacuum Loss,emergency_vacuum_pump(),0.3333333333333333,False
B1,diagnosed_LIFT_OBJECT_unanticipated__RQ2_B1_incremental_step1_add_mass,1,Lift Slip — Low Friction Surface,apply_vacuum_assist(),0.899465811965812,True
B1,diagnosed_LIFT_OBJECT_unanticipated__RQ2_B1_incremental_step1_add_mass,2,Cobot Industrial — Incremental Heavy Part Transfer,heavy_lift(),0.8865480952380951,False
B1,diagnosed_LIFT_OBJECT_unanticipated__RQ2_B1_incremental_step1_add_mass,3,Parallel Arm Lift — Contact Loss,reposition_and_regrip(),0.8421052631578947,False
B1,diagnosed_LIFT_OBJECT_unanticipated__RQ2_B1_incremental_step1_add_mass,4,Lightweight Arm Lift — Height Verification Only,extend_lift_phase(),0.6768038596491227,False
B1,diagnosed_LIFT_OBJECT_unanticipated__RQ2_B1_incremental_step1_add_mass,5,Cobot Lift Failure — Grip Pressure,increase_grip_pressure(),0.587719298245614,False
B1,diagnosed_LIFT_OBJECT_unanticipated__RQ2_B1_incremental_step1_add_mass,6,Heavy Duty Arm — Motor Overload During Lift,reduce_lift_speed(),0.5,False
B1,diagnosed_LIFT_OBJECT_unanticipated__RQ2_B1_incremental_step1_add_mass,7,Suction Arm Lift — Vacuum Loss,emergency_vacuum_pump(),0.3333333333333333,False
B2,diagnosed_LIFT_OBJECT_unanticipated__RQ2_B2_incremental_step2_add_mass_gripper_width,1,Lift Slip — Low Friction Surface,apply_vacuum_assist(),0.8513888888888889,True
B2,diagnosed_LIFT_OBJECT_unanticipated__RQ2_B2_incremental_step2_add_mass_gripper_width,2,Cobot Industrial — Incremental Heavy Part Transfer,heavy_lift(),0.8406297278911564,False
B2,diagnosed_LIFT_OBJECT_unanticipated__RQ2_B2_incremental_step2_add_mass_gripper_width,3,Parallel Arm Lift — Contact Loss,reposition_and_regrip(),0.8085106382978724,False
B2,diagnosed_LIFT_OBJECT_unanticipated__RQ2_B2_incremental_step2_add_mass_gripper_width,4,Lightweight Arm Lift — Height Verification Only,extend_lift_phase(),0.6432092347891004,False
B2,diagnosed_LIFT_OBJECT_unanticipated__RQ2_B2_incremental_step2_add_mass_gripper_width,5,Cobot Lift Failure — Grip Pressure,increase_grip_pressure(),0.5709219858156028,False
B2,diagnosed_LIFT_OBJECT_unanticipated__RQ2_B2_incremental_step2_add_mass_gripper_width,6,Heavy Duty Arm — Motor Overload During Lift,reduce_lift_speed(),0.5,False
B2,diagnosed_LIFT_OBJECT_unanticipated__RQ2_B2_incremental_step2_add_mass_gripper_width,7,Suction Arm Lift — Vacuum Loss,emergency_vacuum_pump(),0.3333333333333333,False
B3,diagnosed_LIFT_OBJECT_unanticipated__RQ2_B3_incremental_step3_add_mass_gripper_width_grasp_attempts,1,Lift Slip — Low Friction Surface,apply_vacuum_assist(),0.8184941520467836,True
B3,diagnosed_LIFT_OBJECT_unanticipated__RQ2_B3_incremental_step3_add_mass_gripper_width_grasp_attempts,2,Cobot Industrial — Incremental Heavy Part Transfer,heavy_lift(),0.8089618883415435,False
B3,diagnosed_LIFT_OBJECT_unanticipated__RQ2_B3_incremental_step3_add_mass_gripper_width_grasp_attempts,3,Parallel Arm Lift — Contact Loss,reposition_and_regrip(),0.7857142857142857,False
B3,diagnosed_LIFT_OBJECT_unanticipated__RQ2_B3_incremental_step3_add_mass_gripper_width_grasp_attempts,4,Lightweight Arm Lift — Height Verification Only,extend_lift_phase(),0.6204128822055138,False
B3,diagnosed_LIFT_OBJECT_unanticipated__RQ2_B3_incremental_step3_add_mass_gripper_width_grasp_attempts,5,Cobot Lift Failure — Grip Pressure,increase_grip_pressure(),0.5595238095238095,False
B3,diagnosed_LIFT_OBJECT_unanticipated__RQ2_B3_incremental_step3_add_mass_gripper_width_grasp_attempts,6,Heavy Duty Arm — Motor Overload During Lift,reduce_lift_speed(),0.5,False
B3,diagnosed_LIFT_OBJECT_unanticipated__RQ2_B3_incremental_step3_add_mass_gripper_width_grasp_attempts,7,Suction Arm Lift — Vacuum Loss,emergency_vacuum_pump(),0.3333333333333333,False
C01,diagnosed_LIFT_OBJECT_unanticipated__RQ2_C01_friction_0p340,1,Lift Slip — Low Friction Surface,apply_vacuum_assist(),0.9833333333333334,True
C01,diagnosed_LIFT_OBJECT_unanticipated__RQ2_C01_friction_0p340,2,Parallel Arm Lift — Contact Loss,reposition_and_regrip(),0.896551724137931,False
C01,diagnosed_LIFT_OBJECT_unanticipated__RQ2_C01_friction_0p340,3,Cobot Industrial — Incremental Heavy Part Transfer,heavy_lift(),0.8658474142345108,False
C01,diagnosed_LIFT_OBJECT_unanticipated__RQ2_C01_friction_0p340,4,Lightweight Arm Lift — Height Verification Only,extend_lift_phase(),0.7312503206291591,False
C01,diagnosed_LIFT_OBJECT_unanticipated__RQ2_C01_friction_0p340,5,Cobot Lift Failure — Grip Pressure,increase_grip_pressure(),0.6149425287356322,False
C01,diagnosed_LIFT_OBJECT_unanticipated__RQ2_C01_friction_0p340,6,Heavy Duty Arm — Motor Overload During Lift,reduce_lift_speed(),0.5,False
C01,diagnosed_LIFT_OBJECT_unanticipated__RQ2_C01_friction_0p340,7,Suction Arm Lift — Vacuum Loss,emergency_vacuum_pump(),0.3333333333333333,False
C02,diagnosed_LIFT_OBJECT_unanticipated__RQ2_C02_friction_0p335,1,Lift Slip — Low Friction Surface,apply_vacuum_assist(),0.9819444444444444,True
C02,diagnosed_LIFT_OBJECT_unanticipated__RQ2_C02_friction_0p335,2,Parallel Arm Lift — Contact Loss,reposition_and_regrip(),0.896551724137931,False
C02,diagnosed_LIFT_OBJECT_unanticipated__RQ2_C02_friction_0p335,3,Cobot Industrial — Incremental Heavy Part Transfer,heavy_lift(),0.8658474142345108,False
C02,diagnosed_LIFT_OBJECT_unanticipated__RQ2_C02_friction_0p335,4,Lightweight Arm Lift — Height Verification Only,extend_lift_phase(),0.7312503206291591,False
C02,diagnosed_LIFT_OBJECT_unanticipated__RQ2_C02_friction_0p335,5,Cobot Lift Failure — Grip Pressure,increase_grip_pressure(),0.6149425287356322,False
C02,diagnosed_LIFT_OBJECT_unanticipated__RQ2_C02_friction_0p335,6,Heavy Duty Arm — Motor Overload During Lift,reduce_lift_speed(),0.5,False
C02,diagnosed_LIFT_OBJECT_unanticipated__RQ2_C02_friction_0p335,7,Suction Arm Lift — Vacuum Loss,emergency_vacuum_pump(),0.3333333333333333,False
C03,diagnosed_LIFT_OBJECT_unanticipated__RQ2_C03_friction_0p330,1,Lift Slip — Low Friction Surface,apply_vacuum_assist(),0.9805555555555556,True
C03,diagnosed_LIFT_OBJECT_unanticipated__RQ2_C03_friction_0p330,2,Parallel Arm Lift — Contact Loss,reposition_and_regrip(),0.896551724137931,False
C03,diagnosed_LIFT_OBJECT_unanticipated__RQ2_C03_friction_0p330,3,Cobot Industrial — Incremental Heavy Part Transfer,heavy_lift(),0.8658474142345108,False
C03,diagnosed_LIFT_OBJECT_unanticipated__RQ2_C03_friction_0p330,4,Lightweight Arm Lift — Height Verification Only,extend_lift_phase(),0.7312503206291591,False
C03,diagnosed_LIFT_OBJECT_unanticipated__RQ2_C03_friction_0p330,5,Cobot Lift Failure — Grip Pressure,increase_grip_pressure(),0.6149425287356322,False
C03,diagnosed_LIFT_OBJECT_unanticipated__RQ2_C03_friction_0p330,6,Heavy Duty Arm — Motor Overload During Lift,reduce_lift_speed(),0.5,False
C03,diagnosed_LIFT_OBJECT_unanticipated__RQ2_C03_friction_0p330,7,Suction Arm Lift — Vacuum Loss,emergency_vacuum_pump(),0.3333333333333333,False
C04,diagnosed_LIFT_OBJECT_unanticipated__RQ2_C04_friction_0p3275,1,Lift Slip — Low Friction Surface,apply_vacuum_assist(),0.9798611111111111,True
C04,diagnosed_LIFT_OBJECT_unanticipated__RQ2_C04_friction_0p3275,2,Parallel Arm Lift — Contact Loss,reposition_and_regrip(),0.896551724137931,False
C04,diagnosed_LIFT_OBJECT_unanticipated__RQ2_C04_friction_0p3275,3,Cobot Industrial — Incremental Heavy Part Transfer,heavy_lift(),0.8658474142345108,False
C04,diagnosed_LIFT_OBJECT_unanticipated__RQ2_C04_friction_0p3275,4,Lightweight Arm Lift — Height Verification Only,extend_lift_phase(),0.7312503206291591,False
C04,diagnosed_LIFT_OBJECT_unanticipated__RQ2_C04_friction_0p3275,5,Cobot Lift Failure — Grip Pressure,increase_grip_pressure(),0.6149425287356322,False
C04,diagnosed_LIFT_OBJECT_unanticipated__RQ2_C04_friction_0p3275,6,Heavy Duty Arm — Motor Overload During Lift,reduce_lift_speed(),0.5,False
C04,diagnosed_LIFT_OBJECT_unanticipated__RQ2_C04_friction_0p3275,7,Suction Arm Lift — Vacuum Loss,emergency_vacuum_pump(),0.3333333333333333,False
C05,diagnosed_LIFT_OBJECT_unanticipated__RQ2_C05_friction_0p325,1,Lift Slip — Low Friction Surface,apply_vacuum_assist(),0.9791666666666666,True
C05,diagnosed_LIFT_OBJECT_unanticipated__RQ2_C05_friction_0p325,2,Parallel Arm Lift — Contact Loss,reposition_and_regrip(),0.896551724137931,False
C05,diagnosed_LIFT_OBJECT_unanticipated__RQ2_C05_friction_0p325,3,Cobot Industrial — Incremental Heavy Part Transfer,heavy_lift(),0.8658474142345108,False
C05,diagnosed_LIFT_OBJECT_unanticipated__RQ2_C05_friction_0p325,4,Lightweight Arm Lift — Height Verification Only,extend_lift_phase(),0.7312503206291591,False
C05,diagnosed_LIFT_OBJECT_unanticipated__RQ2_C05_friction_0p325,5,Cobot Lift Failure — Grip Pressure,increase_grip_pressure(),0.6149425287356322,False
C05,diagnosed_LIFT_OBJECT_unanticipated__RQ2_C05_friction_0p325,6,Heavy Duty Arm — Motor Overload During Lift,reduce_lift_speed(),0.5,False
C05,diagnosed_LIFT_OBJECT_unanticipated__RQ2_C05_friction_0p325,7,Suction Arm Lift — Vacuum Loss,emergency_vacuum_pump(),0.3333333333333333,False
C06,diagnosed_LIFT_OBJECT_unanticipated__RQ2_C06_friction_0p3225,1,Lift Slip — Low Friction Surface,apply_vacuum_assist(),0.9784722222222223,True
C06,diagnosed_LIFT_OBJECT_unanticipated__RQ2_C06_friction_0p3225,2,Parallel Arm Lift — Contact Loss,reposition_and_regrip(),0.896551724137931,False
C06,diagnosed_LIFT_OBJECT_unanticipated__RQ2_C06_friction_0p3225,3,Cobot Industrial — Incremental Heavy Part Transfer,heavy_lift(),0.8658474142345108,False
C06,diagnosed_LIFT_OBJECT_unanticipated__RQ2_C06_friction_0p3225,4,Lightweight Arm Lift — Height Verification Only,extend_lift_phase(),0.7312503206291591,False
C06,diagnosed_LIFT_OBJECT_unanticipated__RQ2_C06_friction_0p3225,5,Cobot Lift Failure — Grip Pressure,increase_grip_pressure(),0.6149425287356322,False
C06,diagnosed_LIFT_OBJECT_unanticipated__RQ2_C06_friction_0p3225,6,Heavy Duty Arm — Motor Overload During Lift,reduce_lift_speed(),0.5,False
C06,diagnosed_LIFT_OBJECT_unanticipated__RQ2_C06_friction_0p3225,7,Suction Arm Lift — Vacuum Loss,emergency_vacuum_pump(),0.3333333333333333,False
C07,diagnosed_LIFT_OBJECT_unanticipated__RQ2_C07_friction_0p320,1,Lift Slip — Low Friction Surface,apply_vacuum_assist(),0.9777777777777777,True
C07,diagnosed_LIFT_OBJECT_unanticipated__RQ2_C07_friction_0p320,2,Parallel Arm Lift — Contact Loss,reposition_and_regrip(),0.896551724137931,False
C07,diagnosed_LIFT_OBJECT_unanticipated__RQ2_C07_friction_0p320,3,Cobot Industrial — Incremental Heavy Part Transfer,heavy_lift(),0.8658474142345108,False
C07,diagnosed_LIFT_OBJECT_unanticipated__RQ2_C07_friction_0p320,4,Lightweight Arm Lift — Height Verification Only,extend_lift_phase(),0.7312503206291591,False
C07,diagnosed_LIFT_OBJECT_unanticipated__RQ2_C07_friction_0p320,5,Cobot Lift Failure — Grip Pressure,increase_grip_pressure(),0.6149425287356322,False
C07,diagnosed_LIFT_OBJECT_unanticipated__RQ2_C07_friction_0p320,6,Heavy Duty Arm — Motor Overload During Lift,reduce_lift_speed(),0.5,False
C07,diagnosed_LIFT_OBJECT_unanticipated__RQ2_C07_friction_0p320,7,Suction Arm Lift — Vacuum Loss,emergency_vacuum_pump(),0.3333333333333333,False
C09,diagnosed_LIFT_OBJECT_unanticipated__RQ2_C09_friction_0p310,1,Lift Slip — Low Friction Surface,apply_vacuum_assist(),0.975,True
C09,diagnosed_LIFT_OBJECT_unanticipated__RQ2_C09_friction_0p310,2,Parallel Arm Lift — Contact Loss,reposition_and_regrip(),0.896551724137931,False
C09,diagnosed_LIFT_OBJECT_unanticipated__RQ2_C09_friction_0p310,3,Cobot Industrial — Incremental Heavy Part Transfer,heavy_lift(),0.8658474142345108,False
C09,diagnosed_LIFT_OBJECT_unanticipated__RQ2_C09_friction_0p310,4,Lightweight Arm Lift — Height Verification Only,extend_lift_phase(),0.7312503206291591,False
C09,diagnosed_LIFT_OBJECT_unanticipated__RQ2_C09_friction_0p310,5,Cobot Lift Failure — Grip Pressure,increase_grip_pressure(),0.6149425287356322,False
C09,diagnosed_LIFT_OBJECT_unanticipated__RQ2_C09_friction_0p310,6,Heavy Duty Arm — Motor Overload During Lift,reduce_lift_speed(),0.5,False
C09,diagnosed_LIFT_OBJECT_unanticipated__RQ2_C09_friction_0p310,7,Suction Arm Lift — Vacuum Loss,emergency_vacuum_pump(),0.3333333333333333,False
C10,diagnosed_LIFT_OBJECT_unanticipated__RQ2_C10_friction_0p305,1,Lift Slip — Low Friction Surface,apply_vacuum_assist(),0.9736111111111111,True
C10,diagnosed_LIFT_OBJECT_unanticipated__RQ2_C10_friction_0p305,2,Parallel Arm Lift — Contact Loss,reposition_and_regrip(),0.896551724137931,False
C10,diagnosed_LIFT_OBJECT_unanticipated__RQ2_C10_friction_0p305,3,Cobot Industrial — Incremental Heavy Part Transfer,heavy_lift(),0.8658474142345108,False
C10,diagnosed_LIFT_OBJECT_unanticipated__RQ2_C10_friction_0p305,4,Lightweight Arm Lift — Height Verification Only,extend_lift_phase(),0.7312503206291591,False
C10,diagnosed_LIFT_OBJECT_unanticipated__RQ2_C10_friction_0p305,5,Cobot Lift Failure — Grip Pressure,increase_grip_pressure(),0.6149425287356322,False
C10,diagnosed_LIFT_OBJECT_unanticipated__RQ2_C10_friction_0p305,6,Heavy Duty Arm — Motor Overload During Lift,reduce_lift_speed(),0.5,False
C10,diagnosed_LIFT_OBJECT_unanticipated__RQ2_C10_friction_0p305,7,Suction Arm Lift — Vacuum Loss,emergency_vacuum_pump(),0.3333333333333333,False
C11,diagnosed_LIFT_OBJECT_unanticipated__RQ2_C11_friction_0p300,1,Lift Slip — Low Friction Surface,apply_vacuum_assist(),0.9722222222222222,True
C11,diagnosed_LIFT_OBJECT_unanticipated__RQ2_C11_friction_0p300,2,Parallel Arm Lift — Contact Loss,reposition_and_regrip(),0.896551724137931,False
C11,diagnosed_LIFT_OBJECT_unanticipated__RQ2_C11_friction_0p300,3,Cobot Industrial — Incremental Heavy Part Transfer,heavy_lift(),0.8658474142345108,False
C11,diagnosed_LIFT_OBJECT_unanticipated__RQ2_C11_friction_0p300,4,Lightweight Arm Lift — Height Verification Only,extend_lift_phase(),0.7312503206291591,False
C11,diagnosed_LIFT_OBJECT_unanticipated__RQ2_C11_friction_0p300,5,Cobot Lift Failure — Grip Pressure,increase_grip_pressure(),0.6149425287356322,False
C11,diagnosed_LIFT_OBJECT_unanticipated__RQ2_C11_friction_0p300,6,Heavy Duty Arm — Motor Overload During Lift,reduce_lift_speed(),0.5,False
C11,diagnosed_LIFT_OBJECT_unanticipated__RQ2_C11_friction_0p300,7,Suction Arm Lift — Vacuum Loss,emergency_vacuum_pump(),0.3333333333333333,False
C12,diagnosed_LIFT_OBJECT_unanticipated__RQ2_C12_friction_0p290,1,Lift Slip — Low Friction Surface,apply_vacuum_assist(),0.9694444444444444,True
C12,diagnosed_LIFT_OBJECT_unanticipated__RQ2_C12_friction_0p290,2,Parallel Arm Lift — Contact Loss,reposition_and_regrip(),0.896551724137931,False
C12,diagnosed_LIFT_OBJECT_unanticipated__RQ2_C12_friction_0p290,3,Cobot Industrial — Incremental Heavy Part Transfer,heavy_lift(),0.8658474142345108,False
C12,diagnosed_LIFT_OBJECT_unanticipated__RQ2_C12_friction_0p290,4,Lightweight Arm Lift — Height Verification Only,extend_lift_phase(),0.7312503206291591,False
C12,diagnosed_LIFT_OBJECT_unanticipated__RQ2_C12_friction_0p290,5,Cobot Lift Failure — Grip Pressure,increase_grip_pressure(),0.6149425287356322,False
C12,diagnosed_LIFT_OBJECT_unanticipated__RQ2_C12_friction_0p290,6,Heavy Duty Arm — Motor Overload During Lift,reduce_lift_speed(),0.5,False
C12,diagnosed_LIFT_OBJECT_unanticipated__RQ2_C12_friction_0p290,7,Suction Arm Lift — Vacuum Loss,emergency_vacuum_pump(),0.3333333333333333,False
C13,diagnosed_LIFT_OBJECT_unanticipated__RQ2_C13_friction_0p280,1,Lift Slip — Low Friction Surface,apply_vacuum_assist(),0.9666666666666667,True
C13,diagnosed_LIFT_OBJECT_unanticipated__RQ2_C13_friction_0p280,2,Parallel Arm Lift — Contact Loss,reposition_and_regrip(),0.896551724137931,False
C13,diagnosed_LIFT_OBJECT_unanticipated__RQ2_C13_friction_0p280,3,Cobot Industrial — Incremental Heavy Part Transfer,heavy_lift(),0.8658474142345108,False
C13,diagnosed_LIFT_OBJECT_unanticipated__RQ2_C13_friction_0p280,4,Lightweight Arm Lift — Height Verification Only,extend_lift_phase(),0.7312503206291591,False
C13,diagnosed_LIFT_OBJECT_unanticipated__RQ2_C13_friction_0p280,5,Cobot Lift Failure — Grip Pressure,increase_grip_pressure(),0.6149425287356322,False
C13,diagnosed_LIFT_OBJECT_unanticipated__RQ2_C13_friction_0p280,6,Heavy Duty Arm — Motor Overload During Lift,reduce_lift_speed(),0.5,False
C13,diagnosed_LIFT_OBJECT_unanticipated__RQ2_C13_friction_0p280,7,Suction Arm Lift — Vacuum Loss,emergency_vacuum_pump(),0.3333333333333333,False
C14,diagnosed_LIFT_OBJECT_unanticipated__RQ2_C14_friction_0p270,1,Lift Slip — Low Friction Surface,apply_vacuum_assist(),0.9638888888888889,True
C14,diagnosed_LIFT_OBJECT_unanticipated__RQ2_C14_friction_0p270,2,Parallel Arm Lift — Contact Loss,reposition_and_regrip(),0.896551724137931,False
C14,diagnosed_LIFT_OBJECT_unanticipated__RQ2_C14_friction_0p270,3,Cobot Industrial — Incremental Heavy Part Transfer,heavy_lift(),0.8658474142345108,False
C14,diagnosed_LIFT_OBJECT_unanticipated__RQ2_C14_friction_0p270,4,Lightweight Arm Lift — Height Verification Only,extend_lift_phase(),0.7312503206291591,False
C14,diagnosed_LIFT_OBJECT_unanticipated__RQ2_C14_friction_0p270,5,Cobot Lift Failure — Grip Pressure,increase_grip_pressure(),0.6149425287356322,False
C14,diagnosed_LIFT_OBJECT_unanticipated__RQ2_C14_friction_0p270,6,Heavy Duty Arm — Motor Overload During Lift,reduce_lift_speed(),0.5,False
C14,diagnosed_LIFT_OBJECT_unanticipated__RQ2_C14_friction_0p270,7,Suction Arm Lift — Vacuum Loss,emergency_vacuum_pump(),0.3333333333333333,False
C15,diagnosed_LIFT_OBJECT_unanticipated__RQ2_C15_friction_0p260,1,Lift Slip — Low Friction Surface,apply_vacuum_assist(),0.9611111111111111,True
C15,diagnosed_LIFT_OBJECT_unanticipated__RQ2_C15_friction_0p260,2,Parallel Arm Lift — Contact Loss,reposition_and_regrip(),0.896551724137931,False
C15,diagnosed_LIFT_OBJECT_unanticipated__RQ2_C15_friction_0p260,3,Cobot Industrial — Incremental Heavy Part Transfer,heavy_lift(),0.8658474142345108,False
C15,diagnosed_LIFT_OBJECT_unanticipated__RQ2_C15_friction_0p260,4,Lightweight Arm Lift — Height Verification Only,extend_lift_phase(),0.7312503206291591,False
C15,diagnosed_LIFT_OBJECT_unanticipated__RQ2_C15_friction_0p260,5,Cobot Lift Failure — Grip Pressure,increase_grip_pressure(),0.6149425287356322,False
C15,diagnosed_LIFT_OBJECT_unanticipated__RQ2_C15_friction_0p260,6,Heavy Duty Arm — Motor Overload During Lift,reduce_lift_speed(),0.5,False
C15,diagnosed_LIFT_OBJECT_unanticipated__RQ2_C15_friction_0p260,7,Suction Arm Lift — Vacuum Loss,emergency_vacuum_pump(),0.3333333333333333,False
C16,diagnosed_LIFT_OBJECT_unanticipated__RQ2_C16_friction_0p255,1,Lift Slip — Low Friction Surface,apply_vacuum_assist(),0.9597222222222223,True
C16,diagnosed_LIFT_OBJECT_unanticipated__RQ2_C16_friction_0p255,2,Parallel Arm Lift — Contact Loss,reposition_and_regrip(),0.896551724137931,False
C16,diagnosed_LIFT_OBJECT_unanticipated__RQ2_C16_friction_0p255,3,Cobot Industrial — Incremental Heavy Part Transfer,heavy_lift(),0.8658474142345108,False
C16,diagnosed_LIFT_OBJECT_unanticipated__RQ2_C16_friction_0p255,4,Lightweight Arm Lift — Height Verification Only,extend_lift_phase(),0.7312503206291591,False
C16,diagnosed_LIFT_OBJECT_unanticipated__RQ2_C16_friction_0p255,5,Cobot Lift Failure — Grip Pressure,increase_grip_pressure(),0.6149425287356322,False
C16,diagnosed_LIFT_OBJECT_unanticipated__RQ2_C16_friction_0p255,6,Heavy Duty Arm — Motor Overload During Lift,reduce_lift_speed(),0.5,False
C16,diagnosed_LIFT_OBJECT_unanticipated__RQ2_C16_friction_0p255,7,Suction Arm Lift — Vacuum Loss,emergency_vacuum_pump(),0.3333333333333333,False
R_H01_C01_F01,diagnosed_LIFT_OBJECT_unanticipated__RQ2_R_H01_C01_F01,1,Lift Slip — Low Friction Surface,apply_vacuum_assist(),0.7438266666666666,True
R_H01_C01_F01,diagnosed_LIFT_OBJECT_unanticipated__RQ2_R_H01_C01_F01,2,Parallel Arm Lift — Contact Loss,reposition_and_regrip(),0.6666666666666666,False
R_H01_C01_F01,diagnosed_LIFT_OBJECT_unanticipated__RQ2_R_H01_C01_F01,3,Cobot Industrial — Incremental Heavy Part Transfer,heavy_lift(),0.6507936507936508,False
R_H01_C01_F01,diagnosed_LIFT_OBJECT_unanticipated__RQ2_R_H01_C01_F01,4,Lightweight Arm Lift — Height Verification Only,extend_lift_phase(),0.5013652631578948,False
R_H01_C01_F01,diagnosed_LIFT_OBJECT_unanticipated__RQ2_R_H01_C01_F01,5,Cobot Lift Failure — Grip Pressure,increase_grip_pressure(),0.5,False
R_H01_C01_F01,diagnosed_LIFT_OBJECT_unanticipated__RQ2_R_H01_C01_F01,6,Heavy Duty Arm — Motor Overload During Lift,reduce_lift_speed(),0.5,False
R_H01_C01_F01,diagnosed_LIFT_OBJECT_unanticipated__RQ2_R_H01_C01_F01,7,Suction Arm Lift — Vacuum Loss,emergency_vacuum_pump(),0.3333333333333333,False
R_H01_C01_F02,diagnosed_LIFT_OBJECT_unanticipated__RQ2_R_H01_C01_F02,1,Lift Slip — Low Friction Surface,apply_vacuum_assist(),0.7993822222222221,True
R_H01_C01_F02,diagnosed_LIFT_OBJECT_unanticipated__RQ2_R_H01_C01_F02,2,Parallel Arm Lift — Contact Loss,reposition_and_regrip(),0.6666666666666666,False
R_H01_C01_F02,diagnosed_LIFT_OBJECT_unanticipated__RQ2_R_H01_C01_F02,3,Cobot Industrial — Incremental Heavy Part Transfer,heavy_lift(),0.6507936507936508,False
R_H01_C01_F02,diagnosed_LIFT_OBJECT_unanticipated__RQ2_R_H01_C01_F02,4,Lightweight Arm Lift — Height Verification Only,extend_lift_phase(),0.5013652631578948,False
R_H01_C01_F02,diagnosed_LIFT_OBJECT_unanticipated__RQ2_R_H01_C01_F02,5,Cobot Lift Failure — Grip Pressure,increase_grip_pressure(),0.5,False
R_H01_C01_F02,diagnosed_LIFT_OBJECT_unanticipated__RQ2_R_H01_C01_F02,6,Heavy Duty Arm — Motor Overload During Lift,reduce_lift_speed(),0.5,False
R_H01_C01_F02,diagnosed_LIFT_OBJECT_unanticipated__RQ2_R_H01_C01_F02,7,Suction Arm Lift — Vacuum Loss,emergency_vacuum_pump(),0.3333333333333333,False
R_H01_C01_F03,diagnosed_LIFT_OBJECT_unanticipated__RQ2_R_H01_C01_F03,1,Lift Slip — Low Friction Surface,apply_vacuum_assist(),0.8035488888888889,True
R_H01_C01_F03,diagnosed_LIFT_OBJECT_unanticipated__RQ2_R_H01_C01_F03,2,Parallel Arm Lift — Contact Loss,reposition_and_regrip(),0.6666666666666666,False
R_H01_C01_F03,diagnosed_LIFT_OBJECT_unanticipated__RQ2_R_H01_C01_F03,3,Cobot Industrial — Incremental Heavy Part Transfer,heavy_lift(),0.6507936507936508,False
R_H01_C01_F03,diagnosed_LIFT_OBJECT_unanticipated__RQ2_R_H01_C01_F03,4,Lightweight Arm Lift — Height Verification Only,extend_lift_phase(),0.5013652631578948,False
R_H01_C01_F03,diagnosed_LIFT_OBJECT_unanticipated__RQ2_R_H01_C01_F03,5,Cobot Lift Failure — Grip Pressure,increase_grip_pressure(),0.5,False
R_H01_C01_F03,diagnosed_LIFT_OBJECT_unanticipated__RQ2_R_H01_C01_F03,6,Heavy Duty Arm — Motor Overload During Lift,reduce_lift_speed(),0.5,False
R_H01_C01_F03,diagnosed_LIFT_OBJECT_unanticipated__RQ2_R_H01_C01_F03,7,Suction Arm Lift — Vacuum Loss,emergency_vacuum_pump(),0.3333333333333333,False
R_H01_C01_F04,diagnosed_LIFT_OBJECT_unanticipated__RQ2_R_H01_C01_F04,1,Lift Slip — Low Friction Surface,apply_vacuum_assist(),0.8077155555555556,True
R_H01_C01_F04,diagnosed_LIFT_OBJECT_unanticipated__RQ2_R_H01_C01_F04,2,Parallel Arm Lift — Contact Loss,reposition_and_regrip(),0.6666666666666666,False
R_H01_C01_F04,diagnosed_LIFT_OBJECT_unanticipated__RQ2_R_H01_C01_F04,3,Cobot Industrial — Incremental Heavy Part Transfer,heavy_lift(),0.6507936507936508,False
R_H01_C01_F04,diagnosed_LIFT_OBJECT_unanticipated__RQ2_R_H01_C01_F04,4,Lightweight Arm Lift — Height Verification Only,extend_lift_phase(),0.5013652631578948,False
R_H01_C01_F04,diagnosed_LIFT_OBJECT_unanticipated__RQ2_R_H01_C01_F04,5,Cobot Lift Failure — Grip Pressure,increase_grip_pressure(),0.5,False
R_H01_C01_F04,diagnosed_LIFT_OBJECT_unanticipated__RQ2_R_H01_C01_F04,6,Heavy Duty Arm — Motor Overload During Lift,reduce_lift_speed(),0.5,False
R_H01_C01_F04,diagnosed_LIFT_OBJECT_unanticipated__RQ2_R_H01_C01_F04,7,Suction Arm Lift — Vacuum Loss,emergency_vacuum_pump(),0.3333333333333333,False
R_H01_C01_F05,diagnosed_LIFT_OBJECT_unanticipated__RQ2_R_H01_C01_F05,1,Lift Slip — Low Friction Surface,apply_vacuum_assist(),0.82716,True
R_H01_C01_F05,diagnosed_LIFT_OBJECT_unanticipated__RQ2_R_H01_C01_F05,2,Parallel Arm Lift — Contact Loss,reposition_and_regrip(),0.6666666666666666,False
R_H01_C01_F05,diagnosed_LIFT_OBJECT_unanticipated__RQ2_R_H01_C01_F05,3,Cobot Industrial — Incremental Heavy Part Transfer,heavy_lift(),0.6507936507936508,False
R_H01_C01_F05,diagnosed_LIFT_OBJECT_unanticipated__RQ2_R_H01_C01_F05,4,Lightweight Arm Lift — Height Verification Only,extend_lift_phase(),0.5013652631578948,False
R_H01_C01_F05,diagnosed_LIFT_OBJECT_unanticipated__RQ2_R_H01_C01_F05,5,Cobot Lift Failure — Grip Pressure,increase_grip_pressure(),0.5,False
R_H01_C01_F05,diagnosed_LIFT_OBJECT_unanticipated__RQ2_R_H01_C01_F05,6,Heavy Duty Arm — Motor Overload During Lift,reduce_lift_speed(),0.5,False
R_H01_C01_F05,diagnosed_LIFT_OBJECT_unanticipated__RQ2_R_H01_C01_F05,7,Suction Arm Lift — Vacuum Loss,emergency_vacuum_pump(),0.3333333333333333,False
R_H01_C01_F06,diagnosed_LIFT_OBJECT_unanticipated__RQ2_R_H01_C01_F06,1,Lift Slip — Low Friction Surface,apply_vacuum_assist(),0.8049377777777776,True
R_H01_C01_F06,diagnosed_LIFT_OBJECT_unanticipated__RQ2_R_H01_C01_F06,2,Parallel Arm Lift — Contact Loss,reposition_and_regrip(),0.6666666666666666,False
R_H01_C01_F06,diagnosed_LIFT_OBJECT_unanticipated__RQ2_R_H01_C01_F06,3,Cobot Industrial — Incremental Heavy Part Transfer,heavy_lift(),0.6507936507936508,False
R_H01_C01_F06,diagnosed_LIFT_OBJECT_unanticipated__RQ2_R_H01_C01_F06,4,Lightweight Arm Lift — Height Verification Only,extend_lift_phase(),0.5013652631578948,False
R_H01_C01_F06,diagnosed_LIFT_OBJECT_unanticipated__RQ2_R_H01_C01_F06,5,Cobot Lift Failure — Grip Pressure,increase_grip_pressure(),0.5,False
R_H01_C01_F06,diagnosed_LIFT_OBJECT_unanticipated__RQ2_R_H01_C01_F06,6,Heavy Duty Arm — Motor Overload During Lift,reduce_lift_speed(),0.5,False
R_H01_C01_F06,diagnosed_LIFT_OBJECT_unanticipated__RQ2_R_H01_C01_F06,7,Suction Arm Lift — Vacuum Loss,emergency_vacuum_pump(),0.3333333333333333,False
R_H01_C01_F07,diagnosed_LIFT_OBJECT_unanticipated__RQ2_R_H01_C01_F07,1,Lift Slip — Low Friction Surface,apply_vacuum_assist(),0.7604933333333334,True
R_H01_C01_F07,diagnosed_LIFT_OBJECT_unanticipated__RQ2_R_H01_C01_F07,2,Parallel Arm Lift — Contact Loss,reposition_and_regrip(),0.6666666666666666,False
R_H01_C01_F07,diagnosed_LIFT_OBJECT_unanticipated__RQ2_R_H01_C01_F07,3,Cobot Industrial — Incremental Heavy Part Transfer,heavy_lift(),0.6507936507936508,False
R_H01_C01_F07,diagnosed_LIFT_OBJECT_unanticipated__RQ2_R_H01_C01_F07,4,Lightweight Arm Lift — Height Verification Only,extend_lift_phase(),0.5013652631578948,False
R_H01_C01_F07,diagnosed_LIFT_OBJECT_unanticipated__RQ2_R_H01_C01_F07,5,Cobot Lift Failure — Grip Pressure,increase_grip_pressure(),0.5,False
R_H01_C01_F07,diagnosed_LIFT_OBJECT_unanticipated__RQ2_R_H01_C01_F07,6,Heavy Duty Arm — Motor Overload During Lift,reduce_lift_speed(),0.5,False
R_H01_C01_F07,diagnosed_LIFT_OBJECT_unanticipated__RQ2_R_H01_C01_F07,7,Suction Arm Lift — Vacuum Loss,emergency_vacuum_pump(),0.3333333333333333,False
R_H01_C01_F08,diagnosed_LIFT_OBJECT_unanticipated__RQ2_R_H01_C01_F08,1,Lift Slip — Low Friction Surface,apply_vacuum_assist(),0.7207711111111111,True
R_H01_C01_F08,diagnosed_LIFT_OBJECT_unanticipated__RQ2_R_H01_C01_F08,2,Parallel Arm Lift — Contact Loss,reposition_and_regrip(),0.6666666666666666,False
R_H01_C01_F08,diagnosed_LIFT_OBJECT_unanticipated__RQ2_R_H01_C01_F08,3,Cobot Industrial — Incremental Heavy Part Transfer,heavy_lift(),0.6507936507936508,False
R_H01_C01_F08,diagnosed_LIFT_OBJECT_unanticipated__RQ2_R_H01_C01_F08,4,Lightweight Arm Lift — Height Verification Only,extend_lift_phase(),0.5013652631578948,False
R_H01_C01_F08,diagnosed_LIFT_OBJECT_unanticipated__RQ2_R_H01_C01_F08,5,Cobot Lift Failure — Grip Pressure,increase_grip_pressure(),0.5,False
R_H01_C01_F08,diagnosed_LIFT_OBJECT_unanticipated__RQ2_R_H01_C01_F08,6,Heavy Duty Arm — Motor Overload During Lift,reduce_lift_speed(),0.5,False
R_H01_C01_F08,diagnosed_LIFT_OBJECT_unanticipated__RQ2_R_H01_C01_F08,7,Suction Arm Lift — Vacuum Loss,emergency_vacuum_pump(),0.3333333333333333,False
R_H01_C01_F09,diagnosed_LIFT_OBJECT_unanticipated__RQ2_R_H01_C01_F09,1,Lift Slip — Low Friction Surface,apply_vacuum_assist(),0.7160488888888888,True
R_H01_C01_F09,diagnosed_LIFT_OBJECT_unanticipated__RQ2_R_H01_C01_F09,2,Parallel Arm Lift — Contact Loss,reposition_and_regrip(),0.6666666666666666,False
R_H01_C01_F09,diagnosed_LIFT_OBJECT_unanticipated__RQ2_R_H01_C01_F09,3,Cobot Industrial — Incremental Heavy Part Transfer,heavy_lift(),0.6507936507936508,False
R_H01_C01_F09,diagnosed_LIFT_OBJECT_unanticipated__RQ2_R_H01_C01_F09,4,Lightweight Arm Lift — Height Verification Only,extend_lift_phase(),0.5013652631578948,False
R_H01_C01_F09,diagnosed_LIFT_OBJECT_unanticipated__RQ2_R_H01_C01_F09,5,Cobot Lift Failure — Grip Pressure,increase_grip_pressure(),0.5,False
R_H01_C01_F09,diagnosed_LIFT_OBJECT_unanticipated__RQ2_R_H01_C01_F09,6,Heavy Duty Arm — Motor Overload During Lift,reduce_lift_speed(),0.5,False
R_H01_C01_F09,diagnosed_LIFT_OBJECT_unanticipated__RQ2_R_H01_C01_F09,7,Suction Arm Lift — Vacuum Loss,emergency_vacuum_pump(),0.3333333333333333,False
R_H01_C01_F10,diagnosed_LIFT_OBJECT_unanticipated__RQ2_R_H01_C01_F10,1,Lift Slip — Low Friction Surface,apply_vacuum_assist(),0.7160488888888888,True
R_H01_C01_F10,diagnosed_LIFT_OBJECT_unanticipated__RQ2_R_H01_C01_F10,2,Parallel Arm Lift — Contact Loss,reposition_and_regrip(),0.6666666666666666,False
R_H01_C01_F10,diagnosed_LIFT_OBJECT_unanticipated__RQ2_R_H01_C01_F10,3,Cobot Industrial — Incremental Heavy Part Transfer,heavy_lift(),0.6507936507936508,False
R_H01_C01_F10,diagnosed_LIFT_OBJECT_unanticipated__RQ2_R_H01_C01_F10,4,Lightweight Arm Lift — Height Verification Only,extend_lift_phase(),0.5013652631578948,False
R_H01_C01_F10,diagnosed_LIFT_OBJECT_unanticipated__RQ2_R_H01_C01_F10,5,Cobot Lift Failure — Grip Pressure,increase_grip_pressure(),0.5,False
R_H01_C01_F10,diagnosed_LIFT_OBJECT_unanticipated__RQ2_R_H01_C01_F10,6,Heavy Duty Arm — Motor Overload During Lift,reduce_lift_speed(),0.5,False
R_H01_C01_F10,diagnosed_LIFT_OBJECT_unanticipated__RQ2_R_H01_C01_F10,7,Suction Arm Lift — Vacuum Loss,emergency_vacuum_pump(),0.3333333333333333,False
R_H01_C02_F01,diagnosed_LIFT_OBJECT_unanticipated__RQ2_R_H01_C02_F01,1,Lift Slip — Low Friction Surface,apply_vacuum_assist(),0.8549377777777778,True
R_H01_C02_F01,diagnosed_LIFT_OBJECT_unanticipated__RQ2_R_H01_C02_F01,2,Parallel Arm Lift — Contact Loss,reposition_and_regrip(),0.8039583908045977,False
R_H01_C02_F01,diagnosed_LIFT_OBJECT_unanticipated__RQ2_R_H01_C02_F01,3,Cobot Industrial — Incremental Heavy Part Transfer,heavy_lift(),0.7732540809011775,False
R_H01_C02_F01,diagnosed_LIFT_OBJECT_unanticipated__RQ2_R_H01_C02_F01,4,Lightweight Arm Lift — Height Verification Only,extend_lift_phase(),0.6386569872958258,False
R_H01_C02_F01,diagnosed_LIFT_OBJECT_unanticipated__RQ2_R_H01_C02_F01,5,Cobot Lift Failure — Grip Pressure,increase_grip_pressure(),0.5,False
R_H01_C02_F01,diagnosed_LIFT_OBJECT_unanticipated__RQ2_R_H01_C02_F01,6,Heavy Duty Arm — Motor Overload During Lift,reduce_lift_speed(),0.5,False
R_H01_C02_F01,diagnosed_LIFT_OBJECT_unanticipated__RQ2_R_H01_C02_F01,7,Suction Arm Lift — Vacuum Loss,emergency_vacuum_pump(),0.3333333333333333,False
R_H01_C02_F02,diagnosed_LIFT_OBJECT_unanticipated__RQ2_R_H01_C02_F02,1,Lift Slip — Low Friction Surface,apply_vacuum_assist(),0.9104933333333333,True
R_H01_C02_F02,diagnosed_LIFT_OBJECT_unanticipated__RQ2_R_H01_C02_F02,2,Parallel Arm Lift — Contact Loss,reposition_and_regrip(),0.8039583908045977,False
R_H01_C02_F02,diagnosed_LIFT_OBJECT_unanticipated__RQ2_R_H01_C02_F02,3,Cobot Industrial — Incremental Heavy Part Transfer,heavy_lift(),0.7732540809011775,False
R_H01_C02_F02,diagnosed_LIFT_OBJECT_unanticipated__RQ2_R_H01_C02_F02,4,Lightweight Arm Lift — Height Verification Only,extend_lift_phase(),0.6386569872958258,False
R_H01_C02_F02,diagnosed_LIFT_OBJECT_unanticipated__RQ2_R_H01_C02_F02,5,Cobot Lift Failure — Grip Pressure,increase_grip_pressure(),0.5,False
R_H01_C02_F02,diagnosed_LIFT_OBJECT_unanticipated__RQ2_R_H01_C02_F02,6,Heavy Duty Arm — Motor Overload During Lift,reduce_lift_speed(),0.5,False
R_H01_C02_F02,diagnosed_LIFT_OBJECT_unanticipated__RQ2_R_H01_C02_F02,7,Suction Arm Lift — Vacuum Loss,emergency_vacuum_pump(),0.3333333333333333,False
R_H01_C02_F03,diagnosed_LIFT_OBJECT_unanticipated__RQ2_R_H01_C02_F03,1,Lift Slip — Low Friction Surface,apply_vacuum_assist(),0.91466,True
R_H01_C02_F03,diagnosed_LIFT_OBJECT_unanticipated__RQ2_R_H01_C02_F03,2,Parallel Arm Lift — Contact Loss,reposition_and_regrip(),0.8039583908045977,False
R_H01_C02_F03,diagnosed_LIFT_OBJECT_unanticipated__RQ2_R_H01_C02_F03,3,Cobot Industrial — Incremental Heavy Part Transfer,heavy_lift(),0.7732540809011775,False
R_H01_C02_F03,diagnosed_LIFT_OBJECT_unanticipated__RQ2_R_H01_C02_F03,4,Lightweight Arm Lift — Height Verification Only,extend_lift_phase(),0.6386569872958258,False
R_H01_C02_F03,diagnosed_LIFT_OBJECT_unanticipated__RQ2_R_H01_C02_F03,5,Cobot Lift Failure — Grip Pressure,increase_grip_pressure(),0.5,False
R_H01_C02_F03,diagnosed_LIFT_OBJECT_unanticipated__RQ2_R_H01_C02_F03,6,Heavy Duty Arm — Motor Overload During Lift,reduce_lift_speed(),0.5,False
R_H01_C02_F03,diagnosed_LIFT_OBJECT_unanticipated__RQ2_R_H01_C02_F03,7,Suction Arm Lift — Vacuum Loss,emergency_vacuum_pump(),0.3333333333333333,False
R_H01_C02_F04,diagnosed_LIFT_OBJECT_unanticipated__RQ2_R_H01_C02_F04,1,Lift Slip — Low Friction Surface,apply_vacuum_assist(),0.9188266666666666,True
R_H01_C02_F04,diagnosed_LIFT_OBJECT_unanticipated__RQ2_R_H01_C02_F04,2,Parallel Arm Lift — Contact Loss,reposition_and_regrip(),0.8039583908045977,False
R_H01_C02_F04,diagnosed_LIFT_OBJECT_unanticipated__RQ2_R_H01_C02_F04,3,Cobot Industrial — Incremental Heavy Part Transfer,heavy_lift(),0.7732540809011775,False
R_H01_C02_F04,diagnosed_LIFT_OBJECT_unanticipated__RQ2_R_H01_C02_F04,4,Lightweight Arm Lift — Height Verification Only,extend_lift_phase(),0.6386569872958258,False
R_H01_C02_F04,diagnosed_LIFT_OBJECT_unanticipated__RQ2_R_H01_C02_F04,5,Cobot Lift Failure — Grip Pressure,increase_grip_pressure(),0.5,False
R_H01_C02_F04,diagnosed_LIFT_OBJECT_unanticipated__RQ2_R_H01_C02_F04,6,Heavy Duty Arm — Motor Overload During Lift,reduce_lift_speed(),0.5,False
R_H01_C02_F04,diagnosed_LIFT_OBJECT_unanticipated__RQ2_R_H01_C02_F04,7,Suction Arm Lift — Vacuum Loss,emergency_vacuum_pump(),0.3333333333333333,False
R_H01_C02_F05,diagnosed_LIFT_OBJECT_unanticipated__RQ2_R_H01_C02_F05,1,Lift Slip — Low Friction Surface,apply_vacuum_assist(),0.9382711111111112,True
R_H01_C02_F05,diagnosed_LIFT_OBJECT_unanticipated__RQ2_R_H01_C02_F05,2,Parallel Arm Lift — Contact Loss,reposition_and_regrip(),0.8039583908045977,False
R_H01_C02_F05,diagnosed_LIFT_OBJECT_unanticipated__RQ2_R_H01_C02_F05,3,Cobot Industrial — Incremental Heavy Part Transfer,heavy_lift(),0.7732540809011775,False
R_H01_C02_F05,diagnosed_LIFT_OBJECT_unanticipated__RQ2_R_H01_C02_F05,4,Lightweight Arm Lift — Height Verification Only,extend_lift_phase(),0.6386569872958258,False
R_H01_C02_F05,diagnosed_LIFT_OBJECT_unanticipated__RQ2_R_H01_C02_F05,5,Cobot Lift Failure — Grip Pressure,increase_grip_pressure(),0.5,False
R_H01_C02_F05,diagnosed_LIFT_OBJECT_unanticipated__RQ2_R_H01_C02_F05,6,Heavy Duty Arm — Motor Overload During Lift,reduce_lift_speed(),0.5,False
R_H01_C02_F05,diagnosed_LIFT_OBJECT_unanticipated__RQ2_R_H01_C02_F05,7,Suction Arm Lift — Vacuum Loss,emergency_vacuum_pump(),0.3333333333333333,False
R_H01_C02_F06,diagnosed_LIFT_OBJECT_unanticipated__RQ2_R_H01_C02_F06,1,Lift Slip — Low Friction Surface,apply_vacuum_assist(),0.9160488888888888,True
R_H01_C02_F06,diagnosed_LIFT_OBJECT_unanticipated__RQ2_R_H01_C02_F06,2,Parallel Arm Lift — Contact Loss,reposition_and_regrip(),0.8039583908045977,False
R_H01_C02_F06,diagnosed_LIFT_OBJECT_unanticipated__RQ2_R_H01_C02_F06,3,Cobot Industrial — Incremental Heavy Part Transfer,heavy_lift(),0.7732540809011775,False
R_H01_C02_F06,diagnosed_LIFT_OBJECT_unanticipated__RQ2_R_H01_C02_F06,4,Lightweight Arm Lift — Height Verification Only,extend_lift_phase(),0.6386569872958258,False
R_H01_C02_F06,diagnosed_LIFT_OBJECT_unanticipated__RQ2_R_H01_C02_F06,5,Cobot Lift Failure — Grip Pressure,increase_grip_pressure(),0.5,False
R_H01_C02_F06,diagnosed_LIFT_OBJECT_unanticipated__RQ2_R_H01_C02_F06,6,Heavy Duty Arm — Motor Overload During Lift,reduce_lift_speed(),0.5,False
R_H01_C02_F06,diagnosed_LIFT_OBJECT_unanticipated__RQ2_R_H01_C02_F06,7,Suction Arm Lift — Vacuum Loss,emergency_vacuum_pump(),0.3333333333333333,False
R_H01_C02_F07,diagnosed_LIFT_OBJECT_unanticipated__RQ2_R_H01_C02_F07,1,Lift Slip — Low Friction Surface,apply_vacuum_assist(),0.8716044444444444,True
R_H01_C02_F07,diagnosed_LIFT_OBJECT_unanticipated__RQ2_R_H01_C02_F07,2,Parallel Arm Lift — Contact Loss,reposition_and_regrip(),0.8039583908045977,False
R_H01_C02_F07,diagnosed_LIFT_OBJECT_unanticipated__RQ2_R_H01_C02_F07,3,Cobot Industrial — Incremental Heavy Part Transfer,heavy_lift(),0.7732540809011775,False
R_H01_C02_F07,diagnosed_LIFT_OBJECT_unanticipated__RQ2_R_H01_C02_F07,4,Lightweight Arm Lift — Height Verification Only,extend_lift_phase(),0.6386569872958258,False
R_H01_C02_F07,diagnosed_LIFT_OBJECT_unanticipated__RQ2_R_H01_C02_F07,5,Cobot Lift Failure — Grip Pressure,increase_grip_pressure(),0.5,False
R_H01_C02_F07,diagnosed_LIFT_OBJECT_unanticipated__RQ2_R_H01_C02_F07,6,Heavy Duty Arm — Motor Overload During Lift,reduce_lift_speed(),0.5,False
R_H01_C02_F07,diagnosed_LIFT_OBJECT_unanticipated__RQ2_R_H01_C02_F07,7,Suction Arm Lift — Vacuum Loss,emergency_vacuum_pump(),0.3333333333333333,False
R_H01_C02_F08,diagnosed_LIFT_OBJECT_unanticipated__RQ2_R_H01_C02_F08,1,Lift Slip — Low Friction Surface,apply_vacuum_assist(),0.8318822222222222,True
R_H01_C02_F08,diagnosed_LIFT_OBJECT_unanticipated__RQ2_R_H01_C02_F08,2,Parallel Arm Lift — Contact Loss,reposition_and_regrip(),0.8039583908045977,False
R_H01_C02_F08,diagnosed_LIFT_OBJECT_unanticipated__RQ2_R_H01_C02_F08,3,Cobot Industrial — Incremental Heavy Part Transfer,heavy_lift(),0.7732540809011775,False
R_H01_C02_F08,diagnosed_LIFT_OBJECT_unanticipated__RQ2_R_H01_C02_F08,4,Lightweight Arm Lift — Height Verification Only,extend_lift_phase(),0.6386569872958258,False
R_H01_C02_F08,diagnosed_LIFT_OBJECT_unanticipated__RQ2_R_H01_C02_F08,5,Cobot Lift Failure — Grip Pressure,increase_grip_pressure(),0.5,False
R_H01_C02_F08,diagnosed_LIFT_OBJECT_unanticipated__RQ2_R_H01_C02_F08,6,Heavy Duty Arm — Motor Overload During Lift,reduce_lift_speed(),0.5,False
R_H01_C02_F08,diagnosed_LIFT_OBJECT_unanticipated__RQ2_R_H01_C02_F08,7,Suction Arm Lift — Vacuum Loss,emergency_vacuum_pump(),0.3333333333333333,False
R_H01_C02_F09,diagnosed_LIFT_OBJECT_unanticipated__RQ2_R_H01_C02_F09,1,Lift Slip — Low Friction Surface,apply_vacuum_assist(),0.82716,True
R_H01_C02_F09,diagnosed_LIFT_OBJECT_unanticipated__RQ2_R_H01_C02_F09,2,Parallel Arm Lift — Contact Loss,reposition_and_regrip(),0.8039583908045977,False
R_H01_C02_F09,diagnosed_LIFT_OBJECT_unanticipated__RQ2_R_H01_C02_F09,3,Cobot Industrial — Incremental Heavy Part Transfer,heavy_lift(),0.7732540809011775,False
R_H01_C02_F09,diagnosed_LIFT_OBJECT_unanticipated__RQ2_R_H01_C02_F09,4,Lightweight Arm Lift — Height Verification Only,extend_lift_phase(),0.6386569872958258,False
R_H01_C02_F09,diagnosed_LIFT_OBJECT_unanticipated__RQ2_R_H01_C02_F09,5,Cobot Lift Failure — Grip Pressure,increase_grip_pressure(),0.5,False
R_H01_C02_F09,diagnosed_LIFT_OBJECT_unanticipated__RQ2_R_H01_C02_F09,6,Heavy Duty Arm — Motor Overload During Lift,reduce_lift_speed(),0.5,False
R_H01_C02_F09,diagnosed_LIFT_OBJECT_unanticipated__RQ2_R_H01_C02_F09,7,Suction Arm Lift — Vacuum Loss,emergency_vacuum_pump(),0.3333333333333333,False
R_H01_C02_F10,diagnosed_LIFT_OBJECT_unanticipated__RQ2_R_H01_C02_F10,1,Lift Slip — Low Friction Surface,apply_vacuum_assist(),0.82716,True
R_H01_C02_F10,diagnosed_LIFT_OBJECT_unanticipated__RQ2_R_H01_C02_F10,2,Parallel Arm Lift — Contact Loss,reposition_and_regrip(),0.8039583908045977,False
R_H01_C02_F10,diagnosed_LIFT_OBJECT_unanticipated__RQ2_R_H01_C02_F10,3,Cobot Industrial — Incremental Heavy Part Transfer,heavy_lift(),0.7732540809011775,False
R_H01_C02_F10,diagnosed_LIFT_OBJECT_unanticipated__RQ2_R_H01_C02_F10,4,Lightweight Arm Lift — Height Verification Only,extend_lift_phase(),0.6386569872958258,False
R_H01_C02_F10,diagnosed_LIFT_OBJECT_unanticipated__RQ2_R_H01_C02_F10,5,Cobot Lift Failure — Grip Pressure,increase_grip_pressure(),0.5,False
R_H01_C02_F10,diagnosed_LIFT_OBJECT_unanticipated__RQ2_R_H01_C02_F10,6,Heavy Duty Arm — Motor Overload During Lift,reduce_lift_speed(),0.5,False
R_H01_C02_F10,diagnosed_LIFT_OBJECT_unanticipated__RQ2_R_H01_C02_F10,7,Suction Arm Lift — Vacuum Loss,emergency_vacuum_pump(),0.3333333333333333,False
R_H01_C03_F01,diagnosed_LIFT_OBJECT_unanticipated__RQ2_R_H01_C03_F01,1,Lift Slip — Low Friction Surface,apply_vacuum_assist(),0.7993822222222221,True
R_H01_C03_F01,diagnosed_LIFT_OBJECT_unanticipated__RQ2_R_H01_C03_F01,2,Parallel Arm Lift — Contact Loss,reposition_and_regrip(),0.7206250574712644,False
R_H01_C03_F01,diagnosed_LIFT_OBJECT_unanticipated__RQ2_R_H01_C03_F01,3,Cobot Industrial — Incremental Heavy Part Transfer,heavy_lift(),0.6899207475678443,False
R_H01_C03_F01,diagnosed_LIFT_OBJECT_unanticipated__RQ2_R_H01_C03_F01,4,Lightweight Arm Lift — Height Verification Only,extend_lift_phase(),0.5553236539624925,False
R_H01_C03_F01,diagnosed_LIFT_OBJECT_unanticipated__RQ2_R_H01_C03_F01,5,Cobot Lift Failure — Grip Pressure,increase_grip_pressure(),0.5,False
R_H01_C03_F01,diagnosed_LIFT_OBJECT_unanticipated__RQ2_R_H01_C03_F01,6,Heavy Duty Arm — Motor Overload During Lift,reduce_lift_speed(),0.5,False
R_H01_C03_F01,diagnosed_LIFT_OBJECT_unanticipated__RQ2_R_H01_C03_F01,7,Suction Arm Lift — Vacuum Loss,emergency_vacuum_pump(),0.3333333333333333,False
R_H01_C03_F02,diagnosed_LIFT_OBJECT_unanticipated__RQ2_R_H01_C03_F02,1,Lift Slip — Low Friction Surface,apply_vacuum_assist(),0.8549377777777778,True
R_H01_C03_F02,diagnosed_LIFT_OBJECT_unanticipated__RQ2_R_H01_C03_F02,2,Parallel Arm Lift — Contact Loss,reposition_and_regrip(),0.7206250574712644,False
R_H01_C03_F02,diagnosed_LIFT_OBJECT_unanticipated__RQ2_R_H01_C03_F02,3,Cobot Industrial — Incremental Heavy Part Transfer,heavy_lift(),0.6899207475678443,False
R_H01_C03_F02,diagnosed_LIFT_OBJECT_unanticipated__RQ2_R_H01_C03_F02,4,Lightweight Arm Lift — Height Verification Only,extend_lift_phase(),0.5553236539624925,False
R_H01_C03_F02,diagnosed_LIFT_OBJECT_unanticipated__RQ2_R_H01_C03_F02,5,Cobot Lift Failure — Grip Pressure,increase_grip_pressure(),0.5,False
R_H01_C03_F02,diagnosed_LIFT_OBJECT_unanticipated__RQ2_R_H01_C03_F02,6,Heavy Duty Arm — Motor Overload During Lift,reduce_lift_speed(),0.5,False
R_H01_C03_F02,diagnosed_LIFT_OBJECT_unanticipated__RQ2_R_H01_C03_F02,7,Suction Arm Lift — Vacuum Loss,emergency_vacuum_pump(),0.3333333333333333,False
R_H01_C03_F03,diagnosed_LIFT_OBJECT_unanticipated__RQ2_R_H01_C03_F03,1,Lift Slip — Low Friction Surface,apply_vacuum_assist(),0.8591044444444443,True
R_H01_C03_F03,diagnosed_LIFT_OBJECT_unanticipated__RQ2_R_H01_C03_F03,2,Parallel Arm Lift — Contact Loss,reposition_and_regrip(),0.7206250574712644,False
R_H01_C03_F03,diagnosed_LIFT_OBJECT_unanticipated__RQ2_R_H01_C03_F03,3,Cobot Industrial — Incremental Heavy Part Transfer,heavy_lift(),0.6899207475678443,False
R_H01_C03_F03,diagnosed_LIFT_OBJECT_unanticipated__RQ2_R_H01_C03_F03,4,Lightweight Arm Lift — Height Verification Only,extend_lift_phase(),0.5553236539624925,False
R_H01_C03_F03,diagnosed_LIFT_OBJECT_unanticipated__RQ2_R_H01_C03_F03,5,Cobot Lift Failure — Grip Pressure,increase_grip_pressure(),0.5,False
R_H01_C03_F03,diagnosed_LIFT_OBJECT_unanticipated__RQ2_R_H01_C03_F03,6,Heavy Duty Arm — Motor Overload During Lift,reduce_lift_speed(),0.5,False
R_H01_C03_F03,diagnosed_LIFT_OBJECT_unanticipated__RQ2_R_H01_C03_F03,7,Suction Arm Lift — Vacuum Loss,emergency_vacuum_pump(),0.3333333333333333,False
R_H01_C03_F04,diagnosed_LIFT_OBJECT_unanticipated__RQ2_R_H01_C03_F04,1,Lift Slip — Low Friction Surface,apply_vacuum_assist(),0.8632711111111111,True
R_H01_C03_F04,diagnosed_LIFT_OBJECT_unanticipated__RQ2_R_H01_C03_F04,2,Parallel Arm Lift — Contact Loss,reposition_and_regrip(),0.7206250574712644,False
R_H01_C03_F04,diagnosed_LIFT_OBJECT_unanticipated__RQ2_R_H01_C03_F04,3,Cobot Industrial — Incremental Heavy Part Transfer,heavy_lift(),0.6899207475678443,False
R_H01_C03_F04,diagnosed_LIFT_OBJECT_unanticipated__RQ2_R_H01_C03_F04,4,Lightweight Arm Lift — Height Verification Only,extend_lift_phase(),0.5553236539624925,False
R_H01_C03_F04,diagnosed_LIFT_OBJECT_unanticipated__RQ2_R_H01_C03_F04,5,Cobot Lift Failure — Grip Pressure,increase_grip_pressure(),0.5,False
R_H01_C03_F04,diagnosed_LIFT_OBJECT_unanticipated__RQ2_R_H01_C03_F04,6,Heavy Duty Arm — Motor Overload During Lift,reduce_lift_speed(),0.5,False
R_H01_C03_F04,diagnosed_LIFT_OBJECT_unanticipated__RQ2_R_H01_C03_F04,7,Suction Arm Lift — Vacuum Loss,emergency_vacuum_pump(),0.3333333333333333,False
R_H01_C03_F05,diagnosed_LIFT_OBJECT_unanticipated__RQ2_R_H01_C03_F05,1,Lift Slip — Low Friction Surface,apply_vacuum_assist(),0.8827155555555555,True
R_H01_C03_F05,diagnosed_LIFT_OBJECT_unanticipated__RQ2_R_H01_C03_F05,2,Parallel Arm Lift — Contact Loss,reposition_and_regrip(),0.7206250574712644,False
R_H01_C03_F05,diagnosed_LIFT_OBJECT_unanticipated__RQ2_R_H01_C03_F05,3,Cobot Industrial — Incremental Heavy Part Transfer,heavy_lift(),0.6899207475678443,False
R_H01_C03_F05,diagnosed_LIFT_OBJECT_unanticipated__RQ2_R_H01_C03_F05,4,Lightweight Arm Lift — Height Verification Only,extend_lift_phase(),0.5553236539624925,False
R_H01_C03_F05,diagnosed_LIFT_OBJECT_unanticipated__RQ2_R_H01_C03_F05,5,Cobot Lift Failure — Grip Pressure,increase_grip_pressure(),0.5,False
R_H01_C03_F05,diagnosed_LIFT_OBJECT_unanticipated__RQ2_R_H01_C03_F05,6,Heavy Duty Arm — Motor Overload During Lift,reduce_lift_speed(),0.5,False
R_H01_C03_F05,diagnosed_LIFT_OBJECT_unanticipated__RQ2_R_H01_C03_F05,7,Suction Arm Lift — Vacuum Loss,emergency_vacuum_pump(),0.3333333333333333,False
R_H01_C03_F06,diagnosed_LIFT_OBJECT_unanticipated__RQ2_R_H01_C03_F06,1,Lift Slip — Low Friction Surface,apply_vacuum_assist(),0.8604933333333333,True
R_H01_C03_F06,diagnosed_LIFT_OBJECT_unanticipated__RQ2_R_H01_C03_F06,2,Parallel Arm Lift — Contact Loss,reposition_and_regrip(),0.7206250574712644,False
R_H01_C03_F06,diagnosed_LIFT_OBJECT_unanticipated__RQ2_R_H01_C03_F06,3,Cobot Industrial — Incremental Heavy Part Transfer,heavy_lift(),0.6899207475678443,False
R_H01_C03_F06,diagnosed_LIFT_OBJECT_unanticipated__RQ2_R_H01_C03_F06,4,Lightweight Arm Lift — Height Verification Only,extend_lift_phase(),0.5553236539624925,False
R_H01_C03_F06,diagnosed_LIFT_OBJECT_unanticipated__RQ2_R_H01_C03_F06,5,Cobot Lift Failure — Grip Pressure,increase_grip_pressure(),0.5,False
R_H01_C03_F06,diagnosed_LIFT_OBJECT_unanticipated__RQ2_R_H01_C03_F06,6,Heavy Duty Arm — Motor Overload During Lift,reduce_lift_speed(),0.5,False
R_H01_C03_F06,diagnosed_LIFT_OBJECT_unanticipated__RQ2_R_H01_C03_F06,7,Suction Arm Lift — Vacuum Loss,emergency_vacuum_pump(),0.3333333333333333,False
R_H01_C03_F07,diagnosed_LIFT_OBJECT_unanticipated__RQ2_R_H01_C03_F07,1,Lift Slip — Low Friction Surface,apply_vacuum_assist(),0.8160488888888889,True
R_H01_C03_F07,diagnosed_LIFT_OBJECT_unanticipated__RQ2_R_H01_C03_F07,2,Parallel Arm Lift — Contact Loss,reposition_and_regrip(),0.7206250574712644,False
R_H01_C03_F07,diagnosed_LIFT_OBJECT_unanticipated__RQ2_R_H01_C03_F07,3,Cobot Industrial — Incremental Heavy Part Transfer,heavy_lift(),0.6899207475678443,False
R_H01_C03_F07,diagnosed_LIFT_OBJECT_unanticipated__RQ2_R_H01_C03_F07,4,Lightweight Arm Lift — Height Verification Only,extend_lift_phase(),0.5553236539624925,False
R_H01_C03_F07,diagnosed_LIFT_OBJECT_unanticipated__RQ2_R_H01_C03_F07,5,Cobot Lift Failure — Grip Pressure,increase_grip_pressure(),0.5,False
R_H01_C03_F07,diagnosed_LIFT_OBJECT_unanticipated__RQ2_R_H01_C03_F07,6,Heavy Duty Arm — Motor Overload During Lift,reduce_lift_speed(),0.5,False
R_H01_C03_F07,diagnosed_LIFT_OBJECT_unanticipated__RQ2_R_H01_C03_F07,7,Suction Arm Lift — Vacuum Loss,emergency_vacuum_pump(),0.3333333333333333,False
R_H01_C03_F08,diagnosed_LIFT_OBJECT_unanticipated__RQ2_R_H01_C03_F08,1,Lift Slip — Low Friction Surface,apply_vacuum_assist(),0.7763266666666667,True
R_H01_C03_F08,diagnosed_LIFT_OBJECT_unanticipated__RQ2_R_H01_C03_F08,2,Parallel Arm Lift — Contact Loss,reposition_and_regrip(),0.7206250574712644,False
R_H01_C03_F08,diagnosed_LIFT_OBJECT_unanticipated__RQ2_R_H01_C03_F08,3,Cobot Industrial — Incremental Heavy Part Transfer,heavy_lift(),0.6899207475678443,False
R_H01_C03_F08,diagnosed_LIFT_OBJECT_unanticipated__RQ2_R_H01_C03_F08,4,Lightweight Arm Lift — Height Verification Only,extend_lift_phase(),0.5553236539624925,False
R_H01_C03_F08,diagnosed_LIFT_OBJECT_unanticipated__RQ2_R_H01_C03_F08,5,Cobot Lift Failure — Grip Pressure,increase_grip_pressure(),0.5,False
R_H01_C03_F08,diagnosed_LIFT_OBJECT_unanticipated__RQ2_R_H01_C03_F08,6,Heavy Duty Arm — Motor Overload During Lift,reduce_lift_speed(),0.5,False
R_H01_C03_F08,diagnosed_LIFT_OBJECT_unanticipated__RQ2_R_H01_C03_F08,7,Suction Arm Lift — Vacuum Loss,emergency_vacuum_pump(),0.3333333333333333,False
R_H01_C03_F09,diagnosed_LIFT_OBJECT_unanticipated__RQ2_R_H01_C03_F09,1,Lift Slip — Low Friction Surface,apply_vacuum_assist(),0.7716044444444444,True
R_H01_C03_F09,diagnosed_LIFT_OBJECT_unanticipated__RQ2_R_H01_C03_F09,2,Parallel Arm Lift — Contact Loss,reposition_and_regrip(),0.7206250574712644,False
R_H01_C03_F09,diagnosed_LIFT_OBJECT_unanticipated__RQ2_R_H01_C03_F09,3,Cobot Industrial — Incremental Heavy Part Transfer,heavy_lift(),0.6899207475678443,False
R_H01_C03_F09,diagnosed_LIFT_OBJECT_unanticipated__RQ2_R_H01_C03_F09,4,Lightweight Arm Lift — Height Verification Only,extend_lift_phase(),0.5553236539624925,False
R_H01_C03_F09,diagnosed_LIFT_OBJECT_unanticipated__RQ2_R_H01_C03_F09,5,Cobot Lift Failure — Grip Pressure,increase_grip_pressure(),0.5,False
R_H01_C03_F09,diagnosed_LIFT_OBJECT_unanticipated__RQ2_R_H01_C03_F09,6,Heavy Duty Arm — Motor Overload During Lift,reduce_lift_speed(),0.5,False
R_H01_C03_F09,diagnosed_LIFT_OBJECT_unanticipated__RQ2_R_H01_C03_F09,7,Suction Arm Lift — Vacuum Loss,emergency_vacuum_pump(),0.3333333333333333,False
R_H01_C03_F10,diagnosed_LIFT_OBJECT_unanticipated__RQ2_R_H01_C03_F10,1,Lift Slip — Low Friction Surface,apply_vacuum_assist(),0.7716044444444444,True
R_H01_C03_F10,diagnosed_LIFT_OBJECT_unanticipated__RQ2_R_H01_C03_F10,2,Parallel Arm Lift — Contact Loss,reposition_and_regrip(),0.7206250574712644,False
R_H01_C03_F10,diagnosed_LIFT_OBJECT_unanticipated__RQ2_R_H01_C03_F10,3,Cobot Industrial — Incremental Heavy Part Transfer,heavy_lift(),0.6899207475678443,False
R_H01_C03_F10,diagnosed_LIFT_OBJECT_unanticipated__RQ2_R_H01_C03_F10,4,Lightweight Arm Lift — Height Verification Only,extend_lift_phase(),0.5553236539624925,False
R_H01_C03_F10,diagnosed_LIFT_OBJECT_unanticipated__RQ2_R_H01_C03_F10,5,Cobot Lift Failure — Grip Pressure,increase_grip_pressure(),0.5,False
R_H01_C03_F10,diagnosed_LIFT_OBJECT_unanticipated__RQ2_R_H01_C03_F10,6,Heavy Duty Arm — Motor Overload During Lift,reduce_lift_speed(),0.5,False
R_H01_C03_F10,diagnosed_LIFT_OBJECT_unanticipated__RQ2_R_H01_C03_F10,7,Suction Arm Lift — Vacuum Loss,emergency_vacuum_pump(),0.3333333333333333,False
R_H01_C04_F01,diagnosed_LIFT_OBJECT_unanticipated__RQ2_R_H01_C04_F01,1,Lift Slip — Low Friction Surface,apply_vacuum_assist(),0.7808633333333334,True
R_H01_C04_F01,diagnosed_LIFT_OBJECT_unanticipated__RQ2_R_H01_C04_F01,2,Parallel Arm Lift — Contact Loss,reposition_and_regrip(),0.6928467241379311,False
R_H01_C04_F01,diagnosed_LIFT_OBJECT_unanticipated__RQ2_R_H01_C04_F01,3,Cobot Industrial — Incremental Heavy Part Transfer,heavy_lift(),0.662142414234511,False
R_H01_C04_F01,diagnosed_LIFT_OBJECT_unanticipated__RQ2_R_H01_C04_F01,4,Lightweight Arm Lift — Height Verification Only,extend_lift_phase(),0.5275453206291592,False
R_H01_C04_F01,diagnosed_LIFT_OBJECT_unanticipated__RQ2_R_H01_C04_F01,5,Cobot Lift Failure — Grip Pressure,increase_grip_pressure(),0.5,False
R_H01_C04_F01,diagnosed_LIFT_OBJECT_unanticipated__RQ2_R_H01_C04_F01,6,Heavy Duty Arm — Motor Overload During Lift,reduce_lift_speed(),0.5,False
R_H01_C04_F01,diagnosed_LIFT_OBJECT_unanticipated__RQ2_R_H01_C04_F01,7,Suction Arm Lift — Vacuum Loss,emergency_vacuum_pump(),0.3333333333333333,False
R_H01_C04_F02,diagnosed_LIFT_OBJECT_unanticipated__RQ2_R_H01_C04_F02,1,Lift Slip — Low Friction Surface,apply_vacuum_assist(),0.8364188888888888,True
R_H01_C04_F02,diagnosed_LIFT_OBJECT_unanticipated__RQ2_R_H01_C04_F02,2,Parallel Arm Lift — Contact Loss,reposition_and_regrip(),0.6928467241379311,False
R_H01_C04_F02,diagnosed_LIFT_OBJECT_unanticipated__RQ2_R_H01_C04_F02,3,Cobot Industrial — Incremental Heavy Part Transfer,heavy_lift(),0.662142414234511,False
R_H01_C04_F02,diagnosed_LIFT_OBJECT_unanticipated__RQ2_R_H01_C04_F02,4,Lightweight Arm Lift — Height Verification Only,extend_lift_phase(),0.5275453206291592,False
R_H01_C04_F02,diagnosed_LIFT_OBJECT_unanticipated__RQ2_R_H01_C04_F02,5,Cobot Lift Failure — Grip Pressure,increase_grip_pressure(),0.5,False
R_H01_C04_F02,diagnosed_LIFT_OBJECT_unanticipated__RQ2_R_H01_C04_F02,6,Heavy Duty Arm — Motor Overload During Lift,reduce_lift_speed(),0.5,False
R_H01_C04_F02,diagnosed_LIFT_OBJECT_unanticipated__RQ2_R_H01_C04_F02,7,Suction Arm Lift — Vacuum Loss,emergency_vacuum_pump(),0.3333333333333333,False
R_H01_C04_F03,diagnosed_LIFT_OBJECT_unanticipated__RQ2_R_H01_C04_F03,1,Lift Slip — Low Friction Surface,apply_vacuum_assist(),0.8405855555555556,True
R_H01_C04_F03,diagnosed_LIFT_OBJECT_unanticipated__RQ2_R_H01_C04_F03,2,Parallel Arm Lift — Contact Loss,reposition_and_regrip(),0.6928467241379311,False
R_H01_C04_F03,diagnosed_LIFT_OBJECT_unanticipated__RQ2_R_H01_C04_F03,3,Cobot Industrial — Incremental Heavy Part Transfer,heavy_lift(),0.662142414234511,False
R_H01_C04_F03,diagnosed_LIFT_OBJECT_unanticipated__RQ2_R_H01_C04_F03,4,Lightweight Arm Lift — Height Verification Only,extend_lift_phase(),0.5275453206291592,False
R_H01_C04_F03,diagnosed_LIFT_OBJECT_unanticipated__RQ2_R_H01_C04_F03,5,Cobot Lift Failure — Grip Pressure,increase_grip_pressure(),0.5,False
R_H01_C04_F03,diagnosed_LIFT_OBJECT_unanticipated__RQ2_R_H01_C04_F03,6,Heavy Duty Arm — Motor Overload During Lift,reduce_lift_speed(),0.5,False
R_H01_C04_F03,diagnosed_LIFT_OBJECT_unanticipated__RQ2_R_H01_C04_F03,7,Suction Arm Lift — Vacuum Loss,emergency_vacuum_pump(),0.3333333333333333,False
R_H01_C04_F04,diagnosed_LIFT_OBJECT_unanticipated__RQ2_R_H01_C04_F04,1,Lift Slip — Low Friction Surface,apply_vacuum_assist(),0.8447522222222222,True
R_H01_C04_F04,diagnosed_LIFT_OBJECT_unanticipated__RQ2_R_H01_C04_F04,2,Parallel Arm Lift — Contact Loss,reposition_and_regrip(),0.6928467241379311,False
R_H01_C04_F04,diagnosed_LIFT_OBJECT_unanticipated__RQ2_R_H01_C04_F04,3,Cobot Industrial — Incremental Heavy Part Transfer,heavy_lift(),0.662142414234511,False
R_H01_C04_F04,diagnosed_LIFT_OBJECT_unanticipated__RQ2_R_H01_C04_F04,4,Lightweight Arm Lift — Height Verification Only,extend_lift_phase(),0.5275453206291592,False
R_H01_C04_F04,diagnosed_LIFT_OBJECT_unanticipated__RQ2_R_H01_C04_F04,5,Cobot Lift Failure — Grip Pressure,increase_grip_pressure(),0.5,False
R_H01_C04_F04,diagnosed_LIFT_OBJECT_unanticipated__RQ2_R_H01_C04_F04,6,Heavy Duty Arm — Motor Overload During Lift,reduce_lift_speed(),0.5,False
R_H01_C04_F04,diagnosed_LIFT_OBJECT_unanticipated__RQ2_R_H01_C04_F04,7,Suction Arm Lift — Vacuum Loss,emergency_vacuum_pump(),0.3333333333333333,False
R_H01_C04_F05,diagnosed_LIFT_OBJECT_unanticipated__RQ2_R_H01_C04_F05,1,Lift Slip — Low Friction Surface,apply_vacuum_assist(),0.8641966666666666,True
R_H01_C04_F05,diagnosed_LIFT_OBJECT_unanticipated__RQ2_R_H01_C04_F05,2,Parallel Arm Lift — Contact Loss,reposition_and_regrip(),0.6928467241379311,False
R_H01_C04_F05,diagnosed_LIFT_OBJECT_unanticipated__RQ2_R_H01_C04_F05,3,Cobot Industrial — Incremental Heavy Part Transfer,heavy_lift(),0.662142414234511,False
R_H01_C04_F05,diagnosed_LIFT_OBJECT_unanticipated__RQ2_R_H01_C04_F05,4,Lightweight Arm Lift — Height Verification Only,extend_lift_phase(),0.5275453206291592,False
R_H01_C04_F05,diagnosed_LIFT_OBJECT_unanticipated__RQ2_R_H01_C04_F05,5,Cobot Lift Failure — Grip Pressure,increase_grip_pressure(),0.5,False
R_H01_C04_F05,diagnosed_LIFT_OBJECT_unanticipated__RQ2_R_H01_C04_F05,6,Heavy Duty Arm — Motor Overload During Lift,reduce_lift_speed(),0.5,False
R_H01_C04_F05,diagnosed_LIFT_OBJECT_unanticipated__RQ2_R_H01_C04_F05,7,Suction Arm Lift — Vacuum Loss,emergency_vacuum_pump(),0.3333333333333333,False
R_H01_C04_F06,diagnosed_LIFT_OBJECT_unanticipated__RQ2_R_H01_C04_F06,1,Lift Slip — Low Friction Surface,apply_vacuum_assist(),0.8419744444444445,True
R_H01_C04_F06,diagnosed_LIFT_OBJECT_unanticipated__RQ2_R_H01_C04_F06,2,Parallel Arm Lift — Contact Loss,reposition_and_regrip(),0.6928467241379311,False
R_H01_C04_F06,diagnosed_LIFT_OBJECT_unanticipated__RQ2_R_H01_C04_F06,3,Cobot Industrial — Incremental Heavy Part Transfer,heavy_lift(),0.662142414234511,False
R_H01_C04_F06,diagnosed_LIFT_OBJECT_unanticipated__RQ2_R_H01_C04_F06,4,Lightweight Arm Lift — Height Verification Only,extend_lift_phase(),0.5275453206291592,False
R_H01_C04_F06,diagnosed_LIFT_OBJECT_unanticipated__RQ2_R_H01_C04_F06,5,Cobot Lift Failure — Grip Pressure,increase_grip_pressure(),0.5,False
R_H01_C04_F06,diagnosed_LIFT_OBJECT_unanticipated__RQ2_R_H01_C04_F06,6,Heavy Duty Arm — Motor Overload During Lift,reduce_lift_speed(),0.5,False
R_H01_C04_F06,diagnosed_LIFT_OBJECT_unanticipated__RQ2_R_H01_C04_F06,7,Suction Arm Lift — Vacuum Loss,emergency_vacuum_pump(),0.3333333333333333,False
R_H01_C04_F07,diagnosed_LIFT_OBJECT_unanticipated__RQ2_R_H01_C04_F07,1,Lift Slip — Low Friction Surface,apply_vacuum_assist(),0.7975300000000001,True
R_H01_C04_F07,diagnosed_LIFT_OBJECT_unanticipated__RQ2_R_H01_C04_F07,2,Parallel Arm Lift — Contact Loss,reposition_and_regrip(),0.6928467241379311,False
R_H01_C04_F07,diagnosed_LIFT_OBJECT_unanticipated__RQ2_R_H01_C04_F07,3,Cobot Industrial — Incremental Heavy Part Transfer,heavy_lift(),0.662142414234511,False
R_H01_C04_F07,diagnosed_LIFT_OBJECT_unanticipated__RQ2_R_H01_C04_F07,4,Lightweight Arm Lift — Height Verification Only,extend_lift_phase(),0.5275453206291592,False
R_H01_C04_F07,diagnosed_LIFT_OBJECT_unanticipated__RQ2_R_H01_C04_F07,5,Cobot Lift Failure — Grip Pressure,increase_grip_pressure(),0.5,False
R_H01_C04_F07,diagnosed_LIFT_OBJECT_unanticipated__RQ2_R_H01_C04_F07,6,Heavy Duty Arm — Motor Overload During Lift,reduce_lift_speed(),0.5,False
R_H01_C04_F07,diagnosed_LIFT_OBJECT_unanticipated__RQ2_R_H01_C04_F07,7,Suction Arm Lift — Vacuum Loss,emergency_vacuum_pump(),0.3333333333333333,False
R_H01_C04_F08,diagnosed_LIFT_OBJECT_unanticipated__RQ2_R_H01_C04_F08,1,Lift Slip — Low Friction Surface,apply_vacuum_assist(),0.7578077777777779,True
R_H01_C04_F08,diagnosed_LIFT_OBJECT_unanticipated__RQ2_R_H01_C04_F08,2,Parallel Arm Lift — Contact Loss,reposition_and_regrip(),0.6928467241379311,False
R_H01_C04_F08,diagnosed_LIFT_OBJECT_unanticipated__RQ2_R_H01_C04_F08,3,Cobot Industrial — Incremental Heavy Part Transfer,heavy_lift(),0.662142414234511,False
R_H01_C04_F08,diagnosed_LIFT_OBJECT_unanticipated__RQ2_R_H01_C04_F08,4,Lightweight Arm Lift — Height Verification Only,extend_lift_phase(),0.5275453206291592,False
R_H01_C04_F08,diagnosed_LIFT_OBJECT_unanticipated__RQ2_R_H01_C04_F08,5,Cobot Lift Failure — Grip Pressure,increase_grip_pressure(),0.5,False
R_H01_C04_F08,diagnosed_LIFT_OBJECT_unanticipated__RQ2_R_H01_C04_F08,6,Heavy Duty Arm — Motor Overload During Lift,reduce_lift_speed(),0.5,False
R_H01_C04_F08,diagnosed_LIFT_OBJECT_unanticipated__RQ2_R_H01_C04_F08,7,Suction Arm Lift — Vacuum Loss,emergency_vacuum_pump(),0.3333333333333333,False
R_H01_C04_F09,diagnosed_LIFT_OBJECT_unanticipated__RQ2_R_H01_C04_F09,1,Lift Slip — Low Friction Surface,apply_vacuum_assist(),0.7530855555555555,True
R_H01_C04_F09,diagnosed_LIFT_OBJECT_unanticipated__RQ2_R_H01_C04_F09,2,Parallel Arm Lift — Contact Loss,reposition_and_regrip(),0.6928467241379311,False
R_H01_C04_F09,diagnosed_LIFT_OBJECT_unanticipated__RQ2_R_H01_C04_F09,3,Cobot Industrial — Incremental Heavy Part Transfer,heavy_lift(),0.662142414234511,False
R_H01_C04_F09,diagnosed_LIFT_OBJECT_unanticipated__RQ2_R_H01_C04_F09,4,Lightweight Arm Lift — Height Verification Only,extend_lift_phase(),0.5275453206291592,False
R_H01_C04_F09,diagnosed_LIFT_OBJECT_unanticipated__RQ2_R_H01_C04_F09,5,Cobot Lift Failure — Grip Pressure,increase_grip_pressure(),0.5,False
R_H01_C04_F09,diagnosed_LIFT_OBJECT_unanticipated__RQ2_R_H01_C04_F09,6,Heavy Duty Arm — Motor Overload During Lift,reduce_lift_speed(),0.5,False
R_H01_C04_F09,diagnosed_LIFT_OBJECT_unanticipated__RQ2_R_H01_C04_F09,7,Suction Arm Lift — Vacuum Loss,emergency_vacuum_pump(),0.3333333333333333,False
R_H01_C04_F10,diagnosed_LIFT_OBJECT_unanticipated__RQ2_R_H01_C04_F10,1,Lift Slip — Low Friction Surface,apply_vacuum_assist(),0.7530855555555555,True
R_H01_C04_F10,diagnosed_LIFT_OBJECT_unanticipated__RQ2_R_H01_C04_F10,2,Parallel Arm Lift — Contact Loss,reposition_and_regrip(),0.6928467241379311,False
R_H01_C04_F10,diagnosed_LIFT_OBJECT_unanticipated__RQ2_R_H01_C04_F10,3,Cobot Industrial — Incremental Heavy Part Transfer,heavy_lift(),0.662142414234511,False
R_H01_C04_F10,diagnosed_LIFT_OBJECT_unanticipated__RQ2_R_H01_C04_F10,4,Lightweight Arm Lift — Height Verification Only,extend_lift_phase(),0.5275453206291592,False
R_H01_C04_F10,diagnosed_LIFT_OBJECT_unanticipated__RQ2_R_H01_C04_F10,5,Cobot Lift Failure — Grip Pressure,increase_grip_pressure(),0.5,False
R_H01_C04_F10,diagnosed_LIFT_OBJECT_unanticipated__RQ2_R_H01_C04_F10,6,Heavy Duty Arm — Motor Overload During Lift,reduce_lift_speed(),0.5,False
R_H01_C04_F10,diagnosed_LIFT_OBJECT_unanticipated__RQ2_R_H01_C04_F10,7,Suction Arm Lift — Vacuum Loss,emergency_vacuum_pump(),0.3333333333333333,False
R_H01_C05_F01,diagnosed_LIFT_OBJECT_unanticipated__RQ2_R_H01_C05_F01,1,Lift Slip — Low Friction Surface,apply_vacuum_assist(),0.7716044444444444,True
R_H01_C05_F01,diagnosed_LIFT_OBJECT_unanticipated__RQ2_R_H01_C05_F01,2,Parallel Arm Lift — Contact Loss,reposition_and_regrip(),0.6789583908045977,False
R_H01_C05_F01,diagnosed_LIFT_OBJECT_unanticipated__RQ2_R_H01_C05_F01,3,Cobot Industrial — Incremental Heavy Part Transfer,heavy_lift(),0.6507936507936508,False
R_H01_C05_F01,diagnosed_LIFT_OBJECT_unanticipated__RQ2_R_H01_C05_F01,4,Lightweight Arm Lift — Height Verification Only,extend_lift_phase(),0.5136569872958258,False
R_H01_C05_F01,diagnosed_LIFT_OBJECT_unanticipated__RQ2_R_H01_C05_F01,5,Cobot Lift Failure — Grip Pressure,increase_grip_pressure(),0.5,False
R_H01_C05_F01,diagnosed_LIFT_OBJECT_unanticipated__RQ2_R_H01_C05_F01,6,Heavy Duty Arm — Motor Overload During Lift,reduce_lift_speed(),0.5,False
R_H01_C05_F01,diagnosed_LIFT_OBJECT_unanticipated__RQ2_R_H01_C05_F01,7,Suction Arm Lift — Vacuum Loss,emergency_vacuum_pump(),0.3333333333333333,False
R_H01_C05_F02,diagnosed_LIFT_OBJECT_unanticipated__RQ2_R_H01_C05_F02,1,Lift Slip — Low Friction Surface,apply_vacuum_assist(),0.82716,True
R_H01_C05_F02,diagnosed_LIFT_OBJECT_unanticipated__RQ2_R_H01_C05_F02,2,Parallel Arm Lift — Contact Loss,reposition_and_regrip(),0.6789583908045977,False
R_H01_C05_F02,diagnosed_LIFT_OBJECT_unanticipated__RQ2_R_H01_C05_F02,3,Cobot Industrial — Incremental Heavy Part Transfer,heavy_lift(),0.6507936507936508,False
R_H01_C05_F02,diagnosed_LIFT_OBJECT_unanticipated__RQ2_R_H01_C05_F02,4,Lightweight Arm Lift — Height Verification Only,extend_lift_phase(),0.5136569872958258,False
R_H01_C05_F02,diagnosed_LIFT_OBJECT_unanticipated__RQ2_R_H01_C05_F02,5,Cobot Lift Failure — Grip Pressure,increase_grip_pressure(),0.5,False
R_H01_C05_F02,diagnosed_LIFT_OBJECT_unanticipated__RQ2_R_H01_C05_F02,6,Heavy Duty Arm — Motor Overload During Lift,reduce_lift_speed(),0.5,False
R_H01_C05_F02,diagnosed_LIFT_OBJECT_unanticipated__RQ2_R_H01_C05_F02,7,Suction Arm Lift — Vacuum Loss,emergency_vacuum_pump(),0.3333333333333333,False
R_H01_C05_F03,diagnosed_LIFT_OBJECT_unanticipated__RQ2_R_H01_C05_F03,1,Lift Slip — Low Friction Surface,apply_vacuum_assist(),0.8313266666666665,True
R_H01_C05_F03,diagnosed_LIFT_OBJECT_unanticipated__RQ2_R_H01_C05_F03,2,Parallel Arm Lift — Contact Loss,reposition_and_regrip(),0.6789583908045977,False
R_H01_C05_F03,diagnosed_LIFT_OBJECT_unanticipated__RQ2_R_H01_C05_F03,3,Cobot Industrial — Incremental Heavy Part Transfer,heavy_lift(),0.6507936507936508,False
R_H01_C05_F03,diagnosed_LIFT_OBJECT_unanticipated__RQ2_R_H01_C05_F03,4,Lightweight Arm Lift — Height Verification Only,extend_lift_phase(),0.5136569872958258,False
R_H01_C05_F03,diagnosed_LIFT_OBJECT_unanticipated__RQ2_R_H01_C05_F03,5,Cobot Lift Failure — Grip Pressure,increase_grip_pressure(),0.5,False
R_H01_C05_F03,diagnosed_LIFT_OBJECT_unanticipated__RQ2_R_H01_C05_F03,6,Heavy Duty Arm — Motor Overload During Lift,reduce_lift_speed(),0.5,False
R_H01_C05_F03,diagnosed_LIFT_OBJECT_unanticipated__RQ2_R_H01_C05_F03,7,Suction Arm Lift — Vacuum Loss,emergency_vacuum_pump(),0.3333333333333333,False
R_H01_C05_F04,diagnosed_LIFT_OBJECT_unanticipated__RQ2_R_H01_C05_F04,1,Lift Slip — Low Friction Surface,apply_vacuum_assist(),0.8354933333333333,True
R_H01_C05_F04,diagnosed_LIFT_OBJECT_unanticipated__RQ2_R_H01_C05_F04,2,Parallel Arm Lift — Contact Loss,reposition_and_regrip(),0.6789583908045977,False
R_H01_C05_F04,diagnosed_LIFT_OBJECT_unanticipated__RQ2_R_H01_C05_F04,3,Cobot Industrial — Incremental Heavy Part Transfer,heavy_lift(),0.6507936507936508,False
R_H01_C05_F04,diagnosed_LIFT_OBJECT_unanticipated__RQ2_R_H01_C05_F04,4,Lightweight Arm Lift — Height Verification Only,extend_lift_phase(),0.5136569872958258,False
R_H01_C05_F04,diagnosed_LIFT_OBJECT_unanticipated__RQ2_R_H01_C05_F04,5,Cobot Lift Failure — Grip Pressure,increase_grip_pressure(),0.5,False
R_H01_C05_F04,diagnosed_LIFT_OBJECT_unanticipated__RQ2_R_H01_C05_F04,6,Heavy Duty Arm — Motor Overload During Lift,reduce_lift_speed(),0.5,False
R_H01_C05_F04,diagnosed_LIFT_OBJECT_unanticipated__RQ2_R_H01_C05_F04,7,Suction Arm Lift — Vacuum Loss,emergency_vacuum_pump(),0.3333333333333333,False
R_H01_C05_F05,diagnosed_LIFT_OBJECT_unanticipated__RQ2_R_H01_C05_F05,1,Lift Slip — Low Friction Surface,apply_vacuum_assist(),0.8549377777777778,True
R_H01_C05_F05,diagnosed_LIFT_OBJECT_unanticipated__RQ2_R_H01_C05_F05,2,Parallel Arm Lift — Contact Loss,reposition_and_regrip(),0.6789583908045977,False
R_H01_C05_F05,diagnosed_LIFT_OBJECT_unanticipated__RQ2_R_H01_C05_F05,3,Cobot Industrial — Incremental Heavy Part Transfer,heavy_lift(),0.6507936507936508,False
R_H01_C05_F05,diagnosed_LIFT_OBJECT_unanticipated__RQ2_R_H01_C05_F05,4,Lightweight Arm Lift — Height Verification Only,extend_lift_phase(),0.5136569872958258,False
R_H01_C05_F05,diagnosed_LIFT_OBJECT_unanticipated__RQ2_R_H01_C05_F05,5,Cobot Lift Failure — Grip Pressure,increase_grip_pressure(),0.5,False
R_H01_C05_F05,diagnosed_LIFT_OBJECT_unanticipated__RQ2_R_H01_C05_F05,6,Heavy Duty Arm — Motor Overload During Lift,reduce_lift_speed(),0.5,False
R_H01_C05_F05,diagnosed_LIFT_OBJECT_unanticipated__RQ2_R_H01_C05_F05,7,Suction Arm Lift — Vacuum Loss,emergency_vacuum_pump(),0.3333333333333333,False
R_H01_C05_F06,diagnosed_LIFT_OBJECT_unanticipated__RQ2_R_H01_C05_F06,1,Lift Slip — Low Friction Surface,apply_vacuum_assist(),0.8327155555555557,True
R_H01_C05_F06,diagnosed_LIFT_OBJECT_unanticipated__RQ2_R_H01_C05_F06,2,Parallel Arm Lift — Contact Loss,reposition_and_regrip(),0.6789583908045977,False
R_H01_C05_F06,diagnosed_LIFT_OBJECT_unanticipated__RQ2_R_H01_C05_F06,3,Cobot Industrial — Incremental Heavy Part Transfer,heavy_lift(),0.6507936507936508,False
R_H01_C05_F06,diagnosed_LIFT_OBJECT_unanticipated__RQ2_R_H01_C05_F06,4,Lightweight Arm Lift — Height Verification Only,extend_lift_phase(),0.5136569872958258,False
R_H01_C05_F06,diagnosed_LIFT_OBJECT_unanticipated__RQ2_R_H01_C05_F06,5,Cobot Lift Failure — Grip Pressure,increase_grip_pressure(),0.5,False
R_H01_C05_F06,diagnosed_LIFT_OBJECT_unanticipated__RQ2_R_H01_C05_F06,6,Heavy Duty Arm — Motor Overload During Lift,reduce_lift_speed(),0.5,False
R_H01_C05_F06,diagnosed_LIFT_OBJECT_unanticipated__RQ2_R_H01_C05_F06,7,Suction Arm Lift — Vacuum Loss,emergency_vacuum_pump(),0.3333333333333333,False
R_H01_C05_F07,diagnosed_LIFT_OBJECT_unanticipated__RQ2_R_H01_C05_F07,1,Lift Slip — Low Friction Surface,apply_vacuum_assist(),0.788271111111111,True
R_H01_C05_F07,diagnosed_LIFT_OBJECT_unanticipated__RQ2_R_H01_C05_F07,2,Parallel Arm Lift — Contact Loss,reposition_and_regrip(),0.6789583908045977,False
R_H01_C05_F07,diagnosed_LIFT_OBJECT_unanticipated__RQ2_R_H01_C05_F07,3,Cobot Industrial — Incremental Heavy Part Transfer,heavy_lift(),0.6507936507936508,False
R_H01_C05_F07,diagnosed_LIFT_OBJECT_unanticipated__RQ2_R_H01_C05_F07,4,Lightweight Arm Lift — Height Verification Only,extend_lift_phase(),0.5136569872958258,False
R_H01_C05_F07,diagnosed_LIFT_OBJECT_unanticipated__RQ2_R_H01_C05_F07,5,Cobot Lift Failure — Grip Pressure,increase_grip_pressure(),0.5,False
R_H01_C05_F07,diagnosed_LIFT_OBJECT_unanticipated__RQ2_R_H01_C05_F07,6,Heavy Duty Arm — Motor Overload During Lift,reduce_lift_speed(),0.5,False
R_H01_C05_F07,diagnosed_LIFT_OBJECT_unanticipated__RQ2_R_H01_C05_F07,7,Suction Arm Lift — Vacuum Loss,emergency_vacuum_pump(),0.3333333333333333,False
R_H01_C05_F08,diagnosed_LIFT_OBJECT_unanticipated__RQ2_R_H01_C05_F08,1,Lift Slip — Low Friction Surface,apply_vacuum_assist(),0.7485488888888888,True
R_H01_C05_F08,diagnosed_LIFT_OBJECT_unanticipated__RQ2_R_H01_C05_F08,2,Parallel Arm Lift — Contact Loss,reposition_and_regrip(),0.6789583908045977,False
R_H01_C05_F08,diagnosed_LIFT_OBJECT_unanticipated__RQ2_R_H01_C05_F08,3,Cobot Industrial — Incremental Heavy Part Transfer,heavy_lift(),0.6507936507936508,False
R_H01_C05_F08,diagnosed_LIFT_OBJECT_unanticipated__RQ2_R_H01_C05_F08,4,Lightweight Arm Lift — Height Verification Only,extend_lift_phase(),0.5136569872958258,False
R_H01_C05_F08,diagnosed_LIFT_OBJECT_unanticipated__RQ2_R_H01_C05_F08,5,Cobot Lift Failure — Grip Pressure,increase_grip_pressure(),0.5,False
R_H01_C05_F08,diagnosed_LIFT_OBJECT_unanticipated__RQ2_R_H01_C05_F08,6,Heavy Duty Arm — Motor Overload During Lift,reduce_lift_speed(),0.5,False
R_H01_C05_F08,diagnosed_LIFT_OBJECT_unanticipated__RQ2_R_H01_C05_F08,7,Suction Arm Lift — Vacuum Loss,emergency_vacuum_pump(),0.3333333333333333,False
R_H01_C05_F09,diagnosed_LIFT_OBJECT_unanticipated__RQ2_R_H01_C05_F09,1,Lift Slip — Low Friction Surface,apply_vacuum_assist(),0.7438266666666666,True
R_H01_C05_F09,diagnosed_LIFT_OBJECT_unanticipated__RQ2_R_H01_C05_F09,2,Parallel Arm Lift — Contact Loss,reposition_and_regrip(),0.6789583908045977,False
R_H01_C05_F09,diagnosed_LIFT_OBJECT_unanticipated__RQ2_R_H01_C05_F09,3,Cobot Industrial — Incremental Heavy Part Transfer,heavy_lift(),0.6507936507936508,False
R_H01_C05_F09,diagnosed_LIFT_OBJECT_unanticipated__RQ2_R_H01_C05_F09,4,Lightweight Arm Lift — Height Verification Only,extend_lift_phase(),0.5136569872958258,False
R_H01_C05_F09,diagnosed_LIFT_OBJECT_unanticipated__RQ2_R_H01_C05_F09,5,Cobot Lift Failure — Grip Pressure,increase_grip_pressure(),0.5,False
R_H01_C05_F09,diagnosed_LIFT_OBJECT_unanticipated__RQ2_R_H01_C05_F09,6,Heavy Duty Arm — Motor Overload During Lift,reduce_lift_speed(),0.5,False
R_H01_C05_F09,diagnosed_LIFT_OBJECT_unanticipated__RQ2_R_H01_C05_F09,7,Suction Arm Lift — Vacuum Loss,emergency_vacuum_pump(),0.3333333333333333,False
R_H01_C05_F10,diagnosed_LIFT_OBJECT_unanticipated__RQ2_R_H01_C05_F10,1,Lift Slip — Low Friction Surface,apply_vacuum_assist(),0.7438266666666666,True
R_H01_C05_F10,diagnosed_LIFT_OBJECT_unanticipated__RQ2_R_H01_C05_F10,2,Parallel Arm Lift — Contact Loss,reposition_and_regrip(),0.6789583908045977,False
R_H01_C05_F10,diagnosed_LIFT_OBJECT_unanticipated__RQ2_R_H01_C05_F10,3,Cobot Industrial — Incremental Heavy Part Transfer,heavy_lift(),0.6507936507936508,False
R_H01_C05_F10,diagnosed_LIFT_OBJECT_unanticipated__RQ2_R_H01_C05_F10,4,Lightweight Arm Lift — Height Verification Only,extend_lift_phase(),0.5136569872958258,False
R_H01_C05_F10,diagnosed_LIFT_OBJECT_unanticipated__RQ2_R_H01_C05_F10,5,Cobot Lift Failure — Grip Pressure,increase_grip_pressure(),0.5,False
R_H01_C05_F10,diagnosed_LIFT_OBJECT_unanticipated__RQ2_R_H01_C05_F10,6,Heavy Duty Arm — Motor Overload During Lift,reduce_lift_speed(),0.5,False
R_H01_C05_F10,diagnosed_LIFT_OBJECT_unanticipated__RQ2_R_H01_C05_F10,7,Suction Arm Lift — Vacuum Loss,emergency_vacuum_pump(),0.3333333333333333,False
R_H01_C06_F01,diagnosed_LIFT_OBJECT_unanticipated__RQ2_R_H01_C06_F01,1,Lift Slip — Low Friction Surface,apply_vacuum_assist(),0.7438266666666666,True
R_H01_C06_F01,diagnosed_LIFT_OBJECT_unanticipated__RQ2_R_H01_C06_F01,2,Parallel Arm Lift — Contact Loss,reposition_and_regrip(),0.6666666666666666,False
R_H01_C06_F01,diagnosed_LIFT_OBJECT_unanticipated__RQ2_R_H01_C06_F01,3,Cobot Industrial — Incremental Heavy Part Transfer,heavy_lift(),0.6507936507936508,False
R_H01_C06_F01,diagnosed_LIFT_OBJECT_unanticipated__RQ2_R_H01_C06_F01,4,Lightweight Arm Lift — Height Verification Only,extend_lift_phase(),0.5013652631578948,False
R_H01_C06_F01,diagnosed_LIFT_OBJECT_unanticipated__RQ2_R_H01_C06_F01,5,Cobot Lift Failure — Grip Pressure,increase_grip_pressure(),0.5,False
R_H01_C06_F01,diagnosed_LIFT_OBJECT_unanticipated__RQ2_R_H01_C06_F01,6,Heavy Duty Arm — Motor Overload During Lift,reduce_lift_speed(),0.5,False
R_H01_C06_F01,diagnosed_LIFT_OBJECT_unanticipated__RQ2_R_H01_C06_F01,7,Suction Arm Lift — Vacuum Loss,emergency_vacuum_pump(),0.3333333333333333,False
R_H01_C06_F02,diagnosed_LIFT_OBJECT_unanticipated__RQ2_R_H01_C06_F02,1,Lift Slip — Low Friction Surface,apply_vacuum_assist(),0.7993822222222221,True
R_H01_C06_F02,diagnosed_LIFT_OBJECT_unanticipated__RQ2_R_H01_C06_F02,2,Parallel Arm Lift — Contact Loss,reposition_and_regrip(),0.6666666666666666,False
R_H01_C06_F02,diagnosed_LIFT_OBJECT_unanticipated__RQ2_R_H01_C06_F02,3,Cobot Industrial — Incremental Heavy Part Transfer,heavy_lift(),0.6507936507936508,False
R_H01_C06_F02,diagnosed_LIFT_OBJECT_unanticipated__RQ2_R_H01_C06_F02,4,Lightweight Arm Lift — Height Verification Only,extend_lift_phase(),0.5013652631578948,False
R_H01_C06_F02,diagnosed_LIFT_OBJECT_unanticipated__RQ2_R_H01_C06_F02,5,Cobot Lift Failure — Grip Pressure,increase_grip_pressure(),0.5,False
R_H01_C06_F02,diagnosed_LIFT_OBJECT_unanticipated__RQ2_R_H01_C06_F02,6,Heavy Duty Arm — Motor Overload During Lift,reduce_lift_speed(),0.5,False
R_H01_C06_F02,diagnosed_LIFT_OBJECT_unanticipated__RQ2_R_H01_C06_F02,7,Suction Arm Lift — Vacuum Loss,emergency_vacuum_pump(),0.3333333333333333,False
R_H01_C06_F03,diagnosed_LIFT_OBJECT_unanticipated__RQ2_R_H01_C06_F03,1,Lift Slip — Low Friction Surface,apply_vacuum_assist(),0.8035488888888889,True
R_H01_C06_F03,diagnosed_LIFT_OBJECT_unanticipated__RQ2_R_H01_C06_F03,2,Parallel Arm Lift — Contact Loss,reposition_and_regrip(),0.6666666666666666,False
R_H01_C06_F03,diagnosed_LIFT_OBJECT_unanticipated__RQ2_R_H01_C06_F03,3,Cobot Industrial — Incremental Heavy Part Transfer,heavy_lift(),0.6507936507936508,False
R_H01_C06_F03,diagnosed_LIFT_OBJECT_unanticipated__RQ2_R_H01_C06_F03,4,Lightweight Arm Lift — Height Verification Only,extend_lift_phase(),0.5013652631578948,False
R_H01_C06_F03,diagnosed_LIFT_OBJECT_unanticipated__RQ2_R_H01_C06_F03,5,Cobot Lift Failure — Grip Pressure,increase_grip_pressure(),0.5,False
R_H01_C06_F03,diagnosed_LIFT_OBJECT_unanticipated__RQ2_R_H01_C06_F03,6,Heavy Duty Arm — Motor Overload During Lift,reduce_lift_speed(),0.5,False
R_H01_C06_F03,diagnosed_LIFT_OBJECT_unanticipated__RQ2_R_H01_C06_F03,7,Suction Arm Lift — Vacuum Loss,emergency_vacuum_pump(),0.3333333333333333,False
R_H01_C06_F04,diagnosed_LIFT_OBJECT_unanticipated__RQ2_R_H01_C06_F04,1,Lift Slip — Low Friction Surface,apply_vacuum_assist(),0.8077155555555556,True
R_H01_C06_F04,diagnosed_LIFT_OBJECT_unanticipated__RQ2_R_H01_C06_F04,2,Parallel Arm Lift — Contact Loss,reposition_and_regrip(),0.6666666666666666,False
R_H01_C06_F04,diagnosed_LIFT_OBJECT_unanticipated__RQ2_R_H01_C06_F04,3,Cobot Industrial — Incremental Heavy Part Transfer,heavy_lift(),0.6507936507936508,False
R_H01_C06_F04,diagnosed_LIFT_OBJECT_unanticipated__RQ2_R_H01_C06_F04,4,Lightweight Arm Lift — Height Verification Only,extend_lift_phase(),0.5013652631578948,False
R_H01_C06_F04,diagnosed_LIFT_OBJECT_unanticipated__RQ2_R_H01_C06_F04,5,Cobot Lift Failure — Grip Pressure,increase_grip_pressure(),0.5,False
R_H01_C06_F04,diagnosed_LIFT_OBJECT_unanticipated__RQ2_R_H01_C06_F04,6,Heavy Duty Arm — Motor Overload During Lift,reduce_lift_speed(),0.5,False
R_H01_C06_F04,diagnosed_LIFT_OBJECT_unanticipated__RQ2_R_H01_C06_F04,7,Suction Arm Lift — Vacuum Loss,emergency_vacuum_pump(),0.3333333333333333,False
R_H01_C06_F05,diagnosed_LIFT_OBJECT_unanticipated__RQ2_R_H01_C06_F05,1,Lift Slip — Low Friction Surface,apply_vacuum_assist(),0.82716,True
R_H01_C06_F05,diagnosed_LIFT_OBJECT_unanticipated__RQ2_R_H01_C06_F05,2,Parallel Arm Lift — Contact Loss,reposition_and_regrip(),0.6666666666666666,False
R_H01_C06_F05,diagnosed_LIFT_OBJECT_unanticipated__RQ2_R_H01_C06_F05,3,Cobot Industrial — Incremental Heavy Part Transfer,heavy_lift(),0.6507936507936508,False
R_H01_C06_F05,diagnosed_LIFT_OBJECT_unanticipated__RQ2_R_H01_C06_F05,4,Lightweight Arm Lift — Height Verification Only,extend_lift_phase(),0.5013652631578948,False
R_H01_C06_F05,diagnosed_LIFT_OBJECT_unanticipated__RQ2_R_H01_C06_F05,5,Cobot Lift Failure — Grip Pressure,increase_grip_pressure(),0.5,False
R_H01_C06_F05,diagnosed_LIFT_OBJECT_unanticipated__RQ2_R_H01_C06_F05,6,Heavy Duty Arm — Motor Overload During Lift,reduce_lift_speed(),0.5,False
R_H01_C06_F05,diagnosed_LIFT_OBJECT_unanticipated__RQ2_R_H01_C06_F05,7,Suction Arm Lift — Vacuum Loss,emergency_vacuum_pump(),0.3333333333333333,False
R_H01_C06_F06,diagnosed_LIFT_OBJECT_unanticipated__RQ2_R_H01_C06_F06,1,Lift Slip — Low Friction Surface,apply_vacuum_assist(),0.8049377777777776,True
R_H01_C06_F06,diagnosed_LIFT_OBJECT_unanticipated__RQ2_R_H01_C06_F06,2,Parallel Arm Lift — Contact Loss,reposition_and_regrip(),0.6666666666666666,False
R_H01_C06_F06,diagnosed_LIFT_OBJECT_unanticipated__RQ2_R_H01_C06_F06,3,Cobot Industrial — Incremental Heavy Part Transfer,heavy_lift(),0.6507936507936508,False
R_H01_C06_F06,diagnosed_LIFT_OBJECT_unanticipated__RQ2_R_H01_C06_F06,4,Lightweight Arm Lift — Height Verification Only,extend_lift_phase(),0.5013652631578948,False
R_H01_C06_F06,diagnosed_LIFT_OBJECT_unanticipated__RQ2_R_H01_C06_F06,5,Cobot Lift Failure — Grip Pressure,increase_grip_pressure(),0.5,False
R_H01_C06_F06,diagnosed_LIFT_OBJECT_unanticipated__RQ2_R_H01_C06_F06,6,Heavy Duty Arm — Motor Overload During Lift,reduce_lift_speed(),0.5,False
R_H01_C06_F06,diagnosed_LIFT_OBJECT_unanticipated__RQ2_R_H01_C06_F06,7,Suction Arm Lift — Vacuum Loss,emergency_vacuum_pump(),0.3333333333333333,False
R_H01_C06_F07,diagnosed_LIFT_OBJECT_unanticipated__RQ2_R_H01_C06_F07,1,Lift Slip — Low Friction Surface,apply_vacuum_assist(),0.7604933333333334,True
R_H01_C06_F07,diagnosed_LIFT_OBJECT_unanticipated__RQ2_R_H01_C06_F07,2,Parallel Arm Lift — Contact Loss,reposition_and_regrip(),0.6666666666666666,False
R_H01_C06_F07,diagnosed_LIFT_OBJECT_unanticipated__RQ2_R_H01_C06_F07,3,Cobot Industrial — Incremental Heavy Part Transfer,heavy_lift(),0.6507936507936508,False
R_H01_C06_F07,diagnosed_LIFT_OBJECT_unanticipated__RQ2_R_H01_C06_F07,4,Lightweight Arm Lift — Height Verification Only,extend_lift_phase(),0.5013652631578948,False
R_H01_C06_F07,diagnosed_LIFT_OBJECT_unanticipated__RQ2_R_H01_C06_F07,5,Cobot Lift Failure — Grip Pressure,increase_grip_pressure(),0.5,False
R_H01_C06_F07,diagnosed_LIFT_OBJECT_unanticipated__RQ2_R_H01_C06_F07,6,Heavy Duty Arm — Motor Overload During Lift,reduce_lift_speed(),0.5,False
R_H01_C06_F07,diagnosed_LIFT_OBJECT_unanticipated__RQ2_R_H01_C06_F07,7,Suction Arm Lift — Vacuum Loss,emergency_vacuum_pump(),0.3333333333333333,False
R_H01_C06_F08,diagnosed_LIFT_OBJECT_unanticipated__RQ2_R_H01_C06_F08,1,Lift Slip — Low Friction Surface,apply_vacuum_assist(),0.7207711111111111,True
R_H01_C06_F08,diagnosed_LIFT_OBJECT_unanticipated__RQ2_R_H01_C06_F08,2,Parallel Arm Lift — Contact Loss,reposition_and_regrip(),0.6666666666666666,False
R_H01_C06_F08,diagnosed_LIFT_OBJECT_unanticipated__RQ2_R_H01_C06_F08,3,Cobot Industrial — Incremental Heavy Part Transfer,heavy_lift(),0.6507936507936508,False
R_H01_C06_F08,diagnosed_LIFT_OBJECT_unanticipated__RQ2_R_H01_C06_F08,4,Lightweight Arm Lift — Height Verification Only,extend_lift_phase(),0.5013652631578948,False
R_H01_C06_F08,diagnosed_LIFT_OBJECT_unanticipated__RQ2_R_H01_C06_F08,5,Cobot Lift Failure — Grip Pressure,increase_grip_pressure(),0.5,False
R_H01_C06_F08,diagnosed_LIFT_OBJECT_unanticipated__RQ2_R_H01_C06_F08,6,Heavy Duty Arm — Motor Overload During Lift,reduce_lift_speed(),0.5,False
R_H01_C06_F08,diagnosed_LIFT_OBJECT_unanticipated__RQ2_R_H01_C06_F08,7,Suction Arm Lift — Vacuum Loss,emergency_vacuum_pump(),0.3333333333333333,False
R_H01_C06_F09,diagnosed_LIFT_OBJECT_unanticipated__RQ2_R_H01_C06_F09,1,Lift Slip — Low Friction Surface,apply_vacuum_assist(),0.7160488888888888,True
R_H01_C06_F09,diagnosed_LIFT_OBJECT_unanticipated__RQ2_R_H01_C06_F09,2,Parallel Arm Lift — Contact Loss,reposition_and_regrip(),0.6666666666666666,False
R_H01_C06_F09,diagnosed_LIFT_OBJECT_unanticipated__RQ2_R_H01_C06_F09,3,Cobot Industrial — Incremental Heavy Part Transfer,heavy_lift(),0.6507936507936508,False
R_H01_C06_F09,diagnosed_LIFT_OBJECT_unanticipated__RQ2_R_H01_C06_F09,4,Lightweight Arm Lift — Height Verification Only,extend_lift_phase(),0.5013652631578948,False
R_H01_C06_F09,diagnosed_LIFT_OBJECT_unanticipated__RQ2_R_H01_C06_F09,5,Cobot Lift Failure — Grip Pressure,increase_grip_pressure(),0.5,False
R_H01_C06_F09,diagnosed_LIFT_OBJECT_unanticipated__RQ2_R_H01_C06_F09,6,Heavy Duty Arm — Motor Overload During Lift,reduce_lift_speed(),0.5,False
R_H01_C06_F09,diagnosed_LIFT_OBJECT_unanticipated__RQ2_R_H01_C06_F09,7,Suction Arm Lift — Vacuum Loss,emergency_vacuum_pump(),0.3333333333333333,False
R_H01_C06_F10,diagnosed_LIFT_OBJECT_unanticipated__RQ2_R_H01_C06_F10,1,Lift Slip — Low Friction Surface,apply_vacuum_assist(),0.7160488888888888,True
R_H01_C06_F10,diagnosed_LIFT_OBJECT_unanticipated__RQ2_R_H01_C06_F10,2,Parallel Arm Lift — Contact Loss,reposition_and_regrip(),0.6666666666666666,False
R_H01_C06_F10,diagnosed_LIFT_OBJECT_unanticipated__RQ2_R_H01_C06_F10,3,Cobot Industrial — Incremental Heavy Part Transfer,heavy_lift(),0.6507936507936508,False
R_H01_C06_F10,diagnosed_LIFT_OBJECT_unanticipated__RQ2_R_H01_C06_F10,4,Lightweight Arm Lift — Height Verification Only,extend_lift_phase(),0.5013652631578948,False
R_H01_C06_F10,diagnosed_LIFT_OBJECT_unanticipated__RQ2_R_H01_C06_F10,5,Cobot Lift Failure — Grip Pressure,increase_grip_pressure(),0.5,False
R_H01_C06_F10,diagnosed_LIFT_OBJECT_unanticipated__RQ2_R_H01_C06_F10,6,Heavy Duty Arm — Motor Overload During Lift,reduce_lift_speed(),0.5,False
R_H01_C06_F10,diagnosed_LIFT_OBJECT_unanticipated__RQ2_R_H01_C06_F10,7,Suction Arm Lift — Vacuum Loss,emergency_vacuum_pump(),0.3333333333333333,False
R_H01_C07_F01,diagnosed_LIFT_OBJECT_unanticipated__RQ2_R_H01_C07_F01,1,Lift Slip — Low Friction Surface,apply_vacuum_assist(),0.7438266666666666,True
R_H01_C07_F01,diagnosed_LIFT_OBJECT_unanticipated__RQ2_R_H01_C07_F01,2,Parallel Arm Lift — Contact Loss,reposition_and_regrip(),0.6666666666666666,False
R_H01_C07_F01,diagnosed_LIFT_OBJECT_unanticipated__RQ2_R_H01_C07_F01,3,Cobot Industrial — Incremental Heavy Part Transfer,heavy_lift(),0.6507936507936508,False
R_H01_C07_F01,diagnosed_LIFT_OBJECT_unanticipated__RQ2_R_H01_C07_F01,4,Lightweight Arm Lift — Height Verification Only,extend_lift_phase(),0.5013652631578948,False
R_H01_C07_F01,diagnosed_LIFT_OBJECT_unanticipated__RQ2_R_H01_C07_F01,5,Cobot Lift Failure — Grip Pressure,increase_grip_pressure(),0.5,False
R_H01_C07_F01,diagnosed_LIFT_OBJECT_unanticipated__RQ2_R_H01_C07_F01,6,Heavy Duty Arm — Motor Overload During Lift,reduce_lift_speed(),0.5,False
R_H01_C07_F01,diagnosed_LIFT_OBJECT_unanticipated__RQ2_R_H01_C07_F01,7,Suction Arm Lift — Vacuum Loss,emergency_vacuum_pump(),0.3333333333333333,False
R_H01_C07_F02,diagnosed_LIFT_OBJECT_unanticipated__RQ2_R_H01_C07_F02,1,Lift Slip — Low Friction Surface,apply_vacuum_assist(),0.7993822222222221,True
R_H01_C07_F02,diagnosed_LIFT_OBJECT_unanticipated__RQ2_R_H01_C07_F02,2,Parallel Arm Lift — Contact Loss,reposition_and_regrip(),0.6666666666666666,False
R_H01_C07_F02,diagnosed_LIFT_OBJECT_unanticipated__RQ2_R_H01_C07_F02,3,Cobot Industrial — Incremental Heavy Part Transfer,heavy_lift(),0.6507936507936508,False
R_H01_C07_F02,diagnosed_LIFT_OBJECT_unanticipated__RQ2_R_H01_C07_F02,4,Lightweight Arm Lift — Height Verification Only,extend_lift_phase(),0.5013652631578948,False
R_H01_C07_F02,diagnosed_LIFT_OBJECT_unanticipated__RQ2_R_H01_C07_F02,5,Cobot Lift Failure — Grip Pressure,increase_grip_pressure(),0.5,False
R_H01_C07_F02,diagnosed_LIFT_OBJECT_unanticipated__RQ2_R_H01_C07_F02,6,Heavy Duty Arm — Motor Overload During Lift,reduce_lift_speed(),0.5,False
R_H01_C07_F02,diagnosed_LIFT_OBJECT_unanticipated__RQ2_R_H01_C07_F02,7,Suction Arm Lift — Vacuum Loss,emergency_vacuum_pump(),0.3333333333333333,False
R_H01_C07_F03,diagnosed_LIFT_OBJECT_unanticipated__RQ2_R_H01_C07_F03,1,Lift Slip — Low Friction Surface,apply_vacuum_assist(),0.8035488888888889,True
R_H01_C07_F03,diagnosed_LIFT_OBJECT_unanticipated__RQ2_R_H01_C07_F03,2,Parallel Arm Lift — Contact Loss,reposition_and_regrip(),0.6666666666666666,False
R_H01_C07_F03,diagnosed_LIFT_OBJECT_unanticipated__RQ2_R_H01_C07_F03,3,Cobot Industrial — Incremental Heavy Part Transfer,heavy_lift(),0.6507936507936508,False
R_H01_C07_F03,diagnosed_LIFT_OBJECT_unanticipated__RQ2_R_H01_C07_F03,4,Lightweight Arm Lift — Height Verification Only,extend_lift_phase(),0.5013652631578948,False
R_H01_C07_F03,diagnosed_LIFT_OBJECT_unanticipated__RQ2_R_H01_C07_F03,5,Cobot Lift Failure — Grip Pressure,increase_grip_pressure(),0.5,False
R_H01_C07_F03,diagnosed_LIFT_OBJECT_unanticipated__RQ2_R_H01_C07_F03,6,Heavy Duty Arm — Motor Overload During Lift,reduce_lift_speed(),0.5,False
R_H01_C07_F03,diagnosed_LIFT_OBJECT_unanticipated__RQ2_R_H01_C07_F03,7,Suction Arm Lift — Vacuum Loss,emergency_vacuum_pump(),0.3333333333333333,False
R_H01_C07_F04,diagnosed_LIFT_OBJECT_unanticipated__RQ2_R_H01_C07_F04,1,Lift Slip — Low Friction Surface,apply_vacuum_assist(),0.8077155555555556,True
R_H01_C07_F04,diagnosed_LIFT_OBJECT_unanticipated__RQ2_R_H01_C07_F04,2,Parallel Arm Lift — Contact Loss,reposition_and_regrip(),0.6666666666666666,False
R_H01_C07_F04,diagnosed_LIFT_OBJECT_unanticipated__RQ2_R_H01_C07_F04,3,Cobot Industrial — Incremental Heavy Part Transfer,heavy_lift(),0.6507936507936508,False
R_H01_C07_F04,diagnosed_LIFT_OBJECT_unanticipated__RQ2_R_H01_C07_F04,4,Lightweight Arm Lift — Height Verification Only,extend_lift_phase(),0.5013652631578948,False
R_H01_C07_F04,diagnosed_LIFT_OBJECT_unanticipated__RQ2_R_H01_C07_F04,5,Cobot Lift Failure — Grip Pressure,increase_grip_pressure(),0.5,False
R_H01_C07_F04,diagnosed_LIFT_OBJECT_unanticipated__RQ2_R_H01_C07_F04,6,Heavy Duty Arm — Motor Overload During Lift,reduce_lift_speed(),0.5,False
R_H01_C07_F04,diagnosed_LIFT_OBJECT_unanticipated__RQ2_R_H01_C07_F04,7,Suction Arm Lift — Vacuum Loss,emergency_vacuum_pump(),0.3333333333333333,False
R_H01_C07_F05,diagnosed_LIFT_OBJECT_unanticipated__RQ2_R_H01_C07_F05,1,Lift Slip — Low Friction Surface,apply_vacuum_assist(),0.82716,True
R_H01_C07_F05,diagnosed_LIFT_OBJECT_unanticipated__RQ2_R_H01_C07_F05,2,Parallel Arm Lift — Contact Loss,reposition_and_regrip(),0.6666666666666666,False
R_H01_C07_F05,diagnosed_LIFT_OBJECT_unanticipated__RQ2_R_H01_C07_F05,3,Cobot Industrial — Incremental Heavy Part Transfer,heavy_lift(),0.6507936507936508,False
R_H01_C07_F05,diagnosed_LIFT_OBJECT_unanticipated__RQ2_R_H01_C07_F05,4,Lightweight Arm Lift — Height Verification Only,extend_lift_phase(),0.5013652631578948,False
R_H01_C07_F05,diagnosed_LIFT_OBJECT_unanticipated__RQ2_R_H01_C07_F05,5,Cobot Lift Failure — Grip Pressure,increase_grip_pressure(),0.5,False
R_H01_C07_F05,diagnosed_LIFT_OBJECT_unanticipated__RQ2_R_H01_C07_F05,6,Heavy Duty Arm — Motor Overload During Lift,reduce_lift_speed(),0.5,False
R_H01_C07_F05,diagnosed_LIFT_OBJECT_unanticipated__RQ2_R_H01_C07_F05,7,Suction Arm Lift — Vacuum Loss,emergency_vacuum_pump(),0.3333333333333333,False
R_H01_C07_F06,diagnosed_LIFT_OBJECT_unanticipated__RQ2_R_H01_C07_F06,1,Lift Slip — Low Friction Surface,apply_vacuum_assist(),0.8049377777777776,True
R_H01_C07_F06,diagnosed_LIFT_OBJECT_unanticipated__RQ2_R_H01_C07_F06,2,Parallel Arm Lift — Contact Loss,reposition_and_regrip(),0.6666666666666666,False
R_H01_C07_F06,diagnosed_LIFT_OBJECT_unanticipated__RQ2_R_H01_C07_F06,3,Cobot Industrial — Incremental Heavy Part Transfer,heavy_lift(),0.6507936507936508,False
R_H01_C07_F06,diagnosed_LIFT_OBJECT_unanticipated__RQ2_R_H01_C07_F06,4,Lightweight Arm Lift — Height Verification Only,extend_lift_phase(),0.5013652631578948,False
R_H01_C07_F06,diagnosed_LIFT_OBJECT_unanticipated__RQ2_R_H01_C07_F06,5,Cobot Lift Failure — Grip Pressure,increase_grip_pressure(),0.5,False
R_H01_C07_F06,diagnosed_LIFT_OBJECT_unanticipated__RQ2_R_H01_C07_F06,6,Heavy Duty Arm — Motor Overload During Lift,reduce_lift_speed(),0.5,False
R_H01_C07_F06,diagnosed_LIFT_OBJECT_unanticipated__RQ2_R_H01_C07_F06,7,Suction Arm Lift — Vacuum Loss,emergency_vacuum_pump(),0.3333333333333333,False
R_H01_C07_F07,diagnosed_LIFT_OBJECT_unanticipated__RQ2_R_H01_C07_F07,1,Lift Slip — Low Friction Surface,apply_vacuum_assist(),0.7604933333333334,True
R_H01_C07_F07,diagnosed_LIFT_OBJECT_unanticipated__RQ2_R_H01_C07_F07,2,Parallel Arm Lift — Contact Loss,reposition_and_regrip(),0.6666666666666666,False
R_H01_C07_F07,diagnosed_LIFT_OBJECT_unanticipated__RQ2_R_H01_C07_F07,3,Cobot Industrial — Incremental Heavy Part Transfer,heavy_lift(),0.6507936507936508,False
R_H01_C07_F07,diagnosed_LIFT_OBJECT_unanticipated__RQ2_R_H01_C07_F07,4,Lightweight Arm Lift — Height Verification Only,extend_lift_phase(),0.5013652631578948,False
R_H01_C07_F07,diagnosed_LIFT_OBJECT_unanticipated__RQ2_R_H01_C07_F07,5,Cobot Lift Failure — Grip Pressure,increase_grip_pressure(),0.5,False
R_H01_C07_F07,diagnosed_LIFT_OBJECT_unanticipated__RQ2_R_H01_C07_F07,6,Heavy Duty Arm — Motor Overload During Lift,reduce_lift_speed(),0.5,False
R_H01_C07_F07,diagnosed_LIFT_OBJECT_unanticipated__RQ2_R_H01_C07_F07,7,Suction Arm Lift — Vacuum Loss,emergency_vacuum_pump(),0.3333333333333333,False
R_H01_C07_F08,diagnosed_LIFT_OBJECT_unanticipated__RQ2_R_H01_C07_F08,1,Lift Slip — Low Friction Surface,apply_vacuum_assist(),0.7207711111111111,True
R_H01_C07_F08,diagnosed_LIFT_OBJECT_unanticipated__RQ2_R_H01_C07_F08,2,Parallel Arm Lift — Contact Loss,reposition_and_regrip(),0.6666666666666666,False
R_H01_C07_F08,diagnosed_LIFT_OBJECT_unanticipated__RQ2_R_H01_C07_F08,3,Cobot Industrial — Incremental Heavy Part Transfer,heavy_lift(),0.6507936507936508,False
R_H01_C07_F08,diagnosed_LIFT_OBJECT_unanticipated__RQ2_R_H01_C07_F08,4,Lightweight Arm Lift — Height Verification Only,extend_lift_phase(),0.5013652631578948,False
R_H01_C07_F08,diagnosed_LIFT_OBJECT_unanticipated__RQ2_R_H01_C07_F08,5,Cobot Lift Failure — Grip Pressure,increase_grip_pressure(),0.5,False
R_H01_C07_F08,diagnosed_LIFT_OBJECT_unanticipated__RQ2_R_H01_C07_F08,6,Heavy Duty Arm — Motor Overload During Lift,reduce_lift_speed(),0.5,False
R_H01_C07_F08,diagnosed_LIFT_OBJECT_unanticipated__RQ2_R_H01_C07_F08,7,Suction Arm Lift — Vacuum Loss,emergency_vacuum_pump(),0.3333333333333333,False
R_H01_C07_F09,diagnosed_LIFT_OBJECT_unanticipated__RQ2_R_H01_C07_F09,1,Lift Slip — Low Friction Surface,apply_vacuum_assist(),0.7160488888888888,True
R_H01_C07_F09,diagnosed_LIFT_OBJECT_unanticipated__RQ2_R_H01_C07_F09,2,Parallel Arm Lift — Contact Loss,reposition_and_regrip(),0.6666666666666666,False
R_H01_C07_F09,diagnosed_LIFT_OBJECT_unanticipated__RQ2_R_H01_C07_F09,3,Cobot Industrial — Incremental Heavy Part Transfer,heavy_lift(),0.6507936507936508,False
R_H01_C07_F09,diagnosed_LIFT_OBJECT_unanticipated__RQ2_R_H01_C07_F09,4,Lightweight Arm Lift — Height Verification Only,extend_lift_phase(),0.5013652631578948,False
R_H01_C07_F09,diagnosed_LIFT_OBJECT_unanticipated__RQ2_R_H01_C07_F09,5,Cobot Lift Failure — Grip Pressure,increase_grip_pressure(),0.5,False
R_H01_C07_F09,diagnosed_LIFT_OBJECT_unanticipated__RQ2_R_H01_C07_F09,6,Heavy Duty Arm — Motor Overload During Lift,reduce_lift_speed(),0.5,False
R_H01_C07_F09,diagnosed_LIFT_OBJECT_unanticipated__RQ2_R_H01_C07_F09,7,Suction Arm Lift — Vacuum Loss,emergency_vacuum_pump(),0.3333333333333333,False
R_H01_C07_F10,diagnosed_LIFT_OBJECT_unanticipated__RQ2_R_H01_C07_F10,1,Lift Slip — Low Friction Surface,apply_vacuum_assist(),0.7160488888888888,True
R_H01_C07_F10,diagnosed_LIFT_OBJECT_unanticipated__RQ2_R_H01_C07_F10,2,Parallel Arm Lift — Contact Loss,reposition_and_regrip(),0.6666666666666666,False
R_H01_C07_F10,diagnosed_LIFT_OBJECT_unanticipated__RQ2_R_H01_C07_F10,3,Cobot Industrial — Incremental Heavy Part Transfer,heavy_lift(),0.6507936507936508,False
R_H01_C07_F10,diagnosed_LIFT_OBJECT_unanticipated__RQ2_R_H01_C07_F10,4,Lightweight Arm Lift — Height Verification Only,extend_lift_phase(),0.5013652631578948,False
R_H01_C07_F10,diagnosed_LIFT_OBJECT_unanticipated__RQ2_R_H01_C07_F10,5,Cobot Lift Failure — Grip Pressure,increase_grip_pressure(),0.5,False
R_H01_C07_F10,diagnosed_LIFT_OBJECT_unanticipated__RQ2_R_H01_C07_F10,6,Heavy Duty Arm — Motor Overload During Lift,reduce_lift_speed(),0.5,False
R_H01_C07_F10,diagnosed_LIFT_OBJECT_unanticipated__RQ2_R_H01_C07_F10,7,Suction Arm Lift — Vacuum Loss,emergency_vacuum_pump(),0.3333333333333333,False
R_H01_C08_F01,diagnosed_LIFT_OBJECT_unanticipated__RQ2_R_H01_C08_F01,1,Lift Slip — Low Friction Surface,apply_vacuum_assist(),0.7438266666666666,True
R_H01_C08_F01,diagnosed_LIFT_OBJECT_unanticipated__RQ2_R_H01_C08_F01,2,Parallel Arm Lift — Contact Loss,reposition_and_regrip(),0.6666666666666666,False
R_H01_C08_F01,diagnosed_LIFT_OBJECT_unanticipated__RQ2_R_H01_C08_F01,3,Cobot Industrial — Incremental Heavy Part Transfer,heavy_lift(),0.6507936507936508,False
R_H01_C08_F01,diagnosed_LIFT_OBJECT_unanticipated__RQ2_R_H01_C08_F01,4,Lightweight Arm Lift — Height Verification Only,extend_lift_phase(),0.5013652631578948,False
R_H01_C08_F01,diagnosed_LIFT_OBJECT_unanticipated__RQ2_R_H01_C08_F01,5,Cobot Lift Failure — Grip Pressure,increase_grip_pressure(),0.5,False
R_H01_C08_F01,diagnosed_LIFT_OBJECT_unanticipated__RQ2_R_H01_C08_F01,6,Heavy Duty Arm — Motor Overload During Lift,reduce_lift_speed(),0.5,False
R_H01_C08_F01,diagnosed_LIFT_OBJECT_unanticipated__RQ2_R_H01_C08_F01,7,Suction Arm Lift — Vacuum Loss,emergency_vacuum_pump(),0.3333333333333333,False
R_H01_C08_F02,diagnosed_LIFT_OBJECT_unanticipated__RQ2_R_H01_C08_F02,1,Lift Slip — Low Friction Surface,apply_vacuum_assist(),0.7993822222222221,True
R_H01_C08_F02,diagnosed_LIFT_OBJECT_unanticipated__RQ2_R_H01_C08_F02,2,Parallel Arm Lift — Contact Loss,reposition_and_regrip(),0.6666666666666666,False
R_H01_C08_F02,diagnosed_LIFT_OBJECT_unanticipated__RQ2_R_H01_C08_F02,3,Cobot Industrial — Incremental Heavy Part Transfer,heavy_lift(),0.6507936507936508,False
R_H01_C08_F02,diagnosed_LIFT_OBJECT_unanticipated__RQ2_R_H01_C08_F02,4,Lightweight Arm Lift — Height Verification Only,extend_lift_phase(),0.5013652631578948,False
R_H01_C08_F02,diagnosed_LIFT_OBJECT_unanticipated__RQ2_R_H01_C08_F02,5,Cobot Lift Failure — Grip Pressure,increase_grip_pressure(),0.5,False
R_H01_C08_F02,diagnosed_LIFT_OBJECT_unanticipated__RQ2_R_H01_C08_F02,6,Heavy Duty Arm — Motor Overload During Lift,reduce_lift_speed(),0.5,False
R_H01_C08_F02,diagnosed_LIFT_OBJECT_unanticipated__RQ2_R_H01_C08_F02,7,Suction Arm Lift — Vacuum Loss,emergency_vacuum_pump(),0.3333333333333333,False
R_H01_C08_F03,diagnosed_LIFT_OBJECT_unanticipated__RQ2_R_H01_C08_F03,1,Lift Slip — Low Friction Surface,apply_vacuum_assist(),0.8035488888888889,True
R_H01_C08_F03,diagnosed_LIFT_OBJECT_unanticipated__RQ2_R_H01_C08_F03,2,Parallel Arm Lift — Contact Loss,reposition_and_regrip(),0.6666666666666666,False
R_H01_C08_F03,diagnosed_LIFT_OBJECT_unanticipated__RQ2_R_H01_C08_F03,3,Cobot Industrial — Incremental Heavy Part Transfer,heavy_lift(),0.6507936507936508,False
R_H01_C08_F03,diagnosed_LIFT_OBJECT_unanticipated__RQ2_R_H01_C08_F03,4,Lightweight Arm Lift — Height Verification Only,extend_lift_phase(),0.5013652631578948,False
R_H01_C08_F03,diagnosed_LIFT_OBJECT_unanticipated__RQ2_R_H01_C08_F03,5,Cobot Lift Failure — Grip Pressure,increase_grip_pressure(),0.5,False
R_H01_C08_F03,diagnosed_LIFT_OBJECT_unanticipated__RQ2_R_H01_C08_F03,6,Heavy Duty Arm — Motor Overload During Lift,reduce_lift_speed(),0.5,False
R_H01_C08_F03,diagnosed_LIFT_OBJECT_unanticipated__RQ2_R_H01_C08_F03,7,Suction Arm Lift — Vacuum Loss,emergency_vacuum_pump(),0.3333333333333333,False
R_H01_C08_F04,diagnosed_LIFT_OBJECT_unanticipated__RQ2_R_H01_C08_F04,1,Lift Slip — Low Friction Surface,apply_vacuum_assist(),0.8077155555555556,True
R_H01_C08_F04,diagnosed_LIFT_OBJECT_unanticipated__RQ2_R_H01_C08_F04,2,Parallel Arm Lift — Contact Loss,reposition_and_regrip(),0.6666666666666666,False
R_H01_C08_F04,diagnosed_LIFT_OBJECT_unanticipated__RQ2_R_H01_C08_F04,3,Cobot Industrial — Incremental Heavy Part Transfer,heavy_lift(),0.6507936507936508,False
R_H01_C08_F04,diagnosed_LIFT_OBJECT_unanticipated__RQ2_R_H01_C08_F04,4,Lightweight Arm Lift — Height Verification Only,extend_lift_phase(),0.5013652631578948,False
R_H01_C08_F04,diagnosed_LIFT_OBJECT_unanticipated__RQ2_R_H01_C08_F04,5,Cobot Lift Failure — Grip Pressure,increase_grip_pressure(),0.5,False
R_H01_C08_F04,diagnosed_LIFT_OBJECT_unanticipated__RQ2_R_H01_C08_F04,6,Heavy Duty Arm — Motor Overload During Lift,reduce_lift_speed(),0.5,False
R_H01_C08_F04,diagnosed_LIFT_OBJECT_unanticipated__RQ2_R_H01_C08_F04,7,Suction Arm Lift — Vacuum Loss,emergency_vacuum_pump(),0.3333333333333333,False
R_H01_C08_F05,diagnosed_LIFT_OBJECT_unanticipated__RQ2_R_H01_C08_F05,1,Lift Slip — Low Friction Surface,apply_vacuum_assist(),0.82716,True
R_H01_C08_F05,diagnosed_LIFT_OBJECT_unanticipated__RQ2_R_H01_C08_F05,2,Parallel Arm Lift — Contact Loss,reposition_and_regrip(),0.6666666666666666,False
R_H01_C08_F05,diagnosed_LIFT_OBJECT_unanticipated__RQ2_R_H01_C08_F05,3,Cobot Industrial — Incremental Heavy Part Transfer,heavy_lift(),0.6507936507936508,False
R_H01_C08_F05,diagnosed_LIFT_OBJECT_unanticipated__RQ2_R_H01_C08_F05,4,Lightweight Arm Lift — Height Verification Only,extend_lift_phase(),0.5013652631578948,False
R_H01_C08_F05,diagnosed_LIFT_OBJECT_unanticipated__RQ2_R_H01_C08_F05,5,Cobot Lift Failure — Grip Pressure,increase_grip_pressure(),0.5,False
R_H01_C08_F05,diagnosed_LIFT_OBJECT_unanticipated__RQ2_R_H01_C08_F05,6,Heavy Duty Arm — Motor Overload During Lift,reduce_lift_speed(),0.5,False
R_H01_C08_F05,diagnosed_LIFT_OBJECT_unanticipated__RQ2_R_H01_C08_F05,7,Suction Arm Lift — Vacuum Loss,emergency_vacuum_pump(),0.3333333333333333,False
R_H01_C08_F06,diagnosed_LIFT_OBJECT_unanticipated__RQ2_R_H01_C08_F06,1,Lift Slip — Low Friction Surface,apply_vacuum_assist(),0.8049377777777776,True
R_H01_C08_F06,diagnosed_LIFT_OBJECT_unanticipated__RQ2_R_H01_C08_F06,2,Parallel Arm Lift — Contact Loss,reposition_and_regrip(),0.6666666666666666,False
R_H01_C08_F06,diagnosed_LIFT_OBJECT_unanticipated__RQ2_R_H01_C08_F06,3,Cobot Industrial — Incremental Heavy Part Transfer,heavy_lift(),0.6507936507936508,False
R_H01_C08_F06,diagnosed_LIFT_OBJECT_unanticipated__RQ2_R_H01_C08_F06,4,Lightweight Arm Lift — Height Verification Only,extend_lift_phase(),0.5013652631578948,False
R_H01_C08_F06,diagnosed_LIFT_OBJECT_unanticipated__RQ2_R_H01_C08_F06,5,Cobot Lift Failure — Grip Pressure,increase_grip_pressure(),0.5,False
R_H01_C08_F06,diagnosed_LIFT_OBJECT_unanticipated__RQ2_R_H01_C08_F06,6,Heavy Duty Arm — Motor Overload During Lift,reduce_lift_speed(),0.5,False
R_H01_C08_F06,diagnosed_LIFT_OBJECT_unanticipated__RQ2_R_H01_C08_F06,7,Suction Arm Lift — Vacuum Loss,emergency_vacuum_pump(),0.3333333333333333,False
R_H01_C08_F07,diagnosed_LIFT_OBJECT_unanticipated__RQ2_R_H01_C08_F07,1,Lift Slip — Low Friction Surface,apply_vacuum_assist(),0.7604933333333334,True
R_H01_C08_F07,diagnosed_LIFT_OBJECT_unanticipated__RQ2_R_H01_C08_F07,2,Parallel Arm Lift — Contact Loss,reposition_and_regrip(),0.6666666666666666,False
R_H01_C08_F07,diagnosed_LIFT_OBJECT_unanticipated__RQ2_R_H01_C08_F07,3,Cobot Industrial — Incremental Heavy Part Transfer,heavy_lift(),0.6507936507936508,False
R_H01_C08_F07,diagnosed_LIFT_OBJECT_unanticipated__RQ2_R_H01_C08_F07,4,Lightweight Arm Lift — Height Verification Only,extend_lift_phase(),0.5013652631578948,False
R_H01_C08_F07,diagnosed_LIFT_OBJECT_unanticipated__RQ2_R_H01_C08_F07,5,Cobot Lift Failure — Grip Pressure,increase_grip_pressure(),0.5,False
R_H01_C08_F07,diagnosed_LIFT_OBJECT_unanticipated__RQ2_R_H01_C08_F07,6,Heavy Duty Arm — Motor Overload During Lift,reduce_lift_speed(),0.5,False
R_H01_C08_F07,diagnosed_LIFT_OBJECT_unanticipated__RQ2_R_H01_C08_F07,7,Suction Arm Lift — Vacuum Loss,emergency_vacuum_pump(),0.3333333333333333,False
R_H01_C08_F08,diagnosed_LIFT_OBJECT_unanticipated__RQ2_R_H01_C08_F08,1,Lift Slip — Low Friction Surface,apply_vacuum_assist(),0.7207711111111111,True
R_H01_C08_F08,diagnosed_LIFT_OBJECT_unanticipated__RQ2_R_H01_C08_F08,2,Parallel Arm Lift — Contact Loss,reposition_and_regrip(),0.6666666666666666,False
R_H01_C08_F08,diagnosed_LIFT_OBJECT_unanticipated__RQ2_R_H01_C08_F08,3,Cobot Industrial — Incremental Heavy Part Transfer,heavy_lift(),0.6507936507936508,False
R_H01_C08_F08,diagnosed_LIFT_OBJECT_unanticipated__RQ2_R_H01_C08_F08,4,Lightweight Arm Lift — Height Verification Only,extend_lift_phase(),0.5013652631578948,False
R_H01_C08_F08,diagnosed_LIFT_OBJECT_unanticipated__RQ2_R_H01_C08_F08,5,Cobot Lift Failure — Grip Pressure,increase_grip_pressure(),0.5,False
R_H01_C08_F08,diagnosed_LIFT_OBJECT_unanticipated__RQ2_R_H01_C08_F08,6,Heavy Duty Arm — Motor Overload During Lift,reduce_lift_speed(),0.5,False
R_H01_C08_F08,diagnosed_LIFT_OBJECT_unanticipated__RQ2_R_H01_C08_F08,7,Suction Arm Lift — Vacuum Loss,emergency_vacuum_pump(),0.3333333333333333,False
R_H01_C08_F09,diagnosed_LIFT_OBJECT_unanticipated__RQ2_R_H01_C08_F09,1,Lift Slip — Low Friction Surface,apply_vacuum_assist(),0.7160488888888888,True
R_H01_C08_F09,diagnosed_LIFT_OBJECT_unanticipated__RQ2_R_H01_C08_F09,2,Parallel Arm Lift — Contact Loss,reposition_and_regrip(),0.6666666666666666,False
R_H01_C08_F09,diagnosed_LIFT_OBJECT_unanticipated__RQ2_R_H01_C08_F09,3,Cobot Industrial — Incremental Heavy Part Transfer,heavy_lift(),0.6507936507936508,False
R_H01_C08_F09,diagnosed_LIFT_OBJECT_unanticipated__RQ2_R_H01_C08_F09,4,Lightweight Arm Lift — Height Verification Only,extend_lift_phase(),0.5013652631578948,False
R_H01_C08_F09,diagnosed_LIFT_OBJECT_unanticipated__RQ2_R_H01_C08_F09,5,Cobot Lift Failure — Grip Pressure,increase_grip_pressure(),0.5,False
R_H01_C08_F09,diagnosed_LIFT_OBJECT_unanticipated__RQ2_R_H01_C08_F09,6,Heavy Duty Arm — Motor Overload During Lift,reduce_lift_speed(),0.5,False
R_H01_C08_F09,diagnosed_LIFT_OBJECT_unanticipated__RQ2_R_H01_C08_F09,7,Suction Arm Lift — Vacuum Loss,emergency_vacuum_pump(),0.3333333333333333,False
R_H01_C08_F10,diagnosed_LIFT_OBJECT_unanticipated__RQ2_R_H01_C08_F10,1,Lift Slip — Low Friction Surface,apply_vacuum_assist(),0.7160488888888888,True
R_H01_C08_F10,diagnosed_LIFT_OBJECT_unanticipated__RQ2_R_H01_C08_F10,2,Parallel Arm Lift — Contact Loss,reposition_and_regrip(),0.6666666666666666,False
R_H01_C08_F10,diagnosed_LIFT_OBJECT_unanticipated__RQ2_R_H01_C08_F10,3,Cobot Industrial — Incremental Heavy Part Transfer,heavy_lift(),0.6507936507936508,False
R_H01_C08_F10,diagnosed_LIFT_OBJECT_unanticipated__RQ2_R_H01_C08_F10,4,Lightweight Arm Lift — Height Verification Only,extend_lift_phase(),0.5013652631578948,False
R_H01_C08_F10,diagnosed_LIFT_OBJECT_unanticipated__RQ2_R_H01_C08_F10,5,Cobot Lift Failure — Grip Pressure,increase_grip_pressure(),0.5,False
R_H01_C08_F10,diagnosed_LIFT_OBJECT_unanticipated__RQ2_R_H01_C08_F10,6,Heavy Duty Arm — Motor Overload During Lift,reduce_lift_speed(),0.5,False
R_H01_C08_F10,diagnosed_LIFT_OBJECT_unanticipated__RQ2_R_H01_C08_F10,7,Suction Arm Lift — Vacuum Loss,emergency_vacuum_pump(),0.3333333333333333,False
R_H01_C09_F01,diagnosed_LIFT_OBJECT_unanticipated__RQ2_R_H01_C09_F01,1,Lift Slip — Low Friction Surface,apply_vacuum_assist(),0.7438266666666666,True
R_H01_C09_F01,diagnosed_LIFT_OBJECT_unanticipated__RQ2_R_H01_C09_F01,2,Parallel Arm Lift — Contact Loss,reposition_and_regrip(),0.6666666666666666,False
R_H01_C09_F01,diagnosed_LIFT_OBJECT_unanticipated__RQ2_R_H01_C09_F01,3,Cobot Industrial — Incremental Heavy Part Transfer,heavy_lift(),0.6507936507936508,False
R_H01_C09_F01,diagnosed_LIFT_OBJECT_unanticipated__RQ2_R_H01_C09_F01,4,Lightweight Arm Lift — Height Verification Only,extend_lift_phase(),0.5013652631578948,False
R_H01_C09_F01,diagnosed_LIFT_OBJECT_unanticipated__RQ2_R_H01_C09_F01,5,Cobot Lift Failure — Grip Pressure,increase_grip_pressure(),0.5,False
R_H01_C09_F01,diagnosed_LIFT_OBJECT_unanticipated__RQ2_R_H01_C09_F01,6,Heavy Duty Arm — Motor Overload During Lift,reduce_lift_speed(),0.5,False
R_H01_C09_F01,diagnosed_LIFT_OBJECT_unanticipated__RQ2_R_H01_C09_F01,7,Suction Arm Lift — Vacuum Loss,emergency_vacuum_pump(),0.3333333333333333,False
R_H01_C09_F02,diagnosed_LIFT_OBJECT_unanticipated__RQ2_R_H01_C09_F02,1,Lift Slip — Low Friction Surface,apply_vacuum_assist(),0.7993822222222221,True
R_H01_C09_F02,diagnosed_LIFT_OBJECT_unanticipated__RQ2_R_H01_C09_F02,2,Parallel Arm Lift — Contact Loss,reposition_and_regrip(),0.6666666666666666,False
R_H01_C09_F02,diagnosed_LIFT_OBJECT_unanticipated__RQ2_R_H01_C09_F02,3,Cobot Industrial — Incremental Heavy Part Transfer,heavy_lift(),0.6507936507936508,False
R_H01_C09_F02,diagnosed_LIFT_OBJECT_unanticipated__RQ2_R_H01_C09_F02,4,Lightweight Arm Lift — Height Verification Only,extend_lift_phase(),0.5013652631578948,False
R_H01_C09_F02,diagnosed_LIFT_OBJECT_unanticipated__RQ2_R_H01_C09_F02,5,Cobot Lift Failure — Grip Pressure,increase_grip_pressure(),0.5,False
R_H01_C09_F02,diagnosed_LIFT_OBJECT_unanticipated__RQ2_R_H01_C09_F02,6,Heavy Duty Arm — Motor Overload During Lift,reduce_lift_speed(),0.5,False
R_H01_C09_F02,diagnosed_LIFT_OBJECT_unanticipated__RQ2_R_H01_C09_F02,7,Suction Arm Lift — Vacuum Loss,emergency_vacuum_pump(),0.3333333333333333,False
R_H01_C09_F03,diagnosed_LIFT_OBJECT_unanticipated__RQ2_R_H01_C09_F03,1,Lift Slip — Low Friction Surface,apply_vacuum_assist(),0.8035488888888889,True
R_H01_C09_F03,diagnosed_LIFT_OBJECT_unanticipated__RQ2_R_H01_C09_F03,2,Parallel Arm Lift — Contact Loss,reposition_and_regrip(),0.6666666666666666,False
R_H01_C09_F03,diagnosed_LIFT_OBJECT_unanticipated__RQ2_R_H01_C09_F03,3,Cobot Industrial — Incremental Heavy Part Transfer,heavy_lift(),0.6507936507936508,False
R_H01_C09_F03,diagnosed_LIFT_OBJECT_unanticipated__RQ2_R_H01_C09_F03,4,Lightweight Arm Lift — Height Verification Only,extend_lift_phase(),0.5013652631578948,False
R_H01_C09_F03,diagnosed_LIFT_OBJECT_unanticipated__RQ2_R_H01_C09_F03,5,Cobot Lift Failure — Grip Pressure,increase_grip_pressure(),0.5,False
R_H01_C09_F03,diagnosed_LIFT_OBJECT_unanticipated__RQ2_R_H01_C09_F03,6,Heavy Duty Arm — Motor Overload During Lift,reduce_lift_speed(),0.5,False
R_H01_C09_F03,diagnosed_LIFT_OBJECT_unanticipated__RQ2_R_H01_C09_F03,7,Suction Arm Lift — Vacuum Loss,emergency_vacuum_pump(),0.3333333333333333,False
R_H01_C09_F04,diagnosed_LIFT_OBJECT_unanticipated__RQ2_R_H01_C09_F04,1,Lift Slip — Low Friction Surface,apply_vacuum_assist(),0.8077155555555556,True
R_H01_C09_F04,diagnosed_LIFT_OBJECT_unanticipated__RQ2_R_H01_C09_F04,2,Parallel Arm Lift — Contact Loss,reposition_and_regrip(),0.6666666666666666,False
R_H01_C09_F04,diagnosed_LIFT_OBJECT_unanticipated__RQ2_R_H01_C09_F04,3,Cobot Industrial — Incremental Heavy Part Transfer,heavy_lift(),0.6507936507936508,False
R_H01_C09_F04,diagnosed_LIFT_OBJECT_unanticipated__RQ2_R_H01_C09_F04,4,Lightweight Arm Lift — Height Verification Only,extend_lift_phase(),0.5013652631578948,False
R_H01_C09_F04,diagnosed_LIFT_OBJECT_unanticipated__RQ2_R_H01_C09_F04,5,Cobot Lift Failure — Grip Pressure,increase_grip_pressure(),0.5,False
R_H01_C09_F04,diagnosed_LIFT_OBJECT_unanticipated__RQ2_R_H01_C09_F04,6,Heavy Duty Arm — Motor Overload During Lift,reduce_lift_speed(),0.5,False
R_H01_C09_F04,diagnosed_LIFT_OBJECT_unanticipated__RQ2_R_H01_C09_F04,7,Suction Arm Lift — Vacuum Loss,emergency_vacuum_pump(),0.3333333333333333,False
R_H01_C09_F05,diagnosed_LIFT_OBJECT_unanticipated__RQ2_R_H01_C09_F05,1,Lift Slip — Low Friction Surface,apply_vacuum_assist(),0.82716,True
R_H01_C09_F05,diagnosed_LIFT_OBJECT_unanticipated__RQ2_R_H01_C09_F05,2,Parallel Arm Lift — Contact Loss,reposition_and_regrip(),0.6666666666666666,False
R_H01_C09_F05,diagnosed_LIFT_OBJECT_unanticipated__RQ2_R_H01_C09_F05,3,Cobot Industrial — Incremental Heavy Part Transfer,heavy_lift(),0.6507936507936508,False
R_H01_C09_F05,diagnosed_LIFT_OBJECT_unanticipated__RQ2_R_H01_C09_F05,4,Lightweight Arm Lift — Height Verification Only,extend_lift_phase(),0.5013652631578948,False
R_H01_C09_F05,diagnosed_LIFT_OBJECT_unanticipated__RQ2_R_H01_C09_F05,5,Cobot Lift Failure — Grip Pressure,increase_grip_pressure(),0.5,False
R_H01_C09_F05,diagnosed_LIFT_OBJECT_unanticipated__RQ2_R_H01_C09_F05,6,Heavy Duty Arm — Motor Overload During Lift,reduce_lift_speed(),0.5,False
R_H01_C09_F05,diagnosed_LIFT_OBJECT_unanticipated__RQ2_R_H01_C09_F05,7,Suction Arm Lift — Vacuum Loss,emergency_vacuum_pump(),0.3333333333333333,False
R_H01_C09_F06,diagnosed_LIFT_OBJECT_unanticipated__RQ2_R_H01_C09_F06,1,Lift Slip — Low Friction Surface,apply_vacuum_assist(),0.8049377777777776,True
R_H01_C09_F06,diagnosed_LIFT_OBJECT_unanticipated__RQ2_R_H01_C09_F06,2,Parallel Arm Lift — Contact Loss,reposition_and_regrip(),0.6666666666666666,False
R_H01_C09_F06,diagnosed_LIFT_OBJECT_unanticipated__RQ2_R_H01_C09_F06,3,Cobot Industrial — Incremental Heavy Part Transfer,heavy_lift(),0.6507936507936508,False
R_H01_C09_F06,diagnosed_LIFT_OBJECT_unanticipated__RQ2_R_H01_C09_F06,4,Lightweight Arm Lift — Height Verification Only,extend_lift_phase(),0.5013652631578948,False
R_H01_C09_F06,diagnosed_LIFT_OBJECT_unanticipated__RQ2_R_H01_C09_F06,5,Cobot Lift Failure — Grip Pressure,increase_grip_pressure(),0.5,False
R_H01_C09_F06,diagnosed_LIFT_OBJECT_unanticipated__RQ2_R_H01_C09_F06,6,Heavy Duty Arm — Motor Overload During Lift,reduce_lift_speed(),0.5,False
R_H01_C09_F06,diagnosed_LIFT_OBJECT_unanticipated__RQ2_R_H01_C09_F06,7,Suction Arm Lift — Vacuum Loss,emergency_vacuum_pump(),0.3333333333333333,False
R_H01_C09_F07,diagnosed_LIFT_OBJECT_unanticipated__RQ2_R_H01_C09_F07,1,Lift Slip — Low Friction Surface,apply_vacuum_assist(),0.7604933333333334,True
R_H01_C09_F07,diagnosed_LIFT_OBJECT_unanticipated__RQ2_R_H01_C09_F07,2,Parallel Arm Lift — Contact Loss,reposition_and_regrip(),0.6666666666666666,False
R_H01_C09_F07,diagnosed_LIFT_OBJECT_unanticipated__RQ2_R_H01_C09_F07,3,Cobot Industrial — Incremental Heavy Part Transfer,heavy_lift(),0.6507936507936508,False
R_H01_C09_F07,diagnosed_LIFT_OBJECT_unanticipated__RQ2_R_H01_C09_F07,4,Lightweight Arm Lift — Height Verification Only,extend_lift_phase(),0.5013652631578948,False
R_H01_C09_F07,diagnosed_LIFT_OBJECT_unanticipated__RQ2_R_H01_C09_F07,5,Cobot Lift Failure — Grip Pressure,increase_grip_pressure(),0.5,False
R_H01_C09_F07,diagnosed_LIFT_OBJECT_unanticipated__RQ2_R_H01_C09_F07,6,Heavy Duty Arm — Motor Overload During Lift,reduce_lift_speed(),0.5,False
R_H01_C09_F07,diagnosed_LIFT_OBJECT_unanticipated__RQ2_R_H01_C09_F07,7,Suction Arm Lift — Vacuum Loss,emergency_vacuum_pump(),0.3333333333333333,False
R_H01_C09_F08,diagnosed_LIFT_OBJECT_unanticipated__RQ2_R_H01_C09_F08,1,Lift Slip — Low Friction Surface,apply_vacuum_assist(),0.7207711111111111,True
R_H01_C09_F08,diagnosed_LIFT_OBJECT_unanticipated__RQ2_R_H01_C09_F08,2,Parallel Arm Lift — Contact Loss,reposition_and_regrip(),0.6666666666666666,False
R_H01_C09_F08,diagnosed_LIFT_OBJECT_unanticipated__RQ2_R_H01_C09_F08,3,Cobot Industrial — Incremental Heavy Part Transfer,heavy_lift(),0.6507936507936508,False
R_H01_C09_F08,diagnosed_LIFT_OBJECT_unanticipated__RQ2_R_H01_C09_F08,4,Lightweight Arm Lift — Height Verification Only,extend_lift_phase(),0.5013652631578948,False
R_H01_C09_F08,diagnosed_LIFT_OBJECT_unanticipated__RQ2_R_H01_C09_F08,5,Cobot Lift Failure — Grip Pressure,increase_grip_pressure(),0.5,False
R_H01_C09_F08,diagnosed_LIFT_OBJECT_unanticipated__RQ2_R_H01_C09_F08,6,Heavy Duty Arm — Motor Overload During Lift,reduce_lift_speed(),0.5,False
R_H01_C09_F08,diagnosed_LIFT_OBJECT_unanticipated__RQ2_R_H01_C09_F08,7,Suction Arm Lift — Vacuum Loss,emergency_vacuum_pump(),0.3333333333333333,False
R_H01_C09_F09,diagnosed_LIFT_OBJECT_unanticipated__RQ2_R_H01_C09_F09,1,Lift Slip — Low Friction Surface,apply_vacuum_assist(),0.7160488888888888,True
R_H01_C09_F09,diagnosed_LIFT_OBJECT_unanticipated__RQ2_R_H01_C09_F09,2,Parallel Arm Lift — Contact Loss,reposition_and_regrip(),0.6666666666666666,False
R_H01_C09_F09,diagnosed_LIFT_OBJECT_unanticipated__RQ2_R_H01_C09_F09,3,Cobot Industrial — Incremental Heavy Part Transfer,heavy_lift(),0.6507936507936508,False
R_H01_C09_F09,diagnosed_LIFT_OBJECT_unanticipated__RQ2_R_H01_C09_F09,4,Lightweight Arm Lift — Height Verification Only,extend_lift_phase(),0.5013652631578948,False
R_H01_C09_F09,diagnosed_LIFT_OBJECT_unanticipated__RQ2_R_H01_C09_F09,5,Cobot Lift Failure — Grip Pressure,increase_grip_pressure(),0.5,False
R_H01_C09_F09,diagnosed_LIFT_OBJECT_unanticipated__RQ2_R_H01_C09_F09,6,Heavy Duty Arm — Motor Overload During Lift,reduce_lift_speed(),0.5,False
R_H01_C09_F09,diagnosed_LIFT_OBJECT_unanticipated__RQ2_R_H01_C09_F09,7,Suction Arm Lift — Vacuum Loss,emergency_vacuum_pump(),0.3333333333333333,False
R_H01_C09_F10,diagnosed_LIFT_OBJECT_unanticipated__RQ2_R_H01_C09_F10,1,Lift Slip — Low Friction Surface,apply_vacuum_assist(),0.7160488888888888,True
R_H01_C09_F10,diagnosed_LIFT_OBJECT_unanticipated__RQ2_R_H01_C09_F10,2,Parallel Arm Lift — Contact Loss,reposition_and_regrip(),0.6666666666666666,False
R_H01_C09_F10,diagnosed_LIFT_OBJECT_unanticipated__RQ2_R_H01_C09_F10,3,Cobot Industrial — Incremental Heavy Part Transfer,heavy_lift(),0.6507936507936508,False
R_H01_C09_F10,diagnosed_LIFT_OBJECT_unanticipated__RQ2_R_H01_C09_F10,4,Lightweight Arm Lift — Height Verification Only,extend_lift_phase(),0.5013652631578948,False
R_H01_C09_F10,diagnosed_LIFT_OBJECT_unanticipated__RQ2_R_H01_C09_F10,5,Cobot Lift Failure — Grip Pressure,increase_grip_pressure(),0.5,False
R_H01_C09_F10,diagnosed_LIFT_OBJECT_unanticipated__RQ2_R_H01_C09_F10,6,Heavy Duty Arm — Motor Overload During Lift,reduce_lift_speed(),0.5,False
R_H01_C09_F10,diagnosed_LIFT_OBJECT_unanticipated__RQ2_R_H01_C09_F10,7,Suction Arm Lift — Vacuum Loss,emergency_vacuum_pump(),0.3333333333333333,False
R_H01_C10_F01,diagnosed_LIFT_OBJECT_unanticipated__RQ2_R_H01_C10_F01,1,Lift Slip — Low Friction Surface,apply_vacuum_assist(),0.7438266666666666,True
R_H01_C10_F01,diagnosed_LIFT_OBJECT_unanticipated__RQ2_R_H01_C10_F01,2,Parallel Arm Lift — Contact Loss,reposition_and_regrip(),0.6666666666666666,False
R_H01_C10_F01,diagnosed_LIFT_OBJECT_unanticipated__RQ2_R_H01_C10_F01,3,Cobot Industrial — Incremental Heavy Part Transfer,heavy_lift(),0.6507936507936508,False
R_H01_C10_F01,diagnosed_LIFT_OBJECT_unanticipated__RQ2_R_H01_C10_F01,4,Lightweight Arm Lift — Height Verification Only,extend_lift_phase(),0.5013652631578948,False
R_H01_C10_F01,diagnosed_LIFT_OBJECT_unanticipated__RQ2_R_H01_C10_F01,5,Cobot Lift Failure — Grip Pressure,increase_grip_pressure(),0.5,False
R_H01_C10_F01,diagnosed_LIFT_OBJECT_unanticipated__RQ2_R_H01_C10_F01,6,Heavy Duty Arm — Motor Overload During Lift,reduce_lift_speed(),0.5,False
R_H01_C10_F01,diagnosed_LIFT_OBJECT_unanticipated__RQ2_R_H01_C10_F01,7,Suction Arm Lift — Vacuum Loss,emergency_vacuum_pump(),0.3333333333333333,False
R_H01_C10_F02,diagnosed_LIFT_OBJECT_unanticipated__RQ2_R_H01_C10_F02,1,Lift Slip — Low Friction Surface,apply_vacuum_assist(),0.7993822222222221,True
R_H01_C10_F02,diagnosed_LIFT_OBJECT_unanticipated__RQ2_R_H01_C10_F02,2,Parallel Arm Lift — Contact Loss,reposition_and_regrip(),0.6666666666666666,False
R_H01_C10_F02,diagnosed_LIFT_OBJECT_unanticipated__RQ2_R_H01_C10_F02,3,Cobot Industrial — Incremental Heavy Part Transfer,heavy_lift(),0.6507936507936508,False
R_H01_C10_F02,diagnosed_LIFT_OBJECT_unanticipated__RQ2_R_H01_C10_F02,4,Lightweight Arm Lift — Height Verification Only,extend_lift_phase(),0.5013652631578948,False
R_H01_C10_F02,diagnosed_LIFT_OBJECT_unanticipated__RQ2_R_H01_C10_F02,5,Cobot Lift Failure — Grip Pressure,increase_grip_pressure(),0.5,False
R_H01_C10_F02,diagnosed_LIFT_OBJECT_unanticipated__RQ2_R_H01_C10_F02,6,Heavy Duty Arm — Motor Overload During Lift,reduce_lift_speed(),0.5,False
R_H01_C10_F02,diagnosed_LIFT_OBJECT_unanticipated__RQ2_R_H01_C10_F02,7,Suction Arm Lift — Vacuum Loss,emergency_vacuum_pump(),0.3333333333333333,False
R_H01_C10_F03,diagnosed_LIFT_OBJECT_unanticipated__RQ2_R_H01_C10_F03,1,Lift Slip — Low Friction Surface,apply_vacuum_assist(),0.8035488888888889,True
R_H01_C10_F03,diagnosed_LIFT_OBJECT_unanticipated__RQ2_R_H01_C10_F03,2,Parallel Arm Lift — Contact Loss,reposition_and_regrip(),0.6666666666666666,False
R_H01_C10_F03,diagnosed_LIFT_OBJECT_unanticipated__RQ2_R_H01_C10_F03,3,Cobot Industrial — Incremental Heavy Part Transfer,heavy_lift(),0.6507936507936508,False
R_H01_C10_F03,diagnosed_LIFT_OBJECT_unanticipated__RQ2_R_H01_C10_F03,4,Lightweight Arm Lift — Height Verification Only,extend_lift_phase(),0.5013652631578948,False
R_H01_C10_F03,diagnosed_LIFT_OBJECT_unanticipated__RQ2_R_H01_C10_F03,5,Cobot Lift Failure — Grip Pressure,increase_grip_pressure(),0.5,False
R_H01_C10_F03,diagnosed_LIFT_OBJECT_unanticipated__RQ2_R_H01_C10_F03,6,Heavy Duty Arm — Motor Overload During Lift,reduce_lift_speed(),0.5,False
R_H01_C10_F03,diagnosed_LIFT_OBJECT_unanticipated__RQ2_R_H01_C10_F03,7,Suction Arm Lift — Vacuum Loss,emergency_vacuum_pump(),0.3333333333333333,False
R_H01_C10_F04,diagnosed_LIFT_OBJECT_unanticipated__RQ2_R_H01_C10_F04,1,Lift Slip — Low Friction Surface,apply_vacuum_assist(),0.8077155555555556,True
R_H01_C10_F04,diagnosed_LIFT_OBJECT_unanticipated__RQ2_R_H01_C10_F04,2,Parallel Arm Lift — Contact Loss,reposition_and_regrip(),0.6666666666666666,False
R_H01_C10_F04,diagnosed_LIFT_OBJECT_unanticipated__RQ2_R_H01_C10_F04,3,Cobot Industrial — Incremental Heavy Part Transfer,heavy_lift(),0.6507936507936508,False
R_H01_C10_F04,diagnosed_LIFT_OBJECT_unanticipated__RQ2_R_H01_C10_F04,4,Lightweight Arm Lift — Height Verification Only,extend_lift_phase(),0.5013652631578948,False
R_H01_C10_F04,diagnosed_LIFT_OBJECT_unanticipated__RQ2_R_H01_C10_F04,5,Cobot Lift Failure — Grip Pressure,increase_grip_pressure(),0.5,False
R_H01_C10_F04,diagnosed_LIFT_OBJECT_unanticipated__RQ2_R_H01_C10_F04,6,Heavy Duty Arm — Motor Overload During Lift,reduce_lift_speed(),0.5,False
R_H01_C10_F04,diagnosed_LIFT_OBJECT_unanticipated__RQ2_R_H01_C10_F04,7,Suction Arm Lift — Vacuum Loss,emergency_vacuum_pump(),0.3333333333333333,False
R_H01_C10_F05,diagnosed_LIFT_OBJECT_unanticipated__RQ2_R_H01_C10_F05,1,Lift Slip — Low Friction Surface,apply_vacuum_assist(),0.82716,True
R_H01_C10_F05,diagnosed_LIFT_OBJECT_unanticipated__RQ2_R_H01_C10_F05,2,Parallel Arm Lift — Contact Loss,reposition_and_regrip(),0.6666666666666666,False
R_H01_C10_F05,diagnosed_LIFT_OBJECT_unanticipated__RQ2_R_H01_C10_F05,3,Cobot Industrial — Incremental Heavy Part Transfer,heavy_lift(),0.6507936507936508,False
R_H01_C10_F05,diagnosed_LIFT_OBJECT_unanticipated__RQ2_R_H01_C10_F05,4,Lightweight Arm Lift — Height Verification Only,extend_lift_phase(),0.5013652631578948,False
R_H01_C10_F05,diagnosed_LIFT_OBJECT_unanticipated__RQ2_R_H01_C10_F05,5,Cobot Lift Failure — Grip Pressure,increase_grip_pressure(),0.5,False
R_H01_C10_F05,diagnosed_LIFT_OBJECT_unanticipated__RQ2_R_H01_C10_F05,6,Heavy Duty Arm — Motor Overload During Lift,reduce_lift_speed(),0.5,False
R_H01_C10_F05,diagnosed_LIFT_OBJECT_unanticipated__RQ2_R_H01_C10_F05,7,Suction Arm Lift — Vacuum Loss,emergency_vacuum_pump(),0.3333333333333333,False
R_H01_C10_F06,diagnosed_LIFT_OBJECT_unanticipated__RQ2_R_H01_C10_F06,1,Lift Slip — Low Friction Surface,apply_vacuum_assist(),0.8049377777777776,True
R_H01_C10_F06,diagnosed_LIFT_OBJECT_unanticipated__RQ2_R_H01_C10_F06,2,Parallel Arm Lift — Contact Loss,reposition_and_regrip(),0.6666666666666666,False
R_H01_C10_F06,diagnosed_LIFT_OBJECT_unanticipated__RQ2_R_H01_C10_F06,3,Cobot Industrial — Incremental Heavy Part Transfer,heavy_lift(),0.6507936507936508,False
R_H01_C10_F06,diagnosed_LIFT_OBJECT_unanticipated__RQ2_R_H01_C10_F06,4,Lightweight Arm Lift — Height Verification Only,extend_lift_phase(),0.5013652631578948,False
R_H01_C10_F06,diagnosed_LIFT_OBJECT_unanticipated__RQ2_R_H01_C10_F06,5,Cobot Lift Failure — Grip Pressure,increase_grip_pressure(),0.5,False
R_H01_C10_F06,diagnosed_LIFT_OBJECT_unanticipated__RQ2_R_H01_C10_F06,6,Heavy Duty Arm — Motor Overload During Lift,reduce_lift_speed(),0.5,False
R_H01_C10_F06,diagnosed_LIFT_OBJECT_unanticipated__RQ2_R_H01_C10_F06,7,Suction Arm Lift — Vacuum Loss,emergency_vacuum_pump(),0.3333333333333333,False
R_H01_C10_F07,diagnosed_LIFT_OBJECT_unanticipated__RQ2_R_H01_C10_F07,1,Lift Slip — Low Friction Surface,apply_vacuum_assist(),0.7604933333333334,True
R_H01_C10_F07,diagnosed_LIFT_OBJECT_unanticipated__RQ2_R_H01_C10_F07,2,Parallel Arm Lift — Contact Loss,reposition_and_regrip(),0.6666666666666666,False
R_H01_C10_F07,diagnosed_LIFT_OBJECT_unanticipated__RQ2_R_H01_C10_F07,3,Cobot Industrial — Incremental Heavy Part Transfer,heavy_lift(),0.6507936507936508,False
R_H01_C10_F07,diagnosed_LIFT_OBJECT_unanticipated__RQ2_R_H01_C10_F07,4,Lightweight Arm Lift — Height Verification Only,extend_lift_phase(),0.5013652631578948,False
R_H01_C10_F07,diagnosed_LIFT_OBJECT_unanticipated__RQ2_R_H01_C10_F07,5,Cobot Lift Failure — Grip Pressure,increase_grip_pressure(),0.5,False
R_H01_C10_F07,diagnosed_LIFT_OBJECT_unanticipated__RQ2_R_H01_C10_F07,6,Heavy Duty Arm — Motor Overload During Lift,reduce_lift_speed(),0.5,False
R_H01_C10_F07,diagnosed_LIFT_OBJECT_unanticipated__RQ2_R_H01_C10_F07,7,Suction Arm Lift — Vacuum Loss,emergency_vacuum_pump(),0.3333333333333333,False
R_H01_C10_F08,diagnosed_LIFT_OBJECT_unanticipated__RQ2_R_H01_C10_F08,1,Lift Slip — Low Friction Surface,apply_vacuum_assist(),0.7207711111111111,True
R_H01_C10_F08,diagnosed_LIFT_OBJECT_unanticipated__RQ2_R_H01_C10_F08,2,Parallel Arm Lift — Contact Loss,reposition_and_regrip(),0.6666666666666666,False
R_H01_C10_F08,diagnosed_LIFT_OBJECT_unanticipated__RQ2_R_H01_C10_F08,3,Cobot Industrial — Incremental Heavy Part Transfer,heavy_lift(),0.6507936507936508,False
R_H01_C10_F08,diagnosed_LIFT_OBJECT_unanticipated__RQ2_R_H01_C10_F08,4,Lightweight Arm Lift — Height Verification Only,extend_lift_phase(),0.5013652631578948,False
R_H01_C10_F08,diagnosed_LIFT_OBJECT_unanticipated__RQ2_R_H01_C10_F08,5,Cobot Lift Failure — Grip Pressure,increase_grip_pressure(),0.5,False
R_H01_C10_F08,diagnosed_LIFT_OBJECT_unanticipated__RQ2_R_H01_C10_F08,6,Heavy Duty Arm — Motor Overload During Lift,reduce_lift_speed(),0.5,False
R_H01_C10_F08,diagnosed_LIFT_OBJECT_unanticipated__RQ2_R_H01_C10_F08,7,Suction Arm Lift — Vacuum Loss,emergency_vacuum_pump(),0.3333333333333333,False
R_H01_C10_F09,diagnosed_LIFT_OBJECT_unanticipated__RQ2_R_H01_C10_F09,1,Lift Slip — Low Friction Surface,apply_vacuum_assist(),0.7160488888888888,True
R_H01_C10_F09,diagnosed_LIFT_OBJECT_unanticipated__RQ2_R_H01_C10_F09,2,Parallel Arm Lift — Contact Loss,reposition_and_regrip(),0.6666666666666666,False
R_H01_C10_F09,diagnosed_LIFT_OBJECT_unanticipated__RQ2_R_H01_C10_F09,3,Cobot Industrial — Incremental Heavy Part Transfer,heavy_lift(),0.6507936507936508,False
R_H01_C10_F09,diagnosed_LIFT_OBJECT_unanticipated__RQ2_R_H01_C10_F09,4,Lightweight Arm Lift — Height Verification Only,extend_lift_phase(),0.5013652631578948,False
R_H01_C10_F09,diagnosed_LIFT_OBJECT_unanticipated__RQ2_R_H01_C10_F09,5,Cobot Lift Failure — Grip Pressure,increase_grip_pressure(),0.5,False
R_H01_C10_F09,diagnosed_LIFT_OBJECT_unanticipated__RQ2_R_H01_C10_F09,6,Heavy Duty Arm — Motor Overload During Lift,reduce_lift_speed(),0.5,False
R_H01_C10_F09,diagnosed_LIFT_OBJECT_unanticipated__RQ2_R_H01_C10_F09,7,Suction Arm Lift — Vacuum Loss,emergency_vacuum_pump(),0.3333333333333333,False
R_H01_C10_F10,diagnosed_LIFT_OBJECT_unanticipated__RQ2_R_H01_C10_F10,1,Lift Slip — Low Friction Surface,apply_vacuum_assist(),0.7160488888888888,True
R_H01_C10_F10,diagnosed_LIFT_OBJECT_unanticipated__RQ2_R_H01_C10_F10,2,Parallel Arm Lift — Contact Loss,reposition_and_regrip(),0.6666666666666666,False
R_H01_C10_F10,diagnosed_LIFT_OBJECT_unanticipated__RQ2_R_H01_C10_F10,3,Cobot Industrial — Incremental Heavy Part Transfer,heavy_lift(),0.6507936507936508,False
R_H01_C10_F10,diagnosed_LIFT_OBJECT_unanticipated__RQ2_R_H01_C10_F10,4,Lightweight Arm Lift — Height Verification Only,extend_lift_phase(),0.5013652631578948,False
R_H01_C10_F10,diagnosed_LIFT_OBJECT_unanticipated__RQ2_R_H01_C10_F10,5,Cobot Lift Failure — Grip Pressure,increase_grip_pressure(),0.5,False
R_H01_C10_F10,diagnosed_LIFT_OBJECT_unanticipated__RQ2_R_H01_C10_F10,6,Heavy Duty Arm — Motor Overload During Lift,reduce_lift_speed(),0.5,False
R_H01_C10_F10,diagnosed_LIFT_OBJECT_unanticipated__RQ2_R_H01_C10_F10,7,Suction Arm Lift — Vacuum Loss,emergency_vacuum_pump(),0.3333333333333333,False
R_H02_C01_F01,diagnosed_LIFT_OBJECT_unanticipated__RQ2_R_H02_C01_F01,1,Lift Slip — Low Friction Surface,apply_vacuum_assist(),0.7932099999999999,True
R_H02_C01_F01,diagnosed_LIFT_OBJECT_unanticipated__RQ2_R_H02_C01_F01,2,Parallel Arm Lift — Contact Loss,reposition_and_regrip(),0.711366724137931,False
R_H02_C01_F01,diagnosed_LIFT_OBJECT_unanticipated__RQ2_R_H02_C01_F01,3,Cobot Industrial — Incremental Heavy Part Transfer,heavy_lift(),0.6806624142345109,False
R_H02_C01_F01,diagnosed_LIFT_OBJECT_unanticipated__RQ2_R_H02_C01_F01,4,Cobot Lift Failure — Grip Pressure,increase_grip_pressure(),0.5779058620689655,False
R_H02_C01_F01,diagnosed_LIFT_OBJECT_unanticipated__RQ2_R_H02_C01_F01,5,Lightweight Arm Lift — Height Verification Only,extend_lift_phase(),0.5460653206291591,False
R_H02_C01_F01,diagnosed_LIFT_OBJECT_unanticipated__RQ2_R_H02_C01_F01,6,Heavy Duty Arm — Motor Overload During Lift,reduce_lift_speed(),0.5,False
R_H02_C01_F01,diagnosed_LIFT_OBJECT_unanticipated__RQ2_R_H02_C01_F01,7,Suction Arm Lift — Vacuum Loss,emergency_vacuum_pump(),0.3333333333333333,False
R_H02_C01_F02,diagnosed_LIFT_OBJECT_unanticipated__RQ2_R_H02_C01_F02,1,Lift Slip — Low Friction Surface,apply_vacuum_assist(),0.8487655555555556,True
R_H02_C01_F02,diagnosed_LIFT_OBJECT_unanticipated__RQ2_R_H02_C01_F02,2,Parallel Arm Lift — Contact Loss,reposition_and_regrip(),0.711366724137931,False
R_H02_C01_F02,diagnosed_LIFT_OBJECT_unanticipated__RQ2_R_H02_C01_F02,3,Cobot Industrial — Incremental Heavy Part Transfer,heavy_lift(),0.6806624142345109,False
R_H02_C01_F02,diagnosed_LIFT_OBJECT_unanticipated__RQ2_R_H02_C01_F02,4,Cobot Lift Failure — Grip Pressure,increase_grip_pressure(),0.5779058620689655,False
R_H02_C01_F02,diagnosed_LIFT_OBJECT_unanticipated__RQ2_R_H02_C01_F02,5,Lightweight Arm Lift — Height Verification Only,extend_lift_phase(),0.5460653206291591,False
R_H02_C01_F02,diagnosed_LIFT_OBJECT_unanticipated__RQ2_R_H02_C01_F02,6,Heavy Duty Arm — Motor Overload During Lift,reduce_lift_speed(),0.5,False
R_H02_C01_F02,diagnosed_LIFT_OBJECT_unanticipated__RQ2_R_H02_C01_F02,7,Suction Arm Lift — Vacuum Loss,emergency_vacuum_pump(),0.3333333333333333,False
R_H02_C01_F03,diagnosed_LIFT_OBJECT_unanticipated__RQ2_R_H02_C01_F03,1,Lift Slip — Low Friction Surface,apply_vacuum_assist(),0.8529322222222223,True
R_H02_C01_F03,diagnosed_LIFT_OBJECT_unanticipated__RQ2_R_H02_C01_F03,2,Parallel Arm Lift — Contact Loss,reposition_and_regrip(),0.711366724137931,False
R_H02_C01_F03,diagnosed_LIFT_OBJECT_unanticipated__RQ2_R_H02_C01_F03,3,Cobot Industrial — Incremental Heavy Part Transfer,heavy_lift(),0.6806624142345109,False
R_H02_C01_F03,diagnosed_LIFT_OBJECT_unanticipated__RQ2_R_H02_C01_F03,4,Cobot Lift Failure — Grip Pressure,increase_grip_pressure(),0.5779058620689655,False
R_H02_C01_F03,diagnosed_LIFT_OBJECT_unanticipated__RQ2_R_H02_C01_F03,5,Lightweight Arm Lift — Height Verification Only,extend_lift_phase(),0.5460653206291591,False
R_H02_C01_F03,diagnosed_LIFT_OBJECT_unanticipated__RQ2_R_H02_C01_F03,6,Heavy Duty Arm — Motor Overload During Lift,reduce_lift_speed(),0.5,False
R_H02_C01_F03,diagnosed_LIFT_OBJECT_unanticipated__RQ2_R_H02_C01_F03,7,Suction Arm Lift — Vacuum Loss,emergency_vacuum_pump(),0.3333333333333333,False
R_H02_C01_F04,diagnosed_LIFT_OBJECT_unanticipated__RQ2_R_H02_C01_F04,1,Lift Slip — Low Friction Surface,apply_vacuum_assist(),0.8570988888888889,True
R_H02_C01_F04,diagnosed_LIFT_OBJECT_unanticipated__RQ2_R_H02_C01_F04,2,Parallel Arm Lift — Contact Loss,reposition_and_regrip(),0.711366724137931,False
R_H02_C01_F04,diagnosed_LIFT_OBJECT_unanticipated__RQ2_R_H02_C01_F04,3,Cobot Industrial — Incremental Heavy Part Transfer,heavy_lift(),0.6806624142345109,False
R_H02_C01_F04,diagnosed_LIFT_OBJECT_unanticipated__RQ2_R_H02_C01_F04,4,Cobot Lift Failure — Grip Pressure,increase_grip_pressure(),0.5779058620689655,False
R_H02_C01_F04,diagnosed_LIFT_OBJECT_unanticipated__RQ2_R_H02_C01_F04,5,Lightweight Arm Lift — Height Verification Only,extend_lift_phase(),0.5460653206291591,False
R_H02_C01_F04,diagnosed_LIFT_OBJECT_unanticipated__RQ2_R_H02_C01_F04,6,Heavy Duty Arm — Motor Overload During Lift,reduce_lift_speed(),0.5,False
R_H02_C01_F04,diagnosed_LIFT_OBJECT_unanticipated__RQ2_R_H02_C01_F04,7,Suction Arm Lift — Vacuum Loss,emergency_vacuum_pump(),0.3333333333333333,False
R_H02_C01_F05,diagnosed_LIFT_OBJECT_unanticipated__RQ2_R_H02_C01_F05,1,Lift Slip — Low Friction Surface,apply_vacuum_assist(),0.8765433333333333,True
R_H02_C01_F05,diagnosed_LIFT_OBJECT_unanticipated__RQ2_R_H02_C01_F05,2,Parallel Arm Lift — Contact Loss,reposition_and_regrip(),0.711366724137931,False
R_H02_C01_F05,diagnosed_LIFT_OBJECT_unanticipated__RQ2_R_H02_C01_F05,3,Cobot Industrial — Incremental Heavy Part Transfer,heavy_lift(),0.6806624142345109,False
R_H02_C01_F05,diagnosed_LIFT_OBJECT_unanticipated__RQ2_R_H02_C01_F05,4,Cobot Lift Failure — Grip Pressure,increase_grip_pressure(),0.5779058620689655,False
R_H02_C01_F05,diagnosed_LIFT_OBJECT_unanticipated__RQ2_R_H02_C01_F05,5,Lightweight Arm Lift — Height Verification Only,extend_lift_phase(),0.5460653206291591,False
R_H02_C01_F05,diagnosed_LIFT_OBJECT_unanticipated__RQ2_R_H02_C01_F05,6,Heavy Duty Arm — Motor Overload During Lift,reduce_lift_speed(),0.5,False
R_H02_C01_F05,diagnosed_LIFT_OBJECT_unanticipated__RQ2_R_H02_C01_F05,7,Suction Arm Lift — Vacuum Loss,emergency_vacuum_pump(),0.3333333333333333,False
R_H02_C01_F06,diagnosed_LIFT_OBJECT_unanticipated__RQ2_R_H02_C01_F06,1,Lift Slip — Low Friction Surface,apply_vacuum_assist(),0.8543211111111111,True
R_H02_C01_F06,diagnosed_LIFT_OBJECT_unanticipated__RQ2_R_H02_C01_F06,2,Parallel Arm Lift — Contact Loss,reposition_and_regrip(),0.711366724137931,False
R_H02_C01_F06,diagnosed_LIFT_OBJECT_unanticipated__RQ2_R_H02_C01_F06,3,Cobot Industrial — Incremental Heavy Part Transfer,heavy_lift(),0.6806624142345109,False
R_H02_C01_F06,diagnosed_LIFT_OBJECT_unanticipated__RQ2_R_H02_C01_F06,4,Cobot Lift Failure — Grip Pressure,increase_grip_pressure(),0.5779058620689655,False
R_H02_C01_F06,diagnosed_LIFT_OBJECT_unanticipated__RQ2_R_H02_C01_F06,5,Lightweight Arm Lift — Height Verification Only,extend_lift_phase(),0.5460653206291591,False
R_H02_C01_F06,diagnosed_LIFT_OBJECT_unanticipated__RQ2_R_H02_C01_F06,6,Heavy Duty Arm — Motor Overload During Lift,reduce_lift_speed(),0.5,False
R_H02_C01_F06,diagnosed_LIFT_OBJECT_unanticipated__RQ2_R_H02_C01_F06,7,Suction Arm Lift — Vacuum Loss,emergency_vacuum_pump(),0.3333333333333333,False
R_H02_C01_F07,diagnosed_LIFT_OBJECT_unanticipated__RQ2_R_H02_C01_F07,1,Lift Slip — Low Friction Surface,apply_vacuum_assist(),0.8098766666666667,True
R_H02_C01_F07,diagnosed_LIFT_OBJECT_unanticipated__RQ2_R_H02_C01_F07,2,Parallel Arm Lift — Contact Loss,reposition_and_regrip(),0.711366724137931,False
R_H02_C01_F07,diagnosed_LIFT_OBJECT_unanticipated__RQ2_R_H02_C01_F07,3,Cobot Industrial — Incremental Heavy Part Transfer,heavy_lift(),0.6806624142345109,False
R_H02_C01_F07,diagnosed_LIFT_OBJECT_unanticipated__RQ2_R_H02_C01_F07,4,Cobot Lift Failure — Grip Pressure,increase_grip_pressure(),0.5779058620689655,False
R_H02_C01_F07,diagnosed_LIFT_OBJECT_unanticipated__RQ2_R_H02_C01_F07,5,Lightweight Arm Lift — Height Verification Only,extend_lift_phase(),0.5460653206291591,False
R_H02_C01_F07,diagnosed_LIFT_OBJECT_unanticipated__RQ2_R_H02_C01_F07,6,Heavy Duty Arm — Motor Overload During Lift,reduce_lift_speed(),0.5,False
R_H02_C01_F07,diagnosed_LIFT_OBJECT_unanticipated__RQ2_R_H02_C01_F07,7,Suction Arm Lift — Vacuum Loss,emergency_vacuum_pump(),0.3333333333333333,False
R_H02_C01_F08,diagnosed_LIFT_OBJECT_unanticipated__RQ2_R_H02_C01_F08,1,Lift Slip — Low Friction Surface,apply_vacuum_assist(),0.7701544444444445,True
R_H02_C01_F08,diagnosed_LIFT_OBJECT_unanticipated__RQ2_R_H02_C01_F08,2,Parallel Arm Lift — Contact Loss,reposition_and_regrip(),0.711366724137931,False
R_H02_C01_F08,diagnosed_LIFT_OBJECT_unanticipated__RQ2_R_H02_C01_F08,3,Cobot Industrial — Incremental Heavy Part Transfer,heavy_lift(),0.6806624142345109,False
R_H02_C01_F08,diagnosed_LIFT_OBJECT_unanticipated__RQ2_R_H02_C01_F08,4,Cobot Lift Failure — Grip Pressure,increase_grip_pressure(),0.5779058620689655,False
R_H02_C01_F08,diagnosed_LIFT_OBJECT_unanticipated__RQ2_R_H02_C01_F08,5,Lightweight Arm Lift — Height Verification Only,extend_lift_phase(),0.5460653206291591,False
R_H02_C01_F08,diagnosed_LIFT_OBJECT_unanticipated__RQ2_R_H02_C01_F08,6,Heavy Duty Arm — Motor Overload During Lift,reduce_lift_speed(),0.5,False
R_H02_C01_F08,diagnosed_LIFT_OBJECT_unanticipated__RQ2_R_H02_C01_F08,7,Suction Arm Lift — Vacuum Loss,emergency_vacuum_pump(),0.3333333333333333,False
R_H02_C01_F09,diagnosed_LIFT_OBJECT_unanticipated__RQ2_R_H02_C01_F09,1,Lift Slip — Low Friction Surface,apply_vacuum_assist(),0.7654322222222222,True
R_H02_C01_F09,diagnosed_LIFT_OBJECT_unanticipated__RQ2_R_H02_C01_F09,2,Parallel Arm Lift — Contact Loss,reposition_and_regrip(),0.711366724137931,False
R_H02_C01_F09,diagnosed_LIFT_OBJECT_unanticipated__RQ2_R_H02_C01_F09,3,Cobot Industrial — Incremental Heavy Part Transfer,heavy_lift(),0.6806624142345109,False
R_H02_C01_F09,diagnosed_LIFT_OBJECT_unanticipated__RQ2_R_H02_C01_F09,4,Cobot Lift Failure — Grip Pressure,increase_grip_pressure(),0.5779058620689655,False
R_H02_C01_F09,diagnosed_LIFT_OBJECT_unanticipated__RQ2_R_H02_C01_F09,5,Lightweight Arm Lift — Height Verification Only,extend_lift_phase(),0.5460653206291591,False
R_H02_C01_F09,diagnosed_LIFT_OBJECT_unanticipated__RQ2_R_H02_C01_F09,6,Heavy Duty Arm — Motor Overload During Lift,reduce_lift_speed(),0.5,False
R_H02_C01_F09,diagnosed_LIFT_OBJECT_unanticipated__RQ2_R_H02_C01_F09,7,Suction Arm Lift — Vacuum Loss,emergency_vacuum_pump(),0.3333333333333333,False
R_H02_C01_F10,diagnosed_LIFT_OBJECT_unanticipated__RQ2_R_H02_C01_F10,1,Lift Slip — Low Friction Surface,apply_vacuum_assist(),0.7654322222222222,True
R_H02_C01_F10,diagnosed_LIFT_OBJECT_unanticipated__RQ2_R_H02_C01_F10,2,Parallel Arm Lift — Contact Loss,reposition_and_regrip(),0.711366724137931,False
R_H02_C01_F10,diagnosed_LIFT_OBJECT_unanticipated__RQ2_R_H02_C01_F10,3,Cobot Industrial — Incremental Heavy Part Transfer,heavy_lift(),0.6806624142345109,False
R_H02_C01_F10,diagnosed_LIFT_OBJECT_unanticipated__RQ2_R_H02_C01_F10,4,Cobot Lift Failure — Grip Pressure,increase_grip_pressure(),0.5779058620689655,False
R_H02_C01_F10,diagnosed_LIFT_OBJECT_unanticipated__RQ2_R_H02_C01_F10,5,Lightweight Arm Lift — Height Verification Only,extend_lift_phase(),0.5460653206291591,False
R_H02_C01_F10,diagnosed_LIFT_OBJECT_unanticipated__RQ2_R_H02_C01_F10,6,Heavy Duty Arm — Motor Overload During Lift,reduce_lift_speed(),0.5,False
R_H02_C01_F10,diagnosed_LIFT_OBJECT_unanticipated__RQ2_R_H02_C01_F10,7,Suction Arm Lift — Vacuum Loss,emergency_vacuum_pump(),0.3333333333333333,False
R_H02_C02_F01,diagnosed_LIFT_OBJECT_unanticipated__RQ2_R_H02_C02_F01,1,Lift Slip — Low Friction Surface,apply_vacuum_assist(),0.904321111111111,True
R_H02_C02_F01,diagnosed_LIFT_OBJECT_unanticipated__RQ2_R_H02_C02_F01,2,Parallel Arm Lift — Contact Loss,reposition_and_regrip(),0.8780333908045977,False
R_H02_C02_F01,diagnosed_LIFT_OBJECT_unanticipated__RQ2_R_H02_C02_F01,3,Cobot Industrial — Incremental Heavy Part Transfer,heavy_lift(),0.8473290809011775,False
R_H02_C02_F01,diagnosed_LIFT_OBJECT_unanticipated__RQ2_R_H02_C02_F01,4,Lightweight Arm Lift — Height Verification Only,extend_lift_phase(),0.7127319872958258,False
R_H02_C02_F01,diagnosed_LIFT_OBJECT_unanticipated__RQ2_R_H02_C02_F01,5,Cobot Lift Failure — Grip Pressure,increase_grip_pressure(),0.5779058620689655,False
R_H02_C02_F01,diagnosed_LIFT_OBJECT_unanticipated__RQ2_R_H02_C02_F01,6,Heavy Duty Arm — Motor Overload During Lift,reduce_lift_speed(),0.5,False
R_H02_C02_F01,diagnosed_LIFT_OBJECT_unanticipated__RQ2_R_H02_C02_F01,7,Suction Arm Lift — Vacuum Loss,emergency_vacuum_pump(),0.3333333333333333,False
R_H02_C02_F02,diagnosed_LIFT_OBJECT_unanticipated__RQ2_R_H02_C02_F02,1,Lift Slip — Low Friction Surface,apply_vacuum_assist(),0.9598766666666667,True
R_H02_C02_F02,diagnosed_LIFT_OBJECT_unanticipated__RQ2_R_H02_C02_F02,2,Parallel Arm Lift — Contact Loss,reposition_and_regrip(),0.8780333908045977,False
R_H02_C02_F02,diagnosed_LIFT_OBJECT_unanticipated__RQ2_R_H02_C02_F02,3,Cobot Industrial — Incremental Heavy Part Transfer,heavy_lift(),0.8473290809011775,False
R_H02_C02_F02,diagnosed_LIFT_OBJECT_unanticipated__RQ2_R_H02_C02_F02,4,Lightweight Arm Lift — Height Verification Only,extend_lift_phase(),0.7127319872958258,False
R_H02_C02_F02,diagnosed_LIFT_OBJECT_unanticipated__RQ2_R_H02_C02_F02,5,Cobot Lift Failure — Grip Pressure,increase_grip_pressure(),0.5779058620689655,False
R_H02_C02_F02,diagnosed_LIFT_OBJECT_unanticipated__RQ2_R_H02_C02_F02,6,Heavy Duty Arm — Motor Overload During Lift,reduce_lift_speed(),0.5,False
R_H02_C02_F02,diagnosed_LIFT_OBJECT_unanticipated__RQ2_R_H02_C02_F02,7,Suction Arm Lift — Vacuum Loss,emergency_vacuum_pump(),0.3333333333333333,False
R_H02_C02_F03,diagnosed_LIFT_OBJECT_unanticipated__RQ2_R_H02_C02_F03,1,Lift Slip — Low Friction Surface,apply_vacuum_assist(),0.9640433333333333,True
R_H02_C02_F03,diagnosed_LIFT_OBJECT_unanticipated__RQ2_R_H02_C02_F03,2,Parallel Arm Lift — Contact Loss,reposition_and_regrip(),0.8780333908045977,False
R_H02_C02_F03,diagnosed_LIFT_OBJECT_unanticipated__RQ2_R_H02_C02_F03,3,Cobot Industrial — Incremental Heavy Part Transfer,heavy_lift(),0.8473290809011775,False
R_H02_C02_F03,diagnosed_LIFT_OBJECT_unanticipated__RQ2_R_H02_C02_F03,4,Lightweight Arm Lift — Height Verification Only,extend_lift_phase(),0.7127319872958258,False
R_H02_C02_F03,diagnosed_LIFT_OBJECT_unanticipated__RQ2_R_H02_C02_F03,5,Cobot Lift Failure — Grip Pressure,increase_grip_pressure(),0.5779058620689655,False
R_H02_C02_F03,diagnosed_LIFT_OBJECT_unanticipated__RQ2_R_H02_C02_F03,6,Heavy Duty Arm — Motor Overload During Lift,reduce_lift_speed(),0.5,False
R_H02_C02_F03,diagnosed_LIFT_OBJECT_unanticipated__RQ2_R_H02_C02_F03,7,Suction Arm Lift — Vacuum Loss,emergency_vacuum_pump(),0.3333333333333333,False
R_H02_C02_F04,diagnosed_LIFT_OBJECT_unanticipated__RQ2_R_H02_C02_F04,1,Lift Slip — Low Friction Surface,apply_vacuum_assist(),0.96821,True
R_H02_C02_F04,diagnosed_LIFT_OBJECT_unanticipated__RQ2_R_H02_C02_F04,2,Parallel Arm Lift — Contact Loss,reposition_and_regrip(),0.8780333908045977,False
R_H02_C02_F04,diagnosed_LIFT_OBJECT_unanticipated__RQ2_R_H02_C02_F04,3,Cobot Industrial — Incremental Heavy Part Transfer,heavy_lift(),0.8473290809011775,False
R_H02_C02_F04,diagnosed_LIFT_OBJECT_unanticipated__RQ2_R_H02_C02_F04,4,Lightweight Arm Lift — Height Verification Only,extend_lift_phase(),0.7127319872958258,False
R_H02_C02_F04,diagnosed_LIFT_OBJECT_unanticipated__RQ2_R_H02_C02_F04,5,Cobot Lift Failure — Grip Pressure,increase_grip_pressure(),0.5779058620689655,False
R_H02_C02_F04,diagnosed_LIFT_OBJECT_unanticipated__RQ2_R_H02_C02_F04,6,Heavy Duty Arm — Motor Overload During Lift,reduce_lift_speed(),0.5,False
R_H02_C02_F04,diagnosed_LIFT_OBJECT_unanticipated__RQ2_R_H02_C02_F04,7,Suction Arm Lift — Vacuum Loss,emergency_vacuum_pump(),0.3333333333333333,False
R_H02_C02_F05,diagnosed_LIFT_OBJECT_unanticipated__RQ2_R_H02_C02_F05,1,Lift Slip — Low Friction Surface,apply_vacuum_assist(),0.9876544444444444,True
R_H02_C02_F05,diagnosed_LIFT_OBJECT_unanticipated__RQ2_R_H02_C02_F05,2,Parallel Arm Lift — Contact Loss,reposition_and_regrip(),0.8780333908045977,False
R_H02_C02_F05,diagnosed_LIFT_OBJECT_unanticipated__RQ2_R_H02_C02_F05,3,Cobot Industrial — Incremental Heavy Part Transfer,heavy_lift(),0.8473290809011775,False
R_H02_C02_F05,diagnosed_LIFT_OBJECT_unanticipated__RQ2_R_H02_C02_F05,4,Lightweight Arm Lift — Height Verification Only,extend_lift_phase(),0.7127319872958258,False
R_H02_C02_F05,diagnosed_LIFT_OBJECT_unanticipated__RQ2_R_H02_C02_F05,5,Cobot Lift Failure — Grip Pressure,increase_grip_pressure(),0.5779058620689655,False
R_H02_C02_F05,diagnosed_LIFT_OBJECT_unanticipated__RQ2_R_H02_C02_F05,6,Heavy Duty Arm — Motor Overload During Lift,reduce_lift_speed(),0.5,False
R_H02_C02_F05,diagnosed_LIFT_OBJECT_unanticipated__RQ2_R_H02_C02_F05,7,Suction Arm Lift — Vacuum Loss,emergency_vacuum_pump(),0.3333333333333333,False
R_H02_C02_F06,diagnosed_LIFT_OBJECT_unanticipated__RQ2_R_H02_C02_F06,1,Lift Slip — Low Friction Surface,apply_vacuum_assist(),0.9654322222222222,True
R_H02_C02_F06,diagnosed_LIFT_OBJECT_unanticipated__RQ2_R_H02_C02_F06,2,Parallel Arm Lift — Contact Loss,reposition_and_regrip(),0.8780333908045977,False
R_H02_C02_F06,diagnosed_LIFT_OBJECT_unanticipated__RQ2_R_H02_C02_F06,3,Cobot Industrial — Incremental Heavy Part Transfer,heavy_lift(),0.8473290809011775,False
R_H02_C02_F06,diagnosed_LIFT_OBJECT_unanticipated__RQ2_R_H02_C02_F06,4,Lightweight Arm Lift — Height Verification Only,extend_lift_phase(),0.7127319872958258,False
R_H02_C02_F06,diagnosed_LIFT_OBJECT_unanticipated__RQ2_R_H02_C02_F06,5,Cobot Lift Failure — Grip Pressure,increase_grip_pressure(),0.5779058620689655,False
R_H02_C02_F06,diagnosed_LIFT_OBJECT_unanticipated__RQ2_R_H02_C02_F06,6,Heavy Duty Arm — Motor Overload During Lift,reduce_lift_speed(),0.5,False
R_H02_C02_F06,diagnosed_LIFT_OBJECT_unanticipated__RQ2_R_H02_C02_F06,7,Suction Arm Lift — Vacuum Loss,emergency_vacuum_pump(),0.3333333333333333,False
R_H02_C02_F07,diagnosed_LIFT_OBJECT_unanticipated__RQ2_R_H02_C02_F07,1,Lift Slip — Low Friction Surface,apply_vacuum_assist(),0.9209877777777778,True
R_H02_C02_F07,diagnosed_LIFT_OBJECT_unanticipated__RQ2_R_H02_C02_F07,2,Parallel Arm Lift — Contact Loss,reposition_and_regrip(),0.8780333908045977,False
R_H02_C02_F07,diagnosed_LIFT_OBJECT_unanticipated__RQ2_R_H02_C02_F07,3,Cobot Industrial — Incremental Heavy Part Transfer,heavy_lift(),0.8473290809011775,False
R_H02_C02_F07,diagnosed_LIFT_OBJECT_unanticipated__RQ2_R_H02_C02_F07,4,Lightweight Arm Lift — Height Verification Only,extend_lift_phase(),0.7127319872958258,False
R_H02_C02_F07,diagnosed_LIFT_OBJECT_unanticipated__RQ2_R_H02_C02_F07,5,Cobot Lift Failure — Grip Pressure,increase_grip_pressure(),0.5779058620689655,False
R_H02_C02_F07,diagnosed_LIFT_OBJECT_unanticipated__RQ2_R_H02_C02_F07,6,Heavy Duty Arm — Motor Overload During Lift,reduce_lift_speed(),0.5,False
R_H02_C02_F07,diagnosed_LIFT_OBJECT_unanticipated__RQ2_R_H02_C02_F07,7,Suction Arm Lift — Vacuum Loss,emergency_vacuum_pump(),0.3333333333333333,False
R_H02_C02_F08,diagnosed_LIFT_OBJECT_unanticipated__RQ2_R_H02_C02_F08,1,Lift Slip — Low Friction Surface,apply_vacuum_assist(),0.8812655555555556,True
R_H02_C02_F08,diagnosed_LIFT_OBJECT_unanticipated__RQ2_R_H02_C02_F08,2,Parallel Arm Lift — Contact Loss,reposition_and_regrip(),0.8780333908045977,False
R_H02_C02_F08,diagnosed_LIFT_OBJECT_unanticipated__RQ2_R_H02_C02_F08,3,Cobot Industrial — Incremental Heavy Part Transfer,heavy_lift(),0.8473290809011775,False
R_H02_C02_F08,diagnosed_LIFT_OBJECT_unanticipated__RQ2_R_H02_C02_F08,4,Lightweight Arm Lift — Height Verification Only,extend_lift_phase(),0.7127319872958258,False
R_H02_C02_F08,diagnosed_LIFT_OBJECT_unanticipated__RQ2_R_H02_C02_F08,5,Cobot Lift Failure — Grip Pressure,increase_grip_pressure(),0.5779058620689655,False
R_H02_C02_F08,diagnosed_LIFT_OBJECT_unanticipated__RQ2_R_H02_C02_F08,6,Heavy Duty Arm — Motor Overload During Lift,reduce_lift_speed(),0.5,False
R_H02_C02_F08,diagnosed_LIFT_OBJECT_unanticipated__RQ2_R_H02_C02_F08,7,Suction Arm Lift — Vacuum Loss,emergency_vacuum_pump(),0.3333333333333333,False
R_H02_C02_F09,diagnosed_LIFT_OBJECT_unanticipated__RQ2_R_H02_C02_F09,1,Parallel Arm Lift — Contact Loss,reposition_and_regrip(),0.8780333908045977,False
R_H02_C02_F09,diagnosed_LIFT_OBJECT_unanticipated__RQ2_R_H02_C02_F09,2,Lift Slip — Low Friction Surface,apply_vacuum_assist(),0.8765433333333333,True
R_H02_C02_F09,diagnosed_LIFT_OBJECT_unanticipated__RQ2_R_H02_C02_F09,3,Cobot Industrial — Incremental Heavy Part Transfer,heavy_lift(),0.8473290809011775,False
R_H02_C02_F09,diagnosed_LIFT_OBJECT_unanticipated__RQ2_R_H02_C02_F09,4,Lightweight Arm Lift — Height Verification Only,extend_lift_phase(),0.7127319872958258,False
R_H02_C02_F09,diagnosed_LIFT_OBJECT_unanticipated__RQ2_R_H02_C02_F09,5,Cobot Lift Failure — Grip Pressure,increase_grip_pressure(),0.5779058620689655,False
R_H02_C02_F09,diagnosed_LIFT_OBJECT_unanticipated__RQ2_R_H02_C02_F09,6,Heavy Duty Arm — Motor Overload During Lift,reduce_lift_speed(),0.5,False
R_H02_C02_F09,diagnosed_LIFT_OBJECT_unanticipated__RQ2_R_H02_C02_F09,7,Suction Arm Lift — Vacuum Loss,emergency_vacuum_pump(),0.3333333333333333,False
R_H02_C02_F10,diagnosed_LIFT_OBJECT_unanticipated__RQ2_R_H02_C02_F10,1,Parallel Arm Lift — Contact Loss,reposition_and_regrip(),0.8780333908045977,False
R_H02_C02_F10,diagnosed_LIFT_OBJECT_unanticipated__RQ2_R_H02_C02_F10,2,Lift Slip — Low Friction Surface,apply_vacuum_assist(),0.8765433333333333,True
R_H02_C02_F10,diagnosed_LIFT_OBJECT_unanticipated__RQ2_R_H02_C02_F10,3,Cobot Industrial — Incremental Heavy Part Transfer,heavy_lift(),0.8473290809011775,False
R_H02_C02_F10,diagnosed_LIFT_OBJECT_unanticipated__RQ2_R_H02_C02_F10,4,Lightweight Arm Lift — Height Verification Only,extend_lift_phase(),0.7127319872958258,False
R_H02_C02_F10,diagnosed_LIFT_OBJECT_unanticipated__RQ2_R_H02_C02_F10,5,Cobot Lift Failure — Grip Pressure,increase_grip_pressure(),0.5779058620689655,False
R_H02_C02_F10,diagnosed_LIFT_OBJECT_unanticipated__RQ2_R_H02_C02_F10,6,Heavy Duty Arm — Motor Overload During Lift,reduce_lift_speed(),0.5,False
R_H02_C02_F10,diagnosed_LIFT_OBJECT_unanticipated__RQ2_R_H02_C02_F10,7,Suction Arm Lift — Vacuum Loss,emergency_vacuum_pump(),0.3333333333333333,False
R_H02_C03_F01,diagnosed_LIFT_OBJECT_unanticipated__RQ2_R_H02_C03_F01,1,Lift Slip — Low Friction Surface,apply_vacuum_assist(),0.8487655555555556,True
R_H02_C03_F01,diagnosed_LIFT_OBJECT_unanticipated__RQ2_R_H02_C03_F01,2,Parallel Arm Lift — Contact Loss,reposition_and_regrip(),0.7947000574712644,False
R_H02_C03_F01,diagnosed_LIFT_OBJECT_unanticipated__RQ2_R_H02_C03_F01,3,Cobot Industrial — Incremental Heavy Part Transfer,heavy_lift(),0.7639957475678442,False
R_H02_C03_F01,diagnosed_LIFT_OBJECT_unanticipated__RQ2_R_H02_C03_F01,4,Lightweight Arm Lift — Height Verification Only,extend_lift_phase(),0.6293986539624924,False
R_H02_C03_F01,diagnosed_LIFT_OBJECT_unanticipated__RQ2_R_H02_C03_F01,5,Cobot Lift Failure — Grip Pressure,increase_grip_pressure(),0.5779058620689655,False
R_H02_C03_F01,diagnosed_LIFT_OBJECT_unanticipated__RQ2_R_H02_C03_F01,6,Heavy Duty Arm — Motor Overload During Lift,reduce_lift_speed(),0.5,False
R_H02_C03_F01,diagnosed_LIFT_OBJECT_unanticipated__RQ2_R_H02_C03_F01,7,Suction Arm Lift — Vacuum Loss,emergency_vacuum_pump(),0.3333333333333333,False
R_H02_C03_F02,diagnosed_LIFT_OBJECT_unanticipated__RQ2_R_H02_C03_F02,1,Lift Slip — Low Friction Surface,apply_vacuum_assist(),0.904321111111111,True
R_H02_C03_F02,diagnosed_LIFT_OBJECT_unanticipated__RQ2_R_H02_C03_F02,2,Parallel Arm Lift — Contact Loss,reposition_and_regrip(),0.7947000574712644,False
R_H02_C03_F02,diagnosed_LIFT_OBJECT_unanticipated__RQ2_R_H02_C03_F02,3,Cobot Industrial — Incremental Heavy Part Transfer,heavy_lift(),0.7639957475678442,False
R_H02_C03_F02,diagnosed_LIFT_OBJECT_unanticipated__RQ2_R_H02_C03_F02,4,Lightweight Arm Lift — Height Verification Only,extend_lift_phase(),0.6293986539624924,False
R_H02_C03_F02,diagnosed_LIFT_OBJECT_unanticipated__RQ2_R_H02_C03_F02,5,Cobot Lift Failure — Grip Pressure,increase_grip_pressure(),0.5779058620689655,False
R_H02_C03_F02,diagnosed_LIFT_OBJECT_unanticipated__RQ2_R_H02_C03_F02,6,Heavy Duty Arm — Motor Overload During Lift,reduce_lift_speed(),0.5,False
R_H02_C03_F02,diagnosed_LIFT_OBJECT_unanticipated__RQ2_R_H02_C03_F02,7,Suction Arm Lift — Vacuum Loss,emergency_vacuum_pump(),0.3333333333333333,False
R_H02_C03_F03,diagnosed_LIFT_OBJECT_unanticipated__RQ2_R_H02_C03_F03,1,Lift Slip — Low Friction Surface,apply_vacuum_assist(),0.9084877777777778,True
R_H02_C03_F03,diagnosed_LIFT_OBJECT_unanticipated__RQ2_R_H02_C03_F03,2,Parallel Arm Lift — Contact Loss,reposition_and_regrip(),0.7947000574712644,False
R_H02_C03_F03,diagnosed_LIFT_OBJECT_unanticipated__RQ2_R_H02_C03_F03,3,Cobot Industrial — Incremental Heavy Part Transfer,heavy_lift(),0.7639957475678442,False
R_H02_C03_F03,diagnosed_LIFT_OBJECT_unanticipated__RQ2_R_H02_C03_F03,4,Lightweight Arm Lift — Height Verification Only,extend_lift_phase(),0.6293986539624924,False
R_H02_C03_F03,diagnosed_LIFT_OBJECT_unanticipated__RQ2_R_H02_C03_F03,5,Cobot Lift Failure — Grip Pressure,increase_grip_pressure(),0.5779058620689655,False
R_H02_C03_F03,diagnosed_LIFT_OBJECT_unanticipated__RQ2_R_H02_C03_F03,6,Heavy Duty Arm — Motor Overload During Lift,reduce_lift_speed(),0.5,False
R_H02_C03_F03,diagnosed_LIFT_OBJECT_unanticipated__RQ2_R_H02_C03_F03,7,Suction Arm Lift — Vacuum Loss,emergency_vacuum_pump(),0.3333333333333333,False
R_H02_C03_F04,diagnosed_LIFT_OBJECT_unanticipated__RQ2_R_H02_C03_F04,1,Lift Slip — Low Friction Surface,apply_vacuum_assist(),0.9126544444444445,True
R_H02_C03_F04,diagnosed_LIFT_OBJECT_unanticipated__RQ2_R_H02_C03_F04,2,Parallel Arm Lift — Contact Loss,reposition_and_regrip(),0.7947000574712644,False
R_H02_C03_F04,diagnosed_LIFT_OBJECT_unanticipated__RQ2_R_H02_C03_F04,3,Cobot Industrial — Incremental Heavy Part Transfer,heavy_lift(),0.7639957475678442,False
R_H02_C03_F04,diagnosed_LIFT_OBJECT_unanticipated__RQ2_R_H02_C03_F04,4,Lightweight Arm Lift — Height Verification Only,extend_lift_phase(),0.6293986539624924,False
R_H02_C03_F04,diagnosed_LIFT_OBJECT_unanticipated__RQ2_R_H02_C03_F04,5,Cobot Lift Failure — Grip Pressure,increase_grip_pressure(),0.5779058620689655,False
R_H02_C03_F04,diagnosed_LIFT_OBJECT_unanticipated__RQ2_R_H02_C03_F04,6,Heavy Duty Arm — Motor Overload During Lift,reduce_lift_speed(),0.5,False
R_H02_C03_F04,diagnosed_LIFT_OBJECT_unanticipated__RQ2_R_H02_C03_F04,7,Suction Arm Lift — Vacuum Loss,emergency_vacuum_pump(),0.3333333333333333,False
R_H02_C03_F05,diagnosed_LIFT_OBJECT_unanticipated__RQ2_R_H02_C03_F05,1,Lift Slip — Low Friction Surface,apply_vacuum_assist(),0.9320988888888889,True
R_H02_C03_F05,diagnosed_LIFT_OBJECT_unanticipated__RQ2_R_H02_C03_F05,2,Parallel Arm Lift — Contact Loss,reposition_and_regrip(),0.7947000574712644,False
R_H02_C03_F05,diagnosed_LIFT_OBJECT_unanticipated__RQ2_R_H02_C03_F05,3,Cobot Industrial — Incremental Heavy Part Transfer,heavy_lift(),0.7639957475678442,False
R_H02_C03_F05,diagnosed_LIFT_OBJECT_unanticipated__RQ2_R_H02_C03_F05,4,Lightweight Arm Lift — Height Verification Only,extend_lift_phase(),0.6293986539624924,False
R_H02_C03_F05,diagnosed_LIFT_OBJECT_unanticipated__RQ2_R_H02_C03_F05,5,Cobot Lift Failure — Grip Pressure,increase_grip_pressure(),0.5779058620689655,False
R_H02_C03_F05,diagnosed_LIFT_OBJECT_unanticipated__RQ2_R_H02_C03_F05,6,Heavy Duty Arm — Motor Overload During Lift,reduce_lift_speed(),0.5,False
R_H02_C03_F05,diagnosed_LIFT_OBJECT_unanticipated__RQ2_R_H02_C03_F05,7,Suction Arm Lift — Vacuum Loss,emergency_vacuum_pump(),0.3333333333333333,False
R_H02_C03_F06,diagnosed_LIFT_OBJECT_unanticipated__RQ2_R_H02_C03_F06,1,Lift Slip — Low Friction Surface,apply_vacuum_assist(),0.9098766666666666,True
R_H02_C03_F06,diagnosed_LIFT_OBJECT_unanticipated__RQ2_R_H02_C03_F06,2,Parallel Arm Lift — Contact Loss,reposition_and_regrip(),0.7947000574712644,False
R_H02_C03_F06,diagnosed_LIFT_OBJECT_unanticipated__RQ2_R_H02_C03_F06,3,Cobot Industrial — Incremental Heavy Part Transfer,heavy_lift(),0.7639957475678442,False
R_H02_C03_F06,diagnosed_LIFT_OBJECT_unanticipated__RQ2_R_H02_C03_F06,4,Lightweight Arm Lift — Height Verification Only,extend_lift_phase(),0.6293986539624924,False
R_H02_C03_F06,diagnosed_LIFT_OBJECT_unanticipated__RQ2_R_H02_C03_F06,5,Cobot Lift Failure — Grip Pressure,increase_grip_pressure(),0.5779058620689655,False
R_H02_C03_F06,diagnosed_LIFT_OBJECT_unanticipated__RQ2_R_H02_C03_F06,6,Heavy Duty Arm — Motor Overload During Lift,reduce_lift_speed(),0.5,False
R_H02_C03_F06,diagnosed_LIFT_OBJECT_unanticipated__RQ2_R_H02_C03_F06,7,Suction Arm Lift — Vacuum Loss,emergency_vacuum_pump(),0.3333333333333333,False
R_H02_C03_F07,diagnosed_LIFT_OBJECT_unanticipated__RQ2_R_H02_C03_F07,1,Lift Slip — Low Friction Surface,apply_vacuum_assist(),0.8654322222222222,True
R_H02_C03_F07,diagnosed_LIFT_OBJECT_unanticipated__RQ2_R_H02_C03_F07,2,Parallel Arm Lift — Contact Loss,reposition_and_regrip(),0.7947000574712644,False
R_H02_C03_F07,diagnosed_LIFT_OBJECT_unanticipated__RQ2_R_H02_C03_F07,3,Cobot Industrial — Incremental Heavy Part Transfer,heavy_lift(),0.7639957475678442,False
R_H02_C03_F07,diagnosed_LIFT_OBJECT_unanticipated__RQ2_R_H02_C03_F07,4,Lightweight Arm Lift — Height Verification Only,extend_lift_phase(),0.6293986539624924,False
R_H02_C03_F07,diagnosed_LIFT_OBJECT_unanticipated__RQ2_R_H02_C03_F07,5,Cobot Lift Failure — Grip Pressure,increase_grip_pressure(),0.5779058620689655,False
R_H02_C03_F07,diagnosed_LIFT_OBJECT_unanticipated__RQ2_R_H02_C03_F07,6,Heavy Duty Arm — Motor Overload During Lift,reduce_lift_speed(),0.5,False
R_H02_C03_F07,diagnosed_LIFT_OBJECT_unanticipated__RQ2_R_H02_C03_F07,7,Suction Arm Lift — Vacuum Loss,emergency_vacuum_pump(),0.3333333333333333,False
R_H02_C03_F08,diagnosed_LIFT_OBJECT_unanticipated__RQ2_R_H02_C03_F08,1,Lift Slip — Low Friction Surface,apply_vacuum_assist(),0.8257099999999999,True
R_H02_C03_F08,diagnosed_LIFT_OBJECT_unanticipated__RQ2_R_H02_C03_F08,2,Parallel Arm Lift — Contact Loss,reposition_and_regrip(),0.7947000574712644,False
R_H02_C03_F08,diagnosed_LIFT_OBJECT_unanticipated__RQ2_R_H02_C03_F08,3,Cobot Industrial — Incremental Heavy Part Transfer,heavy_lift(),0.7639957475678442,False
R_H02_C03_F08,diagnosed_LIFT_OBJECT_unanticipated__RQ2_R_H02_C03_F08,4,Lightweight Arm Lift — Height Verification Only,extend_lift_phase(),0.6293986539624924,False
R_H02_C03_F08,diagnosed_LIFT_OBJECT_unanticipated__RQ2_R_H02_C03_F08,5,Cobot Lift Failure — Grip Pressure,increase_grip_pressure(),0.5779058620689655,False
R_H02_C03_F08,diagnosed_LIFT_OBJECT_unanticipated__RQ2_R_H02_C03_F08,6,Heavy Duty Arm — Motor Overload During Lift,reduce_lift_speed(),0.5,False
R_H02_C03_F08,diagnosed_LIFT_OBJECT_unanticipated__RQ2_R_H02_C03_F08,7,Suction Arm Lift — Vacuum Loss,emergency_vacuum_pump(),0.3333333333333333,False
R_H02_C03_F09,diagnosed_LIFT_OBJECT_unanticipated__RQ2_R_H02_C03_F09,1,Lift Slip — Low Friction Surface,apply_vacuum_assist(),0.8209877777777779,True
R_H02_C03_F09,diagnosed_LIFT_OBJECT_unanticipated__RQ2_R_H02_C03_F09,2,Parallel Arm Lift — Contact Loss,reposition_and_regrip(),0.7947000574712644,False
R_H02_C03_F09,diagnosed_LIFT_OBJECT_unanticipated__RQ2_R_H02_C03_F09,3,Cobot Industrial — Incremental Heavy Part Transfer,heavy_lift(),0.7639957475678442,False
R_H02_C03_F09,diagnosed_LIFT_OBJECT_unanticipated__RQ2_R_H02_C03_F09,4,Lightweight Arm Lift — Height Verification Only,extend_lift_phase(),0.6293986539624924,False
R_H02_C03_F09,diagnosed_LIFT_OBJECT_unanticipated__RQ2_R_H02_C03_F09,5,Cobot Lift Failure — Grip Pressure,increase_grip_pressure(),0.5779058620689655,False
R_H02_C03_F09,diagnosed_LIFT_OBJECT_unanticipated__RQ2_R_H02_C03_F09,6,Heavy Duty Arm — Motor Overload During Lift,reduce_lift_speed(),0.5,False
R_H02_C03_F09,diagnosed_LIFT_OBJECT_unanticipated__RQ2_R_H02_C03_F09,7,Suction Arm Lift — Vacuum Loss,emergency_vacuum_pump(),0.3333333333333333,False
R_H02_C03_F10,diagnosed_LIFT_OBJECT_unanticipated__RQ2_R_H02_C03_F10,1,Lift Slip — Low Friction Surface,apply_vacuum_assist(),0.8209877777777779,True
R_H02_C03_F10,diagnosed_LIFT_OBJECT_unanticipated__RQ2_R_H02_C03_F10,2,Parallel Arm Lift — Contact Loss,reposition_and_regrip(),0.7947000574712644,False
R_H02_C03_F10,diagnosed_LIFT_OBJECT_unanticipated__RQ2_R_H02_C03_F10,3,Cobot Industrial — Incremental Heavy Part Transfer,heavy_lift(),0.7639957475678442,False
R_H02_C03_F10,diagnosed_LIFT_OBJECT_unanticipated__RQ2_R_H02_C03_F10,4,Lightweight Arm Lift — Height Verification Only,extend_lift_phase(),0.6293986539624924,False
R_H02_C03_F10,diagnosed_LIFT_OBJECT_unanticipated__RQ2_R_H02_C03_F10,5,Cobot Lift Failure — Grip Pressure,increase_grip_pressure(),0.5779058620689655,False
R_H02_C03_F10,diagnosed_LIFT_OBJECT_unanticipated__RQ2_R_H02_C03_F10,6,Heavy Duty Arm — Motor Overload During Lift,reduce_lift_speed(),0.5,False
R_H02_C03_F10,diagnosed_LIFT_OBJECT_unanticipated__RQ2_R_H02_C03_F10,7,Suction Arm Lift — Vacuum Loss,emergency_vacuum_pump(),0.3333333333333333,False
R_H02_C04_F01,diagnosed_LIFT_OBJECT_unanticipated__RQ2_R_H02_C04_F01,1,Lift Slip — Low Friction Surface,apply_vacuum_assist(),0.8302466666666666,True
R_H02_C04_F01,diagnosed_LIFT_OBJECT_unanticipated__RQ2_R_H02_C04_F01,2,Parallel Arm Lift — Contact Loss,reposition_and_regrip(),0.766921724137931,False
R_H02_C04_F01,diagnosed_LIFT_OBJECT_unanticipated__RQ2_R_H02_C04_F01,3,Cobot Industrial — Incremental Heavy Part Transfer,heavy_lift(),0.7362174142345109,False
R_H02_C04_F01,diagnosed_LIFT_OBJECT_unanticipated__RQ2_R_H02_C04_F01,4,Lightweight Arm Lift — Height Verification Only,extend_lift_phase(),0.6016203206291592,False
R_H02_C04_F01,diagnosed_LIFT_OBJECT_unanticipated__RQ2_R_H02_C04_F01,5,Cobot Lift Failure — Grip Pressure,increase_grip_pressure(),0.5779058620689655,False
R_H02_C04_F01,diagnosed_LIFT_OBJECT_unanticipated__RQ2_R_H02_C04_F01,6,Heavy Duty Arm — Motor Overload During Lift,reduce_lift_speed(),0.5,False
R_H02_C04_F01,diagnosed_LIFT_OBJECT_unanticipated__RQ2_R_H02_C04_F01,7,Suction Arm Lift — Vacuum Loss,emergency_vacuum_pump(),0.3333333333333333,False
R_H02_C04_F02,diagnosed_LIFT_OBJECT_unanticipated__RQ2_R_H02_C04_F02,1,Lift Slip — Low Friction Surface,apply_vacuum_assist(),0.8858022222222223,True
R_H02_C04_F02,diagnosed_LIFT_OBJECT_unanticipated__RQ2_R_H02_C04_F02,2,Parallel Arm Lift — Contact Loss,reposition_and_regrip(),0.766921724137931,False
R_H02_C04_F02,diagnosed_LIFT_OBJECT_unanticipated__RQ2_R_H02_C04_F02,3,Cobot Industrial — Incremental Heavy Part Transfer,heavy_lift(),0.7362174142345109,False
R_H02_C04_F02,diagnosed_LIFT_OBJECT_unanticipated__RQ2_R_H02_C04_F02,4,Lightweight Arm Lift — Height Verification Only,extend_lift_phase(),0.6016203206291592,False
R_H02_C04_F02,diagnosed_LIFT_OBJECT_unanticipated__RQ2_R_H02_C04_F02,5,Cobot Lift Failure — Grip Pressure,increase_grip_pressure(),0.5779058620689655,False
R_H02_C04_F02,diagnosed_LIFT_OBJECT_unanticipated__RQ2_R_H02_C04_F02,6,Heavy Duty Arm — Motor Overload During Lift,reduce_lift_speed(),0.5,False
R_H02_C04_F02,diagnosed_LIFT_OBJECT_unanticipated__RQ2_R_H02_C04_F02,7,Suction Arm Lift — Vacuum Loss,emergency_vacuum_pump(),0.3333333333333333,False
R_H02_C04_F03,diagnosed_LIFT_OBJECT_unanticipated__RQ2_R_H02_C04_F03,1,Lift Slip — Low Friction Surface,apply_vacuum_assist(),0.8899688888888889,True
R_H02_C04_F03,diagnosed_LIFT_OBJECT_unanticipated__RQ2_R_H02_C04_F03,2,Parallel Arm Lift — Contact Loss,reposition_and_regrip(),0.766921724137931,False
R_H02_C04_F03,diagnosed_LIFT_OBJECT_unanticipated__RQ2_R_H02_C04_F03,3,Cobot Industrial — Incremental Heavy Part Transfer,heavy_lift(),0.7362174142345109,False
R_H02_C04_F03,diagnosed_LIFT_OBJECT_unanticipated__RQ2_R_H02_C04_F03,4,Lightweight Arm Lift — Height Verification Only,extend_lift_phase(),0.6016203206291592,False
R_H02_C04_F03,diagnosed_LIFT_OBJECT_unanticipated__RQ2_R_H02_C04_F03,5,Cobot Lift Failure — Grip Pressure,increase_grip_pressure(),0.5779058620689655,False
R_H02_C04_F03,diagnosed_LIFT_OBJECT_unanticipated__RQ2_R_H02_C04_F03,6,Heavy Duty Arm — Motor Overload During Lift,reduce_lift_speed(),0.5,False
R_H02_C04_F03,diagnosed_LIFT_OBJECT_unanticipated__RQ2_R_H02_C04_F03,7,Suction Arm Lift — Vacuum Loss,emergency_vacuum_pump(),0.3333333333333333,False
R_H02_C04_F04,diagnosed_LIFT_OBJECT_unanticipated__RQ2_R_H02_C04_F04,1,Lift Slip — Low Friction Surface,apply_vacuum_assist(),0.8941355555555556,True
R_H02_C04_F04,diagnosed_LIFT_OBJECT_unanticipated__RQ2_R_H02_C04_F04,2,Parallel Arm Lift — Contact Loss,reposition_and_regrip(),0.766921724137931,False
R_H02_C04_F04,diagnosed_LIFT_OBJECT_unanticipated__RQ2_R_H02_C04_F04,3,Cobot Industrial — Incremental Heavy Part Transfer,heavy_lift(),0.7362174142345109,False
R_H02_C04_F04,diagnosed_LIFT_OBJECT_unanticipated__RQ2_R_H02_C04_F04,4,Lightweight Arm Lift — Height Verification Only,extend_lift_phase(),0.6016203206291592,False
R_H02_C04_F04,diagnosed_LIFT_OBJECT_unanticipated__RQ2_R_H02_C04_F04,5,Cobot Lift Failure — Grip Pressure,increase_grip_pressure(),0.5779058620689655,False
R_H02_C04_F04,diagnosed_LIFT_OBJECT_unanticipated__RQ2_R_H02_C04_F04,6,Heavy Duty Arm — Motor Overload During Lift,reduce_lift_speed(),0.5,False
R_H02_C04_F04,diagnosed_LIFT_OBJECT_unanticipated__RQ2_R_H02_C04_F04,7,Suction Arm Lift — Vacuum Loss,emergency_vacuum_pump(),0.3333333333333333,False
R_H02_C04_F05,diagnosed_LIFT_OBJECT_unanticipated__RQ2_R_H02_C04_F05,1,Lift Slip — Low Friction Surface,apply_vacuum_assist(),0.9135800000000001,True
R_H02_C04_F05,diagnosed_LIFT_OBJECT_unanticipated__RQ2_R_H02_C04_F05,2,Parallel Arm Lift — Contact Loss,reposition_and_regrip(),0.766921724137931,False
R_H02_C04_F05,diagnosed_LIFT_OBJECT_unanticipated__RQ2_R_H02_C04_F05,3,Cobot Industrial — Incremental Heavy Part Transfer,heavy_lift(),0.7362174142345109,False
R_H02_C04_F05,diagnosed_LIFT_OBJECT_unanticipated__RQ2_R_H02_C04_F05,4,Lightweight Arm Lift — Height Verification Only,extend_lift_phase(),0.6016203206291592,False
R_H02_C04_F05,diagnosed_LIFT_OBJECT_unanticipated__RQ2_R_H02_C04_F05,5,Cobot Lift Failure — Grip Pressure,increase_grip_pressure(),0.5779058620689655,False
R_H02_C04_F05,diagnosed_LIFT_OBJECT_unanticipated__RQ2_R_H02_C04_F05,6,Heavy Duty Arm — Motor Overload During Lift,reduce_lift_speed(),0.5,False
R_H02_C04_F05,diagnosed_LIFT_OBJECT_unanticipated__RQ2_R_H02_C04_F05,7,Suction Arm Lift — Vacuum Loss,emergency_vacuum_pump(),0.3333333333333333,False
R_H02_C04_F06,diagnosed_LIFT_OBJECT_unanticipated__RQ2_R_H02_C04_F06,1,Lift Slip — Low Friction Surface,apply_vacuum_assist(),0.8913577777777778,True
R_H02_C04_F06,diagnosed_LIFT_OBJECT_unanticipated__RQ2_R_H02_C04_F06,2,Parallel Arm Lift — Contact Loss,reposition_and_regrip(),0.766921724137931,False
R_H02_C04_F06,diagnosed_LIFT_OBJECT_unanticipated__RQ2_R_H02_C04_F06,3,Cobot Industrial — Incremental Heavy Part Transfer,heavy_lift(),0.7362174142345109,False
R_H02_C04_F06,diagnosed_LIFT_OBJECT_unanticipated__RQ2_R_H02_C04_F06,4,Lightweight Arm Lift — Height Verification Only,extend_lift_phase(),0.6016203206291592,False
R_H02_C04_F06,diagnosed_LIFT_OBJECT_unanticipated__RQ2_R_H02_C04_F06,5,Cobot Lift Failure — Grip Pressure,increase_grip_pressure(),0.5779058620689655,False
R_H02_C04_F06,diagnosed_LIFT_OBJECT_unanticipated__RQ2_R_H02_C04_F06,6,Heavy Duty Arm — Motor Overload During Lift,reduce_lift_speed(),0.5,False
R_H02_C04_F06,diagnosed_LIFT_OBJECT_unanticipated__RQ2_R_H02_C04_F06,7,Suction Arm Lift — Vacuum Loss,emergency_vacuum_pump(),0.3333333333333333,False
R_H02_C04_F07,diagnosed_LIFT_OBJECT_unanticipated__RQ2_R_H02_C04_F07,1,Lift Slip — Low Friction Surface,apply_vacuum_assist(),0.8469133333333333,True
R_H02_C04_F07,diagnosed_LIFT_OBJECT_unanticipated__RQ2_R_H02_C04_F07,2,Parallel Arm Lift — Contact Loss,reposition_and_regrip(),0.766921724137931,False
R_H02_C04_F07,diagnosed_LIFT_OBJECT_unanticipated__RQ2_R_H02_C04_F07,3,Cobot Industrial — Incremental Heavy Part Transfer,heavy_lift(),0.7362174142345109,False
R_H02_C04_F07,diagnosed_LIFT_OBJECT_unanticipated__RQ2_R_H02_C04_F07,4,Lightweight Arm Lift — Height Verification Only,extend_lift_phase(),0.6016203206291592,False
R_H02_C04_F07,diagnosed_LIFT_OBJECT_unanticipated__RQ2_R_H02_C04_F07,5,Cobot Lift Failure — Grip Pressure,increase_grip_pressure(),0.5779058620689655,False
R_H02_C04_F07,diagnosed_LIFT_OBJECT_unanticipated__RQ2_R_H02_C04_F07,6,Heavy Duty Arm — Motor Overload During Lift,reduce_lift_speed(),0.5,False
R_H02_C04_F07,diagnosed_LIFT_OBJECT_unanticipated__RQ2_R_H02_C04_F07,7,Suction Arm Lift — Vacuum Loss,emergency_vacuum_pump(),0.3333333333333333,False
R_H02_C04_F08,diagnosed_LIFT_OBJECT_unanticipated__RQ2_R_H02_C04_F08,1,Lift Slip — Low Friction Surface,apply_vacuum_assist(),0.8071911111111111,True
R_H02_C04_F08,diagnosed_LIFT_OBJECT_unanticipated__RQ2_R_H02_C04_F08,2,Parallel Arm Lift — Contact Loss,reposition_and_regrip(),0.766921724137931,False
R_H02_C04_F08,diagnosed_LIFT_OBJECT_unanticipated__RQ2_R_H02_C04_F08,3,Cobot Industrial — Incremental Heavy Part Transfer,heavy_lift(),0.7362174142345109,False
R_H02_C04_F08,diagnosed_LIFT_OBJECT_unanticipated__RQ2_R_H02_C04_F08,4,Lightweight Arm Lift — Height Verification Only,extend_lift_phase(),0.6016203206291592,False
R_H02_C04_F08,diagnosed_LIFT_OBJECT_unanticipated__RQ2_R_H02_C04_F08,5,Cobot Lift Failure — Grip Pressure,increase_grip_pressure(),0.5779058620689655,False
R_H02_C04_F08,diagnosed_LIFT_OBJECT_unanticipated__RQ2_R_H02_C04_F08,6,Heavy Duty Arm — Motor Overload During Lift,reduce_lift_speed(),0.5,False
R_H02_C04_F08,diagnosed_LIFT_OBJECT_unanticipated__RQ2_R_H02_C04_F08,7,Suction Arm Lift — Vacuum Loss,emergency_vacuum_pump(),0.3333333333333333,False
R_H02_C04_F09,diagnosed_LIFT_OBJECT_unanticipated__RQ2_R_H02_C04_F09,1,Lift Slip — Low Friction Surface,apply_vacuum_assist(),0.8024688888888889,True
R_H02_C04_F09,diagnosed_LIFT_OBJECT_unanticipated__RQ2_R_H02_C04_F09,2,Parallel Arm Lift — Contact Loss,reposition_and_regrip(),0.766921724137931,False
R_H02_C04_F09,diagnosed_LIFT_OBJECT_unanticipated__RQ2_R_H02_C04_F09,3,Cobot Industrial — Incremental Heavy Part Transfer,heavy_lift(),0.7362174142345109,False
R_H02_C04_F09,diagnosed_LIFT_OBJECT_unanticipated__RQ2_R_H02_C04_F09,4,Lightweight Arm Lift — Height Verification Only,extend_lift_phase(),0.6016203206291592,False
R_H02_C04_F09,diagnosed_LIFT_OBJECT_unanticipated__RQ2_R_H02_C04_F09,5,Cobot Lift Failure — Grip Pressure,increase_grip_pressure(),0.5779058620689655,False
R_H02_C04_F09,diagnosed_LIFT_OBJECT_unanticipated__RQ2_R_H02_C04_F09,6,Heavy Duty Arm — Motor Overload During Lift,reduce_lift_speed(),0.5,False
R_H02_C04_F09,diagnosed_LIFT_OBJECT_unanticipated__RQ2_R_H02_C04_F09,7,Suction Arm Lift — Vacuum Loss,emergency_vacuum_pump(),0.3333333333333333,False
R_H02_C04_F10,diagnosed_LIFT_OBJECT_unanticipated__RQ2_R_H02_C04_F10,1,Lift Slip — Low Friction Surface,apply_vacuum_assist(),0.8024688888888889,True
R_H02_C04_F10,diagnosed_LIFT_OBJECT_unanticipated__RQ2_R_H02_C04_F10,2,Parallel Arm Lift — Contact Loss,reposition_and_regrip(),0.766921724137931,False
R_H02_C04_F10,diagnosed_LIFT_OBJECT_unanticipated__RQ2_R_H02_C04_F10,3,Cobot Industrial — Incremental Heavy Part Transfer,heavy_lift(),0.7362174142345109,False
R_H02_C04_F10,diagnosed_LIFT_OBJECT_unanticipated__RQ2_R_H02_C04_F10,4,Lightweight Arm Lift — Height Verification Only,extend_lift_phase(),0.6016203206291592,False
R_H02_C04_F10,diagnosed_LIFT_OBJECT_unanticipated__RQ2_R_H02_C04_F10,5,Cobot Lift Failure — Grip Pressure,increase_grip_pressure(),0.5779058620689655,False
R_H02_C04_F10,diagnosed_LIFT_OBJECT_unanticipated__RQ2_R_H02_C04_F10,6,Heavy Duty Arm — Motor Overload During Lift,reduce_lift_speed(),0.5,False
R_H02_C04_F10,diagnosed_LIFT_OBJECT_unanticipated__RQ2_R_H02_C04_F10,7,Suction Arm Lift — Vacuum Loss,emergency_vacuum_pump(),0.3333333333333333,False
R_H02_C05_F01,diagnosed_LIFT_OBJECT_unanticipated__RQ2_R_H02_C05_F01,1,Lift Slip — Low Friction Surface,apply_vacuum_assist(),0.8209877777777779,True
R_H02_C05_F01,diagnosed_LIFT_OBJECT_unanticipated__RQ2_R_H02_C05_F01,2,Parallel Arm Lift — Contact Loss,reposition_and_regrip(),0.7530333908045977,False
R_H02_C05_F01,diagnosed_LIFT_OBJECT_unanticipated__RQ2_R_H02_C05_F01,3,Cobot Industrial — Incremental Heavy Part Transfer,heavy_lift(),0.7223290809011775,False
R_H02_C05_F01,diagnosed_LIFT_OBJECT_unanticipated__RQ2_R_H02_C05_F01,4,Lightweight Arm Lift — Height Verification Only,extend_lift_phase(),0.5877319872958258,False
R_H02_C05_F01,diagnosed_LIFT_OBJECT_unanticipated__RQ2_R_H02_C05_F01,5,Cobot Lift Failure — Grip Pressure,increase_grip_pressure(),0.5779058620689655,False
R_H02_C05_F01,diagnosed_LIFT_OBJECT_unanticipated__RQ2_R_H02_C05_F01,6,Heavy Duty Arm — Motor Overload During Lift,reduce_lift_speed(),0.5,False
R_H02_C05_F01,diagnosed_LIFT_OBJECT_unanticipated__RQ2_R_H02_C05_F01,7,Suction Arm Lift — Vacuum Loss,emergency_vacuum_pump(),0.3333333333333333,False
R_H02_C05_F02,diagnosed_LIFT_OBJECT_unanticipated__RQ2_R_H02_C05_F02,1,Lift Slip — Low Friction Surface,apply_vacuum_assist(),0.8765433333333333,True
R_H02_C05_F02,diagnosed_LIFT_OBJECT_unanticipated__RQ2_R_H02_C05_F02,2,Parallel Arm Lift — Contact Loss,reposition_and_regrip(),0.7530333908045977,False
R_H02_C05_F02,diagnosed_LIFT_OBJECT_unanticipated__RQ2_R_H02_C05_F02,3,Cobot Industrial — Incremental Heavy Part Transfer,heavy_lift(),0.7223290809011775,False
R_H02_C05_F02,diagnosed_LIFT_OBJECT_unanticipated__RQ2_R_H02_C05_F02,4,Lightweight Arm Lift — Height Verification Only,extend_lift_phase(),0.5877319872958258,False
R_H02_C05_F02,diagnosed_LIFT_OBJECT_unanticipated__RQ2_R_H02_C05_F02,5,Cobot Lift Failure — Grip Pressure,increase_grip_pressure(),0.5779058620689655,False
R_H02_C05_F02,diagnosed_LIFT_OBJECT_unanticipated__RQ2_R_H02_C05_F02,6,Heavy Duty Arm — Motor Overload During Lift,reduce_lift_speed(),0.5,False
R_H02_C05_F02,diagnosed_LIFT_OBJECT_unanticipated__RQ2_R_H02_C05_F02,7,Suction Arm Lift — Vacuum Loss,emergency_vacuum_pump(),0.3333333333333333,False
R_H02_C05_F03,diagnosed_LIFT_OBJECT_unanticipated__RQ2_R_H02_C05_F03,1,Lift Slip — Low Friction Surface,apply_vacuum_assist(),0.88071,True
R_H02_C05_F03,diagnosed_LIFT_OBJECT_unanticipated__RQ2_R_H02_C05_F03,2,Parallel Arm Lift — Contact Loss,reposition_and_regrip(),0.7530333908045977,False
R_H02_C05_F03,diagnosed_LIFT_OBJECT_unanticipated__RQ2_R_H02_C05_F03,3,Cobot Industrial — Incremental Heavy Part Transfer,heavy_lift(),0.7223290809011775,False
R_H02_C05_F03,diagnosed_LIFT_OBJECT_unanticipated__RQ2_R_H02_C05_F03,4,Lightweight Arm Lift — Height Verification Only,extend_lift_phase(),0.5877319872958258,False
R_H02_C05_F03,diagnosed_LIFT_OBJECT_unanticipated__RQ2_R_H02_C05_F03,5,Cobot Lift Failure — Grip Pressure,increase_grip_pressure(),0.5779058620689655,False
R_H02_C05_F03,diagnosed_LIFT_OBJECT_unanticipated__RQ2_R_H02_C05_F03,6,Heavy Duty Arm — Motor Overload During Lift,reduce_lift_speed(),0.5,False
R_H02_C05_F03,diagnosed_LIFT_OBJECT_unanticipated__RQ2_R_H02_C05_F03,7,Suction Arm Lift — Vacuum Loss,emergency_vacuum_pump(),0.3333333333333333,False
R_H02_C05_F04,diagnosed_LIFT_OBJECT_unanticipated__RQ2_R_H02_C05_F04,1,Lift Slip — Low Friction Surface,apply_vacuum_assist(),0.8848766666666666,True
R_H02_C05_F04,diagnosed_LIFT_OBJECT_unanticipated__RQ2_R_H02_C05_F04,2,Parallel Arm Lift — Contact Loss,reposition_and_regrip(),0.7530333908045977,False
R_H02_C05_F04,diagnosed_LIFT_OBJECT_unanticipated__RQ2_R_H02_C05_F04,3,Cobot Industrial — Incremental Heavy Part Transfer,heavy_lift(),0.7223290809011775,False
R_H02_C05_F04,diagnosed_LIFT_OBJECT_unanticipated__RQ2_R_H02_C05_F04,4,Lightweight Arm Lift — Height Verification Only,extend_lift_phase(),0.5877319872958258,False
R_H02_C05_F04,diagnosed_LIFT_OBJECT_unanticipated__RQ2_R_H02_C05_F04,5,Cobot Lift Failure — Grip Pressure,increase_grip_pressure(),0.5779058620689655,False
R_H02_C05_F04,diagnosed_LIFT_OBJECT_unanticipated__RQ2_R_H02_C05_F04,6,Heavy Duty Arm — Motor Overload During Lift,reduce_lift_speed(),0.5,False
R_H02_C05_F04,diagnosed_LIFT_OBJECT_unanticipated__RQ2_R_H02_C05_F04,7,Suction Arm Lift — Vacuum Loss,emergency_vacuum_pump(),0.3333333333333333,False
R_H02_C05_F05,diagnosed_LIFT_OBJECT_unanticipated__RQ2_R_H02_C05_F05,1,Lift Slip — Low Friction Surface,apply_vacuum_assist(),0.904321111111111,True
R_H02_C05_F05,diagnosed_LIFT_OBJECT_unanticipated__RQ2_R_H02_C05_F05,2,Parallel Arm Lift — Contact Loss,reposition_and_regrip(),0.7530333908045977,False
R_H02_C05_F05,diagnosed_LIFT_OBJECT_unanticipated__RQ2_R_H02_C05_F05,3,Cobot Industrial — Incremental Heavy Part Transfer,heavy_lift(),0.7223290809011775,False
R_H02_C05_F05,diagnosed_LIFT_OBJECT_unanticipated__RQ2_R_H02_C05_F05,4,Lightweight Arm Lift — Height Verification Only,extend_lift_phase(),0.5877319872958258,False
R_H02_C05_F05,diagnosed_LIFT_OBJECT_unanticipated__RQ2_R_H02_C05_F05,5,Cobot Lift Failure — Grip Pressure,increase_grip_pressure(),0.5779058620689655,False
R_H02_C05_F05,diagnosed_LIFT_OBJECT_unanticipated__RQ2_R_H02_C05_F05,6,Heavy Duty Arm — Motor Overload During Lift,reduce_lift_speed(),0.5,False
R_H02_C05_F05,diagnosed_LIFT_OBJECT_unanticipated__RQ2_R_H02_C05_F05,7,Suction Arm Lift — Vacuum Loss,emergency_vacuum_pump(),0.3333333333333333,False
R_H02_C05_F06,diagnosed_LIFT_OBJECT_unanticipated__RQ2_R_H02_C05_F06,1,Lift Slip — Low Friction Surface,apply_vacuum_assist(),0.8820988888888889,True
R_H02_C05_F06,diagnosed_LIFT_OBJECT_unanticipated__RQ2_R_H02_C05_F06,2,Parallel Arm Lift — Contact Loss,reposition_and_regrip(),0.7530333908045977,False
R_H02_C05_F06,diagnosed_LIFT_OBJECT_unanticipated__RQ2_R_H02_C05_F06,3,Cobot Industrial — Incremental Heavy Part Transfer,heavy_lift(),0.7223290809011775,False
R_H02_C05_F06,diagnosed_LIFT_OBJECT_unanticipated__RQ2_R_H02_C05_F06,4,Lightweight Arm Lift — Height Verification Only,extend_lift_phase(),0.5877319872958258,False
R_H02_C05_F06,diagnosed_LIFT_OBJECT_unanticipated__RQ2_R_H02_C05_F06,5,Cobot Lift Failure — Grip Pressure,increase_grip_pressure(),0.5779058620689655,False
R_H02_C05_F06,diagnosed_LIFT_OBJECT_unanticipated__RQ2_R_H02_C05_F06,6,Heavy Duty Arm — Motor Overload During Lift,reduce_lift_speed(),0.5,False
R_H02_C05_F06,diagnosed_LIFT_OBJECT_unanticipated__RQ2_R_H02_C05_F06,7,Suction Arm Lift — Vacuum Loss,emergency_vacuum_pump(),0.3333333333333333,False
R_H02_C05_F07,diagnosed_LIFT_OBJECT_unanticipated__RQ2_R_H02_C05_F07,1,Lift Slip — Low Friction Surface,apply_vacuum_assist(),0.8376544444444445,True
R_H02_C05_F07,diagnosed_LIFT_OBJECT_unanticipated__RQ2_R_H02_C05_F07,2,Parallel Arm Lift — Contact Loss,reposition_and_regrip(),0.7530333908045977,False
R_H02_C05_F07,diagnosed_LIFT_OBJECT_unanticipated__RQ2_R_H02_C05_F07,3,Cobot Industrial — Incremental Heavy Part Transfer,heavy_lift(),0.7223290809011775,False
R_H02_C05_F07,diagnosed_LIFT_OBJECT_unanticipated__RQ2_R_H02_C05_F07,4,Lightweight Arm Lift — Height Verification Only,extend_lift_phase(),0.5877319872958258,False
R_H02_C05_F07,diagnosed_LIFT_OBJECT_unanticipated__RQ2_R_H02_C05_F07,5,Cobot Lift Failure — Grip Pressure,increase_grip_pressure(),0.5779058620689655,False
R_H02_C05_F07,diagnosed_LIFT_OBJECT_unanticipated__RQ2_R_H02_C05_F07,6,Heavy Duty Arm — Motor Overload During Lift,reduce_lift_speed(),0.5,False
R_H02_C05_F07,diagnosed_LIFT_OBJECT_unanticipated__RQ2_R_H02_C05_F07,7,Suction Arm Lift — Vacuum Loss,emergency_vacuum_pump(),0.3333333333333333,False
R_H02_C05_F08,diagnosed_LIFT_OBJECT_unanticipated__RQ2_R_H02_C05_F08,1,Lift Slip — Low Friction Surface,apply_vacuum_assist(),0.7979322222222223,True
R_H02_C05_F08,diagnosed_LIFT_OBJECT_unanticipated__RQ2_R_H02_C05_F08,2,Parallel Arm Lift — Contact Loss,reposition_and_regrip(),0.7530333908045977,False
R_H02_C05_F08,diagnosed_LIFT_OBJECT_unanticipated__RQ2_R_H02_C05_F08,3,Cobot Industrial — Incremental Heavy Part Transfer,heavy_lift(),0.7223290809011775,False
R_H02_C05_F08,diagnosed_LIFT_OBJECT_unanticipated__RQ2_R_H02_C05_F08,4,Lightweight Arm Lift — Height Verification Only,extend_lift_phase(),0.5877319872958258,False
R_H02_C05_F08,diagnosed_LIFT_OBJECT_unanticipated__RQ2_R_H02_C05_F08,5,Cobot Lift Failure — Grip Pressure,increase_grip_pressure(),0.5779058620689655,False
R_H02_C05_F08,diagnosed_LIFT_OBJECT_unanticipated__RQ2_R_H02_C05_F08,6,Heavy Duty Arm — Motor Overload During Lift,reduce_lift_speed(),0.5,False
R_H02_C05_F08,diagnosed_LIFT_OBJECT_unanticipated__RQ2_R_H02_C05_F08,7,Suction Arm Lift — Vacuum Loss,emergency_vacuum_pump(),0.3333333333333333,False
R_H02_C05_F09,diagnosed_LIFT_OBJECT_unanticipated__RQ2_R_H02_C05_F09,1,Lift Slip — Low Friction Surface,apply_vacuum_assist(),0.7932099999999999,True
R_H02_C05_F09,diagnosed_LIFT_OBJECT_unanticipated__RQ2_R_H02_C05_F09,2,Parallel Arm Lift — Contact Loss,reposition_and_regrip(),0.7530333908045977,False
R_H02_C05_F09,diagnosed_LIFT_OBJECT_unanticipated__RQ2_R_H02_C05_F09,3,Cobot Industrial — Incremental Heavy Part Transfer,heavy_lift(),0.7223290809011775,False
R_H02_C05_F09,diagnosed_LIFT_OBJECT_unanticipated__RQ2_R_H02_C05_F09,4,Lightweight Arm Lift — Height Verification Only,extend_lift_phase(),0.5877319872958258,False
R_H02_C05_F09,diagnosed_LIFT_OBJECT_unanticipated__RQ2_R_H02_C05_F09,5,Cobot Lift Failure — Grip Pressure,increase_grip_pressure(),0.5779058620689655,False
R_H02_C05_F09,diagnosed_LIFT_OBJECT_unanticipated__RQ2_R_H02_C05_F09,6,Heavy Duty Arm — Motor Overload During Lift,reduce_lift_speed(),0.5,False
R_H02_C05_F09,diagnosed_LIFT_OBJECT_unanticipated__RQ2_R_H02_C05_F09,7,Suction Arm Lift — Vacuum Loss,emergency_vacuum_pump(),0.3333333333333333,False
R_H02_C05_F10,diagnosed_LIFT_OBJECT_unanticipated__RQ2_R_H02_C05_F10,1,Lift Slip — Low Friction Surface,apply_vacuum_assist(),0.7932099999999999,True
R_H02_C05_F10,diagnosed_LIFT_OBJECT_unanticipated__RQ2_R_H02_C05_F10,2,Parallel Arm Lift — Contact Loss,reposition_and_regrip(),0.7530333908045977,False
R_H02_C05_F10,diagnosed_LIFT_OBJECT_unanticipated__RQ2_R_H02_C05_F10,3,Cobot Industrial — Incremental Heavy Part Transfer,heavy_lift(),0.7223290809011775,False
R_H02_C05_F10,diagnosed_LIFT_OBJECT_unanticipated__RQ2_R_H02_C05_F10,4,Lightweight Arm Lift — Height Verification Only,extend_lift_phase(),0.5877319872958258,False
R_H02_C05_F10,diagnosed_LIFT_OBJECT_unanticipated__RQ2_R_H02_C05_F10,5,Cobot Lift Failure — Grip Pressure,increase_grip_pressure(),0.5779058620689655,False
R_H02_C05_F10,diagnosed_LIFT_OBJECT_unanticipated__RQ2_R_H02_C05_F10,6,Heavy Duty Arm — Motor Overload During Lift,reduce_lift_speed(),0.5,False
R_H02_C05_F10,diagnosed_LIFT_OBJECT_unanticipated__RQ2_R_H02_C05_F10,7,Suction Arm Lift — Vacuum Loss,emergency_vacuum_pump(),0.3333333333333333,False
R_H02_C06_F01,diagnosed_LIFT_OBJECT_unanticipated__RQ2_R_H02_C06_F01,1,Lift Slip — Low Friction Surface,apply_vacuum_assist(),0.7932099999999999,True
R_H02_C06_F01,diagnosed_LIFT_OBJECT_unanticipated__RQ2_R_H02_C06_F01,2,Parallel Arm Lift — Contact Loss,reposition_and_regrip(),0.711366724137931,False
R_H02_C06_F01,diagnosed_LIFT_OBJECT_unanticipated__RQ2_R_H02_C06_F01,3,Cobot Industrial — Incremental Heavy Part Transfer,heavy_lift(),0.6806624142345109,False
R_H02_C06_F01,diagnosed_LIFT_OBJECT_unanticipated__RQ2_R_H02_C06_F01,4,Cobot Lift Failure — Grip Pressure,increase_grip_pressure(),0.5779058620689655,False
R_H02_C06_F01,diagnosed_LIFT_OBJECT_unanticipated__RQ2_R_H02_C06_F01,5,Lightweight Arm Lift — Height Verification Only,extend_lift_phase(),0.5460653206291591,False
R_H02_C06_F01,diagnosed_LIFT_OBJECT_unanticipated__RQ2_R_H02_C06_F01,6,Heavy Duty Arm — Motor Overload During Lift,reduce_lift_speed(),0.5,False
R_H02_C06_F01,diagnosed_LIFT_OBJECT_unanticipated__RQ2_R_H02_C06_F01,7,Suction Arm Lift — Vacuum Loss,emergency_vacuum_pump(),0.3333333333333333,False
R_H02_C06_F02,diagnosed_LIFT_OBJECT_unanticipated__RQ2_R_H02_C06_F02,1,Lift Slip — Low Friction Surface,apply_vacuum_assist(),0.8487655555555556,True
R_H02_C06_F02,diagnosed_LIFT_OBJECT_unanticipated__RQ2_R_H02_C06_F02,2,Parallel Arm Lift — Contact Loss,reposition_and_regrip(),0.711366724137931,False
R_H02_C06_F02,diagnosed_LIFT_OBJECT_unanticipated__RQ2_R_H02_C06_F02,3,Cobot Industrial — Incremental Heavy Part Transfer,heavy_lift(),0.6806624142345109,False
R_H02_C06_F02,diagnosed_LIFT_OBJECT_unanticipated__RQ2_R_H02_C06_F02,4,Cobot Lift Failure — Grip Pressure,increase_grip_pressure(),0.5779058620689655,False
R_H02_C06_F02,diagnosed_LIFT_OBJECT_unanticipated__RQ2_R_H02_C06_F02,5,Lightweight Arm Lift — Height Verification Only,extend_lift_phase(),0.5460653206291591,False
R_H02_C06_F02,diagnosed_LIFT_OBJECT_unanticipated__RQ2_R_H02_C06_F02,6,Heavy Duty Arm — Motor Overload During Lift,reduce_lift_speed(),0.5,False
R_H02_C06_F02,diagnosed_LIFT_OBJECT_unanticipated__RQ2_R_H02_C06_F02,7,Suction Arm Lift — Vacuum Loss,emergency_vacuum_pump(),0.3333333333333333,False
R_H02_C06_F03,diagnosed_LIFT_OBJECT_unanticipated__RQ2_R_H02_C06_F03,1,Lift Slip — Low Friction Surface,apply_vacuum_assist(),0.8529322222222223,True
R_H02_C06_F03,diagnosed_LIFT_OBJECT_unanticipated__RQ2_R_H02_C06_F03,2,Parallel Arm Lift — Contact Loss,reposition_and_regrip(),0.711366724137931,False
R_H02_C06_F03,diagnosed_LIFT_OBJECT_unanticipated__RQ2_R_H02_C06_F03,3,Cobot Industrial — Incremental Heavy Part Transfer,heavy_lift(),0.6806624142345109,False
R_H02_C06_F03,diagnosed_LIFT_OBJECT_unanticipated__RQ2_R_H02_C06_F03,4,Cobot Lift Failure — Grip Pressure,increase_grip_pressure(),0.5779058620689655,False
R_H02_C06_F03,diagnosed_LIFT_OBJECT_unanticipated__RQ2_R_H02_C06_F03,5,Lightweight Arm Lift — Height Verification Only,extend_lift_phase(),0.5460653206291591,False
R_H02_C06_F03,diagnosed_LIFT_OBJECT_unanticipated__RQ2_R_H02_C06_F03,6,Heavy Duty Arm — Motor Overload During Lift,reduce_lift_speed(),0.5,False
R_H02_C06_F03,diagnosed_LIFT_OBJECT_unanticipated__RQ2_R_H02_C06_F03,7,Suction Arm Lift — Vacuum Loss,emergency_vacuum_pump(),0.3333333333333333,False
R_H02_C06_F04,diagnosed_LIFT_OBJECT_unanticipated__RQ2_R_H02_C06_F04,1,Lift Slip — Low Friction Surface,apply_vacuum_assist(),0.8570988888888889,True
R_H02_C06_F04,diagnosed_LIFT_OBJECT_unanticipated__RQ2_R_H02_C06_F04,2,Parallel Arm Lift — Contact Loss,reposition_and_regrip(),0.711366724137931,False
R_H02_C06_F04,diagnosed_LIFT_OBJECT_unanticipated__RQ2_R_H02_C06_F04,3,Cobot Industrial — Incremental Heavy Part Transfer,heavy_lift(),0.6806624142345109,False
R_H02_C06_F04,diagnosed_LIFT_OBJECT_unanticipated__RQ2_R_H02_C06_F04,4,Cobot Lift Failure — Grip Pressure,increase_grip_pressure(),0.5779058620689655,False
R_H02_C06_F04,diagnosed_LIFT_OBJECT_unanticipated__RQ2_R_H02_C06_F04,5,Lightweight Arm Lift — Height Verification Only,extend_lift_phase(),0.5460653206291591,False
R_H02_C06_F04,diagnosed_LIFT_OBJECT_unanticipated__RQ2_R_H02_C06_F04,6,Heavy Duty Arm — Motor Overload During Lift,reduce_lift_speed(),0.5,False
R_H02_C06_F04,diagnosed_LIFT_OBJECT_unanticipated__RQ2_R_H02_C06_F04,7,Suction Arm Lift — Vacuum Loss,emergency_vacuum_pump(),0.3333333333333333,False
R_H02_C06_F05,diagnosed_LIFT_OBJECT_unanticipated__RQ2_R_H02_C06_F05,1,Lift Slip — Low Friction Surface,apply_vacuum_assist(),0.8765433333333333,True
R_H02_C06_F05,diagnosed_LIFT_OBJECT_unanticipated__RQ2_R_H02_C06_F05,2,Parallel Arm Lift — Contact Loss,reposition_and_regrip(),0.711366724137931,False
R_H02_C06_F05,diagnosed_LIFT_OBJECT_unanticipated__RQ2_R_H02_C06_F05,3,Cobot Industrial — Incremental Heavy Part Transfer,heavy_lift(),0.6806624142345109,False
R_H02_C06_F05,diagnosed_LIFT_OBJECT_unanticipated__RQ2_R_H02_C06_F05,4,Cobot Lift Failure — Grip Pressure,increase_grip_pressure(),0.5779058620689655,False
R_H02_C06_F05,diagnosed_LIFT_OBJECT_unanticipated__RQ2_R_H02_C06_F05,5,Lightweight Arm Lift — Height Verification Only,extend_lift_phase(),0.5460653206291591,False
R_H02_C06_F05,diagnosed_LIFT_OBJECT_unanticipated__RQ2_R_H02_C06_F05,6,Heavy Duty Arm — Motor Overload During Lift,reduce_lift_speed(),0.5,False
R_H02_C06_F05,diagnosed_LIFT_OBJECT_unanticipated__RQ2_R_H02_C06_F05,7,Suction Arm Lift — Vacuum Loss,emergency_vacuum_pump(),0.3333333333333333,False
R_H02_C06_F06,diagnosed_LIFT_OBJECT_unanticipated__RQ2_R_H02_C06_F06,1,Lift Slip — Low Friction Surface,apply_vacuum_assist(),0.8543211111111111,True
R_H02_C06_F06,diagnosed_LIFT_OBJECT_unanticipated__RQ2_R_H02_C06_F06,2,Parallel Arm Lift — Contact Loss,reposition_and_regrip(),0.711366724137931,False
R_H02_C06_F06,diagnosed_LIFT_OBJECT_unanticipated__RQ2_R_H02_C06_F06,3,Cobot Industrial — Incremental Heavy Part Transfer,heavy_lift(),0.6806624142345109,False
R_H02_C06_F06,diagnosed_LIFT_OBJECT_unanticipated__RQ2_R_H02_C06_F06,4,Cobot Lift Failure — Grip Pressure,increase_grip_pressure(),0.5779058620689655,False
R_H02_C06_F06,diagnosed_LIFT_OBJECT_unanticipated__RQ2_R_H02_C06_F06,5,Lightweight Arm Lift — Height Verification Only,extend_lift_phase(),0.5460653206291591,False
R_H02_C06_F06,diagnosed_LIFT_OBJECT_unanticipated__RQ2_R_H02_C06_F06,6,Heavy Duty Arm — Motor Overload During Lift,reduce_lift_speed(),0.5,False
R_H02_C06_F06,diagnosed_LIFT_OBJECT_unanticipated__RQ2_R_H02_C06_F06,7,Suction Arm Lift — Vacuum Loss,emergency_vacuum_pump(),0.3333333333333333,False
R_H02_C06_F07,diagnosed_LIFT_OBJECT_unanticipated__RQ2_R_H02_C06_F07,1,Lift Slip — Low Friction Surface,apply_vacuum_assist(),0.8098766666666667,True
R_H02_C06_F07,diagnosed_LIFT_OBJECT_unanticipated__RQ2_R_H02_C06_F07,2,Parallel Arm Lift — Contact Loss,reposition_and_regrip(),0.711366724137931,False
R_H02_C06_F07,diagnosed_LIFT_OBJECT_unanticipated__RQ2_R_H02_C06_F07,3,Cobot Industrial — Incremental Heavy Part Transfer,heavy_lift(),0.6806624142345109,False
R_H02_C06_F07,diagnosed_LIFT_OBJECT_unanticipated__RQ2_R_H02_C06_F07,4,Cobot Lift Failure — Grip Pressure,increase_grip_pressure(),0.5779058620689655,False
R_H02_C06_F07,diagnosed_LIFT_OBJECT_unanticipated__RQ2_R_H02_C06_F07,5,Lightweight Arm Lift — Height Verification Only,extend_lift_phase(),0.5460653206291591,False
R_H02_C06_F07,diagnosed_LIFT_OBJECT_unanticipated__RQ2_R_H02_C06_F07,6,Heavy Duty Arm — Motor Overload During Lift,reduce_lift_speed(),0.5,False
R_H02_C06_F07,diagnosed_LIFT_OBJECT_unanticipated__RQ2_R_H02_C06_F07,7,Suction Arm Lift — Vacuum Loss,emergency_vacuum_pump(),0.3333333333333333,False
R_H02_C06_F08,diagnosed_LIFT_OBJECT_unanticipated__RQ2_R_H02_C06_F08,1,Lift Slip — Low Friction Surface,apply_vacuum_assist(),0.7701544444444445,True
R_H02_C06_F08,diagnosed_LIFT_OBJECT_unanticipated__RQ2_R_H02_C06_F08,2,Parallel Arm Lift — Contact Loss,reposition_and_regrip(),0.711366724137931,False
R_H02_C06_F08,diagnosed_LIFT_OBJECT_unanticipated__RQ2_R_H02_C06_F08,3,Cobot Industrial — Incremental Heavy Part Transfer,heavy_lift(),0.6806624142345109,False
R_H02_C06_F08,diagnosed_LIFT_OBJECT_unanticipated__RQ2_R_H02_C06_F08,4,Cobot Lift Failure — Grip Pressure,increase_grip_pressure(),0.5779058620689655,False
R_H02_C06_F08,diagnosed_LIFT_OBJECT_unanticipated__RQ2_R_H02_C06_F08,5,Lightweight Arm Lift — Height Verification Only,extend_lift_phase(),0.5460653206291591,False
R_H02_C06_F08,diagnosed_LIFT_OBJECT_unanticipated__RQ2_R_H02_C06_F08,6,Heavy Duty Arm — Motor Overload During Lift,reduce_lift_speed(),0.5,False
R_H02_C06_F08,diagnosed_LIFT_OBJECT_unanticipated__RQ2_R_H02_C06_F08,7,Suction Arm Lift — Vacuum Loss,emergency_vacuum_pump(),0.3333333333333333,False
R_H02_C06_F09,diagnosed_LIFT_OBJECT_unanticipated__RQ2_R_H02_C06_F09,1,Lift Slip — Low Friction Surface,apply_vacuum_assist(),0.7654322222222222,True
R_H02_C06_F09,diagnosed_LIFT_OBJECT_unanticipated__RQ2_R_H02_C06_F09,2,Parallel Arm Lift — Contact Loss,reposition_and_regrip(),0.711366724137931,False
R_H02_C06_F09,diagnosed_LIFT_OBJECT_unanticipated__RQ2_R_H02_C06_F09,3,Cobot Industrial — Incremental Heavy Part Transfer,heavy_lift(),0.6806624142345109,False
R_H02_C06_F09,diagnosed_LIFT_OBJECT_unanticipated__RQ2_R_H02_C06_F09,4,Cobot Lift Failure — Grip Pressure,increase_grip_pressure(),0.5779058620689655,False
R_H02_C06_F09,diagnosed_LIFT_OBJECT_unanticipated__RQ2_R_H02_C06_F09,5,Lightweight Arm Lift — Height Verification Only,extend_lift_phase(),0.5460653206291591,False
R_H02_C06_F09,diagnosed_LIFT_OBJECT_unanticipated__RQ2_R_H02_C06_F09,6,Heavy Duty Arm — Motor Overload During Lift,reduce_lift_speed(),0.5,False
R_H02_C06_F09,diagnosed_LIFT_OBJECT_unanticipated__RQ2_R_H02_C06_F09,7,Suction Arm Lift — Vacuum Loss,emergency_vacuum_pump(),0.3333333333333333,False
R_H02_C06_F10,diagnosed_LIFT_OBJECT_unanticipated__RQ2_R_H02_C06_F10,1,Lift Slip — Low Friction Surface,apply_vacuum_assist(),0.7654322222222222,True
R_H02_C06_F10,diagnosed_LIFT_OBJECT_unanticipated__RQ2_R_H02_C06_F10,2,Parallel Arm Lift — Contact Loss,reposition_and_regrip(),0.711366724137931,False
R_H02_C06_F10,diagnosed_LIFT_OBJECT_unanticipated__RQ2_R_H02_C06_F10,3,Cobot Industrial — Incremental Heavy Part Transfer,heavy_lift(),0.6806624142345109,False
R_H02_C06_F10,diagnosed_LIFT_OBJECT_unanticipated__RQ2_R_H02_C06_F10,4,Cobot Lift Failure — Grip Pressure,increase_grip_pressure(),0.5779058620689655,False
R_H02_C06_F10,diagnosed_LIFT_OBJECT_unanticipated__RQ2_R_H02_C06_F10,5,Lightweight Arm Lift — Height Verification Only,extend_lift_phase(),0.5460653206291591,False
R_H02_C06_F10,diagnosed_LIFT_OBJECT_unanticipated__RQ2_R_H02_C06_F10,6,Heavy Duty Arm — Motor Overload During Lift,reduce_lift_speed(),0.5,False
R_H02_C06_F10,diagnosed_LIFT_OBJECT_unanticipated__RQ2_R_H02_C06_F10,7,Suction Arm Lift — Vacuum Loss,emergency_vacuum_pump(),0.3333333333333333,False
R_H02_C07_F01,diagnosed_LIFT_OBJECT_unanticipated__RQ2_R_H02_C07_F01,1,Lift Slip — Low Friction Surface,apply_vacuum_assist(),0.7932099999999999,True
R_H02_C07_F01,diagnosed_LIFT_OBJECT_unanticipated__RQ2_R_H02_C07_F01,2,Parallel Arm Lift — Contact Loss,reposition_and_regrip(),0.711366724137931,False
R_H02_C07_F01,diagnosed_LIFT_OBJECT_unanticipated__RQ2_R_H02_C07_F01,3,Cobot Industrial — Incremental Heavy Part Transfer,heavy_lift(),0.6806624142345109,False
R_H02_C07_F01,diagnosed_LIFT_OBJECT_unanticipated__RQ2_R_H02_C07_F01,4,Cobot Lift Failure — Grip Pressure,increase_grip_pressure(),0.5779058620689655,False
R_H02_C07_F01,diagnosed_LIFT_OBJECT_unanticipated__RQ2_R_H02_C07_F01,5,Lightweight Arm Lift — Height Verification Only,extend_lift_phase(),0.5460653206291591,False
R_H02_C07_F01,diagnosed_LIFT_OBJECT_unanticipated__RQ2_R_H02_C07_F01,6,Heavy Duty Arm — Motor Overload During Lift,reduce_lift_speed(),0.5,False
R_H02_C07_F01,diagnosed_LIFT_OBJECT_unanticipated__RQ2_R_H02_C07_F01,7,Suction Arm Lift — Vacuum Loss,emergency_vacuum_pump(),0.3333333333333333,False
R_H02_C07_F02,diagnosed_LIFT_OBJECT_unanticipated__RQ2_R_H02_C07_F02,1,Lift Slip — Low Friction Surface,apply_vacuum_assist(),0.8487655555555556,True
R_H02_C07_F02,diagnosed_LIFT_OBJECT_unanticipated__RQ2_R_H02_C07_F02,2,Parallel Arm Lift — Contact Loss,reposition_and_regrip(),0.711366724137931,False
R_H02_C07_F02,diagnosed_LIFT_OBJECT_unanticipated__RQ2_R_H02_C07_F02,3,Cobot Industrial — Incremental Heavy Part Transfer,heavy_lift(),0.6806624142345109,False
R_H02_C07_F02,diagnosed_LIFT_OBJECT_unanticipated__RQ2_R_H02_C07_F02,4,Cobot Lift Failure — Grip Pressure,increase_grip_pressure(),0.5779058620689655,False
R_H02_C07_F02,diagnosed_LIFT_OBJECT_unanticipated__RQ2_R_H02_C07_F02,5,Lightweight Arm Lift — Height Verification Only,extend_lift_phase(),0.5460653206291591,False
R_H02_C07_F02,diagnosed_LIFT_OBJECT_unanticipated__RQ2_R_H02_C07_F02,6,Heavy Duty Arm — Motor Overload During Lift,reduce_lift_speed(),0.5,False
R_H02_C07_F02,diagnosed_LIFT_OBJECT_unanticipated__RQ2_R_H02_C07_F02,7,Suction Arm Lift — Vacuum Loss,emergency_vacuum_pump(),0.3333333333333333,False
R_H02_C07_F03,diagnosed_LIFT_OBJECT_unanticipated__RQ2_R_H02_C07_F03,1,Lift Slip — Low Friction Surface,apply_vacuum_assist(),0.8529322222222223,True
R_H02_C07_F03,diagnosed_LIFT_OBJECT_unanticipated__RQ2_R_H02_C07_F03,2,Parallel Arm Lift — Contact Loss,reposition_and_regrip(),0.711366724137931,False
R_H02_C07_F03,diagnosed_LIFT_OBJECT_unanticipated__RQ2_R_H02_C07_F03,3,Cobot Industrial — Incremental Heavy Part Transfer,heavy_lift(),0.6806624142345109,False
R_H02_C07_F03,diagnosed_LIFT_OBJECT_unanticipated__RQ2_R_H02_C07_F03,4,Cobot Lift Failure — Grip Pressure,increase_grip_pressure(),0.5779058620689655,False
R_H02_C07_F03,diagnosed_LIFT_OBJECT_unanticipated__RQ2_R_H02_C07_F03,5,Lightweight Arm Lift — Height Verification Only,extend_lift_phase(),0.5460653206291591,False
R_H02_C07_F03,diagnosed_LIFT_OBJECT_unanticipated__RQ2_R_H02_C07_F03,6,Heavy Duty Arm — Motor Overload During Lift,reduce_lift_speed(),0.5,False
R_H02_C07_F03,diagnosed_LIFT_OBJECT_unanticipated__RQ2_R_H02_C07_F03,7,Suction Arm Lift — Vacuum Loss,emergency_vacuum_pump(),0.3333333333333333,False
R_H02_C07_F04,diagnosed_LIFT_OBJECT_unanticipated__RQ2_R_H02_C07_F04,1,Lift Slip — Low Friction Surface,apply_vacuum_assist(),0.8570988888888889,True
R_H02_C07_F04,diagnosed_LIFT_OBJECT_unanticipated__RQ2_R_H02_C07_F04,2,Parallel Arm Lift — Contact Loss,reposition_and_regrip(),0.711366724137931,False
R_H02_C07_F04,diagnosed_LIFT_OBJECT_unanticipated__RQ2_R_H02_C07_F04,3,Cobot Industrial — Incremental Heavy Part Transfer,heavy_lift(),0.6806624142345109,False
R_H02_C07_F04,diagnosed_LIFT_OBJECT_unanticipated__RQ2_R_H02_C07_F04,4,Cobot Lift Failure — Grip Pressure,increase_grip_pressure(),0.5779058620689655,False
R_H02_C07_F04,diagnosed_LIFT_OBJECT_unanticipated__RQ2_R_H02_C07_F04,5,Lightweight Arm Lift — Height Verification Only,extend_lift_phase(),0.5460653206291591,False
R_H02_C07_F04,diagnosed_LIFT_OBJECT_unanticipated__RQ2_R_H02_C07_F04,6,Heavy Duty Arm — Motor Overload During Lift,reduce_lift_speed(),0.5,False
R_H02_C07_F04,diagnosed_LIFT_OBJECT_unanticipated__RQ2_R_H02_C07_F04,7,Suction Arm Lift — Vacuum Loss,emergency_vacuum_pump(),0.3333333333333333,False
R_H02_C07_F05,diagnosed_LIFT_OBJECT_unanticipated__RQ2_R_H02_C07_F05,1,Lift Slip — Low Friction Surface,apply_vacuum_assist(),0.8765433333333333,True
R_H02_C07_F05,diagnosed_LIFT_OBJECT_unanticipated__RQ2_R_H02_C07_F05,2,Parallel Arm Lift — Contact Loss,reposition_and_regrip(),0.711366724137931,False
R_H02_C07_F05,diagnosed_LIFT_OBJECT_unanticipated__RQ2_R_H02_C07_F05,3,Cobot Industrial — Incremental Heavy Part Transfer,heavy_lift(),0.6806624142345109,False
R_H02_C07_F05,diagnosed_LIFT_OBJECT_unanticipated__RQ2_R_H02_C07_F05,4,Cobot Lift Failure — Grip Pressure,increase_grip_pressure(),0.5779058620689655,False
R_H02_C07_F05,diagnosed_LIFT_OBJECT_unanticipated__RQ2_R_H02_C07_F05,5,Lightweight Arm Lift — Height Verification Only,extend_lift_phase(),0.5460653206291591,False
R_H02_C07_F05,diagnosed_LIFT_OBJECT_unanticipated__RQ2_R_H02_C07_F05,6,Heavy Duty Arm — Motor Overload During Lift,reduce_lift_speed(),0.5,False
R_H02_C07_F05,diagnosed_LIFT_OBJECT_unanticipated__RQ2_R_H02_C07_F05,7,Suction Arm Lift — Vacuum Loss,emergency_vacuum_pump(),0.3333333333333333,False
R_H02_C07_F06,diagnosed_LIFT_OBJECT_unanticipated__RQ2_R_H02_C07_F06,1,Lift Slip — Low Friction Surface,apply_vacuum_assist(),0.8543211111111111,True
R_H02_C07_F06,diagnosed_LIFT_OBJECT_unanticipated__RQ2_R_H02_C07_F06,2,Parallel Arm Lift — Contact Loss,reposition_and_regrip(),0.711366724137931,False
R_H02_C07_F06,diagnosed_LIFT_OBJECT_unanticipated__RQ2_R_H02_C07_F06,3,Cobot Industrial — Incremental Heavy Part Transfer,heavy_lift(),0.6806624142345109,False
R_H02_C07_F06,diagnosed_LIFT_OBJECT_unanticipated__RQ2_R_H02_C07_F06,4,Cobot Lift Failure — Grip Pressure,increase_grip_pressure(),0.5779058620689655,False
R_H02_C07_F06,diagnosed_LIFT_OBJECT_unanticipated__RQ2_R_H02_C07_F06,5,Lightweight Arm Lift — Height Verification Only,extend_lift_phase(),0.5460653206291591,False
R_H02_C07_F06,diagnosed_LIFT_OBJECT_unanticipated__RQ2_R_H02_C07_F06,6,Heavy Duty Arm — Motor Overload During Lift,reduce_lift_speed(),0.5,False
R_H02_C07_F06,diagnosed_LIFT_OBJECT_unanticipated__RQ2_R_H02_C07_F06,7,Suction Arm Lift — Vacuum Loss,emergency_vacuum_pump(),0.3333333333333333,False
R_H02_C07_F07,diagnosed_LIFT_OBJECT_unanticipated__RQ2_R_H02_C07_F07,1,Lift Slip — Low Friction Surface,apply_vacuum_assist(),0.8098766666666667,True
R_H02_C07_F07,diagnosed_LIFT_OBJECT_unanticipated__RQ2_R_H02_C07_F07,2,Parallel Arm Lift — Contact Loss,reposition_and_regrip(),0.711366724137931,False
R_H02_C07_F07,diagnosed_LIFT_OBJECT_unanticipated__RQ2_R_H02_C07_F07,3,Cobot Industrial — Incremental Heavy Part Transfer,heavy_lift(),0.6806624142345109,False
R_H02_C07_F07,diagnosed_LIFT_OBJECT_unanticipated__RQ2_R_H02_C07_F07,4,Cobot Lift Failure — Grip Pressure,increase_grip_pressure(),0.5779058620689655,False
R_H02_C07_F07,diagnosed_LIFT_OBJECT_unanticipated__RQ2_R_H02_C07_F07,5,Lightweight Arm Lift — Height Verification Only,extend_lift_phase(),0.5460653206291591,False
R_H02_C07_F07,diagnosed_LIFT_OBJECT_unanticipated__RQ2_R_H02_C07_F07,6,Heavy Duty Arm — Motor Overload During Lift,reduce_lift_speed(),0.5,False
R_H02_C07_F07,diagnosed_LIFT_OBJECT_unanticipated__RQ2_R_H02_C07_F07,7,Suction Arm Lift — Vacuum Loss,emergency_vacuum_pump(),0.3333333333333333,False
R_H02_C07_F08,diagnosed_LIFT_OBJECT_unanticipated__RQ2_R_H02_C07_F08,1,Lift Slip — Low Friction Surface,apply_vacuum_assist(),0.7701544444444445,True
R_H02_C07_F08,diagnosed_LIFT_OBJECT_unanticipated__RQ2_R_H02_C07_F08,2,Parallel Arm Lift — Contact Loss,reposition_and_regrip(),0.711366724137931,False
R_H02_C07_F08,diagnosed_LIFT_OBJECT_unanticipated__RQ2_R_H02_C07_F08,3,Cobot Industrial — Incremental Heavy Part Transfer,heavy_lift(),0.6806624142345109,False
R_H02_C07_F08,diagnosed_LIFT_OBJECT_unanticipated__RQ2_R_H02_C07_F08,4,Cobot Lift Failure — Grip Pressure,increase_grip_pressure(),0.5779058620689655,False
R_H02_C07_F08,diagnosed_LIFT_OBJECT_unanticipated__RQ2_R_H02_C07_F08,5,Lightweight Arm Lift — Height Verification Only,extend_lift_phase(),0.5460653206291591,False
R_H02_C07_F08,diagnosed_LIFT_OBJECT_unanticipated__RQ2_R_H02_C07_F08,6,Heavy Duty Arm — Motor Overload During Lift,reduce_lift_speed(),0.5,False
R_H02_C07_F08,diagnosed_LIFT_OBJECT_unanticipated__RQ2_R_H02_C07_F08,7,Suction Arm Lift — Vacuum Loss,emergency_vacuum_pump(),0.3333333333333333,False
R_H02_C07_F09,diagnosed_LIFT_OBJECT_unanticipated__RQ2_R_H02_C07_F09,1,Lift Slip — Low Friction Surface,apply_vacuum_assist(),0.7654322222222222,True
R_H02_C07_F09,diagnosed_LIFT_OBJECT_unanticipated__RQ2_R_H02_C07_F09,2,Parallel Arm Lift — Contact Loss,reposition_and_regrip(),0.711366724137931,False
R_H02_C07_F09,diagnosed_LIFT_OBJECT_unanticipated__RQ2_R_H02_C07_F09,3,Cobot Industrial — Incremental Heavy Part Transfer,heavy_lift(),0.6806624142345109,False
R_H02_C07_F09,diagnosed_LIFT_OBJECT_unanticipated__RQ2_R_H02_C07_F09,4,Cobot Lift Failure — Grip Pressure,increase_grip_pressure(),0.5779058620689655,False
R_H02_C07_F09,diagnosed_LIFT_OBJECT_unanticipated__RQ2_R_H02_C07_F09,5,Lightweight Arm Lift — Height Verification Only,extend_lift_phase(),0.5460653206291591,False
R_H02_C07_F09,diagnosed_LIFT_OBJECT_unanticipated__RQ2_R_H02_C07_F09,6,Heavy Duty Arm — Motor Overload During Lift,reduce_lift_speed(),0.5,False
R_H02_C07_F09,diagnosed_LIFT_OBJECT_unanticipated__RQ2_R_H02_C07_F09,7,Suction Arm Lift — Vacuum Loss,emergency_vacuum_pump(),0.3333333333333333,False
R_H02_C07_F10,diagnosed_LIFT_OBJECT_unanticipated__RQ2_R_H02_C07_F10,1,Lift Slip — Low Friction Surface,apply_vacuum_assist(),0.7654322222222222,True
R_H02_C07_F10,diagnosed_LIFT_OBJECT_unanticipated__RQ2_R_H02_C07_F10,2,Parallel Arm Lift — Contact Loss,reposition_and_regrip(),0.711366724137931,False
R_H02_C07_F10,diagnosed_LIFT_OBJECT_unanticipated__RQ2_R_H02_C07_F10,3,Cobot Industrial — Incremental Heavy Part Transfer,heavy_lift(),0.6806624142345109,False
R_H02_C07_F10,diagnosed_LIFT_OBJECT_unanticipated__RQ2_R_H02_C07_F10,4,Cobot Lift Failure — Grip Pressure,increase_grip_pressure(),0.5779058620689655,False
R_H02_C07_F10,diagnosed_LIFT_OBJECT_unanticipated__RQ2_R_H02_C07_F10,5,Lightweight Arm Lift — Height Verification Only,extend_lift_phase(),0.5460653206291591,False
R_H02_C07_F10,diagnosed_LIFT_OBJECT_unanticipated__RQ2_R_H02_C07_F10,6,Heavy Duty Arm — Motor Overload During Lift,reduce_lift_speed(),0.5,False
R_H02_C07_F10,diagnosed_LIFT_OBJECT_unanticipated__RQ2_R_H02_C07_F10,7,Suction Arm Lift — Vacuum Loss,emergency_vacuum_pump(),0.3333333333333333,False
R_H02_C08_F01,diagnosed_LIFT_OBJECT_unanticipated__RQ2_R_H02_C08_F01,1,Lift Slip — Low Friction Surface,apply_vacuum_assist(),0.7932099999999999,True
R_H02_C08_F01,diagnosed_LIFT_OBJECT_unanticipated__RQ2_R_H02_C08_F01,2,Parallel Arm Lift — Contact Loss,reposition_and_regrip(),0.711366724137931,False
R_H02_C08_F01,diagnosed_LIFT_OBJECT_unanticipated__RQ2_R_H02_C08_F01,3,Cobot Industrial — Incremental Heavy Part Transfer,heavy_lift(),0.6806624142345109,False
R_H02_C08_F01,diagnosed_LIFT_OBJECT_unanticipated__RQ2_R_H02_C08_F01,4,Cobot Lift Failure — Grip Pressure,increase_grip_pressure(),0.5779058620689655,False
R_H02_C08_F01,diagnosed_LIFT_OBJECT_unanticipated__RQ2_R_H02_C08_F01,5,Lightweight Arm Lift — Height Verification Only,extend_lift_phase(),0.5460653206291591,False
R_H02_C08_F01,diagnosed_LIFT_OBJECT_unanticipated__RQ2_R_H02_C08_F01,6,Heavy Duty Arm — Motor Overload During Lift,reduce_lift_speed(),0.5,False
R_H02_C08_F01,diagnosed_LIFT_OBJECT_unanticipated__RQ2_R_H02_C08_F01,7,Suction Arm Lift — Vacuum Loss,emergency_vacuum_pump(),0.3333333333333333,False
R_H02_C08_F02,diagnosed_LIFT_OBJECT_unanticipated__RQ2_R_H02_C08_F02,1,Lift Slip — Low Friction Surface,apply_vacuum_assist(),0.8487655555555556,True
R_H02_C08_F02,diagnosed_LIFT_OBJECT_unanticipated__RQ2_R_H02_C08_F02,2,Parallel Arm Lift — Contact Loss,reposition_and_regrip(),0.711366724137931,False
R_H02_C08_F02,diagnosed_LIFT_OBJECT_unanticipated__RQ2_R_H02_C08_F02,3,Cobot Industrial — Incremental Heavy Part Transfer,heavy_lift(),0.6806624142345109,False
R_H02_C08_F02,diagnosed_LIFT_OBJECT_unanticipated__RQ2_R_H02_C08_F02,4,Cobot Lift Failure — Grip Pressure,increase_grip_pressure(),0.5779058620689655,False
R_H02_C08_F02,diagnosed_LIFT_OBJECT_unanticipated__RQ2_R_H02_C08_F02,5,Lightweight Arm Lift — Height Verification Only,extend_lift_phase(),0.5460653206291591,False
R_H02_C08_F02,diagnosed_LIFT_OBJECT_unanticipated__RQ2_R_H02_C08_F02,6,Heavy Duty Arm — Motor Overload During Lift,reduce_lift_speed(),0.5,False
R_H02_C08_F02,diagnosed_LIFT_OBJECT_unanticipated__RQ2_R_H02_C08_F02,7,Suction Arm Lift — Vacuum Loss,emergency_vacuum_pump(),0.3333333333333333,False
R_H02_C08_F03,diagnosed_LIFT_OBJECT_unanticipated__RQ2_R_H02_C08_F03,1,Lift Slip — Low Friction Surface,apply_vacuum_assist(),0.8529322222222223,True
R_H02_C08_F03,diagnosed_LIFT_OBJECT_unanticipated__RQ2_R_H02_C08_F03,2,Parallel Arm Lift — Contact Loss,reposition_and_regrip(),0.711366724137931,False
R_H02_C08_F03,diagnosed_LIFT_OBJECT_unanticipated__RQ2_R_H02_C08_F03,3,Cobot Industrial — Incremental Heavy Part Transfer,heavy_lift(),0.6806624142345109,False
R_H02_C08_F03,diagnosed_LIFT_OBJECT_unanticipated__RQ2_R_H02_C08_F03,4,Cobot Lift Failure — Grip Pressure,increase_grip_pressure(),0.5779058620689655,False
R_H02_C08_F03,diagnosed_LIFT_OBJECT_unanticipated__RQ2_R_H02_C08_F03,5,Lightweight Arm Lift — Height Verification Only,extend_lift_phase(),0.5460653206291591,False
R_H02_C08_F03,diagnosed_LIFT_OBJECT_unanticipated__RQ2_R_H02_C08_F03,6,Heavy Duty Arm — Motor Overload During Lift,reduce_lift_speed(),0.5,False
R_H02_C08_F03,diagnosed_LIFT_OBJECT_unanticipated__RQ2_R_H02_C08_F03,7,Suction Arm Lift — Vacuum Loss,emergency_vacuum_pump(),0.3333333333333333,False
R_H02_C08_F04,diagnosed_LIFT_OBJECT_unanticipated__RQ2_R_H02_C08_F04,1,Lift Slip — Low Friction Surface,apply_vacuum_assist(),0.8570988888888889,True
R_H02_C08_F04,diagnosed_LIFT_OBJECT_unanticipated__RQ2_R_H02_C08_F04,2,Parallel Arm Lift — Contact Loss,reposition_and_regrip(),0.711366724137931,False
R_H02_C08_F04,diagnosed_LIFT_OBJECT_unanticipated__RQ2_R_H02_C08_F04,3,Cobot Industrial — Incremental Heavy Part Transfer,heavy_lift(),0.6806624142345109,False
R_H02_C08_F04,diagnosed_LIFT_OBJECT_unanticipated__RQ2_R_H02_C08_F04,4,Cobot Lift Failure — Grip Pressure,increase_grip_pressure(),0.5779058620689655,False
R_H02_C08_F04,diagnosed_LIFT_OBJECT_unanticipated__RQ2_R_H02_C08_F04,5,Lightweight Arm Lift — Height Verification Only,extend_lift_phase(),0.5460653206291591,False
R_H02_C08_F04,diagnosed_LIFT_OBJECT_unanticipated__RQ2_R_H02_C08_F04,6,Heavy Duty Arm — Motor Overload During Lift,reduce_lift_speed(),0.5,False
R_H02_C08_F04,diagnosed_LIFT_OBJECT_unanticipated__RQ2_R_H02_C08_F04,7,Suction Arm Lift — Vacuum Loss,emergency_vacuum_pump(),0.3333333333333333,False
R_H02_C08_F05,diagnosed_LIFT_OBJECT_unanticipated__RQ2_R_H02_C08_F05,1,Lift Slip — Low Friction Surface,apply_vacuum_assist(),0.8765433333333333,True
R_H02_C08_F05,diagnosed_LIFT_OBJECT_unanticipated__RQ2_R_H02_C08_F05,2,Parallel Arm Lift — Contact Loss,reposition_and_regrip(),0.711366724137931,False
R_H02_C08_F05,diagnosed_LIFT_OBJECT_unanticipated__RQ2_R_H02_C08_F05,3,Cobot Industrial — Incremental Heavy Part Transfer,heavy_lift(),0.6806624142345109,False
R_H02_C08_F05,diagnosed_LIFT_OBJECT_unanticipated__RQ2_R_H02_C08_F05,4,Cobot Lift Failure — Grip Pressure,increase_grip_pressure(),0.5779058620689655,False
R_H02_C08_F05,diagnosed_LIFT_OBJECT_unanticipated__RQ2_R_H02_C08_F05,5,Lightweight Arm Lift — Height Verification Only,extend_lift_phase(),0.5460653206291591,False
R_H02_C08_F05,diagnosed_LIFT_OBJECT_unanticipated__RQ2_R_H02_C08_F05,6,Heavy Duty Arm — Motor Overload During Lift,reduce_lift_speed(),0.5,False
R_H02_C08_F05,diagnosed_LIFT_OBJECT_unanticipated__RQ2_R_H02_C08_F05,7,Suction Arm Lift — Vacuum Loss,emergency_vacuum_pump(),0.3333333333333333,False
R_H02_C08_F06,diagnosed_LIFT_OBJECT_unanticipated__RQ2_R_H02_C08_F06,1,Lift Slip — Low Friction Surface,apply_vacuum_assist(),0.8543211111111111,True
R_H02_C08_F06,diagnosed_LIFT_OBJECT_unanticipated__RQ2_R_H02_C08_F06,2,Parallel Arm Lift — Contact Loss,reposition_and_regrip(),0.711366724137931,False
R_H02_C08_F06,diagnosed_LIFT_OBJECT_unanticipated__RQ2_R_H02_C08_F06,3,Cobot Industrial — Incremental Heavy Part Transfer,heavy_lift(),0.6806624142345109,False
R_H02_C08_F06,diagnosed_LIFT_OBJECT_unanticipated__RQ2_R_H02_C08_F06,4,Cobot Lift Failure — Grip Pressure,increase_grip_pressure(),0.5779058620689655,False
R_H02_C08_F06,diagnosed_LIFT_OBJECT_unanticipated__RQ2_R_H02_C08_F06,5,Lightweight Arm Lift — Height Verification Only,extend_lift_phase(),0.5460653206291591,False
R_H02_C08_F06,diagnosed_LIFT_OBJECT_unanticipated__RQ2_R_H02_C08_F06,6,Heavy Duty Arm — Motor Overload During Lift,reduce_lift_speed(),0.5,False
R_H02_C08_F06,diagnosed_LIFT_OBJECT_unanticipated__RQ2_R_H02_C08_F06,7,Suction Arm Lift — Vacuum Loss,emergency_vacuum_pump(),0.3333333333333333,False
R_H02_C08_F07,diagnosed_LIFT_OBJECT_unanticipated__RQ2_R_H02_C08_F07,1,Lift Slip — Low Friction Surface,apply_vacuum_assist(),0.8098766666666667,True
R_H02_C08_F07,diagnosed_LIFT_OBJECT_unanticipated__RQ2_R_H02_C08_F07,2,Parallel Arm Lift — Contact Loss,reposition_and_regrip(),0.711366724137931,False
R_H02_C08_F07,diagnosed_LIFT_OBJECT_unanticipated__RQ2_R_H02_C08_F07,3,Cobot Industrial — Incremental Heavy Part Transfer,heavy_lift(),0.6806624142345109,False
R_H02_C08_F07,diagnosed_LIFT_OBJECT_unanticipated__RQ2_R_H02_C08_F07,4,Cobot Lift Failure — Grip Pressure,increase_grip_pressure(),0.5779058620689655,False
R_H02_C08_F07,diagnosed_LIFT_OBJECT_unanticipated__RQ2_R_H02_C08_F07,5,Lightweight Arm Lift — Height Verification Only,extend_lift_phase(),0.5460653206291591,False
R_H02_C08_F07,diagnosed_LIFT_OBJECT_unanticipated__RQ2_R_H02_C08_F07,6,Heavy Duty Arm — Motor Overload During Lift,reduce_lift_speed(),0.5,False
R_H02_C08_F07,diagnosed_LIFT_OBJECT_unanticipated__RQ2_R_H02_C08_F07,7,Suction Arm Lift — Vacuum Loss,emergency_vacuum_pump(),0.3333333333333333,False
R_H02_C08_F08,diagnosed_LIFT_OBJECT_unanticipated__RQ2_R_H02_C08_F08,1,Lift Slip — Low Friction Surface,apply_vacuum_assist(),0.7701544444444445,True
R_H02_C08_F08,diagnosed_LIFT_OBJECT_unanticipated__RQ2_R_H02_C08_F08,2,Parallel Arm Lift — Contact Loss,reposition_and_regrip(),0.711366724137931,False
R_H02_C08_F08,diagnosed_LIFT_OBJECT_unanticipated__RQ2_R_H02_C08_F08,3,Cobot Industrial — Incremental Heavy Part Transfer,heavy_lift(),0.6806624142345109,False
R_H02_C08_F08,diagnosed_LIFT_OBJECT_unanticipated__RQ2_R_H02_C08_F08,4,Cobot Lift Failure — Grip Pressure,increase_grip_pressure(),0.5779058620689655,False
R_H02_C08_F08,diagnosed_LIFT_OBJECT_unanticipated__RQ2_R_H02_C08_F08,5,Lightweight Arm Lift — Height Verification Only,extend_lift_phase(),0.5460653206291591,False
R_H02_C08_F08,diagnosed_LIFT_OBJECT_unanticipated__RQ2_R_H02_C08_F08,6,Heavy Duty Arm — Motor Overload During Lift,reduce_lift_speed(),0.5,False
R_H02_C08_F08,diagnosed_LIFT_OBJECT_unanticipated__RQ2_R_H02_C08_F08,7,Suction Arm Lift — Vacuum Loss,emergency_vacuum_pump(),0.3333333333333333,False
R_H02_C08_F09,diagnosed_LIFT_OBJECT_unanticipated__RQ2_R_H02_C08_F09,1,Lift Slip — Low Friction Surface,apply_vacuum_assist(),0.7654322222222222,True
R_H02_C08_F09,diagnosed_LIFT_OBJECT_unanticipated__RQ2_R_H02_C08_F09,2,Parallel Arm Lift — Contact Loss,reposition_and_regrip(),0.711366724137931,False
R_H02_C08_F09,diagnosed_LIFT_OBJECT_unanticipated__RQ2_R_H02_C08_F09,3,Cobot Industrial — Incremental Heavy Part Transfer,heavy_lift(),0.6806624142345109,False
R_H02_C08_F09,diagnosed_LIFT_OBJECT_unanticipated__RQ2_R_H02_C08_F09,4,Cobot Lift Failure — Grip Pressure,increase_grip_pressure(),0.5779058620689655,False
R_H02_C08_F09,diagnosed_LIFT_OBJECT_unanticipated__RQ2_R_H02_C08_F09,5,Lightweight Arm Lift — Height Verification Only,extend_lift_phase(),0.5460653206291591,False
R_H02_C08_F09,diagnosed_LIFT_OBJECT_unanticipated__RQ2_R_H02_C08_F09,6,Heavy Duty Arm — Motor Overload During Lift,reduce_lift_speed(),0.5,False
R_H02_C08_F09,diagnosed_LIFT_OBJECT_unanticipated__RQ2_R_H02_C08_F09,7,Suction Arm Lift — Vacuum Loss,emergency_vacuum_pump(),0.3333333333333333,False
R_H02_C08_F10,diagnosed_LIFT_OBJECT_unanticipated__RQ2_R_H02_C08_F10,1,Lift Slip — Low Friction Surface,apply_vacuum_assist(),0.7654322222222222,True
R_H02_C08_F10,diagnosed_LIFT_OBJECT_unanticipated__RQ2_R_H02_C08_F10,2,Parallel Arm Lift — Contact Loss,reposition_and_regrip(),0.711366724137931,False
R_H02_C08_F10,diagnosed_LIFT_OBJECT_unanticipated__RQ2_R_H02_C08_F10,3,Cobot Industrial — Incremental Heavy Part Transfer,heavy_lift(),0.6806624142345109,False
R_H02_C08_F10,diagnosed_LIFT_OBJECT_unanticipated__RQ2_R_H02_C08_F10,4,Cobot Lift Failure — Grip Pressure,increase_grip_pressure(),0.5779058620689655,False
R_H02_C08_F10,diagnosed_LIFT_OBJECT_unanticipated__RQ2_R_H02_C08_F10,5,Lightweight Arm Lift — Height Verification Only,extend_lift_phase(),0.5460653206291591,False
R_H02_C08_F10,diagnosed_LIFT_OBJECT_unanticipated__RQ2_R_H02_C08_F10,6,Heavy Duty Arm — Motor Overload During Lift,reduce_lift_speed(),0.5,False
R_H02_C08_F10,diagnosed_LIFT_OBJECT_unanticipated__RQ2_R_H02_C08_F10,7,Suction Arm Lift — Vacuum Loss,emergency_vacuum_pump(),0.3333333333333333,False
R_H02_C09_F01,diagnosed_LIFT_OBJECT_unanticipated__RQ2_R_H02_C09_F01,1,Lift Slip — Low Friction Surface,apply_vacuum_assist(),0.7932099999999999,True
R_H02_C09_F01,diagnosed_LIFT_OBJECT_unanticipated__RQ2_R_H02_C09_F01,2,Parallel Arm Lift — Contact Loss,reposition_and_regrip(),0.711366724137931,False
R_H02_C09_F01,diagnosed_LIFT_OBJECT_unanticipated__RQ2_R_H02_C09_F01,3,Cobot Industrial — Incremental Heavy Part Transfer,heavy_lift(),0.6806624142345109,False
R_H02_C09_F01,diagnosed_LIFT_OBJECT_unanticipated__RQ2_R_H02_C09_F01,4,Cobot Lift Failure — Grip Pressure,increase_grip_pressure(),0.5779058620689655,False
R_H02_C09_F01,diagnosed_LIFT_OBJECT_unanticipated__RQ2_R_H02_C09_F01,5,Lightweight Arm Lift — Height Verification Only,extend_lift_phase(),0.5460653206291591,False
R_H02_C09_F01,diagnosed_LIFT_OBJECT_unanticipated__RQ2_R_H02_C09_F01,6,Heavy Duty Arm — Motor Overload During Lift,reduce_lift_speed(),0.5,False
R_H02_C09_F01,diagnosed_LIFT_OBJECT_unanticipated__RQ2_R_H02_C09_F01,7,Suction Arm Lift — Vacuum Loss,emergency_vacuum_pump(),0.3333333333333333,False
R_H02_C09_F02,diagnosed_LIFT_OBJECT_unanticipated__RQ2_R_H02_C09_F02,1,Lift Slip — Low Friction Surface,apply_vacuum_assist(),0.8487655555555556,True
R_H02_C09_F02,diagnosed_LIFT_OBJECT_unanticipated__RQ2_R_H02_C09_F02,2,Parallel Arm Lift — Contact Loss,reposition_and_regrip(),0.711366724137931,False
R_H02_C09_F02,diagnosed_LIFT_OBJECT_unanticipated__RQ2_R_H02_C09_F02,3,Cobot Industrial — Incremental Heavy Part Transfer,heavy_lift(),0.6806624142345109,False
R_H02_C09_F02,diagnosed_LIFT_OBJECT_unanticipated__RQ2_R_H02_C09_F02,4,Cobot Lift Failure — Grip Pressure,increase_grip_pressure(),0.5779058620689655,False
R_H02_C09_F02,diagnosed_LIFT_OBJECT_unanticipated__RQ2_R_H02_C09_F02,5,Lightweight Arm Lift — Height Verification Only,extend_lift_phase(),0.5460653206291591,False
R_H02_C09_F02,diagnosed_LIFT_OBJECT_unanticipated__RQ2_R_H02_C09_F02,6,Heavy Duty Arm — Motor Overload During Lift,reduce_lift_speed(),0.5,False
R_H02_C09_F02,diagnosed_LIFT_OBJECT_unanticipated__RQ2_R_H02_C09_F02,7,Suction Arm Lift — Vacuum Loss,emergency_vacuum_pump(),0.3333333333333333,False
R_H02_C09_F03,diagnosed_LIFT_OBJECT_unanticipated__RQ2_R_H02_C09_F03,1,Lift Slip — Low Friction Surface,apply_vacuum_assist(),0.8529322222222223,True
R_H02_C09_F03,diagnosed_LIFT_OBJECT_unanticipated__RQ2_R_H02_C09_F03,2,Parallel Arm Lift — Contact Loss,reposition_and_regrip(),0.711366724137931,False
R_H02_C09_F03,diagnosed_LIFT_OBJECT_unanticipated__RQ2_R_H02_C09_F03,3,Cobot Industrial — Incremental Heavy Part Transfer,heavy_lift(),0.6806624142345109,False
R_H02_C09_F03,diagnosed_LIFT_OBJECT_unanticipated__RQ2_R_H02_C09_F03,4,Cobot Lift Failure — Grip Pressure,increase_grip_pressure(),0.5779058620689655,False
R_H02_C09_F03,diagnosed_LIFT_OBJECT_unanticipated__RQ2_R_H02_C09_F03,5,Lightweight Arm Lift — Height Verification Only,extend_lift_phase(),0.5460653206291591,False
R_H02_C09_F03,diagnosed_LIFT_OBJECT_unanticipated__RQ2_R_H02_C09_F03,6,Heavy Duty Arm — Motor Overload During Lift,reduce_lift_speed(),0.5,False
R_H02_C09_F03,diagnosed_LIFT_OBJECT_unanticipated__RQ2_R_H02_C09_F03,7,Suction Arm Lift — Vacuum Loss,emergency_vacuum_pump(),0.3333333333333333,False
R_H02_C09_F04,diagnosed_LIFT_OBJECT_unanticipated__RQ2_R_H02_C09_F04,1,Lift Slip — Low Friction Surface,apply_vacuum_assist(),0.8570988888888889,True
R_H02_C09_F04,diagnosed_LIFT_OBJECT_unanticipated__RQ2_R_H02_C09_F04,2,Parallel Arm Lift — Contact Loss,reposition_and_regrip(),0.711366724137931,False
R_H02_C09_F04,diagnosed_LIFT_OBJECT_unanticipated__RQ2_R_H02_C09_F04,3,Cobot Industrial — Incremental Heavy Part Transfer,heavy_lift(),0.6806624142345109,False
R_H02_C09_F04,diagnosed_LIFT_OBJECT_unanticipated__RQ2_R_H02_C09_F04,4,Cobot Lift Failure — Grip Pressure,increase_grip_pressure(),0.5779058620689655,False
R_H02_C09_F04,diagnosed_LIFT_OBJECT_unanticipated__RQ2_R_H02_C09_F04,5,Lightweight Arm Lift — Height Verification Only,extend_lift_phase(),0.5460653206291591,False
R_H02_C09_F04,diagnosed_LIFT_OBJECT_unanticipated__RQ2_R_H02_C09_F04,6,Heavy Duty Arm — Motor Overload During Lift,reduce_lift_speed(),0.5,False
R_H02_C09_F04,diagnosed_LIFT_OBJECT_unanticipated__RQ2_R_H02_C09_F04,7,Suction Arm Lift — Vacuum Loss,emergency_vacuum_pump(),0.3333333333333333,False
R_H02_C09_F05,diagnosed_LIFT_OBJECT_unanticipated__RQ2_R_H02_C09_F05,1,Lift Slip — Low Friction Surface,apply_vacuum_assist(),0.8765433333333333,True
R_H02_C09_F05,diagnosed_LIFT_OBJECT_unanticipated__RQ2_R_H02_C09_F05,2,Parallel Arm Lift — Contact Loss,reposition_and_regrip(),0.711366724137931,False
R_H02_C09_F05,diagnosed_LIFT_OBJECT_unanticipated__RQ2_R_H02_C09_F05,3,Cobot Industrial — Incremental Heavy Part Transfer,heavy_lift(),0.6806624142345109,False
R_H02_C09_F05,diagnosed_LIFT_OBJECT_unanticipated__RQ2_R_H02_C09_F05,4,Cobot Lift Failure — Grip Pressure,increase_grip_pressure(),0.5779058620689655,False
R_H02_C09_F05,diagnosed_LIFT_OBJECT_unanticipated__RQ2_R_H02_C09_F05,5,Lightweight Arm Lift — Height Verification Only,extend_lift_phase(),0.5460653206291591,False
R_H02_C09_F05,diagnosed_LIFT_OBJECT_unanticipated__RQ2_R_H02_C09_F05,6,Heavy Duty Arm — Motor Overload During Lift,reduce_lift_speed(),0.5,False
R_H02_C09_F05,diagnosed_LIFT_OBJECT_unanticipated__RQ2_R_H02_C09_F05,7,Suction Arm Lift — Vacuum Loss,emergency_vacuum_pump(),0.3333333333333333,False
R_H02_C09_F06,diagnosed_LIFT_OBJECT_unanticipated__RQ2_R_H02_C09_F06,1,Lift Slip — Low Friction Surface,apply_vacuum_assist(),0.8543211111111111,True
R_H02_C09_F06,diagnosed_LIFT_OBJECT_unanticipated__RQ2_R_H02_C09_F06,2,Parallel Arm Lift — Contact Loss,reposition_and_regrip(),0.711366724137931,False
R_H02_C09_F06,diagnosed_LIFT_OBJECT_unanticipated__RQ2_R_H02_C09_F06,3,Cobot Industrial — Incremental Heavy Part Transfer,heavy_lift(),0.6806624142345109,False
R_H02_C09_F06,diagnosed_LIFT_OBJECT_unanticipated__RQ2_R_H02_C09_F06,4,Cobot Lift Failure — Grip Pressure,increase_grip_pressure(),0.5779058620689655,False
R_H02_C09_F06,diagnosed_LIFT_OBJECT_unanticipated__RQ2_R_H02_C09_F06,5,Lightweight Arm Lift — Height Verification Only,extend_lift_phase(),0.5460653206291591,False
R_H02_C09_F06,diagnosed_LIFT_OBJECT_unanticipated__RQ2_R_H02_C09_F06,6,Heavy Duty Arm — Motor Overload During Lift,reduce_lift_speed(),0.5,False
R_H02_C09_F06,diagnosed_LIFT_OBJECT_unanticipated__RQ2_R_H02_C09_F06,7,Suction Arm Lift — Vacuum Loss,emergency_vacuum_pump(),0.3333333333333333,False
R_H02_C09_F07,diagnosed_LIFT_OBJECT_unanticipated__RQ2_R_H02_C09_F07,1,Lift Slip — Low Friction Surface,apply_vacuum_assist(),0.8098766666666667,True
R_H02_C09_F07,diagnosed_LIFT_OBJECT_unanticipated__RQ2_R_H02_C09_F07,2,Parallel Arm Lift — Contact Loss,reposition_and_regrip(),0.711366724137931,False
R_H02_C09_F07,diagnosed_LIFT_OBJECT_unanticipated__RQ2_R_H02_C09_F07,3,Cobot Industrial — Incremental Heavy Part Transfer,heavy_lift(),0.6806624142345109,False
R_H02_C09_F07,diagnosed_LIFT_OBJECT_unanticipated__RQ2_R_H02_C09_F07,4,Cobot Lift Failure — Grip Pressure,increase_grip_pressure(),0.5779058620689655,False
R_H02_C09_F07,diagnosed_LIFT_OBJECT_unanticipated__RQ2_R_H02_C09_F07,5,Lightweight Arm Lift — Height Verification Only,extend_lift_phase(),0.5460653206291591,False
R_H02_C09_F07,diagnosed_LIFT_OBJECT_unanticipated__RQ2_R_H02_C09_F07,6,Heavy Duty Arm — Motor Overload During Lift,reduce_lift_speed(),0.5,False
R_H02_C09_F07,diagnosed_LIFT_OBJECT_unanticipated__RQ2_R_H02_C09_F07,7,Suction Arm Lift — Vacuum Loss,emergency_vacuum_pump(),0.3333333333333333,False
R_H02_C09_F08,diagnosed_LIFT_OBJECT_unanticipated__RQ2_R_H02_C09_F08,1,Lift Slip — Low Friction Surface,apply_vacuum_assist(),0.7701544444444445,True
R_H02_C09_F08,diagnosed_LIFT_OBJECT_unanticipated__RQ2_R_H02_C09_F08,2,Parallel Arm Lift — Contact Loss,reposition_and_regrip(),0.711366724137931,False
R_H02_C09_F08,diagnosed_LIFT_OBJECT_unanticipated__RQ2_R_H02_C09_F08,3,Cobot Industrial — Incremental Heavy Part Transfer,heavy_lift(),0.6806624142345109,False
R_H02_C09_F08,diagnosed_LIFT_OBJECT_unanticipated__RQ2_R_H02_C09_F08,4,Cobot Lift Failure — Grip Pressure,increase_grip_pressure(),0.5779058620689655,False
R_H02_C09_F08,diagnosed_LIFT_OBJECT_unanticipated__RQ2_R_H02_C09_F08,5,Lightweight Arm Lift — Height Verification Only,extend_lift_phase(),0.5460653206291591,False
R_H02_C09_F08,diagnosed_LIFT_OBJECT_unanticipated__RQ2_R_H02_C09_F08,6,Heavy Duty Arm — Motor Overload During Lift,reduce_lift_speed(),0.5,False
R_H02_C09_F08,diagnosed_LIFT_OBJECT_unanticipated__RQ2_R_H02_C09_F08,7,Suction Arm Lift — Vacuum Loss,emergency_vacuum_pump(),0.3333333333333333,False
R_H02_C09_F09,diagnosed_LIFT_OBJECT_unanticipated__RQ2_R_H02_C09_F09,1,Lift Slip — Low Friction Surface,apply_vacuum_assist(),0.7654322222222222,True
R_H02_C09_F09,diagnosed_LIFT_OBJECT_unanticipated__RQ2_R_H02_C09_F09,2,Parallel Arm Lift — Contact Loss,reposition_and_regrip(),0.711366724137931,False
R_H02_C09_F09,diagnosed_LIFT_OBJECT_unanticipated__RQ2_R_H02_C09_F09,3,Cobot Industrial — Incremental Heavy Part Transfer,heavy_lift(),0.6806624142345109,False
R_H02_C09_F09,diagnosed_LIFT_OBJECT_unanticipated__RQ2_R_H02_C09_F09,4,Cobot Lift Failure — Grip Pressure,increase_grip_pressure(),0.5779058620689655,False
R_H02_C09_F09,diagnosed_LIFT_OBJECT_unanticipated__RQ2_R_H02_C09_F09,5,Lightweight Arm Lift — Height Verification Only,extend_lift_phase(),0.5460653206291591,False
R_H02_C09_F09,diagnosed_LIFT_OBJECT_unanticipated__RQ2_R_H02_C09_F09,6,Heavy Duty Arm — Motor Overload During Lift,reduce_lift_speed(),0.5,False
R_H02_C09_F09,diagnosed_LIFT_OBJECT_unanticipated__RQ2_R_H02_C09_F09,7,Suction Arm Lift — Vacuum Loss,emergency_vacuum_pump(),0.3333333333333333,False
R_H02_C09_F10,diagnosed_LIFT_OBJECT_unanticipated__RQ2_R_H02_C09_F10,1,Lift Slip — Low Friction Surface,apply_vacuum_assist(),0.7654322222222222,True
R_H02_C09_F10,diagnosed_LIFT_OBJECT_unanticipated__RQ2_R_H02_C09_F10,2,Parallel Arm Lift — Contact Loss,reposition_and_regrip(),0.711366724137931,False
R_H02_C09_F10,diagnosed_LIFT_OBJECT_unanticipated__RQ2_R_H02_C09_F10,3,Cobot Industrial — Incremental Heavy Part Transfer,heavy_lift(),0.6806624142345109,False
R_H02_C09_F10,diagnosed_LIFT_OBJECT_unanticipated__RQ2_R_H02_C09_F10,4,Cobot Lift Failure — Grip Pressure,increase_grip_pressure(),0.5779058620689655,False
R_H02_C09_F10,diagnosed_LIFT_OBJECT_unanticipated__RQ2_R_H02_C09_F10,5,Lightweight Arm Lift — Height Verification Only,extend_lift_phase(),0.5460653206291591,False
R_H02_C09_F10,diagnosed_LIFT_OBJECT_unanticipated__RQ2_R_H02_C09_F10,6,Heavy Duty Arm — Motor Overload During Lift,reduce_lift_speed(),0.5,False
R_H02_C09_F10,diagnosed_LIFT_OBJECT_unanticipated__RQ2_R_H02_C09_F10,7,Suction Arm Lift — Vacuum Loss,emergency_vacuum_pump(),0.3333333333333333,False
R_H02_C10_F01,diagnosed_LIFT_OBJECT_unanticipated__RQ2_R_H02_C10_F01,1,Lift Slip — Low Friction Surface,apply_vacuum_assist(),0.7932099999999999,True
R_H02_C10_F01,diagnosed_LIFT_OBJECT_unanticipated__RQ2_R_H02_C10_F01,2,Parallel Arm Lift — Contact Loss,reposition_and_regrip(),0.711366724137931,False
R_H02_C10_F01,diagnosed_LIFT_OBJECT_unanticipated__RQ2_R_H02_C10_F01,3,Cobot Industrial — Incremental Heavy Part Transfer,heavy_lift(),0.6806624142345109,False
R_H02_C10_F01,diagnosed_LIFT_OBJECT_unanticipated__RQ2_R_H02_C10_F01,4,Cobot Lift Failure — Grip Pressure,increase_grip_pressure(),0.5779058620689655,False
R_H02_C10_F01,diagnosed_LIFT_OBJECT_unanticipated__RQ2_R_H02_C10_F01,5,Lightweight Arm Lift — Height Verification Only,extend_lift_phase(),0.5460653206291591,False
R_H02_C10_F01,diagnosed_LIFT_OBJECT_unanticipated__RQ2_R_H02_C10_F01,6,Heavy Duty Arm — Motor Overload During Lift,reduce_lift_speed(),0.5,False
R_H02_C10_F01,diagnosed_LIFT_OBJECT_unanticipated__RQ2_R_H02_C10_F01,7,Suction Arm Lift — Vacuum Loss,emergency_vacuum_pump(),0.3333333333333333,False
R_H02_C10_F02,diagnosed_LIFT_OBJECT_unanticipated__RQ2_R_H02_C10_F02,1,Lift Slip — Low Friction Surface,apply_vacuum_assist(),0.8487655555555556,True
R_H02_C10_F02,diagnosed_LIFT_OBJECT_unanticipated__RQ2_R_H02_C10_F02,2,Parallel Arm Lift — Contact Loss,reposition_and_regrip(),0.711366724137931,False
R_H02_C10_F02,diagnosed_LIFT_OBJECT_unanticipated__RQ2_R_H02_C10_F02,3,Cobot Industrial — Incremental Heavy Part Transfer,heavy_lift(),0.6806624142345109,False
R_H02_C10_F02,diagnosed_LIFT_OBJECT_unanticipated__RQ2_R_H02_C10_F02,4,Cobot Lift Failure — Grip Pressure,increase_grip_pressure(),0.5779058620689655,False
R_H02_C10_F02,diagnosed_LIFT_OBJECT_unanticipated__RQ2_R_H02_C10_F02,5,Lightweight Arm Lift — Height Verification Only,extend_lift_phase(),0.5460653206291591,False
R_H02_C10_F02,diagnosed_LIFT_OBJECT_unanticipated__RQ2_R_H02_C10_F02,6,Heavy Duty Arm — Motor Overload During Lift,reduce_lift_speed(),0.5,False
R_H02_C10_F02,diagnosed_LIFT_OBJECT_unanticipated__RQ2_R_H02_C10_F02,7,Suction Arm Lift — Vacuum Loss,emergency_vacuum_pump(),0.3333333333333333,False
R_H02_C10_F03,diagnosed_LIFT_OBJECT_unanticipated__RQ2_R_H02_C10_F03,1,Lift Slip — Low Friction Surface,apply_vacuum_assist(),0.8529322222222223,True
R_H02_C10_F03,diagnosed_LIFT_OBJECT_unanticipated__RQ2_R_H02_C10_F03,2,Parallel Arm Lift — Contact Loss,reposition_and_regrip(),0.711366724137931,False
R_H02_C10_F03,diagnosed_LIFT_OBJECT_unanticipated__RQ2_R_H02_C10_F03,3,Cobot Industrial — Incremental Heavy Part Transfer,heavy_lift(),0.6806624142345109,False
R_H02_C10_F03,diagnosed_LIFT_OBJECT_unanticipated__RQ2_R_H02_C10_F03,4,Cobot Lift Failure — Grip Pressure,increase_grip_pressure(),0.5779058620689655,False
R_H02_C10_F03,diagnosed_LIFT_OBJECT_unanticipated__RQ2_R_H02_C10_F03,5,Lightweight Arm Lift — Height Verification Only,extend_lift_phase(),0.5460653206291591,False
R_H02_C10_F03,diagnosed_LIFT_OBJECT_unanticipated__RQ2_R_H02_C10_F03,6,Heavy Duty Arm — Motor Overload During Lift,reduce_lift_speed(),0.5,False
R_H02_C10_F03,diagnosed_LIFT_OBJECT_unanticipated__RQ2_R_H02_C10_F03,7,Suction Arm Lift — Vacuum Loss,emergency_vacuum_pump(),0.3333333333333333,False
R_H02_C10_F04,diagnosed_LIFT_OBJECT_unanticipated__RQ2_R_H02_C10_F04,1,Lift Slip — Low Friction Surface,apply_vacuum_assist(),0.8570988888888889,True
R_H02_C10_F04,diagnosed_LIFT_OBJECT_unanticipated__RQ2_R_H02_C10_F04,2,Parallel Arm Lift — Contact Loss,reposition_and_regrip(),0.711366724137931,False
R_H02_C10_F04,diagnosed_LIFT_OBJECT_unanticipated__RQ2_R_H02_C10_F04,3,Cobot Industrial — Incremental Heavy Part Transfer,heavy_lift(),0.6806624142345109,False
R_H02_C10_F04,diagnosed_LIFT_OBJECT_unanticipated__RQ2_R_H02_C10_F04,4,Cobot Lift Failure — Grip Pressure,increase_grip_pressure(),0.5779058620689655,False
R_H02_C10_F04,diagnosed_LIFT_OBJECT_unanticipated__RQ2_R_H02_C10_F04,5,Lightweight Arm Lift — Height Verification Only,extend_lift_phase(),0.5460653206291591,False
R_H02_C10_F04,diagnosed_LIFT_OBJECT_unanticipated__RQ2_R_H02_C10_F04,6,Heavy Duty Arm — Motor Overload During Lift,reduce_lift_speed(),0.5,False
R_H02_C10_F04,diagnosed_LIFT_OBJECT_unanticipated__RQ2_R_H02_C10_F04,7,Suction Arm Lift — Vacuum Loss,emergency_vacuum_pump(),0.3333333333333333,False
R_H02_C10_F05,diagnosed_LIFT_OBJECT_unanticipated__RQ2_R_H02_C10_F05,1,Lift Slip — Low Friction Surface,apply_vacuum_assist(),0.8765433333333333,True
R_H02_C10_F05,diagnosed_LIFT_OBJECT_unanticipated__RQ2_R_H02_C10_F05,2,Parallel Arm Lift — Contact Loss,reposition_and_regrip(),0.711366724137931,False
R_H02_C10_F05,diagnosed_LIFT_OBJECT_unanticipated__RQ2_R_H02_C10_F05,3,Cobot Industrial — Incremental Heavy Part Transfer,heavy_lift(),0.6806624142345109,False
R_H02_C10_F05,diagnosed_LIFT_OBJECT_unanticipated__RQ2_R_H02_C10_F05,4,Cobot Lift Failure — Grip Pressure,increase_grip_pressure(),0.5779058620689655,False
R_H02_C10_F05,diagnosed_LIFT_OBJECT_unanticipated__RQ2_R_H02_C10_F05,5,Lightweight Arm Lift — Height Verification Only,extend_lift_phase(),0.5460653206291591,False
R_H02_C10_F05,diagnosed_LIFT_OBJECT_unanticipated__RQ2_R_H02_C10_F05,6,Heavy Duty Arm — Motor Overload During Lift,reduce_lift_speed(),0.5,False
R_H02_C10_F05,diagnosed_LIFT_OBJECT_unanticipated__RQ2_R_H02_C10_F05,7,Suction Arm Lift — Vacuum Loss,emergency_vacuum_pump(),0.3333333333333333,False
R_H02_C10_F06,diagnosed_LIFT_OBJECT_unanticipated__RQ2_R_H02_C10_F06,1,Lift Slip — Low Friction Surface,apply_vacuum_assist(),0.8543211111111111,True
R_H02_C10_F06,diagnosed_LIFT_OBJECT_unanticipated__RQ2_R_H02_C10_F06,2,Parallel Arm Lift — Contact Loss,reposition_and_regrip(),0.711366724137931,False
R_H02_C10_F06,diagnosed_LIFT_OBJECT_unanticipated__RQ2_R_H02_C10_F06,3,Cobot Industrial — Incremental Heavy Part Transfer,heavy_lift(),0.6806624142345109,False
R_H02_C10_F06,diagnosed_LIFT_OBJECT_unanticipated__RQ2_R_H02_C10_F06,4,Cobot Lift Failure — Grip Pressure,increase_grip_pressure(),0.5779058620689655,False
R_H02_C10_F06,diagnosed_LIFT_OBJECT_unanticipated__RQ2_R_H02_C10_F06,5,Lightweight Arm Lift — Height Verification Only,extend_lift_phase(),0.5460653206291591,False
R_H02_C10_F06,diagnosed_LIFT_OBJECT_unanticipated__RQ2_R_H02_C10_F06,6,Heavy Duty Arm — Motor Overload During Lift,reduce_lift_speed(),0.5,False
R_H02_C10_F06,diagnosed_LIFT_OBJECT_unanticipated__RQ2_R_H02_C10_F06,7,Suction Arm Lift — Vacuum Loss,emergency_vacuum_pump(),0.3333333333333333,False
R_H02_C10_F07,diagnosed_LIFT_OBJECT_unanticipated__RQ2_R_H02_C10_F07,1,Lift Slip — Low Friction Surface,apply_vacuum_assist(),0.8098766666666667,True
R_H02_C10_F07,diagnosed_LIFT_OBJECT_unanticipated__RQ2_R_H02_C10_F07,2,Parallel Arm Lift — Contact Loss,reposition_and_regrip(),0.711366724137931,False
R_H02_C10_F07,diagnosed_LIFT_OBJECT_unanticipated__RQ2_R_H02_C10_F07,3,Cobot Industrial — Incremental Heavy Part Transfer,heavy_lift(),0.6806624142345109,False
R_H02_C10_F07,diagnosed_LIFT_OBJECT_unanticipated__RQ2_R_H02_C10_F07,4,Cobot Lift Failure — Grip Pressure,increase_grip_pressure(),0.5779058620689655,False
R_H02_C10_F07,diagnosed_LIFT_OBJECT_unanticipated__RQ2_R_H02_C10_F07,5,Lightweight Arm Lift — Height Verification Only,extend_lift_phase(),0.5460653206291591,False
R_H02_C10_F07,diagnosed_LIFT_OBJECT_unanticipated__RQ2_R_H02_C10_F07,6,Heavy Duty Arm — Motor Overload During Lift,reduce_lift_speed(),0.5,False
R_H02_C10_F07,diagnosed_LIFT_OBJECT_unanticipated__RQ2_R_H02_C10_F07,7,Suction Arm Lift — Vacuum Loss,emergency_vacuum_pump(),0.3333333333333333,False
R_H02_C10_F08,diagnosed_LIFT_OBJECT_unanticipated__RQ2_R_H02_C10_F08,1,Lift Slip — Low Friction Surface,apply_vacuum_assist(),0.7701544444444445,True
R_H02_C10_F08,diagnosed_LIFT_OBJECT_unanticipated__RQ2_R_H02_C10_F08,2,Parallel Arm Lift — Contact Loss,reposition_and_regrip(),0.711366724137931,False
R_H02_C10_F08,diagnosed_LIFT_OBJECT_unanticipated__RQ2_R_H02_C10_F08,3,Cobot Industrial — Incremental Heavy Part Transfer,heavy_lift(),0.6806624142345109,False
R_H02_C10_F08,diagnosed_LIFT_OBJECT_unanticipated__RQ2_R_H02_C10_F08,4,Cobot Lift Failure — Grip Pressure,increase_grip_pressure(),0.5779058620689655,False
R_H02_C10_F08,diagnosed_LIFT_OBJECT_unanticipated__RQ2_R_H02_C10_F08,5,Lightweight Arm Lift — Height Verification Only,extend_lift_phase(),0.5460653206291591,False
R_H02_C10_F08,diagnosed_LIFT_OBJECT_unanticipated__RQ2_R_H02_C10_F08,6,Heavy Duty Arm — Motor Overload During Lift,reduce_lift_speed(),0.5,False
R_H02_C10_F08,diagnosed_LIFT_OBJECT_unanticipated__RQ2_R_H02_C10_F08,7,Suction Arm Lift — Vacuum Loss,emergency_vacuum_pump(),0.3333333333333333,False
R_H02_C10_F09,diagnosed_LIFT_OBJECT_unanticipated__RQ2_R_H02_C10_F09,1,Lift Slip — Low Friction Surface,apply_vacuum_assist(),0.7654322222222222,True
R_H02_C10_F09,diagnosed_LIFT_OBJECT_unanticipated__RQ2_R_H02_C10_F09,2,Parallel Arm Lift — Contact Loss,reposition_and_regrip(),0.711366724137931,False
R_H02_C10_F09,diagnosed_LIFT_OBJECT_unanticipated__RQ2_R_H02_C10_F09,3,Cobot Industrial — Incremental Heavy Part Transfer,heavy_lift(),0.6806624142345109,False
R_H02_C10_F09,diagnosed_LIFT_OBJECT_unanticipated__RQ2_R_H02_C10_F09,4,Cobot Lift Failure — Grip Pressure,increase_grip_pressure(),0.5779058620689655,False
R_H02_C10_F09,diagnosed_LIFT_OBJECT_unanticipated__RQ2_R_H02_C10_F09,5,Lightweight Arm Lift — Height Verification Only,extend_lift_phase(),0.5460653206291591,False
R_H02_C10_F09,diagnosed_LIFT_OBJECT_unanticipated__RQ2_R_H02_C10_F09,6,Heavy Duty Arm — Motor Overload During Lift,reduce_lift_speed(),0.5,False
R_H02_C10_F09,diagnosed_LIFT_OBJECT_unanticipated__RQ2_R_H02_C10_F09,7,Suction Arm Lift — Vacuum Loss,emergency_vacuum_pump(),0.3333333333333333,False
R_H02_C10_F10,diagnosed_LIFT_OBJECT_unanticipated__RQ2_R_H02_C10_F10,1,Lift Slip — Low Friction Surface,apply_vacuum_assist(),0.7654322222222222,True
R_H02_C10_F10,diagnosed_LIFT_OBJECT_unanticipated__RQ2_R_H02_C10_F10,2,Parallel Arm Lift — Contact Loss,reposition_and_regrip(),0.711366724137931,False
R_H02_C10_F10,diagnosed_LIFT_OBJECT_unanticipated__RQ2_R_H02_C10_F10,3,Cobot Industrial — Incremental Heavy Part Transfer,heavy_lift(),0.6806624142345109,False
R_H02_C10_F10,diagnosed_LIFT_OBJECT_unanticipated__RQ2_R_H02_C10_F10,4,Cobot Lift Failure — Grip Pressure,increase_grip_pressure(),0.5779058620689655,False
R_H02_C10_F10,diagnosed_LIFT_OBJECT_unanticipated__RQ2_R_H02_C10_F10,5,Lightweight Arm Lift — Height Verification Only,extend_lift_phase(),0.5460653206291591,False
R_H02_C10_F10,diagnosed_LIFT_OBJECT_unanticipated__RQ2_R_H02_C10_F10,6,Heavy Duty Arm — Motor Overload During Lift,reduce_lift_speed(),0.5,False
R_H02_C10_F10,diagnosed_LIFT_OBJECT_unanticipated__RQ2_R_H02_C10_F10,7,Suction Arm Lift — Vacuum Loss,emergency_vacuum_pump(),0.3333333333333333,False
R_H03_C01_F01,diagnosed_LIFT_OBJECT_unanticipated__RQ2_R_H03_C01_F01,1,Lift Slip — Low Friction Surface,apply_vacuum_assist(),0.8055555555555557,True
R_H03_C01_F01,diagnosed_LIFT_OBJECT_unanticipated__RQ2_R_H03_C01_F01,2,Parallel Arm Lift — Contact Loss,reposition_and_regrip(),0.7298850574712644,False
R_H03_C01_F01,diagnosed_LIFT_OBJECT_unanticipated__RQ2_R_H03_C01_F01,3,Cobot Industrial — Incremental Heavy Part Transfer,heavy_lift(),0.6991807475678442,False
R_H03_C01_F01,diagnosed_LIFT_OBJECT_unanticipated__RQ2_R_H03_C01_F01,4,Cobot Lift Failure — Grip Pressure,increase_grip_pressure(),0.6149425287356322,False
R_H03_C01_F01,diagnosed_LIFT_OBJECT_unanticipated__RQ2_R_H03_C01_F01,5,Lightweight Arm Lift — Height Verification Only,extend_lift_phase(),0.5645836539624924,False
R_H03_C01_F01,diagnosed_LIFT_OBJECT_unanticipated__RQ2_R_H03_C01_F01,6,Heavy Duty Arm — Motor Overload During Lift,reduce_lift_speed(),0.5,False
R_H03_C01_F01,diagnosed_LIFT_OBJECT_unanticipated__RQ2_R_H03_C01_F01,7,Suction Arm Lift — Vacuum Loss,emergency_vacuum_pump(),0.3333333333333333,False
R_H03_C01_F02,diagnosed_LIFT_OBJECT_unanticipated__RQ2_R_H03_C01_F02,1,Lift Slip — Low Friction Surface,apply_vacuum_assist(),0.8611111111111112,True
R_H03_C01_F02,diagnosed_LIFT_OBJECT_unanticipated__RQ2_R_H03_C01_F02,2,Parallel Arm Lift — Contact Loss,reposition_and_regrip(),0.7298850574712644,False
R_H03_C01_F02,diagnosed_LIFT_OBJECT_unanticipated__RQ2_R_H03_C01_F02,3,Cobot Industrial — Incremental Heavy Part Transfer,heavy_lift(),0.6991807475678442,False
R_H03_C01_F02,diagnosed_LIFT_OBJECT_unanticipated__RQ2_R_H03_C01_F02,4,Cobot Lift Failure — Grip Pressure,increase_grip_pressure(),0.6149425287356322,False
R_H03_C01_F02,diagnosed_LIFT_OBJECT_unanticipated__RQ2_R_H03_C01_F02,5,Lightweight Arm Lift — Height Verification Only,extend_lift_phase(),0.5645836539624924,False
R_H03_C01_F02,diagnosed_LIFT_OBJECT_unanticipated__RQ2_R_H03_C01_F02,6,Heavy Duty Arm — Motor Overload During Lift,reduce_lift_speed(),0.5,False
R_H03_C01_F02,diagnosed_LIFT_OBJECT_unanticipated__RQ2_R_H03_C01_F02,7,Suction Arm Lift — Vacuum Loss,emergency_vacuum_pump(),0.3333333333333333,False
R_H03_C01_F03,diagnosed_LIFT_OBJECT_unanticipated__RQ2_R_H03_C01_F03,1,Lift Slip — Low Friction Surface,apply_vacuum_assist(),0.8652777777777777,True
R_H03_C01_F03,diagnosed_LIFT_OBJECT_unanticipated__RQ2_R_H03_C01_F03,2,Parallel Arm Lift — Contact Loss,reposition_and_regrip(),0.7298850574712644,False
R_H03_C01_F03,diagnosed_LIFT_OBJECT_unanticipated__RQ2_R_H03_C01_F03,3,Cobot Industrial — Incremental Heavy Part Transfer,heavy_lift(),0.6991807475678442,False
R_H03_C01_F03,diagnosed_LIFT_OBJECT_unanticipated__RQ2_R_H03_C01_F03,4,Cobot Lift Failure — Grip Pressure,increase_grip_pressure(),0.6149425287356322,False
R_H03_C01_F03,diagnosed_LIFT_OBJECT_unanticipated__RQ2_R_H03_C01_F03,5,Lightweight Arm Lift — Height Verification Only,extend_lift_phase(),0.5645836539624924,False
R_H03_C01_F03,diagnosed_LIFT_OBJECT_unanticipated__RQ2_R_H03_C01_F03,6,Heavy Duty Arm — Motor Overload During Lift,reduce_lift_speed(),0.5,False
R_H03_C01_F03,diagnosed_LIFT_OBJECT_unanticipated__RQ2_R_H03_C01_F03,7,Suction Arm Lift — Vacuum Loss,emergency_vacuum_pump(),0.3333333333333333,False
R_H03_C01_F04,diagnosed_LIFT_OBJECT_unanticipated__RQ2_R_H03_C01_F04,1,Lift Slip — Low Friction Surface,apply_vacuum_assist(),0.8694444444444445,True
R_H03_C01_F04,diagnosed_LIFT_OBJECT_unanticipated__RQ2_R_H03_C01_F04,2,Parallel Arm Lift — Contact Loss,reposition_and_regrip(),0.7298850574712644,False
R_H03_C01_F04,diagnosed_LIFT_OBJECT_unanticipated__RQ2_R_H03_C01_F04,3,Cobot Industrial — Incremental Heavy Part Transfer,heavy_lift(),0.6991807475678442,False
R_H03_C01_F04,diagnosed_LIFT_OBJECT_unanticipated__RQ2_R_H03_C01_F04,4,Cobot Lift Failure — Grip Pressure,increase_grip_pressure(),0.6149425287356322,False
R_H03_C01_F04,diagnosed_LIFT_OBJECT_unanticipated__RQ2_R_H03_C01_F04,5,Lightweight Arm Lift — Height Verification Only,extend_lift_phase(),0.5645836539624924,False
R_H03_C01_F04,diagnosed_LIFT_OBJECT_unanticipated__RQ2_R_H03_C01_F04,6,Heavy Duty Arm — Motor Overload During Lift,reduce_lift_speed(),0.5,False
R_H03_C01_F04,diagnosed_LIFT_OBJECT_unanticipated__RQ2_R_H03_C01_F04,7,Suction Arm Lift — Vacuum Loss,emergency_vacuum_pump(),0.3333333333333333,False
R_H03_C01_F05,diagnosed_LIFT_OBJECT_unanticipated__RQ2_R_H03_C01_F05,1,Lift Slip — Low Friction Surface,apply_vacuum_assist(),0.8888888888888888,True
R_H03_C01_F05,diagnosed_LIFT_OBJECT_unanticipated__RQ2_R_H03_C01_F05,2,Parallel Arm Lift — Contact Loss,reposition_and_regrip(),0.7298850574712644,False
R_H03_C01_F05,diagnosed_LIFT_OBJECT_unanticipated__RQ2_R_H03_C01_F05,3,Cobot Industrial — Incremental Heavy Part Transfer,heavy_lift(),0.6991807475678442,False
R_H03_C01_F05,diagnosed_LIFT_OBJECT_unanticipated__RQ2_R_H03_C01_F05,4,Cobot Lift Failure — Grip Pressure,increase_grip_pressure(),0.6149425287356322,False
R_H03_C01_F05,diagnosed_LIFT_OBJECT_unanticipated__RQ2_R_H03_C01_F05,5,Lightweight Arm Lift — Height Verification Only,extend_lift_phase(),0.5645836539624924,False
R_H03_C01_F05,diagnosed_LIFT_OBJECT_unanticipated__RQ2_R_H03_C01_F05,6,Heavy Duty Arm — Motor Overload During Lift,reduce_lift_speed(),0.5,False
R_H03_C01_F05,diagnosed_LIFT_OBJECT_unanticipated__RQ2_R_H03_C01_F05,7,Suction Arm Lift — Vacuum Loss,emergency_vacuum_pump(),0.3333333333333333,False
R_H03_C01_F06,diagnosed_LIFT_OBJECT_unanticipated__RQ2_R_H03_C01_F06,1,Lift Slip — Low Friction Surface,apply_vacuum_assist(),0.8666666666666667,True
R_H03_C01_F06,diagnosed_LIFT_OBJECT_unanticipated__RQ2_R_H03_C01_F06,2,Parallel Arm Lift — Contact Loss,reposition_and_regrip(),0.7298850574712644,False
R_H03_C01_F06,diagnosed_LIFT_OBJECT_unanticipated__RQ2_R_H03_C01_F06,3,Cobot Industrial — Incremental Heavy Part Transfer,heavy_lift(),0.6991807475678442,False
R_H03_C01_F06,diagnosed_LIFT_OBJECT_unanticipated__RQ2_R_H03_C01_F06,4,Cobot Lift Failure — Grip Pressure,increase_grip_pressure(),0.6149425287356322,False
R_H03_C01_F06,diagnosed_LIFT_OBJECT_unanticipated__RQ2_R_H03_C01_F06,5,Lightweight Arm Lift — Height Verification Only,extend_lift_phase(),0.5645836539624924,False
R_H03_C01_F06,diagnosed_LIFT_OBJECT_unanticipated__RQ2_R_H03_C01_F06,6,Heavy Duty Arm — Motor Overload During Lift,reduce_lift_speed(),0.5,False
R_H03_C01_F06,diagnosed_LIFT_OBJECT_unanticipated__RQ2_R_H03_C01_F06,7,Suction Arm Lift — Vacuum Loss,emergency_vacuum_pump(),0.3333333333333333,False
R_H03_C01_F07,diagnosed_LIFT_OBJECT_unanticipated__RQ2_R_H03_C01_F07,1,Lift Slip — Low Friction Surface,apply_vacuum_assist(),0.8222222222222223,True
R_H03_C01_F07,diagnosed_LIFT_OBJECT_unanticipated__RQ2_R_H03_C01_F07,2,Parallel Arm Lift — Contact Loss,reposition_and_regrip(),0.7298850574712644,False
R_H03_C01_F07,diagnosed_LIFT_OBJECT_unanticipated__RQ2_R_H03_C01_F07,3,Cobot Industrial — Incremental Heavy Part Transfer,heavy_lift(),0.6991807475678442,False
R_H03_C01_F07,diagnosed_LIFT_OBJECT_unanticipated__RQ2_R_H03_C01_F07,4,Cobot Lift Failure — Grip Pressure,increase_grip_pressure(),0.6149425287356322,False
R_H03_C01_F07,diagnosed_LIFT_OBJECT_unanticipated__RQ2_R_H03_C01_F07,5,Lightweight Arm Lift — Height Verification Only,extend_lift_phase(),0.5645836539624924,False
R_H03_C01_F07,diagnosed_LIFT_OBJECT_unanticipated__RQ2_R_H03_C01_F07,6,Heavy Duty Arm — Motor Overload During Lift,reduce_lift_speed(),0.5,False
R_H03_C01_F07,diagnosed_LIFT_OBJECT_unanticipated__RQ2_R_H03_C01_F07,7,Suction Arm Lift — Vacuum Loss,emergency_vacuum_pump(),0.3333333333333333,False
R_H03_C01_F08,diagnosed_LIFT_OBJECT_unanticipated__RQ2_R_H03_C01_F08,1,Lift Slip — Low Friction Surface,apply_vacuum_assist(),0.7825000000000001,True
R_H03_C01_F08,diagnosed_LIFT_OBJECT_unanticipated__RQ2_R_H03_C01_F08,2,Parallel Arm Lift — Contact Loss,reposition_and_regrip(),0.7298850574712644,False
R_H03_C01_F08,diagnosed_LIFT_OBJECT_unanticipated__RQ2_R_H03_C01_F08,3,Cobot Industrial — Incremental Heavy Part Transfer,heavy_lift(),0.6991807475678442,False
R_H03_C01_F08,diagnosed_LIFT_OBJECT_unanticipated__RQ2_R_H03_C01_F08,4,Cobot Lift Failure — Grip Pressure,increase_grip_pressure(),0.6149425287356322,False
R_H03_C01_F08,diagnosed_LIFT_OBJECT_unanticipated__RQ2_R_H03_C01_F08,5,Lightweight Arm Lift — Height Verification Only,extend_lift_phase(),0.5645836539624924,False
R_H03_C01_F08,diagnosed_LIFT_OBJECT_unanticipated__RQ2_R_H03_C01_F08,6,Heavy Duty Arm — Motor Overload During Lift,reduce_lift_speed(),0.5,False
R_H03_C01_F08,diagnosed_LIFT_OBJECT_unanticipated__RQ2_R_H03_C01_F08,7,Suction Arm Lift — Vacuum Loss,emergency_vacuum_pump(),0.3333333333333333,False
R_H03_C01_F09,diagnosed_LIFT_OBJECT_unanticipated__RQ2_R_H03_C01_F09,1,Lift Slip — Low Friction Surface,apply_vacuum_assist(),0.7777777777777777,True
R_H03_C01_F09,diagnosed_LIFT_OBJECT_unanticipated__RQ2_R_H03_C01_F09,2,Parallel Arm Lift — Contact Loss,reposition_and_regrip(),0.7298850574712644,False
R_H03_C01_F09,diagnosed_LIFT_OBJECT_unanticipated__RQ2_R_H03_C01_F09,3,Cobot Industrial — Incremental Heavy Part Transfer,heavy_lift(),0.6991807475678442,False
R_H03_C01_F09,diagnosed_LIFT_OBJECT_unanticipated__RQ2_R_H03_C01_F09,4,Cobot Lift Failure — Grip Pressure,increase_grip_pressure(),0.6149425287356322,False
R_H03_C01_F09,diagnosed_LIFT_OBJECT_unanticipated__RQ2_R_H03_C01_F09,5,Lightweight Arm Lift — Height Verification Only,extend_lift_phase(),0.5645836539624924,False
R_H03_C01_F09,diagnosed_LIFT_OBJECT_unanticipated__RQ2_R_H03_C01_F09,6,Heavy Duty Arm — Motor Overload During Lift,reduce_lift_speed(),0.5,False
R_H03_C01_F09,diagnosed_LIFT_OBJECT_unanticipated__RQ2_R_H03_C01_F09,7,Suction Arm Lift — Vacuum Loss,emergency_vacuum_pump(),0.3333333333333333,False
R_H03_C01_F10,diagnosed_LIFT_OBJECT_unanticipated__RQ2_R_H03_C01_F10,1,Lift Slip — Low Friction Surface,apply_vacuum_assist(),0.7777777777777777,True
R_H03_C01_F10,diagnosed_LIFT_OBJECT_unanticipated__RQ2_R_H03_C01_F10,2,Parallel Arm Lift — Contact Loss,reposition_and_regrip(),0.7298850574712644,False
R_H03_C01_F10,diagnosed_LIFT_OBJECT_unanticipated__RQ2_R_H03_C01_F10,3,Cobot Industrial — Incremental Heavy Part Transfer,heavy_lift(),0.6991807475678442,False
R_H03_C01_F10,diagnosed_LIFT_OBJECT_unanticipated__RQ2_R_H03_C01_F10,4,Cobot Lift Failure — Grip Pressure,increase_grip_pressure(),0.6149425287356322,False
R_H03_C01_F10,diagnosed_LIFT_OBJECT_unanticipated__RQ2_R_H03_C01_F10,5,Lightweight Arm Lift — Height Verification Only,extend_lift_phase(),0.5645836539624924,False
R_H03_C01_F10,diagnosed_LIFT_OBJECT_unanticipated__RQ2_R_H03_C01_F10,6,Heavy Duty Arm — Motor Overload During Lift,reduce_lift_speed(),0.5,False
R_H03_C01_F10,diagnosed_LIFT_OBJECT_unanticipated__RQ2_R_H03_C01_F10,7,Suction Arm Lift — Vacuum Loss,emergency_vacuum_pump(),0.3333333333333333,False
R_H03_C02_F01,diagnosed_LIFT_OBJECT_unanticipated__RQ2_R_H03_C02_F01,1,Lift Slip — Low Friction Surface,apply_vacuum_assist(),0.9166666666666666,True
R_H03_C02_F01,diagnosed_LIFT_OBJECT_unanticipated__RQ2_R_H03_C02_F01,2,Parallel Arm Lift — Contact Loss,reposition_and_regrip(),0.896551724137931,False
R_H03_C02_F01,diagnosed_LIFT_OBJECT_unanticipated__RQ2_R_H03_C02_F01,3,Cobot Industrial — Incremental Heavy Part Transfer,heavy_lift(),0.8658474142345108,False
R_H03_C02_F01,diagnosed_LIFT_OBJECT_unanticipated__RQ2_R_H03_C02_F01,4,Lightweight Arm Lift — Height Verification Only,extend_lift_phase(),0.7312503206291591,False
R_H03_C02_F01,diagnosed_LIFT_OBJECT_unanticipated__RQ2_R_H03_C02_F01,5,Cobot Lift Failure — Grip Pressure,increase_grip_pressure(),0.6149425287356322,False
R_H03_C02_F01,diagnosed_LIFT_OBJECT_unanticipated__RQ2_R_H03_C02_F01,6,Heavy Duty Arm — Motor Overload During Lift,reduce_lift_speed(),0.5,False
R_H03_C02_F01,diagnosed_LIFT_OBJECT_unanticipated__RQ2_R_H03_C02_F01,7,Suction Arm Lift — Vacuum Loss,emergency_vacuum_pump(),0.3333333333333333,False
R_H03_C02_F05,diagnosed_LIFT_OBJECT_unanticipated__RQ2_R_H03_C02_F05,1,Lift Slip — Low Friction Surface,apply_vacuum_assist(),1.0,True
R_H03_C02_F05,diagnosed_LIFT_OBJECT_unanticipated__RQ2_R_H03_C02_F05,2,Parallel Arm Lift — Contact Loss,reposition_and_regrip(),0.896551724137931,False
R_H03_C02_F05,diagnosed_LIFT_OBJECT_unanticipated__RQ2_R_H03_C02_F05,3,Cobot Industrial — Incremental Heavy Part Transfer,heavy_lift(),0.8658474142345108,False
R_H03_C02_F05,diagnosed_LIFT_OBJECT_unanticipated__RQ2_R_H03_C02_F05,4,Lightweight Arm Lift — Height Verification Only,extend_lift_phase(),0.7312503206291591,False
R_H03_C02_F05,diagnosed_LIFT_OBJECT_unanticipated__RQ2_R_H03_C02_F05,5,Cobot Lift Failure — Grip Pressure,increase_grip_pressure(),0.6149425287356322,False
R_H03_C02_F05,diagnosed_LIFT_OBJECT_unanticipated__RQ2_R_H03_C02_F05,6,Heavy Duty Arm — Motor Overload During Lift,reduce_lift_speed(),0.5,False
R_H03_C02_F05,diagnosed_LIFT_OBJECT_unanticipated__RQ2_R_H03_C02_F05,7,Suction Arm Lift — Vacuum Loss,emergency_vacuum_pump(),0.3333333333333333,False
R_H03_C02_F06,diagnosed_LIFT_OBJECT_unanticipated__RQ2_R_H03_C02_F06,1,Lift Slip — Low Friction Surface,apply_vacuum_assist(),0.9777777777777777,True
R_H03_C02_F06,diagnosed_LIFT_OBJECT_unanticipated__RQ2_R_H03_C02_F06,2,Parallel Arm Lift — Contact Loss,reposition_and_regrip(),0.896551724137931,False
R_H03_C02_F06,diagnosed_LIFT_OBJECT_unanticipated__RQ2_R_H03_C02_F06,3,Cobot Industrial — Incremental Heavy Part Transfer,heavy_lift(),0.8658474142345108,False
R_H03_C02_F06,diagnosed_LIFT_OBJECT_unanticipated__RQ2_R_H03_C02_F06,4,Lightweight Arm Lift — Height Verification Only,extend_lift_phase(),0.7312503206291591,False
R_H03_C02_F06,diagnosed_LIFT_OBJECT_unanticipated__RQ2_R_H03_C02_F06,5,Cobot Lift Failure — Grip Pressure,increase_grip_pressure(),0.6149425287356322,False
R_H03_C02_F06,diagnosed_LIFT_OBJECT_unanticipated__RQ2_R_H03_C02_F06,6,Heavy Duty Arm — Motor Overload During Lift,reduce_lift_speed(),0.5,False
R_H03_C02_F06,diagnosed_LIFT_OBJECT_unanticipated__RQ2_R_H03_C02_F06,7,Suction Arm Lift — Vacuum Loss,emergency_vacuum_pump(),0.3333333333333333,False
R_H03_C02_F07,diagnosed_LIFT_OBJECT_unanticipated__RQ2_R_H03_C02_F07,1,Lift Slip — Low Friction Surface,apply_vacuum_assist(),0.9333333333333332,True
R_H03_C02_F07,diagnosed_LIFT_OBJECT_unanticipated__RQ2_R_H03_C02_F07,2,Parallel Arm Lift — Contact Loss,reposition_and_regrip(),0.896551724137931,False
R_H03_C02_F07,diagnosed_LIFT_OBJECT_unanticipated__RQ2_R_H03_C02_F07,3,Cobot Industrial — Incremental Heavy Part Transfer,heavy_lift(),0.8658474142345108,False
R_H03_C02_F07,diagnosed_LIFT_OBJECT_unanticipated__RQ2_R_H03_C02_F07,4,Lightweight Arm Lift — Height Verification Only,extend_lift_phase(),0.7312503206291591,False
R_H03_C02_F07,diagnosed_LIFT_OBJECT_unanticipated__RQ2_R_H03_C02_F07,5,Cobot Lift Failure — Grip Pressure,increase_grip_pressure(),0.6149425287356322,False
R_H03_C02_F07,diagnosed_LIFT_OBJECT_unanticipated__RQ2_R_H03_C02_F07,6,Heavy Duty Arm — Motor Overload During Lift,reduce_lift_speed(),0.5,False
R_H03_C02_F07,diagnosed_LIFT_OBJECT_unanticipated__RQ2_R_H03_C02_F07,7,Suction Arm Lift — Vacuum Loss,emergency_vacuum_pump(),0.3333333333333333,False
R_H03_C02_F08,diagnosed_LIFT_OBJECT_unanticipated__RQ2_R_H03_C02_F08,1,Parallel Arm Lift — Contact Loss,reposition_and_regrip(),0.896551724137931,False
R_H03_C02_F08,diagnosed_LIFT_OBJECT_unanticipated__RQ2_R_H03_C02_F08,2,Lift Slip — Low Friction Surface,apply_vacuum_assist(),0.893611111111111,True
R_H03_C02_F08,diagnosed_LIFT_OBJECT_unanticipated__RQ2_R_H03_C02_F08,3,Cobot Industrial — Incremental Heavy Part Transfer,heavy_lift(),0.8658474142345108,False
R_H03_C02_F08,diagnosed_LIFT_OBJECT_unanticipated__RQ2_R_H03_C02_F08,4,Lightweight Arm Lift — Height Verification Only,extend_lift_phase(),0.7312503206291591,False
R_H03_C02_F08,diagnosed_LIFT_OBJECT_unanticipated__RQ2_R_H03_C02_F08,5,Cobot Lift Failure — Grip Pressure,increase_grip_pressure(),0.6149425287356322,False
R_H03_C02_F08,diagnosed_LIFT_OBJECT_unanticipated__RQ2_R_H03_C02_F08,6,Heavy Duty Arm — Motor Overload During Lift,reduce_lift_speed(),0.5,False
R_H03_C02_F08,diagnosed_LIFT_OBJECT_unanticipated__RQ2_R_H03_C02_F08,7,Suction Arm Lift — Vacuum Loss,emergency_vacuum_pump(),0.3333333333333333,False
R_H03_C02_F09,diagnosed_LIFT_OBJECT_unanticipated__RQ2_R_H03_C02_F09,1,Parallel Arm Lift — Contact Loss,reposition_and_regrip(),0.896551724137931,False
R_H03_C02_F09,diagnosed_LIFT_OBJECT_unanticipated__RQ2_R_H03_C02_F09,2,Lift Slip — Low Friction Surface,apply_vacuum_assist(),0.8888888888888888,True
R_H03_C02_F09,diagnosed_LIFT_OBJECT_unanticipated__RQ2_R_H03_C02_F09,3,Cobot Industrial — Incremental Heavy Part Transfer,heavy_lift(),0.8658474142345108,False
R_H03_C02_F09,diagnosed_LIFT_OBJECT_unanticipated__RQ2_R_H03_C02_F09,4,Lightweight Arm Lift — Height Verification Only,extend_lift_phase(),0.7312503206291591,False
R_H03_C02_F09,diagnosed_LIFT_OBJECT_unanticipated__RQ2_R_H03_C02_F09,5,Cobot Lift Failure — Grip Pressure,increase_grip_pressure(),0.6149425287356322,False
R_H03_C02_F09,diagnosed_LIFT_OBJECT_unanticipated__RQ2_R_H03_C02_F09,6,Heavy Duty Arm — Motor Overload During Lift,reduce_lift_speed(),0.5,False
R_H03_C02_F09,diagnosed_LIFT_OBJECT_unanticipated__RQ2_R_H03_C02_F09,7,Suction Arm Lift — Vacuum Loss,emergency_vacuum_pump(),0.3333333333333333,False
R_H03_C02_F10,diagnosed_LIFT_OBJECT_unanticipated__RQ2_R_H03_C02_F10,1,Parallel Arm Lift — Contact Loss,reposition_and_regrip(),0.896551724137931,False
R_H03_C02_F10,diagnosed_LIFT_OBJECT_unanticipated__RQ2_R_H03_C02_F10,2,Lift Slip — Low Friction Surface,apply_vacuum_assist(),0.8888888888888888,True
R_H03_C02_F10,diagnosed_LIFT_OBJECT_unanticipated__RQ2_R_H03_C02_F10,3,Cobot Industrial — Incremental Heavy Part Transfer,heavy_lift(),0.8658474142345108,False
R_H03_C02_F10,diagnosed_LIFT_OBJECT_unanticipated__RQ2_R_H03_C02_F10,4,Lightweight Arm Lift — Height Verification Only,extend_lift_phase(),0.7312503206291591,False
R_H03_C02_F10,diagnosed_LIFT_OBJECT_unanticipated__RQ2_R_H03_C02_F10,5,Cobot Lift Failure — Grip Pressure,increase_grip_pressure(),0.6149425287356322,False
R_H03_C02_F10,diagnosed_LIFT_OBJECT_unanticipated__RQ2_R_H03_C02_F10,6,Heavy Duty Arm — Motor Overload During Lift,reduce_lift_speed(),0.5,False
R_H03_C02_F10,diagnosed_LIFT_OBJECT_unanticipated__RQ2_R_H03_C02_F10,7,Suction Arm Lift — Vacuum Loss,emergency_vacuum_pump(),0.3333333333333333,False
R_H03_C03_F01,diagnosed_LIFT_OBJECT_unanticipated__RQ2_R_H03_C03_F01,1,Lift Slip — Low Friction Surface,apply_vacuum_assist(),0.8611111111111112,True
R_H03_C03_F01,diagnosed_LIFT_OBJECT_unanticipated__RQ2_R_H03_C03_F01,2,Parallel Arm Lift — Contact Loss,reposition_and_regrip(),0.8132183908045977,False
R_H03_C03_F01,diagnosed_LIFT_OBJECT_unanticipated__RQ2_R_H03_C03_F01,3,Cobot Industrial — Incremental Heavy Part Transfer,heavy_lift(),0.7825140809011776,False
R_H03_C03_F01,diagnosed_LIFT_OBJECT_unanticipated__RQ2_R_H03_C03_F01,4,Lightweight Arm Lift — Height Verification Only,extend_lift_phase(),0.6479169872958258,False
R_H03_C03_F01,diagnosed_LIFT_OBJECT_unanticipated__RQ2_R_H03_C03_F01,5,Cobot Lift Failure — Grip Pressure,increase_grip_pressure(),0.6149425287356322,False
R_H03_C03_F01,diagnosed_LIFT_OBJECT_unanticipated__RQ2_R_H03_C03_F01,6,Heavy Duty Arm — Motor Overload During Lift,reduce_lift_speed(),0.5,False
R_H03_C03_F01,diagnosed_LIFT_OBJECT_unanticipated__RQ2_R_H03_C03_F01,7,Suction Arm Lift — Vacuum Loss,emergency_vacuum_pump(),0.3333333333333333,False
R_H03_C03_F02,diagnosed_LIFT_OBJECT_unanticipated__RQ2_R_H03_C03_F02,1,Lift Slip — Low Friction Surface,apply_vacuum_assist(),0.9166666666666666,True
R_H03_C03_F02,diagnosed_LIFT_OBJECT_unanticipated__RQ2_R_H03_C03_F02,2,Parallel Arm Lift — Contact Loss,reposition_and_regrip(),0.8132183908045977,False
R_H03_C03_F02,diagnosed_LIFT_OBJECT_unanticipated__RQ2_R_H03_C03_F02,3,Cobot Industrial — Incremental Heavy Part Transfer,heavy_lift(),0.7825140809011776,False
R_H03_C03_F02,diagnosed_LIFT_OBJECT_unanticipated__RQ2_R_H03_C03_F02,4,Lightweight Arm Lift — Height Verification Only,extend_lift_phase(),0.6479169872958258,False
R_H03_C03_F02,diagnosed_LIFT_OBJECT_unanticipated__RQ2_R_H03_C03_F02,5,Cobot Lift Failure — Grip Pressure,increase_grip_pressure(),0.6149425287356322,False
R_H03_C03_F02,diagnosed_LIFT_OBJECT_unanticipated__RQ2_R_H03_C03_F02,6,Heavy Duty Arm — Motor Overload During Lift,reduce_lift_speed(),0.5,False
R_H03_C03_F02,diagnosed_LIFT_OBJECT_unanticipated__RQ2_R_H03_C03_F02,7,Suction Arm Lift — Vacuum Loss,emergency_vacuum_pump(),0.3333333333333333,False
R_H03_C03_F03,diagnosed_LIFT_OBJECT_unanticipated__RQ2_R_H03_C03_F03,1,Lift Slip — Low Friction Surface,apply_vacuum_assist(),0.9208333333333334,True
R_H03_C03_F03,diagnosed_LIFT_OBJECT_unanticipated__RQ2_R_H03_C03_F03,2,Parallel Arm Lift — Contact Loss,reposition_and_regrip(),0.8132183908045977,False
R_H03_C03_F03,diagnosed_LIFT_OBJECT_unanticipated__RQ2_R_H03_C03_F03,3,Cobot Industrial — Incremental Heavy Part Transfer,heavy_lift(),0.7825140809011776,False
R_H03_C03_F03,diagnosed_LIFT_OBJECT_unanticipated__RQ2_R_H03_C03_F03,4,Lightweight Arm Lift — Height Verification Only,extend_lift_phase(),0.6479169872958258,False
R_H03_C03_F03,diagnosed_LIFT_OBJECT_unanticipated__RQ2_R_H03_C03_F03,5,Cobot Lift Failure — Grip Pressure,increase_grip_pressure(),0.6149425287356322,False
R_H03_C03_F03,diagnosed_LIFT_OBJECT_unanticipated__RQ2_R_H03_C03_F03,6,Heavy Duty Arm — Motor Overload During Lift,reduce_lift_speed(),0.5,False
R_H03_C03_F03,diagnosed_LIFT_OBJECT_unanticipated__RQ2_R_H03_C03_F03,7,Suction Arm Lift — Vacuum Loss,emergency_vacuum_pump(),0.3333333333333333,False
R_H03_C03_F04,diagnosed_LIFT_OBJECT_unanticipated__RQ2_R_H03_C03_F04,1,Lift Slip — Low Friction Surface,apply_vacuum_assist(),0.9249999999999999,True
R_H03_C03_F04,diagnosed_LIFT_OBJECT_unanticipated__RQ2_R_H03_C03_F04,2,Parallel Arm Lift — Contact Loss,reposition_and_regrip(),0.8132183908045977,False
R_H03_C03_F04,diagnosed_LIFT_OBJECT_unanticipated__RQ2_R_H03_C03_F04,3,Cobot Industrial — Incremental Heavy Part Transfer,heavy_lift(),0.7825140809011776,False
R_H03_C03_F04,diagnosed_LIFT_OBJECT_unanticipated__RQ2_R_H03_C03_F04,4,Lightweight Arm Lift — Height Verification Only,extend_lift_phase(),0.6479169872958258,False
R_H03_C03_F04,diagnosed_LIFT_OBJECT_unanticipated__RQ2_R_H03_C03_F04,5,Cobot Lift Failure — Grip Pressure,increase_grip_pressure(),0.6149425287356322,False
R_H03_C03_F04,diagnosed_LIFT_OBJECT_unanticipated__RQ2_R_H03_C03_F04,6,Heavy Duty Arm — Motor Overload During Lift,reduce_lift_speed(),0.5,False
R_H03_C03_F04,diagnosed_LIFT_OBJECT_unanticipated__RQ2_R_H03_C03_F04,7,Suction Arm Lift — Vacuum Loss,emergency_vacuum_pump(),0.3333333333333333,False
R_H03_C03_F05,diagnosed_LIFT_OBJECT_unanticipated__RQ2_R_H03_C03_F05,1,Lift Slip — Low Friction Surface,apply_vacuum_assist(),0.9444444444444445,True
R_H03_C03_F05,diagnosed_LIFT_OBJECT_unanticipated__RQ2_R_H03_C03_F05,2,Parallel Arm Lift — Contact Loss,reposition_and_regrip(),0.8132183908045977,False
R_H03_C03_F05,diagnosed_LIFT_OBJECT_unanticipated__RQ2_R_H03_C03_F05,3,Cobot Industrial — Incremental Heavy Part Transfer,heavy_lift(),0.7825140809011776,False
R_H03_C03_F05,diagnosed_LIFT_OBJECT_unanticipated__RQ2_R_H03_C03_F05,4,Lightweight Arm Lift — Height Verification Only,extend_lift_phase(),0.6479169872958258,False
R_H03_C03_F05,diagnosed_LIFT_OBJECT_unanticipated__RQ2_R_H03_C03_F05,5,Cobot Lift Failure — Grip Pressure,increase_grip_pressure(),0.6149425287356322,False
R_H03_C03_F05,diagnosed_LIFT_OBJECT_unanticipated__RQ2_R_H03_C03_F05,6,Heavy Duty Arm — Motor Overload During Lift,reduce_lift_speed(),0.5,False
R_H03_C03_F05,diagnosed_LIFT_OBJECT_unanticipated__RQ2_R_H03_C03_F05,7,Suction Arm Lift — Vacuum Loss,emergency_vacuum_pump(),0.3333333333333333,False
R_H03_C03_F06,diagnosed_LIFT_OBJECT_unanticipated__RQ2_R_H03_C03_F06,1,Lift Slip — Low Friction Surface,apply_vacuum_assist(),0.9222222222222222,True
R_H03_C03_F06,diagnosed_LIFT_OBJECT_unanticipated__RQ2_R_H03_C03_F06,2,Parallel Arm Lift — Contact Loss,reposition_and_regrip(),0.8132183908045977,False
R_H03_C03_F06,diagnosed_LIFT_OBJECT_unanticipated__RQ2_R_H03_C03_F06,3,Cobot Industrial — Incremental Heavy Part Transfer,heavy_lift(),0.7825140809011776,False
R_H03_C03_F06,diagnosed_LIFT_OBJECT_unanticipated__RQ2_R_H03_C03_F06,4,Lightweight Arm Lift — Height Verification Only,extend_lift_phase(),0.6479169872958258,False
R_H03_C03_F06,diagnosed_LIFT_OBJECT_unanticipated__RQ2_R_H03_C03_F06,5,Cobot Lift Failure — Grip Pressure,increase_grip_pressure(),0.6149425287356322,False
R_H03_C03_F06,diagnosed_LIFT_OBJECT_unanticipated__RQ2_R_H03_C03_F06,6,Heavy Duty Arm — Motor Overload During Lift,reduce_lift_speed(),0.5,False
R_H03_C03_F06,diagnosed_LIFT_OBJECT_unanticipated__RQ2_R_H03_C03_F06,7,Suction Arm Lift — Vacuum Loss,emergency_vacuum_pump(),0.3333333333333333,False
R_H03_C03_F07,diagnosed_LIFT_OBJECT_unanticipated__RQ2_R_H03_C03_F07,1,Lift Slip — Low Friction Surface,apply_vacuum_assist(),0.8777777777777778,True
R_H03_C03_F07,diagnosed_LIFT_OBJECT_unanticipated__RQ2_R_H03_C03_F07,2,Parallel Arm Lift — Contact Loss,reposition_and_regrip(),0.8132183908045977,False
R_H03_C03_F07,diagnosed_LIFT_OBJECT_unanticipated__RQ2_R_H03_C03_F07,3,Cobot Industrial — Incremental Heavy Part Transfer,heavy_lift(),0.7825140809011776,False
R_H03_C03_F07,diagnosed_LIFT_OBJECT_unanticipated__RQ2_R_H03_C03_F07,4,Lightweight Arm Lift — Height Verification Only,extend_lift_phase(),0.6479169872958258,False
R_H03_C03_F07,diagnosed_LIFT_OBJECT_unanticipated__RQ2_R_H03_C03_F07,5,Cobot Lift Failure — Grip Pressure,increase_grip_pressure(),0.6149425287356322,False
R_H03_C03_F07,diagnosed_LIFT_OBJECT_unanticipated__RQ2_R_H03_C03_F07,6,Heavy Duty Arm — Motor Overload During Lift,reduce_lift_speed(),0.5,False
R_H03_C03_F07,diagnosed_LIFT_OBJECT_unanticipated__RQ2_R_H03_C03_F07,7,Suction Arm Lift — Vacuum Loss,emergency_vacuum_pump(),0.3333333333333333,False
R_H03_C03_F08,diagnosed_LIFT_OBJECT_unanticipated__RQ2_R_H03_C03_F08,1,Lift Slip — Low Friction Surface,apply_vacuum_assist(),0.8380555555555556,True
R_H03_C03_F08,diagnosed_LIFT_OBJECT_unanticipated__RQ2_R_H03_C03_F08,2,Parallel Arm Lift — Contact Loss,reposition_and_regrip(),0.8132183908045977,False
R_H03_C03_F08,diagnosed_LIFT_OBJECT_unanticipated__RQ2_R_H03_C03_F08,3,Cobot Industrial — Incremental Heavy Part Transfer,heavy_lift(),0.7825140809011776,False
R_H03_C03_F08,diagnosed_LIFT_OBJECT_unanticipated__RQ2_R_H03_C03_F08,4,Lightweight Arm Lift — Height Verification Only,extend_lift_phase(),0.6479169872958258,False
R_H03_C03_F08,diagnosed_LIFT_OBJECT_unanticipated__RQ2_R_H03_C03_F08,5,Cobot Lift Failure — Grip Pressure,increase_grip_pressure(),0.6149425287356322,False
R_H03_C03_F08,diagnosed_LIFT_OBJECT_unanticipated__RQ2_R_H03_C03_F08,6,Heavy Duty Arm — Motor Overload During Lift,reduce_lift_speed(),0.5,False
R_H03_C03_F08,diagnosed_LIFT_OBJECT_unanticipated__RQ2_R_H03_C03_F08,7,Suction Arm Lift — Vacuum Loss,emergency_vacuum_pump(),0.3333333333333333,False
R_H03_C03_F09,diagnosed_LIFT_OBJECT_unanticipated__RQ2_R_H03_C03_F09,1,Lift Slip — Low Friction Surface,apply_vacuum_assist(),0.8333333333333334,True
R_H03_C03_F09,diagnosed_LIFT_OBJECT_unanticipated__RQ2_R_H03_C03_F09,2,Parallel Arm Lift — Contact Loss,reposition_and_regrip(),0.8132183908045977,False
R_H03_C03_F09,diagnosed_LIFT_OBJECT_unanticipated__RQ2_R_H03_C03_F09,3,Cobot Industrial — Incremental Heavy Part Transfer,heavy_lift(),0.7825140809011776,False
R_H03_C03_F09,diagnosed_LIFT_OBJECT_unanticipated__RQ2_R_H03_C03_F09,4,Lightweight Arm Lift — Height Verification Only,extend_lift_phase(),0.6479169872958258,False
R_H03_C03_F09,diagnosed_LIFT_OBJECT_unanticipated__RQ2_R_H03_C03_F09,5,Cobot Lift Failure — Grip Pressure,increase_grip_pressure(),0.6149425287356322,False
R_H03_C03_F09,diagnosed_LIFT_OBJECT_unanticipated__RQ2_R_H03_C03_F09,6,Heavy Duty Arm — Motor Overload During Lift,reduce_lift_speed(),0.5,False
R_H03_C03_F09,diagnosed_LIFT_OBJECT_unanticipated__RQ2_R_H03_C03_F09,7,Suction Arm Lift — Vacuum Loss,emergency_vacuum_pump(),0.3333333333333333,False
R_H03_C03_F10,diagnosed_LIFT_OBJECT_unanticipated__RQ2_R_H03_C03_F10,1,Lift Slip — Low Friction Surface,apply_vacuum_assist(),0.8333333333333334,True
R_H03_C03_F10,diagnosed_LIFT_OBJECT_unanticipated__RQ2_R_H03_C03_F10,2,Parallel Arm Lift — Contact Loss,reposition_and_regrip(),0.8132183908045977,False
R_H03_C03_F10,diagnosed_LIFT_OBJECT_unanticipated__RQ2_R_H03_C03_F10,3,Cobot Industrial — Incremental Heavy Part Transfer,heavy_lift(),0.7825140809011776,False
R_H03_C03_F10,diagnosed_LIFT_OBJECT_unanticipated__RQ2_R_H03_C03_F10,4,Lightweight Arm Lift — Height Verification Only,extend_lift_phase(),0.6479169872958258,False
R_H03_C03_F10,diagnosed_LIFT_OBJECT_unanticipated__RQ2_R_H03_C03_F10,5,Cobot Lift Failure — Grip Pressure,increase_grip_pressure(),0.6149425287356322,False
R_H03_C03_F10,diagnosed_LIFT_OBJECT_unanticipated__RQ2_R_H03_C03_F10,6,Heavy Duty Arm — Motor Overload During Lift,reduce_lift_speed(),0.5,False
R_H03_C03_F10,diagnosed_LIFT_OBJECT_unanticipated__RQ2_R_H03_C03_F10,7,Suction Arm Lift — Vacuum Loss,emergency_vacuum_pump(),0.3333333333333333,False
R_H03_C04_F01,diagnosed_LIFT_OBJECT_unanticipated__RQ2_R_H03_C04_F01,1,Lift Slip — Low Friction Surface,apply_vacuum_assist(),0.8425922222222222,True
R_H03_C04_F01,diagnosed_LIFT_OBJECT_unanticipated__RQ2_R_H03_C04_F01,2,Parallel Arm Lift — Contact Loss,reposition_and_regrip(),0.7854400574712644,False
R_H03_C04_F01,diagnosed_LIFT_OBJECT_unanticipated__RQ2_R_H03_C04_F01,3,Cobot Industrial — Incremental Heavy Part Transfer,heavy_lift(),0.7547357475678442,False
R_H03_C04_F01,diagnosed_LIFT_OBJECT_unanticipated__RQ2_R_H03_C04_F01,4,Lightweight Arm Lift — Height Verification Only,extend_lift_phase(),0.6201386539624925,False
R_H03_C04_F01,diagnosed_LIFT_OBJECT_unanticipated__RQ2_R_H03_C04_F01,5,Cobot Lift Failure — Grip Pressure,increase_grip_pressure(),0.6149425287356322,False
R_H03_C04_F01,diagnosed_LIFT_OBJECT_unanticipated__RQ2_R_H03_C04_F01,6,Heavy Duty Arm — Motor Overload During Lift,reduce_lift_speed(),0.5,False
R_H03_C04_F01,diagnosed_LIFT_OBJECT_unanticipated__RQ2_R_H03_C04_F01,7,Suction Arm Lift — Vacuum Loss,emergency_vacuum_pump(),0.3333333333333333,False
R_H03_C04_F02,diagnosed_LIFT_OBJECT_unanticipated__RQ2_R_H03_C04_F02,1,Lift Slip — Low Friction Surface,apply_vacuum_assist(),0.8981477777777779,True
R_H03_C04_F02,diagnosed_LIFT_OBJECT_unanticipated__RQ2_R_H03_C04_F02,2,Parallel Arm Lift — Contact Loss,reposition_and_regrip(),0.7854400574712644,False
R_H03_C04_F02,diagnosed_LIFT_OBJECT_unanticipated__RQ2_R_H03_C04_F02,3,Cobot Industrial — Incremental Heavy Part Transfer,heavy_lift(),0.7547357475678442,False
R_H03_C04_F02,diagnosed_LIFT_OBJECT_unanticipated__RQ2_R_H03_C04_F02,4,Lightweight Arm Lift — Height Verification Only,extend_lift_phase(),0.6201386539624925,False
R_H03_C04_F02,diagnosed_LIFT_OBJECT_unanticipated__RQ2_R_H03_C04_F02,5,Cobot Lift Failure — Grip Pressure,increase_grip_pressure(),0.6149425287356322,False
R_H03_C04_F02,diagnosed_LIFT_OBJECT_unanticipated__RQ2_R_H03_C04_F02,6,Heavy Duty Arm — Motor Overload During Lift,reduce_lift_speed(),0.5,False
R_H03_C04_F02,diagnosed_LIFT_OBJECT_unanticipated__RQ2_R_H03_C04_F02,7,Suction Arm Lift — Vacuum Loss,emergency_vacuum_pump(),0.3333333333333333,False
R_H03_C04_F03,diagnosed_LIFT_OBJECT_unanticipated__RQ2_R_H03_C04_F03,1,Lift Slip — Low Friction Surface,apply_vacuum_assist(),0.9023144444444444,True
R_H03_C04_F03,diagnosed_LIFT_OBJECT_unanticipated__RQ2_R_H03_C04_F03,2,Parallel Arm Lift — Contact Loss,reposition_and_regrip(),0.7854400574712644,False
R_H03_C04_F03,diagnosed_LIFT_OBJECT_unanticipated__RQ2_R_H03_C04_F03,3,Cobot Industrial — Incremental Heavy Part Transfer,heavy_lift(),0.7547357475678442,False
R_H03_C04_F03,diagnosed_LIFT_OBJECT_unanticipated__RQ2_R_H03_C04_F03,4,Lightweight Arm Lift — Height Verification Only,extend_lift_phase(),0.6201386539624925,False
R_H03_C04_F03,diagnosed_LIFT_OBJECT_unanticipated__RQ2_R_H03_C04_F03,5,Cobot Lift Failure — Grip Pressure,increase_grip_pressure(),0.6149425287356322,False
R_H03_C04_F03,diagnosed_LIFT_OBJECT_unanticipated__RQ2_R_H03_C04_F03,6,Heavy Duty Arm — Motor Overload During Lift,reduce_lift_speed(),0.5,False
R_H03_C04_F03,diagnosed_LIFT_OBJECT_unanticipated__RQ2_R_H03_C04_F03,7,Suction Arm Lift — Vacuum Loss,emergency_vacuum_pump(),0.3333333333333333,False
R_H03_C04_F04,diagnosed_LIFT_OBJECT_unanticipated__RQ2_R_H03_C04_F04,1,Lift Slip — Low Friction Surface,apply_vacuum_assist(),0.9064811111111112,True
R_H03_C04_F04,diagnosed_LIFT_OBJECT_unanticipated__RQ2_R_H03_C04_F04,2,Parallel Arm Lift — Contact Loss,reposition_and_regrip(),0.7854400574712644,False
R_H03_C04_F04,diagnosed_LIFT_OBJECT_unanticipated__RQ2_R_H03_C04_F04,3,Cobot Industrial — Incremental Heavy Part Transfer,heavy_lift(),0.7547357475678442,False
R_H03_C04_F04,diagnosed_LIFT_OBJECT_unanticipated__RQ2_R_H03_C04_F04,4,Lightweight Arm Lift — Height Verification Only,extend_lift_phase(),0.6201386539624925,False
R_H03_C04_F04,diagnosed_LIFT_OBJECT_unanticipated__RQ2_R_H03_C04_F04,5,Cobot Lift Failure — Grip Pressure,increase_grip_pressure(),0.6149425287356322,False
R_H03_C04_F04,diagnosed_LIFT_OBJECT_unanticipated__RQ2_R_H03_C04_F04,6,Heavy Duty Arm — Motor Overload During Lift,reduce_lift_speed(),0.5,False
R_H03_C04_F04,diagnosed_LIFT_OBJECT_unanticipated__RQ2_R_H03_C04_F04,7,Suction Arm Lift — Vacuum Loss,emergency_vacuum_pump(),0.3333333333333333,False
R_H03_C04_F05,diagnosed_LIFT_OBJECT_unanticipated__RQ2_R_H03_C04_F05,1,Lift Slip — Low Friction Surface,apply_vacuum_assist(),0.9259255555555556,True
R_H03_C04_F05,diagnosed_LIFT_OBJECT_unanticipated__RQ2_R_H03_C04_F05,2,Parallel Arm Lift — Contact Loss,reposition_and_regrip(),0.7854400574712644,False
R_H03_C04_F05,diagnosed_LIFT_OBJECT_unanticipated__RQ2_R_H03_C04_F05,3,Cobot Industrial — Incremental Heavy Part Transfer,heavy_lift(),0.7547357475678442,False
R_H03_C04_F05,diagnosed_LIFT_OBJECT_unanticipated__RQ2_R_H03_C04_F05,4,Lightweight Arm Lift — Height Verification Only,extend_lift_phase(),0.6201386539624925,False
R_H03_C04_F05,diagnosed_LIFT_OBJECT_unanticipated__RQ2_R_H03_C04_F05,5,Cobot Lift Failure — Grip Pressure,increase_grip_pressure(),0.6149425287356322,False
R_H03_C04_F05,diagnosed_LIFT_OBJECT_unanticipated__RQ2_R_H03_C04_F05,6,Heavy Duty Arm — Motor Overload During Lift,reduce_lift_speed(),0.5,False
R_H03_C04_F05,diagnosed_LIFT_OBJECT_unanticipated__RQ2_R_H03_C04_F05,7,Suction Arm Lift — Vacuum Loss,emergency_vacuum_pump(),0.3333333333333333,False
R_H03_C04_F06,diagnosed_LIFT_OBJECT_unanticipated__RQ2_R_H03_C04_F06,1,Lift Slip — Low Friction Surface,apply_vacuum_assist(),0.9037033333333334,True
R_H03_C04_F06,diagnosed_LIFT_OBJECT_unanticipated__RQ2_R_H03_C04_F06,2,Parallel Arm Lift — Contact Loss,reposition_and_regrip(),0.7854400574712644,False
R_H03_C04_F06,diagnosed_LIFT_OBJECT_unanticipated__RQ2_R_H03_C04_F06,3,Cobot Industrial — Incremental Heavy Part Transfer,heavy_lift(),0.7547357475678442,False
R_H03_C04_F06,diagnosed_LIFT_OBJECT_unanticipated__RQ2_R_H03_C04_F06,4,Lightweight Arm Lift — Height Verification Only,extend_lift_phase(),0.6201386539624925,False
R_H03_C04_F06,diagnosed_LIFT_OBJECT_unanticipated__RQ2_R_H03_C04_F06,5,Cobot Lift Failure — Grip Pressure,increase_grip_pressure(),0.6149425287356322,False
R_H03_C04_F06,diagnosed_LIFT_OBJECT_unanticipated__RQ2_R_H03_C04_F06,6,Heavy Duty Arm — Motor Overload During Lift,reduce_lift_speed(),0.5,False
R_H03_C04_F06,diagnosed_LIFT_OBJECT_unanticipated__RQ2_R_H03_C04_F06,7,Suction Arm Lift — Vacuum Loss,emergency_vacuum_pump(),0.3333333333333333,False
R_H03_C04_F07,diagnosed_LIFT_OBJECT_unanticipated__RQ2_R_H03_C04_F07,1,Lift Slip — Low Friction Surface,apply_vacuum_assist(),0.8592588888888889,True
R_H03_C04_F07,diagnosed_LIFT_OBJECT_unanticipated__RQ2_R_H03_C04_F07,2,Parallel Arm Lift — Contact Loss,reposition_and_regrip(),0.7854400574712644,False
R_H03_C04_F07,diagnosed_LIFT_OBJECT_unanticipated__RQ2_R_H03_C04_F07,3,Cobot Industrial — Incremental Heavy Part Transfer,heavy_lift(),0.7547357475678442,False
R_H03_C04_F07,diagnosed_LIFT_OBJECT_unanticipated__RQ2_R_H03_C04_F07,4,Lightweight Arm Lift — Height Verification Only,extend_lift_phase(),0.6201386539624925,False
R_H03_C04_F07,diagnosed_LIFT_OBJECT_unanticipated__RQ2_R_H03_C04_F07,5,Cobot Lift Failure — Grip Pressure,increase_grip_pressure(),0.6149425287356322,False
R_H03_C04_F07,diagnosed_LIFT_OBJECT_unanticipated__RQ2_R_H03_C04_F07,6,Heavy Duty Arm — Motor Overload During Lift,reduce_lift_speed(),0.5,False
R_H03_C04_F07,diagnosed_LIFT_OBJECT_unanticipated__RQ2_R_H03_C04_F07,7,Suction Arm Lift — Vacuum Loss,emergency_vacuum_pump(),0.3333333333333333,False
R_H03_C04_F08,diagnosed_LIFT_OBJECT_unanticipated__RQ2_R_H03_C04_F08,1,Lift Slip — Low Friction Surface,apply_vacuum_assist(),0.8195366666666667,True
R_H03_C04_F08,diagnosed_LIFT_OBJECT_unanticipated__RQ2_R_H03_C04_F08,2,Parallel Arm Lift — Contact Loss,reposition_and_regrip(),0.7854400574712644,False
R_H03_C04_F08,diagnosed_LIFT_OBJECT_unanticipated__RQ2_R_H03_C04_F08,3,Cobot Industrial — Incremental Heavy Part Transfer,heavy_lift(),0.7547357475678442,False
R_H03_C04_F08,diagnosed_LIFT_OBJECT_unanticipated__RQ2_R_H03_C04_F08,4,Lightweight Arm Lift — Height Verification Only,extend_lift_phase(),0.6201386539624925,False
R_H03_C04_F08,diagnosed_LIFT_OBJECT_unanticipated__RQ2_R_H03_C04_F08,5,Cobot Lift Failure — Grip Pressure,increase_grip_pressure(),0.6149425287356322,False
R_H03_C04_F08,diagnosed_LIFT_OBJECT_unanticipated__RQ2_R_H03_C04_F08,6,Heavy Duty Arm — Motor Overload During Lift,reduce_lift_speed(),0.5,False
R_H03_C04_F08,diagnosed_LIFT_OBJECT_unanticipated__RQ2_R_H03_C04_F08,7,Suction Arm Lift — Vacuum Loss,emergency_vacuum_pump(),0.3333333333333333,False
R_H03_C04_F09,diagnosed_LIFT_OBJECT_unanticipated__RQ2_R_H03_C04_F09,1,Lift Slip — Low Friction Surface,apply_vacuum_assist(),0.8148144444444444,True
R_H03_C04_F09,diagnosed_LIFT_OBJECT_unanticipated__RQ2_R_H03_C04_F09,2,Parallel Arm Lift — Contact Loss,reposition_and_regrip(),0.7854400574712644,False
R_H03_C04_F09,diagnosed_LIFT_OBJECT_unanticipated__RQ2_R_H03_C04_F09,3,Cobot Industrial — Incremental Heavy Part Transfer,heavy_lift(),0.7547357475678442,False
R_H03_C04_F09,diagnosed_LIFT_OBJECT_unanticipated__RQ2_R_H03_C04_F09,4,Lightweight Arm Lift — Height Verification Only,extend_lift_phase(),0.6201386539624925,False
R_H03_C04_F09,diagnosed_LIFT_OBJECT_unanticipated__RQ2_R_H03_C04_F09,5,Cobot Lift Failure — Grip Pressure,increase_grip_pressure(),0.6149425287356322,False
R_H03_C04_F09,diagnosed_LIFT_OBJECT_unanticipated__RQ2_R_H03_C04_F09,6,Heavy Duty Arm — Motor Overload During Lift,reduce_lift_speed(),0.5,False
R_H03_C04_F09,diagnosed_LIFT_OBJECT_unanticipated__RQ2_R_H03_C04_F09,7,Suction Arm Lift — Vacuum Loss,emergency_vacuum_pump(),0.3333333333333333,False
R_H03_C04_F10,diagnosed_LIFT_OBJECT_unanticipated__RQ2_R_H03_C04_F10,1,Lift Slip — Low Friction Surface,apply_vacuum_assist(),0.8148144444444444,True
R_H03_C04_F10,diagnosed_LIFT_OBJECT_unanticipated__RQ2_R_H03_C04_F10,2,Parallel Arm Lift — Contact Loss,reposition_and_regrip(),0.7854400574712644,False
R_H03_C04_F10,diagnosed_LIFT_OBJECT_unanticipated__RQ2_R_H03_C04_F10,3,Cobot Industrial — Incremental Heavy Part Transfer,heavy_lift(),0.7547357475678442,False
R_H03_C04_F10,diagnosed_LIFT_OBJECT_unanticipated__RQ2_R_H03_C04_F10,4,Lightweight Arm Lift — Height Verification Only,extend_lift_phase(),0.6201386539624925,False
R_H03_C04_F10,diagnosed_LIFT_OBJECT_unanticipated__RQ2_R_H03_C04_F10,5,Cobot Lift Failure — Grip Pressure,increase_grip_pressure(),0.6149425287356322,False
R_H03_C04_F10,diagnosed_LIFT_OBJECT_unanticipated__RQ2_R_H03_C04_F10,6,Heavy Duty Arm — Motor Overload During Lift,reduce_lift_speed(),0.5,False
R_H03_C04_F10,diagnosed_LIFT_OBJECT_unanticipated__RQ2_R_H03_C04_F10,7,Suction Arm Lift — Vacuum Loss,emergency_vacuum_pump(),0.3333333333333333,False
R_H03_C05_F01,diagnosed_LIFT_OBJECT_unanticipated__RQ2_R_H03_C05_F01,1,Lift Slip — Low Friction Surface,apply_vacuum_assist(),0.8333333333333334,True
R_H03_C05_F01,diagnosed_LIFT_OBJECT_unanticipated__RQ2_R_H03_C05_F01,2,Parallel Arm Lift — Contact Loss,reposition_and_regrip(),0.771551724137931,False
R_H03_C05_F01,diagnosed_LIFT_OBJECT_unanticipated__RQ2_R_H03_C05_F01,3,Cobot Industrial — Incremental Heavy Part Transfer,heavy_lift(),0.7408474142345108,False
R_H03_C05_F01,diagnosed_LIFT_OBJECT_unanticipated__RQ2_R_H03_C05_F01,4,Cobot Lift Failure — Grip Pressure,increase_grip_pressure(),0.6149425287356322,False
R_H03_C05_F01,diagnosed_LIFT_OBJECT_unanticipated__RQ2_R_H03_C05_F01,5,Lightweight Arm Lift — Height Verification Only,extend_lift_phase(),0.6062503206291591,False
R_H03_C05_F01,diagnosed_LIFT_OBJECT_unanticipated__RQ2_R_H03_C05_F01,6,Heavy Duty Arm — Motor Overload During Lift,reduce_lift_speed(),0.5,False
R_H03_C05_F01,diagnosed_LIFT_OBJECT_unanticipated__RQ2_R_H03_C05_F01,7,Suction Arm Lift — Vacuum Loss,emergency_vacuum_pump(),0.3333333333333333,False
R_H03_C05_F02,diagnosed_LIFT_OBJECT_unanticipated__RQ2_R_H03_C05_F02,1,Lift Slip — Low Friction Surface,apply_vacuum_assist(),0.8888888888888888,True
R_H03_C05_F02,diagnosed_LIFT_OBJECT_unanticipated__RQ2_R_H03_C05_F02,2,Parallel Arm Lift — Contact Loss,reposition_and_regrip(),0.771551724137931,False
R_H03_C05_F02,diagnosed_LIFT_OBJECT_unanticipated__RQ2_R_H03_C05_F02,3,Cobot Industrial — Incremental Heavy Part Transfer,heavy_lift(),0.7408474142345108,False
R_H03_C05_F02,diagnosed_LIFT_OBJECT_unanticipated__RQ2_R_H03_C05_F02,4,Cobot Lift Failure — Grip Pressure,increase_grip_pressure(),0.6149425287356322,False
R_H03_C05_F02,diagnosed_LIFT_OBJECT_unanticipated__RQ2_R_H03_C05_F02,5,Lightweight Arm Lift — Height Verification Only,extend_lift_phase(),0.6062503206291591,False
R_H03_C05_F02,diagnosed_LIFT_OBJECT_unanticipated__RQ2_R_H03_C05_F02,6,Heavy Duty Arm — Motor Overload During Lift,reduce_lift_speed(),0.5,False
R_H03_C05_F02,diagnosed_LIFT_OBJECT_unanticipated__RQ2_R_H03_C05_F02,7,Suction Arm Lift — Vacuum Loss,emergency_vacuum_pump(),0.3333333333333333,False
R_H03_C05_F03,diagnosed_LIFT_OBJECT_unanticipated__RQ2_R_H03_C05_F03,1,Lift Slip — Low Friction Surface,apply_vacuum_assist(),0.8930555555555556,True
R_H03_C05_F03,diagnosed_LIFT_OBJECT_unanticipated__RQ2_R_H03_C05_F03,2,Parallel Arm Lift — Contact Loss,reposition_and_regrip(),0.771551724137931,False
R_H03_C05_F03,diagnosed_LIFT_OBJECT_unanticipated__RQ2_R_H03_C05_F03,3,Cobot Industrial — Incremental Heavy Part Transfer,heavy_lift(),0.7408474142345108,False
R_H03_C05_F03,diagnosed_LIFT_OBJECT_unanticipated__RQ2_R_H03_C05_F03,4,Cobot Lift Failure — Grip Pressure,increase_grip_pressure(),0.6149425287356322,False
R_H03_C05_F03,diagnosed_LIFT_OBJECT_unanticipated__RQ2_R_H03_C05_F03,5,Lightweight Arm Lift — Height Verification Only,extend_lift_phase(),0.6062503206291591,False
R_H03_C05_F03,diagnosed_LIFT_OBJECT_unanticipated__RQ2_R_H03_C05_F03,6,Heavy Duty Arm — Motor Overload During Lift,reduce_lift_speed(),0.5,False
R_H03_C05_F03,diagnosed_LIFT_OBJECT_unanticipated__RQ2_R_H03_C05_F03,7,Suction Arm Lift — Vacuum Loss,emergency_vacuum_pump(),0.3333333333333333,False
R_H03_C05_F04,diagnosed_LIFT_OBJECT_unanticipated__RQ2_R_H03_C05_F04,1,Lift Slip — Low Friction Surface,apply_vacuum_assist(),0.8972222222222223,True
R_H03_C05_F04,diagnosed_LIFT_OBJECT_unanticipated__RQ2_R_H03_C05_F04,2,Parallel Arm Lift — Contact Loss,reposition_and_regrip(),0.771551724137931,False
R_H03_C05_F04,diagnosed_LIFT_OBJECT_unanticipated__RQ2_R_H03_C05_F04,3,Cobot Industrial — Incremental Heavy Part Transfer,heavy_lift(),0.7408474142345108,False
R_H03_C05_F04,diagnosed_LIFT_OBJECT_unanticipated__RQ2_R_H03_C05_F04,4,Cobot Lift Failure — Grip Pressure,increase_grip_pressure(),0.6149425287356322,False
R_H03_C05_F04,diagnosed_LIFT_OBJECT_unanticipated__RQ2_R_H03_C05_F04,5,Lightweight Arm Lift — Height Verification Only,extend_lift_phase(),0.6062503206291591,False
R_H03_C05_F04,diagnosed_LIFT_OBJECT_unanticipated__RQ2_R_H03_C05_F04,6,Heavy Duty Arm — Motor Overload During Lift,reduce_lift_speed(),0.5,False
R_H03_C05_F04,diagnosed_LIFT_OBJECT_unanticipated__RQ2_R_H03_C05_F04,7,Suction Arm Lift — Vacuum Loss,emergency_vacuum_pump(),0.3333333333333333,False
R_H03_C05_F05,diagnosed_LIFT_OBJECT_unanticipated__RQ2_R_H03_C05_F05,1,Lift Slip — Low Friction Surface,apply_vacuum_assist(),0.9166666666666666,True
R_H03_C05_F05,diagnosed_LIFT_OBJECT_unanticipated__RQ2_R_H03_C05_F05,2,Parallel Arm Lift — Contact Loss,reposition_and_regrip(),0.771551724137931,False
R_H03_C05_F05,diagnosed_LIFT_OBJECT_unanticipated__RQ2_R_H03_C05_F05,3,Cobot Industrial — Incremental Heavy Part Transfer,heavy_lift(),0.7408474142345108,False
R_H03_C05_F05,diagnosed_LIFT_OBJECT_unanticipated__RQ2_R_H03_C05_F05,4,Cobot Lift Failure — Grip Pressure,increase_grip_pressure(),0.6149425287356322,False
R_H03_C05_F05,diagnosed_LIFT_OBJECT_unanticipated__RQ2_R_H03_C05_F05,5,Lightweight Arm Lift — Height Verification Only,extend_lift_phase(),0.6062503206291591,False
R_H03_C05_F05,diagnosed_LIFT_OBJECT_unanticipated__RQ2_R_H03_C05_F05,6,Heavy Duty Arm — Motor Overload During Lift,reduce_lift_speed(),0.5,False
R_H03_C05_F05,diagnosed_LIFT_OBJECT_unanticipated__RQ2_R_H03_C05_F05,7,Suction Arm Lift — Vacuum Loss,emergency_vacuum_pump(),0.3333333333333333,False
R_H03_C05_F06,diagnosed_LIFT_OBJECT_unanticipated__RQ2_R_H03_C05_F06,1,Lift Slip — Low Friction Surface,apply_vacuum_assist(),0.8944444444444444,True
R_H03_C05_F06,diagnosed_LIFT_OBJECT_unanticipated__RQ2_R_H03_C05_F06,2,Parallel Arm Lift — Contact Loss,reposition_and_regrip(),0.771551724137931,False
R_H03_C05_F06,diagnosed_LIFT_OBJECT_unanticipated__RQ2_R_H03_C05_F06,3,Cobot Industrial — Incremental Heavy Part Transfer,heavy_lift(),0.7408474142345108,False
R_H03_C05_F06,diagnosed_LIFT_OBJECT_unanticipated__RQ2_R_H03_C05_F06,4,Cobot Lift Failure — Grip Pressure,increase_grip_pressure(),0.6149425287356322,False
R_H03_C05_F06,diagnosed_LIFT_OBJECT_unanticipated__RQ2_R_H03_C05_F06,5,Lightweight Arm Lift — Height Verification Only,extend_lift_phase(),0.6062503206291591,False
R_H03_C05_F06,diagnosed_LIFT_OBJECT_unanticipated__RQ2_R_H03_C05_F06,6,Heavy Duty Arm — Motor Overload During Lift,reduce_lift_speed(),0.5,False
R_H03_C05_F06,diagnosed_LIFT_OBJECT_unanticipated__RQ2_R_H03_C05_F06,7,Suction Arm Lift — Vacuum Loss,emergency_vacuum_pump(),0.3333333333333333,False
R_H03_C05_F07,diagnosed_LIFT_OBJECT_unanticipated__RQ2_R_H03_C05_F07,1,Lift Slip — Low Friction Surface,apply_vacuum_assist(),0.85,True
R_H03_C05_F07,diagnosed_LIFT_OBJECT_unanticipated__RQ2_R_H03_C05_F07,2,Parallel Arm Lift — Contact Loss,reposition_and_regrip(),0.771551724137931,False
R_H03_C05_F07,diagnosed_LIFT_OBJECT_unanticipated__RQ2_R_H03_C05_F07,3,Cobot Industrial — Incremental Heavy Part Transfer,heavy_lift(),0.7408474142345108,False
R_H03_C05_F07,diagnosed_LIFT_OBJECT_unanticipated__RQ2_R_H03_C05_F07,4,Cobot Lift Failure — Grip Pressure,increase_grip_pressure(),0.6149425287356322,False
R_H03_C05_F07,diagnosed_LIFT_OBJECT_unanticipated__RQ2_R_H03_C05_F07,5,Lightweight Arm Lift — Height Verification Only,extend_lift_phase(),0.6062503206291591,False
R_H03_C05_F07,diagnosed_LIFT_OBJECT_unanticipated__RQ2_R_H03_C05_F07,6,Heavy Duty Arm — Motor Overload During Lift,reduce_lift_speed(),0.5,False
R_H03_C05_F07,diagnosed_LIFT_OBJECT_unanticipated__RQ2_R_H03_C05_F07,7,Suction Arm Lift — Vacuum Loss,emergency_vacuum_pump(),0.3333333333333333,False
R_H03_C05_F08,diagnosed_LIFT_OBJECT_unanticipated__RQ2_R_H03_C05_F08,1,Lift Slip — Low Friction Surface,apply_vacuum_assist(),0.8102777777777778,True
R_H03_C05_F08,diagnosed_LIFT_OBJECT_unanticipated__RQ2_R_H03_C05_F08,2,Parallel Arm Lift — Contact Loss,reposition_and_regrip(),0.771551724137931,False
R_H03_C05_F08,diagnosed_LIFT_OBJECT_unanticipated__RQ2_R_H03_C05_F08,3,Cobot Industrial — Incremental Heavy Part Transfer,heavy_lift(),0.7408474142345108,False
R_H03_C05_F08,diagnosed_LIFT_OBJECT_unanticipated__RQ2_R_H03_C05_F08,4,Cobot Lift Failure — Grip Pressure,increase_grip_pressure(),0.6149425287356322,False
R_H03_C05_F08,diagnosed_LIFT_OBJECT_unanticipated__RQ2_R_H03_C05_F08,5,Lightweight Arm Lift — Height Verification Only,extend_lift_phase(),0.6062503206291591,False
R_H03_C05_F08,diagnosed_LIFT_OBJECT_unanticipated__RQ2_R_H03_C05_F08,6,Heavy Duty Arm — Motor Overload During Lift,reduce_lift_speed(),0.5,False
R_H03_C05_F08,diagnosed_LIFT_OBJECT_unanticipated__RQ2_R_H03_C05_F08,7,Suction Arm Lift — Vacuum Loss,emergency_vacuum_pump(),0.3333333333333333,False
R_H03_C05_F09,diagnosed_LIFT_OBJECT_unanticipated__RQ2_R_H03_C05_F09,1,Lift Slip — Low Friction Surface,apply_vacuum_assist(),0.8055555555555557,True
R_H03_C05_F09,diagnosed_LIFT_OBJECT_unanticipated__RQ2_R_H03_C05_F09,2,Parallel Arm Lift — Contact Loss,reposition_and_regrip(),0.771551724137931,False
R_H03_C05_F09,diagnosed_LIFT_OBJECT_unanticipated__RQ2_R_H03_C05_F09,3,Cobot Industrial — Incremental Heavy Part Transfer,heavy_lift(),0.7408474142345108,False
R_H03_C05_F09,diagnosed_LIFT_OBJECT_unanticipated__RQ2_R_H03_C05_F09,4,Cobot Lift Failure — Grip Pressure,increase_grip_pressure(),0.6149425287356322,False
R_H03_C05_F09,diagnosed_LIFT_OBJECT_unanticipated__RQ2_R_H03_C05_F09,5,Lightweight Arm Lift — Height Verification Only,extend_lift_phase(),0.6062503206291591,False
R_H03_C05_F09,diagnosed_LIFT_OBJECT_unanticipated__RQ2_R_H03_C05_F09,6,Heavy Duty Arm — Motor Overload During Lift,reduce_lift_speed(),0.5,False
R_H03_C05_F09,diagnosed_LIFT_OBJECT_unanticipated__RQ2_R_H03_C05_F09,7,Suction Arm Lift — Vacuum Loss,emergency_vacuum_pump(),0.3333333333333333,False
R_H03_C05_F10,diagnosed_LIFT_OBJECT_unanticipated__RQ2_R_H03_C05_F10,1,Lift Slip — Low Friction Surface,apply_vacuum_assist(),0.8055555555555557,True
R_H03_C05_F10,diagnosed_LIFT_OBJECT_unanticipated__RQ2_R_H03_C05_F10,2,Parallel Arm Lift — Contact Loss,reposition_and_regrip(),0.771551724137931,False
R_H03_C05_F10,diagnosed_LIFT_OBJECT_unanticipated__RQ2_R_H03_C05_F10,3,Cobot Industrial — Incremental Heavy Part Transfer,heavy_lift(),0.7408474142345108,False
R_H03_C05_F10,diagnosed_LIFT_OBJECT_unanticipated__RQ2_R_H03_C05_F10,4,Cobot Lift Failure — Grip Pressure,increase_grip_pressure(),0.6149425287356322,False
R_H03_C05_F10,diagnosed_LIFT_OBJECT_unanticipated__RQ2_R_H03_C05_F10,5,Lightweight Arm Lift — Height Verification Only,extend_lift_phase(),0.6062503206291591,False
R_H03_C05_F10,diagnosed_LIFT_OBJECT_unanticipated__RQ2_R_H03_C05_F10,6,Heavy Duty Arm — Motor Overload During Lift,reduce_lift_speed(),0.5,False
R_H03_C05_F10,diagnosed_LIFT_OBJECT_unanticipated__RQ2_R_H03_C05_F10,7,Suction Arm Lift — Vacuum Loss,emergency_vacuum_pump(),0.3333333333333333,False
R_H03_C06_F01,diagnosed_LIFT_OBJECT_unanticipated__RQ2_R_H03_C06_F01,1,Lift Slip — Low Friction Surface,apply_vacuum_assist(),0.8055555555555557,True
R_H03_C06_F01,diagnosed_LIFT_OBJECT_unanticipated__RQ2_R_H03_C06_F01,2,Parallel Arm Lift — Contact Loss,reposition_and_regrip(),0.7298850574712644,False
R_H03_C06_F01,diagnosed_LIFT_OBJECT_unanticipated__RQ2_R_H03_C06_F01,3,Cobot Industrial — Incremental Heavy Part Transfer,heavy_lift(),0.6991807475678442,False
R_H03_C06_F01,diagnosed_LIFT_OBJECT_unanticipated__RQ2_R_H03_C06_F01,4,Cobot Lift Failure — Grip Pressure,increase_grip_pressure(),0.6149425287356322,False
R_H03_C06_F01,diagnosed_LIFT_OBJECT_unanticipated__RQ2_R_H03_C06_F01,5,Lightweight Arm Lift — Height Verification Only,extend_lift_phase(),0.5645836539624924,False
R_H03_C06_F01,diagnosed_LIFT_OBJECT_unanticipated__RQ2_R_H03_C06_F01,6,Heavy Duty Arm — Motor Overload During Lift,reduce_lift_speed(),0.5,False
R_H03_C06_F01,diagnosed_LIFT_OBJECT_unanticipated__RQ2_R_H03_C06_F01,7,Suction Arm Lift — Vacuum Loss,emergency_vacuum_pump(),0.3333333333333333,False
R_H03_C06_F02,diagnosed_LIFT_OBJECT_unanticipated__RQ2_R_H03_C06_F02,1,Lift Slip — Low Friction Surface,apply_vacuum_assist(),0.8611111111111112,True
R_H03_C06_F02,diagnosed_LIFT_OBJECT_unanticipated__RQ2_R_H03_C06_F02,2,Parallel Arm Lift — Contact Loss,reposition_and_regrip(),0.7298850574712644,False
R_H03_C06_F02,diagnosed_LIFT_OBJECT_unanticipated__RQ2_R_H03_C06_F02,3,Cobot Industrial — Incremental Heavy Part Transfer,heavy_lift(),0.6991807475678442,False
R_H03_C06_F02,diagnosed_LIFT_OBJECT_unanticipated__RQ2_R_H03_C06_F02,4,Cobot Lift Failure — Grip Pressure,increase_grip_pressure(),0.6149425287356322,False
R_H03_C06_F02,diagnosed_LIFT_OBJECT_unanticipated__RQ2_R_H03_C06_F02,5,Lightweight Arm Lift — Height Verification Only,extend_lift_phase(),0.5645836539624924,False
R_H03_C06_F02,diagnosed_LIFT_OBJECT_unanticipated__RQ2_R_H03_C06_F02,6,Heavy Duty Arm — Motor Overload During Lift,reduce_lift_speed(),0.5,False
R_H03_C06_F02,diagnosed_LIFT_OBJECT_unanticipated__RQ2_R_H03_C06_F02,7,Suction Arm Lift — Vacuum Loss,emergency_vacuum_pump(),0.3333333333333333,False
R_H03_C06_F03,diagnosed_LIFT_OBJECT_unanticipated__RQ2_R_H03_C06_F03,1,Lift Slip — Low Friction Surface,apply_vacuum_assist(),0.8652777777777777,True
R_H03_C06_F03,diagnosed_LIFT_OBJECT_unanticipated__RQ2_R_H03_C06_F03,2,Parallel Arm Lift — Contact Loss,reposition_and_regrip(),0.7298850574712644,False
R_H03_C06_F03,diagnosed_LIFT_OBJECT_unanticipated__RQ2_R_H03_C06_F03,3,Cobot Industrial — Incremental Heavy Part Transfer,heavy_lift(),0.6991807475678442,False
R_H03_C06_F03,diagnosed_LIFT_OBJECT_unanticipated__RQ2_R_H03_C06_F03,4,Cobot Lift Failure — Grip Pressure,increase_grip_pressure(),0.6149425287356322,False
R_H03_C06_F03,diagnosed_LIFT_OBJECT_unanticipated__RQ2_R_H03_C06_F03,5,Lightweight Arm Lift — Height Verification Only,extend_lift_phase(),0.5645836539624924,False
R_H03_C06_F03,diagnosed_LIFT_OBJECT_unanticipated__RQ2_R_H03_C06_F03,6,Heavy Duty Arm — Motor Overload During Lift,reduce_lift_speed(),0.5,False
R_H03_C06_F03,diagnosed_LIFT_OBJECT_unanticipated__RQ2_R_H03_C06_F03,7,Suction Arm Lift — Vacuum Loss,emergency_vacuum_pump(),0.3333333333333333,False
R_H03_C06_F04,diagnosed_LIFT_OBJECT_unanticipated__RQ2_R_H03_C06_F04,1,Lift Slip — Low Friction Surface,apply_vacuum_assist(),0.8694444444444445,True
R_H03_C06_F04,diagnosed_LIFT_OBJECT_unanticipated__RQ2_R_H03_C06_F04,2,Parallel Arm Lift — Contact Loss,reposition_and_regrip(),0.7298850574712644,False
R_H03_C06_F04,diagnosed_LIFT_OBJECT_unanticipated__RQ2_R_H03_C06_F04,3,Cobot Industrial — Incremental Heavy Part Transfer,heavy_lift(),0.6991807475678442,False
R_H03_C06_F04,diagnosed_LIFT_OBJECT_unanticipated__RQ2_R_H03_C06_F04,4,Cobot Lift Failure — Grip Pressure,increase_grip_pressure(),0.6149425287356322,False
R_H03_C06_F04,diagnosed_LIFT_OBJECT_unanticipated__RQ2_R_H03_C06_F04,5,Lightweight Arm Lift — Height Verification Only,extend_lift_phase(),0.5645836539624924,False
R_H03_C06_F04,diagnosed_LIFT_OBJECT_unanticipated__RQ2_R_H03_C06_F04,6,Heavy Duty Arm — Motor Overload During Lift,reduce_lift_speed(),0.5,False
R_H03_C06_F04,diagnosed_LIFT_OBJECT_unanticipated__RQ2_R_H03_C06_F04,7,Suction Arm Lift — Vacuum Loss,emergency_vacuum_pump(),0.3333333333333333,False
R_H03_C06_F05,diagnosed_LIFT_OBJECT_unanticipated__RQ2_R_H03_C06_F05,1,Lift Slip — Low Friction Surface,apply_vacuum_assist(),0.8888888888888888,True
R_H03_C06_F05,diagnosed_LIFT_OBJECT_unanticipated__RQ2_R_H03_C06_F05,2,Parallel Arm Lift — Contact Loss,reposition_and_regrip(),0.7298850574712644,False
R_H03_C06_F05,diagnosed_LIFT_OBJECT_unanticipated__RQ2_R_H03_C06_F05,3,Cobot Industrial — Incremental Heavy Part Transfer,heavy_lift(),0.6991807475678442,False
R_H03_C06_F05,diagnosed_LIFT_OBJECT_unanticipated__RQ2_R_H03_C06_F05,4,Cobot Lift Failure — Grip Pressure,increase_grip_pressure(),0.6149425287356322,False
R_H03_C06_F05,diagnosed_LIFT_OBJECT_unanticipated__RQ2_R_H03_C06_F05,5,Lightweight Arm Lift — Height Verification Only,extend_lift_phase(),0.5645836539624924,False
R_H03_C06_F05,diagnosed_LIFT_OBJECT_unanticipated__RQ2_R_H03_C06_F05,6,Heavy Duty Arm — Motor Overload During Lift,reduce_lift_speed(),0.5,False
R_H03_C06_F05,diagnosed_LIFT_OBJECT_unanticipated__RQ2_R_H03_C06_F05,7,Suction Arm Lift — Vacuum Loss,emergency_vacuum_pump(),0.3333333333333333,False
R_H03_C06_F06,diagnosed_LIFT_OBJECT_unanticipated__RQ2_R_H03_C06_F06,1,Lift Slip — Low Friction Surface,apply_vacuum_assist(),0.8666666666666667,True
R_H03_C06_F06,diagnosed_LIFT_OBJECT_unanticipated__RQ2_R_H03_C06_F06,2,Parallel Arm Lift — Contact Loss,reposition_and_regrip(),0.7298850574712644,False
R_H03_C06_F06,diagnosed_LIFT_OBJECT_unanticipated__RQ2_R_H03_C06_F06,3,Cobot Industrial — Incremental Heavy Part Transfer,heavy_lift(),0.6991807475678442,False
R_H03_C06_F06,diagnosed_LIFT_OBJECT_unanticipated__RQ2_R_H03_C06_F06,4,Cobot Lift Failure — Grip Pressure,increase_grip_pressure(),0.6149425287356322,False
R_H03_C06_F06,diagnosed_LIFT_OBJECT_unanticipated__RQ2_R_H03_C06_F06,5,Lightweight Arm Lift — Height Verification Only,extend_lift_phase(),0.5645836539624924,False
R_H03_C06_F06,diagnosed_LIFT_OBJECT_unanticipated__RQ2_R_H03_C06_F06,6,Heavy Duty Arm — Motor Overload During Lift,reduce_lift_speed(),0.5,False
R_H03_C06_F06,diagnosed_LIFT_OBJECT_unanticipated__RQ2_R_H03_C06_F06,7,Suction Arm Lift — Vacuum Loss,emergency_vacuum_pump(),0.3333333333333333,False
R_H03_C06_F07,diagnosed_LIFT_OBJECT_unanticipated__RQ2_R_H03_C06_F07,1,Lift Slip — Low Friction Surface,apply_vacuum_assist(),0.8222222222222223,True
R_H03_C06_F07,diagnosed_LIFT_OBJECT_unanticipated__RQ2_R_H03_C06_F07,2,Parallel Arm Lift — Contact Loss,reposition_and_regrip(),0.7298850574712644,False
R_H03_C06_F07,diagnosed_LIFT_OBJECT_unanticipated__RQ2_R_H03_C06_F07,3,Cobot Industrial — Incremental Heavy Part Transfer,heavy_lift(),0.6991807475678442,False
R_H03_C06_F07,diagnosed_LIFT_OBJECT_unanticipated__RQ2_R_H03_C06_F07,4,Cobot Lift Failure — Grip Pressure,increase_grip_pressure(),0.6149425287356322,False
R_H03_C06_F07,diagnosed_LIFT_OBJECT_unanticipated__RQ2_R_H03_C06_F07,5,Lightweight Arm Lift — Height Verification Only,extend_lift_phase(),0.5645836539624924,False
R_H03_C06_F07,diagnosed_LIFT_OBJECT_unanticipated__RQ2_R_H03_C06_F07,6,Heavy Duty Arm — Motor Overload During Lift,reduce_lift_speed(),0.5,False
R_H03_C06_F07,diagnosed_LIFT_OBJECT_unanticipated__RQ2_R_H03_C06_F07,7,Suction Arm Lift — Vacuum Loss,emergency_vacuum_pump(),0.3333333333333333,False
R_H03_C06_F08,diagnosed_LIFT_OBJECT_unanticipated__RQ2_R_H03_C06_F08,1,Lift Slip — Low Friction Surface,apply_vacuum_assist(),0.7825000000000001,True
R_H03_C06_F08,diagnosed_LIFT_OBJECT_unanticipated__RQ2_R_H03_C06_F08,2,Parallel Arm Lift — Contact Loss,reposition_and_regrip(),0.7298850574712644,False
R_H03_C06_F08,diagnosed_LIFT_OBJECT_unanticipated__RQ2_R_H03_C06_F08,3,Cobot Industrial — Incremental Heavy Part Transfer,heavy_lift(),0.6991807475678442,False
R_H03_C06_F08,diagnosed_LIFT_OBJECT_unanticipated__RQ2_R_H03_C06_F08,4,Cobot Lift Failure — Grip Pressure,increase_grip_pressure(),0.6149425287356322,False
R_H03_C06_F08,diagnosed_LIFT_OBJECT_unanticipated__RQ2_R_H03_C06_F08,5,Lightweight Arm Lift — Height Verification Only,extend_lift_phase(),0.5645836539624924,False
R_H03_C06_F08,diagnosed_LIFT_OBJECT_unanticipated__RQ2_R_H03_C06_F08,6,Heavy Duty Arm — Motor Overload During Lift,reduce_lift_speed(),0.5,False
R_H03_C06_F08,diagnosed_LIFT_OBJECT_unanticipated__RQ2_R_H03_C06_F08,7,Suction Arm Lift — Vacuum Loss,emergency_vacuum_pump(),0.3333333333333333,False
R_H03_C06_F09,diagnosed_LIFT_OBJECT_unanticipated__RQ2_R_H03_C06_F09,1,Lift Slip — Low Friction Surface,apply_vacuum_assist(),0.7777777777777777,True
R_H03_C06_F09,diagnosed_LIFT_OBJECT_unanticipated__RQ2_R_H03_C06_F09,2,Parallel Arm Lift — Contact Loss,reposition_and_regrip(),0.7298850574712644,False
R_H03_C06_F09,diagnosed_LIFT_OBJECT_unanticipated__RQ2_R_H03_C06_F09,3,Cobot Industrial — Incremental Heavy Part Transfer,heavy_lift(),0.6991807475678442,False
R_H03_C06_F09,diagnosed_LIFT_OBJECT_unanticipated__RQ2_R_H03_C06_F09,4,Cobot Lift Failure — Grip Pressure,increase_grip_pressure(),0.6149425287356322,False
R_H03_C06_F09,diagnosed_LIFT_OBJECT_unanticipated__RQ2_R_H03_C06_F09,5,Lightweight Arm Lift — Height Verification Only,extend_lift_phase(),0.5645836539624924,False
R_H03_C06_F09,diagnosed_LIFT_OBJECT_unanticipated__RQ2_R_H03_C06_F09,6,Heavy Duty Arm — Motor Overload During Lift,reduce_lift_speed(),0.5,False
R_H03_C06_F09,diagnosed_LIFT_OBJECT_unanticipated__RQ2_R_H03_C06_F09,7,Suction Arm Lift — Vacuum Loss,emergency_vacuum_pump(),0.3333333333333333,False
R_H03_C06_F10,diagnosed_LIFT_OBJECT_unanticipated__RQ2_R_H03_C06_F10,1,Lift Slip — Low Friction Surface,apply_vacuum_assist(),0.7777777777777777,True
R_H03_C06_F10,diagnosed_LIFT_OBJECT_unanticipated__RQ2_R_H03_C06_F10,2,Parallel Arm Lift — Contact Loss,reposition_and_regrip(),0.7298850574712644,False
R_H03_C06_F10,diagnosed_LIFT_OBJECT_unanticipated__RQ2_R_H03_C06_F10,3,Cobot Industrial — Incremental Heavy Part Transfer,heavy_lift(),0.6991807475678442,False
R_H03_C06_F10,diagnosed_LIFT_OBJECT_unanticipated__RQ2_R_H03_C06_F10,4,Cobot Lift Failure — Grip Pressure,increase_grip_pressure(),0.6149425287356322,False
R_H03_C06_F10,diagnosed_LIFT_OBJECT_unanticipated__RQ2_R_H03_C06_F10,5,Lightweight Arm Lift — Height Verification Only,extend_lift_phase(),0.5645836539624924,False
R_H03_C06_F10,diagnosed_LIFT_OBJECT_unanticipated__RQ2_R_H03_C06_F10,6,Heavy Duty Arm — Motor Overload During Lift,reduce_lift_speed(),0.5,False
R_H03_C06_F10,diagnosed_LIFT_OBJECT_unanticipated__RQ2_R_H03_C06_F10,7,Suction Arm Lift — Vacuum Loss,emergency_vacuum_pump(),0.3333333333333333,False
R_H03_C07_F01,diagnosed_LIFT_OBJECT_unanticipated__RQ2_R_H03_C07_F01,1,Lift Slip — Low Friction Surface,apply_vacuum_assist(),0.8055555555555557,True
R_H03_C07_F01,diagnosed_LIFT_OBJECT_unanticipated__RQ2_R_H03_C07_F01,2,Parallel Arm Lift — Contact Loss,reposition_and_regrip(),0.7298850574712644,False
R_H03_C07_F01,diagnosed_LIFT_OBJECT_unanticipated__RQ2_R_H03_C07_F01,3,Cobot Industrial — Incremental Heavy Part Transfer,heavy_lift(),0.6991807475678442,False
R_H03_C07_F01,diagnosed_LIFT_OBJECT_unanticipated__RQ2_R_H03_C07_F01,4,Cobot Lift Failure — Grip Pressure,increase_grip_pressure(),0.6149425287356322,False
R_H03_C07_F01,diagnosed_LIFT_OBJECT_unanticipated__RQ2_R_H03_C07_F01,5,Lightweight Arm Lift — Height Verification Only,extend_lift_phase(),0.5645836539624924,False
R_H03_C07_F01,diagnosed_LIFT_OBJECT_unanticipated__RQ2_R_H03_C07_F01,6,Heavy Duty Arm — Motor Overload During Lift,reduce_lift_speed(),0.5,False
R_H03_C07_F01,diagnosed_LIFT_OBJECT_unanticipated__RQ2_R_H03_C07_F01,7,Suction Arm Lift — Vacuum Loss,emergency_vacuum_pump(),0.3333333333333333,False
R_H03_C07_F02,diagnosed_LIFT_OBJECT_unanticipated__RQ2_R_H03_C07_F02,1,Lift Slip — Low Friction Surface,apply_vacuum_assist(),0.8611111111111112,True
R_H03_C07_F02,diagnosed_LIFT_OBJECT_unanticipated__RQ2_R_H03_C07_F02,2,Parallel Arm Lift — Contact Loss,reposition_and_regrip(),0.7298850574712644,False
R_H03_C07_F02,diagnosed_LIFT_OBJECT_unanticipated__RQ2_R_H03_C07_F02,3,Cobot Industrial — Incremental Heavy Part Transfer,heavy_lift(),0.6991807475678442,False
R_H03_C07_F02,diagnosed_LIFT_OBJECT_unanticipated__RQ2_R_H03_C07_F02,4,Cobot Lift Failure — Grip Pressure,increase_grip_pressure(),0.6149425287356322,False
R_H03_C07_F02,diagnosed_LIFT_OBJECT_unanticipated__RQ2_R_H03_C07_F02,5,Lightweight Arm Lift — Height Verification Only,extend_lift_phase(),0.5645836539624924,False
R_H03_C07_F02,diagnosed_LIFT_OBJECT_unanticipated__RQ2_R_H03_C07_F02,6,Heavy Duty Arm — Motor Overload During Lift,reduce_lift_speed(),0.5,False
R_H03_C07_F02,diagnosed_LIFT_OBJECT_unanticipated__RQ2_R_H03_C07_F02,7,Suction Arm Lift — Vacuum Loss,emergency_vacuum_pump(),0.3333333333333333,False
R_H03_C07_F03,diagnosed_LIFT_OBJECT_unanticipated__RQ2_R_H03_C07_F03,1,Lift Slip — Low Friction Surface,apply_vacuum_assist(),0.8652777777777777,True
R_H03_C07_F03,diagnosed_LIFT_OBJECT_unanticipated__RQ2_R_H03_C07_F03,2,Parallel Arm Lift — Contact Loss,reposition_and_regrip(),0.7298850574712644,False
R_H03_C07_F03,diagnosed_LIFT_OBJECT_unanticipated__RQ2_R_H03_C07_F03,3,Cobot Industrial — Incremental Heavy Part Transfer,heavy_lift(),0.6991807475678442,False
R_H03_C07_F03,diagnosed_LIFT_OBJECT_unanticipated__RQ2_R_H03_C07_F03,4,Cobot Lift Failure — Grip Pressure,increase_grip_pressure(),0.6149425287356322,False
R_H03_C07_F03,diagnosed_LIFT_OBJECT_unanticipated__RQ2_R_H03_C07_F03,5,Lightweight Arm Lift — Height Verification Only,extend_lift_phase(),0.5645836539624924,False
R_H03_C07_F03,diagnosed_LIFT_OBJECT_unanticipated__RQ2_R_H03_C07_F03,6,Heavy Duty Arm — Motor Overload During Lift,reduce_lift_speed(),0.5,False
R_H03_C07_F03,diagnosed_LIFT_OBJECT_unanticipated__RQ2_R_H03_C07_F03,7,Suction Arm Lift — Vacuum Loss,emergency_vacuum_pump(),0.3333333333333333,False
R_H03_C07_F04,diagnosed_LIFT_OBJECT_unanticipated__RQ2_R_H03_C07_F04,1,Lift Slip — Low Friction Surface,apply_vacuum_assist(),0.8694444444444445,True
R_H03_C07_F04,diagnosed_LIFT_OBJECT_unanticipated__RQ2_R_H03_C07_F04,2,Parallel Arm Lift — Contact Loss,reposition_and_regrip(),0.7298850574712644,False
R_H03_C07_F04,diagnosed_LIFT_OBJECT_unanticipated__RQ2_R_H03_C07_F04,3,Cobot Industrial — Incremental Heavy Part Transfer,heavy_lift(),0.6991807475678442,False
R_H03_C07_F04,diagnosed_LIFT_OBJECT_unanticipated__RQ2_R_H03_C07_F04,4,Cobot Lift Failure — Grip Pressure,increase_grip_pressure(),0.6149425287356322,False
R_H03_C07_F04,diagnosed_LIFT_OBJECT_unanticipated__RQ2_R_H03_C07_F04,5,Lightweight Arm Lift — Height Verification Only,extend_lift_phase(),0.5645836539624924,False
R_H03_C07_F04,diagnosed_LIFT_OBJECT_unanticipated__RQ2_R_H03_C07_F04,6,Heavy Duty Arm — Motor Overload During Lift,reduce_lift_speed(),0.5,False
R_H03_C07_F04,diagnosed_LIFT_OBJECT_unanticipated__RQ2_R_H03_C07_F04,7,Suction Arm Lift — Vacuum Loss,emergency_vacuum_pump(),0.3333333333333333,False
R_H03_C07_F05,diagnosed_LIFT_OBJECT_unanticipated__RQ2_R_H03_C07_F05,1,Lift Slip — Low Friction Surface,apply_vacuum_assist(),0.8888888888888888,True
R_H03_C07_F05,diagnosed_LIFT_OBJECT_unanticipated__RQ2_R_H03_C07_F05,2,Parallel Arm Lift — Contact Loss,reposition_and_regrip(),0.7298850574712644,False
R_H03_C07_F05,diagnosed_LIFT_OBJECT_unanticipated__RQ2_R_H03_C07_F05,3,Cobot Industrial — Incremental Heavy Part Transfer,heavy_lift(),0.6991807475678442,False
R_H03_C07_F05,diagnosed_LIFT_OBJECT_unanticipated__RQ2_R_H03_C07_F05,4,Cobot Lift Failure — Grip Pressure,increase_grip_pressure(),0.6149425287356322,False
R_H03_C07_F05,diagnosed_LIFT_OBJECT_unanticipated__RQ2_R_H03_C07_F05,5,Lightweight Arm Lift — Height Verification Only,extend_lift_phase(),0.5645836539624924,False
R_H03_C07_F05,diagnosed_LIFT_OBJECT_unanticipated__RQ2_R_H03_C07_F05,6,Heavy Duty Arm — Motor Overload During Lift,reduce_lift_speed(),0.5,False
R_H03_C07_F05,diagnosed_LIFT_OBJECT_unanticipated__RQ2_R_H03_C07_F05,7,Suction Arm Lift — Vacuum Loss,emergency_vacuum_pump(),0.3333333333333333,False
R_H03_C07_F06,diagnosed_LIFT_OBJECT_unanticipated__RQ2_R_H03_C07_F06,1,Lift Slip — Low Friction Surface,apply_vacuum_assist(),0.8666666666666667,True
R_H03_C07_F06,diagnosed_LIFT_OBJECT_unanticipated__RQ2_R_H03_C07_F06,2,Parallel Arm Lift — Contact Loss,reposition_and_regrip(),0.7298850574712644,False
R_H03_C07_F06,diagnosed_LIFT_OBJECT_unanticipated__RQ2_R_H03_C07_F06,3,Cobot Industrial — Incremental Heavy Part Transfer,heavy_lift(),0.6991807475678442,False
R_H03_C07_F06,diagnosed_LIFT_OBJECT_unanticipated__RQ2_R_H03_C07_F06,4,Cobot Lift Failure — Grip Pressure,increase_grip_pressure(),0.6149425287356322,False
R_H03_C07_F06,diagnosed_LIFT_OBJECT_unanticipated__RQ2_R_H03_C07_F06,5,Lightweight Arm Lift — Height Verification Only,extend_lift_phase(),0.5645836539624924,False
R_H03_C07_F06,diagnosed_LIFT_OBJECT_unanticipated__RQ2_R_H03_C07_F06,6,Heavy Duty Arm — Motor Overload During Lift,reduce_lift_speed(),0.5,False
R_H03_C07_F06,diagnosed_LIFT_OBJECT_unanticipated__RQ2_R_H03_C07_F06,7,Suction Arm Lift — Vacuum Loss,emergency_vacuum_pump(),0.3333333333333333,False
R_H03_C07_F07,diagnosed_LIFT_OBJECT_unanticipated__RQ2_R_H03_C07_F07,1,Lift Slip — Low Friction Surface,apply_vacuum_assist(),0.8222222222222223,True
R_H03_C07_F07,diagnosed_LIFT_OBJECT_unanticipated__RQ2_R_H03_C07_F07,2,Parallel Arm Lift — Contact Loss,reposition_and_regrip(),0.7298850574712644,False
R_H03_C07_F07,diagnosed_LIFT_OBJECT_unanticipated__RQ2_R_H03_C07_F07,3,Cobot Industrial — Incremental Heavy Part Transfer,heavy_lift(),0.6991807475678442,False
R_H03_C07_F07,diagnosed_LIFT_OBJECT_unanticipated__RQ2_R_H03_C07_F07,4,Cobot Lift Failure — Grip Pressure,increase_grip_pressure(),0.6149425287356322,False
R_H03_C07_F07,diagnosed_LIFT_OBJECT_unanticipated__RQ2_R_H03_C07_F07,5,Lightweight Arm Lift — Height Verification Only,extend_lift_phase(),0.5645836539624924,False
R_H03_C07_F07,diagnosed_LIFT_OBJECT_unanticipated__RQ2_R_H03_C07_F07,6,Heavy Duty Arm — Motor Overload During Lift,reduce_lift_speed(),0.5,False
R_H03_C07_F07,diagnosed_LIFT_OBJECT_unanticipated__RQ2_R_H03_C07_F07,7,Suction Arm Lift — Vacuum Loss,emergency_vacuum_pump(),0.3333333333333333,False
R_H03_C07_F08,diagnosed_LIFT_OBJECT_unanticipated__RQ2_R_H03_C07_F08,1,Lift Slip — Low Friction Surface,apply_vacuum_assist(),0.7825000000000001,True
R_H03_C07_F08,diagnosed_LIFT_OBJECT_unanticipated__RQ2_R_H03_C07_F08,2,Parallel Arm Lift — Contact Loss,reposition_and_regrip(),0.7298850574712644,False
R_H03_C07_F08,diagnosed_LIFT_OBJECT_unanticipated__RQ2_R_H03_C07_F08,3,Cobot Industrial — Incremental Heavy Part Transfer,heavy_lift(),0.6991807475678442,False
R_H03_C07_F08,diagnosed_LIFT_OBJECT_unanticipated__RQ2_R_H03_C07_F08,4,Cobot Lift Failure — Grip Pressure,increase_grip_pressure(),0.6149425287356322,False
R_H03_C07_F08,diagnosed_LIFT_OBJECT_unanticipated__RQ2_R_H03_C07_F08,5,Lightweight Arm Lift — Height Verification Only,extend_lift_phase(),0.5645836539624924,False
R_H03_C07_F08,diagnosed_LIFT_OBJECT_unanticipated__RQ2_R_H03_C07_F08,6,Heavy Duty Arm — Motor Overload During Lift,reduce_lift_speed(),0.5,False
R_H03_C07_F08,diagnosed_LIFT_OBJECT_unanticipated__RQ2_R_H03_C07_F08,7,Suction Arm Lift — Vacuum Loss,emergency_vacuum_pump(),0.3333333333333333,False
R_H03_C07_F09,diagnosed_LIFT_OBJECT_unanticipated__RQ2_R_H03_C07_F09,1,Lift Slip — Low Friction Surface,apply_vacuum_assist(),0.7777777777777777,True
R_H03_C07_F09,diagnosed_LIFT_OBJECT_unanticipated__RQ2_R_H03_C07_F09,2,Parallel Arm Lift — Contact Loss,reposition_and_regrip(),0.7298850574712644,False
R_H03_C07_F09,diagnosed_LIFT_OBJECT_unanticipated__RQ2_R_H03_C07_F09,3,Cobot Industrial — Incremental Heavy Part Transfer,heavy_lift(),0.6991807475678442,False
R_H03_C07_F09,diagnosed_LIFT_OBJECT_unanticipated__RQ2_R_H03_C07_F09,4,Cobot Lift Failure — Grip Pressure,increase_grip_pressure(),0.6149425287356322,False
R_H03_C07_F09,diagnosed_LIFT_OBJECT_unanticipated__RQ2_R_H03_C07_F09,5,Lightweight Arm Lift — Height Verification Only,extend_lift_phase(),0.5645836539624924,False
R_H03_C07_F09,diagnosed_LIFT_OBJECT_unanticipated__RQ2_R_H03_C07_F09,6,Heavy Duty Arm — Motor Overload During Lift,reduce_lift_speed(),0.5,False
R_H03_C07_F09,diagnosed_LIFT_OBJECT_unanticipated__RQ2_R_H03_C07_F09,7,Suction Arm Lift — Vacuum Loss,emergency_vacuum_pump(),0.3333333333333333,False
R_H03_C07_F10,diagnosed_LIFT_OBJECT_unanticipated__RQ2_R_H03_C07_F10,1,Lift Slip — Low Friction Surface,apply_vacuum_assist(),0.7777777777777777,True
R_H03_C07_F10,diagnosed_LIFT_OBJECT_unanticipated__RQ2_R_H03_C07_F10,2,Parallel Arm Lift — Contact Loss,reposition_and_regrip(),0.7298850574712644,False
R_H03_C07_F10,diagnosed_LIFT_OBJECT_unanticipated__RQ2_R_H03_C07_F10,3,Cobot Industrial — Incremental Heavy Part Transfer,heavy_lift(),0.6991807475678442,False
R_H03_C07_F10,diagnosed_LIFT_OBJECT_unanticipated__RQ2_R_H03_C07_F10,4,Cobot Lift Failure — Grip Pressure,increase_grip_pressure(),0.6149425287356322,False
R_H03_C07_F10,diagnosed_LIFT_OBJECT_unanticipated__RQ2_R_H03_C07_F10,5,Lightweight Arm Lift — Height Verification Only,extend_lift_phase(),0.5645836539624924,False
R_H03_C07_F10,diagnosed_LIFT_OBJECT_unanticipated__RQ2_R_H03_C07_F10,6,Heavy Duty Arm — Motor Overload During Lift,reduce_lift_speed(),0.5,False
R_H03_C07_F10,diagnosed_LIFT_OBJECT_unanticipated__RQ2_R_H03_C07_F10,7,Suction Arm Lift — Vacuum Loss,emergency_vacuum_pump(),0.3333333333333333,False
R_H03_C08_F01,diagnosed_LIFT_OBJECT_unanticipated__RQ2_R_H03_C08_F01,1,Lift Slip — Low Friction Surface,apply_vacuum_assist(),0.8055555555555557,True
R_H03_C08_F01,diagnosed_LIFT_OBJECT_unanticipated__RQ2_R_H03_C08_F01,2,Parallel Arm Lift — Contact Loss,reposition_and_regrip(),0.7298850574712644,False
R_H03_C08_F01,diagnosed_LIFT_OBJECT_unanticipated__RQ2_R_H03_C08_F01,3,Cobot Industrial — Incremental Heavy Part Transfer,heavy_lift(),0.6991807475678442,False
R_H03_C08_F01,diagnosed_LIFT_OBJECT_unanticipated__RQ2_R_H03_C08_F01,4,Cobot Lift Failure — Grip Pressure,increase_grip_pressure(),0.6149425287356322,False
R_H03_C08_F01,diagnosed_LIFT_OBJECT_unanticipated__RQ2_R_H03_C08_F01,5,Lightweight Arm Lift — Height Verification Only,extend_lift_phase(),0.5645836539624924,False
R_H03_C08_F01,diagnosed_LIFT_OBJECT_unanticipated__RQ2_R_H03_C08_F01,6,Heavy Duty Arm — Motor Overload During Lift,reduce_lift_speed(),0.5,False
R_H03_C08_F01,diagnosed_LIFT_OBJECT_unanticipated__RQ2_R_H03_C08_F01,7,Suction Arm Lift — Vacuum Loss,emergency_vacuum_pump(),0.3333333333333333,False
R_H03_C08_F02,diagnosed_LIFT_OBJECT_unanticipated__RQ2_R_H03_C08_F02,1,Lift Slip — Low Friction Surface,apply_vacuum_assist(),0.8611111111111112,True
R_H03_C08_F02,diagnosed_LIFT_OBJECT_unanticipated__RQ2_R_H03_C08_F02,2,Parallel Arm Lift — Contact Loss,reposition_and_regrip(),0.7298850574712644,False
R_H03_C08_F02,diagnosed_LIFT_OBJECT_unanticipated__RQ2_R_H03_C08_F02,3,Cobot Industrial — Incremental Heavy Part Transfer,heavy_lift(),0.6991807475678442,False
R_H03_C08_F02,diagnosed_LIFT_OBJECT_unanticipated__RQ2_R_H03_C08_F02,4,Cobot Lift Failure — Grip Pressure,increase_grip_pressure(),0.6149425287356322,False
R_H03_C08_F02,diagnosed_LIFT_OBJECT_unanticipated__RQ2_R_H03_C08_F02,5,Lightweight Arm Lift — Height Verification Only,extend_lift_phase(),0.5645836539624924,False
R_H03_C08_F02,diagnosed_LIFT_OBJECT_unanticipated__RQ2_R_H03_C08_F02,6,Heavy Duty Arm — Motor Overload During Lift,reduce_lift_speed(),0.5,False
R_H03_C08_F02,diagnosed_LIFT_OBJECT_unanticipated__RQ2_R_H03_C08_F02,7,Suction Arm Lift — Vacuum Loss,emergency_vacuum_pump(),0.3333333333333333,False
R_H03_C08_F03,diagnosed_LIFT_OBJECT_unanticipated__RQ2_R_H03_C08_F03,1,Lift Slip — Low Friction Surface,apply_vacuum_assist(),0.8652777777777777,True
R_H03_C08_F03,diagnosed_LIFT_OBJECT_unanticipated__RQ2_R_H03_C08_F03,2,Parallel Arm Lift — Contact Loss,reposition_and_regrip(),0.7298850574712644,False
R_H03_C08_F03,diagnosed_LIFT_OBJECT_unanticipated__RQ2_R_H03_C08_F03,3,Cobot Industrial — Incremental Heavy Part Transfer,heavy_lift(),0.6991807475678442,False
R_H03_C08_F03,diagnosed_LIFT_OBJECT_unanticipated__RQ2_R_H03_C08_F03,4,Cobot Lift Failure — Grip Pressure,increase_grip_pressure(),0.6149425287356322,False
R_H03_C08_F03,diagnosed_LIFT_OBJECT_unanticipated__RQ2_R_H03_C08_F03,5,Lightweight Arm Lift — Height Verification Only,extend_lift_phase(),0.5645836539624924,False
R_H03_C08_F03,diagnosed_LIFT_OBJECT_unanticipated__RQ2_R_H03_C08_F03,6,Heavy Duty Arm — Motor Overload During Lift,reduce_lift_speed(),0.5,False
R_H03_C08_F03,diagnosed_LIFT_OBJECT_unanticipated__RQ2_R_H03_C08_F03,7,Suction Arm Lift — Vacuum Loss,emergency_vacuum_pump(),0.3333333333333333,False
R_H03_C08_F04,diagnosed_LIFT_OBJECT_unanticipated__RQ2_R_H03_C08_F04,1,Lift Slip — Low Friction Surface,apply_vacuum_assist(),0.8694444444444445,True
R_H03_C08_F04,diagnosed_LIFT_OBJECT_unanticipated__RQ2_R_H03_C08_F04,2,Parallel Arm Lift — Contact Loss,reposition_and_regrip(),0.7298850574712644,False
R_H03_C08_F04,diagnosed_LIFT_OBJECT_unanticipated__RQ2_R_H03_C08_F04,3,Cobot Industrial — Incremental Heavy Part Transfer,heavy_lift(),0.6991807475678442,False
R_H03_C08_F04,diagnosed_LIFT_OBJECT_unanticipated__RQ2_R_H03_C08_F04,4,Cobot Lift Failure — Grip Pressure,increase_grip_pressure(),0.6149425287356322,False
R_H03_C08_F04,diagnosed_LIFT_OBJECT_unanticipated__RQ2_R_H03_C08_F04,5,Lightweight Arm Lift — Height Verification Only,extend_lift_phase(),0.5645836539624924,False
R_H03_C08_F04,diagnosed_LIFT_OBJECT_unanticipated__RQ2_R_H03_C08_F04,6,Heavy Duty Arm — Motor Overload During Lift,reduce_lift_speed(),0.5,False
R_H03_C08_F04,diagnosed_LIFT_OBJECT_unanticipated__RQ2_R_H03_C08_F04,7,Suction Arm Lift — Vacuum Loss,emergency_vacuum_pump(),0.3333333333333333,False
R_H03_C08_F05,diagnosed_LIFT_OBJECT_unanticipated__RQ2_R_H03_C08_F05,1,Lift Slip — Low Friction Surface,apply_vacuum_assist(),0.8888888888888888,True
R_H03_C08_F05,diagnosed_LIFT_OBJECT_unanticipated__RQ2_R_H03_C08_F05,2,Parallel Arm Lift — Contact Loss,reposition_and_regrip(),0.7298850574712644,False
R_H03_C08_F05,diagnosed_LIFT_OBJECT_unanticipated__RQ2_R_H03_C08_F05,3,Cobot Industrial — Incremental Heavy Part Transfer,heavy_lift(),0.6991807475678442,False
R_H03_C08_F05,diagnosed_LIFT_OBJECT_unanticipated__RQ2_R_H03_C08_F05,4,Cobot Lift Failure — Grip Pressure,increase_grip_pressure(),0.6149425287356322,False
R_H03_C08_F05,diagnosed_LIFT_OBJECT_unanticipated__RQ2_R_H03_C08_F05,5,Lightweight Arm Lift — Height Verification Only,extend_lift_phase(),0.5645836539624924,False
R_H03_C08_F05,diagnosed_LIFT_OBJECT_unanticipated__RQ2_R_H03_C08_F05,6,Heavy Duty Arm — Motor Overload During Lift,reduce_lift_speed(),0.5,False
R_H03_C08_F05,diagnosed_LIFT_OBJECT_unanticipated__RQ2_R_H03_C08_F05,7,Suction Arm Lift — Vacuum Loss,emergency_vacuum_pump(),0.3333333333333333,False
R_H03_C08_F06,diagnosed_LIFT_OBJECT_unanticipated__RQ2_R_H03_C08_F06,1,Lift Slip — Low Friction Surface,apply_vacuum_assist(),0.8666666666666667,True
R_H03_C08_F06,diagnosed_LIFT_OBJECT_unanticipated__RQ2_R_H03_C08_F06,2,Parallel Arm Lift — Contact Loss,reposition_and_regrip(),0.7298850574712644,False
R_H03_C08_F06,diagnosed_LIFT_OBJECT_unanticipated__RQ2_R_H03_C08_F06,3,Cobot Industrial — Incremental Heavy Part Transfer,heavy_lift(),0.6991807475678442,False
R_H03_C08_F06,diagnosed_LIFT_OBJECT_unanticipated__RQ2_R_H03_C08_F06,4,Cobot Lift Failure — Grip Pressure,increase_grip_pressure(),0.6149425287356322,False
R_H03_C08_F06,diagnosed_LIFT_OBJECT_unanticipated__RQ2_R_H03_C08_F06,5,Lightweight Arm Lift — Height Verification Only,extend_lift_phase(),0.5645836539624924,False
R_H03_C08_F06,diagnosed_LIFT_OBJECT_unanticipated__RQ2_R_H03_C08_F06,6,Heavy Duty Arm — Motor Overload During Lift,reduce_lift_speed(),0.5,False
R_H03_C08_F06,diagnosed_LIFT_OBJECT_unanticipated__RQ2_R_H03_C08_F06,7,Suction Arm Lift — Vacuum Loss,emergency_vacuum_pump(),0.3333333333333333,False
R_H03_C08_F07,diagnosed_LIFT_OBJECT_unanticipated__RQ2_R_H03_C08_F07,1,Lift Slip — Low Friction Surface,apply_vacuum_assist(),0.8222222222222223,True
R_H03_C08_F07,diagnosed_LIFT_OBJECT_unanticipated__RQ2_R_H03_C08_F07,2,Parallel Arm Lift — Contact Loss,reposition_and_regrip(),0.7298850574712644,False
R_H03_C08_F07,diagnosed_LIFT_OBJECT_unanticipated__RQ2_R_H03_C08_F07,3,Cobot Industrial — Incremental Heavy Part Transfer,heavy_lift(),0.6991807475678442,False
R_H03_C08_F07,diagnosed_LIFT_OBJECT_unanticipated__RQ2_R_H03_C08_F07,4,Cobot Lift Failure — Grip Pressure,increase_grip_pressure(),0.6149425287356322,False
R_H03_C08_F07,diagnosed_LIFT_OBJECT_unanticipated__RQ2_R_H03_C08_F07,5,Lightweight Arm Lift — Height Verification Only,extend_lift_phase(),0.5645836539624924,False
R_H03_C08_F07,diagnosed_LIFT_OBJECT_unanticipated__RQ2_R_H03_C08_F07,6,Heavy Duty Arm — Motor Overload During Lift,reduce_lift_speed(),0.5,False
R_H03_C08_F07,diagnosed_LIFT_OBJECT_unanticipated__RQ2_R_H03_C08_F07,7,Suction Arm Lift — Vacuum Loss,emergency_vacuum_pump(),0.3333333333333333,False
R_H03_C08_F08,diagnosed_LIFT_OBJECT_unanticipated__RQ2_R_H03_C08_F08,1,Lift Slip — Low Friction Surface,apply_vacuum_assist(),0.7825000000000001,True
R_H03_C08_F08,diagnosed_LIFT_OBJECT_unanticipated__RQ2_R_H03_C08_F08,2,Parallel Arm Lift — Contact Loss,reposition_and_regrip(),0.7298850574712644,False
R_H03_C08_F08,diagnosed_LIFT_OBJECT_unanticipated__RQ2_R_H03_C08_F08,3,Cobot Industrial — Incremental Heavy Part Transfer,heavy_lift(),0.6991807475678442,False
R_H03_C08_F08,diagnosed_LIFT_OBJECT_unanticipated__RQ2_R_H03_C08_F08,4,Cobot Lift Failure — Grip Pressure,increase_grip_pressure(),0.6149425287356322,False
R_H03_C08_F08,diagnosed_LIFT_OBJECT_unanticipated__RQ2_R_H03_C08_F08,5,Lightweight Arm Lift — Height Verification Only,extend_lift_phase(),0.5645836539624924,False
R_H03_C08_F08,diagnosed_LIFT_OBJECT_unanticipated__RQ2_R_H03_C08_F08,6,Heavy Duty Arm — Motor Overload During Lift,reduce_lift_speed(),0.5,False
R_H03_C08_F08,diagnosed_LIFT_OBJECT_unanticipated__RQ2_R_H03_C08_F08,7,Suction Arm Lift — Vacuum Loss,emergency_vacuum_pump(),0.3333333333333333,False
R_H03_C08_F09,diagnosed_LIFT_OBJECT_unanticipated__RQ2_R_H03_C08_F09,1,Lift Slip — Low Friction Surface,apply_vacuum_assist(),0.7777777777777777,True
R_H03_C08_F09,diagnosed_LIFT_OBJECT_unanticipated__RQ2_R_H03_C08_F09,2,Parallel Arm Lift — Contact Loss,reposition_and_regrip(),0.7298850574712644,False
R_H03_C08_F09,diagnosed_LIFT_OBJECT_unanticipated__RQ2_R_H03_C08_F09,3,Cobot Industrial — Incremental Heavy Part Transfer,heavy_lift(),0.6991807475678442,False
R_H03_C08_F09,diagnosed_LIFT_OBJECT_unanticipated__RQ2_R_H03_C08_F09,4,Cobot Lift Failure — Grip Pressure,increase_grip_pressure(),0.6149425287356322,False
R_H03_C08_F09,diagnosed_LIFT_OBJECT_unanticipated__RQ2_R_H03_C08_F09,5,Lightweight Arm Lift — Height Verification Only,extend_lift_phase(),0.5645836539624924,False
R_H03_C08_F09,diagnosed_LIFT_OBJECT_unanticipated__RQ2_R_H03_C08_F09,6,Heavy Duty Arm — Motor Overload During Lift,reduce_lift_speed(),0.5,False
R_H03_C08_F09,diagnosed_LIFT_OBJECT_unanticipated__RQ2_R_H03_C08_F09,7,Suction Arm Lift — Vacuum Loss,emergency_vacuum_pump(),0.3333333333333333,False
R_H03_C08_F10,diagnosed_LIFT_OBJECT_unanticipated__RQ2_R_H03_C08_F10,1,Lift Slip — Low Friction Surface,apply_vacuum_assist(),0.7777777777777777,True
R_H03_C08_F10,diagnosed_LIFT_OBJECT_unanticipated__RQ2_R_H03_C08_F10,2,Parallel Arm Lift — Contact Loss,reposition_and_regrip(),0.7298850574712644,False
R_H03_C08_F10,diagnosed_LIFT_OBJECT_unanticipated__RQ2_R_H03_C08_F10,3,Cobot Industrial — Incremental Heavy Part Transfer,heavy_lift(),0.6991807475678442,False
R_H03_C08_F10,diagnosed_LIFT_OBJECT_unanticipated__RQ2_R_H03_C08_F10,4,Cobot Lift Failure — Grip Pressure,increase_grip_pressure(),0.6149425287356322,False
R_H03_C08_F10,diagnosed_LIFT_OBJECT_unanticipated__RQ2_R_H03_C08_F10,5,Lightweight Arm Lift — Height Verification Only,extend_lift_phase(),0.5645836539624924,False
R_H03_C08_F10,diagnosed_LIFT_OBJECT_unanticipated__RQ2_R_H03_C08_F10,6,Heavy Duty Arm — Motor Overload During Lift,reduce_lift_speed(),0.5,False
R_H03_C08_F10,diagnosed_LIFT_OBJECT_unanticipated__RQ2_R_H03_C08_F10,7,Suction Arm Lift — Vacuum Loss,emergency_vacuum_pump(),0.3333333333333333,False
R_H03_C09_F01,diagnosed_LIFT_OBJECT_unanticipated__RQ2_R_H03_C09_F01,1,Lift Slip — Low Friction Surface,apply_vacuum_assist(),0.8055555555555557,True
R_H03_C09_F01,diagnosed_LIFT_OBJECT_unanticipated__RQ2_R_H03_C09_F01,2,Parallel Arm Lift — Contact Loss,reposition_and_regrip(),0.7298850574712644,False
R_H03_C09_F01,diagnosed_LIFT_OBJECT_unanticipated__RQ2_R_H03_C09_F01,3,Cobot Industrial — Incremental Heavy Part Transfer,heavy_lift(),0.6991807475678442,False
R_H03_C09_F01,diagnosed_LIFT_OBJECT_unanticipated__RQ2_R_H03_C09_F01,4,Cobot Lift Failure — Grip Pressure,increase_grip_pressure(),0.6149425287356322,False
R_H03_C09_F01,diagnosed_LIFT_OBJECT_unanticipated__RQ2_R_H03_C09_F01,5,Lightweight Arm Lift — Height Verification Only,extend_lift_phase(),0.5645836539624924,False
R_H03_C09_F01,diagnosed_LIFT_OBJECT_unanticipated__RQ2_R_H03_C09_F01,6,Heavy Duty Arm — Motor Overload During Lift,reduce_lift_speed(),0.5,False
R_H03_C09_F01,diagnosed_LIFT_OBJECT_unanticipated__RQ2_R_H03_C09_F01,7,Suction Arm Lift — Vacuum Loss,emergency_vacuum_pump(),0.3333333333333333,False
R_H03_C09_F02,diagnosed_LIFT_OBJECT_unanticipated__RQ2_R_H03_C09_F02,1,Lift Slip — Low Friction Surface,apply_vacuum_assist(),0.8611111111111112,True
R_H03_C09_F02,diagnosed_LIFT_OBJECT_unanticipated__RQ2_R_H03_C09_F02,2,Parallel Arm Lift — Contact Loss,reposition_and_regrip(),0.7298850574712644,False
R_H03_C09_F02,diagnosed_LIFT_OBJECT_unanticipated__RQ2_R_H03_C09_F02,3,Cobot Industrial — Incremental Heavy Part Transfer,heavy_lift(),0.6991807475678442,False
R_H03_C09_F02,diagnosed_LIFT_OBJECT_unanticipated__RQ2_R_H03_C09_F02,4,Cobot Lift Failure — Grip Pressure,increase_grip_pressure(),0.6149425287356322,False
R_H03_C09_F02,diagnosed_LIFT_OBJECT_unanticipated__RQ2_R_H03_C09_F02,5,Lightweight Arm Lift — Height Verification Only,extend_lift_phase(),0.5645836539624924,False
R_H03_C09_F02,diagnosed_LIFT_OBJECT_unanticipated__RQ2_R_H03_C09_F02,6,Heavy Duty Arm — Motor Overload During Lift,reduce_lift_speed(),0.5,False
R_H03_C09_F02,diagnosed_LIFT_OBJECT_unanticipated__RQ2_R_H03_C09_F02,7,Suction Arm Lift — Vacuum Loss,emergency_vacuum_pump(),0.3333333333333333,False
R_H03_C09_F03,diagnosed_LIFT_OBJECT_unanticipated__RQ2_R_H03_C09_F03,1,Lift Slip — Low Friction Surface,apply_vacuum_assist(),0.8652777777777777,True
R_H03_C09_F03,diagnosed_LIFT_OBJECT_unanticipated__RQ2_R_H03_C09_F03,2,Parallel Arm Lift — Contact Loss,reposition_and_regrip(),0.7298850574712644,False
R_H03_C09_F03,diagnosed_LIFT_OBJECT_unanticipated__RQ2_R_H03_C09_F03,3,Cobot Industrial — Incremental Heavy Part Transfer,heavy_lift(),0.6991807475678442,False
R_H03_C09_F03,diagnosed_LIFT_OBJECT_unanticipated__RQ2_R_H03_C09_F03,4,Cobot Lift Failure — Grip Pressure,increase_grip_pressure(),0.6149425287356322,False
R_H03_C09_F03,diagnosed_LIFT_OBJECT_unanticipated__RQ2_R_H03_C09_F03,5,Lightweight Arm Lift — Height Verification Only,extend_lift_phase(),0.5645836539624924,False
R_H03_C09_F03,diagnosed_LIFT_OBJECT_unanticipated__RQ2_R_H03_C09_F03,6,Heavy Duty Arm — Motor Overload During Lift,reduce_lift_speed(),0.5,False
R_H03_C09_F03,diagnosed_LIFT_OBJECT_unanticipated__RQ2_R_H03_C09_F03,7,Suction Arm Lift — Vacuum Loss,emergency_vacuum_pump(),0.3333333333333333,False
R_H03_C09_F04,diagnosed_LIFT_OBJECT_unanticipated__RQ2_R_H03_C09_F04,1,Lift Slip — Low Friction Surface,apply_vacuum_assist(),0.8694444444444445,True
R_H03_C09_F04,diagnosed_LIFT_OBJECT_unanticipated__RQ2_R_H03_C09_F04,2,Parallel Arm Lift — Contact Loss,reposition_and_regrip(),0.7298850574712644,False
R_H03_C09_F04,diagnosed_LIFT_OBJECT_unanticipated__RQ2_R_H03_C09_F04,3,Cobot Industrial — Incremental Heavy Part Transfer,heavy_lift(),0.6991807475678442,False
R_H03_C09_F04,diagnosed_LIFT_OBJECT_unanticipated__RQ2_R_H03_C09_F04,4,Cobot Lift Failure — Grip Pressure,increase_grip_pressure(),0.6149425287356322,False
R_H03_C09_F04,diagnosed_LIFT_OBJECT_unanticipated__RQ2_R_H03_C09_F04,5,Lightweight Arm Lift — Height Verification Only,extend_lift_phase(),0.5645836539624924,False
R_H03_C09_F04,diagnosed_LIFT_OBJECT_unanticipated__RQ2_R_H03_C09_F04,6,Heavy Duty Arm — Motor Overload During Lift,reduce_lift_speed(),0.5,False
R_H03_C09_F04,diagnosed_LIFT_OBJECT_unanticipated__RQ2_R_H03_C09_F04,7,Suction Arm Lift — Vacuum Loss,emergency_vacuum_pump(),0.3333333333333333,False
R_H03_C09_F05,diagnosed_LIFT_OBJECT_unanticipated__RQ2_R_H03_C09_F05,1,Lift Slip — Low Friction Surface,apply_vacuum_assist(),0.8888888888888888,True
R_H03_C09_F05,diagnosed_LIFT_OBJECT_unanticipated__RQ2_R_H03_C09_F05,2,Parallel Arm Lift — Contact Loss,reposition_and_regrip(),0.7298850574712644,False
R_H03_C09_F05,diagnosed_LIFT_OBJECT_unanticipated__RQ2_R_H03_C09_F05,3,Cobot Industrial — Incremental Heavy Part Transfer,heavy_lift(),0.6991807475678442,False
R_H03_C09_F05,diagnosed_LIFT_OBJECT_unanticipated__RQ2_R_H03_C09_F05,4,Cobot Lift Failure — Grip Pressure,increase_grip_pressure(),0.6149425287356322,False
R_H03_C09_F05,diagnosed_LIFT_OBJECT_unanticipated__RQ2_R_H03_C09_F05,5,Lightweight Arm Lift — Height Verification Only,extend_lift_phase(),0.5645836539624924,False
R_H03_C09_F05,diagnosed_LIFT_OBJECT_unanticipated__RQ2_R_H03_C09_F05,6,Heavy Duty Arm — Motor Overload During Lift,reduce_lift_speed(),0.5,False
R_H03_C09_F05,diagnosed_LIFT_OBJECT_unanticipated__RQ2_R_H03_C09_F05,7,Suction Arm Lift — Vacuum Loss,emergency_vacuum_pump(),0.3333333333333333,False
R_H03_C09_F06,diagnosed_LIFT_OBJECT_unanticipated__RQ2_R_H03_C09_F06,1,Lift Slip — Low Friction Surface,apply_vacuum_assist(),0.8666666666666667,True
R_H03_C09_F06,diagnosed_LIFT_OBJECT_unanticipated__RQ2_R_H03_C09_F06,2,Parallel Arm Lift — Contact Loss,reposition_and_regrip(),0.7298850574712644,False
R_H03_C09_F06,diagnosed_LIFT_OBJECT_unanticipated__RQ2_R_H03_C09_F06,3,Cobot Industrial — Incremental Heavy Part Transfer,heavy_lift(),0.6991807475678442,False
R_H03_C09_F06,diagnosed_LIFT_OBJECT_unanticipated__RQ2_R_H03_C09_F06,4,Cobot Lift Failure — Grip Pressure,increase_grip_pressure(),0.6149425287356322,False
R_H03_C09_F06,diagnosed_LIFT_OBJECT_unanticipated__RQ2_R_H03_C09_F06,5,Lightweight Arm Lift — Height Verification Only,extend_lift_phase(),0.5645836539624924,False
R_H03_C09_F06,diagnosed_LIFT_OBJECT_unanticipated__RQ2_R_H03_C09_F06,6,Heavy Duty Arm — Motor Overload During Lift,reduce_lift_speed(),0.5,False
R_H03_C09_F06,diagnosed_LIFT_OBJECT_unanticipated__RQ2_R_H03_C09_F06,7,Suction Arm Lift — Vacuum Loss,emergency_vacuum_pump(),0.3333333333333333,False
R_H03_C09_F07,diagnosed_LIFT_OBJECT_unanticipated__RQ2_R_H03_C09_F07,1,Lift Slip — Low Friction Surface,apply_vacuum_assist(),0.8222222222222223,True
R_H03_C09_F07,diagnosed_LIFT_OBJECT_unanticipated__RQ2_R_H03_C09_F07,2,Parallel Arm Lift — Contact Loss,reposition_and_regrip(),0.7298850574712644,False
R_H03_C09_F07,diagnosed_LIFT_OBJECT_unanticipated__RQ2_R_H03_C09_F07,3,Cobot Industrial — Incremental Heavy Part Transfer,heavy_lift(),0.6991807475678442,False
R_H03_C09_F07,diagnosed_LIFT_OBJECT_unanticipated__RQ2_R_H03_C09_F07,4,Cobot Lift Failure — Grip Pressure,increase_grip_pressure(),0.6149425287356322,False
R_H03_C09_F07,diagnosed_LIFT_OBJECT_unanticipated__RQ2_R_H03_C09_F07,5,Lightweight Arm Lift — Height Verification Only,extend_lift_phase(),0.5645836539624924,False
R_H03_C09_F07,diagnosed_LIFT_OBJECT_unanticipated__RQ2_R_H03_C09_F07,6,Heavy Duty Arm — Motor Overload During Lift,reduce_lift_speed(),0.5,False
R_H03_C09_F07,diagnosed_LIFT_OBJECT_unanticipated__RQ2_R_H03_C09_F07,7,Suction Arm Lift — Vacuum Loss,emergency_vacuum_pump(),0.3333333333333333,False
R_H03_C09_F08,diagnosed_LIFT_OBJECT_unanticipated__RQ2_R_H03_C09_F08,1,Lift Slip — Low Friction Surface,apply_vacuum_assist(),0.7825000000000001,True
R_H03_C09_F08,diagnosed_LIFT_OBJECT_unanticipated__RQ2_R_H03_C09_F08,2,Parallel Arm Lift — Contact Loss,reposition_and_regrip(),0.7298850574712644,False
R_H03_C09_F08,diagnosed_LIFT_OBJECT_unanticipated__RQ2_R_H03_C09_F08,3,Cobot Industrial — Incremental Heavy Part Transfer,heavy_lift(),0.6991807475678442,False
R_H03_C09_F08,diagnosed_LIFT_OBJECT_unanticipated__RQ2_R_H03_C09_F08,4,Cobot Lift Failure — Grip Pressure,increase_grip_pressure(),0.6149425287356322,False
R_H03_C09_F08,diagnosed_LIFT_OBJECT_unanticipated__RQ2_R_H03_C09_F08,5,Lightweight Arm Lift — Height Verification Only,extend_lift_phase(),0.5645836539624924,False
R_H03_C09_F08,diagnosed_LIFT_OBJECT_unanticipated__RQ2_R_H03_C09_F08,6,Heavy Duty Arm — Motor Overload During Lift,reduce_lift_speed(),0.5,False
R_H03_C09_F08,diagnosed_LIFT_OBJECT_unanticipated__RQ2_R_H03_C09_F08,7,Suction Arm Lift — Vacuum Loss,emergency_vacuum_pump(),0.3333333333333333,False
R_H03_C09_F09,diagnosed_LIFT_OBJECT_unanticipated__RQ2_R_H03_C09_F09,1,Lift Slip — Low Friction Surface,apply_vacuum_assist(),0.7777777777777777,True
R_H03_C09_F09,diagnosed_LIFT_OBJECT_unanticipated__RQ2_R_H03_C09_F09,2,Parallel Arm Lift — Contact Loss,reposition_and_regrip(),0.7298850574712644,False
R_H03_C09_F09,diagnosed_LIFT_OBJECT_unanticipated__RQ2_R_H03_C09_F09,3,Cobot Industrial — Incremental Heavy Part Transfer,heavy_lift(),0.6991807475678442,False
R_H03_C09_F09,diagnosed_LIFT_OBJECT_unanticipated__RQ2_R_H03_C09_F09,4,Cobot Lift Failure — Grip Pressure,increase_grip_pressure(),0.6149425287356322,False
R_H03_C09_F09,diagnosed_LIFT_OBJECT_unanticipated__RQ2_R_H03_C09_F09,5,Lightweight Arm Lift — Height Verification Only,extend_lift_phase(),0.5645836539624924,False
R_H03_C09_F09,diagnosed_LIFT_OBJECT_unanticipated__RQ2_R_H03_C09_F09,6,Heavy Duty Arm — Motor Overload During Lift,reduce_lift_speed(),0.5,False
R_H03_C09_F09,diagnosed_LIFT_OBJECT_unanticipated__RQ2_R_H03_C09_F09,7,Suction Arm Lift — Vacuum Loss,emergency_vacuum_pump(),0.3333333333333333,False
R_H03_C09_F10,diagnosed_LIFT_OBJECT_unanticipated__RQ2_R_H03_C09_F10,1,Lift Slip — Low Friction Surface,apply_vacuum_assist(),0.7777777777777777,True
R_H03_C09_F10,diagnosed_LIFT_OBJECT_unanticipated__RQ2_R_H03_C09_F10,2,Parallel Arm Lift — Contact Loss,reposition_and_regrip(),0.7298850574712644,False
R_H03_C09_F10,diagnosed_LIFT_OBJECT_unanticipated__RQ2_R_H03_C09_F10,3,Cobot Industrial — Incremental Heavy Part Transfer,heavy_lift(),0.6991807475678442,False
R_H03_C09_F10,diagnosed_LIFT_OBJECT_unanticipated__RQ2_R_H03_C09_F10,4,Cobot Lift Failure — Grip Pressure,increase_grip_pressure(),0.6149425287356322,False
R_H03_C09_F10,diagnosed_LIFT_OBJECT_unanticipated__RQ2_R_H03_C09_F10,5,Lightweight Arm Lift — Height Verification Only,extend_lift_phase(),0.5645836539624924,False
R_H03_C09_F10,diagnosed_LIFT_OBJECT_unanticipated__RQ2_R_H03_C09_F10,6,Heavy Duty Arm — Motor Overload During Lift,reduce_lift_speed(),0.5,False
R_H03_C09_F10,diagnosed_LIFT_OBJECT_unanticipated__RQ2_R_H03_C09_F10,7,Suction Arm Lift — Vacuum Loss,emergency_vacuum_pump(),0.3333333333333333,False
R_H03_C10_F01,diagnosed_LIFT_OBJECT_unanticipated__RQ2_R_H03_C10_F01,1,Lift Slip — Low Friction Surface,apply_vacuum_assist(),0.8055555555555557,True
R_H03_C10_F01,diagnosed_LIFT_OBJECT_unanticipated__RQ2_R_H03_C10_F01,2,Parallel Arm Lift — Contact Loss,reposition_and_regrip(),0.7298850574712644,False
R_H03_C10_F01,diagnosed_LIFT_OBJECT_unanticipated__RQ2_R_H03_C10_F01,3,Cobot Industrial — Incremental Heavy Part Transfer,heavy_lift(),0.6991807475678442,False
R_H03_C10_F01,diagnosed_LIFT_OBJECT_unanticipated__RQ2_R_H03_C10_F01,4,Cobot Lift Failure — Grip Pressure,increase_grip_pressure(),0.6149425287356322,False
R_H03_C10_F01,diagnosed_LIFT_OBJECT_unanticipated__RQ2_R_H03_C10_F01,5,Lightweight Arm Lift — Height Verification Only,extend_lift_phase(),0.5645836539624924,False
R_H03_C10_F01,diagnosed_LIFT_OBJECT_unanticipated__RQ2_R_H03_C10_F01,6,Heavy Duty Arm — Motor Overload During Lift,reduce_lift_speed(),0.5,False
R_H03_C10_F01,diagnosed_LIFT_OBJECT_unanticipated__RQ2_R_H03_C10_F01,7,Suction Arm Lift — Vacuum Loss,emergency_vacuum_pump(),0.3333333333333333,False
R_H03_C10_F02,diagnosed_LIFT_OBJECT_unanticipated__RQ2_R_H03_C10_F02,1,Lift Slip — Low Friction Surface,apply_vacuum_assist(),0.8611111111111112,True
R_H03_C10_F02,diagnosed_LIFT_OBJECT_unanticipated__RQ2_R_H03_C10_F02,2,Parallel Arm Lift — Contact Loss,reposition_and_regrip(),0.7298850574712644,False
R_H03_C10_F02,diagnosed_LIFT_OBJECT_unanticipated__RQ2_R_H03_C10_F02,3,Cobot Industrial — Incremental Heavy Part Transfer,heavy_lift(),0.6991807475678442,False
R_H03_C10_F02,diagnosed_LIFT_OBJECT_unanticipated__RQ2_R_H03_C10_F02,4,Cobot Lift Failure — Grip Pressure,increase_grip_pressure(),0.6149425287356322,False
R_H03_C10_F02,diagnosed_LIFT_OBJECT_unanticipated__RQ2_R_H03_C10_F02,5,Lightweight Arm Lift — Height Verification Only,extend_lift_phase(),0.5645836539624924,False
R_H03_C10_F02,diagnosed_LIFT_OBJECT_unanticipated__RQ2_R_H03_C10_F02,6,Heavy Duty Arm — Motor Overload During Lift,reduce_lift_speed(),0.5,False
R_H03_C10_F02,diagnosed_LIFT_OBJECT_unanticipated__RQ2_R_H03_C10_F02,7,Suction Arm Lift — Vacuum Loss,emergency_vacuum_pump(),0.3333333333333333,False
R_H03_C10_F03,diagnosed_LIFT_OBJECT_unanticipated__RQ2_R_H03_C10_F03,1,Lift Slip — Low Friction Surface,apply_vacuum_assist(),0.8652777777777777,True
R_H03_C10_F03,diagnosed_LIFT_OBJECT_unanticipated__RQ2_R_H03_C10_F03,2,Parallel Arm Lift — Contact Loss,reposition_and_regrip(),0.7298850574712644,False
R_H03_C10_F03,diagnosed_LIFT_OBJECT_unanticipated__RQ2_R_H03_C10_F03,3,Cobot Industrial — Incremental Heavy Part Transfer,heavy_lift(),0.6991807475678442,False
R_H03_C10_F03,diagnosed_LIFT_OBJECT_unanticipated__RQ2_R_H03_C10_F03,4,Cobot Lift Failure — Grip Pressure,increase_grip_pressure(),0.6149425287356322,False
R_H03_C10_F03,diagnosed_LIFT_OBJECT_unanticipated__RQ2_R_H03_C10_F03,5,Lightweight Arm Lift — Height Verification Only,extend_lift_phase(),0.5645836539624924,False
R_H03_C10_F03,diagnosed_LIFT_OBJECT_unanticipated__RQ2_R_H03_C10_F03,6,Heavy Duty Arm — Motor Overload During Lift,reduce_lift_speed(),0.5,False
R_H03_C10_F03,diagnosed_LIFT_OBJECT_unanticipated__RQ2_R_H03_C10_F03,7,Suction Arm Lift — Vacuum Loss,emergency_vacuum_pump(),0.3333333333333333,False
R_H03_C10_F04,diagnosed_LIFT_OBJECT_unanticipated__RQ2_R_H03_C10_F04,1,Lift Slip — Low Friction Surface,apply_vacuum_assist(),0.8694444444444445,True
R_H03_C10_F04,diagnosed_LIFT_OBJECT_unanticipated__RQ2_R_H03_C10_F04,2,Parallel Arm Lift — Contact Loss,reposition_and_regrip(),0.7298850574712644,False
R_H03_C10_F04,diagnosed_LIFT_OBJECT_unanticipated__RQ2_R_H03_C10_F04,3,Cobot Industrial — Incremental Heavy Part Transfer,heavy_lift(),0.6991807475678442,False
R_H03_C10_F04,diagnosed_LIFT_OBJECT_unanticipated__RQ2_R_H03_C10_F04,4,Cobot Lift Failure — Grip Pressure,increase_grip_pressure(),0.6149425287356322,False
R_H03_C10_F04,diagnosed_LIFT_OBJECT_unanticipated__RQ2_R_H03_C10_F04,5,Lightweight Arm Lift — Height Verification Only,extend_lift_phase(),0.5645836539624924,False
R_H03_C10_F04,diagnosed_LIFT_OBJECT_unanticipated__RQ2_R_H03_C10_F04,6,Heavy Duty Arm — Motor Overload During Lift,reduce_lift_speed(),0.5,False
R_H03_C10_F04,diagnosed_LIFT_OBJECT_unanticipated__RQ2_R_H03_C10_F04,7,Suction Arm Lift — Vacuum Loss,emergency_vacuum_pump(),0.3333333333333333,False
R_H03_C10_F05,diagnosed_LIFT_OBJECT_unanticipated__RQ2_R_H03_C10_F05,1,Lift Slip — Low Friction Surface,apply_vacuum_assist(),0.8888888888888888,True
R_H03_C10_F05,diagnosed_LIFT_OBJECT_unanticipated__RQ2_R_H03_C10_F05,2,Parallel Arm Lift — Contact Loss,reposition_and_regrip(),0.7298850574712644,False
R_H03_C10_F05,diagnosed_LIFT_OBJECT_unanticipated__RQ2_R_H03_C10_F05,3,Cobot Industrial — Incremental Heavy Part Transfer,heavy_lift(),0.6991807475678442,False
R_H03_C10_F05,diagnosed_LIFT_OBJECT_unanticipated__RQ2_R_H03_C10_F05,4,Cobot Lift Failure — Grip Pressure,increase_grip_pressure(),0.6149425287356322,False
R_H03_C10_F05,diagnosed_LIFT_OBJECT_unanticipated__RQ2_R_H03_C10_F05,5,Lightweight Arm Lift — Height Verification Only,extend_lift_phase(),0.5645836539624924,False
R_H03_C10_F05,diagnosed_LIFT_OBJECT_unanticipated__RQ2_R_H03_C10_F05,6,Heavy Duty Arm — Motor Overload During Lift,reduce_lift_speed(),0.5,False
R_H03_C10_F05,diagnosed_LIFT_OBJECT_unanticipated__RQ2_R_H03_C10_F05,7,Suction Arm Lift — Vacuum Loss,emergency_vacuum_pump(),0.3333333333333333,False
R_H03_C10_F06,diagnosed_LIFT_OBJECT_unanticipated__RQ2_R_H03_C10_F06,1,Lift Slip — Low Friction Surface,apply_vacuum_assist(),0.8666666666666667,True
R_H03_C10_F06,diagnosed_LIFT_OBJECT_unanticipated__RQ2_R_H03_C10_F06,2,Parallel Arm Lift — Contact Loss,reposition_and_regrip(),0.7298850574712644,False
R_H03_C10_F06,diagnosed_LIFT_OBJECT_unanticipated__RQ2_R_H03_C10_F06,3,Cobot Industrial — Incremental Heavy Part Transfer,heavy_lift(),0.6991807475678442,False
R_H03_C10_F06,diagnosed_LIFT_OBJECT_unanticipated__RQ2_R_H03_C10_F06,4,Cobot Lift Failure — Grip Pressure,increase_grip_pressure(),0.6149425287356322,False
R_H03_C10_F06,diagnosed_LIFT_OBJECT_unanticipated__RQ2_R_H03_C10_F06,5,Lightweight Arm Lift — Height Verification Only,extend_lift_phase(),0.5645836539624924,False
R_H03_C10_F06,diagnosed_LIFT_OBJECT_unanticipated__RQ2_R_H03_C10_F06,6,Heavy Duty Arm — Motor Overload During Lift,reduce_lift_speed(),0.5,False
R_H03_C10_F06,diagnosed_LIFT_OBJECT_unanticipated__RQ2_R_H03_C10_F06,7,Suction Arm Lift — Vacuum Loss,emergency_vacuum_pump(),0.3333333333333333,False
R_H03_C10_F07,diagnosed_LIFT_OBJECT_unanticipated__RQ2_R_H03_C10_F07,1,Lift Slip — Low Friction Surface,apply_vacuum_assist(),0.8222222222222223,True
R_H03_C10_F07,diagnosed_LIFT_OBJECT_unanticipated__RQ2_R_H03_C10_F07,2,Parallel Arm Lift — Contact Loss,reposition_and_regrip(),0.7298850574712644,False
R_H03_C10_F07,diagnosed_LIFT_OBJECT_unanticipated__RQ2_R_H03_C10_F07,3,Cobot Industrial — Incremental Heavy Part Transfer,heavy_lift(),0.6991807475678442,False
R_H03_C10_F07,diagnosed_LIFT_OBJECT_unanticipated__RQ2_R_H03_C10_F07,4,Cobot Lift Failure — Grip Pressure,increase_grip_pressure(),0.6149425287356322,False
R_H03_C10_F07,diagnosed_LIFT_OBJECT_unanticipated__RQ2_R_H03_C10_F07,5,Lightweight Arm Lift — Height Verification Only,extend_lift_phase(),0.5645836539624924,False
R_H03_C10_F07,diagnosed_LIFT_OBJECT_unanticipated__RQ2_R_H03_C10_F07,6,Heavy Duty Arm — Motor Overload During Lift,reduce_lift_speed(),0.5,False
R_H03_C10_F07,diagnosed_LIFT_OBJECT_unanticipated__RQ2_R_H03_C10_F07,7,Suction Arm Lift — Vacuum Loss,emergency_vacuum_pump(),0.3333333333333333,False
R_H03_C10_F08,diagnosed_LIFT_OBJECT_unanticipated__RQ2_R_H03_C10_F08,1,Lift Slip — Low Friction Surface,apply_vacuum_assist(),0.7825000000000001,True
R_H03_C10_F08,diagnosed_LIFT_OBJECT_unanticipated__RQ2_R_H03_C10_F08,2,Parallel Arm Lift — Contact Loss,reposition_and_regrip(),0.7298850574712644,False
R_H03_C10_F08,diagnosed_LIFT_OBJECT_unanticipated__RQ2_R_H03_C10_F08,3,Cobot Industrial — Incremental Heavy Part Transfer,heavy_lift(),0.6991807475678442,False
R_H03_C10_F08,diagnosed_LIFT_OBJECT_unanticipated__RQ2_R_H03_C10_F08,4,Cobot Lift Failure — Grip Pressure,increase_grip_pressure(),0.6149425287356322,False
R_H03_C10_F08,diagnosed_LIFT_OBJECT_unanticipated__RQ2_R_H03_C10_F08,5,Lightweight Arm Lift — Height Verification Only,extend_lift_phase(),0.5645836539624924,False
R_H03_C10_F08,diagnosed_LIFT_OBJECT_unanticipated__RQ2_R_H03_C10_F08,6,Heavy Duty Arm — Motor Overload During Lift,reduce_lift_speed(),0.5,False
R_H03_C10_F08,diagnosed_LIFT_OBJECT_unanticipated__RQ2_R_H03_C10_F08,7,Suction Arm Lift — Vacuum Loss,emergency_vacuum_pump(),0.3333333333333333,False
R_H03_C10_F09,diagnosed_LIFT_OBJECT_unanticipated__RQ2_R_H03_C10_F09,1,Lift Slip — Low Friction Surface,apply_vacuum_assist(),0.7777777777777777,True
R_H03_C10_F09,diagnosed_LIFT_OBJECT_unanticipated__RQ2_R_H03_C10_F09,2,Parallel Arm Lift — Contact Loss,reposition_and_regrip(),0.7298850574712644,False
R_H03_C10_F09,diagnosed_LIFT_OBJECT_unanticipated__RQ2_R_H03_C10_F09,3,Cobot Industrial — Incremental Heavy Part Transfer,heavy_lift(),0.6991807475678442,False
R_H03_C10_F09,diagnosed_LIFT_OBJECT_unanticipated__RQ2_R_H03_C10_F09,4,Cobot Lift Failure — Grip Pressure,increase_grip_pressure(),0.6149425287356322,False
R_H03_C10_F09,diagnosed_LIFT_OBJECT_unanticipated__RQ2_R_H03_C10_F09,5,Lightweight Arm Lift — Height Verification Only,extend_lift_phase(),0.5645836539624924,False
R_H03_C10_F09,diagnosed_LIFT_OBJECT_unanticipated__RQ2_R_H03_C10_F09,6,Heavy Duty Arm — Motor Overload During Lift,reduce_lift_speed(),0.5,False
R_H03_C10_F09,diagnosed_LIFT_OBJECT_unanticipated__RQ2_R_H03_C10_F09,7,Suction Arm Lift — Vacuum Loss,emergency_vacuum_pump(),0.3333333333333333,False
R_H03_C10_F10,diagnosed_LIFT_OBJECT_unanticipated__RQ2_R_H03_C10_F10,1,Lift Slip — Low Friction Surface,apply_vacuum_assist(),0.7777777777777777,True
R_H03_C10_F10,diagnosed_LIFT_OBJECT_unanticipated__RQ2_R_H03_C10_F10,2,Parallel Arm Lift — Contact Loss,reposition_and_regrip(),0.7298850574712644,False
R_H03_C10_F10,diagnosed_LIFT_OBJECT_unanticipated__RQ2_R_H03_C10_F10,3,Cobot Industrial — Incremental Heavy Part Transfer,heavy_lift(),0.6991807475678442,False
R_H03_C10_F10,diagnosed_LIFT_OBJECT_unanticipated__RQ2_R_H03_C10_F10,4,Cobot Lift Failure — Grip Pressure,increase_grip_pressure(),0.6149425287356322,False
R_H03_C10_F10,diagnosed_LIFT_OBJECT_unanticipated__RQ2_R_H03_C10_F10,5,Lightweight Arm Lift — Height Verification Only,extend_lift_phase(),0.5645836539624924,False
R_H03_C10_F10,diagnosed_LIFT_OBJECT_unanticipated__RQ2_R_H03_C10_F10,6,Heavy Duty Arm — Motor Overload During Lift,reduce_lift_speed(),0.5,False
R_H03_C10_F10,diagnosed_LIFT_OBJECT_unanticipated__RQ2_R_H03_C10_F10,7,Suction Arm Lift — Vacuum Loss,emergency_vacuum_pump(),0.3333333333333333,False
R_H04_C01_F01,diagnosed_LIFT_OBJECT_unanticipated__RQ2_R_H04_C01_F01,1,Lift Slip — Low Friction Surface,apply_vacuum_assist(),0.7944444444444444,True
R_H04_C01_F01,diagnosed_LIFT_OBJECT_unanticipated__RQ2_R_H04_C01_F01,2,Parallel Arm Lift — Contact Loss,reposition_and_regrip(),0.7132183908045976,False
R_H04_C01_F01,diagnosed_LIFT_OBJECT_unanticipated__RQ2_R_H04_C01_F01,3,Cobot Industrial — Incremental Heavy Part Transfer,heavy_lift(),0.6825140809011776,False
R_H04_C01_F01,diagnosed_LIFT_OBJECT_unanticipated__RQ2_R_H04_C01_F01,4,Cobot Lift Failure — Grip Pressure,increase_grip_pressure(),0.5816091954022989,False
R_H04_C01_F01,diagnosed_LIFT_OBJECT_unanticipated__RQ2_R_H04_C01_F01,5,Lightweight Arm Lift — Height Verification Only,extend_lift_phase(),0.5479169872958257,False
R_H04_C01_F01,diagnosed_LIFT_OBJECT_unanticipated__RQ2_R_H04_C01_F01,6,Heavy Duty Arm — Motor Overload During Lift,reduce_lift_speed(),0.5,False
R_H04_C01_F01,diagnosed_LIFT_OBJECT_unanticipated__RQ2_R_H04_C01_F01,7,Suction Arm Lift — Vacuum Loss,emergency_vacuum_pump(),0.3333333333333333,False
R_H04_C01_F02,diagnosed_LIFT_OBJECT_unanticipated__RQ2_R_H04_C01_F02,1,Lift Slip — Low Friction Surface,apply_vacuum_assist(),0.85,True
R_H04_C01_F02,diagnosed_LIFT_OBJECT_unanticipated__RQ2_R_H04_C01_F02,2,Parallel Arm Lift — Contact Loss,reposition_and_regrip(),0.7132183908045976,False
R_H04_C01_F02,diagnosed_LIFT_OBJECT_unanticipated__RQ2_R_H04_C01_F02,3,Cobot Industrial — Incremental Heavy Part Transfer,heavy_lift(),0.6825140809011776,False
R_H04_C01_F02,diagnosed_LIFT_OBJECT_unanticipated__RQ2_R_H04_C01_F02,4,Cobot Lift Failure — Grip Pressure,increase_grip_pressure(),0.5816091954022989,False
R_H04_C01_F02,diagnosed_LIFT_OBJECT_unanticipated__RQ2_R_H04_C01_F02,5,Lightweight Arm Lift — Height Verification Only,extend_lift_phase(),0.5479169872958257,False
R_H04_C01_F02,diagnosed_LIFT_OBJECT_unanticipated__RQ2_R_H04_C01_F02,6,Heavy Duty Arm — Motor Overload During Lift,reduce_lift_speed(),0.5,False
R_H04_C01_F02,diagnosed_LIFT_OBJECT_unanticipated__RQ2_R_H04_C01_F02,7,Suction Arm Lift — Vacuum Loss,emergency_vacuum_pump(),0.3333333333333333,False
R_H04_C01_F03,diagnosed_LIFT_OBJECT_unanticipated__RQ2_R_H04_C01_F03,1,Lift Slip — Low Friction Surface,apply_vacuum_assist(),0.8541666666666666,True
R_H04_C01_F03,diagnosed_LIFT_OBJECT_unanticipated__RQ2_R_H04_C01_F03,2,Parallel Arm Lift — Contact Loss,reposition_and_regrip(),0.7132183908045976,False
R_H04_C01_F03,diagnosed_LIFT_OBJECT_unanticipated__RQ2_R_H04_C01_F03,3,Cobot Industrial — Incremental Heavy Part Transfer,heavy_lift(),0.6825140809011776,False
R_H04_C01_F03,diagnosed_LIFT_OBJECT_unanticipated__RQ2_R_H04_C01_F03,4,Cobot Lift Failure — Grip Pressure,increase_grip_pressure(),0.5816091954022989,False
R_H04_C01_F03,diagnosed_LIFT_OBJECT_unanticipated__RQ2_R_H04_C01_F03,5,Lightweight Arm Lift — Height Verification Only,extend_lift_phase(),0.5479169872958257,False
R_H04_C01_F03,diagnosed_LIFT_OBJECT_unanticipated__RQ2_R_H04_C01_F03,6,Heavy Duty Arm — Motor Overload During Lift,reduce_lift_speed(),0.5,False
R_H04_C01_F03,diagnosed_LIFT_OBJECT_unanticipated__RQ2_R_H04_C01_F03,7,Suction Arm Lift — Vacuum Loss,emergency_vacuum_pump(),0.3333333333333333,False
R_H04_C01_F04,diagnosed_LIFT_OBJECT_unanticipated__RQ2_R_H04_C01_F04,1,Lift Slip — Low Friction Surface,apply_vacuum_assist(),0.8583333333333334,True
R_H04_C01_F04,diagnosed_LIFT_OBJECT_unanticipated__RQ2_R_H04_C01_F04,2,Parallel Arm Lift — Contact Loss,reposition_and_regrip(),0.7132183908045976,False
R_H04_C01_F04,diagnosed_LIFT_OBJECT_unanticipated__RQ2_R_H04_C01_F04,3,Cobot Industrial — Incremental Heavy Part Transfer,heavy_lift(),0.6825140809011776,False
R_H04_C01_F04,diagnosed_LIFT_OBJECT_unanticipated__RQ2_R_H04_C01_F04,4,Cobot Lift Failure — Grip Pressure,increase_grip_pressure(),0.5816091954022989,False
R_H04_C01_F04,diagnosed_LIFT_OBJECT_unanticipated__RQ2_R_H04_C01_F04,5,Lightweight Arm Lift — Height Verification Only,extend_lift_phase(),0.5479169872958257,False
R_H04_C01_F04,diagnosed_LIFT_OBJECT_unanticipated__RQ2_R_H04_C01_F04,6,Heavy Duty Arm — Motor Overload During Lift,reduce_lift_speed(),0.5,False
R_H04_C01_F04,diagnosed_LIFT_OBJECT_unanticipated__RQ2_R_H04_C01_F04,7,Suction Arm Lift — Vacuum Loss,emergency_vacuum_pump(),0.3333333333333333,False
R_H04_C01_F05,diagnosed_LIFT_OBJECT_unanticipated__RQ2_R_H04_C01_F05,1,Lift Slip — Low Friction Surface,apply_vacuum_assist(),0.8777777777777778,True
R_H04_C01_F05,diagnosed_LIFT_OBJECT_unanticipated__RQ2_R_H04_C01_F05,2,Parallel Arm Lift — Contact Loss,reposition_and_regrip(),0.7132183908045976,False
R_H04_C01_F05,diagnosed_LIFT_OBJECT_unanticipated__RQ2_R_H04_C01_F05,3,Cobot Industrial — Incremental Heavy Part Transfer,heavy_lift(),0.6825140809011776,False
R_H04_C01_F05,diagnosed_LIFT_OBJECT_unanticipated__RQ2_R_H04_C01_F05,4,Cobot Lift Failure — Grip Pressure,increase_grip_pressure(),0.5816091954022989,False
R_H04_C01_F05,diagnosed_LIFT_OBJECT_unanticipated__RQ2_R_H04_C01_F05,5,Lightweight Arm Lift — Height Verification Only,extend_lift_phase(),0.5479169872958257,False
R_H04_C01_F05,diagnosed_LIFT_OBJECT_unanticipated__RQ2_R_H04_C01_F05,6,Heavy Duty Arm — Motor Overload During Lift,reduce_lift_speed(),0.5,False
R_H04_C01_F05,diagnosed_LIFT_OBJECT_unanticipated__RQ2_R_H04_C01_F05,7,Suction Arm Lift — Vacuum Loss,emergency_vacuum_pump(),0.3333333333333333,False
R_H04_C01_F06,diagnosed_LIFT_OBJECT_unanticipated__RQ2_R_H04_C01_F06,1,Lift Slip — Low Friction Surface,apply_vacuum_assist(),0.8555555555555556,True
R_H04_C01_F06,diagnosed_LIFT_OBJECT_unanticipated__RQ2_R_H04_C01_F06,2,Parallel Arm Lift — Contact Loss,reposition_and_regrip(),0.7132183908045976,False
R_H04_C01_F06,diagnosed_LIFT_OBJECT_unanticipated__RQ2_R_H04_C01_F06,3,Cobot Industrial — Incremental Heavy Part Transfer,heavy_lift(),0.6825140809011776,False
R_H04_C01_F06,diagnosed_LIFT_OBJECT_unanticipated__RQ2_R_H04_C01_F06,4,Cobot Lift Failure — Grip Pressure,increase_grip_pressure(),0.5816091954022989,False
R_H04_C01_F06,diagnosed_LIFT_OBJECT_unanticipated__RQ2_R_H04_C01_F06,5,Lightweight Arm Lift — Height Verification Only,extend_lift_phase(),0.5479169872958257,False
R_H04_C01_F06,diagnosed_LIFT_OBJECT_unanticipated__RQ2_R_H04_C01_F06,6,Heavy Duty Arm — Motor Overload During Lift,reduce_lift_speed(),0.5,False
R_H04_C01_F06,diagnosed_LIFT_OBJECT_unanticipated__RQ2_R_H04_C01_F06,7,Suction Arm Lift — Vacuum Loss,emergency_vacuum_pump(),0.3333333333333333,False
R_H04_C01_F07,diagnosed_LIFT_OBJECT_unanticipated__RQ2_R_H04_C01_F07,1,Lift Slip — Low Friction Surface,apply_vacuum_assist(),0.8111111111111112,True
R_H04_C01_F07,diagnosed_LIFT_OBJECT_unanticipated__RQ2_R_H04_C01_F07,2,Parallel Arm Lift — Contact Loss,reposition_and_regrip(),0.7132183908045976,False
R_H04_C01_F07,diagnosed_LIFT_OBJECT_unanticipated__RQ2_R_H04_C01_F07,3,Cobot Industrial — Incremental Heavy Part Transfer,heavy_lift(),0.6825140809011776,False
R_H04_C01_F07,diagnosed_LIFT_OBJECT_unanticipated__RQ2_R_H04_C01_F07,4,Cobot Lift Failure — Grip Pressure,increase_grip_pressure(),0.5816091954022989,False
R_H04_C01_F07,diagnosed_LIFT_OBJECT_unanticipated__RQ2_R_H04_C01_F07,5,Lightweight Arm Lift — Height Verification Only,extend_lift_phase(),0.5479169872958257,False
R_H04_C01_F07,diagnosed_LIFT_OBJECT_unanticipated__RQ2_R_H04_C01_F07,6,Heavy Duty Arm — Motor Overload During Lift,reduce_lift_speed(),0.5,False
R_H04_C01_F07,diagnosed_LIFT_OBJECT_unanticipated__RQ2_R_H04_C01_F07,7,Suction Arm Lift — Vacuum Loss,emergency_vacuum_pump(),0.3333333333333333,False
R_H04_C01_F08,diagnosed_LIFT_OBJECT_unanticipated__RQ2_R_H04_C01_F08,1,Lift Slip — Low Friction Surface,apply_vacuum_assist(),0.771388888888889,True
R_H04_C01_F08,diagnosed_LIFT_OBJECT_unanticipated__RQ2_R_H04_C01_F08,2,Parallel Arm Lift — Contact Loss,reposition_and_regrip(),0.7132183908045976,False
R_H04_C01_F08,diagnosed_LIFT_OBJECT_unanticipated__RQ2_R_H04_C01_F08,3,Cobot Industrial — Incremental Heavy Part Transfer,heavy_lift(),0.6825140809011776,False
R_H04_C01_F08,diagnosed_LIFT_OBJECT_unanticipated__RQ2_R_H04_C01_F08,4,Cobot Lift Failure — Grip Pressure,increase_grip_pressure(),0.5816091954022989,False
R_H04_C01_F08,diagnosed_LIFT_OBJECT_unanticipated__RQ2_R_H04_C01_F08,5,Lightweight Arm Lift — Height Verification Only,extend_lift_phase(),0.5479169872958257,False
R_H04_C01_F08,diagnosed_LIFT_OBJECT_unanticipated__RQ2_R_H04_C01_F08,6,Heavy Duty Arm — Motor Overload During Lift,reduce_lift_speed(),0.5,False
R_H04_C01_F08,diagnosed_LIFT_OBJECT_unanticipated__RQ2_R_H04_C01_F08,7,Suction Arm Lift — Vacuum Loss,emergency_vacuum_pump(),0.3333333333333333,False
R_H04_C01_F09,diagnosed_LIFT_OBJECT_unanticipated__RQ2_R_H04_C01_F09,1,Lift Slip — Low Friction Surface,apply_vacuum_assist(),0.7666666666666666,True
R_H04_C01_F09,diagnosed_LIFT_OBJECT_unanticipated__RQ2_R_H04_C01_F09,2,Parallel Arm Lift — Contact Loss,reposition_and_regrip(),0.7132183908045976,False
R_H04_C01_F09,diagnosed_LIFT_OBJECT_unanticipated__RQ2_R_H04_C01_F09,3,Cobot Industrial — Incremental Heavy Part Transfer,heavy_lift(),0.6825140809011776,False
R_H04_C01_F09,diagnosed_LIFT_OBJECT_unanticipated__RQ2_R_H04_C01_F09,4,Cobot Lift Failure — Grip Pressure,increase_grip_pressure(),0.5816091954022989,False
R_H04_C01_F09,diagnosed_LIFT_OBJECT_unanticipated__RQ2_R_H04_C01_F09,5,Lightweight Arm Lift — Height Verification Only,extend_lift_phase(),0.5479169872958257,False
R_H04_C01_F09,diagnosed_LIFT_OBJECT_unanticipated__RQ2_R_H04_C01_F09,6,Heavy Duty Arm — Motor Overload During Lift,reduce_lift_speed(),0.5,False
R_H04_C01_F09,diagnosed_LIFT_OBJECT_unanticipated__RQ2_R_H04_C01_F09,7,Suction Arm Lift — Vacuum Loss,emergency_vacuum_pump(),0.3333333333333333,False
R_H04_C01_F10,diagnosed_LIFT_OBJECT_unanticipated__RQ2_R_H04_C01_F10,1,Lift Slip — Low Friction Surface,apply_vacuum_assist(),0.7666666666666666,True
R_H04_C01_F10,diagnosed_LIFT_OBJECT_unanticipated__RQ2_R_H04_C01_F10,2,Parallel Arm Lift — Contact Loss,reposition_and_regrip(),0.7132183908045976,False
R_H04_C01_F10,diagnosed_LIFT_OBJECT_unanticipated__RQ2_R_H04_C01_F10,3,Cobot Industrial — Incremental Heavy Part Transfer,heavy_lift(),0.6825140809011776,False
R_H04_C01_F10,diagnosed_LIFT_OBJECT_unanticipated__RQ2_R_H04_C01_F10,4,Cobot Lift Failure — Grip Pressure,increase_grip_pressure(),0.5816091954022989,False
R_H04_C01_F10,diagnosed_LIFT_OBJECT_unanticipated__RQ2_R_H04_C01_F10,5,Lightweight Arm Lift — Height Verification Only,extend_lift_phase(),0.5479169872958257,False
R_H04_C01_F10,diagnosed_LIFT_OBJECT_unanticipated__RQ2_R_H04_C01_F10,6,Heavy Duty Arm — Motor Overload During Lift,reduce_lift_speed(),0.5,False
R_H04_C01_F10,diagnosed_LIFT_OBJECT_unanticipated__RQ2_R_H04_C01_F10,7,Suction Arm Lift — Vacuum Loss,emergency_vacuum_pump(),0.3333333333333333,False
R_H04_C02_F01,diagnosed_LIFT_OBJECT_unanticipated__RQ2_R_H04_C02_F01,1,Lift Slip — Low Friction Surface,apply_vacuum_assist(),0.9055555555555556,True
R_H04_C02_F01,diagnosed_LIFT_OBJECT_unanticipated__RQ2_R_H04_C02_F01,2,Parallel Arm Lift — Contact Loss,reposition_and_regrip(),0.8798850574712643,False
R_H04_C02_F01,diagnosed_LIFT_OBJECT_unanticipated__RQ2_R_H04_C02_F01,3,Cobot Industrial — Incremental Heavy Part Transfer,heavy_lift(),0.8491807475678442,False
R_H04_C02_F01,diagnosed_LIFT_OBJECT_unanticipated__RQ2_R_H04_C02_F01,4,Lightweight Arm Lift — Height Verification Only,extend_lift_phase(),0.7145836539624923,False
R_H04_C02_F01,diagnosed_LIFT_OBJECT_unanticipated__RQ2_R_H04_C02_F01,5,Cobot Lift Failure — Grip Pressure,increase_grip_pressure(),0.5816091954022989,False
R_H04_C02_F01,diagnosed_LIFT_OBJECT_unanticipated__RQ2_R_H04_C02_F01,6,Heavy Duty Arm — Motor Overload During Lift,reduce_lift_speed(),0.5,False
R_H04_C02_F01,diagnosed_LIFT_OBJECT_unanticipated__RQ2_R_H04_C02_F01,7,Suction Arm Lift — Vacuum Loss,emergency_vacuum_pump(),0.3333333333333333,False
R_H04_C02_F02,diagnosed_LIFT_OBJECT_unanticipated__RQ2_R_H04_C02_F02,1,Lift Slip — Low Friction Surface,apply_vacuum_assist(),0.9611111111111111,True
R_H04_C02_F02,diagnosed_LIFT_OBJECT_unanticipated__RQ2_R_H04_C02_F02,2,Parallel Arm Lift — Contact Loss,reposition_and_regrip(),0.8798850574712643,False
R_H04_C02_F02,diagnosed_LIFT_OBJECT_unanticipated__RQ2_R_H04_C02_F02,3,Cobot Industrial — Incremental Heavy Part Transfer,heavy_lift(),0.8491807475678442,False
R_H04_C02_F02,diagnosed_LIFT_OBJECT_unanticipated__RQ2_R_H04_C02_F02,4,Lightweight Arm Lift — Height Verification Only,extend_lift_phase(),0.7145836539624923,False
R_H04_C02_F02,diagnosed_LIFT_OBJECT_unanticipated__RQ2_R_H04_C02_F02,5,Cobot Lift Failure — Grip Pressure,increase_grip_pressure(),0.5816091954022989,False
R_H04_C02_F02,diagnosed_LIFT_OBJECT_unanticipated__RQ2_R_H04_C02_F02,6,Heavy Duty Arm — Motor Overload During Lift,reduce_lift_speed(),0.5,False
R_H04_C02_F02,diagnosed_LIFT_OBJECT_unanticipated__RQ2_R_H04_C02_F02,7,Suction Arm Lift — Vacuum Loss,emergency_vacuum_pump(),0.3333333333333333,False
R_H04_C02_F03,diagnosed_LIFT_OBJECT_unanticipated__RQ2_R_H04_C02_F03,1,Lift Slip — Low Friction Surface,apply_vacuum_assist(),0.9652777777777778,True
R_H04_C02_F03,diagnosed_LIFT_OBJECT_unanticipated__RQ2_R_H04_C02_F03,2,Parallel Arm Lift — Contact Loss,reposition_and_regrip(),0.8798850574712643,False
R_H04_C02_F03,diagnosed_LIFT_OBJECT_unanticipated__RQ2_R_H04_C02_F03,3,Cobot Industrial — Incremental Heavy Part Transfer,heavy_lift(),0.8491807475678442,False
R_H04_C02_F03,diagnosed_LIFT_OBJECT_unanticipated__RQ2_R_H04_C02_F03,4,Lightweight Arm Lift — Height Verification Only,extend_lift_phase(),0.7145836539624923,False
R_H04_C02_F03,diagnosed_LIFT_OBJECT_unanticipated__RQ2_R_H04_C02_F03,5,Cobot Lift Failure — Grip Pressure,increase_grip_pressure(),0.5816091954022989,False
R_H04_C02_F03,diagnosed_LIFT_OBJECT_unanticipated__RQ2_R_H04_C02_F03,6,Heavy Duty Arm — Motor Overload During Lift,reduce_lift_speed(),0.5,False
R_H04_C02_F03,diagnosed_LIFT_OBJECT_unanticipated__RQ2_R_H04_C02_F03,7,Suction Arm Lift — Vacuum Loss,emergency_vacuum_pump(),0.3333333333333333,False
R_H04_C02_F04,diagnosed_LIFT_OBJECT_unanticipated__RQ2_R_H04_C02_F04,1,Lift Slip — Low Friction Surface,apply_vacuum_assist(),0.9694444444444444,True
R_H04_C02_F04,diagnosed_LIFT_OBJECT_unanticipated__RQ2_R_H04_C02_F04,2,Parallel Arm Lift — Contact Loss,reposition_and_regrip(),0.8798850574712643,False
R_H04_C02_F04,diagnosed_LIFT_OBJECT_unanticipated__RQ2_R_H04_C02_F04,3,Cobot Industrial — Incremental Heavy Part Transfer,heavy_lift(),0.8491807475678442,False
R_H04_C02_F04,diagnosed_LIFT_OBJECT_unanticipated__RQ2_R_H04_C02_F04,4,Lightweight Arm Lift — Height Verification Only,extend_lift_phase(),0.7145836539624923,False
R_H04_C02_F04,diagnosed_LIFT_OBJECT_unanticipated__RQ2_R_H04_C02_F04,5,Cobot Lift Failure — Grip Pressure,increase_grip_pressure(),0.5816091954022989,False
R_H04_C02_F04,diagnosed_LIFT_OBJECT_unanticipated__RQ2_R_H04_C02_F04,6,Heavy Duty Arm — Motor Overload During Lift,reduce_lift_speed(),0.5,False
R_H04_C02_F04,diagnosed_LIFT_OBJECT_unanticipated__RQ2_R_H04_C02_F04,7,Suction Arm Lift — Vacuum Loss,emergency_vacuum_pump(),0.3333333333333333,False
R_H04_C02_F05,diagnosed_LIFT_OBJECT_unanticipated__RQ2_R_H04_C02_F05,1,Lift Slip — Low Friction Surface,apply_vacuum_assist(),0.9888888888888889,True
R_H04_C02_F05,diagnosed_LIFT_OBJECT_unanticipated__RQ2_R_H04_C02_F05,2,Parallel Arm Lift — Contact Loss,reposition_and_regrip(),0.8798850574712643,False
R_H04_C02_F05,diagnosed_LIFT_OBJECT_unanticipated__RQ2_R_H04_C02_F05,3,Cobot Industrial — Incremental Heavy Part Transfer,heavy_lift(),0.8491807475678442,False
R_H04_C02_F05,diagnosed_LIFT_OBJECT_unanticipated__RQ2_R_H04_C02_F05,4,Lightweight Arm Lift — Height Verification Only,extend_lift_phase(),0.7145836539624923,False
R_H04_C02_F05,diagnosed_LIFT_OBJECT_unanticipated__RQ2_R_H04_C02_F05,5,Cobot Lift Failure — Grip Pressure,increase_grip_pressure(),0.5816091954022989,False
R_H04_C02_F05,diagnosed_LIFT_OBJECT_unanticipated__RQ2_R_H04_C02_F05,6,Heavy Duty Arm — Motor Overload During Lift,reduce_lift_speed(),0.5,False
R_H04_C02_F05,diagnosed_LIFT_OBJECT_unanticipated__RQ2_R_H04_C02_F05,7,Suction Arm Lift — Vacuum Loss,emergency_vacuum_pump(),0.3333333333333333,False
R_H04_C02_F06,diagnosed_LIFT_OBJECT_unanticipated__RQ2_R_H04_C02_F06,1,Lift Slip — Low Friction Surface,apply_vacuum_assist(),0.9666666666666667,True
R_H04_C02_F06,diagnosed_LIFT_OBJECT_unanticipated__RQ2_R_H04_C02_F06,2,Parallel Arm Lift — Contact Loss,reposition_and_regrip(),0.8798850574712643,False
R_H04_C02_F06,diagnosed_LIFT_OBJECT_unanticipated__RQ2_R_H04_C02_F06,3,Cobot Industrial — Incremental Heavy Part Transfer,heavy_lift(),0.8491807475678442,False
R_H04_C02_F06,diagnosed_LIFT_OBJECT_unanticipated__RQ2_R_H04_C02_F06,4,Lightweight Arm Lift — Height Verification Only,extend_lift_phase(),0.7145836539624923,False
R_H04_C02_F06,diagnosed_LIFT_OBJECT_unanticipated__RQ2_R_H04_C02_F06,5,Cobot Lift Failure — Grip Pressure,increase_grip_pressure(),0.5816091954022989,False
R_H04_C02_F06,diagnosed_LIFT_OBJECT_unanticipated__RQ2_R_H04_C02_F06,6,Heavy Duty Arm — Motor Overload During Lift,reduce_lift_speed(),0.5,False
R_H04_C02_F06,diagnosed_LIFT_OBJECT_unanticipated__RQ2_R_H04_C02_F06,7,Suction Arm Lift — Vacuum Loss,emergency_vacuum_pump(),0.3333333333333333,False
R_H04_C02_F07,diagnosed_LIFT_OBJECT_unanticipated__RQ2_R_H04_C02_F07,1,Lift Slip — Low Friction Surface,apply_vacuum_assist(),0.9222222222222222,True
R_H04_C02_F07,diagnosed_LIFT_OBJECT_unanticipated__RQ2_R_H04_C02_F07,2,Parallel Arm Lift — Contact Loss,reposition_and_regrip(),0.8798850574712643,False
R_H04_C02_F07,diagnosed_LIFT_OBJECT_unanticipated__RQ2_R_H04_C02_F07,3,Cobot Industrial — Incremental Heavy Part Transfer,heavy_lift(),0.8491807475678442,False
R_H04_C02_F07,diagnosed_LIFT_OBJECT_unanticipated__RQ2_R_H04_C02_F07,4,Lightweight Arm Lift — Height Verification Only,extend_lift_phase(),0.7145836539624923,False
R_H04_C02_F07,diagnosed_LIFT_OBJECT_unanticipated__RQ2_R_H04_C02_F07,5,Cobot Lift Failure — Grip Pressure,increase_grip_pressure(),0.5816091954022989,False
R_H04_C02_F07,diagnosed_LIFT_OBJECT_unanticipated__RQ2_R_H04_C02_F07,6,Heavy Duty Arm — Motor Overload During Lift,reduce_lift_speed(),0.5,False
R_H04_C02_F07,diagnosed_LIFT_OBJECT_unanticipated__RQ2_R_H04_C02_F07,7,Suction Arm Lift — Vacuum Loss,emergency_vacuum_pump(),0.3333333333333333,False
R_H04_C02_F08,diagnosed_LIFT_OBJECT_unanticipated__RQ2_R_H04_C02_F08,1,Lift Slip — Low Friction Surface,apply_vacuum_assist(),0.8825,True
R_H04_C02_F08,diagnosed_LIFT_OBJECT_unanticipated__RQ2_R_H04_C02_F08,2,Parallel Arm Lift — Contact Loss,reposition_and_regrip(),0.8798850574712643,False
R_H04_C02_F08,diagnosed_LIFT_OBJECT_unanticipated__RQ2_R_H04_C02_F08,3,Cobot Industrial — Incremental Heavy Part Transfer,heavy_lift(),0.8491807475678442,False
R_H04_C02_F08,diagnosed_LIFT_OBJECT_unanticipated__RQ2_R_H04_C02_F08,4,Lightweight Arm Lift — Height Verification Only,extend_lift_phase(),0.7145836539624923,False
R_H04_C02_F08,diagnosed_LIFT_OBJECT_unanticipated__RQ2_R_H04_C02_F08,5,Cobot Lift Failure — Grip Pressure,increase_grip_pressure(),0.5816091954022989,False
R_H04_C02_F08,diagnosed_LIFT_OBJECT_unanticipated__RQ2_R_H04_C02_F08,6,Heavy Duty Arm — Motor Overload During Lift,reduce_lift_speed(),0.5,False
R_H04_C02_F08,diagnosed_LIFT_OBJECT_unanticipated__RQ2_R_H04_C02_F08,7,Suction Arm Lift — Vacuum Loss,emergency_vacuum_pump(),0.3333333333333333,False
R_H04_C02_F09,diagnosed_LIFT_OBJECT_unanticipated__RQ2_R_H04_C02_F09,1,Parallel Arm Lift — Contact Loss,reposition_and_regrip(),0.8798850574712643,False
R_H04_C02_F09,diagnosed_LIFT_OBJECT_unanticipated__RQ2_R_H04_C02_F09,2,Lift Slip — Low Friction Surface,apply_vacuum_assist(),0.8777777777777778,True
R_H04_C02_F09,diagnosed_LIFT_OBJECT_unanticipated__RQ2_R_H04_C02_F09,3,Cobot Industrial — Incremental Heavy Part Transfer,heavy_lift(),0.8491807475678442,False
R_H04_C02_F09,diagnosed_LIFT_OBJECT_unanticipated__RQ2_R_H04_C02_F09,4,Lightweight Arm Lift — Height Verification Only,extend_lift_phase(),0.7145836539624923,False
R_H04_C02_F09,diagnosed_LIFT_OBJECT_unanticipated__RQ2_R_H04_C02_F09,5,Cobot Lift Failure — Grip Pressure,increase_grip_pressure(),0.5816091954022989,False
R_H04_C02_F09,diagnosed_LIFT_OBJECT_unanticipated__RQ2_R_H04_C02_F09,6,Heavy Duty Arm — Motor Overload During Lift,reduce_lift_speed(),0.5,False
R_H04_C02_F09,diagnosed_LIFT_OBJECT_unanticipated__RQ2_R_H04_C02_F09,7,Suction Arm Lift — Vacuum Loss,emergency_vacuum_pump(),0.3333333333333333,False
R_H04_C02_F10,diagnosed_LIFT_OBJECT_unanticipated__RQ2_R_H04_C02_F10,1,Parallel Arm Lift — Contact Loss,reposition_and_regrip(),0.8798850574712643,False
R_H04_C02_F10,diagnosed_LIFT_OBJECT_unanticipated__RQ2_R_H04_C02_F10,2,Lift Slip — Low Friction Surface,apply_vacuum_assist(),0.8777777777777778,True
R_H04_C02_F10,diagnosed_LIFT_OBJECT_unanticipated__RQ2_R_H04_C02_F10,3,Cobot Industrial — Incremental Heavy Part Transfer,heavy_lift(),0.8491807475678442,False
R_H04_C02_F10,diagnosed_LIFT_OBJECT_unanticipated__RQ2_R_H04_C02_F10,4,Lightweight Arm Lift — Height Verification Only,extend_lift_phase(),0.7145836539624923,False
R_H04_C02_F10,diagnosed_LIFT_OBJECT_unanticipated__RQ2_R_H04_C02_F10,5,Cobot Lift Failure — Grip Pressure,increase_grip_pressure(),0.5816091954022989,False
R_H04_C02_F10,diagnosed_LIFT_OBJECT_unanticipated__RQ2_R_H04_C02_F10,6,Heavy Duty Arm — Motor Overload During Lift,reduce_lift_speed(),0.5,False
R_H04_C02_F10,diagnosed_LIFT_OBJECT_unanticipated__RQ2_R_H04_C02_F10,7,Suction Arm Lift — Vacuum Loss,emergency_vacuum_pump(),0.3333333333333333,False
R_H04_C03_F01,diagnosed_LIFT_OBJECT_unanticipated__RQ2_R_H04_C03_F01,1,Lift Slip — Low Friction Surface,apply_vacuum_assist(),0.85,True
R_H04_C03_F01,diagnosed_LIFT_OBJECT_unanticipated__RQ2_R_H04_C03_F01,2,Parallel Arm Lift — Contact Loss,reposition_and_regrip(),0.796551724137931,False
R_H04_C03_F01,diagnosed_LIFT_OBJECT_unanticipated__RQ2_R_H04_C03_F01,3,Cobot Industrial — Incremental Heavy Part Transfer,heavy_lift(),0.765847414234511,False
R_H04_C03_F01,diagnosed_LIFT_OBJECT_unanticipated__RQ2_R_H04_C03_F01,4,Lightweight Arm Lift — Height Verification Only,extend_lift_phase(),0.6312503206291591,False
R_H04_C03_F01,diagnosed_LIFT_OBJECT_unanticipated__RQ2_R_H04_C03_F01,5,Cobot Lift Failure — Grip Pressure,increase_grip_pressure(),0.5816091954022989,False
R_H04_C03_F01,diagnosed_LIFT_OBJECT_unanticipated__RQ2_R_H04_C03_F01,6,Heavy Duty Arm — Motor Overload During Lift,reduce_lift_speed(),0.5,False
R_H04_C03_F01,diagnosed_LIFT_OBJECT_unanticipated__RQ2_R_H04_C03_F01,7,Suction Arm Lift — Vacuum Loss,emergency_vacuum_pump(),0.3333333333333333,False
R_H04_C03_F02,diagnosed_LIFT_OBJECT_unanticipated__RQ2_R_H04_C03_F02,1,Lift Slip — Low Friction Surface,apply_vacuum_assist(),0.9055555555555556,True
R_H04_C03_F02,diagnosed_LIFT_OBJECT_unanticipated__RQ2_R_H04_C03_F02,2,Parallel Arm Lift — Contact Loss,reposition_and_regrip(),0.796551724137931,False
R_H04_C03_F02,diagnosed_LIFT_OBJECT_unanticipated__RQ2_R_H04_C03_F02,3,Cobot Industrial — Incremental Heavy Part Transfer,heavy_lift(),0.765847414234511,False
R_H04_C03_F02,diagnosed_LIFT_OBJECT_unanticipated__RQ2_R_H04_C03_F02,4,Lightweight Arm Lift — Height Verification Only,extend_lift_phase(),0.6312503206291591,False
R_H04_C03_F02,diagnosed_LIFT_OBJECT_unanticipated__RQ2_R_H04_C03_F02,5,Cobot Lift Failure — Grip Pressure,increase_grip_pressure(),0.5816091954022989,False
R_H04_C03_F02,diagnosed_LIFT_OBJECT_unanticipated__RQ2_R_H04_C03_F02,6,Heavy Duty Arm — Motor Overload During Lift,reduce_lift_speed(),0.5,False
R_H04_C03_F02,diagnosed_LIFT_OBJECT_unanticipated__RQ2_R_H04_C03_F02,7,Suction Arm Lift — Vacuum Loss,emergency_vacuum_pump(),0.3333333333333333,False
R_H04_C03_F03,diagnosed_LIFT_OBJECT_unanticipated__RQ2_R_H04_C03_F03,1,Lift Slip — Low Friction Surface,apply_vacuum_assist(),0.9097222222222222,True
R_H04_C03_F03,diagnosed_LIFT_OBJECT_unanticipated__RQ2_R_H04_C03_F03,2,Parallel Arm Lift — Contact Loss,reposition_and_regrip(),0.796551724137931,False
R_H04_C03_F03,diagnosed_LIFT_OBJECT_unanticipated__RQ2_R_H04_C03_F03,3,Cobot Industrial — Incremental Heavy Part Transfer,heavy_lift(),0.765847414234511,False
R_H04_C03_F03,diagnosed_LIFT_OBJECT_unanticipated__RQ2_R_H04_C03_F03,4,Lightweight Arm Lift — Height Verification Only,extend_lift_phase(),0.6312503206291591,False
R_H04_C03_F03,diagnosed_LIFT_OBJECT_unanticipated__RQ2_R_H04_C03_F03,5,Cobot Lift Failure — Grip Pressure,increase_grip_pressure(),0.5816091954022989,False
R_H04_C03_F03,diagnosed_LIFT_OBJECT_unanticipated__RQ2_R_H04_C03_F03,6,Heavy Duty Arm — Motor Overload During Lift,reduce_lift_speed(),0.5,False
R_H04_C03_F03,diagnosed_LIFT_OBJECT_unanticipated__RQ2_R_H04_C03_F03,7,Suction Arm Lift — Vacuum Loss,emergency_vacuum_pump(),0.3333333333333333,False
R_H04_C03_F04,diagnosed_LIFT_OBJECT_unanticipated__RQ2_R_H04_C03_F04,1,Lift Slip — Low Friction Surface,apply_vacuum_assist(),0.9138888888888889,True
R_H04_C03_F04,diagnosed_LIFT_OBJECT_unanticipated__RQ2_R_H04_C03_F04,2,Parallel Arm Lift — Contact Loss,reposition_and_regrip(),0.796551724137931,False
R_H04_C03_F04,diagnosed_LIFT_OBJECT_unanticipated__RQ2_R_H04_C03_F04,3,Cobot Industrial — Incremental Heavy Part Transfer,heavy_lift(),0.765847414234511,False
R_H04_C03_F04,diagnosed_LIFT_OBJECT_unanticipated__RQ2_R_H04_C03_F04,4,Lightweight Arm Lift — Height Verification Only,extend_lift_phase(),0.6312503206291591,False
R_H04_C03_F04,diagnosed_LIFT_OBJECT_unanticipated__RQ2_R_H04_C03_F04,5,Cobot Lift Failure — Grip Pressure,increase_grip_pressure(),0.5816091954022989,False
R_H04_C03_F04,diagnosed_LIFT_OBJECT_unanticipated__RQ2_R_H04_C03_F04,6,Heavy Duty Arm — Motor Overload During Lift,reduce_lift_speed(),0.5,False
R_H04_C03_F04,diagnosed_LIFT_OBJECT_unanticipated__RQ2_R_H04_C03_F04,7,Suction Arm Lift — Vacuum Loss,emergency_vacuum_pump(),0.3333333333333333,False
R_H04_C03_F05,diagnosed_LIFT_OBJECT_unanticipated__RQ2_R_H04_C03_F05,1,Lift Slip — Low Friction Surface,apply_vacuum_assist(),0.9333333333333332,True
R_H04_C03_F05,diagnosed_LIFT_OBJECT_unanticipated__RQ2_R_H04_C03_F05,2,Parallel Arm Lift — Contact Loss,reposition_and_regrip(),0.796551724137931,False
R_H04_C03_F05,diagnosed_LIFT_OBJECT_unanticipated__RQ2_R_H04_C03_F05,3,Cobot Industrial — Incremental Heavy Part Transfer,heavy_lift(),0.765847414234511,False
R_H04_C03_F05,diagnosed_LIFT_OBJECT_unanticipated__RQ2_R_H04_C03_F05,4,Lightweight Arm Lift — Height Verification Only,extend_lift_phase(),0.6312503206291591,False
R_H04_C03_F05,diagnosed_LIFT_OBJECT_unanticipated__RQ2_R_H04_C03_F05,5,Cobot Lift Failure — Grip Pressure,increase_grip_pressure(),0.5816091954022989,False
R_H04_C03_F05,diagnosed_LIFT_OBJECT_unanticipated__RQ2_R_H04_C03_F05,6,Heavy Duty Arm — Motor Overload During Lift,reduce_lift_speed(),0.5,False
R_H04_C03_F05,diagnosed_LIFT_OBJECT_unanticipated__RQ2_R_H04_C03_F05,7,Suction Arm Lift — Vacuum Loss,emergency_vacuum_pump(),0.3333333333333333,False
R_H04_C03_F06,diagnosed_LIFT_OBJECT_unanticipated__RQ2_R_H04_C03_F06,1,Lift Slip — Low Friction Surface,apply_vacuum_assist(),0.9111111111111111,True
R_H04_C03_F06,diagnosed_LIFT_OBJECT_unanticipated__RQ2_R_H04_C03_F06,2,Parallel Arm Lift — Contact Loss,reposition_and_regrip(),0.796551724137931,False
R_H04_C03_F06,diagnosed_LIFT_OBJECT_unanticipated__RQ2_R_H04_C03_F06,3,Cobot Industrial — Incremental Heavy Part Transfer,heavy_lift(),0.765847414234511,False
R_H04_C03_F06,diagnosed_LIFT_OBJECT_unanticipated__RQ2_R_H04_C03_F06,4,Lightweight Arm Lift — Height Verification Only,extend_lift_phase(),0.6312503206291591,False
R_H04_C03_F06,diagnosed_LIFT_OBJECT_unanticipated__RQ2_R_H04_C03_F06,5,Cobot Lift Failure — Grip Pressure,increase_grip_pressure(),0.5816091954022989,False
R_H04_C03_F06,diagnosed_LIFT_OBJECT_unanticipated__RQ2_R_H04_C03_F06,6,Heavy Duty Arm — Motor Overload During Lift,reduce_lift_speed(),0.5,False
R_H04_C03_F06,diagnosed_LIFT_OBJECT_unanticipated__RQ2_R_H04_C03_F06,7,Suction Arm Lift — Vacuum Loss,emergency_vacuum_pump(),0.3333333333333333,False
R_H04_C03_F07,diagnosed_LIFT_OBJECT_unanticipated__RQ2_R_H04_C03_F07,1,Lift Slip — Low Friction Surface,apply_vacuum_assist(),0.8666666666666667,True
R_H04_C03_F07,diagnosed_LIFT_OBJECT_unanticipated__RQ2_R_H04_C03_F07,2,Parallel Arm Lift — Contact Loss,reposition_and_regrip(),0.796551724137931,False
R_H04_C03_F07,diagnosed_LIFT_OBJECT_unanticipated__RQ2_R_H04_C03_F07,3,Cobot Industrial — Incremental Heavy Part Transfer,heavy_lift(),0.765847414234511,False
R_H04_C03_F07,diagnosed_LIFT_OBJECT_unanticipated__RQ2_R_H04_C03_F07,4,Lightweight Arm Lift — Height Verification Only,extend_lift_phase(),0.6312503206291591,False
R_H04_C03_F07,diagnosed_LIFT_OBJECT_unanticipated__RQ2_R_H04_C03_F07,5,Cobot Lift Failure — Grip Pressure,increase_grip_pressure(),0.5816091954022989,False
R_H04_C03_F07,diagnosed_LIFT_OBJECT_unanticipated__RQ2_R_H04_C03_F07,6,Heavy Duty Arm — Motor Overload During Lift,reduce_lift_speed(),0.5,False
R_H04_C03_F07,diagnosed_LIFT_OBJECT_unanticipated__RQ2_R_H04_C03_F07,7,Suction Arm Lift — Vacuum Loss,emergency_vacuum_pump(),0.3333333333333333,False
R_H04_C03_F08,diagnosed_LIFT_OBJECT_unanticipated__RQ2_R_H04_C03_F08,1,Lift Slip — Low Friction Surface,apply_vacuum_assist(),0.8269444444444444,True
R_H04_C03_F08,diagnosed_LIFT_OBJECT_unanticipated__RQ2_R_H04_C03_F08,2,Parallel Arm Lift — Contact Loss,reposition_and_regrip(),0.796551724137931,False
R_H04_C03_F08,diagnosed_LIFT_OBJECT_unanticipated__RQ2_R_H04_C03_F08,3,Cobot Industrial — Incremental Heavy Part Transfer,heavy_lift(),0.765847414234511,False
R_H04_C03_F08,diagnosed_LIFT_OBJECT_unanticipated__RQ2_R_H04_C03_F08,4,Lightweight Arm Lift — Height Verification Only,extend_lift_phase(),0.6312503206291591,False
R_H04_C03_F08,diagnosed_LIFT_OBJECT_unanticipated__RQ2_R_H04_C03_F08,5,Cobot Lift Failure — Grip Pressure,increase_grip_pressure(),0.5816091954022989,False
R_H04_C03_F08,diagnosed_LIFT_OBJECT_unanticipated__RQ2_R_H04_C03_F08,6,Heavy Duty Arm — Motor Overload During Lift,reduce_lift_speed(),0.5,False
R_H04_C03_F08,diagnosed_LIFT_OBJECT_unanticipated__RQ2_R_H04_C03_F08,7,Suction Arm Lift — Vacuum Loss,emergency_vacuum_pump(),0.3333333333333333,False
R_H04_C03_F09,diagnosed_LIFT_OBJECT_unanticipated__RQ2_R_H04_C03_F09,1,Lift Slip — Low Friction Surface,apply_vacuum_assist(),0.8222222222222223,True
R_H04_C03_F09,diagnosed_LIFT_OBJECT_unanticipated__RQ2_R_H04_C03_F09,2,Parallel Arm Lift — Contact Loss,reposition_and_regrip(),0.796551724137931,False
R_H04_C03_F09,diagnosed_LIFT_OBJECT_unanticipated__RQ2_R_H04_C03_F09,3,Cobot Industrial — Incremental Heavy Part Transfer,heavy_lift(),0.765847414234511,False
R_H04_C03_F09,diagnosed_LIFT_OBJECT_unanticipated__RQ2_R_H04_C03_F09,4,Lightweight Arm Lift — Height Verification Only,extend_lift_phase(),0.6312503206291591,False
R_H04_C03_F09,diagnosed_LIFT_OBJECT_unanticipated__RQ2_R_H04_C03_F09,5,Cobot Lift Failure — Grip Pressure,increase_grip_pressure(),0.5816091954022989,False
R_H04_C03_F09,diagnosed_LIFT_OBJECT_unanticipated__RQ2_R_H04_C03_F09,6,Heavy Duty Arm — Motor Overload During Lift,reduce_lift_speed(),0.5,False
R_H04_C03_F09,diagnosed_LIFT_OBJECT_unanticipated__RQ2_R_H04_C03_F09,7,Suction Arm Lift — Vacuum Loss,emergency_vacuum_pump(),0.3333333333333333,False
R_H04_C03_F10,diagnosed_LIFT_OBJECT_unanticipated__RQ2_R_H04_C03_F10,1,Lift Slip — Low Friction Surface,apply_vacuum_assist(),0.8222222222222223,True
R_H04_C03_F10,diagnosed_LIFT_OBJECT_unanticipated__RQ2_R_H04_C03_F10,2,Parallel Arm Lift — Contact Loss,reposition_and_regrip(),0.796551724137931,False
R_H04_C03_F10,diagnosed_LIFT_OBJECT_unanticipated__RQ2_R_H04_C03_F10,3,Cobot Industrial — Incremental Heavy Part Transfer,heavy_lift(),0.765847414234511,False
R_H04_C03_F10,diagnosed_LIFT_OBJECT_unanticipated__RQ2_R_H04_C03_F10,4,Lightweight Arm Lift — Height Verification Only,extend_lift_phase(),0.6312503206291591,False
R_H04_C03_F10,diagnosed_LIFT_OBJECT_unanticipated__RQ2_R_H04_C03_F10,5,Cobot Lift Failure — Grip Pressure,increase_grip_pressure(),0.5816091954022989,False
R_H04_C03_F10,diagnosed_LIFT_OBJECT_unanticipated__RQ2_R_H04_C03_F10,6,Heavy Duty Arm — Motor Overload During Lift,reduce_lift_speed(),0.5,False
R_H04_C03_F10,diagnosed_LIFT_OBJECT_unanticipated__RQ2_R_H04_C03_F10,7,Suction Arm Lift — Vacuum Loss,emergency_vacuum_pump(),0.3333333333333333,False
R_H04_C04_F01,diagnosed_LIFT_OBJECT_unanticipated__RQ2_R_H04_C04_F01,1,Lift Slip — Low Friction Surface,apply_vacuum_assist(),0.8314811111111111,True
R_H04_C04_F01,diagnosed_LIFT_OBJECT_unanticipated__RQ2_R_H04_C04_F01,2,Parallel Arm Lift — Contact Loss,reposition_and_regrip(),0.7687733908045976,False
R_H04_C04_F01,diagnosed_LIFT_OBJECT_unanticipated__RQ2_R_H04_C04_F01,3,Cobot Industrial — Incremental Heavy Part Transfer,heavy_lift(),0.7380690809011776,False
R_H04_C04_F01,diagnosed_LIFT_OBJECT_unanticipated__RQ2_R_H04_C04_F01,4,Lightweight Arm Lift — Height Verification Only,extend_lift_phase(),0.6034719872958257,False
R_H04_C04_F01,diagnosed_LIFT_OBJECT_unanticipated__RQ2_R_H04_C04_F01,5,Cobot Lift Failure — Grip Pressure,increase_grip_pressure(),0.5816091954022989,False
R_H04_C04_F01,diagnosed_LIFT_OBJECT_unanticipated__RQ2_R_H04_C04_F01,6,Heavy Duty Arm — Motor Overload During Lift,reduce_lift_speed(),0.5,False
R_H04_C04_F01,diagnosed_LIFT_OBJECT_unanticipated__RQ2_R_H04_C04_F01,7,Suction Arm Lift — Vacuum Loss,emergency_vacuum_pump(),0.3333333333333333,False
R_H04_C04_F02,diagnosed_LIFT_OBJECT_unanticipated__RQ2_R_H04_C04_F02,1,Lift Slip — Low Friction Surface,apply_vacuum_assist(),0.8870366666666666,True
R_H04_C04_F02,diagnosed_LIFT_OBJECT_unanticipated__RQ2_R_H04_C04_F02,2,Parallel Arm Lift — Contact Loss,reposition_and_regrip(),0.7687733908045976,False
R_H04_C04_F02,diagnosed_LIFT_OBJECT_unanticipated__RQ2_R_H04_C04_F02,3,Cobot Industrial — Incremental Heavy Part Transfer,heavy_lift(),0.7380690809011776,False
R_H04_C04_F02,diagnosed_LIFT_OBJECT_unanticipated__RQ2_R_H04_C04_F02,4,Lightweight Arm Lift — Height Verification Only,extend_lift_phase(),0.6034719872958257,False
R_H04_C04_F02,diagnosed_LIFT_OBJECT_unanticipated__RQ2_R_H04_C04_F02,5,Cobot Lift Failure — Grip Pressure,increase_grip_pressure(),0.5816091954022989,False
R_H04_C04_F02,diagnosed_LIFT_OBJECT_unanticipated__RQ2_R_H04_C04_F02,6,Heavy Duty Arm — Motor Overload During Lift,reduce_lift_speed(),0.5,False
R_H04_C04_F02,diagnosed_LIFT_OBJECT_unanticipated__RQ2_R_H04_C04_F02,7,Suction Arm Lift — Vacuum Loss,emergency_vacuum_pump(),0.3333333333333333,False
R_H04_C04_F03,diagnosed_LIFT_OBJECT_unanticipated__RQ2_R_H04_C04_F03,1,Lift Slip — Low Friction Surface,apply_vacuum_assist(),0.8912033333333333,True
R_H04_C04_F03,diagnosed_LIFT_OBJECT_unanticipated__RQ2_R_H04_C04_F03,2,Parallel Arm Lift — Contact Loss,reposition_and_regrip(),0.7687733908045976,False
R_H04_C04_F03,diagnosed_LIFT_OBJECT_unanticipated__RQ2_R_H04_C04_F03,3,Cobot Industrial — Incremental Heavy Part Transfer,heavy_lift(),0.7380690809011776,False
R_H04_C04_F03,diagnosed_LIFT_OBJECT_unanticipated__RQ2_R_H04_C04_F03,4,Lightweight Arm Lift — Height Verification Only,extend_lift_phase(),0.6034719872958257,False
R_H04_C04_F03,diagnosed_LIFT_OBJECT_unanticipated__RQ2_R_H04_C04_F03,5,Cobot Lift Failure — Grip Pressure,increase_grip_pressure(),0.5816091954022989,False
R_H04_C04_F03,diagnosed_LIFT_OBJECT_unanticipated__RQ2_R_H04_C04_F03,6,Heavy Duty Arm — Motor Overload During Lift,reduce_lift_speed(),0.5,False
R_H04_C04_F03,diagnosed_LIFT_OBJECT_unanticipated__RQ2_R_H04_C04_F03,7,Suction Arm Lift — Vacuum Loss,emergency_vacuum_pump(),0.3333333333333333,False
R_H04_C04_F04,diagnosed_LIFT_OBJECT_unanticipated__RQ2_R_H04_C04_F04,1,Lift Slip — Low Friction Surface,apply_vacuum_assist(),0.8953699999999999,True
R_H04_C04_F04,diagnosed_LIFT_OBJECT_unanticipated__RQ2_R_H04_C04_F04,2,Parallel Arm Lift — Contact Loss,reposition_and_regrip(),0.7687733908045976,False
R_H04_C04_F04,diagnosed_LIFT_OBJECT_unanticipated__RQ2_R_H04_C04_F04,3,Cobot Industrial — Incremental Heavy Part Transfer,heavy_lift(),0.7380690809011776,False
R_H04_C04_F04,diagnosed_LIFT_OBJECT_unanticipated__RQ2_R_H04_C04_F04,4,Lightweight Arm Lift — Height Verification Only,extend_lift_phase(),0.6034719872958257,False
R_H04_C04_F04,diagnosed_LIFT_OBJECT_unanticipated__RQ2_R_H04_C04_F04,5,Cobot Lift Failure — Grip Pressure,increase_grip_pressure(),0.5816091954022989,False
R_H04_C04_F04,diagnosed_LIFT_OBJECT_unanticipated__RQ2_R_H04_C04_F04,6,Heavy Duty Arm — Motor Overload During Lift,reduce_lift_speed(),0.5,False
R_H04_C04_F04,diagnosed_LIFT_OBJECT_unanticipated__RQ2_R_H04_C04_F04,7,Suction Arm Lift — Vacuum Loss,emergency_vacuum_pump(),0.3333333333333333,False
R_H04_C04_F05,diagnosed_LIFT_OBJECT_unanticipated__RQ2_R_H04_C04_F05,1,Lift Slip — Low Friction Surface,apply_vacuum_assist(),0.9148144444444445,True
R_H04_C04_F05,diagnosed_LIFT_OBJECT_unanticipated__RQ2_R_H04_C04_F05,2,Parallel Arm Lift — Contact Loss,reposition_and_regrip(),0.7687733908045976,False
R_H04_C04_F05,diagnosed_LIFT_OBJECT_unanticipated__RQ2_R_H04_C04_F05,3,Cobot Industrial — Incremental Heavy Part Transfer,heavy_lift(),0.7380690809011776,False
R_H04_C04_F05,diagnosed_LIFT_OBJECT_unanticipated__RQ2_R_H04_C04_F05,4,Lightweight Arm Lift — Height Verification Only,extend_lift_phase(),0.6034719872958257,False
R_H04_C04_F05,diagnosed_LIFT_OBJECT_unanticipated__RQ2_R_H04_C04_F05,5,Cobot Lift Failure — Grip Pressure,increase_grip_pressure(),0.5816091954022989,False
R_H04_C04_F05,diagnosed_LIFT_OBJECT_unanticipated__RQ2_R_H04_C04_F05,6,Heavy Duty Arm — Motor Overload During Lift,reduce_lift_speed(),0.5,False
R_H04_C04_F05,diagnosed_LIFT_OBJECT_unanticipated__RQ2_R_H04_C04_F05,7,Suction Arm Lift — Vacuum Loss,emergency_vacuum_pump(),0.3333333333333333,False
R_H04_C04_F06,diagnosed_LIFT_OBJECT_unanticipated__RQ2_R_H04_C04_F06,1,Lift Slip — Low Friction Surface,apply_vacuum_assist(),0.8925922222222223,True
R_H04_C04_F06,diagnosed_LIFT_OBJECT_unanticipated__RQ2_R_H04_C04_F06,2,Parallel Arm Lift — Contact Loss,reposition_and_regrip(),0.7687733908045976,False
R_H04_C04_F06,diagnosed_LIFT_OBJECT_unanticipated__RQ2_R_H04_C04_F06,3,Cobot Industrial — Incremental Heavy Part Transfer,heavy_lift(),0.7380690809011776,False
R_H04_C04_F06,diagnosed_LIFT_OBJECT_unanticipated__RQ2_R_H04_C04_F06,4,Lightweight Arm Lift — Height Verification Only,extend_lift_phase(),0.6034719872958257,False
R_H04_C04_F06,diagnosed_LIFT_OBJECT_unanticipated__RQ2_R_H04_C04_F06,5,Cobot Lift Failure — Grip Pressure,increase_grip_pressure(),0.5816091954022989,False
R_H04_C04_F06,diagnosed_LIFT_OBJECT_unanticipated__RQ2_R_H04_C04_F06,6,Heavy Duty Arm — Motor Overload During Lift,reduce_lift_speed(),0.5,False
R_H04_C04_F06,diagnosed_LIFT_OBJECT_unanticipated__RQ2_R_H04_C04_F06,7,Suction Arm Lift — Vacuum Loss,emergency_vacuum_pump(),0.3333333333333333,False
R_H04_C04_F07,diagnosed_LIFT_OBJECT_unanticipated__RQ2_R_H04_C04_F07,1,Lift Slip — Low Friction Surface,apply_vacuum_assist(),0.8481477777777777,True
R_H04_C04_F07,diagnosed_LIFT_OBJECT_unanticipated__RQ2_R_H04_C04_F07,2,Parallel Arm Lift — Contact Loss,reposition_and_regrip(),0.7687733908045976,False
R_H04_C04_F07,diagnosed_LIFT_OBJECT_unanticipated__RQ2_R_H04_C04_F07,3,Cobot Industrial — Incremental Heavy Part Transfer,heavy_lift(),0.7380690809011776,False
R_H04_C04_F07,diagnosed_LIFT_OBJECT_unanticipated__RQ2_R_H04_C04_F07,4,Lightweight Arm Lift — Height Verification Only,extend_lift_phase(),0.6034719872958257,False
R_H04_C04_F07,diagnosed_LIFT_OBJECT_unanticipated__RQ2_R_H04_C04_F07,5,Cobot Lift Failure — Grip Pressure,increase_grip_pressure(),0.5816091954022989,False
R_H04_C04_F07,diagnosed_LIFT_OBJECT_unanticipated__RQ2_R_H04_C04_F07,6,Heavy Duty Arm — Motor Overload During Lift,reduce_lift_speed(),0.5,False
R_H04_C04_F07,diagnosed_LIFT_OBJECT_unanticipated__RQ2_R_H04_C04_F07,7,Suction Arm Lift — Vacuum Loss,emergency_vacuum_pump(),0.3333333333333333,False
R_H04_C04_F08,diagnosed_LIFT_OBJECT_unanticipated__RQ2_R_H04_C04_F08,1,Lift Slip — Low Friction Surface,apply_vacuum_assist(),0.8084255555555556,True
R_H04_C04_F08,diagnosed_LIFT_OBJECT_unanticipated__RQ2_R_H04_C04_F08,2,Parallel Arm Lift — Contact Loss,reposition_and_regrip(),0.7687733908045976,False
R_H04_C04_F08,diagnosed_LIFT_OBJECT_unanticipated__RQ2_R_H04_C04_F08,3,Cobot Industrial — Incremental Heavy Part Transfer,heavy_lift(),0.7380690809011776,False
R_H04_C04_F08,diagnosed_LIFT_OBJECT_unanticipated__RQ2_R_H04_C04_F08,4,Lightweight Arm Lift — Height Verification Only,extend_lift_phase(),0.6034719872958257,False
R_H04_C04_F08,diagnosed_LIFT_OBJECT_unanticipated__RQ2_R_H04_C04_F08,5,Cobot Lift Failure — Grip Pressure,increase_grip_pressure(),0.5816091954022989,False
R_H04_C04_F08,diagnosed_LIFT_OBJECT_unanticipated__RQ2_R_H04_C04_F08,6,Heavy Duty Arm — Motor Overload During Lift,reduce_lift_speed(),0.5,False
R_H04_C04_F08,diagnosed_LIFT_OBJECT_unanticipated__RQ2_R_H04_C04_F08,7,Suction Arm Lift — Vacuum Loss,emergency_vacuum_pump(),0.3333333333333333,False
R_H04_C04_F09,diagnosed_LIFT_OBJECT_unanticipated__RQ2_R_H04_C04_F09,1,Lift Slip — Low Friction Surface,apply_vacuum_assist(),0.8037033333333333,True
R_H04_C04_F09,diagnosed_LIFT_OBJECT_unanticipated__RQ2_R_H04_C04_F09,2,Parallel Arm Lift — Contact Loss,reposition_and_regrip(),0.7687733908045976,False
R_H04_C04_F09,diagnosed_LIFT_OBJECT_unanticipated__RQ2_R_H04_C04_F09,3,Cobot Industrial — Incremental Heavy Part Transfer,heavy_lift(),0.7380690809011776,False
R_H04_C04_F09,diagnosed_LIFT_OBJECT_unanticipated__RQ2_R_H04_C04_F09,4,Lightweight Arm Lift — Height Verification Only,extend_lift_phase(),0.6034719872958257,False
R_H04_C04_F09,diagnosed_LIFT_OBJECT_unanticipated__RQ2_R_H04_C04_F09,5,Cobot Lift Failure — Grip Pressure,increase_grip_pressure(),0.5816091954022989,False
R_H04_C04_F09,diagnosed_LIFT_OBJECT_unanticipated__RQ2_R_H04_C04_F09,6,Heavy Duty Arm — Motor Overload During Lift,reduce_lift_speed(),0.5,False
R_H04_C04_F09,diagnosed_LIFT_OBJECT_unanticipated__RQ2_R_H04_C04_F09,7,Suction Arm Lift — Vacuum Loss,emergency_vacuum_pump(),0.3333333333333333,False
R_H04_C04_F10,diagnosed_LIFT_OBJECT_unanticipated__RQ2_R_H04_C04_F10,1,Lift Slip — Low Friction Surface,apply_vacuum_assist(),0.8037033333333333,True
R_H04_C04_F10,diagnosed_LIFT_OBJECT_unanticipated__RQ2_R_H04_C04_F10,2,Parallel Arm Lift — Contact Loss,reposition_and_regrip(),0.7687733908045976,False
R_H04_C04_F10,diagnosed_LIFT_OBJECT_unanticipated__RQ2_R_H04_C04_F10,3,Cobot Industrial — Incremental Heavy Part Transfer,heavy_lift(),0.7380690809011776,False
R_H04_C04_F10,diagnosed_LIFT_OBJECT_unanticipated__RQ2_R_H04_C04_F10,4,Lightweight Arm Lift — Height Verification Only,extend_lift_phase(),0.6034719872958257,False
R_H04_C04_F10,diagnosed_LIFT_OBJECT_unanticipated__RQ2_R_H04_C04_F10,5,Cobot Lift Failure — Grip Pressure,increase_grip_pressure(),0.5816091954022989,False
R_H04_C04_F10,diagnosed_LIFT_OBJECT_unanticipated__RQ2_R_H04_C04_F10,6,Heavy Duty Arm — Motor Overload During Lift,reduce_lift_speed(),0.5,False
R_H04_C04_F10,diagnosed_LIFT_OBJECT_unanticipated__RQ2_R_H04_C04_F10,7,Suction Arm Lift — Vacuum Loss,emergency_vacuum_pump(),0.3333333333333333,False
R_H04_C05_F01,diagnosed_LIFT_OBJECT_unanticipated__RQ2_R_H04_C05_F01,1,Lift Slip — Low Friction Surface,apply_vacuum_assist(),0.8222222222222223,True
R_H04_C05_F01,diagnosed_LIFT_OBJECT_unanticipated__RQ2_R_H04_C05_F01,2,Parallel Arm Lift — Contact Loss,reposition_and_regrip(),0.7548850574712643,False
R_H04_C05_F01,diagnosed_LIFT_OBJECT_unanticipated__RQ2_R_H04_C05_F01,3,Cobot Industrial — Incremental Heavy Part Transfer,heavy_lift(),0.7241807475678442,False
R_H04_C05_F01,diagnosed_LIFT_OBJECT_unanticipated__RQ2_R_H04_C05_F01,4,Lightweight Arm Lift — Height Verification Only,extend_lift_phase(),0.5895836539624925,False
R_H04_C05_F01,diagnosed_LIFT_OBJECT_unanticipated__RQ2_R_H04_C05_F01,5,Cobot Lift Failure — Grip Pressure,increase_grip_pressure(),0.5816091954022989,False
R_H04_C05_F01,diagnosed_LIFT_OBJECT_unanticipated__RQ2_R_H04_C05_F01,6,Heavy Duty Arm — Motor Overload During Lift,reduce_lift_speed(),0.5,False
R_H04_C05_F01,diagnosed_LIFT_OBJECT_unanticipated__RQ2_R_H04_C05_F01,7,Suction Arm Lift — Vacuum Loss,emergency_vacuum_pump(),0.3333333333333333,False
R_H04_C05_F02,diagnosed_LIFT_OBJECT_unanticipated__RQ2_R_H04_C05_F02,1,Lift Slip — Low Friction Surface,apply_vacuum_assist(),0.8777777777777778,True
R_H04_C05_F02,diagnosed_LIFT_OBJECT_unanticipated__RQ2_R_H04_C05_F02,2,Parallel Arm Lift — Contact Loss,reposition_and_regrip(),0.7548850574712643,False
R_H04_C05_F02,diagnosed_LIFT_OBJECT_unanticipated__RQ2_R_H04_C05_F02,3,Cobot Industrial — Incremental Heavy Part Transfer,heavy_lift(),0.7241807475678442,False
R_H04_C05_F02,diagnosed_LIFT_OBJECT_unanticipated__RQ2_R_H04_C05_F02,4,Lightweight Arm Lift — Height Verification Only,extend_lift_phase(),0.5895836539624925,False
R_H04_C05_F02,diagnosed_LIFT_OBJECT_unanticipated__RQ2_R_H04_C05_F02,5,Cobot Lift Failure — Grip Pressure,increase_grip_pressure(),0.5816091954022989,False
R_H04_C05_F02,diagnosed_LIFT_OBJECT_unanticipated__RQ2_R_H04_C05_F02,6,Heavy Duty Arm — Motor Overload During Lift,reduce_lift_speed(),0.5,False
R_H04_C05_F02,diagnosed_LIFT_OBJECT_unanticipated__RQ2_R_H04_C05_F02,7,Suction Arm Lift — Vacuum Loss,emergency_vacuum_pump(),0.3333333333333333,False
R_H04_C05_F03,diagnosed_LIFT_OBJECT_unanticipated__RQ2_R_H04_C05_F03,1,Lift Slip — Low Friction Surface,apply_vacuum_assist(),0.8819444444444445,True
R_H04_C05_F03,diagnosed_LIFT_OBJECT_unanticipated__RQ2_R_H04_C05_F03,2,Parallel Arm Lift — Contact Loss,reposition_and_regrip(),0.7548850574712643,False
R_H04_C05_F03,diagnosed_LIFT_OBJECT_unanticipated__RQ2_R_H04_C05_F03,3,Cobot Industrial — Incremental Heavy Part Transfer,heavy_lift(),0.7241807475678442,False
R_H04_C05_F03,diagnosed_LIFT_OBJECT_unanticipated__RQ2_R_H04_C05_F03,4,Lightweight Arm Lift — Height Verification Only,extend_lift_phase(),0.5895836539624925,False
R_H04_C05_F03,diagnosed_LIFT_OBJECT_unanticipated__RQ2_R_H04_C05_F03,5,Cobot Lift Failure — Grip Pressure,increase_grip_pressure(),0.5816091954022989,False
R_H04_C05_F03,diagnosed_LIFT_OBJECT_unanticipated__RQ2_R_H04_C05_F03,6,Heavy Duty Arm — Motor Overload During Lift,reduce_lift_speed(),0.5,False
R_H04_C05_F03,diagnosed_LIFT_OBJECT_unanticipated__RQ2_R_H04_C05_F03,7,Suction Arm Lift — Vacuum Loss,emergency_vacuum_pump(),0.3333333333333333,False
R_H04_C05_F04,diagnosed_LIFT_OBJECT_unanticipated__RQ2_R_H04_C05_F04,1,Lift Slip — Low Friction Surface,apply_vacuum_assist(),0.8861111111111111,True
R_H04_C05_F04,diagnosed_LIFT_OBJECT_unanticipated__RQ2_R_H04_C05_F04,2,Parallel Arm Lift — Contact Loss,reposition_and_regrip(),0.7548850574712643,False
R_H04_C05_F04,diagnosed_LIFT_OBJECT_unanticipated__RQ2_R_H04_C05_F04,3,Cobot Industrial — Incremental Heavy Part Transfer,heavy_lift(),0.7241807475678442,False
R_H04_C05_F04,diagnosed_LIFT_OBJECT_unanticipated__RQ2_R_H04_C05_F04,4,Lightweight Arm Lift — Height Verification Only,extend_lift_phase(),0.5895836539624925,False
R_H04_C05_F04,diagnosed_LIFT_OBJECT_unanticipated__RQ2_R_H04_C05_F04,5,Cobot Lift Failure — Grip Pressure,increase_grip_pressure(),0.5816091954022989,False
R_H04_C05_F04,diagnosed_LIFT_OBJECT_unanticipated__RQ2_R_H04_C05_F04,6,Heavy Duty Arm — Motor Overload During Lift,reduce_lift_speed(),0.5,False
R_H04_C05_F04,diagnosed_LIFT_OBJECT_unanticipated__RQ2_R_H04_C05_F04,7,Suction Arm Lift — Vacuum Loss,emergency_vacuum_pump(),0.3333333333333333,False
R_H04_C05_F05,diagnosed_LIFT_OBJECT_unanticipated__RQ2_R_H04_C05_F05,1,Lift Slip — Low Friction Surface,apply_vacuum_assist(),0.9055555555555556,True
R_H04_C05_F05,diagnosed_LIFT_OBJECT_unanticipated__RQ2_R_H04_C05_F05,2,Parallel Arm Lift — Contact Loss,reposition_and_regrip(),0.7548850574712643,False
R_H04_C05_F05,diagnosed_LIFT_OBJECT_unanticipated__RQ2_R_H04_C05_F05,3,Cobot Industrial — Incremental Heavy Part Transfer,heavy_lift(),0.7241807475678442,False
R_H04_C05_F05,diagnosed_LIFT_OBJECT_unanticipated__RQ2_R_H04_C05_F05,4,Lightweight Arm Lift — Height Verification Only,extend_lift_phase(),0.5895836539624925,False
R_H04_C05_F05,diagnosed_LIFT_OBJECT_unanticipated__RQ2_R_H04_C05_F05,5,Cobot Lift Failure — Grip Pressure,increase_grip_pressure(),0.5816091954022989,False
R_H04_C05_F05,diagnosed_LIFT_OBJECT_unanticipated__RQ2_R_H04_C05_F05,6,Heavy Duty Arm — Motor Overload During Lift,reduce_lift_speed(),0.5,False
R_H04_C05_F05,diagnosed_LIFT_OBJECT_unanticipated__RQ2_R_H04_C05_F05,7,Suction Arm Lift — Vacuum Loss,emergency_vacuum_pump(),0.3333333333333333,False
R_H04_C05_F06,diagnosed_LIFT_OBJECT_unanticipated__RQ2_R_H04_C05_F06,1,Lift Slip — Low Friction Surface,apply_vacuum_assist(),0.8833333333333333,True
R_H04_C05_F06,diagnosed_LIFT_OBJECT_unanticipated__RQ2_R_H04_C05_F06,2,Parallel Arm Lift — Contact Loss,reposition_and_regrip(),0.7548850574712643,False
R_H04_C05_F06,diagnosed_LIFT_OBJECT_unanticipated__RQ2_R_H04_C05_F06,3,Cobot Industrial — Incremental Heavy Part Transfer,heavy_lift(),0.7241807475678442,False
R_H04_C05_F06,diagnosed_LIFT_OBJECT_unanticipated__RQ2_R_H04_C05_F06,4,Lightweight Arm Lift — Height Verification Only,extend_lift_phase(),0.5895836539624925,False
R_H04_C05_F06,diagnosed_LIFT_OBJECT_unanticipated__RQ2_R_H04_C05_F06,5,Cobot Lift Failure — Grip Pressure,increase_grip_pressure(),0.5816091954022989,False
R_H04_C05_F06,diagnosed_LIFT_OBJECT_unanticipated__RQ2_R_H04_C05_F06,6,Heavy Duty Arm — Motor Overload During Lift,reduce_lift_speed(),0.5,False
R_H04_C05_F06,diagnosed_LIFT_OBJECT_unanticipated__RQ2_R_H04_C05_F06,7,Suction Arm Lift — Vacuum Loss,emergency_vacuum_pump(),0.3333333333333333,False
R_H04_C05_F07,diagnosed_LIFT_OBJECT_unanticipated__RQ2_R_H04_C05_F07,1,Lift Slip — Low Friction Surface,apply_vacuum_assist(),0.8388888888888889,True
R_H04_C05_F07,diagnosed_LIFT_OBJECT_unanticipated__RQ2_R_H04_C05_F07,2,Parallel Arm Lift — Contact Loss,reposition_and_regrip(),0.7548850574712643,False
R_H04_C05_F07,diagnosed_LIFT_OBJECT_unanticipated__RQ2_R_H04_C05_F07,3,Cobot Industrial — Incremental Heavy Part Transfer,heavy_lift(),0.7241807475678442,False
R_H04_C05_F07,diagnosed_LIFT_OBJECT_unanticipated__RQ2_R_H04_C05_F07,4,Lightweight Arm Lift — Height Verification Only,extend_lift_phase(),0.5895836539624925,False
R_H04_C05_F07,diagnosed_LIFT_OBJECT_unanticipated__RQ2_R_H04_C05_F07,5,Cobot Lift Failure — Grip Pressure,increase_grip_pressure(),0.5816091954022989,False
R_H04_C05_F07,diagnosed_LIFT_OBJECT_unanticipated__RQ2_R_H04_C05_F07,6,Heavy Duty Arm — Motor Overload During Lift,reduce_lift_speed(),0.5,False
R_H04_C05_F07,diagnosed_LIFT_OBJECT_unanticipated__RQ2_R_H04_C05_F07,7,Suction Arm Lift — Vacuum Loss,emergency_vacuum_pump(),0.3333333333333333,False
R_H04_C05_F08,diagnosed_LIFT_OBJECT_unanticipated__RQ2_R_H04_C05_F08,1,Lift Slip — Low Friction Surface,apply_vacuum_assist(),0.7991666666666667,True
R_H04_C05_F08,diagnosed_LIFT_OBJECT_unanticipated__RQ2_R_H04_C05_F08,2,Parallel Arm Lift — Contact Loss,reposition_and_regrip(),0.7548850574712643,False
R_H04_C05_F08,diagnosed_LIFT_OBJECT_unanticipated__RQ2_R_H04_C05_F08,3,Cobot Industrial — Incremental Heavy Part Transfer,heavy_lift(),0.7241807475678442,False
R_H04_C05_F08,diagnosed_LIFT_OBJECT_unanticipated__RQ2_R_H04_C05_F08,4,Lightweight Arm Lift — Height Verification Only,extend_lift_phase(),0.5895836539624925,False
R_H04_C05_F08,diagnosed_LIFT_OBJECT_unanticipated__RQ2_R_H04_C05_F08,5,Cobot Lift Failure — Grip Pressure,increase_grip_pressure(),0.5816091954022989,False
R_H04_C05_F08,diagnosed_LIFT_OBJECT_unanticipated__RQ2_R_H04_C05_F08,6,Heavy Duty Arm — Motor Overload During Lift,reduce_lift_speed(),0.5,False
R_H04_C05_F08,diagnosed_LIFT_OBJECT_unanticipated__RQ2_R_H04_C05_F08,7,Suction Arm Lift — Vacuum Loss,emergency_vacuum_pump(),0.3333333333333333,False
R_H04_C05_F09,diagnosed_LIFT_OBJECT_unanticipated__RQ2_R_H04_C05_F09,1,Lift Slip — Low Friction Surface,apply_vacuum_assist(),0.7944444444444444,True
R_H04_C05_F09,diagnosed_LIFT_OBJECT_unanticipated__RQ2_R_H04_C05_F09,2,Parallel Arm Lift — Contact Loss,reposition_and_regrip(),0.7548850574712643,False
R_H04_C05_F09,diagnosed_LIFT_OBJECT_unanticipated__RQ2_R_H04_C05_F09,3,Cobot Industrial — Incremental Heavy Part Transfer,heavy_lift(),0.7241807475678442,False
R_H04_C05_F09,diagnosed_LIFT_OBJECT_unanticipated__RQ2_R_H04_C05_F09,4,Lightweight Arm Lift — Height Verification Only,extend_lift_phase(),0.5895836539624925,False
R_H04_C05_F09,diagnosed_LIFT_OBJECT_unanticipated__RQ2_R_H04_C05_F09,5,Cobot Lift Failure — Grip Pressure,increase_grip_pressure(),0.5816091954022989,False
R_H04_C05_F09,diagnosed_LIFT_OBJECT_unanticipated__RQ2_R_H04_C05_F09,6,Heavy Duty Arm — Motor Overload During Lift,reduce_lift_speed(),0.5,False
R_H04_C05_F09,diagnosed_LIFT_OBJECT_unanticipated__RQ2_R_H04_C05_F09,7,Suction Arm Lift — Vacuum Loss,emergency_vacuum_pump(),0.3333333333333333,False
R_H04_C05_F10,diagnosed_LIFT_OBJECT_unanticipated__RQ2_R_H04_C05_F10,1,Lift Slip — Low Friction Surface,apply_vacuum_assist(),0.7944444444444444,True
R_H04_C05_F10,diagnosed_LIFT_OBJECT_unanticipated__RQ2_R_H04_C05_F10,2,Parallel Arm Lift — Contact Loss,reposition_and_regrip(),0.7548850574712643,False
R_H04_C05_F10,diagnosed_LIFT_OBJECT_unanticipated__RQ2_R_H04_C05_F10,3,Cobot Industrial — Incremental Heavy Part Transfer,heavy_lift(),0.7241807475678442,False
R_H04_C05_F10,diagnosed_LIFT_OBJECT_unanticipated__RQ2_R_H04_C05_F10,4,Lightweight Arm Lift — Height Verification Only,extend_lift_phase(),0.5895836539624925,False
R_H04_C05_F10,diagnosed_LIFT_OBJECT_unanticipated__RQ2_R_H04_C05_F10,5,Cobot Lift Failure — Grip Pressure,increase_grip_pressure(),0.5816091954022989,False
R_H04_C05_F10,diagnosed_LIFT_OBJECT_unanticipated__RQ2_R_H04_C05_F10,6,Heavy Duty Arm — Motor Overload During Lift,reduce_lift_speed(),0.5,False
R_H04_C05_F10,diagnosed_LIFT_OBJECT_unanticipated__RQ2_R_H04_C05_F10,7,Suction Arm Lift — Vacuum Loss,emergency_vacuum_pump(),0.3333333333333333,False
R_H04_C06_F01,diagnosed_LIFT_OBJECT_unanticipated__RQ2_R_H04_C06_F01,1,Lift Slip — Low Friction Surface,apply_vacuum_assist(),0.7944444444444444,True
R_H04_C06_F01,diagnosed_LIFT_OBJECT_unanticipated__RQ2_R_H04_C06_F01,2,Parallel Arm Lift — Contact Loss,reposition_and_regrip(),0.7132183908045976,False
R_H04_C06_F01,diagnosed_LIFT_OBJECT_unanticipated__RQ2_R_H04_C06_F01,3,Cobot Industrial — Incremental Heavy Part Transfer,heavy_lift(),0.6825140809011776,False
R_H04_C06_F01,diagnosed_LIFT_OBJECT_unanticipated__RQ2_R_H04_C06_F01,4,Cobot Lift Failure — Grip Pressure,increase_grip_pressure(),0.5816091954022989,False
R_H04_C06_F01,diagnosed_LIFT_OBJECT_unanticipated__RQ2_R_H04_C06_F01,5,Lightweight Arm Lift — Height Verification Only,extend_lift_phase(),0.5479169872958257,False
R_H04_C06_F01,diagnosed_LIFT_OBJECT_unanticipated__RQ2_R_H04_C06_F01,6,Heavy Duty Arm — Motor Overload During Lift,reduce_lift_speed(),0.5,False
R_H04_C06_F01,diagnosed_LIFT_OBJECT_unanticipated__RQ2_R_H04_C06_F01,7,Suction Arm Lift — Vacuum Loss,emergency_vacuum_pump(),0.3333333333333333,False
R_H04_C06_F02,diagnosed_LIFT_OBJECT_unanticipated__RQ2_R_H04_C06_F02,1,Lift Slip — Low Friction Surface,apply_vacuum_assist(),0.85,True
R_H04_C06_F02,diagnosed_LIFT_OBJECT_unanticipated__RQ2_R_H04_C06_F02,2,Parallel Arm Lift — Contact Loss,reposition_and_regrip(),0.7132183908045976,False
R_H04_C06_F02,diagnosed_LIFT_OBJECT_unanticipated__RQ2_R_H04_C06_F02,3,Cobot Industrial — Incremental Heavy Part Transfer,heavy_lift(),0.6825140809011776,False
R_H04_C06_F02,diagnosed_LIFT_OBJECT_unanticipated__RQ2_R_H04_C06_F02,4,Cobot Lift Failure — Grip Pressure,increase_grip_pressure(),0.5816091954022989,False
R_H04_C06_F02,diagnosed_LIFT_OBJECT_unanticipated__RQ2_R_H04_C06_F02,5,Lightweight Arm Lift — Height Verification Only,extend_lift_phase(),0.5479169872958257,False
R_H04_C06_F02,diagnosed_LIFT_OBJECT_unanticipated__RQ2_R_H04_C06_F02,6,Heavy Duty Arm — Motor Overload During Lift,reduce_lift_speed(),0.5,False
R_H04_C06_F02,diagnosed_LIFT_OBJECT_unanticipated__RQ2_R_H04_C06_F02,7,Suction Arm Lift — Vacuum Loss,emergency_vacuum_pump(),0.3333333333333333,False
R_H04_C06_F03,diagnosed_LIFT_OBJECT_unanticipated__RQ2_R_H04_C06_F03,1,Lift Slip — Low Friction Surface,apply_vacuum_assist(),0.8541666666666666,True
R_H04_C06_F03,diagnosed_LIFT_OBJECT_unanticipated__RQ2_R_H04_C06_F03,2,Parallel Arm Lift — Contact Loss,reposition_and_regrip(),0.7132183908045976,False
R_H04_C06_F03,diagnosed_LIFT_OBJECT_unanticipated__RQ2_R_H04_C06_F03,3,Cobot Industrial — Incremental Heavy Part Transfer,heavy_lift(),0.6825140809011776,False
R_H04_C06_F03,diagnosed_LIFT_OBJECT_unanticipated__RQ2_R_H04_C06_F03,4,Cobot Lift Failure — Grip Pressure,increase_grip_pressure(),0.5816091954022989,False
R_H04_C06_F03,diagnosed_LIFT_OBJECT_unanticipated__RQ2_R_H04_C06_F03,5,Lightweight Arm Lift — Height Verification Only,extend_lift_phase(),0.5479169872958257,False
R_H04_C06_F03,diagnosed_LIFT_OBJECT_unanticipated__RQ2_R_H04_C06_F03,6,Heavy Duty Arm — Motor Overload During Lift,reduce_lift_speed(),0.5,False
R_H04_C06_F03,diagnosed_LIFT_OBJECT_unanticipated__RQ2_R_H04_C06_F03,7,Suction Arm Lift — Vacuum Loss,emergency_vacuum_pump(),0.3333333333333333,False
R_H04_C06_F04,diagnosed_LIFT_OBJECT_unanticipated__RQ2_R_H04_C06_F04,1,Lift Slip — Low Friction Surface,apply_vacuum_assist(),0.8583333333333334,True
R_H04_C06_F04,diagnosed_LIFT_OBJECT_unanticipated__RQ2_R_H04_C06_F04,2,Parallel Arm Lift — Contact Loss,reposition_and_regrip(),0.7132183908045976,False
R_H04_C06_F04,diagnosed_LIFT_OBJECT_unanticipated__RQ2_R_H04_C06_F04,3,Cobot Industrial — Incremental Heavy Part Transfer,heavy_lift(),0.6825140809011776,False
R_H04_C06_F04,diagnosed_LIFT_OBJECT_unanticipated__RQ2_R_H04_C06_F04,4,Cobot Lift Failure — Grip Pressure,increase_grip_pressure(),0.5816091954022989,False
R_H04_C06_F04,diagnosed_LIFT_OBJECT_unanticipated__RQ2_R_H04_C06_F04,5,Lightweight Arm Lift — Height Verification Only,extend_lift_phase(),0.5479169872958257,False
R_H04_C06_F04,diagnosed_LIFT_OBJECT_unanticipated__RQ2_R_H04_C06_F04,6,Heavy Duty Arm — Motor Overload During Lift,reduce_lift_speed(),0.5,False
R_H04_C06_F04,diagnosed_LIFT_OBJECT_unanticipated__RQ2_R_H04_C06_F04,7,Suction Arm Lift — Vacuum Loss,emergency_vacuum_pump(),0.3333333333333333,False
R_H04_C06_F05,diagnosed_LIFT_OBJECT_unanticipated__RQ2_R_H04_C06_F05,1,Lift Slip — Low Friction Surface,apply_vacuum_assist(),0.8777777777777778,True
R_H04_C06_F05,diagnosed_LIFT_OBJECT_unanticipated__RQ2_R_H04_C06_F05,2,Parallel Arm Lift — Contact Loss,reposition_and_regrip(),0.7132183908045976,False
R_H04_C06_F05,diagnosed_LIFT_OBJECT_unanticipated__RQ2_R_H04_C06_F05,3,Cobot Industrial — Incremental Heavy Part Transfer,heavy_lift(),0.6825140809011776,False
R_H04_C06_F05,diagnosed_LIFT_OBJECT_unanticipated__RQ2_R_H04_C06_F05,4,Cobot Lift Failure — Grip Pressure,increase_grip_pressure(),0.5816091954022989,False
R_H04_C06_F05,diagnosed_LIFT_OBJECT_unanticipated__RQ2_R_H04_C06_F05,5,Lightweight Arm Lift — Height Verification Only,extend_lift_phase(),0.5479169872958257,False
R_H04_C06_F05,diagnosed_LIFT_OBJECT_unanticipated__RQ2_R_H04_C06_F05,6,Heavy Duty Arm — Motor Overload During Lift,reduce_lift_speed(),0.5,False
R_H04_C06_F05,diagnosed_LIFT_OBJECT_unanticipated__RQ2_R_H04_C06_F05,7,Suction Arm Lift — Vacuum Loss,emergency_vacuum_pump(),0.3333333333333333,False
R_H04_C06_F06,diagnosed_LIFT_OBJECT_unanticipated__RQ2_R_H04_C06_F06,1,Lift Slip — Low Friction Surface,apply_vacuum_assist(),0.8555555555555556,True
R_H04_C06_F06,diagnosed_LIFT_OBJECT_unanticipated__RQ2_R_H04_C06_F06,2,Parallel Arm Lift — Contact Loss,reposition_and_regrip(),0.7132183908045976,False
R_H04_C06_F06,diagnosed_LIFT_OBJECT_unanticipated__RQ2_R_H04_C06_F06,3,Cobot Industrial — Incremental Heavy Part Transfer,heavy_lift(),0.6825140809011776,False
R_H04_C06_F06,diagnosed_LIFT_OBJECT_unanticipated__RQ2_R_H04_C06_F06,4,Cobot Lift Failure — Grip Pressure,increase_grip_pressure(),0.5816091954022989,False
R_H04_C06_F06,diagnosed_LIFT_OBJECT_unanticipated__RQ2_R_H04_C06_F06,5,Lightweight Arm Lift — Height Verification Only,extend_lift_phase(),0.5479169872958257,False
R_H04_C06_F06,diagnosed_LIFT_OBJECT_unanticipated__RQ2_R_H04_C06_F06,6,Heavy Duty Arm — Motor Overload During Lift,reduce_lift_speed(),0.5,False
R_H04_C06_F06,diagnosed_LIFT_OBJECT_unanticipated__RQ2_R_H04_C06_F06,7,Suction Arm Lift — Vacuum Loss,emergency_vacuum_pump(),0.3333333333333333,False
R_H04_C06_F07,diagnosed_LIFT_OBJECT_unanticipated__RQ2_R_H04_C06_F07,1,Lift Slip — Low Friction Surface,apply_vacuum_assist(),0.8111111111111112,True
R_H04_C06_F07,diagnosed_LIFT_OBJECT_unanticipated__RQ2_R_H04_C06_F07,2,Parallel Arm Lift — Contact Loss,reposition_and_regrip(),0.7132183908045976,False
R_H04_C06_F07,diagnosed_LIFT_OBJECT_unanticipated__RQ2_R_H04_C06_F07,3,Cobot Industrial — Incremental Heavy Part Transfer,heavy_lift(),0.6825140809011776,False
R_H04_C06_F07,diagnosed_LIFT_OBJECT_unanticipated__RQ2_R_H04_C06_F07,4,Cobot Lift Failure — Grip Pressure,increase_grip_pressure(),0.5816091954022989,False
R_H04_C06_F07,diagnosed_LIFT_OBJECT_unanticipated__RQ2_R_H04_C06_F07,5,Lightweight Arm Lift — Height Verification Only,extend_lift_phase(),0.5479169872958257,False
R_H04_C06_F07,diagnosed_LIFT_OBJECT_unanticipated__RQ2_R_H04_C06_F07,6,Heavy Duty Arm — Motor Overload During Lift,reduce_lift_speed(),0.5,False
R_H04_C06_F07,diagnosed_LIFT_OBJECT_unanticipated__RQ2_R_H04_C06_F07,7,Suction Arm Lift — Vacuum Loss,emergency_vacuum_pump(),0.3333333333333333,False
R_H04_C06_F08,diagnosed_LIFT_OBJECT_unanticipated__RQ2_R_H04_C06_F08,1,Lift Slip — Low Friction Surface,apply_vacuum_assist(),0.771388888888889,True
R_H04_C06_F08,diagnosed_LIFT_OBJECT_unanticipated__RQ2_R_H04_C06_F08,2,Parallel Arm Lift — Contact Loss,reposition_and_regrip(),0.7132183908045976,False
R_H04_C06_F08,diagnosed_LIFT_OBJECT_unanticipated__RQ2_R_H04_C06_F08,3,Cobot Industrial — Incremental Heavy Part Transfer,heavy_lift(),0.6825140809011776,False
R_H04_C06_F08,diagnosed_LIFT_OBJECT_unanticipated__RQ2_R_H04_C06_F08,4,Cobot Lift Failure — Grip Pressure,increase_grip_pressure(),0.5816091954022989,False
R_H04_C06_F08,diagnosed_LIFT_OBJECT_unanticipated__RQ2_R_H04_C06_F08,5,Lightweight Arm Lift — Height Verification Only,extend_lift_phase(),0.5479169872958257,False
R_H04_C06_F08,diagnosed_LIFT_OBJECT_unanticipated__RQ2_R_H04_C06_F08,6,Heavy Duty Arm — Motor Overload During Lift,reduce_lift_speed(),0.5,False
R_H04_C06_F08,diagnosed_LIFT_OBJECT_unanticipated__RQ2_R_H04_C06_F08,7,Suction Arm Lift — Vacuum Loss,emergency_vacuum_pump(),0.3333333333333333,False
R_H04_C06_F09,diagnosed_LIFT_OBJECT_unanticipated__RQ2_R_H04_C06_F09,1,Lift Slip — Low Friction Surface,apply_vacuum_assist(),0.7666666666666666,True
R_H04_C06_F09,diagnosed_LIFT_OBJECT_unanticipated__RQ2_R_H04_C06_F09,2,Parallel Arm Lift — Contact Loss,reposition_and_regrip(),0.7132183908045976,False
R_H04_C06_F09,diagnosed_LIFT_OBJECT_unanticipated__RQ2_R_H04_C06_F09,3,Cobot Industrial — Incremental Heavy Part Transfer,heavy_lift(),0.6825140809011776,False
R_H04_C06_F09,diagnosed_LIFT_OBJECT_unanticipated__RQ2_R_H04_C06_F09,4,Cobot Lift Failure — Grip Pressure,increase_grip_pressure(),0.5816091954022989,False
R_H04_C06_F09,diagnosed_LIFT_OBJECT_unanticipated__RQ2_R_H04_C06_F09,5,Lightweight Arm Lift — Height Verification Only,extend_lift_phase(),0.5479169872958257,False
R_H04_C06_F09,diagnosed_LIFT_OBJECT_unanticipated__RQ2_R_H04_C06_F09,6,Heavy Duty Arm — Motor Overload During Lift,reduce_lift_speed(),0.5,False
R_H04_C06_F09,diagnosed_LIFT_OBJECT_unanticipated__RQ2_R_H04_C06_F09,7,Suction Arm Lift — Vacuum Loss,emergency_vacuum_pump(),0.3333333333333333,False
R_H04_C06_F10,diagnosed_LIFT_OBJECT_unanticipated__RQ2_R_H04_C06_F10,1,Lift Slip — Low Friction Surface,apply_vacuum_assist(),0.7666666666666666,True
R_H04_C06_F10,diagnosed_LIFT_OBJECT_unanticipated__RQ2_R_H04_C06_F10,2,Parallel Arm Lift — Contact Loss,reposition_and_regrip(),0.7132183908045976,False
R_H04_C06_F10,diagnosed_LIFT_OBJECT_unanticipated__RQ2_R_H04_C06_F10,3,Cobot Industrial — Incremental Heavy Part Transfer,heavy_lift(),0.6825140809011776,False
R_H04_C06_F10,diagnosed_LIFT_OBJECT_unanticipated__RQ2_R_H04_C06_F10,4,Cobot Lift Failure — Grip Pressure,increase_grip_pressure(),0.5816091954022989,False
R_H04_C06_F10,diagnosed_LIFT_OBJECT_unanticipated__RQ2_R_H04_C06_F10,5,Lightweight Arm Lift — Height Verification Only,extend_lift_phase(),0.5479169872958257,False
R_H04_C06_F10,diagnosed_LIFT_OBJECT_unanticipated__RQ2_R_H04_C06_F10,6,Heavy Duty Arm — Motor Overload During Lift,reduce_lift_speed(),0.5,False
R_H04_C06_F10,diagnosed_LIFT_OBJECT_unanticipated__RQ2_R_H04_C06_F10,7,Suction Arm Lift — Vacuum Loss,emergency_vacuum_pump(),0.3333333333333333,False
R_H04_C07_F01,diagnosed_LIFT_OBJECT_unanticipated__RQ2_R_H04_C07_F01,1,Lift Slip — Low Friction Surface,apply_vacuum_assist(),0.7944444444444444,True
R_H04_C07_F01,diagnosed_LIFT_OBJECT_unanticipated__RQ2_R_H04_C07_F01,2,Parallel Arm Lift — Contact Loss,reposition_and_regrip(),0.7132183908045976,False
R_H04_C07_F01,diagnosed_LIFT_OBJECT_unanticipated__RQ2_R_H04_C07_F01,3,Cobot Industrial — Incremental Heavy Part Transfer,heavy_lift(),0.6825140809011776,False
R_H04_C07_F01,diagnosed_LIFT_OBJECT_unanticipated__RQ2_R_H04_C07_F01,4,Cobot Lift Failure — Grip Pressure,increase_grip_pressure(),0.5816091954022989,False
R_H04_C07_F01,diagnosed_LIFT_OBJECT_unanticipated__RQ2_R_H04_C07_F01,5,Lightweight Arm Lift — Height Verification Only,extend_lift_phase(),0.5479169872958257,False
R_H04_C07_F01,diagnosed_LIFT_OBJECT_unanticipated__RQ2_R_H04_C07_F01,6,Heavy Duty Arm — Motor Overload During Lift,reduce_lift_speed(),0.5,False
R_H04_C07_F01,diagnosed_LIFT_OBJECT_unanticipated__RQ2_R_H04_C07_F01,7,Suction Arm Lift — Vacuum Loss,emergency_vacuum_pump(),0.3333333333333333,False
R_H04_C07_F02,diagnosed_LIFT_OBJECT_unanticipated__RQ2_R_H04_C07_F02,1,Lift Slip — Low Friction Surface,apply_vacuum_assist(),0.85,True
R_H04_C07_F02,diagnosed_LIFT_OBJECT_unanticipated__RQ2_R_H04_C07_F02,2,Parallel Arm Lift — Contact Loss,reposition_and_regrip(),0.7132183908045976,False
R_H04_C07_F02,diagnosed_LIFT_OBJECT_unanticipated__RQ2_R_H04_C07_F02,3,Cobot Industrial — Incremental Heavy Part Transfer,heavy_lift(),0.6825140809011776,False
R_H04_C07_F02,diagnosed_LIFT_OBJECT_unanticipated__RQ2_R_H04_C07_F02,4,Cobot Lift Failure — Grip Pressure,increase_grip_pressure(),0.5816091954022989,False
R_H04_C07_F02,diagnosed_LIFT_OBJECT_unanticipated__RQ2_R_H04_C07_F02,5,Lightweight Arm Lift — Height Verification Only,extend_lift_phase(),0.5479169872958257,False
R_H04_C07_F02,diagnosed_LIFT_OBJECT_unanticipated__RQ2_R_H04_C07_F02,6,Heavy Duty Arm — Motor Overload During Lift,reduce_lift_speed(),0.5,False
R_H04_C07_F02,diagnosed_LIFT_OBJECT_unanticipated__RQ2_R_H04_C07_F02,7,Suction Arm Lift — Vacuum Loss,emergency_vacuum_pump(),0.3333333333333333,False
R_H04_C07_F03,diagnosed_LIFT_OBJECT_unanticipated__RQ2_R_H04_C07_F03,1,Lift Slip — Low Friction Surface,apply_vacuum_assist(),0.8541666666666666,True
R_H04_C07_F03,diagnosed_LIFT_OBJECT_unanticipated__RQ2_R_H04_C07_F03,2,Parallel Arm Lift — Contact Loss,reposition_and_regrip(),0.7132183908045976,False
R_H04_C07_F03,diagnosed_LIFT_OBJECT_unanticipated__RQ2_R_H04_C07_F03,3,Cobot Industrial — Incremental Heavy Part Transfer,heavy_lift(),0.6825140809011776,False
R_H04_C07_F03,diagnosed_LIFT_OBJECT_unanticipated__RQ2_R_H04_C07_F03,4,Cobot Lift Failure — Grip Pressure,increase_grip_pressure(),0.5816091954022989,False
R_H04_C07_F03,diagnosed_LIFT_OBJECT_unanticipated__RQ2_R_H04_C07_F03,5,Lightweight Arm Lift — Height Verification Only,extend_lift_phase(),0.5479169872958257,False
R_H04_C07_F03,diagnosed_LIFT_OBJECT_unanticipated__RQ2_R_H04_C07_F03,6,Heavy Duty Arm — Motor Overload During Lift,reduce_lift_speed(),0.5,False
R_H04_C07_F03,diagnosed_LIFT_OBJECT_unanticipated__RQ2_R_H04_C07_F03,7,Suction Arm Lift — Vacuum Loss,emergency_vacuum_pump(),0.3333333333333333,False
R_H04_C07_F04,diagnosed_LIFT_OBJECT_unanticipated__RQ2_R_H04_C07_F04,1,Lift Slip — Low Friction Surface,apply_vacuum_assist(),0.8583333333333334,True
R_H04_C07_F04,diagnosed_LIFT_OBJECT_unanticipated__RQ2_R_H04_C07_F04,2,Parallel Arm Lift — Contact Loss,reposition_and_regrip(),0.7132183908045976,False
R_H04_C07_F04,diagnosed_LIFT_OBJECT_unanticipated__RQ2_R_H04_C07_F04,3,Cobot Industrial — Incremental Heavy Part Transfer,heavy_lift(),0.6825140809011776,False
R_H04_C07_F04,diagnosed_LIFT_OBJECT_unanticipated__RQ2_R_H04_C07_F04,4,Cobot Lift Failure — Grip Pressure,increase_grip_pressure(),0.5816091954022989,False
R_H04_C07_F04,diagnosed_LIFT_OBJECT_unanticipated__RQ2_R_H04_C07_F04,5,Lightweight Arm Lift — Height Verification Only,extend_lift_phase(),0.5479169872958257,False
R_H04_C07_F04,diagnosed_LIFT_OBJECT_unanticipated__RQ2_R_H04_C07_F04,6,Heavy Duty Arm — Motor Overload During Lift,reduce_lift_speed(),0.5,False
R_H04_C07_F04,diagnosed_LIFT_OBJECT_unanticipated__RQ2_R_H04_C07_F04,7,Suction Arm Lift — Vacuum Loss,emergency_vacuum_pump(),0.3333333333333333,False
R_H04_C07_F05,diagnosed_LIFT_OBJECT_unanticipated__RQ2_R_H04_C07_F05,1,Lift Slip — Low Friction Surface,apply_vacuum_assist(),0.8777777777777778,True
R_H04_C07_F05,diagnosed_LIFT_OBJECT_unanticipated__RQ2_R_H04_C07_F05,2,Parallel Arm Lift — Contact Loss,reposition_and_regrip(),0.7132183908045976,False
R_H04_C07_F05,diagnosed_LIFT_OBJECT_unanticipated__RQ2_R_H04_C07_F05,3,Cobot Industrial — Incremental Heavy Part Transfer,heavy_lift(),0.6825140809011776,False
R_H04_C07_F05,diagnosed_LIFT_OBJECT_unanticipated__RQ2_R_H04_C07_F05,4,Cobot Lift Failure — Grip Pressure,increase_grip_pressure(),0.5816091954022989,False
R_H04_C07_F05,diagnosed_LIFT_OBJECT_unanticipated__RQ2_R_H04_C07_F05,5,Lightweight Arm Lift — Height Verification Only,extend_lift_phase(),0.5479169872958257,False
R_H04_C07_F05,diagnosed_LIFT_OBJECT_unanticipated__RQ2_R_H04_C07_F05,6,Heavy Duty Arm — Motor Overload During Lift,reduce_lift_speed(),0.5,False
R_H04_C07_F05,diagnosed_LIFT_OBJECT_unanticipated__RQ2_R_H04_C07_F05,7,Suction Arm Lift — Vacuum Loss,emergency_vacuum_pump(),0.3333333333333333,False
R_H04_C07_F06,diagnosed_LIFT_OBJECT_unanticipated__RQ2_R_H04_C07_F06,1,Lift Slip — Low Friction Surface,apply_vacuum_assist(),0.8555555555555556,True
R_H04_C07_F06,diagnosed_LIFT_OBJECT_unanticipated__RQ2_R_H04_C07_F06,2,Parallel Arm Lift — Contact Loss,reposition_and_regrip(),0.7132183908045976,False
R_H04_C07_F06,diagnosed_LIFT_OBJECT_unanticipated__RQ2_R_H04_C07_F06,3,Cobot Industrial — Incremental Heavy Part Transfer,heavy_lift(),0.6825140809011776,False
R_H04_C07_F06,diagnosed_LIFT_OBJECT_unanticipated__RQ2_R_H04_C07_F06,4,Cobot Lift Failure — Grip Pressure,increase_grip_pressure(),0.5816091954022989,False
R_H04_C07_F06,diagnosed_LIFT_OBJECT_unanticipated__RQ2_R_H04_C07_F06,5,Lightweight Arm Lift — Height Verification Only,extend_lift_phase(),0.5479169872958257,False
R_H04_C07_F06,diagnosed_LIFT_OBJECT_unanticipated__RQ2_R_H04_C07_F06,6,Heavy Duty Arm — Motor Overload During Lift,reduce_lift_speed(),0.5,False
R_H04_C07_F06,diagnosed_LIFT_OBJECT_unanticipated__RQ2_R_H04_C07_F06,7,Suction Arm Lift — Vacuum Loss,emergency_vacuum_pump(),0.3333333333333333,False
R_H04_C07_F07,diagnosed_LIFT_OBJECT_unanticipated__RQ2_R_H04_C07_F07,1,Lift Slip — Low Friction Surface,apply_vacuum_assist(),0.8111111111111112,True
R_H04_C07_F07,diagnosed_LIFT_OBJECT_unanticipated__RQ2_R_H04_C07_F07,2,Parallel Arm Lift — Contact Loss,reposition_and_regrip(),0.7132183908045976,False
R_H04_C07_F07,diagnosed_LIFT_OBJECT_unanticipated__RQ2_R_H04_C07_F07,3,Cobot Industrial — Incremental Heavy Part Transfer,heavy_lift(),0.6825140809011776,False
R_H04_C07_F07,diagnosed_LIFT_OBJECT_unanticipated__RQ2_R_H04_C07_F07,4,Cobot Lift Failure — Grip Pressure,increase_grip_pressure(),0.5816091954022989,False
R_H04_C07_F07,diagnosed_LIFT_OBJECT_unanticipated__RQ2_R_H04_C07_F07,5,Lightweight Arm Lift — Height Verification Only,extend_lift_phase(),0.5479169872958257,False
R_H04_C07_F07,diagnosed_LIFT_OBJECT_unanticipated__RQ2_R_H04_C07_F07,6,Heavy Duty Arm — Motor Overload During Lift,reduce_lift_speed(),0.5,False
R_H04_C07_F07,diagnosed_LIFT_OBJECT_unanticipated__RQ2_R_H04_C07_F07,7,Suction Arm Lift — Vacuum Loss,emergency_vacuum_pump(),0.3333333333333333,False
R_H04_C07_F08,diagnosed_LIFT_OBJECT_unanticipated__RQ2_R_H04_C07_F08,1,Lift Slip — Low Friction Surface,apply_vacuum_assist(),0.771388888888889,True
R_H04_C07_F08,diagnosed_LIFT_OBJECT_unanticipated__RQ2_R_H04_C07_F08,2,Parallel Arm Lift — Contact Loss,reposition_and_regrip(),0.7132183908045976,False
R_H04_C07_F08,diagnosed_LIFT_OBJECT_unanticipated__RQ2_R_H04_C07_F08,3,Cobot Industrial — Incremental Heavy Part Transfer,heavy_lift(),0.6825140809011776,False
R_H04_C07_F08,diagnosed_LIFT_OBJECT_unanticipated__RQ2_R_H04_C07_F08,4,Cobot Lift Failure — Grip Pressure,increase_grip_pressure(),0.5816091954022989,False
R_H04_C07_F08,diagnosed_LIFT_OBJECT_unanticipated__RQ2_R_H04_C07_F08,5,Lightweight Arm Lift — Height Verification Only,extend_lift_phase(),0.5479169872958257,False
R_H04_C07_F08,diagnosed_LIFT_OBJECT_unanticipated__RQ2_R_H04_C07_F08,6,Heavy Duty Arm — Motor Overload During Lift,reduce_lift_speed(),0.5,False
R_H04_C07_F08,diagnosed_LIFT_OBJECT_unanticipated__RQ2_R_H04_C07_F08,7,Suction Arm Lift — Vacuum Loss,emergency_vacuum_pump(),0.3333333333333333,False
R_H04_C07_F09,diagnosed_LIFT_OBJECT_unanticipated__RQ2_R_H04_C07_F09,1,Lift Slip — Low Friction Surface,apply_vacuum_assist(),0.7666666666666666,True
R_H04_C07_F09,diagnosed_LIFT_OBJECT_unanticipated__RQ2_R_H04_C07_F09,2,Parallel Arm Lift — Contact Loss,reposition_and_regrip(),0.7132183908045976,False
R_H04_C07_F09,diagnosed_LIFT_OBJECT_unanticipated__RQ2_R_H04_C07_F09,3,Cobot Industrial — Incremental Heavy Part Transfer,heavy_lift(),0.6825140809011776,False
R_H04_C07_F09,diagnosed_LIFT_OBJECT_unanticipated__RQ2_R_H04_C07_F09,4,Cobot Lift Failure — Grip Pressure,increase_grip_pressure(),0.5816091954022989,False
R_H04_C07_F09,diagnosed_LIFT_OBJECT_unanticipated__RQ2_R_H04_C07_F09,5,Lightweight Arm Lift — Height Verification Only,extend_lift_phase(),0.5479169872958257,False
R_H04_C07_F09,diagnosed_LIFT_OBJECT_unanticipated__RQ2_R_H04_C07_F09,6,Heavy Duty Arm — Motor Overload During Lift,reduce_lift_speed(),0.5,False
R_H04_C07_F09,diagnosed_LIFT_OBJECT_unanticipated__RQ2_R_H04_C07_F09,7,Suction Arm Lift — Vacuum Loss,emergency_vacuum_pump(),0.3333333333333333,False
R_H04_C07_F10,diagnosed_LIFT_OBJECT_unanticipated__RQ2_R_H04_C07_F10,1,Lift Slip — Low Friction Surface,apply_vacuum_assist(),0.7666666666666666,True
R_H04_C07_F10,diagnosed_LIFT_OBJECT_unanticipated__RQ2_R_H04_C07_F10,2,Parallel Arm Lift — Contact Loss,reposition_and_regrip(),0.7132183908045976,False
R_H04_C07_F10,diagnosed_LIFT_OBJECT_unanticipated__RQ2_R_H04_C07_F10,3,Cobot Industrial — Incremental Heavy Part Transfer,heavy_lift(),0.6825140809011776,False
R_H04_C07_F10,diagnosed_LIFT_OBJECT_unanticipated__RQ2_R_H04_C07_F10,4,Cobot Lift Failure — Grip Pressure,increase_grip_pressure(),0.5816091954022989,False
R_H04_C07_F10,diagnosed_LIFT_OBJECT_unanticipated__RQ2_R_H04_C07_F10,5,Lightweight Arm Lift — Height Verification Only,extend_lift_phase(),0.5479169872958257,False
R_H04_C07_F10,diagnosed_LIFT_OBJECT_unanticipated__RQ2_R_H04_C07_F10,6,Heavy Duty Arm — Motor Overload During Lift,reduce_lift_speed(),0.5,False
R_H04_C07_F10,diagnosed_LIFT_OBJECT_unanticipated__RQ2_R_H04_C07_F10,7,Suction Arm Lift — Vacuum Loss,emergency_vacuum_pump(),0.3333333333333333,False
R_H04_C08_F01,diagnosed_LIFT_OBJECT_unanticipated__RQ2_R_H04_C08_F01,1,Lift Slip — Low Friction Surface,apply_vacuum_assist(),0.7944444444444444,True
R_H04_C08_F01,diagnosed_LIFT_OBJECT_unanticipated__RQ2_R_H04_C08_F01,2,Parallel Arm Lift — Contact Loss,reposition_and_regrip(),0.7132183908045976,False
R_H04_C08_F01,diagnosed_LIFT_OBJECT_unanticipated__RQ2_R_H04_C08_F01,3,Cobot Industrial — Incremental Heavy Part Transfer,heavy_lift(),0.6825140809011776,False
R_H04_C08_F01,diagnosed_LIFT_OBJECT_unanticipated__RQ2_R_H04_C08_F01,4,Cobot Lift Failure — Grip Pressure,increase_grip_pressure(),0.5816091954022989,False
R_H04_C08_F01,diagnosed_LIFT_OBJECT_unanticipated__RQ2_R_H04_C08_F01,5,Lightweight Arm Lift — Height Verification Only,extend_lift_phase(),0.5479169872958257,False
R_H04_C08_F01,diagnosed_LIFT_OBJECT_unanticipated__RQ2_R_H04_C08_F01,6,Heavy Duty Arm — Motor Overload During Lift,reduce_lift_speed(),0.5,False
R_H04_C08_F01,diagnosed_LIFT_OBJECT_unanticipated__RQ2_R_H04_C08_F01,7,Suction Arm Lift — Vacuum Loss,emergency_vacuum_pump(),0.3333333333333333,False
R_H04_C08_F02,diagnosed_LIFT_OBJECT_unanticipated__RQ2_R_H04_C08_F02,1,Lift Slip — Low Friction Surface,apply_vacuum_assist(),0.85,True
R_H04_C08_F02,diagnosed_LIFT_OBJECT_unanticipated__RQ2_R_H04_C08_F02,2,Parallel Arm Lift — Contact Loss,reposition_and_regrip(),0.7132183908045976,False
R_H04_C08_F02,diagnosed_LIFT_OBJECT_unanticipated__RQ2_R_H04_C08_F02,3,Cobot Industrial — Incremental Heavy Part Transfer,heavy_lift(),0.6825140809011776,False
R_H04_C08_F02,diagnosed_LIFT_OBJECT_unanticipated__RQ2_R_H04_C08_F02,4,Cobot Lift Failure — Grip Pressure,increase_grip_pressure(),0.5816091954022989,False
R_H04_C08_F02,diagnosed_LIFT_OBJECT_unanticipated__RQ2_R_H04_C08_F02,5,Lightweight Arm Lift — Height Verification Only,extend_lift_phase(),0.5479169872958257,False
R_H04_C08_F02,diagnosed_LIFT_OBJECT_unanticipated__RQ2_R_H04_C08_F02,6,Heavy Duty Arm — Motor Overload During Lift,reduce_lift_speed(),0.5,False
R_H04_C08_F02,diagnosed_LIFT_OBJECT_unanticipated__RQ2_R_H04_C08_F02,7,Suction Arm Lift — Vacuum Loss,emergency_vacuum_pump(),0.3333333333333333,False
R_H04_C08_F03,diagnosed_LIFT_OBJECT_unanticipated__RQ2_R_H04_C08_F03,1,Lift Slip — Low Friction Surface,apply_vacuum_assist(),0.8541666666666666,True
R_H04_C08_F03,diagnosed_LIFT_OBJECT_unanticipated__RQ2_R_H04_C08_F03,2,Parallel Arm Lift — Contact Loss,reposition_and_regrip(),0.7132183908045976,False
R_H04_C08_F03,diagnosed_LIFT_OBJECT_unanticipated__RQ2_R_H04_C08_F03,3,Cobot Industrial — Incremental Heavy Part Transfer,heavy_lift(),0.6825140809011776,False
R_H04_C08_F03,diagnosed_LIFT_OBJECT_unanticipated__RQ2_R_H04_C08_F03,4,Cobot Lift Failure — Grip Pressure,increase_grip_pressure(),0.5816091954022989,False
R_H04_C08_F03,diagnosed_LIFT_OBJECT_unanticipated__RQ2_R_H04_C08_F03,5,Lightweight Arm Lift — Height Verification Only,extend_lift_phase(),0.5479169872958257,False
R_H04_C08_F03,diagnosed_LIFT_OBJECT_unanticipated__RQ2_R_H04_C08_F03,6,Heavy Duty Arm — Motor Overload During Lift,reduce_lift_speed(),0.5,False
R_H04_C08_F03,diagnosed_LIFT_OBJECT_unanticipated__RQ2_R_H04_C08_F03,7,Suction Arm Lift — Vacuum Loss,emergency_vacuum_pump(),0.3333333333333333,False
R_H04_C08_F04,diagnosed_LIFT_OBJECT_unanticipated__RQ2_R_H04_C08_F04,1,Lift Slip — Low Friction Surface,apply_vacuum_assist(),0.8583333333333334,True
R_H04_C08_F04,diagnosed_LIFT_OBJECT_unanticipated__RQ2_R_H04_C08_F04,2,Parallel Arm Lift — Contact Loss,reposition_and_regrip(),0.7132183908045976,False
R_H04_C08_F04,diagnosed_LIFT_OBJECT_unanticipated__RQ2_R_H04_C08_F04,3,Cobot Industrial — Incremental Heavy Part Transfer,heavy_lift(),0.6825140809011776,False
R_H04_C08_F04,diagnosed_LIFT_OBJECT_unanticipated__RQ2_R_H04_C08_F04,4,Cobot Lift Failure — Grip Pressure,increase_grip_pressure(),0.5816091954022989,False
R_H04_C08_F04,diagnosed_LIFT_OBJECT_unanticipated__RQ2_R_H04_C08_F04,5,Lightweight Arm Lift — Height Verification Only,extend_lift_phase(),0.5479169872958257,False
R_H04_C08_F04,diagnosed_LIFT_OBJECT_unanticipated__RQ2_R_H04_C08_F04,6,Heavy Duty Arm — Motor Overload During Lift,reduce_lift_speed(),0.5,False
R_H04_C08_F04,diagnosed_LIFT_OBJECT_unanticipated__RQ2_R_H04_C08_F04,7,Suction Arm Lift — Vacuum Loss,emergency_vacuum_pump(),0.3333333333333333,False
R_H04_C08_F05,diagnosed_LIFT_OBJECT_unanticipated__RQ2_R_H04_C08_F05,1,Lift Slip — Low Friction Surface,apply_vacuum_assist(),0.8777777777777778,True
R_H04_C08_F05,diagnosed_LIFT_OBJECT_unanticipated__RQ2_R_H04_C08_F05,2,Parallel Arm Lift — Contact Loss,reposition_and_regrip(),0.7132183908045976,False
R_H04_C08_F05,diagnosed_LIFT_OBJECT_unanticipated__RQ2_R_H04_C08_F05,3,Cobot Industrial — Incremental Heavy Part Transfer,heavy_lift(),0.6825140809011776,False
R_H04_C08_F05,diagnosed_LIFT_OBJECT_unanticipated__RQ2_R_H04_C08_F05,4,Cobot Lift Failure — Grip Pressure,increase_grip_pressure(),0.5816091954022989,False
R_H04_C08_F05,diagnosed_LIFT_OBJECT_unanticipated__RQ2_R_H04_C08_F05,5,Lightweight Arm Lift — Height Verification Only,extend_lift_phase(),0.5479169872958257,False
R_H04_C08_F05,diagnosed_LIFT_OBJECT_unanticipated__RQ2_R_H04_C08_F05,6,Heavy Duty Arm — Motor Overload During Lift,reduce_lift_speed(),0.5,False
R_H04_C08_F05,diagnosed_LIFT_OBJECT_unanticipated__RQ2_R_H04_C08_F05,7,Suction Arm Lift — Vacuum Loss,emergency_vacuum_pump(),0.3333333333333333,False
R_H04_C08_F06,diagnosed_LIFT_OBJECT_unanticipated__RQ2_R_H04_C08_F06,1,Lift Slip — Low Friction Surface,apply_vacuum_assist(),0.8555555555555556,True
R_H04_C08_F06,diagnosed_LIFT_OBJECT_unanticipated__RQ2_R_H04_C08_F06,2,Parallel Arm Lift — Contact Loss,reposition_and_regrip(),0.7132183908045976,False
R_H04_C08_F06,diagnosed_LIFT_OBJECT_unanticipated__RQ2_R_H04_C08_F06,3,Cobot Industrial — Incremental Heavy Part Transfer,heavy_lift(),0.6825140809011776,False
R_H04_C08_F06,diagnosed_LIFT_OBJECT_unanticipated__RQ2_R_H04_C08_F06,4,Cobot Lift Failure — Grip Pressure,increase_grip_pressure(),0.5816091954022989,False
R_H04_C08_F06,diagnosed_LIFT_OBJECT_unanticipated__RQ2_R_H04_C08_F06,5,Lightweight Arm Lift — Height Verification Only,extend_lift_phase(),0.5479169872958257,False
R_H04_C08_F06,diagnosed_LIFT_OBJECT_unanticipated__RQ2_R_H04_C08_F06,6,Heavy Duty Arm — Motor Overload During Lift,reduce_lift_speed(),0.5,False
R_H04_C08_F06,diagnosed_LIFT_OBJECT_unanticipated__RQ2_R_H04_C08_F06,7,Suction Arm Lift — Vacuum Loss,emergency_vacuum_pump(),0.3333333333333333,False
R_H04_C08_F07,diagnosed_LIFT_OBJECT_unanticipated__RQ2_R_H04_C08_F07,1,Lift Slip — Low Friction Surface,apply_vacuum_assist(),0.8111111111111112,True
R_H04_C08_F07,diagnosed_LIFT_OBJECT_unanticipated__RQ2_R_H04_C08_F07,2,Parallel Arm Lift — Contact Loss,reposition_and_regrip(),0.7132183908045976,False
R_H04_C08_F07,diagnosed_LIFT_OBJECT_unanticipated__RQ2_R_H04_C08_F07,3,Cobot Industrial — Incremental Heavy Part Transfer,heavy_lift(),0.6825140809011776,False
R_H04_C08_F07,diagnosed_LIFT_OBJECT_unanticipated__RQ2_R_H04_C08_F07,4,Cobot Lift Failure — Grip Pressure,increase_grip_pressure(),0.5816091954022989,False
R_H04_C08_F07,diagnosed_LIFT_OBJECT_unanticipated__RQ2_R_H04_C08_F07,5,Lightweight Arm Lift — Height Verification Only,extend_lift_phase(),0.5479169872958257,False
R_H04_C08_F07,diagnosed_LIFT_OBJECT_unanticipated__RQ2_R_H04_C08_F07,6,Heavy Duty Arm — Motor Overload During Lift,reduce_lift_speed(),0.5,False
R_H04_C08_F07,diagnosed_LIFT_OBJECT_unanticipated__RQ2_R_H04_C08_F07,7,Suction Arm Lift — Vacuum Loss,emergency_vacuum_pump(),0.3333333333333333,False
R_H04_C08_F08,diagnosed_LIFT_OBJECT_unanticipated__RQ2_R_H04_C08_F08,1,Lift Slip — Low Friction Surface,apply_vacuum_assist(),0.771388888888889,True
R_H04_C08_F08,diagnosed_LIFT_OBJECT_unanticipated__RQ2_R_H04_C08_F08,2,Parallel Arm Lift — Contact Loss,reposition_and_regrip(),0.7132183908045976,False
R_H04_C08_F08,diagnosed_LIFT_OBJECT_unanticipated__RQ2_R_H04_C08_F08,3,Cobot Industrial — Incremental Heavy Part Transfer,heavy_lift(),0.6825140809011776,False
R_H04_C08_F08,diagnosed_LIFT_OBJECT_unanticipated__RQ2_R_H04_C08_F08,4,Cobot Lift Failure — Grip Pressure,increase_grip_pressure(),0.5816091954022989,False
R_H04_C08_F08,diagnosed_LIFT_OBJECT_unanticipated__RQ2_R_H04_C08_F08,5,Lightweight Arm Lift — Height Verification Only,extend_lift_phase(),0.5479169872958257,False
R_H04_C08_F08,diagnosed_LIFT_OBJECT_unanticipated__RQ2_R_H04_C08_F08,6,Heavy Duty Arm — Motor Overload During Lift,reduce_lift_speed(),0.5,False
R_H04_C08_F08,diagnosed_LIFT_OBJECT_unanticipated__RQ2_R_H04_C08_F08,7,Suction Arm Lift — Vacuum Loss,emergency_vacuum_pump(),0.3333333333333333,False
R_H04_C08_F09,diagnosed_LIFT_OBJECT_unanticipated__RQ2_R_H04_C08_F09,1,Lift Slip — Low Friction Surface,apply_vacuum_assist(),0.7666666666666666,True
R_H04_C08_F09,diagnosed_LIFT_OBJECT_unanticipated__RQ2_R_H04_C08_F09,2,Parallel Arm Lift — Contact Loss,reposition_and_regrip(),0.7132183908045976,False
R_H04_C08_F09,diagnosed_LIFT_OBJECT_unanticipated__RQ2_R_H04_C08_F09,3,Cobot Industrial — Incremental Heavy Part Transfer,heavy_lift(),0.6825140809011776,False
R_H04_C08_F09,diagnosed_LIFT_OBJECT_unanticipated__RQ2_R_H04_C08_F09,4,Cobot Lift Failure — Grip Pressure,increase_grip_pressure(),0.5816091954022989,False
R_H04_C08_F09,diagnosed_LIFT_OBJECT_unanticipated__RQ2_R_H04_C08_F09,5,Lightweight Arm Lift — Height Verification Only,extend_lift_phase(),0.5479169872958257,False
R_H04_C08_F09,diagnosed_LIFT_OBJECT_unanticipated__RQ2_R_H04_C08_F09,6,Heavy Duty Arm — Motor Overload During Lift,reduce_lift_speed(),0.5,False
R_H04_C08_F09,diagnosed_LIFT_OBJECT_unanticipated__RQ2_R_H04_C08_F09,7,Suction Arm Lift — Vacuum Loss,emergency_vacuum_pump(),0.3333333333333333,False
R_H04_C08_F10,diagnosed_LIFT_OBJECT_unanticipated__RQ2_R_H04_C08_F10,1,Lift Slip — Low Friction Surface,apply_vacuum_assist(),0.7666666666666666,True
R_H04_C08_F10,diagnosed_LIFT_OBJECT_unanticipated__RQ2_R_H04_C08_F10,2,Parallel Arm Lift — Contact Loss,reposition_and_regrip(),0.7132183908045976,False
R_H04_C08_F10,diagnosed_LIFT_OBJECT_unanticipated__RQ2_R_H04_C08_F10,3,Cobot Industrial — Incremental Heavy Part Transfer,heavy_lift(),0.6825140809011776,False
R_H04_C08_F10,diagnosed_LIFT_OBJECT_unanticipated__RQ2_R_H04_C08_F10,4,Cobot Lift Failure — Grip Pressure,increase_grip_pressure(),0.5816091954022989,False
R_H04_C08_F10,diagnosed_LIFT_OBJECT_unanticipated__RQ2_R_H04_C08_F10,5,Lightweight Arm Lift — Height Verification Only,extend_lift_phase(),0.5479169872958257,False
R_H04_C08_F10,diagnosed_LIFT_OBJECT_unanticipated__RQ2_R_H04_C08_F10,6,Heavy Duty Arm — Motor Overload During Lift,reduce_lift_speed(),0.5,False
R_H04_C08_F10,diagnosed_LIFT_OBJECT_unanticipated__RQ2_R_H04_C08_F10,7,Suction Arm Lift — Vacuum Loss,emergency_vacuum_pump(),0.3333333333333333,False
R_H04_C09_F01,diagnosed_LIFT_OBJECT_unanticipated__RQ2_R_H04_C09_F01,1,Lift Slip — Low Friction Surface,apply_vacuum_assist(),0.7944444444444444,True
R_H04_C09_F01,diagnosed_LIFT_OBJECT_unanticipated__RQ2_R_H04_C09_F01,2,Parallel Arm Lift — Contact Loss,reposition_and_regrip(),0.7132183908045976,False
R_H04_C09_F01,diagnosed_LIFT_OBJECT_unanticipated__RQ2_R_H04_C09_F01,3,Cobot Industrial — Incremental Heavy Part Transfer,heavy_lift(),0.6825140809011776,False
R_H04_C09_F01,diagnosed_LIFT_OBJECT_unanticipated__RQ2_R_H04_C09_F01,4,Cobot Lift Failure — Grip Pressure,increase_grip_pressure(),0.5816091954022989,False
R_H04_C09_F01,diagnosed_LIFT_OBJECT_unanticipated__RQ2_R_H04_C09_F01,5,Lightweight Arm Lift — Height Verification Only,extend_lift_phase(),0.5479169872958257,False
R_H04_C09_F01,diagnosed_LIFT_OBJECT_unanticipated__RQ2_R_H04_C09_F01,6,Heavy Duty Arm — Motor Overload During Lift,reduce_lift_speed(),0.5,False
R_H04_C09_F01,diagnosed_LIFT_OBJECT_unanticipated__RQ2_R_H04_C09_F01,7,Suction Arm Lift — Vacuum Loss,emergency_vacuum_pump(),0.3333333333333333,False
R_H04_C09_F02,diagnosed_LIFT_OBJECT_unanticipated__RQ2_R_H04_C09_F02,1,Lift Slip — Low Friction Surface,apply_vacuum_assist(),0.85,True
R_H04_C09_F02,diagnosed_LIFT_OBJECT_unanticipated__RQ2_R_H04_C09_F02,2,Parallel Arm Lift — Contact Loss,reposition_and_regrip(),0.7132183908045976,False
R_H04_C09_F02,diagnosed_LIFT_OBJECT_unanticipated__RQ2_R_H04_C09_F02,3,Cobot Industrial — Incremental Heavy Part Transfer,heavy_lift(),0.6825140809011776,False
R_H04_C09_F02,diagnosed_LIFT_OBJECT_unanticipated__RQ2_R_H04_C09_F02,4,Cobot Lift Failure — Grip Pressure,increase_grip_pressure(),0.5816091954022989,False
R_H04_C09_F02,diagnosed_LIFT_OBJECT_unanticipated__RQ2_R_H04_C09_F02,5,Lightweight Arm Lift — Height Verification Only,extend_lift_phase(),0.5479169872958257,False
R_H04_C09_F02,diagnosed_LIFT_OBJECT_unanticipated__RQ2_R_H04_C09_F02,6,Heavy Duty Arm — Motor Overload During Lift,reduce_lift_speed(),0.5,False
R_H04_C09_F02,diagnosed_LIFT_OBJECT_unanticipated__RQ2_R_H04_C09_F02,7,Suction Arm Lift — Vacuum Loss,emergency_vacuum_pump(),0.3333333333333333,False
R_H04_C09_F03,diagnosed_LIFT_OBJECT_unanticipated__RQ2_R_H04_C09_F03,1,Lift Slip — Low Friction Surface,apply_vacuum_assist(),0.8541666666666666,True
R_H04_C09_F03,diagnosed_LIFT_OBJECT_unanticipated__RQ2_R_H04_C09_F03,2,Parallel Arm Lift — Contact Loss,reposition_and_regrip(),0.7132183908045976,False
R_H04_C09_F03,diagnosed_LIFT_OBJECT_unanticipated__RQ2_R_H04_C09_F03,3,Cobot Industrial — Incremental Heavy Part Transfer,heavy_lift(),0.6825140809011776,False
R_H04_C09_F03,diagnosed_LIFT_OBJECT_unanticipated__RQ2_R_H04_C09_F03,4,Cobot Lift Failure — Grip Pressure,increase_grip_pressure(),0.5816091954022989,False
R_H04_C09_F03,diagnosed_LIFT_OBJECT_unanticipated__RQ2_R_H04_C09_F03,5,Lightweight Arm Lift — Height Verification Only,extend_lift_phase(),0.5479169872958257,False
R_H04_C09_F03,diagnosed_LIFT_OBJECT_unanticipated__RQ2_R_H04_C09_F03,6,Heavy Duty Arm — Motor Overload During Lift,reduce_lift_speed(),0.5,False
R_H04_C09_F03,diagnosed_LIFT_OBJECT_unanticipated__RQ2_R_H04_C09_F03,7,Suction Arm Lift — Vacuum Loss,emergency_vacuum_pump(),0.3333333333333333,False
R_H04_C09_F04,diagnosed_LIFT_OBJECT_unanticipated__RQ2_R_H04_C09_F04,1,Lift Slip — Low Friction Surface,apply_vacuum_assist(),0.8583333333333334,True
R_H04_C09_F04,diagnosed_LIFT_OBJECT_unanticipated__RQ2_R_H04_C09_F04,2,Parallel Arm Lift — Contact Loss,reposition_and_regrip(),0.7132183908045976,False
R_H04_C09_F04,diagnosed_LIFT_OBJECT_unanticipated__RQ2_R_H04_C09_F04,3,Cobot Industrial — Incremental Heavy Part Transfer,heavy_lift(),0.6825140809011776,False
R_H04_C09_F04,diagnosed_LIFT_OBJECT_unanticipated__RQ2_R_H04_C09_F04,4,Cobot Lift Failure — Grip Pressure,increase_grip_pressure(),0.5816091954022989,False
R_H04_C09_F04,diagnosed_LIFT_OBJECT_unanticipated__RQ2_R_H04_C09_F04,5,Lightweight Arm Lift — Height Verification Only,extend_lift_phase(),0.5479169872958257,False
R_H04_C09_F04,diagnosed_LIFT_OBJECT_unanticipated__RQ2_R_H04_C09_F04,6,Heavy Duty Arm — Motor Overload During Lift,reduce_lift_speed(),0.5,False
R_H04_C09_F04,diagnosed_LIFT_OBJECT_unanticipated__RQ2_R_H04_C09_F04,7,Suction Arm Lift — Vacuum Loss,emergency_vacuum_pump(),0.3333333333333333,False
R_H04_C09_F05,diagnosed_LIFT_OBJECT_unanticipated__RQ2_R_H04_C09_F05,1,Lift Slip — Low Friction Surface,apply_vacuum_assist(),0.8777777777777778,True
R_H04_C09_F05,diagnosed_LIFT_OBJECT_unanticipated__RQ2_R_H04_C09_F05,2,Parallel Arm Lift — Contact Loss,reposition_and_regrip(),0.7132183908045976,False
R_H04_C09_F05,diagnosed_LIFT_OBJECT_unanticipated__RQ2_R_H04_C09_F05,3,Cobot Industrial — Incremental Heavy Part Transfer,heavy_lift(),0.6825140809011776,False
R_H04_C09_F05,diagnosed_LIFT_OBJECT_unanticipated__RQ2_R_H04_C09_F05,4,Cobot Lift Failure — Grip Pressure,increase_grip_pressure(),0.5816091954022989,False
R_H04_C09_F05,diagnosed_LIFT_OBJECT_unanticipated__RQ2_R_H04_C09_F05,5,Lightweight Arm Lift — Height Verification Only,extend_lift_phase(),0.5479169872958257,False
R_H04_C09_F05,diagnosed_LIFT_OBJECT_unanticipated__RQ2_R_H04_C09_F05,6,Heavy Duty Arm — Motor Overload During Lift,reduce_lift_speed(),0.5,False
R_H04_C09_F05,diagnosed_LIFT_OBJECT_unanticipated__RQ2_R_H04_C09_F05,7,Suction Arm Lift — Vacuum Loss,emergency_vacuum_pump(),0.3333333333333333,False
R_H04_C09_F06,diagnosed_LIFT_OBJECT_unanticipated__RQ2_R_H04_C09_F06,1,Lift Slip — Low Friction Surface,apply_vacuum_assist(),0.8555555555555556,True
R_H04_C09_F06,diagnosed_LIFT_OBJECT_unanticipated__RQ2_R_H04_C09_F06,2,Parallel Arm Lift — Contact Loss,reposition_and_regrip(),0.7132183908045976,False
R_H04_C09_F06,diagnosed_LIFT_OBJECT_unanticipated__RQ2_R_H04_C09_F06,3,Cobot Industrial — Incremental Heavy Part Transfer,heavy_lift(),0.6825140809011776,False
R_H04_C09_F06,diagnosed_LIFT_OBJECT_unanticipated__RQ2_R_H04_C09_F06,4,Cobot Lift Failure — Grip Pressure,increase_grip_pressure(),0.5816091954022989,False
R_H04_C09_F06,diagnosed_LIFT_OBJECT_unanticipated__RQ2_R_H04_C09_F06,5,Lightweight Arm Lift — Height Verification Only,extend_lift_phase(),0.5479169872958257,False
R_H04_C09_F06,diagnosed_LIFT_OBJECT_unanticipated__RQ2_R_H04_C09_F06,6,Heavy Duty Arm — Motor Overload During Lift,reduce_lift_speed(),0.5,False
R_H04_C09_F06,diagnosed_LIFT_OBJECT_unanticipated__RQ2_R_H04_C09_F06,7,Suction Arm Lift — Vacuum Loss,emergency_vacuum_pump(),0.3333333333333333,False
R_H04_C09_F07,diagnosed_LIFT_OBJECT_unanticipated__RQ2_R_H04_C09_F07,1,Lift Slip — Low Friction Surface,apply_vacuum_assist(),0.8111111111111112,True
R_H04_C09_F07,diagnosed_LIFT_OBJECT_unanticipated__RQ2_R_H04_C09_F07,2,Parallel Arm Lift — Contact Loss,reposition_and_regrip(),0.7132183908045976,False
R_H04_C09_F07,diagnosed_LIFT_OBJECT_unanticipated__RQ2_R_H04_C09_F07,3,Cobot Industrial — Incremental Heavy Part Transfer,heavy_lift(),0.6825140809011776,False
R_H04_C09_F07,diagnosed_LIFT_OBJECT_unanticipated__RQ2_R_H04_C09_F07,4,Cobot Lift Failure — Grip Pressure,increase_grip_pressure(),0.5816091954022989,False
R_H04_C09_F07,diagnosed_LIFT_OBJECT_unanticipated__RQ2_R_H04_C09_F07,5,Lightweight Arm Lift — Height Verification Only,extend_lift_phase(),0.5479169872958257,False
R_H04_C09_F07,diagnosed_LIFT_OBJECT_unanticipated__RQ2_R_H04_C09_F07,6,Heavy Duty Arm — Motor Overload During Lift,reduce_lift_speed(),0.5,False
R_H04_C09_F07,diagnosed_LIFT_OBJECT_unanticipated__RQ2_R_H04_C09_F07,7,Suction Arm Lift — Vacuum Loss,emergency_vacuum_pump(),0.3333333333333333,False
R_H04_C09_F08,diagnosed_LIFT_OBJECT_unanticipated__RQ2_R_H04_C09_F08,1,Lift Slip — Low Friction Surface,apply_vacuum_assist(),0.771388888888889,True
R_H04_C09_F08,diagnosed_LIFT_OBJECT_unanticipated__RQ2_R_H04_C09_F08,2,Parallel Arm Lift — Contact Loss,reposition_and_regrip(),0.7132183908045976,False
R_H04_C09_F08,diagnosed_LIFT_OBJECT_unanticipated__RQ2_R_H04_C09_F08,3,Cobot Industrial — Incremental Heavy Part Transfer,heavy_lift(),0.6825140809011776,False
R_H04_C09_F08,diagnosed_LIFT_OBJECT_unanticipated__RQ2_R_H04_C09_F08,4,Cobot Lift Failure — Grip Pressure,increase_grip_pressure(),0.5816091954022989,False
R_H04_C09_F08,diagnosed_LIFT_OBJECT_unanticipated__RQ2_R_H04_C09_F08,5,Lightweight Arm Lift — Height Verification Only,extend_lift_phase(),0.5479169872958257,False
R_H04_C09_F08,diagnosed_LIFT_OBJECT_unanticipated__RQ2_R_H04_C09_F08,6,Heavy Duty Arm — Motor Overload During Lift,reduce_lift_speed(),0.5,False
R_H04_C09_F08,diagnosed_LIFT_OBJECT_unanticipated__RQ2_R_H04_C09_F08,7,Suction Arm Lift — Vacuum Loss,emergency_vacuum_pump(),0.3333333333333333,False
R_H04_C09_F09,diagnosed_LIFT_OBJECT_unanticipated__RQ2_R_H04_C09_F09,1,Lift Slip — Low Friction Surface,apply_vacuum_assist(),0.7666666666666666,True
R_H04_C09_F09,diagnosed_LIFT_OBJECT_unanticipated__RQ2_R_H04_C09_F09,2,Parallel Arm Lift — Contact Loss,reposition_and_regrip(),0.7132183908045976,False
R_H04_C09_F09,diagnosed_LIFT_OBJECT_unanticipated__RQ2_R_H04_C09_F09,3,Cobot Industrial — Incremental Heavy Part Transfer,heavy_lift(),0.6825140809011776,False
R_H04_C09_F09,diagnosed_LIFT_OBJECT_unanticipated__RQ2_R_H04_C09_F09,4,Cobot Lift Failure — Grip Pressure,increase_grip_pressure(),0.5816091954022989,False
R_H04_C09_F09,diagnosed_LIFT_OBJECT_unanticipated__RQ2_R_H04_C09_F09,5,Lightweight Arm Lift — Height Verification Only,extend_lift_phase(),0.5479169872958257,False
R_H04_C09_F09,diagnosed_LIFT_OBJECT_unanticipated__RQ2_R_H04_C09_F09,6,Heavy Duty Arm — Motor Overload During Lift,reduce_lift_speed(),0.5,False
R_H04_C09_F09,diagnosed_LIFT_OBJECT_unanticipated__RQ2_R_H04_C09_F09,7,Suction Arm Lift — Vacuum Loss,emergency_vacuum_pump(),0.3333333333333333,False
R_H04_C09_F10,diagnosed_LIFT_OBJECT_unanticipated__RQ2_R_H04_C09_F10,1,Lift Slip — Low Friction Surface,apply_vacuum_assist(),0.7666666666666666,True
R_H04_C09_F10,diagnosed_LIFT_OBJECT_unanticipated__RQ2_R_H04_C09_F10,2,Parallel Arm Lift — Contact Loss,reposition_and_regrip(),0.7132183908045976,False
R_H04_C09_F10,diagnosed_LIFT_OBJECT_unanticipated__RQ2_R_H04_C09_F10,3,Cobot Industrial — Incremental Heavy Part Transfer,heavy_lift(),0.6825140809011776,False
R_H04_C09_F10,diagnosed_LIFT_OBJECT_unanticipated__RQ2_R_H04_C09_F10,4,Cobot Lift Failure — Grip Pressure,increase_grip_pressure(),0.5816091954022989,False
R_H04_C09_F10,diagnosed_LIFT_OBJECT_unanticipated__RQ2_R_H04_C09_F10,5,Lightweight Arm Lift — Height Verification Only,extend_lift_phase(),0.5479169872958257,False
R_H04_C09_F10,diagnosed_LIFT_OBJECT_unanticipated__RQ2_R_H04_C09_F10,6,Heavy Duty Arm — Motor Overload During Lift,reduce_lift_speed(),0.5,False
R_H04_C09_F10,diagnosed_LIFT_OBJECT_unanticipated__RQ2_R_H04_C09_F10,7,Suction Arm Lift — Vacuum Loss,emergency_vacuum_pump(),0.3333333333333333,False
R_H04_C10_F01,diagnosed_LIFT_OBJECT_unanticipated__RQ2_R_H04_C10_F01,1,Lift Slip — Low Friction Surface,apply_vacuum_assist(),0.7944444444444444,True
R_H04_C10_F01,diagnosed_LIFT_OBJECT_unanticipated__RQ2_R_H04_C10_F01,2,Parallel Arm Lift — Contact Loss,reposition_and_regrip(),0.7132183908045976,False
R_H04_C10_F01,diagnosed_LIFT_OBJECT_unanticipated__RQ2_R_H04_C10_F01,3,Cobot Industrial — Incremental Heavy Part Transfer,heavy_lift(),0.6825140809011776,False
R_H04_C10_F01,diagnosed_LIFT_OBJECT_unanticipated__RQ2_R_H04_C10_F01,4,Cobot Lift Failure — Grip Pressure,increase_grip_pressure(),0.5816091954022989,False
R_H04_C10_F01,diagnosed_LIFT_OBJECT_unanticipated__RQ2_R_H04_C10_F01,5,Lightweight Arm Lift — Height Verification Only,extend_lift_phase(),0.5479169872958257,False
R_H04_C10_F01,diagnosed_LIFT_OBJECT_unanticipated__RQ2_R_H04_C10_F01,6,Heavy Duty Arm — Motor Overload During Lift,reduce_lift_speed(),0.5,False
R_H04_C10_F01,diagnosed_LIFT_OBJECT_unanticipated__RQ2_R_H04_C10_F01,7,Suction Arm Lift — Vacuum Loss,emergency_vacuum_pump(),0.3333333333333333,False
R_H04_C10_F02,diagnosed_LIFT_OBJECT_unanticipated__RQ2_R_H04_C10_F02,1,Lift Slip — Low Friction Surface,apply_vacuum_assist(),0.85,True
R_H04_C10_F02,diagnosed_LIFT_OBJECT_unanticipated__RQ2_R_H04_C10_F02,2,Parallel Arm Lift — Contact Loss,reposition_and_regrip(),0.7132183908045976,False
R_H04_C10_F02,diagnosed_LIFT_OBJECT_unanticipated__RQ2_R_H04_C10_F02,3,Cobot Industrial — Incremental Heavy Part Transfer,heavy_lift(),0.6825140809011776,False
R_H04_C10_F02,diagnosed_LIFT_OBJECT_unanticipated__RQ2_R_H04_C10_F02,4,Cobot Lift Failure — Grip Pressure,increase_grip_pressure(),0.5816091954022989,False
R_H04_C10_F02,diagnosed_LIFT_OBJECT_unanticipated__RQ2_R_H04_C10_F02,5,Lightweight Arm Lift — Height Verification Only,extend_lift_phase(),0.5479169872958257,False
R_H04_C10_F02,diagnosed_LIFT_OBJECT_unanticipated__RQ2_R_H04_C10_F02,6,Heavy Duty Arm — Motor Overload During Lift,reduce_lift_speed(),0.5,False
R_H04_C10_F02,diagnosed_LIFT_OBJECT_unanticipated__RQ2_R_H04_C10_F02,7,Suction Arm Lift — Vacuum Loss,emergency_vacuum_pump(),0.3333333333333333,False
R_H04_C10_F03,diagnosed_LIFT_OBJECT_unanticipated__RQ2_R_H04_C10_F03,1,Lift Slip — Low Friction Surface,apply_vacuum_assist(),0.8541666666666666,True
R_H04_C10_F03,diagnosed_LIFT_OBJECT_unanticipated__RQ2_R_H04_C10_F03,2,Parallel Arm Lift — Contact Loss,reposition_and_regrip(),0.7132183908045976,False
R_H04_C10_F03,diagnosed_LIFT_OBJECT_unanticipated__RQ2_R_H04_C10_F03,3,Cobot Industrial — Incremental Heavy Part Transfer,heavy_lift(),0.6825140809011776,False
R_H04_C10_F03,diagnosed_LIFT_OBJECT_unanticipated__RQ2_R_H04_C10_F03,4,Cobot Lift Failure — Grip Pressure,increase_grip_pressure(),0.5816091954022989,False
R_H04_C10_F03,diagnosed_LIFT_OBJECT_unanticipated__RQ2_R_H04_C10_F03,5,Lightweight Arm Lift — Height Verification Only,extend_lift_phase(),0.5479169872958257,False
R_H04_C10_F03,diagnosed_LIFT_OBJECT_unanticipated__RQ2_R_H04_C10_F03,6,Heavy Duty Arm — Motor Overload During Lift,reduce_lift_speed(),0.5,False
R_H04_C10_F03,diagnosed_LIFT_OBJECT_unanticipated__RQ2_R_H04_C10_F03,7,Suction Arm Lift — Vacuum Loss,emergency_vacuum_pump(),0.3333333333333333,False
R_H04_C10_F04,diagnosed_LIFT_OBJECT_unanticipated__RQ2_R_H04_C10_F04,1,Lift Slip — Low Friction Surface,apply_vacuum_assist(),0.8583333333333334,True
R_H04_C10_F04,diagnosed_LIFT_OBJECT_unanticipated__RQ2_R_H04_C10_F04,2,Parallel Arm Lift — Contact Loss,reposition_and_regrip(),0.7132183908045976,False
R_H04_C10_F04,diagnosed_LIFT_OBJECT_unanticipated__RQ2_R_H04_C10_F04,3,Cobot Industrial — Incremental Heavy Part Transfer,heavy_lift(),0.6825140809011776,False
R_H04_C10_F04,diagnosed_LIFT_OBJECT_unanticipated__RQ2_R_H04_C10_F04,4,Cobot Lift Failure — Grip Pressure,increase_grip_pressure(),0.5816091954022989,False
R_H04_C10_F04,diagnosed_LIFT_OBJECT_unanticipated__RQ2_R_H04_C10_F04,5,Lightweight Arm Lift — Height Verification Only,extend_lift_phase(),0.5479169872958257,False
R_H04_C10_F04,diagnosed_LIFT_OBJECT_unanticipated__RQ2_R_H04_C10_F04,6,Heavy Duty Arm — Motor Overload During Lift,reduce_lift_speed(),0.5,False
R_H04_C10_F04,diagnosed_LIFT_OBJECT_unanticipated__RQ2_R_H04_C10_F04,7,Suction Arm Lift — Vacuum Loss,emergency_vacuum_pump(),0.3333333333333333,False
R_H04_C10_F05,diagnosed_LIFT_OBJECT_unanticipated__RQ2_R_H04_C10_F05,1,Lift Slip — Low Friction Surface,apply_vacuum_assist(),0.8777777777777778,True
R_H04_C10_F05,diagnosed_LIFT_OBJECT_unanticipated__RQ2_R_H04_C10_F05,2,Parallel Arm Lift — Contact Loss,reposition_and_regrip(),0.7132183908045976,False
R_H04_C10_F05,diagnosed_LIFT_OBJECT_unanticipated__RQ2_R_H04_C10_F05,3,Cobot Industrial — Incremental Heavy Part Transfer,heavy_lift(),0.6825140809011776,False
R_H04_C10_F05,diagnosed_LIFT_OBJECT_unanticipated__RQ2_R_H04_C10_F05,4,Cobot Lift Failure — Grip Pressure,increase_grip_pressure(),0.5816091954022989,False
R_H04_C10_F05,diagnosed_LIFT_OBJECT_unanticipated__RQ2_R_H04_C10_F05,5,Lightweight Arm Lift — Height Verification Only,extend_lift_phase(),0.5479169872958257,False
R_H04_C10_F05,diagnosed_LIFT_OBJECT_unanticipated__RQ2_R_H04_C10_F05,6,Heavy Duty Arm — Motor Overload During Lift,reduce_lift_speed(),0.5,False
R_H04_C10_F05,diagnosed_LIFT_OBJECT_unanticipated__RQ2_R_H04_C10_F05,7,Suction Arm Lift — Vacuum Loss,emergency_vacuum_pump(),0.3333333333333333,False
R_H04_C10_F06,diagnosed_LIFT_OBJECT_unanticipated__RQ2_R_H04_C10_F06,1,Lift Slip — Low Friction Surface,apply_vacuum_assist(),0.8555555555555556,True
R_H04_C10_F06,diagnosed_LIFT_OBJECT_unanticipated__RQ2_R_H04_C10_F06,2,Parallel Arm Lift — Contact Loss,reposition_and_regrip(),0.7132183908045976,False
R_H04_C10_F06,diagnosed_LIFT_OBJECT_unanticipated__RQ2_R_H04_C10_F06,3,Cobot Industrial — Incremental Heavy Part Transfer,heavy_lift(),0.6825140809011776,False
R_H04_C10_F06,diagnosed_LIFT_OBJECT_unanticipated__RQ2_R_H04_C10_F06,4,Cobot Lift Failure — Grip Pressure,increase_grip_pressure(),0.5816091954022989,False
R_H04_C10_F06,diagnosed_LIFT_OBJECT_unanticipated__RQ2_R_H04_C10_F06,5,Lightweight Arm Lift — Height Verification Only,extend_lift_phase(),0.5479169872958257,False
R_H04_C10_F06,diagnosed_LIFT_OBJECT_unanticipated__RQ2_R_H04_C10_F06,6,Heavy Duty Arm — Motor Overload During Lift,reduce_lift_speed(),0.5,False
R_H04_C10_F06,diagnosed_LIFT_OBJECT_unanticipated__RQ2_R_H04_C10_F06,7,Suction Arm Lift — Vacuum Loss,emergency_vacuum_pump(),0.3333333333333333,False
R_H04_C10_F07,diagnosed_LIFT_OBJECT_unanticipated__RQ2_R_H04_C10_F07,1,Lift Slip — Low Friction Surface,apply_vacuum_assist(),0.8111111111111112,True
R_H04_C10_F07,diagnosed_LIFT_OBJECT_unanticipated__RQ2_R_H04_C10_F07,2,Parallel Arm Lift — Contact Loss,reposition_and_regrip(),0.7132183908045976,False
R_H04_C10_F07,diagnosed_LIFT_OBJECT_unanticipated__RQ2_R_H04_C10_F07,3,Cobot Industrial — Incremental Heavy Part Transfer,heavy_lift(),0.6825140809011776,False
R_H04_C10_F07,diagnosed_LIFT_OBJECT_unanticipated__RQ2_R_H04_C10_F07,4,Cobot Lift Failure — Grip Pressure,increase_grip_pressure(),0.5816091954022989,False
R_H04_C10_F07,diagnosed_LIFT_OBJECT_unanticipated__RQ2_R_H04_C10_F07,5,Lightweight Arm Lift — Height Verification Only,extend_lift_phase(),0.5479169872958257,False
R_H04_C10_F07,diagnosed_LIFT_OBJECT_unanticipated__RQ2_R_H04_C10_F07,6,Heavy Duty Arm — Motor Overload During Lift,reduce_lift_speed(),0.5,False
R_H04_C10_F07,diagnosed_LIFT_OBJECT_unanticipated__RQ2_R_H04_C10_F07,7,Suction Arm Lift — Vacuum Loss,emergency_vacuum_pump(),0.3333333333333333,False
R_H04_C10_F08,diagnosed_LIFT_OBJECT_unanticipated__RQ2_R_H04_C10_F08,1,Lift Slip — Low Friction Surface,apply_vacuum_assist(),0.771388888888889,True
R_H04_C10_F08,diagnosed_LIFT_OBJECT_unanticipated__RQ2_R_H04_C10_F08,2,Parallel Arm Lift — Contact Loss,reposition_and_regrip(),0.7132183908045976,False
R_H04_C10_F08,diagnosed_LIFT_OBJECT_unanticipated__RQ2_R_H04_C10_F08,3,Cobot Industrial — Incremental Heavy Part Transfer,heavy_lift(),0.6825140809011776,False
R_H04_C10_F08,diagnosed_LIFT_OBJECT_unanticipated__RQ2_R_H04_C10_F08,4,Cobot Lift Failure — Grip Pressure,increase_grip_pressure(),0.5816091954022989,False
R_H04_C10_F08,diagnosed_LIFT_OBJECT_unanticipated__RQ2_R_H04_C10_F08,5,Lightweight Arm Lift — Height Verification Only,extend_lift_phase(),0.5479169872958257,False
R_H04_C10_F08,diagnosed_LIFT_OBJECT_unanticipated__RQ2_R_H04_C10_F08,6,Heavy Duty Arm — Motor Overload During Lift,reduce_lift_speed(),0.5,False
R_H04_C10_F08,diagnosed_LIFT_OBJECT_unanticipated__RQ2_R_H04_C10_F08,7,Suction Arm Lift — Vacuum Loss,emergency_vacuum_pump(),0.3333333333333333,False
R_H04_C10_F09,diagnosed_LIFT_OBJECT_unanticipated__RQ2_R_H04_C10_F09,1,Lift Slip — Low Friction Surface,apply_vacuum_assist(),0.7666666666666666,True
R_H04_C10_F09,diagnosed_LIFT_OBJECT_unanticipated__RQ2_R_H04_C10_F09,2,Parallel Arm Lift — Contact Loss,reposition_and_regrip(),0.7132183908045976,False
R_H04_C10_F09,diagnosed_LIFT_OBJECT_unanticipated__RQ2_R_H04_C10_F09,3,Cobot Industrial — Incremental Heavy Part Transfer,heavy_lift(),0.6825140809011776,False
R_H04_C10_F09,diagnosed_LIFT_OBJECT_unanticipated__RQ2_R_H04_C10_F09,4,Cobot Lift Failure — Grip Pressure,increase_grip_pressure(),0.5816091954022989,False
R_H04_C10_F09,diagnosed_LIFT_OBJECT_unanticipated__RQ2_R_H04_C10_F09,5,Lightweight Arm Lift — Height Verification Only,extend_lift_phase(),0.5479169872958257,False
R_H04_C10_F09,diagnosed_LIFT_OBJECT_unanticipated__RQ2_R_H04_C10_F09,6,Heavy Duty Arm — Motor Overload During Lift,reduce_lift_speed(),0.5,False
R_H04_C10_F09,diagnosed_LIFT_OBJECT_unanticipated__RQ2_R_H04_C10_F09,7,Suction Arm Lift — Vacuum Loss,emergency_vacuum_pump(),0.3333333333333333,False
R_H04_C10_F10,diagnosed_LIFT_OBJECT_unanticipated__RQ2_R_H04_C10_F10,1,Lift Slip — Low Friction Surface,apply_vacuum_assist(),0.7666666666666666,True
R_H04_C10_F10,diagnosed_LIFT_OBJECT_unanticipated__RQ2_R_H04_C10_F10,2,Parallel Arm Lift — Contact Loss,reposition_and_regrip(),0.7132183908045976,False
R_H04_C10_F10,diagnosed_LIFT_OBJECT_unanticipated__RQ2_R_H04_C10_F10,3,Cobot Industrial — Incremental Heavy Part Transfer,heavy_lift(),0.6825140809011776,False
R_H04_C10_F10,diagnosed_LIFT_OBJECT_unanticipated__RQ2_R_H04_C10_F10,4,Cobot Lift Failure — Grip Pressure,increase_grip_pressure(),0.5816091954022989,False
R_H04_C10_F10,diagnosed_LIFT_OBJECT_unanticipated__RQ2_R_H04_C10_F10,5,Lightweight Arm Lift — Height Verification Only,extend_lift_phase(),0.5479169872958257,False
R_H04_C10_F10,diagnosed_LIFT_OBJECT_unanticipated__RQ2_R_H04_C10_F10,6,Heavy Duty Arm — Motor Overload During Lift,reduce_lift_speed(),0.5,False
R_H04_C10_F10,diagnosed_LIFT_OBJECT_unanticipated__RQ2_R_H04_C10_F10,7,Suction Arm Lift — Vacuum Loss,emergency_vacuum_pump(),0.3333333333333333,False
R_H05_C01_F01,diagnosed_LIFT_OBJECT_unanticipated__RQ2_R_H05_C01_F01,1,Lift Slip — Low Friction Surface,apply_vacuum_assist(),0.736111111111111,True
R_H05_C01_F01,diagnosed_LIFT_OBJECT_unanticipated__RQ2_R_H05_C01_F01,2,Parallel Arm Lift — Contact Loss,reposition_and_regrip(),0.6666666666666666,False
R_H05_C01_F01,diagnosed_LIFT_OBJECT_unanticipated__RQ2_R_H05_C01_F01,3,Cobot Industrial — Incremental Heavy Part Transfer,heavy_lift(),0.6507936507936508,False
R_H05_C01_F01,diagnosed_LIFT_OBJECT_unanticipated__RQ2_R_H05_C01_F01,4,Lightweight Arm Lift — Height Verification Only,extend_lift_phase(),0.5013652631578948,False
R_H05_C01_F01,diagnosed_LIFT_OBJECT_unanticipated__RQ2_R_H05_C01_F01,5,Cobot Lift Failure — Grip Pressure,increase_grip_pressure(),0.5,False
R_H05_C01_F01,diagnosed_LIFT_OBJECT_unanticipated__RQ2_R_H05_C01_F01,6,Heavy Duty Arm — Motor Overload During Lift,reduce_lift_speed(),0.5,False
R_H05_C01_F01,diagnosed_LIFT_OBJECT_unanticipated__RQ2_R_H05_C01_F01,7,Suction Arm Lift — Vacuum Loss,emergency_vacuum_pump(),0.3333333333333333,False
R_H05_C01_F02,diagnosed_LIFT_OBJECT_unanticipated__RQ2_R_H05_C01_F02,1,Lift Slip — Low Friction Surface,apply_vacuum_assist(),0.7916666666666666,True
R_H05_C01_F02,diagnosed_LIFT_OBJECT_unanticipated__RQ2_R_H05_C01_F02,2,Parallel Arm Lift — Contact Loss,reposition_and_regrip(),0.6666666666666666,False
R_H05_C01_F02,diagnosed_LIFT_OBJECT_unanticipated__RQ2_R_H05_C01_F02,3,Cobot Industrial — Incremental Heavy Part Transfer,heavy_lift(),0.6507936507936508,False
R_H05_C01_F02,diagnosed_LIFT_OBJECT_unanticipated__RQ2_R_H05_C01_F02,4,Lightweight Arm Lift — Height Verification Only,extend_lift_phase(),0.5013652631578948,False
R_H05_C01_F02,diagnosed_LIFT_OBJECT_unanticipated__RQ2_R_H05_C01_F02,5,Cobot Lift Failure — Grip Pressure,increase_grip_pressure(),0.5,False
R_H05_C01_F02,diagnosed_LIFT_OBJECT_unanticipated__RQ2_R_H05_C01_F02,6,Heavy Duty Arm — Motor Overload During Lift,reduce_lift_speed(),0.5,False
R_H05_C01_F02,diagnosed_LIFT_OBJECT_unanticipated__RQ2_R_H05_C01_F02,7,Suction Arm Lift — Vacuum Loss,emergency_vacuum_pump(),0.3333333333333333,False
R_H05_C01_F03,diagnosed_LIFT_OBJECT_unanticipated__RQ2_R_H05_C01_F03,1,Lift Slip — Low Friction Surface,apply_vacuum_assist(),0.7958333333333334,True
R_H05_C01_F03,diagnosed_LIFT_OBJECT_unanticipated__RQ2_R_H05_C01_F03,2,Parallel Arm Lift — Contact Loss,reposition_and_regrip(),0.6666666666666666,False
R_H05_C01_F03,diagnosed_LIFT_OBJECT_unanticipated__RQ2_R_H05_C01_F03,3,Cobot Industrial — Incremental Heavy Part Transfer,heavy_lift(),0.6507936507936508,False
R_H05_C01_F03,diagnosed_LIFT_OBJECT_unanticipated__RQ2_R_H05_C01_F03,4,Lightweight Arm Lift — Height Verification Only,extend_lift_phase(),0.5013652631578948,False
R_H05_C01_F03,diagnosed_LIFT_OBJECT_unanticipated__RQ2_R_H05_C01_F03,5,Cobot Lift Failure — Grip Pressure,increase_grip_pressure(),0.5,False
R_H05_C01_F03,diagnosed_LIFT_OBJECT_unanticipated__RQ2_R_H05_C01_F03,6,Heavy Duty Arm — Motor Overload During Lift,reduce_lift_speed(),0.5,False
R_H05_C01_F03,diagnosed_LIFT_OBJECT_unanticipated__RQ2_R_H05_C01_F03,7,Suction Arm Lift — Vacuum Loss,emergency_vacuum_pump(),0.3333333333333333,False
R_H05_C01_F04,diagnosed_LIFT_OBJECT_unanticipated__RQ2_R_H05_C01_F04,1,Lift Slip — Low Friction Surface,apply_vacuum_assist(),0.7999999999999999,True
R_H05_C01_F04,diagnosed_LIFT_OBJECT_unanticipated__RQ2_R_H05_C01_F04,2,Parallel Arm Lift — Contact Loss,reposition_and_regrip(),0.6666666666666666,False
R_H05_C01_F04,diagnosed_LIFT_OBJECT_unanticipated__RQ2_R_H05_C01_F04,3,Cobot Industrial — Incremental Heavy Part Transfer,heavy_lift(),0.6507936507936508,False
R_H05_C01_F04,diagnosed_LIFT_OBJECT_unanticipated__RQ2_R_H05_C01_F04,4,Lightweight Arm Lift — Height Verification Only,extend_lift_phase(),0.5013652631578948,False
R_H05_C01_F04,diagnosed_LIFT_OBJECT_unanticipated__RQ2_R_H05_C01_F04,5,Cobot Lift Failure — Grip Pressure,increase_grip_pressure(),0.5,False
R_H05_C01_F04,diagnosed_LIFT_OBJECT_unanticipated__RQ2_R_H05_C01_F04,6,Heavy Duty Arm — Motor Overload During Lift,reduce_lift_speed(),0.5,False
R_H05_C01_F04,diagnosed_LIFT_OBJECT_unanticipated__RQ2_R_H05_C01_F04,7,Suction Arm Lift — Vacuum Loss,emergency_vacuum_pump(),0.3333333333333333,False
R_H05_C01_F05,diagnosed_LIFT_OBJECT_unanticipated__RQ2_R_H05_C01_F05,1,Lift Slip — Low Friction Surface,apply_vacuum_assist(),0.8194444444444443,True
R_H05_C01_F05,diagnosed_LIFT_OBJECT_unanticipated__RQ2_R_H05_C01_F05,2,Parallel Arm Lift — Contact Loss,reposition_and_regrip(),0.6666666666666666,False
R_H05_C01_F05,diagnosed_LIFT_OBJECT_unanticipated__RQ2_R_H05_C01_F05,3,Cobot Industrial — Incremental Heavy Part Transfer,heavy_lift(),0.6507936507936508,False
R_H05_C01_F05,diagnosed_LIFT_OBJECT_unanticipated__RQ2_R_H05_C01_F05,4,Lightweight Arm Lift — Height Verification Only,extend_lift_phase(),0.5013652631578948,False
R_H05_C01_F05,diagnosed_LIFT_OBJECT_unanticipated__RQ2_R_H05_C01_F05,5,Cobot Lift Failure — Grip Pressure,increase_grip_pressure(),0.5,False
R_H05_C01_F05,diagnosed_LIFT_OBJECT_unanticipated__RQ2_R_H05_C01_F05,6,Heavy Duty Arm — Motor Overload During Lift,reduce_lift_speed(),0.5,False
R_H05_C01_F05,diagnosed_LIFT_OBJECT_unanticipated__RQ2_R_H05_C01_F05,7,Suction Arm Lift — Vacuum Loss,emergency_vacuum_pump(),0.3333333333333333,False
R_H05_C01_F06,diagnosed_LIFT_OBJECT_unanticipated__RQ2_R_H05_C01_F06,1,Lift Slip — Low Friction Surface,apply_vacuum_assist(),0.7972222222222222,True
R_H05_C01_F06,diagnosed_LIFT_OBJECT_unanticipated__RQ2_R_H05_C01_F06,2,Parallel Arm Lift — Contact Loss,reposition_and_regrip(),0.6666666666666666,False
R_H05_C01_F06,diagnosed_LIFT_OBJECT_unanticipated__RQ2_R_H05_C01_F06,3,Cobot Industrial — Incremental Heavy Part Transfer,heavy_lift(),0.6507936507936508,False
R_H05_C01_F06,diagnosed_LIFT_OBJECT_unanticipated__RQ2_R_H05_C01_F06,4,Lightweight Arm Lift — Height Verification Only,extend_lift_phase(),0.5013652631578948,False
R_H05_C01_F06,diagnosed_LIFT_OBJECT_unanticipated__RQ2_R_H05_C01_F06,5,Cobot Lift Failure — Grip Pressure,increase_grip_pressure(),0.5,False
R_H05_C01_F06,diagnosed_LIFT_OBJECT_unanticipated__RQ2_R_H05_C01_F06,6,Heavy Duty Arm — Motor Overload During Lift,reduce_lift_speed(),0.5,False
R_H05_C01_F06,diagnosed_LIFT_OBJECT_unanticipated__RQ2_R_H05_C01_F06,7,Suction Arm Lift — Vacuum Loss,emergency_vacuum_pump(),0.3333333333333333,False
R_H05_C01_F07,diagnosed_LIFT_OBJECT_unanticipated__RQ2_R_H05_C01_F07,1,Lift Slip — Low Friction Surface,apply_vacuum_assist(),0.7527777777777778,True
R_H05_C01_F07,diagnosed_LIFT_OBJECT_unanticipated__RQ2_R_H05_C01_F07,2,Parallel Arm Lift — Contact Loss,reposition_and_regrip(),0.6666666666666666,False
R_H05_C01_F07,diagnosed_LIFT_OBJECT_unanticipated__RQ2_R_H05_C01_F07,3,Cobot Industrial — Incremental Heavy Part Transfer,heavy_lift(),0.6507936507936508,False
R_H05_C01_F07,diagnosed_LIFT_OBJECT_unanticipated__RQ2_R_H05_C01_F07,4,Lightweight Arm Lift — Height Verification Only,extend_lift_phase(),0.5013652631578948,False
R_H05_C01_F07,diagnosed_LIFT_OBJECT_unanticipated__RQ2_R_H05_C01_F07,5,Cobot Lift Failure — Grip Pressure,increase_grip_pressure(),0.5,False
R_H05_C01_F07,diagnosed_LIFT_OBJECT_unanticipated__RQ2_R_H05_C01_F07,6,Heavy Duty Arm — Motor Overload During Lift,reduce_lift_speed(),0.5,False
R_H05_C01_F07,diagnosed_LIFT_OBJECT_unanticipated__RQ2_R_H05_C01_F07,7,Suction Arm Lift — Vacuum Loss,emergency_vacuum_pump(),0.3333333333333333,False
R_H05_C01_F08,diagnosed_LIFT_OBJECT_unanticipated__RQ2_R_H05_C01_F08,1,Lift Slip — Low Friction Surface,apply_vacuum_assist(),0.7130555555555556,True
R_H05_C01_F08,diagnosed_LIFT_OBJECT_unanticipated__RQ2_R_H05_C01_F08,2,Parallel Arm Lift — Contact Loss,reposition_and_regrip(),0.6666666666666666,False
R_H05_C01_F08,diagnosed_LIFT_OBJECT_unanticipated__RQ2_R_H05_C01_F08,3,Cobot Industrial — Incremental Heavy Part Transfer,heavy_lift(),0.6507936507936508,False
R_H05_C01_F08,diagnosed_LIFT_OBJECT_unanticipated__RQ2_R_H05_C01_F08,4,Lightweight Arm Lift — Height Verification Only,extend_lift_phase(),0.5013652631578948,False
R_H05_C01_F08,diagnosed_LIFT_OBJECT_unanticipated__RQ2_R_H05_C01_F08,5,Cobot Lift Failure — Grip Pressure,increase_grip_pressure(),0.5,False
R_H05_C01_F08,diagnosed_LIFT_OBJECT_unanticipated__RQ2_R_H05_C01_F08,6,Heavy Duty Arm — Motor Overload During Lift,reduce_lift_speed(),0.5,False
R_H05_C01_F08,diagnosed_LIFT_OBJECT_unanticipated__RQ2_R_H05_C01_F08,7,Suction Arm Lift — Vacuum Loss,emergency_vacuum_pump(),0.3333333333333333,False
R_H05_C01_F09,diagnosed_LIFT_OBJECT_unanticipated__RQ2_R_H05_C01_F09,1,Lift Slip — Low Friction Surface,apply_vacuum_assist(),0.7083333333333334,True
R_H05_C01_F09,diagnosed_LIFT_OBJECT_unanticipated__RQ2_R_H05_C01_F09,2,Parallel Arm Lift — Contact Loss,reposition_and_regrip(),0.6666666666666666,False
R_H05_C01_F09,diagnosed_LIFT_OBJECT_unanticipated__RQ2_R_H05_C01_F09,3,Cobot Industrial — Incremental Heavy Part Transfer,heavy_lift(),0.6507936507936508,False
R_H05_C01_F09,diagnosed_LIFT_OBJECT_unanticipated__RQ2_R_H05_C01_F09,4,Lightweight Arm Lift — Height Verification Only,extend_lift_phase(),0.5013652631578948,False
R_H05_C01_F09,diagnosed_LIFT_OBJECT_unanticipated__RQ2_R_H05_C01_F09,5,Cobot Lift Failure — Grip Pressure,increase_grip_pressure(),0.5,False
R_H05_C01_F09,diagnosed_LIFT_OBJECT_unanticipated__RQ2_R_H05_C01_F09,6,Heavy Duty Arm — Motor Overload During Lift,reduce_lift_speed(),0.5,False
R_H05_C01_F09,diagnosed_LIFT_OBJECT_unanticipated__RQ2_R_H05_C01_F09,7,Suction Arm Lift — Vacuum Loss,emergency_vacuum_pump(),0.3333333333333333,False
R_H05_C01_F10,diagnosed_LIFT_OBJECT_unanticipated__RQ2_R_H05_C01_F10,1,Lift Slip — Low Friction Surface,apply_vacuum_assist(),0.7083333333333334,True
R_H05_C01_F10,diagnosed_LIFT_OBJECT_unanticipated__RQ2_R_H05_C01_F10,2,Parallel Arm Lift — Contact Loss,reposition_and_regrip(),0.6666666666666666,False
R_H05_C01_F10,diagnosed_LIFT_OBJECT_unanticipated__RQ2_R_H05_C01_F10,3,Cobot Industrial — Incremental Heavy Part Transfer,heavy_lift(),0.6507936507936508,False
R_H05_C01_F10,diagnosed_LIFT_OBJECT_unanticipated__RQ2_R_H05_C01_F10,4,Lightweight Arm Lift — Height Verification Only,extend_lift_phase(),0.5013652631578948,False
R_H05_C01_F10,diagnosed_LIFT_OBJECT_unanticipated__RQ2_R_H05_C01_F10,5,Cobot Lift Failure — Grip Pressure,increase_grip_pressure(),0.5,False
R_H05_C01_F10,diagnosed_LIFT_OBJECT_unanticipated__RQ2_R_H05_C01_F10,6,Heavy Duty Arm — Motor Overload During Lift,reduce_lift_speed(),0.5,False
R_H05_C01_F10,diagnosed_LIFT_OBJECT_unanticipated__RQ2_R_H05_C01_F10,7,Suction Arm Lift — Vacuum Loss,emergency_vacuum_pump(),0.3333333333333333,False
R_H05_C02_F01,diagnosed_LIFT_OBJECT_unanticipated__RQ2_R_H05_C02_F01,1,Lift Slip — Low Friction Surface,apply_vacuum_assist(),0.8472222222222222,True
R_H05_C02_F01,diagnosed_LIFT_OBJECT_unanticipated__RQ2_R_H05_C02_F01,2,Parallel Arm Lift — Contact Loss,reposition_and_regrip(),0.7923850574712644,False
R_H05_C02_F01,diagnosed_LIFT_OBJECT_unanticipated__RQ2_R_H05_C02_F01,3,Cobot Industrial — Incremental Heavy Part Transfer,heavy_lift(),0.7616807475678442,False
R_H05_C02_F01,diagnosed_LIFT_OBJECT_unanticipated__RQ2_R_H05_C02_F01,4,Lightweight Arm Lift — Height Verification Only,extend_lift_phase(),0.6270836539624924,False
R_H05_C02_F01,diagnosed_LIFT_OBJECT_unanticipated__RQ2_R_H05_C02_F01,5,Cobot Lift Failure — Grip Pressure,increase_grip_pressure(),0.5,False
R_H05_C02_F01,diagnosed_LIFT_OBJECT_unanticipated__RQ2_R_H05_C02_F01,6,Heavy Duty Arm — Motor Overload During Lift,reduce_lift_speed(),0.5,False
R_H05_C02_F01,diagnosed_LIFT_OBJECT_unanticipated__RQ2_R_H05_C02_F01,7,Suction Arm Lift — Vacuum Loss,emergency_vacuum_pump(),0.3333333333333333,False
R_H05_C02_F02,diagnosed_LIFT_OBJECT_unanticipated__RQ2_R_H05_C02_F02,1,Lift Slip — Low Friction Surface,apply_vacuum_assist(),0.9027777777777778,True
R_H05_C02_F02,diagnosed_LIFT_OBJECT_unanticipated__RQ2_R_H05_C02_F02,2,Parallel Arm Lift — Contact Loss,reposition_and_regrip(),0.7923850574712644,False
R_H05_C02_F02,diagnosed_LIFT_OBJECT_unanticipated__RQ2_R_H05_C02_F02,3,Cobot Industrial — Incremental Heavy Part Transfer,heavy_lift(),0.7616807475678442,False
R_H05_C02_F02,diagnosed_LIFT_OBJECT_unanticipated__RQ2_R_H05_C02_F02,4,Lightweight Arm Lift — Height Verification Only,extend_lift_phase(),0.6270836539624924,False
R_H05_C02_F02,diagnosed_LIFT_OBJECT_unanticipated__RQ2_R_H05_C02_F02,5,Cobot Lift Failure — Grip Pressure,increase_grip_pressure(),0.5,False
R_H05_C02_F02,diagnosed_LIFT_OBJECT_unanticipated__RQ2_R_H05_C02_F02,6,Heavy Duty Arm — Motor Overload During Lift,reduce_lift_speed(),0.5,False
R_H05_C02_F02,diagnosed_LIFT_OBJECT_unanticipated__RQ2_R_H05_C02_F02,7,Suction Arm Lift — Vacuum Loss,emergency_vacuum_pump(),0.3333333333333333,False
R_H05_C02_F03,diagnosed_LIFT_OBJECT_unanticipated__RQ2_R_H05_C02_F03,1,Lift Slip — Low Friction Surface,apply_vacuum_assist(),0.9069444444444444,True
R_H05_C02_F03,diagnosed_LIFT_OBJECT_unanticipated__RQ2_R_H05_C02_F03,2,Parallel Arm Lift — Contact Loss,reposition_and_regrip(),0.7923850574712644,False
R_H05_C02_F03,diagnosed_LIFT_OBJECT_unanticipated__RQ2_R_H05_C02_F03,3,Cobot Industrial — Incremental Heavy Part Transfer,heavy_lift(),0.7616807475678442,False
R_H05_C02_F03,diagnosed_LIFT_OBJECT_unanticipated__RQ2_R_H05_C02_F03,4,Lightweight Arm Lift — Height Verification Only,extend_lift_phase(),0.6270836539624924,False
R_H05_C02_F03,diagnosed_LIFT_OBJECT_unanticipated__RQ2_R_H05_C02_F03,5,Cobot Lift Failure — Grip Pressure,increase_grip_pressure(),0.5,False
R_H05_C02_F03,diagnosed_LIFT_OBJECT_unanticipated__RQ2_R_H05_C02_F03,6,Heavy Duty Arm — Motor Overload During Lift,reduce_lift_speed(),0.5,False
R_H05_C02_F03,diagnosed_LIFT_OBJECT_unanticipated__RQ2_R_H05_C02_F03,7,Suction Arm Lift — Vacuum Loss,emergency_vacuum_pump(),0.3333333333333333,False
R_H05_C02_F04,diagnosed_LIFT_OBJECT_unanticipated__RQ2_R_H05_C02_F04,1,Lift Slip — Low Friction Surface,apply_vacuum_assist(),0.9111111111111111,True
R_H05_C02_F04,diagnosed_LIFT_OBJECT_unanticipated__RQ2_R_H05_C02_F04,2,Parallel Arm Lift — Contact Loss,reposition_and_regrip(),0.7923850574712644,False
R_H05_C02_F04,diagnosed_LIFT_OBJECT_unanticipated__RQ2_R_H05_C02_F04,3,Cobot Industrial — Incremental Heavy Part Transfer,heavy_lift(),0.7616807475678442,False
R_H05_C02_F04,diagnosed_LIFT_OBJECT_unanticipated__RQ2_R_H05_C02_F04,4,Lightweight Arm Lift — Height Verification Only,extend_lift_phase(),0.6270836539624924,False
R_H05_C02_F04,diagnosed_LIFT_OBJECT_unanticipated__RQ2_R_H05_C02_F04,5,Cobot Lift Failure — Grip Pressure,increase_grip_pressure(),0.5,False
R_H05_C02_F04,diagnosed_LIFT_OBJECT_unanticipated__RQ2_R_H05_C02_F04,6,Heavy Duty Arm — Motor Overload During Lift,reduce_lift_speed(),0.5,False
R_H05_C02_F04,diagnosed_LIFT_OBJECT_unanticipated__RQ2_R_H05_C02_F04,7,Suction Arm Lift — Vacuum Loss,emergency_vacuum_pump(),0.3333333333333333,False
R_H05_C02_F05,diagnosed_LIFT_OBJECT_unanticipated__RQ2_R_H05_C02_F05,1,Lift Slip — Low Friction Surface,apply_vacuum_assist(),0.9305555555555555,True
R_H05_C02_F05,diagnosed_LIFT_OBJECT_unanticipated__RQ2_R_H05_C02_F05,2,Parallel Arm Lift — Contact Loss,reposition_and_regrip(),0.7923850574712644,False
R_H05_C02_F05,diagnosed_LIFT_OBJECT_unanticipated__RQ2_R_H05_C02_F05,3,Cobot Industrial — Incremental Heavy Part Transfer,heavy_lift(),0.7616807475678442,False
R_H05_C02_F05,diagnosed_LIFT_OBJECT_unanticipated__RQ2_R_H05_C02_F05,4,Lightweight Arm Lift — Height Verification Only,extend_lift_phase(),0.6270836539624924,False
R_H05_C02_F05,diagnosed_LIFT_OBJECT_unanticipated__RQ2_R_H05_C02_F05,5,Cobot Lift Failure — Grip Pressure,increase_grip_pressure(),0.5,False
R_H05_C02_F05,diagnosed_LIFT_OBJECT_unanticipated__RQ2_R_H05_C02_F05,6,Heavy Duty Arm — Motor Overload During Lift,reduce_lift_speed(),0.5,False
R_H05_C02_F05,diagnosed_LIFT_OBJECT_unanticipated__RQ2_R_H05_C02_F05,7,Suction Arm Lift — Vacuum Loss,emergency_vacuum_pump(),0.3333333333333333,False
R_H05_C02_F06,diagnosed_LIFT_OBJECT_unanticipated__RQ2_R_H05_C02_F06,1,Lift Slip — Low Friction Surface,apply_vacuum_assist(),0.9083333333333333,True
R_H05_C02_F06,diagnosed_LIFT_OBJECT_unanticipated__RQ2_R_H05_C02_F06,2,Parallel Arm Lift — Contact Loss,reposition_and_regrip(),0.7923850574712644,False
R_H05_C02_F06,diagnosed_LIFT_OBJECT_unanticipated__RQ2_R_H05_C02_F06,3,Cobot Industrial — Incremental Heavy Part Transfer,heavy_lift(),0.7616807475678442,False
R_H05_C02_F06,diagnosed_LIFT_OBJECT_unanticipated__RQ2_R_H05_C02_F06,4,Lightweight Arm Lift — Height Verification Only,extend_lift_phase(),0.6270836539624924,False
R_H05_C02_F06,diagnosed_LIFT_OBJECT_unanticipated__RQ2_R_H05_C02_F06,5,Cobot Lift Failure — Grip Pressure,increase_grip_pressure(),0.5,False
R_H05_C02_F06,diagnosed_LIFT_OBJECT_unanticipated__RQ2_R_H05_C02_F06,6,Heavy Duty Arm — Motor Overload During Lift,reduce_lift_speed(),0.5,False
R_H05_C02_F06,diagnosed_LIFT_OBJECT_unanticipated__RQ2_R_H05_C02_F06,7,Suction Arm Lift — Vacuum Loss,emergency_vacuum_pump(),0.3333333333333333,False
R_H05_C02_F07,diagnosed_LIFT_OBJECT_unanticipated__RQ2_R_H05_C02_F07,1,Lift Slip — Low Friction Surface,apply_vacuum_assist(),0.8638888888888889,True
R_H05_C02_F07,diagnosed_LIFT_OBJECT_unanticipated__RQ2_R_H05_C02_F07,2,Parallel Arm Lift — Contact Loss,reposition_and_regrip(),0.7923850574712644,False
R_H05_C02_F07,diagnosed_LIFT_OBJECT_unanticipated__RQ2_R_H05_C02_F07,3,Cobot Industrial — Incremental Heavy Part Transfer,heavy_lift(),0.7616807475678442,False
R_H05_C02_F07,diagnosed_LIFT_OBJECT_unanticipated__RQ2_R_H05_C02_F07,4,Lightweight Arm Lift — Height Verification Only,extend_lift_phase(),0.6270836539624924,False
R_H05_C02_F07,diagnosed_LIFT_OBJECT_unanticipated__RQ2_R_H05_C02_F07,5,Cobot Lift Failure — Grip Pressure,increase_grip_pressure(),0.5,False
R_H05_C02_F07,diagnosed_LIFT_OBJECT_unanticipated__RQ2_R_H05_C02_F07,6,Heavy Duty Arm — Motor Overload During Lift,reduce_lift_speed(),0.5,False
R_H05_C02_F07,diagnosed_LIFT_OBJECT_unanticipated__RQ2_R_H05_C02_F07,7,Suction Arm Lift — Vacuum Loss,emergency_vacuum_pump(),0.3333333333333333,False
R_H05_C02_F08,diagnosed_LIFT_OBJECT_unanticipated__RQ2_R_H05_C02_F08,1,Lift Slip — Low Friction Surface,apply_vacuum_assist(),0.8241666666666667,True
R_H05_C02_F08,diagnosed_LIFT_OBJECT_unanticipated__RQ2_R_H05_C02_F08,2,Parallel Arm Lift — Contact Loss,reposition_and_regrip(),0.7923850574712644,False
R_H05_C02_F08,diagnosed_LIFT_OBJECT_unanticipated__RQ2_R_H05_C02_F08,3,Cobot Industrial — Incremental Heavy Part Transfer,heavy_lift(),0.7616807475678442,False
R_H05_C02_F08,diagnosed_LIFT_OBJECT_unanticipated__RQ2_R_H05_C02_F08,4,Lightweight Arm Lift — Height Verification Only,extend_lift_phase(),0.6270836539624924,False
R_H05_C02_F08,diagnosed_LIFT_OBJECT_unanticipated__RQ2_R_H05_C02_F08,5,Cobot Lift Failure — Grip Pressure,increase_grip_pressure(),0.5,False
R_H05_C02_F08,diagnosed_LIFT_OBJECT_unanticipated__RQ2_R_H05_C02_F08,6,Heavy Duty Arm — Motor Overload During Lift,reduce_lift_speed(),0.5,False
R_H05_C02_F08,diagnosed_LIFT_OBJECT_unanticipated__RQ2_R_H05_C02_F08,7,Suction Arm Lift — Vacuum Loss,emergency_vacuum_pump(),0.3333333333333333,False
R_H05_C02_F09,diagnosed_LIFT_OBJECT_unanticipated__RQ2_R_H05_C02_F09,1,Lift Slip — Low Friction Surface,apply_vacuum_assist(),0.8194444444444443,True
R_H05_C02_F09,diagnosed_LIFT_OBJECT_unanticipated__RQ2_R_H05_C02_F09,2,Parallel Arm Lift — Contact Loss,reposition_and_regrip(),0.7923850574712644,False
R_H05_C02_F09,diagnosed_LIFT_OBJECT_unanticipated__RQ2_R_H05_C02_F09,3,Cobot Industrial — Incremental Heavy Part Transfer,heavy_lift(),0.7616807475678442,False
R_H05_C02_F09,diagnosed_LIFT_OBJECT_unanticipated__RQ2_R_H05_C02_F09,4,Lightweight Arm Lift — Height Verification Only,extend_lift_phase(),0.6270836539624924,False
R_H05_C02_F09,diagnosed_LIFT_OBJECT_unanticipated__RQ2_R_H05_C02_F09,5,Cobot Lift Failure — Grip Pressure,increase_grip_pressure(),0.5,False
R_H05_C02_F09,diagnosed_LIFT_OBJECT_unanticipated__RQ2_R_H05_C02_F09,6,Heavy Duty Arm — Motor Overload During Lift,reduce_lift_speed(),0.5,False
R_H05_C02_F09,diagnosed_LIFT_OBJECT_unanticipated__RQ2_R_H05_C02_F09,7,Suction Arm Lift — Vacuum Loss,emergency_vacuum_pump(),0.3333333333333333,False
R_H05_C02_F10,diagnosed_LIFT_OBJECT_unanticipated__RQ2_R_H05_C02_F10,1,Lift Slip — Low Friction Surface,apply_vacuum_assist(),0.8194444444444443,True
R_H05_C02_F10,diagnosed_LIFT_OBJECT_unanticipated__RQ2_R_H05_C02_F10,2,Parallel Arm Lift — Contact Loss,reposition_and_regrip(),0.7923850574712644,False
R_H05_C02_F10,diagnosed_LIFT_OBJECT_unanticipated__RQ2_R_H05_C02_F10,3,Cobot Industrial — Incremental Heavy Part Transfer,heavy_lift(),0.7616807475678442,False
R_H05_C02_F10,diagnosed_LIFT_OBJECT_unanticipated__RQ2_R_H05_C02_F10,4,Lightweight Arm Lift — Height Verification Only,extend_lift_phase(),0.6270836539624924,False
R_H05_C02_F10,diagnosed_LIFT_OBJECT_unanticipated__RQ2_R_H05_C02_F10,5,Cobot Lift Failure — Grip Pressure,increase_grip_pressure(),0.5,False
R_H05_C02_F10,diagnosed_LIFT_OBJECT_unanticipated__RQ2_R_H05_C02_F10,6,Heavy Duty Arm — Motor Overload During Lift,reduce_lift_speed(),0.5,False
R_H05_C02_F10,diagnosed_LIFT_OBJECT_unanticipated__RQ2_R_H05_C02_F10,7,Suction Arm Lift — Vacuum Loss,emergency_vacuum_pump(),0.3333333333333333,False
R_H05_C03_F01,diagnosed_LIFT_OBJECT_unanticipated__RQ2_R_H05_C03_F01,1,Lift Slip — Low Friction Surface,apply_vacuum_assist(),0.7916666666666666,True
R_H05_C03_F01,diagnosed_LIFT_OBJECT_unanticipated__RQ2_R_H05_C03_F01,2,Parallel Arm Lift — Contact Loss,reposition_and_regrip(),0.709051724137931,False
R_H05_C03_F01,diagnosed_LIFT_OBJECT_unanticipated__RQ2_R_H05_C03_F01,3,Cobot Industrial — Incremental Heavy Part Transfer,heavy_lift(),0.6783474142345108,False
R_H05_C03_F01,diagnosed_LIFT_OBJECT_unanticipated__RQ2_R_H05_C03_F01,4,Lightweight Arm Lift — Height Verification Only,extend_lift_phase(),0.5437503206291591,False
R_H05_C03_F01,diagnosed_LIFT_OBJECT_unanticipated__RQ2_R_H05_C03_F01,5,Cobot Lift Failure — Grip Pressure,increase_grip_pressure(),0.5,False
R_H05_C03_F01,diagnosed_LIFT_OBJECT_unanticipated__RQ2_R_H05_C03_F01,6,Heavy Duty Arm — Motor Overload During Lift,reduce_lift_speed(),0.5,False
R_H05_C03_F01,diagnosed_LIFT_OBJECT_unanticipated__RQ2_R_H05_C03_F01,7,Suction Arm Lift — Vacuum Loss,emergency_vacuum_pump(),0.3333333333333333,False
R_H05_C03_F02,diagnosed_LIFT_OBJECT_unanticipated__RQ2_R_H05_C03_F02,1,Lift Slip — Low Friction Surface,apply_vacuum_assist(),0.8472222222222222,True
R_H05_C03_F02,diagnosed_LIFT_OBJECT_unanticipated__RQ2_R_H05_C03_F02,2,Parallel Arm Lift — Contact Loss,reposition_and_regrip(),0.709051724137931,False
R_H05_C03_F02,diagnosed_LIFT_OBJECT_unanticipated__RQ2_R_H05_C03_F02,3,Cobot Industrial — Incremental Heavy Part Transfer,heavy_lift(),0.6783474142345108,False
R_H05_C03_F02,diagnosed_LIFT_OBJECT_unanticipated__RQ2_R_H05_C03_F02,4,Lightweight Arm Lift — Height Verification Only,extend_lift_phase(),0.5437503206291591,False
R_H05_C03_F02,diagnosed_LIFT_OBJECT_unanticipated__RQ2_R_H05_C03_F02,5,Cobot Lift Failure — Grip Pressure,increase_grip_pressure(),0.5,False
R_H05_C03_F02,diagnosed_LIFT_OBJECT_unanticipated__RQ2_R_H05_C03_F02,6,Heavy Duty Arm — Motor Overload During Lift,reduce_lift_speed(),0.5,False
R_H05_C03_F02,diagnosed_LIFT_OBJECT_unanticipated__RQ2_R_H05_C03_F02,7,Suction Arm Lift — Vacuum Loss,emergency_vacuum_pump(),0.3333333333333333,False
R_H05_C03_F03,diagnosed_LIFT_OBJECT_unanticipated__RQ2_R_H05_C03_F03,1,Lift Slip — Low Friction Surface,apply_vacuum_assist(),0.8513888888888889,True
R_H05_C03_F03,diagnosed_LIFT_OBJECT_unanticipated__RQ2_R_H05_C03_F03,2,Parallel Arm Lift — Contact Loss,reposition_and_regrip(),0.709051724137931,False
R_H05_C03_F03,diagnosed_LIFT_OBJECT_unanticipated__RQ2_R_H05_C03_F03,3,Cobot Industrial — Incremental Heavy Part Transfer,heavy_lift(),0.6783474142345108,False
R_H05_C03_F03,diagnosed_LIFT_OBJECT_unanticipated__RQ2_R_H05_C03_F03,4,Lightweight Arm Lift — Height Verification Only,extend_lift_phase(),0.5437503206291591,False
R_H05_C03_F03,diagnosed_LIFT_OBJECT_unanticipated__RQ2_R_H05_C03_F03,5,Cobot Lift Failure — Grip Pressure,increase_grip_pressure(),0.5,False
R_H05_C03_F03,diagnosed_LIFT_OBJECT_unanticipated__RQ2_R_H05_C03_F03,6,Heavy Duty Arm — Motor Overload During Lift,reduce_lift_speed(),0.5,False
R_H05_C03_F03,diagnosed_LIFT_OBJECT_unanticipated__RQ2_R_H05_C03_F03,7,Suction Arm Lift — Vacuum Loss,emergency_vacuum_pump(),0.3333333333333333,False
R_H05_C03_F04,diagnosed_LIFT_OBJECT_unanticipated__RQ2_R_H05_C03_F04,1,Lift Slip — Low Friction Surface,apply_vacuum_assist(),0.8555555555555555,True
R_H05_C03_F04,diagnosed_LIFT_OBJECT_unanticipated__RQ2_R_H05_C03_F04,2,Parallel Arm Lift — Contact Loss,reposition_and_regrip(),0.709051724137931,False
R_H05_C03_F04,diagnosed_LIFT_OBJECT_unanticipated__RQ2_R_H05_C03_F04,3,Cobot Industrial — Incremental Heavy Part Transfer,heavy_lift(),0.6783474142345108,False
R_H05_C03_F04,diagnosed_LIFT_OBJECT_unanticipated__RQ2_R_H05_C03_F04,4,Lightweight Arm Lift — Height Verification Only,extend_lift_phase(),0.5437503206291591,False
R_H05_C03_F04,diagnosed_LIFT_OBJECT_unanticipated__RQ2_R_H05_C03_F04,5,Cobot Lift Failure — Grip Pressure,increase_grip_pressure(),0.5,False
R_H05_C03_F04,diagnosed_LIFT_OBJECT_unanticipated__RQ2_R_H05_C03_F04,6,Heavy Duty Arm — Motor Overload During Lift,reduce_lift_speed(),0.5,False
R_H05_C03_F04,diagnosed_LIFT_OBJECT_unanticipated__RQ2_R_H05_C03_F04,7,Suction Arm Lift — Vacuum Loss,emergency_vacuum_pump(),0.3333333333333333,False
R_H05_C03_F05,diagnosed_LIFT_OBJECT_unanticipated__RQ2_R_H05_C03_F05,1,Lift Slip — Low Friction Surface,apply_vacuum_assist(),0.875,True
R_H05_C03_F05,diagnosed_LIFT_OBJECT_unanticipated__RQ2_R_H05_C03_F05,2,Parallel Arm Lift — Contact Loss,reposition_and_regrip(),0.709051724137931,False
R_H05_C03_F05,diagnosed_LIFT_OBJECT_unanticipated__RQ2_R_H05_C03_F05,3,Cobot Industrial — Incremental Heavy Part Transfer,heavy_lift(),0.6783474142345108,False
R_H05_C03_F05,diagnosed_LIFT_OBJECT_unanticipated__RQ2_R_H05_C03_F05,4,Lightweight Arm Lift — Height Verification Only,extend_lift_phase(),0.5437503206291591,False
R_H05_C03_F05,diagnosed_LIFT_OBJECT_unanticipated__RQ2_R_H05_C03_F05,5,Cobot Lift Failure — Grip Pressure,increase_grip_pressure(),0.5,False
R_H05_C03_F05,diagnosed_LIFT_OBJECT_unanticipated__RQ2_R_H05_C03_F05,6,Heavy Duty Arm — Motor Overload During Lift,reduce_lift_speed(),0.5,False
R_H05_C03_F05,diagnosed_LIFT_OBJECT_unanticipated__RQ2_R_H05_C03_F05,7,Suction Arm Lift — Vacuum Loss,emergency_vacuum_pump(),0.3333333333333333,False
R_H05_C03_F06,diagnosed_LIFT_OBJECT_unanticipated__RQ2_R_H05_C03_F06,1,Lift Slip — Low Friction Surface,apply_vacuum_assist(),0.8527777777777779,True
R_H05_C03_F06,diagnosed_LIFT_OBJECT_unanticipated__RQ2_R_H05_C03_F06,2,Parallel Arm Lift — Contact Loss,reposition_and_regrip(),0.709051724137931,False
R_H05_C03_F06,diagnosed_LIFT_OBJECT_unanticipated__RQ2_R_H05_C03_F06,3,Cobot Industrial — Incremental Heavy Part Transfer,heavy_lift(),0.6783474142345108,False
R_H05_C03_F06,diagnosed_LIFT_OBJECT_unanticipated__RQ2_R_H05_C03_F06,4,Lightweight Arm Lift — Height Verification Only,extend_lift_phase(),0.5437503206291591,False
R_H05_C03_F06,diagnosed_LIFT_OBJECT_unanticipated__RQ2_R_H05_C03_F06,5,Cobot Lift Failure — Grip Pressure,increase_grip_pressure(),0.5,False
R_H05_C03_F06,diagnosed_LIFT_OBJECT_unanticipated__RQ2_R_H05_C03_F06,6,Heavy Duty Arm — Motor Overload During Lift,reduce_lift_speed(),0.5,False
R_H05_C03_F06,diagnosed_LIFT_OBJECT_unanticipated__RQ2_R_H05_C03_F06,7,Suction Arm Lift — Vacuum Loss,emergency_vacuum_pump(),0.3333333333333333,False
R_H05_C03_F07,diagnosed_LIFT_OBJECT_unanticipated__RQ2_R_H05_C03_F07,1,Lift Slip — Low Friction Surface,apply_vacuum_assist(),0.8083333333333332,True
R_H05_C03_F07,diagnosed_LIFT_OBJECT_unanticipated__RQ2_R_H05_C03_F07,2,Parallel Arm Lift — Contact Loss,reposition_and_regrip(),0.709051724137931,False
R_H05_C03_F07,diagnosed_LIFT_OBJECT_unanticipated__RQ2_R_H05_C03_F07,3,Cobot Industrial — Incremental Heavy Part Transfer,heavy_lift(),0.6783474142345108,False
R_H05_C03_F07,diagnosed_LIFT_OBJECT_unanticipated__RQ2_R_H05_C03_F07,4,Lightweight Arm Lift — Height Verification Only,extend_lift_phase(),0.5437503206291591,False
R_H05_C03_F07,diagnosed_LIFT_OBJECT_unanticipated__RQ2_R_H05_C03_F07,5,Cobot Lift Failure — Grip Pressure,increase_grip_pressure(),0.5,False
R_H05_C03_F07,diagnosed_LIFT_OBJECT_unanticipated__RQ2_R_H05_C03_F07,6,Heavy Duty Arm — Motor Overload During Lift,reduce_lift_speed(),0.5,False
R_H05_C03_F07,diagnosed_LIFT_OBJECT_unanticipated__RQ2_R_H05_C03_F07,7,Suction Arm Lift — Vacuum Loss,emergency_vacuum_pump(),0.3333333333333333,False
R_H05_C03_F08,diagnosed_LIFT_OBJECT_unanticipated__RQ2_R_H05_C03_F08,1,Lift Slip — Low Friction Surface,apply_vacuum_assist(),0.768611111111111,True
R_H05_C03_F08,diagnosed_LIFT_OBJECT_unanticipated__RQ2_R_H05_C03_F08,2,Parallel Arm Lift — Contact Loss,reposition_and_regrip(),0.709051724137931,False
R_H05_C03_F08,diagnosed_LIFT_OBJECT_unanticipated__RQ2_R_H05_C03_F08,3,Cobot Industrial — Incremental Heavy Part Transfer,heavy_lift(),0.6783474142345108,False
R_H05_C03_F08,diagnosed_LIFT_OBJECT_unanticipated__RQ2_R_H05_C03_F08,4,Lightweight Arm Lift — Height Verification Only,extend_lift_phase(),0.5437503206291591,False
R_H05_C03_F08,diagnosed_LIFT_OBJECT_unanticipated__RQ2_R_H05_C03_F08,5,Cobot Lift Failure — Grip Pressure,increase_grip_pressure(),0.5,False
R_H05_C03_F08,diagnosed_LIFT_OBJECT_unanticipated__RQ2_R_H05_C03_F08,6,Heavy Duty Arm — Motor Overload During Lift,reduce_lift_speed(),0.5,False
R_H05_C03_F08,diagnosed_LIFT_OBJECT_unanticipated__RQ2_R_H05_C03_F08,7,Suction Arm Lift — Vacuum Loss,emergency_vacuum_pump(),0.3333333333333333,False
R_H05_C03_F09,diagnosed_LIFT_OBJECT_unanticipated__RQ2_R_H05_C03_F09,1,Lift Slip — Low Friction Surface,apply_vacuum_assist(),0.763888888888889,True
R_H05_C03_F09,diagnosed_LIFT_OBJECT_unanticipated__RQ2_R_H05_C03_F09,2,Parallel Arm Lift — Contact Loss,reposition_and_regrip(),0.709051724137931,False
R_H05_C03_F09,diagnosed_LIFT_OBJECT_unanticipated__RQ2_R_H05_C03_F09,3,Cobot Industrial — Incremental Heavy Part Transfer,heavy_lift(),0.6783474142345108,False
R_H05_C03_F09,diagnosed_LIFT_OBJECT_unanticipated__RQ2_R_H05_C03_F09,4,Lightweight Arm Lift — Height Verification Only,extend_lift_phase(),0.5437503206291591,False
R_H05_C03_F09,diagnosed_LIFT_OBJECT_unanticipated__RQ2_R_H05_C03_F09,5,Cobot Lift Failure — Grip Pressure,increase_grip_pressure(),0.5,False
R_H05_C03_F09,diagnosed_LIFT_OBJECT_unanticipated__RQ2_R_H05_C03_F09,6,Heavy Duty Arm — Motor Overload During Lift,reduce_lift_speed(),0.5,False
R_H05_C03_F09,diagnosed_LIFT_OBJECT_unanticipated__RQ2_R_H05_C03_F09,7,Suction Arm Lift — Vacuum Loss,emergency_vacuum_pump(),0.3333333333333333,False
R_H05_C03_F10,diagnosed_LIFT_OBJECT_unanticipated__RQ2_R_H05_C03_F10,1,Lift Slip — Low Friction Surface,apply_vacuum_assist(),0.763888888888889,True
R_H05_C03_F10,diagnosed_LIFT_OBJECT_unanticipated__RQ2_R_H05_C03_F10,2,Parallel Arm Lift — Contact Loss,reposition_and_regrip(),0.709051724137931,False
R_H05_C03_F10,diagnosed_LIFT_OBJECT_unanticipated__RQ2_R_H05_C03_F10,3,Cobot Industrial — Incremental Heavy Part Transfer,heavy_lift(),0.6783474142345108,False
R_H05_C03_F10,diagnosed_LIFT_OBJECT_unanticipated__RQ2_R_H05_C03_F10,4,Lightweight Arm Lift — Height Verification Only,extend_lift_phase(),0.5437503206291591,False
R_H05_C03_F10,diagnosed_LIFT_OBJECT_unanticipated__RQ2_R_H05_C03_F10,5,Cobot Lift Failure — Grip Pressure,increase_grip_pressure(),0.5,False
R_H05_C03_F10,diagnosed_LIFT_OBJECT_unanticipated__RQ2_R_H05_C03_F10,6,Heavy Duty Arm — Motor Overload During Lift,reduce_lift_speed(),0.5,False
R_H05_C03_F10,diagnosed_LIFT_OBJECT_unanticipated__RQ2_R_H05_C03_F10,7,Suction Arm Lift — Vacuum Loss,emergency_vacuum_pump(),0.3333333333333333,False
R_H05_C04_F01,diagnosed_LIFT_OBJECT_unanticipated__RQ2_R_H05_C04_F01,1,Lift Slip — Low Friction Surface,apply_vacuum_assist(),0.7731477777777777,True
R_H05_C04_F01,diagnosed_LIFT_OBJECT_unanticipated__RQ2_R_H05_C04_F01,2,Parallel Arm Lift — Contact Loss,reposition_and_regrip(),0.6812733908045977,False
R_H05_C04_F01,diagnosed_LIFT_OBJECT_unanticipated__RQ2_R_H05_C04_F01,3,Cobot Industrial — Incremental Heavy Part Transfer,heavy_lift(),0.6507936507936508,False
R_H05_C04_F01,diagnosed_LIFT_OBJECT_unanticipated__RQ2_R_H05_C04_F01,4,Lightweight Arm Lift — Height Verification Only,extend_lift_phase(),0.5159719872958258,False
R_H05_C04_F01,diagnosed_LIFT_OBJECT_unanticipated__RQ2_R_H05_C04_F01,5,Cobot Lift Failure — Grip Pressure,increase_grip_pressure(),0.5,False
R_H05_C04_F01,diagnosed_LIFT_OBJECT_unanticipated__RQ2_R_H05_C04_F01,6,Heavy Duty Arm — Motor Overload During Lift,reduce_lift_speed(),0.5,False
R_H05_C04_F01,diagnosed_LIFT_OBJECT_unanticipated__RQ2_R_H05_C04_F01,7,Suction Arm Lift — Vacuum Loss,emergency_vacuum_pump(),0.3333333333333333,False
R_H05_C04_F02,diagnosed_LIFT_OBJECT_unanticipated__RQ2_R_H05_C04_F02,1,Lift Slip — Low Friction Surface,apply_vacuum_assist(),0.8287033333333333,True
R_H05_C04_F02,diagnosed_LIFT_OBJECT_unanticipated__RQ2_R_H05_C04_F02,2,Parallel Arm Lift — Contact Loss,reposition_and_regrip(),0.6812733908045977,False
R_H05_C04_F02,diagnosed_LIFT_OBJECT_unanticipated__RQ2_R_H05_C04_F02,3,Cobot Industrial — Incremental Heavy Part Transfer,heavy_lift(),0.6507936507936508,False
R_H05_C04_F02,diagnosed_LIFT_OBJECT_unanticipated__RQ2_R_H05_C04_F02,4,Lightweight Arm Lift — Height Verification Only,extend_lift_phase(),0.5159719872958258,False
R_H05_C04_F02,diagnosed_LIFT_OBJECT_unanticipated__RQ2_R_H05_C04_F02,5,Cobot Lift Failure — Grip Pressure,increase_grip_pressure(),0.5,False
R_H05_C04_F02,diagnosed_LIFT_OBJECT_unanticipated__RQ2_R_H05_C04_F02,6,Heavy Duty Arm — Motor Overload During Lift,reduce_lift_speed(),0.5,False
R_H05_C04_F02,diagnosed_LIFT_OBJECT_unanticipated__RQ2_R_H05_C04_F02,7,Suction Arm Lift — Vacuum Loss,emergency_vacuum_pump(),0.3333333333333333,False
R_H05_C04_F03,diagnosed_LIFT_OBJECT_unanticipated__RQ2_R_H05_C04_F03,1,Lift Slip — Low Friction Surface,apply_vacuum_assist(),0.8328700000000001,True
R_H05_C04_F03,diagnosed_LIFT_OBJECT_unanticipated__RQ2_R_H05_C04_F03,2,Parallel Arm Lift — Contact Loss,reposition_and_regrip(),0.6812733908045977,False
R_H05_C04_F03,diagnosed_LIFT_OBJECT_unanticipated__RQ2_R_H05_C04_F03,3,Cobot Industrial — Incremental Heavy Part Transfer,heavy_lift(),0.6507936507936508,False
R_H05_C04_F03,diagnosed_LIFT_OBJECT_unanticipated__RQ2_R_H05_C04_F03,4,Lightweight Arm Lift — Height Verification Only,extend_lift_phase(),0.5159719872958258,False
R_H05_C04_F03,diagnosed_LIFT_OBJECT_unanticipated__RQ2_R_H05_C04_F03,5,Cobot Lift Failure — Grip Pressure,increase_grip_pressure(),0.5,False
R_H05_C04_F03,diagnosed_LIFT_OBJECT_unanticipated__RQ2_R_H05_C04_F03,6,Heavy Duty Arm — Motor Overload During Lift,reduce_lift_speed(),0.5,False
R_H05_C04_F03,diagnosed_LIFT_OBJECT_unanticipated__RQ2_R_H05_C04_F03,7,Suction Arm Lift — Vacuum Loss,emergency_vacuum_pump(),0.3333333333333333,False
R_H05_C04_F04,diagnosed_LIFT_OBJECT_unanticipated__RQ2_R_H05_C04_F04,1,Lift Slip — Low Friction Surface,apply_vacuum_assist(),0.8370366666666667,True
R_H05_C04_F04,diagnosed_LIFT_OBJECT_unanticipated__RQ2_R_H05_C04_F04,2,Parallel Arm Lift — Contact Loss,reposition_and_regrip(),0.6812733908045977,False
R_H05_C04_F04,diagnosed_LIFT_OBJECT_unanticipated__RQ2_R_H05_C04_F04,3,Cobot Industrial — Incremental Heavy Part Transfer,heavy_lift(),0.6507936507936508,False
R_H05_C04_F04,diagnosed_LIFT_OBJECT_unanticipated__RQ2_R_H05_C04_F04,4,Lightweight Arm Lift — Height Verification Only,extend_lift_phase(),0.5159719872958258,False
R_H05_C04_F04,diagnosed_LIFT_OBJECT_unanticipated__RQ2_R_H05_C04_F04,5,Cobot Lift Failure — Grip Pressure,increase_grip_pressure(),0.5,False
R_H05_C04_F04,diagnosed_LIFT_OBJECT_unanticipated__RQ2_R_H05_C04_F04,6,Heavy Duty Arm — Motor Overload During Lift,reduce_lift_speed(),0.5,False
R_H05_C04_F04,diagnosed_LIFT_OBJECT_unanticipated__RQ2_R_H05_C04_F04,7,Suction Arm Lift — Vacuum Loss,emergency_vacuum_pump(),0.3333333333333333,False
R_H05_C04_F05,diagnosed_LIFT_OBJECT_unanticipated__RQ2_R_H05_C04_F05,1,Lift Slip — Low Friction Surface,apply_vacuum_assist(),0.8564811111111111,True
R_H05_C04_F05,diagnosed_LIFT_OBJECT_unanticipated__RQ2_R_H05_C04_F05,2,Parallel Arm Lift — Contact Loss,reposition_and_regrip(),0.6812733908045977,False
R_H05_C04_F05,diagnosed_LIFT_OBJECT_unanticipated__RQ2_R_H05_C04_F05,3,Cobot Industrial — Incremental Heavy Part Transfer,heavy_lift(),0.6507936507936508,False
R_H05_C04_F05,diagnosed_LIFT_OBJECT_unanticipated__RQ2_R_H05_C04_F05,4,Lightweight Arm Lift — Height Verification Only,extend_lift_phase(),0.5159719872958258,False
R_H05_C04_F05,diagnosed_LIFT_OBJECT_unanticipated__RQ2_R_H05_C04_F05,5,Cobot Lift Failure — Grip Pressure,increase_grip_pressure(),0.5,False
R_H05_C04_F05,diagnosed_LIFT_OBJECT_unanticipated__RQ2_R_H05_C04_F05,6,Heavy Duty Arm — Motor Overload During Lift,reduce_lift_speed(),0.5,False
R_H05_C04_F05,diagnosed_LIFT_OBJECT_unanticipated__RQ2_R_H05_C04_F05,7,Suction Arm Lift — Vacuum Loss,emergency_vacuum_pump(),0.3333333333333333,False
R_H05_C04_F06,diagnosed_LIFT_OBJECT_unanticipated__RQ2_R_H05_C04_F06,1,Lift Slip — Low Friction Surface,apply_vacuum_assist(),0.8342588888888889,True
R_H05_C04_F06,diagnosed_LIFT_OBJECT_unanticipated__RQ2_R_H05_C04_F06,2,Parallel Arm Lift — Contact Loss,reposition_and_regrip(),0.6812733908045977,False
R_H05_C04_F06,diagnosed_LIFT_OBJECT_unanticipated__RQ2_R_H05_C04_F06,3,Cobot Industrial — Incremental Heavy Part Transfer,heavy_lift(),0.6507936507936508,False
R_H05_C04_F06,diagnosed_LIFT_OBJECT_unanticipated__RQ2_R_H05_C04_F06,4,Lightweight Arm Lift — Height Verification Only,extend_lift_phase(),0.5159719872958258,False
R_H05_C04_F06,diagnosed_LIFT_OBJECT_unanticipated__RQ2_R_H05_C04_F06,5,Cobot Lift Failure — Grip Pressure,increase_grip_pressure(),0.5,False
R_H05_C04_F06,diagnosed_LIFT_OBJECT_unanticipated__RQ2_R_H05_C04_F06,6,Heavy Duty Arm — Motor Overload During Lift,reduce_lift_speed(),0.5,False
R_H05_C04_F06,diagnosed_LIFT_OBJECT_unanticipated__RQ2_R_H05_C04_F06,7,Suction Arm Lift — Vacuum Loss,emergency_vacuum_pump(),0.3333333333333333,False
R_H05_C04_F07,diagnosed_LIFT_OBJECT_unanticipated__RQ2_R_H05_C04_F07,1,Lift Slip — Low Friction Surface,apply_vacuum_assist(),0.7898144444444445,True
R_H05_C04_F07,diagnosed_LIFT_OBJECT_unanticipated__RQ2_R_H05_C04_F07,2,Parallel Arm Lift — Contact Loss,reposition_and_regrip(),0.6812733908045977,False
R_H05_C04_F07,diagnosed_LIFT_OBJECT_unanticipated__RQ2_R_H05_C04_F07,3,Cobot Industrial — Incremental Heavy Part Transfer,heavy_lift(),0.6507936507936508,False
R_H05_C04_F07,diagnosed_LIFT_OBJECT_unanticipated__RQ2_R_H05_C04_F07,4,Lightweight Arm Lift — Height Verification Only,extend_lift_phase(),0.5159719872958258,False
R_H05_C04_F07,diagnosed_LIFT_OBJECT_unanticipated__RQ2_R_H05_C04_F07,5,Cobot Lift Failure — Grip Pressure,increase_grip_pressure(),0.5,False
R_H05_C04_F07,diagnosed_LIFT_OBJECT_unanticipated__RQ2_R_H05_C04_F07,6,Heavy Duty Arm — Motor Overload During Lift,reduce_lift_speed(),0.5,False
R_H05_C04_F07,diagnosed_LIFT_OBJECT_unanticipated__RQ2_R_H05_C04_F07,7,Suction Arm Lift — Vacuum Loss,emergency_vacuum_pump(),0.3333333333333333,False
R_H05_C04_F08,diagnosed_LIFT_OBJECT_unanticipated__RQ2_R_H05_C04_F08,1,Lift Slip — Low Friction Surface,apply_vacuum_assist(),0.7500922222222223,True
R_H05_C04_F08,diagnosed_LIFT_OBJECT_unanticipated__RQ2_R_H05_C04_F08,2,Parallel Arm Lift — Contact Loss,reposition_and_regrip(),0.6812733908045977,False
R_H05_C04_F08,diagnosed_LIFT_OBJECT_unanticipated__RQ2_R_H05_C04_F08,3,Cobot Industrial — Incremental Heavy Part Transfer,heavy_lift(),0.6507936507936508,False
R_H05_C04_F08,diagnosed_LIFT_OBJECT_unanticipated__RQ2_R_H05_C04_F08,4,Lightweight Arm Lift — Height Verification Only,extend_lift_phase(),0.5159719872958258,False
R_H05_C04_F08,diagnosed_LIFT_OBJECT_unanticipated__RQ2_R_H05_C04_F08,5,Cobot Lift Failure — Grip Pressure,increase_grip_pressure(),0.5,False
R_H05_C04_F08,diagnosed_LIFT_OBJECT_unanticipated__RQ2_R_H05_C04_F08,6,Heavy Duty Arm — Motor Overload During Lift,reduce_lift_speed(),0.5,False
R_H05_C04_F08,diagnosed_LIFT_OBJECT_unanticipated__RQ2_R_H05_C04_F08,7,Suction Arm Lift — Vacuum Loss,emergency_vacuum_pump(),0.3333333333333333,False
R_H05_C04_F09,diagnosed_LIFT_OBJECT_unanticipated__RQ2_R_H05_C04_F09,1,Lift Slip — Low Friction Surface,apply_vacuum_assist(),0.74537,True
R_H05_C04_F09,diagnosed_LIFT_OBJECT_unanticipated__RQ2_R_H05_C04_F09,2,Parallel Arm Lift — Contact Loss,reposition_and_regrip(),0.6812733908045977,False
R_H05_C04_F09,diagnosed_LIFT_OBJECT_unanticipated__RQ2_R_H05_C04_F09,3,Cobot Industrial — Incremental Heavy Part Transfer,heavy_lift(),0.6507936507936508,False
R_H05_C04_F09,diagnosed_LIFT_OBJECT_unanticipated__RQ2_R_H05_C04_F09,4,Lightweight Arm Lift — Height Verification Only,extend_lift_phase(),0.5159719872958258,False
R_H05_C04_F09,diagnosed_LIFT_OBJECT_unanticipated__RQ2_R_H05_C04_F09,5,Cobot Lift Failure — Grip Pressure,increase_grip_pressure(),0.5,False
R_H05_C04_F09,diagnosed_LIFT_OBJECT_unanticipated__RQ2_R_H05_C04_F09,6,Heavy Duty Arm — Motor Overload During Lift,reduce_lift_speed(),0.5,False
R_H05_C04_F09,diagnosed_LIFT_OBJECT_unanticipated__RQ2_R_H05_C04_F09,7,Suction Arm Lift — Vacuum Loss,emergency_vacuum_pump(),0.3333333333333333,False
R_H05_C04_F10,diagnosed_LIFT_OBJECT_unanticipated__RQ2_R_H05_C04_F10,1,Lift Slip — Low Friction Surface,apply_vacuum_assist(),0.74537,True
R_H05_C04_F10,diagnosed_LIFT_OBJECT_unanticipated__RQ2_R_H05_C04_F10,2,Parallel Arm Lift — Contact Loss,reposition_and_regrip(),0.6812733908045977,False
R_H05_C04_F10,diagnosed_LIFT_OBJECT_unanticipated__RQ2_R_H05_C04_F10,3,Cobot Industrial — Incremental Heavy Part Transfer,heavy_lift(),0.6507936507936508,False
R_H05_C04_F10,diagnosed_LIFT_OBJECT_unanticipated__RQ2_R_H05_C04_F10,4,Lightweight Arm Lift — Height Verification Only,extend_lift_phase(),0.5159719872958258,False
R_H05_C04_F10,diagnosed_LIFT_OBJECT_unanticipated__RQ2_R_H05_C04_F10,5,Cobot Lift Failure — Grip Pressure,increase_grip_pressure(),0.5,False
R_H05_C04_F10,diagnosed_LIFT_OBJECT_unanticipated__RQ2_R_H05_C04_F10,6,Heavy Duty Arm — Motor Overload During Lift,reduce_lift_speed(),0.5,False
R_H05_C04_F10,diagnosed_LIFT_OBJECT_unanticipated__RQ2_R_H05_C04_F10,7,Suction Arm Lift — Vacuum Loss,emergency_vacuum_pump(),0.3333333333333333,False
R_H05_C05_F01,diagnosed_LIFT_OBJECT_unanticipated__RQ2_R_H05_C05_F01,1,Lift Slip — Low Friction Surface,apply_vacuum_assist(),0.763888888888889,True
R_H05_C05_F01,diagnosed_LIFT_OBJECT_unanticipated__RQ2_R_H05_C05_F01,2,Parallel Arm Lift — Contact Loss,reposition_and_regrip(),0.6673850574712644,False
R_H05_C05_F01,diagnosed_LIFT_OBJECT_unanticipated__RQ2_R_H05_C05_F01,3,Cobot Industrial — Incremental Heavy Part Transfer,heavy_lift(),0.6507936507936508,False
R_H05_C05_F01,diagnosed_LIFT_OBJECT_unanticipated__RQ2_R_H05_C05_F01,4,Lightweight Arm Lift — Height Verification Only,extend_lift_phase(),0.5020836539624924,False
R_H05_C05_F01,diagnosed_LIFT_OBJECT_unanticipated__RQ2_R_H05_C05_F01,5,Cobot Lift Failure — Grip Pressure,increase_grip_pressure(),0.5,False
R_H05_C05_F01,diagnosed_LIFT_OBJECT_unanticipated__RQ2_R_H05_C05_F01,6,Heavy Duty Arm — Motor Overload During Lift,reduce_lift_speed(),0.5,False
R_H05_C05_F01,diagnosed_LIFT_OBJECT_unanticipated__RQ2_R_H05_C05_F01,7,Suction Arm Lift — Vacuum Loss,emergency_vacuum_pump(),0.3333333333333333,False
R_H05_C05_F02,diagnosed_LIFT_OBJECT_unanticipated__RQ2_R_H05_C05_F02,1,Lift Slip — Low Friction Surface,apply_vacuum_assist(),0.8194444444444443,True
R_H05_C05_F02,diagnosed_LIFT_OBJECT_unanticipated__RQ2_R_H05_C05_F02,2,Parallel Arm Lift — Contact Loss,reposition_and_regrip(),0.6673850574712644,False
R_H05_C05_F02,diagnosed_LIFT_OBJECT_unanticipated__RQ2_R_H05_C05_F02,3,Cobot Industrial — Incremental Heavy Part Transfer,heavy_lift(),0.6507936507936508,False
R_H05_C05_F02,diagnosed_LIFT_OBJECT_unanticipated__RQ2_R_H05_C05_F02,4,Lightweight Arm Lift — Height Verification Only,extend_lift_phase(),0.5020836539624924,False
R_H05_C05_F02,diagnosed_LIFT_OBJECT_unanticipated__RQ2_R_H05_C05_F02,5,Cobot Lift Failure — Grip Pressure,increase_grip_pressure(),0.5,False
R_H05_C05_F02,diagnosed_LIFT_OBJECT_unanticipated__RQ2_R_H05_C05_F02,6,Heavy Duty Arm — Motor Overload During Lift,reduce_lift_speed(),0.5,False
R_H05_C05_F02,diagnosed_LIFT_OBJECT_unanticipated__RQ2_R_H05_C05_F02,7,Suction Arm Lift — Vacuum Loss,emergency_vacuum_pump(),0.3333333333333333,False
R_H05_C05_F03,diagnosed_LIFT_OBJECT_unanticipated__RQ2_R_H05_C05_F03,1,Lift Slip — Low Friction Surface,apply_vacuum_assist(),0.8236111111111111,True
R_H05_C05_F03,diagnosed_LIFT_OBJECT_unanticipated__RQ2_R_H05_C05_F03,2,Parallel Arm Lift — Contact Loss,reposition_and_regrip(),0.6673850574712644,False
R_H05_C05_F03,diagnosed_LIFT_OBJECT_unanticipated__RQ2_R_H05_C05_F03,3,Cobot Industrial — Incremental Heavy Part Transfer,heavy_lift(),0.6507936507936508,False
R_H05_C05_F03,diagnosed_LIFT_OBJECT_unanticipated__RQ2_R_H05_C05_F03,4,Lightweight Arm Lift — Height Verification Only,extend_lift_phase(),0.5020836539624924,False
R_H05_C05_F03,diagnosed_LIFT_OBJECT_unanticipated__RQ2_R_H05_C05_F03,5,Cobot Lift Failure — Grip Pressure,increase_grip_pressure(),0.5,False
R_H05_C05_F03,diagnosed_LIFT_OBJECT_unanticipated__RQ2_R_H05_C05_F03,6,Heavy Duty Arm — Motor Overload During Lift,reduce_lift_speed(),0.5,False
R_H05_C05_F03,diagnosed_LIFT_OBJECT_unanticipated__RQ2_R_H05_C05_F03,7,Suction Arm Lift — Vacuum Loss,emergency_vacuum_pump(),0.3333333333333333,False
R_H05_C05_F04,diagnosed_LIFT_OBJECT_unanticipated__RQ2_R_H05_C05_F04,1,Lift Slip — Low Friction Surface,apply_vacuum_assist(),0.8277777777777778,True
R_H05_C05_F04,diagnosed_LIFT_OBJECT_unanticipated__RQ2_R_H05_C05_F04,2,Parallel Arm Lift — Contact Loss,reposition_and_regrip(),0.6673850574712644,False
R_H05_C05_F04,diagnosed_LIFT_OBJECT_unanticipated__RQ2_R_H05_C05_F04,3,Cobot Industrial — Incremental Heavy Part Transfer,heavy_lift(),0.6507936507936508,False
R_H05_C05_F04,diagnosed_LIFT_OBJECT_unanticipated__RQ2_R_H05_C05_F04,4,Lightweight Arm Lift — Height Verification Only,extend_lift_phase(),0.5020836539624924,False
R_H05_C05_F04,diagnosed_LIFT_OBJECT_unanticipated__RQ2_R_H05_C05_F04,5,Cobot Lift Failure — Grip Pressure,increase_grip_pressure(),0.5,False
R_H05_C05_F04,diagnosed_LIFT_OBJECT_unanticipated__RQ2_R_H05_C05_F04,6,Heavy Duty Arm — Motor Overload During Lift,reduce_lift_speed(),0.5,False
R_H05_C05_F04,diagnosed_LIFT_OBJECT_unanticipated__RQ2_R_H05_C05_F04,7,Suction Arm Lift — Vacuum Loss,emergency_vacuum_pump(),0.3333333333333333,False
R_H05_C05_F05,diagnosed_LIFT_OBJECT_unanticipated__RQ2_R_H05_C05_F05,1,Lift Slip — Low Friction Surface,apply_vacuum_assist(),0.8472222222222222,True
R_H05_C05_F05,diagnosed_LIFT_OBJECT_unanticipated__RQ2_R_H05_C05_F05,2,Parallel Arm Lift — Contact Loss,reposition_and_regrip(),0.6673850574712644,False
R_H05_C05_F05,diagnosed_LIFT_OBJECT_unanticipated__RQ2_R_H05_C05_F05,3,Cobot Industrial — Incremental Heavy Part Transfer,heavy_lift(),0.6507936507936508,False
R_H05_C05_F05,diagnosed_LIFT_OBJECT_unanticipated__RQ2_R_H05_C05_F05,4,Lightweight Arm Lift — Height Verification Only,extend_lift_phase(),0.5020836539624924,False
R_H05_C05_F05,diagnosed_LIFT_OBJECT_unanticipated__RQ2_R_H05_C05_F05,5,Cobot Lift Failure — Grip Pressure,increase_grip_pressure(),0.5,False
R_H05_C05_F05,diagnosed_LIFT_OBJECT_unanticipated__RQ2_R_H05_C05_F05,6,Heavy Duty Arm — Motor Overload During Lift,reduce_lift_speed(),0.5,False
R_H05_C05_F05,diagnosed_LIFT_OBJECT_unanticipated__RQ2_R_H05_C05_F05,7,Suction Arm Lift — Vacuum Loss,emergency_vacuum_pump(),0.3333333333333333,False
R_H05_C05_F06,diagnosed_LIFT_OBJECT_unanticipated__RQ2_R_H05_C05_F06,1,Lift Slip — Low Friction Surface,apply_vacuum_assist(),0.8250000000000001,True
R_H05_C05_F06,diagnosed_LIFT_OBJECT_unanticipated__RQ2_R_H05_C05_F06,2,Parallel Arm Lift — Contact Loss,reposition_and_regrip(),0.6673850574712644,False
R_H05_C05_F06,diagnosed_LIFT_OBJECT_unanticipated__RQ2_R_H05_C05_F06,3,Cobot Industrial — Incremental Heavy Part Transfer,heavy_lift(),0.6507936507936508,False
R_H05_C05_F06,diagnosed_LIFT_OBJECT_unanticipated__RQ2_R_H05_C05_F06,4,Lightweight Arm Lift — Height Verification Only,extend_lift_phase(),0.5020836539624924,False
R_H05_C05_F06,diagnosed_LIFT_OBJECT_unanticipated__RQ2_R_H05_C05_F06,5,Cobot Lift Failure — Grip Pressure,increase_grip_pressure(),0.5,False
R_H05_C05_F06,diagnosed_LIFT_OBJECT_unanticipated__RQ2_R_H05_C05_F06,6,Heavy Duty Arm — Motor Overload During Lift,reduce_lift_speed(),0.5,False
R_H05_C05_F06,diagnosed_LIFT_OBJECT_unanticipated__RQ2_R_H05_C05_F06,7,Suction Arm Lift — Vacuum Loss,emergency_vacuum_pump(),0.3333333333333333,False
R_H05_C05_F07,diagnosed_LIFT_OBJECT_unanticipated__RQ2_R_H05_C05_F07,1,Lift Slip — Low Friction Surface,apply_vacuum_assist(),0.7805555555555556,True
R_H05_C05_F07,diagnosed_LIFT_OBJECT_unanticipated__RQ2_R_H05_C05_F07,2,Parallel Arm Lift — Contact Loss,reposition_and_regrip(),0.6673850574712644,False
R_H05_C05_F07,diagnosed_LIFT_OBJECT_unanticipated__RQ2_R_H05_C05_F07,3,Cobot Industrial — Incremental Heavy Part Transfer,heavy_lift(),0.6507936507936508,False
R_H05_C05_F07,diagnosed_LIFT_OBJECT_unanticipated__RQ2_R_H05_C05_F07,4,Lightweight Arm Lift — Height Verification Only,extend_lift_phase(),0.5020836539624924,False
R_H05_C05_F07,diagnosed_LIFT_OBJECT_unanticipated__RQ2_R_H05_C05_F07,5,Cobot Lift Failure — Grip Pressure,increase_grip_pressure(),0.5,False
R_H05_C05_F07,diagnosed_LIFT_OBJECT_unanticipated__RQ2_R_H05_C05_F07,6,Heavy Duty Arm — Motor Overload During Lift,reduce_lift_speed(),0.5,False
R_H05_C05_F07,diagnosed_LIFT_OBJECT_unanticipated__RQ2_R_H05_C05_F07,7,Suction Arm Lift — Vacuum Loss,emergency_vacuum_pump(),0.3333333333333333,False
R_H05_C05_F08,diagnosed_LIFT_OBJECT_unanticipated__RQ2_R_H05_C05_F08,1,Lift Slip — Low Friction Surface,apply_vacuum_assist(),0.7408333333333333,True
R_H05_C05_F08,diagnosed_LIFT_OBJECT_unanticipated__RQ2_R_H05_C05_F08,2,Parallel Arm Lift — Contact Loss,reposition_and_regrip(),0.6673850574712644,False
R_H05_C05_F08,diagnosed_LIFT_OBJECT_unanticipated__RQ2_R_H05_C05_F08,3,Cobot Industrial — Incremental Heavy Part Transfer,heavy_lift(),0.6507936507936508,False
R_H05_C05_F08,diagnosed_LIFT_OBJECT_unanticipated__RQ2_R_H05_C05_F08,4,Lightweight Arm Lift — Height Verification Only,extend_lift_phase(),0.5020836539624924,False
R_H05_C05_F08,diagnosed_LIFT_OBJECT_unanticipated__RQ2_R_H05_C05_F08,5,Cobot Lift Failure — Grip Pressure,increase_grip_pressure(),0.5,False
R_H05_C05_F08,diagnosed_LIFT_OBJECT_unanticipated__RQ2_R_H05_C05_F08,6,Heavy Duty Arm — Motor Overload During Lift,reduce_lift_speed(),0.5,False
R_H05_C05_F08,diagnosed_LIFT_OBJECT_unanticipated__RQ2_R_H05_C05_F08,7,Suction Arm Lift — Vacuum Loss,emergency_vacuum_pump(),0.3333333333333333,False
R_H05_C05_F09,diagnosed_LIFT_OBJECT_unanticipated__RQ2_R_H05_C05_F09,1,Lift Slip — Low Friction Surface,apply_vacuum_assist(),0.736111111111111,True
R_H05_C05_F09,diagnosed_LIFT_OBJECT_unanticipated__RQ2_R_H05_C05_F09,2,Parallel Arm Lift — Contact Loss,reposition_and_regrip(),0.6673850574712644,False
R_H05_C05_F09,diagnosed_LIFT_OBJECT_unanticipated__RQ2_R_H05_C05_F09,3,Cobot Industrial — Incremental Heavy Part Transfer,heavy_lift(),0.6507936507936508,False
R_H05_C05_F09,diagnosed_LIFT_OBJECT_unanticipated__RQ2_R_H05_C05_F09,4,Lightweight Arm Lift — Height Verification Only,extend_lift_phase(),0.5020836539624924,False
R_H05_C05_F09,diagnosed_LIFT_OBJECT_unanticipated__RQ2_R_H05_C05_F09,5,Cobot Lift Failure — Grip Pressure,increase_grip_pressure(),0.5,False
R_H05_C05_F09,diagnosed_LIFT_OBJECT_unanticipated__RQ2_R_H05_C05_F09,6,Heavy Duty Arm — Motor Overload During Lift,reduce_lift_speed(),0.5,False
R_H05_C05_F09,diagnosed_LIFT_OBJECT_unanticipated__RQ2_R_H05_C05_F09,7,Suction Arm Lift — Vacuum Loss,emergency_vacuum_pump(),0.3333333333333333,False
R_H05_C05_F10,diagnosed_LIFT_OBJECT_unanticipated__RQ2_R_H05_C05_F10,1,Lift Slip — Low Friction Surface,apply_vacuum_assist(),0.736111111111111,True
R_H05_C05_F10,diagnosed_LIFT_OBJECT_unanticipated__RQ2_R_H05_C05_F10,2,Parallel Arm Lift — Contact Loss,reposition_and_regrip(),0.6673850574712644,False
R_H05_C05_F10,diagnosed_LIFT_OBJECT_unanticipated__RQ2_R_H05_C05_F10,3,Cobot Industrial — Incremental Heavy Part Transfer,heavy_lift(),0.6507936507936508,False
R_H05_C05_F10,diagnosed_LIFT_OBJECT_unanticipated__RQ2_R_H05_C05_F10,4,Lightweight Arm Lift — Height Verification Only,extend_lift_phase(),0.5020836539624924,False
R_H05_C05_F10,diagnosed_LIFT_OBJECT_unanticipated__RQ2_R_H05_C05_F10,5,Cobot Lift Failure — Grip Pressure,increase_grip_pressure(),0.5,False
R_H05_C05_F10,diagnosed_LIFT_OBJECT_unanticipated__RQ2_R_H05_C05_F10,6,Heavy Duty Arm — Motor Overload During Lift,reduce_lift_speed(),0.5,False
R_H05_C05_F10,diagnosed_LIFT_OBJECT_unanticipated__RQ2_R_H05_C05_F10,7,Suction Arm Lift — Vacuum Loss,emergency_vacuum_pump(),0.3333333333333333,False
R_H05_C06_F01,diagnosed_LIFT_OBJECT_unanticipated__RQ2_R_H05_C06_F01,1,Lift Slip — Low Friction Surface,apply_vacuum_assist(),0.736111111111111,True
R_H05_C06_F01,diagnosed_LIFT_OBJECT_unanticipated__RQ2_R_H05_C06_F01,2,Parallel Arm Lift — Contact Loss,reposition_and_regrip(),0.6666666666666666,False
R_H05_C06_F01,diagnosed_LIFT_OBJECT_unanticipated__RQ2_R_H05_C06_F01,3,Cobot Industrial — Incremental Heavy Part Transfer,heavy_lift(),0.6507936507936508,False
R_H05_C06_F01,diagnosed_LIFT_OBJECT_unanticipated__RQ2_R_H05_C06_F01,4,Lightweight Arm Lift — Height Verification Only,extend_lift_phase(),0.5013652631578948,False
R_H05_C06_F01,diagnosed_LIFT_OBJECT_unanticipated__RQ2_R_H05_C06_F01,5,Cobot Lift Failure — Grip Pressure,increase_grip_pressure(),0.5,False
R_H05_C06_F01,diagnosed_LIFT_OBJECT_unanticipated__RQ2_R_H05_C06_F01,6,Heavy Duty Arm — Motor Overload During Lift,reduce_lift_speed(),0.5,False
R_H05_C06_F01,diagnosed_LIFT_OBJECT_unanticipated__RQ2_R_H05_C06_F01,7,Suction Arm Lift — Vacuum Loss,emergency_vacuum_pump(),0.3333333333333333,False
R_H05_C06_F02,diagnosed_LIFT_OBJECT_unanticipated__RQ2_R_H05_C06_F02,1,Lift Slip — Low Friction Surface,apply_vacuum_assist(),0.7916666666666666,True
R_H05_C06_F02,diagnosed_LIFT_OBJECT_unanticipated__RQ2_R_H05_C06_F02,2,Parallel Arm Lift — Contact Loss,reposition_and_regrip(),0.6666666666666666,False
R_H05_C06_F02,diagnosed_LIFT_OBJECT_unanticipated__RQ2_R_H05_C06_F02,3,Cobot Industrial — Incremental Heavy Part Transfer,heavy_lift(),0.6507936507936508,False
R_H05_C06_F02,diagnosed_LIFT_OBJECT_unanticipated__RQ2_R_H05_C06_F02,4,Lightweight Arm Lift — Height Verification Only,extend_lift_phase(),0.5013652631578948,False
R_H05_C06_F02,diagnosed_LIFT_OBJECT_unanticipated__RQ2_R_H05_C06_F02,5,Cobot Lift Failure — Grip Pressure,increase_grip_pressure(),0.5,False
R_H05_C06_F02,diagnosed_LIFT_OBJECT_unanticipated__RQ2_R_H05_C06_F02,6,Heavy Duty Arm — Motor Overload During Lift,reduce_lift_speed(),0.5,False
R_H05_C06_F02,diagnosed_LIFT_OBJECT_unanticipated__RQ2_R_H05_C06_F02,7,Suction Arm Lift — Vacuum Loss,emergency_vacuum_pump(),0.3333333333333333,False
R_H05_C06_F03,diagnosed_LIFT_OBJECT_unanticipated__RQ2_R_H05_C06_F03,1,Lift Slip — Low Friction Surface,apply_vacuum_assist(),0.7958333333333334,True
R_H05_C06_F03,diagnosed_LIFT_OBJECT_unanticipated__RQ2_R_H05_C06_F03,2,Parallel Arm Lift — Contact Loss,reposition_and_regrip(),0.6666666666666666,False
R_H05_C06_F03,diagnosed_LIFT_OBJECT_unanticipated__RQ2_R_H05_C06_F03,3,Cobot Industrial — Incremental Heavy Part Transfer,heavy_lift(),0.6507936507936508,False
R_H05_C06_F03,diagnosed_LIFT_OBJECT_unanticipated__RQ2_R_H05_C06_F03,4,Lightweight Arm Lift — Height Verification Only,extend_lift_phase(),0.5013652631578948,False
R_H05_C06_F03,diagnosed_LIFT_OBJECT_unanticipated__RQ2_R_H05_C06_F03,5,Cobot Lift Failure — Grip Pressure,increase_grip_pressure(),0.5,False
R_H05_C06_F03,diagnosed_LIFT_OBJECT_unanticipated__RQ2_R_H05_C06_F03,6,Heavy Duty Arm — Motor Overload During Lift,reduce_lift_speed(),0.5,False
R_H05_C06_F03,diagnosed_LIFT_OBJECT_unanticipated__RQ2_R_H05_C06_F03,7,Suction Arm Lift — Vacuum Loss,emergency_vacuum_pump(),0.3333333333333333,False
R_H05_C06_F04,diagnosed_LIFT_OBJECT_unanticipated__RQ2_R_H05_C06_F04,1,Lift Slip — Low Friction Surface,apply_vacuum_assist(),0.7999999999999999,True
R_H05_C06_F04,diagnosed_LIFT_OBJECT_unanticipated__RQ2_R_H05_C06_F04,2,Parallel Arm Lift — Contact Loss,reposition_and_regrip(),0.6666666666666666,False
R_H05_C06_F04,diagnosed_LIFT_OBJECT_unanticipated__RQ2_R_H05_C06_F04,3,Cobot Industrial — Incremental Heavy Part Transfer,heavy_lift(),0.6507936507936508,False
R_H05_C06_F04,diagnosed_LIFT_OBJECT_unanticipated__RQ2_R_H05_C06_F04,4,Lightweight Arm Lift — Height Verification Only,extend_lift_phase(),0.5013652631578948,False
R_H05_C06_F04,diagnosed_LIFT_OBJECT_unanticipated__RQ2_R_H05_C06_F04,5,Cobot Lift Failure — Grip Pressure,increase_grip_pressure(),0.5,False
R_H05_C06_F04,diagnosed_LIFT_OBJECT_unanticipated__RQ2_R_H05_C06_F04,6,Heavy Duty Arm — Motor Overload During Lift,reduce_lift_speed(),0.5,False
R_H05_C06_F04,diagnosed_LIFT_OBJECT_unanticipated__RQ2_R_H05_C06_F04,7,Suction Arm Lift — Vacuum Loss,emergency_vacuum_pump(),0.3333333333333333,False
R_H05_C06_F05,diagnosed_LIFT_OBJECT_unanticipated__RQ2_R_H05_C06_F05,1,Lift Slip — Low Friction Surface,apply_vacuum_assist(),0.8194444444444443,True
R_H05_C06_F05,diagnosed_LIFT_OBJECT_unanticipated__RQ2_R_H05_C06_F05,2,Parallel Arm Lift — Contact Loss,reposition_and_regrip(),0.6666666666666666,False
R_H05_C06_F05,diagnosed_LIFT_OBJECT_unanticipated__RQ2_R_H05_C06_F05,3,Cobot Industrial — Incremental Heavy Part Transfer,heavy_lift(),0.6507936507936508,False
R_H05_C06_F05,diagnosed_LIFT_OBJECT_unanticipated__RQ2_R_H05_C06_F05,4,Lightweight Arm Lift — Height Verification Only,extend_lift_phase(),0.5013652631578948,False
R_H05_C06_F05,diagnosed_LIFT_OBJECT_unanticipated__RQ2_R_H05_C06_F05,5,Cobot Lift Failure — Grip Pressure,increase_grip_pressure(),0.5,False
R_H05_C06_F05,diagnosed_LIFT_OBJECT_unanticipated__RQ2_R_H05_C06_F05,6,Heavy Duty Arm — Motor Overload During Lift,reduce_lift_speed(),0.5,False
R_H05_C06_F05,diagnosed_LIFT_OBJECT_unanticipated__RQ2_R_H05_C06_F05,7,Suction Arm Lift — Vacuum Loss,emergency_vacuum_pump(),0.3333333333333333,False
R_H05_C06_F06,diagnosed_LIFT_OBJECT_unanticipated__RQ2_R_H05_C06_F06,1,Lift Slip — Low Friction Surface,apply_vacuum_assist(),0.7972222222222222,True
R_H05_C06_F06,diagnosed_LIFT_OBJECT_unanticipated__RQ2_R_H05_C06_F06,2,Parallel Arm Lift — Contact Loss,reposition_and_regrip(),0.6666666666666666,False
R_H05_C06_F06,diagnosed_LIFT_OBJECT_unanticipated__RQ2_R_H05_C06_F06,3,Cobot Industrial — Incremental Heavy Part Transfer,heavy_lift(),0.6507936507936508,False
R_H05_C06_F06,diagnosed_LIFT_OBJECT_unanticipated__RQ2_R_H05_C06_F06,4,Lightweight Arm Lift — Height Verification Only,extend_lift_phase(),0.5013652631578948,False
R_H05_C06_F06,diagnosed_LIFT_OBJECT_unanticipated__RQ2_R_H05_C06_F06,5,Cobot Lift Failure — Grip Pressure,increase_grip_pressure(),0.5,False
R_H05_C06_F06,diagnosed_LIFT_OBJECT_unanticipated__RQ2_R_H05_C06_F06,6,Heavy Duty Arm — Motor Overload During Lift,reduce_lift_speed(),0.5,False
R_H05_C06_F06,diagnosed_LIFT_OBJECT_unanticipated__RQ2_R_H05_C06_F06,7,Suction Arm Lift — Vacuum Loss,emergency_vacuum_pump(),0.3333333333333333,False
R_H05_C06_F07,diagnosed_LIFT_OBJECT_unanticipated__RQ2_R_H05_C06_F07,1,Lift Slip — Low Friction Surface,apply_vacuum_assist(),0.7527777777777778,True
R_H05_C06_F07,diagnosed_LIFT_OBJECT_unanticipated__RQ2_R_H05_C06_F07,2,Parallel Arm Lift — Contact Loss,reposition_and_regrip(),0.6666666666666666,False
R_H05_C06_F07,diagnosed_LIFT_OBJECT_unanticipated__RQ2_R_H05_C06_F07,3,Cobot Industrial — Incremental Heavy Part Transfer,heavy_lift(),0.6507936507936508,False
R_H05_C06_F07,diagnosed_LIFT_OBJECT_unanticipated__RQ2_R_H05_C06_F07,4,Lightweight Arm Lift — Height Verification Only,extend_lift_phase(),0.5013652631578948,False
R_H05_C06_F07,diagnosed_LIFT_OBJECT_unanticipated__RQ2_R_H05_C06_F07,5,Cobot Lift Failure — Grip Pressure,increase_grip_pressure(),0.5,False
R_H05_C06_F07,diagnosed_LIFT_OBJECT_unanticipated__RQ2_R_H05_C06_F07,6,Heavy Duty Arm — Motor Overload During Lift,reduce_lift_speed(),0.5,False
R_H05_C06_F07,diagnosed_LIFT_OBJECT_unanticipated__RQ2_R_H05_C06_F07,7,Suction Arm Lift — Vacuum Loss,emergency_vacuum_pump(),0.3333333333333333,False
R_H05_C06_F08,diagnosed_LIFT_OBJECT_unanticipated__RQ2_R_H05_C06_F08,1,Lift Slip — Low Friction Surface,apply_vacuum_assist(),0.7130555555555556,True
R_H05_C06_F08,diagnosed_LIFT_OBJECT_unanticipated__RQ2_R_H05_C06_F08,2,Parallel Arm Lift — Contact Loss,reposition_and_regrip(),0.6666666666666666,False
R_H05_C06_F08,diagnosed_LIFT_OBJECT_unanticipated__RQ2_R_H05_C06_F08,3,Cobot Industrial — Incremental Heavy Part Transfer,heavy_lift(),0.6507936507936508,False
R_H05_C06_F08,diagnosed_LIFT_OBJECT_unanticipated__RQ2_R_H05_C06_F08,4,Lightweight Arm Lift — Height Verification Only,extend_lift_phase(),0.5013652631578948,False
R_H05_C06_F08,diagnosed_LIFT_OBJECT_unanticipated__RQ2_R_H05_C06_F08,5,Cobot Lift Failure — Grip Pressure,increase_grip_pressure(),0.5,False
R_H05_C06_F08,diagnosed_LIFT_OBJECT_unanticipated__RQ2_R_H05_C06_F08,6,Heavy Duty Arm — Motor Overload During Lift,reduce_lift_speed(),0.5,False
R_H05_C06_F08,diagnosed_LIFT_OBJECT_unanticipated__RQ2_R_H05_C06_F08,7,Suction Arm Lift — Vacuum Loss,emergency_vacuum_pump(),0.3333333333333333,False
R_H05_C06_F09,diagnosed_LIFT_OBJECT_unanticipated__RQ2_R_H05_C06_F09,1,Lift Slip — Low Friction Surface,apply_vacuum_assist(),0.7083333333333334,True
R_H05_C06_F09,diagnosed_LIFT_OBJECT_unanticipated__RQ2_R_H05_C06_F09,2,Parallel Arm Lift — Contact Loss,reposition_and_regrip(),0.6666666666666666,False
R_H05_C06_F09,diagnosed_LIFT_OBJECT_unanticipated__RQ2_R_H05_C06_F09,3,Cobot Industrial — Incremental Heavy Part Transfer,heavy_lift(),0.6507936507936508,False
R_H05_C06_F09,diagnosed_LIFT_OBJECT_unanticipated__RQ2_R_H05_C06_F09,4,Lightweight Arm Lift — Height Verification Only,extend_lift_phase(),0.5013652631578948,False
R_H05_C06_F09,diagnosed_LIFT_OBJECT_unanticipated__RQ2_R_H05_C06_F09,5,Cobot Lift Failure — Grip Pressure,increase_grip_pressure(),0.5,False
R_H05_C06_F09,diagnosed_LIFT_OBJECT_unanticipated__RQ2_R_H05_C06_F09,6,Heavy Duty Arm — Motor Overload During Lift,reduce_lift_speed(),0.5,False
R_H05_C06_F09,diagnosed_LIFT_OBJECT_unanticipated__RQ2_R_H05_C06_F09,7,Suction Arm Lift — Vacuum Loss,emergency_vacuum_pump(),0.3333333333333333,False
R_H05_C06_F10,diagnosed_LIFT_OBJECT_unanticipated__RQ2_R_H05_C06_F10,1,Lift Slip — Low Friction Surface,apply_vacuum_assist(),0.7083333333333334,True
R_H05_C06_F10,diagnosed_LIFT_OBJECT_unanticipated__RQ2_R_H05_C06_F10,2,Parallel Arm Lift — Contact Loss,reposition_and_regrip(),0.6666666666666666,False
R_H05_C06_F10,diagnosed_LIFT_OBJECT_unanticipated__RQ2_R_H05_C06_F10,3,Cobot Industrial — Incremental Heavy Part Transfer,heavy_lift(),0.6507936507936508,False
R_H05_C06_F10,diagnosed_LIFT_OBJECT_unanticipated__RQ2_R_H05_C06_F10,4,Lightweight Arm Lift — Height Verification Only,extend_lift_phase(),0.5013652631578948,False
R_H05_C06_F10,diagnosed_LIFT_OBJECT_unanticipated__RQ2_R_H05_C06_F10,5,Cobot Lift Failure — Grip Pressure,increase_grip_pressure(),0.5,False
R_H05_C06_F10,diagnosed_LIFT_OBJECT_unanticipated__RQ2_R_H05_C06_F10,6,Heavy Duty Arm — Motor Overload During Lift,reduce_lift_speed(),0.5,False
R_H05_C06_F10,diagnosed_LIFT_OBJECT_unanticipated__RQ2_R_H05_C06_F10,7,Suction Arm Lift — Vacuum Loss,emergency_vacuum_pump(),0.3333333333333333,False
R_H05_C07_F01,diagnosed_LIFT_OBJECT_unanticipated__RQ2_R_H05_C07_F01,1,Lift Slip — Low Friction Surface,apply_vacuum_assist(),0.736111111111111,True
R_H05_C07_F01,diagnosed_LIFT_OBJECT_unanticipated__RQ2_R_H05_C07_F01,2,Parallel Arm Lift — Contact Loss,reposition_and_regrip(),0.6666666666666666,False
R_H05_C07_F01,diagnosed_LIFT_OBJECT_unanticipated__RQ2_R_H05_C07_F01,3,Cobot Industrial — Incremental Heavy Part Transfer,heavy_lift(),0.6507936507936508,False
R_H05_C07_F01,diagnosed_LIFT_OBJECT_unanticipated__RQ2_R_H05_C07_F01,4,Lightweight Arm Lift — Height Verification Only,extend_lift_phase(),0.5013652631578948,False
R_H05_C07_F01,diagnosed_LIFT_OBJECT_unanticipated__RQ2_R_H05_C07_F01,5,Cobot Lift Failure — Grip Pressure,increase_grip_pressure(),0.5,False
R_H05_C07_F01,diagnosed_LIFT_OBJECT_unanticipated__RQ2_R_H05_C07_F01,6,Heavy Duty Arm — Motor Overload During Lift,reduce_lift_speed(),0.5,False
R_H05_C07_F01,diagnosed_LIFT_OBJECT_unanticipated__RQ2_R_H05_C07_F01,7,Suction Arm Lift — Vacuum Loss,emergency_vacuum_pump(),0.3333333333333333,False
R_H05_C07_F02,diagnosed_LIFT_OBJECT_unanticipated__RQ2_R_H05_C07_F02,1,Lift Slip — Low Friction Surface,apply_vacuum_assist(),0.7916666666666666,True
R_H05_C07_F02,diagnosed_LIFT_OBJECT_unanticipated__RQ2_R_H05_C07_F02,2,Parallel Arm Lift — Contact Loss,reposition_and_regrip(),0.6666666666666666,False
R_H05_C07_F02,diagnosed_LIFT_OBJECT_unanticipated__RQ2_R_H05_C07_F02,3,Cobot Industrial — Incremental Heavy Part Transfer,heavy_lift(),0.6507936507936508,False
R_H05_C07_F02,diagnosed_LIFT_OBJECT_unanticipated__RQ2_R_H05_C07_F02,4,Lightweight Arm Lift — Height Verification Only,extend_lift_phase(),0.5013652631578948,False
R_H05_C07_F02,diagnosed_LIFT_OBJECT_unanticipated__RQ2_R_H05_C07_F02,5,Cobot Lift Failure — Grip Pressure,increase_grip_pressure(),0.5,False
R_H05_C07_F02,diagnosed_LIFT_OBJECT_unanticipated__RQ2_R_H05_C07_F02,6,Heavy Duty Arm — Motor Overload During Lift,reduce_lift_speed(),0.5,False
R_H05_C07_F02,diagnosed_LIFT_OBJECT_unanticipated__RQ2_R_H05_C07_F02,7,Suction Arm Lift — Vacuum Loss,emergency_vacuum_pump(),0.3333333333333333,False
R_H05_C07_F03,diagnosed_LIFT_OBJECT_unanticipated__RQ2_R_H05_C07_F03,1,Lift Slip — Low Friction Surface,apply_vacuum_assist(),0.7958333333333334,True
R_H05_C07_F03,diagnosed_LIFT_OBJECT_unanticipated__RQ2_R_H05_C07_F03,2,Parallel Arm Lift — Contact Loss,reposition_and_regrip(),0.6666666666666666,False
R_H05_C07_F03,diagnosed_LIFT_OBJECT_unanticipated__RQ2_R_H05_C07_F03,3,Cobot Industrial — Incremental Heavy Part Transfer,heavy_lift(),0.6507936507936508,False
R_H05_C07_F03,diagnosed_LIFT_OBJECT_unanticipated__RQ2_R_H05_C07_F03,4,Lightweight Arm Lift — Height Verification Only,extend_lift_phase(),0.5013652631578948,False
R_H05_C07_F03,diagnosed_LIFT_OBJECT_unanticipated__RQ2_R_H05_C07_F03,5,Cobot Lift Failure — Grip Pressure,increase_grip_pressure(),0.5,False
R_H05_C07_F03,diagnosed_LIFT_OBJECT_unanticipated__RQ2_R_H05_C07_F03,6,Heavy Duty Arm — Motor Overload During Lift,reduce_lift_speed(),0.5,False
R_H05_C07_F03,diagnosed_LIFT_OBJECT_unanticipated__RQ2_R_H05_C07_F03,7,Suction Arm Lift — Vacuum Loss,emergency_vacuum_pump(),0.3333333333333333,False
R_H05_C07_F04,diagnosed_LIFT_OBJECT_unanticipated__RQ2_R_H05_C07_F04,1,Lift Slip — Low Friction Surface,apply_vacuum_assist(),0.7999999999999999,True
R_H05_C07_F04,diagnosed_LIFT_OBJECT_unanticipated__RQ2_R_H05_C07_F04,2,Parallel Arm Lift — Contact Loss,reposition_and_regrip(),0.6666666666666666,False
R_H05_C07_F04,diagnosed_LIFT_OBJECT_unanticipated__RQ2_R_H05_C07_F04,3,Cobot Industrial — Incremental Heavy Part Transfer,heavy_lift(),0.6507936507936508,False
R_H05_C07_F04,diagnosed_LIFT_OBJECT_unanticipated__RQ2_R_H05_C07_F04,4,Lightweight Arm Lift — Height Verification Only,extend_lift_phase(),0.5013652631578948,False
R_H05_C07_F04,diagnosed_LIFT_OBJECT_unanticipated__RQ2_R_H05_C07_F04,5,Cobot Lift Failure — Grip Pressure,increase_grip_pressure(),0.5,False
R_H05_C07_F04,diagnosed_LIFT_OBJECT_unanticipated__RQ2_R_H05_C07_F04,6,Heavy Duty Arm — Motor Overload During Lift,reduce_lift_speed(),0.5,False
R_H05_C07_F04,diagnosed_LIFT_OBJECT_unanticipated__RQ2_R_H05_C07_F04,7,Suction Arm Lift — Vacuum Loss,emergency_vacuum_pump(),0.3333333333333333,False
R_H05_C07_F05,diagnosed_LIFT_OBJECT_unanticipated__RQ2_R_H05_C07_F05,1,Lift Slip — Low Friction Surface,apply_vacuum_assist(),0.8194444444444443,True
R_H05_C07_F05,diagnosed_LIFT_OBJECT_unanticipated__RQ2_R_H05_C07_F05,2,Parallel Arm Lift — Contact Loss,reposition_and_regrip(),0.6666666666666666,False
R_H05_C07_F05,diagnosed_LIFT_OBJECT_unanticipated__RQ2_R_H05_C07_F05,3,Cobot Industrial — Incremental Heavy Part Transfer,heavy_lift(),0.6507936507936508,False
R_H05_C07_F05,diagnosed_LIFT_OBJECT_unanticipated__RQ2_R_H05_C07_F05,4,Lightweight Arm Lift — Height Verification Only,extend_lift_phase(),0.5013652631578948,False
R_H05_C07_F05,diagnosed_LIFT_OBJECT_unanticipated__RQ2_R_H05_C07_F05,5,Cobot Lift Failure — Grip Pressure,increase_grip_pressure(),0.5,False
R_H05_C07_F05,diagnosed_LIFT_OBJECT_unanticipated__RQ2_R_H05_C07_F05,6,Heavy Duty Arm — Motor Overload During Lift,reduce_lift_speed(),0.5,False
R_H05_C07_F05,diagnosed_LIFT_OBJECT_unanticipated__RQ2_R_H05_C07_F05,7,Suction Arm Lift — Vacuum Loss,emergency_vacuum_pump(),0.3333333333333333,False
R_H05_C07_F06,diagnosed_LIFT_OBJECT_unanticipated__RQ2_R_H05_C07_F06,1,Lift Slip — Low Friction Surface,apply_vacuum_assist(),0.7972222222222222,True
R_H05_C07_F06,diagnosed_LIFT_OBJECT_unanticipated__RQ2_R_H05_C07_F06,2,Parallel Arm Lift — Contact Loss,reposition_and_regrip(),0.6666666666666666,False
R_H05_C07_F06,diagnosed_LIFT_OBJECT_unanticipated__RQ2_R_H05_C07_F06,3,Cobot Industrial — Incremental Heavy Part Transfer,heavy_lift(),0.6507936507936508,False
R_H05_C07_F06,diagnosed_LIFT_OBJECT_unanticipated__RQ2_R_H05_C07_F06,4,Lightweight Arm Lift — Height Verification Only,extend_lift_phase(),0.5013652631578948,False
R_H05_C07_F06,diagnosed_LIFT_OBJECT_unanticipated__RQ2_R_H05_C07_F06,5,Cobot Lift Failure — Grip Pressure,increase_grip_pressure(),0.5,False
R_H05_C07_F06,diagnosed_LIFT_OBJECT_unanticipated__RQ2_R_H05_C07_F06,6,Heavy Duty Arm — Motor Overload During Lift,reduce_lift_speed(),0.5,False
R_H05_C07_F06,diagnosed_LIFT_OBJECT_unanticipated__RQ2_R_H05_C07_F06,7,Suction Arm Lift — Vacuum Loss,emergency_vacuum_pump(),0.3333333333333333,False
R_H05_C07_F07,diagnosed_LIFT_OBJECT_unanticipated__RQ2_R_H05_C07_F07,1,Lift Slip — Low Friction Surface,apply_vacuum_assist(),0.7527777777777778,True
R_H05_C07_F07,diagnosed_LIFT_OBJECT_unanticipated__RQ2_R_H05_C07_F07,2,Parallel Arm Lift — Contact Loss,reposition_and_regrip(),0.6666666666666666,False
R_H05_C07_F07,diagnosed_LIFT_OBJECT_unanticipated__RQ2_R_H05_C07_F07,3,Cobot Industrial — Incremental Heavy Part Transfer,heavy_lift(),0.6507936507936508,False
R_H05_C07_F07,diagnosed_LIFT_OBJECT_unanticipated__RQ2_R_H05_C07_F07,4,Lightweight Arm Lift — Height Verification Only,extend_lift_phase(),0.5013652631578948,False
R_H05_C07_F07,diagnosed_LIFT_OBJECT_unanticipated__RQ2_R_H05_C07_F07,5,Cobot Lift Failure — Grip Pressure,increase_grip_pressure(),0.5,False
R_H05_C07_F07,diagnosed_LIFT_OBJECT_unanticipated__RQ2_R_H05_C07_F07,6,Heavy Duty Arm — Motor Overload During Lift,reduce_lift_speed(),0.5,False
R_H05_C07_F07,diagnosed_LIFT_OBJECT_unanticipated__RQ2_R_H05_C07_F07,7,Suction Arm Lift — Vacuum Loss,emergency_vacuum_pump(),0.3333333333333333,False
R_H05_C07_F08,diagnosed_LIFT_OBJECT_unanticipated__RQ2_R_H05_C07_F08,1,Lift Slip — Low Friction Surface,apply_vacuum_assist(),0.7130555555555556,True
R_H05_C07_F08,diagnosed_LIFT_OBJECT_unanticipated__RQ2_R_H05_C07_F08,2,Parallel Arm Lift — Contact Loss,reposition_and_regrip(),0.6666666666666666,False
R_H05_C07_F08,diagnosed_LIFT_OBJECT_unanticipated__RQ2_R_H05_C07_F08,3,Cobot Industrial — Incremental Heavy Part Transfer,heavy_lift(),0.6507936507936508,False
R_H05_C07_F08,diagnosed_LIFT_OBJECT_unanticipated__RQ2_R_H05_C07_F08,4,Lightweight Arm Lift — Height Verification Only,extend_lift_phase(),0.5013652631578948,False
R_H05_C07_F08,diagnosed_LIFT_OBJECT_unanticipated__RQ2_R_H05_C07_F08,5,Cobot Lift Failure — Grip Pressure,increase_grip_pressure(),0.5,False
R_H05_C07_F08,diagnosed_LIFT_OBJECT_unanticipated__RQ2_R_H05_C07_F08,6,Heavy Duty Arm — Motor Overload During Lift,reduce_lift_speed(),0.5,False
R_H05_C07_F08,diagnosed_LIFT_OBJECT_unanticipated__RQ2_R_H05_C07_F08,7,Suction Arm Lift — Vacuum Loss,emergency_vacuum_pump(),0.3333333333333333,False
R_H05_C07_F09,diagnosed_LIFT_OBJECT_unanticipated__RQ2_R_H05_C07_F09,1,Lift Slip — Low Friction Surface,apply_vacuum_assist(),0.7083333333333334,True
R_H05_C07_F09,diagnosed_LIFT_OBJECT_unanticipated__RQ2_R_H05_C07_F09,2,Parallel Arm Lift — Contact Loss,reposition_and_regrip(),0.6666666666666666,False
R_H05_C07_F09,diagnosed_LIFT_OBJECT_unanticipated__RQ2_R_H05_C07_F09,3,Cobot Industrial — Incremental Heavy Part Transfer,heavy_lift(),0.6507936507936508,False
R_H05_C07_F09,diagnosed_LIFT_OBJECT_unanticipated__RQ2_R_H05_C07_F09,4,Lightweight Arm Lift — Height Verification Only,extend_lift_phase(),0.5013652631578948,False
R_H05_C07_F09,diagnosed_LIFT_OBJECT_unanticipated__RQ2_R_H05_C07_F09,5,Cobot Lift Failure — Grip Pressure,increase_grip_pressure(),0.5,False
R_H05_C07_F09,diagnosed_LIFT_OBJECT_unanticipated__RQ2_R_H05_C07_F09,6,Heavy Duty Arm — Motor Overload During Lift,reduce_lift_speed(),0.5,False
R_H05_C07_F09,diagnosed_LIFT_OBJECT_unanticipated__RQ2_R_H05_C07_F09,7,Suction Arm Lift — Vacuum Loss,emergency_vacuum_pump(),0.3333333333333333,False
R_H05_C07_F10,diagnosed_LIFT_OBJECT_unanticipated__RQ2_R_H05_C07_F10,1,Lift Slip — Low Friction Surface,apply_vacuum_assist(),0.7083333333333334,True
R_H05_C07_F10,diagnosed_LIFT_OBJECT_unanticipated__RQ2_R_H05_C07_F10,2,Parallel Arm Lift — Contact Loss,reposition_and_regrip(),0.6666666666666666,False
R_H05_C07_F10,diagnosed_LIFT_OBJECT_unanticipated__RQ2_R_H05_C07_F10,3,Cobot Industrial — Incremental Heavy Part Transfer,heavy_lift(),0.6507936507936508,False
R_H05_C07_F10,diagnosed_LIFT_OBJECT_unanticipated__RQ2_R_H05_C07_F10,4,Lightweight Arm Lift — Height Verification Only,extend_lift_phase(),0.5013652631578948,False
R_H05_C07_F10,diagnosed_LIFT_OBJECT_unanticipated__RQ2_R_H05_C07_F10,5,Cobot Lift Failure — Grip Pressure,increase_grip_pressure(),0.5,False
R_H05_C07_F10,diagnosed_LIFT_OBJECT_unanticipated__RQ2_R_H05_C07_F10,6,Heavy Duty Arm — Motor Overload During Lift,reduce_lift_speed(),0.5,False
R_H05_C07_F10,diagnosed_LIFT_OBJECT_unanticipated__RQ2_R_H05_C07_F10,7,Suction Arm Lift — Vacuum Loss,emergency_vacuum_pump(),0.3333333333333333,False
R_H05_C08_F01,diagnosed_LIFT_OBJECT_unanticipated__RQ2_R_H05_C08_F01,1,Lift Slip — Low Friction Surface,apply_vacuum_assist(),0.736111111111111,True
R_H05_C08_F01,diagnosed_LIFT_OBJECT_unanticipated__RQ2_R_H05_C08_F01,2,Parallel Arm Lift — Contact Loss,reposition_and_regrip(),0.6666666666666666,False
R_H05_C08_F01,diagnosed_LIFT_OBJECT_unanticipated__RQ2_R_H05_C08_F01,3,Cobot Industrial — Incremental Heavy Part Transfer,heavy_lift(),0.6507936507936508,False
R_H05_C08_F01,diagnosed_LIFT_OBJECT_unanticipated__RQ2_R_H05_C08_F01,4,Lightweight Arm Lift — Height Verification Only,extend_lift_phase(),0.5013652631578948,False
R_H05_C08_F01,diagnosed_LIFT_OBJECT_unanticipated__RQ2_R_H05_C08_F01,5,Cobot Lift Failure — Grip Pressure,increase_grip_pressure(),0.5,False
R_H05_C08_F01,diagnosed_LIFT_OBJECT_unanticipated__RQ2_R_H05_C08_F01,6,Heavy Duty Arm — Motor Overload During Lift,reduce_lift_speed(),0.5,False
R_H05_C08_F01,diagnosed_LIFT_OBJECT_unanticipated__RQ2_R_H05_C08_F01,7,Suction Arm Lift — Vacuum Loss,emergency_vacuum_pump(),0.3333333333333333,False
R_H05_C08_F02,diagnosed_LIFT_OBJECT_unanticipated__RQ2_R_H05_C08_F02,1,Lift Slip — Low Friction Surface,apply_vacuum_assist(),0.7916666666666666,True
R_H05_C08_F02,diagnosed_LIFT_OBJECT_unanticipated__RQ2_R_H05_C08_F02,2,Parallel Arm Lift — Contact Loss,reposition_and_regrip(),0.6666666666666666,False
R_H05_C08_F02,diagnosed_LIFT_OBJECT_unanticipated__RQ2_R_H05_C08_F02,3,Cobot Industrial — Incremental Heavy Part Transfer,heavy_lift(),0.6507936507936508,False
R_H05_C08_F02,diagnosed_LIFT_OBJECT_unanticipated__RQ2_R_H05_C08_F02,4,Lightweight Arm Lift — Height Verification Only,extend_lift_phase(),0.5013652631578948,False
R_H05_C08_F02,diagnosed_LIFT_OBJECT_unanticipated__RQ2_R_H05_C08_F02,5,Cobot Lift Failure — Grip Pressure,increase_grip_pressure(),0.5,False
R_H05_C08_F02,diagnosed_LIFT_OBJECT_unanticipated__RQ2_R_H05_C08_F02,6,Heavy Duty Arm — Motor Overload During Lift,reduce_lift_speed(),0.5,False
R_H05_C08_F02,diagnosed_LIFT_OBJECT_unanticipated__RQ2_R_H05_C08_F02,7,Suction Arm Lift — Vacuum Loss,emergency_vacuum_pump(),0.3333333333333333,False
R_H05_C08_F03,diagnosed_LIFT_OBJECT_unanticipated__RQ2_R_H05_C08_F03,1,Lift Slip — Low Friction Surface,apply_vacuum_assist(),0.7958333333333334,True
R_H05_C08_F03,diagnosed_LIFT_OBJECT_unanticipated__RQ2_R_H05_C08_F03,2,Parallel Arm Lift — Contact Loss,reposition_and_regrip(),0.6666666666666666,False
R_H05_C08_F03,diagnosed_LIFT_OBJECT_unanticipated__RQ2_R_H05_C08_F03,3,Cobot Industrial — Incremental Heavy Part Transfer,heavy_lift(),0.6507936507936508,False
R_H05_C08_F03,diagnosed_LIFT_OBJECT_unanticipated__RQ2_R_H05_C08_F03,4,Lightweight Arm Lift — Height Verification Only,extend_lift_phase(),0.5013652631578948,False
R_H05_C08_F03,diagnosed_LIFT_OBJECT_unanticipated__RQ2_R_H05_C08_F03,5,Cobot Lift Failure — Grip Pressure,increase_grip_pressure(),0.5,False
R_H05_C08_F03,diagnosed_LIFT_OBJECT_unanticipated__RQ2_R_H05_C08_F03,6,Heavy Duty Arm — Motor Overload During Lift,reduce_lift_speed(),0.5,False
R_H05_C08_F03,diagnosed_LIFT_OBJECT_unanticipated__RQ2_R_H05_C08_F03,7,Suction Arm Lift — Vacuum Loss,emergency_vacuum_pump(),0.3333333333333333,False
R_H05_C08_F04,diagnosed_LIFT_OBJECT_unanticipated__RQ2_R_H05_C08_F04,1,Lift Slip — Low Friction Surface,apply_vacuum_assist(),0.7999999999999999,True
R_H05_C08_F04,diagnosed_LIFT_OBJECT_unanticipated__RQ2_R_H05_C08_F04,2,Parallel Arm Lift — Contact Loss,reposition_and_regrip(),0.6666666666666666,False
R_H05_C08_F04,diagnosed_LIFT_OBJECT_unanticipated__RQ2_R_H05_C08_F04,3,Cobot Industrial — Incremental Heavy Part Transfer,heavy_lift(),0.6507936507936508,False
R_H05_C08_F04,diagnosed_LIFT_OBJECT_unanticipated__RQ2_R_H05_C08_F04,4,Lightweight Arm Lift — Height Verification Only,extend_lift_phase(),0.5013652631578948,False
R_H05_C08_F04,diagnosed_LIFT_OBJECT_unanticipated__RQ2_R_H05_C08_F04,5,Cobot Lift Failure — Grip Pressure,increase_grip_pressure(),0.5,False
R_H05_C08_F04,diagnosed_LIFT_OBJECT_unanticipated__RQ2_R_H05_C08_F04,6,Heavy Duty Arm — Motor Overload During Lift,reduce_lift_speed(),0.5,False
R_H05_C08_F04,diagnosed_LIFT_OBJECT_unanticipated__RQ2_R_H05_C08_F04,7,Suction Arm Lift — Vacuum Loss,emergency_vacuum_pump(),0.3333333333333333,False
R_H05_C08_F05,diagnosed_LIFT_OBJECT_unanticipated__RQ2_R_H05_C08_F05,1,Lift Slip — Low Friction Surface,apply_vacuum_assist(),0.8194444444444443,True
R_H05_C08_F05,diagnosed_LIFT_OBJECT_unanticipated__RQ2_R_H05_C08_F05,2,Parallel Arm Lift — Contact Loss,reposition_and_regrip(),0.6666666666666666,False
R_H05_C08_F05,diagnosed_LIFT_OBJECT_unanticipated__RQ2_R_H05_C08_F05,3,Cobot Industrial — Incremental Heavy Part Transfer,heavy_lift(),0.6507936507936508,False
R_H05_C08_F05,diagnosed_LIFT_OBJECT_unanticipated__RQ2_R_H05_C08_F05,4,Lightweight Arm Lift — Height Verification Only,extend_lift_phase(),0.5013652631578948,False
R_H05_C08_F05,diagnosed_LIFT_OBJECT_unanticipated__RQ2_R_H05_C08_F05,5,Cobot Lift Failure — Grip Pressure,increase_grip_pressure(),0.5,False
R_H05_C08_F05,diagnosed_LIFT_OBJECT_unanticipated__RQ2_R_H05_C08_F05,6,Heavy Duty Arm — Motor Overload During Lift,reduce_lift_speed(),0.5,False
R_H05_C08_F05,diagnosed_LIFT_OBJECT_unanticipated__RQ2_R_H05_C08_F05,7,Suction Arm Lift — Vacuum Loss,emergency_vacuum_pump(),0.3333333333333333,False
R_H05_C08_F06,diagnosed_LIFT_OBJECT_unanticipated__RQ2_R_H05_C08_F06,1,Lift Slip — Low Friction Surface,apply_vacuum_assist(),0.7972222222222222,True
R_H05_C08_F06,diagnosed_LIFT_OBJECT_unanticipated__RQ2_R_H05_C08_F06,2,Parallel Arm Lift — Contact Loss,reposition_and_regrip(),0.6666666666666666,False
R_H05_C08_F06,diagnosed_LIFT_OBJECT_unanticipated__RQ2_R_H05_C08_F06,3,Cobot Industrial — Incremental Heavy Part Transfer,heavy_lift(),0.6507936507936508,False
R_H05_C08_F06,diagnosed_LIFT_OBJECT_unanticipated__RQ2_R_H05_C08_F06,4,Lightweight Arm Lift — Height Verification Only,extend_lift_phase(),0.5013652631578948,False
R_H05_C08_F06,diagnosed_LIFT_OBJECT_unanticipated__RQ2_R_H05_C08_F06,5,Cobot Lift Failure — Grip Pressure,increase_grip_pressure(),0.5,False
R_H05_C08_F06,diagnosed_LIFT_OBJECT_unanticipated__RQ2_R_H05_C08_F06,6,Heavy Duty Arm — Motor Overload During Lift,reduce_lift_speed(),0.5,False
R_H05_C08_F06,diagnosed_LIFT_OBJECT_unanticipated__RQ2_R_H05_C08_F06,7,Suction Arm Lift — Vacuum Loss,emergency_vacuum_pump(),0.3333333333333333,False
R_H05_C08_F07,diagnosed_LIFT_OBJECT_unanticipated__RQ2_R_H05_C08_F07,1,Lift Slip — Low Friction Surface,apply_vacuum_assist(),0.7527777777777778,True
R_H05_C08_F07,diagnosed_LIFT_OBJECT_unanticipated__RQ2_R_H05_C08_F07,2,Parallel Arm Lift — Contact Loss,reposition_and_regrip(),0.6666666666666666,False
R_H05_C08_F07,diagnosed_LIFT_OBJECT_unanticipated__RQ2_R_H05_C08_F07,3,Cobot Industrial — Incremental Heavy Part Transfer,heavy_lift(),0.6507936507936508,False
R_H05_C08_F07,diagnosed_LIFT_OBJECT_unanticipated__RQ2_R_H05_C08_F07,4,Lightweight Arm Lift — Height Verification Only,extend_lift_phase(),0.5013652631578948,False
R_H05_C08_F07,diagnosed_LIFT_OBJECT_unanticipated__RQ2_R_H05_C08_F07,5,Cobot Lift Failure — Grip Pressure,increase_grip_pressure(),0.5,False
R_H05_C08_F07,diagnosed_LIFT_OBJECT_unanticipated__RQ2_R_H05_C08_F07,6,Heavy Duty Arm — Motor Overload During Lift,reduce_lift_speed(),0.5,False
R_H05_C08_F07,diagnosed_LIFT_OBJECT_unanticipated__RQ2_R_H05_C08_F07,7,Suction Arm Lift — Vacuum Loss,emergency_vacuum_pump(),0.3333333333333333,False
R_H05_C08_F08,diagnosed_LIFT_OBJECT_unanticipated__RQ2_R_H05_C08_F08,1,Lift Slip — Low Friction Surface,apply_vacuum_assist(),0.7130555555555556,True
R_H05_C08_F08,diagnosed_LIFT_OBJECT_unanticipated__RQ2_R_H05_C08_F08,2,Parallel Arm Lift — Contact Loss,reposition_and_regrip(),0.6666666666666666,False
R_H05_C08_F08,diagnosed_LIFT_OBJECT_unanticipated__RQ2_R_H05_C08_F08,3,Cobot Industrial — Incremental Heavy Part Transfer,heavy_lift(),0.6507936507936508,False
R_H05_C08_F08,diagnosed_LIFT_OBJECT_unanticipated__RQ2_R_H05_C08_F08,4,Lightweight Arm Lift — Height Verification Only,extend_lift_phase(),0.5013652631578948,False
R_H05_C08_F08,diagnosed_LIFT_OBJECT_unanticipated__RQ2_R_H05_C08_F08,5,Cobot Lift Failure — Grip Pressure,increase_grip_pressure(),0.5,False
R_H05_C08_F08,diagnosed_LIFT_OBJECT_unanticipated__RQ2_R_H05_C08_F08,6,Heavy Duty Arm — Motor Overload During Lift,reduce_lift_speed(),0.5,False
R_H05_C08_F08,diagnosed_LIFT_OBJECT_unanticipated__RQ2_R_H05_C08_F08,7,Suction Arm Lift — Vacuum Loss,emergency_vacuum_pump(),0.3333333333333333,False
R_H05_C08_F09,diagnosed_LIFT_OBJECT_unanticipated__RQ2_R_H05_C08_F09,1,Lift Slip — Low Friction Surface,apply_vacuum_assist(),0.7083333333333334,True
R_H05_C08_F09,diagnosed_LIFT_OBJECT_unanticipated__RQ2_R_H05_C08_F09,2,Parallel Arm Lift — Contact Loss,reposition_and_regrip(),0.6666666666666666,False
R_H05_C08_F09,diagnosed_LIFT_OBJECT_unanticipated__RQ2_R_H05_C08_F09,3,Cobot Industrial — Incremental Heavy Part Transfer,heavy_lift(),0.6507936507936508,False
R_H05_C08_F09,diagnosed_LIFT_OBJECT_unanticipated__RQ2_R_H05_C08_F09,4,Lightweight Arm Lift — Height Verification Only,extend_lift_phase(),0.5013652631578948,False
R_H05_C08_F09,diagnosed_LIFT_OBJECT_unanticipated__RQ2_R_H05_C08_F09,5,Cobot Lift Failure — Grip Pressure,increase_grip_pressure(),0.5,False
R_H05_C08_F09,diagnosed_LIFT_OBJECT_unanticipated__RQ2_R_H05_C08_F09,6,Heavy Duty Arm — Motor Overload During Lift,reduce_lift_speed(),0.5,False
R_H05_C08_F09,diagnosed_LIFT_OBJECT_unanticipated__RQ2_R_H05_C08_F09,7,Suction Arm Lift — Vacuum Loss,emergency_vacuum_pump(),0.3333333333333333,False
R_H05_C08_F10,diagnosed_LIFT_OBJECT_unanticipated__RQ2_R_H05_C08_F10,1,Lift Slip — Low Friction Surface,apply_vacuum_assist(),0.7083333333333334,True
R_H05_C08_F10,diagnosed_LIFT_OBJECT_unanticipated__RQ2_R_H05_C08_F10,2,Parallel Arm Lift — Contact Loss,reposition_and_regrip(),0.6666666666666666,False
R_H05_C08_F10,diagnosed_LIFT_OBJECT_unanticipated__RQ2_R_H05_C08_F10,3,Cobot Industrial — Incremental Heavy Part Transfer,heavy_lift(),0.6507936507936508,False
R_H05_C08_F10,diagnosed_LIFT_OBJECT_unanticipated__RQ2_R_H05_C08_F10,4,Lightweight Arm Lift — Height Verification Only,extend_lift_phase(),0.5013652631578948,False
R_H05_C08_F10,diagnosed_LIFT_OBJECT_unanticipated__RQ2_R_H05_C08_F10,5,Cobot Lift Failure — Grip Pressure,increase_grip_pressure(),0.5,False
R_H05_C08_F10,diagnosed_LIFT_OBJECT_unanticipated__RQ2_R_H05_C08_F10,6,Heavy Duty Arm — Motor Overload During Lift,reduce_lift_speed(),0.5,False
R_H05_C08_F10,diagnosed_LIFT_OBJECT_unanticipated__RQ2_R_H05_C08_F10,7,Suction Arm Lift — Vacuum Loss,emergency_vacuum_pump(),0.3333333333333333,False
R_H05_C09_F01,diagnosed_LIFT_OBJECT_unanticipated__RQ2_R_H05_C09_F01,1,Lift Slip — Low Friction Surface,apply_vacuum_assist(),0.736111111111111,True
R_H05_C09_F01,diagnosed_LIFT_OBJECT_unanticipated__RQ2_R_H05_C09_F01,2,Parallel Arm Lift — Contact Loss,reposition_and_regrip(),0.6666666666666666,False
R_H05_C09_F01,diagnosed_LIFT_OBJECT_unanticipated__RQ2_R_H05_C09_F01,3,Cobot Industrial — Incremental Heavy Part Transfer,heavy_lift(),0.6507936507936508,False
R_H05_C09_F01,diagnosed_LIFT_OBJECT_unanticipated__RQ2_R_H05_C09_F01,4,Lightweight Arm Lift — Height Verification Only,extend_lift_phase(),0.5013652631578948,False
R_H05_C09_F01,diagnosed_LIFT_OBJECT_unanticipated__RQ2_R_H05_C09_F01,5,Cobot Lift Failure — Grip Pressure,increase_grip_pressure(),0.5,False
R_H05_C09_F01,diagnosed_LIFT_OBJECT_unanticipated__RQ2_R_H05_C09_F01,6,Heavy Duty Arm — Motor Overload During Lift,reduce_lift_speed(),0.5,False
R_H05_C09_F01,diagnosed_LIFT_OBJECT_unanticipated__RQ2_R_H05_C09_F01,7,Suction Arm Lift — Vacuum Loss,emergency_vacuum_pump(),0.3333333333333333,False
R_H05_C09_F02,diagnosed_LIFT_OBJECT_unanticipated__RQ2_R_H05_C09_F02,1,Lift Slip — Low Friction Surface,apply_vacuum_assist(),0.7916666666666666,True
R_H05_C09_F02,diagnosed_LIFT_OBJECT_unanticipated__RQ2_R_H05_C09_F02,2,Parallel Arm Lift — Contact Loss,reposition_and_regrip(),0.6666666666666666,False
R_H05_C09_F02,diagnosed_LIFT_OBJECT_unanticipated__RQ2_R_H05_C09_F02,3,Cobot Industrial — Incremental Heavy Part Transfer,heavy_lift(),0.6507936507936508,False
R_H05_C09_F02,diagnosed_LIFT_OBJECT_unanticipated__RQ2_R_H05_C09_F02,4,Lightweight Arm Lift — Height Verification Only,extend_lift_phase(),0.5013652631578948,False
R_H05_C09_F02,diagnosed_LIFT_OBJECT_unanticipated__RQ2_R_H05_C09_F02,5,Cobot Lift Failure — Grip Pressure,increase_grip_pressure(),0.5,False
R_H05_C09_F02,diagnosed_LIFT_OBJECT_unanticipated__RQ2_R_H05_C09_F02,6,Heavy Duty Arm — Motor Overload During Lift,reduce_lift_speed(),0.5,False
R_H05_C09_F02,diagnosed_LIFT_OBJECT_unanticipated__RQ2_R_H05_C09_F02,7,Suction Arm Lift — Vacuum Loss,emergency_vacuum_pump(),0.3333333333333333,False
R_H05_C09_F03,diagnosed_LIFT_OBJECT_unanticipated__RQ2_R_H05_C09_F03,1,Lift Slip — Low Friction Surface,apply_vacuum_assist(),0.7958333333333334,True
R_H05_C09_F03,diagnosed_LIFT_OBJECT_unanticipated__RQ2_R_H05_C09_F03,2,Parallel Arm Lift — Contact Loss,reposition_and_regrip(),0.6666666666666666,False
R_H05_C09_F03,diagnosed_LIFT_OBJECT_unanticipated__RQ2_R_H05_C09_F03,3,Cobot Industrial — Incremental Heavy Part Transfer,heavy_lift(),0.6507936507936508,False
R_H05_C09_F03,diagnosed_LIFT_OBJECT_unanticipated__RQ2_R_H05_C09_F03,4,Lightweight Arm Lift — Height Verification Only,extend_lift_phase(),0.5013652631578948,False
R_H05_C09_F03,diagnosed_LIFT_OBJECT_unanticipated__RQ2_R_H05_C09_F03,5,Cobot Lift Failure — Grip Pressure,increase_grip_pressure(),0.5,False
R_H05_C09_F03,diagnosed_LIFT_OBJECT_unanticipated__RQ2_R_H05_C09_F03,6,Heavy Duty Arm — Motor Overload During Lift,reduce_lift_speed(),0.5,False
R_H05_C09_F03,diagnosed_LIFT_OBJECT_unanticipated__RQ2_R_H05_C09_F03,7,Suction Arm Lift — Vacuum Loss,emergency_vacuum_pump(),0.3333333333333333,False
R_H05_C09_F04,diagnosed_LIFT_OBJECT_unanticipated__RQ2_R_H05_C09_F04,1,Lift Slip — Low Friction Surface,apply_vacuum_assist(),0.7999999999999999,True
R_H05_C09_F04,diagnosed_LIFT_OBJECT_unanticipated__RQ2_R_H05_C09_F04,2,Parallel Arm Lift — Contact Loss,reposition_and_regrip(),0.6666666666666666,False
R_H05_C09_F04,diagnosed_LIFT_OBJECT_unanticipated__RQ2_R_H05_C09_F04,3,Cobot Industrial — Incremental Heavy Part Transfer,heavy_lift(),0.6507936507936508,False
R_H05_C09_F04,diagnosed_LIFT_OBJECT_unanticipated__RQ2_R_H05_C09_F04,4,Lightweight Arm Lift — Height Verification Only,extend_lift_phase(),0.5013652631578948,False
R_H05_C09_F04,diagnosed_LIFT_OBJECT_unanticipated__RQ2_R_H05_C09_F04,5,Cobot Lift Failure — Grip Pressure,increase_grip_pressure(),0.5,False
R_H05_C09_F04,diagnosed_LIFT_OBJECT_unanticipated__RQ2_R_H05_C09_F04,6,Heavy Duty Arm — Motor Overload During Lift,reduce_lift_speed(),0.5,False
R_H05_C09_F04,diagnosed_LIFT_OBJECT_unanticipated__RQ2_R_H05_C09_F04,7,Suction Arm Lift — Vacuum Loss,emergency_vacuum_pump(),0.3333333333333333,False
R_H05_C09_F05,diagnosed_LIFT_OBJECT_unanticipated__RQ2_R_H05_C09_F05,1,Lift Slip — Low Friction Surface,apply_vacuum_assist(),0.8194444444444443,True
R_H05_C09_F05,diagnosed_LIFT_OBJECT_unanticipated__RQ2_R_H05_C09_F05,2,Parallel Arm Lift — Contact Loss,reposition_and_regrip(),0.6666666666666666,False
R_H05_C09_F05,diagnosed_LIFT_OBJECT_unanticipated__RQ2_R_H05_C09_F05,3,Cobot Industrial — Incremental Heavy Part Transfer,heavy_lift(),0.6507936507936508,False
R_H05_C09_F05,diagnosed_LIFT_OBJECT_unanticipated__RQ2_R_H05_C09_F05,4,Lightweight Arm Lift — Height Verification Only,extend_lift_phase(),0.5013652631578948,False
R_H05_C09_F05,diagnosed_LIFT_OBJECT_unanticipated__RQ2_R_H05_C09_F05,5,Cobot Lift Failure — Grip Pressure,increase_grip_pressure(),0.5,False
R_H05_C09_F05,diagnosed_LIFT_OBJECT_unanticipated__RQ2_R_H05_C09_F05,6,Heavy Duty Arm — Motor Overload During Lift,reduce_lift_speed(),0.5,False
R_H05_C09_F05,diagnosed_LIFT_OBJECT_unanticipated__RQ2_R_H05_C09_F05,7,Suction Arm Lift — Vacuum Loss,emergency_vacuum_pump(),0.3333333333333333,False
R_H05_C09_F06,diagnosed_LIFT_OBJECT_unanticipated__RQ2_R_H05_C09_F06,1,Lift Slip — Low Friction Surface,apply_vacuum_assist(),0.7972222222222222,True
R_H05_C09_F06,diagnosed_LIFT_OBJECT_unanticipated__RQ2_R_H05_C09_F06,2,Parallel Arm Lift — Contact Loss,reposition_and_regrip(),0.6666666666666666,False
R_H05_C09_F06,diagnosed_LIFT_OBJECT_unanticipated__RQ2_R_H05_C09_F06,3,Cobot Industrial — Incremental Heavy Part Transfer,heavy_lift(),0.6507936507936508,False
R_H05_C09_F06,diagnosed_LIFT_OBJECT_unanticipated__RQ2_R_H05_C09_F06,4,Lightweight Arm Lift — Height Verification Only,extend_lift_phase(),0.5013652631578948,False
R_H05_C09_F06,diagnosed_LIFT_OBJECT_unanticipated__RQ2_R_H05_C09_F06,5,Cobot Lift Failure — Grip Pressure,increase_grip_pressure(),0.5,False
R_H05_C09_F06,diagnosed_LIFT_OBJECT_unanticipated__RQ2_R_H05_C09_F06,6,Heavy Duty Arm — Motor Overload During Lift,reduce_lift_speed(),0.5,False
R_H05_C09_F06,diagnosed_LIFT_OBJECT_unanticipated__RQ2_R_H05_C09_F06,7,Suction Arm Lift — Vacuum Loss,emergency_vacuum_pump(),0.3333333333333333,False
R_H05_C09_F07,diagnosed_LIFT_OBJECT_unanticipated__RQ2_R_H05_C09_F07,1,Lift Slip — Low Friction Surface,apply_vacuum_assist(),0.7527777777777778,True
R_H05_C09_F07,diagnosed_LIFT_OBJECT_unanticipated__RQ2_R_H05_C09_F07,2,Parallel Arm Lift — Contact Loss,reposition_and_regrip(),0.6666666666666666,False
R_H05_C09_F07,diagnosed_LIFT_OBJECT_unanticipated__RQ2_R_H05_C09_F07,3,Cobot Industrial — Incremental Heavy Part Transfer,heavy_lift(),0.6507936507936508,False
R_H05_C09_F07,diagnosed_LIFT_OBJECT_unanticipated__RQ2_R_H05_C09_F07,4,Lightweight Arm Lift — Height Verification Only,extend_lift_phase(),0.5013652631578948,False
R_H05_C09_F07,diagnosed_LIFT_OBJECT_unanticipated__RQ2_R_H05_C09_F07,5,Cobot Lift Failure — Grip Pressure,increase_grip_pressure(),0.5,False
R_H05_C09_F07,diagnosed_LIFT_OBJECT_unanticipated__RQ2_R_H05_C09_F07,6,Heavy Duty Arm — Motor Overload During Lift,reduce_lift_speed(),0.5,False
R_H05_C09_F07,diagnosed_LIFT_OBJECT_unanticipated__RQ2_R_H05_C09_F07,7,Suction Arm Lift — Vacuum Loss,emergency_vacuum_pump(),0.3333333333333333,False
R_H05_C09_F08,diagnosed_LIFT_OBJECT_unanticipated__RQ2_R_H05_C09_F08,1,Lift Slip — Low Friction Surface,apply_vacuum_assist(),0.7130555555555556,True
R_H05_C09_F08,diagnosed_LIFT_OBJECT_unanticipated__RQ2_R_H05_C09_F08,2,Parallel Arm Lift — Contact Loss,reposition_and_regrip(),0.6666666666666666,False
R_H05_C09_F08,diagnosed_LIFT_OBJECT_unanticipated__RQ2_R_H05_C09_F08,3,Cobot Industrial — Incremental Heavy Part Transfer,heavy_lift(),0.6507936507936508,False
R_H05_C09_F08,diagnosed_LIFT_OBJECT_unanticipated__RQ2_R_H05_C09_F08,4,Lightweight Arm Lift — Height Verification Only,extend_lift_phase(),0.5013652631578948,False
R_H05_C09_F08,diagnosed_LIFT_OBJECT_unanticipated__RQ2_R_H05_C09_F08,5,Cobot Lift Failure — Grip Pressure,increase_grip_pressure(),0.5,False
R_H05_C09_F08,diagnosed_LIFT_OBJECT_unanticipated__RQ2_R_H05_C09_F08,6,Heavy Duty Arm — Motor Overload During Lift,reduce_lift_speed(),0.5,False
R_H05_C09_F08,diagnosed_LIFT_OBJECT_unanticipated__RQ2_R_H05_C09_F08,7,Suction Arm Lift — Vacuum Loss,emergency_vacuum_pump(),0.3333333333333333,False
R_H05_C09_F09,diagnosed_LIFT_OBJECT_unanticipated__RQ2_R_H05_C09_F09,1,Lift Slip — Low Friction Surface,apply_vacuum_assist(),0.7083333333333334,True
R_H05_C09_F09,diagnosed_LIFT_OBJECT_unanticipated__RQ2_R_H05_C09_F09,2,Parallel Arm Lift — Contact Loss,reposition_and_regrip(),0.6666666666666666,False
R_H05_C09_F09,diagnosed_LIFT_OBJECT_unanticipated__RQ2_R_H05_C09_F09,3,Cobot Industrial — Incremental Heavy Part Transfer,heavy_lift(),0.6507936507936508,False
R_H05_C09_F09,diagnosed_LIFT_OBJECT_unanticipated__RQ2_R_H05_C09_F09,4,Lightweight Arm Lift — Height Verification Only,extend_lift_phase(),0.5013652631578948,False
R_H05_C09_F09,diagnosed_LIFT_OBJECT_unanticipated__RQ2_R_H05_C09_F09,5,Cobot Lift Failure — Grip Pressure,increase_grip_pressure(),0.5,False
R_H05_C09_F09,diagnosed_LIFT_OBJECT_unanticipated__RQ2_R_H05_C09_F09,6,Heavy Duty Arm — Motor Overload During Lift,reduce_lift_speed(),0.5,False
R_H05_C09_F09,diagnosed_LIFT_OBJECT_unanticipated__RQ2_R_H05_C09_F09,7,Suction Arm Lift — Vacuum Loss,emergency_vacuum_pump(),0.3333333333333333,False
R_H05_C09_F10,diagnosed_LIFT_OBJECT_unanticipated__RQ2_R_H05_C09_F10,1,Lift Slip — Low Friction Surface,apply_vacuum_assist(),0.7083333333333334,True
R_H05_C09_F10,diagnosed_LIFT_OBJECT_unanticipated__RQ2_R_H05_C09_F10,2,Parallel Arm Lift — Contact Loss,reposition_and_regrip(),0.6666666666666666,False
R_H05_C09_F10,diagnosed_LIFT_OBJECT_unanticipated__RQ2_R_H05_C09_F10,3,Cobot Industrial — Incremental Heavy Part Transfer,heavy_lift(),0.6507936507936508,False
R_H05_C09_F10,diagnosed_LIFT_OBJECT_unanticipated__RQ2_R_H05_C09_F10,4,Lightweight Arm Lift — Height Verification Only,extend_lift_phase(),0.5013652631578948,False
R_H05_C09_F10,diagnosed_LIFT_OBJECT_unanticipated__RQ2_R_H05_C09_F10,5,Cobot Lift Failure — Grip Pressure,increase_grip_pressure(),0.5,False
R_H05_C09_F10,diagnosed_LIFT_OBJECT_unanticipated__RQ2_R_H05_C09_F10,6,Heavy Duty Arm — Motor Overload During Lift,reduce_lift_speed(),0.5,False
R_H05_C09_F10,diagnosed_LIFT_OBJECT_unanticipated__RQ2_R_H05_C09_F10,7,Suction Arm Lift — Vacuum Loss,emergency_vacuum_pump(),0.3333333333333333,False
R_H05_C10_F01,diagnosed_LIFT_OBJECT_unanticipated__RQ2_R_H05_C10_F01,1,Lift Slip — Low Friction Surface,apply_vacuum_assist(),0.736111111111111,True
R_H05_C10_F01,diagnosed_LIFT_OBJECT_unanticipated__RQ2_R_H05_C10_F01,2,Parallel Arm Lift — Contact Loss,reposition_and_regrip(),0.6666666666666666,False
R_H05_C10_F01,diagnosed_LIFT_OBJECT_unanticipated__RQ2_R_H05_C10_F01,3,Cobot Industrial — Incremental Heavy Part Transfer,heavy_lift(),0.6507936507936508,False
R_H05_C10_F01,diagnosed_LIFT_OBJECT_unanticipated__RQ2_R_H05_C10_F01,4,Lightweight Arm Lift — Height Verification Only,extend_lift_phase(),0.5013652631578948,False
R_H05_C10_F01,diagnosed_LIFT_OBJECT_unanticipated__RQ2_R_H05_C10_F01,5,Cobot Lift Failure — Grip Pressure,increase_grip_pressure(),0.5,False
R_H05_C10_F01,diagnosed_LIFT_OBJECT_unanticipated__RQ2_R_H05_C10_F01,6,Heavy Duty Arm — Motor Overload During Lift,reduce_lift_speed(),0.5,False
R_H05_C10_F01,diagnosed_LIFT_OBJECT_unanticipated__RQ2_R_H05_C10_F01,7,Suction Arm Lift — Vacuum Loss,emergency_vacuum_pump(),0.3333333333333333,False
R_H05_C10_F02,diagnosed_LIFT_OBJECT_unanticipated__RQ2_R_H05_C10_F02,1,Lift Slip — Low Friction Surface,apply_vacuum_assist(),0.7916666666666666,True
R_H05_C10_F02,diagnosed_LIFT_OBJECT_unanticipated__RQ2_R_H05_C10_F02,2,Parallel Arm Lift — Contact Loss,reposition_and_regrip(),0.6666666666666666,False
R_H05_C10_F02,diagnosed_LIFT_OBJECT_unanticipated__RQ2_R_H05_C10_F02,3,Cobot Industrial — Incremental Heavy Part Transfer,heavy_lift(),0.6507936507936508,False
R_H05_C10_F02,diagnosed_LIFT_OBJECT_unanticipated__RQ2_R_H05_C10_F02,4,Lightweight Arm Lift — Height Verification Only,extend_lift_phase(),0.5013652631578948,False
R_H05_C10_F02,diagnosed_LIFT_OBJECT_unanticipated__RQ2_R_H05_C10_F02,5,Cobot Lift Failure — Grip Pressure,increase_grip_pressure(),0.5,False
R_H05_C10_F02,diagnosed_LIFT_OBJECT_unanticipated__RQ2_R_H05_C10_F02,6,Heavy Duty Arm — Motor Overload During Lift,reduce_lift_speed(),0.5,False
R_H05_C10_F02,diagnosed_LIFT_OBJECT_unanticipated__RQ2_R_H05_C10_F02,7,Suction Arm Lift — Vacuum Loss,emergency_vacuum_pump(),0.3333333333333333,False
R_H05_C10_F03,diagnosed_LIFT_OBJECT_unanticipated__RQ2_R_H05_C10_F03,1,Lift Slip — Low Friction Surface,apply_vacuum_assist(),0.7958333333333334,True
R_H05_C10_F03,diagnosed_LIFT_OBJECT_unanticipated__RQ2_R_H05_C10_F03,2,Parallel Arm Lift — Contact Loss,reposition_and_regrip(),0.6666666666666666,False
R_H05_C10_F03,diagnosed_LIFT_OBJECT_unanticipated__RQ2_R_H05_C10_F03,3,Cobot Industrial — Incremental Heavy Part Transfer,heavy_lift(),0.6507936507936508,False
R_H05_C10_F03,diagnosed_LIFT_OBJECT_unanticipated__RQ2_R_H05_C10_F03,4,Lightweight Arm Lift — Height Verification Only,extend_lift_phase(),0.5013652631578948,False
R_H05_C10_F03,diagnosed_LIFT_OBJECT_unanticipated__RQ2_R_H05_C10_F03,5,Cobot Lift Failure — Grip Pressure,increase_grip_pressure(),0.5,False
R_H05_C10_F03,diagnosed_LIFT_OBJECT_unanticipated__RQ2_R_H05_C10_F03,6,Heavy Duty Arm — Motor Overload During Lift,reduce_lift_speed(),0.5,False
R_H05_C10_F03,diagnosed_LIFT_OBJECT_unanticipated__RQ2_R_H05_C10_F03,7,Suction Arm Lift — Vacuum Loss,emergency_vacuum_pump(),0.3333333333333333,False
R_H05_C10_F04,diagnosed_LIFT_OBJECT_unanticipated__RQ2_R_H05_C10_F04,1,Lift Slip — Low Friction Surface,apply_vacuum_assist(),0.7999999999999999,True
R_H05_C10_F04,diagnosed_LIFT_OBJECT_unanticipated__RQ2_R_H05_C10_F04,2,Parallel Arm Lift — Contact Loss,reposition_and_regrip(),0.6666666666666666,False
R_H05_C10_F04,diagnosed_LIFT_OBJECT_unanticipated__RQ2_R_H05_C10_F04,3,Cobot Industrial — Incremental Heavy Part Transfer,heavy_lift(),0.6507936507936508,False
R_H05_C10_F04,diagnosed_LIFT_OBJECT_unanticipated__RQ2_R_H05_C10_F04,4,Lightweight Arm Lift — Height Verification Only,extend_lift_phase(),0.5013652631578948,False
R_H05_C10_F04,diagnosed_LIFT_OBJECT_unanticipated__RQ2_R_H05_C10_F04,5,Cobot Lift Failure — Grip Pressure,increase_grip_pressure(),0.5,False
R_H05_C10_F04,diagnosed_LIFT_OBJECT_unanticipated__RQ2_R_H05_C10_F04,6,Heavy Duty Arm — Motor Overload During Lift,reduce_lift_speed(),0.5,False
R_H05_C10_F04,diagnosed_LIFT_OBJECT_unanticipated__RQ2_R_H05_C10_F04,7,Suction Arm Lift — Vacuum Loss,emergency_vacuum_pump(),0.3333333333333333,False
R_H05_C10_F05,diagnosed_LIFT_OBJECT_unanticipated__RQ2_R_H05_C10_F05,1,Lift Slip — Low Friction Surface,apply_vacuum_assist(),0.8194444444444443,True
R_H05_C10_F05,diagnosed_LIFT_OBJECT_unanticipated__RQ2_R_H05_C10_F05,2,Parallel Arm Lift — Contact Loss,reposition_and_regrip(),0.6666666666666666,False
R_H05_C10_F05,diagnosed_LIFT_OBJECT_unanticipated__RQ2_R_H05_C10_F05,3,Cobot Industrial — Incremental Heavy Part Transfer,heavy_lift(),0.6507936507936508,False
R_H05_C10_F05,diagnosed_LIFT_OBJECT_unanticipated__RQ2_R_H05_C10_F05,4,Lightweight Arm Lift — Height Verification Only,extend_lift_phase(),0.5013652631578948,False
R_H05_C10_F05,diagnosed_LIFT_OBJECT_unanticipated__RQ2_R_H05_C10_F05,5,Cobot Lift Failure — Grip Pressure,increase_grip_pressure(),0.5,False
R_H05_C10_F05,diagnosed_LIFT_OBJECT_unanticipated__RQ2_R_H05_C10_F05,6,Heavy Duty Arm — Motor Overload During Lift,reduce_lift_speed(),0.5,False
R_H05_C10_F05,diagnosed_LIFT_OBJECT_unanticipated__RQ2_R_H05_C10_F05,7,Suction Arm Lift — Vacuum Loss,emergency_vacuum_pump(),0.3333333333333333,False
R_H05_C10_F06,diagnosed_LIFT_OBJECT_unanticipated__RQ2_R_H05_C10_F06,1,Lift Slip — Low Friction Surface,apply_vacuum_assist(),0.7972222222222222,True
R_H05_C10_F06,diagnosed_LIFT_OBJECT_unanticipated__RQ2_R_H05_C10_F06,2,Parallel Arm Lift — Contact Loss,reposition_and_regrip(),0.6666666666666666,False
R_H05_C10_F06,diagnosed_LIFT_OBJECT_unanticipated__RQ2_R_H05_C10_F06,3,Cobot Industrial — Incremental Heavy Part Transfer,heavy_lift(),0.6507936507936508,False
R_H05_C10_F06,diagnosed_LIFT_OBJECT_unanticipated__RQ2_R_H05_C10_F06,4,Lightweight Arm Lift — Height Verification Only,extend_lift_phase(),0.5013652631578948,False
R_H05_C10_F06,diagnosed_LIFT_OBJECT_unanticipated__RQ2_R_H05_C10_F06,5,Cobot Lift Failure — Grip Pressure,increase_grip_pressure(),0.5,False
R_H05_C10_F06,diagnosed_LIFT_OBJECT_unanticipated__RQ2_R_H05_C10_F06,6,Heavy Duty Arm — Motor Overload During Lift,reduce_lift_speed(),0.5,False
R_H05_C10_F06,diagnosed_LIFT_OBJECT_unanticipated__RQ2_R_H05_C10_F06,7,Suction Arm Lift — Vacuum Loss,emergency_vacuum_pump(),0.3333333333333333,False
R_H05_C10_F07,diagnosed_LIFT_OBJECT_unanticipated__RQ2_R_H05_C10_F07,1,Lift Slip — Low Friction Surface,apply_vacuum_assist(),0.7527777777777778,True
R_H05_C10_F07,diagnosed_LIFT_OBJECT_unanticipated__RQ2_R_H05_C10_F07,2,Parallel Arm Lift — Contact Loss,reposition_and_regrip(),0.6666666666666666,False
R_H05_C10_F07,diagnosed_LIFT_OBJECT_unanticipated__RQ2_R_H05_C10_F07,3,Cobot Industrial — Incremental Heavy Part Transfer,heavy_lift(),0.6507936507936508,False
R_H05_C10_F07,diagnosed_LIFT_OBJECT_unanticipated__RQ2_R_H05_C10_F07,4,Lightweight Arm Lift — Height Verification Only,extend_lift_phase(),0.5013652631578948,False
R_H05_C10_F07,diagnosed_LIFT_OBJECT_unanticipated__RQ2_R_H05_C10_F07,5,Cobot Lift Failure — Grip Pressure,increase_grip_pressure(),0.5,False
R_H05_C10_F07,diagnosed_LIFT_OBJECT_unanticipated__RQ2_R_H05_C10_F07,6,Heavy Duty Arm — Motor Overload During Lift,reduce_lift_speed(),0.5,False
R_H05_C10_F07,diagnosed_LIFT_OBJECT_unanticipated__RQ2_R_H05_C10_F07,7,Suction Arm Lift — Vacuum Loss,emergency_vacuum_pump(),0.3333333333333333,False
R_H05_C10_F08,diagnosed_LIFT_OBJECT_unanticipated__RQ2_R_H05_C10_F08,1,Lift Slip — Low Friction Surface,apply_vacuum_assist(),0.7130555555555556,True
R_H05_C10_F08,diagnosed_LIFT_OBJECT_unanticipated__RQ2_R_H05_C10_F08,2,Parallel Arm Lift — Contact Loss,reposition_and_regrip(),0.6666666666666666,False
R_H05_C10_F08,diagnosed_LIFT_OBJECT_unanticipated__RQ2_R_H05_C10_F08,3,Cobot Industrial — Incremental Heavy Part Transfer,heavy_lift(),0.6507936507936508,False
R_H05_C10_F08,diagnosed_LIFT_OBJECT_unanticipated__RQ2_R_H05_C10_F08,4,Lightweight Arm Lift — Height Verification Only,extend_lift_phase(),0.5013652631578948,False
R_H05_C10_F08,diagnosed_LIFT_OBJECT_unanticipated__RQ2_R_H05_C10_F08,5,Cobot Lift Failure — Grip Pressure,increase_grip_pressure(),0.5,False
R_H05_C10_F08,diagnosed_LIFT_OBJECT_unanticipated__RQ2_R_H05_C10_F08,6,Heavy Duty Arm — Motor Overload During Lift,reduce_lift_speed(),0.5,False
R_H05_C10_F08,diagnosed_LIFT_OBJECT_unanticipated__RQ2_R_H05_C10_F08,7,Suction Arm Lift — Vacuum Loss,emergency_vacuum_pump(),0.3333333333333333,False
R_H05_C10_F09,diagnosed_LIFT_OBJECT_unanticipated__RQ2_R_H05_C10_F09,1,Lift Slip — Low Friction Surface,apply_vacuum_assist(),0.7083333333333334,True
R_H05_C10_F09,diagnosed_LIFT_OBJECT_unanticipated__RQ2_R_H05_C10_F09,2,Parallel Arm Lift — Contact Loss,reposition_and_regrip(),0.6666666666666666,False
R_H05_C10_F09,diagnosed_LIFT_OBJECT_unanticipated__RQ2_R_H05_C10_F09,3,Cobot Industrial — Incremental Heavy Part Transfer,heavy_lift(),0.6507936507936508,False
R_H05_C10_F09,diagnosed_LIFT_OBJECT_unanticipated__RQ2_R_H05_C10_F09,4,Lightweight Arm Lift — Height Verification Only,extend_lift_phase(),0.5013652631578948,False
R_H05_C10_F09,diagnosed_LIFT_OBJECT_unanticipated__RQ2_R_H05_C10_F09,5,Cobot Lift Failure — Grip Pressure,increase_grip_pressure(),0.5,False
R_H05_C10_F09,diagnosed_LIFT_OBJECT_unanticipated__RQ2_R_H05_C10_F09,6,Heavy Duty Arm — Motor Overload During Lift,reduce_lift_speed(),0.5,False
R_H05_C10_F09,diagnosed_LIFT_OBJECT_unanticipated__RQ2_R_H05_C10_F09,7,Suction Arm Lift — Vacuum Loss,emergency_vacuum_pump(),0.3333333333333333,False
R_H05_C10_F10,diagnosed_LIFT_OBJECT_unanticipated__RQ2_R_H05_C10_F10,1,Lift Slip — Low Friction Surface,apply_vacuum_assist(),0.7083333333333334,True
R_H05_C10_F10,diagnosed_LIFT_OBJECT_unanticipated__RQ2_R_H05_C10_F10,2,Parallel Arm Lift — Contact Loss,reposition_and_regrip(),0.6666666666666666,False
R_H05_C10_F10,diagnosed_LIFT_OBJECT_unanticipated__RQ2_R_H05_C10_F10,3,Cobot Industrial — Incremental Heavy Part Transfer,heavy_lift(),0.6507936507936508,False
R_H05_C10_F10,diagnosed_LIFT_OBJECT_unanticipated__RQ2_R_H05_C10_F10,4,Lightweight Arm Lift — Height Verification Only,extend_lift_phase(),0.5013652631578948,False
R_H05_C10_F10,diagnosed_LIFT_OBJECT_unanticipated__RQ2_R_H05_C10_F10,5,Cobot Lift Failure — Grip Pressure,increase_grip_pressure(),0.5,False
R_H05_C10_F10,diagnosed_LIFT_OBJECT_unanticipated__RQ2_R_H05_C10_F10,6,Heavy Duty Arm — Motor Overload During Lift,reduce_lift_speed(),0.5,False
R_H05_C10_F10,diagnosed_LIFT_OBJECT_unanticipated__RQ2_R_H05_C10_F10,7,Suction Arm Lift — Vacuum Loss,emergency_vacuum_pump(),0.3333333333333333,False
R_H06_C01_F01,diagnosed_LIFT_OBJECT_unanticipated__RQ2_R_H06_C01_F01,1,Lift Slip — Low Friction Surface,apply_vacuum_assist(),0.7148522222222221,True
R_H06_C01_F01,diagnosed_LIFT_OBJECT_unanticipated__RQ2_R_H06_C01_F01,2,Parallel Arm Lift — Contact Loss,reposition_and_regrip(),0.6666666666666666,False
R_H06_C01_F01,diagnosed_LIFT_OBJECT_unanticipated__RQ2_R_H06_C01_F01,3,Cobot Industrial — Incremental Heavy Part Transfer,heavy_lift(),0.6507936507936508,False
R_H06_C01_F01,diagnosed_LIFT_OBJECT_unanticipated__RQ2_R_H06_C01_F01,4,Lightweight Arm Lift — Height Verification Only,extend_lift_phase(),0.5013652631578948,False
R_H06_C01_F01,diagnosed_LIFT_OBJECT_unanticipated__RQ2_R_H06_C01_F01,5,Cobot Lift Failure — Grip Pressure,increase_grip_pressure(),0.5,False
R_H06_C01_F01,diagnosed_LIFT_OBJECT_unanticipated__RQ2_R_H06_C01_F01,6,Heavy Duty Arm — Motor Overload During Lift,reduce_lift_speed(),0.5,False
R_H06_C01_F01,diagnosed_LIFT_OBJECT_unanticipated__RQ2_R_H06_C01_F01,7,Suction Arm Lift — Vacuum Loss,emergency_vacuum_pump(),0.3333333333333333,False
R_H06_C01_F02,diagnosed_LIFT_OBJECT_unanticipated__RQ2_R_H06_C01_F02,1,Lift Slip — Low Friction Surface,apply_vacuum_assist(),0.7704077777777778,True
R_H06_C01_F02,diagnosed_LIFT_OBJECT_unanticipated__RQ2_R_H06_C01_F02,2,Parallel Arm Lift — Contact Loss,reposition_and_regrip(),0.6666666666666666,False
R_H06_C01_F02,diagnosed_LIFT_OBJECT_unanticipated__RQ2_R_H06_C01_F02,3,Cobot Industrial — Incremental Heavy Part Transfer,heavy_lift(),0.6507936507936508,False
R_H06_C01_F02,diagnosed_LIFT_OBJECT_unanticipated__RQ2_R_H06_C01_F02,4,Lightweight Arm Lift — Height Verification Only,extend_lift_phase(),0.5013652631578948,False
R_H06_C01_F02,diagnosed_LIFT_OBJECT_unanticipated__RQ2_R_H06_C01_F02,5,Cobot Lift Failure — Grip Pressure,increase_grip_pressure(),0.5,False
R_H06_C01_F02,diagnosed_LIFT_OBJECT_unanticipated__RQ2_R_H06_C01_F02,6,Heavy Duty Arm — Motor Overload During Lift,reduce_lift_speed(),0.5,False
R_H06_C01_F02,diagnosed_LIFT_OBJECT_unanticipated__RQ2_R_H06_C01_F02,7,Suction Arm Lift — Vacuum Loss,emergency_vacuum_pump(),0.3333333333333333,False
R_H06_C01_F03,diagnosed_LIFT_OBJECT_unanticipated__RQ2_R_H06_C01_F03,1,Lift Slip — Low Friction Surface,apply_vacuum_assist(),0.7745744444444446,True
R_H06_C01_F03,diagnosed_LIFT_OBJECT_unanticipated__RQ2_R_H06_C01_F03,2,Parallel Arm Lift — Contact Loss,reposition_and_regrip(),0.6666666666666666,False
R_H06_C01_F03,diagnosed_LIFT_OBJECT_unanticipated__RQ2_R_H06_C01_F03,3,Cobot Industrial — Incremental Heavy Part Transfer,heavy_lift(),0.6507936507936508,False
R_H06_C01_F03,diagnosed_LIFT_OBJECT_unanticipated__RQ2_R_H06_C01_F03,4,Lightweight Arm Lift — Height Verification Only,extend_lift_phase(),0.5013652631578948,False
R_H06_C01_F03,diagnosed_LIFT_OBJECT_unanticipated__RQ2_R_H06_C01_F03,5,Cobot Lift Failure — Grip Pressure,increase_grip_pressure(),0.5,False
R_H06_C01_F03,diagnosed_LIFT_OBJECT_unanticipated__RQ2_R_H06_C01_F03,6,Heavy Duty Arm — Motor Overload During Lift,reduce_lift_speed(),0.5,False
R_H06_C01_F03,diagnosed_LIFT_OBJECT_unanticipated__RQ2_R_H06_C01_F03,7,Suction Arm Lift — Vacuum Loss,emergency_vacuum_pump(),0.3333333333333333,False
R_H06_C01_F04,diagnosed_LIFT_OBJECT_unanticipated__RQ2_R_H06_C01_F04,1,Lift Slip — Low Friction Surface,apply_vacuum_assist(),0.7787411111111111,True
R_H06_C01_F04,diagnosed_LIFT_OBJECT_unanticipated__RQ2_R_H06_C01_F04,2,Parallel Arm Lift — Contact Loss,reposition_and_regrip(),0.6666666666666666,False
R_H06_C01_F04,diagnosed_LIFT_OBJECT_unanticipated__RQ2_R_H06_C01_F04,3,Cobot Industrial — Incremental Heavy Part Transfer,heavy_lift(),0.6507936507936508,False
R_H06_C01_F04,diagnosed_LIFT_OBJECT_unanticipated__RQ2_R_H06_C01_F04,4,Lightweight Arm Lift — Height Verification Only,extend_lift_phase(),0.5013652631578948,False
R_H06_C01_F04,diagnosed_LIFT_OBJECT_unanticipated__RQ2_R_H06_C01_F04,5,Cobot Lift Failure — Grip Pressure,increase_grip_pressure(),0.5,False
R_H06_C01_F04,diagnosed_LIFT_OBJECT_unanticipated__RQ2_R_H06_C01_F04,6,Heavy Duty Arm — Motor Overload During Lift,reduce_lift_speed(),0.5,False
R_H06_C01_F04,diagnosed_LIFT_OBJECT_unanticipated__RQ2_R_H06_C01_F04,7,Suction Arm Lift — Vacuum Loss,emergency_vacuum_pump(),0.3333333333333333,False
R_H06_C01_F05,diagnosed_LIFT_OBJECT_unanticipated__RQ2_R_H06_C01_F05,1,Lift Slip — Low Friction Surface,apply_vacuum_assist(),0.7981855555555555,True
R_H06_C01_F05,diagnosed_LIFT_OBJECT_unanticipated__RQ2_R_H06_C01_F05,2,Parallel Arm Lift — Contact Loss,reposition_and_regrip(),0.6666666666666666,False
R_H06_C01_F05,diagnosed_LIFT_OBJECT_unanticipated__RQ2_R_H06_C01_F05,3,Cobot Industrial — Incremental Heavy Part Transfer,heavy_lift(),0.6507936507936508,False
R_H06_C01_F05,diagnosed_LIFT_OBJECT_unanticipated__RQ2_R_H06_C01_F05,4,Lightweight Arm Lift — Height Verification Only,extend_lift_phase(),0.5013652631578948,False
R_H06_C01_F05,diagnosed_LIFT_OBJECT_unanticipated__RQ2_R_H06_C01_F05,5,Cobot Lift Failure — Grip Pressure,increase_grip_pressure(),0.5,False
R_H06_C01_F05,diagnosed_LIFT_OBJECT_unanticipated__RQ2_R_H06_C01_F05,6,Heavy Duty Arm — Motor Overload During Lift,reduce_lift_speed(),0.5,False
R_H06_C01_F05,diagnosed_LIFT_OBJECT_unanticipated__RQ2_R_H06_C01_F05,7,Suction Arm Lift — Vacuum Loss,emergency_vacuum_pump(),0.3333333333333333,False
R_H06_C01_F06,diagnosed_LIFT_OBJECT_unanticipated__RQ2_R_H06_C01_F06,1,Lift Slip — Low Friction Surface,apply_vacuum_assist(),0.7759633333333333,True
R_H06_C01_F06,diagnosed_LIFT_OBJECT_unanticipated__RQ2_R_H06_C01_F06,2,Parallel Arm Lift — Contact Loss,reposition_and_regrip(),0.6666666666666666,False
R_H06_C01_F06,diagnosed_LIFT_OBJECT_unanticipated__RQ2_R_H06_C01_F06,3,Cobot Industrial — Incremental Heavy Part Transfer,heavy_lift(),0.6507936507936508,False
R_H06_C01_F06,diagnosed_LIFT_OBJECT_unanticipated__RQ2_R_H06_C01_F06,4,Lightweight Arm Lift — Height Verification Only,extend_lift_phase(),0.5013652631578948,False
R_H06_C01_F06,diagnosed_LIFT_OBJECT_unanticipated__RQ2_R_H06_C01_F06,5,Cobot Lift Failure — Grip Pressure,increase_grip_pressure(),0.5,False
R_H06_C01_F06,diagnosed_LIFT_OBJECT_unanticipated__RQ2_R_H06_C01_F06,6,Heavy Duty Arm — Motor Overload During Lift,reduce_lift_speed(),0.5,False
R_H06_C01_F06,diagnosed_LIFT_OBJECT_unanticipated__RQ2_R_H06_C01_F06,7,Suction Arm Lift — Vacuum Loss,emergency_vacuum_pump(),0.3333333333333333,False
R_H06_C01_F07,diagnosed_LIFT_OBJECT_unanticipated__RQ2_R_H06_C01_F07,1,Lift Slip — Low Friction Surface,apply_vacuum_assist(),0.7315188888888889,True
R_H06_C01_F07,diagnosed_LIFT_OBJECT_unanticipated__RQ2_R_H06_C01_F07,2,Parallel Arm Lift — Contact Loss,reposition_and_regrip(),0.6666666666666666,False
R_H06_C01_F07,diagnosed_LIFT_OBJECT_unanticipated__RQ2_R_H06_C01_F07,3,Cobot Industrial — Incremental Heavy Part Transfer,heavy_lift(),0.6507936507936508,False
R_H06_C01_F07,diagnosed_LIFT_OBJECT_unanticipated__RQ2_R_H06_C01_F07,4,Lightweight Arm Lift — Height Verification Only,extend_lift_phase(),0.5013652631578948,False
R_H06_C01_F07,diagnosed_LIFT_OBJECT_unanticipated__RQ2_R_H06_C01_F07,5,Cobot Lift Failure — Grip Pressure,increase_grip_pressure(),0.5,False
R_H06_C01_F07,diagnosed_LIFT_OBJECT_unanticipated__RQ2_R_H06_C01_F07,6,Heavy Duty Arm — Motor Overload During Lift,reduce_lift_speed(),0.5,False
R_H06_C01_F07,diagnosed_LIFT_OBJECT_unanticipated__RQ2_R_H06_C01_F07,7,Suction Arm Lift — Vacuum Loss,emergency_vacuum_pump(),0.3333333333333333,False
R_H06_C01_F08,diagnosed_LIFT_OBJECT_unanticipated__RQ2_R_H06_C01_F08,1,Lift Slip — Low Friction Surface,apply_vacuum_assist(),0.6917966666666667,True
R_H06_C01_F08,diagnosed_LIFT_OBJECT_unanticipated__RQ2_R_H06_C01_F08,2,Parallel Arm Lift — Contact Loss,reposition_and_regrip(),0.6666666666666666,False
R_H06_C01_F08,diagnosed_LIFT_OBJECT_unanticipated__RQ2_R_H06_C01_F08,3,Cobot Industrial — Incremental Heavy Part Transfer,heavy_lift(),0.6507936507936508,False
R_H06_C01_F08,diagnosed_LIFT_OBJECT_unanticipated__RQ2_R_H06_C01_F08,4,Lightweight Arm Lift — Height Verification Only,extend_lift_phase(),0.5013652631578948,False
R_H06_C01_F08,diagnosed_LIFT_OBJECT_unanticipated__RQ2_R_H06_C01_F08,5,Cobot Lift Failure — Grip Pressure,increase_grip_pressure(),0.5,False
R_H06_C01_F08,diagnosed_LIFT_OBJECT_unanticipated__RQ2_R_H06_C01_F08,6,Heavy Duty Arm — Motor Overload During Lift,reduce_lift_speed(),0.5,False
R_H06_C01_F08,diagnosed_LIFT_OBJECT_unanticipated__RQ2_R_H06_C01_F08,7,Suction Arm Lift — Vacuum Loss,emergency_vacuum_pump(),0.3333333333333333,False
R_H06_C01_F09,diagnosed_LIFT_OBJECT_unanticipated__RQ2_R_H06_C01_F09,1,Lift Slip — Low Friction Surface,apply_vacuum_assist(),0.6870744444444444,True
R_H06_C01_F09,diagnosed_LIFT_OBJECT_unanticipated__RQ2_R_H06_C01_F09,2,Parallel Arm Lift — Contact Loss,reposition_and_regrip(),0.6666666666666666,False
R_H06_C01_F09,diagnosed_LIFT_OBJECT_unanticipated__RQ2_R_H06_C01_F09,3,Cobot Industrial — Incremental Heavy Part Transfer,heavy_lift(),0.6507936507936508,False
R_H06_C01_F09,diagnosed_LIFT_OBJECT_unanticipated__RQ2_R_H06_C01_F09,4,Lightweight Arm Lift — Height Verification Only,extend_lift_phase(),0.5013652631578948,False
R_H06_C01_F09,diagnosed_LIFT_OBJECT_unanticipated__RQ2_R_H06_C01_F09,5,Cobot Lift Failure — Grip Pressure,increase_grip_pressure(),0.5,False
R_H06_C01_F09,diagnosed_LIFT_OBJECT_unanticipated__RQ2_R_H06_C01_F09,6,Heavy Duty Arm — Motor Overload During Lift,reduce_lift_speed(),0.5,False
R_H06_C01_F09,diagnosed_LIFT_OBJECT_unanticipated__RQ2_R_H06_C01_F09,7,Suction Arm Lift — Vacuum Loss,emergency_vacuum_pump(),0.3333333333333333,False
R_H06_C01_F10,diagnosed_LIFT_OBJECT_unanticipated__RQ2_R_H06_C01_F10,1,Lift Slip — Low Friction Surface,apply_vacuum_assist(),0.6870744444444444,True
R_H06_C01_F10,diagnosed_LIFT_OBJECT_unanticipated__RQ2_R_H06_C01_F10,2,Parallel Arm Lift — Contact Loss,reposition_and_regrip(),0.6666666666666666,False
R_H06_C01_F10,diagnosed_LIFT_OBJECT_unanticipated__RQ2_R_H06_C01_F10,3,Cobot Industrial — Incremental Heavy Part Transfer,heavy_lift(),0.6507936507936508,False
R_H06_C01_F10,diagnosed_LIFT_OBJECT_unanticipated__RQ2_R_H06_C01_F10,4,Lightweight Arm Lift — Height Verification Only,extend_lift_phase(),0.5013652631578948,False
R_H06_C01_F10,diagnosed_LIFT_OBJECT_unanticipated__RQ2_R_H06_C01_F10,5,Cobot Lift Failure — Grip Pressure,increase_grip_pressure(),0.5,False
R_H06_C01_F10,diagnosed_LIFT_OBJECT_unanticipated__RQ2_R_H06_C01_F10,6,Heavy Duty Arm — Motor Overload During Lift,reduce_lift_speed(),0.5,False
R_H06_C01_F10,diagnosed_LIFT_OBJECT_unanticipated__RQ2_R_H06_C01_F10,7,Suction Arm Lift — Vacuum Loss,emergency_vacuum_pump(),0.3333333333333333,False
R_H06_C02_F01,diagnosed_LIFT_OBJECT_unanticipated__RQ2_R_H06_C02_F01,1,Lift Slip — Low Friction Surface,apply_vacuum_assist(),0.8259633333333333,True
R_H06_C02_F01,diagnosed_LIFT_OBJECT_unanticipated__RQ2_R_H06_C02_F01,2,Parallel Arm Lift — Contact Loss,reposition_and_regrip(),0.7604967241379311,False
R_H06_C02_F01,diagnosed_LIFT_OBJECT_unanticipated__RQ2_R_H06_C02_F01,3,Cobot Industrial — Incremental Heavy Part Transfer,heavy_lift(),0.729792414234511,False
R_H06_C02_F01,diagnosed_LIFT_OBJECT_unanticipated__RQ2_R_H06_C02_F01,4,Lightweight Arm Lift — Height Verification Only,extend_lift_phase(),0.5951953206291591,False
R_H06_C02_F01,diagnosed_LIFT_OBJECT_unanticipated__RQ2_R_H06_C02_F01,5,Cobot Lift Failure — Grip Pressure,increase_grip_pressure(),0.5,False
R_H06_C02_F01,diagnosed_LIFT_OBJECT_unanticipated__RQ2_R_H06_C02_F01,6,Heavy Duty Arm — Motor Overload During Lift,reduce_lift_speed(),0.5,False
R_H06_C02_F01,diagnosed_LIFT_OBJECT_unanticipated__RQ2_R_H06_C02_F01,7,Suction Arm Lift — Vacuum Loss,emergency_vacuum_pump(),0.3333333333333333,False
R_H06_C02_F02,diagnosed_LIFT_OBJECT_unanticipated__RQ2_R_H06_C02_F02,1,Lift Slip — Low Friction Surface,apply_vacuum_assist(),0.8815188888888889,True
R_H06_C02_F02,diagnosed_LIFT_OBJECT_unanticipated__RQ2_R_H06_C02_F02,2,Parallel Arm Lift — Contact Loss,reposition_and_regrip(),0.7604967241379311,False
R_H06_C02_F02,diagnosed_LIFT_OBJECT_unanticipated__RQ2_R_H06_C02_F02,3,Cobot Industrial — Incremental Heavy Part Transfer,heavy_lift(),0.729792414234511,False
R_H06_C02_F02,diagnosed_LIFT_OBJECT_unanticipated__RQ2_R_H06_C02_F02,4,Lightweight Arm Lift — Height Verification Only,extend_lift_phase(),0.5951953206291591,False
R_H06_C02_F02,diagnosed_LIFT_OBJECT_unanticipated__RQ2_R_H06_C02_F02,5,Cobot Lift Failure — Grip Pressure,increase_grip_pressure(),0.5,False
R_H06_C02_F02,diagnosed_LIFT_OBJECT_unanticipated__RQ2_R_H06_C02_F02,6,Heavy Duty Arm — Motor Overload During Lift,reduce_lift_speed(),0.5,False
R_H06_C02_F02,diagnosed_LIFT_OBJECT_unanticipated__RQ2_R_H06_C02_F02,7,Suction Arm Lift — Vacuum Loss,emergency_vacuum_pump(),0.3333333333333333,False
R_H06_C02_F03,diagnosed_LIFT_OBJECT_unanticipated__RQ2_R_H06_C02_F03,1,Lift Slip — Low Friction Surface,apply_vacuum_assist(),0.8856855555555555,True
R_H06_C02_F03,diagnosed_LIFT_OBJECT_unanticipated__RQ2_R_H06_C02_F03,2,Parallel Arm Lift — Contact Loss,reposition_and_regrip(),0.7604967241379311,False
R_H06_C02_F03,diagnosed_LIFT_OBJECT_unanticipated__RQ2_R_H06_C02_F03,3,Cobot Industrial — Incremental Heavy Part Transfer,heavy_lift(),0.729792414234511,False
R_H06_C02_F03,diagnosed_LIFT_OBJECT_unanticipated__RQ2_R_H06_C02_F03,4,Lightweight Arm Lift — Height Verification Only,extend_lift_phase(),0.5951953206291591,False
R_H06_C02_F03,diagnosed_LIFT_OBJECT_unanticipated__RQ2_R_H06_C02_F03,5,Cobot Lift Failure — Grip Pressure,increase_grip_pressure(),0.5,False
R_H06_C02_F03,diagnosed_LIFT_OBJECT_unanticipated__RQ2_R_H06_C02_F03,6,Heavy Duty Arm — Motor Overload During Lift,reduce_lift_speed(),0.5,False
R_H06_C02_F03,diagnosed_LIFT_OBJECT_unanticipated__RQ2_R_H06_C02_F03,7,Suction Arm Lift — Vacuum Loss,emergency_vacuum_pump(),0.3333333333333333,False
R_H06_C02_F04,diagnosed_LIFT_OBJECT_unanticipated__RQ2_R_H06_C02_F04,1,Lift Slip — Low Friction Surface,apply_vacuum_assist(),0.8898522222222223,True
R_H06_C02_F04,diagnosed_LIFT_OBJECT_unanticipated__RQ2_R_H06_C02_F04,2,Parallel Arm Lift — Contact Loss,reposition_and_regrip(),0.7604967241379311,False
R_H06_C02_F04,diagnosed_LIFT_OBJECT_unanticipated__RQ2_R_H06_C02_F04,3,Cobot Industrial — Incremental Heavy Part Transfer,heavy_lift(),0.729792414234511,False
R_H06_C02_F04,diagnosed_LIFT_OBJECT_unanticipated__RQ2_R_H06_C02_F04,4,Lightweight Arm Lift — Height Verification Only,extend_lift_phase(),0.5951953206291591,False
R_H06_C02_F04,diagnosed_LIFT_OBJECT_unanticipated__RQ2_R_H06_C02_F04,5,Cobot Lift Failure — Grip Pressure,increase_grip_pressure(),0.5,False
R_H06_C02_F04,diagnosed_LIFT_OBJECT_unanticipated__RQ2_R_H06_C02_F04,6,Heavy Duty Arm — Motor Overload During Lift,reduce_lift_speed(),0.5,False
R_H06_C02_F04,diagnosed_LIFT_OBJECT_unanticipated__RQ2_R_H06_C02_F04,7,Suction Arm Lift — Vacuum Loss,emergency_vacuum_pump(),0.3333333333333333,False
R_H06_C02_F05,diagnosed_LIFT_OBJECT_unanticipated__RQ2_R_H06_C02_F05,1,Lift Slip — Low Friction Surface,apply_vacuum_assist(),0.9092966666666666,True
R_H06_C02_F05,diagnosed_LIFT_OBJECT_unanticipated__RQ2_R_H06_C02_F05,2,Parallel Arm Lift — Contact Loss,reposition_and_regrip(),0.7604967241379311,False
R_H06_C02_F05,diagnosed_LIFT_OBJECT_unanticipated__RQ2_R_H06_C02_F05,3,Cobot Industrial — Incremental Heavy Part Transfer,heavy_lift(),0.729792414234511,False
R_H06_C02_F05,diagnosed_LIFT_OBJECT_unanticipated__RQ2_R_H06_C02_F05,4,Lightweight Arm Lift — Height Verification Only,extend_lift_phase(),0.5951953206291591,False
R_H06_C02_F05,diagnosed_LIFT_OBJECT_unanticipated__RQ2_R_H06_C02_F05,5,Cobot Lift Failure — Grip Pressure,increase_grip_pressure(),0.5,False
R_H06_C02_F05,diagnosed_LIFT_OBJECT_unanticipated__RQ2_R_H06_C02_F05,6,Heavy Duty Arm — Motor Overload During Lift,reduce_lift_speed(),0.5,False
R_H06_C02_F05,diagnosed_LIFT_OBJECT_unanticipated__RQ2_R_H06_C02_F05,7,Suction Arm Lift — Vacuum Loss,emergency_vacuum_pump(),0.3333333333333333,False
R_H06_C02_F06,diagnosed_LIFT_OBJECT_unanticipated__RQ2_R_H06_C02_F06,1,Lift Slip — Low Friction Surface,apply_vacuum_assist(),0.8870744444444445,True
R_H06_C02_F06,diagnosed_LIFT_OBJECT_unanticipated__RQ2_R_H06_C02_F06,2,Parallel Arm Lift — Contact Loss,reposition_and_regrip(),0.7604967241379311,False
R_H06_C02_F06,diagnosed_LIFT_OBJECT_unanticipated__RQ2_R_H06_C02_F06,3,Cobot Industrial — Incremental Heavy Part Transfer,heavy_lift(),0.729792414234511,False
R_H06_C02_F06,diagnosed_LIFT_OBJECT_unanticipated__RQ2_R_H06_C02_F06,4,Lightweight Arm Lift — Height Verification Only,extend_lift_phase(),0.5951953206291591,False
R_H06_C02_F06,diagnosed_LIFT_OBJECT_unanticipated__RQ2_R_H06_C02_F06,5,Cobot Lift Failure — Grip Pressure,increase_grip_pressure(),0.5,False
R_H06_C02_F06,diagnosed_LIFT_OBJECT_unanticipated__RQ2_R_H06_C02_F06,6,Heavy Duty Arm — Motor Overload During Lift,reduce_lift_speed(),0.5,False
R_H06_C02_F06,diagnosed_LIFT_OBJECT_unanticipated__RQ2_R_H06_C02_F06,7,Suction Arm Lift — Vacuum Loss,emergency_vacuum_pump(),0.3333333333333333,False
R_H06_C02_F07,diagnosed_LIFT_OBJECT_unanticipated__RQ2_R_H06_C02_F07,1,Lift Slip — Low Friction Surface,apply_vacuum_assist(),0.8426300000000001,True
R_H06_C02_F07,diagnosed_LIFT_OBJECT_unanticipated__RQ2_R_H06_C02_F07,2,Parallel Arm Lift — Contact Loss,reposition_and_regrip(),0.7604967241379311,False
R_H06_C02_F07,diagnosed_LIFT_OBJECT_unanticipated__RQ2_R_H06_C02_F07,3,Cobot Industrial — Incremental Heavy Part Transfer,heavy_lift(),0.729792414234511,False
R_H06_C02_F07,diagnosed_LIFT_OBJECT_unanticipated__RQ2_R_H06_C02_F07,4,Lightweight Arm Lift — Height Verification Only,extend_lift_phase(),0.5951953206291591,False
R_H06_C02_F07,diagnosed_LIFT_OBJECT_unanticipated__RQ2_R_H06_C02_F07,5,Cobot Lift Failure — Grip Pressure,increase_grip_pressure(),0.5,False
R_H06_C02_F07,diagnosed_LIFT_OBJECT_unanticipated__RQ2_R_H06_C02_F07,6,Heavy Duty Arm — Motor Overload During Lift,reduce_lift_speed(),0.5,False
R_H06_C02_F07,diagnosed_LIFT_OBJECT_unanticipated__RQ2_R_H06_C02_F07,7,Suction Arm Lift — Vacuum Loss,emergency_vacuum_pump(),0.3333333333333333,False
R_H06_C02_F08,diagnosed_LIFT_OBJECT_unanticipated__RQ2_R_H06_C02_F08,1,Lift Slip — Low Friction Surface,apply_vacuum_assist(),0.8029077777777779,True
R_H06_C02_F08,diagnosed_LIFT_OBJECT_unanticipated__RQ2_R_H06_C02_F08,2,Parallel Arm Lift — Contact Loss,reposition_and_regrip(),0.7604967241379311,False
R_H06_C02_F08,diagnosed_LIFT_OBJECT_unanticipated__RQ2_R_H06_C02_F08,3,Cobot Industrial — Incremental Heavy Part Transfer,heavy_lift(),0.729792414234511,False
R_H06_C02_F08,diagnosed_LIFT_OBJECT_unanticipated__RQ2_R_H06_C02_F08,4,Lightweight Arm Lift — Height Verification Only,extend_lift_phase(),0.5951953206291591,False
R_H06_C02_F08,diagnosed_LIFT_OBJECT_unanticipated__RQ2_R_H06_C02_F08,5,Cobot Lift Failure — Grip Pressure,increase_grip_pressure(),0.5,False
R_H06_C02_F08,diagnosed_LIFT_OBJECT_unanticipated__RQ2_R_H06_C02_F08,6,Heavy Duty Arm — Motor Overload During Lift,reduce_lift_speed(),0.5,False
R_H06_C02_F08,diagnosed_LIFT_OBJECT_unanticipated__RQ2_R_H06_C02_F08,7,Suction Arm Lift — Vacuum Loss,emergency_vacuum_pump(),0.3333333333333333,False
R_H06_C02_F09,diagnosed_LIFT_OBJECT_unanticipated__RQ2_R_H06_C02_F09,1,Lift Slip — Low Friction Surface,apply_vacuum_assist(),0.7981855555555555,True
R_H06_C02_F09,diagnosed_LIFT_OBJECT_unanticipated__RQ2_R_H06_C02_F09,2,Parallel Arm Lift — Contact Loss,reposition_and_regrip(),0.7604967241379311,False
R_H06_C02_F09,diagnosed_LIFT_OBJECT_unanticipated__RQ2_R_H06_C02_F09,3,Cobot Industrial — Incremental Heavy Part Transfer,heavy_lift(),0.729792414234511,False
R_H06_C02_F09,diagnosed_LIFT_OBJECT_unanticipated__RQ2_R_H06_C02_F09,4,Lightweight Arm Lift — Height Verification Only,extend_lift_phase(),0.5951953206291591,False
R_H06_C02_F09,diagnosed_LIFT_OBJECT_unanticipated__RQ2_R_H06_C02_F09,5,Cobot Lift Failure — Grip Pressure,increase_grip_pressure(),0.5,False
R_H06_C02_F09,diagnosed_LIFT_OBJECT_unanticipated__RQ2_R_H06_C02_F09,6,Heavy Duty Arm — Motor Overload During Lift,reduce_lift_speed(),0.5,False
R_H06_C02_F09,diagnosed_LIFT_OBJECT_unanticipated__RQ2_R_H06_C02_F09,7,Suction Arm Lift — Vacuum Loss,emergency_vacuum_pump(),0.3333333333333333,False
R_H06_C02_F10,diagnosed_LIFT_OBJECT_unanticipated__RQ2_R_H06_C02_F10,1,Lift Slip — Low Friction Surface,apply_vacuum_assist(),0.7981855555555555,True
R_H06_C02_F10,diagnosed_LIFT_OBJECT_unanticipated__RQ2_R_H06_C02_F10,2,Parallel Arm Lift — Contact Loss,reposition_and_regrip(),0.7604967241379311,False
R_H06_C02_F10,diagnosed_LIFT_OBJECT_unanticipated__RQ2_R_H06_C02_F10,3,Cobot Industrial — Incremental Heavy Part Transfer,heavy_lift(),0.729792414234511,False
R_H06_C02_F10,diagnosed_LIFT_OBJECT_unanticipated__RQ2_R_H06_C02_F10,4,Lightweight Arm Lift — Height Verification Only,extend_lift_phase(),0.5951953206291591,False
R_H06_C02_F10,diagnosed_LIFT_OBJECT_unanticipated__RQ2_R_H06_C02_F10,5,Cobot Lift Failure — Grip Pressure,increase_grip_pressure(),0.5,False
R_H06_C02_F10,diagnosed_LIFT_OBJECT_unanticipated__RQ2_R_H06_C02_F10,6,Heavy Duty Arm — Motor Overload During Lift,reduce_lift_speed(),0.5,False
R_H06_C02_F10,diagnosed_LIFT_OBJECT_unanticipated__RQ2_R_H06_C02_F10,7,Suction Arm Lift — Vacuum Loss,emergency_vacuum_pump(),0.3333333333333333,False
R_H06_C03_F01,diagnosed_LIFT_OBJECT_unanticipated__RQ2_R_H06_C03_F01,1,Lift Slip — Low Friction Surface,apply_vacuum_assist(),0.7704077777777778,True
R_H06_C03_F01,diagnosed_LIFT_OBJECT_unanticipated__RQ2_R_H06_C03_F01,2,Parallel Arm Lift — Contact Loss,reposition_and_regrip(),0.6771633908045978,False
R_H06_C03_F01,diagnosed_LIFT_OBJECT_unanticipated__RQ2_R_H06_C03_F01,3,Cobot Industrial — Incremental Heavy Part Transfer,heavy_lift(),0.6507936507936508,False
R_H06_C03_F01,diagnosed_LIFT_OBJECT_unanticipated__RQ2_R_H06_C03_F01,4,Lightweight Arm Lift — Height Verification Only,extend_lift_phase(),0.5118619872958258,False
R_H06_C03_F01,diagnosed_LIFT_OBJECT_unanticipated__RQ2_R_H06_C03_F01,5,Cobot Lift Failure — Grip Pressure,increase_grip_pressure(),0.5,False
R_H06_C03_F01,diagnosed_LIFT_OBJECT_unanticipated__RQ2_R_H06_C03_F01,6,Heavy Duty Arm — Motor Overload During Lift,reduce_lift_speed(),0.5,False
R_H06_C03_F01,diagnosed_LIFT_OBJECT_unanticipated__RQ2_R_H06_C03_F01,7,Suction Arm Lift — Vacuum Loss,emergency_vacuum_pump(),0.3333333333333333,False
R_H06_C03_F02,diagnosed_LIFT_OBJECT_unanticipated__RQ2_R_H06_C03_F02,1,Lift Slip — Low Friction Surface,apply_vacuum_assist(),0.8259633333333333,True
R_H06_C03_F02,diagnosed_LIFT_OBJECT_unanticipated__RQ2_R_H06_C03_F02,2,Parallel Arm Lift — Contact Loss,reposition_and_regrip(),0.6771633908045978,False
R_H06_C03_F02,diagnosed_LIFT_OBJECT_unanticipated__RQ2_R_H06_C03_F02,3,Cobot Industrial — Incremental Heavy Part Transfer,heavy_lift(),0.6507936507936508,False
R_H06_C03_F02,diagnosed_LIFT_OBJECT_unanticipated__RQ2_R_H06_C03_F02,4,Lightweight Arm Lift — Height Verification Only,extend_lift_phase(),0.5118619872958258,False
R_H06_C03_F02,diagnosed_LIFT_OBJECT_unanticipated__RQ2_R_H06_C03_F02,5,Cobot Lift Failure — Grip Pressure,increase_grip_pressure(),0.5,False
R_H06_C03_F02,diagnosed_LIFT_OBJECT_unanticipated__RQ2_R_H06_C03_F02,6,Heavy Duty Arm — Motor Overload During Lift,reduce_lift_speed(),0.5,False
R_H06_C03_F02,diagnosed_LIFT_OBJECT_unanticipated__RQ2_R_H06_C03_F02,7,Suction Arm Lift — Vacuum Loss,emergency_vacuum_pump(),0.3333333333333333,False
R_H06_C03_F03,diagnosed_LIFT_OBJECT_unanticipated__RQ2_R_H06_C03_F03,1,Lift Slip — Low Friction Surface,apply_vacuum_assist(),0.8301299999999999,True
R_H06_C03_F03,diagnosed_LIFT_OBJECT_unanticipated__RQ2_R_H06_C03_F03,2,Parallel Arm Lift — Contact Loss,reposition_and_regrip(),0.6771633908045978,False
R_H06_C03_F03,diagnosed_LIFT_OBJECT_unanticipated__RQ2_R_H06_C03_F03,3,Cobot Industrial — Incremental Heavy Part Transfer,heavy_lift(),0.6507936507936508,False
R_H06_C03_F03,diagnosed_LIFT_OBJECT_unanticipated__RQ2_R_H06_C03_F03,4,Lightweight Arm Lift — Height Verification Only,extend_lift_phase(),0.5118619872958258,False
R_H06_C03_F03,diagnosed_LIFT_OBJECT_unanticipated__RQ2_R_H06_C03_F03,5,Cobot Lift Failure — Grip Pressure,increase_grip_pressure(),0.5,False
R_H06_C03_F03,diagnosed_LIFT_OBJECT_unanticipated__RQ2_R_H06_C03_F03,6,Heavy Duty Arm — Motor Overload During Lift,reduce_lift_speed(),0.5,False
R_H06_C03_F03,diagnosed_LIFT_OBJECT_unanticipated__RQ2_R_H06_C03_F03,7,Suction Arm Lift — Vacuum Loss,emergency_vacuum_pump(),0.3333333333333333,False
R_H06_C03_F04,diagnosed_LIFT_OBJECT_unanticipated__RQ2_R_H06_C03_F04,1,Lift Slip — Low Friction Surface,apply_vacuum_assist(),0.8342966666666666,True
R_H06_C03_F04,diagnosed_LIFT_OBJECT_unanticipated__RQ2_R_H06_C03_F04,2,Parallel Arm Lift — Contact Loss,reposition_and_regrip(),0.6771633908045978,False
R_H06_C03_F04,diagnosed_LIFT_OBJECT_unanticipated__RQ2_R_H06_C03_F04,3,Cobot Industrial — Incremental Heavy Part Transfer,heavy_lift(),0.6507936507936508,False
R_H06_C03_F04,diagnosed_LIFT_OBJECT_unanticipated__RQ2_R_H06_C03_F04,4,Lightweight Arm Lift — Height Verification Only,extend_lift_phase(),0.5118619872958258,False
R_H06_C03_F04,diagnosed_LIFT_OBJECT_unanticipated__RQ2_R_H06_C03_F04,5,Cobot Lift Failure — Grip Pressure,increase_grip_pressure(),0.5,False
R_H06_C03_F04,diagnosed_LIFT_OBJECT_unanticipated__RQ2_R_H06_C03_F04,6,Heavy Duty Arm — Motor Overload During Lift,reduce_lift_speed(),0.5,False
R_H06_C03_F04,diagnosed_LIFT_OBJECT_unanticipated__RQ2_R_H06_C03_F04,7,Suction Arm Lift — Vacuum Loss,emergency_vacuum_pump(),0.3333333333333333,False
R_H06_C03_F05,diagnosed_LIFT_OBJECT_unanticipated__RQ2_R_H06_C03_F05,1,Lift Slip — Low Friction Surface,apply_vacuum_assist(),0.8537411111111112,True
R_H06_C03_F05,diagnosed_LIFT_OBJECT_unanticipated__RQ2_R_H06_C03_F05,2,Parallel Arm Lift — Contact Loss,reposition_and_regrip(),0.6771633908045978,False
R_H06_C03_F05,diagnosed_LIFT_OBJECT_unanticipated__RQ2_R_H06_C03_F05,3,Cobot Industrial — Incremental Heavy Part Transfer,heavy_lift(),0.6507936507936508,False
R_H06_C03_F05,diagnosed_LIFT_OBJECT_unanticipated__RQ2_R_H06_C03_F05,4,Lightweight Arm Lift — Height Verification Only,extend_lift_phase(),0.5118619872958258,False
R_H06_C03_F05,diagnosed_LIFT_OBJECT_unanticipated__RQ2_R_H06_C03_F05,5,Cobot Lift Failure — Grip Pressure,increase_grip_pressure(),0.5,False
R_H06_C03_F05,diagnosed_LIFT_OBJECT_unanticipated__RQ2_R_H06_C03_F05,6,Heavy Duty Arm — Motor Overload During Lift,reduce_lift_speed(),0.5,False
R_H06_C03_F05,diagnosed_LIFT_OBJECT_unanticipated__RQ2_R_H06_C03_F05,7,Suction Arm Lift — Vacuum Loss,emergency_vacuum_pump(),0.3333333333333333,False
R_H06_C03_F06,diagnosed_LIFT_OBJECT_unanticipated__RQ2_R_H06_C03_F06,1,Lift Slip — Low Friction Surface,apply_vacuum_assist(),0.831518888888889,True
R_H06_C03_F06,diagnosed_LIFT_OBJECT_unanticipated__RQ2_R_H06_C03_F06,2,Parallel Arm Lift — Contact Loss,reposition_and_regrip(),0.6771633908045978,False
R_H06_C03_F06,diagnosed_LIFT_OBJECT_unanticipated__RQ2_R_H06_C03_F06,3,Cobot Industrial — Incremental Heavy Part Transfer,heavy_lift(),0.6507936507936508,False
R_H06_C03_F06,diagnosed_LIFT_OBJECT_unanticipated__RQ2_R_H06_C03_F06,4,Lightweight Arm Lift — Height Verification Only,extend_lift_phase(),0.5118619872958258,False
R_H06_C03_F06,diagnosed_LIFT_OBJECT_unanticipated__RQ2_R_H06_C03_F06,5,Cobot Lift Failure — Grip Pressure,increase_grip_pressure(),0.5,False
R_H06_C03_F06,diagnosed_LIFT_OBJECT_unanticipated__RQ2_R_H06_C03_F06,6,Heavy Duty Arm — Motor Overload During Lift,reduce_lift_speed(),0.5,False
R_H06_C03_F06,diagnosed_LIFT_OBJECT_unanticipated__RQ2_R_H06_C03_F06,7,Suction Arm Lift — Vacuum Loss,emergency_vacuum_pump(),0.3333333333333333,False
R_H06_C03_F07,diagnosed_LIFT_OBJECT_unanticipated__RQ2_R_H06_C03_F07,1,Lift Slip — Low Friction Surface,apply_vacuum_assist(),0.7870744444444444,True
R_H06_C03_F07,diagnosed_LIFT_OBJECT_unanticipated__RQ2_R_H06_C03_F07,2,Parallel Arm Lift — Contact Loss,reposition_and_regrip(),0.6771633908045978,False
R_H06_C03_F07,diagnosed_LIFT_OBJECT_unanticipated__RQ2_R_H06_C03_F07,3,Cobot Industrial — Incremental Heavy Part Transfer,heavy_lift(),0.6507936507936508,False
R_H06_C03_F07,diagnosed_LIFT_OBJECT_unanticipated__RQ2_R_H06_C03_F07,4,Lightweight Arm Lift — Height Verification Only,extend_lift_phase(),0.5118619872958258,False
R_H06_C03_F07,diagnosed_LIFT_OBJECT_unanticipated__RQ2_R_H06_C03_F07,5,Cobot Lift Failure — Grip Pressure,increase_grip_pressure(),0.5,False
R_H06_C03_F07,diagnosed_LIFT_OBJECT_unanticipated__RQ2_R_H06_C03_F07,6,Heavy Duty Arm — Motor Overload During Lift,reduce_lift_speed(),0.5,False
R_H06_C03_F07,diagnosed_LIFT_OBJECT_unanticipated__RQ2_R_H06_C03_F07,7,Suction Arm Lift — Vacuum Loss,emergency_vacuum_pump(),0.3333333333333333,False
R_H06_C03_F08,diagnosed_LIFT_OBJECT_unanticipated__RQ2_R_H06_C03_F08,1,Lift Slip — Low Friction Surface,apply_vacuum_assist(),0.7473522222222222,True
R_H06_C03_F08,diagnosed_LIFT_OBJECT_unanticipated__RQ2_R_H06_C03_F08,2,Parallel Arm Lift — Contact Loss,reposition_and_regrip(),0.6771633908045978,False
R_H06_C03_F08,diagnosed_LIFT_OBJECT_unanticipated__RQ2_R_H06_C03_F08,3,Cobot Industrial — Incremental Heavy Part Transfer,heavy_lift(),0.6507936507936508,False
R_H06_C03_F08,diagnosed_LIFT_OBJECT_unanticipated__RQ2_R_H06_C03_F08,4,Lightweight Arm Lift — Height Verification Only,extend_lift_phase(),0.5118619872958258,False
R_H06_C03_F08,diagnosed_LIFT_OBJECT_unanticipated__RQ2_R_H06_C03_F08,5,Cobot Lift Failure — Grip Pressure,increase_grip_pressure(),0.5,False
R_H06_C03_F08,diagnosed_LIFT_OBJECT_unanticipated__RQ2_R_H06_C03_F08,6,Heavy Duty Arm — Motor Overload During Lift,reduce_lift_speed(),0.5,False
R_H06_C03_F08,diagnosed_LIFT_OBJECT_unanticipated__RQ2_R_H06_C03_F08,7,Suction Arm Lift — Vacuum Loss,emergency_vacuum_pump(),0.3333333333333333,False
R_H06_C03_F09,diagnosed_LIFT_OBJECT_unanticipated__RQ2_R_H06_C03_F09,1,Lift Slip — Low Friction Surface,apply_vacuum_assist(),0.74263,True
R_H06_C03_F09,diagnosed_LIFT_OBJECT_unanticipated__RQ2_R_H06_C03_F09,2,Parallel Arm Lift — Contact Loss,reposition_and_regrip(),0.6771633908045978,False
R_H06_C03_F09,diagnosed_LIFT_OBJECT_unanticipated__RQ2_R_H06_C03_F09,3,Cobot Industrial — Incremental Heavy Part Transfer,heavy_lift(),0.6507936507936508,False
R_H06_C03_F09,diagnosed_LIFT_OBJECT_unanticipated__RQ2_R_H06_C03_F09,4,Lightweight Arm Lift — Height Verification Only,extend_lift_phase(),0.5118619872958258,False
R_H06_C03_F09,diagnosed_LIFT_OBJECT_unanticipated__RQ2_R_H06_C03_F09,5,Cobot Lift Failure — Grip Pressure,increase_grip_pressure(),0.5,False
R_H06_C03_F09,diagnosed_LIFT_OBJECT_unanticipated__RQ2_R_H06_C03_F09,6,Heavy Duty Arm — Motor Overload During Lift,reduce_lift_speed(),0.5,False
R_H06_C03_F09,diagnosed_LIFT_OBJECT_unanticipated__RQ2_R_H06_C03_F09,7,Suction Arm Lift — Vacuum Loss,emergency_vacuum_pump(),0.3333333333333333,False
R_H06_C03_F10,diagnosed_LIFT_OBJECT_unanticipated__RQ2_R_H06_C03_F10,1,Lift Slip — Low Friction Surface,apply_vacuum_assist(),0.74263,True
R_H06_C03_F10,diagnosed_LIFT_OBJECT_unanticipated__RQ2_R_H06_C03_F10,2,Parallel Arm Lift — Contact Loss,reposition_and_regrip(),0.6771633908045978,False
R_H06_C03_F10,diagnosed_LIFT_OBJECT_unanticipated__RQ2_R_H06_C03_F10,3,Cobot Industrial — Incremental Heavy Part Transfer,heavy_lift(),0.6507936507936508,False
R_H06_C03_F10,diagnosed_LIFT_OBJECT_unanticipated__RQ2_R_H06_C03_F10,4,Lightweight Arm Lift — Height Verification Only,extend_lift_phase(),0.5118619872958258,False
R_H06_C03_F10,diagnosed_LIFT_OBJECT_unanticipated__RQ2_R_H06_C03_F10,5,Cobot Lift Failure — Grip Pressure,increase_grip_pressure(),0.5,False
R_H06_C03_F10,diagnosed_LIFT_OBJECT_unanticipated__RQ2_R_H06_C03_F10,6,Heavy Duty Arm — Motor Overload During Lift,reduce_lift_speed(),0.5,False
R_H06_C03_F10,diagnosed_LIFT_OBJECT_unanticipated__RQ2_R_H06_C03_F10,7,Suction Arm Lift — Vacuum Loss,emergency_vacuum_pump(),0.3333333333333333,False
R_H06_C04_F01,diagnosed_LIFT_OBJECT_unanticipated__RQ2_R_H06_C04_F01,1,Lift Slip — Low Friction Surface,apply_vacuum_assist(),0.7518888888888888,True
R_H06_C04_F01,diagnosed_LIFT_OBJECT_unanticipated__RQ2_R_H06_C04_F01,2,Parallel Arm Lift — Contact Loss,reposition_and_regrip(),0.6666666666666666,False
R_H06_C04_F01,diagnosed_LIFT_OBJECT_unanticipated__RQ2_R_H06_C04_F01,3,Cobot Industrial — Incremental Heavy Part Transfer,heavy_lift(),0.6507936507936508,False
R_H06_C04_F01,diagnosed_LIFT_OBJECT_unanticipated__RQ2_R_H06_C04_F01,4,Lightweight Arm Lift — Height Verification Only,extend_lift_phase(),0.5013652631578948,False
R_H06_C04_F01,diagnosed_LIFT_OBJECT_unanticipated__RQ2_R_H06_C04_F01,5,Cobot Lift Failure — Grip Pressure,increase_grip_pressure(),0.5,False
R_H06_C04_F01,diagnosed_LIFT_OBJECT_unanticipated__RQ2_R_H06_C04_F01,6,Heavy Duty Arm — Motor Overload During Lift,reduce_lift_speed(),0.5,False
R_H06_C04_F01,diagnosed_LIFT_OBJECT_unanticipated__RQ2_R_H06_C04_F01,7,Suction Arm Lift — Vacuum Loss,emergency_vacuum_pump(),0.3333333333333333,False
R_H06_C04_F02,diagnosed_LIFT_OBJECT_unanticipated__RQ2_R_H06_C04_F02,1,Lift Slip — Low Friction Surface,apply_vacuum_assist(),0.8074444444444445,True
R_H06_C04_F02,diagnosed_LIFT_OBJECT_unanticipated__RQ2_R_H06_C04_F02,2,Parallel Arm Lift — Contact Loss,reposition_and_regrip(),0.6666666666666666,False
R_H06_C04_F02,diagnosed_LIFT_OBJECT_unanticipated__RQ2_R_H06_C04_F02,3,Cobot Industrial — Incremental Heavy Part Transfer,heavy_lift(),0.6507936507936508,False
R_H06_C04_F02,diagnosed_LIFT_OBJECT_unanticipated__RQ2_R_H06_C04_F02,4,Lightweight Arm Lift — Height Verification Only,extend_lift_phase(),0.5013652631578948,False
R_H06_C04_F02,diagnosed_LIFT_OBJECT_unanticipated__RQ2_R_H06_C04_F02,5,Cobot Lift Failure — Grip Pressure,increase_grip_pressure(),0.5,False
R_H06_C04_F02,diagnosed_LIFT_OBJECT_unanticipated__RQ2_R_H06_C04_F02,6,Heavy Duty Arm — Motor Overload During Lift,reduce_lift_speed(),0.5,False
R_H06_C04_F02,diagnosed_LIFT_OBJECT_unanticipated__RQ2_R_H06_C04_F02,7,Suction Arm Lift — Vacuum Loss,emergency_vacuum_pump(),0.3333333333333333,False
R_H06_C04_F03,diagnosed_LIFT_OBJECT_unanticipated__RQ2_R_H06_C04_F03,1,Lift Slip — Low Friction Surface,apply_vacuum_assist(),0.8116111111111112,True
R_H06_C04_F03,diagnosed_LIFT_OBJECT_unanticipated__RQ2_R_H06_C04_F03,2,Parallel Arm Lift — Contact Loss,reposition_and_regrip(),0.6666666666666666,False
R_H06_C04_F03,diagnosed_LIFT_OBJECT_unanticipated__RQ2_R_H06_C04_F03,3,Cobot Industrial — Incremental Heavy Part Transfer,heavy_lift(),0.6507936507936508,False
R_H06_C04_F03,diagnosed_LIFT_OBJECT_unanticipated__RQ2_R_H06_C04_F03,4,Lightweight Arm Lift — Height Verification Only,extend_lift_phase(),0.5013652631578948,False
R_H06_C04_F03,diagnosed_LIFT_OBJECT_unanticipated__RQ2_R_H06_C04_F03,5,Cobot Lift Failure — Grip Pressure,increase_grip_pressure(),0.5,False
R_H06_C04_F03,diagnosed_LIFT_OBJECT_unanticipated__RQ2_R_H06_C04_F03,6,Heavy Duty Arm — Motor Overload During Lift,reduce_lift_speed(),0.5,False
R_H06_C04_F03,diagnosed_LIFT_OBJECT_unanticipated__RQ2_R_H06_C04_F03,7,Suction Arm Lift — Vacuum Loss,emergency_vacuum_pump(),0.3333333333333333,False
R_H06_C04_F04,diagnosed_LIFT_OBJECT_unanticipated__RQ2_R_H06_C04_F04,1,Lift Slip — Low Friction Surface,apply_vacuum_assist(),0.8157777777777778,True
R_H06_C04_F04,diagnosed_LIFT_OBJECT_unanticipated__RQ2_R_H06_C04_F04,2,Parallel Arm Lift — Contact Loss,reposition_and_regrip(),0.6666666666666666,False
R_H06_C04_F04,diagnosed_LIFT_OBJECT_unanticipated__RQ2_R_H06_C04_F04,3,Cobot Industrial — Incremental Heavy Part Transfer,heavy_lift(),0.6507936507936508,False
R_H06_C04_F04,diagnosed_LIFT_OBJECT_unanticipated__RQ2_R_H06_C04_F04,4,Lightweight Arm Lift — Height Verification Only,extend_lift_phase(),0.5013652631578948,False
R_H06_C04_F04,diagnosed_LIFT_OBJECT_unanticipated__RQ2_R_H06_C04_F04,5,Cobot Lift Failure — Grip Pressure,increase_grip_pressure(),0.5,False
R_H06_C04_F04,diagnosed_LIFT_OBJECT_unanticipated__RQ2_R_H06_C04_F04,6,Heavy Duty Arm — Motor Overload During Lift,reduce_lift_speed(),0.5,False
R_H06_C04_F04,diagnosed_LIFT_OBJECT_unanticipated__RQ2_R_H06_C04_F04,7,Suction Arm Lift — Vacuum Loss,emergency_vacuum_pump(),0.3333333333333333,False
R_H06_C04_F05,diagnosed_LIFT_OBJECT_unanticipated__RQ2_R_H06_C04_F05,1,Lift Slip — Low Friction Surface,apply_vacuum_assist(),0.8352222222222222,True
R_H06_C04_F05,diagnosed_LIFT_OBJECT_unanticipated__RQ2_R_H06_C04_F05,2,Parallel Arm Lift — Contact Loss,reposition_and_regrip(),0.6666666666666666,False
R_H06_C04_F05,diagnosed_LIFT_OBJECT_unanticipated__RQ2_R_H06_C04_F05,3,Cobot Industrial — Incremental Heavy Part Transfer,heavy_lift(),0.6507936507936508,False
R_H06_C04_F05,diagnosed_LIFT_OBJECT_unanticipated__RQ2_R_H06_C04_F05,4,Lightweight Arm Lift — Height Verification Only,extend_lift_phase(),0.5013652631578948,False
R_H06_C04_F05,diagnosed_LIFT_OBJECT_unanticipated__RQ2_R_H06_C04_F05,5,Cobot Lift Failure — Grip Pressure,increase_grip_pressure(),0.5,False
R_H06_C04_F05,diagnosed_LIFT_OBJECT_unanticipated__RQ2_R_H06_C04_F05,6,Heavy Duty Arm — Motor Overload During Lift,reduce_lift_speed(),0.5,False
R_H06_C04_F05,diagnosed_LIFT_OBJECT_unanticipated__RQ2_R_H06_C04_F05,7,Suction Arm Lift — Vacuum Loss,emergency_vacuum_pump(),0.3333333333333333,False
R_H06_C04_F06,diagnosed_LIFT_OBJECT_unanticipated__RQ2_R_H06_C04_F06,1,Lift Slip — Low Friction Surface,apply_vacuum_assist(),0.8130000000000001,True
R_H06_C04_F06,diagnosed_LIFT_OBJECT_unanticipated__RQ2_R_H06_C04_F06,2,Parallel Arm Lift — Contact Loss,reposition_and_regrip(),0.6666666666666666,False
R_H06_C04_F06,diagnosed_LIFT_OBJECT_unanticipated__RQ2_R_H06_C04_F06,3,Cobot Industrial — Incremental Heavy Part Transfer,heavy_lift(),0.6507936507936508,False
R_H06_C04_F06,diagnosed_LIFT_OBJECT_unanticipated__RQ2_R_H06_C04_F06,4,Lightweight Arm Lift — Height Verification Only,extend_lift_phase(),0.5013652631578948,False
R_H06_C04_F06,diagnosed_LIFT_OBJECT_unanticipated__RQ2_R_H06_C04_F06,5,Cobot Lift Failure — Grip Pressure,increase_grip_pressure(),0.5,False
R_H06_C04_F06,diagnosed_LIFT_OBJECT_unanticipated__RQ2_R_H06_C04_F06,6,Heavy Duty Arm — Motor Overload During Lift,reduce_lift_speed(),0.5,False
R_H06_C04_F06,diagnosed_LIFT_OBJECT_unanticipated__RQ2_R_H06_C04_F06,7,Suction Arm Lift — Vacuum Loss,emergency_vacuum_pump(),0.3333333333333333,False
R_H06_C04_F07,diagnosed_LIFT_OBJECT_unanticipated__RQ2_R_H06_C04_F07,1,Lift Slip — Low Friction Surface,apply_vacuum_assist(),0.7685555555555555,True
R_H06_C04_F07,diagnosed_LIFT_OBJECT_unanticipated__RQ2_R_H06_C04_F07,2,Parallel Arm Lift — Contact Loss,reposition_and_regrip(),0.6666666666666666,False
R_H06_C04_F07,diagnosed_LIFT_OBJECT_unanticipated__RQ2_R_H06_C04_F07,3,Cobot Industrial — Incremental Heavy Part Transfer,heavy_lift(),0.6507936507936508,False
R_H06_C04_F07,diagnosed_LIFT_OBJECT_unanticipated__RQ2_R_H06_C04_F07,4,Lightweight Arm Lift — Height Verification Only,extend_lift_phase(),0.5013652631578948,False
R_H06_C04_F07,diagnosed_LIFT_OBJECT_unanticipated__RQ2_R_H06_C04_F07,5,Cobot Lift Failure — Grip Pressure,increase_grip_pressure(),0.5,False
R_H06_C04_F07,diagnosed_LIFT_OBJECT_unanticipated__RQ2_R_H06_C04_F07,6,Heavy Duty Arm — Motor Overload During Lift,reduce_lift_speed(),0.5,False
R_H06_C04_F07,diagnosed_LIFT_OBJECT_unanticipated__RQ2_R_H06_C04_F07,7,Suction Arm Lift — Vacuum Loss,emergency_vacuum_pump(),0.3333333333333333,False
R_H06_C04_F08,diagnosed_LIFT_OBJECT_unanticipated__RQ2_R_H06_C04_F08,1,Lift Slip — Low Friction Surface,apply_vacuum_assist(),0.7288333333333333,True
R_H06_C04_F08,diagnosed_LIFT_OBJECT_unanticipated__RQ2_R_H06_C04_F08,2,Parallel Arm Lift — Contact Loss,reposition_and_regrip(),0.6666666666666666,False
R_H06_C04_F08,diagnosed_LIFT_OBJECT_unanticipated__RQ2_R_H06_C04_F08,3,Cobot Industrial — Incremental Heavy Part Transfer,heavy_lift(),0.6507936507936508,False
R_H06_C04_F08,diagnosed_LIFT_OBJECT_unanticipated__RQ2_R_H06_C04_F08,4,Lightweight Arm Lift — Height Verification Only,extend_lift_phase(),0.5013652631578948,False
R_H06_C04_F08,diagnosed_LIFT_OBJECT_unanticipated__RQ2_R_H06_C04_F08,5,Cobot Lift Failure — Grip Pressure,increase_grip_pressure(),0.5,False
R_H06_C04_F08,diagnosed_LIFT_OBJECT_unanticipated__RQ2_R_H06_C04_F08,6,Heavy Duty Arm — Motor Overload During Lift,reduce_lift_speed(),0.5,False
R_H06_C04_F08,diagnosed_LIFT_OBJECT_unanticipated__RQ2_R_H06_C04_F08,7,Suction Arm Lift — Vacuum Loss,emergency_vacuum_pump(),0.3333333333333333,False
R_H06_C04_F09,diagnosed_LIFT_OBJECT_unanticipated__RQ2_R_H06_C04_F09,1,Lift Slip — Low Friction Surface,apply_vacuum_assist(),0.7241111111111111,True
R_H06_C04_F09,diagnosed_LIFT_OBJECT_unanticipated__RQ2_R_H06_C04_F09,2,Parallel Arm Lift — Contact Loss,reposition_and_regrip(),0.6666666666666666,False
R_H06_C04_F09,diagnosed_LIFT_OBJECT_unanticipated__RQ2_R_H06_C04_F09,3,Cobot Industrial — Incremental Heavy Part Transfer,heavy_lift(),0.6507936507936508,False
R_H06_C04_F09,diagnosed_LIFT_OBJECT_unanticipated__RQ2_R_H06_C04_F09,4,Lightweight Arm Lift — Height Verification Only,extend_lift_phase(),0.5013652631578948,False
R_H06_C04_F09,diagnosed_LIFT_OBJECT_unanticipated__RQ2_R_H06_C04_F09,5,Cobot Lift Failure — Grip Pressure,increase_grip_pressure(),0.5,False
R_H06_C04_F09,diagnosed_LIFT_OBJECT_unanticipated__RQ2_R_H06_C04_F09,6,Heavy Duty Arm — Motor Overload During Lift,reduce_lift_speed(),0.5,False
R_H06_C04_F09,diagnosed_LIFT_OBJECT_unanticipated__RQ2_R_H06_C04_F09,7,Suction Arm Lift — Vacuum Loss,emergency_vacuum_pump(),0.3333333333333333,False
R_H06_C04_F10,diagnosed_LIFT_OBJECT_unanticipated__RQ2_R_H06_C04_F10,1,Lift Slip — Low Friction Surface,apply_vacuum_assist(),0.7241111111111111,True
R_H06_C04_F10,diagnosed_LIFT_OBJECT_unanticipated__RQ2_R_H06_C04_F10,2,Parallel Arm Lift — Contact Loss,reposition_and_regrip(),0.6666666666666666,False
R_H06_C04_F10,diagnosed_LIFT_OBJECT_unanticipated__RQ2_R_H06_C04_F10,3,Cobot Industrial — Incremental Heavy Part Transfer,heavy_lift(),0.6507936507936508,False
R_H06_C04_F10,diagnosed_LIFT_OBJECT_unanticipated__RQ2_R_H06_C04_F10,4,Lightweight Arm Lift — Height Verification Only,extend_lift_phase(),0.5013652631578948,False
R_H06_C04_F10,diagnosed_LIFT_OBJECT_unanticipated__RQ2_R_H06_C04_F10,5,Cobot Lift Failure — Grip Pressure,increase_grip_pressure(),0.5,False
R_H06_C04_F10,diagnosed_LIFT_OBJECT_unanticipated__RQ2_R_H06_C04_F10,6,Heavy Duty Arm — Motor Overload During Lift,reduce_lift_speed(),0.5,False
R_H06_C04_F10,diagnosed_LIFT_OBJECT_unanticipated__RQ2_R_H06_C04_F10,7,Suction Arm Lift — Vacuum Loss,emergency_vacuum_pump(),0.3333333333333333,False
R_H06_C05_F01,diagnosed_LIFT_OBJECT_unanticipated__RQ2_R_H06_C05_F01,1,Lift Slip — Low Friction Surface,apply_vacuum_assist(),0.74263,True
R_H06_C05_F01,diagnosed_LIFT_OBJECT_unanticipated__RQ2_R_H06_C05_F01,2,Parallel Arm Lift — Contact Loss,reposition_and_regrip(),0.6666666666666666,False
R_H06_C05_F01,diagnosed_LIFT_OBJECT_unanticipated__RQ2_R_H06_C05_F01,3,Cobot Industrial — Incremental Heavy Part Transfer,heavy_lift(),0.6507936507936508,False
R_H06_C05_F01,diagnosed_LIFT_OBJECT_unanticipated__RQ2_R_H06_C05_F01,4,Lightweight Arm Lift — Height Verification Only,extend_lift_phase(),0.5013652631578948,False
R_H06_C05_F01,diagnosed_LIFT_OBJECT_unanticipated__RQ2_R_H06_C05_F01,5,Cobot Lift Failure — Grip Pressure,increase_grip_pressure(),0.5,False
R_H06_C05_F01,diagnosed_LIFT_OBJECT_unanticipated__RQ2_R_H06_C05_F01,6,Heavy Duty Arm — Motor Overload During Lift,reduce_lift_speed(),0.5,False
R_H06_C05_F01,diagnosed_LIFT_OBJECT_unanticipated__RQ2_R_H06_C05_F01,7,Suction Arm Lift — Vacuum Loss,emergency_vacuum_pump(),0.3333333333333333,False
R_H06_C05_F02,diagnosed_LIFT_OBJECT_unanticipated__RQ2_R_H06_C05_F02,1,Lift Slip — Low Friction Surface,apply_vacuum_assist(),0.7981855555555555,True
R_H06_C05_F02,diagnosed_LIFT_OBJECT_unanticipated__RQ2_R_H06_C05_F02,2,Parallel Arm Lift — Contact Loss,reposition_and_regrip(),0.6666666666666666,False
R_H06_C05_F02,diagnosed_LIFT_OBJECT_unanticipated__RQ2_R_H06_C05_F02,3,Cobot Industrial — Incremental Heavy Part Transfer,heavy_lift(),0.6507936507936508,False
R_H06_C05_F02,diagnosed_LIFT_OBJECT_unanticipated__RQ2_R_H06_C05_F02,4,Lightweight Arm Lift — Height Verification Only,extend_lift_phase(),0.5013652631578948,False
R_H06_C05_F02,diagnosed_LIFT_OBJECT_unanticipated__RQ2_R_H06_C05_F02,5,Cobot Lift Failure — Grip Pressure,increase_grip_pressure(),0.5,False
R_H06_C05_F02,diagnosed_LIFT_OBJECT_unanticipated__RQ2_R_H06_C05_F02,6,Heavy Duty Arm — Motor Overload During Lift,reduce_lift_speed(),0.5,False
R_H06_C05_F02,diagnosed_LIFT_OBJECT_unanticipated__RQ2_R_H06_C05_F02,7,Suction Arm Lift — Vacuum Loss,emergency_vacuum_pump(),0.3333333333333333,False
R_H06_C05_F03,diagnosed_LIFT_OBJECT_unanticipated__RQ2_R_H06_C05_F03,1,Lift Slip — Low Friction Surface,apply_vacuum_assist(),0.8023522222222222,True
R_H06_C05_F03,diagnosed_LIFT_OBJECT_unanticipated__RQ2_R_H06_C05_F03,2,Parallel Arm Lift — Contact Loss,reposition_and_regrip(),0.6666666666666666,False
R_H06_C05_F03,diagnosed_LIFT_OBJECT_unanticipated__RQ2_R_H06_C05_F03,3,Cobot Industrial — Incremental Heavy Part Transfer,heavy_lift(),0.6507936507936508,False
R_H06_C05_F03,diagnosed_LIFT_OBJECT_unanticipated__RQ2_R_H06_C05_F03,4,Lightweight Arm Lift — Height Verification Only,extend_lift_phase(),0.5013652631578948,False
R_H06_C05_F03,diagnosed_LIFT_OBJECT_unanticipated__RQ2_R_H06_C05_F03,5,Cobot Lift Failure — Grip Pressure,increase_grip_pressure(),0.5,False
R_H06_C05_F03,diagnosed_LIFT_OBJECT_unanticipated__RQ2_R_H06_C05_F03,6,Heavy Duty Arm — Motor Overload During Lift,reduce_lift_speed(),0.5,False
R_H06_C05_F03,diagnosed_LIFT_OBJECT_unanticipated__RQ2_R_H06_C05_F03,7,Suction Arm Lift — Vacuum Loss,emergency_vacuum_pump(),0.3333333333333333,False
R_H06_C05_F04,diagnosed_LIFT_OBJECT_unanticipated__RQ2_R_H06_C05_F04,1,Lift Slip — Low Friction Surface,apply_vacuum_assist(),0.8065188888888889,True
R_H06_C05_F04,diagnosed_LIFT_OBJECT_unanticipated__RQ2_R_H06_C05_F04,2,Parallel Arm Lift — Contact Loss,reposition_and_regrip(),0.6666666666666666,False
R_H06_C05_F04,diagnosed_LIFT_OBJECT_unanticipated__RQ2_R_H06_C05_F04,3,Cobot Industrial — Incremental Heavy Part Transfer,heavy_lift(),0.6507936507936508,False
R_H06_C05_F04,diagnosed_LIFT_OBJECT_unanticipated__RQ2_R_H06_C05_F04,4,Lightweight Arm Lift — Height Verification Only,extend_lift_phase(),0.5013652631578948,False
R_H06_C05_F04,diagnosed_LIFT_OBJECT_unanticipated__RQ2_R_H06_C05_F04,5,Cobot Lift Failure — Grip Pressure,increase_grip_pressure(),0.5,False
R_H06_C05_F04,diagnosed_LIFT_OBJECT_unanticipated__RQ2_R_H06_C05_F04,6,Heavy Duty Arm — Motor Overload During Lift,reduce_lift_speed(),0.5,False
R_H06_C05_F04,diagnosed_LIFT_OBJECT_unanticipated__RQ2_R_H06_C05_F04,7,Suction Arm Lift — Vacuum Loss,emergency_vacuum_pump(),0.3333333333333333,False
R_H06_C05_F05,diagnosed_LIFT_OBJECT_unanticipated__RQ2_R_H06_C05_F05,1,Lift Slip — Low Friction Surface,apply_vacuum_assist(),0.8259633333333333,True
R_H06_C05_F05,diagnosed_LIFT_OBJECT_unanticipated__RQ2_R_H06_C05_F05,2,Parallel Arm Lift — Contact Loss,reposition_and_regrip(),0.6666666666666666,False
R_H06_C05_F05,diagnosed_LIFT_OBJECT_unanticipated__RQ2_R_H06_C05_F05,3,Cobot Industrial — Incremental Heavy Part Transfer,heavy_lift(),0.6507936507936508,False
R_H06_C05_F05,diagnosed_LIFT_OBJECT_unanticipated__RQ2_R_H06_C05_F05,4,Lightweight Arm Lift — Height Verification Only,extend_lift_phase(),0.5013652631578948,False
R_H06_C05_F05,diagnosed_LIFT_OBJECT_unanticipated__RQ2_R_H06_C05_F05,5,Cobot Lift Failure — Grip Pressure,increase_grip_pressure(),0.5,False
R_H06_C05_F05,diagnosed_LIFT_OBJECT_unanticipated__RQ2_R_H06_C05_F05,6,Heavy Duty Arm — Motor Overload During Lift,reduce_lift_speed(),0.5,False
R_H06_C05_F05,diagnosed_LIFT_OBJECT_unanticipated__RQ2_R_H06_C05_F05,7,Suction Arm Lift — Vacuum Loss,emergency_vacuum_pump(),0.3333333333333333,False
R_H06_C05_F06,diagnosed_LIFT_OBJECT_unanticipated__RQ2_R_H06_C05_F06,1,Lift Slip — Low Friction Surface,apply_vacuum_assist(),0.803741111111111,True
R_H06_C05_F06,diagnosed_LIFT_OBJECT_unanticipated__RQ2_R_H06_C05_F06,2,Parallel Arm Lift — Contact Loss,reposition_and_regrip(),0.6666666666666666,False
R_H06_C05_F06,diagnosed_LIFT_OBJECT_unanticipated__RQ2_R_H06_C05_F06,3,Cobot Industrial — Incremental Heavy Part Transfer,heavy_lift(),0.6507936507936508,False
R_H06_C05_F06,diagnosed_LIFT_OBJECT_unanticipated__RQ2_R_H06_C05_F06,4,Lightweight Arm Lift — Height Verification Only,extend_lift_phase(),0.5013652631578948,False
R_H06_C05_F06,diagnosed_LIFT_OBJECT_unanticipated__RQ2_R_H06_C05_F06,5,Cobot Lift Failure — Grip Pressure,increase_grip_pressure(),0.5,False
R_H06_C05_F06,diagnosed_LIFT_OBJECT_unanticipated__RQ2_R_H06_C05_F06,6,Heavy Duty Arm — Motor Overload During Lift,reduce_lift_speed(),0.5,False
R_H06_C05_F06,diagnosed_LIFT_OBJECT_unanticipated__RQ2_R_H06_C05_F06,7,Suction Arm Lift — Vacuum Loss,emergency_vacuum_pump(),0.3333333333333333,False
R_H06_C05_F07,diagnosed_LIFT_OBJECT_unanticipated__RQ2_R_H06_C05_F07,1,Lift Slip — Low Friction Surface,apply_vacuum_assist(),0.7592966666666667,True
R_H06_C05_F07,diagnosed_LIFT_OBJECT_unanticipated__RQ2_R_H06_C05_F07,2,Parallel Arm Lift — Contact Loss,reposition_and_regrip(),0.6666666666666666,False
R_H06_C05_F07,diagnosed_LIFT_OBJECT_unanticipated__RQ2_R_H06_C05_F07,3,Cobot Industrial — Incremental Heavy Part Transfer,heavy_lift(),0.6507936507936508,False
R_H06_C05_F07,diagnosed_LIFT_OBJECT_unanticipated__RQ2_R_H06_C05_F07,4,Lightweight Arm Lift — Height Verification Only,extend_lift_phase(),0.5013652631578948,False
R_H06_C05_F07,diagnosed_LIFT_OBJECT_unanticipated__RQ2_R_H06_C05_F07,5,Cobot Lift Failure — Grip Pressure,increase_grip_pressure(),0.5,False
R_H06_C05_F07,diagnosed_LIFT_OBJECT_unanticipated__RQ2_R_H06_C05_F07,6,Heavy Duty Arm — Motor Overload During Lift,reduce_lift_speed(),0.5,False
R_H06_C05_F07,diagnosed_LIFT_OBJECT_unanticipated__RQ2_R_H06_C05_F07,7,Suction Arm Lift — Vacuum Loss,emergency_vacuum_pump(),0.3333333333333333,False
R_H06_C05_F08,diagnosed_LIFT_OBJECT_unanticipated__RQ2_R_H06_C05_F08,1,Lift Slip — Low Friction Surface,apply_vacuum_assist(),0.7195744444444445,True
R_H06_C05_F08,diagnosed_LIFT_OBJECT_unanticipated__RQ2_R_H06_C05_F08,2,Parallel Arm Lift — Contact Loss,reposition_and_regrip(),0.6666666666666666,False
R_H06_C05_F08,diagnosed_LIFT_OBJECT_unanticipated__RQ2_R_H06_C05_F08,3,Cobot Industrial — Incremental Heavy Part Transfer,heavy_lift(),0.6507936507936508,False
R_H06_C05_F08,diagnosed_LIFT_OBJECT_unanticipated__RQ2_R_H06_C05_F08,4,Lightweight Arm Lift — Height Verification Only,extend_lift_phase(),0.5013652631578948,False
R_H06_C05_F08,diagnosed_LIFT_OBJECT_unanticipated__RQ2_R_H06_C05_F08,5,Cobot Lift Failure — Grip Pressure,increase_grip_pressure(),0.5,False
R_H06_C05_F08,diagnosed_LIFT_OBJECT_unanticipated__RQ2_R_H06_C05_F08,6,Heavy Duty Arm — Motor Overload During Lift,reduce_lift_speed(),0.5,False
R_H06_C05_F08,diagnosed_LIFT_OBJECT_unanticipated__RQ2_R_H06_C05_F08,7,Suction Arm Lift — Vacuum Loss,emergency_vacuum_pump(),0.3333333333333333,False
R_H06_C05_F09,diagnosed_LIFT_OBJECT_unanticipated__RQ2_R_H06_C05_F09,1,Lift Slip — Low Friction Surface,apply_vacuum_assist(),0.7148522222222221,True
R_H06_C05_F09,diagnosed_LIFT_OBJECT_unanticipated__RQ2_R_H06_C05_F09,2,Parallel Arm Lift — Contact Loss,reposition_and_regrip(),0.6666666666666666,False
R_H06_C05_F09,diagnosed_LIFT_OBJECT_unanticipated__RQ2_R_H06_C05_F09,3,Cobot Industrial — Incremental Heavy Part Transfer,heavy_lift(),0.6507936507936508,False
R_H06_C05_F09,diagnosed_LIFT_OBJECT_unanticipated__RQ2_R_H06_C05_F09,4,Lightweight Arm Lift — Height Verification Only,extend_lift_phase(),0.5013652631578948,False
R_H06_C05_F09,diagnosed_LIFT_OBJECT_unanticipated__RQ2_R_H06_C05_F09,5,Cobot Lift Failure — Grip Pressure,increase_grip_pressure(),0.5,False
R_H06_C05_F09,diagnosed_LIFT_OBJECT_unanticipated__RQ2_R_H06_C05_F09,6,Heavy Duty Arm — Motor Overload During Lift,reduce_lift_speed(),0.5,False
R_H06_C05_F09,diagnosed_LIFT_OBJECT_unanticipated__RQ2_R_H06_C05_F09,7,Suction Arm Lift — Vacuum Loss,emergency_vacuum_pump(),0.3333333333333333,False
R_H06_C05_F10,diagnosed_LIFT_OBJECT_unanticipated__RQ2_R_H06_C05_F10,1,Lift Slip — Low Friction Surface,apply_vacuum_assist(),0.7148522222222221,True
R_H06_C05_F10,diagnosed_LIFT_OBJECT_unanticipated__RQ2_R_H06_C05_F10,2,Parallel Arm Lift — Contact Loss,reposition_and_regrip(),0.6666666666666666,False
R_H06_C05_F10,diagnosed_LIFT_OBJECT_unanticipated__RQ2_R_H06_C05_F10,3,Cobot Industrial — Incremental Heavy Part Transfer,heavy_lift(),0.6507936507936508,False
R_H06_C05_F10,diagnosed_LIFT_OBJECT_unanticipated__RQ2_R_H06_C05_F10,4,Lightweight Arm Lift — Height Verification Only,extend_lift_phase(),0.5013652631578948,False
R_H06_C05_F10,diagnosed_LIFT_OBJECT_unanticipated__RQ2_R_H06_C05_F10,5,Cobot Lift Failure — Grip Pressure,increase_grip_pressure(),0.5,False
R_H06_C05_F10,diagnosed_LIFT_OBJECT_unanticipated__RQ2_R_H06_C05_F10,6,Heavy Duty Arm — Motor Overload During Lift,reduce_lift_speed(),0.5,False
R_H06_C05_F10,diagnosed_LIFT_OBJECT_unanticipated__RQ2_R_H06_C05_F10,7,Suction Arm Lift — Vacuum Loss,emergency_vacuum_pump(),0.3333333333333333,False
R_H06_C06_F01,diagnosed_LIFT_OBJECT_unanticipated__RQ2_R_H06_C06_F01,1,Lift Slip — Low Friction Surface,apply_vacuum_assist(),0.7148522222222221,True
R_H06_C06_F01,diagnosed_LIFT_OBJECT_unanticipated__RQ2_R_H06_C06_F01,2,Parallel Arm Lift — Contact Loss,reposition_and_regrip(),0.6666666666666666,False
R_H06_C06_F01,diagnosed_LIFT_OBJECT_unanticipated__RQ2_R_H06_C06_F01,3,Cobot Industrial — Incremental Heavy Part Transfer,heavy_lift(),0.6507936507936508,False
R_H06_C06_F01,diagnosed_LIFT_OBJECT_unanticipated__RQ2_R_H06_C06_F01,4,Lightweight Arm Lift — Height Verification Only,extend_lift_phase(),0.5013652631578948,False
R_H06_C06_F01,diagnosed_LIFT_OBJECT_unanticipated__RQ2_R_H06_C06_F01,5,Cobot Lift Failure — Grip Pressure,increase_grip_pressure(),0.5,False
R_H06_C06_F01,diagnosed_LIFT_OBJECT_unanticipated__RQ2_R_H06_C06_F01,6,Heavy Duty Arm — Motor Overload During Lift,reduce_lift_speed(),0.5,False
R_H06_C06_F01,diagnosed_LIFT_OBJECT_unanticipated__RQ2_R_H06_C06_F01,7,Suction Arm Lift — Vacuum Loss,emergency_vacuum_pump(),0.3333333333333333,False
R_H06_C06_F02,diagnosed_LIFT_OBJECT_unanticipated__RQ2_R_H06_C06_F02,1,Lift Slip — Low Friction Surface,apply_vacuum_assist(),0.7704077777777778,True
R_H06_C06_F02,diagnosed_LIFT_OBJECT_unanticipated__RQ2_R_H06_C06_F02,2,Parallel Arm Lift — Contact Loss,reposition_and_regrip(),0.6666666666666666,False
R_H06_C06_F02,diagnosed_LIFT_OBJECT_unanticipated__RQ2_R_H06_C06_F02,3,Cobot Industrial — Incremental Heavy Part Transfer,heavy_lift(),0.6507936507936508,False
R_H06_C06_F02,diagnosed_LIFT_OBJECT_unanticipated__RQ2_R_H06_C06_F02,4,Lightweight Arm Lift — Height Verification Only,extend_lift_phase(),0.5013652631578948,False
R_H06_C06_F02,diagnosed_LIFT_OBJECT_unanticipated__RQ2_R_H06_C06_F02,5,Cobot Lift Failure — Grip Pressure,increase_grip_pressure(),0.5,False
R_H06_C06_F02,diagnosed_LIFT_OBJECT_unanticipated__RQ2_R_H06_C06_F02,6,Heavy Duty Arm — Motor Overload During Lift,reduce_lift_speed(),0.5,False
R_H06_C06_F02,diagnosed_LIFT_OBJECT_unanticipated__RQ2_R_H06_C06_F02,7,Suction Arm Lift — Vacuum Loss,emergency_vacuum_pump(),0.3333333333333333,False
R_H06_C06_F03,diagnosed_LIFT_OBJECT_unanticipated__RQ2_R_H06_C06_F03,1,Lift Slip — Low Friction Surface,apply_vacuum_assist(),0.7745744444444446,True
R_H06_C06_F03,diagnosed_LIFT_OBJECT_unanticipated__RQ2_R_H06_C06_F03,2,Parallel Arm Lift — Contact Loss,reposition_and_regrip(),0.6666666666666666,False
R_H06_C06_F03,diagnosed_LIFT_OBJECT_unanticipated__RQ2_R_H06_C06_F03,3,Cobot Industrial — Incremental Heavy Part Transfer,heavy_lift(),0.6507936507936508,False
R_H06_C06_F03,diagnosed_LIFT_OBJECT_unanticipated__RQ2_R_H06_C06_F03,4,Lightweight Arm Lift — Height Verification Only,extend_lift_phase(),0.5013652631578948,False
R_H06_C06_F03,diagnosed_LIFT_OBJECT_unanticipated__RQ2_R_H06_C06_F03,5,Cobot Lift Failure — Grip Pressure,increase_grip_pressure(),0.5,False
R_H06_C06_F03,diagnosed_LIFT_OBJECT_unanticipated__RQ2_R_H06_C06_F03,6,Heavy Duty Arm — Motor Overload During Lift,reduce_lift_speed(),0.5,False
R_H06_C06_F03,diagnosed_LIFT_OBJECT_unanticipated__RQ2_R_H06_C06_F03,7,Suction Arm Lift — Vacuum Loss,emergency_vacuum_pump(),0.3333333333333333,False
R_H06_C06_F04,diagnosed_LIFT_OBJECT_unanticipated__RQ2_R_H06_C06_F04,1,Lift Slip — Low Friction Surface,apply_vacuum_assist(),0.7787411111111111,True
R_H06_C06_F04,diagnosed_LIFT_OBJECT_unanticipated__RQ2_R_H06_C06_F04,2,Parallel Arm Lift — Contact Loss,reposition_and_regrip(),0.6666666666666666,False
R_H06_C06_F04,diagnosed_LIFT_OBJECT_unanticipated__RQ2_R_H06_C06_F04,3,Cobot Industrial — Incremental Heavy Part Transfer,heavy_lift(),0.6507936507936508,False
R_H06_C06_F04,diagnosed_LIFT_OBJECT_unanticipated__RQ2_R_H06_C06_F04,4,Lightweight Arm Lift — Height Verification Only,extend_lift_phase(),0.5013652631578948,False
R_H06_C06_F04,diagnosed_LIFT_OBJECT_unanticipated__RQ2_R_H06_C06_F04,5,Cobot Lift Failure — Grip Pressure,increase_grip_pressure(),0.5,False
R_H06_C06_F04,diagnosed_LIFT_OBJECT_unanticipated__RQ2_R_H06_C06_F04,6,Heavy Duty Arm — Motor Overload During Lift,reduce_lift_speed(),0.5,False
R_H06_C06_F04,diagnosed_LIFT_OBJECT_unanticipated__RQ2_R_H06_C06_F04,7,Suction Arm Lift — Vacuum Loss,emergency_vacuum_pump(),0.3333333333333333,False
R_H06_C06_F05,diagnosed_LIFT_OBJECT_unanticipated__RQ2_R_H06_C06_F05,1,Lift Slip — Low Friction Surface,apply_vacuum_assist(),0.7981855555555555,True
R_H06_C06_F05,diagnosed_LIFT_OBJECT_unanticipated__RQ2_R_H06_C06_F05,2,Parallel Arm Lift — Contact Loss,reposition_and_regrip(),0.6666666666666666,False
R_H06_C06_F05,diagnosed_LIFT_OBJECT_unanticipated__RQ2_R_H06_C06_F05,3,Cobot Industrial — Incremental Heavy Part Transfer,heavy_lift(),0.6507936507936508,False
R_H06_C06_F05,diagnosed_LIFT_OBJECT_unanticipated__RQ2_R_H06_C06_F05,4,Lightweight Arm Lift — Height Verification Only,extend_lift_phase(),0.5013652631578948,False
R_H06_C06_F05,diagnosed_LIFT_OBJECT_unanticipated__RQ2_R_H06_C06_F05,5,Cobot Lift Failure — Grip Pressure,increase_grip_pressure(),0.5,False
R_H06_C06_F05,diagnosed_LIFT_OBJECT_unanticipated__RQ2_R_H06_C06_F05,6,Heavy Duty Arm — Motor Overload During Lift,reduce_lift_speed(),0.5,False
R_H06_C06_F05,diagnosed_LIFT_OBJECT_unanticipated__RQ2_R_H06_C06_F05,7,Suction Arm Lift — Vacuum Loss,emergency_vacuum_pump(),0.3333333333333333,False
R_H06_C06_F06,diagnosed_LIFT_OBJECT_unanticipated__RQ2_R_H06_C06_F06,1,Lift Slip — Low Friction Surface,apply_vacuum_assist(),0.7759633333333333,True
R_H06_C06_F06,diagnosed_LIFT_OBJECT_unanticipated__RQ2_R_H06_C06_F06,2,Parallel Arm Lift — Contact Loss,reposition_and_regrip(),0.6666666666666666,False
R_H06_C06_F06,diagnosed_LIFT_OBJECT_unanticipated__RQ2_R_H06_C06_F06,3,Cobot Industrial — Incremental Heavy Part Transfer,heavy_lift(),0.6507936507936508,False
R_H06_C06_F06,diagnosed_LIFT_OBJECT_unanticipated__RQ2_R_H06_C06_F06,4,Lightweight Arm Lift — Height Verification Only,extend_lift_phase(),0.5013652631578948,False
R_H06_C06_F06,diagnosed_LIFT_OBJECT_unanticipated__RQ2_R_H06_C06_F06,5,Cobot Lift Failure — Grip Pressure,increase_grip_pressure(),0.5,False
R_H06_C06_F06,diagnosed_LIFT_OBJECT_unanticipated__RQ2_R_H06_C06_F06,6,Heavy Duty Arm — Motor Overload During Lift,reduce_lift_speed(),0.5,False
R_H06_C06_F06,diagnosed_LIFT_OBJECT_unanticipated__RQ2_R_H06_C06_F06,7,Suction Arm Lift — Vacuum Loss,emergency_vacuum_pump(),0.3333333333333333,False
R_H06_C06_F07,diagnosed_LIFT_OBJECT_unanticipated__RQ2_R_H06_C06_F07,1,Lift Slip — Low Friction Surface,apply_vacuum_assist(),0.7315188888888889,True
R_H06_C06_F07,diagnosed_LIFT_OBJECT_unanticipated__RQ2_R_H06_C06_F07,2,Parallel Arm Lift — Contact Loss,reposition_and_regrip(),0.6666666666666666,False
R_H06_C06_F07,diagnosed_LIFT_OBJECT_unanticipated__RQ2_R_H06_C06_F07,3,Cobot Industrial — Incremental Heavy Part Transfer,heavy_lift(),0.6507936507936508,False
R_H06_C06_F07,diagnosed_LIFT_OBJECT_unanticipated__RQ2_R_H06_C06_F07,4,Lightweight Arm Lift — Height Verification Only,extend_lift_phase(),0.5013652631578948,False
R_H06_C06_F07,diagnosed_LIFT_OBJECT_unanticipated__RQ2_R_H06_C06_F07,5,Cobot Lift Failure — Grip Pressure,increase_grip_pressure(),0.5,False
R_H06_C06_F07,diagnosed_LIFT_OBJECT_unanticipated__RQ2_R_H06_C06_F07,6,Heavy Duty Arm — Motor Overload During Lift,reduce_lift_speed(),0.5,False
R_H06_C06_F07,diagnosed_LIFT_OBJECT_unanticipated__RQ2_R_H06_C06_F07,7,Suction Arm Lift — Vacuum Loss,emergency_vacuum_pump(),0.3333333333333333,False
R_H06_C06_F08,diagnosed_LIFT_OBJECT_unanticipated__RQ2_R_H06_C06_F08,1,Lift Slip — Low Friction Surface,apply_vacuum_assist(),0.6917966666666667,True
R_H06_C06_F08,diagnosed_LIFT_OBJECT_unanticipated__RQ2_R_H06_C06_F08,2,Parallel Arm Lift — Contact Loss,reposition_and_regrip(),0.6666666666666666,False
R_H06_C06_F08,diagnosed_LIFT_OBJECT_unanticipated__RQ2_R_H06_C06_F08,3,Cobot Industrial — Incremental Heavy Part Transfer,heavy_lift(),0.6507936507936508,False
R_H06_C06_F08,diagnosed_LIFT_OBJECT_unanticipated__RQ2_R_H06_C06_F08,4,Lightweight Arm Lift — Height Verification Only,extend_lift_phase(),0.5013652631578948,False
R_H06_C06_F08,diagnosed_LIFT_OBJECT_unanticipated__RQ2_R_H06_C06_F08,5,Cobot Lift Failure — Grip Pressure,increase_grip_pressure(),0.5,False
R_H06_C06_F08,diagnosed_LIFT_OBJECT_unanticipated__RQ2_R_H06_C06_F08,6,Heavy Duty Arm — Motor Overload During Lift,reduce_lift_speed(),0.5,False
R_H06_C06_F08,diagnosed_LIFT_OBJECT_unanticipated__RQ2_R_H06_C06_F08,7,Suction Arm Lift — Vacuum Loss,emergency_vacuum_pump(),0.3333333333333333,False
R_H06_C06_F09,diagnosed_LIFT_OBJECT_unanticipated__RQ2_R_H06_C06_F09,1,Lift Slip — Low Friction Surface,apply_vacuum_assist(),0.6870744444444444,True
R_H06_C06_F09,diagnosed_LIFT_OBJECT_unanticipated__RQ2_R_H06_C06_F09,2,Parallel Arm Lift — Contact Loss,reposition_and_regrip(),0.6666666666666666,False
R_H06_C06_F09,diagnosed_LIFT_OBJECT_unanticipated__RQ2_R_H06_C06_F09,3,Cobot Industrial — Incremental Heavy Part Transfer,heavy_lift(),0.6507936507936508,False
R_H06_C06_F09,diagnosed_LIFT_OBJECT_unanticipated__RQ2_R_H06_C06_F09,4,Lightweight Arm Lift — Height Verification Only,extend_lift_phase(),0.5013652631578948,False
R_H06_C06_F09,diagnosed_LIFT_OBJECT_unanticipated__RQ2_R_H06_C06_F09,5,Cobot Lift Failure — Grip Pressure,increase_grip_pressure(),0.5,False
R_H06_C06_F09,diagnosed_LIFT_OBJECT_unanticipated__RQ2_R_H06_C06_F09,6,Heavy Duty Arm — Motor Overload During Lift,reduce_lift_speed(),0.5,False
R_H06_C06_F09,diagnosed_LIFT_OBJECT_unanticipated__RQ2_R_H06_C06_F09,7,Suction Arm Lift — Vacuum Loss,emergency_vacuum_pump(),0.3333333333333333,False
R_H06_C06_F10,diagnosed_LIFT_OBJECT_unanticipated__RQ2_R_H06_C06_F10,1,Lift Slip — Low Friction Surface,apply_vacuum_assist(),0.6870744444444444,True
R_H06_C06_F10,diagnosed_LIFT_OBJECT_unanticipated__RQ2_R_H06_C06_F10,2,Parallel Arm Lift — Contact Loss,reposition_and_regrip(),0.6666666666666666,False
R_H06_C06_F10,diagnosed_LIFT_OBJECT_unanticipated__RQ2_R_H06_C06_F10,3,Cobot Industrial — Incremental Heavy Part Transfer,heavy_lift(),0.6507936507936508,False
R_H06_C06_F10,diagnosed_LIFT_OBJECT_unanticipated__RQ2_R_H06_C06_F10,4,Lightweight Arm Lift — Height Verification Only,extend_lift_phase(),0.5013652631578948,False
R_H06_C06_F10,diagnosed_LIFT_OBJECT_unanticipated__RQ2_R_H06_C06_F10,5,Cobot Lift Failure — Grip Pressure,increase_grip_pressure(),0.5,False
R_H06_C06_F10,diagnosed_LIFT_OBJECT_unanticipated__RQ2_R_H06_C06_F10,6,Heavy Duty Arm — Motor Overload During Lift,reduce_lift_speed(),0.5,False
R_H06_C06_F10,diagnosed_LIFT_OBJECT_unanticipated__RQ2_R_H06_C06_F10,7,Suction Arm Lift — Vacuum Loss,emergency_vacuum_pump(),0.3333333333333333,False
R_H06_C07_F01,diagnosed_LIFT_OBJECT_unanticipated__RQ2_R_H06_C07_F01,1,Lift Slip — Low Friction Surface,apply_vacuum_assist(),0.7148522222222221,True
R_H06_C07_F01,diagnosed_LIFT_OBJECT_unanticipated__RQ2_R_H06_C07_F01,2,Parallel Arm Lift — Contact Loss,reposition_and_regrip(),0.6666666666666666,False
R_H06_C07_F01,diagnosed_LIFT_OBJECT_unanticipated__RQ2_R_H06_C07_F01,3,Cobot Industrial — Incremental Heavy Part Transfer,heavy_lift(),0.6507936507936508,False
R_H06_C07_F01,diagnosed_LIFT_OBJECT_unanticipated__RQ2_R_H06_C07_F01,4,Lightweight Arm Lift — Height Verification Only,extend_lift_phase(),0.5013652631578948,False
R_H06_C07_F01,diagnosed_LIFT_OBJECT_unanticipated__RQ2_R_H06_C07_F01,5,Cobot Lift Failure — Grip Pressure,increase_grip_pressure(),0.5,False
R_H06_C07_F01,diagnosed_LIFT_OBJECT_unanticipated__RQ2_R_H06_C07_F01,6,Heavy Duty Arm — Motor Overload During Lift,reduce_lift_speed(),0.5,False
R_H06_C07_F01,diagnosed_LIFT_OBJECT_unanticipated__RQ2_R_H06_C07_F01,7,Suction Arm Lift — Vacuum Loss,emergency_vacuum_pump(),0.3333333333333333,False
R_H06_C07_F02,diagnosed_LIFT_OBJECT_unanticipated__RQ2_R_H06_C07_F02,1,Lift Slip — Low Friction Surface,apply_vacuum_assist(),0.7704077777777778,True
R_H06_C07_F02,diagnosed_LIFT_OBJECT_unanticipated__RQ2_R_H06_C07_F02,2,Parallel Arm Lift — Contact Loss,reposition_and_regrip(),0.6666666666666666,False
R_H06_C07_F02,diagnosed_LIFT_OBJECT_unanticipated__RQ2_R_H06_C07_F02,3,Cobot Industrial — Incremental Heavy Part Transfer,heavy_lift(),0.6507936507936508,False
R_H06_C07_F02,diagnosed_LIFT_OBJECT_unanticipated__RQ2_R_H06_C07_F02,4,Lightweight Arm Lift — Height Verification Only,extend_lift_phase(),0.5013652631578948,False
R_H06_C07_F02,diagnosed_LIFT_OBJECT_unanticipated__RQ2_R_H06_C07_F02,5,Cobot Lift Failure — Grip Pressure,increase_grip_pressure(),0.5,False
R_H06_C07_F02,diagnosed_LIFT_OBJECT_unanticipated__RQ2_R_H06_C07_F02,6,Heavy Duty Arm — Motor Overload During Lift,reduce_lift_speed(),0.5,False
R_H06_C07_F02,diagnosed_LIFT_OBJECT_unanticipated__RQ2_R_H06_C07_F02,7,Suction Arm Lift — Vacuum Loss,emergency_vacuum_pump(),0.3333333333333333,False
R_H06_C07_F03,diagnosed_LIFT_OBJECT_unanticipated__RQ2_R_H06_C07_F03,1,Lift Slip — Low Friction Surface,apply_vacuum_assist(),0.7745744444444446,True
R_H06_C07_F03,diagnosed_LIFT_OBJECT_unanticipated__RQ2_R_H06_C07_F03,2,Parallel Arm Lift — Contact Loss,reposition_and_regrip(),0.6666666666666666,False
R_H06_C07_F03,diagnosed_LIFT_OBJECT_unanticipated__RQ2_R_H06_C07_F03,3,Cobot Industrial — Incremental Heavy Part Transfer,heavy_lift(),0.6507936507936508,False
R_H06_C07_F03,diagnosed_LIFT_OBJECT_unanticipated__RQ2_R_H06_C07_F03,4,Lightweight Arm Lift — Height Verification Only,extend_lift_phase(),0.5013652631578948,False
R_H06_C07_F03,diagnosed_LIFT_OBJECT_unanticipated__RQ2_R_H06_C07_F03,5,Cobot Lift Failure — Grip Pressure,increase_grip_pressure(),0.5,False
R_H06_C07_F03,diagnosed_LIFT_OBJECT_unanticipated__RQ2_R_H06_C07_F03,6,Heavy Duty Arm — Motor Overload During Lift,reduce_lift_speed(),0.5,False
R_H06_C07_F03,diagnosed_LIFT_OBJECT_unanticipated__RQ2_R_H06_C07_F03,7,Suction Arm Lift — Vacuum Loss,emergency_vacuum_pump(),0.3333333333333333,False
R_H06_C07_F04,diagnosed_LIFT_OBJECT_unanticipated__RQ2_R_H06_C07_F04,1,Lift Slip — Low Friction Surface,apply_vacuum_assist(),0.7787411111111111,True
R_H06_C07_F04,diagnosed_LIFT_OBJECT_unanticipated__RQ2_R_H06_C07_F04,2,Parallel Arm Lift — Contact Loss,reposition_and_regrip(),0.6666666666666666,False
R_H06_C07_F04,diagnosed_LIFT_OBJECT_unanticipated__RQ2_R_H06_C07_F04,3,Cobot Industrial — Incremental Heavy Part Transfer,heavy_lift(),0.6507936507936508,False
R_H06_C07_F04,diagnosed_LIFT_OBJECT_unanticipated__RQ2_R_H06_C07_F04,4,Lightweight Arm Lift — Height Verification Only,extend_lift_phase(),0.5013652631578948,False
R_H06_C07_F04,diagnosed_LIFT_OBJECT_unanticipated__RQ2_R_H06_C07_F04,5,Cobot Lift Failure — Grip Pressure,increase_grip_pressure(),0.5,False
R_H06_C07_F04,diagnosed_LIFT_OBJECT_unanticipated__RQ2_R_H06_C07_F04,6,Heavy Duty Arm — Motor Overload During Lift,reduce_lift_speed(),0.5,False
R_H06_C07_F04,diagnosed_LIFT_OBJECT_unanticipated__RQ2_R_H06_C07_F04,7,Suction Arm Lift — Vacuum Loss,emergency_vacuum_pump(),0.3333333333333333,False
R_H06_C07_F05,diagnosed_LIFT_OBJECT_unanticipated__RQ2_R_H06_C07_F05,1,Lift Slip — Low Friction Surface,apply_vacuum_assist(),0.7981855555555555,True
R_H06_C07_F05,diagnosed_LIFT_OBJECT_unanticipated__RQ2_R_H06_C07_F05,2,Parallel Arm Lift — Contact Loss,reposition_and_regrip(),0.6666666666666666,False
R_H06_C07_F05,diagnosed_LIFT_OBJECT_unanticipated__RQ2_R_H06_C07_F05,3,Cobot Industrial — Incremental Heavy Part Transfer,heavy_lift(),0.6507936507936508,False
R_H06_C07_F05,diagnosed_LIFT_OBJECT_unanticipated__RQ2_R_H06_C07_F05,4,Lightweight Arm Lift — Height Verification Only,extend_lift_phase(),0.5013652631578948,False
R_H06_C07_F05,diagnosed_LIFT_OBJECT_unanticipated__RQ2_R_H06_C07_F05,5,Cobot Lift Failure — Grip Pressure,increase_grip_pressure(),0.5,False
R_H06_C07_F05,diagnosed_LIFT_OBJECT_unanticipated__RQ2_R_H06_C07_F05,6,Heavy Duty Arm — Motor Overload During Lift,reduce_lift_speed(),0.5,False
R_H06_C07_F05,diagnosed_LIFT_OBJECT_unanticipated__RQ2_R_H06_C07_F05,7,Suction Arm Lift — Vacuum Loss,emergency_vacuum_pump(),0.3333333333333333,False
R_H06_C07_F06,diagnosed_LIFT_OBJECT_unanticipated__RQ2_R_H06_C07_F06,1,Lift Slip — Low Friction Surface,apply_vacuum_assist(),0.7759633333333333,True
R_H06_C07_F06,diagnosed_LIFT_OBJECT_unanticipated__RQ2_R_H06_C07_F06,2,Parallel Arm Lift — Contact Loss,reposition_and_regrip(),0.6666666666666666,False
R_H06_C07_F06,diagnosed_LIFT_OBJECT_unanticipated__RQ2_R_H06_C07_F06,3,Cobot Industrial — Incremental Heavy Part Transfer,heavy_lift(),0.6507936507936508,False
R_H06_C07_F06,diagnosed_LIFT_OBJECT_unanticipated__RQ2_R_H06_C07_F06,4,Lightweight Arm Lift — Height Verification Only,extend_lift_phase(),0.5013652631578948,False
R_H06_C07_F06,diagnosed_LIFT_OBJECT_unanticipated__RQ2_R_H06_C07_F06,5,Cobot Lift Failure — Grip Pressure,increase_grip_pressure(),0.5,False
R_H06_C07_F06,diagnosed_LIFT_OBJECT_unanticipated__RQ2_R_H06_C07_F06,6,Heavy Duty Arm — Motor Overload During Lift,reduce_lift_speed(),0.5,False
R_H06_C07_F06,diagnosed_LIFT_OBJECT_unanticipated__RQ2_R_H06_C07_F06,7,Suction Arm Lift — Vacuum Loss,emergency_vacuum_pump(),0.3333333333333333,False
R_H06_C07_F07,diagnosed_LIFT_OBJECT_unanticipated__RQ2_R_H06_C07_F07,1,Lift Slip — Low Friction Surface,apply_vacuum_assist(),0.7315188888888889,True
R_H06_C07_F07,diagnosed_LIFT_OBJECT_unanticipated__RQ2_R_H06_C07_F07,2,Parallel Arm Lift — Contact Loss,reposition_and_regrip(),0.6666666666666666,False
R_H06_C07_F07,diagnosed_LIFT_OBJECT_unanticipated__RQ2_R_H06_C07_F07,3,Cobot Industrial — Incremental Heavy Part Transfer,heavy_lift(),0.6507936507936508,False
R_H06_C07_F07,diagnosed_LIFT_OBJECT_unanticipated__RQ2_R_H06_C07_F07,4,Lightweight Arm Lift — Height Verification Only,extend_lift_phase(),0.5013652631578948,False
R_H06_C07_F07,diagnosed_LIFT_OBJECT_unanticipated__RQ2_R_H06_C07_F07,5,Cobot Lift Failure — Grip Pressure,increase_grip_pressure(),0.5,False
R_H06_C07_F07,diagnosed_LIFT_OBJECT_unanticipated__RQ2_R_H06_C07_F07,6,Heavy Duty Arm — Motor Overload During Lift,reduce_lift_speed(),0.5,False
R_H06_C07_F07,diagnosed_LIFT_OBJECT_unanticipated__RQ2_R_H06_C07_F07,7,Suction Arm Lift — Vacuum Loss,emergency_vacuum_pump(),0.3333333333333333,False
R_H06_C07_F08,diagnosed_LIFT_OBJECT_unanticipated__RQ2_R_H06_C07_F08,1,Lift Slip — Low Friction Surface,apply_vacuum_assist(),0.6917966666666667,True
R_H06_C07_F08,diagnosed_LIFT_OBJECT_unanticipated__RQ2_R_H06_C07_F08,2,Parallel Arm Lift — Contact Loss,reposition_and_regrip(),0.6666666666666666,False
R_H06_C07_F08,diagnosed_LIFT_OBJECT_unanticipated__RQ2_R_H06_C07_F08,3,Cobot Industrial — Incremental Heavy Part Transfer,heavy_lift(),0.6507936507936508,False
R_H06_C07_F08,diagnosed_LIFT_OBJECT_unanticipated__RQ2_R_H06_C07_F08,4,Lightweight Arm Lift — Height Verification Only,extend_lift_phase(),0.5013652631578948,False
R_H06_C07_F08,diagnosed_LIFT_OBJECT_unanticipated__RQ2_R_H06_C07_F08,5,Cobot Lift Failure — Grip Pressure,increase_grip_pressure(),0.5,False
R_H06_C07_F08,diagnosed_LIFT_OBJECT_unanticipated__RQ2_R_H06_C07_F08,6,Heavy Duty Arm — Motor Overload During Lift,reduce_lift_speed(),0.5,False
R_H06_C07_F08,diagnosed_LIFT_OBJECT_unanticipated__RQ2_R_H06_C07_F08,7,Suction Arm Lift — Vacuum Loss,emergency_vacuum_pump(),0.3333333333333333,False
R_H06_C07_F09,diagnosed_LIFT_OBJECT_unanticipated__RQ2_R_H06_C07_F09,1,Lift Slip — Low Friction Surface,apply_vacuum_assist(),0.6870744444444444,True
R_H06_C07_F09,diagnosed_LIFT_OBJECT_unanticipated__RQ2_R_H06_C07_F09,2,Parallel Arm Lift — Contact Loss,reposition_and_regrip(),0.6666666666666666,False
R_H06_C07_F09,diagnosed_LIFT_OBJECT_unanticipated__RQ2_R_H06_C07_F09,3,Cobot Industrial — Incremental Heavy Part Transfer,heavy_lift(),0.6507936507936508,False
R_H06_C07_F09,diagnosed_LIFT_OBJECT_unanticipated__RQ2_R_H06_C07_F09,4,Lightweight Arm Lift — Height Verification Only,extend_lift_phase(),0.5013652631578948,False
R_H06_C07_F09,diagnosed_LIFT_OBJECT_unanticipated__RQ2_R_H06_C07_F09,5,Cobot Lift Failure — Grip Pressure,increase_grip_pressure(),0.5,False
R_H06_C07_F09,diagnosed_LIFT_OBJECT_unanticipated__RQ2_R_H06_C07_F09,6,Heavy Duty Arm — Motor Overload During Lift,reduce_lift_speed(),0.5,False
R_H06_C07_F09,diagnosed_LIFT_OBJECT_unanticipated__RQ2_R_H06_C07_F09,7,Suction Arm Lift — Vacuum Loss,emergency_vacuum_pump(),0.3333333333333333,False
R_H06_C07_F10,diagnosed_LIFT_OBJECT_unanticipated__RQ2_R_H06_C07_F10,1,Lift Slip — Low Friction Surface,apply_vacuum_assist(),0.6870744444444444,True
R_H06_C07_F10,diagnosed_LIFT_OBJECT_unanticipated__RQ2_R_H06_C07_F10,2,Parallel Arm Lift — Contact Loss,reposition_and_regrip(),0.6666666666666666,False
R_H06_C07_F10,diagnosed_LIFT_OBJECT_unanticipated__RQ2_R_H06_C07_F10,3,Cobot Industrial — Incremental Heavy Part Transfer,heavy_lift(),0.6507936507936508,False
R_H06_C07_F10,diagnosed_LIFT_OBJECT_unanticipated__RQ2_R_H06_C07_F10,4,Lightweight Arm Lift — Height Verification Only,extend_lift_phase(),0.5013652631578948,False
R_H06_C07_F10,diagnosed_LIFT_OBJECT_unanticipated__RQ2_R_H06_C07_F10,5,Cobot Lift Failure — Grip Pressure,increase_grip_pressure(),0.5,False
R_H06_C07_F10,diagnosed_LIFT_OBJECT_unanticipated__RQ2_R_H06_C07_F10,6,Heavy Duty Arm — Motor Overload During Lift,reduce_lift_speed(),0.5,False
R_H06_C07_F10,diagnosed_LIFT_OBJECT_unanticipated__RQ2_R_H06_C07_F10,7,Suction Arm Lift — Vacuum Loss,emergency_vacuum_pump(),0.3333333333333333,False
R_H06_C08_F01,diagnosed_LIFT_OBJECT_unanticipated__RQ2_R_H06_C08_F01,1,Lift Slip — Low Friction Surface,apply_vacuum_assist(),0.7148522222222221,True
R_H06_C08_F01,diagnosed_LIFT_OBJECT_unanticipated__RQ2_R_H06_C08_F01,2,Parallel Arm Lift — Contact Loss,reposition_and_regrip(),0.6666666666666666,False
R_H06_C08_F01,diagnosed_LIFT_OBJECT_unanticipated__RQ2_R_H06_C08_F01,3,Cobot Industrial — Incremental Heavy Part Transfer,heavy_lift(),0.6507936507936508,False
R_H06_C08_F01,diagnosed_LIFT_OBJECT_unanticipated__RQ2_R_H06_C08_F01,4,Lightweight Arm Lift — Height Verification Only,extend_lift_phase(),0.5013652631578948,False
R_H06_C08_F01,diagnosed_LIFT_OBJECT_unanticipated__RQ2_R_H06_C08_F01,5,Cobot Lift Failure — Grip Pressure,increase_grip_pressure(),0.5,False
R_H06_C08_F01,diagnosed_LIFT_OBJECT_unanticipated__RQ2_R_H06_C08_F01,6,Heavy Duty Arm — Motor Overload During Lift,reduce_lift_speed(),0.5,False
R_H06_C08_F01,diagnosed_LIFT_OBJECT_unanticipated__RQ2_R_H06_C08_F01,7,Suction Arm Lift — Vacuum Loss,emergency_vacuum_pump(),0.3333333333333333,False
R_H06_C08_F02,diagnosed_LIFT_OBJECT_unanticipated__RQ2_R_H06_C08_F02,1,Lift Slip — Low Friction Surface,apply_vacuum_assist(),0.7704077777777778,True
R_H06_C08_F02,diagnosed_LIFT_OBJECT_unanticipated__RQ2_R_H06_C08_F02,2,Parallel Arm Lift — Contact Loss,reposition_and_regrip(),0.6666666666666666,False
R_H06_C08_F02,diagnosed_LIFT_OBJECT_unanticipated__RQ2_R_H06_C08_F02,3,Cobot Industrial — Incremental Heavy Part Transfer,heavy_lift(),0.6507936507936508,False
R_H06_C08_F02,diagnosed_LIFT_OBJECT_unanticipated__RQ2_R_H06_C08_F02,4,Lightweight Arm Lift — Height Verification Only,extend_lift_phase(),0.5013652631578948,False
R_H06_C08_F02,diagnosed_LIFT_OBJECT_unanticipated__RQ2_R_H06_C08_F02,5,Cobot Lift Failure — Grip Pressure,increase_grip_pressure(),0.5,False
R_H06_C08_F02,diagnosed_LIFT_OBJECT_unanticipated__RQ2_R_H06_C08_F02,6,Heavy Duty Arm — Motor Overload During Lift,reduce_lift_speed(),0.5,False
R_H06_C08_F02,diagnosed_LIFT_OBJECT_unanticipated__RQ2_R_H06_C08_F02,7,Suction Arm Lift — Vacuum Loss,emergency_vacuum_pump(),0.3333333333333333,False
R_H06_C08_F03,diagnosed_LIFT_OBJECT_unanticipated__RQ2_R_H06_C08_F03,1,Lift Slip — Low Friction Surface,apply_vacuum_assist(),0.7745744444444446,True
R_H06_C08_F03,diagnosed_LIFT_OBJECT_unanticipated__RQ2_R_H06_C08_F03,2,Parallel Arm Lift — Contact Loss,reposition_and_regrip(),0.6666666666666666,False
R_H06_C08_F03,diagnosed_LIFT_OBJECT_unanticipated__RQ2_R_H06_C08_F03,3,Cobot Industrial — Incremental Heavy Part Transfer,heavy_lift(),0.6507936507936508,False
R_H06_C08_F03,diagnosed_LIFT_OBJECT_unanticipated__RQ2_R_H06_C08_F03,4,Lightweight Arm Lift — Height Verification Only,extend_lift_phase(),0.5013652631578948,False
R_H06_C08_F03,diagnosed_LIFT_OBJECT_unanticipated__RQ2_R_H06_C08_F03,5,Cobot Lift Failure — Grip Pressure,increase_grip_pressure(),0.5,False
R_H06_C08_F03,diagnosed_LIFT_OBJECT_unanticipated__RQ2_R_H06_C08_F03,6,Heavy Duty Arm — Motor Overload During Lift,reduce_lift_speed(),0.5,False
R_H06_C08_F03,diagnosed_LIFT_OBJECT_unanticipated__RQ2_R_H06_C08_F03,7,Suction Arm Lift — Vacuum Loss,emergency_vacuum_pump(),0.3333333333333333,False
R_H06_C08_F04,diagnosed_LIFT_OBJECT_unanticipated__RQ2_R_H06_C08_F04,1,Lift Slip — Low Friction Surface,apply_vacuum_assist(),0.7787411111111111,True
R_H06_C08_F04,diagnosed_LIFT_OBJECT_unanticipated__RQ2_R_H06_C08_F04,2,Parallel Arm Lift — Contact Loss,reposition_and_regrip(),0.6666666666666666,False
R_H06_C08_F04,diagnosed_LIFT_OBJECT_unanticipated__RQ2_R_H06_C08_F04,3,Cobot Industrial — Incremental Heavy Part Transfer,heavy_lift(),0.6507936507936508,False
R_H06_C08_F04,diagnosed_LIFT_OBJECT_unanticipated__RQ2_R_H06_C08_F04,4,Lightweight Arm Lift — Height Verification Only,extend_lift_phase(),0.5013652631578948,False
R_H06_C08_F04,diagnosed_LIFT_OBJECT_unanticipated__RQ2_R_H06_C08_F04,5,Cobot Lift Failure — Grip Pressure,increase_grip_pressure(),0.5,False
R_H06_C08_F04,diagnosed_LIFT_OBJECT_unanticipated__RQ2_R_H06_C08_F04,6,Heavy Duty Arm — Motor Overload During Lift,reduce_lift_speed(),0.5,False
R_H06_C08_F04,diagnosed_LIFT_OBJECT_unanticipated__RQ2_R_H06_C08_F04,7,Suction Arm Lift — Vacuum Loss,emergency_vacuum_pump(),0.3333333333333333,False
R_H06_C08_F05,diagnosed_LIFT_OBJECT_unanticipated__RQ2_R_H06_C08_F05,1,Lift Slip — Low Friction Surface,apply_vacuum_assist(),0.7981855555555555,True
R_H06_C08_F05,diagnosed_LIFT_OBJECT_unanticipated__RQ2_R_H06_C08_F05,2,Parallel Arm Lift — Contact Loss,reposition_and_regrip(),0.6666666666666666,False
R_H06_C08_F05,diagnosed_LIFT_OBJECT_unanticipated__RQ2_R_H06_C08_F05,3,Cobot Industrial — Incremental Heavy Part Transfer,heavy_lift(),0.6507936507936508,False
R_H06_C08_F05,diagnosed_LIFT_OBJECT_unanticipated__RQ2_R_H06_C08_F05,4,Lightweight Arm Lift — Height Verification Only,extend_lift_phase(),0.5013652631578948,False
R_H06_C08_F05,diagnosed_LIFT_OBJECT_unanticipated__RQ2_R_H06_C08_F05,5,Cobot Lift Failure — Grip Pressure,increase_grip_pressure(),0.5,False
R_H06_C08_F05,diagnosed_LIFT_OBJECT_unanticipated__RQ2_R_H06_C08_F05,6,Heavy Duty Arm — Motor Overload During Lift,reduce_lift_speed(),0.5,False
R_H06_C08_F05,diagnosed_LIFT_OBJECT_unanticipated__RQ2_R_H06_C08_F05,7,Suction Arm Lift — Vacuum Loss,emergency_vacuum_pump(),0.3333333333333333,False
R_H06_C08_F06,diagnosed_LIFT_OBJECT_unanticipated__RQ2_R_H06_C08_F06,1,Lift Slip — Low Friction Surface,apply_vacuum_assist(),0.7759633333333333,True
R_H06_C08_F06,diagnosed_LIFT_OBJECT_unanticipated__RQ2_R_H06_C08_F06,2,Parallel Arm Lift — Contact Loss,reposition_and_regrip(),0.6666666666666666,False
R_H06_C08_F06,diagnosed_LIFT_OBJECT_unanticipated__RQ2_R_H06_C08_F06,3,Cobot Industrial — Incremental Heavy Part Transfer,heavy_lift(),0.6507936507936508,False
R_H06_C08_F06,diagnosed_LIFT_OBJECT_unanticipated__RQ2_R_H06_C08_F06,4,Lightweight Arm Lift — Height Verification Only,extend_lift_phase(),0.5013652631578948,False
R_H06_C08_F06,diagnosed_LIFT_OBJECT_unanticipated__RQ2_R_H06_C08_F06,5,Cobot Lift Failure — Grip Pressure,increase_grip_pressure(),0.5,False
R_H06_C08_F06,diagnosed_LIFT_OBJECT_unanticipated__RQ2_R_H06_C08_F06,6,Heavy Duty Arm — Motor Overload During Lift,reduce_lift_speed(),0.5,False
R_H06_C08_F06,diagnosed_LIFT_OBJECT_unanticipated__RQ2_R_H06_C08_F06,7,Suction Arm Lift — Vacuum Loss,emergency_vacuum_pump(),0.3333333333333333,False
R_H06_C08_F07,diagnosed_LIFT_OBJECT_unanticipated__RQ2_R_H06_C08_F07,1,Lift Slip — Low Friction Surface,apply_vacuum_assist(),0.7315188888888889,True
R_H06_C08_F07,diagnosed_LIFT_OBJECT_unanticipated__RQ2_R_H06_C08_F07,2,Parallel Arm Lift — Contact Loss,reposition_and_regrip(),0.6666666666666666,False
R_H06_C08_F07,diagnosed_LIFT_OBJECT_unanticipated__RQ2_R_H06_C08_F07,3,Cobot Industrial — Incremental Heavy Part Transfer,heavy_lift(),0.6507936507936508,False
R_H06_C08_F07,diagnosed_LIFT_OBJECT_unanticipated__RQ2_R_H06_C08_F07,4,Lightweight Arm Lift — Height Verification Only,extend_lift_phase(),0.5013652631578948,False
R_H06_C08_F07,diagnosed_LIFT_OBJECT_unanticipated__RQ2_R_H06_C08_F07,5,Cobot Lift Failure — Grip Pressure,increase_grip_pressure(),0.5,False
R_H06_C08_F07,diagnosed_LIFT_OBJECT_unanticipated__RQ2_R_H06_C08_F07,6,Heavy Duty Arm — Motor Overload During Lift,reduce_lift_speed(),0.5,False
R_H06_C08_F07,diagnosed_LIFT_OBJECT_unanticipated__RQ2_R_H06_C08_F07,7,Suction Arm Lift — Vacuum Loss,emergency_vacuum_pump(),0.3333333333333333,False
R_H06_C08_F08,diagnosed_LIFT_OBJECT_unanticipated__RQ2_R_H06_C08_F08,1,Lift Slip — Low Friction Surface,apply_vacuum_assist(),0.6917966666666667,True
R_H06_C08_F08,diagnosed_LIFT_OBJECT_unanticipated__RQ2_R_H06_C08_F08,2,Parallel Arm Lift — Contact Loss,reposition_and_regrip(),0.6666666666666666,False
R_H06_C08_F08,diagnosed_LIFT_OBJECT_unanticipated__RQ2_R_H06_C08_F08,3,Cobot Industrial — Incremental Heavy Part Transfer,heavy_lift(),0.6507936507936508,False
R_H06_C08_F08,diagnosed_LIFT_OBJECT_unanticipated__RQ2_R_H06_C08_F08,4,Lightweight Arm Lift — Height Verification Only,extend_lift_phase(),0.5013652631578948,False
R_H06_C08_F08,diagnosed_LIFT_OBJECT_unanticipated__RQ2_R_H06_C08_F08,5,Cobot Lift Failure — Grip Pressure,increase_grip_pressure(),0.5,False
R_H06_C08_F08,diagnosed_LIFT_OBJECT_unanticipated__RQ2_R_H06_C08_F08,6,Heavy Duty Arm — Motor Overload During Lift,reduce_lift_speed(),0.5,False
R_H06_C08_F08,diagnosed_LIFT_OBJECT_unanticipated__RQ2_R_H06_C08_F08,7,Suction Arm Lift — Vacuum Loss,emergency_vacuum_pump(),0.3333333333333333,False
R_H06_C08_F09,diagnosed_LIFT_OBJECT_unanticipated__RQ2_R_H06_C08_F09,1,Lift Slip — Low Friction Surface,apply_vacuum_assist(),0.6870744444444444,True
R_H06_C08_F09,diagnosed_LIFT_OBJECT_unanticipated__RQ2_R_H06_C08_F09,2,Parallel Arm Lift — Contact Loss,reposition_and_regrip(),0.6666666666666666,False
R_H06_C08_F09,diagnosed_LIFT_OBJECT_unanticipated__RQ2_R_H06_C08_F09,3,Cobot Industrial — Incremental Heavy Part Transfer,heavy_lift(),0.6507936507936508,False
R_H06_C08_F09,diagnosed_LIFT_OBJECT_unanticipated__RQ2_R_H06_C08_F09,4,Lightweight Arm Lift — Height Verification Only,extend_lift_phase(),0.5013652631578948,False
R_H06_C08_F09,diagnosed_LIFT_OBJECT_unanticipated__RQ2_R_H06_C08_F09,5,Cobot Lift Failure — Grip Pressure,increase_grip_pressure(),0.5,False
R_H06_C08_F09,diagnosed_LIFT_OBJECT_unanticipated__RQ2_R_H06_C08_F09,6,Heavy Duty Arm — Motor Overload During Lift,reduce_lift_speed(),0.5,False
R_H06_C08_F09,diagnosed_LIFT_OBJECT_unanticipated__RQ2_R_H06_C08_F09,7,Suction Arm Lift — Vacuum Loss,emergency_vacuum_pump(),0.3333333333333333,False
R_H06_C08_F10,diagnosed_LIFT_OBJECT_unanticipated__RQ2_R_H06_C08_F10,1,Lift Slip — Low Friction Surface,apply_vacuum_assist(),0.6870744444444444,True
R_H06_C08_F10,diagnosed_LIFT_OBJECT_unanticipated__RQ2_R_H06_C08_F10,2,Parallel Arm Lift — Contact Loss,reposition_and_regrip(),0.6666666666666666,False
R_H06_C08_F10,diagnosed_LIFT_OBJECT_unanticipated__RQ2_R_H06_C08_F10,3,Cobot Industrial — Incremental Heavy Part Transfer,heavy_lift(),0.6507936507936508,False
R_H06_C08_F10,diagnosed_LIFT_OBJECT_unanticipated__RQ2_R_H06_C08_F10,4,Lightweight Arm Lift — Height Verification Only,extend_lift_phase(),0.5013652631578948,False
R_H06_C08_F10,diagnosed_LIFT_OBJECT_unanticipated__RQ2_R_H06_C08_F10,5,Cobot Lift Failure — Grip Pressure,increase_grip_pressure(),0.5,False
R_H06_C08_F10,diagnosed_LIFT_OBJECT_unanticipated__RQ2_R_H06_C08_F10,6,Heavy Duty Arm — Motor Overload During Lift,reduce_lift_speed(),0.5,False
R_H06_C08_F10,diagnosed_LIFT_OBJECT_unanticipated__RQ2_R_H06_C08_F10,7,Suction Arm Lift — Vacuum Loss,emergency_vacuum_pump(),0.3333333333333333,False
R_H06_C09_F01,diagnosed_LIFT_OBJECT_unanticipated__RQ2_R_H06_C09_F01,1,Lift Slip — Low Friction Surface,apply_vacuum_assist(),0.7148522222222221,True
R_H06_C09_F01,diagnosed_LIFT_OBJECT_unanticipated__RQ2_R_H06_C09_F01,2,Parallel Arm Lift — Contact Loss,reposition_and_regrip(),0.6666666666666666,False
R_H06_C09_F01,diagnosed_LIFT_OBJECT_unanticipated__RQ2_R_H06_C09_F01,3,Cobot Industrial — Incremental Heavy Part Transfer,heavy_lift(),0.6507936507936508,False
R_H06_C09_F01,diagnosed_LIFT_OBJECT_unanticipated__RQ2_R_H06_C09_F01,4,Lightweight Arm Lift — Height Verification Only,extend_lift_phase(),0.5013652631578948,False
R_H06_C09_F01,diagnosed_LIFT_OBJECT_unanticipated__RQ2_R_H06_C09_F01,5,Cobot Lift Failure — Grip Pressure,increase_grip_pressure(),0.5,False
R_H06_C09_F01,diagnosed_LIFT_OBJECT_unanticipated__RQ2_R_H06_C09_F01,6,Heavy Duty Arm — Motor Overload During Lift,reduce_lift_speed(),0.5,False
R_H06_C09_F01,diagnosed_LIFT_OBJECT_unanticipated__RQ2_R_H06_C09_F01,7,Suction Arm Lift — Vacuum Loss,emergency_vacuum_pump(),0.3333333333333333,False
R_H06_C09_F02,diagnosed_LIFT_OBJECT_unanticipated__RQ2_R_H06_C09_F02,1,Lift Slip — Low Friction Surface,apply_vacuum_assist(),0.7704077777777778,True
R_H06_C09_F02,diagnosed_LIFT_OBJECT_unanticipated__RQ2_R_H06_C09_F02,2,Parallel Arm Lift — Contact Loss,reposition_and_regrip(),0.6666666666666666,False
R_H06_C09_F02,diagnosed_LIFT_OBJECT_unanticipated__RQ2_R_H06_C09_F02,3,Cobot Industrial — Incremental Heavy Part Transfer,heavy_lift(),0.6507936507936508,False
R_H06_C09_F02,diagnosed_LIFT_OBJECT_unanticipated__RQ2_R_H06_C09_F02,4,Lightweight Arm Lift — Height Verification Only,extend_lift_phase(),0.5013652631578948,False
R_H06_C09_F02,diagnosed_LIFT_OBJECT_unanticipated__RQ2_R_H06_C09_F02,5,Cobot Lift Failure — Grip Pressure,increase_grip_pressure(),0.5,False
R_H06_C09_F02,diagnosed_LIFT_OBJECT_unanticipated__RQ2_R_H06_C09_F02,6,Heavy Duty Arm — Motor Overload During Lift,reduce_lift_speed(),0.5,False
R_H06_C09_F02,diagnosed_LIFT_OBJECT_unanticipated__RQ2_R_H06_C09_F02,7,Suction Arm Lift — Vacuum Loss,emergency_vacuum_pump(),0.3333333333333333,False
R_H06_C09_F03,diagnosed_LIFT_OBJECT_unanticipated__RQ2_R_H06_C09_F03,1,Lift Slip — Low Friction Surface,apply_vacuum_assist(),0.7745744444444446,True
R_H06_C09_F03,diagnosed_LIFT_OBJECT_unanticipated__RQ2_R_H06_C09_F03,2,Parallel Arm Lift — Contact Loss,reposition_and_regrip(),0.6666666666666666,False
R_H06_C09_F03,diagnosed_LIFT_OBJECT_unanticipated__RQ2_R_H06_C09_F03,3,Cobot Industrial — Incremental Heavy Part Transfer,heavy_lift(),0.6507936507936508,False
R_H06_C09_F03,diagnosed_LIFT_OBJECT_unanticipated__RQ2_R_H06_C09_F03,4,Lightweight Arm Lift — Height Verification Only,extend_lift_phase(),0.5013652631578948,False
R_H06_C09_F03,diagnosed_LIFT_OBJECT_unanticipated__RQ2_R_H06_C09_F03,5,Cobot Lift Failure — Grip Pressure,increase_grip_pressure(),0.5,False
R_H06_C09_F03,diagnosed_LIFT_OBJECT_unanticipated__RQ2_R_H06_C09_F03,6,Heavy Duty Arm — Motor Overload During Lift,reduce_lift_speed(),0.5,False
R_H06_C09_F03,diagnosed_LIFT_OBJECT_unanticipated__RQ2_R_H06_C09_F03,7,Suction Arm Lift — Vacuum Loss,emergency_vacuum_pump(),0.3333333333333333,False
R_H06_C09_F04,diagnosed_LIFT_OBJECT_unanticipated__RQ2_R_H06_C09_F04,1,Lift Slip — Low Friction Surface,apply_vacuum_assist(),0.7787411111111111,True
R_H06_C09_F04,diagnosed_LIFT_OBJECT_unanticipated__RQ2_R_H06_C09_F04,2,Parallel Arm Lift — Contact Loss,reposition_and_regrip(),0.6666666666666666,False
R_H06_C09_F04,diagnosed_LIFT_OBJECT_unanticipated__RQ2_R_H06_C09_F04,3,Cobot Industrial — Incremental Heavy Part Transfer,heavy_lift(),0.6507936507936508,False
R_H06_C09_F04,diagnosed_LIFT_OBJECT_unanticipated__RQ2_R_H06_C09_F04,4,Lightweight Arm Lift — Height Verification Only,extend_lift_phase(),0.5013652631578948,False
R_H06_C09_F04,diagnosed_LIFT_OBJECT_unanticipated__RQ2_R_H06_C09_F04,5,Cobot Lift Failure — Grip Pressure,increase_grip_pressure(),0.5,False
R_H06_C09_F04,diagnosed_LIFT_OBJECT_unanticipated__RQ2_R_H06_C09_F04,6,Heavy Duty Arm — Motor Overload During Lift,reduce_lift_speed(),0.5,False
R_H06_C09_F04,diagnosed_LIFT_OBJECT_unanticipated__RQ2_R_H06_C09_F04,7,Suction Arm Lift — Vacuum Loss,emergency_vacuum_pump(),0.3333333333333333,False
R_H06_C09_F05,diagnosed_LIFT_OBJECT_unanticipated__RQ2_R_H06_C09_F05,1,Lift Slip — Low Friction Surface,apply_vacuum_assist(),0.7981855555555555,True
R_H06_C09_F05,diagnosed_LIFT_OBJECT_unanticipated__RQ2_R_H06_C09_F05,2,Parallel Arm Lift — Contact Loss,reposition_and_regrip(),0.6666666666666666,False
R_H06_C09_F05,diagnosed_LIFT_OBJECT_unanticipated__RQ2_R_H06_C09_F05,3,Cobot Industrial — Incremental Heavy Part Transfer,heavy_lift(),0.6507936507936508,False
R_H06_C09_F05,diagnosed_LIFT_OBJECT_unanticipated__RQ2_R_H06_C09_F05,4,Lightweight Arm Lift — Height Verification Only,extend_lift_phase(),0.5013652631578948,False
R_H06_C09_F05,diagnosed_LIFT_OBJECT_unanticipated__RQ2_R_H06_C09_F05,5,Cobot Lift Failure — Grip Pressure,increase_grip_pressure(),0.5,False
R_H06_C09_F05,diagnosed_LIFT_OBJECT_unanticipated__RQ2_R_H06_C09_F05,6,Heavy Duty Arm — Motor Overload During Lift,reduce_lift_speed(),0.5,False
R_H06_C09_F05,diagnosed_LIFT_OBJECT_unanticipated__RQ2_R_H06_C09_F05,7,Suction Arm Lift — Vacuum Loss,emergency_vacuum_pump(),0.3333333333333333,False
R_H06_C09_F06,diagnosed_LIFT_OBJECT_unanticipated__RQ2_R_H06_C09_F06,1,Lift Slip — Low Friction Surface,apply_vacuum_assist(),0.7759633333333333,True
R_H06_C09_F06,diagnosed_LIFT_OBJECT_unanticipated__RQ2_R_H06_C09_F06,2,Parallel Arm Lift — Contact Loss,reposition_and_regrip(),0.6666666666666666,False
R_H06_C09_F06,diagnosed_LIFT_OBJECT_unanticipated__RQ2_R_H06_C09_F06,3,Cobot Industrial — Incremental Heavy Part Transfer,heavy_lift(),0.6507936507936508,False
R_H06_C09_F06,diagnosed_LIFT_OBJECT_unanticipated__RQ2_R_H06_C09_F06,4,Lightweight Arm Lift — Height Verification Only,extend_lift_phase(),0.5013652631578948,False
R_H06_C09_F06,diagnosed_LIFT_OBJECT_unanticipated__RQ2_R_H06_C09_F06,5,Cobot Lift Failure — Grip Pressure,increase_grip_pressure(),0.5,False
R_H06_C09_F06,diagnosed_LIFT_OBJECT_unanticipated__RQ2_R_H06_C09_F06,6,Heavy Duty Arm — Motor Overload During Lift,reduce_lift_speed(),0.5,False
R_H06_C09_F06,diagnosed_LIFT_OBJECT_unanticipated__RQ2_R_H06_C09_F06,7,Suction Arm Lift — Vacuum Loss,emergency_vacuum_pump(),0.3333333333333333,False
R_H06_C09_F07,diagnosed_LIFT_OBJECT_unanticipated__RQ2_R_H06_C09_F07,1,Lift Slip — Low Friction Surface,apply_vacuum_assist(),0.7315188888888889,True
R_H06_C09_F07,diagnosed_LIFT_OBJECT_unanticipated__RQ2_R_H06_C09_F07,2,Parallel Arm Lift — Contact Loss,reposition_and_regrip(),0.6666666666666666,False
R_H06_C09_F07,diagnosed_LIFT_OBJECT_unanticipated__RQ2_R_H06_C09_F07,3,Cobot Industrial — Incremental Heavy Part Transfer,heavy_lift(),0.6507936507936508,False
R_H06_C09_F07,diagnosed_LIFT_OBJECT_unanticipated__RQ2_R_H06_C09_F07,4,Lightweight Arm Lift — Height Verification Only,extend_lift_phase(),0.5013652631578948,False
R_H06_C09_F07,diagnosed_LIFT_OBJECT_unanticipated__RQ2_R_H06_C09_F07,5,Cobot Lift Failure — Grip Pressure,increase_grip_pressure(),0.5,False
R_H06_C09_F07,diagnosed_LIFT_OBJECT_unanticipated__RQ2_R_H06_C09_F07,6,Heavy Duty Arm — Motor Overload During Lift,reduce_lift_speed(),0.5,False
R_H06_C09_F07,diagnosed_LIFT_OBJECT_unanticipated__RQ2_R_H06_C09_F07,7,Suction Arm Lift — Vacuum Loss,emergency_vacuum_pump(),0.3333333333333333,False
R_H06_C09_F08,diagnosed_LIFT_OBJECT_unanticipated__RQ2_R_H06_C09_F08,1,Lift Slip — Low Friction Surface,apply_vacuum_assist(),0.6917966666666667,True
R_H06_C09_F08,diagnosed_LIFT_OBJECT_unanticipated__RQ2_R_H06_C09_F08,2,Parallel Arm Lift — Contact Loss,reposition_and_regrip(),0.6666666666666666,False
R_H06_C09_F08,diagnosed_LIFT_OBJECT_unanticipated__RQ2_R_H06_C09_F08,3,Cobot Industrial — Incremental Heavy Part Transfer,heavy_lift(),0.6507936507936508,False
R_H06_C09_F08,diagnosed_LIFT_OBJECT_unanticipated__RQ2_R_H06_C09_F08,4,Lightweight Arm Lift — Height Verification Only,extend_lift_phase(),0.5013652631578948,False
R_H06_C09_F08,diagnosed_LIFT_OBJECT_unanticipated__RQ2_R_H06_C09_F08,5,Cobot Lift Failure — Grip Pressure,increase_grip_pressure(),0.5,False
R_H06_C09_F08,diagnosed_LIFT_OBJECT_unanticipated__RQ2_R_H06_C09_F08,6,Heavy Duty Arm — Motor Overload During Lift,reduce_lift_speed(),0.5,False
R_H06_C09_F08,diagnosed_LIFT_OBJECT_unanticipated__RQ2_R_H06_C09_F08,7,Suction Arm Lift — Vacuum Loss,emergency_vacuum_pump(),0.3333333333333333,False
R_H06_C09_F09,diagnosed_LIFT_OBJECT_unanticipated__RQ2_R_H06_C09_F09,1,Lift Slip — Low Friction Surface,apply_vacuum_assist(),0.6870744444444444,True
R_H06_C09_F09,diagnosed_LIFT_OBJECT_unanticipated__RQ2_R_H06_C09_F09,2,Parallel Arm Lift — Contact Loss,reposition_and_regrip(),0.6666666666666666,False
R_H06_C09_F09,diagnosed_LIFT_OBJECT_unanticipated__RQ2_R_H06_C09_F09,3,Cobot Industrial — Incremental Heavy Part Transfer,heavy_lift(),0.6507936507936508,False
R_H06_C09_F09,diagnosed_LIFT_OBJECT_unanticipated__RQ2_R_H06_C09_F09,4,Lightweight Arm Lift — Height Verification Only,extend_lift_phase(),0.5013652631578948,False
R_H06_C09_F09,diagnosed_LIFT_OBJECT_unanticipated__RQ2_R_H06_C09_F09,5,Cobot Lift Failure — Grip Pressure,increase_grip_pressure(),0.5,False
R_H06_C09_F09,diagnosed_LIFT_OBJECT_unanticipated__RQ2_R_H06_C09_F09,6,Heavy Duty Arm — Motor Overload During Lift,reduce_lift_speed(),0.5,False
R_H06_C09_F09,diagnosed_LIFT_OBJECT_unanticipated__RQ2_R_H06_C09_F09,7,Suction Arm Lift — Vacuum Loss,emergency_vacuum_pump(),0.3333333333333333,False
R_H06_C09_F10,diagnosed_LIFT_OBJECT_unanticipated__RQ2_R_H06_C09_F10,1,Lift Slip — Low Friction Surface,apply_vacuum_assist(),0.6870744444444444,True
R_H06_C09_F10,diagnosed_LIFT_OBJECT_unanticipated__RQ2_R_H06_C09_F10,2,Parallel Arm Lift — Contact Loss,reposition_and_regrip(),0.6666666666666666,False
R_H06_C09_F10,diagnosed_LIFT_OBJECT_unanticipated__RQ2_R_H06_C09_F10,3,Cobot Industrial — Incremental Heavy Part Transfer,heavy_lift(),0.6507936507936508,False
R_H06_C09_F10,diagnosed_LIFT_OBJECT_unanticipated__RQ2_R_H06_C09_F10,4,Lightweight Arm Lift — Height Verification Only,extend_lift_phase(),0.5013652631578948,False
R_H06_C09_F10,diagnosed_LIFT_OBJECT_unanticipated__RQ2_R_H06_C09_F10,5,Cobot Lift Failure — Grip Pressure,increase_grip_pressure(),0.5,False
R_H06_C09_F10,diagnosed_LIFT_OBJECT_unanticipated__RQ2_R_H06_C09_F10,6,Heavy Duty Arm — Motor Overload During Lift,reduce_lift_speed(),0.5,False
R_H06_C09_F10,diagnosed_LIFT_OBJECT_unanticipated__RQ2_R_H06_C09_F10,7,Suction Arm Lift — Vacuum Loss,emergency_vacuum_pump(),0.3333333333333333,False
R_H06_C10_F01,diagnosed_LIFT_OBJECT_unanticipated__RQ2_R_H06_C10_F01,1,Lift Slip — Low Friction Surface,apply_vacuum_assist(),0.7148522222222221,True
R_H06_C10_F01,diagnosed_LIFT_OBJECT_unanticipated__RQ2_R_H06_C10_F01,2,Parallel Arm Lift — Contact Loss,reposition_and_regrip(),0.6666666666666666,False
R_H06_C10_F01,diagnosed_LIFT_OBJECT_unanticipated__RQ2_R_H06_C10_F01,3,Cobot Industrial — Incremental Heavy Part Transfer,heavy_lift(),0.6507936507936508,False
R_H06_C10_F01,diagnosed_LIFT_OBJECT_unanticipated__RQ2_R_H06_C10_F01,4,Lightweight Arm Lift — Height Verification Only,extend_lift_phase(),0.5013652631578948,False
R_H06_C10_F01,diagnosed_LIFT_OBJECT_unanticipated__RQ2_R_H06_C10_F01,5,Cobot Lift Failure — Grip Pressure,increase_grip_pressure(),0.5,False
R_H06_C10_F01,diagnosed_LIFT_OBJECT_unanticipated__RQ2_R_H06_C10_F01,6,Heavy Duty Arm — Motor Overload During Lift,reduce_lift_speed(),0.5,False
R_H06_C10_F01,diagnosed_LIFT_OBJECT_unanticipated__RQ2_R_H06_C10_F01,7,Suction Arm Lift — Vacuum Loss,emergency_vacuum_pump(),0.3333333333333333,False
R_H06_C10_F02,diagnosed_LIFT_OBJECT_unanticipated__RQ2_R_H06_C10_F02,1,Lift Slip — Low Friction Surface,apply_vacuum_assist(),0.7704077777777778,True
R_H06_C10_F02,diagnosed_LIFT_OBJECT_unanticipated__RQ2_R_H06_C10_F02,2,Parallel Arm Lift — Contact Loss,reposition_and_regrip(),0.6666666666666666,False
R_H06_C10_F02,diagnosed_LIFT_OBJECT_unanticipated__RQ2_R_H06_C10_F02,3,Cobot Industrial — Incremental Heavy Part Transfer,heavy_lift(),0.6507936507936508,False
R_H06_C10_F02,diagnosed_LIFT_OBJECT_unanticipated__RQ2_R_H06_C10_F02,4,Lightweight Arm Lift — Height Verification Only,extend_lift_phase(),0.5013652631578948,False
R_H06_C10_F02,diagnosed_LIFT_OBJECT_unanticipated__RQ2_R_H06_C10_F02,5,Cobot Lift Failure — Grip Pressure,increase_grip_pressure(),0.5,False
R_H06_C10_F02,diagnosed_LIFT_OBJECT_unanticipated__RQ2_R_H06_C10_F02,6,Heavy Duty Arm — Motor Overload During Lift,reduce_lift_speed(),0.5,False
R_H06_C10_F02,diagnosed_LIFT_OBJECT_unanticipated__RQ2_R_H06_C10_F02,7,Suction Arm Lift — Vacuum Loss,emergency_vacuum_pump(),0.3333333333333333,False
R_H06_C10_F03,diagnosed_LIFT_OBJECT_unanticipated__RQ2_R_H06_C10_F03,1,Lift Slip — Low Friction Surface,apply_vacuum_assist(),0.7745744444444446,True
R_H06_C10_F03,diagnosed_LIFT_OBJECT_unanticipated__RQ2_R_H06_C10_F03,2,Parallel Arm Lift — Contact Loss,reposition_and_regrip(),0.6666666666666666,False
R_H06_C10_F03,diagnosed_LIFT_OBJECT_unanticipated__RQ2_R_H06_C10_F03,3,Cobot Industrial — Incremental Heavy Part Transfer,heavy_lift(),0.6507936507936508,False
R_H06_C10_F03,diagnosed_LIFT_OBJECT_unanticipated__RQ2_R_H06_C10_F03,4,Lightweight Arm Lift — Height Verification Only,extend_lift_phase(),0.5013652631578948,False
R_H06_C10_F03,diagnosed_LIFT_OBJECT_unanticipated__RQ2_R_H06_C10_F03,5,Cobot Lift Failure — Grip Pressure,increase_grip_pressure(),0.5,False
R_H06_C10_F03,diagnosed_LIFT_OBJECT_unanticipated__RQ2_R_H06_C10_F03,6,Heavy Duty Arm — Motor Overload During Lift,reduce_lift_speed(),0.5,False
R_H06_C10_F03,diagnosed_LIFT_OBJECT_unanticipated__RQ2_R_H06_C10_F03,7,Suction Arm Lift — Vacuum Loss,emergency_vacuum_pump(),0.3333333333333333,False
R_H06_C10_F04,diagnosed_LIFT_OBJECT_unanticipated__RQ2_R_H06_C10_F04,1,Lift Slip — Low Friction Surface,apply_vacuum_assist(),0.7787411111111111,True
R_H06_C10_F04,diagnosed_LIFT_OBJECT_unanticipated__RQ2_R_H06_C10_F04,2,Parallel Arm Lift — Contact Loss,reposition_and_regrip(),0.6666666666666666,False
R_H06_C10_F04,diagnosed_LIFT_OBJECT_unanticipated__RQ2_R_H06_C10_F04,3,Cobot Industrial — Incremental Heavy Part Transfer,heavy_lift(),0.6507936507936508,False
R_H06_C10_F04,diagnosed_LIFT_OBJECT_unanticipated__RQ2_R_H06_C10_F04,4,Lightweight Arm Lift — Height Verification Only,extend_lift_phase(),0.5013652631578948,False
R_H06_C10_F04,diagnosed_LIFT_OBJECT_unanticipated__RQ2_R_H06_C10_F04,5,Cobot Lift Failure — Grip Pressure,increase_grip_pressure(),0.5,False
R_H06_C10_F04,diagnosed_LIFT_OBJECT_unanticipated__RQ2_R_H06_C10_F04,6,Heavy Duty Arm — Motor Overload During Lift,reduce_lift_speed(),0.5,False
R_H06_C10_F04,diagnosed_LIFT_OBJECT_unanticipated__RQ2_R_H06_C10_F04,7,Suction Arm Lift — Vacuum Loss,emergency_vacuum_pump(),0.3333333333333333,False
R_H06_C10_F05,diagnosed_LIFT_OBJECT_unanticipated__RQ2_R_H06_C10_F05,1,Lift Slip — Low Friction Surface,apply_vacuum_assist(),0.7981855555555555,True
R_H06_C10_F05,diagnosed_LIFT_OBJECT_unanticipated__RQ2_R_H06_C10_F05,2,Parallel Arm Lift — Contact Loss,reposition_and_regrip(),0.6666666666666666,False
R_H06_C10_F05,diagnosed_LIFT_OBJECT_unanticipated__RQ2_R_H06_C10_F05,3,Cobot Industrial — Incremental Heavy Part Transfer,heavy_lift(),0.6507936507936508,False
R_H06_C10_F05,diagnosed_LIFT_OBJECT_unanticipated__RQ2_R_H06_C10_F05,4,Lightweight Arm Lift — Height Verification Only,extend_lift_phase(),0.5013652631578948,False
R_H06_C10_F05,diagnosed_LIFT_OBJECT_unanticipated__RQ2_R_H06_C10_F05,5,Cobot Lift Failure — Grip Pressure,increase_grip_pressure(),0.5,False
R_H06_C10_F05,diagnosed_LIFT_OBJECT_unanticipated__RQ2_R_H06_C10_F05,6,Heavy Duty Arm — Motor Overload During Lift,reduce_lift_speed(),0.5,False
R_H06_C10_F05,diagnosed_LIFT_OBJECT_unanticipated__RQ2_R_H06_C10_F05,7,Suction Arm Lift — Vacuum Loss,emergency_vacuum_pump(),0.3333333333333333,False
R_H06_C10_F06,diagnosed_LIFT_OBJECT_unanticipated__RQ2_R_H06_C10_F06,1,Lift Slip — Low Friction Surface,apply_vacuum_assist(),0.7759633333333333,True
R_H06_C10_F06,diagnosed_LIFT_OBJECT_unanticipated__RQ2_R_H06_C10_F06,2,Parallel Arm Lift — Contact Loss,reposition_and_regrip(),0.6666666666666666,False
R_H06_C10_F06,diagnosed_LIFT_OBJECT_unanticipated__RQ2_R_H06_C10_F06,3,Cobot Industrial — Incremental Heavy Part Transfer,heavy_lift(),0.6507936507936508,False
R_H06_C10_F06,diagnosed_LIFT_OBJECT_unanticipated__RQ2_R_H06_C10_F06,4,Lightweight Arm Lift — Height Verification Only,extend_lift_phase(),0.5013652631578948,False
R_H06_C10_F06,diagnosed_LIFT_OBJECT_unanticipated__RQ2_R_H06_C10_F06,5,Cobot Lift Failure — Grip Pressure,increase_grip_pressure(),0.5,False
R_H06_C10_F06,diagnosed_LIFT_OBJECT_unanticipated__RQ2_R_H06_C10_F06,6,Heavy Duty Arm — Motor Overload During Lift,reduce_lift_speed(),0.5,False
R_H06_C10_F06,diagnosed_LIFT_OBJECT_unanticipated__RQ2_R_H06_C10_F06,7,Suction Arm Lift — Vacuum Loss,emergency_vacuum_pump(),0.3333333333333333,False
R_H06_C10_F07,diagnosed_LIFT_OBJECT_unanticipated__RQ2_R_H06_C10_F07,1,Lift Slip — Low Friction Surface,apply_vacuum_assist(),0.7315188888888889,True
R_H06_C10_F07,diagnosed_LIFT_OBJECT_unanticipated__RQ2_R_H06_C10_F07,2,Parallel Arm Lift — Contact Loss,reposition_and_regrip(),0.6666666666666666,False
R_H06_C10_F07,diagnosed_LIFT_OBJECT_unanticipated__RQ2_R_H06_C10_F07,3,Cobot Industrial — Incremental Heavy Part Transfer,heavy_lift(),0.6507936507936508,False
R_H06_C10_F07,diagnosed_LIFT_OBJECT_unanticipated__RQ2_R_H06_C10_F07,4,Lightweight Arm Lift — Height Verification Only,extend_lift_phase(),0.5013652631578948,False
R_H06_C10_F07,diagnosed_LIFT_OBJECT_unanticipated__RQ2_R_H06_C10_F07,5,Cobot Lift Failure — Grip Pressure,increase_grip_pressure(),0.5,False
R_H06_C10_F07,diagnosed_LIFT_OBJECT_unanticipated__RQ2_R_H06_C10_F07,6,Heavy Duty Arm — Motor Overload During Lift,reduce_lift_speed(),0.5,False
R_H06_C10_F07,diagnosed_LIFT_OBJECT_unanticipated__RQ2_R_H06_C10_F07,7,Suction Arm Lift — Vacuum Loss,emergency_vacuum_pump(),0.3333333333333333,False
R_H06_C10_F08,diagnosed_LIFT_OBJECT_unanticipated__RQ2_R_H06_C10_F08,1,Lift Slip — Low Friction Surface,apply_vacuum_assist(),0.6917966666666667,True
R_H06_C10_F08,diagnosed_LIFT_OBJECT_unanticipated__RQ2_R_H06_C10_F08,2,Parallel Arm Lift — Contact Loss,reposition_and_regrip(),0.6666666666666666,False
R_H06_C10_F08,diagnosed_LIFT_OBJECT_unanticipated__RQ2_R_H06_C10_F08,3,Cobot Industrial — Incremental Heavy Part Transfer,heavy_lift(),0.6507936507936508,False
R_H06_C10_F08,diagnosed_LIFT_OBJECT_unanticipated__RQ2_R_H06_C10_F08,4,Lightweight Arm Lift — Height Verification Only,extend_lift_phase(),0.5013652631578948,False
R_H06_C10_F08,diagnosed_LIFT_OBJECT_unanticipated__RQ2_R_H06_C10_F08,5,Cobot Lift Failure — Grip Pressure,increase_grip_pressure(),0.5,False
R_H06_C10_F08,diagnosed_LIFT_OBJECT_unanticipated__RQ2_R_H06_C10_F08,6,Heavy Duty Arm — Motor Overload During Lift,reduce_lift_speed(),0.5,False
R_H06_C10_F08,diagnosed_LIFT_OBJECT_unanticipated__RQ2_R_H06_C10_F08,7,Suction Arm Lift — Vacuum Loss,emergency_vacuum_pump(),0.3333333333333333,False
R_H06_C10_F09,diagnosed_LIFT_OBJECT_unanticipated__RQ2_R_H06_C10_F09,1,Lift Slip — Low Friction Surface,apply_vacuum_assist(),0.6870744444444444,True
R_H06_C10_F09,diagnosed_LIFT_OBJECT_unanticipated__RQ2_R_H06_C10_F09,2,Parallel Arm Lift — Contact Loss,reposition_and_regrip(),0.6666666666666666,False
R_H06_C10_F09,diagnosed_LIFT_OBJECT_unanticipated__RQ2_R_H06_C10_F09,3,Cobot Industrial — Incremental Heavy Part Transfer,heavy_lift(),0.6507936507936508,False
R_H06_C10_F09,diagnosed_LIFT_OBJECT_unanticipated__RQ2_R_H06_C10_F09,4,Lightweight Arm Lift — Height Verification Only,extend_lift_phase(),0.5013652631578948,False
R_H06_C10_F09,diagnosed_LIFT_OBJECT_unanticipated__RQ2_R_H06_C10_F09,5,Cobot Lift Failure — Grip Pressure,increase_grip_pressure(),0.5,False
R_H06_C10_F09,diagnosed_LIFT_OBJECT_unanticipated__RQ2_R_H06_C10_F09,6,Heavy Duty Arm — Motor Overload During Lift,reduce_lift_speed(),0.5,False
R_H06_C10_F09,diagnosed_LIFT_OBJECT_unanticipated__RQ2_R_H06_C10_F09,7,Suction Arm Lift — Vacuum Loss,emergency_vacuum_pump(),0.3333333333333333,False
R_H06_C10_F10,diagnosed_LIFT_OBJECT_unanticipated__RQ2_R_H06_C10_F10,1,Lift Slip — Low Friction Surface,apply_vacuum_assist(),0.6870744444444444,True
R_H06_C10_F10,diagnosed_LIFT_OBJECT_unanticipated__RQ2_R_H06_C10_F10,2,Parallel Arm Lift — Contact Loss,reposition_and_regrip(),0.6666666666666666,False
R_H06_C10_F10,diagnosed_LIFT_OBJECT_unanticipated__RQ2_R_H06_C10_F10,3,Cobot Industrial — Incremental Heavy Part Transfer,heavy_lift(),0.6507936507936508,False
R_H06_C10_F10,diagnosed_LIFT_OBJECT_unanticipated__RQ2_R_H06_C10_F10,4,Lightweight Arm Lift — Height Verification Only,extend_lift_phase(),0.5013652631578948,False
R_H06_C10_F10,diagnosed_LIFT_OBJECT_unanticipated__RQ2_R_H06_C10_F10,5,Cobot Lift Failure — Grip Pressure,increase_grip_pressure(),0.5,False
R_H06_C10_F10,diagnosed_LIFT_OBJECT_unanticipated__RQ2_R_H06_C10_F10,6,Heavy Duty Arm — Motor Overload During Lift,reduce_lift_speed(),0.5,False
R_H06_C10_F10,diagnosed_LIFT_OBJECT_unanticipated__RQ2_R_H06_C10_F10,7,Suction Arm Lift — Vacuum Loss,emergency_vacuum_pump(),0.3333333333333333,False
R_H07_C01_F01,diagnosed_LIFT_OBJECT_unanticipated__RQ2_R_H07_C01_F01,1,Lift Slip — Low Friction Surface,apply_vacuum_assist(),0.6944444444444443,True
R_H07_C01_F01,diagnosed_LIFT_OBJECT_unanticipated__RQ2_R_H07_C01_F01,2,Parallel Arm Lift — Contact Loss,reposition_and_regrip(),0.6666666666666666,False
R_H07_C01_F01,diagnosed_LIFT_OBJECT_unanticipated__RQ2_R_H07_C01_F01,3,Cobot Industrial — Incremental Heavy Part Transfer,heavy_lift(),0.6507936507936508,False
R_H07_C01_F01,diagnosed_LIFT_OBJECT_unanticipated__RQ2_R_H07_C01_F01,4,Lightweight Arm Lift — Height Verification Only,extend_lift_phase(),0.5013652631578948,False
R_H07_C01_F01,diagnosed_LIFT_OBJECT_unanticipated__RQ2_R_H07_C01_F01,5,Cobot Lift Failure — Grip Pressure,increase_grip_pressure(),0.5,False
R_H07_C01_F01,diagnosed_LIFT_OBJECT_unanticipated__RQ2_R_H07_C01_F01,6,Heavy Duty Arm — Motor Overload During Lift,reduce_lift_speed(),0.5,False
R_H07_C01_F01,diagnosed_LIFT_OBJECT_unanticipated__RQ2_R_H07_C01_F01,7,Suction Arm Lift — Vacuum Loss,emergency_vacuum_pump(),0.3333333333333333,False
R_H07_C01_F02,diagnosed_LIFT_OBJECT_unanticipated__RQ2_R_H07_C01_F02,1,Lift Slip — Low Friction Surface,apply_vacuum_assist(),0.75,True
R_H07_C01_F02,diagnosed_LIFT_OBJECT_unanticipated__RQ2_R_H07_C01_F02,2,Parallel Arm Lift — Contact Loss,reposition_and_regrip(),0.6666666666666666,False
R_H07_C01_F02,diagnosed_LIFT_OBJECT_unanticipated__RQ2_R_H07_C01_F02,3,Cobot Industrial — Incremental Heavy Part Transfer,heavy_lift(),0.6507936507936508,False
R_H07_C01_F02,diagnosed_LIFT_OBJECT_unanticipated__RQ2_R_H07_C01_F02,4,Lightweight Arm Lift — Height Verification Only,extend_lift_phase(),0.5013652631578948,False
R_H07_C01_F02,diagnosed_LIFT_OBJECT_unanticipated__RQ2_R_H07_C01_F02,5,Cobot Lift Failure — Grip Pressure,increase_grip_pressure(),0.5,False
R_H07_C01_F02,diagnosed_LIFT_OBJECT_unanticipated__RQ2_R_H07_C01_F02,6,Heavy Duty Arm — Motor Overload During Lift,reduce_lift_speed(),0.5,False
R_H07_C01_F02,diagnosed_LIFT_OBJECT_unanticipated__RQ2_R_H07_C01_F02,7,Suction Arm Lift — Vacuum Loss,emergency_vacuum_pump(),0.3333333333333333,False
R_H07_C01_F03,diagnosed_LIFT_OBJECT_unanticipated__RQ2_R_H07_C01_F03,1,Lift Slip — Low Friction Surface,apply_vacuum_assist(),0.7541666666666668,True
R_H07_C01_F03,diagnosed_LIFT_OBJECT_unanticipated__RQ2_R_H07_C01_F03,2,Parallel Arm Lift — Contact Loss,reposition_and_regrip(),0.6666666666666666,False
R_H07_C01_F03,diagnosed_LIFT_OBJECT_unanticipated__RQ2_R_H07_C01_F03,3,Cobot Industrial — Incremental Heavy Part Transfer,heavy_lift(),0.6507936507936508,False
R_H07_C01_F03,diagnosed_LIFT_OBJECT_unanticipated__RQ2_R_H07_C01_F03,4,Lightweight Arm Lift — Height Verification Only,extend_lift_phase(),0.5013652631578948,False
R_H07_C01_F03,diagnosed_LIFT_OBJECT_unanticipated__RQ2_R_H07_C01_F03,5,Cobot Lift Failure — Grip Pressure,increase_grip_pressure(),0.5,False
R_H07_C01_F03,diagnosed_LIFT_OBJECT_unanticipated__RQ2_R_H07_C01_F03,6,Heavy Duty Arm — Motor Overload During Lift,reduce_lift_speed(),0.5,False
R_H07_C01_F03,diagnosed_LIFT_OBJECT_unanticipated__RQ2_R_H07_C01_F03,7,Suction Arm Lift — Vacuum Loss,emergency_vacuum_pump(),0.3333333333333333,False
R_H07_C01_F04,diagnosed_LIFT_OBJECT_unanticipated__RQ2_R_H07_C01_F04,1,Lift Slip — Low Friction Surface,apply_vacuum_assist(),0.7583333333333333,True
R_H07_C01_F04,diagnosed_LIFT_OBJECT_unanticipated__RQ2_R_H07_C01_F04,2,Parallel Arm Lift — Contact Loss,reposition_and_regrip(),0.6666666666666666,False
R_H07_C01_F04,diagnosed_LIFT_OBJECT_unanticipated__RQ2_R_H07_C01_F04,3,Cobot Industrial — Incremental Heavy Part Transfer,heavy_lift(),0.6507936507936508,False
R_H07_C01_F04,diagnosed_LIFT_OBJECT_unanticipated__RQ2_R_H07_C01_F04,4,Lightweight Arm Lift — Height Verification Only,extend_lift_phase(),0.5013652631578948,False
R_H07_C01_F04,diagnosed_LIFT_OBJECT_unanticipated__RQ2_R_H07_C01_F04,5,Cobot Lift Failure — Grip Pressure,increase_grip_pressure(),0.5,False
R_H07_C01_F04,diagnosed_LIFT_OBJECT_unanticipated__RQ2_R_H07_C01_F04,6,Heavy Duty Arm — Motor Overload During Lift,reduce_lift_speed(),0.5,False
R_H07_C01_F04,diagnosed_LIFT_OBJECT_unanticipated__RQ2_R_H07_C01_F04,7,Suction Arm Lift — Vacuum Loss,emergency_vacuum_pump(),0.3333333333333333,False
R_H07_C01_F05,diagnosed_LIFT_OBJECT_unanticipated__RQ2_R_H07_C01_F05,1,Lift Slip — Low Friction Surface,apply_vacuum_assist(),0.7777777777777777,True
R_H07_C01_F05,diagnosed_LIFT_OBJECT_unanticipated__RQ2_R_H07_C01_F05,2,Parallel Arm Lift — Contact Loss,reposition_and_regrip(),0.6666666666666666,False
R_H07_C01_F05,diagnosed_LIFT_OBJECT_unanticipated__RQ2_R_H07_C01_F05,3,Cobot Industrial — Incremental Heavy Part Transfer,heavy_lift(),0.6507936507936508,False
R_H07_C01_F05,diagnosed_LIFT_OBJECT_unanticipated__RQ2_R_H07_C01_F05,4,Lightweight Arm Lift — Height Verification Only,extend_lift_phase(),0.5013652631578948,False
R_H07_C01_F05,diagnosed_LIFT_OBJECT_unanticipated__RQ2_R_H07_C01_F05,5,Cobot Lift Failure — Grip Pressure,increase_grip_pressure(),0.5,False
R_H07_C01_F05,diagnosed_LIFT_OBJECT_unanticipated__RQ2_R_H07_C01_F05,6,Heavy Duty Arm — Motor Overload During Lift,reduce_lift_speed(),0.5,False
R_H07_C01_F05,diagnosed_LIFT_OBJECT_unanticipated__RQ2_R_H07_C01_F05,7,Suction Arm Lift — Vacuum Loss,emergency_vacuum_pump(),0.3333333333333333,False
R_H07_C01_F06,diagnosed_LIFT_OBJECT_unanticipated__RQ2_R_H07_C01_F06,1,Lift Slip — Low Friction Surface,apply_vacuum_assist(),0.7555555555555555,True
R_H07_C01_F06,diagnosed_LIFT_OBJECT_unanticipated__RQ2_R_H07_C01_F06,2,Parallel Arm Lift — Contact Loss,reposition_and_regrip(),0.6666666666666666,False
R_H07_C01_F06,diagnosed_LIFT_OBJECT_unanticipated__RQ2_R_H07_C01_F06,3,Cobot Industrial — Incremental Heavy Part Transfer,heavy_lift(),0.6507936507936508,False
R_H07_C01_F06,diagnosed_LIFT_OBJECT_unanticipated__RQ2_R_H07_C01_F06,4,Lightweight Arm Lift — Height Verification Only,extend_lift_phase(),0.5013652631578948,False
R_H07_C01_F06,diagnosed_LIFT_OBJECT_unanticipated__RQ2_R_H07_C01_F06,5,Cobot Lift Failure — Grip Pressure,increase_grip_pressure(),0.5,False
R_H07_C01_F06,diagnosed_LIFT_OBJECT_unanticipated__RQ2_R_H07_C01_F06,6,Heavy Duty Arm — Motor Overload During Lift,reduce_lift_speed(),0.5,False
R_H07_C01_F06,diagnosed_LIFT_OBJECT_unanticipated__RQ2_R_H07_C01_F06,7,Suction Arm Lift — Vacuum Loss,emergency_vacuum_pump(),0.3333333333333333,False
R_H07_C01_F07,diagnosed_LIFT_OBJECT_unanticipated__RQ2_R_H07_C01_F07,1,Lift Slip — Low Friction Surface,apply_vacuum_assist(),0.7111111111111111,True
R_H07_C01_F07,diagnosed_LIFT_OBJECT_unanticipated__RQ2_R_H07_C01_F07,2,Parallel Arm Lift — Contact Loss,reposition_and_regrip(),0.6666666666666666,False
R_H07_C01_F07,diagnosed_LIFT_OBJECT_unanticipated__RQ2_R_H07_C01_F07,3,Cobot Industrial — Incremental Heavy Part Transfer,heavy_lift(),0.6507936507936508,False
R_H07_C01_F07,diagnosed_LIFT_OBJECT_unanticipated__RQ2_R_H07_C01_F07,4,Lightweight Arm Lift — Height Verification Only,extend_lift_phase(),0.5013652631578948,False
R_H07_C01_F07,diagnosed_LIFT_OBJECT_unanticipated__RQ2_R_H07_C01_F07,5,Cobot Lift Failure — Grip Pressure,increase_grip_pressure(),0.5,False
R_H07_C01_F07,diagnosed_LIFT_OBJECT_unanticipated__RQ2_R_H07_C01_F07,6,Heavy Duty Arm — Motor Overload During Lift,reduce_lift_speed(),0.5,False
R_H07_C01_F07,diagnosed_LIFT_OBJECT_unanticipated__RQ2_R_H07_C01_F07,7,Suction Arm Lift — Vacuum Loss,emergency_vacuum_pump(),0.3333333333333333,False
R_H07_C01_F08,diagnosed_LIFT_OBJECT_unanticipated__RQ2_R_H07_C01_F08,1,Lift Slip — Low Friction Surface,apply_vacuum_assist(),0.6713888888888889,True
R_H07_C01_F08,diagnosed_LIFT_OBJECT_unanticipated__RQ2_R_H07_C01_F08,2,Parallel Arm Lift — Contact Loss,reposition_and_regrip(),0.6666666666666666,False
R_H07_C01_F08,diagnosed_LIFT_OBJECT_unanticipated__RQ2_R_H07_C01_F08,3,Cobot Industrial — Incremental Heavy Part Transfer,heavy_lift(),0.6507936507936508,False
R_H07_C01_F08,diagnosed_LIFT_OBJECT_unanticipated__RQ2_R_H07_C01_F08,4,Lightweight Arm Lift — Height Verification Only,extend_lift_phase(),0.5013652631578948,False
R_H07_C01_F08,diagnosed_LIFT_OBJECT_unanticipated__RQ2_R_H07_C01_F08,5,Cobot Lift Failure — Grip Pressure,increase_grip_pressure(),0.5,False
R_H07_C01_F08,diagnosed_LIFT_OBJECT_unanticipated__RQ2_R_H07_C01_F08,6,Heavy Duty Arm — Motor Overload During Lift,reduce_lift_speed(),0.5,False
R_H07_C01_F08,diagnosed_LIFT_OBJECT_unanticipated__RQ2_R_H07_C01_F08,7,Suction Arm Lift — Vacuum Loss,emergency_vacuum_pump(),0.3333333333333333,False
R_H07_C01_F09,diagnosed_LIFT_OBJECT_unanticipated__RQ2_R_H07_C01_F09,1,Lift Slip — Low Friction Surface,apply_vacuum_assist(),0.6666666666666666,True
R_H07_C01_F09,diagnosed_LIFT_OBJECT_unanticipated__RQ2_R_H07_C01_F09,2,Parallel Arm Lift — Contact Loss,reposition_and_regrip(),0.6666666666666666,False
R_H07_C01_F09,diagnosed_LIFT_OBJECT_unanticipated__RQ2_R_H07_C01_F09,3,Cobot Industrial — Incremental Heavy Part Transfer,heavy_lift(),0.6507936507936508,False
R_H07_C01_F09,diagnosed_LIFT_OBJECT_unanticipated__RQ2_R_H07_C01_F09,4,Lightweight Arm Lift — Height Verification Only,extend_lift_phase(),0.5013652631578948,False
R_H07_C01_F09,diagnosed_LIFT_OBJECT_unanticipated__RQ2_R_H07_C01_F09,5,Cobot Lift Failure — Grip Pressure,increase_grip_pressure(),0.5,False
R_H07_C01_F09,diagnosed_LIFT_OBJECT_unanticipated__RQ2_R_H07_C01_F09,6,Heavy Duty Arm — Motor Overload During Lift,reduce_lift_speed(),0.5,False
R_H07_C01_F09,diagnosed_LIFT_OBJECT_unanticipated__RQ2_R_H07_C01_F09,7,Suction Arm Lift — Vacuum Loss,emergency_vacuum_pump(),0.3333333333333333,False
R_H07_C01_F10,diagnosed_LIFT_OBJECT_unanticipated__RQ2_R_H07_C01_F10,1,Lift Slip — Low Friction Surface,apply_vacuum_assist(),0.6666666666666666,True
R_H07_C01_F10,diagnosed_LIFT_OBJECT_unanticipated__RQ2_R_H07_C01_F10,2,Parallel Arm Lift — Contact Loss,reposition_and_regrip(),0.6666666666666666,False
R_H07_C01_F10,diagnosed_LIFT_OBJECT_unanticipated__RQ2_R_H07_C01_F10,3,Cobot Industrial — Incremental Heavy Part Transfer,heavy_lift(),0.6507936507936508,False
R_H07_C01_F10,diagnosed_LIFT_OBJECT_unanticipated__RQ2_R_H07_C01_F10,4,Lightweight Arm Lift — Height Verification Only,extend_lift_phase(),0.5013652631578948,False
R_H07_C01_F10,diagnosed_LIFT_OBJECT_unanticipated__RQ2_R_H07_C01_F10,5,Cobot Lift Failure — Grip Pressure,increase_grip_pressure(),0.5,False
R_H07_C01_F10,diagnosed_LIFT_OBJECT_unanticipated__RQ2_R_H07_C01_F10,6,Heavy Duty Arm — Motor Overload During Lift,reduce_lift_speed(),0.5,False
R_H07_C01_F10,diagnosed_LIFT_OBJECT_unanticipated__RQ2_R_H07_C01_F10,7,Suction Arm Lift — Vacuum Loss,emergency_vacuum_pump(),0.3333333333333333,False
R_H07_C02_F01,diagnosed_LIFT_OBJECT_unanticipated__RQ2_R_H07_C02_F01,1,Lift Slip — Low Friction Surface,apply_vacuum_assist(),0.8055555555555557,True
R_H07_C02_F01,diagnosed_LIFT_OBJECT_unanticipated__RQ2_R_H07_C02_F01,2,Parallel Arm Lift — Contact Loss,reposition_and_regrip(),0.7298850574712644,False
R_H07_C02_F01,diagnosed_LIFT_OBJECT_unanticipated__RQ2_R_H07_C02_F01,3,Cobot Industrial — Incremental Heavy Part Transfer,heavy_lift(),0.6991807475678442,False
R_H07_C02_F01,diagnosed_LIFT_OBJECT_unanticipated__RQ2_R_H07_C02_F01,4,Lightweight Arm Lift — Height Verification Only,extend_lift_phase(),0.5645836539624924,False
R_H07_C02_F01,diagnosed_LIFT_OBJECT_unanticipated__RQ2_R_H07_C02_F01,5,Cobot Lift Failure — Grip Pressure,increase_grip_pressure(),0.5,False
R_H07_C02_F01,diagnosed_LIFT_OBJECT_unanticipated__RQ2_R_H07_C02_F01,6,Heavy Duty Arm — Motor Overload During Lift,reduce_lift_speed(),0.5,False
R_H07_C02_F01,diagnosed_LIFT_OBJECT_unanticipated__RQ2_R_H07_C02_F01,7,Suction Arm Lift — Vacuum Loss,emergency_vacuum_pump(),0.3333333333333333,False
R_H07_C02_F02,diagnosed_LIFT_OBJECT_unanticipated__RQ2_R_H07_C02_F02,1,Lift Slip — Low Friction Surface,apply_vacuum_assist(),0.8611111111111112,True
R_H07_C02_F02,diagnosed_LIFT_OBJECT_unanticipated__RQ2_R_H07_C02_F02,2,Parallel Arm Lift — Contact Loss,reposition_and_regrip(),0.7298850574712644,False
R_H07_C02_F02,diagnosed_LIFT_OBJECT_unanticipated__RQ2_R_H07_C02_F02,3,Cobot Industrial — Incremental Heavy Part Transfer,heavy_lift(),0.6991807475678442,False
R_H07_C02_F02,diagnosed_LIFT_OBJECT_unanticipated__RQ2_R_H07_C02_F02,4,Lightweight Arm Lift — Height Verification Only,extend_lift_phase(),0.5645836539624924,False
R_H07_C02_F02,diagnosed_LIFT_OBJECT_unanticipated__RQ2_R_H07_C02_F02,5,Cobot Lift Failure — Grip Pressure,increase_grip_pressure(),0.5,False
R_H07_C02_F02,diagnosed_LIFT_OBJECT_unanticipated__RQ2_R_H07_C02_F02,6,Heavy Duty Arm — Motor Overload During Lift,reduce_lift_speed(),0.5,False
R_H07_C02_F02,diagnosed_LIFT_OBJECT_unanticipated__RQ2_R_H07_C02_F02,7,Suction Arm Lift — Vacuum Loss,emergency_vacuum_pump(),0.3333333333333333,False
R_H07_C02_F03,diagnosed_LIFT_OBJECT_unanticipated__RQ2_R_H07_C02_F03,1,Lift Slip — Low Friction Surface,apply_vacuum_assist(),0.8652777777777777,True
R_H07_C02_F03,diagnosed_LIFT_OBJECT_unanticipated__RQ2_R_H07_C02_F03,2,Parallel Arm Lift — Contact Loss,reposition_and_regrip(),0.7298850574712644,False
R_H07_C02_F03,diagnosed_LIFT_OBJECT_unanticipated__RQ2_R_H07_C02_F03,3,Cobot Industrial — Incremental Heavy Part Transfer,heavy_lift(),0.6991807475678442,False
R_H07_C02_F03,diagnosed_LIFT_OBJECT_unanticipated__RQ2_R_H07_C02_F03,4,Lightweight Arm Lift — Height Verification Only,extend_lift_phase(),0.5645836539624924,False
R_H07_C02_F03,diagnosed_LIFT_OBJECT_unanticipated__RQ2_R_H07_C02_F03,5,Cobot Lift Failure — Grip Pressure,increase_grip_pressure(),0.5,False
R_H07_C02_F03,diagnosed_LIFT_OBJECT_unanticipated__RQ2_R_H07_C02_F03,6,Heavy Duty Arm — Motor Overload During Lift,reduce_lift_speed(),0.5,False
R_H07_C02_F03,diagnosed_LIFT_OBJECT_unanticipated__RQ2_R_H07_C02_F03,7,Suction Arm Lift — Vacuum Loss,emergency_vacuum_pump(),0.3333333333333333,False
R_H07_C02_F04,diagnosed_LIFT_OBJECT_unanticipated__RQ2_R_H07_C02_F04,1,Lift Slip — Low Friction Surface,apply_vacuum_assist(),0.8694444444444445,True
R_H07_C02_F04,diagnosed_LIFT_OBJECT_unanticipated__RQ2_R_H07_C02_F04,2,Parallel Arm Lift — Contact Loss,reposition_and_regrip(),0.7298850574712644,False
R_H07_C02_F04,diagnosed_LIFT_OBJECT_unanticipated__RQ2_R_H07_C02_F04,3,Cobot Industrial — Incremental Heavy Part Transfer,heavy_lift(),0.6991807475678442,False
R_H07_C02_F04,diagnosed_LIFT_OBJECT_unanticipated__RQ2_R_H07_C02_F04,4,Lightweight Arm Lift — Height Verification Only,extend_lift_phase(),0.5645836539624924,False
R_H07_C02_F04,diagnosed_LIFT_OBJECT_unanticipated__RQ2_R_H07_C02_F04,5,Cobot Lift Failure — Grip Pressure,increase_grip_pressure(),0.5,False
R_H07_C02_F04,diagnosed_LIFT_OBJECT_unanticipated__RQ2_R_H07_C02_F04,6,Heavy Duty Arm — Motor Overload During Lift,reduce_lift_speed(),0.5,False
R_H07_C02_F04,diagnosed_LIFT_OBJECT_unanticipated__RQ2_R_H07_C02_F04,7,Suction Arm Lift — Vacuum Loss,emergency_vacuum_pump(),0.3333333333333333,False
R_H07_C02_F05,diagnosed_LIFT_OBJECT_unanticipated__RQ2_R_H07_C02_F05,1,Lift Slip — Low Friction Surface,apply_vacuum_assist(),0.8888888888888888,True
R_H07_C02_F05,diagnosed_LIFT_OBJECT_unanticipated__RQ2_R_H07_C02_F05,2,Parallel Arm Lift — Contact Loss,reposition_and_regrip(),0.7298850574712644,False
R_H07_C02_F05,diagnosed_LIFT_OBJECT_unanticipated__RQ2_R_H07_C02_F05,3,Cobot Industrial — Incremental Heavy Part Transfer,heavy_lift(),0.6991807475678442,False
R_H07_C02_F05,diagnosed_LIFT_OBJECT_unanticipated__RQ2_R_H07_C02_F05,4,Lightweight Arm Lift — Height Verification Only,extend_lift_phase(),0.5645836539624924,False
R_H07_C02_F05,diagnosed_LIFT_OBJECT_unanticipated__RQ2_R_H07_C02_F05,5,Cobot Lift Failure — Grip Pressure,increase_grip_pressure(),0.5,False
R_H07_C02_F05,diagnosed_LIFT_OBJECT_unanticipated__RQ2_R_H07_C02_F05,6,Heavy Duty Arm — Motor Overload During Lift,reduce_lift_speed(),0.5,False
R_H07_C02_F05,diagnosed_LIFT_OBJECT_unanticipated__RQ2_R_H07_C02_F05,7,Suction Arm Lift — Vacuum Loss,emergency_vacuum_pump(),0.3333333333333333,False
R_H07_C02_F06,diagnosed_LIFT_OBJECT_unanticipated__RQ2_R_H07_C02_F06,1,Lift Slip — Low Friction Surface,apply_vacuum_assist(),0.8666666666666667,True
R_H07_C02_F06,diagnosed_LIFT_OBJECT_unanticipated__RQ2_R_H07_C02_F06,2,Parallel Arm Lift — Contact Loss,reposition_and_regrip(),0.7298850574712644,False
R_H07_C02_F06,diagnosed_LIFT_OBJECT_unanticipated__RQ2_R_H07_C02_F06,3,Cobot Industrial — Incremental Heavy Part Transfer,heavy_lift(),0.6991807475678442,False
R_H07_C02_F06,diagnosed_LIFT_OBJECT_unanticipated__RQ2_R_H07_C02_F06,4,Lightweight Arm Lift — Height Verification Only,extend_lift_phase(),0.5645836539624924,False
R_H07_C02_F06,diagnosed_LIFT_OBJECT_unanticipated__RQ2_R_H07_C02_F06,5,Cobot Lift Failure — Grip Pressure,increase_grip_pressure(),0.5,False
R_H07_C02_F06,diagnosed_LIFT_OBJECT_unanticipated__RQ2_R_H07_C02_F06,6,Heavy Duty Arm — Motor Overload During Lift,reduce_lift_speed(),0.5,False
R_H07_C02_F06,diagnosed_LIFT_OBJECT_unanticipated__RQ2_R_H07_C02_F06,7,Suction Arm Lift — Vacuum Loss,emergency_vacuum_pump(),0.3333333333333333,False
R_H07_C02_F07,diagnosed_LIFT_OBJECT_unanticipated__RQ2_R_H07_C02_F07,1,Lift Slip — Low Friction Surface,apply_vacuum_assist(),0.8222222222222223,True
R_H07_C02_F07,diagnosed_LIFT_OBJECT_unanticipated__RQ2_R_H07_C02_F07,2,Parallel Arm Lift — Contact Loss,reposition_and_regrip(),0.7298850574712644,False
R_H07_C02_F07,diagnosed_LIFT_OBJECT_unanticipated__RQ2_R_H07_C02_F07,3,Cobot Industrial — Incremental Heavy Part Transfer,heavy_lift(),0.6991807475678442,False
R_H07_C02_F07,diagnosed_LIFT_OBJECT_unanticipated__RQ2_R_H07_C02_F07,4,Lightweight Arm Lift — Height Verification Only,extend_lift_phase(),0.5645836539624924,False
R_H07_C02_F07,diagnosed_LIFT_OBJECT_unanticipated__RQ2_R_H07_C02_F07,5,Cobot Lift Failure — Grip Pressure,increase_grip_pressure(),0.5,False
R_H07_C02_F07,diagnosed_LIFT_OBJECT_unanticipated__RQ2_R_H07_C02_F07,6,Heavy Duty Arm — Motor Overload During Lift,reduce_lift_speed(),0.5,False
R_H07_C02_F07,diagnosed_LIFT_OBJECT_unanticipated__RQ2_R_H07_C02_F07,7,Suction Arm Lift — Vacuum Loss,emergency_vacuum_pump(),0.3333333333333333,False
R_H07_C02_F08,diagnosed_LIFT_OBJECT_unanticipated__RQ2_R_H07_C02_F08,1,Lift Slip — Low Friction Surface,apply_vacuum_assist(),0.7825000000000001,True
R_H07_C02_F08,diagnosed_LIFT_OBJECT_unanticipated__RQ2_R_H07_C02_F08,2,Parallel Arm Lift — Contact Loss,reposition_and_regrip(),0.7298850574712644,False
R_H07_C02_F08,diagnosed_LIFT_OBJECT_unanticipated__RQ2_R_H07_C02_F08,3,Cobot Industrial — Incremental Heavy Part Transfer,heavy_lift(),0.6991807475678442,False
R_H07_C02_F08,diagnosed_LIFT_OBJECT_unanticipated__RQ2_R_H07_C02_F08,4,Lightweight Arm Lift — Height Verification Only,extend_lift_phase(),0.5645836539624924,False
R_H07_C02_F08,diagnosed_LIFT_OBJECT_unanticipated__RQ2_R_H07_C02_F08,5,Cobot Lift Failure — Grip Pressure,increase_grip_pressure(),0.5,False
R_H07_C02_F08,diagnosed_LIFT_OBJECT_unanticipated__RQ2_R_H07_C02_F08,6,Heavy Duty Arm — Motor Overload During Lift,reduce_lift_speed(),0.5,False
R_H07_C02_F08,diagnosed_LIFT_OBJECT_unanticipated__RQ2_R_H07_C02_F08,7,Suction Arm Lift — Vacuum Loss,emergency_vacuum_pump(),0.3333333333333333,False
R_H07_C02_F09,diagnosed_LIFT_OBJECT_unanticipated__RQ2_R_H07_C02_F09,1,Lift Slip — Low Friction Surface,apply_vacuum_assist(),0.7777777777777777,True
R_H07_C02_F09,diagnosed_LIFT_OBJECT_unanticipated__RQ2_R_H07_C02_F09,2,Parallel Arm Lift — Contact Loss,reposition_and_regrip(),0.7298850574712644,False
R_H07_C02_F09,diagnosed_LIFT_OBJECT_unanticipated__RQ2_R_H07_C02_F09,3,Cobot Industrial — Incremental Heavy Part Transfer,heavy_lift(),0.6991807475678442,False
R_H07_C02_F09,diagnosed_LIFT_OBJECT_unanticipated__RQ2_R_H07_C02_F09,4,Lightweight Arm Lift — Height Verification Only,extend_lift_phase(),0.5645836539624924,False
R_H07_C02_F09,diagnosed_LIFT_OBJECT_unanticipated__RQ2_R_H07_C02_F09,5,Cobot Lift Failure — Grip Pressure,increase_grip_pressure(),0.5,False
R_H07_C02_F09,diagnosed_LIFT_OBJECT_unanticipated__RQ2_R_H07_C02_F09,6,Heavy Duty Arm — Motor Overload During Lift,reduce_lift_speed(),0.5,False
R_H07_C02_F09,diagnosed_LIFT_OBJECT_unanticipated__RQ2_R_H07_C02_F09,7,Suction Arm Lift — Vacuum Loss,emergency_vacuum_pump(),0.3333333333333333,False
R_H07_C02_F10,diagnosed_LIFT_OBJECT_unanticipated__RQ2_R_H07_C02_F10,1,Lift Slip — Low Friction Surface,apply_vacuum_assist(),0.7777777777777777,True
R_H07_C02_F10,diagnosed_LIFT_OBJECT_unanticipated__RQ2_R_H07_C02_F10,2,Parallel Arm Lift — Contact Loss,reposition_and_regrip(),0.7298850574712644,False
R_H07_C02_F10,diagnosed_LIFT_OBJECT_unanticipated__RQ2_R_H07_C02_F10,3,Cobot Industrial — Incremental Heavy Part Transfer,heavy_lift(),0.6991807475678442,False
R_H07_C02_F10,diagnosed_LIFT_OBJECT_unanticipated__RQ2_R_H07_C02_F10,4,Lightweight Arm Lift — Height Verification Only,extend_lift_phase(),0.5645836539624924,False
R_H07_C02_F10,diagnosed_LIFT_OBJECT_unanticipated__RQ2_R_H07_C02_F10,5,Cobot Lift Failure — Grip Pressure,increase_grip_pressure(),0.5,False
R_H07_C02_F10,diagnosed_LIFT_OBJECT_unanticipated__RQ2_R_H07_C02_F10,6,Heavy Duty Arm — Motor Overload During Lift,reduce_lift_speed(),0.5,False
R_H07_C02_F10,diagnosed_LIFT_OBJECT_unanticipated__RQ2_R_H07_C02_F10,7,Suction Arm Lift — Vacuum Loss,emergency_vacuum_pump(),0.3333333333333333,False
R_H07_C03_F01,diagnosed_LIFT_OBJECT_unanticipated__RQ2_R_H07_C03_F01,1,Lift Slip — Low Friction Surface,apply_vacuum_assist(),0.75,True
R_H07_C03_F01,diagnosed_LIFT_OBJECT_unanticipated__RQ2_R_H07_C03_F01,2,Parallel Arm Lift — Contact Loss,reposition_and_regrip(),0.6666666666666666,False
R_H07_C03_F01,diagnosed_LIFT_OBJECT_unanticipated__RQ2_R_H07_C03_F01,3,Cobot Industrial — Incremental Heavy Part Transfer,heavy_lift(),0.6507936507936508,False
R_H07_C03_F01,diagnosed_LIFT_OBJECT_unanticipated__RQ2_R_H07_C03_F01,4,Lightweight Arm Lift — Height Verification Only,extend_lift_phase(),0.5013652631578948,False
R_H07_C03_F01,diagnosed_LIFT_OBJECT_unanticipated__RQ2_R_H07_C03_F01,5,Cobot Lift Failure — Grip Pressure,increase_grip_pressure(),0.5,False
R_H07_C03_F01,diagnosed_LIFT_OBJECT_unanticipated__RQ2_R_H07_C03_F01,6,Heavy Duty Arm — Motor Overload During Lift,reduce_lift_speed(),0.5,False
R_H07_C03_F01,diagnosed_LIFT_OBJECT_unanticipated__RQ2_R_H07_C03_F01,7,Suction Arm Lift — Vacuum Loss,emergency_vacuum_pump(),0.3333333333333333,False
R_H07_C03_F02,diagnosed_LIFT_OBJECT_unanticipated__RQ2_R_H07_C03_F02,1,Lift Slip — Low Friction Surface,apply_vacuum_assist(),0.8055555555555557,True
R_H07_C03_F02,diagnosed_LIFT_OBJECT_unanticipated__RQ2_R_H07_C03_F02,2,Parallel Arm Lift — Contact Loss,reposition_and_regrip(),0.6666666666666666,False
R_H07_C03_F02,diagnosed_LIFT_OBJECT_unanticipated__RQ2_R_H07_C03_F02,3,Cobot Industrial — Incremental Heavy Part Transfer,heavy_lift(),0.6507936507936508,False
R_H07_C03_F02,diagnosed_LIFT_OBJECT_unanticipated__RQ2_R_H07_C03_F02,4,Lightweight Arm Lift — Height Verification Only,extend_lift_phase(),0.5013652631578948,False
R_H07_C03_F02,diagnosed_LIFT_OBJECT_unanticipated__RQ2_R_H07_C03_F02,5,Cobot Lift Failure — Grip Pressure,increase_grip_pressure(),0.5,False
R_H07_C03_F02,diagnosed_LIFT_OBJECT_unanticipated__RQ2_R_H07_C03_F02,6,Heavy Duty Arm — Motor Overload During Lift,reduce_lift_speed(),0.5,False
R_H07_C03_F02,diagnosed_LIFT_OBJECT_unanticipated__RQ2_R_H07_C03_F02,7,Suction Arm Lift — Vacuum Loss,emergency_vacuum_pump(),0.3333333333333333,False
R_H07_C03_F03,diagnosed_LIFT_OBJECT_unanticipated__RQ2_R_H07_C03_F03,1,Lift Slip — Low Friction Surface,apply_vacuum_assist(),0.8097222222222222,True
R_H07_C03_F03,diagnosed_LIFT_OBJECT_unanticipated__RQ2_R_H07_C03_F03,2,Parallel Arm Lift — Contact Loss,reposition_and_regrip(),0.6666666666666666,False
R_H07_C03_F03,diagnosed_LIFT_OBJECT_unanticipated__RQ2_R_H07_C03_F03,3,Cobot Industrial — Incremental Heavy Part Transfer,heavy_lift(),0.6507936507936508,False
R_H07_C03_F03,diagnosed_LIFT_OBJECT_unanticipated__RQ2_R_H07_C03_F03,4,Lightweight Arm Lift — Height Verification Only,extend_lift_phase(),0.5013652631578948,False
R_H07_C03_F03,diagnosed_LIFT_OBJECT_unanticipated__RQ2_R_H07_C03_F03,5,Cobot Lift Failure — Grip Pressure,increase_grip_pressure(),0.5,False
R_H07_C03_F03,diagnosed_LIFT_OBJECT_unanticipated__RQ2_R_H07_C03_F03,6,Heavy Duty Arm — Motor Overload During Lift,reduce_lift_speed(),0.5,False
R_H07_C03_F03,diagnosed_LIFT_OBJECT_unanticipated__RQ2_R_H07_C03_F03,7,Suction Arm Lift — Vacuum Loss,emergency_vacuum_pump(),0.3333333333333333,False
R_H07_C03_F04,diagnosed_LIFT_OBJECT_unanticipated__RQ2_R_H07_C03_F04,1,Lift Slip — Low Friction Surface,apply_vacuum_assist(),0.8138888888888888,True
R_H07_C03_F04,diagnosed_LIFT_OBJECT_unanticipated__RQ2_R_H07_C03_F04,2,Parallel Arm Lift — Contact Loss,reposition_and_regrip(),0.6666666666666666,False
R_H07_C03_F04,diagnosed_LIFT_OBJECT_unanticipated__RQ2_R_H07_C03_F04,3,Cobot Industrial — Incremental Heavy Part Transfer,heavy_lift(),0.6507936507936508,False
R_H07_C03_F04,diagnosed_LIFT_OBJECT_unanticipated__RQ2_R_H07_C03_F04,4,Lightweight Arm Lift — Height Verification Only,extend_lift_phase(),0.5013652631578948,False
R_H07_C03_F04,diagnosed_LIFT_OBJECT_unanticipated__RQ2_R_H07_C03_F04,5,Cobot Lift Failure — Grip Pressure,increase_grip_pressure(),0.5,False
R_H07_C03_F04,diagnosed_LIFT_OBJECT_unanticipated__RQ2_R_H07_C03_F04,6,Heavy Duty Arm — Motor Overload During Lift,reduce_lift_speed(),0.5,False
R_H07_C03_F04,diagnosed_LIFT_OBJECT_unanticipated__RQ2_R_H07_C03_F04,7,Suction Arm Lift — Vacuum Loss,emergency_vacuum_pump(),0.3333333333333333,False
R_H07_C03_F05,diagnosed_LIFT_OBJECT_unanticipated__RQ2_R_H07_C03_F05,1,Lift Slip — Low Friction Surface,apply_vacuum_assist(),0.8333333333333334,True
R_H07_C03_F05,diagnosed_LIFT_OBJECT_unanticipated__RQ2_R_H07_C03_F05,2,Parallel Arm Lift — Contact Loss,reposition_and_regrip(),0.6666666666666666,False
R_H07_C03_F05,diagnosed_LIFT_OBJECT_unanticipated__RQ2_R_H07_C03_F05,3,Cobot Industrial — Incremental Heavy Part Transfer,heavy_lift(),0.6507936507936508,False
R_H07_C03_F05,diagnosed_LIFT_OBJECT_unanticipated__RQ2_R_H07_C03_F05,4,Lightweight Arm Lift — Height Verification Only,extend_lift_phase(),0.5013652631578948,False
R_H07_C03_F05,diagnosed_LIFT_OBJECT_unanticipated__RQ2_R_H07_C03_F05,5,Cobot Lift Failure — Grip Pressure,increase_grip_pressure(),0.5,False
R_H07_C03_F05,diagnosed_LIFT_OBJECT_unanticipated__RQ2_R_H07_C03_F05,6,Heavy Duty Arm — Motor Overload During Lift,reduce_lift_speed(),0.5,False
R_H07_C03_F05,diagnosed_LIFT_OBJECT_unanticipated__RQ2_R_H07_C03_F05,7,Suction Arm Lift — Vacuum Loss,emergency_vacuum_pump(),0.3333333333333333,False
R_H07_C03_F06,diagnosed_LIFT_OBJECT_unanticipated__RQ2_R_H07_C03_F06,1,Lift Slip — Low Friction Surface,apply_vacuum_assist(),0.8111111111111112,True
R_H07_C03_F06,diagnosed_LIFT_OBJECT_unanticipated__RQ2_R_H07_C03_F06,2,Parallel Arm Lift — Contact Loss,reposition_and_regrip(),0.6666666666666666,False
R_H07_C03_F06,diagnosed_LIFT_OBJECT_unanticipated__RQ2_R_H07_C03_F06,3,Cobot Industrial — Incremental Heavy Part Transfer,heavy_lift(),0.6507936507936508,False
R_H07_C03_F06,diagnosed_LIFT_OBJECT_unanticipated__RQ2_R_H07_C03_F06,4,Lightweight Arm Lift — Height Verification Only,extend_lift_phase(),0.5013652631578948,False
R_H07_C03_F06,diagnosed_LIFT_OBJECT_unanticipated__RQ2_R_H07_C03_F06,5,Cobot Lift Failure — Grip Pressure,increase_grip_pressure(),0.5,False
R_H07_C03_F06,diagnosed_LIFT_OBJECT_unanticipated__RQ2_R_H07_C03_F06,6,Heavy Duty Arm — Motor Overload During Lift,reduce_lift_speed(),0.5,False
R_H07_C03_F06,diagnosed_LIFT_OBJECT_unanticipated__RQ2_R_H07_C03_F06,7,Suction Arm Lift — Vacuum Loss,emergency_vacuum_pump(),0.3333333333333333,False
R_H07_C03_F07,diagnosed_LIFT_OBJECT_unanticipated__RQ2_R_H07_C03_F07,1,Lift Slip — Low Friction Surface,apply_vacuum_assist(),0.7666666666666666,True
R_H07_C03_F07,diagnosed_LIFT_OBJECT_unanticipated__RQ2_R_H07_C03_F07,2,Parallel Arm Lift — Contact Loss,reposition_and_regrip(),0.6666666666666666,False
R_H07_C03_F07,diagnosed_LIFT_OBJECT_unanticipated__RQ2_R_H07_C03_F07,3,Cobot Industrial — Incremental Heavy Part Transfer,heavy_lift(),0.6507936507936508,False
R_H07_C03_F07,diagnosed_LIFT_OBJECT_unanticipated__RQ2_R_H07_C03_F07,4,Lightweight Arm Lift — Height Verification Only,extend_lift_phase(),0.5013652631578948,False
R_H07_C03_F07,diagnosed_LIFT_OBJECT_unanticipated__RQ2_R_H07_C03_F07,5,Cobot Lift Failure — Grip Pressure,increase_grip_pressure(),0.5,False
R_H07_C03_F07,diagnosed_LIFT_OBJECT_unanticipated__RQ2_R_H07_C03_F07,6,Heavy Duty Arm — Motor Overload During Lift,reduce_lift_speed(),0.5,False
R_H07_C03_F07,diagnosed_LIFT_OBJECT_unanticipated__RQ2_R_H07_C03_F07,7,Suction Arm Lift — Vacuum Loss,emergency_vacuum_pump(),0.3333333333333333,False
R_H07_C03_F08,diagnosed_LIFT_OBJECT_unanticipated__RQ2_R_H07_C03_F08,1,Lift Slip — Low Friction Surface,apply_vacuum_assist(),0.7269444444444444,True
R_H07_C03_F08,diagnosed_LIFT_OBJECT_unanticipated__RQ2_R_H07_C03_F08,2,Parallel Arm Lift — Contact Loss,reposition_and_regrip(),0.6666666666666666,False
R_H07_C03_F08,diagnosed_LIFT_OBJECT_unanticipated__RQ2_R_H07_C03_F08,3,Cobot Industrial — Incremental Heavy Part Transfer,heavy_lift(),0.6507936507936508,False
R_H07_C03_F08,diagnosed_LIFT_OBJECT_unanticipated__RQ2_R_H07_C03_F08,4,Lightweight Arm Lift — Height Verification Only,extend_lift_phase(),0.5013652631578948,False
R_H07_C03_F08,diagnosed_LIFT_OBJECT_unanticipated__RQ2_R_H07_C03_F08,5,Cobot Lift Failure — Grip Pressure,increase_grip_pressure(),0.5,False
R_H07_C03_F08,diagnosed_LIFT_OBJECT_unanticipated__RQ2_R_H07_C03_F08,6,Heavy Duty Arm — Motor Overload During Lift,reduce_lift_speed(),0.5,False
R_H07_C03_F08,diagnosed_LIFT_OBJECT_unanticipated__RQ2_R_H07_C03_F08,7,Suction Arm Lift — Vacuum Loss,emergency_vacuum_pump(),0.3333333333333333,False
R_H07_C03_F09,diagnosed_LIFT_OBJECT_unanticipated__RQ2_R_H07_C03_F09,1,Lift Slip — Low Friction Surface,apply_vacuum_assist(),0.7222222222222223,True
R_H07_C03_F09,diagnosed_LIFT_OBJECT_unanticipated__RQ2_R_H07_C03_F09,2,Parallel Arm Lift — Contact Loss,reposition_and_regrip(),0.6666666666666666,False
R_H07_C03_F09,diagnosed_LIFT_OBJECT_unanticipated__RQ2_R_H07_C03_F09,3,Cobot Industrial — Incremental Heavy Part Transfer,heavy_lift(),0.6507936507936508,False
R_H07_C03_F09,diagnosed_LIFT_OBJECT_unanticipated__RQ2_R_H07_C03_F09,4,Lightweight Arm Lift — Height Verification Only,extend_lift_phase(),0.5013652631578948,False
R_H07_C03_F09,diagnosed_LIFT_OBJECT_unanticipated__RQ2_R_H07_C03_F09,5,Cobot Lift Failure — Grip Pressure,increase_grip_pressure(),0.5,False
R_H07_C03_F09,diagnosed_LIFT_OBJECT_unanticipated__RQ2_R_H07_C03_F09,6,Heavy Duty Arm — Motor Overload During Lift,reduce_lift_speed(),0.5,False
R_H07_C03_F09,diagnosed_LIFT_OBJECT_unanticipated__RQ2_R_H07_C03_F09,7,Suction Arm Lift — Vacuum Loss,emergency_vacuum_pump(),0.3333333333333333,False
R_H07_C03_F10,diagnosed_LIFT_OBJECT_unanticipated__RQ2_R_H07_C03_F10,1,Lift Slip — Low Friction Surface,apply_vacuum_assist(),0.7222222222222223,True
R_H07_C03_F10,diagnosed_LIFT_OBJECT_unanticipated__RQ2_R_H07_C03_F10,2,Parallel Arm Lift — Contact Loss,reposition_and_regrip(),0.6666666666666666,False
R_H07_C03_F10,diagnosed_LIFT_OBJECT_unanticipated__RQ2_R_H07_C03_F10,3,Cobot Industrial — Incremental Heavy Part Transfer,heavy_lift(),0.6507936507936508,False
R_H07_C03_F10,diagnosed_LIFT_OBJECT_unanticipated__RQ2_R_H07_C03_F10,4,Lightweight Arm Lift — Height Verification Only,extend_lift_phase(),0.5013652631578948,False
R_H07_C03_F10,diagnosed_LIFT_OBJECT_unanticipated__RQ2_R_H07_C03_F10,5,Cobot Lift Failure — Grip Pressure,increase_grip_pressure(),0.5,False
R_H07_C03_F10,diagnosed_LIFT_OBJECT_unanticipated__RQ2_R_H07_C03_F10,6,Heavy Duty Arm — Motor Overload During Lift,reduce_lift_speed(),0.5,False
R_H07_C03_F10,diagnosed_LIFT_OBJECT_unanticipated__RQ2_R_H07_C03_F10,7,Suction Arm Lift — Vacuum Loss,emergency_vacuum_pump(),0.3333333333333333,False
R_H07_C04_F01,diagnosed_LIFT_OBJECT_unanticipated__RQ2_R_H07_C04_F01,1,Lift Slip — Low Friction Surface,apply_vacuum_assist(),0.731481111111111,True
R_H07_C04_F01,diagnosed_LIFT_OBJECT_unanticipated__RQ2_R_H07_C04_F01,2,Parallel Arm Lift — Contact Loss,reposition_and_regrip(),0.6666666666666666,False
R_H07_C04_F01,diagnosed_LIFT_OBJECT_unanticipated__RQ2_R_H07_C04_F01,3,Cobot Industrial — Incremental Heavy Part Transfer,heavy_lift(),0.6507936507936508,False
R_H07_C04_F01,diagnosed_LIFT_OBJECT_unanticipated__RQ2_R_H07_C04_F01,4,Lightweight Arm Lift — Height Verification Only,extend_lift_phase(),0.5013652631578948,False
R_H07_C04_F01,diagnosed_LIFT_OBJECT_unanticipated__RQ2_R_H07_C04_F01,5,Cobot Lift Failure — Grip Pressure,increase_grip_pressure(),0.5,False
R_H07_C04_F01,diagnosed_LIFT_OBJECT_unanticipated__RQ2_R_H07_C04_F01,6,Heavy Duty Arm — Motor Overload During Lift,reduce_lift_speed(),0.5,False
R_H07_C04_F01,diagnosed_LIFT_OBJECT_unanticipated__RQ2_R_H07_C04_F01,7,Suction Arm Lift — Vacuum Loss,emergency_vacuum_pump(),0.3333333333333333,False
R_H07_C04_F02,diagnosed_LIFT_OBJECT_unanticipated__RQ2_R_H07_C04_F02,1,Lift Slip — Low Friction Surface,apply_vacuum_assist(),0.7870366666666667,True
R_H07_C04_F02,diagnosed_LIFT_OBJECT_unanticipated__RQ2_R_H07_C04_F02,2,Parallel Arm Lift — Contact Loss,reposition_and_regrip(),0.6666666666666666,False
R_H07_C04_F02,diagnosed_LIFT_OBJECT_unanticipated__RQ2_R_H07_C04_F02,3,Cobot Industrial — Incremental Heavy Part Transfer,heavy_lift(),0.6507936507936508,False
R_H07_C04_F02,diagnosed_LIFT_OBJECT_unanticipated__RQ2_R_H07_C04_F02,4,Lightweight Arm Lift — Height Verification Only,extend_lift_phase(),0.5013652631578948,False
R_H07_C04_F02,diagnosed_LIFT_OBJECT_unanticipated__RQ2_R_H07_C04_F02,5,Cobot Lift Failure — Grip Pressure,increase_grip_pressure(),0.5,False
R_H07_C04_F02,diagnosed_LIFT_OBJECT_unanticipated__RQ2_R_H07_C04_F02,6,Heavy Duty Arm — Motor Overload During Lift,reduce_lift_speed(),0.5,False
R_H07_C04_F02,diagnosed_LIFT_OBJECT_unanticipated__RQ2_R_H07_C04_F02,7,Suction Arm Lift — Vacuum Loss,emergency_vacuum_pump(),0.3333333333333333,False
R_H07_C04_F03,diagnosed_LIFT_OBJECT_unanticipated__RQ2_R_H07_C04_F03,1,Lift Slip — Low Friction Surface,apply_vacuum_assist(),0.7912033333333334,True
R_H07_C04_F03,diagnosed_LIFT_OBJECT_unanticipated__RQ2_R_H07_C04_F03,2,Parallel Arm Lift — Contact Loss,reposition_and_regrip(),0.6666666666666666,False
R_H07_C04_F03,diagnosed_LIFT_OBJECT_unanticipated__RQ2_R_H07_C04_F03,3,Cobot Industrial — Incremental Heavy Part Transfer,heavy_lift(),0.6507936507936508,False
R_H07_C04_F03,diagnosed_LIFT_OBJECT_unanticipated__RQ2_R_H07_C04_F03,4,Lightweight Arm Lift — Height Verification Only,extend_lift_phase(),0.5013652631578948,False
R_H07_C04_F03,diagnosed_LIFT_OBJECT_unanticipated__RQ2_R_H07_C04_F03,5,Cobot Lift Failure — Grip Pressure,increase_grip_pressure(),0.5,False
R_H07_C04_F03,diagnosed_LIFT_OBJECT_unanticipated__RQ2_R_H07_C04_F03,6,Heavy Duty Arm — Motor Overload During Lift,reduce_lift_speed(),0.5,False
R_H07_C04_F03,diagnosed_LIFT_OBJECT_unanticipated__RQ2_R_H07_C04_F03,7,Suction Arm Lift — Vacuum Loss,emergency_vacuum_pump(),0.3333333333333333,False
R_H07_C04_F04,diagnosed_LIFT_OBJECT_unanticipated__RQ2_R_H07_C04_F04,1,Lift Slip — Low Friction Surface,apply_vacuum_assist(),0.79537,True
R_H07_C04_F04,diagnosed_LIFT_OBJECT_unanticipated__RQ2_R_H07_C04_F04,2,Parallel Arm Lift — Contact Loss,reposition_and_regrip(),0.6666666666666666,False
R_H07_C04_F04,diagnosed_LIFT_OBJECT_unanticipated__RQ2_R_H07_C04_F04,3,Cobot Industrial — Incremental Heavy Part Transfer,heavy_lift(),0.6507936507936508,False
R_H07_C04_F04,diagnosed_LIFT_OBJECT_unanticipated__RQ2_R_H07_C04_F04,4,Lightweight Arm Lift — Height Verification Only,extend_lift_phase(),0.5013652631578948,False
R_H07_C04_F04,diagnosed_LIFT_OBJECT_unanticipated__RQ2_R_H07_C04_F04,5,Cobot Lift Failure — Grip Pressure,increase_grip_pressure(),0.5,False
R_H07_C04_F04,diagnosed_LIFT_OBJECT_unanticipated__RQ2_R_H07_C04_F04,6,Heavy Duty Arm — Motor Overload During Lift,reduce_lift_speed(),0.5,False
R_H07_C04_F04,diagnosed_LIFT_OBJECT_unanticipated__RQ2_R_H07_C04_F04,7,Suction Arm Lift — Vacuum Loss,emergency_vacuum_pump(),0.3333333333333333,False
R_H07_C04_F05,diagnosed_LIFT_OBJECT_unanticipated__RQ2_R_H07_C04_F05,1,Lift Slip — Low Friction Surface,apply_vacuum_assist(),0.8148144444444444,True
R_H07_C04_F05,diagnosed_LIFT_OBJECT_unanticipated__RQ2_R_H07_C04_F05,2,Parallel Arm Lift — Contact Loss,reposition_and_regrip(),0.6666666666666666,False
R_H07_C04_F05,diagnosed_LIFT_OBJECT_unanticipated__RQ2_R_H07_C04_F05,3,Cobot Industrial — Incremental Heavy Part Transfer,heavy_lift(),0.6507936507936508,False
R_H07_C04_F05,diagnosed_LIFT_OBJECT_unanticipated__RQ2_R_H07_C04_F05,4,Lightweight Arm Lift — Height Verification Only,extend_lift_phase(),0.5013652631578948,False
R_H07_C04_F05,diagnosed_LIFT_OBJECT_unanticipated__RQ2_R_H07_C04_F05,5,Cobot Lift Failure — Grip Pressure,increase_grip_pressure(),0.5,False
R_H07_C04_F05,diagnosed_LIFT_OBJECT_unanticipated__RQ2_R_H07_C04_F05,6,Heavy Duty Arm — Motor Overload During Lift,reduce_lift_speed(),0.5,False
R_H07_C04_F05,diagnosed_LIFT_OBJECT_unanticipated__RQ2_R_H07_C04_F05,7,Suction Arm Lift — Vacuum Loss,emergency_vacuum_pump(),0.3333333333333333,False
R_H07_C04_F06,diagnosed_LIFT_OBJECT_unanticipated__RQ2_R_H07_C04_F06,1,Lift Slip — Low Friction Surface,apply_vacuum_assist(),0.7925922222222223,True
R_H07_C04_F06,diagnosed_LIFT_OBJECT_unanticipated__RQ2_R_H07_C04_F06,2,Parallel Arm Lift — Contact Loss,reposition_and_regrip(),0.6666666666666666,False
R_H07_C04_F06,diagnosed_LIFT_OBJECT_unanticipated__RQ2_R_H07_C04_F06,3,Cobot Industrial — Incremental Heavy Part Transfer,heavy_lift(),0.6507936507936508,False
R_H07_C04_F06,diagnosed_LIFT_OBJECT_unanticipated__RQ2_R_H07_C04_F06,4,Lightweight Arm Lift — Height Verification Only,extend_lift_phase(),0.5013652631578948,False
R_H07_C04_F06,diagnosed_LIFT_OBJECT_unanticipated__RQ2_R_H07_C04_F06,5,Cobot Lift Failure — Grip Pressure,increase_grip_pressure(),0.5,False
R_H07_C04_F06,diagnosed_LIFT_OBJECT_unanticipated__RQ2_R_H07_C04_F06,6,Heavy Duty Arm — Motor Overload During Lift,reduce_lift_speed(),0.5,False
R_H07_C04_F06,diagnosed_LIFT_OBJECT_unanticipated__RQ2_R_H07_C04_F06,7,Suction Arm Lift — Vacuum Loss,emergency_vacuum_pump(),0.3333333333333333,False
R_H07_C04_F07,diagnosed_LIFT_OBJECT_unanticipated__RQ2_R_H07_C04_F07,1,Lift Slip — Low Friction Surface,apply_vacuum_assist(),0.7481477777777777,True
R_H07_C04_F07,diagnosed_LIFT_OBJECT_unanticipated__RQ2_R_H07_C04_F07,2,Parallel Arm Lift — Contact Loss,reposition_and_regrip(),0.6666666666666666,False
R_H07_C04_F07,diagnosed_LIFT_OBJECT_unanticipated__RQ2_R_H07_C04_F07,3,Cobot Industrial — Incremental Heavy Part Transfer,heavy_lift(),0.6507936507936508,False
R_H07_C04_F07,diagnosed_LIFT_OBJECT_unanticipated__RQ2_R_H07_C04_F07,4,Lightweight Arm Lift — Height Verification Only,extend_lift_phase(),0.5013652631578948,False
R_H07_C04_F07,diagnosed_LIFT_OBJECT_unanticipated__RQ2_R_H07_C04_F07,5,Cobot Lift Failure — Grip Pressure,increase_grip_pressure(),0.5,False
R_H07_C04_F07,diagnosed_LIFT_OBJECT_unanticipated__RQ2_R_H07_C04_F07,6,Heavy Duty Arm — Motor Overload During Lift,reduce_lift_speed(),0.5,False
R_H07_C04_F07,diagnosed_LIFT_OBJECT_unanticipated__RQ2_R_H07_C04_F07,7,Suction Arm Lift — Vacuum Loss,emergency_vacuum_pump(),0.3333333333333333,False
R_H07_C04_F08,diagnosed_LIFT_OBJECT_unanticipated__RQ2_R_H07_C04_F08,1,Lift Slip — Low Friction Surface,apply_vacuum_assist(),0.7084255555555555,True
R_H07_C04_F08,diagnosed_LIFT_OBJECT_unanticipated__RQ2_R_H07_C04_F08,2,Parallel Arm Lift — Contact Loss,reposition_and_regrip(),0.6666666666666666,False
R_H07_C04_F08,diagnosed_LIFT_OBJECT_unanticipated__RQ2_R_H07_C04_F08,3,Cobot Industrial — Incremental Heavy Part Transfer,heavy_lift(),0.6507936507936508,False
R_H07_C04_F08,diagnosed_LIFT_OBJECT_unanticipated__RQ2_R_H07_C04_F08,4,Lightweight Arm Lift — Height Verification Only,extend_lift_phase(),0.5013652631578948,False
R_H07_C04_F08,diagnosed_LIFT_OBJECT_unanticipated__RQ2_R_H07_C04_F08,5,Cobot Lift Failure — Grip Pressure,increase_grip_pressure(),0.5,False
R_H07_C04_F08,diagnosed_LIFT_OBJECT_unanticipated__RQ2_R_H07_C04_F08,6,Heavy Duty Arm — Motor Overload During Lift,reduce_lift_speed(),0.5,False
R_H07_C04_F08,diagnosed_LIFT_OBJECT_unanticipated__RQ2_R_H07_C04_F08,7,Suction Arm Lift — Vacuum Loss,emergency_vacuum_pump(),0.3333333333333333,False
R_H07_C04_F09,diagnosed_LIFT_OBJECT_unanticipated__RQ2_R_H07_C04_F09,1,Lift Slip — Low Friction Surface,apply_vacuum_assist(),0.7037033333333333,True
R_H07_C04_F09,diagnosed_LIFT_OBJECT_unanticipated__RQ2_R_H07_C04_F09,2,Parallel Arm Lift — Contact Loss,reposition_and_regrip(),0.6666666666666666,False
R_H07_C04_F09,diagnosed_LIFT_OBJECT_unanticipated__RQ2_R_H07_C04_F09,3,Cobot Industrial — Incremental Heavy Part Transfer,heavy_lift(),0.6507936507936508,False
R_H07_C04_F09,diagnosed_LIFT_OBJECT_unanticipated__RQ2_R_H07_C04_F09,4,Lightweight Arm Lift — Height Verification Only,extend_lift_phase(),0.5013652631578948,False
R_H07_C04_F09,diagnosed_LIFT_OBJECT_unanticipated__RQ2_R_H07_C04_F09,5,Cobot Lift Failure — Grip Pressure,increase_grip_pressure(),0.5,False
R_H07_C04_F09,diagnosed_LIFT_OBJECT_unanticipated__RQ2_R_H07_C04_F09,6,Heavy Duty Arm — Motor Overload During Lift,reduce_lift_speed(),0.5,False
R_H07_C04_F09,diagnosed_LIFT_OBJECT_unanticipated__RQ2_R_H07_C04_F09,7,Suction Arm Lift — Vacuum Loss,emergency_vacuum_pump(),0.3333333333333333,False
R_H07_C04_F10,diagnosed_LIFT_OBJECT_unanticipated__RQ2_R_H07_C04_F10,1,Lift Slip — Low Friction Surface,apply_vacuum_assist(),0.7037033333333333,True
R_H07_C04_F10,diagnosed_LIFT_OBJECT_unanticipated__RQ2_R_H07_C04_F10,2,Parallel Arm Lift — Contact Loss,reposition_and_regrip(),0.6666666666666666,False
R_H07_C04_F10,diagnosed_LIFT_OBJECT_unanticipated__RQ2_R_H07_C04_F10,3,Cobot Industrial — Incremental Heavy Part Transfer,heavy_lift(),0.6507936507936508,False
R_H07_C04_F10,diagnosed_LIFT_OBJECT_unanticipated__RQ2_R_H07_C04_F10,4,Lightweight Arm Lift — Height Verification Only,extend_lift_phase(),0.5013652631578948,False
R_H07_C04_F10,diagnosed_LIFT_OBJECT_unanticipated__RQ2_R_H07_C04_F10,5,Cobot Lift Failure — Grip Pressure,increase_grip_pressure(),0.5,False
R_H07_C04_F10,diagnosed_LIFT_OBJECT_unanticipated__RQ2_R_H07_C04_F10,6,Heavy Duty Arm — Motor Overload During Lift,reduce_lift_speed(),0.5,False
R_H07_C04_F10,diagnosed_LIFT_OBJECT_unanticipated__RQ2_R_H07_C04_F10,7,Suction Arm Lift — Vacuum Loss,emergency_vacuum_pump(),0.3333333333333333,False
R_H07_C05_F01,diagnosed_LIFT_OBJECT_unanticipated__RQ2_R_H07_C05_F01,1,Lift Slip — Low Friction Surface,apply_vacuum_assist(),0.7222222222222223,True
R_H07_C05_F01,diagnosed_LIFT_OBJECT_unanticipated__RQ2_R_H07_C05_F01,2,Parallel Arm Lift — Contact Loss,reposition_and_regrip(),0.6666666666666666,False
R_H07_C05_F01,diagnosed_LIFT_OBJECT_unanticipated__RQ2_R_H07_C05_F01,3,Cobot Industrial — Incremental Heavy Part Transfer,heavy_lift(),0.6507936507936508,False
R_H07_C05_F01,diagnosed_LIFT_OBJECT_unanticipated__RQ2_R_H07_C05_F01,4,Lightweight Arm Lift — Height Verification Only,extend_lift_phase(),0.5013652631578948,False
R_H07_C05_F01,diagnosed_LIFT_OBJECT_unanticipated__RQ2_R_H07_C05_F01,5,Cobot Lift Failure — Grip Pressure,increase_grip_pressure(),0.5,False
R_H07_C05_F01,diagnosed_LIFT_OBJECT_unanticipated__RQ2_R_H07_C05_F01,6,Heavy Duty Arm — Motor Overload During Lift,reduce_lift_speed(),0.5,False
R_H07_C05_F01,diagnosed_LIFT_OBJECT_unanticipated__RQ2_R_H07_C05_F01,7,Suction Arm Lift — Vacuum Loss,emergency_vacuum_pump(),0.3333333333333333,False
R_H07_C05_F02,diagnosed_LIFT_OBJECT_unanticipated__RQ2_R_H07_C05_F02,1,Lift Slip — Low Friction Surface,apply_vacuum_assist(),0.7777777777777777,True
R_H07_C05_F02,diagnosed_LIFT_OBJECT_unanticipated__RQ2_R_H07_C05_F02,2,Parallel Arm Lift — Contact Loss,reposition_and_regrip(),0.6666666666666666,False
R_H07_C05_F02,diagnosed_LIFT_OBJECT_unanticipated__RQ2_R_H07_C05_F02,3,Cobot Industrial — Incremental Heavy Part Transfer,heavy_lift(),0.6507936507936508,False
R_H07_C05_F02,diagnosed_LIFT_OBJECT_unanticipated__RQ2_R_H07_C05_F02,4,Lightweight Arm Lift — Height Verification Only,extend_lift_phase(),0.5013652631578948,False
R_H07_C05_F02,diagnosed_LIFT_OBJECT_unanticipated__RQ2_R_H07_C05_F02,5,Cobot Lift Failure — Grip Pressure,increase_grip_pressure(),0.5,False
R_H07_C05_F02,diagnosed_LIFT_OBJECT_unanticipated__RQ2_R_H07_C05_F02,6,Heavy Duty Arm — Motor Overload During Lift,reduce_lift_speed(),0.5,False
R_H07_C05_F02,diagnosed_LIFT_OBJECT_unanticipated__RQ2_R_H07_C05_F02,7,Suction Arm Lift — Vacuum Loss,emergency_vacuum_pump(),0.3333333333333333,False
R_H07_C05_F03,diagnosed_LIFT_OBJECT_unanticipated__RQ2_R_H07_C05_F03,1,Lift Slip — Low Friction Surface,apply_vacuum_assist(),0.7819444444444444,True
R_H07_C05_F03,diagnosed_LIFT_OBJECT_unanticipated__RQ2_R_H07_C05_F03,2,Parallel Arm Lift — Contact Loss,reposition_and_regrip(),0.6666666666666666,False
R_H07_C05_F03,diagnosed_LIFT_OBJECT_unanticipated__RQ2_R_H07_C05_F03,3,Cobot Industrial — Incremental Heavy Part Transfer,heavy_lift(),0.6507936507936508,False
R_H07_C05_F03,diagnosed_LIFT_OBJECT_unanticipated__RQ2_R_H07_C05_F03,4,Lightweight Arm Lift — Height Verification Only,extend_lift_phase(),0.5013652631578948,False
R_H07_C05_F03,diagnosed_LIFT_OBJECT_unanticipated__RQ2_R_H07_C05_F03,5,Cobot Lift Failure — Grip Pressure,increase_grip_pressure(),0.5,False
R_H07_C05_F03,diagnosed_LIFT_OBJECT_unanticipated__RQ2_R_H07_C05_F03,6,Heavy Duty Arm — Motor Overload During Lift,reduce_lift_speed(),0.5,False
R_H07_C05_F03,diagnosed_LIFT_OBJECT_unanticipated__RQ2_R_H07_C05_F03,7,Suction Arm Lift — Vacuum Loss,emergency_vacuum_pump(),0.3333333333333333,False
R_H07_C05_F04,diagnosed_LIFT_OBJECT_unanticipated__RQ2_R_H07_C05_F04,1,Lift Slip — Low Friction Surface,apply_vacuum_assist(),0.7861111111111111,True
R_H07_C05_F04,diagnosed_LIFT_OBJECT_unanticipated__RQ2_R_H07_C05_F04,2,Parallel Arm Lift — Contact Loss,reposition_and_regrip(),0.6666666666666666,False
R_H07_C05_F04,diagnosed_LIFT_OBJECT_unanticipated__RQ2_R_H07_C05_F04,3,Cobot Industrial — Incremental Heavy Part Transfer,heavy_lift(),0.6507936507936508,False
R_H07_C05_F04,diagnosed_LIFT_OBJECT_unanticipated__RQ2_R_H07_C05_F04,4,Lightweight Arm Lift — Height Verification Only,extend_lift_phase(),0.5013652631578948,False
R_H07_C05_F04,diagnosed_LIFT_OBJECT_unanticipated__RQ2_R_H07_C05_F04,5,Cobot Lift Failure — Grip Pressure,increase_grip_pressure(),0.5,False
R_H07_C05_F04,diagnosed_LIFT_OBJECT_unanticipated__RQ2_R_H07_C05_F04,6,Heavy Duty Arm — Motor Overload During Lift,reduce_lift_speed(),0.5,False
R_H07_C05_F04,diagnosed_LIFT_OBJECT_unanticipated__RQ2_R_H07_C05_F04,7,Suction Arm Lift — Vacuum Loss,emergency_vacuum_pump(),0.3333333333333333,False
R_H07_C05_F05,diagnosed_LIFT_OBJECT_unanticipated__RQ2_R_H07_C05_F05,1,Lift Slip — Low Friction Surface,apply_vacuum_assist(),0.8055555555555557,True
R_H07_C05_F05,diagnosed_LIFT_OBJECT_unanticipated__RQ2_R_H07_C05_F05,2,Parallel Arm Lift — Contact Loss,reposition_and_regrip(),0.6666666666666666,False
R_H07_C05_F05,diagnosed_LIFT_OBJECT_unanticipated__RQ2_R_H07_C05_F05,3,Cobot Industrial — Incremental Heavy Part Transfer,heavy_lift(),0.6507936507936508,False
R_H07_C05_F05,diagnosed_LIFT_OBJECT_unanticipated__RQ2_R_H07_C05_F05,4,Lightweight Arm Lift — Height Verification Only,extend_lift_phase(),0.5013652631578948,False
R_H07_C05_F05,diagnosed_LIFT_OBJECT_unanticipated__RQ2_R_H07_C05_F05,5,Cobot Lift Failure — Grip Pressure,increase_grip_pressure(),0.5,False
R_H07_C05_F05,diagnosed_LIFT_OBJECT_unanticipated__RQ2_R_H07_C05_F05,6,Heavy Duty Arm — Motor Overload During Lift,reduce_lift_speed(),0.5,False
R_H07_C05_F05,diagnosed_LIFT_OBJECT_unanticipated__RQ2_R_H07_C05_F05,7,Suction Arm Lift — Vacuum Loss,emergency_vacuum_pump(),0.3333333333333333,False
R_H07_C05_F06,diagnosed_LIFT_OBJECT_unanticipated__RQ2_R_H07_C05_F06,1,Lift Slip — Low Friction Surface,apply_vacuum_assist(),0.7833333333333333,True
R_H07_C05_F06,diagnosed_LIFT_OBJECT_unanticipated__RQ2_R_H07_C05_F06,2,Parallel Arm Lift — Contact Loss,reposition_and_regrip(),0.6666666666666666,False
R_H07_C05_F06,diagnosed_LIFT_OBJECT_unanticipated__RQ2_R_H07_C05_F06,3,Cobot Industrial — Incremental Heavy Part Transfer,heavy_lift(),0.6507936507936508,False
R_H07_C05_F06,diagnosed_LIFT_OBJECT_unanticipated__RQ2_R_H07_C05_F06,4,Lightweight Arm Lift — Height Verification Only,extend_lift_phase(),0.5013652631578948,False
R_H07_C05_F06,diagnosed_LIFT_OBJECT_unanticipated__RQ2_R_H07_C05_F06,5,Cobot Lift Failure — Grip Pressure,increase_grip_pressure(),0.5,False
R_H07_C05_F06,diagnosed_LIFT_OBJECT_unanticipated__RQ2_R_H07_C05_F06,6,Heavy Duty Arm — Motor Overload During Lift,reduce_lift_speed(),0.5,False
R_H07_C05_F06,diagnosed_LIFT_OBJECT_unanticipated__RQ2_R_H07_C05_F06,7,Suction Arm Lift — Vacuum Loss,emergency_vacuum_pump(),0.3333333333333333,False
R_H07_C05_F07,diagnosed_LIFT_OBJECT_unanticipated__RQ2_R_H07_C05_F07,1,Lift Slip — Low Friction Surface,apply_vacuum_assist(),0.7388888888888889,True
R_H07_C05_F07,diagnosed_LIFT_OBJECT_unanticipated__RQ2_R_H07_C05_F07,2,Parallel Arm Lift — Contact Loss,reposition_and_regrip(),0.6666666666666666,False
R_H07_C05_F07,diagnosed_LIFT_OBJECT_unanticipated__RQ2_R_H07_C05_F07,3,Cobot Industrial — Incremental Heavy Part Transfer,heavy_lift(),0.6507936507936508,False
R_H07_C05_F07,diagnosed_LIFT_OBJECT_unanticipated__RQ2_R_H07_C05_F07,4,Lightweight Arm Lift — Height Verification Only,extend_lift_phase(),0.5013652631578948,False
R_H07_C05_F07,diagnosed_LIFT_OBJECT_unanticipated__RQ2_R_H07_C05_F07,5,Cobot Lift Failure — Grip Pressure,increase_grip_pressure(),0.5,False
R_H07_C05_F07,diagnosed_LIFT_OBJECT_unanticipated__RQ2_R_H07_C05_F07,6,Heavy Duty Arm — Motor Overload During Lift,reduce_lift_speed(),0.5,False
R_H07_C05_F07,diagnosed_LIFT_OBJECT_unanticipated__RQ2_R_H07_C05_F07,7,Suction Arm Lift — Vacuum Loss,emergency_vacuum_pump(),0.3333333333333333,False
R_H07_C05_F08,diagnosed_LIFT_OBJECT_unanticipated__RQ2_R_H07_C05_F08,1,Lift Slip — Low Friction Surface,apply_vacuum_assist(),0.6991666666666667,True
R_H07_C05_F08,diagnosed_LIFT_OBJECT_unanticipated__RQ2_R_H07_C05_F08,2,Parallel Arm Lift — Contact Loss,reposition_and_regrip(),0.6666666666666666,False
R_H07_C05_F08,diagnosed_LIFT_OBJECT_unanticipated__RQ2_R_H07_C05_F08,3,Cobot Industrial — Incremental Heavy Part Transfer,heavy_lift(),0.6507936507936508,False
R_H07_C05_F08,diagnosed_LIFT_OBJECT_unanticipated__RQ2_R_H07_C05_F08,4,Lightweight Arm Lift — Height Verification Only,extend_lift_phase(),0.5013652631578948,False
R_H07_C05_F08,diagnosed_LIFT_OBJECT_unanticipated__RQ2_R_H07_C05_F08,5,Cobot Lift Failure — Grip Pressure,increase_grip_pressure(),0.5,False
R_H07_C05_F08,diagnosed_LIFT_OBJECT_unanticipated__RQ2_R_H07_C05_F08,6,Heavy Duty Arm — Motor Overload During Lift,reduce_lift_speed(),0.5,False
R_H07_C05_F08,diagnosed_LIFT_OBJECT_unanticipated__RQ2_R_H07_C05_F08,7,Suction Arm Lift — Vacuum Loss,emergency_vacuum_pump(),0.3333333333333333,False
R_H07_C05_F09,diagnosed_LIFT_OBJECT_unanticipated__RQ2_R_H07_C05_F09,1,Lift Slip — Low Friction Surface,apply_vacuum_assist(),0.6944444444444443,True
R_H07_C05_F09,diagnosed_LIFT_OBJECT_unanticipated__RQ2_R_H07_C05_F09,2,Parallel Arm Lift — Contact Loss,reposition_and_regrip(),0.6666666666666666,False
R_H07_C05_F09,diagnosed_LIFT_OBJECT_unanticipated__RQ2_R_H07_C05_F09,3,Cobot Industrial — Incremental Heavy Part Transfer,heavy_lift(),0.6507936507936508,False
R_H07_C05_F09,diagnosed_LIFT_OBJECT_unanticipated__RQ2_R_H07_C05_F09,4,Lightweight Arm Lift — Height Verification Only,extend_lift_phase(),0.5013652631578948,False
R_H07_C05_F09,diagnosed_LIFT_OBJECT_unanticipated__RQ2_R_H07_C05_F09,5,Cobot Lift Failure — Grip Pressure,increase_grip_pressure(),0.5,False
R_H07_C05_F09,diagnosed_LIFT_OBJECT_unanticipated__RQ2_R_H07_C05_F09,6,Heavy Duty Arm — Motor Overload During Lift,reduce_lift_speed(),0.5,False
R_H07_C05_F09,diagnosed_LIFT_OBJECT_unanticipated__RQ2_R_H07_C05_F09,7,Suction Arm Lift — Vacuum Loss,emergency_vacuum_pump(),0.3333333333333333,False
R_H07_C05_F10,diagnosed_LIFT_OBJECT_unanticipated__RQ2_R_H07_C05_F10,1,Lift Slip — Low Friction Surface,apply_vacuum_assist(),0.6944444444444443,True
R_H07_C05_F10,diagnosed_LIFT_OBJECT_unanticipated__RQ2_R_H07_C05_F10,2,Parallel Arm Lift — Contact Loss,reposition_and_regrip(),0.6666666666666666,False
R_H07_C05_F10,diagnosed_LIFT_OBJECT_unanticipated__RQ2_R_H07_C05_F10,3,Cobot Industrial — Incremental Heavy Part Transfer,heavy_lift(),0.6507936507936508,False
R_H07_C05_F10,diagnosed_LIFT_OBJECT_unanticipated__RQ2_R_H07_C05_F10,4,Lightweight Arm Lift — Height Verification Only,extend_lift_phase(),0.5013652631578948,False
R_H07_C05_F10,diagnosed_LIFT_OBJECT_unanticipated__RQ2_R_H07_C05_F10,5,Cobot Lift Failure — Grip Pressure,increase_grip_pressure(),0.5,False
R_H07_C05_F10,diagnosed_LIFT_OBJECT_unanticipated__RQ2_R_H07_C05_F10,6,Heavy Duty Arm — Motor Overload During Lift,reduce_lift_speed(),0.5,False
R_H07_C05_F10,diagnosed_LIFT_OBJECT_unanticipated__RQ2_R_H07_C05_F10,7,Suction Arm Lift — Vacuum Loss,emergency_vacuum_pump(),0.3333333333333333,False
R_H07_C06_F01,diagnosed_LIFT_OBJECT_unanticipated__RQ2_R_H07_C06_F01,1,Lift Slip — Low Friction Surface,apply_vacuum_assist(),0.6944444444444443,True
R_H07_C06_F01,diagnosed_LIFT_OBJECT_unanticipated__RQ2_R_H07_C06_F01,2,Parallel Arm Lift — Contact Loss,reposition_and_regrip(),0.6666666666666666,False
R_H07_C06_F01,diagnosed_LIFT_OBJECT_unanticipated__RQ2_R_H07_C06_F01,3,Cobot Industrial — Incremental Heavy Part Transfer,heavy_lift(),0.6507936507936508,False
R_H07_C06_F01,diagnosed_LIFT_OBJECT_unanticipated__RQ2_R_H07_C06_F01,4,Lightweight Arm Lift — Height Verification Only,extend_lift_phase(),0.5013652631578948,False
R_H07_C06_F01,diagnosed_LIFT_OBJECT_unanticipated__RQ2_R_H07_C06_F01,5,Cobot Lift Failure — Grip Pressure,increase_grip_pressure(),0.5,False
R_H07_C06_F01,diagnosed_LIFT_OBJECT_unanticipated__RQ2_R_H07_C06_F01,6,Heavy Duty Arm — Motor Overload During Lift,reduce_lift_speed(),0.5,False
R_H07_C06_F01,diagnosed_LIFT_OBJECT_unanticipated__RQ2_R_H07_C06_F01,7,Suction Arm Lift — Vacuum Loss,emergency_vacuum_pump(),0.3333333333333333,False
R_H07_C06_F02,diagnosed_LIFT_OBJECT_unanticipated__RQ2_R_H07_C06_F02,1,Lift Slip — Low Friction Surface,apply_vacuum_assist(),0.75,True
R_H07_C06_F02,diagnosed_LIFT_OBJECT_unanticipated__RQ2_R_H07_C06_F02,2,Parallel Arm Lift — Contact Loss,reposition_and_regrip(),0.6666666666666666,False
R_H07_C06_F02,diagnosed_LIFT_OBJECT_unanticipated__RQ2_R_H07_C06_F02,3,Cobot Industrial — Incremental Heavy Part Transfer,heavy_lift(),0.6507936507936508,False
R_H07_C06_F02,diagnosed_LIFT_OBJECT_unanticipated__RQ2_R_H07_C06_F02,4,Lightweight Arm Lift — Height Verification Only,extend_lift_phase(),0.5013652631578948,False
R_H07_C06_F02,diagnosed_LIFT_OBJECT_unanticipated__RQ2_R_H07_C06_F02,5,Cobot Lift Failure — Grip Pressure,increase_grip_pressure(),0.5,False
R_H07_C06_F02,diagnosed_LIFT_OBJECT_unanticipated__RQ2_R_H07_C06_F02,6,Heavy Duty Arm — Motor Overload During Lift,reduce_lift_speed(),0.5,False
R_H07_C06_F02,diagnosed_LIFT_OBJECT_unanticipated__RQ2_R_H07_C06_F02,7,Suction Arm Lift — Vacuum Loss,emergency_vacuum_pump(),0.3333333333333333,False
R_H07_C06_F03,diagnosed_LIFT_OBJECT_unanticipated__RQ2_R_H07_C06_F03,1,Lift Slip — Low Friction Surface,apply_vacuum_assist(),0.7541666666666668,True
R_H07_C06_F03,diagnosed_LIFT_OBJECT_unanticipated__RQ2_R_H07_C06_F03,2,Parallel Arm Lift — Contact Loss,reposition_and_regrip(),0.6666666666666666,False
R_H07_C06_F03,diagnosed_LIFT_OBJECT_unanticipated__RQ2_R_H07_C06_F03,3,Cobot Industrial — Incremental Heavy Part Transfer,heavy_lift(),0.6507936507936508,False
R_H07_C06_F03,diagnosed_LIFT_OBJECT_unanticipated__RQ2_R_H07_C06_F03,4,Lightweight Arm Lift — Height Verification Only,extend_lift_phase(),0.5013652631578948,False
R_H07_C06_F03,diagnosed_LIFT_OBJECT_unanticipated__RQ2_R_H07_C06_F03,5,Cobot Lift Failure — Grip Pressure,increase_grip_pressure(),0.5,False
R_H07_C06_F03,diagnosed_LIFT_OBJECT_unanticipated__RQ2_R_H07_C06_F03,6,Heavy Duty Arm — Motor Overload During Lift,reduce_lift_speed(),0.5,False
R_H07_C06_F03,diagnosed_LIFT_OBJECT_unanticipated__RQ2_R_H07_C06_F03,7,Suction Arm Lift — Vacuum Loss,emergency_vacuum_pump(),0.3333333333333333,False
R_H07_C06_F04,diagnosed_LIFT_OBJECT_unanticipated__RQ2_R_H07_C06_F04,1,Lift Slip — Low Friction Surface,apply_vacuum_assist(),0.7583333333333333,True
R_H07_C06_F04,diagnosed_LIFT_OBJECT_unanticipated__RQ2_R_H07_C06_F04,2,Parallel Arm Lift — Contact Loss,reposition_and_regrip(),0.6666666666666666,False
R_H07_C06_F04,diagnosed_LIFT_OBJECT_unanticipated__RQ2_R_H07_C06_F04,3,Cobot Industrial — Incremental Heavy Part Transfer,heavy_lift(),0.6507936507936508,False
R_H07_C06_F04,diagnosed_LIFT_OBJECT_unanticipated__RQ2_R_H07_C06_F04,4,Lightweight Arm Lift — Height Verification Only,extend_lift_phase(),0.5013652631578948,False
R_H07_C06_F04,diagnosed_LIFT_OBJECT_unanticipated__RQ2_R_H07_C06_F04,5,Cobot Lift Failure — Grip Pressure,increase_grip_pressure(),0.5,False
R_H07_C06_F04,diagnosed_LIFT_OBJECT_unanticipated__RQ2_R_H07_C06_F04,6,Heavy Duty Arm — Motor Overload During Lift,reduce_lift_speed(),0.5,False
R_H07_C06_F04,diagnosed_LIFT_OBJECT_unanticipated__RQ2_R_H07_C06_F04,7,Suction Arm Lift — Vacuum Loss,emergency_vacuum_pump(),0.3333333333333333,False
R_H07_C06_F05,diagnosed_LIFT_OBJECT_unanticipated__RQ2_R_H07_C06_F05,1,Lift Slip — Low Friction Surface,apply_vacuum_assist(),0.7777777777777777,True
R_H07_C06_F05,diagnosed_LIFT_OBJECT_unanticipated__RQ2_R_H07_C06_F05,2,Parallel Arm Lift — Contact Loss,reposition_and_regrip(),0.6666666666666666,False
R_H07_C06_F05,diagnosed_LIFT_OBJECT_unanticipated__RQ2_R_H07_C06_F05,3,Cobot Industrial — Incremental Heavy Part Transfer,heavy_lift(),0.6507936507936508,False
R_H07_C06_F05,diagnosed_LIFT_OBJECT_unanticipated__RQ2_R_H07_C06_F05,4,Lightweight Arm Lift — Height Verification Only,extend_lift_phase(),0.5013652631578948,False
R_H07_C06_F05,diagnosed_LIFT_OBJECT_unanticipated__RQ2_R_H07_C06_F05,5,Cobot Lift Failure — Grip Pressure,increase_grip_pressure(),0.5,False
R_H07_C06_F05,diagnosed_LIFT_OBJECT_unanticipated__RQ2_R_H07_C06_F05,6,Heavy Duty Arm — Motor Overload During Lift,reduce_lift_speed(),0.5,False
R_H07_C06_F05,diagnosed_LIFT_OBJECT_unanticipated__RQ2_R_H07_C06_F05,7,Suction Arm Lift — Vacuum Loss,emergency_vacuum_pump(),0.3333333333333333,False
R_H07_C06_F06,diagnosed_LIFT_OBJECT_unanticipated__RQ2_R_H07_C06_F06,1,Lift Slip — Low Friction Surface,apply_vacuum_assist(),0.7555555555555555,True
R_H07_C06_F06,diagnosed_LIFT_OBJECT_unanticipated__RQ2_R_H07_C06_F06,2,Parallel Arm Lift — Contact Loss,reposition_and_regrip(),0.6666666666666666,False
R_H07_C06_F06,diagnosed_LIFT_OBJECT_unanticipated__RQ2_R_H07_C06_F06,3,Cobot Industrial — Incremental Heavy Part Transfer,heavy_lift(),0.6507936507936508,False
R_H07_C06_F06,diagnosed_LIFT_OBJECT_unanticipated__RQ2_R_H07_C06_F06,4,Lightweight Arm Lift — Height Verification Only,extend_lift_phase(),0.5013652631578948,False
R_H07_C06_F06,diagnosed_LIFT_OBJECT_unanticipated__RQ2_R_H07_C06_F06,5,Cobot Lift Failure — Grip Pressure,increase_grip_pressure(),0.5,False
R_H07_C06_F06,diagnosed_LIFT_OBJECT_unanticipated__RQ2_R_H07_C06_F06,6,Heavy Duty Arm — Motor Overload During Lift,reduce_lift_speed(),0.5,False
R_H07_C06_F06,diagnosed_LIFT_OBJECT_unanticipated__RQ2_R_H07_C06_F06,7,Suction Arm Lift — Vacuum Loss,emergency_vacuum_pump(),0.3333333333333333,False
R_H07_C06_F07,diagnosed_LIFT_OBJECT_unanticipated__RQ2_R_H07_C06_F07,1,Lift Slip — Low Friction Surface,apply_vacuum_assist(),0.7111111111111111,True
R_H07_C06_F07,diagnosed_LIFT_OBJECT_unanticipated__RQ2_R_H07_C06_F07,2,Parallel Arm Lift — Contact Loss,reposition_and_regrip(),0.6666666666666666,False
R_H07_C06_F07,diagnosed_LIFT_OBJECT_unanticipated__RQ2_R_H07_C06_F07,3,Cobot Industrial — Incremental Heavy Part Transfer,heavy_lift(),0.6507936507936508,False
R_H07_C06_F07,diagnosed_LIFT_OBJECT_unanticipated__RQ2_R_H07_C06_F07,4,Lightweight Arm Lift — Height Verification Only,extend_lift_phase(),0.5013652631578948,False
R_H07_C06_F07,diagnosed_LIFT_OBJECT_unanticipated__RQ2_R_H07_C06_F07,5,Cobot Lift Failure — Grip Pressure,increase_grip_pressure(),0.5,False
R_H07_C06_F07,diagnosed_LIFT_OBJECT_unanticipated__RQ2_R_H07_C06_F07,6,Heavy Duty Arm — Motor Overload During Lift,reduce_lift_speed(),0.5,False
R_H07_C06_F07,diagnosed_LIFT_OBJECT_unanticipated__RQ2_R_H07_C06_F07,7,Suction Arm Lift — Vacuum Loss,emergency_vacuum_pump(),0.3333333333333333,False
R_H07_C06_F08,diagnosed_LIFT_OBJECT_unanticipated__RQ2_R_H07_C06_F08,1,Lift Slip — Low Friction Surface,apply_vacuum_assist(),0.6713888888888889,True
R_H07_C06_F08,diagnosed_LIFT_OBJECT_unanticipated__RQ2_R_H07_C06_F08,2,Parallel Arm Lift — Contact Loss,reposition_and_regrip(),0.6666666666666666,False
R_H07_C06_F08,diagnosed_LIFT_OBJECT_unanticipated__RQ2_R_H07_C06_F08,3,Cobot Industrial — Incremental Heavy Part Transfer,heavy_lift(),0.6507936507936508,False
R_H07_C06_F08,diagnosed_LIFT_OBJECT_unanticipated__RQ2_R_H07_C06_F08,4,Lightweight Arm Lift — Height Verification Only,extend_lift_phase(),0.5013652631578948,False
R_H07_C06_F08,diagnosed_LIFT_OBJECT_unanticipated__RQ2_R_H07_C06_F08,5,Cobot Lift Failure — Grip Pressure,increase_grip_pressure(),0.5,False
R_H07_C06_F08,diagnosed_LIFT_OBJECT_unanticipated__RQ2_R_H07_C06_F08,6,Heavy Duty Arm — Motor Overload During Lift,reduce_lift_speed(),0.5,False
R_H07_C06_F08,diagnosed_LIFT_OBJECT_unanticipated__RQ2_R_H07_C06_F08,7,Suction Arm Lift — Vacuum Loss,emergency_vacuum_pump(),0.3333333333333333,False
R_H07_C06_F09,diagnosed_LIFT_OBJECT_unanticipated__RQ2_R_H07_C06_F09,1,Lift Slip — Low Friction Surface,apply_vacuum_assist(),0.6666666666666666,True
R_H07_C06_F09,diagnosed_LIFT_OBJECT_unanticipated__RQ2_R_H07_C06_F09,2,Parallel Arm Lift — Contact Loss,reposition_and_regrip(),0.6666666666666666,False
R_H07_C06_F09,diagnosed_LIFT_OBJECT_unanticipated__RQ2_R_H07_C06_F09,3,Cobot Industrial — Incremental Heavy Part Transfer,heavy_lift(),0.6507936507936508,False
R_H07_C06_F09,diagnosed_LIFT_OBJECT_unanticipated__RQ2_R_H07_C06_F09,4,Lightweight Arm Lift — Height Verification Only,extend_lift_phase(),0.5013652631578948,False
R_H07_C06_F09,diagnosed_LIFT_OBJECT_unanticipated__RQ2_R_H07_C06_F09,5,Cobot Lift Failure — Grip Pressure,increase_grip_pressure(),0.5,False
R_H07_C06_F09,diagnosed_LIFT_OBJECT_unanticipated__RQ2_R_H07_C06_F09,6,Heavy Duty Arm — Motor Overload During Lift,reduce_lift_speed(),0.5,False
R_H07_C06_F09,diagnosed_LIFT_OBJECT_unanticipated__RQ2_R_H07_C06_F09,7,Suction Arm Lift — Vacuum Loss,emergency_vacuum_pump(),0.3333333333333333,False
R_H07_C06_F10,diagnosed_LIFT_OBJECT_unanticipated__RQ2_R_H07_C06_F10,1,Lift Slip — Low Friction Surface,apply_vacuum_assist(),0.6666666666666666,True
R_H07_C06_F10,diagnosed_LIFT_OBJECT_unanticipated__RQ2_R_H07_C06_F10,2,Parallel Arm Lift — Contact Loss,reposition_and_regrip(),0.6666666666666666,False
R_H07_C06_F10,diagnosed_LIFT_OBJECT_unanticipated__RQ2_R_H07_C06_F10,3,Cobot Industrial — Incremental Heavy Part Transfer,heavy_lift(),0.6507936507936508,False
R_H07_C06_F10,diagnosed_LIFT_OBJECT_unanticipated__RQ2_R_H07_C06_F10,4,Lightweight Arm Lift — Height Verification Only,extend_lift_phase(),0.5013652631578948,False
R_H07_C06_F10,diagnosed_LIFT_OBJECT_unanticipated__RQ2_R_H07_C06_F10,5,Cobot Lift Failure — Grip Pressure,increase_grip_pressure(),0.5,False
R_H07_C06_F10,diagnosed_LIFT_OBJECT_unanticipated__RQ2_R_H07_C06_F10,6,Heavy Duty Arm — Motor Overload During Lift,reduce_lift_speed(),0.5,False
R_H07_C06_F10,diagnosed_LIFT_OBJECT_unanticipated__RQ2_R_H07_C06_F10,7,Suction Arm Lift — Vacuum Loss,emergency_vacuum_pump(),0.3333333333333333,False
R_H07_C07_F01,diagnosed_LIFT_OBJECT_unanticipated__RQ2_R_H07_C07_F01,1,Lift Slip — Low Friction Surface,apply_vacuum_assist(),0.6944444444444443,True
R_H07_C07_F01,diagnosed_LIFT_OBJECT_unanticipated__RQ2_R_H07_C07_F01,2,Parallel Arm Lift — Contact Loss,reposition_and_regrip(),0.6666666666666666,False
R_H07_C07_F01,diagnosed_LIFT_OBJECT_unanticipated__RQ2_R_H07_C07_F01,3,Cobot Industrial — Incremental Heavy Part Transfer,heavy_lift(),0.6507936507936508,False
R_H07_C07_F01,diagnosed_LIFT_OBJECT_unanticipated__RQ2_R_H07_C07_F01,4,Lightweight Arm Lift — Height Verification Only,extend_lift_phase(),0.5013652631578948,False
R_H07_C07_F01,diagnosed_LIFT_OBJECT_unanticipated__RQ2_R_H07_C07_F01,5,Cobot Lift Failure — Grip Pressure,increase_grip_pressure(),0.5,False
R_H07_C07_F01,diagnosed_LIFT_OBJECT_unanticipated__RQ2_R_H07_C07_F01,6,Heavy Duty Arm — Motor Overload During Lift,reduce_lift_speed(),0.5,False
R_H07_C07_F01,diagnosed_LIFT_OBJECT_unanticipated__RQ2_R_H07_C07_F01,7,Suction Arm Lift — Vacuum Loss,emergency_vacuum_pump(),0.3333333333333333,False
R_H07_C07_F02,diagnosed_LIFT_OBJECT_unanticipated__RQ2_R_H07_C07_F02,1,Lift Slip — Low Friction Surface,apply_vacuum_assist(),0.75,True
R_H07_C07_F02,diagnosed_LIFT_OBJECT_unanticipated__RQ2_R_H07_C07_F02,2,Parallel Arm Lift — Contact Loss,reposition_and_regrip(),0.6666666666666666,False
R_H07_C07_F02,diagnosed_LIFT_OBJECT_unanticipated__RQ2_R_H07_C07_F02,3,Cobot Industrial — Incremental Heavy Part Transfer,heavy_lift(),0.6507936507936508,False
R_H07_C07_F02,diagnosed_LIFT_OBJECT_unanticipated__RQ2_R_H07_C07_F02,4,Lightweight Arm Lift — Height Verification Only,extend_lift_phase(),0.5013652631578948,False
R_H07_C07_F02,diagnosed_LIFT_OBJECT_unanticipated__RQ2_R_H07_C07_F02,5,Cobot Lift Failure — Grip Pressure,increase_grip_pressure(),0.5,False
R_H07_C07_F02,diagnosed_LIFT_OBJECT_unanticipated__RQ2_R_H07_C07_F02,6,Heavy Duty Arm — Motor Overload During Lift,reduce_lift_speed(),0.5,False
R_H07_C07_F02,diagnosed_LIFT_OBJECT_unanticipated__RQ2_R_H07_C07_F02,7,Suction Arm Lift — Vacuum Loss,emergency_vacuum_pump(),0.3333333333333333,False
R_H07_C07_F03,diagnosed_LIFT_OBJECT_unanticipated__RQ2_R_H07_C07_F03,1,Lift Slip — Low Friction Surface,apply_vacuum_assist(),0.7541666666666668,True
R_H07_C07_F03,diagnosed_LIFT_OBJECT_unanticipated__RQ2_R_H07_C07_F03,2,Parallel Arm Lift — Contact Loss,reposition_and_regrip(),0.6666666666666666,False
R_H07_C07_F03,diagnosed_LIFT_OBJECT_unanticipated__RQ2_R_H07_C07_F03,3,Cobot Industrial — Incremental Heavy Part Transfer,heavy_lift(),0.6507936507936508,False
R_H07_C07_F03,diagnosed_LIFT_OBJECT_unanticipated__RQ2_R_H07_C07_F03,4,Lightweight Arm Lift — Height Verification Only,extend_lift_phase(),0.5013652631578948,False
R_H07_C07_F03,diagnosed_LIFT_OBJECT_unanticipated__RQ2_R_H07_C07_F03,5,Cobot Lift Failure — Grip Pressure,increase_grip_pressure(),0.5,False
R_H07_C07_F03,diagnosed_LIFT_OBJECT_unanticipated__RQ2_R_H07_C07_F03,6,Heavy Duty Arm — Motor Overload During Lift,reduce_lift_speed(),0.5,False
R_H07_C07_F03,diagnosed_LIFT_OBJECT_unanticipated__RQ2_R_H07_C07_F03,7,Suction Arm Lift — Vacuum Loss,emergency_vacuum_pump(),0.3333333333333333,False
R_H07_C07_F04,diagnosed_LIFT_OBJECT_unanticipated__RQ2_R_H07_C07_F04,1,Lift Slip — Low Friction Surface,apply_vacuum_assist(),0.7583333333333333,True
R_H07_C07_F04,diagnosed_LIFT_OBJECT_unanticipated__RQ2_R_H07_C07_F04,2,Parallel Arm Lift — Contact Loss,reposition_and_regrip(),0.6666666666666666,False
R_H07_C07_F04,diagnosed_LIFT_OBJECT_unanticipated__RQ2_R_H07_C07_F04,3,Cobot Industrial — Incremental Heavy Part Transfer,heavy_lift(),0.6507936507936508,False
R_H07_C07_F04,diagnosed_LIFT_OBJECT_unanticipated__RQ2_R_H07_C07_F04,4,Lightweight Arm Lift — Height Verification Only,extend_lift_phase(),0.5013652631578948,False
R_H07_C07_F04,diagnosed_LIFT_OBJECT_unanticipated__RQ2_R_H07_C07_F04,5,Cobot Lift Failure — Grip Pressure,increase_grip_pressure(),0.5,False
R_H07_C07_F04,diagnosed_LIFT_OBJECT_unanticipated__RQ2_R_H07_C07_F04,6,Heavy Duty Arm — Motor Overload During Lift,reduce_lift_speed(),0.5,False
R_H07_C07_F04,diagnosed_LIFT_OBJECT_unanticipated__RQ2_R_H07_C07_F04,7,Suction Arm Lift — Vacuum Loss,emergency_vacuum_pump(),0.3333333333333333,False
R_H07_C07_F05,diagnosed_LIFT_OBJECT_unanticipated__RQ2_R_H07_C07_F05,1,Lift Slip — Low Friction Surface,apply_vacuum_assist(),0.7777777777777777,True
R_H07_C07_F05,diagnosed_LIFT_OBJECT_unanticipated__RQ2_R_H07_C07_F05,2,Parallel Arm Lift — Contact Loss,reposition_and_regrip(),0.6666666666666666,False
R_H07_C07_F05,diagnosed_LIFT_OBJECT_unanticipated__RQ2_R_H07_C07_F05,3,Cobot Industrial — Incremental Heavy Part Transfer,heavy_lift(),0.6507936507936508,False
R_H07_C07_F05,diagnosed_LIFT_OBJECT_unanticipated__RQ2_R_H07_C07_F05,4,Lightweight Arm Lift — Height Verification Only,extend_lift_phase(),0.5013652631578948,False
R_H07_C07_F05,diagnosed_LIFT_OBJECT_unanticipated__RQ2_R_H07_C07_F05,5,Cobot Lift Failure — Grip Pressure,increase_grip_pressure(),0.5,False
R_H07_C07_F05,diagnosed_LIFT_OBJECT_unanticipated__RQ2_R_H07_C07_F05,6,Heavy Duty Arm — Motor Overload During Lift,reduce_lift_speed(),0.5,False
R_H07_C07_F05,diagnosed_LIFT_OBJECT_unanticipated__RQ2_R_H07_C07_F05,7,Suction Arm Lift — Vacuum Loss,emergency_vacuum_pump(),0.3333333333333333,False
R_H07_C07_F06,diagnosed_LIFT_OBJECT_unanticipated__RQ2_R_H07_C07_F06,1,Lift Slip — Low Friction Surface,apply_vacuum_assist(),0.7555555555555555,True
R_H07_C07_F06,diagnosed_LIFT_OBJECT_unanticipated__RQ2_R_H07_C07_F06,2,Parallel Arm Lift — Contact Loss,reposition_and_regrip(),0.6666666666666666,False
R_H07_C07_F06,diagnosed_LIFT_OBJECT_unanticipated__RQ2_R_H07_C07_F06,3,Cobot Industrial — Incremental Heavy Part Transfer,heavy_lift(),0.6507936507936508,False
R_H07_C07_F06,diagnosed_LIFT_OBJECT_unanticipated__RQ2_R_H07_C07_F06,4,Lightweight Arm Lift — Height Verification Only,extend_lift_phase(),0.5013652631578948,False
R_H07_C07_F06,diagnosed_LIFT_OBJECT_unanticipated__RQ2_R_H07_C07_F06,5,Cobot Lift Failure — Grip Pressure,increase_grip_pressure(),0.5,False
R_H07_C07_F06,diagnosed_LIFT_OBJECT_unanticipated__RQ2_R_H07_C07_F06,6,Heavy Duty Arm — Motor Overload During Lift,reduce_lift_speed(),0.5,False
R_H07_C07_F06,diagnosed_LIFT_OBJECT_unanticipated__RQ2_R_H07_C07_F06,7,Suction Arm Lift — Vacuum Loss,emergency_vacuum_pump(),0.3333333333333333,False
R_H07_C07_F07,diagnosed_LIFT_OBJECT_unanticipated__RQ2_R_H07_C07_F07,1,Lift Slip — Low Friction Surface,apply_vacuum_assist(),0.7111111111111111,True
R_H07_C07_F07,diagnosed_LIFT_OBJECT_unanticipated__RQ2_R_H07_C07_F07,2,Parallel Arm Lift — Contact Loss,reposition_and_regrip(),0.6666666666666666,False
R_H07_C07_F07,diagnosed_LIFT_OBJECT_unanticipated__RQ2_R_H07_C07_F07,3,Cobot Industrial — Incremental Heavy Part Transfer,heavy_lift(),0.6507936507936508,False
R_H07_C07_F07,diagnosed_LIFT_OBJECT_unanticipated__RQ2_R_H07_C07_F07,4,Lightweight Arm Lift — Height Verification Only,extend_lift_phase(),0.5013652631578948,False
R_H07_C07_F07,diagnosed_LIFT_OBJECT_unanticipated__RQ2_R_H07_C07_F07,5,Cobot Lift Failure — Grip Pressure,increase_grip_pressure(),0.5,False
R_H07_C07_F07,diagnosed_LIFT_OBJECT_unanticipated__RQ2_R_H07_C07_F07,6,Heavy Duty Arm — Motor Overload During Lift,reduce_lift_speed(),0.5,False
R_H07_C07_F07,diagnosed_LIFT_OBJECT_unanticipated__RQ2_R_H07_C07_F07,7,Suction Arm Lift — Vacuum Loss,emergency_vacuum_pump(),0.3333333333333333,False
R_H07_C07_F08,diagnosed_LIFT_OBJECT_unanticipated__RQ2_R_H07_C07_F08,1,Lift Slip — Low Friction Surface,apply_vacuum_assist(),0.6713888888888889,True
R_H07_C07_F08,diagnosed_LIFT_OBJECT_unanticipated__RQ2_R_H07_C07_F08,2,Parallel Arm Lift — Contact Loss,reposition_and_regrip(),0.6666666666666666,False
R_H07_C07_F08,diagnosed_LIFT_OBJECT_unanticipated__RQ2_R_H07_C07_F08,3,Cobot Industrial — Incremental Heavy Part Transfer,heavy_lift(),0.6507936507936508,False
R_H07_C07_F08,diagnosed_LIFT_OBJECT_unanticipated__RQ2_R_H07_C07_F08,4,Lightweight Arm Lift — Height Verification Only,extend_lift_phase(),0.5013652631578948,False
R_H07_C07_F08,diagnosed_LIFT_OBJECT_unanticipated__RQ2_R_H07_C07_F08,5,Cobot Lift Failure — Grip Pressure,increase_grip_pressure(),0.5,False
R_H07_C07_F08,diagnosed_LIFT_OBJECT_unanticipated__RQ2_R_H07_C07_F08,6,Heavy Duty Arm — Motor Overload During Lift,reduce_lift_speed(),0.5,False
R_H07_C07_F08,diagnosed_LIFT_OBJECT_unanticipated__RQ2_R_H07_C07_F08,7,Suction Arm Lift — Vacuum Loss,emergency_vacuum_pump(),0.3333333333333333,False
R_H07_C07_F09,diagnosed_LIFT_OBJECT_unanticipated__RQ2_R_H07_C07_F09,1,Lift Slip — Low Friction Surface,apply_vacuum_assist(),0.6666666666666666,True
R_H07_C07_F09,diagnosed_LIFT_OBJECT_unanticipated__RQ2_R_H07_C07_F09,2,Parallel Arm Lift — Contact Loss,reposition_and_regrip(),0.6666666666666666,False
R_H07_C07_F09,diagnosed_LIFT_OBJECT_unanticipated__RQ2_R_H07_C07_F09,3,Cobot Industrial — Incremental Heavy Part Transfer,heavy_lift(),0.6507936507936508,False
R_H07_C07_F09,diagnosed_LIFT_OBJECT_unanticipated__RQ2_R_H07_C07_F09,4,Lightweight Arm Lift — Height Verification Only,extend_lift_phase(),0.5013652631578948,False
R_H07_C07_F09,diagnosed_LIFT_OBJECT_unanticipated__RQ2_R_H07_C07_F09,5,Cobot Lift Failure — Grip Pressure,increase_grip_pressure(),0.5,False
R_H07_C07_F09,diagnosed_LIFT_OBJECT_unanticipated__RQ2_R_H07_C07_F09,6,Heavy Duty Arm — Motor Overload During Lift,reduce_lift_speed(),0.5,False
R_H07_C07_F09,diagnosed_LIFT_OBJECT_unanticipated__RQ2_R_H07_C07_F09,7,Suction Arm Lift — Vacuum Loss,emergency_vacuum_pump(),0.3333333333333333,False
R_H07_C07_F10,diagnosed_LIFT_OBJECT_unanticipated__RQ2_R_H07_C07_F10,1,Lift Slip — Low Friction Surface,apply_vacuum_assist(),0.6666666666666666,True
R_H07_C07_F10,diagnosed_LIFT_OBJECT_unanticipated__RQ2_R_H07_C07_F10,2,Parallel Arm Lift — Contact Loss,reposition_and_regrip(),0.6666666666666666,False
R_H07_C07_F10,diagnosed_LIFT_OBJECT_unanticipated__RQ2_R_H07_C07_F10,3,Cobot Industrial — Incremental Heavy Part Transfer,heavy_lift(),0.6507936507936508,False
R_H07_C07_F10,diagnosed_LIFT_OBJECT_unanticipated__RQ2_R_H07_C07_F10,4,Lightweight Arm Lift — Height Verification Only,extend_lift_phase(),0.5013652631578948,False
R_H07_C07_F10,diagnosed_LIFT_OBJECT_unanticipated__RQ2_R_H07_C07_F10,5,Cobot Lift Failure — Grip Pressure,increase_grip_pressure(),0.5,False
R_H07_C07_F10,diagnosed_LIFT_OBJECT_unanticipated__RQ2_R_H07_C07_F10,6,Heavy Duty Arm — Motor Overload During Lift,reduce_lift_speed(),0.5,False
R_H07_C07_F10,diagnosed_LIFT_OBJECT_unanticipated__RQ2_R_H07_C07_F10,7,Suction Arm Lift — Vacuum Loss,emergency_vacuum_pump(),0.3333333333333333,False
R_H07_C08_F01,diagnosed_LIFT_OBJECT_unanticipated__RQ2_R_H07_C08_F01,1,Lift Slip — Low Friction Surface,apply_vacuum_assist(),0.6944444444444443,True
R_H07_C08_F01,diagnosed_LIFT_OBJECT_unanticipated__RQ2_R_H07_C08_F01,2,Parallel Arm Lift — Contact Loss,reposition_and_regrip(),0.6666666666666666,False
R_H07_C08_F01,diagnosed_LIFT_OBJECT_unanticipated__RQ2_R_H07_C08_F01,3,Cobot Industrial — Incremental Heavy Part Transfer,heavy_lift(),0.6507936507936508,False
R_H07_C08_F01,diagnosed_LIFT_OBJECT_unanticipated__RQ2_R_H07_C08_F01,4,Lightweight Arm Lift — Height Verification Only,extend_lift_phase(),0.5013652631578948,False
R_H07_C08_F01,diagnosed_LIFT_OBJECT_unanticipated__RQ2_R_H07_C08_F01,5,Cobot Lift Failure — Grip Pressure,increase_grip_pressure(),0.5,False
R_H07_C08_F01,diagnosed_LIFT_OBJECT_unanticipated__RQ2_R_H07_C08_F01,6,Heavy Duty Arm — Motor Overload During Lift,reduce_lift_speed(),0.5,False
R_H07_C08_F01,diagnosed_LIFT_OBJECT_unanticipated__RQ2_R_H07_C08_F01,7,Suction Arm Lift — Vacuum Loss,emergency_vacuum_pump(),0.3333333333333333,False
R_H07_C08_F02,diagnosed_LIFT_OBJECT_unanticipated__RQ2_R_H07_C08_F02,1,Lift Slip — Low Friction Surface,apply_vacuum_assist(),0.75,True
R_H07_C08_F02,diagnosed_LIFT_OBJECT_unanticipated__RQ2_R_H07_C08_F02,2,Parallel Arm Lift — Contact Loss,reposition_and_regrip(),0.6666666666666666,False
R_H07_C08_F02,diagnosed_LIFT_OBJECT_unanticipated__RQ2_R_H07_C08_F02,3,Cobot Industrial — Incremental Heavy Part Transfer,heavy_lift(),0.6507936507936508,False
R_H07_C08_F02,diagnosed_LIFT_OBJECT_unanticipated__RQ2_R_H07_C08_F02,4,Lightweight Arm Lift — Height Verification Only,extend_lift_phase(),0.5013652631578948,False
R_H07_C08_F02,diagnosed_LIFT_OBJECT_unanticipated__RQ2_R_H07_C08_F02,5,Cobot Lift Failure — Grip Pressure,increase_grip_pressure(),0.5,False
R_H07_C08_F02,diagnosed_LIFT_OBJECT_unanticipated__RQ2_R_H07_C08_F02,6,Heavy Duty Arm — Motor Overload During Lift,reduce_lift_speed(),0.5,False
R_H07_C08_F02,diagnosed_LIFT_OBJECT_unanticipated__RQ2_R_H07_C08_F02,7,Suction Arm Lift — Vacuum Loss,emergency_vacuum_pump(),0.3333333333333333,False
R_H07_C08_F03,diagnosed_LIFT_OBJECT_unanticipated__RQ2_R_H07_C08_F03,1,Lift Slip — Low Friction Surface,apply_vacuum_assist(),0.7541666666666668,True
R_H07_C08_F03,diagnosed_LIFT_OBJECT_unanticipated__RQ2_R_H07_C08_F03,2,Parallel Arm Lift — Contact Loss,reposition_and_regrip(),0.6666666666666666,False
R_H07_C08_F03,diagnosed_LIFT_OBJECT_unanticipated__RQ2_R_H07_C08_F03,3,Cobot Industrial — Incremental Heavy Part Transfer,heavy_lift(),0.6507936507936508,False
R_H07_C08_F03,diagnosed_LIFT_OBJECT_unanticipated__RQ2_R_H07_C08_F03,4,Lightweight Arm Lift — Height Verification Only,extend_lift_phase(),0.5013652631578948,False
R_H07_C08_F03,diagnosed_LIFT_OBJECT_unanticipated__RQ2_R_H07_C08_F03,5,Cobot Lift Failure — Grip Pressure,increase_grip_pressure(),0.5,False
R_H07_C08_F03,diagnosed_LIFT_OBJECT_unanticipated__RQ2_R_H07_C08_F03,6,Heavy Duty Arm — Motor Overload During Lift,reduce_lift_speed(),0.5,False
R_H07_C08_F03,diagnosed_LIFT_OBJECT_unanticipated__RQ2_R_H07_C08_F03,7,Suction Arm Lift — Vacuum Loss,emergency_vacuum_pump(),0.3333333333333333,False
R_H07_C08_F04,diagnosed_LIFT_OBJECT_unanticipated__RQ2_R_H07_C08_F04,1,Lift Slip — Low Friction Surface,apply_vacuum_assist(),0.7583333333333333,True
R_H07_C08_F04,diagnosed_LIFT_OBJECT_unanticipated__RQ2_R_H07_C08_F04,2,Parallel Arm Lift — Contact Loss,reposition_and_regrip(),0.6666666666666666,False
R_H07_C08_F04,diagnosed_LIFT_OBJECT_unanticipated__RQ2_R_H07_C08_F04,3,Cobot Industrial — Incremental Heavy Part Transfer,heavy_lift(),0.6507936507936508,False
R_H07_C08_F04,diagnosed_LIFT_OBJECT_unanticipated__RQ2_R_H07_C08_F04,4,Lightweight Arm Lift — Height Verification Only,extend_lift_phase(),0.5013652631578948,False
R_H07_C08_F04,diagnosed_LIFT_OBJECT_unanticipated__RQ2_R_H07_C08_F04,5,Cobot Lift Failure — Grip Pressure,increase_grip_pressure(),0.5,False
R_H07_C08_F04,diagnosed_LIFT_OBJECT_unanticipated__RQ2_R_H07_C08_F04,6,Heavy Duty Arm — Motor Overload During Lift,reduce_lift_speed(),0.5,False
R_H07_C08_F04,diagnosed_LIFT_OBJECT_unanticipated__RQ2_R_H07_C08_F04,7,Suction Arm Lift — Vacuum Loss,emergency_vacuum_pump(),0.3333333333333333,False
R_H07_C08_F05,diagnosed_LIFT_OBJECT_unanticipated__RQ2_R_H07_C08_F05,1,Lift Slip — Low Friction Surface,apply_vacuum_assist(),0.7777777777777777,True
R_H07_C08_F05,diagnosed_LIFT_OBJECT_unanticipated__RQ2_R_H07_C08_F05,2,Parallel Arm Lift — Contact Loss,reposition_and_regrip(),0.6666666666666666,False
R_H07_C08_F05,diagnosed_LIFT_OBJECT_unanticipated__RQ2_R_H07_C08_F05,3,Cobot Industrial — Incremental Heavy Part Transfer,heavy_lift(),0.6507936507936508,False
R_H07_C08_F05,diagnosed_LIFT_OBJECT_unanticipated__RQ2_R_H07_C08_F05,4,Lightweight Arm Lift — Height Verification Only,extend_lift_phase(),0.5013652631578948,False
R_H07_C08_F05,diagnosed_LIFT_OBJECT_unanticipated__RQ2_R_H07_C08_F05,5,Cobot Lift Failure — Grip Pressure,increase_grip_pressure(),0.5,False
R_H07_C08_F05,diagnosed_LIFT_OBJECT_unanticipated__RQ2_R_H07_C08_F05,6,Heavy Duty Arm — Motor Overload During Lift,reduce_lift_speed(),0.5,False
R_H07_C08_F05,diagnosed_LIFT_OBJECT_unanticipated__RQ2_R_H07_C08_F05,7,Suction Arm Lift — Vacuum Loss,emergency_vacuum_pump(),0.3333333333333333,False
R_H07_C08_F06,diagnosed_LIFT_OBJECT_unanticipated__RQ2_R_H07_C08_F06,1,Lift Slip — Low Friction Surface,apply_vacuum_assist(),0.7555555555555555,True
R_H07_C08_F06,diagnosed_LIFT_OBJECT_unanticipated__RQ2_R_H07_C08_F06,2,Parallel Arm Lift — Contact Loss,reposition_and_regrip(),0.6666666666666666,False
R_H07_C08_F06,diagnosed_LIFT_OBJECT_unanticipated__RQ2_R_H07_C08_F06,3,Cobot Industrial — Incremental Heavy Part Transfer,heavy_lift(),0.6507936507936508,False
R_H07_C08_F06,diagnosed_LIFT_OBJECT_unanticipated__RQ2_R_H07_C08_F06,4,Lightweight Arm Lift — Height Verification Only,extend_lift_phase(),0.5013652631578948,False
R_H07_C08_F06,diagnosed_LIFT_OBJECT_unanticipated__RQ2_R_H07_C08_F06,5,Cobot Lift Failure — Grip Pressure,increase_grip_pressure(),0.5,False
R_H07_C08_F06,diagnosed_LIFT_OBJECT_unanticipated__RQ2_R_H07_C08_F06,6,Heavy Duty Arm — Motor Overload During Lift,reduce_lift_speed(),0.5,False
R_H07_C08_F06,diagnosed_LIFT_OBJECT_unanticipated__RQ2_R_H07_C08_F06,7,Suction Arm Lift — Vacuum Loss,emergency_vacuum_pump(),0.3333333333333333,False
R_H07_C08_F07,diagnosed_LIFT_OBJECT_unanticipated__RQ2_R_H07_C08_F07,1,Lift Slip — Low Friction Surface,apply_vacuum_assist(),0.7111111111111111,True
R_H07_C08_F07,diagnosed_LIFT_OBJECT_unanticipated__RQ2_R_H07_C08_F07,2,Parallel Arm Lift — Contact Loss,reposition_and_regrip(),0.6666666666666666,False
R_H07_C08_F07,diagnosed_LIFT_OBJECT_unanticipated__RQ2_R_H07_C08_F07,3,Cobot Industrial — Incremental Heavy Part Transfer,heavy_lift(),0.6507936507936508,False
R_H07_C08_F07,diagnosed_LIFT_OBJECT_unanticipated__RQ2_R_H07_C08_F07,4,Lightweight Arm Lift — Height Verification Only,extend_lift_phase(),0.5013652631578948,False
R_H07_C08_F07,diagnosed_LIFT_OBJECT_unanticipated__RQ2_R_H07_C08_F07,5,Cobot Lift Failure — Grip Pressure,increase_grip_pressure(),0.5,False
R_H07_C08_F07,diagnosed_LIFT_OBJECT_unanticipated__RQ2_R_H07_C08_F07,6,Heavy Duty Arm — Motor Overload During Lift,reduce_lift_speed(),0.5,False
R_H07_C08_F07,diagnosed_LIFT_OBJECT_unanticipated__RQ2_R_H07_C08_F07,7,Suction Arm Lift — Vacuum Loss,emergency_vacuum_pump(),0.3333333333333333,False
R_H07_C08_F08,diagnosed_LIFT_OBJECT_unanticipated__RQ2_R_H07_C08_F08,1,Lift Slip — Low Friction Surface,apply_vacuum_assist(),0.6713888888888889,True
R_H07_C08_F08,diagnosed_LIFT_OBJECT_unanticipated__RQ2_R_H07_C08_F08,2,Parallel Arm Lift — Contact Loss,reposition_and_regrip(),0.6666666666666666,False
R_H07_C08_F08,diagnosed_LIFT_OBJECT_unanticipated__RQ2_R_H07_C08_F08,3,Cobot Industrial — Incremental Heavy Part Transfer,heavy_lift(),0.6507936507936508,False
R_H07_C08_F08,diagnosed_LIFT_OBJECT_unanticipated__RQ2_R_H07_C08_F08,4,Lightweight Arm Lift — Height Verification Only,extend_lift_phase(),0.5013652631578948,False
R_H07_C08_F08,diagnosed_LIFT_OBJECT_unanticipated__RQ2_R_H07_C08_F08,5,Cobot Lift Failure — Grip Pressure,increase_grip_pressure(),0.5,False
R_H07_C08_F08,diagnosed_LIFT_OBJECT_unanticipated__RQ2_R_H07_C08_F08,6,Heavy Duty Arm — Motor Overload During Lift,reduce_lift_speed(),0.5,False
R_H07_C08_F08,diagnosed_LIFT_OBJECT_unanticipated__RQ2_R_H07_C08_F08,7,Suction Arm Lift — Vacuum Loss,emergency_vacuum_pump(),0.3333333333333333,False
R_H07_C08_F09,diagnosed_LIFT_OBJECT_unanticipated__RQ2_R_H07_C08_F09,1,Lift Slip — Low Friction Surface,apply_vacuum_assist(),0.6666666666666666,True
R_H07_C08_F09,diagnosed_LIFT_OBJECT_unanticipated__RQ2_R_H07_C08_F09,2,Parallel Arm Lift — Contact Loss,reposition_and_regrip(),0.6666666666666666,False
R_H07_C08_F09,diagnosed_LIFT_OBJECT_unanticipated__RQ2_R_H07_C08_F09,3,Cobot Industrial — Incremental Heavy Part Transfer,heavy_lift(),0.6507936507936508,False
R_H07_C08_F09,diagnosed_LIFT_OBJECT_unanticipated__RQ2_R_H07_C08_F09,4,Lightweight Arm Lift — Height Verification Only,extend_lift_phase(),0.5013652631578948,False
R_H07_C08_F09,diagnosed_LIFT_OBJECT_unanticipated__RQ2_R_H07_C08_F09,5,Cobot Lift Failure — Grip Pressure,increase_grip_pressure(),0.5,False
R_H07_C08_F09,diagnosed_LIFT_OBJECT_unanticipated__RQ2_R_H07_C08_F09,6,Heavy Duty Arm — Motor Overload During Lift,reduce_lift_speed(),0.5,False
R_H07_C08_F09,diagnosed_LIFT_OBJECT_unanticipated__RQ2_R_H07_C08_F09,7,Suction Arm Lift — Vacuum Loss,emergency_vacuum_pump(),0.3333333333333333,False
R_H07_C08_F10,diagnosed_LIFT_OBJECT_unanticipated__RQ2_R_H07_C08_F10,1,Lift Slip — Low Friction Surface,apply_vacuum_assist(),0.6666666666666666,True
R_H07_C08_F10,diagnosed_LIFT_OBJECT_unanticipated__RQ2_R_H07_C08_F10,2,Parallel Arm Lift — Contact Loss,reposition_and_regrip(),0.6666666666666666,False
R_H07_C08_F10,diagnosed_LIFT_OBJECT_unanticipated__RQ2_R_H07_C08_F10,3,Cobot Industrial — Incremental Heavy Part Transfer,heavy_lift(),0.6507936507936508,False
R_H07_C08_F10,diagnosed_LIFT_OBJECT_unanticipated__RQ2_R_H07_C08_F10,4,Lightweight Arm Lift — Height Verification Only,extend_lift_phase(),0.5013652631578948,False
R_H07_C08_F10,diagnosed_LIFT_OBJECT_unanticipated__RQ2_R_H07_C08_F10,5,Cobot Lift Failure — Grip Pressure,increase_grip_pressure(),0.5,False
R_H07_C08_F10,diagnosed_LIFT_OBJECT_unanticipated__RQ2_R_H07_C08_F10,6,Heavy Duty Arm — Motor Overload During Lift,reduce_lift_speed(),0.5,False
R_H07_C08_F10,diagnosed_LIFT_OBJECT_unanticipated__RQ2_R_H07_C08_F10,7,Suction Arm Lift — Vacuum Loss,emergency_vacuum_pump(),0.3333333333333333,False
R_H07_C09_F01,diagnosed_LIFT_OBJECT_unanticipated__RQ2_R_H07_C09_F01,1,Lift Slip — Low Friction Surface,apply_vacuum_assist(),0.6944444444444443,True
R_H07_C09_F01,diagnosed_LIFT_OBJECT_unanticipated__RQ2_R_H07_C09_F01,2,Parallel Arm Lift — Contact Loss,reposition_and_regrip(),0.6666666666666666,False
R_H07_C09_F01,diagnosed_LIFT_OBJECT_unanticipated__RQ2_R_H07_C09_F01,3,Cobot Industrial — Incremental Heavy Part Transfer,heavy_lift(),0.6507936507936508,False
R_H07_C09_F01,diagnosed_LIFT_OBJECT_unanticipated__RQ2_R_H07_C09_F01,4,Lightweight Arm Lift — Height Verification Only,extend_lift_phase(),0.5013652631578948,False
R_H07_C09_F01,diagnosed_LIFT_OBJECT_unanticipated__RQ2_R_H07_C09_F01,5,Cobot Lift Failure — Grip Pressure,increase_grip_pressure(),0.5,False
R_H07_C09_F01,diagnosed_LIFT_OBJECT_unanticipated__RQ2_R_H07_C09_F01,6,Heavy Duty Arm — Motor Overload During Lift,reduce_lift_speed(),0.5,False
R_H07_C09_F01,diagnosed_LIFT_OBJECT_unanticipated__RQ2_R_H07_C09_F01,7,Suction Arm Lift — Vacuum Loss,emergency_vacuum_pump(),0.3333333333333333,False
R_H07_C09_F02,diagnosed_LIFT_OBJECT_unanticipated__RQ2_R_H07_C09_F02,1,Lift Slip — Low Friction Surface,apply_vacuum_assist(),0.75,True
R_H07_C09_F02,diagnosed_LIFT_OBJECT_unanticipated__RQ2_R_H07_C09_F02,2,Parallel Arm Lift — Contact Loss,reposition_and_regrip(),0.6666666666666666,False
R_H07_C09_F02,diagnosed_LIFT_OBJECT_unanticipated__RQ2_R_H07_C09_F02,3,Cobot Industrial — Incremental Heavy Part Transfer,heavy_lift(),0.6507936507936508,False
R_H07_C09_F02,diagnosed_LIFT_OBJECT_unanticipated__RQ2_R_H07_C09_F02,4,Lightweight Arm Lift — Height Verification Only,extend_lift_phase(),0.5013652631578948,False
R_H07_C09_F02,diagnosed_LIFT_OBJECT_unanticipated__RQ2_R_H07_C09_F02,5,Cobot Lift Failure — Grip Pressure,increase_grip_pressure(),0.5,False
R_H07_C09_F02,diagnosed_LIFT_OBJECT_unanticipated__RQ2_R_H07_C09_F02,6,Heavy Duty Arm — Motor Overload During Lift,reduce_lift_speed(),0.5,False
R_H07_C09_F02,diagnosed_LIFT_OBJECT_unanticipated__RQ2_R_H07_C09_F02,7,Suction Arm Lift — Vacuum Loss,emergency_vacuum_pump(),0.3333333333333333,False
R_H07_C09_F03,diagnosed_LIFT_OBJECT_unanticipated__RQ2_R_H07_C09_F03,1,Lift Slip — Low Friction Surface,apply_vacuum_assist(),0.7541666666666668,True
R_H07_C09_F03,diagnosed_LIFT_OBJECT_unanticipated__RQ2_R_H07_C09_F03,2,Parallel Arm Lift — Contact Loss,reposition_and_regrip(),0.6666666666666666,False
R_H07_C09_F03,diagnosed_LIFT_OBJECT_unanticipated__RQ2_R_H07_C09_F03,3,Cobot Industrial — Incremental Heavy Part Transfer,heavy_lift(),0.6507936507936508,False
R_H07_C09_F03,diagnosed_LIFT_OBJECT_unanticipated__RQ2_R_H07_C09_F03,4,Lightweight Arm Lift — Height Verification Only,extend_lift_phase(),0.5013652631578948,False
R_H07_C09_F03,diagnosed_LIFT_OBJECT_unanticipated__RQ2_R_H07_C09_F03,5,Cobot Lift Failure — Grip Pressure,increase_grip_pressure(),0.5,False
R_H07_C09_F03,diagnosed_LIFT_OBJECT_unanticipated__RQ2_R_H07_C09_F03,6,Heavy Duty Arm — Motor Overload During Lift,reduce_lift_speed(),0.5,False
R_H07_C09_F03,diagnosed_LIFT_OBJECT_unanticipated__RQ2_R_H07_C09_F03,7,Suction Arm Lift — Vacuum Loss,emergency_vacuum_pump(),0.3333333333333333,False
R_H07_C09_F04,diagnosed_LIFT_OBJECT_unanticipated__RQ2_R_H07_C09_F04,1,Lift Slip — Low Friction Surface,apply_vacuum_assist(),0.7583333333333333,True
R_H07_C09_F04,diagnosed_LIFT_OBJECT_unanticipated__RQ2_R_H07_C09_F04,2,Parallel Arm Lift — Contact Loss,reposition_and_regrip(),0.6666666666666666,False
R_H07_C09_F04,diagnosed_LIFT_OBJECT_unanticipated__RQ2_R_H07_C09_F04,3,Cobot Industrial — Incremental Heavy Part Transfer,heavy_lift(),0.6507936507936508,False
R_H07_C09_F04,diagnosed_LIFT_OBJECT_unanticipated__RQ2_R_H07_C09_F04,4,Lightweight Arm Lift — Height Verification Only,extend_lift_phase(),0.5013652631578948,False
R_H07_C09_F04,diagnosed_LIFT_OBJECT_unanticipated__RQ2_R_H07_C09_F04,5,Cobot Lift Failure — Grip Pressure,increase_grip_pressure(),0.5,False
R_H07_C09_F04,diagnosed_LIFT_OBJECT_unanticipated__RQ2_R_H07_C09_F04,6,Heavy Duty Arm — Motor Overload During Lift,reduce_lift_speed(),0.5,False
R_H07_C09_F04,diagnosed_LIFT_OBJECT_unanticipated__RQ2_R_H07_C09_F04,7,Suction Arm Lift — Vacuum Loss,emergency_vacuum_pump(),0.3333333333333333,False
R_H07_C09_F05,diagnosed_LIFT_OBJECT_unanticipated__RQ2_R_H07_C09_F05,1,Lift Slip — Low Friction Surface,apply_vacuum_assist(),0.7777777777777777,True
R_H07_C09_F05,diagnosed_LIFT_OBJECT_unanticipated__RQ2_R_H07_C09_F05,2,Parallel Arm Lift — Contact Loss,reposition_and_regrip(),0.6666666666666666,False
R_H07_C09_F05,diagnosed_LIFT_OBJECT_unanticipated__RQ2_R_H07_C09_F05,3,Cobot Industrial — Incremental Heavy Part Transfer,heavy_lift(),0.6507936507936508,False
R_H07_C09_F05,diagnosed_LIFT_OBJECT_unanticipated__RQ2_R_H07_C09_F05,4,Lightweight Arm Lift — Height Verification Only,extend_lift_phase(),0.5013652631578948,False
R_H07_C09_F05,diagnosed_LIFT_OBJECT_unanticipated__RQ2_R_H07_C09_F05,5,Cobot Lift Failure — Grip Pressure,increase_grip_pressure(),0.5,False
R_H07_C09_F05,diagnosed_LIFT_OBJECT_unanticipated__RQ2_R_H07_C09_F05,6,Heavy Duty Arm — Motor Overload During Lift,reduce_lift_speed(),0.5,False
R_H07_C09_F05,diagnosed_LIFT_OBJECT_unanticipated__RQ2_R_H07_C09_F05,7,Suction Arm Lift — Vacuum Loss,emergency_vacuum_pump(),0.3333333333333333,False
R_H07_C09_F06,diagnosed_LIFT_OBJECT_unanticipated__RQ2_R_H07_C09_F06,1,Lift Slip — Low Friction Surface,apply_vacuum_assist(),0.7555555555555555,True
R_H07_C09_F06,diagnosed_LIFT_OBJECT_unanticipated__RQ2_R_H07_C09_F06,2,Parallel Arm Lift — Contact Loss,reposition_and_regrip(),0.6666666666666666,False
R_H07_C09_F06,diagnosed_LIFT_OBJECT_unanticipated__RQ2_R_H07_C09_F06,3,Cobot Industrial — Incremental Heavy Part Transfer,heavy_lift(),0.6507936507936508,False
R_H07_C09_F06,diagnosed_LIFT_OBJECT_unanticipated__RQ2_R_H07_C09_F06,4,Lightweight Arm Lift — Height Verification Only,extend_lift_phase(),0.5013652631578948,False
R_H07_C09_F06,diagnosed_LIFT_OBJECT_unanticipated__RQ2_R_H07_C09_F06,5,Cobot Lift Failure — Grip Pressure,increase_grip_pressure(),0.5,False
R_H07_C09_F06,diagnosed_LIFT_OBJECT_unanticipated__RQ2_R_H07_C09_F06,6,Heavy Duty Arm — Motor Overload During Lift,reduce_lift_speed(),0.5,False
R_H07_C09_F06,diagnosed_LIFT_OBJECT_unanticipated__RQ2_R_H07_C09_F06,7,Suction Arm Lift — Vacuum Loss,emergency_vacuum_pump(),0.3333333333333333,False
R_H07_C09_F07,diagnosed_LIFT_OBJECT_unanticipated__RQ2_R_H07_C09_F07,1,Lift Slip — Low Friction Surface,apply_vacuum_assist(),0.7111111111111111,True
R_H07_C09_F07,diagnosed_LIFT_OBJECT_unanticipated__RQ2_R_H07_C09_F07,2,Parallel Arm Lift — Contact Loss,reposition_and_regrip(),0.6666666666666666,False
R_H07_C09_F07,diagnosed_LIFT_OBJECT_unanticipated__RQ2_R_H07_C09_F07,3,Cobot Industrial — Incremental Heavy Part Transfer,heavy_lift(),0.6507936507936508,False
R_H07_C09_F07,diagnosed_LIFT_OBJECT_unanticipated__RQ2_R_H07_C09_F07,4,Lightweight Arm Lift — Height Verification Only,extend_lift_phase(),0.5013652631578948,False
R_H07_C09_F07,diagnosed_LIFT_OBJECT_unanticipated__RQ2_R_H07_C09_F07,5,Cobot Lift Failure — Grip Pressure,increase_grip_pressure(),0.5,False
R_H07_C09_F07,diagnosed_LIFT_OBJECT_unanticipated__RQ2_R_H07_C09_F07,6,Heavy Duty Arm — Motor Overload During Lift,reduce_lift_speed(),0.5,False
R_H07_C09_F07,diagnosed_LIFT_OBJECT_unanticipated__RQ2_R_H07_C09_F07,7,Suction Arm Lift — Vacuum Loss,emergency_vacuum_pump(),0.3333333333333333,False
R_H07_C09_F08,diagnosed_LIFT_OBJECT_unanticipated__RQ2_R_H07_C09_F08,1,Lift Slip — Low Friction Surface,apply_vacuum_assist(),0.6713888888888889,True
R_H07_C09_F08,diagnosed_LIFT_OBJECT_unanticipated__RQ2_R_H07_C09_F08,2,Parallel Arm Lift — Contact Loss,reposition_and_regrip(),0.6666666666666666,False
R_H07_C09_F08,diagnosed_LIFT_OBJECT_unanticipated__RQ2_R_H07_C09_F08,3,Cobot Industrial — Incremental Heavy Part Transfer,heavy_lift(),0.6507936507936508,False
R_H07_C09_F08,diagnosed_LIFT_OBJECT_unanticipated__RQ2_R_H07_C09_F08,4,Lightweight Arm Lift — Height Verification Only,extend_lift_phase(),0.5013652631578948,False
R_H07_C09_F08,diagnosed_LIFT_OBJECT_unanticipated__RQ2_R_H07_C09_F08,5,Cobot Lift Failure — Grip Pressure,increase_grip_pressure(),0.5,False
R_H07_C09_F08,diagnosed_LIFT_OBJECT_unanticipated__RQ2_R_H07_C09_F08,6,Heavy Duty Arm — Motor Overload During Lift,reduce_lift_speed(),0.5,False
R_H07_C09_F08,diagnosed_LIFT_OBJECT_unanticipated__RQ2_R_H07_C09_F08,7,Suction Arm Lift — Vacuum Loss,emergency_vacuum_pump(),0.3333333333333333,False
R_H07_C09_F09,diagnosed_LIFT_OBJECT_unanticipated__RQ2_R_H07_C09_F09,1,Lift Slip — Low Friction Surface,apply_vacuum_assist(),0.6666666666666666,True
R_H07_C09_F09,diagnosed_LIFT_OBJECT_unanticipated__RQ2_R_H07_C09_F09,2,Parallel Arm Lift — Contact Loss,reposition_and_regrip(),0.6666666666666666,False
R_H07_C09_F09,diagnosed_LIFT_OBJECT_unanticipated__RQ2_R_H07_C09_F09,3,Cobot Industrial — Incremental Heavy Part Transfer,heavy_lift(),0.6507936507936508,False
R_H07_C09_F09,diagnosed_LIFT_OBJECT_unanticipated__RQ2_R_H07_C09_F09,4,Lightweight Arm Lift — Height Verification Only,extend_lift_phase(),0.5013652631578948,False
R_H07_C09_F09,diagnosed_LIFT_OBJECT_unanticipated__RQ2_R_H07_C09_F09,5,Cobot Lift Failure — Grip Pressure,increase_grip_pressure(),0.5,False
R_H07_C09_F09,diagnosed_LIFT_OBJECT_unanticipated__RQ2_R_H07_C09_F09,6,Heavy Duty Arm — Motor Overload During Lift,reduce_lift_speed(),0.5,False
R_H07_C09_F09,diagnosed_LIFT_OBJECT_unanticipated__RQ2_R_H07_C09_F09,7,Suction Arm Lift — Vacuum Loss,emergency_vacuum_pump(),0.3333333333333333,False
R_H07_C09_F10,diagnosed_LIFT_OBJECT_unanticipated__RQ2_R_H07_C09_F10,1,Lift Slip — Low Friction Surface,apply_vacuum_assist(),0.6666666666666666,True
R_H07_C09_F10,diagnosed_LIFT_OBJECT_unanticipated__RQ2_R_H07_C09_F10,2,Parallel Arm Lift — Contact Loss,reposition_and_regrip(),0.6666666666666666,False
R_H07_C09_F10,diagnosed_LIFT_OBJECT_unanticipated__RQ2_R_H07_C09_F10,3,Cobot Industrial — Incremental Heavy Part Transfer,heavy_lift(),0.6507936507936508,False
R_H07_C09_F10,diagnosed_LIFT_OBJECT_unanticipated__RQ2_R_H07_C09_F10,4,Lightweight Arm Lift — Height Verification Only,extend_lift_phase(),0.5013652631578948,False
R_H07_C09_F10,diagnosed_LIFT_OBJECT_unanticipated__RQ2_R_H07_C09_F10,5,Cobot Lift Failure — Grip Pressure,increase_grip_pressure(),0.5,False
R_H07_C09_F10,diagnosed_LIFT_OBJECT_unanticipated__RQ2_R_H07_C09_F10,6,Heavy Duty Arm — Motor Overload During Lift,reduce_lift_speed(),0.5,False
R_H07_C09_F10,diagnosed_LIFT_OBJECT_unanticipated__RQ2_R_H07_C09_F10,7,Suction Arm Lift — Vacuum Loss,emergency_vacuum_pump(),0.3333333333333333,False
R_H07_C10_F01,diagnosed_LIFT_OBJECT_unanticipated__RQ2_R_H07_C10_F01,1,Lift Slip — Low Friction Surface,apply_vacuum_assist(),0.6944444444444443,True
R_H07_C10_F01,diagnosed_LIFT_OBJECT_unanticipated__RQ2_R_H07_C10_F01,2,Parallel Arm Lift — Contact Loss,reposition_and_regrip(),0.6666666666666666,False
R_H07_C10_F01,diagnosed_LIFT_OBJECT_unanticipated__RQ2_R_H07_C10_F01,3,Cobot Industrial — Incremental Heavy Part Transfer,heavy_lift(),0.6507936507936508,False
R_H07_C10_F01,diagnosed_LIFT_OBJECT_unanticipated__RQ2_R_H07_C10_F01,4,Lightweight Arm Lift — Height Verification Only,extend_lift_phase(),0.5013652631578948,False
R_H07_C10_F01,diagnosed_LIFT_OBJECT_unanticipated__RQ2_R_H07_C10_F01,5,Cobot Lift Failure — Grip Pressure,increase_grip_pressure(),0.5,False
R_H07_C10_F01,diagnosed_LIFT_OBJECT_unanticipated__RQ2_R_H07_C10_F01,6,Heavy Duty Arm — Motor Overload During Lift,reduce_lift_speed(),0.5,False
R_H07_C10_F01,diagnosed_LIFT_OBJECT_unanticipated__RQ2_R_H07_C10_F01,7,Suction Arm Lift — Vacuum Loss,emergency_vacuum_pump(),0.3333333333333333,False
R_H07_C10_F02,diagnosed_LIFT_OBJECT_unanticipated__RQ2_R_H07_C10_F02,1,Lift Slip — Low Friction Surface,apply_vacuum_assist(),0.75,True
R_H07_C10_F02,diagnosed_LIFT_OBJECT_unanticipated__RQ2_R_H07_C10_F02,2,Parallel Arm Lift — Contact Loss,reposition_and_regrip(),0.6666666666666666,False
R_H07_C10_F02,diagnosed_LIFT_OBJECT_unanticipated__RQ2_R_H07_C10_F02,3,Cobot Industrial — Incremental Heavy Part Transfer,heavy_lift(),0.6507936507936508,False
R_H07_C10_F02,diagnosed_LIFT_OBJECT_unanticipated__RQ2_R_H07_C10_F02,4,Lightweight Arm Lift — Height Verification Only,extend_lift_phase(),0.5013652631578948,False
R_H07_C10_F02,diagnosed_LIFT_OBJECT_unanticipated__RQ2_R_H07_C10_F02,5,Cobot Lift Failure — Grip Pressure,increase_grip_pressure(),0.5,False
R_H07_C10_F02,diagnosed_LIFT_OBJECT_unanticipated__RQ2_R_H07_C10_F02,6,Heavy Duty Arm — Motor Overload During Lift,reduce_lift_speed(),0.5,False
R_H07_C10_F02,diagnosed_LIFT_OBJECT_unanticipated__RQ2_R_H07_C10_F02,7,Suction Arm Lift — Vacuum Loss,emergency_vacuum_pump(),0.3333333333333333,False
R_H07_C10_F03,diagnosed_LIFT_OBJECT_unanticipated__RQ2_R_H07_C10_F03,1,Lift Slip — Low Friction Surface,apply_vacuum_assist(),0.7541666666666668,True
R_H07_C10_F03,diagnosed_LIFT_OBJECT_unanticipated__RQ2_R_H07_C10_F03,2,Parallel Arm Lift — Contact Loss,reposition_and_regrip(),0.6666666666666666,False
R_H07_C10_F03,diagnosed_LIFT_OBJECT_unanticipated__RQ2_R_H07_C10_F03,3,Cobot Industrial — Incremental Heavy Part Transfer,heavy_lift(),0.6507936507936508,False
R_H07_C10_F03,diagnosed_LIFT_OBJECT_unanticipated__RQ2_R_H07_C10_F03,4,Lightweight Arm Lift — Height Verification Only,extend_lift_phase(),0.5013652631578948,False
R_H07_C10_F03,diagnosed_LIFT_OBJECT_unanticipated__RQ2_R_H07_C10_F03,5,Cobot Lift Failure — Grip Pressure,increase_grip_pressure(),0.5,False
R_H07_C10_F03,diagnosed_LIFT_OBJECT_unanticipated__RQ2_R_H07_C10_F03,6,Heavy Duty Arm — Motor Overload During Lift,reduce_lift_speed(),0.5,False
R_H07_C10_F03,diagnosed_LIFT_OBJECT_unanticipated__RQ2_R_H07_C10_F03,7,Suction Arm Lift — Vacuum Loss,emergency_vacuum_pump(),0.3333333333333333,False
R_H07_C10_F04,diagnosed_LIFT_OBJECT_unanticipated__RQ2_R_H07_C10_F04,1,Lift Slip — Low Friction Surface,apply_vacuum_assist(),0.7583333333333333,True
R_H07_C10_F04,diagnosed_LIFT_OBJECT_unanticipated__RQ2_R_H07_C10_F04,2,Parallel Arm Lift — Contact Loss,reposition_and_regrip(),0.6666666666666666,False
R_H07_C10_F04,diagnosed_LIFT_OBJECT_unanticipated__RQ2_R_H07_C10_F04,3,Cobot Industrial — Incremental Heavy Part Transfer,heavy_lift(),0.6507936507936508,False
R_H07_C10_F04,diagnosed_LIFT_OBJECT_unanticipated__RQ2_R_H07_C10_F04,4,Lightweight Arm Lift — Height Verification Only,extend_lift_phase(),0.5013652631578948,False
R_H07_C10_F04,diagnosed_LIFT_OBJECT_unanticipated__RQ2_R_H07_C10_F04,5,Cobot Lift Failure — Grip Pressure,increase_grip_pressure(),0.5,False
R_H07_C10_F04,diagnosed_LIFT_OBJECT_unanticipated__RQ2_R_H07_C10_F04,6,Heavy Duty Arm — Motor Overload During Lift,reduce_lift_speed(),0.5,False
R_H07_C10_F04,diagnosed_LIFT_OBJECT_unanticipated__RQ2_R_H07_C10_F04,7,Suction Arm Lift — Vacuum Loss,emergency_vacuum_pump(),0.3333333333333333,False
R_H07_C10_F05,diagnosed_LIFT_OBJECT_unanticipated__RQ2_R_H07_C10_F05,1,Lift Slip — Low Friction Surface,apply_vacuum_assist(),0.7777777777777777,True
R_H07_C10_F05,diagnosed_LIFT_OBJECT_unanticipated__RQ2_R_H07_C10_F05,2,Parallel Arm Lift — Contact Loss,reposition_and_regrip(),0.6666666666666666,False
R_H07_C10_F05,diagnosed_LIFT_OBJECT_unanticipated__RQ2_R_H07_C10_F05,3,Cobot Industrial — Incremental Heavy Part Transfer,heavy_lift(),0.6507936507936508,False
R_H07_C10_F05,diagnosed_LIFT_OBJECT_unanticipated__RQ2_R_H07_C10_F05,4,Lightweight Arm Lift — Height Verification Only,extend_lift_phase(),0.5013652631578948,False
R_H07_C10_F05,diagnosed_LIFT_OBJECT_unanticipated__RQ2_R_H07_C10_F05,5,Cobot Lift Failure — Grip Pressure,increase_grip_pressure(),0.5,False
R_H07_C10_F05,diagnosed_LIFT_OBJECT_unanticipated__RQ2_R_H07_C10_F05,6,Heavy Duty Arm — Motor Overload During Lift,reduce_lift_speed(),0.5,False
R_H07_C10_F05,diagnosed_LIFT_OBJECT_unanticipated__RQ2_R_H07_C10_F05,7,Suction Arm Lift — Vacuum Loss,emergency_vacuum_pump(),0.3333333333333333,False
R_H07_C10_F06,diagnosed_LIFT_OBJECT_unanticipated__RQ2_R_H07_C10_F06,1,Lift Slip — Low Friction Surface,apply_vacuum_assist(),0.7555555555555555,True
R_H07_C10_F06,diagnosed_LIFT_OBJECT_unanticipated__RQ2_R_H07_C10_F06,2,Parallel Arm Lift — Contact Loss,reposition_and_regrip(),0.6666666666666666,False
R_H07_C10_F06,diagnosed_LIFT_OBJECT_unanticipated__RQ2_R_H07_C10_F06,3,Cobot Industrial — Incremental Heavy Part Transfer,heavy_lift(),0.6507936507936508,False
R_H07_C10_F06,diagnosed_LIFT_OBJECT_unanticipated__RQ2_R_H07_C10_F06,4,Lightweight Arm Lift — Height Verification Only,extend_lift_phase(),0.5013652631578948,False
R_H07_C10_F06,diagnosed_LIFT_OBJECT_unanticipated__RQ2_R_H07_C10_F06,5,Cobot Lift Failure — Grip Pressure,increase_grip_pressure(),0.5,False
R_H07_C10_F06,diagnosed_LIFT_OBJECT_unanticipated__RQ2_R_H07_C10_F06,6,Heavy Duty Arm — Motor Overload During Lift,reduce_lift_speed(),0.5,False
R_H07_C10_F06,diagnosed_LIFT_OBJECT_unanticipated__RQ2_R_H07_C10_F06,7,Suction Arm Lift — Vacuum Loss,emergency_vacuum_pump(),0.3333333333333333,False
R_H07_C10_F07,diagnosed_LIFT_OBJECT_unanticipated__RQ2_R_H07_C10_F07,1,Lift Slip — Low Friction Surface,apply_vacuum_assist(),0.7111111111111111,True
R_H07_C10_F07,diagnosed_LIFT_OBJECT_unanticipated__RQ2_R_H07_C10_F07,2,Parallel Arm Lift — Contact Loss,reposition_and_regrip(),0.6666666666666666,False
R_H07_C10_F07,diagnosed_LIFT_OBJECT_unanticipated__RQ2_R_H07_C10_F07,3,Cobot Industrial — Incremental Heavy Part Transfer,heavy_lift(),0.6507936507936508,False
R_H07_C10_F07,diagnosed_LIFT_OBJECT_unanticipated__RQ2_R_H07_C10_F07,4,Lightweight Arm Lift — Height Verification Only,extend_lift_phase(),0.5013652631578948,False
R_H07_C10_F07,diagnosed_LIFT_OBJECT_unanticipated__RQ2_R_H07_C10_F07,5,Cobot Lift Failure — Grip Pressure,increase_grip_pressure(),0.5,False
R_H07_C10_F07,diagnosed_LIFT_OBJECT_unanticipated__RQ2_R_H07_C10_F07,6,Heavy Duty Arm — Motor Overload During Lift,reduce_lift_speed(),0.5,False
R_H07_C10_F07,diagnosed_LIFT_OBJECT_unanticipated__RQ2_R_H07_C10_F07,7,Suction Arm Lift — Vacuum Loss,emergency_vacuum_pump(),0.3333333333333333,False
R_H07_C10_F08,diagnosed_LIFT_OBJECT_unanticipated__RQ2_R_H07_C10_F08,1,Lift Slip — Low Friction Surface,apply_vacuum_assist(),0.6713888888888889,True
R_H07_C10_F08,diagnosed_LIFT_OBJECT_unanticipated__RQ2_R_H07_C10_F08,2,Parallel Arm Lift — Contact Loss,reposition_and_regrip(),0.6666666666666666,False
R_H07_C10_F08,diagnosed_LIFT_OBJECT_unanticipated__RQ2_R_H07_C10_F08,3,Cobot Industrial — Incremental Heavy Part Transfer,heavy_lift(),0.6507936507936508,False
R_H07_C10_F08,diagnosed_LIFT_OBJECT_unanticipated__RQ2_R_H07_C10_F08,4,Lightweight Arm Lift — Height Verification Only,extend_lift_phase(),0.5013652631578948,False
R_H07_C10_F08,diagnosed_LIFT_OBJECT_unanticipated__RQ2_R_H07_C10_F08,5,Cobot Lift Failure — Grip Pressure,increase_grip_pressure(),0.5,False
R_H07_C10_F08,diagnosed_LIFT_OBJECT_unanticipated__RQ2_R_H07_C10_F08,6,Heavy Duty Arm — Motor Overload During Lift,reduce_lift_speed(),0.5,False
R_H07_C10_F08,diagnosed_LIFT_OBJECT_unanticipated__RQ2_R_H07_C10_F08,7,Suction Arm Lift — Vacuum Loss,emergency_vacuum_pump(),0.3333333333333333,False
R_H07_C10_F09,diagnosed_LIFT_OBJECT_unanticipated__RQ2_R_H07_C10_F09,1,Lift Slip — Low Friction Surface,apply_vacuum_assist(),0.6666666666666666,True
R_H07_C10_F09,diagnosed_LIFT_OBJECT_unanticipated__RQ2_R_H07_C10_F09,2,Parallel Arm Lift — Contact Loss,reposition_and_regrip(),0.6666666666666666,False
R_H07_C10_F09,diagnosed_LIFT_OBJECT_unanticipated__RQ2_R_H07_C10_F09,3,Cobot Industrial — Incremental Heavy Part Transfer,heavy_lift(),0.6507936507936508,False
R_H07_C10_F09,diagnosed_LIFT_OBJECT_unanticipated__RQ2_R_H07_C10_F09,4,Lightweight Arm Lift — Height Verification Only,extend_lift_phase(),0.5013652631578948,False
R_H07_C10_F09,diagnosed_LIFT_OBJECT_unanticipated__RQ2_R_H07_C10_F09,5,Cobot Lift Failure — Grip Pressure,increase_grip_pressure(),0.5,False
R_H07_C10_F09,diagnosed_LIFT_OBJECT_unanticipated__RQ2_R_H07_C10_F09,6,Heavy Duty Arm — Motor Overload During Lift,reduce_lift_speed(),0.5,False
R_H07_C10_F09,diagnosed_LIFT_OBJECT_unanticipated__RQ2_R_H07_C10_F09,7,Suction Arm Lift — Vacuum Loss,emergency_vacuum_pump(),0.3333333333333333,False
R_H07_C10_F10,diagnosed_LIFT_OBJECT_unanticipated__RQ2_R_H07_C10_F10,1,Lift Slip — Low Friction Surface,apply_vacuum_assist(),0.6666666666666666,True
R_H07_C10_F10,diagnosed_LIFT_OBJECT_unanticipated__RQ2_R_H07_C10_F10,2,Parallel Arm Lift — Contact Loss,reposition_and_regrip(),0.6666666666666666,False
R_H07_C10_F10,diagnosed_LIFT_OBJECT_unanticipated__RQ2_R_H07_C10_F10,3,Cobot Industrial — Incremental Heavy Part Transfer,heavy_lift(),0.6507936507936508,False
R_H07_C10_F10,diagnosed_LIFT_OBJECT_unanticipated__RQ2_R_H07_C10_F10,4,Lightweight Arm Lift — Height Verification Only,extend_lift_phase(),0.5013652631578948,False
R_H07_C10_F10,diagnosed_LIFT_OBJECT_unanticipated__RQ2_R_H07_C10_F10,5,Cobot Lift Failure — Grip Pressure,increase_grip_pressure(),0.5,False
R_H07_C10_F10,diagnosed_LIFT_OBJECT_unanticipated__RQ2_R_H07_C10_F10,6,Heavy Duty Arm — Motor Overload During Lift,reduce_lift_speed(),0.5,False
R_H07_C10_F10,diagnosed_LIFT_OBJECT_unanticipated__RQ2_R_H07_C10_F10,7,Suction Arm Lift — Vacuum Loss,emergency_vacuum_pump(),0.3333333333333333,False
R_H08_C01_F01,diagnosed_LIFT_OBJECT_unanticipated__RQ2_R_H08_C01_F01,1,Lift Slip — Low Friction Surface,apply_vacuum_assist(),0.6944444444444443,True
R_H08_C01_F01,diagnosed_LIFT_OBJECT_unanticipated__RQ2_R_H08_C01_F01,2,Parallel Arm Lift — Contact Loss,reposition_and_regrip(),0.6666666666666666,False
R_H08_C01_F01,diagnosed_LIFT_OBJECT_unanticipated__RQ2_R_H08_C01_F01,3,Cobot Industrial — Incremental Heavy Part Transfer,heavy_lift(),0.6507936507936508,False
R_H08_C01_F01,diagnosed_LIFT_OBJECT_unanticipated__RQ2_R_H08_C01_F01,4,Lightweight Arm Lift — Height Verification Only,extend_lift_phase(),0.5013652631578948,False
R_H08_C01_F01,diagnosed_LIFT_OBJECT_unanticipated__RQ2_R_H08_C01_F01,5,Cobot Lift Failure — Grip Pressure,increase_grip_pressure(),0.5,False
R_H08_C01_F01,diagnosed_LIFT_OBJECT_unanticipated__RQ2_R_H08_C01_F01,6,Heavy Duty Arm — Motor Overload During Lift,reduce_lift_speed(),0.5,False
R_H08_C01_F01,diagnosed_LIFT_OBJECT_unanticipated__RQ2_R_H08_C01_F01,7,Suction Arm Lift — Vacuum Loss,emergency_vacuum_pump(),0.3333333333333333,False
R_H08_C01_F02,diagnosed_LIFT_OBJECT_unanticipated__RQ2_R_H08_C01_F02,1,Lift Slip — Low Friction Surface,apply_vacuum_assist(),0.75,True
R_H08_C01_F02,diagnosed_LIFT_OBJECT_unanticipated__RQ2_R_H08_C01_F02,2,Parallel Arm Lift — Contact Loss,reposition_and_regrip(),0.6666666666666666,False
R_H08_C01_F02,diagnosed_LIFT_OBJECT_unanticipated__RQ2_R_H08_C01_F02,3,Cobot Industrial — Incremental Heavy Part Transfer,heavy_lift(),0.6507936507936508,False
R_H08_C01_F02,diagnosed_LIFT_OBJECT_unanticipated__RQ2_R_H08_C01_F02,4,Lightweight Arm Lift — Height Verification Only,extend_lift_phase(),0.5013652631578948,False
R_H08_C01_F02,diagnosed_LIFT_OBJECT_unanticipated__RQ2_R_H08_C01_F02,5,Cobot Lift Failure — Grip Pressure,increase_grip_pressure(),0.5,False
R_H08_C01_F02,diagnosed_LIFT_OBJECT_unanticipated__RQ2_R_H08_C01_F02,6,Heavy Duty Arm — Motor Overload During Lift,reduce_lift_speed(),0.5,False
R_H08_C01_F02,diagnosed_LIFT_OBJECT_unanticipated__RQ2_R_H08_C01_F02,7,Suction Arm Lift — Vacuum Loss,emergency_vacuum_pump(),0.3333333333333333,False
R_H08_C01_F03,diagnosed_LIFT_OBJECT_unanticipated__RQ2_R_H08_C01_F03,1,Lift Slip — Low Friction Surface,apply_vacuum_assist(),0.7541666666666668,True
R_H08_C01_F03,diagnosed_LIFT_OBJECT_unanticipated__RQ2_R_H08_C01_F03,2,Parallel Arm Lift — Contact Loss,reposition_and_regrip(),0.6666666666666666,False
R_H08_C01_F03,diagnosed_LIFT_OBJECT_unanticipated__RQ2_R_H08_C01_F03,3,Cobot Industrial — Incremental Heavy Part Transfer,heavy_lift(),0.6507936507936508,False
R_H08_C01_F03,diagnosed_LIFT_OBJECT_unanticipated__RQ2_R_H08_C01_F03,4,Lightweight Arm Lift — Height Verification Only,extend_lift_phase(),0.5013652631578948,False
R_H08_C01_F03,diagnosed_LIFT_OBJECT_unanticipated__RQ2_R_H08_C01_F03,5,Cobot Lift Failure — Grip Pressure,increase_grip_pressure(),0.5,False
R_H08_C01_F03,diagnosed_LIFT_OBJECT_unanticipated__RQ2_R_H08_C01_F03,6,Heavy Duty Arm — Motor Overload During Lift,reduce_lift_speed(),0.5,False
R_H08_C01_F03,diagnosed_LIFT_OBJECT_unanticipated__RQ2_R_H08_C01_F03,7,Suction Arm Lift — Vacuum Loss,emergency_vacuum_pump(),0.3333333333333333,False
R_H08_C01_F04,diagnosed_LIFT_OBJECT_unanticipated__RQ2_R_H08_C01_F04,1,Lift Slip — Low Friction Surface,apply_vacuum_assist(),0.7583333333333333,True
R_H08_C01_F04,diagnosed_LIFT_OBJECT_unanticipated__RQ2_R_H08_C01_F04,2,Parallel Arm Lift — Contact Loss,reposition_and_regrip(),0.6666666666666666,False
R_H08_C01_F04,diagnosed_LIFT_OBJECT_unanticipated__RQ2_R_H08_C01_F04,3,Cobot Industrial — Incremental Heavy Part Transfer,heavy_lift(),0.6507936507936508,False
R_H08_C01_F04,diagnosed_LIFT_OBJECT_unanticipated__RQ2_R_H08_C01_F04,4,Lightweight Arm Lift — Height Verification Only,extend_lift_phase(),0.5013652631578948,False
R_H08_C01_F04,diagnosed_LIFT_OBJECT_unanticipated__RQ2_R_H08_C01_F04,5,Cobot Lift Failure — Grip Pressure,increase_grip_pressure(),0.5,False
R_H08_C01_F04,diagnosed_LIFT_OBJECT_unanticipated__RQ2_R_H08_C01_F04,6,Heavy Duty Arm — Motor Overload During Lift,reduce_lift_speed(),0.5,False
R_H08_C01_F04,diagnosed_LIFT_OBJECT_unanticipated__RQ2_R_H08_C01_F04,7,Suction Arm Lift — Vacuum Loss,emergency_vacuum_pump(),0.3333333333333333,False
R_H08_C01_F05,diagnosed_LIFT_OBJECT_unanticipated__RQ2_R_H08_C01_F05,1,Lift Slip — Low Friction Surface,apply_vacuum_assist(),0.7777777777777777,True
R_H08_C01_F05,diagnosed_LIFT_OBJECT_unanticipated__RQ2_R_H08_C01_F05,2,Parallel Arm Lift — Contact Loss,reposition_and_regrip(),0.6666666666666666,False
R_H08_C01_F05,diagnosed_LIFT_OBJECT_unanticipated__RQ2_R_H08_C01_F05,3,Cobot Industrial — Incremental Heavy Part Transfer,heavy_lift(),0.6507936507936508,False
R_H08_C01_F05,diagnosed_LIFT_OBJECT_unanticipated__RQ2_R_H08_C01_F05,4,Lightweight Arm Lift — Height Verification Only,extend_lift_phase(),0.5013652631578948,False
R_H08_C01_F05,diagnosed_LIFT_OBJECT_unanticipated__RQ2_R_H08_C01_F05,5,Cobot Lift Failure — Grip Pressure,increase_grip_pressure(),0.5,False
R_H08_C01_F05,diagnosed_LIFT_OBJECT_unanticipated__RQ2_R_H08_C01_F05,6,Heavy Duty Arm — Motor Overload During Lift,reduce_lift_speed(),0.5,False
R_H08_C01_F05,diagnosed_LIFT_OBJECT_unanticipated__RQ2_R_H08_C01_F05,7,Suction Arm Lift — Vacuum Loss,emergency_vacuum_pump(),0.3333333333333333,False
R_H08_C01_F06,diagnosed_LIFT_OBJECT_unanticipated__RQ2_R_H08_C01_F06,1,Lift Slip — Low Friction Surface,apply_vacuum_assist(),0.7555555555555555,True
R_H08_C01_F06,diagnosed_LIFT_OBJECT_unanticipated__RQ2_R_H08_C01_F06,2,Parallel Arm Lift — Contact Loss,reposition_and_regrip(),0.6666666666666666,False
R_H08_C01_F06,diagnosed_LIFT_OBJECT_unanticipated__RQ2_R_H08_C01_F06,3,Cobot Industrial — Incremental Heavy Part Transfer,heavy_lift(),0.6507936507936508,False
R_H08_C01_F06,diagnosed_LIFT_OBJECT_unanticipated__RQ2_R_H08_C01_F06,4,Lightweight Arm Lift — Height Verification Only,extend_lift_phase(),0.5013652631578948,False
R_H08_C01_F06,diagnosed_LIFT_OBJECT_unanticipated__RQ2_R_H08_C01_F06,5,Cobot Lift Failure — Grip Pressure,increase_grip_pressure(),0.5,False
R_H08_C01_F06,diagnosed_LIFT_OBJECT_unanticipated__RQ2_R_H08_C01_F06,6,Heavy Duty Arm — Motor Overload During Lift,reduce_lift_speed(),0.5,False
R_H08_C01_F06,diagnosed_LIFT_OBJECT_unanticipated__RQ2_R_H08_C01_F06,7,Suction Arm Lift — Vacuum Loss,emergency_vacuum_pump(),0.3333333333333333,False
R_H08_C01_F07,diagnosed_LIFT_OBJECT_unanticipated__RQ2_R_H08_C01_F07,1,Lift Slip — Low Friction Surface,apply_vacuum_assist(),0.7111111111111111,True
R_H08_C01_F07,diagnosed_LIFT_OBJECT_unanticipated__RQ2_R_H08_C01_F07,2,Parallel Arm Lift — Contact Loss,reposition_and_regrip(),0.6666666666666666,False
R_H08_C01_F07,diagnosed_LIFT_OBJECT_unanticipated__RQ2_R_H08_C01_F07,3,Cobot Industrial — Incremental Heavy Part Transfer,heavy_lift(),0.6507936507936508,False
R_H08_C01_F07,diagnosed_LIFT_OBJECT_unanticipated__RQ2_R_H08_C01_F07,4,Lightweight Arm Lift — Height Verification Only,extend_lift_phase(),0.5013652631578948,False
R_H08_C01_F07,diagnosed_LIFT_OBJECT_unanticipated__RQ2_R_H08_C01_F07,5,Cobot Lift Failure — Grip Pressure,increase_grip_pressure(),0.5,False
R_H08_C01_F07,diagnosed_LIFT_OBJECT_unanticipated__RQ2_R_H08_C01_F07,6,Heavy Duty Arm — Motor Overload During Lift,reduce_lift_speed(),0.5,False
R_H08_C01_F07,diagnosed_LIFT_OBJECT_unanticipated__RQ2_R_H08_C01_F07,7,Suction Arm Lift — Vacuum Loss,emergency_vacuum_pump(),0.3333333333333333,False
R_H08_C01_F08,diagnosed_LIFT_OBJECT_unanticipated__RQ2_R_H08_C01_F08,1,Lift Slip — Low Friction Surface,apply_vacuum_assist(),0.6713888888888889,True
R_H08_C01_F08,diagnosed_LIFT_OBJECT_unanticipated__RQ2_R_H08_C01_F08,2,Parallel Arm Lift — Contact Loss,reposition_and_regrip(),0.6666666666666666,False
R_H08_C01_F08,diagnosed_LIFT_OBJECT_unanticipated__RQ2_R_H08_C01_F08,3,Cobot Industrial — Incremental Heavy Part Transfer,heavy_lift(),0.6507936507936508,False
R_H08_C01_F08,diagnosed_LIFT_OBJECT_unanticipated__RQ2_R_H08_C01_F08,4,Lightweight Arm Lift — Height Verification Only,extend_lift_phase(),0.5013652631578948,False
R_H08_C01_F08,diagnosed_LIFT_OBJECT_unanticipated__RQ2_R_H08_C01_F08,5,Cobot Lift Failure — Grip Pressure,increase_grip_pressure(),0.5,False
R_H08_C01_F08,diagnosed_LIFT_OBJECT_unanticipated__RQ2_R_H08_C01_F08,6,Heavy Duty Arm — Motor Overload During Lift,reduce_lift_speed(),0.5,False
R_H08_C01_F08,diagnosed_LIFT_OBJECT_unanticipated__RQ2_R_H08_C01_F08,7,Suction Arm Lift — Vacuum Loss,emergency_vacuum_pump(),0.3333333333333333,False
R_H08_C01_F09,diagnosed_LIFT_OBJECT_unanticipated__RQ2_R_H08_C01_F09,1,Lift Slip — Low Friction Surface,apply_vacuum_assist(),0.6666666666666666,True
R_H08_C01_F09,diagnosed_LIFT_OBJECT_unanticipated__RQ2_R_H08_C01_F09,2,Parallel Arm Lift — Contact Loss,reposition_and_regrip(),0.6666666666666666,False
R_H08_C01_F09,diagnosed_LIFT_OBJECT_unanticipated__RQ2_R_H08_C01_F09,3,Cobot Industrial — Incremental Heavy Part Transfer,heavy_lift(),0.6507936507936508,False
R_H08_C01_F09,diagnosed_LIFT_OBJECT_unanticipated__RQ2_R_H08_C01_F09,4,Lightweight Arm Lift — Height Verification Only,extend_lift_phase(),0.5013652631578948,False
R_H08_C01_F09,diagnosed_LIFT_OBJECT_unanticipated__RQ2_R_H08_C01_F09,5,Cobot Lift Failure — Grip Pressure,increase_grip_pressure(),0.5,False
R_H08_C01_F09,diagnosed_LIFT_OBJECT_unanticipated__RQ2_R_H08_C01_F09,6,Heavy Duty Arm — Motor Overload During Lift,reduce_lift_speed(),0.5,False
R_H08_C01_F09,diagnosed_LIFT_OBJECT_unanticipated__RQ2_R_H08_C01_F09,7,Suction Arm Lift — Vacuum Loss,emergency_vacuum_pump(),0.3333333333333333,False
R_H08_C01_F10,diagnosed_LIFT_OBJECT_unanticipated__RQ2_R_H08_C01_F10,1,Lift Slip — Low Friction Surface,apply_vacuum_assist(),0.6666666666666666,True
R_H08_C01_F10,diagnosed_LIFT_OBJECT_unanticipated__RQ2_R_H08_C01_F10,2,Parallel Arm Lift — Contact Loss,reposition_and_regrip(),0.6666666666666666,False
R_H08_C01_F10,diagnosed_LIFT_OBJECT_unanticipated__RQ2_R_H08_C01_F10,3,Cobot Industrial — Incremental Heavy Part Transfer,heavy_lift(),0.6507936507936508,False
R_H08_C01_F10,diagnosed_LIFT_OBJECT_unanticipated__RQ2_R_H08_C01_F10,4,Lightweight Arm Lift — Height Verification Only,extend_lift_phase(),0.5013652631578948,False
R_H08_C01_F10,diagnosed_LIFT_OBJECT_unanticipated__RQ2_R_H08_C01_F10,5,Cobot Lift Failure — Grip Pressure,increase_grip_pressure(),0.5,False
R_H08_C01_F10,diagnosed_LIFT_OBJECT_unanticipated__RQ2_R_H08_C01_F10,6,Heavy Duty Arm — Motor Overload During Lift,reduce_lift_speed(),0.5,False
R_H08_C01_F10,diagnosed_LIFT_OBJECT_unanticipated__RQ2_R_H08_C01_F10,7,Suction Arm Lift — Vacuum Loss,emergency_vacuum_pump(),0.3333333333333333,False
R_H08_C02_F01,diagnosed_LIFT_OBJECT_unanticipated__RQ2_R_H08_C02_F01,1,Lift Slip — Low Friction Surface,apply_vacuum_assist(),0.8055555555555557,True
R_H08_C02_F01,diagnosed_LIFT_OBJECT_unanticipated__RQ2_R_H08_C02_F01,2,Parallel Arm Lift — Contact Loss,reposition_and_regrip(),0.7298850574712644,False
R_H08_C02_F01,diagnosed_LIFT_OBJECT_unanticipated__RQ2_R_H08_C02_F01,3,Cobot Industrial — Incremental Heavy Part Transfer,heavy_lift(),0.6991807475678442,False
R_H08_C02_F01,diagnosed_LIFT_OBJECT_unanticipated__RQ2_R_H08_C02_F01,4,Lightweight Arm Lift — Height Verification Only,extend_lift_phase(),0.5645836539624924,False
R_H08_C02_F01,diagnosed_LIFT_OBJECT_unanticipated__RQ2_R_H08_C02_F01,5,Cobot Lift Failure — Grip Pressure,increase_grip_pressure(),0.5,False
R_H08_C02_F01,diagnosed_LIFT_OBJECT_unanticipated__RQ2_R_H08_C02_F01,6,Heavy Duty Arm — Motor Overload During Lift,reduce_lift_speed(),0.5,False
R_H08_C02_F01,diagnosed_LIFT_OBJECT_unanticipated__RQ2_R_H08_C02_F01,7,Suction Arm Lift — Vacuum Loss,emergency_vacuum_pump(),0.3333333333333333,False
R_H08_C02_F02,diagnosed_LIFT_OBJECT_unanticipated__RQ2_R_H08_C02_F02,1,Lift Slip — Low Friction Surface,apply_vacuum_assist(),0.8611111111111112,True
R_H08_C02_F02,diagnosed_LIFT_OBJECT_unanticipated__RQ2_R_H08_C02_F02,2,Parallel Arm Lift — Contact Loss,reposition_and_regrip(),0.7298850574712644,False
R_H08_C02_F02,diagnosed_LIFT_OBJECT_unanticipated__RQ2_R_H08_C02_F02,3,Cobot Industrial — Incremental Heavy Part Transfer,heavy_lift(),0.6991807475678442,False
R_H08_C02_F02,diagnosed_LIFT_OBJECT_unanticipated__RQ2_R_H08_C02_F02,4,Lightweight Arm Lift — Height Verification Only,extend_lift_phase(),0.5645836539624924,False
R_H08_C02_F02,diagnosed_LIFT_OBJECT_unanticipated__RQ2_R_H08_C02_F02,5,Cobot Lift Failure — Grip Pressure,increase_grip_pressure(),0.5,False
R_H08_C02_F02,diagnosed_LIFT_OBJECT_unanticipated__RQ2_R_H08_C02_F02,6,Heavy Duty Arm — Motor Overload During Lift,reduce_lift_speed(),0.5,False
R_H08_C02_F02,diagnosed_LIFT_OBJECT_unanticipated__RQ2_R_H08_C02_F02,7,Suction Arm Lift — Vacuum Loss,emergency_vacuum_pump(),0.3333333333333333,False
R_H08_C02_F03,diagnosed_LIFT_OBJECT_unanticipated__RQ2_R_H08_C02_F03,1,Lift Slip — Low Friction Surface,apply_vacuum_assist(),0.8652777777777777,True
R_H08_C02_F03,diagnosed_LIFT_OBJECT_unanticipated__RQ2_R_H08_C02_F03,2,Parallel Arm Lift — Contact Loss,reposition_and_regrip(),0.7298850574712644,False
R_H08_C02_F03,diagnosed_LIFT_OBJECT_unanticipated__RQ2_R_H08_C02_F03,3,Cobot Industrial — Incremental Heavy Part Transfer,heavy_lift(),0.6991807475678442,False
R_H08_C02_F03,diagnosed_LIFT_OBJECT_unanticipated__RQ2_R_H08_C02_F03,4,Lightweight Arm Lift — Height Verification Only,extend_lift_phase(),0.5645836539624924,False
R_H08_C02_F03,diagnosed_LIFT_OBJECT_unanticipated__RQ2_R_H08_C02_F03,5,Cobot Lift Failure — Grip Pressure,increase_grip_pressure(),0.5,False
R_H08_C02_F03,diagnosed_LIFT_OBJECT_unanticipated__RQ2_R_H08_C02_F03,6,Heavy Duty Arm — Motor Overload During Lift,reduce_lift_speed(),0.5,False
R_H08_C02_F03,diagnosed_LIFT_OBJECT_unanticipated__RQ2_R_H08_C02_F03,7,Suction Arm Lift — Vacuum Loss,emergency_vacuum_pump(),0.3333333333333333,False
R_H08_C02_F04,diagnosed_LIFT_OBJECT_unanticipated__RQ2_R_H08_C02_F04,1,Lift Slip — Low Friction Surface,apply_vacuum_assist(),0.8694444444444445,True
R_H08_C02_F04,diagnosed_LIFT_OBJECT_unanticipated__RQ2_R_H08_C02_F04,2,Parallel Arm Lift — Contact Loss,reposition_and_regrip(),0.7298850574712644,False
R_H08_C02_F04,diagnosed_LIFT_OBJECT_unanticipated__RQ2_R_H08_C02_F04,3,Cobot Industrial — Incremental Heavy Part Transfer,heavy_lift(),0.6991807475678442,False
R_H08_C02_F04,diagnosed_LIFT_OBJECT_unanticipated__RQ2_R_H08_C02_F04,4,Lightweight Arm Lift — Height Verification Only,extend_lift_phase(),0.5645836539624924,False
R_H08_C02_F04,diagnosed_LIFT_OBJECT_unanticipated__RQ2_R_H08_C02_F04,5,Cobot Lift Failure — Grip Pressure,increase_grip_pressure(),0.5,False
R_H08_C02_F04,diagnosed_LIFT_OBJECT_unanticipated__RQ2_R_H08_C02_F04,6,Heavy Duty Arm — Motor Overload During Lift,reduce_lift_speed(),0.5,False
R_H08_C02_F04,diagnosed_LIFT_OBJECT_unanticipated__RQ2_R_H08_C02_F04,7,Suction Arm Lift — Vacuum Loss,emergency_vacuum_pump(),0.3333333333333333,False
R_H08_C02_F05,diagnosed_LIFT_OBJECT_unanticipated__RQ2_R_H08_C02_F05,1,Lift Slip — Low Friction Surface,apply_vacuum_assist(),0.8888888888888888,True
R_H08_C02_F05,diagnosed_LIFT_OBJECT_unanticipated__RQ2_R_H08_C02_F05,2,Parallel Arm Lift — Contact Loss,reposition_and_regrip(),0.7298850574712644,False
R_H08_C02_F05,diagnosed_LIFT_OBJECT_unanticipated__RQ2_R_H08_C02_F05,3,Cobot Industrial — Incremental Heavy Part Transfer,heavy_lift(),0.6991807475678442,False
R_H08_C02_F05,diagnosed_LIFT_OBJECT_unanticipated__RQ2_R_H08_C02_F05,4,Lightweight Arm Lift — Height Verification Only,extend_lift_phase(),0.5645836539624924,False
R_H08_C02_F05,diagnosed_LIFT_OBJECT_unanticipated__RQ2_R_H08_C02_F05,5,Cobot Lift Failure — Grip Pressure,increase_grip_pressure(),0.5,False
R_H08_C02_F05,diagnosed_LIFT_OBJECT_unanticipated__RQ2_R_H08_C02_F05,6,Heavy Duty Arm — Motor Overload During Lift,reduce_lift_speed(),0.5,False
R_H08_C02_F05,diagnosed_LIFT_OBJECT_unanticipated__RQ2_R_H08_C02_F05,7,Suction Arm Lift — Vacuum Loss,emergency_vacuum_pump(),0.3333333333333333,False
R_H08_C02_F06,diagnosed_LIFT_OBJECT_unanticipated__RQ2_R_H08_C02_F06,1,Lift Slip — Low Friction Surface,apply_vacuum_assist(),0.8666666666666667,True
R_H08_C02_F06,diagnosed_LIFT_OBJECT_unanticipated__RQ2_R_H08_C02_F06,2,Parallel Arm Lift — Contact Loss,reposition_and_regrip(),0.7298850574712644,False
R_H08_C02_F06,diagnosed_LIFT_OBJECT_unanticipated__RQ2_R_H08_C02_F06,3,Cobot Industrial — Incremental Heavy Part Transfer,heavy_lift(),0.6991807475678442,False
R_H08_C02_F06,diagnosed_LIFT_OBJECT_unanticipated__RQ2_R_H08_C02_F06,4,Lightweight Arm Lift — Height Verification Only,extend_lift_phase(),0.5645836539624924,False
R_H08_C02_F06,diagnosed_LIFT_OBJECT_unanticipated__RQ2_R_H08_C02_F06,5,Cobot Lift Failure — Grip Pressure,increase_grip_pressure(),0.5,False
R_H08_C02_F06,diagnosed_LIFT_OBJECT_unanticipated__RQ2_R_H08_C02_F06,6,Heavy Duty Arm — Motor Overload During Lift,reduce_lift_speed(),0.5,False
R_H08_C02_F06,diagnosed_LIFT_OBJECT_unanticipated__RQ2_R_H08_C02_F06,7,Suction Arm Lift — Vacuum Loss,emergency_vacuum_pump(),0.3333333333333333,False
R_H08_C02_F07,diagnosed_LIFT_OBJECT_unanticipated__RQ2_R_H08_C02_F07,1,Lift Slip — Low Friction Surface,apply_vacuum_assist(),0.8222222222222223,True
R_H08_C02_F07,diagnosed_LIFT_OBJECT_unanticipated__RQ2_R_H08_C02_F07,2,Parallel Arm Lift — Contact Loss,reposition_and_regrip(),0.7298850574712644,False
R_H08_C02_F07,diagnosed_LIFT_OBJECT_unanticipated__RQ2_R_H08_C02_F07,3,Cobot Industrial — Incremental Heavy Part Transfer,heavy_lift(),0.6991807475678442,False
R_H08_C02_F07,diagnosed_LIFT_OBJECT_unanticipated__RQ2_R_H08_C02_F07,4,Lightweight Arm Lift — Height Verification Only,extend_lift_phase(),0.5645836539624924,False
R_H08_C02_F07,diagnosed_LIFT_OBJECT_unanticipated__RQ2_R_H08_C02_F07,5,Cobot Lift Failure — Grip Pressure,increase_grip_pressure(),0.5,False
R_H08_C02_F07,diagnosed_LIFT_OBJECT_unanticipated__RQ2_R_H08_C02_F07,6,Heavy Duty Arm — Motor Overload During Lift,reduce_lift_speed(),0.5,False
R_H08_C02_F07,diagnosed_LIFT_OBJECT_unanticipated__RQ2_R_H08_C02_F07,7,Suction Arm Lift — Vacuum Loss,emergency_vacuum_pump(),0.3333333333333333,False
R_H08_C02_F08,diagnosed_LIFT_OBJECT_unanticipated__RQ2_R_H08_C02_F08,1,Lift Slip — Low Friction Surface,apply_vacuum_assist(),0.7825000000000001,True
R_H08_C02_F08,diagnosed_LIFT_OBJECT_unanticipated__RQ2_R_H08_C02_F08,2,Parallel Arm Lift — Contact Loss,reposition_and_regrip(),0.7298850574712644,False
R_H08_C02_F08,diagnosed_LIFT_OBJECT_unanticipated__RQ2_R_H08_C02_F08,3,Cobot Industrial — Incremental Heavy Part Transfer,heavy_lift(),0.6991807475678442,False
R_H08_C02_F08,diagnosed_LIFT_OBJECT_unanticipated__RQ2_R_H08_C02_F08,4,Lightweight Arm Lift — Height Verification Only,extend_lift_phase(),0.5645836539624924,False
R_H08_C02_F08,diagnosed_LIFT_OBJECT_unanticipated__RQ2_R_H08_C02_F08,5,Cobot Lift Failure — Grip Pressure,increase_grip_pressure(),0.5,False
R_H08_C02_F08,diagnosed_LIFT_OBJECT_unanticipated__RQ2_R_H08_C02_F08,6,Heavy Duty Arm — Motor Overload During Lift,reduce_lift_speed(),0.5,False
R_H08_C02_F08,diagnosed_LIFT_OBJECT_unanticipated__RQ2_R_H08_C02_F08,7,Suction Arm Lift — Vacuum Loss,emergency_vacuum_pump(),0.3333333333333333,False
R_H08_C02_F09,diagnosed_LIFT_OBJECT_unanticipated__RQ2_R_H08_C02_F09,1,Lift Slip — Low Friction Surface,apply_vacuum_assist(),0.7777777777777777,True
R_H08_C02_F09,diagnosed_LIFT_OBJECT_unanticipated__RQ2_R_H08_C02_F09,2,Parallel Arm Lift — Contact Loss,reposition_and_regrip(),0.7298850574712644,False
R_H08_C02_F09,diagnosed_LIFT_OBJECT_unanticipated__RQ2_R_H08_C02_F09,3,Cobot Industrial — Incremental Heavy Part Transfer,heavy_lift(),0.6991807475678442,False
R_H08_C02_F09,diagnosed_LIFT_OBJECT_unanticipated__RQ2_R_H08_C02_F09,4,Lightweight Arm Lift — Height Verification Only,extend_lift_phase(),0.5645836539624924,False
R_H08_C02_F09,diagnosed_LIFT_OBJECT_unanticipated__RQ2_R_H08_C02_F09,5,Cobot Lift Failure — Grip Pressure,increase_grip_pressure(),0.5,False
R_H08_C02_F09,diagnosed_LIFT_OBJECT_unanticipated__RQ2_R_H08_C02_F09,6,Heavy Duty Arm — Motor Overload During Lift,reduce_lift_speed(),0.5,False
R_H08_C02_F09,diagnosed_LIFT_OBJECT_unanticipated__RQ2_R_H08_C02_F09,7,Suction Arm Lift — Vacuum Loss,emergency_vacuum_pump(),0.3333333333333333,False
R_H08_C02_F10,diagnosed_LIFT_OBJECT_unanticipated__RQ2_R_H08_C02_F10,1,Lift Slip — Low Friction Surface,apply_vacuum_assist(),0.7777777777777777,True
R_H08_C02_F10,diagnosed_LIFT_OBJECT_unanticipated__RQ2_R_H08_C02_F10,2,Parallel Arm Lift — Contact Loss,reposition_and_regrip(),0.7298850574712644,False
R_H08_C02_F10,diagnosed_LIFT_OBJECT_unanticipated__RQ2_R_H08_C02_F10,3,Cobot Industrial — Incremental Heavy Part Transfer,heavy_lift(),0.6991807475678442,False
R_H08_C02_F10,diagnosed_LIFT_OBJECT_unanticipated__RQ2_R_H08_C02_F10,4,Lightweight Arm Lift — Height Verification Only,extend_lift_phase(),0.5645836539624924,False
R_H08_C02_F10,diagnosed_LIFT_OBJECT_unanticipated__RQ2_R_H08_C02_F10,5,Cobot Lift Failure — Grip Pressure,increase_grip_pressure(),0.5,False
R_H08_C02_F10,diagnosed_LIFT_OBJECT_unanticipated__RQ2_R_H08_C02_F10,6,Heavy Duty Arm — Motor Overload During Lift,reduce_lift_speed(),0.5,False
R_H08_C02_F10,diagnosed_LIFT_OBJECT_unanticipated__RQ2_R_H08_C02_F10,7,Suction Arm Lift — Vacuum Loss,emergency_vacuum_pump(),0.3333333333333333,False
R_H08_C03_F01,diagnosed_LIFT_OBJECT_unanticipated__RQ2_R_H08_C03_F01,1,Lift Slip — Low Friction Surface,apply_vacuum_assist(),0.75,True
R_H08_C03_F01,diagnosed_LIFT_OBJECT_unanticipated__RQ2_R_H08_C03_F01,2,Parallel Arm Lift — Contact Loss,reposition_and_regrip(),0.6666666666666666,False
R_H08_C03_F01,diagnosed_LIFT_OBJECT_unanticipated__RQ2_R_H08_C03_F01,3,Cobot Industrial — Incremental Heavy Part Transfer,heavy_lift(),0.6507936507936508,False
R_H08_C03_F01,diagnosed_LIFT_OBJECT_unanticipated__RQ2_R_H08_C03_F01,4,Lightweight Arm Lift — Height Verification Only,extend_lift_phase(),0.5013652631578948,False
R_H08_C03_F01,diagnosed_LIFT_OBJECT_unanticipated__RQ2_R_H08_C03_F01,5,Cobot Lift Failure — Grip Pressure,increase_grip_pressure(),0.5,False
R_H08_C03_F01,diagnosed_LIFT_OBJECT_unanticipated__RQ2_R_H08_C03_F01,6,Heavy Duty Arm — Motor Overload During Lift,reduce_lift_speed(),0.5,False
R_H08_C03_F01,diagnosed_LIFT_OBJECT_unanticipated__RQ2_R_H08_C03_F01,7,Suction Arm Lift — Vacuum Loss,emergency_vacuum_pump(),0.3333333333333333,False
R_H08_C03_F02,diagnosed_LIFT_OBJECT_unanticipated__RQ2_R_H08_C03_F02,1,Lift Slip — Low Friction Surface,apply_vacuum_assist(),0.8055555555555557,True
R_H08_C03_F02,diagnosed_LIFT_OBJECT_unanticipated__RQ2_R_H08_C03_F02,2,Parallel Arm Lift — Contact Loss,reposition_and_regrip(),0.6666666666666666,False
R_H08_C03_F02,diagnosed_LIFT_OBJECT_unanticipated__RQ2_R_H08_C03_F02,3,Cobot Industrial — Incremental Heavy Part Transfer,heavy_lift(),0.6507936507936508,False
R_H08_C03_F02,diagnosed_LIFT_OBJECT_unanticipated__RQ2_R_H08_C03_F02,4,Lightweight Arm Lift — Height Verification Only,extend_lift_phase(),0.5013652631578948,False
R_H08_C03_F02,diagnosed_LIFT_OBJECT_unanticipated__RQ2_R_H08_C03_F02,5,Cobot Lift Failure — Grip Pressure,increase_grip_pressure(),0.5,False
R_H08_C03_F02,diagnosed_LIFT_OBJECT_unanticipated__RQ2_R_H08_C03_F02,6,Heavy Duty Arm — Motor Overload During Lift,reduce_lift_speed(),0.5,False
R_H08_C03_F02,diagnosed_LIFT_OBJECT_unanticipated__RQ2_R_H08_C03_F02,7,Suction Arm Lift — Vacuum Loss,emergency_vacuum_pump(),0.3333333333333333,False
R_H08_C03_F03,diagnosed_LIFT_OBJECT_unanticipated__RQ2_R_H08_C03_F03,1,Lift Slip — Low Friction Surface,apply_vacuum_assist(),0.8097222222222222,True
R_H08_C03_F03,diagnosed_LIFT_OBJECT_unanticipated__RQ2_R_H08_C03_F03,2,Parallel Arm Lift — Contact Loss,reposition_and_regrip(),0.6666666666666666,False
R_H08_C03_F03,diagnosed_LIFT_OBJECT_unanticipated__RQ2_R_H08_C03_F03,3,Cobot Industrial — Incremental Heavy Part Transfer,heavy_lift(),0.6507936507936508,False
R_H08_C03_F03,diagnosed_LIFT_OBJECT_unanticipated__RQ2_R_H08_C03_F03,4,Lightweight Arm Lift — Height Verification Only,extend_lift_phase(),0.5013652631578948,False
R_H08_C03_F03,diagnosed_LIFT_OBJECT_unanticipated__RQ2_R_H08_C03_F03,5,Cobot Lift Failure — Grip Pressure,increase_grip_pressure(),0.5,False
R_H08_C03_F03,diagnosed_LIFT_OBJECT_unanticipated__RQ2_R_H08_C03_F03,6,Heavy Duty Arm — Motor Overload During Lift,reduce_lift_speed(),0.5,False
R_H08_C03_F03,diagnosed_LIFT_OBJECT_unanticipated__RQ2_R_H08_C03_F03,7,Suction Arm Lift — Vacuum Loss,emergency_vacuum_pump(),0.3333333333333333,False
R_H08_C03_F04,diagnosed_LIFT_OBJECT_unanticipated__RQ2_R_H08_C03_F04,1,Lift Slip — Low Friction Surface,apply_vacuum_assist(),0.8138888888888888,True
R_H08_C03_F04,diagnosed_LIFT_OBJECT_unanticipated__RQ2_R_H08_C03_F04,2,Parallel Arm Lift — Contact Loss,reposition_and_regrip(),0.6666666666666666,False
R_H08_C03_F04,diagnosed_LIFT_OBJECT_unanticipated__RQ2_R_H08_C03_F04,3,Cobot Industrial — Incremental Heavy Part Transfer,heavy_lift(),0.6507936507936508,False
R_H08_C03_F04,diagnosed_LIFT_OBJECT_unanticipated__RQ2_R_H08_C03_F04,4,Lightweight Arm Lift — Height Verification Only,extend_lift_phase(),0.5013652631578948,False
R_H08_C03_F04,diagnosed_LIFT_OBJECT_unanticipated__RQ2_R_H08_C03_F04,5,Cobot Lift Failure — Grip Pressure,increase_grip_pressure(),0.5,False
R_H08_C03_F04,diagnosed_LIFT_OBJECT_unanticipated__RQ2_R_H08_C03_F04,6,Heavy Duty Arm — Motor Overload During Lift,reduce_lift_speed(),0.5,False
R_H08_C03_F04,diagnosed_LIFT_OBJECT_unanticipated__RQ2_R_H08_C03_F04,7,Suction Arm Lift — Vacuum Loss,emergency_vacuum_pump(),0.3333333333333333,False
R_H08_C03_F05,diagnosed_LIFT_OBJECT_unanticipated__RQ2_R_H08_C03_F05,1,Lift Slip — Low Friction Surface,apply_vacuum_assist(),0.8333333333333334,True
R_H08_C03_F05,diagnosed_LIFT_OBJECT_unanticipated__RQ2_R_H08_C03_F05,2,Parallel Arm Lift — Contact Loss,reposition_and_regrip(),0.6666666666666666,False
R_H08_C03_F05,diagnosed_LIFT_OBJECT_unanticipated__RQ2_R_H08_C03_F05,3,Cobot Industrial — Incremental Heavy Part Transfer,heavy_lift(),0.6507936507936508,False
R_H08_C03_F05,diagnosed_LIFT_OBJECT_unanticipated__RQ2_R_H08_C03_F05,4,Lightweight Arm Lift — Height Verification Only,extend_lift_phase(),0.5013652631578948,False
R_H08_C03_F05,diagnosed_LIFT_OBJECT_unanticipated__RQ2_R_H08_C03_F05,5,Cobot Lift Failure — Grip Pressure,increase_grip_pressure(),0.5,False
R_H08_C03_F05,diagnosed_LIFT_OBJECT_unanticipated__RQ2_R_H08_C03_F05,6,Heavy Duty Arm — Motor Overload During Lift,reduce_lift_speed(),0.5,False
R_H08_C03_F05,diagnosed_LIFT_OBJECT_unanticipated__RQ2_R_H08_C03_F05,7,Suction Arm Lift — Vacuum Loss,emergency_vacuum_pump(),0.3333333333333333,False
R_H08_C03_F06,diagnosed_LIFT_OBJECT_unanticipated__RQ2_R_H08_C03_F06,1,Lift Slip — Low Friction Surface,apply_vacuum_assist(),0.8111111111111112,True
R_H08_C03_F06,diagnosed_LIFT_OBJECT_unanticipated__RQ2_R_H08_C03_F06,2,Parallel Arm Lift — Contact Loss,reposition_and_regrip(),0.6666666666666666,False
R_H08_C03_F06,diagnosed_LIFT_OBJECT_unanticipated__RQ2_R_H08_C03_F06,3,Cobot Industrial — Incremental Heavy Part Transfer,heavy_lift(),0.6507936507936508,False
R_H08_C03_F06,diagnosed_LIFT_OBJECT_unanticipated__RQ2_R_H08_C03_F06,4,Lightweight Arm Lift — Height Verification Only,extend_lift_phase(),0.5013652631578948,False
R_H08_C03_F06,diagnosed_LIFT_OBJECT_unanticipated__RQ2_R_H08_C03_F06,5,Cobot Lift Failure — Grip Pressure,increase_grip_pressure(),0.5,False
R_H08_C03_F06,diagnosed_LIFT_OBJECT_unanticipated__RQ2_R_H08_C03_F06,6,Heavy Duty Arm — Motor Overload During Lift,reduce_lift_speed(),0.5,False
R_H08_C03_F06,diagnosed_LIFT_OBJECT_unanticipated__RQ2_R_H08_C03_F06,7,Suction Arm Lift — Vacuum Loss,emergency_vacuum_pump(),0.3333333333333333,False
R_H08_C03_F07,diagnosed_LIFT_OBJECT_unanticipated__RQ2_R_H08_C03_F07,1,Lift Slip — Low Friction Surface,apply_vacuum_assist(),0.7666666666666666,True
R_H08_C03_F07,diagnosed_LIFT_OBJECT_unanticipated__RQ2_R_H08_C03_F07,2,Parallel Arm Lift — Contact Loss,reposition_and_regrip(),0.6666666666666666,False
R_H08_C03_F07,diagnosed_LIFT_OBJECT_unanticipated__RQ2_R_H08_C03_F07,3,Cobot Industrial — Incremental Heavy Part Transfer,heavy_lift(),0.6507936507936508,False
R_H08_C03_F07,diagnosed_LIFT_OBJECT_unanticipated__RQ2_R_H08_C03_F07,4,Lightweight Arm Lift — Height Verification Only,extend_lift_phase(),0.5013652631578948,False
R_H08_C03_F07,diagnosed_LIFT_OBJECT_unanticipated__RQ2_R_H08_C03_F07,5,Cobot Lift Failure — Grip Pressure,increase_grip_pressure(),0.5,False
R_H08_C03_F07,diagnosed_LIFT_OBJECT_unanticipated__RQ2_R_H08_C03_F07,6,Heavy Duty Arm — Motor Overload During Lift,reduce_lift_speed(),0.5,False
R_H08_C03_F07,diagnosed_LIFT_OBJECT_unanticipated__RQ2_R_H08_C03_F07,7,Suction Arm Lift — Vacuum Loss,emergency_vacuum_pump(),0.3333333333333333,False
R_H08_C03_F08,diagnosed_LIFT_OBJECT_unanticipated__RQ2_R_H08_C03_F08,1,Lift Slip — Low Friction Surface,apply_vacuum_assist(),0.7269444444444444,True
R_H08_C03_F08,diagnosed_LIFT_OBJECT_unanticipated__RQ2_R_H08_C03_F08,2,Parallel Arm Lift — Contact Loss,reposition_and_regrip(),0.6666666666666666,False
R_H08_C03_F08,diagnosed_LIFT_OBJECT_unanticipated__RQ2_R_H08_C03_F08,3,Cobot Industrial — Incremental Heavy Part Transfer,heavy_lift(),0.6507936507936508,False
R_H08_C03_F08,diagnosed_LIFT_OBJECT_unanticipated__RQ2_R_H08_C03_F08,4,Lightweight Arm Lift — Height Verification Only,extend_lift_phase(),0.5013652631578948,False
R_H08_C03_F08,diagnosed_LIFT_OBJECT_unanticipated__RQ2_R_H08_C03_F08,5,Cobot Lift Failure — Grip Pressure,increase_grip_pressure(),0.5,False
R_H08_C03_F08,diagnosed_LIFT_OBJECT_unanticipated__RQ2_R_H08_C03_F08,6,Heavy Duty Arm — Motor Overload During Lift,reduce_lift_speed(),0.5,False
R_H08_C03_F08,diagnosed_LIFT_OBJECT_unanticipated__RQ2_R_H08_C03_F08,7,Suction Arm Lift — Vacuum Loss,emergency_vacuum_pump(),0.3333333333333333,False
R_H08_C03_F09,diagnosed_LIFT_OBJECT_unanticipated__RQ2_R_H08_C03_F09,1,Lift Slip — Low Friction Surface,apply_vacuum_assist(),0.7222222222222223,True
R_H08_C03_F09,diagnosed_LIFT_OBJECT_unanticipated__RQ2_R_H08_C03_F09,2,Parallel Arm Lift — Contact Loss,reposition_and_regrip(),0.6666666666666666,False
R_H08_C03_F09,diagnosed_LIFT_OBJECT_unanticipated__RQ2_R_H08_C03_F09,3,Cobot Industrial — Incremental Heavy Part Transfer,heavy_lift(),0.6507936507936508,False
R_H08_C03_F09,diagnosed_LIFT_OBJECT_unanticipated__RQ2_R_H08_C03_F09,4,Lightweight Arm Lift — Height Verification Only,extend_lift_phase(),0.5013652631578948,False
R_H08_C03_F09,diagnosed_LIFT_OBJECT_unanticipated__RQ2_R_H08_C03_F09,5,Cobot Lift Failure — Grip Pressure,increase_grip_pressure(),0.5,False
R_H08_C03_F09,diagnosed_LIFT_OBJECT_unanticipated__RQ2_R_H08_C03_F09,6,Heavy Duty Arm — Motor Overload During Lift,reduce_lift_speed(),0.5,False
R_H08_C03_F09,diagnosed_LIFT_OBJECT_unanticipated__RQ2_R_H08_C03_F09,7,Suction Arm Lift — Vacuum Loss,emergency_vacuum_pump(),0.3333333333333333,False
R_H08_C03_F10,diagnosed_LIFT_OBJECT_unanticipated__RQ2_R_H08_C03_F10,1,Lift Slip — Low Friction Surface,apply_vacuum_assist(),0.7222222222222223,True
R_H08_C03_F10,diagnosed_LIFT_OBJECT_unanticipated__RQ2_R_H08_C03_F10,2,Parallel Arm Lift — Contact Loss,reposition_and_regrip(),0.6666666666666666,False
R_H08_C03_F10,diagnosed_LIFT_OBJECT_unanticipated__RQ2_R_H08_C03_F10,3,Cobot Industrial — Incremental Heavy Part Transfer,heavy_lift(),0.6507936507936508,False
R_H08_C03_F10,diagnosed_LIFT_OBJECT_unanticipated__RQ2_R_H08_C03_F10,4,Lightweight Arm Lift — Height Verification Only,extend_lift_phase(),0.5013652631578948,False
R_H08_C03_F10,diagnosed_LIFT_OBJECT_unanticipated__RQ2_R_H08_C03_F10,5,Cobot Lift Failure — Grip Pressure,increase_grip_pressure(),0.5,False
R_H08_C03_F10,diagnosed_LIFT_OBJECT_unanticipated__RQ2_R_H08_C03_F10,6,Heavy Duty Arm — Motor Overload During Lift,reduce_lift_speed(),0.5,False
R_H08_C03_F10,diagnosed_LIFT_OBJECT_unanticipated__RQ2_R_H08_C03_F10,7,Suction Arm Lift — Vacuum Loss,emergency_vacuum_pump(),0.3333333333333333,False
R_H08_C04_F01,diagnosed_LIFT_OBJECT_unanticipated__RQ2_R_H08_C04_F01,1,Lift Slip — Low Friction Surface,apply_vacuum_assist(),0.731481111111111,True
R_H08_C04_F01,diagnosed_LIFT_OBJECT_unanticipated__RQ2_R_H08_C04_F01,2,Parallel Arm Lift — Contact Loss,reposition_and_regrip(),0.6666666666666666,False
R_H08_C04_F01,diagnosed_LIFT_OBJECT_unanticipated__RQ2_R_H08_C04_F01,3,Cobot Industrial — Incremental Heavy Part Transfer,heavy_lift(),0.6507936507936508,False
R_H08_C04_F01,diagnosed_LIFT_OBJECT_unanticipated__RQ2_R_H08_C04_F01,4,Lightweight Arm Lift — Height Verification Only,extend_lift_phase(),0.5013652631578948,False
R_H08_C04_F01,diagnosed_LIFT_OBJECT_unanticipated__RQ2_R_H08_C04_F01,5,Cobot Lift Failure — Grip Pressure,increase_grip_pressure(),0.5,False
R_H08_C04_F01,diagnosed_LIFT_OBJECT_unanticipated__RQ2_R_H08_C04_F01,6,Heavy Duty Arm — Motor Overload During Lift,reduce_lift_speed(),0.5,False
R_H08_C04_F01,diagnosed_LIFT_OBJECT_unanticipated__RQ2_R_H08_C04_F01,7,Suction Arm Lift — Vacuum Loss,emergency_vacuum_pump(),0.3333333333333333,False
R_H08_C04_F02,diagnosed_LIFT_OBJECT_unanticipated__RQ2_R_H08_C04_F02,1,Lift Slip — Low Friction Surface,apply_vacuum_assist(),0.7870366666666667,True
R_H08_C04_F02,diagnosed_LIFT_OBJECT_unanticipated__RQ2_R_H08_C04_F02,2,Parallel Arm Lift — Contact Loss,reposition_and_regrip(),0.6666666666666666,False
R_H08_C04_F02,diagnosed_LIFT_OBJECT_unanticipated__RQ2_R_H08_C04_F02,3,Cobot Industrial — Incremental Heavy Part Transfer,heavy_lift(),0.6507936507936508,False
R_H08_C04_F02,diagnosed_LIFT_OBJECT_unanticipated__RQ2_R_H08_C04_F02,4,Lightweight Arm Lift — Height Verification Only,extend_lift_phase(),0.5013652631578948,False
R_H08_C04_F02,diagnosed_LIFT_OBJECT_unanticipated__RQ2_R_H08_C04_F02,5,Cobot Lift Failure — Grip Pressure,increase_grip_pressure(),0.5,False
R_H08_C04_F02,diagnosed_LIFT_OBJECT_unanticipated__RQ2_R_H08_C04_F02,6,Heavy Duty Arm — Motor Overload During Lift,reduce_lift_speed(),0.5,False
R_H08_C04_F02,diagnosed_LIFT_OBJECT_unanticipated__RQ2_R_H08_C04_F02,7,Suction Arm Lift — Vacuum Loss,emergency_vacuum_pump(),0.3333333333333333,False
R_H08_C04_F03,diagnosed_LIFT_OBJECT_unanticipated__RQ2_R_H08_C04_F03,1,Lift Slip — Low Friction Surface,apply_vacuum_assist(),0.7912033333333334,True
R_H08_C04_F03,diagnosed_LIFT_OBJECT_unanticipated__RQ2_R_H08_C04_F03,2,Parallel Arm Lift — Contact Loss,reposition_and_regrip(),0.6666666666666666,False
R_H08_C04_F03,diagnosed_LIFT_OBJECT_unanticipated__RQ2_R_H08_C04_F03,3,Cobot Industrial — Incremental Heavy Part Transfer,heavy_lift(),0.6507936507936508,False
R_H08_C04_F03,diagnosed_LIFT_OBJECT_unanticipated__RQ2_R_H08_C04_F03,4,Lightweight Arm Lift — Height Verification Only,extend_lift_phase(),0.5013652631578948,False
R_H08_C04_F03,diagnosed_LIFT_OBJECT_unanticipated__RQ2_R_H08_C04_F03,5,Cobot Lift Failure — Grip Pressure,increase_grip_pressure(),0.5,False
R_H08_C04_F03,diagnosed_LIFT_OBJECT_unanticipated__RQ2_R_H08_C04_F03,6,Heavy Duty Arm — Motor Overload During Lift,reduce_lift_speed(),0.5,False
R_H08_C04_F03,diagnosed_LIFT_OBJECT_unanticipated__RQ2_R_H08_C04_F03,7,Suction Arm Lift — Vacuum Loss,emergency_vacuum_pump(),0.3333333333333333,False
R_H08_C04_F04,diagnosed_LIFT_OBJECT_unanticipated__RQ2_R_H08_C04_F04,1,Lift Slip — Low Friction Surface,apply_vacuum_assist(),0.79537,True
R_H08_C04_F04,diagnosed_LIFT_OBJECT_unanticipated__RQ2_R_H08_C04_F04,2,Parallel Arm Lift — Contact Loss,reposition_and_regrip(),0.6666666666666666,False
R_H08_C04_F04,diagnosed_LIFT_OBJECT_unanticipated__RQ2_R_H08_C04_F04,3,Cobot Industrial — Incremental Heavy Part Transfer,heavy_lift(),0.6507936507936508,False
R_H08_C04_F04,diagnosed_LIFT_OBJECT_unanticipated__RQ2_R_H08_C04_F04,4,Lightweight Arm Lift — Height Verification Only,extend_lift_phase(),0.5013652631578948,False
R_H08_C04_F04,diagnosed_LIFT_OBJECT_unanticipated__RQ2_R_H08_C04_F04,5,Cobot Lift Failure — Grip Pressure,increase_grip_pressure(),0.5,False
R_H08_C04_F04,diagnosed_LIFT_OBJECT_unanticipated__RQ2_R_H08_C04_F04,6,Heavy Duty Arm — Motor Overload During Lift,reduce_lift_speed(),0.5,False
R_H08_C04_F04,diagnosed_LIFT_OBJECT_unanticipated__RQ2_R_H08_C04_F04,7,Suction Arm Lift — Vacuum Loss,emergency_vacuum_pump(),0.3333333333333333,False
R_H08_C04_F05,diagnosed_LIFT_OBJECT_unanticipated__RQ2_R_H08_C04_F05,1,Lift Slip — Low Friction Surface,apply_vacuum_assist(),0.8148144444444444,True
R_H08_C04_F05,diagnosed_LIFT_OBJECT_unanticipated__RQ2_R_H08_C04_F05,2,Parallel Arm Lift — Contact Loss,reposition_and_regrip(),0.6666666666666666,False
R_H08_C04_F05,diagnosed_LIFT_OBJECT_unanticipated__RQ2_R_H08_C04_F05,3,Cobot Industrial — Incremental Heavy Part Transfer,heavy_lift(),0.6507936507936508,False
R_H08_C04_F05,diagnosed_LIFT_OBJECT_unanticipated__RQ2_R_H08_C04_F05,4,Lightweight Arm Lift — Height Verification Only,extend_lift_phase(),0.5013652631578948,False
R_H08_C04_F05,diagnosed_LIFT_OBJECT_unanticipated__RQ2_R_H08_C04_F05,5,Cobot Lift Failure — Grip Pressure,increase_grip_pressure(),0.5,False
R_H08_C04_F05,diagnosed_LIFT_OBJECT_unanticipated__RQ2_R_H08_C04_F05,6,Heavy Duty Arm — Motor Overload During Lift,reduce_lift_speed(),0.5,False
R_H08_C04_F05,diagnosed_LIFT_OBJECT_unanticipated__RQ2_R_H08_C04_F05,7,Suction Arm Lift — Vacuum Loss,emergency_vacuum_pump(),0.3333333333333333,False
R_H08_C04_F06,diagnosed_LIFT_OBJECT_unanticipated__RQ2_R_H08_C04_F06,1,Lift Slip — Low Friction Surface,apply_vacuum_assist(),0.7925922222222223,True
R_H08_C04_F06,diagnosed_LIFT_OBJECT_unanticipated__RQ2_R_H08_C04_F06,2,Parallel Arm Lift — Contact Loss,reposition_and_regrip(),0.6666666666666666,False
R_H08_C04_F06,diagnosed_LIFT_OBJECT_unanticipated__RQ2_R_H08_C04_F06,3,Cobot Industrial — Incremental Heavy Part Transfer,heavy_lift(),0.6507936507936508,False
R_H08_C04_F06,diagnosed_LIFT_OBJECT_unanticipated__RQ2_R_H08_C04_F06,4,Lightweight Arm Lift — Height Verification Only,extend_lift_phase(),0.5013652631578948,False
R_H08_C04_F06,diagnosed_LIFT_OBJECT_unanticipated__RQ2_R_H08_C04_F06,5,Cobot Lift Failure — Grip Pressure,increase_grip_pressure(),0.5,False
R_H08_C04_F06,diagnosed_LIFT_OBJECT_unanticipated__RQ2_R_H08_C04_F06,6,Heavy Duty Arm — Motor Overload During Lift,reduce_lift_speed(),0.5,False
R_H08_C04_F06,diagnosed_LIFT_OBJECT_unanticipated__RQ2_R_H08_C04_F06,7,Suction Arm Lift — Vacuum Loss,emergency_vacuum_pump(),0.3333333333333333,False
R_H08_C04_F07,diagnosed_LIFT_OBJECT_unanticipated__RQ2_R_H08_C04_F07,1,Lift Slip — Low Friction Surface,apply_vacuum_assist(),0.7481477777777777,True
R_H08_C04_F07,diagnosed_LIFT_OBJECT_unanticipated__RQ2_R_H08_C04_F07,2,Parallel Arm Lift — Contact Loss,reposition_and_regrip(),0.6666666666666666,False
R_H08_C04_F07,diagnosed_LIFT_OBJECT_unanticipated__RQ2_R_H08_C04_F07,3,Cobot Industrial — Incremental Heavy Part Transfer,heavy_lift(),0.6507936507936508,False
R_H08_C04_F07,diagnosed_LIFT_OBJECT_unanticipated__RQ2_R_H08_C04_F07,4,Lightweight Arm Lift — Height Verification Only,extend_lift_phase(),0.5013652631578948,False
R_H08_C04_F07,diagnosed_LIFT_OBJECT_unanticipated__RQ2_R_H08_C04_F07,5,Cobot Lift Failure — Grip Pressure,increase_grip_pressure(),0.5,False
R_H08_C04_F07,diagnosed_LIFT_OBJECT_unanticipated__RQ2_R_H08_C04_F07,6,Heavy Duty Arm — Motor Overload During Lift,reduce_lift_speed(),0.5,False
R_H08_C04_F07,diagnosed_LIFT_OBJECT_unanticipated__RQ2_R_H08_C04_F07,7,Suction Arm Lift — Vacuum Loss,emergency_vacuum_pump(),0.3333333333333333,False
R_H08_C04_F08,diagnosed_LIFT_OBJECT_unanticipated__RQ2_R_H08_C04_F08,1,Lift Slip — Low Friction Surface,apply_vacuum_assist(),0.7084255555555555,True
R_H08_C04_F08,diagnosed_LIFT_OBJECT_unanticipated__RQ2_R_H08_C04_F08,2,Parallel Arm Lift — Contact Loss,reposition_and_regrip(),0.6666666666666666,False
R_H08_C04_F08,diagnosed_LIFT_OBJECT_unanticipated__RQ2_R_H08_C04_F08,3,Cobot Industrial — Incremental Heavy Part Transfer,heavy_lift(),0.6507936507936508,False
R_H08_C04_F08,diagnosed_LIFT_OBJECT_unanticipated__RQ2_R_H08_C04_F08,4,Lightweight Arm Lift — Height Verification Only,extend_lift_phase(),0.5013652631578948,False
R_H08_C04_F08,diagnosed_LIFT_OBJECT_unanticipated__RQ2_R_H08_C04_F08,5,Cobot Lift Failure — Grip Pressure,increase_grip_pressure(),0.5,False
R_H08_C04_F08,diagnosed_LIFT_OBJECT_unanticipated__RQ2_R_H08_C04_F08,6,Heavy Duty Arm — Motor Overload During Lift,reduce_lift_speed(),0.5,False
R_H08_C04_F08,diagnosed_LIFT_OBJECT_unanticipated__RQ2_R_H08_C04_F08,7,Suction Arm Lift — Vacuum Loss,emergency_vacuum_pump(),0.3333333333333333,False
R_H08_C04_F09,diagnosed_LIFT_OBJECT_unanticipated__RQ2_R_H08_C04_F09,1,Lift Slip — Low Friction Surface,apply_vacuum_assist(),0.7037033333333333,True
R_H08_C04_F09,diagnosed_LIFT_OBJECT_unanticipated__RQ2_R_H08_C04_F09,2,Parallel Arm Lift — Contact Loss,reposition_and_regrip(),0.6666666666666666,False
R_H08_C04_F09,diagnosed_LIFT_OBJECT_unanticipated__RQ2_R_H08_C04_F09,3,Cobot Industrial — Incremental Heavy Part Transfer,heavy_lift(),0.6507936507936508,False
R_H08_C04_F09,diagnosed_LIFT_OBJECT_unanticipated__RQ2_R_H08_C04_F09,4,Lightweight Arm Lift — Height Verification Only,extend_lift_phase(),0.5013652631578948,False
R_H08_C04_F09,diagnosed_LIFT_OBJECT_unanticipated__RQ2_R_H08_C04_F09,5,Cobot Lift Failure — Grip Pressure,increase_grip_pressure(),0.5,False
R_H08_C04_F09,diagnosed_LIFT_OBJECT_unanticipated__RQ2_R_H08_C04_F09,6,Heavy Duty Arm — Motor Overload During Lift,reduce_lift_speed(),0.5,False
R_H08_C04_F09,diagnosed_LIFT_OBJECT_unanticipated__RQ2_R_H08_C04_F09,7,Suction Arm Lift — Vacuum Loss,emergency_vacuum_pump(),0.3333333333333333,False
R_H08_C04_F10,diagnosed_LIFT_OBJECT_unanticipated__RQ2_R_H08_C04_F10,1,Lift Slip — Low Friction Surface,apply_vacuum_assist(),0.7037033333333333,True
R_H08_C04_F10,diagnosed_LIFT_OBJECT_unanticipated__RQ2_R_H08_C04_F10,2,Parallel Arm Lift — Contact Loss,reposition_and_regrip(),0.6666666666666666,False
R_H08_C04_F10,diagnosed_LIFT_OBJECT_unanticipated__RQ2_R_H08_C04_F10,3,Cobot Industrial — Incremental Heavy Part Transfer,heavy_lift(),0.6507936507936508,False
R_H08_C04_F10,diagnosed_LIFT_OBJECT_unanticipated__RQ2_R_H08_C04_F10,4,Lightweight Arm Lift — Height Verification Only,extend_lift_phase(),0.5013652631578948,False
R_H08_C04_F10,diagnosed_LIFT_OBJECT_unanticipated__RQ2_R_H08_C04_F10,5,Cobot Lift Failure — Grip Pressure,increase_grip_pressure(),0.5,False
R_H08_C04_F10,diagnosed_LIFT_OBJECT_unanticipated__RQ2_R_H08_C04_F10,6,Heavy Duty Arm — Motor Overload During Lift,reduce_lift_speed(),0.5,False
R_H08_C04_F10,diagnosed_LIFT_OBJECT_unanticipated__RQ2_R_H08_C04_F10,7,Suction Arm Lift — Vacuum Loss,emergency_vacuum_pump(),0.3333333333333333,False
R_H08_C05_F01,diagnosed_LIFT_OBJECT_unanticipated__RQ2_R_H08_C05_F01,1,Lift Slip — Low Friction Surface,apply_vacuum_assist(),0.7222222222222223,True
R_H08_C05_F01,diagnosed_LIFT_OBJECT_unanticipated__RQ2_R_H08_C05_F01,2,Parallel Arm Lift — Contact Loss,reposition_and_regrip(),0.6666666666666666,False
R_H08_C05_F01,diagnosed_LIFT_OBJECT_unanticipated__RQ2_R_H08_C05_F01,3,Cobot Industrial — Incremental Heavy Part Transfer,heavy_lift(),0.6507936507936508,False
R_H08_C05_F01,diagnosed_LIFT_OBJECT_unanticipated__RQ2_R_H08_C05_F01,4,Lightweight Arm Lift — Height Verification Only,extend_lift_phase(),0.5013652631578948,False
R_H08_C05_F01,diagnosed_LIFT_OBJECT_unanticipated__RQ2_R_H08_C05_F01,5,Cobot Lift Failure — Grip Pressure,increase_grip_pressure(),0.5,False
R_H08_C05_F01,diagnosed_LIFT_OBJECT_unanticipated__RQ2_R_H08_C05_F01,6,Heavy Duty Arm — Motor Overload During Lift,reduce_lift_speed(),0.5,False
R_H08_C05_F01,diagnosed_LIFT_OBJECT_unanticipated__RQ2_R_H08_C05_F01,7,Suction Arm Lift — Vacuum Loss,emergency_vacuum_pump(),0.3333333333333333,False
R_H08_C05_F02,diagnosed_LIFT_OBJECT_unanticipated__RQ2_R_H08_C05_F02,1,Lift Slip — Low Friction Surface,apply_vacuum_assist(),0.7777777777777777,True
R_H08_C05_F02,diagnosed_LIFT_OBJECT_unanticipated__RQ2_R_H08_C05_F02,2,Parallel Arm Lift — Contact Loss,reposition_and_regrip(),0.6666666666666666,False
R_H08_C05_F02,diagnosed_LIFT_OBJECT_unanticipated__RQ2_R_H08_C05_F02,3,Cobot Industrial — Incremental Heavy Part Transfer,heavy_lift(),0.6507936507936508,False
R_H08_C05_F02,diagnosed_LIFT_OBJECT_unanticipated__RQ2_R_H08_C05_F02,4,Lightweight Arm Lift — Height Verification Only,extend_lift_phase(),0.5013652631578948,False
R_H08_C05_F02,diagnosed_LIFT_OBJECT_unanticipated__RQ2_R_H08_C05_F02,5,Cobot Lift Failure — Grip Pressure,increase_grip_pressure(),0.5,False
R_H08_C05_F02,diagnosed_LIFT_OBJECT_unanticipated__RQ2_R_H08_C05_F02,6,Heavy Duty Arm — Motor Overload During Lift,reduce_lift_speed(),0.5,False
R_H08_C05_F02,diagnosed_LIFT_OBJECT_unanticipated__RQ2_R_H08_C05_F02,7,Suction Arm Lift — Vacuum Loss,emergency_vacuum_pump(),0.3333333333333333,False
R_H08_C05_F03,diagnosed_LIFT_OBJECT_unanticipated__RQ2_R_H08_C05_F03,1,Lift Slip — Low Friction Surface,apply_vacuum_assist(),0.7819444444444444,True
R_H08_C05_F03,diagnosed_LIFT_OBJECT_unanticipated__RQ2_R_H08_C05_F03,2,Parallel Arm Lift — Contact Loss,reposition_and_regrip(),0.6666666666666666,False
R_H08_C05_F03,diagnosed_LIFT_OBJECT_unanticipated__RQ2_R_H08_C05_F03,3,Cobot Industrial — Incremental Heavy Part Transfer,heavy_lift(),0.6507936507936508,False
R_H08_C05_F03,diagnosed_LIFT_OBJECT_unanticipated__RQ2_R_H08_C05_F03,4,Lightweight Arm Lift — Height Verification Only,extend_lift_phase(),0.5013652631578948,False
R_H08_C05_F03,diagnosed_LIFT_OBJECT_unanticipated__RQ2_R_H08_C05_F03,5,Cobot Lift Failure — Grip Pressure,increase_grip_pressure(),0.5,False
R_H08_C05_F03,diagnosed_LIFT_OBJECT_unanticipated__RQ2_R_H08_C05_F03,6,Heavy Duty Arm — Motor Overload During Lift,reduce_lift_speed(),0.5,False
R_H08_C05_F03,diagnosed_LIFT_OBJECT_unanticipated__RQ2_R_H08_C05_F03,7,Suction Arm Lift — Vacuum Loss,emergency_vacuum_pump(),0.3333333333333333,False
R_H08_C05_F04,diagnosed_LIFT_OBJECT_unanticipated__RQ2_R_H08_C05_F04,1,Lift Slip — Low Friction Surface,apply_vacuum_assist(),0.7861111111111111,True
R_H08_C05_F04,diagnosed_LIFT_OBJECT_unanticipated__RQ2_R_H08_C05_F04,2,Parallel Arm Lift — Contact Loss,reposition_and_regrip(),0.6666666666666666,False
R_H08_C05_F04,diagnosed_LIFT_OBJECT_unanticipated__RQ2_R_H08_C05_F04,3,Cobot Industrial — Incremental Heavy Part Transfer,heavy_lift(),0.6507936507936508,False
R_H08_C05_F04,diagnosed_LIFT_OBJECT_unanticipated__RQ2_R_H08_C05_F04,4,Lightweight Arm Lift — Height Verification Only,extend_lift_phase(),0.5013652631578948,False
R_H08_C05_F04,diagnosed_LIFT_OBJECT_unanticipated__RQ2_R_H08_C05_F04,5,Cobot Lift Failure — Grip Pressure,increase_grip_pressure(),0.5,False
R_H08_C05_F04,diagnosed_LIFT_OBJECT_unanticipated__RQ2_R_H08_C05_F04,6,Heavy Duty Arm — Motor Overload During Lift,reduce_lift_speed(),0.5,False
R_H08_C05_F04,diagnosed_LIFT_OBJECT_unanticipated__RQ2_R_H08_C05_F04,7,Suction Arm Lift — Vacuum Loss,emergency_vacuum_pump(),0.3333333333333333,False
R_H08_C05_F05,diagnosed_LIFT_OBJECT_unanticipated__RQ2_R_H08_C05_F05,1,Lift Slip — Low Friction Surface,apply_vacuum_assist(),0.8055555555555557,True
R_H08_C05_F05,diagnosed_LIFT_OBJECT_unanticipated__RQ2_R_H08_C05_F05,2,Parallel Arm Lift — Contact Loss,reposition_and_regrip(),0.6666666666666666,False
R_H08_C05_F05,diagnosed_LIFT_OBJECT_unanticipated__RQ2_R_H08_C05_F05,3,Cobot Industrial — Incremental Heavy Part Transfer,heavy_lift(),0.6507936507936508,False
R_H08_C05_F05,diagnosed_LIFT_OBJECT_unanticipated__RQ2_R_H08_C05_F05,4,Lightweight Arm Lift — Height Verification Only,extend_lift_phase(),0.5013652631578948,False
R_H08_C05_F05,diagnosed_LIFT_OBJECT_unanticipated__RQ2_R_H08_C05_F05,5,Cobot Lift Failure — Grip Pressure,increase_grip_pressure(),0.5,False
R_H08_C05_F05,diagnosed_LIFT_OBJECT_unanticipated__RQ2_R_H08_C05_F05,6,Heavy Duty Arm — Motor Overload During Lift,reduce_lift_speed(),0.5,False
R_H08_C05_F05,diagnosed_LIFT_OBJECT_unanticipated__RQ2_R_H08_C05_F05,7,Suction Arm Lift — Vacuum Loss,emergency_vacuum_pump(),0.3333333333333333,False
R_H08_C05_F06,diagnosed_LIFT_OBJECT_unanticipated__RQ2_R_H08_C05_F06,1,Lift Slip — Low Friction Surface,apply_vacuum_assist(),0.7833333333333333,True
R_H08_C05_F06,diagnosed_LIFT_OBJECT_unanticipated__RQ2_R_H08_C05_F06,2,Parallel Arm Lift — Contact Loss,reposition_and_regrip(),0.6666666666666666,False
R_H08_C05_F06,diagnosed_LIFT_OBJECT_unanticipated__RQ2_R_H08_C05_F06,3,Cobot Industrial — Incremental Heavy Part Transfer,heavy_lift(),0.6507936507936508,False
R_H08_C05_F06,diagnosed_LIFT_OBJECT_unanticipated__RQ2_R_H08_C05_F06,4,Lightweight Arm Lift — Height Verification Only,extend_lift_phase(),0.5013652631578948,False
R_H08_C05_F06,diagnosed_LIFT_OBJECT_unanticipated__RQ2_R_H08_C05_F06,5,Cobot Lift Failure — Grip Pressure,increase_grip_pressure(),0.5,False
R_H08_C05_F06,diagnosed_LIFT_OBJECT_unanticipated__RQ2_R_H08_C05_F06,6,Heavy Duty Arm — Motor Overload During Lift,reduce_lift_speed(),0.5,False
R_H08_C05_F06,diagnosed_LIFT_OBJECT_unanticipated__RQ2_R_H08_C05_F06,7,Suction Arm Lift — Vacuum Loss,emergency_vacuum_pump(),0.3333333333333333,False
R_H08_C05_F07,diagnosed_LIFT_OBJECT_unanticipated__RQ2_R_H08_C05_F07,1,Lift Slip — Low Friction Surface,apply_vacuum_assist(),0.7388888888888889,True
R_H08_C05_F07,diagnosed_LIFT_OBJECT_unanticipated__RQ2_R_H08_C05_F07,2,Parallel Arm Lift — Contact Loss,reposition_and_regrip(),0.6666666666666666,False
R_H08_C05_F07,diagnosed_LIFT_OBJECT_unanticipated__RQ2_R_H08_C05_F07,3,Cobot Industrial — Incremental Heavy Part Transfer,heavy_lift(),0.6507936507936508,False
R_H08_C05_F07,diagnosed_LIFT_OBJECT_unanticipated__RQ2_R_H08_C05_F07,4,Lightweight Arm Lift — Height Verification Only,extend_lift_phase(),0.5013652631578948,False
R_H08_C05_F07,diagnosed_LIFT_OBJECT_unanticipated__RQ2_R_H08_C05_F07,5,Cobot Lift Failure — Grip Pressure,increase_grip_pressure(),0.5,False
R_H08_C05_F07,diagnosed_LIFT_OBJECT_unanticipated__RQ2_R_H08_C05_F07,6,Heavy Duty Arm — Motor Overload During Lift,reduce_lift_speed(),0.5,False
R_H08_C05_F07,diagnosed_LIFT_OBJECT_unanticipated__RQ2_R_H08_C05_F07,7,Suction Arm Lift — Vacuum Loss,emergency_vacuum_pump(),0.3333333333333333,False
R_H08_C05_F08,diagnosed_LIFT_OBJECT_unanticipated__RQ2_R_H08_C05_F08,1,Lift Slip — Low Friction Surface,apply_vacuum_assist(),0.6991666666666667,True
R_H08_C05_F08,diagnosed_LIFT_OBJECT_unanticipated__RQ2_R_H08_C05_F08,2,Parallel Arm Lift — Contact Loss,reposition_and_regrip(),0.6666666666666666,False
R_H08_C05_F08,diagnosed_LIFT_OBJECT_unanticipated__RQ2_R_H08_C05_F08,3,Cobot Industrial — Incremental Heavy Part Transfer,heavy_lift(),0.6507936507936508,False
R_H08_C05_F08,diagnosed_LIFT_OBJECT_unanticipated__RQ2_R_H08_C05_F08,4,Lightweight Arm Lift — Height Verification Only,extend_lift_phase(),0.5013652631578948,False
R_H08_C05_F08,diagnosed_LIFT_OBJECT_unanticipated__RQ2_R_H08_C05_F08,5,Cobot Lift Failure — Grip Pressure,increase_grip_pressure(),0.5,False
R_H08_C05_F08,diagnosed_LIFT_OBJECT_unanticipated__RQ2_R_H08_C05_F08,6,Heavy Duty Arm — Motor Overload During Lift,reduce_lift_speed(),0.5,False
R_H08_C05_F08,diagnosed_LIFT_OBJECT_unanticipated__RQ2_R_H08_C05_F08,7,Suction Arm Lift — Vacuum Loss,emergency_vacuum_pump(),0.3333333333333333,False
R_H08_C05_F09,diagnosed_LIFT_OBJECT_unanticipated__RQ2_R_H08_C05_F09,1,Lift Slip — Low Friction Surface,apply_vacuum_assist(),0.6944444444444443,True
R_H08_C05_F09,diagnosed_LIFT_OBJECT_unanticipated__RQ2_R_H08_C05_F09,2,Parallel Arm Lift — Contact Loss,reposition_and_regrip(),0.6666666666666666,False
R_H08_C05_F09,diagnosed_LIFT_OBJECT_unanticipated__RQ2_R_H08_C05_F09,3,Cobot Industrial — Incremental Heavy Part Transfer,heavy_lift(),0.6507936507936508,False
R_H08_C05_F09,diagnosed_LIFT_OBJECT_unanticipated__RQ2_R_H08_C05_F09,4,Lightweight Arm Lift — Height Verification Only,extend_lift_phase(),0.5013652631578948,False
R_H08_C05_F09,diagnosed_LIFT_OBJECT_unanticipated__RQ2_R_H08_C05_F09,5,Cobot Lift Failure — Grip Pressure,increase_grip_pressure(),0.5,False
R_H08_C05_F09,diagnosed_LIFT_OBJECT_unanticipated__RQ2_R_H08_C05_F09,6,Heavy Duty Arm — Motor Overload During Lift,reduce_lift_speed(),0.5,False
R_H08_C05_F09,diagnosed_LIFT_OBJECT_unanticipated__RQ2_R_H08_C05_F09,7,Suction Arm Lift — Vacuum Loss,emergency_vacuum_pump(),0.3333333333333333,False
R_H08_C05_F10,diagnosed_LIFT_OBJECT_unanticipated__RQ2_R_H08_C05_F10,1,Lift Slip — Low Friction Surface,apply_vacuum_assist(),0.6944444444444443,True
R_H08_C05_F10,diagnosed_LIFT_OBJECT_unanticipated__RQ2_R_H08_C05_F10,2,Parallel Arm Lift — Contact Loss,reposition_and_regrip(),0.6666666666666666,False
R_H08_C05_F10,diagnosed_LIFT_OBJECT_unanticipated__RQ2_R_H08_C05_F10,3,Cobot Industrial — Incremental Heavy Part Transfer,heavy_lift(),0.6507936507936508,False
R_H08_C05_F10,diagnosed_LIFT_OBJECT_unanticipated__RQ2_R_H08_C05_F10,4,Lightweight Arm Lift — Height Verification Only,extend_lift_phase(),0.5013652631578948,False
R_H08_C05_F10,diagnosed_LIFT_OBJECT_unanticipated__RQ2_R_H08_C05_F10,5,Cobot Lift Failure — Grip Pressure,increase_grip_pressure(),0.5,False
R_H08_C05_F10,diagnosed_LIFT_OBJECT_unanticipated__RQ2_R_H08_C05_F10,6,Heavy Duty Arm — Motor Overload During Lift,reduce_lift_speed(),0.5,False
R_H08_C05_F10,diagnosed_LIFT_OBJECT_unanticipated__RQ2_R_H08_C05_F10,7,Suction Arm Lift — Vacuum Loss,emergency_vacuum_pump(),0.3333333333333333,False
R_H08_C06_F01,diagnosed_LIFT_OBJECT_unanticipated__RQ2_R_H08_C06_F01,1,Lift Slip — Low Friction Surface,apply_vacuum_assist(),0.6944444444444443,True
R_H08_C06_F01,diagnosed_LIFT_OBJECT_unanticipated__RQ2_R_H08_C06_F01,2,Parallel Arm Lift — Contact Loss,reposition_and_regrip(),0.6666666666666666,False
R_H08_C06_F01,diagnosed_LIFT_OBJECT_unanticipated__RQ2_R_H08_C06_F01,3,Cobot Industrial — Incremental Heavy Part Transfer,heavy_lift(),0.6507936507936508,False
R_H08_C06_F01,diagnosed_LIFT_OBJECT_unanticipated__RQ2_R_H08_C06_F01,4,Lightweight Arm Lift — Height Verification Only,extend_lift_phase(),0.5013652631578948,False
R_H08_C06_F01,diagnosed_LIFT_OBJECT_unanticipated__RQ2_R_H08_C06_F01,5,Cobot Lift Failure — Grip Pressure,increase_grip_pressure(),0.5,False
R_H08_C06_F01,diagnosed_LIFT_OBJECT_unanticipated__RQ2_R_H08_C06_F01,6,Heavy Duty Arm — Motor Overload During Lift,reduce_lift_speed(),0.5,False
R_H08_C06_F01,diagnosed_LIFT_OBJECT_unanticipated__RQ2_R_H08_C06_F01,7,Suction Arm Lift — Vacuum Loss,emergency_vacuum_pump(),0.3333333333333333,False
R_H08_C06_F02,diagnosed_LIFT_OBJECT_unanticipated__RQ2_R_H08_C06_F02,1,Lift Slip — Low Friction Surface,apply_vacuum_assist(),0.75,True
R_H08_C06_F02,diagnosed_LIFT_OBJECT_unanticipated__RQ2_R_H08_C06_F02,2,Parallel Arm Lift — Contact Loss,reposition_and_regrip(),0.6666666666666666,False
R_H08_C06_F02,diagnosed_LIFT_OBJECT_unanticipated__RQ2_R_H08_C06_F02,3,Cobot Industrial — Incremental Heavy Part Transfer,heavy_lift(),0.6507936507936508,False
R_H08_C06_F02,diagnosed_LIFT_OBJECT_unanticipated__RQ2_R_H08_C06_F02,4,Lightweight Arm Lift — Height Verification Only,extend_lift_phase(),0.5013652631578948,False
R_H08_C06_F02,diagnosed_LIFT_OBJECT_unanticipated__RQ2_R_H08_C06_F02,5,Cobot Lift Failure — Grip Pressure,increase_grip_pressure(),0.5,False
R_H08_C06_F02,diagnosed_LIFT_OBJECT_unanticipated__RQ2_R_H08_C06_F02,6,Heavy Duty Arm — Motor Overload During Lift,reduce_lift_speed(),0.5,False
R_H08_C06_F02,diagnosed_LIFT_OBJECT_unanticipated__RQ2_R_H08_C06_F02,7,Suction Arm Lift — Vacuum Loss,emergency_vacuum_pump(),0.3333333333333333,False
R_H08_C06_F03,diagnosed_LIFT_OBJECT_unanticipated__RQ2_R_H08_C06_F03,1,Lift Slip — Low Friction Surface,apply_vacuum_assist(),0.7541666666666668,True
R_H08_C06_F03,diagnosed_LIFT_OBJECT_unanticipated__RQ2_R_H08_C06_F03,2,Parallel Arm Lift — Contact Loss,reposition_and_regrip(),0.6666666666666666,False
R_H08_C06_F03,diagnosed_LIFT_OBJECT_unanticipated__RQ2_R_H08_C06_F03,3,Cobot Industrial — Incremental Heavy Part Transfer,heavy_lift(),0.6507936507936508,False
R_H08_C06_F03,diagnosed_LIFT_OBJECT_unanticipated__RQ2_R_H08_C06_F03,4,Lightweight Arm Lift — Height Verification Only,extend_lift_phase(),0.5013652631578948,False
R_H08_C06_F03,diagnosed_LIFT_OBJECT_unanticipated__RQ2_R_H08_C06_F03,5,Cobot Lift Failure — Grip Pressure,increase_grip_pressure(),0.5,False
R_H08_C06_F03,diagnosed_LIFT_OBJECT_unanticipated__RQ2_R_H08_C06_F03,6,Heavy Duty Arm — Motor Overload During Lift,reduce_lift_speed(),0.5,False
R_H08_C06_F03,diagnosed_LIFT_OBJECT_unanticipated__RQ2_R_H08_C06_F03,7,Suction Arm Lift — Vacuum Loss,emergency_vacuum_pump(),0.3333333333333333,False
R_H08_C06_F04,diagnosed_LIFT_OBJECT_unanticipated__RQ2_R_H08_C06_F04,1,Lift Slip — Low Friction Surface,apply_vacuum_assist(),0.7583333333333333,True
R_H08_C06_F04,diagnosed_LIFT_OBJECT_unanticipated__RQ2_R_H08_C06_F04,2,Parallel Arm Lift — Contact Loss,reposition_and_regrip(),0.6666666666666666,False
R_H08_C06_F04,diagnosed_LIFT_OBJECT_unanticipated__RQ2_R_H08_C06_F04,3,Cobot Industrial — Incremental Heavy Part Transfer,heavy_lift(),0.6507936507936508,False
R_H08_C06_F04,diagnosed_LIFT_OBJECT_unanticipated__RQ2_R_H08_C06_F04,4,Lightweight Arm Lift — Height Verification Only,extend_lift_phase(),0.5013652631578948,False
R_H08_C06_F04,diagnosed_LIFT_OBJECT_unanticipated__RQ2_R_H08_C06_F04,5,Cobot Lift Failure — Grip Pressure,increase_grip_pressure(),0.5,False
R_H08_C06_F04,diagnosed_LIFT_OBJECT_unanticipated__RQ2_R_H08_C06_F04,6,Heavy Duty Arm — Motor Overload During Lift,reduce_lift_speed(),0.5,False
R_H08_C06_F04,diagnosed_LIFT_OBJECT_unanticipated__RQ2_R_H08_C06_F04,7,Suction Arm Lift — Vacuum Loss,emergency_vacuum_pump(),0.3333333333333333,False
R_H08_C06_F05,diagnosed_LIFT_OBJECT_unanticipated__RQ2_R_H08_C06_F05,1,Lift Slip — Low Friction Surface,apply_vacuum_assist(),0.7777777777777777,True
R_H08_C06_F05,diagnosed_LIFT_OBJECT_unanticipated__RQ2_R_H08_C06_F05,2,Parallel Arm Lift — Contact Loss,reposition_and_regrip(),0.6666666666666666,False
R_H08_C06_F05,diagnosed_LIFT_OBJECT_unanticipated__RQ2_R_H08_C06_F05,3,Cobot Industrial — Incremental Heavy Part Transfer,heavy_lift(),0.6507936507936508,False
R_H08_C06_F05,diagnosed_LIFT_OBJECT_unanticipated__RQ2_R_H08_C06_F05,4,Lightweight Arm Lift — Height Verification Only,extend_lift_phase(),0.5013652631578948,False
R_H08_C06_F05,diagnosed_LIFT_OBJECT_unanticipated__RQ2_R_H08_C06_F05,5,Cobot Lift Failure — Grip Pressure,increase_grip_pressure(),0.5,False
R_H08_C06_F05,diagnosed_LIFT_OBJECT_unanticipated__RQ2_R_H08_C06_F05,6,Heavy Duty Arm — Motor Overload During Lift,reduce_lift_speed(),0.5,False
R_H08_C06_F05,diagnosed_LIFT_OBJECT_unanticipated__RQ2_R_H08_C06_F05,7,Suction Arm Lift — Vacuum Loss,emergency_vacuum_pump(),0.3333333333333333,False
R_H08_C06_F06,diagnosed_LIFT_OBJECT_unanticipated__RQ2_R_H08_C06_F06,1,Lift Slip — Low Friction Surface,apply_vacuum_assist(),0.7555555555555555,True
R_H08_C06_F06,diagnosed_LIFT_OBJECT_unanticipated__RQ2_R_H08_C06_F06,2,Parallel Arm Lift — Contact Loss,reposition_and_regrip(),0.6666666666666666,False
R_H08_C06_F06,diagnosed_LIFT_OBJECT_unanticipated__RQ2_R_H08_C06_F06,3,Cobot Industrial — Incremental Heavy Part Transfer,heavy_lift(),0.6507936507936508,False
R_H08_C06_F06,diagnosed_LIFT_OBJECT_unanticipated__RQ2_R_H08_C06_F06,4,Lightweight Arm Lift — Height Verification Only,extend_lift_phase(),0.5013652631578948,False
R_H08_C06_F06,diagnosed_LIFT_OBJECT_unanticipated__RQ2_R_H08_C06_F06,5,Cobot Lift Failure — Grip Pressure,increase_grip_pressure(),0.5,False
R_H08_C06_F06,diagnosed_LIFT_OBJECT_unanticipated__RQ2_R_H08_C06_F06,6,Heavy Duty Arm — Motor Overload During Lift,reduce_lift_speed(),0.5,False
R_H08_C06_F06,diagnosed_LIFT_OBJECT_unanticipated__RQ2_R_H08_C06_F06,7,Suction Arm Lift — Vacuum Loss,emergency_vacuum_pump(),0.3333333333333333,False
R_H08_C06_F07,diagnosed_LIFT_OBJECT_unanticipated__RQ2_R_H08_C06_F07,1,Lift Slip — Low Friction Surface,apply_vacuum_assist(),0.7111111111111111,True
R_H08_C06_F07,diagnosed_LIFT_OBJECT_unanticipated__RQ2_R_H08_C06_F07,2,Parallel Arm Lift — Contact Loss,reposition_and_regrip(),0.6666666666666666,False
R_H08_C06_F07,diagnosed_LIFT_OBJECT_unanticipated__RQ2_R_H08_C06_F07,3,Cobot Industrial — Incremental Heavy Part Transfer,heavy_lift(),0.6507936507936508,False
R_H08_C06_F07,diagnosed_LIFT_OBJECT_unanticipated__RQ2_R_H08_C06_F07,4,Lightweight Arm Lift — Height Verification Only,extend_lift_phase(),0.5013652631578948,False
R_H08_C06_F07,diagnosed_LIFT_OBJECT_unanticipated__RQ2_R_H08_C06_F07,5,Cobot Lift Failure — Grip Pressure,increase_grip_pressure(),0.5,False
R_H08_C06_F07,diagnosed_LIFT_OBJECT_unanticipated__RQ2_R_H08_C06_F07,6,Heavy Duty Arm — Motor Overload During Lift,reduce_lift_speed(),0.5,False
R_H08_C06_F07,diagnosed_LIFT_OBJECT_unanticipated__RQ2_R_H08_C06_F07,7,Suction Arm Lift — Vacuum Loss,emergency_vacuum_pump(),0.3333333333333333,False
R_H08_C06_F08,diagnosed_LIFT_OBJECT_unanticipated__RQ2_R_H08_C06_F08,1,Lift Slip — Low Friction Surface,apply_vacuum_assist(),0.6713888888888889,True
R_H08_C06_F08,diagnosed_LIFT_OBJECT_unanticipated__RQ2_R_H08_C06_F08,2,Parallel Arm Lift — Contact Loss,reposition_and_regrip(),0.6666666666666666,False
R_H08_C06_F08,diagnosed_LIFT_OBJECT_unanticipated__RQ2_R_H08_C06_F08,3,Cobot Industrial — Incremental Heavy Part Transfer,heavy_lift(),0.6507936507936508,False
R_H08_C06_F08,diagnosed_LIFT_OBJECT_unanticipated__RQ2_R_H08_C06_F08,4,Lightweight Arm Lift — Height Verification Only,extend_lift_phase(),0.5013652631578948,False
R_H08_C06_F08,diagnosed_LIFT_OBJECT_unanticipated__RQ2_R_H08_C06_F08,5,Cobot Lift Failure — Grip Pressure,increase_grip_pressure(),0.5,False
R_H08_C06_F08,diagnosed_LIFT_OBJECT_unanticipated__RQ2_R_H08_C06_F08,6,Heavy Duty Arm — Motor Overload During Lift,reduce_lift_speed(),0.5,False
R_H08_C06_F08,diagnosed_LIFT_OBJECT_unanticipated__RQ2_R_H08_C06_F08,7,Suction Arm Lift — Vacuum Loss,emergency_vacuum_pump(),0.3333333333333333,False
R_H08_C06_F09,diagnosed_LIFT_OBJECT_unanticipated__RQ2_R_H08_C06_F09,1,Lift Slip — Low Friction Surface,apply_vacuum_assist(),0.6666666666666666,True
R_H08_C06_F09,diagnosed_LIFT_OBJECT_unanticipated__RQ2_R_H08_C06_F09,2,Parallel Arm Lift — Contact Loss,reposition_and_regrip(),0.6666666666666666,False
R_H08_C06_F09,diagnosed_LIFT_OBJECT_unanticipated__RQ2_R_H08_C06_F09,3,Cobot Industrial — Incremental Heavy Part Transfer,heavy_lift(),0.6507936507936508,False
R_H08_C06_F09,diagnosed_LIFT_OBJECT_unanticipated__RQ2_R_H08_C06_F09,4,Lightweight Arm Lift — Height Verification Only,extend_lift_phase(),0.5013652631578948,False
R_H08_C06_F09,diagnosed_LIFT_OBJECT_unanticipated__RQ2_R_H08_C06_F09,5,Cobot Lift Failure — Grip Pressure,increase_grip_pressure(),0.5,False
R_H08_C06_F09,diagnosed_LIFT_OBJECT_unanticipated__RQ2_R_H08_C06_F09,6,Heavy Duty Arm — Motor Overload During Lift,reduce_lift_speed(),0.5,False
R_H08_C06_F09,diagnosed_LIFT_OBJECT_unanticipated__RQ2_R_H08_C06_F09,7,Suction Arm Lift — Vacuum Loss,emergency_vacuum_pump(),0.3333333333333333,False
R_H08_C06_F10,diagnosed_LIFT_OBJECT_unanticipated__RQ2_R_H08_C06_F10,1,Lift Slip — Low Friction Surface,apply_vacuum_assist(),0.6666666666666666,True
R_H08_C06_F10,diagnosed_LIFT_OBJECT_unanticipated__RQ2_R_H08_C06_F10,2,Parallel Arm Lift — Contact Loss,reposition_and_regrip(),0.6666666666666666,False
R_H08_C06_F10,diagnosed_LIFT_OBJECT_unanticipated__RQ2_R_H08_C06_F10,3,Cobot Industrial — Incremental Heavy Part Transfer,heavy_lift(),0.6507936507936508,False
R_H08_C06_F10,diagnosed_LIFT_OBJECT_unanticipated__RQ2_R_H08_C06_F10,4,Lightweight Arm Lift — Height Verification Only,extend_lift_phase(),0.5013652631578948,False
R_H08_C06_F10,diagnosed_LIFT_OBJECT_unanticipated__RQ2_R_H08_C06_F10,5,Cobot Lift Failure — Grip Pressure,increase_grip_pressure(),0.5,False
R_H08_C06_F10,diagnosed_LIFT_OBJECT_unanticipated__RQ2_R_H08_C06_F10,6,Heavy Duty Arm — Motor Overload During Lift,reduce_lift_speed(),0.5,False
R_H08_C06_F10,diagnosed_LIFT_OBJECT_unanticipated__RQ2_R_H08_C06_F10,7,Suction Arm Lift — Vacuum Loss,emergency_vacuum_pump(),0.3333333333333333,False
R_H08_C07_F01,diagnosed_LIFT_OBJECT_unanticipated__RQ2_R_H08_C07_F01,1,Lift Slip — Low Friction Surface,apply_vacuum_assist(),0.6944444444444443,True
R_H08_C07_F01,diagnosed_LIFT_OBJECT_unanticipated__RQ2_R_H08_C07_F01,2,Parallel Arm Lift — Contact Loss,reposition_and_regrip(),0.6666666666666666,False
R_H08_C07_F01,diagnosed_LIFT_OBJECT_unanticipated__RQ2_R_H08_C07_F01,3,Cobot Industrial — Incremental Heavy Part Transfer,heavy_lift(),0.6507936507936508,False
R_H08_C07_F01,diagnosed_LIFT_OBJECT_unanticipated__RQ2_R_H08_C07_F01,4,Lightweight Arm Lift — Height Verification Only,extend_lift_phase(),0.5013652631578948,False
R_H08_C07_F01,diagnosed_LIFT_OBJECT_unanticipated__RQ2_R_H08_C07_F01,5,Cobot Lift Failure — Grip Pressure,increase_grip_pressure(),0.5,False
R_H08_C07_F01,diagnosed_LIFT_OBJECT_unanticipated__RQ2_R_H08_C07_F01,6,Heavy Duty Arm — Motor Overload During Lift,reduce_lift_speed(),0.5,False
R_H08_C07_F01,diagnosed_LIFT_OBJECT_unanticipated__RQ2_R_H08_C07_F01,7,Suction Arm Lift — Vacuum Loss,emergency_vacuum_pump(),0.3333333333333333,False
R_H08_C07_F02,diagnosed_LIFT_OBJECT_unanticipated__RQ2_R_H08_C07_F02,1,Lift Slip — Low Friction Surface,apply_vacuum_assist(),0.75,True
R_H08_C07_F02,diagnosed_LIFT_OBJECT_unanticipated__RQ2_R_H08_C07_F02,2,Parallel Arm Lift — Contact Loss,reposition_and_regrip(),0.6666666666666666,False
R_H08_C07_F02,diagnosed_LIFT_OBJECT_unanticipated__RQ2_R_H08_C07_F02,3,Cobot Industrial — Incremental Heavy Part Transfer,heavy_lift(),0.6507936507936508,False
R_H08_C07_F02,diagnosed_LIFT_OBJECT_unanticipated__RQ2_R_H08_C07_F02,4,Lightweight Arm Lift — Height Verification Only,extend_lift_phase(),0.5013652631578948,False
R_H08_C07_F02,diagnosed_LIFT_OBJECT_unanticipated__RQ2_R_H08_C07_F02,5,Cobot Lift Failure — Grip Pressure,increase_grip_pressure(),0.5,False
R_H08_C07_F02,diagnosed_LIFT_OBJECT_unanticipated__RQ2_R_H08_C07_F02,6,Heavy Duty Arm — Motor Overload During Lift,reduce_lift_speed(),0.5,False
R_H08_C07_F02,diagnosed_LIFT_OBJECT_unanticipated__RQ2_R_H08_C07_F02,7,Suction Arm Lift — Vacuum Loss,emergency_vacuum_pump(),0.3333333333333333,False
R_H08_C07_F03,diagnosed_LIFT_OBJECT_unanticipated__RQ2_R_H08_C07_F03,1,Lift Slip — Low Friction Surface,apply_vacuum_assist(),0.7541666666666668,True
R_H08_C07_F03,diagnosed_LIFT_OBJECT_unanticipated__RQ2_R_H08_C07_F03,2,Parallel Arm Lift — Contact Loss,reposition_and_regrip(),0.6666666666666666,False
R_H08_C07_F03,diagnosed_LIFT_OBJECT_unanticipated__RQ2_R_H08_C07_F03,3,Cobot Industrial — Incremental Heavy Part Transfer,heavy_lift(),0.6507936507936508,False
R_H08_C07_F03,diagnosed_LIFT_OBJECT_unanticipated__RQ2_R_H08_C07_F03,4,Lightweight Arm Lift — Height Verification Only,extend_lift_phase(),0.5013652631578948,False
R_H08_C07_F03,diagnosed_LIFT_OBJECT_unanticipated__RQ2_R_H08_C07_F03,5,Cobot Lift Failure — Grip Pressure,increase_grip_pressure(),0.5,False
R_H08_C07_F03,diagnosed_LIFT_OBJECT_unanticipated__RQ2_R_H08_C07_F03,6,Heavy Duty Arm — Motor Overload During Lift,reduce_lift_speed(),0.5,False
R_H08_C07_F03,diagnosed_LIFT_OBJECT_unanticipated__RQ2_R_H08_C07_F03,7,Suction Arm Lift — Vacuum Loss,emergency_vacuum_pump(),0.3333333333333333,False
R_H08_C07_F04,diagnosed_LIFT_OBJECT_unanticipated__RQ2_R_H08_C07_F04,1,Lift Slip — Low Friction Surface,apply_vacuum_assist(),0.7583333333333333,True
R_H08_C07_F04,diagnosed_LIFT_OBJECT_unanticipated__RQ2_R_H08_C07_F04,2,Parallel Arm Lift — Contact Loss,reposition_and_regrip(),0.6666666666666666,False
R_H08_C07_F04,diagnosed_LIFT_OBJECT_unanticipated__RQ2_R_H08_C07_F04,3,Cobot Industrial — Incremental Heavy Part Transfer,heavy_lift(),0.6507936507936508,False
R_H08_C07_F04,diagnosed_LIFT_OBJECT_unanticipated__RQ2_R_H08_C07_F04,4,Lightweight Arm Lift — Height Verification Only,extend_lift_phase(),0.5013652631578948,False
R_H08_C07_F04,diagnosed_LIFT_OBJECT_unanticipated__RQ2_R_H08_C07_F04,5,Cobot Lift Failure — Grip Pressure,increase_grip_pressure(),0.5,False
R_H08_C07_F04,diagnosed_LIFT_OBJECT_unanticipated__RQ2_R_H08_C07_F04,6,Heavy Duty Arm — Motor Overload During Lift,reduce_lift_speed(),0.5,False
R_H08_C07_F04,diagnosed_LIFT_OBJECT_unanticipated__RQ2_R_H08_C07_F04,7,Suction Arm Lift — Vacuum Loss,emergency_vacuum_pump(),0.3333333333333333,False
R_H08_C07_F05,diagnosed_LIFT_OBJECT_unanticipated__RQ2_R_H08_C07_F05,1,Lift Slip — Low Friction Surface,apply_vacuum_assist(),0.7777777777777777,True
R_H08_C07_F05,diagnosed_LIFT_OBJECT_unanticipated__RQ2_R_H08_C07_F05,2,Parallel Arm Lift — Contact Loss,reposition_and_regrip(),0.6666666666666666,False
R_H08_C07_F05,diagnosed_LIFT_OBJECT_unanticipated__RQ2_R_H08_C07_F05,3,Cobot Industrial — Incremental Heavy Part Transfer,heavy_lift(),0.6507936507936508,False
R_H08_C07_F05,diagnosed_LIFT_OBJECT_unanticipated__RQ2_R_H08_C07_F05,4,Lightweight Arm Lift — Height Verification Only,extend_lift_phase(),0.5013652631578948,False
R_H08_C07_F05,diagnosed_LIFT_OBJECT_unanticipated__RQ2_R_H08_C07_F05,5,Cobot Lift Failure — Grip Pressure,increase_grip_pressure(),0.5,False
R_H08_C07_F05,diagnosed_LIFT_OBJECT_unanticipated__RQ2_R_H08_C07_F05,6,Heavy Duty Arm — Motor Overload During Lift,reduce_lift_speed(),0.5,False
R_H08_C07_F05,diagnosed_LIFT_OBJECT_unanticipated__RQ2_R_H08_C07_F05,7,Suction Arm Lift — Vacuum Loss,emergency_vacuum_pump(),0.3333333333333333,False
R_H08_C07_F06,diagnosed_LIFT_OBJECT_unanticipated__RQ2_R_H08_C07_F06,1,Lift Slip — Low Friction Surface,apply_vacuum_assist(),0.7555555555555555,True
R_H08_C07_F06,diagnosed_LIFT_OBJECT_unanticipated__RQ2_R_H08_C07_F06,2,Parallel Arm Lift — Contact Loss,reposition_and_regrip(),0.6666666666666666,False
R_H08_C07_F06,diagnosed_LIFT_OBJECT_unanticipated__RQ2_R_H08_C07_F06,3,Cobot Industrial — Incremental Heavy Part Transfer,heavy_lift(),0.6507936507936508,False
R_H08_C07_F06,diagnosed_LIFT_OBJECT_unanticipated__RQ2_R_H08_C07_F06,4,Lightweight Arm Lift — Height Verification Only,extend_lift_phase(),0.5013652631578948,False
R_H08_C07_F06,diagnosed_LIFT_OBJECT_unanticipated__RQ2_R_H08_C07_F06,5,Cobot Lift Failure — Grip Pressure,increase_grip_pressure(),0.5,False
R_H08_C07_F06,diagnosed_LIFT_OBJECT_unanticipated__RQ2_R_H08_C07_F06,6,Heavy Duty Arm — Motor Overload During Lift,reduce_lift_speed(),0.5,False
R_H08_C07_F06,diagnosed_LIFT_OBJECT_unanticipated__RQ2_R_H08_C07_F06,7,Suction Arm Lift — Vacuum Loss,emergency_vacuum_pump(),0.3333333333333333,False
R_H08_C07_F07,diagnosed_LIFT_OBJECT_unanticipated__RQ2_R_H08_C07_F07,1,Lift Slip — Low Friction Surface,apply_vacuum_assist(),0.7111111111111111,True
R_H08_C07_F07,diagnosed_LIFT_OBJECT_unanticipated__RQ2_R_H08_C07_F07,2,Parallel Arm Lift — Contact Loss,reposition_and_regrip(),0.6666666666666666,False
R_H08_C07_F07,diagnosed_LIFT_OBJECT_unanticipated__RQ2_R_H08_C07_F07,3,Cobot Industrial — Incremental Heavy Part Transfer,heavy_lift(),0.6507936507936508,False
R_H08_C07_F07,diagnosed_LIFT_OBJECT_unanticipated__RQ2_R_H08_C07_F07,4,Lightweight Arm Lift — Height Verification Only,extend_lift_phase(),0.5013652631578948,False
R_H08_C07_F07,diagnosed_LIFT_OBJECT_unanticipated__RQ2_R_H08_C07_F07,5,Cobot Lift Failure — Grip Pressure,increase_grip_pressure(),0.5,False
R_H08_C07_F07,diagnosed_LIFT_OBJECT_unanticipated__RQ2_R_H08_C07_F07,6,Heavy Duty Arm — Motor Overload During Lift,reduce_lift_speed(),0.5,False
R_H08_C07_F07,diagnosed_LIFT_OBJECT_unanticipated__RQ2_R_H08_C07_F07,7,Suction Arm Lift — Vacuum Loss,emergency_vacuum_pump(),0.3333333333333333,False
R_H08_C07_F08,diagnosed_LIFT_OBJECT_unanticipated__RQ2_R_H08_C07_F08,1,Lift Slip — Low Friction Surface,apply_vacuum_assist(),0.6713888888888889,True
R_H08_C07_F08,diagnosed_LIFT_OBJECT_unanticipated__RQ2_R_H08_C07_F08,2,Parallel Arm Lift — Contact Loss,reposition_and_regrip(),0.6666666666666666,False
R_H08_C07_F08,diagnosed_LIFT_OBJECT_unanticipated__RQ2_R_H08_C07_F08,3,Cobot Industrial — Incremental Heavy Part Transfer,heavy_lift(),0.6507936507936508,False
R_H08_C07_F08,diagnosed_LIFT_OBJECT_unanticipated__RQ2_R_H08_C07_F08,4,Lightweight Arm Lift — Height Verification Only,extend_lift_phase(),0.5013652631578948,False
R_H08_C07_F08,diagnosed_LIFT_OBJECT_unanticipated__RQ2_R_H08_C07_F08,5,Cobot Lift Failure — Grip Pressure,increase_grip_pressure(),0.5,False
R_H08_C07_F08,diagnosed_LIFT_OBJECT_unanticipated__RQ2_R_H08_C07_F08,6,Heavy Duty Arm — Motor Overload During Lift,reduce_lift_speed(),0.5,False
R_H08_C07_F08,diagnosed_LIFT_OBJECT_unanticipated__RQ2_R_H08_C07_F08,7,Suction Arm Lift — Vacuum Loss,emergency_vacuum_pump(),0.3333333333333333,False
R_H08_C07_F09,diagnosed_LIFT_OBJECT_unanticipated__RQ2_R_H08_C07_F09,1,Lift Slip — Low Friction Surface,apply_vacuum_assist(),0.6666666666666666,True
R_H08_C07_F09,diagnosed_LIFT_OBJECT_unanticipated__RQ2_R_H08_C07_F09,2,Parallel Arm Lift — Contact Loss,reposition_and_regrip(),0.6666666666666666,False
R_H08_C07_F09,diagnosed_LIFT_OBJECT_unanticipated__RQ2_R_H08_C07_F09,3,Cobot Industrial — Incremental Heavy Part Transfer,heavy_lift(),0.6507936507936508,False
R_H08_C07_F09,diagnosed_LIFT_OBJECT_unanticipated__RQ2_R_H08_C07_F09,4,Lightweight Arm Lift — Height Verification Only,extend_lift_phase(),0.5013652631578948,False
R_H08_C07_F09,diagnosed_LIFT_OBJECT_unanticipated__RQ2_R_H08_C07_F09,5,Cobot Lift Failure — Grip Pressure,increase_grip_pressure(),0.5,False
R_H08_C07_F09,diagnosed_LIFT_OBJECT_unanticipated__RQ2_R_H08_C07_F09,6,Heavy Duty Arm — Motor Overload During Lift,reduce_lift_speed(),0.5,False
R_H08_C07_F09,diagnosed_LIFT_OBJECT_unanticipated__RQ2_R_H08_C07_F09,7,Suction Arm Lift — Vacuum Loss,emergency_vacuum_pump(),0.3333333333333333,False
R_H08_C07_F10,diagnosed_LIFT_OBJECT_unanticipated__RQ2_R_H08_C07_F10,1,Lift Slip — Low Friction Surface,apply_vacuum_assist(),0.6666666666666666,True
R_H08_C07_F10,diagnosed_LIFT_OBJECT_unanticipated__RQ2_R_H08_C07_F10,2,Parallel Arm Lift — Contact Loss,reposition_and_regrip(),0.6666666666666666,False
R_H08_C07_F10,diagnosed_LIFT_OBJECT_unanticipated__RQ2_R_H08_C07_F10,3,Cobot Industrial — Incremental Heavy Part Transfer,heavy_lift(),0.6507936507936508,False
R_H08_C07_F10,diagnosed_LIFT_OBJECT_unanticipated__RQ2_R_H08_C07_F10,4,Lightweight Arm Lift — Height Verification Only,extend_lift_phase(),0.5013652631578948,False
R_H08_C07_F10,diagnosed_LIFT_OBJECT_unanticipated__RQ2_R_H08_C07_F10,5,Cobot Lift Failure — Grip Pressure,increase_grip_pressure(),0.5,False
R_H08_C07_F10,diagnosed_LIFT_OBJECT_unanticipated__RQ2_R_H08_C07_F10,6,Heavy Duty Arm — Motor Overload During Lift,reduce_lift_speed(),0.5,False
R_H08_C07_F10,diagnosed_LIFT_OBJECT_unanticipated__RQ2_R_H08_C07_F10,7,Suction Arm Lift — Vacuum Loss,emergency_vacuum_pump(),0.3333333333333333,False
R_H08_C08_F01,diagnosed_LIFT_OBJECT_unanticipated__RQ2_R_H08_C08_F01,1,Lift Slip — Low Friction Surface,apply_vacuum_assist(),0.6944444444444443,True
R_H08_C08_F01,diagnosed_LIFT_OBJECT_unanticipated__RQ2_R_H08_C08_F01,2,Parallel Arm Lift — Contact Loss,reposition_and_regrip(),0.6666666666666666,False
R_H08_C08_F01,diagnosed_LIFT_OBJECT_unanticipated__RQ2_R_H08_C08_F01,3,Cobot Industrial — Incremental Heavy Part Transfer,heavy_lift(),0.6507936507936508,False
R_H08_C08_F01,diagnosed_LIFT_OBJECT_unanticipated__RQ2_R_H08_C08_F01,4,Lightweight Arm Lift — Height Verification Only,extend_lift_phase(),0.5013652631578948,False
R_H08_C08_F01,diagnosed_LIFT_OBJECT_unanticipated__RQ2_R_H08_C08_F01,5,Cobot Lift Failure — Grip Pressure,increase_grip_pressure(),0.5,False
R_H08_C08_F01,diagnosed_LIFT_OBJECT_unanticipated__RQ2_R_H08_C08_F01,6,Heavy Duty Arm — Motor Overload During Lift,reduce_lift_speed(),0.5,False
R_H08_C08_F01,diagnosed_LIFT_OBJECT_unanticipated__RQ2_R_H08_C08_F01,7,Suction Arm Lift — Vacuum Loss,emergency_vacuum_pump(),0.3333333333333333,False
R_H08_C08_F02,diagnosed_LIFT_OBJECT_unanticipated__RQ2_R_H08_C08_F02,1,Lift Slip — Low Friction Surface,apply_vacuum_assist(),0.75,True
R_H08_C08_F02,diagnosed_LIFT_OBJECT_unanticipated__RQ2_R_H08_C08_F02,2,Parallel Arm Lift — Contact Loss,reposition_and_regrip(),0.6666666666666666,False
R_H08_C08_F02,diagnosed_LIFT_OBJECT_unanticipated__RQ2_R_H08_C08_F02,3,Cobot Industrial — Incremental Heavy Part Transfer,heavy_lift(),0.6507936507936508,False
R_H08_C08_F02,diagnosed_LIFT_OBJECT_unanticipated__RQ2_R_H08_C08_F02,4,Lightweight Arm Lift — Height Verification Only,extend_lift_phase(),0.5013652631578948,False
R_H08_C08_F02,diagnosed_LIFT_OBJECT_unanticipated__RQ2_R_H08_C08_F02,5,Cobot Lift Failure — Grip Pressure,increase_grip_pressure(),0.5,False
R_H08_C08_F02,diagnosed_LIFT_OBJECT_unanticipated__RQ2_R_H08_C08_F02,6,Heavy Duty Arm — Motor Overload During Lift,reduce_lift_speed(),0.5,False
R_H08_C08_F02,diagnosed_LIFT_OBJECT_unanticipated__RQ2_R_H08_C08_F02,7,Suction Arm Lift — Vacuum Loss,emergency_vacuum_pump(),0.3333333333333333,False
R_H08_C08_F03,diagnosed_LIFT_OBJECT_unanticipated__RQ2_R_H08_C08_F03,1,Lift Slip — Low Friction Surface,apply_vacuum_assist(),0.7541666666666668,True
R_H08_C08_F03,diagnosed_LIFT_OBJECT_unanticipated__RQ2_R_H08_C08_F03,2,Parallel Arm Lift — Contact Loss,reposition_and_regrip(),0.6666666666666666,False
R_H08_C08_F03,diagnosed_LIFT_OBJECT_unanticipated__RQ2_R_H08_C08_F03,3,Cobot Industrial — Incremental Heavy Part Transfer,heavy_lift(),0.6507936507936508,False
R_H08_C08_F03,diagnosed_LIFT_OBJECT_unanticipated__RQ2_R_H08_C08_F03,4,Lightweight Arm Lift — Height Verification Only,extend_lift_phase(),0.5013652631578948,False
R_H08_C08_F03,diagnosed_LIFT_OBJECT_unanticipated__RQ2_R_H08_C08_F03,5,Cobot Lift Failure — Grip Pressure,increase_grip_pressure(),0.5,False
R_H08_C08_F03,diagnosed_LIFT_OBJECT_unanticipated__RQ2_R_H08_C08_F03,6,Heavy Duty Arm — Motor Overload During Lift,reduce_lift_speed(),0.5,False
R_H08_C08_F03,diagnosed_LIFT_OBJECT_unanticipated__RQ2_R_H08_C08_F03,7,Suction Arm Lift — Vacuum Loss,emergency_vacuum_pump(),0.3333333333333333,False
R_H08_C08_F04,diagnosed_LIFT_OBJECT_unanticipated__RQ2_R_H08_C08_F04,1,Lift Slip — Low Friction Surface,apply_vacuum_assist(),0.7583333333333333,True
R_H08_C08_F04,diagnosed_LIFT_OBJECT_unanticipated__RQ2_R_H08_C08_F04,2,Parallel Arm Lift — Contact Loss,reposition_and_regrip(),0.6666666666666666,False
R_H08_C08_F04,diagnosed_LIFT_OBJECT_unanticipated__RQ2_R_H08_C08_F04,3,Cobot Industrial — Incremental Heavy Part Transfer,heavy_lift(),0.6507936507936508,False
R_H08_C08_F04,diagnosed_LIFT_OBJECT_unanticipated__RQ2_R_H08_C08_F04,4,Lightweight Arm Lift — Height Verification Only,extend_lift_phase(),0.5013652631578948,False
R_H08_C08_F04,diagnosed_LIFT_OBJECT_unanticipated__RQ2_R_H08_C08_F04,5,Cobot Lift Failure — Grip Pressure,increase_grip_pressure(),0.5,False
R_H08_C08_F04,diagnosed_LIFT_OBJECT_unanticipated__RQ2_R_H08_C08_F04,6,Heavy Duty Arm — Motor Overload During Lift,reduce_lift_speed(),0.5,False
R_H08_C08_F04,diagnosed_LIFT_OBJECT_unanticipated__RQ2_R_H08_C08_F04,7,Suction Arm Lift — Vacuum Loss,emergency_vacuum_pump(),0.3333333333333333,False
R_H08_C08_F05,diagnosed_LIFT_OBJECT_unanticipated__RQ2_R_H08_C08_F05,1,Lift Slip — Low Friction Surface,apply_vacuum_assist(),0.7777777777777777,True
R_H08_C08_F05,diagnosed_LIFT_OBJECT_unanticipated__RQ2_R_H08_C08_F05,2,Parallel Arm Lift — Contact Loss,reposition_and_regrip(),0.6666666666666666,False
R_H08_C08_F05,diagnosed_LIFT_OBJECT_unanticipated__RQ2_R_H08_C08_F05,3,Cobot Industrial — Incremental Heavy Part Transfer,heavy_lift(),0.6507936507936508,False
R_H08_C08_F05,diagnosed_LIFT_OBJECT_unanticipated__RQ2_R_H08_C08_F05,4,Lightweight Arm Lift — Height Verification Only,extend_lift_phase(),0.5013652631578948,False
R_H08_C08_F05,diagnosed_LIFT_OBJECT_unanticipated__RQ2_R_H08_C08_F05,5,Cobot Lift Failure — Grip Pressure,increase_grip_pressure(),0.5,False
R_H08_C08_F05,diagnosed_LIFT_OBJECT_unanticipated__RQ2_R_H08_C08_F05,6,Heavy Duty Arm — Motor Overload During Lift,reduce_lift_speed(),0.5,False
R_H08_C08_F05,diagnosed_LIFT_OBJECT_unanticipated__RQ2_R_H08_C08_F05,7,Suction Arm Lift — Vacuum Loss,emergency_vacuum_pump(),0.3333333333333333,False
R_H08_C08_F06,diagnosed_LIFT_OBJECT_unanticipated__RQ2_R_H08_C08_F06,1,Lift Slip — Low Friction Surface,apply_vacuum_assist(),0.7555555555555555,True
R_H08_C08_F06,diagnosed_LIFT_OBJECT_unanticipated__RQ2_R_H08_C08_F06,2,Parallel Arm Lift — Contact Loss,reposition_and_regrip(),0.6666666666666666,False
R_H08_C08_F06,diagnosed_LIFT_OBJECT_unanticipated__RQ2_R_H08_C08_F06,3,Cobot Industrial — Incremental Heavy Part Transfer,heavy_lift(),0.6507936507936508,False
R_H08_C08_F06,diagnosed_LIFT_OBJECT_unanticipated__RQ2_R_H08_C08_F06,4,Lightweight Arm Lift — Height Verification Only,extend_lift_phase(),0.5013652631578948,False
R_H08_C08_F06,diagnosed_LIFT_OBJECT_unanticipated__RQ2_R_H08_C08_F06,5,Cobot Lift Failure — Grip Pressure,increase_grip_pressure(),0.5,False
R_H08_C08_F06,diagnosed_LIFT_OBJECT_unanticipated__RQ2_R_H08_C08_F06,6,Heavy Duty Arm — Motor Overload During Lift,reduce_lift_speed(),0.5,False
R_H08_C08_F06,diagnosed_LIFT_OBJECT_unanticipated__RQ2_R_H08_C08_F06,7,Suction Arm Lift — Vacuum Loss,emergency_vacuum_pump(),0.3333333333333333,False
R_H08_C08_F07,diagnosed_LIFT_OBJECT_unanticipated__RQ2_R_H08_C08_F07,1,Lift Slip — Low Friction Surface,apply_vacuum_assist(),0.7111111111111111,True
R_H08_C08_F07,diagnosed_LIFT_OBJECT_unanticipated__RQ2_R_H08_C08_F07,2,Parallel Arm Lift — Contact Loss,reposition_and_regrip(),0.6666666666666666,False
R_H08_C08_F07,diagnosed_LIFT_OBJECT_unanticipated__RQ2_R_H08_C08_F07,3,Cobot Industrial — Incremental Heavy Part Transfer,heavy_lift(),0.6507936507936508,False
R_H08_C08_F07,diagnosed_LIFT_OBJECT_unanticipated__RQ2_R_H08_C08_F07,4,Lightweight Arm Lift — Height Verification Only,extend_lift_phase(),0.5013652631578948,False
R_H08_C08_F07,diagnosed_LIFT_OBJECT_unanticipated__RQ2_R_H08_C08_F07,5,Cobot Lift Failure — Grip Pressure,increase_grip_pressure(),0.5,False
R_H08_C08_F07,diagnosed_LIFT_OBJECT_unanticipated__RQ2_R_H08_C08_F07,6,Heavy Duty Arm — Motor Overload During Lift,reduce_lift_speed(),0.5,False
R_H08_C08_F07,diagnosed_LIFT_OBJECT_unanticipated__RQ2_R_H08_C08_F07,7,Suction Arm Lift — Vacuum Loss,emergency_vacuum_pump(),0.3333333333333333,False
R_H08_C08_F08,diagnosed_LIFT_OBJECT_unanticipated__RQ2_R_H08_C08_F08,1,Lift Slip — Low Friction Surface,apply_vacuum_assist(),0.6713888888888889,True
R_H08_C08_F08,diagnosed_LIFT_OBJECT_unanticipated__RQ2_R_H08_C08_F08,2,Parallel Arm Lift — Contact Loss,reposition_and_regrip(),0.6666666666666666,False
R_H08_C08_F08,diagnosed_LIFT_OBJECT_unanticipated__RQ2_R_H08_C08_F08,3,Cobot Industrial — Incremental Heavy Part Transfer,heavy_lift(),0.6507936507936508,False
R_H08_C08_F08,diagnosed_LIFT_OBJECT_unanticipated__RQ2_R_H08_C08_F08,4,Lightweight Arm Lift — Height Verification Only,extend_lift_phase(),0.5013652631578948,False
R_H08_C08_F08,diagnosed_LIFT_OBJECT_unanticipated__RQ2_R_H08_C08_F08,5,Cobot Lift Failure — Grip Pressure,increase_grip_pressure(),0.5,False
R_H08_C08_F08,diagnosed_LIFT_OBJECT_unanticipated__RQ2_R_H08_C08_F08,6,Heavy Duty Arm — Motor Overload During Lift,reduce_lift_speed(),0.5,False
R_H08_C08_F08,diagnosed_LIFT_OBJECT_unanticipated__RQ2_R_H08_C08_F08,7,Suction Arm Lift — Vacuum Loss,emergency_vacuum_pump(),0.3333333333333333,False
R_H08_C08_F09,diagnosed_LIFT_OBJECT_unanticipated__RQ2_R_H08_C08_F09,1,Lift Slip — Low Friction Surface,apply_vacuum_assist(),0.6666666666666666,True
R_H08_C08_F09,diagnosed_LIFT_OBJECT_unanticipated__RQ2_R_H08_C08_F09,2,Parallel Arm Lift — Contact Loss,reposition_and_regrip(),0.6666666666666666,False
R_H08_C08_F09,diagnosed_LIFT_OBJECT_unanticipated__RQ2_R_H08_C08_F09,3,Cobot Industrial — Incremental Heavy Part Transfer,heavy_lift(),0.6507936507936508,False
R_H08_C08_F09,diagnosed_LIFT_OBJECT_unanticipated__RQ2_R_H08_C08_F09,4,Lightweight Arm Lift — Height Verification Only,extend_lift_phase(),0.5013652631578948,False
R_H08_C08_F09,diagnosed_LIFT_OBJECT_unanticipated__RQ2_R_H08_C08_F09,5,Cobot Lift Failure — Grip Pressure,increase_grip_pressure(),0.5,False
R_H08_C08_F09,diagnosed_LIFT_OBJECT_unanticipated__RQ2_R_H08_C08_F09,6,Heavy Duty Arm — Motor Overload During Lift,reduce_lift_speed(),0.5,False
R_H08_C08_F09,diagnosed_LIFT_OBJECT_unanticipated__RQ2_R_H08_C08_F09,7,Suction Arm Lift — Vacuum Loss,emergency_vacuum_pump(),0.3333333333333333,False
R_H08_C08_F10,diagnosed_LIFT_OBJECT_unanticipated__RQ2_R_H08_C08_F10,1,Lift Slip — Low Friction Surface,apply_vacuum_assist(),0.6666666666666666,True
R_H08_C08_F10,diagnosed_LIFT_OBJECT_unanticipated__RQ2_R_H08_C08_F10,2,Parallel Arm Lift — Contact Loss,reposition_and_regrip(),0.6666666666666666,False
R_H08_C08_F10,diagnosed_LIFT_OBJECT_unanticipated__RQ2_R_H08_C08_F10,3,Cobot Industrial — Incremental Heavy Part Transfer,heavy_lift(),0.6507936507936508,False
R_H08_C08_F10,diagnosed_LIFT_OBJECT_unanticipated__RQ2_R_H08_C08_F10,4,Lightweight Arm Lift — Height Verification Only,extend_lift_phase(),0.5013652631578948,False
R_H08_C08_F10,diagnosed_LIFT_OBJECT_unanticipated__RQ2_R_H08_C08_F10,5,Cobot Lift Failure — Grip Pressure,increase_grip_pressure(),0.5,False
R_H08_C08_F10,diagnosed_LIFT_OBJECT_unanticipated__RQ2_R_H08_C08_F10,6,Heavy Duty Arm — Motor Overload During Lift,reduce_lift_speed(),0.5,False
R_H08_C08_F10,diagnosed_LIFT_OBJECT_unanticipated__RQ2_R_H08_C08_F10,7,Suction Arm Lift — Vacuum Loss,emergency_vacuum_pump(),0.3333333333333333,False
R_H08_C09_F01,diagnosed_LIFT_OBJECT_unanticipated__RQ2_R_H08_C09_F01,1,Lift Slip — Low Friction Surface,apply_vacuum_assist(),0.6944444444444443,True
R_H08_C09_F01,diagnosed_LIFT_OBJECT_unanticipated__RQ2_R_H08_C09_F01,2,Parallel Arm Lift — Contact Loss,reposition_and_regrip(),0.6666666666666666,False
R_H08_C09_F01,diagnosed_LIFT_OBJECT_unanticipated__RQ2_R_H08_C09_F01,3,Cobot Industrial — Incremental Heavy Part Transfer,heavy_lift(),0.6507936507936508,False
R_H08_C09_F01,diagnosed_LIFT_OBJECT_unanticipated__RQ2_R_H08_C09_F01,4,Lightweight Arm Lift — Height Verification Only,extend_lift_phase(),0.5013652631578948,False
R_H08_C09_F01,diagnosed_LIFT_OBJECT_unanticipated__RQ2_R_H08_C09_F01,5,Cobot Lift Failure — Grip Pressure,increase_grip_pressure(),0.5,False
R_H08_C09_F01,diagnosed_LIFT_OBJECT_unanticipated__RQ2_R_H08_C09_F01,6,Heavy Duty Arm — Motor Overload During Lift,reduce_lift_speed(),0.5,False
R_H08_C09_F01,diagnosed_LIFT_OBJECT_unanticipated__RQ2_R_H08_C09_F01,7,Suction Arm Lift — Vacuum Loss,emergency_vacuum_pump(),0.3333333333333333,False
R_H08_C09_F02,diagnosed_LIFT_OBJECT_unanticipated__RQ2_R_H08_C09_F02,1,Lift Slip — Low Friction Surface,apply_vacuum_assist(),0.75,True
R_H08_C09_F02,diagnosed_LIFT_OBJECT_unanticipated__RQ2_R_H08_C09_F02,2,Parallel Arm Lift — Contact Loss,reposition_and_regrip(),0.6666666666666666,False
R_H08_C09_F02,diagnosed_LIFT_OBJECT_unanticipated__RQ2_R_H08_C09_F02,3,Cobot Industrial — Incremental Heavy Part Transfer,heavy_lift(),0.6507936507936508,False
R_H08_C09_F02,diagnosed_LIFT_OBJECT_unanticipated__RQ2_R_H08_C09_F02,4,Lightweight Arm Lift — Height Verification Only,extend_lift_phase(),0.5013652631578948,False
R_H08_C09_F02,diagnosed_LIFT_OBJECT_unanticipated__RQ2_R_H08_C09_F02,5,Cobot Lift Failure — Grip Pressure,increase_grip_pressure(),0.5,False
R_H08_C09_F02,diagnosed_LIFT_OBJECT_unanticipated__RQ2_R_H08_C09_F02,6,Heavy Duty Arm — Motor Overload During Lift,reduce_lift_speed(),0.5,False
R_H08_C09_F02,diagnosed_LIFT_OBJECT_unanticipated__RQ2_R_H08_C09_F02,7,Suction Arm Lift — Vacuum Loss,emergency_vacuum_pump(),0.3333333333333333,False
R_H08_C09_F03,diagnosed_LIFT_OBJECT_unanticipated__RQ2_R_H08_C09_F03,1,Lift Slip — Low Friction Surface,apply_vacuum_assist(),0.7541666666666668,True
R_H08_C09_F03,diagnosed_LIFT_OBJECT_unanticipated__RQ2_R_H08_C09_F03,2,Parallel Arm Lift — Contact Loss,reposition_and_regrip(),0.6666666666666666,False
R_H08_C09_F03,diagnosed_LIFT_OBJECT_unanticipated__RQ2_R_H08_C09_F03,3,Cobot Industrial — Incremental Heavy Part Transfer,heavy_lift(),0.6507936507936508,False
R_H08_C09_F03,diagnosed_LIFT_OBJECT_unanticipated__RQ2_R_H08_C09_F03,4,Lightweight Arm Lift — Height Verification Only,extend_lift_phase(),0.5013652631578948,False
R_H08_C09_F03,diagnosed_LIFT_OBJECT_unanticipated__RQ2_R_H08_C09_F03,5,Cobot Lift Failure — Grip Pressure,increase_grip_pressure(),0.5,False
R_H08_C09_F03,diagnosed_LIFT_OBJECT_unanticipated__RQ2_R_H08_C09_F03,6,Heavy Duty Arm — Motor Overload During Lift,reduce_lift_speed(),0.5,False
R_H08_C09_F03,diagnosed_LIFT_OBJECT_unanticipated__RQ2_R_H08_C09_F03,7,Suction Arm Lift — Vacuum Loss,emergency_vacuum_pump(),0.3333333333333333,False
R_H08_C09_F04,diagnosed_LIFT_OBJECT_unanticipated__RQ2_R_H08_C09_F04,1,Lift Slip — Low Friction Surface,apply_vacuum_assist(),0.7583333333333333,True
R_H08_C09_F04,diagnosed_LIFT_OBJECT_unanticipated__RQ2_R_H08_C09_F04,2,Parallel Arm Lift — Contact Loss,reposition_and_regrip(),0.6666666666666666,False
R_H08_C09_F04,diagnosed_LIFT_OBJECT_unanticipated__RQ2_R_H08_C09_F04,3,Cobot Industrial — Incremental Heavy Part Transfer,heavy_lift(),0.6507936507936508,False
R_H08_C09_F04,diagnosed_LIFT_OBJECT_unanticipated__RQ2_R_H08_C09_F04,4,Lightweight Arm Lift — Height Verification Only,extend_lift_phase(),0.5013652631578948,False
R_H08_C09_F04,diagnosed_LIFT_OBJECT_unanticipated__RQ2_R_H08_C09_F04,5,Cobot Lift Failure — Grip Pressure,increase_grip_pressure(),0.5,False
R_H08_C09_F04,diagnosed_LIFT_OBJECT_unanticipated__RQ2_R_H08_C09_F04,6,Heavy Duty Arm — Motor Overload During Lift,reduce_lift_speed(),0.5,False
R_H08_C09_F04,diagnosed_LIFT_OBJECT_unanticipated__RQ2_R_H08_C09_F04,7,Suction Arm Lift — Vacuum Loss,emergency_vacuum_pump(),0.3333333333333333,False
R_H08_C09_F05,diagnosed_LIFT_OBJECT_unanticipated__RQ2_R_H08_C09_F05,1,Lift Slip — Low Friction Surface,apply_vacuum_assist(),0.7777777777777777,True
R_H08_C09_F05,diagnosed_LIFT_OBJECT_unanticipated__RQ2_R_H08_C09_F05,2,Parallel Arm Lift — Contact Loss,reposition_and_regrip(),0.6666666666666666,False
R_H08_C09_F05,diagnosed_LIFT_OBJECT_unanticipated__RQ2_R_H08_C09_F05,3,Cobot Industrial — Incremental Heavy Part Transfer,heavy_lift(),0.6507936507936508,False
R_H08_C09_F05,diagnosed_LIFT_OBJECT_unanticipated__RQ2_R_H08_C09_F05,4,Lightweight Arm Lift — Height Verification Only,extend_lift_phase(),0.5013652631578948,False
R_H08_C09_F05,diagnosed_LIFT_OBJECT_unanticipated__RQ2_R_H08_C09_F05,5,Cobot Lift Failure — Grip Pressure,increase_grip_pressure(),0.5,False
R_H08_C09_F05,diagnosed_LIFT_OBJECT_unanticipated__RQ2_R_H08_C09_F05,6,Heavy Duty Arm — Motor Overload During Lift,reduce_lift_speed(),0.5,False
R_H08_C09_F05,diagnosed_LIFT_OBJECT_unanticipated__RQ2_R_H08_C09_F05,7,Suction Arm Lift — Vacuum Loss,emergency_vacuum_pump(),0.3333333333333333,False
R_H08_C09_F06,diagnosed_LIFT_OBJECT_unanticipated__RQ2_R_H08_C09_F06,1,Lift Slip — Low Friction Surface,apply_vacuum_assist(),0.7555555555555555,True
R_H08_C09_F06,diagnosed_LIFT_OBJECT_unanticipated__RQ2_R_H08_C09_F06,2,Parallel Arm Lift — Contact Loss,reposition_and_regrip(),0.6666666666666666,False
R_H08_C09_F06,diagnosed_LIFT_OBJECT_unanticipated__RQ2_R_H08_C09_F06,3,Cobot Industrial — Incremental Heavy Part Transfer,heavy_lift(),0.6507936507936508,False
R_H08_C09_F06,diagnosed_LIFT_OBJECT_unanticipated__RQ2_R_H08_C09_F06,4,Lightweight Arm Lift — Height Verification Only,extend_lift_phase(),0.5013652631578948,False
R_H08_C09_F06,diagnosed_LIFT_OBJECT_unanticipated__RQ2_R_H08_C09_F06,5,Cobot Lift Failure — Grip Pressure,increase_grip_pressure(),0.5,False
R_H08_C09_F06,diagnosed_LIFT_OBJECT_unanticipated__RQ2_R_H08_C09_F06,6,Heavy Duty Arm — Motor Overload During Lift,reduce_lift_speed(),0.5,False
R_H08_C09_F06,diagnosed_LIFT_OBJECT_unanticipated__RQ2_R_H08_C09_F06,7,Suction Arm Lift — Vacuum Loss,emergency_vacuum_pump(),0.3333333333333333,False
R_H08_C09_F07,diagnosed_LIFT_OBJECT_unanticipated__RQ2_R_H08_C09_F07,1,Lift Slip — Low Friction Surface,apply_vacuum_assist(),0.7111111111111111,True
R_H08_C09_F07,diagnosed_LIFT_OBJECT_unanticipated__RQ2_R_H08_C09_F07,2,Parallel Arm Lift — Contact Loss,reposition_and_regrip(),0.6666666666666666,False
R_H08_C09_F07,diagnosed_LIFT_OBJECT_unanticipated__RQ2_R_H08_C09_F07,3,Cobot Industrial — Incremental Heavy Part Transfer,heavy_lift(),0.6507936507936508,False
R_H08_C09_F07,diagnosed_LIFT_OBJECT_unanticipated__RQ2_R_H08_C09_F07,4,Lightweight Arm Lift — Height Verification Only,extend_lift_phase(),0.5013652631578948,False
R_H08_C09_F07,diagnosed_LIFT_OBJECT_unanticipated__RQ2_R_H08_C09_F07,5,Cobot Lift Failure — Grip Pressure,increase_grip_pressure(),0.5,False
R_H08_C09_F07,diagnosed_LIFT_OBJECT_unanticipated__RQ2_R_H08_C09_F07,6,Heavy Duty Arm — Motor Overload During Lift,reduce_lift_speed(),0.5,False
R_H08_C09_F07,diagnosed_LIFT_OBJECT_unanticipated__RQ2_R_H08_C09_F07,7,Suction Arm Lift — Vacuum Loss,emergency_vacuum_pump(),0.3333333333333333,False
R_H08_C09_F08,diagnosed_LIFT_OBJECT_unanticipated__RQ2_R_H08_C09_F08,1,Lift Slip — Low Friction Surface,apply_vacuum_assist(),0.6713888888888889,True
R_H08_C09_F08,diagnosed_LIFT_OBJECT_unanticipated__RQ2_R_H08_C09_F08,2,Parallel Arm Lift — Contact Loss,reposition_and_regrip(),0.6666666666666666,False
R_H08_C09_F08,diagnosed_LIFT_OBJECT_unanticipated__RQ2_R_H08_C09_F08,3,Cobot Industrial — Incremental Heavy Part Transfer,heavy_lift(),0.6507936507936508,False
R_H08_C09_F08,diagnosed_LIFT_OBJECT_unanticipated__RQ2_R_H08_C09_F08,4,Lightweight Arm Lift — Height Verification Only,extend_lift_phase(),0.5013652631578948,False
R_H08_C09_F08,diagnosed_LIFT_OBJECT_unanticipated__RQ2_R_H08_C09_F08,5,Cobot Lift Failure — Grip Pressure,increase_grip_pressure(),0.5,False
R_H08_C09_F08,diagnosed_LIFT_OBJECT_unanticipated__RQ2_R_H08_C09_F08,6,Heavy Duty Arm — Motor Overload During Lift,reduce_lift_speed(),0.5,False
R_H08_C09_F08,diagnosed_LIFT_OBJECT_unanticipated__RQ2_R_H08_C09_F08,7,Suction Arm Lift — Vacuum Loss,emergency_vacuum_pump(),0.3333333333333333,False
R_H08_C09_F09,diagnosed_LIFT_OBJECT_unanticipated__RQ2_R_H08_C09_F09,1,Lift Slip — Low Friction Surface,apply_vacuum_assist(),0.6666666666666666,True
R_H08_C09_F09,diagnosed_LIFT_OBJECT_unanticipated__RQ2_R_H08_C09_F09,2,Parallel Arm Lift — Contact Loss,reposition_and_regrip(),0.6666666666666666,False
R_H08_C09_F09,diagnosed_LIFT_OBJECT_unanticipated__RQ2_R_H08_C09_F09,3,Cobot Industrial — Incremental Heavy Part Transfer,heavy_lift(),0.6507936507936508,False
R_H08_C09_F09,diagnosed_LIFT_OBJECT_unanticipated__RQ2_R_H08_C09_F09,4,Lightweight Arm Lift — Height Verification Only,extend_lift_phase(),0.5013652631578948,False
R_H08_C09_F09,diagnosed_LIFT_OBJECT_unanticipated__RQ2_R_H08_C09_F09,5,Cobot Lift Failure — Grip Pressure,increase_grip_pressure(),0.5,False
R_H08_C09_F09,diagnosed_LIFT_OBJECT_unanticipated__RQ2_R_H08_C09_F09,6,Heavy Duty Arm — Motor Overload During Lift,reduce_lift_speed(),0.5,False
R_H08_C09_F09,diagnosed_LIFT_OBJECT_unanticipated__RQ2_R_H08_C09_F09,7,Suction Arm Lift — Vacuum Loss,emergency_vacuum_pump(),0.3333333333333333,False
R_H08_C09_F10,diagnosed_LIFT_OBJECT_unanticipated__RQ2_R_H08_C09_F10,1,Lift Slip — Low Friction Surface,apply_vacuum_assist(),0.6666666666666666,True
R_H08_C09_F10,diagnosed_LIFT_OBJECT_unanticipated__RQ2_R_H08_C09_F10,2,Parallel Arm Lift — Contact Loss,reposition_and_regrip(),0.6666666666666666,False
R_H08_C09_F10,diagnosed_LIFT_OBJECT_unanticipated__RQ2_R_H08_C09_F10,3,Cobot Industrial — Incremental Heavy Part Transfer,heavy_lift(),0.6507936507936508,False
R_H08_C09_F10,diagnosed_LIFT_OBJECT_unanticipated__RQ2_R_H08_C09_F10,4,Lightweight Arm Lift — Height Verification Only,extend_lift_phase(),0.5013652631578948,False
R_H08_C09_F10,diagnosed_LIFT_OBJECT_unanticipated__RQ2_R_H08_C09_F10,5,Cobot Lift Failure — Grip Pressure,increase_grip_pressure(),0.5,False
R_H08_C09_F10,diagnosed_LIFT_OBJECT_unanticipated__RQ2_R_H08_C09_F10,6,Heavy Duty Arm — Motor Overload During Lift,reduce_lift_speed(),0.5,False
R_H08_C09_F10,diagnosed_LIFT_OBJECT_unanticipated__RQ2_R_H08_C09_F10,7,Suction Arm Lift — Vacuum Loss,emergency_vacuum_pump(),0.3333333333333333,False
R_H08_C10_F01,diagnosed_LIFT_OBJECT_unanticipated__RQ2_R_H08_C10_F01,1,Lift Slip — Low Friction Surface,apply_vacuum_assist(),0.6944444444444443,True
R_H08_C10_F01,diagnosed_LIFT_OBJECT_unanticipated__RQ2_R_H08_C10_F01,2,Parallel Arm Lift — Contact Loss,reposition_and_regrip(),0.6666666666666666,False
R_H08_C10_F01,diagnosed_LIFT_OBJECT_unanticipated__RQ2_R_H08_C10_F01,3,Cobot Industrial — Incremental Heavy Part Transfer,heavy_lift(),0.6507936507936508,False
R_H08_C10_F01,diagnosed_LIFT_OBJECT_unanticipated__RQ2_R_H08_C10_F01,4,Lightweight Arm Lift — Height Verification Only,extend_lift_phase(),0.5013652631578948,False
R_H08_C10_F01,diagnosed_LIFT_OBJECT_unanticipated__RQ2_R_H08_C10_F01,5,Cobot Lift Failure — Grip Pressure,increase_grip_pressure(),0.5,False
R_H08_C10_F01,diagnosed_LIFT_OBJECT_unanticipated__RQ2_R_H08_C10_F01,6,Heavy Duty Arm — Motor Overload During Lift,reduce_lift_speed(),0.5,False
R_H08_C10_F01,diagnosed_LIFT_OBJECT_unanticipated__RQ2_R_H08_C10_F01,7,Suction Arm Lift — Vacuum Loss,emergency_vacuum_pump(),0.3333333333333333,False
R_H08_C10_F02,diagnosed_LIFT_OBJECT_unanticipated__RQ2_R_H08_C10_F02,1,Lift Slip — Low Friction Surface,apply_vacuum_assist(),0.75,True
R_H08_C10_F02,diagnosed_LIFT_OBJECT_unanticipated__RQ2_R_H08_C10_F02,2,Parallel Arm Lift — Contact Loss,reposition_and_regrip(),0.6666666666666666,False
R_H08_C10_F02,diagnosed_LIFT_OBJECT_unanticipated__RQ2_R_H08_C10_F02,3,Cobot Industrial — Incremental Heavy Part Transfer,heavy_lift(),0.6507936507936508,False
R_H08_C10_F02,diagnosed_LIFT_OBJECT_unanticipated__RQ2_R_H08_C10_F02,4,Lightweight Arm Lift — Height Verification Only,extend_lift_phase(),0.5013652631578948,False
R_H08_C10_F02,diagnosed_LIFT_OBJECT_unanticipated__RQ2_R_H08_C10_F02,5,Cobot Lift Failure — Grip Pressure,increase_grip_pressure(),0.5,False
R_H08_C10_F02,diagnosed_LIFT_OBJECT_unanticipated__RQ2_R_H08_C10_F02,6,Heavy Duty Arm — Motor Overload During Lift,reduce_lift_speed(),0.5,False
R_H08_C10_F02,diagnosed_LIFT_OBJECT_unanticipated__RQ2_R_H08_C10_F02,7,Suction Arm Lift — Vacuum Loss,emergency_vacuum_pump(),0.3333333333333333,False
R_H08_C10_F03,diagnosed_LIFT_OBJECT_unanticipated__RQ2_R_H08_C10_F03,1,Lift Slip — Low Friction Surface,apply_vacuum_assist(),0.7541666666666668,True
R_H08_C10_F03,diagnosed_LIFT_OBJECT_unanticipated__RQ2_R_H08_C10_F03,2,Parallel Arm Lift — Contact Loss,reposition_and_regrip(),0.6666666666666666,False
R_H08_C10_F03,diagnosed_LIFT_OBJECT_unanticipated__RQ2_R_H08_C10_F03,3,Cobot Industrial — Incremental Heavy Part Transfer,heavy_lift(),0.6507936507936508,False
R_H08_C10_F03,diagnosed_LIFT_OBJECT_unanticipated__RQ2_R_H08_C10_F03,4,Lightweight Arm Lift — Height Verification Only,extend_lift_phase(),0.5013652631578948,False
R_H08_C10_F03,diagnosed_LIFT_OBJECT_unanticipated__RQ2_R_H08_C10_F03,5,Cobot Lift Failure — Grip Pressure,increase_grip_pressure(),0.5,False
R_H08_C10_F03,diagnosed_LIFT_OBJECT_unanticipated__RQ2_R_H08_C10_F03,6,Heavy Duty Arm — Motor Overload During Lift,reduce_lift_speed(),0.5,False
R_H08_C10_F03,diagnosed_LIFT_OBJECT_unanticipated__RQ2_R_H08_C10_F03,7,Suction Arm Lift — Vacuum Loss,emergency_vacuum_pump(),0.3333333333333333,False
R_H08_C10_F04,diagnosed_LIFT_OBJECT_unanticipated__RQ2_R_H08_C10_F04,1,Lift Slip — Low Friction Surface,apply_vacuum_assist(),0.7583333333333333,True
R_H08_C10_F04,diagnosed_LIFT_OBJECT_unanticipated__RQ2_R_H08_C10_F04,2,Parallel Arm Lift — Contact Loss,reposition_and_regrip(),0.6666666666666666,False
R_H08_C10_F04,diagnosed_LIFT_OBJECT_unanticipated__RQ2_R_H08_C10_F04,3,Cobot Industrial — Incremental Heavy Part Transfer,heavy_lift(),0.6507936507936508,False
R_H08_C10_F04,diagnosed_LIFT_OBJECT_unanticipated__RQ2_R_H08_C10_F04,4,Lightweight Arm Lift — Height Verification Only,extend_lift_phase(),0.5013652631578948,False
R_H08_C10_F04,diagnosed_LIFT_OBJECT_unanticipated__RQ2_R_H08_C10_F04,5,Cobot Lift Failure — Grip Pressure,increase_grip_pressure(),0.5,False
R_H08_C10_F04,diagnosed_LIFT_OBJECT_unanticipated__RQ2_R_H08_C10_F04,6,Heavy Duty Arm — Motor Overload During Lift,reduce_lift_speed(),0.5,False
R_H08_C10_F04,diagnosed_LIFT_OBJECT_unanticipated__RQ2_R_H08_C10_F04,7,Suction Arm Lift — Vacuum Loss,emergency_vacuum_pump(),0.3333333333333333,False
R_H08_C10_F05,diagnosed_LIFT_OBJECT_unanticipated__RQ2_R_H08_C10_F05,1,Lift Slip — Low Friction Surface,apply_vacuum_assist(),0.7777777777777777,True
R_H08_C10_F05,diagnosed_LIFT_OBJECT_unanticipated__RQ2_R_H08_C10_F05,2,Parallel Arm Lift — Contact Loss,reposition_and_regrip(),0.6666666666666666,False
R_H08_C10_F05,diagnosed_LIFT_OBJECT_unanticipated__RQ2_R_H08_C10_F05,3,Cobot Industrial — Incremental Heavy Part Transfer,heavy_lift(),0.6507936507936508,False
R_H08_C10_F05,diagnosed_LIFT_OBJECT_unanticipated__RQ2_R_H08_C10_F05,4,Lightweight Arm Lift — Height Verification Only,extend_lift_phase(),0.5013652631578948,False
R_H08_C10_F05,diagnosed_LIFT_OBJECT_unanticipated__RQ2_R_H08_C10_F05,5,Cobot Lift Failure — Grip Pressure,increase_grip_pressure(),0.5,False
R_H08_C10_F05,diagnosed_LIFT_OBJECT_unanticipated__RQ2_R_H08_C10_F05,6,Heavy Duty Arm — Motor Overload During Lift,reduce_lift_speed(),0.5,False
R_H08_C10_F05,diagnosed_LIFT_OBJECT_unanticipated__RQ2_R_H08_C10_F05,7,Suction Arm Lift — Vacuum Loss,emergency_vacuum_pump(),0.3333333333333333,False
R_H08_C10_F06,diagnosed_LIFT_OBJECT_unanticipated__RQ2_R_H08_C10_F06,1,Lift Slip — Low Friction Surface,apply_vacuum_assist(),0.7555555555555555,True
R_H08_C10_F06,diagnosed_LIFT_OBJECT_unanticipated__RQ2_R_H08_C10_F06,2,Parallel Arm Lift — Contact Loss,reposition_and_regrip(),0.6666666666666666,False
R_H08_C10_F06,diagnosed_LIFT_OBJECT_unanticipated__RQ2_R_H08_C10_F06,3,Cobot Industrial — Incremental Heavy Part Transfer,heavy_lift(),0.6507936507936508,False
R_H08_C10_F06,diagnosed_LIFT_OBJECT_unanticipated__RQ2_R_H08_C10_F06,4,Lightweight Arm Lift — Height Verification Only,extend_lift_phase(),0.5013652631578948,False
R_H08_C10_F06,diagnosed_LIFT_OBJECT_unanticipated__RQ2_R_H08_C10_F06,5,Cobot Lift Failure — Grip Pressure,increase_grip_pressure(),0.5,False
R_H08_C10_F06,diagnosed_LIFT_OBJECT_unanticipated__RQ2_R_H08_C10_F06,6,Heavy Duty Arm — Motor Overload During Lift,reduce_lift_speed(),0.5,False
R_H08_C10_F06,diagnosed_LIFT_OBJECT_unanticipated__RQ2_R_H08_C10_F06,7,Suction Arm Lift — Vacuum Loss,emergency_vacuum_pump(),0.3333333333333333,False
R_H08_C10_F07,diagnosed_LIFT_OBJECT_unanticipated__RQ2_R_H08_C10_F07,1,Lift Slip — Low Friction Surface,apply_vacuum_assist(),0.7111111111111111,True
R_H08_C10_F07,diagnosed_LIFT_OBJECT_unanticipated__RQ2_R_H08_C10_F07,2,Parallel Arm Lift — Contact Loss,reposition_and_regrip(),0.6666666666666666,False
R_H08_C10_F07,diagnosed_LIFT_OBJECT_unanticipated__RQ2_R_H08_C10_F07,3,Cobot Industrial — Incremental Heavy Part Transfer,heavy_lift(),0.6507936507936508,False
R_H08_C10_F07,diagnosed_LIFT_OBJECT_unanticipated__RQ2_R_H08_C10_F07,4,Lightweight Arm Lift — Height Verification Only,extend_lift_phase(),0.5013652631578948,False
R_H08_C10_F07,diagnosed_LIFT_OBJECT_unanticipated__RQ2_R_H08_C10_F07,5,Cobot Lift Failure — Grip Pressure,increase_grip_pressure(),0.5,False
R_H08_C10_F07,diagnosed_LIFT_OBJECT_unanticipated__RQ2_R_H08_C10_F07,6,Heavy Duty Arm — Motor Overload During Lift,reduce_lift_speed(),0.5,False
R_H08_C10_F07,diagnosed_LIFT_OBJECT_unanticipated__RQ2_R_H08_C10_F07,7,Suction Arm Lift — Vacuum Loss,emergency_vacuum_pump(),0.3333333333333333,False
R_H08_C10_F08,diagnosed_LIFT_OBJECT_unanticipated__RQ2_R_H08_C10_F08,1,Lift Slip — Low Friction Surface,apply_vacuum_assist(),0.6713888888888889,True
R_H08_C10_F08,diagnosed_LIFT_OBJECT_unanticipated__RQ2_R_H08_C10_F08,2,Parallel Arm Lift — Contact Loss,reposition_and_regrip(),0.6666666666666666,False
R_H08_C10_F08,diagnosed_LIFT_OBJECT_unanticipated__RQ2_R_H08_C10_F08,3,Cobot Industrial — Incremental Heavy Part Transfer,heavy_lift(),0.6507936507936508,False
R_H08_C10_F08,diagnosed_LIFT_OBJECT_unanticipated__RQ2_R_H08_C10_F08,4,Lightweight Arm Lift — Height Verification Only,extend_lift_phase(),0.5013652631578948,False
R_H08_C10_F08,diagnosed_LIFT_OBJECT_unanticipated__RQ2_R_H08_C10_F08,5,Cobot Lift Failure — Grip Pressure,increase_grip_pressure(),0.5,False
R_H08_C10_F08,diagnosed_LIFT_OBJECT_unanticipated__RQ2_R_H08_C10_F08,6,Heavy Duty Arm — Motor Overload During Lift,reduce_lift_speed(),0.5,False
R_H08_C10_F08,diagnosed_LIFT_OBJECT_unanticipated__RQ2_R_H08_C10_F08,7,Suction Arm Lift — Vacuum Loss,emergency_vacuum_pump(),0.3333333333333333,False
R_H08_C10_F09,diagnosed_LIFT_OBJECT_unanticipated__RQ2_R_H08_C10_F09,1,Lift Slip — Low Friction Surface,apply_vacuum_assist(),0.6666666666666666,True
R_H08_C10_F09,diagnosed_LIFT_OBJECT_unanticipated__RQ2_R_H08_C10_F09,2,Parallel Arm Lift — Contact Loss,reposition_and_regrip(),0.6666666666666666,False
R_H08_C10_F09,diagnosed_LIFT_OBJECT_unanticipated__RQ2_R_H08_C10_F09,3,Cobot Industrial — Incremental Heavy Part Transfer,heavy_lift(),0.6507936507936508,False
R_H08_C10_F09,diagnosed_LIFT_OBJECT_unanticipated__RQ2_R_H08_C10_F09,4,Lightweight Arm Lift — Height Verification Only,extend_lift_phase(),0.5013652631578948,False
R_H08_C10_F09,diagnosed_LIFT_OBJECT_unanticipated__RQ2_R_H08_C10_F09,5,Cobot Lift Failure — Grip Pressure,increase_grip_pressure(),0.5,False
R_H08_C10_F09,diagnosed_LIFT_OBJECT_unanticipated__RQ2_R_H08_C10_F09,6,Heavy Duty Arm — Motor Overload During Lift,reduce_lift_speed(),0.5,False
R_H08_C10_F09,diagnosed_LIFT_OBJECT_unanticipated__RQ2_R_H08_C10_F09,7,Suction Arm Lift — Vacuum Loss,emergency_vacuum_pump(),0.3333333333333333,False
R_H08_C10_F10,diagnosed_LIFT_OBJECT_unanticipated__RQ2_R_H08_C10_F10,1,Lift Slip — Low Friction Surface,apply_vacuum_assist(),0.6666666666666666,True
R_H08_C10_F10,diagnosed_LIFT_OBJECT_unanticipated__RQ2_R_H08_C10_F10,2,Parallel Arm Lift — Contact Loss,reposition_and_regrip(),0.6666666666666666,False
R_H08_C10_F10,diagnosed_LIFT_OBJECT_unanticipated__RQ2_R_H08_C10_F10,3,Cobot Industrial — Incremental Heavy Part Transfer,heavy_lift(),0.6507936507936508,False
R_H08_C10_F10,diagnosed_LIFT_OBJECT_unanticipated__RQ2_R_H08_C10_F10,4,Lightweight Arm Lift — Height Verification Only,extend_lift_phase(),0.5013652631578948,False
R_H08_C10_F10,diagnosed_LIFT_OBJECT_unanticipated__RQ2_R_H08_C10_F10,5,Cobot Lift Failure — Grip Pressure,increase_grip_pressure(),0.5,False
R_H08_C10_F10,diagnosed_LIFT_OBJECT_unanticipated__RQ2_R_H08_C10_F10,6,Heavy Duty Arm — Motor Overload During Lift,reduce_lift_speed(),0.5,False
R_H08_C10_F10,diagnosed_LIFT_OBJECT_unanticipated__RQ2_R_H08_C10_F10,7,Suction Arm Lift — Vacuum Loss,emergency_vacuum_pump(),0.3333333333333333,False
R_H09_C01_F01,diagnosed_LIFT_OBJECT_unanticipated__RQ2_R_H09_C01_F01,1,Lift Slip — Low Friction Surface,apply_vacuum_assist(),0.6944444444444443,True
R_H09_C01_F01,diagnosed_LIFT_OBJECT_unanticipated__RQ2_R_H09_C01_F01,2,Parallel Arm Lift — Contact Loss,reposition_and_regrip(),0.6666666666666666,False
R_H09_C01_F01,diagnosed_LIFT_OBJECT_unanticipated__RQ2_R_H09_C01_F01,3,Cobot Industrial — Incremental Heavy Part Transfer,heavy_lift(),0.6507936507936508,False
R_H09_C01_F01,diagnosed_LIFT_OBJECT_unanticipated__RQ2_R_H09_C01_F01,4,Lightweight Arm Lift — Height Verification Only,extend_lift_phase(),0.5013652631578948,False
R_H09_C01_F01,diagnosed_LIFT_OBJECT_unanticipated__RQ2_R_H09_C01_F01,5,Cobot Lift Failure — Grip Pressure,increase_grip_pressure(),0.5,False
R_H09_C01_F01,diagnosed_LIFT_OBJECT_unanticipated__RQ2_R_H09_C01_F01,6,Heavy Duty Arm — Motor Overload During Lift,reduce_lift_speed(),0.5,False
R_H09_C01_F01,diagnosed_LIFT_OBJECT_unanticipated__RQ2_R_H09_C01_F01,7,Suction Arm Lift — Vacuum Loss,emergency_vacuum_pump(),0.3333333333333333,False
R_H09_C01_F02,diagnosed_LIFT_OBJECT_unanticipated__RQ2_R_H09_C01_F02,1,Lift Slip — Low Friction Surface,apply_vacuum_assist(),0.75,True
R_H09_C01_F02,diagnosed_LIFT_OBJECT_unanticipated__RQ2_R_H09_C01_F02,2,Parallel Arm Lift — Contact Loss,reposition_and_regrip(),0.6666666666666666,False
R_H09_C01_F02,diagnosed_LIFT_OBJECT_unanticipated__RQ2_R_H09_C01_F02,3,Cobot Industrial — Incremental Heavy Part Transfer,heavy_lift(),0.6507936507936508,False
R_H09_C01_F02,diagnosed_LIFT_OBJECT_unanticipated__RQ2_R_H09_C01_F02,4,Lightweight Arm Lift — Height Verification Only,extend_lift_phase(),0.5013652631578948,False
R_H09_C01_F02,diagnosed_LIFT_OBJECT_unanticipated__RQ2_R_H09_C01_F02,5,Cobot Lift Failure — Grip Pressure,increase_grip_pressure(),0.5,False
R_H09_C01_F02,diagnosed_LIFT_OBJECT_unanticipated__RQ2_R_H09_C01_F02,6,Heavy Duty Arm — Motor Overload During Lift,reduce_lift_speed(),0.5,False
R_H09_C01_F02,diagnosed_LIFT_OBJECT_unanticipated__RQ2_R_H09_C01_F02,7,Suction Arm Lift — Vacuum Loss,emergency_vacuum_pump(),0.3333333333333333,False
R_H09_C01_F03,diagnosed_LIFT_OBJECT_unanticipated__RQ2_R_H09_C01_F03,1,Lift Slip — Low Friction Surface,apply_vacuum_assist(),0.7541666666666668,True
R_H09_C01_F03,diagnosed_LIFT_OBJECT_unanticipated__RQ2_R_H09_C01_F03,2,Parallel Arm Lift — Contact Loss,reposition_and_regrip(),0.6666666666666666,False
R_H09_C01_F03,diagnosed_LIFT_OBJECT_unanticipated__RQ2_R_H09_C01_F03,3,Cobot Industrial — Incremental Heavy Part Transfer,heavy_lift(),0.6507936507936508,False
R_H09_C01_F03,diagnosed_LIFT_OBJECT_unanticipated__RQ2_R_H09_C01_F03,4,Lightweight Arm Lift — Height Verification Only,extend_lift_phase(),0.5013652631578948,False
R_H09_C01_F03,diagnosed_LIFT_OBJECT_unanticipated__RQ2_R_H09_C01_F03,5,Cobot Lift Failure — Grip Pressure,increase_grip_pressure(),0.5,False
R_H09_C01_F03,diagnosed_LIFT_OBJECT_unanticipated__RQ2_R_H09_C01_F03,6,Heavy Duty Arm — Motor Overload During Lift,reduce_lift_speed(),0.5,False
R_H09_C01_F03,diagnosed_LIFT_OBJECT_unanticipated__RQ2_R_H09_C01_F03,7,Suction Arm Lift — Vacuum Loss,emergency_vacuum_pump(),0.3333333333333333,False
R_H09_C01_F04,diagnosed_LIFT_OBJECT_unanticipated__RQ2_R_H09_C01_F04,1,Lift Slip — Low Friction Surface,apply_vacuum_assist(),0.7583333333333333,True
R_H09_C01_F04,diagnosed_LIFT_OBJECT_unanticipated__RQ2_R_H09_C01_F04,2,Parallel Arm Lift — Contact Loss,reposition_and_regrip(),0.6666666666666666,False
R_H09_C01_F04,diagnosed_LIFT_OBJECT_unanticipated__RQ2_R_H09_C01_F04,3,Cobot Industrial — Incremental Heavy Part Transfer,heavy_lift(),0.6507936507936508,False
R_H09_C01_F04,diagnosed_LIFT_OBJECT_unanticipated__RQ2_R_H09_C01_F04,4,Lightweight Arm Lift — Height Verification Only,extend_lift_phase(),0.5013652631578948,False
R_H09_C01_F04,diagnosed_LIFT_OBJECT_unanticipated__RQ2_R_H09_C01_F04,5,Cobot Lift Failure — Grip Pressure,increase_grip_pressure(),0.5,False
R_H09_C01_F04,diagnosed_LIFT_OBJECT_unanticipated__RQ2_R_H09_C01_F04,6,Heavy Duty Arm — Motor Overload During Lift,reduce_lift_speed(),0.5,False
R_H09_C01_F04,diagnosed_LIFT_OBJECT_unanticipated__RQ2_R_H09_C01_F04,7,Suction Arm Lift — Vacuum Loss,emergency_vacuum_pump(),0.3333333333333333,False
R_H09_C01_F05,diagnosed_LIFT_OBJECT_unanticipated__RQ2_R_H09_C01_F05,1,Lift Slip — Low Friction Surface,apply_vacuum_assist(),0.7777777777777777,True
R_H09_C01_F05,diagnosed_LIFT_OBJECT_unanticipated__RQ2_R_H09_C01_F05,2,Parallel Arm Lift — Contact Loss,reposition_and_regrip(),0.6666666666666666,False
R_H09_C01_F05,diagnosed_LIFT_OBJECT_unanticipated__RQ2_R_H09_C01_F05,3,Cobot Industrial — Incremental Heavy Part Transfer,heavy_lift(),0.6507936507936508,False
R_H09_C01_F05,diagnosed_LIFT_OBJECT_unanticipated__RQ2_R_H09_C01_F05,4,Lightweight Arm Lift — Height Verification Only,extend_lift_phase(),0.5013652631578948,False
R_H09_C01_F05,diagnosed_LIFT_OBJECT_unanticipated__RQ2_R_H09_C01_F05,5,Cobot Lift Failure — Grip Pressure,increase_grip_pressure(),0.5,False
R_H09_C01_F05,diagnosed_LIFT_OBJECT_unanticipated__RQ2_R_H09_C01_F05,6,Heavy Duty Arm — Motor Overload During Lift,reduce_lift_speed(),0.5,False
R_H09_C01_F05,diagnosed_LIFT_OBJECT_unanticipated__RQ2_R_H09_C01_F05,7,Suction Arm Lift — Vacuum Loss,emergency_vacuum_pump(),0.3333333333333333,False
R_H09_C01_F06,diagnosed_LIFT_OBJECT_unanticipated__RQ2_R_H09_C01_F06,1,Lift Slip — Low Friction Surface,apply_vacuum_assist(),0.7555555555555555,True
R_H09_C01_F06,diagnosed_LIFT_OBJECT_unanticipated__RQ2_R_H09_C01_F06,2,Parallel Arm Lift — Contact Loss,reposition_and_regrip(),0.6666666666666666,False
R_H09_C01_F06,diagnosed_LIFT_OBJECT_unanticipated__RQ2_R_H09_C01_F06,3,Cobot Industrial — Incremental Heavy Part Transfer,heavy_lift(),0.6507936507936508,False
R_H09_C01_F06,diagnosed_LIFT_OBJECT_unanticipated__RQ2_R_H09_C01_F06,4,Lightweight Arm Lift — Height Verification Only,extend_lift_phase(),0.5013652631578948,False
R_H09_C01_F06,diagnosed_LIFT_OBJECT_unanticipated__RQ2_R_H09_C01_F06,5,Cobot Lift Failure — Grip Pressure,increase_grip_pressure(),0.5,False
R_H09_C01_F06,diagnosed_LIFT_OBJECT_unanticipated__RQ2_R_H09_C01_F06,6,Heavy Duty Arm — Motor Overload During Lift,reduce_lift_speed(),0.5,False
R_H09_C01_F06,diagnosed_LIFT_OBJECT_unanticipated__RQ2_R_H09_C01_F06,7,Suction Arm Lift — Vacuum Loss,emergency_vacuum_pump(),0.3333333333333333,False
R_H09_C01_F07,diagnosed_LIFT_OBJECT_unanticipated__RQ2_R_H09_C01_F07,1,Lift Slip — Low Friction Surface,apply_vacuum_assist(),0.7111111111111111,True
R_H09_C01_F07,diagnosed_LIFT_OBJECT_unanticipated__RQ2_R_H09_C01_F07,2,Parallel Arm Lift — Contact Loss,reposition_and_regrip(),0.6666666666666666,False
R_H09_C01_F07,diagnosed_LIFT_OBJECT_unanticipated__RQ2_R_H09_C01_F07,3,Cobot Industrial — Incremental Heavy Part Transfer,heavy_lift(),0.6507936507936508,False
R_H09_C01_F07,diagnosed_LIFT_OBJECT_unanticipated__RQ2_R_H09_C01_F07,4,Lightweight Arm Lift — Height Verification Only,extend_lift_phase(),0.5013652631578948,False
R_H09_C01_F07,diagnosed_LIFT_OBJECT_unanticipated__RQ2_R_H09_C01_F07,5,Cobot Lift Failure — Grip Pressure,increase_grip_pressure(),0.5,False
R_H09_C01_F07,diagnosed_LIFT_OBJECT_unanticipated__RQ2_R_H09_C01_F07,6,Heavy Duty Arm — Motor Overload During Lift,reduce_lift_speed(),0.5,False
R_H09_C01_F07,diagnosed_LIFT_OBJECT_unanticipated__RQ2_R_H09_C01_F07,7,Suction Arm Lift — Vacuum Loss,emergency_vacuum_pump(),0.3333333333333333,False
R_H09_C01_F08,diagnosed_LIFT_OBJECT_unanticipated__RQ2_R_H09_C01_F08,1,Lift Slip — Low Friction Surface,apply_vacuum_assist(),0.6713888888888889,True
R_H09_C01_F08,diagnosed_LIFT_OBJECT_unanticipated__RQ2_R_H09_C01_F08,2,Parallel Arm Lift — Contact Loss,reposition_and_regrip(),0.6666666666666666,False
R_H09_C01_F08,diagnosed_LIFT_OBJECT_unanticipated__RQ2_R_H09_C01_F08,3,Cobot Industrial — Incremental Heavy Part Transfer,heavy_lift(),0.6507936507936508,False
R_H09_C01_F08,diagnosed_LIFT_OBJECT_unanticipated__RQ2_R_H09_C01_F08,4,Lightweight Arm Lift — Height Verification Only,extend_lift_phase(),0.5013652631578948,False
R_H09_C01_F08,diagnosed_LIFT_OBJECT_unanticipated__RQ2_R_H09_C01_F08,5,Cobot Lift Failure — Grip Pressure,increase_grip_pressure(),0.5,False
R_H09_C01_F08,diagnosed_LIFT_OBJECT_unanticipated__RQ2_R_H09_C01_F08,6,Heavy Duty Arm — Motor Overload During Lift,reduce_lift_speed(),0.5,False
R_H09_C01_F08,diagnosed_LIFT_OBJECT_unanticipated__RQ2_R_H09_C01_F08,7,Suction Arm Lift — Vacuum Loss,emergency_vacuum_pump(),0.3333333333333333,False
R_H09_C01_F09,diagnosed_LIFT_OBJECT_unanticipated__RQ2_R_H09_C01_F09,1,Lift Slip — Low Friction Surface,apply_vacuum_assist(),0.6666666666666666,True
R_H09_C01_F09,diagnosed_LIFT_OBJECT_unanticipated__RQ2_R_H09_C01_F09,2,Parallel Arm Lift — Contact Loss,reposition_and_regrip(),0.6666666666666666,False
R_H09_C01_F09,diagnosed_LIFT_OBJECT_unanticipated__RQ2_R_H09_C01_F09,3,Cobot Industrial — Incremental Heavy Part Transfer,heavy_lift(),0.6507936507936508,False
R_H09_C01_F09,diagnosed_LIFT_OBJECT_unanticipated__RQ2_R_H09_C01_F09,4,Lightweight Arm Lift — Height Verification Only,extend_lift_phase(),0.5013652631578948,False
R_H09_C01_F09,diagnosed_LIFT_OBJECT_unanticipated__RQ2_R_H09_C01_F09,5,Cobot Lift Failure — Grip Pressure,increase_grip_pressure(),0.5,False
R_H09_C01_F09,diagnosed_LIFT_OBJECT_unanticipated__RQ2_R_H09_C01_F09,6,Heavy Duty Arm — Motor Overload During Lift,reduce_lift_speed(),0.5,False
R_H09_C01_F09,diagnosed_LIFT_OBJECT_unanticipated__RQ2_R_H09_C01_F09,7,Suction Arm Lift — Vacuum Loss,emergency_vacuum_pump(),0.3333333333333333,False
R_H09_C01_F10,diagnosed_LIFT_OBJECT_unanticipated__RQ2_R_H09_C01_F10,1,Lift Slip — Low Friction Surface,apply_vacuum_assist(),0.6666666666666666,True
R_H09_C01_F10,diagnosed_LIFT_OBJECT_unanticipated__RQ2_R_H09_C01_F10,2,Parallel Arm Lift — Contact Loss,reposition_and_regrip(),0.6666666666666666,False
R_H09_C01_F10,diagnosed_LIFT_OBJECT_unanticipated__RQ2_R_H09_C01_F10,3,Cobot Industrial — Incremental Heavy Part Transfer,heavy_lift(),0.6507936507936508,False
R_H09_C01_F10,diagnosed_LIFT_OBJECT_unanticipated__RQ2_R_H09_C01_F10,4,Lightweight Arm Lift — Height Verification Only,extend_lift_phase(),0.5013652631578948,False
R_H09_C01_F10,diagnosed_LIFT_OBJECT_unanticipated__RQ2_R_H09_C01_F10,5,Cobot Lift Failure — Grip Pressure,increase_grip_pressure(),0.5,False
R_H09_C01_F10,diagnosed_LIFT_OBJECT_unanticipated__RQ2_R_H09_C01_F10,6,Heavy Duty Arm — Motor Overload During Lift,reduce_lift_speed(),0.5,False
R_H09_C01_F10,diagnosed_LIFT_OBJECT_unanticipated__RQ2_R_H09_C01_F10,7,Suction Arm Lift — Vacuum Loss,emergency_vacuum_pump(),0.3333333333333333,False
R_H09_C02_F01,diagnosed_LIFT_OBJECT_unanticipated__RQ2_R_H09_C02_F01,1,Lift Slip — Low Friction Surface,apply_vacuum_assist(),0.8055555555555557,True
R_H09_C02_F01,diagnosed_LIFT_OBJECT_unanticipated__RQ2_R_H09_C02_F01,2,Parallel Arm Lift — Contact Loss,reposition_and_regrip(),0.7298850574712644,False
R_H09_C02_F01,diagnosed_LIFT_OBJECT_unanticipated__RQ2_R_H09_C02_F01,3,Cobot Industrial — Incremental Heavy Part Transfer,heavy_lift(),0.6991807475678442,False
R_H09_C02_F01,diagnosed_LIFT_OBJECT_unanticipated__RQ2_R_H09_C02_F01,4,Lightweight Arm Lift — Height Verification Only,extend_lift_phase(),0.5645836539624924,False
R_H09_C02_F01,diagnosed_LIFT_OBJECT_unanticipated__RQ2_R_H09_C02_F01,5,Cobot Lift Failure — Grip Pressure,increase_grip_pressure(),0.5,False
R_H09_C02_F01,diagnosed_LIFT_OBJECT_unanticipated__RQ2_R_H09_C02_F01,6,Heavy Duty Arm — Motor Overload During Lift,reduce_lift_speed(),0.5,False
R_H09_C02_F01,diagnosed_LIFT_OBJECT_unanticipated__RQ2_R_H09_C02_F01,7,Suction Arm Lift — Vacuum Loss,emergency_vacuum_pump(),0.3333333333333333,False
R_H09_C02_F02,diagnosed_LIFT_OBJECT_unanticipated__RQ2_R_H09_C02_F02,1,Lift Slip — Low Friction Surface,apply_vacuum_assist(),0.8611111111111112,True
R_H09_C02_F02,diagnosed_LIFT_OBJECT_unanticipated__RQ2_R_H09_C02_F02,2,Parallel Arm Lift — Contact Loss,reposition_and_regrip(),0.7298850574712644,False
R_H09_C02_F02,diagnosed_LIFT_OBJECT_unanticipated__RQ2_R_H09_C02_F02,3,Cobot Industrial — Incremental Heavy Part Transfer,heavy_lift(),0.6991807475678442,False
R_H09_C02_F02,diagnosed_LIFT_OBJECT_unanticipated__RQ2_R_H09_C02_F02,4,Lightweight Arm Lift — Height Verification Only,extend_lift_phase(),0.5645836539624924,False
R_H09_C02_F02,diagnosed_LIFT_OBJECT_unanticipated__RQ2_R_H09_C02_F02,5,Cobot Lift Failure — Grip Pressure,increase_grip_pressure(),0.5,False
R_H09_C02_F02,diagnosed_LIFT_OBJECT_unanticipated__RQ2_R_H09_C02_F02,6,Heavy Duty Arm — Motor Overload During Lift,reduce_lift_speed(),0.5,False
R_H09_C02_F02,diagnosed_LIFT_OBJECT_unanticipated__RQ2_R_H09_C02_F02,7,Suction Arm Lift — Vacuum Loss,emergency_vacuum_pump(),0.3333333333333333,False
R_H09_C02_F03,diagnosed_LIFT_OBJECT_unanticipated__RQ2_R_H09_C02_F03,1,Lift Slip — Low Friction Surface,apply_vacuum_assist(),0.8652777777777777,True
R_H09_C02_F03,diagnosed_LIFT_OBJECT_unanticipated__RQ2_R_H09_C02_F03,2,Parallel Arm Lift — Contact Loss,reposition_and_regrip(),0.7298850574712644,False
R_H09_C02_F03,diagnosed_LIFT_OBJECT_unanticipated__RQ2_R_H09_C02_F03,3,Cobot Industrial — Incremental Heavy Part Transfer,heavy_lift(),0.6991807475678442,False
R_H09_C02_F03,diagnosed_LIFT_OBJECT_unanticipated__RQ2_R_H09_C02_F03,4,Lightweight Arm Lift — Height Verification Only,extend_lift_phase(),0.5645836539624924,False
R_H09_C02_F03,diagnosed_LIFT_OBJECT_unanticipated__RQ2_R_H09_C02_F03,5,Cobot Lift Failure — Grip Pressure,increase_grip_pressure(),0.5,False
R_H09_C02_F03,diagnosed_LIFT_OBJECT_unanticipated__RQ2_R_H09_C02_F03,6,Heavy Duty Arm — Motor Overload During Lift,reduce_lift_speed(),0.5,False
R_H09_C02_F03,diagnosed_LIFT_OBJECT_unanticipated__RQ2_R_H09_C02_F03,7,Suction Arm Lift — Vacuum Loss,emergency_vacuum_pump(),0.3333333333333333,False
R_H09_C02_F04,diagnosed_LIFT_OBJECT_unanticipated__RQ2_R_H09_C02_F04,1,Lift Slip — Low Friction Surface,apply_vacuum_assist(),0.8694444444444445,True
R_H09_C02_F04,diagnosed_LIFT_OBJECT_unanticipated__RQ2_R_H09_C02_F04,2,Parallel Arm Lift — Contact Loss,reposition_and_regrip(),0.7298850574712644,False
R_H09_C02_F04,diagnosed_LIFT_OBJECT_unanticipated__RQ2_R_H09_C02_F04,3,Cobot Industrial — Incremental Heavy Part Transfer,heavy_lift(),0.6991807475678442,False
R_H09_C02_F04,diagnosed_LIFT_OBJECT_unanticipated__RQ2_R_H09_C02_F04,4,Lightweight Arm Lift — Height Verification Only,extend_lift_phase(),0.5645836539624924,False
R_H09_C02_F04,diagnosed_LIFT_OBJECT_unanticipated__RQ2_R_H09_C02_F04,5,Cobot Lift Failure — Grip Pressure,increase_grip_pressure(),0.5,False
R_H09_C02_F04,diagnosed_LIFT_OBJECT_unanticipated__RQ2_R_H09_C02_F04,6,Heavy Duty Arm — Motor Overload During Lift,reduce_lift_speed(),0.5,False
R_H09_C02_F04,diagnosed_LIFT_OBJECT_unanticipated__RQ2_R_H09_C02_F04,7,Suction Arm Lift — Vacuum Loss,emergency_vacuum_pump(),0.3333333333333333,False
R_H09_C02_F05,diagnosed_LIFT_OBJECT_unanticipated__RQ2_R_H09_C02_F05,1,Lift Slip — Low Friction Surface,apply_vacuum_assist(),0.8888888888888888,True
R_H09_C02_F05,diagnosed_LIFT_OBJECT_unanticipated__RQ2_R_H09_C02_F05,2,Parallel Arm Lift — Contact Loss,reposition_and_regrip(),0.7298850574712644,False
R_H09_C02_F05,diagnosed_LIFT_OBJECT_unanticipated__RQ2_R_H09_C02_F05,3,Cobot Industrial — Incremental Heavy Part Transfer,heavy_lift(),0.6991807475678442,False
R_H09_C02_F05,diagnosed_LIFT_OBJECT_unanticipated__RQ2_R_H09_C02_F05,4,Lightweight Arm Lift — Height Verification Only,extend_lift_phase(),0.5645836539624924,False
R_H09_C02_F05,diagnosed_LIFT_OBJECT_unanticipated__RQ2_R_H09_C02_F05,5,Cobot Lift Failure — Grip Pressure,increase_grip_pressure(),0.5,False
R_H09_C02_F05,diagnosed_LIFT_OBJECT_unanticipated__RQ2_R_H09_C02_F05,6,Heavy Duty Arm — Motor Overload During Lift,reduce_lift_speed(),0.5,False
R_H09_C02_F05,diagnosed_LIFT_OBJECT_unanticipated__RQ2_R_H09_C02_F05,7,Suction Arm Lift — Vacuum Loss,emergency_vacuum_pump(),0.3333333333333333,False
R_H09_C02_F06,diagnosed_LIFT_OBJECT_unanticipated__RQ2_R_H09_C02_F06,1,Lift Slip — Low Friction Surface,apply_vacuum_assist(),0.8666666666666667,True
R_H09_C02_F06,diagnosed_LIFT_OBJECT_unanticipated__RQ2_R_H09_C02_F06,2,Parallel Arm Lift — Contact Loss,reposition_and_regrip(),0.7298850574712644,False
R_H09_C02_F06,diagnosed_LIFT_OBJECT_unanticipated__RQ2_R_H09_C02_F06,3,Cobot Industrial — Incremental Heavy Part Transfer,heavy_lift(),0.6991807475678442,False
R_H09_C02_F06,diagnosed_LIFT_OBJECT_unanticipated__RQ2_R_H09_C02_F06,4,Lightweight Arm Lift — Height Verification Only,extend_lift_phase(),0.5645836539624924,False
R_H09_C02_F06,diagnosed_LIFT_OBJECT_unanticipated__RQ2_R_H09_C02_F06,5,Cobot Lift Failure — Grip Pressure,increase_grip_pressure(),0.5,False
R_H09_C02_F06,diagnosed_LIFT_OBJECT_unanticipated__RQ2_R_H09_C02_F06,6,Heavy Duty Arm — Motor Overload During Lift,reduce_lift_speed(),0.5,False
R_H09_C02_F06,diagnosed_LIFT_OBJECT_unanticipated__RQ2_R_H09_C02_F06,7,Suction Arm Lift — Vacuum Loss,emergency_vacuum_pump(),0.3333333333333333,False
R_H09_C02_F07,diagnosed_LIFT_OBJECT_unanticipated__RQ2_R_H09_C02_F07,1,Lift Slip — Low Friction Surface,apply_vacuum_assist(),0.8222222222222223,True
R_H09_C02_F07,diagnosed_LIFT_OBJECT_unanticipated__RQ2_R_H09_C02_F07,2,Parallel Arm Lift — Contact Loss,reposition_and_regrip(),0.7298850574712644,False
R_H09_C02_F07,diagnosed_LIFT_OBJECT_unanticipated__RQ2_R_H09_C02_F07,3,Cobot Industrial — Incremental Heavy Part Transfer,heavy_lift(),0.6991807475678442,False
R_H09_C02_F07,diagnosed_LIFT_OBJECT_unanticipated__RQ2_R_H09_C02_F07,4,Lightweight Arm Lift — Height Verification Only,extend_lift_phase(),0.5645836539624924,False
R_H09_C02_F07,diagnosed_LIFT_OBJECT_unanticipated__RQ2_R_H09_C02_F07,5,Cobot Lift Failure — Grip Pressure,increase_grip_pressure(),0.5,False
R_H09_C02_F07,diagnosed_LIFT_OBJECT_unanticipated__RQ2_R_H09_C02_F07,6,Heavy Duty Arm — Motor Overload During Lift,reduce_lift_speed(),0.5,False
R_H09_C02_F07,diagnosed_LIFT_OBJECT_unanticipated__RQ2_R_H09_C02_F07,7,Suction Arm Lift — Vacuum Loss,emergency_vacuum_pump(),0.3333333333333333,False
R_H09_C02_F08,diagnosed_LIFT_OBJECT_unanticipated__RQ2_R_H09_C02_F08,1,Lift Slip — Low Friction Surface,apply_vacuum_assist(),0.7825000000000001,True
R_H09_C02_F08,diagnosed_LIFT_OBJECT_unanticipated__RQ2_R_H09_C02_F08,2,Parallel Arm Lift — Contact Loss,reposition_and_regrip(),0.7298850574712644,False
R_H09_C02_F08,diagnosed_LIFT_OBJECT_unanticipated__RQ2_R_H09_C02_F08,3,Cobot Industrial — Incremental Heavy Part Transfer,heavy_lift(),0.6991807475678442,False
R_H09_C02_F08,diagnosed_LIFT_OBJECT_unanticipated__RQ2_R_H09_C02_F08,4,Lightweight Arm Lift — Height Verification Only,extend_lift_phase(),0.5645836539624924,False
R_H09_C02_F08,diagnosed_LIFT_OBJECT_unanticipated__RQ2_R_H09_C02_F08,5,Cobot Lift Failure — Grip Pressure,increase_grip_pressure(),0.5,False
R_H09_C02_F08,diagnosed_LIFT_OBJECT_unanticipated__RQ2_R_H09_C02_F08,6,Heavy Duty Arm — Motor Overload During Lift,reduce_lift_speed(),0.5,False
R_H09_C02_F08,diagnosed_LIFT_OBJECT_unanticipated__RQ2_R_H09_C02_F08,7,Suction Arm Lift — Vacuum Loss,emergency_vacuum_pump(),0.3333333333333333,False
R_H09_C02_F09,diagnosed_LIFT_OBJECT_unanticipated__RQ2_R_H09_C02_F09,1,Lift Slip — Low Friction Surface,apply_vacuum_assist(),0.7777777777777777,True
R_H09_C02_F09,diagnosed_LIFT_OBJECT_unanticipated__RQ2_R_H09_C02_F09,2,Parallel Arm Lift — Contact Loss,reposition_and_regrip(),0.7298850574712644,False
R_H09_C02_F09,diagnosed_LIFT_OBJECT_unanticipated__RQ2_R_H09_C02_F09,3,Cobot Industrial — Incremental Heavy Part Transfer,heavy_lift(),0.6991807475678442,False
R_H09_C02_F09,diagnosed_LIFT_OBJECT_unanticipated__RQ2_R_H09_C02_F09,4,Lightweight Arm Lift — Height Verification Only,extend_lift_phase(),0.5645836539624924,False
R_H09_C02_F09,diagnosed_LIFT_OBJECT_unanticipated__RQ2_R_H09_C02_F09,5,Cobot Lift Failure — Grip Pressure,increase_grip_pressure(),0.5,False
R_H09_C02_F09,diagnosed_LIFT_OBJECT_unanticipated__RQ2_R_H09_C02_F09,6,Heavy Duty Arm — Motor Overload During Lift,reduce_lift_speed(),0.5,False
R_H09_C02_F09,diagnosed_LIFT_OBJECT_unanticipated__RQ2_R_H09_C02_F09,7,Suction Arm Lift — Vacuum Loss,emergency_vacuum_pump(),0.3333333333333333,False
R_H09_C02_F10,diagnosed_LIFT_OBJECT_unanticipated__RQ2_R_H09_C02_F10,1,Lift Slip — Low Friction Surface,apply_vacuum_assist(),0.7777777777777777,True
R_H09_C02_F10,diagnosed_LIFT_OBJECT_unanticipated__RQ2_R_H09_C02_F10,2,Parallel Arm Lift — Contact Loss,reposition_and_regrip(),0.7298850574712644,False
R_H09_C02_F10,diagnosed_LIFT_OBJECT_unanticipated__RQ2_R_H09_C02_F10,3,Cobot Industrial — Incremental Heavy Part Transfer,heavy_lift(),0.6991807475678442,False
R_H09_C02_F10,diagnosed_LIFT_OBJECT_unanticipated__RQ2_R_H09_C02_F10,4,Lightweight Arm Lift — Height Verification Only,extend_lift_phase(),0.5645836539624924,False
R_H09_C02_F10,diagnosed_LIFT_OBJECT_unanticipated__RQ2_R_H09_C02_F10,5,Cobot Lift Failure — Grip Pressure,increase_grip_pressure(),0.5,False
R_H09_C02_F10,diagnosed_LIFT_OBJECT_unanticipated__RQ2_R_H09_C02_F10,6,Heavy Duty Arm — Motor Overload During Lift,reduce_lift_speed(),0.5,False
R_H09_C02_F10,diagnosed_LIFT_OBJECT_unanticipated__RQ2_R_H09_C02_F10,7,Suction Arm Lift — Vacuum Loss,emergency_vacuum_pump(),0.3333333333333333,False
R_H09_C03_F01,diagnosed_LIFT_OBJECT_unanticipated__RQ2_R_H09_C03_F01,1,Lift Slip — Low Friction Surface,apply_vacuum_assist(),0.75,True
R_H09_C03_F01,diagnosed_LIFT_OBJECT_unanticipated__RQ2_R_H09_C03_F01,2,Parallel Arm Lift — Contact Loss,reposition_and_regrip(),0.6666666666666666,False
R_H09_C03_F01,diagnosed_LIFT_OBJECT_unanticipated__RQ2_R_H09_C03_F01,3,Cobot Industrial — Incremental Heavy Part Transfer,heavy_lift(),0.6507936507936508,False
R_H09_C03_F01,diagnosed_LIFT_OBJECT_unanticipated__RQ2_R_H09_C03_F01,4,Lightweight Arm Lift — Height Verification Only,extend_lift_phase(),0.5013652631578948,False
R_H09_C03_F01,diagnosed_LIFT_OBJECT_unanticipated__RQ2_R_H09_C03_F01,5,Cobot Lift Failure — Grip Pressure,increase_grip_pressure(),0.5,False
R_H09_C03_F01,diagnosed_LIFT_OBJECT_unanticipated__RQ2_R_H09_C03_F01,6,Heavy Duty Arm — Motor Overload During Lift,reduce_lift_speed(),0.5,False
R_H09_C03_F01,diagnosed_LIFT_OBJECT_unanticipated__RQ2_R_H09_C03_F01,7,Suction Arm Lift — Vacuum Loss,emergency_vacuum_pump(),0.3333333333333333,False
R_H09_C03_F02,diagnosed_LIFT_OBJECT_unanticipated__RQ2_R_H09_C03_F02,1,Lift Slip — Low Friction Surface,apply_vacuum_assist(),0.8055555555555557,True
R_H09_C03_F02,diagnosed_LIFT_OBJECT_unanticipated__RQ2_R_H09_C03_F02,2,Parallel Arm Lift — Contact Loss,reposition_and_regrip(),0.6666666666666666,False
R_H09_C03_F02,diagnosed_LIFT_OBJECT_unanticipated__RQ2_R_H09_C03_F02,3,Cobot Industrial — Incremental Heavy Part Transfer,heavy_lift(),0.6507936507936508,False
R_H09_C03_F02,diagnosed_LIFT_OBJECT_unanticipated__RQ2_R_H09_C03_F02,4,Lightweight Arm Lift — Height Verification Only,extend_lift_phase(),0.5013652631578948,False
R_H09_C03_F02,diagnosed_LIFT_OBJECT_unanticipated__RQ2_R_H09_C03_F02,5,Cobot Lift Failure — Grip Pressure,increase_grip_pressure(),0.5,False
R_H09_C03_F02,diagnosed_LIFT_OBJECT_unanticipated__RQ2_R_H09_C03_F02,6,Heavy Duty Arm — Motor Overload During Lift,reduce_lift_speed(),0.5,False
R_H09_C03_F02,diagnosed_LIFT_OBJECT_unanticipated__RQ2_R_H09_C03_F02,7,Suction Arm Lift — Vacuum Loss,emergency_vacuum_pump(),0.3333333333333333,False
R_H09_C03_F03,diagnosed_LIFT_OBJECT_unanticipated__RQ2_R_H09_C03_F03,1,Lift Slip — Low Friction Surface,apply_vacuum_assist(),0.8097222222222222,True
R_H09_C03_F03,diagnosed_LIFT_OBJECT_unanticipated__RQ2_R_H09_C03_F03,2,Parallel Arm Lift — Contact Loss,reposition_and_regrip(),0.6666666666666666,False
R_H09_C03_F03,diagnosed_LIFT_OBJECT_unanticipated__RQ2_R_H09_C03_F03,3,Cobot Industrial — Incremental Heavy Part Transfer,heavy_lift(),0.6507936507936508,False
R_H09_C03_F03,diagnosed_LIFT_OBJECT_unanticipated__RQ2_R_H09_C03_F03,4,Lightweight Arm Lift — Height Verification Only,extend_lift_phase(),0.5013652631578948,False
R_H09_C03_F03,diagnosed_LIFT_OBJECT_unanticipated__RQ2_R_H09_C03_F03,5,Cobot Lift Failure — Grip Pressure,increase_grip_pressure(),0.5,False
R_H09_C03_F03,diagnosed_LIFT_OBJECT_unanticipated__RQ2_R_H09_C03_F03,6,Heavy Duty Arm — Motor Overload During Lift,reduce_lift_speed(),0.5,False
R_H09_C03_F03,diagnosed_LIFT_OBJECT_unanticipated__RQ2_R_H09_C03_F03,7,Suction Arm Lift — Vacuum Loss,emergency_vacuum_pump(),0.3333333333333333,False
R_H09_C03_F04,diagnosed_LIFT_OBJECT_unanticipated__RQ2_R_H09_C03_F04,1,Lift Slip — Low Friction Surface,apply_vacuum_assist(),0.8138888888888888,True
R_H09_C03_F04,diagnosed_LIFT_OBJECT_unanticipated__RQ2_R_H09_C03_F04,2,Parallel Arm Lift — Contact Loss,reposition_and_regrip(),0.6666666666666666,False
R_H09_C03_F04,diagnosed_LIFT_OBJECT_unanticipated__RQ2_R_H09_C03_F04,3,Cobot Industrial — Incremental Heavy Part Transfer,heavy_lift(),0.6507936507936508,False
R_H09_C03_F04,diagnosed_LIFT_OBJECT_unanticipated__RQ2_R_H09_C03_F04,4,Lightweight Arm Lift — Height Verification Only,extend_lift_phase(),0.5013652631578948,False
R_H09_C03_F04,diagnosed_LIFT_OBJECT_unanticipated__RQ2_R_H09_C03_F04,5,Cobot Lift Failure — Grip Pressure,increase_grip_pressure(),0.5,False
R_H09_C03_F04,diagnosed_LIFT_OBJECT_unanticipated__RQ2_R_H09_C03_F04,6,Heavy Duty Arm — Motor Overload During Lift,reduce_lift_speed(),0.5,False
R_H09_C03_F04,diagnosed_LIFT_OBJECT_unanticipated__RQ2_R_H09_C03_F04,7,Suction Arm Lift — Vacuum Loss,emergency_vacuum_pump(),0.3333333333333333,False
R_H09_C03_F05,diagnosed_LIFT_OBJECT_unanticipated__RQ2_R_H09_C03_F05,1,Lift Slip — Low Friction Surface,apply_vacuum_assist(),0.8333333333333334,True
R_H09_C03_F05,diagnosed_LIFT_OBJECT_unanticipated__RQ2_R_H09_C03_F05,2,Parallel Arm Lift — Contact Loss,reposition_and_regrip(),0.6666666666666666,False
R_H09_C03_F05,diagnosed_LIFT_OBJECT_unanticipated__RQ2_R_H09_C03_F05,3,Cobot Industrial — Incremental Heavy Part Transfer,heavy_lift(),0.6507936507936508,False
R_H09_C03_F05,diagnosed_LIFT_OBJECT_unanticipated__RQ2_R_H09_C03_F05,4,Lightweight Arm Lift — Height Verification Only,extend_lift_phase(),0.5013652631578948,False
R_H09_C03_F05,diagnosed_LIFT_OBJECT_unanticipated__RQ2_R_H09_C03_F05,5,Cobot Lift Failure — Grip Pressure,increase_grip_pressure(),0.5,False
R_H09_C03_F05,diagnosed_LIFT_OBJECT_unanticipated__RQ2_R_H09_C03_F05,6,Heavy Duty Arm — Motor Overload During Lift,reduce_lift_speed(),0.5,False
R_H09_C03_F05,diagnosed_LIFT_OBJECT_unanticipated__RQ2_R_H09_C03_F05,7,Suction Arm Lift — Vacuum Loss,emergency_vacuum_pump(),0.3333333333333333,False
R_H09_C03_F06,diagnosed_LIFT_OBJECT_unanticipated__RQ2_R_H09_C03_F06,1,Lift Slip — Low Friction Surface,apply_vacuum_assist(),0.8111111111111112,True
R_H09_C03_F06,diagnosed_LIFT_OBJECT_unanticipated__RQ2_R_H09_C03_F06,2,Parallel Arm Lift — Contact Loss,reposition_and_regrip(),0.6666666666666666,False
R_H09_C03_F06,diagnosed_LIFT_OBJECT_unanticipated__RQ2_R_H09_C03_F06,3,Cobot Industrial — Incremental Heavy Part Transfer,heavy_lift(),0.6507936507936508,False
R_H09_C03_F06,diagnosed_LIFT_OBJECT_unanticipated__RQ2_R_H09_C03_F06,4,Lightweight Arm Lift — Height Verification Only,extend_lift_phase(),0.5013652631578948,False
R_H09_C03_F06,diagnosed_LIFT_OBJECT_unanticipated__RQ2_R_H09_C03_F06,5,Cobot Lift Failure — Grip Pressure,increase_grip_pressure(),0.5,False
R_H09_C03_F06,diagnosed_LIFT_OBJECT_unanticipated__RQ2_R_H09_C03_F06,6,Heavy Duty Arm — Motor Overload During Lift,reduce_lift_speed(),0.5,False
R_H09_C03_F06,diagnosed_LIFT_OBJECT_unanticipated__RQ2_R_H09_C03_F06,7,Suction Arm Lift — Vacuum Loss,emergency_vacuum_pump(),0.3333333333333333,False
R_H09_C03_F07,diagnosed_LIFT_OBJECT_unanticipated__RQ2_R_H09_C03_F07,1,Lift Slip — Low Friction Surface,apply_vacuum_assist(),0.7666666666666666,True
R_H09_C03_F07,diagnosed_LIFT_OBJECT_unanticipated__RQ2_R_H09_C03_F07,2,Parallel Arm Lift — Contact Loss,reposition_and_regrip(),0.6666666666666666,False
R_H09_C03_F07,diagnosed_LIFT_OBJECT_unanticipated__RQ2_R_H09_C03_F07,3,Cobot Industrial — Incremental Heavy Part Transfer,heavy_lift(),0.6507936507936508,False
R_H09_C03_F07,diagnosed_LIFT_OBJECT_unanticipated__RQ2_R_H09_C03_F07,4,Lightweight Arm Lift — Height Verification Only,extend_lift_phase(),0.5013652631578948,False
R_H09_C03_F07,diagnosed_LIFT_OBJECT_unanticipated__RQ2_R_H09_C03_F07,5,Cobot Lift Failure — Grip Pressure,increase_grip_pressure(),0.5,False
R_H09_C03_F07,diagnosed_LIFT_OBJECT_unanticipated__RQ2_R_H09_C03_F07,6,Heavy Duty Arm — Motor Overload During Lift,reduce_lift_speed(),0.5,False
R_H09_C03_F07,diagnosed_LIFT_OBJECT_unanticipated__RQ2_R_H09_C03_F07,7,Suction Arm Lift — Vacuum Loss,emergency_vacuum_pump(),0.3333333333333333,False
R_H09_C03_F08,diagnosed_LIFT_OBJECT_unanticipated__RQ2_R_H09_C03_F08,1,Lift Slip — Low Friction Surface,apply_vacuum_assist(),0.7269444444444444,True
R_H09_C03_F08,diagnosed_LIFT_OBJECT_unanticipated__RQ2_R_H09_C03_F08,2,Parallel Arm Lift — Contact Loss,reposition_and_regrip(),0.6666666666666666,False
R_H09_C03_F08,diagnosed_LIFT_OBJECT_unanticipated__RQ2_R_H09_C03_F08,3,Cobot Industrial — Incremental Heavy Part Transfer,heavy_lift(),0.6507936507936508,False
R_H09_C03_F08,diagnosed_LIFT_OBJECT_unanticipated__RQ2_R_H09_C03_F08,4,Lightweight Arm Lift — Height Verification Only,extend_lift_phase(),0.5013652631578948,False
R_H09_C03_F08,diagnosed_LIFT_OBJECT_unanticipated__RQ2_R_H09_C03_F08,5,Cobot Lift Failure — Grip Pressure,increase_grip_pressure(),0.5,False
R_H09_C03_F08,diagnosed_LIFT_OBJECT_unanticipated__RQ2_R_H09_C03_F08,6,Heavy Duty Arm — Motor Overload During Lift,reduce_lift_speed(),0.5,False
R_H09_C03_F08,diagnosed_LIFT_OBJECT_unanticipated__RQ2_R_H09_C03_F08,7,Suction Arm Lift — Vacuum Loss,emergency_vacuum_pump(),0.3333333333333333,False
R_H09_C03_F09,diagnosed_LIFT_OBJECT_unanticipated__RQ2_R_H09_C03_F09,1,Lift Slip — Low Friction Surface,apply_vacuum_assist(),0.7222222222222223,True
R_H09_C03_F09,diagnosed_LIFT_OBJECT_unanticipated__RQ2_R_H09_C03_F09,2,Parallel Arm Lift — Contact Loss,reposition_and_regrip(),0.6666666666666666,False
R_H09_C03_F09,diagnosed_LIFT_OBJECT_unanticipated__RQ2_R_H09_C03_F09,3,Cobot Industrial — Incremental Heavy Part Transfer,heavy_lift(),0.6507936507936508,False
R_H09_C03_F09,diagnosed_LIFT_OBJECT_unanticipated__RQ2_R_H09_C03_F09,4,Lightweight Arm Lift — Height Verification Only,extend_lift_phase(),0.5013652631578948,False
R_H09_C03_F09,diagnosed_LIFT_OBJECT_unanticipated__RQ2_R_H09_C03_F09,5,Cobot Lift Failure — Grip Pressure,increase_grip_pressure(),0.5,False
R_H09_C03_F09,diagnosed_LIFT_OBJECT_unanticipated__RQ2_R_H09_C03_F09,6,Heavy Duty Arm — Motor Overload During Lift,reduce_lift_speed(),0.5,False
R_H09_C03_F09,diagnosed_LIFT_OBJECT_unanticipated__RQ2_R_H09_C03_F09,7,Suction Arm Lift — Vacuum Loss,emergency_vacuum_pump(),0.3333333333333333,False
R_H09_C03_F10,diagnosed_LIFT_OBJECT_unanticipated__RQ2_R_H09_C03_F10,1,Lift Slip — Low Friction Surface,apply_vacuum_assist(),0.7222222222222223,True
R_H09_C03_F10,diagnosed_LIFT_OBJECT_unanticipated__RQ2_R_H09_C03_F10,2,Parallel Arm Lift — Contact Loss,reposition_and_regrip(),0.6666666666666666,False
R_H09_C03_F10,diagnosed_LIFT_OBJECT_unanticipated__RQ2_R_H09_C03_F10,3,Cobot Industrial — Incremental Heavy Part Transfer,heavy_lift(),0.6507936507936508,False
R_H09_C03_F10,diagnosed_LIFT_OBJECT_unanticipated__RQ2_R_H09_C03_F10,4,Lightweight Arm Lift — Height Verification Only,extend_lift_phase(),0.5013652631578948,False
R_H09_C03_F10,diagnosed_LIFT_OBJECT_unanticipated__RQ2_R_H09_C03_F10,5,Cobot Lift Failure — Grip Pressure,increase_grip_pressure(),0.5,False
R_H09_C03_F10,diagnosed_LIFT_OBJECT_unanticipated__RQ2_R_H09_C03_F10,6,Heavy Duty Arm — Motor Overload During Lift,reduce_lift_speed(),0.5,False
R_H09_C03_F10,diagnosed_LIFT_OBJECT_unanticipated__RQ2_R_H09_C03_F10,7,Suction Arm Lift — Vacuum Loss,emergency_vacuum_pump(),0.3333333333333333,False
R_H09_C04_F01,diagnosed_LIFT_OBJECT_unanticipated__RQ2_R_H09_C04_F01,1,Lift Slip — Low Friction Surface,apply_vacuum_assist(),0.731481111111111,True
R_H09_C04_F01,diagnosed_LIFT_OBJECT_unanticipated__RQ2_R_H09_C04_F01,2,Parallel Arm Lift — Contact Loss,reposition_and_regrip(),0.6666666666666666,False
R_H09_C04_F01,diagnosed_LIFT_OBJECT_unanticipated__RQ2_R_H09_C04_F01,3,Cobot Industrial — Incremental Heavy Part Transfer,heavy_lift(),0.6507936507936508,False
R_H09_C04_F01,diagnosed_LIFT_OBJECT_unanticipated__RQ2_R_H09_C04_F01,4,Lightweight Arm Lift — Height Verification Only,extend_lift_phase(),0.5013652631578948,False
R_H09_C04_F01,diagnosed_LIFT_OBJECT_unanticipated__RQ2_R_H09_C04_F01,5,Cobot Lift Failure — Grip Pressure,increase_grip_pressure(),0.5,False
R_H09_C04_F01,diagnosed_LIFT_OBJECT_unanticipated__RQ2_R_H09_C04_F01,6,Heavy Duty Arm — Motor Overload During Lift,reduce_lift_speed(),0.5,False
R_H09_C04_F01,diagnosed_LIFT_OBJECT_unanticipated__RQ2_R_H09_C04_F01,7,Suction Arm Lift — Vacuum Loss,emergency_vacuum_pump(),0.3333333333333333,False
R_H09_C04_F02,diagnosed_LIFT_OBJECT_unanticipated__RQ2_R_H09_C04_F02,1,Lift Slip — Low Friction Surface,apply_vacuum_assist(),0.7870366666666667,True
R_H09_C04_F02,diagnosed_LIFT_OBJECT_unanticipated__RQ2_R_H09_C04_F02,2,Parallel Arm Lift — Contact Loss,reposition_and_regrip(),0.6666666666666666,False
R_H09_C04_F02,diagnosed_LIFT_OBJECT_unanticipated__RQ2_R_H09_C04_F02,3,Cobot Industrial — Incremental Heavy Part Transfer,heavy_lift(),0.6507936507936508,False
R_H09_C04_F02,diagnosed_LIFT_OBJECT_unanticipated__RQ2_R_H09_C04_F02,4,Lightweight Arm Lift — Height Verification Only,extend_lift_phase(),0.5013652631578948,False
R_H09_C04_F02,diagnosed_LIFT_OBJECT_unanticipated__RQ2_R_H09_C04_F02,5,Cobot Lift Failure — Grip Pressure,increase_grip_pressure(),0.5,False
R_H09_C04_F02,diagnosed_LIFT_OBJECT_unanticipated__RQ2_R_H09_C04_F02,6,Heavy Duty Arm — Motor Overload During Lift,reduce_lift_speed(),0.5,False
R_H09_C04_F02,diagnosed_LIFT_OBJECT_unanticipated__RQ2_R_H09_C04_F02,7,Suction Arm Lift — Vacuum Loss,emergency_vacuum_pump(),0.3333333333333333,False
R_H09_C04_F03,diagnosed_LIFT_OBJECT_unanticipated__RQ2_R_H09_C04_F03,1,Lift Slip — Low Friction Surface,apply_vacuum_assist(),0.7912033333333334,True
R_H09_C04_F03,diagnosed_LIFT_OBJECT_unanticipated__RQ2_R_H09_C04_F03,2,Parallel Arm Lift — Contact Loss,reposition_and_regrip(),0.6666666666666666,False
R_H09_C04_F03,diagnosed_LIFT_OBJECT_unanticipated__RQ2_R_H09_C04_F03,3,Cobot Industrial — Incremental Heavy Part Transfer,heavy_lift(),0.6507936507936508,False
R_H09_C04_F03,diagnosed_LIFT_OBJECT_unanticipated__RQ2_R_H09_C04_F03,4,Lightweight Arm Lift — Height Verification Only,extend_lift_phase(),0.5013652631578948,False
R_H09_C04_F03,diagnosed_LIFT_OBJECT_unanticipated__RQ2_R_H09_C04_F03,5,Cobot Lift Failure — Grip Pressure,increase_grip_pressure(),0.5,False
R_H09_C04_F03,diagnosed_LIFT_OBJECT_unanticipated__RQ2_R_H09_C04_F03,6,Heavy Duty Arm — Motor Overload During Lift,reduce_lift_speed(),0.5,False
R_H09_C04_F03,diagnosed_LIFT_OBJECT_unanticipated__RQ2_R_H09_C04_F03,7,Suction Arm Lift — Vacuum Loss,emergency_vacuum_pump(),0.3333333333333333,False
R_H09_C04_F04,diagnosed_LIFT_OBJECT_unanticipated__RQ2_R_H09_C04_F04,1,Lift Slip — Low Friction Surface,apply_vacuum_assist(),0.79537,True
R_H09_C04_F04,diagnosed_LIFT_OBJECT_unanticipated__RQ2_R_H09_C04_F04,2,Parallel Arm Lift — Contact Loss,reposition_and_regrip(),0.6666666666666666,False
R_H09_C04_F04,diagnosed_LIFT_OBJECT_unanticipated__RQ2_R_H09_C04_F04,3,Cobot Industrial — Incremental Heavy Part Transfer,heavy_lift(),0.6507936507936508,False
R_H09_C04_F04,diagnosed_LIFT_OBJECT_unanticipated__RQ2_R_H09_C04_F04,4,Lightweight Arm Lift — Height Verification Only,extend_lift_phase(),0.5013652631578948,False
R_H09_C04_F04,diagnosed_LIFT_OBJECT_unanticipated__RQ2_R_H09_C04_F04,5,Cobot Lift Failure — Grip Pressure,increase_grip_pressure(),0.5,False
R_H09_C04_F04,diagnosed_LIFT_OBJECT_unanticipated__RQ2_R_H09_C04_F04,6,Heavy Duty Arm — Motor Overload During Lift,reduce_lift_speed(),0.5,False
R_H09_C04_F04,diagnosed_LIFT_OBJECT_unanticipated__RQ2_R_H09_C04_F04,7,Suction Arm Lift — Vacuum Loss,emergency_vacuum_pump(),0.3333333333333333,False
R_H09_C04_F05,diagnosed_LIFT_OBJECT_unanticipated__RQ2_R_H09_C04_F05,1,Lift Slip — Low Friction Surface,apply_vacuum_assist(),0.8148144444444444,True
R_H09_C04_F05,diagnosed_LIFT_OBJECT_unanticipated__RQ2_R_H09_C04_F05,2,Parallel Arm Lift — Contact Loss,reposition_and_regrip(),0.6666666666666666,False
R_H09_C04_F05,diagnosed_LIFT_OBJECT_unanticipated__RQ2_R_H09_C04_F05,3,Cobot Industrial — Incremental Heavy Part Transfer,heavy_lift(),0.6507936507936508,False
R_H09_C04_F05,diagnosed_LIFT_OBJECT_unanticipated__RQ2_R_H09_C04_F05,4,Lightweight Arm Lift — Height Verification Only,extend_lift_phase(),0.5013652631578948,False
R_H09_C04_F05,diagnosed_LIFT_OBJECT_unanticipated__RQ2_R_H09_C04_F05,5,Cobot Lift Failure — Grip Pressure,increase_grip_pressure(),0.5,False
R_H09_C04_F05,diagnosed_LIFT_OBJECT_unanticipated__RQ2_R_H09_C04_F05,6,Heavy Duty Arm — Motor Overload During Lift,reduce_lift_speed(),0.5,False
R_H09_C04_F05,diagnosed_LIFT_OBJECT_unanticipated__RQ2_R_H09_C04_F05,7,Suction Arm Lift — Vacuum Loss,emergency_vacuum_pump(),0.3333333333333333,False
R_H09_C04_F06,diagnosed_LIFT_OBJECT_unanticipated__RQ2_R_H09_C04_F06,1,Lift Slip — Low Friction Surface,apply_vacuum_assist(),0.7925922222222223,True
R_H09_C04_F06,diagnosed_LIFT_OBJECT_unanticipated__RQ2_R_H09_C04_F06,2,Parallel Arm Lift — Contact Loss,reposition_and_regrip(),0.6666666666666666,False
R_H09_C04_F06,diagnosed_LIFT_OBJECT_unanticipated__RQ2_R_H09_C04_F06,3,Cobot Industrial — Incremental Heavy Part Transfer,heavy_lift(),0.6507936507936508,False
R_H09_C04_F06,diagnosed_LIFT_OBJECT_unanticipated__RQ2_R_H09_C04_F06,4,Lightweight Arm Lift — Height Verification Only,extend_lift_phase(),0.5013652631578948,False
R_H09_C04_F06,diagnosed_LIFT_OBJECT_unanticipated__RQ2_R_H09_C04_F06,5,Cobot Lift Failure — Grip Pressure,increase_grip_pressure(),0.5,False
R_H09_C04_F06,diagnosed_LIFT_OBJECT_unanticipated__RQ2_R_H09_C04_F06,6,Heavy Duty Arm — Motor Overload During Lift,reduce_lift_speed(),0.5,False
R_H09_C04_F06,diagnosed_LIFT_OBJECT_unanticipated__RQ2_R_H09_C04_F06,7,Suction Arm Lift — Vacuum Loss,emergency_vacuum_pump(),0.3333333333333333,False
R_H09_C04_F07,diagnosed_LIFT_OBJECT_unanticipated__RQ2_R_H09_C04_F07,1,Lift Slip — Low Friction Surface,apply_vacuum_assist(),0.7481477777777777,True
R_H09_C04_F07,diagnosed_LIFT_OBJECT_unanticipated__RQ2_R_H09_C04_F07,2,Parallel Arm Lift — Contact Loss,reposition_and_regrip(),0.6666666666666666,False
R_H09_C04_F07,diagnosed_LIFT_OBJECT_unanticipated__RQ2_R_H09_C04_F07,3,Cobot Industrial — Incremental Heavy Part Transfer,heavy_lift(),0.6507936507936508,False
R_H09_C04_F07,diagnosed_LIFT_OBJECT_unanticipated__RQ2_R_H09_C04_F07,4,Lightweight Arm Lift — Height Verification Only,extend_lift_phase(),0.5013652631578948,False
R_H09_C04_F07,diagnosed_LIFT_OBJECT_unanticipated__RQ2_R_H09_C04_F07,5,Cobot Lift Failure — Grip Pressure,increase_grip_pressure(),0.5,False
R_H09_C04_F07,diagnosed_LIFT_OBJECT_unanticipated__RQ2_R_H09_C04_F07,6,Heavy Duty Arm — Motor Overload During Lift,reduce_lift_speed(),0.5,False
R_H09_C04_F07,diagnosed_LIFT_OBJECT_unanticipated__RQ2_R_H09_C04_F07,7,Suction Arm Lift — Vacuum Loss,emergency_vacuum_pump(),0.3333333333333333,False
R_H09_C04_F08,diagnosed_LIFT_OBJECT_unanticipated__RQ2_R_H09_C04_F08,1,Lift Slip — Low Friction Surface,apply_vacuum_assist(),0.7084255555555555,True
R_H09_C04_F08,diagnosed_LIFT_OBJECT_unanticipated__RQ2_R_H09_C04_F08,2,Parallel Arm Lift — Contact Loss,reposition_and_regrip(),0.6666666666666666,False
R_H09_C04_F08,diagnosed_LIFT_OBJECT_unanticipated__RQ2_R_H09_C04_F08,3,Cobot Industrial — Incremental Heavy Part Transfer,heavy_lift(),0.6507936507936508,False
R_H09_C04_F08,diagnosed_LIFT_OBJECT_unanticipated__RQ2_R_H09_C04_F08,4,Lightweight Arm Lift — Height Verification Only,extend_lift_phase(),0.5013652631578948,False
R_H09_C04_F08,diagnosed_LIFT_OBJECT_unanticipated__RQ2_R_H09_C04_F08,5,Cobot Lift Failure — Grip Pressure,increase_grip_pressure(),0.5,False
R_H09_C04_F08,diagnosed_LIFT_OBJECT_unanticipated__RQ2_R_H09_C04_F08,6,Heavy Duty Arm — Motor Overload During Lift,reduce_lift_speed(),0.5,False
R_H09_C04_F08,diagnosed_LIFT_OBJECT_unanticipated__RQ2_R_H09_C04_F08,7,Suction Arm Lift — Vacuum Loss,emergency_vacuum_pump(),0.3333333333333333,False
R_H09_C04_F09,diagnosed_LIFT_OBJECT_unanticipated__RQ2_R_H09_C04_F09,1,Lift Slip — Low Friction Surface,apply_vacuum_assist(),0.7037033333333333,True
R_H09_C04_F09,diagnosed_LIFT_OBJECT_unanticipated__RQ2_R_H09_C04_F09,2,Parallel Arm Lift — Contact Loss,reposition_and_regrip(),0.6666666666666666,False
R_H09_C04_F09,diagnosed_LIFT_OBJECT_unanticipated__RQ2_R_H09_C04_F09,3,Cobot Industrial — Incremental Heavy Part Transfer,heavy_lift(),0.6507936507936508,False
R_H09_C04_F09,diagnosed_LIFT_OBJECT_unanticipated__RQ2_R_H09_C04_F09,4,Lightweight Arm Lift — Height Verification Only,extend_lift_phase(),0.5013652631578948,False
R_H09_C04_F09,diagnosed_LIFT_OBJECT_unanticipated__RQ2_R_H09_C04_F09,5,Cobot Lift Failure — Grip Pressure,increase_grip_pressure(),0.5,False
R_H09_C04_F09,diagnosed_LIFT_OBJECT_unanticipated__RQ2_R_H09_C04_F09,6,Heavy Duty Arm — Motor Overload During Lift,reduce_lift_speed(),0.5,False
R_H09_C04_F09,diagnosed_LIFT_OBJECT_unanticipated__RQ2_R_H09_C04_F09,7,Suction Arm Lift — Vacuum Loss,emergency_vacuum_pump(),0.3333333333333333,False
R_H09_C04_F10,diagnosed_LIFT_OBJECT_unanticipated__RQ2_R_H09_C04_F10,1,Lift Slip — Low Friction Surface,apply_vacuum_assist(),0.7037033333333333,True
R_H09_C04_F10,diagnosed_LIFT_OBJECT_unanticipated__RQ2_R_H09_C04_F10,2,Parallel Arm Lift — Contact Loss,reposition_and_regrip(),0.6666666666666666,False
R_H09_C04_F10,diagnosed_LIFT_OBJECT_unanticipated__RQ2_R_H09_C04_F10,3,Cobot Industrial — Incremental Heavy Part Transfer,heavy_lift(),0.6507936507936508,False
R_H09_C04_F10,diagnosed_LIFT_OBJECT_unanticipated__RQ2_R_H09_C04_F10,4,Lightweight Arm Lift — Height Verification Only,extend_lift_phase(),0.5013652631578948,False
R_H09_C04_F10,diagnosed_LIFT_OBJECT_unanticipated__RQ2_R_H09_C04_F10,5,Cobot Lift Failure — Grip Pressure,increase_grip_pressure(),0.5,False
R_H09_C04_F10,diagnosed_LIFT_OBJECT_unanticipated__RQ2_R_H09_C04_F10,6,Heavy Duty Arm — Motor Overload During Lift,reduce_lift_speed(),0.5,False
R_H09_C04_F10,diagnosed_LIFT_OBJECT_unanticipated__RQ2_R_H09_C04_F10,7,Suction Arm Lift — Vacuum Loss,emergency_vacuum_pump(),0.3333333333333333,False
R_H09_C05_F01,diagnosed_LIFT_OBJECT_unanticipated__RQ2_R_H09_C05_F01,1,Lift Slip — Low Friction Surface,apply_vacuum_assist(),0.7222222222222223,True
R_H09_C05_F01,diagnosed_LIFT_OBJECT_unanticipated__RQ2_R_H09_C05_F01,2,Parallel Arm Lift — Contact Loss,reposition_and_regrip(),0.6666666666666666,False
R_H09_C05_F01,diagnosed_LIFT_OBJECT_unanticipated__RQ2_R_H09_C05_F01,3,Cobot Industrial — Incremental Heavy Part Transfer,heavy_lift(),0.6507936507936508,False
R_H09_C05_F01,diagnosed_LIFT_OBJECT_unanticipated__RQ2_R_H09_C05_F01,4,Lightweight Arm Lift — Height Verification Only,extend_lift_phase(),0.5013652631578948,False
R_H09_C05_F01,diagnosed_LIFT_OBJECT_unanticipated__RQ2_R_H09_C05_F01,5,Cobot Lift Failure — Grip Pressure,increase_grip_pressure(),0.5,False
R_H09_C05_F01,diagnosed_LIFT_OBJECT_unanticipated__RQ2_R_H09_C05_F01,6,Heavy Duty Arm — Motor Overload During Lift,reduce_lift_speed(),0.5,False
R_H09_C05_F01,diagnosed_LIFT_OBJECT_unanticipated__RQ2_R_H09_C05_F01,7,Suction Arm Lift — Vacuum Loss,emergency_vacuum_pump(),0.3333333333333333,False
R_H09_C05_F02,diagnosed_LIFT_OBJECT_unanticipated__RQ2_R_H09_C05_F02,1,Lift Slip — Low Friction Surface,apply_vacuum_assist(),0.7777777777777777,True
R_H09_C05_F02,diagnosed_LIFT_OBJECT_unanticipated__RQ2_R_H09_C05_F02,2,Parallel Arm Lift — Contact Loss,reposition_and_regrip(),0.6666666666666666,False
R_H09_C05_F02,diagnosed_LIFT_OBJECT_unanticipated__RQ2_R_H09_C05_F02,3,Cobot Industrial — Incremental Heavy Part Transfer,heavy_lift(),0.6507936507936508,False
R_H09_C05_F02,diagnosed_LIFT_OBJECT_unanticipated__RQ2_R_H09_C05_F02,4,Lightweight Arm Lift — Height Verification Only,extend_lift_phase(),0.5013652631578948,False
R_H09_C05_F02,diagnosed_LIFT_OBJECT_unanticipated__RQ2_R_H09_C05_F02,5,Cobot Lift Failure — Grip Pressure,increase_grip_pressure(),0.5,False
R_H09_C05_F02,diagnosed_LIFT_OBJECT_unanticipated__RQ2_R_H09_C05_F02,6,Heavy Duty Arm — Motor Overload During Lift,reduce_lift_speed(),0.5,False
R_H09_C05_F02,diagnosed_LIFT_OBJECT_unanticipated__RQ2_R_H09_C05_F02,7,Suction Arm Lift — Vacuum Loss,emergency_vacuum_pump(),0.3333333333333333,False
R_H09_C05_F03,diagnosed_LIFT_OBJECT_unanticipated__RQ2_R_H09_C05_F03,1,Lift Slip — Low Friction Surface,apply_vacuum_assist(),0.7819444444444444,True
R_H09_C05_F03,diagnosed_LIFT_OBJECT_unanticipated__RQ2_R_H09_C05_F03,2,Parallel Arm Lift — Contact Loss,reposition_and_regrip(),0.6666666666666666,False
R_H09_C05_F03,diagnosed_LIFT_OBJECT_unanticipated__RQ2_R_H09_C05_F03,3,Cobot Industrial — Incremental Heavy Part Transfer,heavy_lift(),0.6507936507936508,False
R_H09_C05_F03,diagnosed_LIFT_OBJECT_unanticipated__RQ2_R_H09_C05_F03,4,Lightweight Arm Lift — Height Verification Only,extend_lift_phase(),0.5013652631578948,False
R_H09_C05_F03,diagnosed_LIFT_OBJECT_unanticipated__RQ2_R_H09_C05_F03,5,Cobot Lift Failure — Grip Pressure,increase_grip_pressure(),0.5,False
R_H09_C05_F03,diagnosed_LIFT_OBJECT_unanticipated__RQ2_R_H09_C05_F03,6,Heavy Duty Arm — Motor Overload During Lift,reduce_lift_speed(),0.5,False
R_H09_C05_F03,diagnosed_LIFT_OBJECT_unanticipated__RQ2_R_H09_C05_F03,7,Suction Arm Lift — Vacuum Loss,emergency_vacuum_pump(),0.3333333333333333,False
R_H09_C05_F04,diagnosed_LIFT_OBJECT_unanticipated__RQ2_R_H09_C05_F04,1,Lift Slip — Low Friction Surface,apply_vacuum_assist(),0.7861111111111111,True
R_H09_C05_F04,diagnosed_LIFT_OBJECT_unanticipated__RQ2_R_H09_C05_F04,2,Parallel Arm Lift — Contact Loss,reposition_and_regrip(),0.6666666666666666,False
R_H09_C05_F04,diagnosed_LIFT_OBJECT_unanticipated__RQ2_R_H09_C05_F04,3,Cobot Industrial — Incremental Heavy Part Transfer,heavy_lift(),0.6507936507936508,False
R_H09_C05_F04,diagnosed_LIFT_OBJECT_unanticipated__RQ2_R_H09_C05_F04,4,Lightweight Arm Lift — Height Verification Only,extend_lift_phase(),0.5013652631578948,False
R_H09_C05_F04,diagnosed_LIFT_OBJECT_unanticipated__RQ2_R_H09_C05_F04,5,Cobot Lift Failure — Grip Pressure,increase_grip_pressure(),0.5,False
R_H09_C05_F04,diagnosed_LIFT_OBJECT_unanticipated__RQ2_R_H09_C05_F04,6,Heavy Duty Arm — Motor Overload During Lift,reduce_lift_speed(),0.5,False
R_H09_C05_F04,diagnosed_LIFT_OBJECT_unanticipated__RQ2_R_H09_C05_F04,7,Suction Arm Lift — Vacuum Loss,emergency_vacuum_pump(),0.3333333333333333,False
R_H09_C05_F05,diagnosed_LIFT_OBJECT_unanticipated__RQ2_R_H09_C05_F05,1,Lift Slip — Low Friction Surface,apply_vacuum_assist(),0.8055555555555557,True
R_H09_C05_F05,diagnosed_LIFT_OBJECT_unanticipated__RQ2_R_H09_C05_F05,2,Parallel Arm Lift — Contact Loss,reposition_and_regrip(),0.6666666666666666,False
R_H09_C05_F05,diagnosed_LIFT_OBJECT_unanticipated__RQ2_R_H09_C05_F05,3,Cobot Industrial — Incremental Heavy Part Transfer,heavy_lift(),0.6507936507936508,False
R_H09_C05_F05,diagnosed_LIFT_OBJECT_unanticipated__RQ2_R_H09_C05_F05,4,Lightweight Arm Lift — Height Verification Only,extend_lift_phase(),0.5013652631578948,False
R_H09_C05_F05,diagnosed_LIFT_OBJECT_unanticipated__RQ2_R_H09_C05_F05,5,Cobot Lift Failure — Grip Pressure,increase_grip_pressure(),0.5,False
R_H09_C05_F05,diagnosed_LIFT_OBJECT_unanticipated__RQ2_R_H09_C05_F05,6,Heavy Duty Arm — Motor Overload During Lift,reduce_lift_speed(),0.5,False
R_H09_C05_F05,diagnosed_LIFT_OBJECT_unanticipated__RQ2_R_H09_C05_F05,7,Suction Arm Lift — Vacuum Loss,emergency_vacuum_pump(),0.3333333333333333,False
R_H09_C05_F06,diagnosed_LIFT_OBJECT_unanticipated__RQ2_R_H09_C05_F06,1,Lift Slip — Low Friction Surface,apply_vacuum_assist(),0.7833333333333333,True
R_H09_C05_F06,diagnosed_LIFT_OBJECT_unanticipated__RQ2_R_H09_C05_F06,2,Parallel Arm Lift — Contact Loss,reposition_and_regrip(),0.6666666666666666,False
R_H09_C05_F06,diagnosed_LIFT_OBJECT_unanticipated__RQ2_R_H09_C05_F06,3,Cobot Industrial — Incremental Heavy Part Transfer,heavy_lift(),0.6507936507936508,False
R_H09_C05_F06,diagnosed_LIFT_OBJECT_unanticipated__RQ2_R_H09_C05_F06,4,Lightweight Arm Lift — Height Verification Only,extend_lift_phase(),0.5013652631578948,False
R_H09_C05_F06,diagnosed_LIFT_OBJECT_unanticipated__RQ2_R_H09_C05_F06,5,Cobot Lift Failure — Grip Pressure,increase_grip_pressure(),0.5,False
R_H09_C05_F06,diagnosed_LIFT_OBJECT_unanticipated__RQ2_R_H09_C05_F06,6,Heavy Duty Arm — Motor Overload During Lift,reduce_lift_speed(),0.5,False
R_H09_C05_F06,diagnosed_LIFT_OBJECT_unanticipated__RQ2_R_H09_C05_F06,7,Suction Arm Lift — Vacuum Loss,emergency_vacuum_pump(),0.3333333333333333,False
R_H09_C05_F07,diagnosed_LIFT_OBJECT_unanticipated__RQ2_R_H09_C05_F07,1,Lift Slip — Low Friction Surface,apply_vacuum_assist(),0.7388888888888889,True
R_H09_C05_F07,diagnosed_LIFT_OBJECT_unanticipated__RQ2_R_H09_C05_F07,2,Parallel Arm Lift — Contact Loss,reposition_and_regrip(),0.6666666666666666,False
R_H09_C05_F07,diagnosed_LIFT_OBJECT_unanticipated__RQ2_R_H09_C05_F07,3,Cobot Industrial — Incremental Heavy Part Transfer,heavy_lift(),0.6507936507936508,False
R_H09_C05_F07,diagnosed_LIFT_OBJECT_unanticipated__RQ2_R_H09_C05_F07,4,Lightweight Arm Lift — Height Verification Only,extend_lift_phase(),0.5013652631578948,False
R_H09_C05_F07,diagnosed_LIFT_OBJECT_unanticipated__RQ2_R_H09_C05_F07,5,Cobot Lift Failure — Grip Pressure,increase_grip_pressure(),0.5,False
R_H09_C05_F07,diagnosed_LIFT_OBJECT_unanticipated__RQ2_R_H09_C05_F07,6,Heavy Duty Arm — Motor Overload During Lift,reduce_lift_speed(),0.5,False
R_H09_C05_F07,diagnosed_LIFT_OBJECT_unanticipated__RQ2_R_H09_C05_F07,7,Suction Arm Lift — Vacuum Loss,emergency_vacuum_pump(),0.3333333333333333,False
R_H09_C05_F08,diagnosed_LIFT_OBJECT_unanticipated__RQ2_R_H09_C05_F08,1,Lift Slip — Low Friction Surface,apply_vacuum_assist(),0.6991666666666667,True
R_H09_C05_F08,diagnosed_LIFT_OBJECT_unanticipated__RQ2_R_H09_C05_F08,2,Parallel Arm Lift — Contact Loss,reposition_and_regrip(),0.6666666666666666,False
R_H09_C05_F08,diagnosed_LIFT_OBJECT_unanticipated__RQ2_R_H09_C05_F08,3,Cobot Industrial — Incremental Heavy Part Transfer,heavy_lift(),0.6507936507936508,False
R_H09_C05_F08,diagnosed_LIFT_OBJECT_unanticipated__RQ2_R_H09_C05_F08,4,Lightweight Arm Lift — Height Verification Only,extend_lift_phase(),0.5013652631578948,False
R_H09_C05_F08,diagnosed_LIFT_OBJECT_unanticipated__RQ2_R_H09_C05_F08,5,Cobot Lift Failure — Grip Pressure,increase_grip_pressure(),0.5,False
R_H09_C05_F08,diagnosed_LIFT_OBJECT_unanticipated__RQ2_R_H09_C05_F08,6,Heavy Duty Arm — Motor Overload During Lift,reduce_lift_speed(),0.5,False
R_H09_C05_F08,diagnosed_LIFT_OBJECT_unanticipated__RQ2_R_H09_C05_F08,7,Suction Arm Lift — Vacuum Loss,emergency_vacuum_pump(),0.3333333333333333,False
R_H09_C05_F09,diagnosed_LIFT_OBJECT_unanticipated__RQ2_R_H09_C05_F09,1,Lift Slip — Low Friction Surface,apply_vacuum_assist(),0.6944444444444443,True
R_H09_C05_F09,diagnosed_LIFT_OBJECT_unanticipated__RQ2_R_H09_C05_F09,2,Parallel Arm Lift — Contact Loss,reposition_and_regrip(),0.6666666666666666,False
R_H09_C05_F09,diagnosed_LIFT_OBJECT_unanticipated__RQ2_R_H09_C05_F09,3,Cobot Industrial — Incremental Heavy Part Transfer,heavy_lift(),0.6507936507936508,False
R_H09_C05_F09,diagnosed_LIFT_OBJECT_unanticipated__RQ2_R_H09_C05_F09,4,Lightweight Arm Lift — Height Verification Only,extend_lift_phase(),0.5013652631578948,False
R_H09_C05_F09,diagnosed_LIFT_OBJECT_unanticipated__RQ2_R_H09_C05_F09,5,Cobot Lift Failure — Grip Pressure,increase_grip_pressure(),0.5,False
R_H09_C05_F09,diagnosed_LIFT_OBJECT_unanticipated__RQ2_R_H09_C05_F09,6,Heavy Duty Arm — Motor Overload During Lift,reduce_lift_speed(),0.5,False
R_H09_C05_F09,diagnosed_LIFT_OBJECT_unanticipated__RQ2_R_H09_C05_F09,7,Suction Arm Lift — Vacuum Loss,emergency_vacuum_pump(),0.3333333333333333,False
R_H09_C05_F10,diagnosed_LIFT_OBJECT_unanticipated__RQ2_R_H09_C05_F10,1,Lift Slip — Low Friction Surface,apply_vacuum_assist(),0.6944444444444443,True
R_H09_C05_F10,diagnosed_LIFT_OBJECT_unanticipated__RQ2_R_H09_C05_F10,2,Parallel Arm Lift — Contact Loss,reposition_and_regrip(),0.6666666666666666,False
R_H09_C05_F10,diagnosed_LIFT_OBJECT_unanticipated__RQ2_R_H09_C05_F10,3,Cobot Industrial — Incremental Heavy Part Transfer,heavy_lift(),0.6507936507936508,False
R_H09_C05_F10,diagnosed_LIFT_OBJECT_unanticipated__RQ2_R_H09_C05_F10,4,Lightweight Arm Lift — Height Verification Only,extend_lift_phase(),0.5013652631578948,False
R_H09_C05_F10,diagnosed_LIFT_OBJECT_unanticipated__RQ2_R_H09_C05_F10,5,Cobot Lift Failure — Grip Pressure,increase_grip_pressure(),0.5,False
R_H09_C05_F10,diagnosed_LIFT_OBJECT_unanticipated__RQ2_R_H09_C05_F10,6,Heavy Duty Arm — Motor Overload During Lift,reduce_lift_speed(),0.5,False
R_H09_C05_F10,diagnosed_LIFT_OBJECT_unanticipated__RQ2_R_H09_C05_F10,7,Suction Arm Lift — Vacuum Loss,emergency_vacuum_pump(),0.3333333333333333,False
R_H09_C06_F01,diagnosed_LIFT_OBJECT_unanticipated__RQ2_R_H09_C06_F01,1,Lift Slip — Low Friction Surface,apply_vacuum_assist(),0.6944444444444443,True
R_H09_C06_F01,diagnosed_LIFT_OBJECT_unanticipated__RQ2_R_H09_C06_F01,2,Parallel Arm Lift — Contact Loss,reposition_and_regrip(),0.6666666666666666,False
R_H09_C06_F01,diagnosed_LIFT_OBJECT_unanticipated__RQ2_R_H09_C06_F01,3,Cobot Industrial — Incremental Heavy Part Transfer,heavy_lift(),0.6507936507936508,False
R_H09_C06_F01,diagnosed_LIFT_OBJECT_unanticipated__RQ2_R_H09_C06_F01,4,Lightweight Arm Lift — Height Verification Only,extend_lift_phase(),0.5013652631578948,False
R_H09_C06_F01,diagnosed_LIFT_OBJECT_unanticipated__RQ2_R_H09_C06_F01,5,Cobot Lift Failure — Grip Pressure,increase_grip_pressure(),0.5,False
R_H09_C06_F01,diagnosed_LIFT_OBJECT_unanticipated__RQ2_R_H09_C06_F01,6,Heavy Duty Arm — Motor Overload During Lift,reduce_lift_speed(),0.5,False
R_H09_C06_F01,diagnosed_LIFT_OBJECT_unanticipated__RQ2_R_H09_C06_F01,7,Suction Arm Lift — Vacuum Loss,emergency_vacuum_pump(),0.3333333333333333,False
R_H09_C06_F02,diagnosed_LIFT_OBJECT_unanticipated__RQ2_R_H09_C06_F02,1,Lift Slip — Low Friction Surface,apply_vacuum_assist(),0.75,True
R_H09_C06_F02,diagnosed_LIFT_OBJECT_unanticipated__RQ2_R_H09_C06_F02,2,Parallel Arm Lift — Contact Loss,reposition_and_regrip(),0.6666666666666666,False
R_H09_C06_F02,diagnosed_LIFT_OBJECT_unanticipated__RQ2_R_H09_C06_F02,3,Cobot Industrial — Incremental Heavy Part Transfer,heavy_lift(),0.6507936507936508,False
R_H09_C06_F02,diagnosed_LIFT_OBJECT_unanticipated__RQ2_R_H09_C06_F02,4,Lightweight Arm Lift — Height Verification Only,extend_lift_phase(),0.5013652631578948,False
R_H09_C06_F02,diagnosed_LIFT_OBJECT_unanticipated__RQ2_R_H09_C06_F02,5,Cobot Lift Failure — Grip Pressure,increase_grip_pressure(),0.5,False
R_H09_C06_F02,diagnosed_LIFT_OBJECT_unanticipated__RQ2_R_H09_C06_F02,6,Heavy Duty Arm — Motor Overload During Lift,reduce_lift_speed(),0.5,False
R_H09_C06_F02,diagnosed_LIFT_OBJECT_unanticipated__RQ2_R_H09_C06_F02,7,Suction Arm Lift — Vacuum Loss,emergency_vacuum_pump(),0.3333333333333333,False
R_H09_C06_F03,diagnosed_LIFT_OBJECT_unanticipated__RQ2_R_H09_C06_F03,1,Lift Slip — Low Friction Surface,apply_vacuum_assist(),0.7541666666666668,True
R_H09_C06_F03,diagnosed_LIFT_OBJECT_unanticipated__RQ2_R_H09_C06_F03,2,Parallel Arm Lift — Contact Loss,reposition_and_regrip(),0.6666666666666666,False
R_H09_C06_F03,diagnosed_LIFT_OBJECT_unanticipated__RQ2_R_H09_C06_F03,3,Cobot Industrial — Incremental Heavy Part Transfer,heavy_lift(),0.6507936507936508,False
R_H09_C06_F03,diagnosed_LIFT_OBJECT_unanticipated__RQ2_R_H09_C06_F03,4,Lightweight Arm Lift — Height Verification Only,extend_lift_phase(),0.5013652631578948,False
R_H09_C06_F03,diagnosed_LIFT_OBJECT_unanticipated__RQ2_R_H09_C06_F03,5,Cobot Lift Failure — Grip Pressure,increase_grip_pressure(),0.5,False
R_H09_C06_F03,diagnosed_LIFT_OBJECT_unanticipated__RQ2_R_H09_C06_F03,6,Heavy Duty Arm — Motor Overload During Lift,reduce_lift_speed(),0.5,False
R_H09_C06_F03,diagnosed_LIFT_OBJECT_unanticipated__RQ2_R_H09_C06_F03,7,Suction Arm Lift — Vacuum Loss,emergency_vacuum_pump(),0.3333333333333333,False
R_H09_C06_F04,diagnosed_LIFT_OBJECT_unanticipated__RQ2_R_H09_C06_F04,1,Lift Slip — Low Friction Surface,apply_vacuum_assist(),0.7583333333333333,True
R_H09_C06_F04,diagnosed_LIFT_OBJECT_unanticipated__RQ2_R_H09_C06_F04,2,Parallel Arm Lift — Contact Loss,reposition_and_regrip(),0.6666666666666666,False
R_H09_C06_F04,diagnosed_LIFT_OBJECT_unanticipated__RQ2_R_H09_C06_F04,3,Cobot Industrial — Incremental Heavy Part Transfer,heavy_lift(),0.6507936507936508,False
R_H09_C06_F04,diagnosed_LIFT_OBJECT_unanticipated__RQ2_R_H09_C06_F04,4,Lightweight Arm Lift — Height Verification Only,extend_lift_phase(),0.5013652631578948,False
R_H09_C06_F04,diagnosed_LIFT_OBJECT_unanticipated__RQ2_R_H09_C06_F04,5,Cobot Lift Failure — Grip Pressure,increase_grip_pressure(),0.5,False
R_H09_C06_F04,diagnosed_LIFT_OBJECT_unanticipated__RQ2_R_H09_C06_F04,6,Heavy Duty Arm — Motor Overload During Lift,reduce_lift_speed(),0.5,False
R_H09_C06_F04,diagnosed_LIFT_OBJECT_unanticipated__RQ2_R_H09_C06_F04,7,Suction Arm Lift — Vacuum Loss,emergency_vacuum_pump(),0.3333333333333333,False
R_H09_C06_F05,diagnosed_LIFT_OBJECT_unanticipated__RQ2_R_H09_C06_F05,1,Lift Slip — Low Friction Surface,apply_vacuum_assist(),0.7777777777777777,True
R_H09_C06_F05,diagnosed_LIFT_OBJECT_unanticipated__RQ2_R_H09_C06_F05,2,Parallel Arm Lift — Contact Loss,reposition_and_regrip(),0.6666666666666666,False
R_H09_C06_F05,diagnosed_LIFT_OBJECT_unanticipated__RQ2_R_H09_C06_F05,3,Cobot Industrial — Incremental Heavy Part Transfer,heavy_lift(),0.6507936507936508,False
R_H09_C06_F05,diagnosed_LIFT_OBJECT_unanticipated__RQ2_R_H09_C06_F05,4,Lightweight Arm Lift — Height Verification Only,extend_lift_phase(),0.5013652631578948,False
R_H09_C06_F05,diagnosed_LIFT_OBJECT_unanticipated__RQ2_R_H09_C06_F05,5,Cobot Lift Failure — Grip Pressure,increase_grip_pressure(),0.5,False
R_H09_C06_F05,diagnosed_LIFT_OBJECT_unanticipated__RQ2_R_H09_C06_F05,6,Heavy Duty Arm — Motor Overload During Lift,reduce_lift_speed(),0.5,False
R_H09_C06_F05,diagnosed_LIFT_OBJECT_unanticipated__RQ2_R_H09_C06_F05,7,Suction Arm Lift — Vacuum Loss,emergency_vacuum_pump(),0.3333333333333333,False
R_H09_C06_F06,diagnosed_LIFT_OBJECT_unanticipated__RQ2_R_H09_C06_F06,1,Lift Slip — Low Friction Surface,apply_vacuum_assist(),0.7555555555555555,True
R_H09_C06_F06,diagnosed_LIFT_OBJECT_unanticipated__RQ2_R_H09_C06_F06,2,Parallel Arm Lift — Contact Loss,reposition_and_regrip(),0.6666666666666666,False
R_H09_C06_F06,diagnosed_LIFT_OBJECT_unanticipated__RQ2_R_H09_C06_F06,3,Cobot Industrial — Incremental Heavy Part Transfer,heavy_lift(),0.6507936507936508,False
R_H09_C06_F06,diagnosed_LIFT_OBJECT_unanticipated__RQ2_R_H09_C06_F06,4,Lightweight Arm Lift — Height Verification Only,extend_lift_phase(),0.5013652631578948,False
R_H09_C06_F06,diagnosed_LIFT_OBJECT_unanticipated__RQ2_R_H09_C06_F06,5,Cobot Lift Failure — Grip Pressure,increase_grip_pressure(),0.5,False
R_H09_C06_F06,diagnosed_LIFT_OBJECT_unanticipated__RQ2_R_H09_C06_F06,6,Heavy Duty Arm — Motor Overload During Lift,reduce_lift_speed(),0.5,False
R_H09_C06_F06,diagnosed_LIFT_OBJECT_unanticipated__RQ2_R_H09_C06_F06,7,Suction Arm Lift — Vacuum Loss,emergency_vacuum_pump(),0.3333333333333333,False
R_H09_C06_F07,diagnosed_LIFT_OBJECT_unanticipated__RQ2_R_H09_C06_F07,1,Lift Slip — Low Friction Surface,apply_vacuum_assist(),0.7111111111111111,True
R_H09_C06_F07,diagnosed_LIFT_OBJECT_unanticipated__RQ2_R_H09_C06_F07,2,Parallel Arm Lift — Contact Loss,reposition_and_regrip(),0.6666666666666666,False
R_H09_C06_F07,diagnosed_LIFT_OBJECT_unanticipated__RQ2_R_H09_C06_F07,3,Cobot Industrial — Incremental Heavy Part Transfer,heavy_lift(),0.6507936507936508,False
R_H09_C06_F07,diagnosed_LIFT_OBJECT_unanticipated__RQ2_R_H09_C06_F07,4,Lightweight Arm Lift — Height Verification Only,extend_lift_phase(),0.5013652631578948,False
R_H09_C06_F07,diagnosed_LIFT_OBJECT_unanticipated__RQ2_R_H09_C06_F07,5,Cobot Lift Failure — Grip Pressure,increase_grip_pressure(),0.5,False
R_H09_C06_F07,diagnosed_LIFT_OBJECT_unanticipated__RQ2_R_H09_C06_F07,6,Heavy Duty Arm — Motor Overload During Lift,reduce_lift_speed(),0.5,False
R_H09_C06_F07,diagnosed_LIFT_OBJECT_unanticipated__RQ2_R_H09_C06_F07,7,Suction Arm Lift — Vacuum Loss,emergency_vacuum_pump(),0.3333333333333333,False
R_H09_C06_F08,diagnosed_LIFT_OBJECT_unanticipated__RQ2_R_H09_C06_F08,1,Lift Slip — Low Friction Surface,apply_vacuum_assist(),0.6713888888888889,True
R_H09_C06_F08,diagnosed_LIFT_OBJECT_unanticipated__RQ2_R_H09_C06_F08,2,Parallel Arm Lift — Contact Loss,reposition_and_regrip(),0.6666666666666666,False
R_H09_C06_F08,diagnosed_LIFT_OBJECT_unanticipated__RQ2_R_H09_C06_F08,3,Cobot Industrial — Incremental Heavy Part Transfer,heavy_lift(),0.6507936507936508,False
R_H09_C06_F08,diagnosed_LIFT_OBJECT_unanticipated__RQ2_R_H09_C06_F08,4,Lightweight Arm Lift — Height Verification Only,extend_lift_phase(),0.5013652631578948,False
R_H09_C06_F08,diagnosed_LIFT_OBJECT_unanticipated__RQ2_R_H09_C06_F08,5,Cobot Lift Failure — Grip Pressure,increase_grip_pressure(),0.5,False
R_H09_C06_F08,diagnosed_LIFT_OBJECT_unanticipated__RQ2_R_H09_C06_F08,6,Heavy Duty Arm — Motor Overload During Lift,reduce_lift_speed(),0.5,False
R_H09_C06_F08,diagnosed_LIFT_OBJECT_unanticipated__RQ2_R_H09_C06_F08,7,Suction Arm Lift — Vacuum Loss,emergency_vacuum_pump(),0.3333333333333333,False
R_H09_C06_F09,diagnosed_LIFT_OBJECT_unanticipated__RQ2_R_H09_C06_F09,1,Lift Slip — Low Friction Surface,apply_vacuum_assist(),0.6666666666666666,True
R_H09_C06_F09,diagnosed_LIFT_OBJECT_unanticipated__RQ2_R_H09_C06_F09,2,Parallel Arm Lift — Contact Loss,reposition_and_regrip(),0.6666666666666666,False
R_H09_C06_F09,diagnosed_LIFT_OBJECT_unanticipated__RQ2_R_H09_C06_F09,3,Cobot Industrial — Incremental Heavy Part Transfer,heavy_lift(),0.6507936507936508,False
R_H09_C06_F09,diagnosed_LIFT_OBJECT_unanticipated__RQ2_R_H09_C06_F09,4,Lightweight Arm Lift — Height Verification Only,extend_lift_phase(),0.5013652631578948,False
R_H09_C06_F09,diagnosed_LIFT_OBJECT_unanticipated__RQ2_R_H09_C06_F09,5,Cobot Lift Failure — Grip Pressure,increase_grip_pressure(),0.5,False
R_H09_C06_F09,diagnosed_LIFT_OBJECT_unanticipated__RQ2_R_H09_C06_F09,6,Heavy Duty Arm — Motor Overload During Lift,reduce_lift_speed(),0.5,False
R_H09_C06_F09,diagnosed_LIFT_OBJECT_unanticipated__RQ2_R_H09_C06_F09,7,Suction Arm Lift — Vacuum Loss,emergency_vacuum_pump(),0.3333333333333333,False
R_H09_C06_F10,diagnosed_LIFT_OBJECT_unanticipated__RQ2_R_H09_C06_F10,1,Lift Slip — Low Friction Surface,apply_vacuum_assist(),0.6666666666666666,True
R_H09_C06_F10,diagnosed_LIFT_OBJECT_unanticipated__RQ2_R_H09_C06_F10,2,Parallel Arm Lift — Contact Loss,reposition_and_regrip(),0.6666666666666666,False
R_H09_C06_F10,diagnosed_LIFT_OBJECT_unanticipated__RQ2_R_H09_C06_F10,3,Cobot Industrial — Incremental Heavy Part Transfer,heavy_lift(),0.6507936507936508,False
R_H09_C06_F10,diagnosed_LIFT_OBJECT_unanticipated__RQ2_R_H09_C06_F10,4,Lightweight Arm Lift — Height Verification Only,extend_lift_phase(),0.5013652631578948,False
R_H09_C06_F10,diagnosed_LIFT_OBJECT_unanticipated__RQ2_R_H09_C06_F10,5,Cobot Lift Failure — Grip Pressure,increase_grip_pressure(),0.5,False
R_H09_C06_F10,diagnosed_LIFT_OBJECT_unanticipated__RQ2_R_H09_C06_F10,6,Heavy Duty Arm — Motor Overload During Lift,reduce_lift_speed(),0.5,False
R_H09_C06_F10,diagnosed_LIFT_OBJECT_unanticipated__RQ2_R_H09_C06_F10,7,Suction Arm Lift — Vacuum Loss,emergency_vacuum_pump(),0.3333333333333333,False
R_H09_C07_F01,diagnosed_LIFT_OBJECT_unanticipated__RQ2_R_H09_C07_F01,1,Lift Slip — Low Friction Surface,apply_vacuum_assist(),0.6944444444444443,True
R_H09_C07_F01,diagnosed_LIFT_OBJECT_unanticipated__RQ2_R_H09_C07_F01,2,Parallel Arm Lift — Contact Loss,reposition_and_regrip(),0.6666666666666666,False
R_H09_C07_F01,diagnosed_LIFT_OBJECT_unanticipated__RQ2_R_H09_C07_F01,3,Cobot Industrial — Incremental Heavy Part Transfer,heavy_lift(),0.6507936507936508,False
R_H09_C07_F01,diagnosed_LIFT_OBJECT_unanticipated__RQ2_R_H09_C07_F01,4,Lightweight Arm Lift — Height Verification Only,extend_lift_phase(),0.5013652631578948,False
R_H09_C07_F01,diagnosed_LIFT_OBJECT_unanticipated__RQ2_R_H09_C07_F01,5,Cobot Lift Failure — Grip Pressure,increase_grip_pressure(),0.5,False
R_H09_C07_F01,diagnosed_LIFT_OBJECT_unanticipated__RQ2_R_H09_C07_F01,6,Heavy Duty Arm — Motor Overload During Lift,reduce_lift_speed(),0.5,False
R_H09_C07_F01,diagnosed_LIFT_OBJECT_unanticipated__RQ2_R_H09_C07_F01,7,Suction Arm Lift — Vacuum Loss,emergency_vacuum_pump(),0.3333333333333333,False
R_H09_C07_F02,diagnosed_LIFT_OBJECT_unanticipated__RQ2_R_H09_C07_F02,1,Lift Slip — Low Friction Surface,apply_vacuum_assist(),0.75,True
R_H09_C07_F02,diagnosed_LIFT_OBJECT_unanticipated__RQ2_R_H09_C07_F02,2,Parallel Arm Lift — Contact Loss,reposition_and_regrip(),0.6666666666666666,False
R_H09_C07_F02,diagnosed_LIFT_OBJECT_unanticipated__RQ2_R_H09_C07_F02,3,Cobot Industrial — Incremental Heavy Part Transfer,heavy_lift(),0.6507936507936508,False
R_H09_C07_F02,diagnosed_LIFT_OBJECT_unanticipated__RQ2_R_H09_C07_F02,4,Lightweight Arm Lift — Height Verification Only,extend_lift_phase(),0.5013652631578948,False
R_H09_C07_F02,diagnosed_LIFT_OBJECT_unanticipated__RQ2_R_H09_C07_F02,5,Cobot Lift Failure — Grip Pressure,increase_grip_pressure(),0.5,False
R_H09_C07_F02,diagnosed_LIFT_OBJECT_unanticipated__RQ2_R_H09_C07_F02,6,Heavy Duty Arm — Motor Overload During Lift,reduce_lift_speed(),0.5,False
R_H09_C07_F02,diagnosed_LIFT_OBJECT_unanticipated__RQ2_R_H09_C07_F02,7,Suction Arm Lift — Vacuum Loss,emergency_vacuum_pump(),0.3333333333333333,False
R_H09_C07_F03,diagnosed_LIFT_OBJECT_unanticipated__RQ2_R_H09_C07_F03,1,Lift Slip — Low Friction Surface,apply_vacuum_assist(),0.7541666666666668,True
R_H09_C07_F03,diagnosed_LIFT_OBJECT_unanticipated__RQ2_R_H09_C07_F03,2,Parallel Arm Lift — Contact Loss,reposition_and_regrip(),0.6666666666666666,False
R_H09_C07_F03,diagnosed_LIFT_OBJECT_unanticipated__RQ2_R_H09_C07_F03,3,Cobot Industrial — Incremental Heavy Part Transfer,heavy_lift(),0.6507936507936508,False
R_H09_C07_F03,diagnosed_LIFT_OBJECT_unanticipated__RQ2_R_H09_C07_F03,4,Lightweight Arm Lift — Height Verification Only,extend_lift_phase(),0.5013652631578948,False
R_H09_C07_F03,diagnosed_LIFT_OBJECT_unanticipated__RQ2_R_H09_C07_F03,5,Cobot Lift Failure — Grip Pressure,increase_grip_pressure(),0.5,False
R_H09_C07_F03,diagnosed_LIFT_OBJECT_unanticipated__RQ2_R_H09_C07_F03,6,Heavy Duty Arm — Motor Overload During Lift,reduce_lift_speed(),0.5,False
R_H09_C07_F03,diagnosed_LIFT_OBJECT_unanticipated__RQ2_R_H09_C07_F03,7,Suction Arm Lift — Vacuum Loss,emergency_vacuum_pump(),0.3333333333333333,False
R_H09_C07_F04,diagnosed_LIFT_OBJECT_unanticipated__RQ2_R_H09_C07_F04,1,Lift Slip — Low Friction Surface,apply_vacuum_assist(),0.7583333333333333,True
R_H09_C07_F04,diagnosed_LIFT_OBJECT_unanticipated__RQ2_R_H09_C07_F04,2,Parallel Arm Lift — Contact Loss,reposition_and_regrip(),0.6666666666666666,False
R_H09_C07_F04,diagnosed_LIFT_OBJECT_unanticipated__RQ2_R_H09_C07_F04,3,Cobot Industrial — Incremental Heavy Part Transfer,heavy_lift(),0.6507936507936508,False
R_H09_C07_F04,diagnosed_LIFT_OBJECT_unanticipated__RQ2_R_H09_C07_F04,4,Lightweight Arm Lift — Height Verification Only,extend_lift_phase(),0.5013652631578948,False
R_H09_C07_F04,diagnosed_LIFT_OBJECT_unanticipated__RQ2_R_H09_C07_F04,5,Cobot Lift Failure — Grip Pressure,increase_grip_pressure(),0.5,False
R_H09_C07_F04,diagnosed_LIFT_OBJECT_unanticipated__RQ2_R_H09_C07_F04,6,Heavy Duty Arm — Motor Overload During Lift,reduce_lift_speed(),0.5,False
R_H09_C07_F04,diagnosed_LIFT_OBJECT_unanticipated__RQ2_R_H09_C07_F04,7,Suction Arm Lift — Vacuum Loss,emergency_vacuum_pump(),0.3333333333333333,False
R_H09_C07_F05,diagnosed_LIFT_OBJECT_unanticipated__RQ2_R_H09_C07_F05,1,Lift Slip — Low Friction Surface,apply_vacuum_assist(),0.7777777777777777,True
R_H09_C07_F05,diagnosed_LIFT_OBJECT_unanticipated__RQ2_R_H09_C07_F05,2,Parallel Arm Lift — Contact Loss,reposition_and_regrip(),0.6666666666666666,False
R_H09_C07_F05,diagnosed_LIFT_OBJECT_unanticipated__RQ2_R_H09_C07_F05,3,Cobot Industrial — Incremental Heavy Part Transfer,heavy_lift(),0.6507936507936508,False
R_H09_C07_F05,diagnosed_LIFT_OBJECT_unanticipated__RQ2_R_H09_C07_F05,4,Lightweight Arm Lift — Height Verification Only,extend_lift_phase(),0.5013652631578948,False
R_H09_C07_F05,diagnosed_LIFT_OBJECT_unanticipated__RQ2_R_H09_C07_F05,5,Cobot Lift Failure — Grip Pressure,increase_grip_pressure(),0.5,False
R_H09_C07_F05,diagnosed_LIFT_OBJECT_unanticipated__RQ2_R_H09_C07_F05,6,Heavy Duty Arm — Motor Overload During Lift,reduce_lift_speed(),0.5,False
R_H09_C07_F05,diagnosed_LIFT_OBJECT_unanticipated__RQ2_R_H09_C07_F05,7,Suction Arm Lift — Vacuum Loss,emergency_vacuum_pump(),0.3333333333333333,False
R_H09_C07_F06,diagnosed_LIFT_OBJECT_unanticipated__RQ2_R_H09_C07_F06,1,Lift Slip — Low Friction Surface,apply_vacuum_assist(),0.7555555555555555,True
R_H09_C07_F06,diagnosed_LIFT_OBJECT_unanticipated__RQ2_R_H09_C07_F06,2,Parallel Arm Lift — Contact Loss,reposition_and_regrip(),0.6666666666666666,False
R_H09_C07_F06,diagnosed_LIFT_OBJECT_unanticipated__RQ2_R_H09_C07_F06,3,Cobot Industrial — Incremental Heavy Part Transfer,heavy_lift(),0.6507936507936508,False
R_H09_C07_F06,diagnosed_LIFT_OBJECT_unanticipated__RQ2_R_H09_C07_F06,4,Lightweight Arm Lift — Height Verification Only,extend_lift_phase(),0.5013652631578948,False
R_H09_C07_F06,diagnosed_LIFT_OBJECT_unanticipated__RQ2_R_H09_C07_F06,5,Cobot Lift Failure — Grip Pressure,increase_grip_pressure(),0.5,False
R_H09_C07_F06,diagnosed_LIFT_OBJECT_unanticipated__RQ2_R_H09_C07_F06,6,Heavy Duty Arm — Motor Overload During Lift,reduce_lift_speed(),0.5,False
R_H09_C07_F06,diagnosed_LIFT_OBJECT_unanticipated__RQ2_R_H09_C07_F06,7,Suction Arm Lift — Vacuum Loss,emergency_vacuum_pump(),0.3333333333333333,False
R_H09_C07_F07,diagnosed_LIFT_OBJECT_unanticipated__RQ2_R_H09_C07_F07,1,Lift Slip — Low Friction Surface,apply_vacuum_assist(),0.7111111111111111,True
R_H09_C07_F07,diagnosed_LIFT_OBJECT_unanticipated__RQ2_R_H09_C07_F07,2,Parallel Arm Lift — Contact Loss,reposition_and_regrip(),0.6666666666666666,False
R_H09_C07_F07,diagnosed_LIFT_OBJECT_unanticipated__RQ2_R_H09_C07_F07,3,Cobot Industrial — Incremental Heavy Part Transfer,heavy_lift(),0.6507936507936508,False
R_H09_C07_F07,diagnosed_LIFT_OBJECT_unanticipated__RQ2_R_H09_C07_F07,4,Lightweight Arm Lift — Height Verification Only,extend_lift_phase(),0.5013652631578948,False
R_H09_C07_F07,diagnosed_LIFT_OBJECT_unanticipated__RQ2_R_H09_C07_F07,5,Cobot Lift Failure — Grip Pressure,increase_grip_pressure(),0.5,False
R_H09_C07_F07,diagnosed_LIFT_OBJECT_unanticipated__RQ2_R_H09_C07_F07,6,Heavy Duty Arm — Motor Overload During Lift,reduce_lift_speed(),0.5,False
R_H09_C07_F07,diagnosed_LIFT_OBJECT_unanticipated__RQ2_R_H09_C07_F07,7,Suction Arm Lift — Vacuum Loss,emergency_vacuum_pump(),0.3333333333333333,False
R_H09_C07_F08,diagnosed_LIFT_OBJECT_unanticipated__RQ2_R_H09_C07_F08,1,Lift Slip — Low Friction Surface,apply_vacuum_assist(),0.6713888888888889,True
R_H09_C07_F08,diagnosed_LIFT_OBJECT_unanticipated__RQ2_R_H09_C07_F08,2,Parallel Arm Lift — Contact Loss,reposition_and_regrip(),0.6666666666666666,False
R_H09_C07_F08,diagnosed_LIFT_OBJECT_unanticipated__RQ2_R_H09_C07_F08,3,Cobot Industrial — Incremental Heavy Part Transfer,heavy_lift(),0.6507936507936508,False
R_H09_C07_F08,diagnosed_LIFT_OBJECT_unanticipated__RQ2_R_H09_C07_F08,4,Lightweight Arm Lift — Height Verification Only,extend_lift_phase(),0.5013652631578948,False
R_H09_C07_F08,diagnosed_LIFT_OBJECT_unanticipated__RQ2_R_H09_C07_F08,5,Cobot Lift Failure — Grip Pressure,increase_grip_pressure(),0.5,False
R_H09_C07_F08,diagnosed_LIFT_OBJECT_unanticipated__RQ2_R_H09_C07_F08,6,Heavy Duty Arm — Motor Overload During Lift,reduce_lift_speed(),0.5,False
R_H09_C07_F08,diagnosed_LIFT_OBJECT_unanticipated__RQ2_R_H09_C07_F08,7,Suction Arm Lift — Vacuum Loss,emergency_vacuum_pump(),0.3333333333333333,False
R_H09_C07_F09,diagnosed_LIFT_OBJECT_unanticipated__RQ2_R_H09_C07_F09,1,Lift Slip — Low Friction Surface,apply_vacuum_assist(),0.6666666666666666,True
R_H09_C07_F09,diagnosed_LIFT_OBJECT_unanticipated__RQ2_R_H09_C07_F09,2,Parallel Arm Lift — Contact Loss,reposition_and_regrip(),0.6666666666666666,False
R_H09_C07_F09,diagnosed_LIFT_OBJECT_unanticipated__RQ2_R_H09_C07_F09,3,Cobot Industrial — Incremental Heavy Part Transfer,heavy_lift(),0.6507936507936508,False
R_H09_C07_F09,diagnosed_LIFT_OBJECT_unanticipated__RQ2_R_H09_C07_F09,4,Lightweight Arm Lift — Height Verification Only,extend_lift_phase(),0.5013652631578948,False
R_H09_C07_F09,diagnosed_LIFT_OBJECT_unanticipated__RQ2_R_H09_C07_F09,5,Cobot Lift Failure — Grip Pressure,increase_grip_pressure(),0.5,False
R_H09_C07_F09,diagnosed_LIFT_OBJECT_unanticipated__RQ2_R_H09_C07_F09,6,Heavy Duty Arm — Motor Overload During Lift,reduce_lift_speed(),0.5,False
R_H09_C07_F09,diagnosed_LIFT_OBJECT_unanticipated__RQ2_R_H09_C07_F09,7,Suction Arm Lift — Vacuum Loss,emergency_vacuum_pump(),0.3333333333333333,False
R_H09_C07_F10,diagnosed_LIFT_OBJECT_unanticipated__RQ2_R_H09_C07_F10,1,Lift Slip — Low Friction Surface,apply_vacuum_assist(),0.6666666666666666,True
R_H09_C07_F10,diagnosed_LIFT_OBJECT_unanticipated__RQ2_R_H09_C07_F10,2,Parallel Arm Lift — Contact Loss,reposition_and_regrip(),0.6666666666666666,False
R_H09_C07_F10,diagnosed_LIFT_OBJECT_unanticipated__RQ2_R_H09_C07_F10,3,Cobot Industrial — Incremental Heavy Part Transfer,heavy_lift(),0.6507936507936508,False
R_H09_C07_F10,diagnosed_LIFT_OBJECT_unanticipated__RQ2_R_H09_C07_F10,4,Lightweight Arm Lift — Height Verification Only,extend_lift_phase(),0.5013652631578948,False
R_H09_C07_F10,diagnosed_LIFT_OBJECT_unanticipated__RQ2_R_H09_C07_F10,5,Cobot Lift Failure — Grip Pressure,increase_grip_pressure(),0.5,False
R_H09_C07_F10,diagnosed_LIFT_OBJECT_unanticipated__RQ2_R_H09_C07_F10,6,Heavy Duty Arm — Motor Overload During Lift,reduce_lift_speed(),0.5,False
R_H09_C07_F10,diagnosed_LIFT_OBJECT_unanticipated__RQ2_R_H09_C07_F10,7,Suction Arm Lift — Vacuum Loss,emergency_vacuum_pump(),0.3333333333333333,False
R_H09_C08_F01,diagnosed_LIFT_OBJECT_unanticipated__RQ2_R_H09_C08_F01,1,Lift Slip — Low Friction Surface,apply_vacuum_assist(),0.6944444444444443,True
R_H09_C08_F01,diagnosed_LIFT_OBJECT_unanticipated__RQ2_R_H09_C08_F01,2,Parallel Arm Lift — Contact Loss,reposition_and_regrip(),0.6666666666666666,False
R_H09_C08_F01,diagnosed_LIFT_OBJECT_unanticipated__RQ2_R_H09_C08_F01,3,Cobot Industrial — Incremental Heavy Part Transfer,heavy_lift(),0.6507936507936508,False
R_H09_C08_F01,diagnosed_LIFT_OBJECT_unanticipated__RQ2_R_H09_C08_F01,4,Lightweight Arm Lift — Height Verification Only,extend_lift_phase(),0.5013652631578948,False
R_H09_C08_F01,diagnosed_LIFT_OBJECT_unanticipated__RQ2_R_H09_C08_F01,5,Cobot Lift Failure — Grip Pressure,increase_grip_pressure(),0.5,False
R_H09_C08_F01,diagnosed_LIFT_OBJECT_unanticipated__RQ2_R_H09_C08_F01,6,Heavy Duty Arm — Motor Overload During Lift,reduce_lift_speed(),0.5,False
R_H09_C08_F01,diagnosed_LIFT_OBJECT_unanticipated__RQ2_R_H09_C08_F01,7,Suction Arm Lift — Vacuum Loss,emergency_vacuum_pump(),0.3333333333333333,False
R_H09_C08_F02,diagnosed_LIFT_OBJECT_unanticipated__RQ2_R_H09_C08_F02,1,Lift Slip — Low Friction Surface,apply_vacuum_assist(),0.75,True
R_H09_C08_F02,diagnosed_LIFT_OBJECT_unanticipated__RQ2_R_H09_C08_F02,2,Parallel Arm Lift — Contact Loss,reposition_and_regrip(),0.6666666666666666,False
R_H09_C08_F02,diagnosed_LIFT_OBJECT_unanticipated__RQ2_R_H09_C08_F02,3,Cobot Industrial — Incremental Heavy Part Transfer,heavy_lift(),0.6507936507936508,False
R_H09_C08_F02,diagnosed_LIFT_OBJECT_unanticipated__RQ2_R_H09_C08_F02,4,Lightweight Arm Lift — Height Verification Only,extend_lift_phase(),0.5013652631578948,False
R_H09_C08_F02,diagnosed_LIFT_OBJECT_unanticipated__RQ2_R_H09_C08_F02,5,Cobot Lift Failure — Grip Pressure,increase_grip_pressure(),0.5,False
R_H09_C08_F02,diagnosed_LIFT_OBJECT_unanticipated__RQ2_R_H09_C08_F02,6,Heavy Duty Arm — Motor Overload During Lift,reduce_lift_speed(),0.5,False
R_H09_C08_F02,diagnosed_LIFT_OBJECT_unanticipated__RQ2_R_H09_C08_F02,7,Suction Arm Lift — Vacuum Loss,emergency_vacuum_pump(),0.3333333333333333,False
R_H09_C08_F03,diagnosed_LIFT_OBJECT_unanticipated__RQ2_R_H09_C08_F03,1,Lift Slip — Low Friction Surface,apply_vacuum_assist(),0.7541666666666668,True
R_H09_C08_F03,diagnosed_LIFT_OBJECT_unanticipated__RQ2_R_H09_C08_F03,2,Parallel Arm Lift — Contact Loss,reposition_and_regrip(),0.6666666666666666,False
R_H09_C08_F03,diagnosed_LIFT_OBJECT_unanticipated__RQ2_R_H09_C08_F03,3,Cobot Industrial — Incremental Heavy Part Transfer,heavy_lift(),0.6507936507936508,False
R_H09_C08_F03,diagnosed_LIFT_OBJECT_unanticipated__RQ2_R_H09_C08_F03,4,Lightweight Arm Lift — Height Verification Only,extend_lift_phase(),0.5013652631578948,False
R_H09_C08_F03,diagnosed_LIFT_OBJECT_unanticipated__RQ2_R_H09_C08_F03,5,Cobot Lift Failure — Grip Pressure,increase_grip_pressure(),0.5,False
R_H09_C08_F03,diagnosed_LIFT_OBJECT_unanticipated__RQ2_R_H09_C08_F03,6,Heavy Duty Arm — Motor Overload During Lift,reduce_lift_speed(),0.5,False
R_H09_C08_F03,diagnosed_LIFT_OBJECT_unanticipated__RQ2_R_H09_C08_F03,7,Suction Arm Lift — Vacuum Loss,emergency_vacuum_pump(),0.3333333333333333,False
R_H09_C08_F04,diagnosed_LIFT_OBJECT_unanticipated__RQ2_R_H09_C08_F04,1,Lift Slip — Low Friction Surface,apply_vacuum_assist(),0.7583333333333333,True
R_H09_C08_F04,diagnosed_LIFT_OBJECT_unanticipated__RQ2_R_H09_C08_F04,2,Parallel Arm Lift — Contact Loss,reposition_and_regrip(),0.6666666666666666,False
R_H09_C08_F04,diagnosed_LIFT_OBJECT_unanticipated__RQ2_R_H09_C08_F04,3,Cobot Industrial — Incremental Heavy Part Transfer,heavy_lift(),0.6507936507936508,False
R_H09_C08_F04,diagnosed_LIFT_OBJECT_unanticipated__RQ2_R_H09_C08_F04,4,Lightweight Arm Lift — Height Verification Only,extend_lift_phase(),0.5013652631578948,False
R_H09_C08_F04,diagnosed_LIFT_OBJECT_unanticipated__RQ2_R_H09_C08_F04,5,Cobot Lift Failure — Grip Pressure,increase_grip_pressure(),0.5,False
R_H09_C08_F04,diagnosed_LIFT_OBJECT_unanticipated__RQ2_R_H09_C08_F04,6,Heavy Duty Arm — Motor Overload During Lift,reduce_lift_speed(),0.5,False
R_H09_C08_F04,diagnosed_LIFT_OBJECT_unanticipated__RQ2_R_H09_C08_F04,7,Suction Arm Lift — Vacuum Loss,emergency_vacuum_pump(),0.3333333333333333,False
R_H09_C08_F05,diagnosed_LIFT_OBJECT_unanticipated__RQ2_R_H09_C08_F05,1,Lift Slip — Low Friction Surface,apply_vacuum_assist(),0.7777777777777777,True
R_H09_C08_F05,diagnosed_LIFT_OBJECT_unanticipated__RQ2_R_H09_C08_F05,2,Parallel Arm Lift — Contact Loss,reposition_and_regrip(),0.6666666666666666,False
R_H09_C08_F05,diagnosed_LIFT_OBJECT_unanticipated__RQ2_R_H09_C08_F05,3,Cobot Industrial — Incremental Heavy Part Transfer,heavy_lift(),0.6507936507936508,False
R_H09_C08_F05,diagnosed_LIFT_OBJECT_unanticipated__RQ2_R_H09_C08_F05,4,Lightweight Arm Lift — Height Verification Only,extend_lift_phase(),0.5013652631578948,False
R_H09_C08_F05,diagnosed_LIFT_OBJECT_unanticipated__RQ2_R_H09_C08_F05,5,Cobot Lift Failure — Grip Pressure,increase_grip_pressure(),0.5,False
R_H09_C08_F05,diagnosed_LIFT_OBJECT_unanticipated__RQ2_R_H09_C08_F05,6,Heavy Duty Arm — Motor Overload During Lift,reduce_lift_speed(),0.5,False
R_H09_C08_F05,diagnosed_LIFT_OBJECT_unanticipated__RQ2_R_H09_C08_F05,7,Suction Arm Lift — Vacuum Loss,emergency_vacuum_pump(),0.3333333333333333,False
R_H09_C08_F06,diagnosed_LIFT_OBJECT_unanticipated__RQ2_R_H09_C08_F06,1,Lift Slip — Low Friction Surface,apply_vacuum_assist(),0.7555555555555555,True
R_H09_C08_F06,diagnosed_LIFT_OBJECT_unanticipated__RQ2_R_H09_C08_F06,2,Parallel Arm Lift — Contact Loss,reposition_and_regrip(),0.6666666666666666,False
R_H09_C08_F06,diagnosed_LIFT_OBJECT_unanticipated__RQ2_R_H09_C08_F06,3,Cobot Industrial — Incremental Heavy Part Transfer,heavy_lift(),0.6507936507936508,False
R_H09_C08_F06,diagnosed_LIFT_OBJECT_unanticipated__RQ2_R_H09_C08_F06,4,Lightweight Arm Lift — Height Verification Only,extend_lift_phase(),0.5013652631578948,False
R_H09_C08_F06,diagnosed_LIFT_OBJECT_unanticipated__RQ2_R_H09_C08_F06,5,Cobot Lift Failure — Grip Pressure,increase_grip_pressure(),0.5,False
R_H09_C08_F06,diagnosed_LIFT_OBJECT_unanticipated__RQ2_R_H09_C08_F06,6,Heavy Duty Arm — Motor Overload During Lift,reduce_lift_speed(),0.5,False
R_H09_C08_F06,diagnosed_LIFT_OBJECT_unanticipated__RQ2_R_H09_C08_F06,7,Suction Arm Lift — Vacuum Loss,emergency_vacuum_pump(),0.3333333333333333,False
R_H09_C08_F07,diagnosed_LIFT_OBJECT_unanticipated__RQ2_R_H09_C08_F07,1,Lift Slip — Low Friction Surface,apply_vacuum_assist(),0.7111111111111111,True
R_H09_C08_F07,diagnosed_LIFT_OBJECT_unanticipated__RQ2_R_H09_C08_F07,2,Parallel Arm Lift — Contact Loss,reposition_and_regrip(),0.6666666666666666,False
R_H09_C08_F07,diagnosed_LIFT_OBJECT_unanticipated__RQ2_R_H09_C08_F07,3,Cobot Industrial — Incremental Heavy Part Transfer,heavy_lift(),0.6507936507936508,False
R_H09_C08_F07,diagnosed_LIFT_OBJECT_unanticipated__RQ2_R_H09_C08_F07,4,Lightweight Arm Lift — Height Verification Only,extend_lift_phase(),0.5013652631578948,False
R_H09_C08_F07,diagnosed_LIFT_OBJECT_unanticipated__RQ2_R_H09_C08_F07,5,Cobot Lift Failure — Grip Pressure,increase_grip_pressure(),0.5,False
R_H09_C08_F07,diagnosed_LIFT_OBJECT_unanticipated__RQ2_R_H09_C08_F07,6,Heavy Duty Arm — Motor Overload During Lift,reduce_lift_speed(),0.5,False
R_H09_C08_F07,diagnosed_LIFT_OBJECT_unanticipated__RQ2_R_H09_C08_F07,7,Suction Arm Lift — Vacuum Loss,emergency_vacuum_pump(),0.3333333333333333,False
R_H09_C08_F08,diagnosed_LIFT_OBJECT_unanticipated__RQ2_R_H09_C08_F08,1,Lift Slip — Low Friction Surface,apply_vacuum_assist(),0.6713888888888889,True
R_H09_C08_F08,diagnosed_LIFT_OBJECT_unanticipated__RQ2_R_H09_C08_F08,2,Parallel Arm Lift — Contact Loss,reposition_and_regrip(),0.6666666666666666,False
R_H09_C08_F08,diagnosed_LIFT_OBJECT_unanticipated__RQ2_R_H09_C08_F08,3,Cobot Industrial — Incremental Heavy Part Transfer,heavy_lift(),0.6507936507936508,False
R_H09_C08_F08,diagnosed_LIFT_OBJECT_unanticipated__RQ2_R_H09_C08_F08,4,Lightweight Arm Lift — Height Verification Only,extend_lift_phase(),0.5013652631578948,False
R_H09_C08_F08,diagnosed_LIFT_OBJECT_unanticipated__RQ2_R_H09_C08_F08,5,Cobot Lift Failure — Grip Pressure,increase_grip_pressure(),0.5,False
R_H09_C08_F08,diagnosed_LIFT_OBJECT_unanticipated__RQ2_R_H09_C08_F08,6,Heavy Duty Arm — Motor Overload During Lift,reduce_lift_speed(),0.5,False
R_H09_C08_F08,diagnosed_LIFT_OBJECT_unanticipated__RQ2_R_H09_C08_F08,7,Suction Arm Lift — Vacuum Loss,emergency_vacuum_pump(),0.3333333333333333,False
R_H09_C08_F09,diagnosed_LIFT_OBJECT_unanticipated__RQ2_R_H09_C08_F09,1,Lift Slip — Low Friction Surface,apply_vacuum_assist(),0.6666666666666666,True
R_H09_C08_F09,diagnosed_LIFT_OBJECT_unanticipated__RQ2_R_H09_C08_F09,2,Parallel Arm Lift — Contact Loss,reposition_and_regrip(),0.6666666666666666,False
R_H09_C08_F09,diagnosed_LIFT_OBJECT_unanticipated__RQ2_R_H09_C08_F09,3,Cobot Industrial — Incremental Heavy Part Transfer,heavy_lift(),0.6507936507936508,False
R_H09_C08_F09,diagnosed_LIFT_OBJECT_unanticipated__RQ2_R_H09_C08_F09,4,Lightweight Arm Lift — Height Verification Only,extend_lift_phase(),0.5013652631578948,False
R_H09_C08_F09,diagnosed_LIFT_OBJECT_unanticipated__RQ2_R_H09_C08_F09,5,Cobot Lift Failure — Grip Pressure,increase_grip_pressure(),0.5,False
R_H09_C08_F09,diagnosed_LIFT_OBJECT_unanticipated__RQ2_R_H09_C08_F09,6,Heavy Duty Arm — Motor Overload During Lift,reduce_lift_speed(),0.5,False
R_H09_C08_F09,diagnosed_LIFT_OBJECT_unanticipated__RQ2_R_H09_C08_F09,7,Suction Arm Lift — Vacuum Loss,emergency_vacuum_pump(),0.3333333333333333,False
R_H09_C08_F10,diagnosed_LIFT_OBJECT_unanticipated__RQ2_R_H09_C08_F10,1,Lift Slip — Low Friction Surface,apply_vacuum_assist(),0.6666666666666666,True
R_H09_C08_F10,diagnosed_LIFT_OBJECT_unanticipated__RQ2_R_H09_C08_F10,2,Parallel Arm Lift — Contact Loss,reposition_and_regrip(),0.6666666666666666,False
R_H09_C08_F10,diagnosed_LIFT_OBJECT_unanticipated__RQ2_R_H09_C08_F10,3,Cobot Industrial — Incremental Heavy Part Transfer,heavy_lift(),0.6507936507936508,False
R_H09_C08_F10,diagnosed_LIFT_OBJECT_unanticipated__RQ2_R_H09_C08_F10,4,Lightweight Arm Lift — Height Verification Only,extend_lift_phase(),0.5013652631578948,False
R_H09_C08_F10,diagnosed_LIFT_OBJECT_unanticipated__RQ2_R_H09_C08_F10,5,Cobot Lift Failure — Grip Pressure,increase_grip_pressure(),0.5,False
R_H09_C08_F10,diagnosed_LIFT_OBJECT_unanticipated__RQ2_R_H09_C08_F10,6,Heavy Duty Arm — Motor Overload During Lift,reduce_lift_speed(),0.5,False
R_H09_C08_F10,diagnosed_LIFT_OBJECT_unanticipated__RQ2_R_H09_C08_F10,7,Suction Arm Lift — Vacuum Loss,emergency_vacuum_pump(),0.3333333333333333,False
R_H09_C09_F01,diagnosed_LIFT_OBJECT_unanticipated__RQ2_R_H09_C09_F01,1,Lift Slip — Low Friction Surface,apply_vacuum_assist(),0.6944444444444443,True
R_H09_C09_F01,diagnosed_LIFT_OBJECT_unanticipated__RQ2_R_H09_C09_F01,2,Parallel Arm Lift — Contact Loss,reposition_and_regrip(),0.6666666666666666,False
R_H09_C09_F01,diagnosed_LIFT_OBJECT_unanticipated__RQ2_R_H09_C09_F01,3,Cobot Industrial — Incremental Heavy Part Transfer,heavy_lift(),0.6507936507936508,False
R_H09_C09_F01,diagnosed_LIFT_OBJECT_unanticipated__RQ2_R_H09_C09_F01,4,Lightweight Arm Lift — Height Verification Only,extend_lift_phase(),0.5013652631578948,False
R_H09_C09_F01,diagnosed_LIFT_OBJECT_unanticipated__RQ2_R_H09_C09_F01,5,Cobot Lift Failure — Grip Pressure,increase_grip_pressure(),0.5,False
R_H09_C09_F01,diagnosed_LIFT_OBJECT_unanticipated__RQ2_R_H09_C09_F01,6,Heavy Duty Arm — Motor Overload During Lift,reduce_lift_speed(),0.5,False
R_H09_C09_F01,diagnosed_LIFT_OBJECT_unanticipated__RQ2_R_H09_C09_F01,7,Suction Arm Lift — Vacuum Loss,emergency_vacuum_pump(),0.3333333333333333,False
R_H09_C09_F02,diagnosed_LIFT_OBJECT_unanticipated__RQ2_R_H09_C09_F02,1,Lift Slip — Low Friction Surface,apply_vacuum_assist(),0.75,True
R_H09_C09_F02,diagnosed_LIFT_OBJECT_unanticipated__RQ2_R_H09_C09_F02,2,Parallel Arm Lift — Contact Loss,reposition_and_regrip(),0.6666666666666666,False
R_H09_C09_F02,diagnosed_LIFT_OBJECT_unanticipated__RQ2_R_H09_C09_F02,3,Cobot Industrial — Incremental Heavy Part Transfer,heavy_lift(),0.6507936507936508,False
R_H09_C09_F02,diagnosed_LIFT_OBJECT_unanticipated__RQ2_R_H09_C09_F02,4,Lightweight Arm Lift — Height Verification Only,extend_lift_phase(),0.5013652631578948,False
R_H09_C09_F02,diagnosed_LIFT_OBJECT_unanticipated__RQ2_R_H09_C09_F02,5,Cobot Lift Failure — Grip Pressure,increase_grip_pressure(),0.5,False
R_H09_C09_F02,diagnosed_LIFT_OBJECT_unanticipated__RQ2_R_H09_C09_F02,6,Heavy Duty Arm — Motor Overload During Lift,reduce_lift_speed(),0.5,False
R_H09_C09_F02,diagnosed_LIFT_OBJECT_unanticipated__RQ2_R_H09_C09_F02,7,Suction Arm Lift — Vacuum Loss,emergency_vacuum_pump(),0.3333333333333333,False
R_H09_C09_F03,diagnosed_LIFT_OBJECT_unanticipated__RQ2_R_H09_C09_F03,1,Lift Slip — Low Friction Surface,apply_vacuum_assist(),0.7541666666666668,True
R_H09_C09_F03,diagnosed_LIFT_OBJECT_unanticipated__RQ2_R_H09_C09_F03,2,Parallel Arm Lift — Contact Loss,reposition_and_regrip(),0.6666666666666666,False
R_H09_C09_F03,diagnosed_LIFT_OBJECT_unanticipated__RQ2_R_H09_C09_F03,3,Cobot Industrial — Incremental Heavy Part Transfer,heavy_lift(),0.6507936507936508,False
R_H09_C09_F03,diagnosed_LIFT_OBJECT_unanticipated__RQ2_R_H09_C09_F03,4,Lightweight Arm Lift — Height Verification Only,extend_lift_phase(),0.5013652631578948,False
R_H09_C09_F03,diagnosed_LIFT_OBJECT_unanticipated__RQ2_R_H09_C09_F03,5,Cobot Lift Failure — Grip Pressure,increase_grip_pressure(),0.5,False
R_H09_C09_F03,diagnosed_LIFT_OBJECT_unanticipated__RQ2_R_H09_C09_F03,6,Heavy Duty Arm — Motor Overload During Lift,reduce_lift_speed(),0.5,False
R_H09_C09_F03,diagnosed_LIFT_OBJECT_unanticipated__RQ2_R_H09_C09_F03,7,Suction Arm Lift — Vacuum Loss,emergency_vacuum_pump(),0.3333333333333333,False
R_H09_C09_F04,diagnosed_LIFT_OBJECT_unanticipated__RQ2_R_H09_C09_F04,1,Lift Slip — Low Friction Surface,apply_vacuum_assist(),0.7583333333333333,True
R_H09_C09_F04,diagnosed_LIFT_OBJECT_unanticipated__RQ2_R_H09_C09_F04,2,Parallel Arm Lift — Contact Loss,reposition_and_regrip(),0.6666666666666666,False
R_H09_C09_F04,diagnosed_LIFT_OBJECT_unanticipated__RQ2_R_H09_C09_F04,3,Cobot Industrial — Incremental Heavy Part Transfer,heavy_lift(),0.6507936507936508,False
R_H09_C09_F04,diagnosed_LIFT_OBJECT_unanticipated__RQ2_R_H09_C09_F04,4,Lightweight Arm Lift — Height Verification Only,extend_lift_phase(),0.5013652631578948,False
R_H09_C09_F04,diagnosed_LIFT_OBJECT_unanticipated__RQ2_R_H09_C09_F04,5,Cobot Lift Failure — Grip Pressure,increase_grip_pressure(),0.5,False
R_H09_C09_F04,diagnosed_LIFT_OBJECT_unanticipated__RQ2_R_H09_C09_F04,6,Heavy Duty Arm — Motor Overload During Lift,reduce_lift_speed(),0.5,False
R_H09_C09_F04,diagnosed_LIFT_OBJECT_unanticipated__RQ2_R_H09_C09_F04,7,Suction Arm Lift — Vacuum Loss,emergency_vacuum_pump(),0.3333333333333333,False
R_H09_C09_F05,diagnosed_LIFT_OBJECT_unanticipated__RQ2_R_H09_C09_F05,1,Lift Slip — Low Friction Surface,apply_vacuum_assist(),0.7777777777777777,True
R_H09_C09_F05,diagnosed_LIFT_OBJECT_unanticipated__RQ2_R_H09_C09_F05,2,Parallel Arm Lift — Contact Loss,reposition_and_regrip(),0.6666666666666666,False
R_H09_C09_F05,diagnosed_LIFT_OBJECT_unanticipated__RQ2_R_H09_C09_F05,3,Cobot Industrial — Incremental Heavy Part Transfer,heavy_lift(),0.6507936507936508,False
R_H09_C09_F05,diagnosed_LIFT_OBJECT_unanticipated__RQ2_R_H09_C09_F05,4,Lightweight Arm Lift — Height Verification Only,extend_lift_phase(),0.5013652631578948,False
R_H09_C09_F05,diagnosed_LIFT_OBJECT_unanticipated__RQ2_R_H09_C09_F05,5,Cobot Lift Failure — Grip Pressure,increase_grip_pressure(),0.5,False
R_H09_C09_F05,diagnosed_LIFT_OBJECT_unanticipated__RQ2_R_H09_C09_F05,6,Heavy Duty Arm — Motor Overload During Lift,reduce_lift_speed(),0.5,False
R_H09_C09_F05,diagnosed_LIFT_OBJECT_unanticipated__RQ2_R_H09_C09_F05,7,Suction Arm Lift — Vacuum Loss,emergency_vacuum_pump(),0.3333333333333333,False
R_H09_C09_F06,diagnosed_LIFT_OBJECT_unanticipated__RQ2_R_H09_C09_F06,1,Lift Slip — Low Friction Surface,apply_vacuum_assist(),0.7555555555555555,True
R_H09_C09_F06,diagnosed_LIFT_OBJECT_unanticipated__RQ2_R_H09_C09_F06,2,Parallel Arm Lift — Contact Loss,reposition_and_regrip(),0.6666666666666666,False
R_H09_C09_F06,diagnosed_LIFT_OBJECT_unanticipated__RQ2_R_H09_C09_F06,3,Cobot Industrial — Incremental Heavy Part Transfer,heavy_lift(),0.6507936507936508,False
R_H09_C09_F06,diagnosed_LIFT_OBJECT_unanticipated__RQ2_R_H09_C09_F06,4,Lightweight Arm Lift — Height Verification Only,extend_lift_phase(),0.5013652631578948,False
R_H09_C09_F06,diagnosed_LIFT_OBJECT_unanticipated__RQ2_R_H09_C09_F06,5,Cobot Lift Failure — Grip Pressure,increase_grip_pressure(),0.5,False
R_H09_C09_F06,diagnosed_LIFT_OBJECT_unanticipated__RQ2_R_H09_C09_F06,6,Heavy Duty Arm — Motor Overload During Lift,reduce_lift_speed(),0.5,False
R_H09_C09_F06,diagnosed_LIFT_OBJECT_unanticipated__RQ2_R_H09_C09_F06,7,Suction Arm Lift — Vacuum Loss,emergency_vacuum_pump(),0.3333333333333333,False
R_H09_C09_F07,diagnosed_LIFT_OBJECT_unanticipated__RQ2_R_H09_C09_F07,1,Lift Slip — Low Friction Surface,apply_vacuum_assist(),0.7111111111111111,True
R_H09_C09_F07,diagnosed_LIFT_OBJECT_unanticipated__RQ2_R_H09_C09_F07,2,Parallel Arm Lift — Contact Loss,reposition_and_regrip(),0.6666666666666666,False
R_H09_C09_F07,diagnosed_LIFT_OBJECT_unanticipated__RQ2_R_H09_C09_F07,3,Cobot Industrial — Incremental Heavy Part Transfer,heavy_lift(),0.6507936507936508,False
R_H09_C09_F07,diagnosed_LIFT_OBJECT_unanticipated__RQ2_R_H09_C09_F07,4,Lightweight Arm Lift — Height Verification Only,extend_lift_phase(),0.5013652631578948,False
R_H09_C09_F07,diagnosed_LIFT_OBJECT_unanticipated__RQ2_R_H09_C09_F07,5,Cobot Lift Failure — Grip Pressure,increase_grip_pressure(),0.5,False
R_H09_C09_F07,diagnosed_LIFT_OBJECT_unanticipated__RQ2_R_H09_C09_F07,6,Heavy Duty Arm — Motor Overload During Lift,reduce_lift_speed(),0.5,False
R_H09_C09_F07,diagnosed_LIFT_OBJECT_unanticipated__RQ2_R_H09_C09_F07,7,Suction Arm Lift — Vacuum Loss,emergency_vacuum_pump(),0.3333333333333333,False
R_H09_C09_F08,diagnosed_LIFT_OBJECT_unanticipated__RQ2_R_H09_C09_F08,1,Lift Slip — Low Friction Surface,apply_vacuum_assist(),0.6713888888888889,True
R_H09_C09_F08,diagnosed_LIFT_OBJECT_unanticipated__RQ2_R_H09_C09_F08,2,Parallel Arm Lift — Contact Loss,reposition_and_regrip(),0.6666666666666666,False
R_H09_C09_F08,diagnosed_LIFT_OBJECT_unanticipated__RQ2_R_H09_C09_F08,3,Cobot Industrial — Incremental Heavy Part Transfer,heavy_lift(),0.6507936507936508,False
R_H09_C09_F08,diagnosed_LIFT_OBJECT_unanticipated__RQ2_R_H09_C09_F08,4,Lightweight Arm Lift — Height Verification Only,extend_lift_phase(),0.5013652631578948,False
R_H09_C09_F08,diagnosed_LIFT_OBJECT_unanticipated__RQ2_R_H09_C09_F08,5,Cobot Lift Failure — Grip Pressure,increase_grip_pressure(),0.5,False
R_H09_C09_F08,diagnosed_LIFT_OBJECT_unanticipated__RQ2_R_H09_C09_F08,6,Heavy Duty Arm — Motor Overload During Lift,reduce_lift_speed(),0.5,False
R_H09_C09_F08,diagnosed_LIFT_OBJECT_unanticipated__RQ2_R_H09_C09_F08,7,Suction Arm Lift — Vacuum Loss,emergency_vacuum_pump(),0.3333333333333333,False
R_H09_C09_F09,diagnosed_LIFT_OBJECT_unanticipated__RQ2_R_H09_C09_F09,1,Lift Slip — Low Friction Surface,apply_vacuum_assist(),0.6666666666666666,True
R_H09_C09_F09,diagnosed_LIFT_OBJECT_unanticipated__RQ2_R_H09_C09_F09,2,Parallel Arm Lift — Contact Loss,reposition_and_regrip(),0.6666666666666666,False
R_H09_C09_F09,diagnosed_LIFT_OBJECT_unanticipated__RQ2_R_H09_C09_F09,3,Cobot Industrial — Incremental Heavy Part Transfer,heavy_lift(),0.6507936507936508,False
R_H09_C09_F09,diagnosed_LIFT_OBJECT_unanticipated__RQ2_R_H09_C09_F09,4,Lightweight Arm Lift — Height Verification Only,extend_lift_phase(),0.5013652631578948,False
R_H09_C09_F09,diagnosed_LIFT_OBJECT_unanticipated__RQ2_R_H09_C09_F09,5,Cobot Lift Failure — Grip Pressure,increase_grip_pressure(),0.5,False
R_H09_C09_F09,diagnosed_LIFT_OBJECT_unanticipated__RQ2_R_H09_C09_F09,6,Heavy Duty Arm — Motor Overload During Lift,reduce_lift_speed(),0.5,False
R_H09_C09_F09,diagnosed_LIFT_OBJECT_unanticipated__RQ2_R_H09_C09_F09,7,Suction Arm Lift — Vacuum Loss,emergency_vacuum_pump(),0.3333333333333333,False
R_H09_C09_F10,diagnosed_LIFT_OBJECT_unanticipated__RQ2_R_H09_C09_F10,1,Lift Slip — Low Friction Surface,apply_vacuum_assist(),0.6666666666666666,True
R_H09_C09_F10,diagnosed_LIFT_OBJECT_unanticipated__RQ2_R_H09_C09_F10,2,Parallel Arm Lift — Contact Loss,reposition_and_regrip(),0.6666666666666666,False
R_H09_C09_F10,diagnosed_LIFT_OBJECT_unanticipated__RQ2_R_H09_C09_F10,3,Cobot Industrial — Incremental Heavy Part Transfer,heavy_lift(),0.6507936507936508,False
R_H09_C09_F10,diagnosed_LIFT_OBJECT_unanticipated__RQ2_R_H09_C09_F10,4,Lightweight Arm Lift — Height Verification Only,extend_lift_phase(),0.5013652631578948,False
R_H09_C09_F10,diagnosed_LIFT_OBJECT_unanticipated__RQ2_R_H09_C09_F10,5,Cobot Lift Failure — Grip Pressure,increase_grip_pressure(),0.5,False
R_H09_C09_F10,diagnosed_LIFT_OBJECT_unanticipated__RQ2_R_H09_C09_F10,6,Heavy Duty Arm — Motor Overload During Lift,reduce_lift_speed(),0.5,False
R_H09_C09_F10,diagnosed_LIFT_OBJECT_unanticipated__RQ2_R_H09_C09_F10,7,Suction Arm Lift — Vacuum Loss,emergency_vacuum_pump(),0.3333333333333333,False
R_H09_C10_F01,diagnosed_LIFT_OBJECT_unanticipated__RQ2_R_H09_C10_F01,1,Lift Slip — Low Friction Surface,apply_vacuum_assist(),0.6944444444444443,True
R_H09_C10_F01,diagnosed_LIFT_OBJECT_unanticipated__RQ2_R_H09_C10_F01,2,Parallel Arm Lift — Contact Loss,reposition_and_regrip(),0.6666666666666666,False
R_H09_C10_F01,diagnosed_LIFT_OBJECT_unanticipated__RQ2_R_H09_C10_F01,3,Cobot Industrial — Incremental Heavy Part Transfer,heavy_lift(),0.6507936507936508,False
R_H09_C10_F01,diagnosed_LIFT_OBJECT_unanticipated__RQ2_R_H09_C10_F01,4,Lightweight Arm Lift — Height Verification Only,extend_lift_phase(),0.5013652631578948,False
R_H09_C10_F01,diagnosed_LIFT_OBJECT_unanticipated__RQ2_R_H09_C10_F01,5,Cobot Lift Failure — Grip Pressure,increase_grip_pressure(),0.5,False
R_H09_C10_F01,diagnosed_LIFT_OBJECT_unanticipated__RQ2_R_H09_C10_F01,6,Heavy Duty Arm — Motor Overload During Lift,reduce_lift_speed(),0.5,False
R_H09_C10_F01,diagnosed_LIFT_OBJECT_unanticipated__RQ2_R_H09_C10_F01,7,Suction Arm Lift — Vacuum Loss,emergency_vacuum_pump(),0.3333333333333333,False
R_H09_C10_F02,diagnosed_LIFT_OBJECT_unanticipated__RQ2_R_H09_C10_F02,1,Lift Slip — Low Friction Surface,apply_vacuum_assist(),0.75,True
R_H09_C10_F02,diagnosed_LIFT_OBJECT_unanticipated__RQ2_R_H09_C10_F02,2,Parallel Arm Lift — Contact Loss,reposition_and_regrip(),0.6666666666666666,False
R_H09_C10_F02,diagnosed_LIFT_OBJECT_unanticipated__RQ2_R_H09_C10_F02,3,Cobot Industrial — Incremental Heavy Part Transfer,heavy_lift(),0.6507936507936508,False
R_H09_C10_F02,diagnosed_LIFT_OBJECT_unanticipated__RQ2_R_H09_C10_F02,4,Lightweight Arm Lift — Height Verification Only,extend_lift_phase(),0.5013652631578948,False
R_H09_C10_F02,diagnosed_LIFT_OBJECT_unanticipated__RQ2_R_H09_C10_F02,5,Cobot Lift Failure — Grip Pressure,increase_grip_pressure(),0.5,False
R_H09_C10_F02,diagnosed_LIFT_OBJECT_unanticipated__RQ2_R_H09_C10_F02,6,Heavy Duty Arm — Motor Overload During Lift,reduce_lift_speed(),0.5,False
R_H09_C10_F02,diagnosed_LIFT_OBJECT_unanticipated__RQ2_R_H09_C10_F02,7,Suction Arm Lift — Vacuum Loss,emergency_vacuum_pump(),0.3333333333333333,False
R_H09_C10_F03,diagnosed_LIFT_OBJECT_unanticipated__RQ2_R_H09_C10_F03,1,Lift Slip — Low Friction Surface,apply_vacuum_assist(),0.7541666666666668,True
R_H09_C10_F03,diagnosed_LIFT_OBJECT_unanticipated__RQ2_R_H09_C10_F03,2,Parallel Arm Lift — Contact Loss,reposition_and_regrip(),0.6666666666666666,False
R_H09_C10_F03,diagnosed_LIFT_OBJECT_unanticipated__RQ2_R_H09_C10_F03,3,Cobot Industrial — Incremental Heavy Part Transfer,heavy_lift(),0.6507936507936508,False
R_H09_C10_F03,diagnosed_LIFT_OBJECT_unanticipated__RQ2_R_H09_C10_F03,4,Lightweight Arm Lift — Height Verification Only,extend_lift_phase(),0.5013652631578948,False
R_H09_C10_F03,diagnosed_LIFT_OBJECT_unanticipated__RQ2_R_H09_C10_F03,5,Cobot Lift Failure — Grip Pressure,increase_grip_pressure(),0.5,False
R_H09_C10_F03,diagnosed_LIFT_OBJECT_unanticipated__RQ2_R_H09_C10_F03,6,Heavy Duty Arm — Motor Overload During Lift,reduce_lift_speed(),0.5,False
R_H09_C10_F03,diagnosed_LIFT_OBJECT_unanticipated__RQ2_R_H09_C10_F03,7,Suction Arm Lift — Vacuum Loss,emergency_vacuum_pump(),0.3333333333333333,False
R_H09_C10_F04,diagnosed_LIFT_OBJECT_unanticipated__RQ2_R_H09_C10_F04,1,Lift Slip — Low Friction Surface,apply_vacuum_assist(),0.7583333333333333,True
R_H09_C10_F04,diagnosed_LIFT_OBJECT_unanticipated__RQ2_R_H09_C10_F04,2,Parallel Arm Lift — Contact Loss,reposition_and_regrip(),0.6666666666666666,False
R_H09_C10_F04,diagnosed_LIFT_OBJECT_unanticipated__RQ2_R_H09_C10_F04,3,Cobot Industrial — Incremental Heavy Part Transfer,heavy_lift(),0.6507936507936508,False
R_H09_C10_F04,diagnosed_LIFT_OBJECT_unanticipated__RQ2_R_H09_C10_F04,4,Lightweight Arm Lift — Height Verification Only,extend_lift_phase(),0.5013652631578948,False
R_H09_C10_F04,diagnosed_LIFT_OBJECT_unanticipated__RQ2_R_H09_C10_F04,5,Cobot Lift Failure — Grip Pressure,increase_grip_pressure(),0.5,False
R_H09_C10_F04,diagnosed_LIFT_OBJECT_unanticipated__RQ2_R_H09_C10_F04,6,Heavy Duty Arm — Motor Overload During Lift,reduce_lift_speed(),0.5,False
R_H09_C10_F04,diagnosed_LIFT_OBJECT_unanticipated__RQ2_R_H09_C10_F04,7,Suction Arm Lift — Vacuum Loss,emergency_vacuum_pump(),0.3333333333333333,False
R_H09_C10_F05,diagnosed_LIFT_OBJECT_unanticipated__RQ2_R_H09_C10_F05,1,Lift Slip — Low Friction Surface,apply_vacuum_assist(),0.7777777777777777,True
R_H09_C10_F05,diagnosed_LIFT_OBJECT_unanticipated__RQ2_R_H09_C10_F05,2,Parallel Arm Lift — Contact Loss,reposition_and_regrip(),0.6666666666666666,False
R_H09_C10_F05,diagnosed_LIFT_OBJECT_unanticipated__RQ2_R_H09_C10_F05,3,Cobot Industrial — Incremental Heavy Part Transfer,heavy_lift(),0.6507936507936508,False
R_H09_C10_F05,diagnosed_LIFT_OBJECT_unanticipated__RQ2_R_H09_C10_F05,4,Lightweight Arm Lift — Height Verification Only,extend_lift_phase(),0.5013652631578948,False
R_H09_C10_F05,diagnosed_LIFT_OBJECT_unanticipated__RQ2_R_H09_C10_F05,5,Cobot Lift Failure — Grip Pressure,increase_grip_pressure(),0.5,False
R_H09_C10_F05,diagnosed_LIFT_OBJECT_unanticipated__RQ2_R_H09_C10_F05,6,Heavy Duty Arm — Motor Overload During Lift,reduce_lift_speed(),0.5,False
R_H09_C10_F05,diagnosed_LIFT_OBJECT_unanticipated__RQ2_R_H09_C10_F05,7,Suction Arm Lift — Vacuum Loss,emergency_vacuum_pump(),0.3333333333333333,False
R_H09_C10_F06,diagnosed_LIFT_OBJECT_unanticipated__RQ2_R_H09_C10_F06,1,Lift Slip — Low Friction Surface,apply_vacuum_assist(),0.7555555555555555,True
R_H09_C10_F06,diagnosed_LIFT_OBJECT_unanticipated__RQ2_R_H09_C10_F06,2,Parallel Arm Lift — Contact Loss,reposition_and_regrip(),0.6666666666666666,False
R_H09_C10_F06,diagnosed_LIFT_OBJECT_unanticipated__RQ2_R_H09_C10_F06,3,Cobot Industrial — Incremental Heavy Part Transfer,heavy_lift(),0.6507936507936508,False
R_H09_C10_F06,diagnosed_LIFT_OBJECT_unanticipated__RQ2_R_H09_C10_F06,4,Lightweight Arm Lift — Height Verification Only,extend_lift_phase(),0.5013652631578948,False
R_H09_C10_F06,diagnosed_LIFT_OBJECT_unanticipated__RQ2_R_H09_C10_F06,5,Cobot Lift Failure — Grip Pressure,increase_grip_pressure(),0.5,False
R_H09_C10_F06,diagnosed_LIFT_OBJECT_unanticipated__RQ2_R_H09_C10_F06,6,Heavy Duty Arm — Motor Overload During Lift,reduce_lift_speed(),0.5,False
R_H09_C10_F06,diagnosed_LIFT_OBJECT_unanticipated__RQ2_R_H09_C10_F06,7,Suction Arm Lift — Vacuum Loss,emergency_vacuum_pump(),0.3333333333333333,False
R_H09_C10_F07,diagnosed_LIFT_OBJECT_unanticipated__RQ2_R_H09_C10_F07,1,Lift Slip — Low Friction Surface,apply_vacuum_assist(),0.7111111111111111,True
R_H09_C10_F07,diagnosed_LIFT_OBJECT_unanticipated__RQ2_R_H09_C10_F07,2,Parallel Arm Lift — Contact Loss,reposition_and_regrip(),0.6666666666666666,False
R_H09_C10_F07,diagnosed_LIFT_OBJECT_unanticipated__RQ2_R_H09_C10_F07,3,Cobot Industrial — Incremental Heavy Part Transfer,heavy_lift(),0.6507936507936508,False
R_H09_C10_F07,diagnosed_LIFT_OBJECT_unanticipated__RQ2_R_H09_C10_F07,4,Lightweight Arm Lift — Height Verification Only,extend_lift_phase(),0.5013652631578948,False
R_H09_C10_F07,diagnosed_LIFT_OBJECT_unanticipated__RQ2_R_H09_C10_F07,5,Cobot Lift Failure — Grip Pressure,increase_grip_pressure(),0.5,False
R_H09_C10_F07,diagnosed_LIFT_OBJECT_unanticipated__RQ2_R_H09_C10_F07,6,Heavy Duty Arm — Motor Overload During Lift,reduce_lift_speed(),0.5,False
R_H09_C10_F07,diagnosed_LIFT_OBJECT_unanticipated__RQ2_R_H09_C10_F07,7,Suction Arm Lift — Vacuum Loss,emergency_vacuum_pump(),0.3333333333333333,False
R_H09_C10_F08,diagnosed_LIFT_OBJECT_unanticipated__RQ2_R_H09_C10_F08,1,Lift Slip — Low Friction Surface,apply_vacuum_assist(),0.6713888888888889,True
R_H09_C10_F08,diagnosed_LIFT_OBJECT_unanticipated__RQ2_R_H09_C10_F08,2,Parallel Arm Lift — Contact Loss,reposition_and_regrip(),0.6666666666666666,False
R_H09_C10_F08,diagnosed_LIFT_OBJECT_unanticipated__RQ2_R_H09_C10_F08,3,Cobot Industrial — Incremental Heavy Part Transfer,heavy_lift(),0.6507936507936508,False
R_H09_C10_F08,diagnosed_LIFT_OBJECT_unanticipated__RQ2_R_H09_C10_F08,4,Lightweight Arm Lift — Height Verification Only,extend_lift_phase(),0.5013652631578948,False
R_H09_C10_F08,diagnosed_LIFT_OBJECT_unanticipated__RQ2_R_H09_C10_F08,5,Cobot Lift Failure — Grip Pressure,increase_grip_pressure(),0.5,False
R_H09_C10_F08,diagnosed_LIFT_OBJECT_unanticipated__RQ2_R_H09_C10_F08,6,Heavy Duty Arm — Motor Overload During Lift,reduce_lift_speed(),0.5,False
R_H09_C10_F08,diagnosed_LIFT_OBJECT_unanticipated__RQ2_R_H09_C10_F08,7,Suction Arm Lift — Vacuum Loss,emergency_vacuum_pump(),0.3333333333333333,False
R_H09_C10_F09,diagnosed_LIFT_OBJECT_unanticipated__RQ2_R_H09_C10_F09,1,Lift Slip — Low Friction Surface,apply_vacuum_assist(),0.6666666666666666,True
R_H09_C10_F09,diagnosed_LIFT_OBJECT_unanticipated__RQ2_R_H09_C10_F09,2,Parallel Arm Lift — Contact Loss,reposition_and_regrip(),0.6666666666666666,False
R_H09_C10_F09,diagnosed_LIFT_OBJECT_unanticipated__RQ2_R_H09_C10_F09,3,Cobot Industrial — Incremental Heavy Part Transfer,heavy_lift(),0.6507936507936508,False
R_H09_C10_F09,diagnosed_LIFT_OBJECT_unanticipated__RQ2_R_H09_C10_F09,4,Lightweight Arm Lift — Height Verification Only,extend_lift_phase(),0.5013652631578948,False
R_H09_C10_F09,diagnosed_LIFT_OBJECT_unanticipated__RQ2_R_H09_C10_F09,5,Cobot Lift Failure — Grip Pressure,increase_grip_pressure(),0.5,False
R_H09_C10_F09,diagnosed_LIFT_OBJECT_unanticipated__RQ2_R_H09_C10_F09,6,Heavy Duty Arm — Motor Overload During Lift,reduce_lift_speed(),0.5,False
R_H09_C10_F09,diagnosed_LIFT_OBJECT_unanticipated__RQ2_R_H09_C10_F09,7,Suction Arm Lift — Vacuum Loss,emergency_vacuum_pump(),0.3333333333333333,False
R_H09_C10_F10,diagnosed_LIFT_OBJECT_unanticipated__RQ2_R_H09_C10_F10,1,Lift Slip — Low Friction Surface,apply_vacuum_assist(),0.6666666666666666,True
R_H09_C10_F10,diagnosed_LIFT_OBJECT_unanticipated__RQ2_R_H09_C10_F10,2,Parallel Arm Lift — Contact Loss,reposition_and_regrip(),0.6666666666666666,False
R_H09_C10_F10,diagnosed_LIFT_OBJECT_unanticipated__RQ2_R_H09_C10_F10,3,Cobot Industrial — Incremental Heavy Part Transfer,heavy_lift(),0.6507936507936508,False
R_H09_C10_F10,diagnosed_LIFT_OBJECT_unanticipated__RQ2_R_H09_C10_F10,4,Lightweight Arm Lift — Height Verification Only,extend_lift_phase(),0.5013652631578948,False
R_H09_C10_F10,diagnosed_LIFT_OBJECT_unanticipated__RQ2_R_H09_C10_F10,5,Cobot Lift Failure — Grip Pressure,increase_grip_pressure(),0.5,False
R_H09_C10_F10,diagnosed_LIFT_OBJECT_unanticipated__RQ2_R_H09_C10_F10,6,Heavy Duty Arm — Motor Overload During Lift,reduce_lift_speed(),0.5,False
R_H09_C10_F10,diagnosed_LIFT_OBJECT_unanticipated__RQ2_R_H09_C10_F10,7,Suction Arm Lift — Vacuum Loss,emergency_vacuum_pump(),0.3333333333333333,False
