experiment_id,desired_scenario,description,top1_candidate_name,top1_do,top1_similarity,reference_rank,reference_similarity,best_competitor_name,best_competitor_similarity,margin_signed,top1_is_reference,is_exact_tie_at_top,top1_matches_baseline
A0,diagnosed_LIFT_OBJECT_unanticipated__RQ2_A0_baseline_full_context,baseline full context,Lift Slip — Low Friction Surface,apply_vacuum_assist(),0.9763888888888889,1,0.9763888888888889,Parallel Arm Lift — Contact Loss,0.896551724137931,0.07983716475095781,True,False,True
A1,diagnosed_LIFT_OBJECT_unanticipated__RQ2_A1_omit_friction,omit friction,Parallel Arm Lift — Contact Loss,reposition_and_regrip(),1.0,2,0.9841269841269842,Parallel Arm Lift — Contact Loss,1.0,-0.015873015873015817,False,False,False
A2,diagnosed_LIFT_OBJECT_unanticipated__RQ2_A2_omit_contacts,omit contacts,Lift Slip — Low Friction Surface,apply_vacuum_assist(),0.9487103174603174,1,0.9487103174603174,Parallel Arm Lift — Contact Loss,0.8333333333333334,0.11537698412698405,True,False,True
A3,diagnosed_LIFT_OBJECT_unanticipated__RQ2_A3_omit_height,omit height,Lift Slip — Low Friction Surface,apply_vacuum_assist(),0.9487103174603174,1,0.9487103174603174,Parallel Arm Lift — Contact Loss,0.8333333333333334,0.11537698412698405,True,False,True
A4,diagnosed_LIFT_OBJECT_unanticipated__RQ2_A4_height_only,height only,Parallel Arm Lift — Contact Loss,reposition_and_regrip(),0.9696969696969697,2,0.9444444444444445,Parallel Arm Lift — Contact Loss,0.9696969696969697,-0.025252525252525193,False,False,False
A5,diagnosed_LIFT_OBJECT_unanticipated__RQ2_A5_contacts_only,contacts only,Parallel Arm Lift — Contact Loss,reposition_and_regrip(),0.9696969696969697,2,0.9444444444444445,Parallel Arm Lift — Contact Loss,0.9696969696969697,-0.025252525252525193,False,False,False
A6,diagnosed_LIFT_OBJECT_unanticipated__RQ2_A6_friction_only,friction only,Lift Slip — Low Friction Surface,apply_vacuum_assist(),0.8736111111111112,1,0.8736111111111112,Parallel Arm Lift — Contact Loss,0.6666666666666666,0.2069444444444446,True,False,True
B1,diagnosed_LIFT_OBJECT_unanticipated__RQ2_B1_incremental_step1_add_mass,incremental step1 add mass,Lift Slip — Low Friction Surface,apply_vacuum_assist(),0.899465811965812,1,0.899465811965812,Cobot Industrial — Incremental Heavy Part Transfer,0.8865480952380951,0.01291771672771691,True,False,True
B2,diagnosed_LIFT_OBJECT_unanticipated__RQ2_B2_incremental_step2_add_mass_gripper_width,incremental step2 add mass gripper width,Lift Slip — Low Friction Surface,apply_vacuum_assist(),0.8513888888888889,1,0.8513888888888889,Cobot Industrial — Incremental Heavy Part Transfer,0.8406297278911564,0.010759160997732442,True,False,True
B3,diagnosed_LIFT_OBJECT_unanticipated__RQ2_B3_incremental_step3_add_mass_gripper_width_grasp_attempts,incremental step3 add mass gripper width grasp attempts,Lift Slip — Low Friction Surface,apply_vacuum_assist(),0.8184941520467836,1,0.8184941520467836,Cobot Industrial — Incremental Heavy Part Transfer,0.8089618883415435,0.009532263705240074,True,False,True
C01,diagnosed_LIFT_OBJECT_unanticipated__RQ2_C01_friction_0p340,friction 0.340,Lift Slip — Low Friction Surface,apply_vacuum_assist(),0.9833333333333334,1,0.9833333333333334,Parallel Arm Lift — Contact Loss,0.896551724137931,0.08678160919540234,True,False,True
C02,diagnosed_LIFT_OBJECT_unanticipated__RQ2_C02_friction_0p335,friction 0.335,Lift Slip — Low Friction Surface,apply_vacuum_assist(),0.9819444444444444,1,0.9819444444444444,Parallel Arm Lift — Contact Loss,0.896551724137931,0.08539272030651335,True,False,True
C03,diagnosed_LIFT_OBJECT_unanticipated__RQ2_C03_friction_0p330,friction 0.330,Lift Slip — Low Friction Surface,apply_vacuum_assist(),0.9805555555555556,1,0.9805555555555556,Parallel Arm Lift — Contact Loss,0.896551724137931,0.08400383141762457,True,False,True
C04,diagnosed_LIFT_OBJECT_unanticipated__RQ2_C04_friction_0p3275,friction 0.3275,Lift Slip — Low Friction Surface,apply_vacuum_assist(),0.9798611111111111,1,0.9798611111111111,Parallel Arm Lift — Contact Loss,0.896551724137931,0.08330938697318002,True,False,True
C05,diagnosed_LIFT_OBJECT_unanticipated__RQ2_C05_friction_0p325,friction 0.325,Lift Slip — Low Friction Surface,apply_vacuum_assist(),0.9791666666666666,1,0.9791666666666666,Parallel Arm Lift — Contact Loss,0.896551724137931,0.08261494252873558,True,False,True
C06,diagnosed_LIFT_OBJECT_unanticipated__RQ2_C06_friction_0p3225,friction 0.3225,Lift Slip — Low Friction Surface,apply_vacuum_assist(),0.9784722222222223,1,0.9784722222222223,Parallel Arm Lift — Contact Loss,0.896551724137931,0.08192049808429125,True,False,True
C07,diagnosed_LIFT_OBJECT_unanticipated__RQ2_C07_friction_0p320,friction 0.320,Lift Slip — Low Friction Surface,apply_vacuum_assist(),0.9777777777777777,1,0.9777777777777777,Parallel Arm Lift — Contact Loss,0.896551724137931,0.0812260536398467,True,False,True
C09,diagnosed_LIFT_OBJECT_unanticipated__RQ2_C09_friction_0p310,friction 0.310,Lift Slip — Low Friction Surface,apply_vacuum_assist(),0.975,1,0.975,Parallel Arm Lift — Contact Loss,0.896551724137931,0.07844827586206893,True,False,True
C10,diagnosed_LIFT_OBJECT_unanticipated__RQ2_C10_friction_0p305,friction 0.305,Lift Slip — Low Friction Surface,apply_vacuum_assist(),0.9736111111111111,1,0.9736111111111111,Parallel Arm Lift — Contact Loss,0.896551724137931,0.07705938697318004,True,False,True
C11,diagnosed_LIFT_OBJECT_unanticipated__RQ2_C11_friction_0p300,friction 0.300,Lift Slip — Low Friction Surface,apply_vacuum_assist(),0.9722222222222222,1,0.9722222222222222,Parallel Arm Lift — Contact Loss,0.896551724137931,0.07567049808429116,True,False,True
C12,diagnosed_LIFT_OBJECT_unanticipated__RQ2_C12_friction_0p290,friction 0.290,Lift Slip — Low Friction Surface,apply_vacuum_assist(),0.9694444444444444,1,0.9694444444444444,Parallel Arm Lift — Contact Loss,0.896551724137931,0.07289272030651339,True,False,True
C13,diagnosed_LIFT_OBJECT_unanticipated__RQ2_C13_friction_0p280,friction 0.280,Lift Slip — Low Friction Surface,apply_vacuum_assist(),0.9666666666666667,1,0.9666666666666667,Parallel Arm Lift — Contact Loss,0.896551724137931,0.07011494252873562,True,False,True
C14,diagnosed_LIFT_OBJECT_unanticipated__RQ2_C14_friction_0p270,friction 0.270,Lift Slip — Low Friction Surface,apply_vacuum_assist(),0.9638888888888889,1,0.9638888888888889,Parallel Arm Lift — Contact Loss,0.896551724137931,0.06733716475095786,True,False,True
C15,diagnosed_LIFT_OBJECT_unanticipated__RQ2_C15_friction_0p260,friction 0.260,Lift Slip — Low Friction Surface,apply_vacuum_assist(),0.9611111111111111,1,0.9611111111111111,Parallel Arm Lift — Contact Loss,0.896551724137931,0.06455938697318009,True,False,True
C16,diagnosed_LIFT_OBJECT_unanticipated__RQ2_C16_friction_0p255,friction 0.255,Lift Slip — Low Friction Surface,apply_vacuum_assist(),0.9597222222222223,1,0.9597222222222223,Parallel Arm Lift — Contact Loss,0.896551724137931,0.0631704980842912,True,False,True
R_H01_C01_F01,diagnosed_LIFT_OBJECT_unanticipated__RQ2_R_H01_C01_F01,H01/C01/F01,Lift Slip — Low Friction Surface,apply_vacuum_assist(),0.7438266666666666,1,0.7438266666666666,Parallel Arm Lift — Contact Loss,0.6666666666666666,0.07716,True,False,True
R_H01_C01_F02,diagnosed_LIFT_OBJECT_unanticipated__RQ2_R_H01_C01_F02,H01/C01/F02,Lift Slip — Low Friction Surface,apply_vacuum_assist(),0.7993822222222221,1,0.7993822222222221,Parallel Arm Lift — Contact Loss,0.6666666666666666,0.13271555555555548,True,False,True
R_H01_C01_F03,diagnosed_LIFT_OBJECT_unanticipated__RQ2_R_H01_C01_F03,H01/C01/F03,Lift Slip — Low Friction Surface,apply_vacuum_assist(),0.8035488888888889,1,0.8035488888888889,Parallel Arm Lift — Contact Loss,0.6666666666666666,0.13688222222222224,True,False,True
R_H01_C01_F04,diagnosed_LIFT_OBJECT_unanticipated__RQ2_R_H01_C01_F04,H01/C01/F04,Lift Slip — Low Friction Surface,apply_vacuum_assist(),0.8077155555555556,1,0.8077155555555556,Parallel Arm Lift — Contact Loss,0.6666666666666666,0.141048888888889,True,False,True
R_H01_C01_F05,diagnosed_LIFT_OBJECT_unanticipated__RQ2_R_H01_C01_F05,H01/C01/F05,Lift Slip — Low Friction Surface,apply_vacuum_assist(),0.82716,1,0.82716,Parallel Arm Lift — Contact Loss,0.6666666666666666,0.16049333333333338,True,False,True
R_H01_C01_F06,diagnosed_LIFT_OBJECT_unanticipated__RQ2_R_H01_C01_F06,H01/C01/F06,Lift Slip — Low Friction Surface,apply_vacuum_assist(),0.8049377777777776,1,0.8049377777777776,Parallel Arm Lift — Contact Loss,0.6666666666666666,0.138271111111111,True,False,True
R_H01_C01_F07,diagnosed_LIFT_OBJECT_unanticipated__RQ2_R_H01_C01_F07,H01/C01/F07,Lift Slip — Low Friction Surface,apply_vacuum_assist(),0.7604933333333334,1,0.7604933333333334,Parallel Arm Lift — Contact Loss,0.6666666666666666,0.09382666666666672,True,False,True
R_H01_C01_F08,diagnosed_LIFT_OBJECT_unanticipated__RQ2_R_H01_C01_F08,H01/C01/F08,Lift Slip — Low Friction Surface,apply_vacuum_assist(),0.7207711111111111,1,0.7207711111111111,Parallel Arm Lift — Contact Loss,0.6666666666666666,0.05410444444444451,True,False,True
R_H01_C01_F09,diagnosed_LIFT_OBJECT_unanticipated__RQ2_R_H01_C01_F09,H01/C01/F09,Lift Slip — Low Friction Surface,apply_vacuum_assist(),0.7160488888888888,1,0.7160488888888888,Parallel Arm Lift — Contact Loss,0.6666666666666666,0.049382222222222216,True,False,True
R_H01_C01_F10,diagnosed_LIFT_OBJECT_unanticipated__RQ2_R_H01_C01_F10,H01/C01/F10,Lift Slip — Low Friction Surface,apply_vacuum_assist(),0.7160488888888888,1,0.7160488888888888,Parallel Arm Lift — Contact Loss,0.6666666666666666,0.049382222222222216,True,False,True
R_H01_C02_F01,diagnosed_LIFT_OBJECT_unanticipated__RQ2_R_H01_C02_F01,H01/C02/F01,Lift Slip — Low Friction Surface,apply_vacuum_assist(),0.8549377777777778,1,0.8549377777777778,Parallel Arm Lift — Contact Loss,0.8039583908045977,0.05097938697318005,True,False,True
R_H01_C02_F02,diagnosed_LIFT_OBJECT_unanticipated__RQ2_R_H01_C02_F02,H01/C02/F02,Lift Slip — Low Friction Surface,apply_vacuum_assist(),0.9104933333333333,1,0.9104933333333333,Parallel Arm Lift — Contact Loss,0.8039583908045977,0.10653494252873552,True,False,True
R_H01_C02_F03,diagnosed_LIFT_OBJECT_unanticipated__RQ2_R_H01_C02_F03,H01/C02/F03,Lift Slip — Low Friction Surface,apply_vacuum_assist(),0.91466,1,0.91466,Parallel Arm Lift — Contact Loss,0.8039583908045977,0.11070160919540228,True,False,True
R_H01_C02_F04,diagnosed_LIFT_OBJECT_unanticipated__RQ2_R_H01_C02_F04,H01/C02/F04,Lift Slip — Low Friction Surface,apply_vacuum_assist(),0.9188266666666666,1,0.9188266666666666,Parallel Arm Lift — Contact Loss,0.8039583908045977,0.11486827586206882,True,False,True
R_H01_C02_F05,diagnosed_LIFT_OBJECT_unanticipated__RQ2_R_H01_C02_F05,H01/C02/F05,Lift Slip — Low Friction Surface,apply_vacuum_assist(),0.9382711111111112,1,0.9382711111111112,Parallel Arm Lift — Contact Loss,0.8039583908045977,0.13431272030651342,True,False,True
R_H01_C02_F06,diagnosed_LIFT_OBJECT_unanticipated__RQ2_R_H01_C02_F06,H01/C02/F06,Lift Slip — Low Friction Surface,apply_vacuum_assist(),0.9160488888888888,1,0.9160488888888888,Parallel Arm Lift — Contact Loss,0.8039583908045977,0.11209049808429106,True,False,True
R_H01_C02_F07,diagnosed_LIFT_OBJECT_unanticipated__RQ2_R_H01_C02_F07,H01/C02/F07,Lift Slip — Low Friction Surface,apply_vacuum_assist(),0.8716044444444444,1,0.8716044444444444,Parallel Arm Lift — Contact Loss,0.8039583908045977,0.06764605363984666,True,False,True
R_H01_C02_F08,diagnosed_LIFT_OBJECT_unanticipated__RQ2_R_H01_C02_F08,H01/C02/F08,Lift Slip — Low Friction Surface,apply_vacuum_assist(),0.8318822222222222,1,0.8318822222222222,Parallel Arm Lift — Contact Loss,0.8039583908045977,0.027923831417624445,True,False,True
R_H01_C02_F09,diagnosed_LIFT_OBJECT_unanticipated__RQ2_R_H01_C02_F09,H01/C02/F09,Lift Slip — Low Friction Surface,apply_vacuum_assist(),0.82716,1,0.82716,Parallel Arm Lift — Contact Loss,0.8039583908045977,0.023201609195402262,True,False,True
R_H01_C02_F10,diagnosed_LIFT_OBJECT_unanticipated__RQ2_R_H01_C02_F10,H01/C02/F10,Lift Slip — Low Friction Surface,apply_vacuum_assist(),0.82716,1,0.82716,Parallel Arm Lift — Contact Loss,0.8039583908045977,0.023201609195402262,True,False,True
R_H01_C03_F01,diagnosed_LIFT_OBJECT_unanticipated__RQ2_R_H01_C03_F01,H01/C03/F01,Lift Slip — Low Friction Surface,apply_vacuum_assist(),0.7993822222222221,1,0.7993822222222221,Parallel Arm Lift — Contact Loss,0.7206250574712644,0.07875716475095773,True,False,True
R_H01_C03_F02,diagnosed_LIFT_OBJECT_unanticipated__RQ2_R_H01_C03_F02,H01/C03/F02,Lift Slip — Low Friction Surface,apply_vacuum_assist(),0.8549377777777778,1,0.8549377777777778,Parallel Arm Lift — Contact Loss,0.7206250574712644,0.13431272030651342,True,False,True
R_H01_C03_F03,diagnosed_LIFT_OBJECT_unanticipated__RQ2_R_H01_C03_F03,H01/C03/F03,Lift Slip — Low Friction Surface,apply_vacuum_assist(),0.8591044444444443,1,0.8591044444444443,Parallel Arm Lift — Contact Loss,0.7206250574712644,0.13847938697317996,True,False,True
R_H01_C03_F04,diagnosed_LIFT_OBJECT_unanticipated__RQ2_R_H01_C03_F04,H01/C03/F04,Lift Slip — Low Friction Surface,apply_vacuum_assist(),0.8632711111111111,1,0.8632711111111111,Parallel Arm Lift — Contact Loss,0.7206250574712644,0.14264605363984673,True,False,True
R_H01_C03_F05,diagnosed_LIFT_OBJECT_unanticipated__RQ2_R_H01_C03_F05,H01/C03/F05,Lift Slip — Low Friction Surface,apply_vacuum_assist(),0.8827155555555555,1,0.8827155555555555,Parallel Arm Lift — Contact Loss,0.7206250574712644,0.1620904980842911,True,False,True
R_H01_C03_F06,diagnosed_LIFT_OBJECT_unanticipated__RQ2_R_H01_C03_F06,H01/C03/F06,Lift Slip — Low Friction Surface,apply_vacuum_assist(),0.8604933333333333,1,0.8604933333333333,Parallel Arm Lift — Contact Loss,0.7206250574712644,0.13986827586206896,True,False,True
R_H01_C03_F07,diagnosed_LIFT_OBJECT_unanticipated__RQ2_R_H01_C03_F07,H01/C03/F07,Lift Slip — Low Friction Surface,apply_vacuum_assist(),0.8160488888888889,1,0.8160488888888889,Parallel Arm Lift — Contact Loss,0.7206250574712644,0.09542383141762456,True,False,True
R_H01_C03_F08,diagnosed_LIFT_OBJECT_unanticipated__RQ2_R_H01_C03_F08,H01/C03/F08,Lift Slip — Low Friction Surface,apply_vacuum_assist(),0.7763266666666667,1,0.7763266666666667,Parallel Arm Lift — Contact Loss,0.7206250574712644,0.055701609195402346,True,False,True
R_H01_C03_F09,diagnosed_LIFT_OBJECT_unanticipated__RQ2_R_H01_C03_F09,H01/C03/F09,Lift Slip — Low Friction Surface,apply_vacuum_assist(),0.7716044444444444,1,0.7716044444444444,Parallel Arm Lift — Contact Loss,0.7206250574712644,0.05097938697318005,True,False,True
R_H01_C03_F10,diagnosed_LIFT_OBJECT_unanticipated__RQ2_R_H01_C03_F10,H01/C03/F10,Lift Slip — Low Friction Surface,apply_vacuum_assist(),0.7716044444444444,1,0.7716044444444444,Parallel Arm Lift — Contact Loss,0.7206250574712644,0.05097938697318005,True,False,True
R_H01_C04_F01,diagnosed_LIFT_OBJECT_unanticipated__RQ2_R_H01_C04_F01,H01/C04/F01,Lift Slip — Low Friction Surface,apply_vacuum_assist(),0.7808633333333334,1,0.7808633333333334,Parallel Arm Lift — Contact Loss,0.6928467241379311,0.08801660919540222,True,False,True
R_H01_C04_F02,diagnosed_LIFT_OBJECT_unanticipated__RQ2_R_H01_C04_F02,H01/C04/F02,Lift Slip — Low Friction Surface,apply_vacuum_assist(),0.8364188888888888,1,0.8364188888888888,Parallel Arm Lift — Contact Loss,0.6928467241379311,0.1435721647509577,True,False,True
R_H01_C04_F03,diagnosed_LIFT_OBJECT_unanticipated__RQ2_R_H01_C04_F03,H01/C04/F03,Lift Slip — Low Friction Surface,apply_vacuum_assist(),0.8405855555555556,1,0.8405855555555556,Parallel Arm Lift — Contact Loss,0.6928467241379311,0.14773883141762445,True,False,True
R_H01_C04_F04,diagnosed_LIFT_OBJECT_unanticipated__RQ2_R_H01_C04_F04,H01/C04/F04,Lift Slip — Low Friction Surface,apply_vacuum_assist(),0.8447522222222222,1,0.8447522222222222,Parallel Arm Lift — Contact Loss,0.6928467241379311,0.1519054980842911,True,False,True
R_H01_C04_F05,diagnosed_LIFT_OBJECT_unanticipated__RQ2_R_H01_C04_F05,H01/C04/F05,Lift Slip — Low Friction Surface,apply_vacuum_assist(),0.8641966666666666,1,0.8641966666666666,Parallel Arm Lift — Contact Loss,0.6928467241379311,0.17134994252873548,True,False,True
R_H01_C04_F06,diagnosed_LIFT_OBJECT_unanticipated__RQ2_R_H01_C04_F06,H01/C04/F06,Lift Slip — Low Friction Surface,apply_vacuum_assist(),0.8419744444444445,1,0.8419744444444445,Parallel Arm Lift — Contact Loss,0.6928467241379311,0.14912772030651333,True,False,True
R_H01_C04_F07,diagnosed_LIFT_OBJECT_unanticipated__RQ2_R_H01_C04_F07,H01/C04/F07,Lift Slip — Low Friction Surface,apply_vacuum_assist(),0.7975300000000001,1,0.7975300000000001,Parallel Arm Lift — Contact Loss,0.6928467241379311,0.10468327586206894,True,False,True
R_H01_C04_F08,diagnosed_LIFT_OBJECT_unanticipated__RQ2_R_H01_C04_F08,H01/C04/F08,Lift Slip — Low Friction Surface,apply_vacuum_assist(),0.7578077777777779,1,0.7578077777777779,Parallel Arm Lift — Contact Loss,0.6928467241379311,0.06496105363984672,True,False,True
R_H01_C04_F09,diagnosed_LIFT_OBJECT_unanticipated__RQ2_R_H01_C04_F09,H01/C04/F09,Lift Slip — Low Friction Surface,apply_vacuum_assist(),0.7530855555555555,1,0.7530855555555555,Parallel Arm Lift — Contact Loss,0.6928467241379311,0.06023883141762432,True,False,True
R_H01_C04_F10,diagnosed_LIFT_OBJECT_unanticipated__RQ2_R_H01_C04_F10,H01/C04/F10,Lift Slip — Low Friction Surface,apply_vacuum_assist(),0.7530855555555555,1,0.7530855555555555,Parallel Arm Lift — Contact Loss,0.6928467241379311,0.06023883141762432,True,False,True
R_H01_C05_F01,diagnosed_LIFT_OBJECT_unanticipated__RQ2_R_H01_C05_F01,H01/C05/F01,Lift Slip — Low Friction Surface,apply_vacuum_assist(),0.7716044444444444,1,0.7716044444444444,Parallel Arm Lift — Contact Loss,0.6789583908045977,0.09264605363984668,True,False,True
R_H01_C05_F02,diagnosed_LIFT_OBJECT_unanticipated__RQ2_R_H01_C05_F02,H01/C05/F02,Lift Slip — Low Friction Surface,apply_vacuum_assist(),0.82716,1,0.82716,Parallel Arm Lift — Contact Loss,0.6789583908045977,0.14820160919540226,True,False,True
R_H01_C05_F03,diagnosed_LIFT_OBJECT_unanticipated__RQ2_R_H01_C05_F03,H01/C05/F03,Lift Slip — Low Friction Surface,apply_vacuum_assist(),0.8313266666666665,1,0.8313266666666665,Parallel Arm Lift — Contact Loss,0.6789583908045977,0.1523682758620688,True,False,True
R_H01_C05_F04,diagnosed_LIFT_OBJECT_unanticipated__RQ2_R_H01_C05_F04,H01/C05/F04,Lift Slip — Low Friction Surface,apply_vacuum_assist(),0.8354933333333333,1,0.8354933333333333,Parallel Arm Lift — Contact Loss,0.6789583908045977,0.15653494252873557,True,False,True
R_H01_C05_F05,diagnosed_LIFT_OBJECT_unanticipated__RQ2_R_H01_C05_F05,H01/C05/F05,Lift Slip — Low Friction Surface,apply_vacuum_assist(),0.8549377777777778,1,0.8549377777777778,Parallel Arm Lift — Contact Loss,0.6789583908045977,0.17597938697318005,True,False,True
R_H01_C05_F06,diagnosed_LIFT_OBJECT_unanticipated__RQ2_R_H01_C05_F06,H01/C05/F06,Lift Slip — Low Friction Surface,apply_vacuum_assist(),0.8327155555555557,1,0.8327155555555557,Parallel Arm Lift — Contact Loss,0.6789583908045977,0.1537571647509579,True,False,True
R_H01_C05_F07,diagnosed_LIFT_OBJECT_unanticipated__RQ2_R_H01_C05_F07,H01/C05/F07,Lift Slip — Low Friction Surface,apply_vacuum_assist(),0.788271111111111,1,0.788271111111111,Parallel Arm Lift — Contact Loss,0.6789583908045977,0.10931272030651329,True,False,True
R_H01_C05_F08,diagnosed_LIFT_OBJECT_unanticipated__RQ2_R_H01_C05_F08,H01/C05/F08,Lift Slip — Low Friction Surface,apply_vacuum_assist(),0.7485488888888888,1,0.7485488888888888,Parallel Arm Lift — Contact Loss,0.6789583908045977,0.06959049808429107,True,False,True
R_H01_C05_F09,diagnosed_LIFT_OBJECT_unanticipated__RQ2_R_H01_C05_F09,H01/C05/F09,Lift Slip — Low Friction Surface,apply_vacuum_assist(),0.7438266666666666,1,0.7438266666666666,Parallel Arm Lift — Contact Loss,0.6789583908045977,0.06486827586206889,True,False,True
R_H01_C05_F10,diagnosed_LIFT_OBJECT_unanticipated__RQ2_R_H01_C05_F10,H01/C05/F10,Lift Slip — Low Friction Surface,apply_vacuum_assist(),0.7438266666666666,1,0.7438266666666666,Parallel Arm Lift — Contact Loss,0.6789583908045977,0.06486827586206889,True,False,True
R_H01_C06_F01,diagnosed_LIFT_OBJECT_unanticipated__RQ2_R_H01_C06_F01,H01/C06/F01,Lift Slip — Low Friction Surface,apply_vacuum_assist(),0.7438266666666666,1,0.7438266666666666,Parallel Arm Lift — Contact Loss,0.6666666666666666,0.07716,True,False,True
R_H01_C06_F02,diagnosed_LIFT_OBJECT_unanticipated__RQ2_R_H01_C06_F02,H01/C06/F02,Lift Slip — Low Friction Surface,apply_vacuum_assist(),0.7993822222222221,1,0.7993822222222221,Parallel Arm Lift — Contact Loss,0.6666666666666666,0.13271555555555548,True,False,True
R_H01_C06_F03,diagnosed_LIFT_OBJECT_unanticipated__RQ2_R_H01_C06_F03,H01/C06/F03,Lift Slip — Low Friction Surface,apply_vacuum_assist(),0.8035488888888889,1,0.8035488888888889,Parallel Arm Lift — Contact Loss,0.6666666666666666,0.13688222222222224,True,False,True
R_H01_C06_F04,diagnosed_LIFT_OBJECT_unanticipated__RQ2_R_H01_C06_F04,H01/C06/F04,Lift Slip — Low Friction Surface,apply_vacuum_assist(),0.8077155555555556,1,0.8077155555555556,Parallel Arm Lift — Contact Loss,0.6666666666666666,0.141048888888889,True,False,True
R_H01_C06_F05,diagnosed_LIFT_OBJECT_unanticipated__RQ2_R_H01_C06_F05,H01/C06/F05,Lift Slip — Low Friction Surface,apply_vacuum_assist(),0.82716,1,0.82716,Parallel Arm Lift — Contact Loss,0.6666666666666666,0.16049333333333338,True,False,True
R_H01_C06_F06,diagnosed_LIFT_OBJECT_unanticipated__RQ2_R_H01_C06_F06,H01/C06/F06,Lift Slip — Low Friction Surface,apply_vacuum_assist(),0.8049377777777776,1,0.8049377777777776,Parallel Arm Lift — Contact Loss,0.6666666666666666,0.138271111111111,True,False,True
R_H01_C06_F07,diagnosed_LIFT_OBJECT_unanticipated__RQ2_R_H01_C06_F07,H01/C06/F07,Lift Slip — Low Friction Surface,apply_vacuum_assist(),0.7604933333333334,1,0.7604933333333334,Parallel Arm Lift — Contact Loss,0.6666666666666666,0.09382666666666672,True,False,True
R_H01_C06_F08,diagnosed_LIFT_OBJECT_unanticipated__RQ2_R_H01_C06_F08,H01/C06/F08,Lift Slip — Low Friction Surface,apply_vacuum_assist(),0.7207711111111111,1,0.7207711111111111,Parallel Arm Lift — Contact Loss,0.6666666666666666,0.05410444444444451,True,False,True
R_H01_C06_F09,diagnosed_LIFT_OBJECT_unanticipated__RQ2_R_H01_C06_F09,H01/C06/F09,Lift Slip — Low Friction Surface,apply_vacuum_assist(),0.7160488888888888,1,0.7160488888888888,Parallel Arm Lift — Contact Loss,0.6666666666666666,0.049382222222222216,True,False,True
R_H01_C06_F10,diagnosed_LIFT_OBJECT_unanticipated__RQ2_R_H01_C06_F10,H01/C06/F10,Lift Slip — Low Friction Surface,apply_vacuum_assist(),0.7160488888888888,1,0.7160488888888888,Parallel Arm Lift — Contact Loss,0.6666666666666666,0.049382222222222216,True,False,True
R_H01_C07_F01,diagnosed_LIFT_OBJECT_unanticipated__RQ2_R_H01_C07_F01,H01/C07/F01,Lift Slip — Low Friction Surface,apply_vacuum_assist(),0.7438266666666666,1,0.7438266666666666,Parallel Arm Lift — Contact Loss,0.6666666666666666,0.07716,True,False,True
R_H01_C07_F02,diagnosed_LIFT_OBJECT_unanticipated__RQ2_R_H01_C07_F02,H01/C07/F02,Lift Slip — Low Friction Surface,apply_vacuum_assist(),0.7993822222222221,1,0.7993822222222221,Parallel Arm Lift — Contact Loss,0.6666666666666666,0.13271555555555548,True,False,True
R_H01_C07_F03,diagnosed_LIFT_OBJECT_unanticipated__RQ2_R_H01_C07_F03,H01/C07/F03,Lift Slip — Low Friction Surface,apply_vacuum_assist(),0.8035488888888889,1,0.8035488888888889,Parallel Arm Lift — Contact Loss,0.6666666666666666,0.13688222222222224,True,False,True
R_H01_C07_F04,diagnosed_LIFT_OBJECT_unanticipated__RQ2_R_H01_C07_F04,H01/C07/F04,Lift Slip — Low Friction Surface,apply_vacuum_assist(),0.8077155555555556,1,0.8077155555555556,Parallel Arm Lift — Contact Loss,0.6666666666666666,0.141048888888889,True,False,True
R_H01_C07_F05,diagnosed_LIFT_OBJECT_unanticipated__RQ2_R_H01_C07_F05,H01/C07/F05,Lift Slip — Low Friction Surface,apply_vacuum_assist(),0.82716,1,0.82716,Parallel Arm Lift — Contact Loss,0.6666666666666666,0.16049333333333338,True,False,True
R_H01_C07_F06,diagnosed_LIFT_OBJECT_unanticipated__RQ2_R_H01_C07_F06,H01/C07/F06,Lift Slip — Low Friction Surface,apply_vacuum_assist(),0.8049377777777776,1,0.8049377777777776,Parallel Arm Lift — Contact Loss,0.6666666666666666,0.138271111111111,True,False,True
R_H01_C07_F07,diagnosed_LIFT_OBJECT_unanticipated__RQ2_R_H01_C07_F07,H01/C07/F07,Lift Slip — Low Friction Surface,apply_vacuum_assist(),0.7604933333333334,1,0.7604933333333334,Parallel Arm Lift — Contact Loss,0.6666666666666666,0.09382666666666672,True,False,True
R_H01_C07_F08,diagnosed_LIFT_OBJECT_unanticipated__RQ2_R_H01_C07_F08,H01/C07/F08,Lift Slip — Low Friction Surface,apply_vacuum_assist(),0.7207711111111111,1,0.7207711111111111,Parallel Arm Lift — Contact Loss,0.6666666666666666,0.05410444444444451,True,False,True
R_H01_C07_F09,diagnosed_LIFT_OBJECT_unanticipated__RQ2_R_H01_C07_F09,H01/C07/F09,Lift Slip — Low Friction Surface,apply_vacuum_assist(),0.7160488888888888,1,0.7160488888888888,Parallel Arm Lift — Contact Loss,0.6666666666666666,0.049382222222222216,True,False,True
R_H01_C07_F10,diagnosed_LIFT_OBJECT_unanticipated__RQ2_R_H01_C07_F10,H01/C07/F10,Lift Slip — Low Friction Surface,apply_vacuum_assist(),0.7160488888888888,1,0.7160488888888888,Parallel Arm Lift — Contact Loss,0.6666666666666666,0.049382222222222216,True,False,True
R_H01_C08_F01,diagnosed_LIFT_OBJECT_unanticipated__RQ2_R_H01_C08_F01,H01/C08/F01,Lift Slip — Low Friction Surface,apply_vacuum_assist(),0.7438266666666666,1,0.7438266666666666,Parallel Arm Lift — Contact Loss,0.6666666666666666,0.07716,True,False,True
R_H01_C08_F02,diagnosed_LIFT_OBJECT_unanticipated__RQ2_R_H01_C08_F02,H01/C08/F02,Lift Slip — Low Friction Surface,apply_vacuum_assist(),0.7993822222222221,1,0.7993822222222221,Parallel Arm Lift — Contact Loss,0.6666666666666666,0.13271555555555548,True,False,True
R_H01_C08_F03,diagnosed_LIFT_OBJECT_unanticipated__RQ2_R_H01_C08_F03,H01/C08/F03,Lift Slip — Low Friction Surface,apply_vacuum_assist(),0.8035488888888889,1,0.8035488888888889,Parallel Arm Lift — Contact Loss,0.6666666666666666,0.13688222222222224,True,False,True
R_H01_C08_F04,diagnosed_LIFT_OBJECT_unanticipated__RQ2_R_H01_C08_F04,H01/C08/F04,Lift Slip — Low Friction Surface,apply_vacuum_assist(),0.8077155555555556,1,0.8077155555555556,Parallel Arm Lift — Contact Loss,0.6666666666666666,0.141048888888889,True,False,True
R_H01_C08_F05,diagnosed_LIFT_OBJECT_unanticipated__RQ2_R_H01_C08_F05,H01/C08/F05,Lift Slip — Low Friction Surface,apply_vacuum_assist(),0.82716,1,0.82716,Parallel Arm Lift — Contact Loss,0.6666666666666666,0.16049333333333338,True,False,True
R_H01_C08_F06,diagnosed_LIFT_OBJECT_unanticipated__RQ2_R_H01_C08_F06,H01/C08/F06,Lift Slip — Low Friction Surface,apply_vacuum_assist(),0.8049377777777776,1,0.8049377777777776,Parallel Arm Lift — Contact Loss,0.6666666666666666,0.138271111111111,True,False,True
R_H01_C08_F07,diagnosed_LIFT_OBJECT_unanticipated__RQ2_R_H01_C08_F07,H01/C08/F07,Lift Slip — Low Friction Surface,apply_vacuum_assist(),0.7604933333333334,1,0.7604933333333334,Parallel Arm Lift — Contact Loss,0.6666666666666666,0.09382666666666672,True,False,True
R_H01_C08_F08,diagnosed_LIFT_OBJECT_unanticipated__RQ2_R_H01_C08_F08,H01/C08/F08,Lift Slip — Low Friction Surface,apply_vacuum_assist(),0.7207711111111111,1,0.7207711111111111,Parallel Arm Lift — Contact Loss,0.6666666666666666,0.05410444444444451,True,False,True
R_H01_C08_F09,diagnosed_LIFT_OBJECT_unanticipated__RQ2_R_H01_C08_F09,H01/C08/F09,Lift Slip — Low Friction Surface,apply_vacuum_assist(),0.7160488888888888,1,0.7160488888888888,Parallel Arm Lift — Contact Loss,0.6666666666666666,0.049382222222222216,True,False,True
R_H01_C08_F10,diagnosed_LIFT_OBJECT_unanticipated__RQ2_R_H01_C08_F10,H01/C08/F10,Lift Slip — Low Friction Surface,apply_vacuum_assist(),0.7160488888888888,1,0.7160488888888888,Parallel Arm Lift — Contact Loss,0.6666666666666666,0.049382222222222216,True,False,True
R_H01_C09_F01,diagnosed_LIFT_OBJECT_unanticipated__RQ2_R_H01_C09_F01,H01/C09/F01,Lift Slip — Low Friction Surface,apply_vacuum_assist(),0.7438266666666666,1,0.7438266666666666,Parallel Arm Lift — Contact Loss,0.6666666666666666,0.07716,True,False,True
R_H01_C09_F02,diagnosed_LIFT_OBJECT_unanticipated__RQ2_R_H01_C09_F02,H01/C09/F02,Lift Slip — Low Friction Surface,apply_vacuum_assist(),0.7993822222222221,1,0.7993822222222221,Parallel Arm Lift — Contact Loss,0.6666666666666666,0.13271555555555548,True,False,True
R_H01_C09_F03,diagnosed_LIFT_OBJECT_unanticipated__RQ2_R_H01_C09_F03,H01/C09/F03,Lift Slip — Low Friction Surface,apply_vacuum_assist(),0.8035488888888889,1,0.8035488888888889,Parallel Arm Lift — Contact Loss,0.6666666666666666,0.13688222222222224,True,False,True
R_H01_C09_F04,diagnosed_LIFT_OBJECT_unanticipated__RQ2_R_H01_C09_F04,H01/C09/F04,Lift Slip — Low Friction Surface,apply_vacuum_assist(),0.8077155555555556,1,0.8077155555555556,Parallel Arm Lift — Contact Loss,0.6666666666666666,0.141048888888889,True,False,True
R_H01_C09_F05,diagnosed_LIFT_OBJECT_unanticipated__RQ2_R_H01_C09_F05,H01/C09/F05,Lift Slip — Low Friction Surface,apply_vacuum_assist(),0.82716,1,0.82716,Parallel Arm Lift — Contact Loss,0.6666666666666666,0.16049333333333338,True,False,True
R_H01_C09_F06,diagnosed_LIFT_OBJECT_unanticipated__RQ2_R_H01_C09_F06,H01/C09/F06,Lift Slip — Low Friction Surface,apply_vacuum_assist(),0.8049377777777776,1,0.8049377777777776,Parallel Arm Lift — Contact Loss,0.6666666666666666,0.138271111111111,True,False,True
R_H01_C09_F07,diagnosed_LIFT_OBJECT_unanticipated__RQ2_R_H01_C09_F07,H01/C09/F07,Lift Slip — Low Friction Surface,apply_vacuum_assist(),0.7604933333333334,1,0.7604933333333334,Parallel Arm Lift — Contact Loss,0.6666666666666666,0.09382666666666672,True,False,True
R_H01_C09_F08,diagnosed_LIFT_OBJECT_unanticipated__RQ2_R_H01_C09_F08,H01/C09/F08,Lift Slip — Low Friction Surface,apply_vacuum_assist(),0.7207711111111111,1,0.7207711111111111,Parallel Arm Lift — Contact Loss,0.6666666666666666,0.05410444444444451,True,False,True
R_H01_C09_F09,diagnosed_LIFT_OBJECT_unanticipated__RQ2_R_H01_C09_F09,H01/C09/F09,Lift Slip — Low Friction Surface,apply_vacuum_assist(),0.7160488888888888,1,0.7160488888888888,Parallel Arm Lift — Contact Loss,0.6666666666666666,0.049382222222222216,True,False,True
R_H01_C09_F10,diagnosed_LIFT_OBJECT_unanticipated__RQ2_R_H01_C09_F10,H01/C09/F10,Lift Slip — Low Friction Surface,apply_vacuum_assist(),0.7160488888888888,1,0.7160488888888888,Parallel Arm Lift — Contact Loss,0.6666666666666666,0.049382222222222216,True,False,True
R_H01_C10_F01,diagnosed_LIFT_OBJECT_unanticipated__RQ2_R_H01_C10_F01,H01/C10/F01,Lift Slip — Low Friction Surface,apply_vacuum_assist(),0.7438266666666666,1,0.7438266666666666,Parallel Arm Lift — Contact Loss,0.6666666666666666,0.07716,True,False,True
R_H01_C10_F02,diagnosed_LIFT_OBJECT_unanticipated__RQ2_R_H01_C10_F02,H01/C10/F02,Lift Slip — Low Friction Surface,apply_vacuum_assist(),0.7993822222222221,1,0.7993822222222221,Parallel Arm Lift — Contact Loss,0.6666666666666666,0.13271555555555548,True,False,True
R_H01_C10_F03,diagnosed_LIFT_OBJECT_unanticipated__RQ2_R_H01_C10_F03,H01/C10/F03,Lift Slip — Low Friction Surface,apply_vacuum_assist(),0.8035488888888889,1,0.8035488888888889,Parallel Arm Lift — Contact Loss,0.6666666666666666,0.13688222222222224,True,False,True
R_H01_C10_F04,diagnosed_LIFT_OBJECT_unanticipated__RQ2_R_H01_C10_F04,H01/C10/F04,Lift Slip — Low Friction Surface,apply_vacuum_assist(),0.8077155555555556,1,0.8077155555555556,Parallel Arm Lift — Contact Loss,0.6666666666666666,0.141048888888889,True,False,True
R_H01_C10_F05,diagnosed_LIFT_OBJECT_unanticipated__RQ2_R_H01_C10_F05,H01/C10/F05,Lift Slip — Low Friction Surface,apply_vacuum_assist(),0.82716,1,0.82716,Parallel Arm Lift — Contact Loss,0.6666666666666666,0.16049333333333338,True,False,True
R_H01_C10_F06,diagnosed_LIFT_OBJECT_unanticipated__RQ2_R_H01_C10_F06,H01/C10/F06,Lift Slip — Low Friction Surface,apply_vacuum_assist(),0.8049377777777776,1,0.8049377777777776,Parallel Arm Lift — Contact Loss,0.6666666666666666,0.138271111111111,True,False,True
R_H01_C10_F07,diagnosed_LIFT_OBJECT_unanticipated__RQ2_R_H01_C10_F07,H01/C10/F07,Lift Slip — Low Friction Surface,apply_vacuum_assist(),0.7604933333333334,1,0.7604933333333334,Parallel Arm Lift — Contact Loss,0.6666666666666666,0.09382666666666672,True,False,True
R_H01_C10_F08,diagnosed_LIFT_OBJECT_unanticipated__RQ2_R_H01_C10_F08,H01/C10/F08,Lift Slip — Low Friction Surface,apply_vacuum_assist(),0.7207711111111111,1,0.7207711111111111,Parallel Arm Lift — Contact Loss,0.6666666666666666,0.05410444444444451,True,False,True
R_H01_C10_F09,diagnosed_LIFT_OBJECT_unanticipated__RQ2_R_H01_C10_F09,H01/C10/F09,Lift Slip — Low Friction Surface,apply_vacuum_assist(),0.7160488888888888,1,0.7160488888888888,Parallel Arm Lift — Contact Loss,0.6666666666666666,0.049382222222222216,True,False,True
R_H01_C10_F10,diagnosed_LIFT_OBJECT_unanticipated__RQ2_R_H01_C10_F10,H01/C10/F10,Lift Slip — Low Friction Surface,apply_vacuum_assist(),0.7160488888888888,1,0.7160488888888888,Parallel Arm Lift — Contact Loss,0.6666666666666666,0.049382222222222216,True,False,True
R_H02_C01_F01,diagnosed_LIFT_OBJECT_unanticipated__RQ2_R_H02_C01_F01,H02/C01/F01,Lift Slip — Low Friction Surface,apply_vacuum_assist(),0.7932099999999999,1,0.7932099999999999,Parallel Arm Lift — Contact Loss,0.711366724137931,0.08184327586206885,True,False,True
R_H02_C01_F02,diagnosed_LIFT_OBJECT_unanticipated__RQ2_R_H02_C01_F02,H02/C01/F02,Lift Slip — Low Friction Surface,apply_vacuum_assist(),0.8487655555555556,1,0.8487655555555556,Parallel Arm Lift — Contact Loss,0.711366724137931,0.13739883141762455,True,False,True
R_H02_C01_F03,diagnosed_LIFT_OBJECT_unanticipated__RQ2_R_H02_C01_F03,H02/C01/F03,Lift Slip — Low Friction Surface,apply_vacuum_assist(),0.8529322222222223,1,0.8529322222222223,Parallel Arm Lift — Contact Loss,0.711366724137931,0.1415654980842913,True,False,True
R_H02_C01_F04,diagnosed_LIFT_OBJECT_unanticipated__RQ2_R_H02_C01_F04,H02/C01/F04,Lift Slip — Low Friction Surface,apply_vacuum_assist(),0.8570988888888889,1,0.8570988888888889,Parallel Arm Lift — Contact Loss,0.711366724137931,0.14573216475095785,True,False,True
R_H02_C01_F05,diagnosed_LIFT_OBJECT_unanticipated__RQ2_R_H02_C01_F05,H02/C01/F05,Lift Slip — Low Friction Surface,apply_vacuum_assist(),0.8765433333333333,1,0.8765433333333333,Parallel Arm Lift — Contact Loss,0.711366724137931,0.16517660919540234,True,False,True
R_H02_C01_F06,diagnosed_LIFT_OBJECT_unanticipated__RQ2_R_H02_C01_F06,H02/C01/F06,Lift Slip — Low Friction Surface,apply_vacuum_assist(),0.8543211111111111,1,0.8543211111111111,Parallel Arm Lift — Contact Loss,0.711366724137931,0.14295438697318008,True,False,True
R_H02_C01_F07,diagnosed_LIFT_OBJECT_unanticipated__RQ2_R_H02_C01_F07,H02/C01/F07,Lift Slip — Low Friction Surface,apply_vacuum_assist(),0.8098766666666667,1,0.8098766666666667,Parallel Arm Lift — Contact Loss,0.711366724137931,0.09850994252873568,True,False,True
R_H02_C01_F08,diagnosed_LIFT_OBJECT_unanticipated__RQ2_R_H02_C01_F08,H02/C01/F08,Lift Slip — Low Friction Surface,apply_vacuum_assist(),0.7701544444444445,1,0.7701544444444445,Parallel Arm Lift — Contact Loss,0.711366724137931,0.05878772030651347,True,False,True
R_H02_C01_F09,diagnosed_LIFT_OBJECT_unanticipated__RQ2_R_H02_C01_F09,H02/C01/F09,Lift Slip — Low Friction Surface,apply_vacuum_assist(),0.7654322222222222,1,0.7654322222222222,Parallel Arm Lift — Contact Loss,0.711366724137931,0.054065498084291175,True,False,True
R_H02_C01_F10,diagnosed_LIFT_OBJECT_unanticipated__RQ2_R_H02_C01_F10,H02/C01/F10,Lift Slip — Low Friction Surface,apply_vacuum_assist(),0.7654322222222222,1,0.7654322222222222,Parallel Arm Lift — Contact Loss,0.711366724137931,0.054065498084291175,True,False,True
R_H02_C02_F01,diagnosed_LIFT_OBJECT_unanticipated__RQ2_R_H02_C02_F01,H02/C02/F01,Lift Slip — Low Friction Surface,apply_vacuum_assist(),0.904321111111111,1,0.904321111111111,Parallel Arm Lift — Contact Loss,0.8780333908045977,0.026287720306513274,True,False,True
R_H02_C02_F02,diagnosed_LIFT_OBJECT_unanticipated__RQ2_R_H02_C02_F02,H02/C02/F02,Lift Slip — Low Friction Surface,apply_vacuum_assist(),0.9598766666666667,1,0.9598766666666667,Parallel Arm Lift — Contact Loss,0.8780333908045977,0.08184327586206896,True,False,True
R_H02_C02_F03,diagnosed_LIFT_OBJECT_unanticipated__RQ2_R_H02_C02_F03,H02/C02/F03,Lift Slip — Low Friction Surface,apply_vacuum_assist(),0.9640433333333333,1,0.9640433333333333,Parallel Arm Lift — Contact Loss,0.8780333908045977,0.0860099425287355,True,False,True
R_H02_C02_F04,diagnosed_LIFT_OBJECT_unanticipated__RQ2_R_H02_C02_F04,H02/C02/F04,Lift Slip — Low Friction Surface,apply_vacuum_assist(),0.96821,1,0.96821,Parallel Arm Lift — Contact Loss,0.8780333908045977,0.09017660919540227,True,False,True
R_H02_C02_F05,diagnosed_LIFT_OBJECT_unanticipated__RQ2_R_H02_C02_F05,H02/C02/F05,Lift Slip — Low Friction Surface,apply_vacuum_assist(),0.9876544444444444,1,0.9876544444444444,Parallel Arm Lift — Contact Loss,0.8780333908045977,0.10962105363984664,True,False,True
R_H02_C02_F06,diagnosed_LIFT_OBJECT_unanticipated__RQ2_R_H02_C02_F06,H02/C02/F06,Lift Slip — Low Friction Surface,apply_vacuum_assist(),0.9654322222222222,1,0.9654322222222222,Parallel Arm Lift — Contact Loss,0.8780333908045977,0.0873988314176245,True,False,True
R_H02_C02_F07,diagnosed_LIFT_OBJECT_unanticipated__RQ2_R_H02_C02_F07,H02/C02/F07,Lift Slip — Low Friction Surface,apply_vacuum_assist(),0.9209877777777778,1,0.9209877777777778,Parallel Arm Lift — Contact Loss,0.8780333908045977,0.0429543869731801,True,False,True
R_H02_C02_F08,diagnosed_LIFT_OBJECT_unanticipated__RQ2_R_H02_C02_F08,H02/C02/F08,Lift Slip — Low Friction Surface,apply_vacuum_assist(),0.8812655555555556,1,0.8812655555555556,Parallel Arm Lift — Contact Loss,0.8780333908045977,0.003232164750957889,True,False,True
R_H02_C02_F09,diagnosed_LIFT_OBJECT_unanticipated__RQ2_R_H02_C02_F09,H02/C02/F09,Parallel Arm Lift — Contact Loss,reposition_and_regrip(),0.8780333908045977,2,0.8765433333333333,Parallel Arm Lift — Contact Loss,0.8780333908045977,-0.0014900574712644055,False,False,False
R_H02_C02_F10,diagnosed_LIFT_OBJECT_unanticipated__RQ2_R_H02_C02_F10,H02/C02/F10,Parallel Arm Lift — Contact Loss,reposition_and_regrip(),0.8780333908045977,2,0.8765433333333333,Parallel Arm Lift — Contact Loss,0.8780333908045977,-0.0014900574712644055,False,False,False
R_H02_C03_F01,diagnosed_LIFT_OBJECT_unanticipated__RQ2_R_H02_C03_F01,H02/C03/F01,Lift Slip — Low Friction Surface,apply_vacuum_assist(),0.8487655555555556,1,0.8487655555555556,Parallel Arm Lift — Contact Loss,0.7947000574712644,0.054065498084291175,True,False,True
R_H02_C03_F02,diagnosed_LIFT_OBJECT_unanticipated__RQ2_R_H02_C03_F02,H02/C03/F02,Lift Slip — Low Friction Surface,apply_vacuum_assist(),0.904321111111111,1,0.904321111111111,Parallel Arm Lift — Contact Loss,0.7947000574712644,0.10962105363984664,True,False,True
R_H02_C03_F03,diagnosed_LIFT_OBJECT_unanticipated__RQ2_R_H02_C03_F03,H02/C03/F03,Lift Slip — Low Friction Surface,apply_vacuum_assist(),0.9084877777777778,1,0.9084877777777778,Parallel Arm Lift — Contact Loss,0.7947000574712644,0.1137877203065134,True,False,True
R_H02_C03_F04,diagnosed_LIFT_OBJECT_unanticipated__RQ2_R_H02_C03_F04,H02/C03/F04,Lift Slip — Low Friction Surface,apply_vacuum_assist(),0.9126544444444445,1,0.9126544444444445,Parallel Arm Lift — Contact Loss,0.7947000574712644,0.11795438697318017,True,False,True
R_H02_C03_F05,diagnosed_LIFT_OBJECT_unanticipated__RQ2_R_H02_C03_F05,H02/C03/F05,Lift Slip — Low Friction Surface,apply_vacuum_assist(),0.9320988888888889,1,0.9320988888888889,Parallel Arm Lift — Contact Loss,0.7947000574712644,0.13739883141762455,True,False,True
R_H02_C03_F06,diagnosed_LIFT_OBJECT_unanticipated__RQ2_R_H02_C03_F06,H02/C03/F06,Lift Slip — Low Friction Surface,apply_vacuum_assist(),0.9098766666666666,1,0.9098766666666666,Parallel Arm Lift — Contact Loss,0.7947000574712644,0.11517660919540218,True,False,True
R_H02_C03_F07,diagnosed_LIFT_OBJECT_unanticipated__RQ2_R_H02_C03_F07,H02/C03/F07,Lift Slip — Low Friction Surface,apply_vacuum_assist(),0.8654322222222222,1,0.8654322222222222,Parallel Arm Lift — Contact Loss,0.7947000574712644,0.07073216475095778,True,False,True
R_H02_C03_F08,diagnosed_LIFT_OBJECT_unanticipated__RQ2_R_H02_C03_F08,H02/C03/F08,Lift Slip — Low Friction Surface,apply_vacuum_assist(),0.8257099999999999,1,0.8257099999999999,Parallel Arm Lift — Contact Loss,0.7947000574712644,0.031009942528735568,True,False,True
R_H02_C03_F09,diagnosed_LIFT_OBJECT_unanticipated__RQ2_R_H02_C03_F09,H02/C03/F09,Lift Slip — Low Friction Surface,apply_vacuum_assist(),0.8209877777777779,1,0.8209877777777779,Parallel Arm Lift — Contact Loss,0.7947000574712644,0.026287720306513496,True,False,True
R_H02_C03_F10,diagnosed_LIFT_OBJECT_unanticipated__RQ2_R_H02_C03_F10,H02/C03/F10,Lift Slip — Low Friction Surface,apply_vacuum_assist(),0.8209877777777779,1,0.8209877777777779,Parallel Arm Lift — Contact Loss,0.7947000574712644,0.026287720306513496,True,False,True
R_H02_C04_F01,diagnosed_LIFT_OBJECT_unanticipated__RQ2_R_H02_C04_F01,H02/C04/F01,Lift Slip — Low Friction Surface,apply_vacuum_assist(),0.8302466666666666,1,0.8302466666666666,Parallel Arm Lift — Contact Loss,0.766921724137931,0.06332494252873555,True,False,True
R_H02_C04_F02,diagnosed_LIFT_OBJECT_unanticipated__RQ2_R_H02_C04_F02,H02/C04/F02,Lift Slip — Low Friction Surface,apply_vacuum_assist(),0.8858022222222223,1,0.8858022222222223,Parallel Arm Lift — Contact Loss,0.766921724137931,0.11888049808429124,True,False,True
R_H02_C04_F03,diagnosed_LIFT_OBJECT_unanticipated__RQ2_R_H02_C04_F03,H02/C04/F03,Lift Slip — Low Friction Surface,apply_vacuum_assist(),0.8899688888888889,1,0.8899688888888889,Parallel Arm Lift — Contact Loss,0.766921724137931,0.1230471647509579,True,False,True
R_H02_C04_F04,diagnosed_LIFT_OBJECT_unanticipated__RQ2_R_H02_C04_F04,H02/C04/F04,Lift Slip — Low Friction Surface,apply_vacuum_assist(),0.8941355555555556,1,0.8941355555555556,Parallel Arm Lift — Contact Loss,0.766921724137931,0.12721383141762455,True,False,True
R_H02_C04_F05,diagnosed_LIFT_OBJECT_unanticipated__RQ2_R_H02_C04_F05,H02/C04/F05,Lift Slip — Low Friction Surface,apply_vacuum_assist(),0.9135800000000001,1,0.9135800000000001,Parallel Arm Lift — Contact Loss,0.766921724137931,0.14665827586206903,True,False,True
R_H02_C04_F06,diagnosed_LIFT_OBJECT_unanticipated__RQ2_R_H02_C04_F06,H02/C04/F06,Lift Slip — Low Friction Surface,apply_vacuum_assist(),0.8913577777777778,1,0.8913577777777778,Parallel Arm Lift — Contact Loss,0.766921724137931,0.12443605363984678,True,False,True
R_H02_C04_F07,diagnosed_LIFT_OBJECT_unanticipated__RQ2_R_H02_C04_F07,H02/C04/F07,Lift Slip — Low Friction Surface,apply_vacuum_assist(),0.8469133333333333,1,0.8469133333333333,Parallel Arm Lift — Contact Loss,0.766921724137931,0.07999160919540227,True,False,True
R_H02_C04_F08,diagnosed_LIFT_OBJECT_unanticipated__RQ2_R_H02_C04_F08,H02/C04/F08,Lift Slip — Low Friction Surface,apply_vacuum_assist(),0.8071911111111111,1,0.8071911111111111,Parallel Arm Lift — Contact Loss,0.766921724137931,0.040269386973180055,True,False,True
R_H02_C04_F09,diagnosed_LIFT_OBJECT_unanticipated__RQ2_R_H02_C04_F09,H02/C04/F09,Lift Slip — Low Friction Surface,apply_vacuum_assist(),0.8024688888888889,1,0.8024688888888889,Parallel Arm Lift — Contact Loss,0.766921724137931,0.03554716475095787,True,False,True
R_H02_C04_F10,diagnosed_LIFT_OBJECT_unanticipated__RQ2_R_H02_C04_F10,H02/C04/F10,Lift Slip — Low Friction Surface,apply_vacuum_assist(),0.8024688888888889,1,0.8024688888888889,Parallel Arm Lift — Contact Loss,0.766921724137931,0.03554716475095787,True,False,True
R_H02_C05_F01,diagnosed_LIFT_OBJECT_unanticipated__RQ2_R_H02_C05_F01,H02/C05/F01,Lift Slip — Low Friction Surface,apply_vacuum_assist(),0.8209877777777779,1,0.8209877777777779,Parallel Arm Lift — Contact Loss,0.7530333908045977,0.06795438697318013,True,False,True
R_H02_C05_F02,diagnosed_LIFT_OBJECT_unanticipated__RQ2_R_H02_C05_F02,H02/C05/F02,Lift Slip — Low Friction Surface,apply_vacuum_assist(),0.8765433333333333,1,0.8765433333333333,Parallel Arm Lift — Contact Loss,0.7530333908045977,0.1235099425287356,True,False,True
R_H02_C05_F03,diagnosed_LIFT_OBJECT_unanticipated__RQ2_R_H02_C05_F03,H02/C05/F03,Lift Slip — Low Friction Surface,apply_vacuum_assist(),0.88071,1,0.88071,Parallel Arm Lift — Contact Loss,0.7530333908045977,0.12767660919540225,True,False,True
R_H02_C05_F04,diagnosed_LIFT_OBJECT_unanticipated__RQ2_R_H02_C05_F04,H02/C05/F04,Lift Slip — Low Friction Surface,apply_vacuum_assist(),0.8848766666666666,1,0.8848766666666666,Parallel Arm Lift — Contact Loss,0.7530333908045977,0.1318432758620689,True,False,True
R_H02_C05_F05,diagnosed_LIFT_OBJECT_unanticipated__RQ2_R_H02_C05_F05,H02/C05/F05,Lift Slip — Low Friction Surface,apply_vacuum_assist(),0.904321111111111,1,0.904321111111111,Parallel Arm Lift — Contact Loss,0.7530333908045977,0.15128772030651327,True,False,True
R_H02_C05_F06,diagnosed_LIFT_OBJECT_unanticipated__RQ2_R_H02_C05_F06,H02/C05/F06,Lift Slip — Low Friction Surface,apply_vacuum_assist(),0.8820988888888889,1,0.8820988888888889,Parallel Arm Lift — Contact Loss,0.7530333908045977,0.12906549808429113,True,False,True
R_H02_C05_F07,diagnosed_LIFT_OBJECT_unanticipated__RQ2_R_H02_C05_F07,H02/C05/F07,Lift Slip — Low Friction Surface,apply_vacuum_assist(),0.8376544444444445,1,0.8376544444444445,Parallel Arm Lift — Contact Loss,0.7530333908045977,0.08462105363984673,True,False,True
R_H02_C05_F08,diagnosed_LIFT_OBJECT_unanticipated__RQ2_R_H02_C05_F08,H02/C05/F08,Lift Slip — Low Friction Surface,apply_vacuum_assist(),0.7979322222222223,1,0.7979322222222223,Parallel Arm Lift — Contact Loss,0.7530333908045977,0.04489883141762452,True,False,True
R_H02_C05_F09,diagnosed_LIFT_OBJECT_unanticipated__RQ2_R_H02_C05_F09,H02/C05/F09,Lift Slip — Low Friction Surface,apply_vacuum_assist(),0.7932099999999999,1,0.7932099999999999,Parallel Arm Lift — Contact Loss,0.7530333908045977,0.04017660919540211,True,False,True
R_H02_C05_F10,diagnosed_LIFT_OBJECT_unanticipated__RQ2_R_H02_C05_F10,H02/C05/F10,Lift Slip — Low Friction Surface,apply_vacuum_assist(),0.7932099999999999,1,0.7932099999999999,Parallel Arm Lift — Contact Loss,0.7530333908045977,0.04017660919540211,True,False,True
R_H02_C06_F01,diagnosed_LIFT_OBJECT_unanticipated__RQ2_R_H02_C06_F01,H02/C06/F01,Lift Slip — Low Friction Surface,apply_vacuum_assist(),0.7932099999999999,1,0.7932099999999999,Parallel Arm Lift — Contact Loss,0.711366724137931,0.08184327586206885,True,False,True
R_H02_C06_F02,diagnosed_LIFT_OBJECT_unanticipated__RQ2_R_H02_C06_F02,H02/C06/F02,Lift Slip — Low Friction Surface,apply_vacuum_assist(),0.8487655555555556,1,0.8487655555555556,Parallel Arm Lift — Contact Loss,0.711366724137931,0.13739883141762455,True,False,True
R_H02_C06_F03,diagnosed_LIFT_OBJECT_unanticipated__RQ2_R_H02_C06_F03,H02/C06/F03,Lift Slip — Low Friction Surface,apply_vacuum_assist(),0.8529322222222223,1,0.8529322222222223,Parallel Arm Lift — Contact Loss,0.711366724137931,0.1415654980842913,True,False,True
R_H02_C06_F04,diagnosed_LIFT_OBJECT_unanticipated__RQ2_R_H02_C06_F04,H02/C06/F04,Lift Slip — Low Friction Surface,apply_vacuum_assist(),0.8570988888888889,1,0.8570988888888889,Parallel Arm Lift — Contact Loss,0.711366724137931,0.14573216475095785,True,False,True
R_H02_C06_F05,diagnosed_LIFT_OBJECT_unanticipated__RQ2_R_H02_C06_F05,H02/C06/F05,Lift Slip — Low Friction Surface,apply_vacuum_assist(),0.8765433333333333,1,0.8765433333333333,Parallel Arm Lift — Contact Loss,0.711366724137931,0.16517660919540234,True,False,True
R_H02_C06_F06,diagnosed_LIFT_OBJECT_unanticipated__RQ2_R_H02_C06_F06,H02/C06/F06,Lift Slip — Low Friction Surface,apply_vacuum_assist(),0.8543211111111111,1,0.8543211111111111,Parallel Arm Lift — Contact Loss,0.711366724137931,0.14295438697318008,True,False,True
R_H02_C06_F07,diagnosed_LIFT_OBJECT_unanticipated__RQ2_R_H02_C06_F07,H02/C06/F07,Lift Slip — Low Friction Surface,apply_vacuum_assist(),0.8098766666666667,1,0.8098766666666667,Parallel Arm Lift — Contact Loss,0.711366724137931,0.09850994252873568,True,False,True
R_H02_C06_F08,diagnosed_LIFT_OBJECT_unanticipated__RQ2_R_H02_C06_F08,H02/C06/F08,Lift Slip — Low Friction Surface,apply_vacuum_assist(),0.7701544444444445,1,0.7701544444444445,Parallel Arm Lift — Contact Loss,0.711366724137931,0.05878772030651347,True,False,True
R_H02_C06_F09,diagnosed_LIFT_OBJECT_unanticipated__RQ2_R_H02_C06_F09,H02/C06/F09,Lift Slip — Low Friction Surface,apply_vacuum_assist(),0.7654322222222222,1,0.7654322222222222,Parallel Arm Lift — Contact Loss,0.711366724137931,0.054065498084291175,True,False,True
R_H02_C06_F10,diagnosed_LIFT_OBJECT_unanticipated__RQ2_R_H02_C06_F10,H02/C06/F10,Lift Slip — Low Friction Surface,apply_vacuum_assist(),0.7654322222222222,1,0.7654322222222222,Parallel Arm Lift — Contact Loss,0.711366724137931,0.054065498084291175,True,False,True
R_H02_C07_F01,diagnosed_LIFT_OBJECT_unanticipated__RQ2_R_H02_C07_F01,H02/C07/F01,Lift Slip — Low Friction Surface,apply_vacuum_assist(),0.7932099999999999,1,0.7932099999999999,Parallel Arm Lift — Contact Loss,0.711366724137931,0.08184327586206885,True,False,True
R_H02_C07_F02,diagnosed_LIFT_OBJECT_unanticipated__RQ2_R_H02_C07_F02,H02/C07/F02,Lift Slip — Low Friction Surface,apply_vacuum_assist(),0.8487655555555556,1,0.8487655555555556,Parallel Arm Lift — Contact Loss,0.711366724137931,0.13739883141762455,True,False,True
R_H02_C07_F03,diagnosed_LIFT_OBJECT_unanticipated__RQ2_R_H02_C07_F03,H02/C07/F03,Lift Slip — Low Friction Surface,apply_vacuum_assist(),0.8529322222222223,1,0.8529322222222223,Parallel Arm Lift — Contact Loss,0.711366724137931,0.1415654980842913,True,False,True
R_H02_C07_F04,diagnosed_LIFT_OBJECT_unanticipated__RQ2_R_H02_C07_F04,H02/C07/F04,Lift Slip — Low Friction Surface,apply_vacuum_assist(),0.8570988888888889,1,0.8570988888888889,Parallel Arm Lift — Contact Loss,0.711366724137931,0.14573216475095785,True,False,True
R_H02_C07_F05,diagnosed_LIFT_OBJECT_unanticipated__RQ2_R_H02_C07_F05,H02/C07/F05,Lift Slip — Low Friction Surface,apply_vacuum_assist(),0.8765433333333333,1,0.8765433333333333,Parallel Arm Lift — Contact Loss,0.711366724137931,0.16517660919540234,True,False,True
R_H02_C07_F06,diagnosed_LIFT_OBJECT_unanticipated__RQ2_R_H02_C07_F06,H02/C07/F06,Lift Slip — Low Friction Surface,apply_vacuum_assist(),0.8543211111111111,1,0.8543211111111111,Parallel Arm Lift — Contact Loss,0.711366724137931,0.14295438697318008,True,False,True
R_H02_C07_F07,diagnosed_LIFT_OBJECT_unanticipated__RQ2_R_H02_C07_F07,H02/C07/F07,Lift Slip — Low Friction Surface,apply_vacuum_assist(),0.8098766666666667,1,0.8098766666666667,Parallel Arm Lift — Contact Loss,0.711366724137931,0.09850994252873568,True,False,True
R_H02_C07_F08,diagnosed_LIFT_OBJECT_unanticipated__RQ2_R_H02_C07_F08,H02/C07/F08,Lift Slip — Low Friction Surface,apply_vacuum_assist(),0.7701544444444445,1,0.7701544444444445,Parallel Arm Lift — Contact Loss,0.711366724137931,0.05878772030651347,True,False,True
R_H02_C07_F09,diagnosed_LIFT_OBJECT_unanticipated__RQ2_R_H02_C07_F09,H02/C07/F09,Lift Slip — Low Friction Surface,apply_vacuum_assist(),0.7654322222222222,1,0.7654322222222222,Parallel Arm Lift — Contact Loss,0.711366724137931,0.054065498084291175,True,False,True
R_H02_C07_F10,diagnosed_LIFT_OBJECT_unanticipated__RQ2_R_H02_C07_F10,H02/C07/F10,Lift Slip — Low Friction Surface,apply_vacuum_assist(),0.7654322222222222,1,0.7654322222222222,Parallel Arm Lift — Contact Loss,0.711366724137931,0.054065498084291175,True,False,True
R_H02_C08_F01,diagnosed_LIFT_OBJECT_unanticipated__RQ2_R_H02_C08_F01,H02/C08/F01,Lift Slip — Low Friction Surface,apply_vacuum_assist(),0.7932099999999999,1,0.7932099999999999,Parallel Arm Lift — Contact Loss,0.711366724137931,0.08184327586206885,True,False,True
R_H02_C08_F02,diagnosed_LIFT_OBJECT_unanticipated__RQ2_R_H02_C08_F02,H02/C08/F02,Lift Slip — Low Friction Surface,apply_vacuum_assist(),0.8487655555555556,1,0.8487655555555556,Parallel Arm Lift — Contact Loss,0.711366724137931,0.13739883141762455,True,False,True
R_H02_C08_F03,diagnosed_LIFT_OBJECT_unanticipated__RQ2_R_H02_C08_F03,H02/C08/F03,Lift Slip — Low Friction Surface,apply_vacuum_assist(),0.8529322222222223,1,0.8529322222222223,Parallel Arm Lift — Contact Loss,0.711366724137931,0.1415654980842913,True,False,True
R_H02_C08_F04,diagnosed_LIFT_OBJECT_unanticipated__RQ2_R_H02_C08_F04,H02/C08/F04,Lift Slip — Low Friction Surface,apply_vacuum_assist(),0.8570988888888889,1,0.8570988888888889,Parallel Arm Lift — Contact Loss,0.711366724137931,0.14573216475095785,True,False,True
R_H02_C08_F05,diagnosed_LIFT_OBJECT_unanticipated__RQ2_R_H02_C08_F05,H02/C08/F05,Lift Slip — Low Friction Surface,apply_vacuum_assist(),0.8765433333333333,1,0.8765433333333333,Parallel Arm Lift — Contact Loss,0.711366724137931,0.16517660919540234,True,False,True
R_H02_C08_F06,diagnosed_LIFT_OBJECT_unanticipated__RQ2_R_H02_C08_F06,H02/C08/F06,Lift Slip — Low Friction Surface,apply_vacuum_assist(),0.8543211111111111,1,0.8543211111111111,Parallel Arm Lift — Contact Loss,0.711366724137931,0.14295438697318008,True,False,True
R_H02_C08_F07,diagnosed_LIFT_OBJECT_unanticipated__RQ2_R_H02_C08_F07,H02/C08/F07,Lift Slip — Low Friction Surface,apply_vacuum_assist(),0.8098766666666667,1,0.8098766666666667,Parallel Arm Lift — Contact Loss,0.711366724137931,0.09850994252873568,True,False,True
R_H02_C08_F08,diagnosed_LIFT_OBJECT_unanticipated__RQ2_R_H02_C08_F08,H02/C08/F08,Lift Slip — Low Friction Surface,apply_vacuum_assist(),0.7701544444444445,1,0.7701544444444445,Parallel Arm Lift — Contact Loss,0.711366724137931,0.05878772030651347,True,False,True
R_H02_C08_F09,diagnosed_LIFT_OBJECT_unanticipated__RQ2_R_H02_C08_F09,H02/C08/F09,Lift Slip — Low Friction Surface,apply_vacuum_assist(),0.7654322222222222,1,0.7654322222222222,Parallel Arm Lift — Contact Loss,0.711366724137931,0.054065498084291175,True,False,True
R_H02_C08_F10,diagnosed_LIFT_OBJECT_unanticipated__RQ2_R_H02_C08_F10,H02/C08/F10,Lift Slip — Low Friction Surface,apply_vacuum_assist(),0.7654322222222222,1,0.7654322222222222,Parallel Arm Lift — Contact Loss,0.711366724137931,0.054065498084291175,True,False,True
R_H02_C09_F01,diagnosed_LIFT_OBJECT_unanticipated__RQ2_R_H02_C09_F01,H02/C09/F01,Lift Slip — Low Friction Surface,apply_vacuum_assist(),0.7932099999999999,1,0.7932099999999999,Parallel Arm Lift — Contact Loss,0.711366724137931,0.08184327586206885,True,False,True
R_H02_C09_F02,diagnosed_LIFT_OBJECT_unanticipated__RQ2_R_H02_C09_F02,H02/C09/F02,Lift Slip — Low Friction Surface,apply_vacuum_assist(),0.8487655555555556,1,0.8487655555555556,Parallel Arm Lift — Contact Loss,0.711366724137931,0.13739883141762455,True,False,True
R_H02_C09_F03,diagnosed_LIFT_OBJECT_unanticipated__RQ2_R_H02_C09_F03,H02/C09/F03,Lift Slip — Low Friction Surface,apply_vacuum_assist(),0.8529322222222223,1,0.8529322222222223,Parallel Arm Lift — Contact Loss,0.711366724137931,0.1415654980842913,True,False,True
R_H02_C09_F04,diagnosed_LIFT_OBJECT_unanticipated__RQ2_R_H02_C09_F04,H02/C09/F04,Lift Slip — Low Friction Surface,apply_vacuum_assist(),0.8570988888888889,1,0.8570988888888889,Parallel Arm Lift — Contact Loss,0.711366724137931,0.14573216475095785,True,False,True
R_H02_C09_F05,diagnosed_LIFT_OBJECT_unanticipated__RQ2_R_H02_C09_F05,H02/C09/F05,Lift Slip — Low Friction Surface,apply_vacuum_assist(),0.8765433333333333,1,0.8765433333333333,Parallel Arm Lift — Contact Loss,0.711366724137931,0.16517660919540234,True,False,True
R_H02_C09_F06,diagnosed_LIFT_OBJECT_unanticipated__RQ2_R_H02_C09_F06,H02/C09/F06,Lift Slip — Low Friction Surface,apply_vacuum_assist(),0.8543211111111111,1,0.8543211111111111,Parallel Arm Lift — Contact Loss,0.711366724137931,0.14295438697318008,True,False,True
R_H02_C09_F07,diagnosed_LIFT_OBJECT_unanticipated__RQ2_R_H02_C09_F07,H02/C09/F07,Lift Slip — Low Friction Surface,apply_vacuum_assist(),0.8098766666666667,1,0.8098766666666667,Parallel Arm Lift — Contact Loss,0.711366724137931,0.09850994252873568,True,False,True
R_H02_C09_F08,diagnosed_LIFT_OBJECT_unanticipated__RQ2_R_H02_C09_F08,H02/C09/F08,Lift Slip — Low Friction Surface,apply_vacuum_assist(),0.7701544444444445,1,0.7701544444444445,Parallel Arm Lift — Contact Loss,0.711366724137931,0.05878772030651347,True,False,True
R_H02_C09_F09,diagnosed_LIFT_OBJECT_unanticipated__RQ2_R_H02_C09_F09,H02/C09/F09,Lift Slip — Low Friction Surface,apply_vacuum_assist(),0.7654322222222222,1,0.7654322222222222,Parallel Arm Lift — Contact Loss,0.711366724137931,0.054065498084291175,True,False,True
R_H02_C09_F10,diagnosed_LIFT_OBJECT_unanticipated__RQ2_R_H02_C09_F10,H02/C09/F10,Lift Slip — Low Friction Surface,apply_vacuum_assist(),0.7654322222222222,1,0.7654322222222222,Parallel Arm Lift — Contact Loss,0.711366724137931,0.054065498084291175,True,False,True
R_H02_C10_F01,diagnosed_LIFT_OBJECT_unanticipated__RQ2_R_H02_C10_F01,H02/C10/F01,Lift Slip — Low Friction Surface,apply_vacuum_assist(),0.7932099999999999,1,0.7932099999999999,Parallel Arm Lift — Contact Loss,0.711366724137931,0.08184327586206885,True,False,True
R_H02_C10_F02,diagnosed_LIFT_OBJECT_unanticipated__RQ2_R_H02_C10_F02,H02/C10/F02,Lift Slip — Low Friction Surface,apply_vacuum_assist(),0.8487655555555556,1,0.8487655555555556,Parallel Arm Lift — Contact Loss,0.711366724137931,0.13739883141762455,True,False,True
R_H02_C10_F03,diagnosed_LIFT_OBJECT_unanticipated__RQ2_R_H02_C10_F03,H02/C10/F03,Lift Slip — Low Friction Surface,apply_vacuum_assist(),0.8529322222222223,1,0.8529322222222223,Parallel Arm Lift — Contact Loss,0.711366724137931,0.1415654980842913,True,False,True
R_H02_C10_F04,diagnosed_LIFT_OBJECT_unanticipated__RQ2_R_H02_C10_F04,H02/C10/F04,Lift Slip — Low Friction Surface,apply_vacuum_assist(),0.8570988888888889,1,0.8570988888888889,Parallel Arm Lift — Contact Loss,0.711366724137931,0.14573216475095785,True,False,True
R_H02_C10_F05,diagnosed_LIFT_OBJECT_unanticipated__RQ2_R_H02_C10_F05,H02/C10/F05,Lift Slip — Low Friction Surface,apply_vacuum_assist(),0.8765433333333333,1,0.8765433333333333,Parallel Arm Lift — Contact Loss,0.711366724137931,0.16517660919540234,True,False,True
R_H02_C10_F06,diagnosed_LIFT_OBJECT_unanticipated__RQ2_R_H02_C10_F06,H02/C10/F06,Lift Slip — Low Friction Surface,apply_vacuum_assist(),0.8543211111111111,1,0.8543211111111111,Parallel Arm Lift — Contact Loss,0.711366724137931,0.14295438697318008,True,False,True
R_H02_C10_F07,diagnosed_LIFT_OBJECT_unanticipated__RQ2_R_H02_C10_F07,H02/C10/F07,Lift Slip — Low Friction Surface,apply_vacuum_assist(),0.8098766666666667,1,0.8098766666666667,Parallel Arm Lift — Contact Loss,0.711366724137931,0.09850994252873568,True,False,True
R_H02_C10_F08,diagnosed_LIFT_OBJECT_unanticipated__RQ2_R_H02_C10_F08,H02/C10/F08,Lift Slip — Low Friction Surface,apply_vacuum_assist(),0.7701544444444445,1,0.7701544444444445,Parallel Arm Lift — Contact Loss,0.711366724137931,0.05878772030651347,True,False,True
R_H02_C10_F09,diagnosed_LIFT_OBJECT_unanticipated__RQ2_R_H02_C10_F09,H02/C10/F09,Lift Slip — Low Friction Surface,apply_vacuum_assist(),0.7654322222222222,1,0.7654322222222222,Parallel Arm Lift — Contact Loss,0.711366724137931,0.054065498084291175,True,False,True
R_H02_C10_F10,diagnosed_LIFT_OBJECT_unanticipated__RQ2_R_H02_C10_F10,H02/C10/F10,Lift Slip — Low Friction Surface,apply_vacuum_assist(),0.7654322222222222,1,0.7654322222222222,Parallel Arm Lift — Contact Loss,0.711366724137931,0.054065498084291175,True,False,True
R_H03_C01_F01,diagnosed_LIFT_OBJECT_unanticipated__RQ2_R_H03_C01_F01,H03/C01/F01,Lift Slip — Low Friction Surface,apply_vacuum_assist(),0.8055555555555557,1,0.8055555555555557,Parallel Arm Lift — Contact Loss,0.7298850574712644,0.07567049808429127,True,False,True
R_H03_C01_F02,diagnosed_LIFT_OBJECT_unanticipated__RQ2_R_H03_C01_F02,H03/C01/F02,Lift Slip — Low Friction Surface,apply_vacuum_assist(),0.8611111111111112,1,0.8611111111111112,Parallel Arm Lift — Contact Loss,0.7298850574712644,0.13122605363984674,True,False,True
R_H03_C01_F03,diagnosed_LIFT_OBJECT_unanticipated__RQ2_R_H03_C01_F03,H03/C01/F03,Lift Slip — Low Friction Surface,apply_vacuum_assist(),0.8652777777777777,1,0.8652777777777777,Parallel Arm Lift — Contact Loss,0.7298850574712644,0.13539272030651328,True,False,True
R_H03_C01_F04,diagnosed_LIFT_OBJECT_unanticipated__RQ2_R_H03_C01_F04,H03/C01/F04,Lift Slip — Low Friction Surface,apply_vacuum_assist(),0.8694444444444445,1,0.8694444444444445,Parallel Arm Lift — Contact Loss,0.7298850574712644,0.13955938697318004,True,False,True
R_H03_C01_F05,diagnosed_LIFT_OBJECT_unanticipated__RQ2_R_H03_C01_F05,H03/C01/F05,Lift Slip — Low Friction Surface,apply_vacuum_assist(),0.8888888888888888,1,0.8888888888888888,Parallel Arm Lift — Contact Loss,0.7298850574712644,0.15900383141762442,True,False,True
R_H03_C01_F06,diagnosed_LIFT_OBJECT_unanticipated__RQ2_R_H03_C01_F06,H03/C01/F06,Lift Slip — Low Friction Surface,apply_vacuum_assist(),0.8666666666666667,1,0.8666666666666667,Parallel Arm Lift — Contact Loss,0.7298850574712644,0.13678160919540228,True,False,True
R_H03_C01_F07,diagnosed_LIFT_OBJECT_unanticipated__RQ2_R_H03_C01_F07,H03/C01/F07,Lift Slip — Low Friction Surface,apply_vacuum_assist(),0.8222222222222223,1,0.8222222222222223,Parallel Arm Lift — Contact Loss,0.7298850574712644,0.09233716475095788,True,False,True
R_H03_C01_F08,diagnosed_LIFT_OBJECT_unanticipated__RQ2_R_H03_C01_F08,H03/C01/F08,Lift Slip — Low Friction Surface,apply_vacuum_assist(),0.7825000000000001,1,0.7825000000000001,Parallel Arm Lift — Contact Loss,0.7298850574712644,0.052614942528735664,True,False,True
R_H03_C01_F09,diagnosed_LIFT_OBJECT_unanticipated__RQ2_R_H03_C01_F09,H03/C01/F09,Lift Slip — Low Friction Surface,apply_vacuum_assist(),0.7777777777777777,1,0.7777777777777777,Parallel Arm Lift — Contact Loss,0.7298850574712644,0.04789272030651326,True,False,True
R_H03_C01_F10,diagnosed_LIFT_OBJECT_unanticipated__RQ2_R_H03_C01_F10,H03/C01/F10,Lift Slip — Low Friction Surface,apply_vacuum_assist(),0.7777777777777777,1,0.7777777777777777,Parallel Arm Lift — Contact Loss,0.7298850574712644,0.04789272030651326,True,False,True
R_H03_C02_F01,diagnosed_LIFT_OBJECT_unanticipated__RQ2_R_H03_C02_F01,H03/C02/F01,Lift Slip — Low Friction Surface,apply_vacuum_assist(),0.9166666666666666,1,0.9166666666666666,Parallel Arm Lift — Contact Loss,0.896551724137931,0.02011494252873558,True,False,True
R_H03_C02_F05,diagnosed_LIFT_OBJECT_unanticipated__RQ2_R_H03_C02_F05,H03/C02/F05,Lift Slip — Low Friction Surface,apply_vacuum_assist(),1.0,1,1.0,Parallel Arm Lift — Contact Loss,0.896551724137931,0.10344827586206895,True,False,True
R_H03_C02_F06,diagnosed_LIFT_OBJECT_unanticipated__RQ2_R_H03_C02_F06,H03/C02/F06,Lift Slip — Low Friction Surface,apply_vacuum_assist(),0.9777777777777777,1,0.9777777777777777,Parallel Arm Lift — Contact Loss,0.896551724137931,0.0812260536398467,True,False,True
R_H03_C02_F07,diagnosed_LIFT_OBJECT_unanticipated__RQ2_R_H03_C02_F07,H03/C02/F07,Lift Slip — Low Friction Surface,apply_vacuum_assist(),0.9333333333333332,1,0.9333333333333332,Parallel Arm Lift — Contact Loss,0.896551724137931,0.03678160919540219,True,False,True
R_H03_C02_F08,diagnosed_LIFT_OBJECT_unanticipated__RQ2_R_H03_C02_F08,H03/C02/F08,Parallel Arm Lift — Contact Loss,reposition_and_regrip(),0.896551724137931,2,0.893611111111111,Parallel Arm Lift — Contact Loss,0.896551724137931,-0.002940613026820027,False,False,False
R_H03_C02_F09,diagnosed_LIFT_OBJECT_unanticipated__RQ2_R_H03_C02_F09,H03/C02/F09,Parallel Arm Lift — Contact Loss,reposition_and_regrip(),0.896551724137931,2,0.8888888888888888,Parallel Arm Lift — Contact Loss,0.896551724137931,-0.00766283524904221,False,False,False
R_H03_C02_F10,diagnosed_LIFT_OBJECT_unanticipated__RQ2_R_H03_C02_F10,H03/C02/F10,Parallel Arm Lift — Contact Loss,reposition_and_regrip(),0.896551724137931,2,0.8888888888888888,Parallel Arm Lift — Contact Loss,0.896551724137931,-0.00766283524904221,False,False,False
R_H03_C03_F01,diagnosed_LIFT_OBJECT_unanticipated__RQ2_R_H03_C03_F01,H03/C03/F01,Lift Slip — Low Friction Surface,apply_vacuum_assist(),0.8611111111111112,1,0.8611111111111112,Parallel Arm Lift — Contact Loss,0.8132183908045977,0.04789272030651348,True,False,True
R_H03_C03_F02,diagnosed_LIFT_OBJECT_unanticipated__RQ2_R_H03_C03_F02,H03/C03/F02,Lift Slip — Low Friction Surface,apply_vacuum_assist(),0.9166666666666666,1,0.9166666666666666,Parallel Arm Lift — Contact Loss,0.8132183908045977,0.10344827586206895,True,False,True
R_H03_C03_F03,diagnosed_LIFT_OBJECT_unanticipated__RQ2_R_H03_C03_F03,H03/C03/F03,Lift Slip — Low Friction Surface,apply_vacuum_assist(),0.9208333333333334,1,0.9208333333333334,Parallel Arm Lift — Contact Loss,0.8132183908045977,0.10761494252873571,True,False,True
R_H03_C03_F04,diagnosed_LIFT_OBJECT_unanticipated__RQ2_R_H03_C03_F04,H03/C03/F04,Lift Slip — Low Friction Surface,apply_vacuum_assist(),0.9249999999999999,1,0.9249999999999999,Parallel Arm Lift — Contact Loss,0.8132183908045977,0.11178160919540225,True,False,True
R_H03_C03_F05,diagnosed_LIFT_OBJECT_unanticipated__RQ2_R_H03_C03_F05,H03/C03/F05,Lift Slip — Low Friction Surface,apply_vacuum_assist(),0.9444444444444445,1,0.9444444444444445,Parallel Arm Lift — Contact Loss,0.8132183908045977,0.13122605363984685,True,False,True
R_H03_C03_F06,diagnosed_LIFT_OBJECT_unanticipated__RQ2_R_H03_C03_F06,H03/C03/F06,Lift Slip — Low Friction Surface,apply_vacuum_assist(),0.9222222222222222,1,0.9222222222222222,Parallel Arm Lift — Contact Loss,0.8132183908045977,0.10900383141762449,True,False,True
R_H03_C03_F07,diagnosed_LIFT_OBJECT_unanticipated__RQ2_R_H03_C03_F07,H03/C03/F07,Lift Slip — Low Friction Surface,apply_vacuum_assist(),0.8777777777777778,1,0.8777777777777778,Parallel Arm Lift — Contact Loss,0.8132183908045977,0.06455938697318009,True,False,True
R_H03_C03_F08,diagnosed_LIFT_OBJECT_unanticipated__RQ2_R_H03_C03_F08,H03/C03/F08,Lift Slip — Low Friction Surface,apply_vacuum_assist(),0.8380555555555556,1,0.8380555555555556,Parallel Arm Lift — Contact Loss,0.8132183908045977,0.024837164750957874,True,False,True
R_H03_C03_F09,diagnosed_LIFT_OBJECT_unanticipated__RQ2_R_H03_C03_F09,H03/C03/F09,Lift Slip — Low Friction Surface,apply_vacuum_assist(),0.8333333333333334,1,0.8333333333333334,Parallel Arm Lift — Contact Loss,0.8132183908045977,0.02011494252873569,True,False,True
R_H03_C03_F10,diagnosed_LIFT_OBJECT_unanticipated__RQ2_R_H03_C03_F10,H03/C03/F10,Lift Slip — Low Friction Surface,apply_vacuum_assist(),0.8333333333333334,1,0.8333333333333334,Parallel Arm Lift — Contact Loss,0.8132183908045977,0.02011494252873569,True,False,True
R_H03_C04_F01,diagnosed_LIFT_OBJECT_unanticipated__RQ2_R_H03_C04_F01,H03/C04/F01,Lift Slip — Low Friction Surface,apply_vacuum_assist(),0.8425922222222222,1,0.8425922222222222,Parallel Arm Lift — Contact Loss,0.7854400574712644,0.057152164750957746,True,False,True
R_H03_C04_F02,diagnosed_LIFT_OBJECT_unanticipated__RQ2_R_H03_C04_F02,H03/C04/F02,Lift Slip — Low Friction Surface,apply_vacuum_assist(),0.8981477777777779,1,0.8981477777777779,Parallel Arm Lift — Contact Loss,0.7854400574712644,0.11270772030651344,True,False,True
R_H03_C04_F03,diagnosed_LIFT_OBJECT_unanticipated__RQ2_R_H03_C04_F03,H03/C04/F03,Lift Slip — Low Friction Surface,apply_vacuum_assist(),0.9023144444444444,1,0.9023144444444444,Parallel Arm Lift — Contact Loss,0.7854400574712644,0.11687438697317998,True,False,True
R_H03_C04_F04,diagnosed_LIFT_OBJECT_unanticipated__RQ2_R_H03_C04_F04,H03/C04/F04,Lift Slip — Low Friction Surface,apply_vacuum_assist(),0.9064811111111112,1,0.9064811111111112,Parallel Arm Lift — Contact Loss,0.7854400574712644,0.12104105363984674,True,False,True
R_H03_C04_F05,diagnosed_LIFT_OBJECT_unanticipated__RQ2_R_H03_C04_F05,H03/C04/F05,Lift Slip — Low Friction Surface,apply_vacuum_assist(),0.9259255555555556,1,0.9259255555555556,Parallel Arm Lift — Contact Loss,0.7854400574712644,0.14048549808429112,True,False,True
R_H03_C04_F06,diagnosed_LIFT_OBJECT_unanticipated__RQ2_R_H03_C04_F06,H03/C04/F06,Lift Slip — Low Friction Surface,apply_vacuum_assist(),0.9037033333333334,1,0.9037033333333334,Parallel Arm Lift — Contact Loss,0.7854400574712644,0.11826327586206897,True,False,True
R_H03_C04_F07,diagnosed_LIFT_OBJECT_unanticipated__RQ2_R_H03_C04_F07,H03/C04/F07,Lift Slip — Low Friction Surface,apply_vacuum_assist(),0.8592588888888889,1,0.8592588888888889,Parallel Arm Lift — Contact Loss,0.7854400574712644,0.07381883141762446,True,False,True
R_H03_C04_F08,diagnosed_LIFT_OBJECT_unanticipated__RQ2_R_H03_C04_F08,H03/C04/F08,Lift Slip — Low Friction Surface,apply_vacuum_assist(),0.8195366666666667,1,0.8195366666666667,Parallel Arm Lift — Contact Loss,0.7854400574712644,0.03409660919540225,True,False,True
R_H03_C04_F09,diagnosed_LIFT_OBJECT_unanticipated__RQ2_R_H03_C04_F09,H03/C04/F09,Lift Slip — Low Friction Surface,apply_vacuum_assist(),0.8148144444444444,1,0.8148144444444444,Parallel Arm Lift — Contact Loss,0.7854400574712644,0.029374386973179956,True,False,True
R_H03_C04_F10,diagnosed_LIFT_OBJECT_unanticipated__RQ2_R_H03_C04_F10,H03/C04/F10,Lift Slip — Low Friction Surface,apply_vacuum_assist(),0.8148144444444444,1,0.8148144444444444,Parallel Arm Lift — Contact Loss,0.7854400574712644,0.029374386973179956,True,False,True
R_H03_C05_F01,diagnosed_LIFT_OBJECT_unanticipated__RQ2_R_H03_C05_F01,H03/C05/F01,Lift Slip — Low Friction Surface,apply_vacuum_assist(),0.8333333333333334,1,0.8333333333333334,Parallel Arm Lift — Contact Loss,0.771551724137931,0.06178160919540232,True,False,True
R_H03_C05_F02,diagnosed_LIFT_OBJECT_unanticipated__RQ2_R_H03_C05_F02,H03/C05/F02,Lift Slip — Low Friction Surface,apply_vacuum_assist(),0.8888888888888888,1,0.8888888888888888,Parallel Arm Lift — Contact Loss,0.771551724137931,0.11733716475095779,True,False,True
R_H03_C05_F03,diagnosed_LIFT_OBJECT_unanticipated__RQ2_R_H03_C05_F03,H03/C05/F03,Lift Slip — Low Friction Surface,apply_vacuum_assist(),0.8930555555555556,1,0.8930555555555556,Parallel Arm Lift — Contact Loss,0.771551724137931,0.12150383141762455,True,False,True
R_H03_C05_F04,diagnosed_LIFT_OBJECT_unanticipated__RQ2_R_H03_C05_F04,H03/C05/F04,Lift Slip — Low Friction Surface,apply_vacuum_assist(),0.8972222222222223,1,0.8972222222222223,Parallel Arm Lift — Contact Loss,0.771551724137931,0.1256704980842912,True,False,True
R_H03_C05_F05,diagnosed_LIFT_OBJECT_unanticipated__RQ2_R_H03_C05_F05,H03/C05/F05,Lift Slip — Low Friction Surface,apply_vacuum_assist(),0.9166666666666666,1,0.9166666666666666,Parallel Arm Lift — Contact Loss,0.771551724137931,0.14511494252873558,True,False,True
R_H03_C05_F06,diagnosed_LIFT_OBJECT_unanticipated__RQ2_R_H03_C05_F06,H03/C05/F06,Lift Slip — Low Friction Surface,apply_vacuum_assist(),0.8944444444444444,1,0.8944444444444444,Parallel Arm Lift — Contact Loss,0.771551724137931,0.12289272030651333,True,False,True
R_H03_C05_F07,diagnosed_LIFT_OBJECT_unanticipated__RQ2_R_H03_C05_F07,H03/C05/F07,Lift Slip — Low Friction Surface,apply_vacuum_assist(),0.85,1,0.85,Parallel Arm Lift — Contact Loss,0.771551724137931,0.07844827586206893,True,False,True
R_H03_C05_F08,diagnosed_LIFT_OBJECT_unanticipated__RQ2_R_H03_C05_F08,H03/C05/F08,Lift Slip — Low Friction Surface,apply_vacuum_assist(),0.8102777777777778,1,0.8102777777777778,Parallel Arm Lift — Contact Loss,0.771551724137931,0.038726053639846714,True,False,True
R_H03_C05_F09,diagnosed_LIFT_OBJECT_unanticipated__RQ2_R_H03_C05_F09,H03/C05/F09,Lift Slip — Low Friction Surface,apply_vacuum_assist(),0.8055555555555557,1,0.8055555555555557,Parallel Arm Lift — Contact Loss,0.771551724137931,0.03400383141762464,True,False,True
R_H03_C05_F10,diagnosed_LIFT_OBJECT_unanticipated__RQ2_R_H03_C05_F10,H03/C05/F10,Lift Slip — Low Friction Surface,apply_vacuum_assist(),0.8055555555555557,1,0.8055555555555557,Parallel Arm Lift — Contact Loss,0.771551724137931,0.03400383141762464,True,False,True
R_H03_C06_F01,diagnosed_LIFT_OBJECT_unanticipated__RQ2_R_H03_C06_F01,H03/C06/F01,Lift Slip — Low Friction Surface,apply_vacuum_assist(),0.8055555555555557,1,0.8055555555555557,Parallel Arm Lift — Contact Loss,0.7298850574712644,0.07567049808429127,True,False,True
R_H03_C06_F02,diagnosed_LIFT_OBJECT_unanticipated__RQ2_R_H03_C06_F02,H03/C06/F02,Lift Slip — Low Friction Surface,apply_vacuum_assist(),0.8611111111111112,1,0.8611111111111112,Parallel Arm Lift — Contact Loss,0.7298850574712644,0.13122605363984674,True,False,True
R_H03_C06_F03,diagnosed_LIFT_OBJECT_unanticipated__RQ2_R_H03_C06_F03,H03/C06/F03,Lift Slip — Low Friction Surface,apply_vacuum_assist(),0.8652777777777777,1,0.8652777777777777,Parallel Arm Lift — Contact Loss,0.7298850574712644,0.13539272030651328,True,False,True
R_H03_C06_F04,diagnosed_LIFT_OBJECT_unanticipated__RQ2_R_H03_C06_F04,H03/C06/F04,Lift Slip — Low Friction Surface,apply_vacuum_assist(),0.8694444444444445,1,0.8694444444444445,Parallel Arm Lift — Contact Loss,0.7298850574712644,0.13955938697318004,True,False,True
R_H03_C06_F05,diagnosed_LIFT_OBJECT_unanticipated__RQ2_R_H03_C06_F05,H03/C06/F05,Lift Slip — Low Friction Surface,apply_vacuum_assist(),0.8888888888888888,1,0.8888888888888888,Parallel Arm Lift — Contact Loss,0.7298850574712644,0.15900383141762442,True,False,True
R_H03_C06_F06,diagnosed_LIFT_OBJECT_unanticipated__RQ2_R_H03_C06_F06,H03/C06/F06,Lift Slip — Low Friction Surface,apply_vacuum_assist(),0.8666666666666667,1,0.8666666666666667,Parallel Arm Lift — Contact Loss,0.7298850574712644,0.13678160919540228,True,False,True
R_H03_C06_F07,diagnosed_LIFT_OBJECT_unanticipated__RQ2_R_H03_C06_F07,H03/C06/F07,Lift Slip — Low Friction Surface,apply_vacuum_assist(),0.8222222222222223,1,0.8222222222222223,Parallel Arm Lift — Contact Loss,0.7298850574712644,0.09233716475095788,True,False,True
R_H03_C06_F08,diagnosed_LIFT_OBJECT_unanticipated__RQ2_R_H03_C06_F08,H03/C06/F08,Lift Slip — Low Friction Surface,apply_vacuum_assist(),0.7825000000000001,1,0.7825000000000001,Parallel Arm Lift — Contact Loss,0.7298850574712644,0.052614942528735664,True,False,True
R_H03_C06_F09,diagnosed_LIFT_OBJECT_unanticipated__RQ2_R_H03_C06_F09,H03/C06/F09,Lift Slip — Low Friction Surface,apply_vacuum_assist(),0.7777777777777777,1,0.7777777777777777,Parallel Arm Lift — Contact Loss,0.7298850574712644,0.04789272030651326,True,False,True
R_H03_C06_F10,diagnosed_LIFT_OBJECT_unanticipated__RQ2_R_H03_C06_F10,H03/C06/F10,Lift Slip — Low Friction Surface,apply_vacuum_assist(),0.7777777777777777,1,0.7777777777777777,Parallel Arm Lift — Contact Loss,0.7298850574712644,0.04789272030651326,True,False,True
R_H03_C07_F01,diagnosed_LIFT_OBJECT_unanticipated__RQ2_R_H03_C07_F01,H03/C07/F01,Lift Slip — Low Friction Surface,apply_vacuum_assist(),0.8055555555555557,1,0.8055555555555557,Parallel Arm Lift — Contact Loss,0.7298850574712644,0.07567049808429127,True,False,True
R_H03_C07_F02,diagnosed_LIFT_OBJECT_unanticipated__RQ2_R_H03_C07_F02,H03/C07/F02,Lift Slip — Low Friction Surface,apply_vacuum_assist(),0.8611111111111112,1,0.8611111111111112,Parallel Arm Lift — Contact Loss,0.7298850574712644,0.13122605363984674,True,False,True
R_H03_C07_F03,diagnosed_LIFT_OBJECT_unanticipated__RQ2_R_H03_C07_F03,H03/C07/F03,Lift Slip — Low Friction Surface,apply_vacuum_assist(),0.8652777777777777,1,0.8652777777777777,Parallel Arm Lift — Contact Loss,0.7298850574712644,0.13539272030651328,True,False,True
R_H03_C07_F04,diagnosed_LIFT_OBJECT_unanticipated__RQ2_R_H03_C07_F04,H03/C07/F04,Lift Slip — Low Friction Surface,apply_vacuum_assist(),0.8694444444444445,1,0.8694444444444445,Parallel Arm Lift — Contact Loss,0.7298850574712644,0.13955938697318004,True,False,True
R_H03_C07_F05,diagnosed_LIFT_OBJECT_unanticipated__RQ2_R_H03_C07_F05,H03/C07/F05,Lift Slip — Low Friction Surface,apply_vacuum_assist(),0.8888888888888888,1,0.8888888888888888,Parallel Arm Lift — Contact Loss,0.7298850574712644,0.15900383141762442,True,False,True
R_H03_C07_F06,diagnosed_LIFT_OBJECT_unanticipated__RQ2_R_H03_C07_F06,H03/C07/F06,Lift Slip — Low Friction Surface,apply_vacuum_assist(),0.8666666666666667,1,0.8666666666666667,Parallel Arm Lift — Contact Loss,0.7298850574712644,0.13678160919540228,True,False,True
R_H03_C07_F07,diagnosed_LIFT_OBJECT_unanticipated__RQ2_R_H03_C07_F07,H03/C07/F07,Lift Slip — Low Friction Surface,apply_vacuum_assist(),0.8222222222222223,1,0.8222222222222223,Parallel Arm Lift — Contact Loss,0.7298850574712644,0.09233716475095788,True,False,True
R_H03_C07_F08,diagnosed_LIFT_OBJECT_unanticipated__RQ2_R_H03_C07_F08,H03/C07/F08,Lift Slip — Low Friction Surface,apply_vacuum_assist(),0.7825000000000001,1,0.7825000000000001,Parallel Arm Lift — Contact Loss,0.7298850574712644,0.052614942528735664,True,False,True
R_H03_C07_F09,diagnosed_LIFT_OBJECT_unanticipated__RQ2_R_H03_C07_F09,H03/C07/F09,Lift Slip — Low Friction Surface,apply_vacuum_assist(),0.7777777777777777,1,0.7777777777777777,Parallel Arm Lift — Contact Loss,0.7298850574712644,0.04789272030651326,True,False,True
R_H03_C07_F10,diagnosed_LIFT_OBJECT_unanticipated__RQ2_R_H03_C07_F10,H03/C07/F10,Lift Slip — Low Friction Surface,apply_vacuum_assist(),0.7777777777777777,1,0.7777777777777777,Parallel Arm Lift — Contact Loss,0.7298850574712644,0.04789272030651326,True,False,True
R_H03_C08_F01,diagnosed_LIFT_OBJECT_unanticipated__RQ2_R_H03_C08_F01,H03/C08/F01,Lift Slip — Low Friction Surface,apply_vacuum_assist(),0.8055555555555557,1,0.8055555555555557,Parallel Arm Lift — Contact Loss,0.7298850574712644,0.07567049808429127,True,False,True
R_H03_C08_F02,diagnosed_LIFT_OBJECT_unanticipated__RQ2_R_H03_C08_F02,H03/C08/F02,Lift Slip — Low Friction Surface,apply_vacuum_assist(),0.8611111111111112,1,0.8611111111111112,Parallel Arm Lift — Contact Loss,0.7298850574712644,0.13122605363984674,True,False,True
R_H03_C08_F03,diagnosed_LIFT_OBJECT_unanticipated__RQ2_R_H03_C08_F03,H03/C08/F03,Lift Slip — Low Friction Surface,apply_vacuum_assist(),0.8652777777777777,1,0.8652777777777777,Parallel Arm Lift — Contact Loss,0.7298850574712644,0.13539272030651328,True,False,True
R_H03_C08_F04,diagnosed_LIFT_OBJECT_unanticipated__RQ2_R_H03_C08_F04,H03/C08/F04,Lift Slip — Low Friction Surface,apply_vacuum_assist(),0.8694444444444445,1,0.8694444444444445,Parallel Arm Lift — Contact Loss,0.7298850574712644,0.13955938697318004,True,False,True
R_H03_C08_F05,diagnosed_LIFT_OBJECT_unanticipated__RQ2_R_H03_C08_F05,H03/C08/F05,Lift Slip — Low Friction Surface,apply_vacuum_assist(),0.8888888888888888,1,0.8888888888888888,Parallel Arm Lift — Contact Loss,0.7298850574712644,0.15900383141762442,True,False,True
R_H03_C08_F06,diagnosed_LIFT_OBJECT_unanticipated__RQ2_R_H03_C08_F06,H03/C08/F06,Lift Slip — Low Friction Surface,apply_vacuum_assist(),0.8666666666666667,1,0.8666666666666667,Parallel Arm Lift — Contact Loss,0.7298850574712644,0.13678160919540228,True,False,True
R_H03_C08_F07,diagnosed_LIFT_OBJECT_unanticipated__RQ2_R_H03_C08_F07,H03/C08/F07,Lift Slip — Low Friction Surface,apply_vacuum_assist(),0.8222222222222223,1,0.8222222222222223,Parallel Arm Lift — Contact Loss,0.7298850574712644,0.09233716475095788,True,False,True
R_H03_C08_F08,diagnosed_LIFT_OBJECT_unanticipated__RQ2_R_H03_C08_F08,H03/C08/F08,Lift Slip — Low Friction Surface,apply_vacuum_assist(),0.7825000000000001,1,0.7825000000000001,Parallel Arm Lift — Contact Loss,0.7298850574712644,0.052614942528735664,True,False,True
R_H03_C08_F09,diagnosed_LIFT_OBJECT_unanticipated__RQ2_R_H03_C08_F09,H03/C08/F09,Lift Slip — Low Friction Surface,apply_vacuum_assist(),0.7777777777777777,1,0.7777777777777777,Parallel Arm Lift — Contact Loss,0.7298850574712644,0.04789272030651326,True,False,True
R_H03_C08_F10,diagnosed_LIFT_OBJECT_unanticipated__RQ2_R_H03_C08_F10,H03/C08/F10,Lift Slip — Low Friction Surface,apply_vacuum_assist(),0.7777777777777777,1,0.7777777777777777,Parallel Arm Lift — Contact Loss,0.7298850574712644,0.04789272030651326,True,False,True
R_H03_C09_F01,diagnosed_LIFT_OBJECT_unanticipated__RQ2_R_H03_C09_F01,H03/C09/F01,Lift Slip — Low Friction Surface,apply_vacuum_assist(),0.8055555555555557,1,0.8055555555555557,Parallel Arm Lift — Contact Loss,0.7298850574712644,0.07567049808429127,True,False,True
R_H03_C09_F02,diagnosed_LIFT_OBJECT_unanticipated__RQ2_R_H03_C09_F02,H03/C09/F02,Lift Slip — Low Friction Surface,apply_vacuum_assist(),0.8611111111111112,1,0.8611111111111112,Parallel Arm Lift — Contact Loss,0.7298850574712644,0.13122605363984674,True,False,True
R_H03_C09_F03,diagnosed_LIFT_OBJECT_unanticipated__RQ2_R_H03_C09_F03,H03/C09/F03,Lift Slip — Low Friction Surface,apply_vacuum_assist(),0.8652777777777777,1,0.8652777777777777,Parallel Arm Lift — Contact Loss,0.7298850574712644,0.13539272030651328,True,False,True
R_H03_C09_F04,diagnosed_LIFT_OBJECT_unanticipated__RQ2_R_H03_C09_F04,H03/C09/F04,Lift Slip — Low Friction Surface,apply_vacuum_assist(),0.8694444444444445,1,0.8694444444444445,Parallel Arm Lift — Contact Loss,0.7298850574712644,0.13955938697318004,True,False,True
R_H03_C09_F05,diagnosed_LIFT_OBJECT_unanticipated__RQ2_R_H03_C09_F05,H03/C09/F05,Lift Slip — Low Friction Surface,apply_vacuum_assist(),0.8888888888888888,1,0.8888888888888888,Parallel Arm Lift — Contact Loss,0.7298850574712644,0.15900383141762442,True,False,True
R_H03_C09_F06,diagnosed_LIFT_OBJECT_unanticipated__RQ2_R_H03_C09_F06,H03/C09/F06,Lift Slip — Low Friction Surface,apply_vacuum_assist(),0.8666666666666667,1,0.8666666666666667,Parallel Arm Lift — Contact Loss,0.7298850574712644,0.13678160919540228,True,False,True
R_H03_C09_F07,diagnosed_LIFT_OBJECT_unanticipated__RQ2_R_H03_C09_F07,H03/C09/F07,Lift Slip — Low Friction Surface,apply_vacuum_assist(),0.8222222222222223,1,0.8222222222222223,Parallel Arm Lift — Contact Loss,0.7298850574712644,0.09233716475095788,True,False,True
R_H03_C09_F08,diagnosed_LIFT_OBJECT_unanticipated__RQ2_R_H03_C09_F08,H03/C09/F08,Lift Slip — Low Friction Surface,apply_vacuum_assist(),0.7825000000000001,1,0.7825000000000001,Parallel Arm Lift — Contact Loss,0.7298850574712644,0.052614942528735664,True,False,True
R_H03_C09_F09,diagnosed_LIFT_OBJECT_unanticipated__RQ2_R_H03_C09_F09,H03/C09/F09,Lift Slip — Low Friction Surface,apply_vacuum_assist(),0.7777777777777777,1,0.7777777777777777,Parallel Arm Lift — Contact Loss,0.7298850574712644,0.04789272030651326,True,False,True
R_H03_C09_F10,diagnosed_LIFT_OBJECT_unanticipated__RQ2_R_H03_C09_F10,H03/C09/F10,Lift Slip — Low Friction Surface,apply_vacuum_assist(),0.7777777777777777,1,0.7777777777777777,Parallel Arm Lift — Contact Loss,0.7298850574712644,0.04789272030651326,True,False,True
R_H03_C10_F01,diagnosed_LIFT_OBJECT_unanticipated__RQ2_R_H03_C10_F01,H03/C10/F01,Lift Slip — Low Friction Surface,apply_vacuum_assist(),0.8055555555555557,1,0.8055555555555557,Parallel Arm Lift — Contact Loss,0.7298850574712644,0.07567049808429127,True,False,True
R_H03_C10_F02,diagnosed_LIFT_OBJECT_unanticipated__RQ2_R_H03_C10_F02,H03/C10/F02,Lift Slip — Low Friction Surface,apply_vacuum_assist(),0.8611111111111112,1,0.8611111111111112,Parallel Arm Lift — Contact Loss,0.7298850574712644,0.13122605363984674,True,False,True
R_H03_C10_F03,diagnosed_LIFT_OBJECT_unanticipated__RQ2_R_H03_C10_F03,H03/C10/F03,Lift Slip — Low Friction Surface,apply_vacuum_assist(),0.8652777777777777,1,0.8652777777777777,Parallel Arm Lift — Contact Loss,0.7298850574712644,0.13539272030651328,True,False,True
R_H03_C10_F04,diagnosed_LIFT_OBJECT_unanticipated__RQ2_R_H03_C10_F04,H03/C10/F04,Lift Slip — Low Friction Surface,apply_vacuum_assist(),0.8694444444444445,1,0.8694444444444445,Parallel Arm Lift — Contact Loss,0.7298850574712644,0.13955938697318004,True,False,True
R_H03_C10_F05,diagnosed_LIFT_OBJECT_unanticipated__RQ2_R_H03_C10_F05,H03/C10/F05,Lift Slip — Low Friction Surface,apply_vacuum_assist(),0.8888888888888888,1,0.8888888888888888,Parallel Arm Lift — Contact Loss,0.7298850574712644,0.15900383141762442,True,False,True
R_H03_C10_F06,diagnosed_LIFT_OBJECT_unanticipated__RQ2_R_H03_C10_F06,H03/C10/F06,Lift Slip — Low Friction Surface,apply_vacuum_assist(),0.8666666666666667,1,0.8666666666666667,Parallel Arm Lift — Contact Loss,0.7298850574712644,0.13678160919540228,True,False,True
R_H03_C10_F07,diagnosed_LIFT_OBJECT_unanticipated__RQ2_R_H03_C10_F07,H03/C10/F07,Lift Slip — Low Friction Surface,apply_vacuum_assist(),0.8222222222222223,1,0.8222222222222223,Parallel Arm Lift — Contact Loss,0.7298850574712644,0.09233716475095788,True,False,True
R_H03_C10_F08,diagnosed_LIFT_OBJECT_unanticipated__RQ2_R_H03_C10_F08,H03/C10/F08,Lift Slip — Low Friction Surface,apply_vacuum_assist(),0.7825000000000001,1,0.7825000000000001,Parallel Arm Lift — Contact Loss,0.7298850574712644,0.052614942528735664,True,False,True
R_H03_C10_F09,diagnosed_LIFT_OBJECT_unanticipated__RQ2_R_H03_C10_F09,H03/C10/F09,Lift Slip — Low Friction Surface,apply_vacuum_assist(),0.7777777777777777,1,0.7777777777777777,Parallel Arm Lift — Contact Loss,0.7298850574712644,0.04789272030651326,True,False,True
R_H03_C10_F10,diagnosed_LIFT_OBJECT_unanticipated__RQ2_R_H03_C10_F10,H03/C10/F10,Lift Slip — Low Friction Surface,apply_vacuum_assist(),0.7777777777777777,1,0.7777777777777777,Parallel Arm Lift — Contact Loss,0.7298850574712644,0.04789272030651326,True,False,True
R_H04_C01_F01,diagnosed_LIFT_OBJECT_unanticipated__RQ2_R_H04_C01_F01,H04/C01/F01,Lift Slip — Low Friction Surface,apply_vacuum_assist(),0.7944444444444444,1,0.7944444444444444,Parallel Arm Lift — Contact Loss,0.7132183908045976,0.0812260536398468,True,False,True
R_H04_C01_F02,diagnosed_LIFT_OBJECT_unanticipated__RQ2_R_H04_C01_F02,H04/C01/F02,Lift Slip — Low Friction Surface,apply_vacuum_assist(),0.85,1,0.85,Parallel Arm Lift — Contact Loss,0.7132183908045976,0.1367816091954024,True,False,True
R_H04_C01_F03,diagnosed_LIFT_OBJECT_unanticipated__RQ2_R_H04_C01_F03,H04/C01/F03,Lift Slip — Low Friction Surface,apply_vacuum_assist(),0.8541666666666666,1,0.8541666666666666,Parallel Arm Lift — Contact Loss,0.7132183908045976,0.14094827586206904,True,False,True
R_H04_C01_F04,diagnosed_LIFT_OBJECT_unanticipated__RQ2_R_H04_C01_F04,H04/C01/F04,Lift Slip — Low Friction Surface,apply_vacuum_assist(),0.8583333333333334,1,0.8583333333333334,Parallel Arm Lift — Contact Loss,0.7132183908045976,0.1451149425287358,True,False,True
R_H04_C01_F05,diagnosed_LIFT_OBJECT_unanticipated__RQ2_R_H04_C01_F05,H04/C01/F05,Lift Slip — Low Friction Surface,apply_vacuum_assist(),0.8777777777777778,1,0.8777777777777778,Parallel Arm Lift — Contact Loss,0.7132183908045976,0.16455938697318018,True,False,True
R_H04_C01_F06,diagnosed_LIFT_OBJECT_unanticipated__RQ2_R_H04_C01_F06,H04/C01/F06,Lift Slip — Low Friction Surface,apply_vacuum_assist(),0.8555555555555556,1,0.8555555555555556,Parallel Arm Lift — Contact Loss,0.7132183908045976,0.14233716475095803,True,False,True
R_H04_C01_F07,diagnosed_LIFT_OBJECT_unanticipated__RQ2_R_H04_C01_F07,H04/C01/F07,Lift Slip — Low Friction Surface,apply_vacuum_assist(),0.8111111111111112,1,0.8111111111111112,Parallel Arm Lift — Contact Loss,0.7132183908045976,0.09789272030651364,True,False,True
R_H04_C01_F08,diagnosed_LIFT_OBJECT_unanticipated__RQ2_R_H04_C01_F08,H04/C01/F08,Lift Slip — Low Friction Surface,apply_vacuum_assist(),0.771388888888889,1,0.771388888888889,Parallel Arm Lift — Contact Loss,0.7132183908045976,0.05817049808429142,True,False,True
R_H04_C01_F09,diagnosed_LIFT_OBJECT_unanticipated__RQ2_R_H04_C01_F09,H04/C01/F09,Lift Slip — Low Friction Surface,apply_vacuum_assist(),0.7666666666666666,1,0.7666666666666666,Parallel Arm Lift — Contact Loss,0.7132183908045976,0.05344827586206902,True,False,True
R_H04_C01_F10,diagnosed_LIFT_OBJECT_unanticipated__RQ2_R_H04_C01_F10,H04/C01/F10,Lift Slip — Low Friction Surface,apply_vacuum_assist(),0.7666666666666666,1,0.7666666666666666,Parallel Arm Lift — Contact Loss,0.7132183908045976,0.05344827586206902,True,False,True
R_H04_C02_F01,diagnosed_LIFT_OBJECT_unanticipated__RQ2_R_H04_C02_F01,H04/C02/F01,Lift Slip — Low Friction Surface,apply_vacuum_assist(),0.9055555555555556,1,0.9055555555555556,Parallel Arm Lift — Contact Loss,0.8798850574712643,0.025670498084291227,True,False,True
R_H04_C02_F02,diagnosed_LIFT_OBJECT_unanticipated__RQ2_R_H04_C02_F02,H04/C02/F02,Lift Slip — Low Friction Surface,apply_vacuum_assist(),0.9611111111111111,1,0.9611111111111111,Parallel Arm Lift — Contact Loss,0.8798850574712643,0.0812260536398468,True,False,True
R_H04_C02_F03,diagnosed_LIFT_OBJECT_unanticipated__RQ2_R_H04_C02_F03,H04/C02/F03,Lift Slip — Low Friction Surface,apply_vacuum_assist(),0.9652777777777778,1,0.9652777777777778,Parallel Arm Lift — Contact Loss,0.8798850574712643,0.08539272030651346,True,False,True
R_H04_C02_F04,diagnosed_LIFT_OBJECT_unanticipated__RQ2_R_H04_C02_F04,H04/C02/F04,Lift Slip — Low Friction Surface,apply_vacuum_assist(),0.9694444444444444,1,0.9694444444444444,Parallel Arm Lift — Contact Loss,0.8798850574712643,0.08955938697318011,True,False,True
R_H04_C02_F05,diagnosed_LIFT_OBJECT_unanticipated__RQ2_R_H04_C02_F05,H04/C02/F05,Lift Slip — Low Friction Surface,apply_vacuum_assist(),0.9888888888888889,1,0.9888888888888889,Parallel Arm Lift — Contact Loss,0.8798850574712643,0.1090038314176246,True,False,True
R_H04_C02_F06,diagnosed_LIFT_OBJECT_unanticipated__RQ2_R_H04_C02_F06,H04/C02/F06,Lift Slip — Low Friction Surface,apply_vacuum_assist(),0.9666666666666667,1,0.9666666666666667,Parallel Arm Lift — Contact Loss,0.8798850574712643,0.08678160919540234,True,False,True
R_H04_C02_F07,diagnosed_LIFT_OBJECT_unanticipated__RQ2_R_H04_C02_F07,H04/C02/F07,Lift Slip — Low Friction Surface,apply_vacuum_assist(),0.9222222222222222,1,0.9222222222222222,Parallel Arm Lift — Contact Loss,0.8798850574712643,0.042337164750957834,True,False,True
R_H04_C02_F08,diagnosed_LIFT_OBJECT_unanticipated__RQ2_R_H04_C02_F08,H04/C02/F08,Lift Slip — Low Friction Surface,apply_vacuum_assist(),0.8825,1,0.8825,Parallel Arm Lift — Contact Loss,0.8798850574712643,0.00261494252873562,True,False,True
R_H04_C02_F09,diagnosed_LIFT_OBJECT_unanticipated__RQ2_R_H04_C02_F09,H04/C02/F09,Parallel Arm Lift — Contact Loss,reposition_and_regrip(),0.8798850574712643,2,0.8777777777777778,Parallel Arm Lift — Contact Loss,0.8798850574712643,-0.0021072796934865634,False,False,False
R_H04_C02_F10,diagnosed_LIFT_OBJECT_unanticipated__RQ2_R_H04_C02_F10,H04/C02/F10,Parallel Arm Lift — Contact Loss,reposition_and_regrip(),0.8798850574712643,2,0.8777777777777778,Parallel Arm Lift — Contact Loss,0.8798850574712643,-0.0021072796934865634,False,False,False
R_H04_C03_F01,diagnosed_LIFT_OBJECT_unanticipated__RQ2_R_H04_C03_F01,H04/C03/F01,Lift Slip — Low Friction Surface,apply_vacuum_assist(),0.85,1,0.85,Parallel Arm Lift — Contact Loss,0.796551724137931,0.05344827586206902,True,False,True
R_H04_C03_F02,diagnosed_LIFT_OBJECT_unanticipated__RQ2_R_H04_C03_F02,H04/C03/F02,Lift Slip — Low Friction Surface,apply_vacuum_assist(),0.9055555555555556,1,0.9055555555555556,Parallel Arm Lift — Contact Loss,0.796551724137931,0.1090038314176246,True,False,True
R_H04_C03_F03,diagnosed_LIFT_OBJECT_unanticipated__RQ2_R_H04_C03_F03,H04/C03/F03,Lift Slip — Low Friction Surface,apply_vacuum_assist(),0.9097222222222222,1,0.9097222222222222,Parallel Arm Lift — Contact Loss,0.796551724137931,0.11317049808429125,True,False,True
R_H04_C03_F04,diagnosed_LIFT_OBJECT_unanticipated__RQ2_R_H04_C03_F04,H04/C03/F04,Lift Slip — Low Friction Surface,apply_vacuum_assist(),0.9138888888888889,1,0.9138888888888889,Parallel Arm Lift — Contact Loss,0.796551724137931,0.1173371647509579,True,False,True
R_H04_C03_F05,diagnosed_LIFT_OBJECT_unanticipated__RQ2_R_H04_C03_F05,H04/C03/F05,Lift Slip — Low Friction Surface,apply_vacuum_assist(),0.9333333333333332,1,0.9333333333333332,Parallel Arm Lift — Contact Loss,0.796551724137931,0.13678160919540228,True,False,True
R_H04_C03_F06,diagnosed_LIFT_OBJECT_unanticipated__RQ2_R_H04_C03_F06,H04/C03/F06,Lift Slip — Low Friction Surface,apply_vacuum_assist(),0.9111111111111111,1,0.9111111111111111,Parallel Arm Lift — Contact Loss,0.796551724137931,0.11455938697318013,True,False,True
R_H04_C03_F07,diagnosed_LIFT_OBJECT_unanticipated__RQ2_R_H04_C03_F07,H04/C03/F07,Lift Slip — Low Friction Surface,apply_vacuum_assist(),0.8666666666666667,1,0.8666666666666667,Parallel Arm Lift — Contact Loss,0.796551724137931,0.07011494252873574,True,False,True
R_H04_C03_F08,diagnosed_LIFT_OBJECT_unanticipated__RQ2_R_H04_C03_F08,H04/C03/F08,Lift Slip — Low Friction Surface,apply_vacuum_assist(),0.8269444444444444,1,0.8269444444444444,Parallel Arm Lift — Contact Loss,0.796551724137931,0.03039272030651341,True,False,True
R_H04_C03_F09,diagnosed_LIFT_OBJECT_unanticipated__RQ2_R_H04_C03_F09,H04/C03/F09,Lift Slip — Low Friction Surface,apply_vacuum_assist(),0.8222222222222223,1,0.8222222222222223,Parallel Arm Lift — Contact Loss,0.796551724137931,0.025670498084291338,True,False,True
R_H04_C03_F10,diagnosed_LIFT_OBJECT_unanticipated__RQ2_R_H04_C03_F10,H04/C03/F10,Lift Slip — Low Friction Surface,apply_vacuum_assist(),0.8222222222222223,1,0.8222222222222223,Parallel Arm Lift — Contact Loss,0.796551724137931,0.025670498084291338,True,False,True
R_H04_C04_F01,diagnosed_LIFT_OBJECT_unanticipated__RQ2_R_H04_C04_F01,H04/C04/F01,Lift Slip — Low Friction Surface,apply_vacuum_assist(),0.8314811111111111,1,0.8314811111111111,Parallel Arm Lift — Contact Loss,0.7687733908045976,0.0627077203065135,True,False,True
R_H04_C04_F02,diagnosed_LIFT_OBJECT_unanticipated__RQ2_R_H04_C04_F02,H04/C04/F02,Lift Slip — Low Friction Surface,apply_vacuum_assist(),0.8870366666666666,1,0.8870366666666666,Parallel Arm Lift — Contact Loss,0.7687733908045976,0.11826327586206897,True,False,True
R_H04_C04_F03,diagnosed_LIFT_OBJECT_unanticipated__RQ2_R_H04_C04_F03,H04/C04/F03,Lift Slip — Low Friction Surface,apply_vacuum_assist(),0.8912033333333333,1,0.8912033333333333,Parallel Arm Lift — Contact Loss,0.7687733908045976,0.12242994252873574,True,False,True
R_H04_C04_F04,diagnosed_LIFT_OBJECT_unanticipated__RQ2_R_H04_C04_F04,H04/C04/F04,Lift Slip — Low Friction Surface,apply_vacuum_assist(),0.8953699999999999,1,0.8953699999999999,Parallel Arm Lift — Contact Loss,0.7687733908045976,0.12659660919540228,True,False,True
R_H04_C04_F05,diagnosed_LIFT_OBJECT_unanticipated__RQ2_R_H04_C04_F05,H04/C04/F05,Lift Slip — Low Friction Surface,apply_vacuum_assist(),0.9148144444444445,1,0.9148144444444445,Parallel Arm Lift — Contact Loss,0.7687733908045976,0.14604105363984687,True,False,True
R_H04_C04_F06,diagnosed_LIFT_OBJECT_unanticipated__RQ2_R_H04_C04_F06,H04/C04/F06,Lift Slip — Low Friction Surface,apply_vacuum_assist(),0.8925922222222223,1,0.8925922222222223,Parallel Arm Lift — Contact Loss,0.7687733908045976,0.12381883141762473,True,False,True
R_H04_C04_F07,diagnosed_LIFT_OBJECT_unanticipated__RQ2_R_H04_C04_F07,H04/C04/F07,Lift Slip — Low Friction Surface,apply_vacuum_assist(),0.8481477777777777,1,0.8481477777777777,Parallel Arm Lift — Contact Loss,0.7687733908045976,0.07937438697318011,True,False,True
R_H04_C04_F08,diagnosed_LIFT_OBJECT_unanticipated__RQ2_R_H04_C04_F08,H04/C04/F08,Lift Slip — Low Friction Surface,apply_vacuum_assist(),0.8084255555555556,1,0.8084255555555556,Parallel Arm Lift — Contact Loss,0.7687733908045976,0.03965216475095801,True,False,True
R_H04_C04_F09,diagnosed_LIFT_OBJECT_unanticipated__RQ2_R_H04_C04_F09,H04/C04/F09,Lift Slip — Low Friction Surface,apply_vacuum_assist(),0.8037033333333333,1,0.8037033333333333,Parallel Arm Lift — Contact Loss,0.7687733908045976,0.034929942528735713,True,False,True
R_H04_C04_F10,diagnosed_LIFT_OBJECT_unanticipated__RQ2_R_H04_C04_F10,H04/C04/F10,Lift Slip — Low Friction Surface,apply_vacuum_assist(),0.8037033333333333,1,0.8037033333333333,Parallel Arm Lift — Contact Loss,0.7687733908045976,0.034929942528735713,True,False,True
R_H04_C05_F01,diagnosed_LIFT_OBJECT_unanticipated__RQ2_R_H04_C05_F01,H04/C05/F01,Lift Slip — Low Friction Surface,apply_vacuum_assist(),0.8222222222222223,1,0.8222222222222223,Parallel Arm Lift — Contact Loss,0.7548850574712643,0.06733716475095797,True,False,True
R_H04_C05_F02,diagnosed_LIFT_OBJECT_unanticipated__RQ2_R_H04_C05_F02,H04/C05/F02,Lift Slip — Low Friction Surface,apply_vacuum_assist(),0.8777777777777778,1,0.8777777777777778,Parallel Arm Lift — Contact Loss,0.7548850574712643,0.12289272030651344,True,False,True
R_H04_C05_F03,diagnosed_LIFT_OBJECT_unanticipated__RQ2_R_H04_C05_F03,H04/C05/F03,Lift Slip — Low Friction Surface,apply_vacuum_assist(),0.8819444444444445,1,0.8819444444444445,Parallel Arm Lift — Contact Loss,0.7548850574712643,0.1270593869731802,True,False,True
R_H04_C05_F04,diagnosed_LIFT_OBJECT_unanticipated__RQ2_R_H04_C05_F04,H04/C05/F04,Lift Slip — Low Friction Surface,apply_vacuum_assist(),0.8861111111111111,1,0.8861111111111111,Parallel Arm Lift — Contact Loss,0.7548850574712643,0.13122605363984674,True,False,True
R_H04_C05_F05,diagnosed_LIFT_OBJECT_unanticipated__RQ2_R_H04_C05_F05,H04/C05/F05,Lift Slip — Low Friction Surface,apply_vacuum_assist(),0.9055555555555556,1,0.9055555555555556,Parallel Arm Lift — Contact Loss,0.7548850574712643,0.15067049808429123,True,False,True
R_H04_C05_F06,diagnosed_LIFT_OBJECT_unanticipated__RQ2_R_H04_C05_F06,H04/C05/F06,Lift Slip — Low Friction Surface,apply_vacuum_assist(),0.8833333333333333,1,0.8833333333333333,Parallel Arm Lift — Contact Loss,0.7548850574712643,0.12844827586206897,True,False,True
R_H04_C05_F07,diagnosed_LIFT_OBJECT_unanticipated__RQ2_R_H04_C05_F07,H04/C05/F07,Lift Slip — Low Friction Surface,apply_vacuum_assist(),0.8388888888888889,1,0.8388888888888889,Parallel Arm Lift — Contact Loss,0.7548850574712643,0.08400383141762457,True,False,True
R_H04_C05_F08,diagnosed_LIFT_OBJECT_unanticipated__RQ2_R_H04_C05_F08,H04/C05/F08,Lift Slip — Low Friction Surface,apply_vacuum_assist(),0.7991666666666667,1,0.7991666666666667,Parallel Arm Lift — Contact Loss,0.7548850574712643,0.04428160919540236,True,False,True
R_H04_C05_F09,diagnosed_LIFT_OBJECT_unanticipated__RQ2_R_H04_C05_F09,H04/C05/F09,Lift Slip — Low Friction Surface,apply_vacuum_assist(),0.7944444444444444,1,0.7944444444444444,Parallel Arm Lift — Contact Loss,0.7548850574712643,0.039559386973180066,True,False,True
R_H04_C05_F10,diagnosed_LIFT_OBJECT_unanticipated__RQ2_R_H04_C05_F10,H04/C05/F10,Lift Slip — Low Friction Surface,apply_vacuum_assist(),0.7944444444444444,1,0.7944444444444444,Parallel Arm Lift — Contact Loss,0.7548850574712643,0.039559386973180066,True,False,True
R_H04_C06_F01,diagnosed_LIFT_OBJECT_unanticipated__RQ2_R_H04_C06_F01,H04/C06/F01,Lift Slip — Low Friction Surface,apply_vacuum_assist(),0.7944444444444444,1,0.7944444444444444,Parallel Arm Lift — Contact Loss,0.7132183908045976,0.0812260536398468,True,False,True
R_H04_C06_F02,diagnosed_LIFT_OBJECT_unanticipated__RQ2_R_H04_C06_F02,H04/C06/F02,Lift Slip — Low Friction Surface,apply_vacuum_assist(),0.85,1,0.85,Parallel Arm Lift — Contact Loss,0.7132183908045976,0.1367816091954024,True,False,True
R_H04_C06_F03,diagnosed_LIFT_OBJECT_unanticipated__RQ2_R_H04_C06_F03,H04/C06/F03,Lift Slip — Low Friction Surface,apply_vacuum_assist(),0.8541666666666666,1,0.8541666666666666,Parallel Arm Lift — Contact Loss,0.7132183908045976,0.14094827586206904,True,False,True
R_H04_C06_F04,diagnosed_LIFT_OBJECT_unanticipated__RQ2_R_H04_C06_F04,H04/C06/F04,Lift Slip — Low Friction Surface,apply_vacuum_assist(),0.8583333333333334,1,0.8583333333333334,Parallel Arm Lift — Contact Loss,0.7132183908045976,0.1451149425287358,True,False,True
R_H04_C06_F05,diagnosed_LIFT_OBJECT_unanticipated__RQ2_R_H04_C06_F05,H04/C06/F05,Lift Slip — Low Friction Surface,apply_vacuum_assist(),0.8777777777777778,1,0.8777777777777778,Parallel Arm Lift — Contact Loss,0.7132183908045976,0.16455938697318018,True,False,True
R_H04_C06_F06,diagnosed_LIFT_OBJECT_unanticipated__RQ2_R_H04_C06_F06,H04/C06/F06,Lift Slip — Low Friction Surface,apply_vacuum_assist(),0.8555555555555556,1,0.8555555555555556,Parallel Arm Lift — Contact Loss,0.7132183908045976,0.14233716475095803,True,False,True
R_H04_C06_F07,diagnosed_LIFT_OBJECT_unanticipated__RQ2_R_H04_C06_F07,H04/C06/F07,Lift Slip — Low Friction Surface,apply_vacuum_assist(),0.8111111111111112,1,0.8111111111111112,Parallel Arm Lift — Contact Loss,0.7132183908045976,0.09789272030651364,True,False,True
R_H04_C06_F08,diagnosed_LIFT_OBJECT_unanticipated__RQ2_R_H04_C06_F08,H04/C06/F08,Lift Slip — Low Friction Surface,apply_vacuum_assist(),0.771388888888889,1,0.771388888888889,Parallel Arm Lift — Contact Loss,0.7132183908045976,0.05817049808429142,True,False,True
R_H04_C06_F09,diagnosed_LIFT_OBJECT_unanticipated__RQ2_R_H04_C06_F09,H04/C06/F09,Lift Slip — Low Friction Surface,apply_vacuum_assist(),0.7666666666666666,1,0.7666666666666666,Parallel Arm Lift — Contact Loss,0.7132183908045976,0.05344827586206902,True,False,True
R_H04_C06_F10,diagnosed_LIFT_OBJECT_unanticipated__RQ2_R_H04_C06_F10,H04/C06/F10,Lift Slip — Low Friction Surface,apply_vacuum_assist(),0.7666666666666666,1,0.7666666666666666,Parallel Arm Lift — Contact Loss,0.7132183908045976,0.05344827586206902,True,False,True
R_H04_C07_F01,diagnosed_LIFT_OBJECT_unanticipated__RQ2_R_H04_C07_F01,H04/C07/F01,Lift Slip — Low Friction Surface,apply_vacuum_assist(),0.7944444444444444,1,0.7944444444444444,Parallel Arm Lift — Contact Loss,0.7132183908045976,0.0812260536398468,True,False,True
R_H04_C07_F02,diagnosed_LIFT_OBJECT_unanticipated__RQ2_R_H04_C07_F02,H04/C07/F02,Lift Slip — Low Friction Surface,apply_vacuum_assist(),0.85,1,0.85,Parallel Arm Lift — Contact Loss,0.7132183908045976,0.1367816091954024,True,False,True
R_H04_C07_F03,diagnosed_LIFT_OBJECT_unanticipated__RQ2_R_H04_C07_F03,H04/C07/F03,Lift Slip — Low Friction Surface,apply_vacuum_assist(),0.8541666666666666,1,0.8541666666666666,Parallel Arm Lift — Contact Loss,0.7132183908045976,0.14094827586206904,True,False,True
R_H04_C07_F04,diagnosed_LIFT_OBJECT_unanticipated__RQ2_R_H04_C07_F04,H04/C07/F04,Lift Slip — Low Friction Surface,apply_vacuum_assist(),0.8583333333333334,1,0.8583333333333334,Parallel Arm Lift — Contact Loss,0.7132183908045976,0.1451149425287358,True,False,True
R_H04_C07_F05,diagnosed_LIFT_OBJECT_unanticipated__RQ2_R_H04_C07_F05,H04/C07/F05,Lift Slip — Low Friction Surface,apply_vacuum_assist(),0.8777777777777778,1,0.8777777777777778,Parallel Arm Lift — Contact Loss,0.7132183908045976,0.16455938697318018,True,False,True
R_H04_C07_F06,diagnosed_LIFT_OBJECT_unanticipated__RQ2_R_H04_C07_F06,H04/C07/F06,Lift Slip — Low Friction Surface,apply_vacuum_assist(),0.8555555555555556,1,0.8555555555555556,Parallel Arm Lift — Contact Loss,0.7132183908045976,0.14233716475095803,True,False,True
R_H04_C07_F07,diagnosed_LIFT_OBJECT_unanticipated__RQ2_R_H04_C07_F07,H04/C07/F07,Lift Slip — Low Friction Surface,apply_vacuum_assist(),0.8111111111111112,1,0.8111111111111112,Parallel Arm Lift — Contact Loss,0.7132183908045976,0.09789272030651364,True,False,True
R_H04_C07_F08,diagnosed_LIFT_OBJECT_unanticipated__RQ2_R_H04_C07_F08,H04/C07/F08,Lift Slip — Low Friction Surface,apply_vacuum_assist(),0.771388888888889,1,0.771388888888889,Parallel Arm Lift — Contact Loss,0.7132183908045976,0.05817049808429142,True,False,True
R_H04_C07_F09,diagnosed_LIFT_OBJECT_unanticipated__RQ2_R_H04_C07_F09,H04/C07/F09,Lift Slip — Low Friction Surface,apply_vacuum_assist(),0.7666666666666666,1,0.7666666666666666,Parallel Arm Lift — Contact Loss,0.7132183908045976,0.05344827586206902,True,False,True
R_H04_C07_F10,diagnosed_LIFT_OBJECT_unanticipated__RQ2_R_H04_C07_F10,H04/C07/F10,Lift Slip — Low Friction Surface,apply_vacuum_assist(),0.7666666666666666,1,0.7666666666666666,Parallel Arm Lift — Contact Loss,0.7132183908045976,0.05344827586206902,True,False,True
R_H04_C08_F01,diagnosed_LIFT_OBJECT_unanticipated__RQ2_R_H04_C08_F01,H04/C08/F01,Lift Slip — Low Friction Surface,apply_vacuum_assist(),0.7944444444444444,1,0.7944444444444444,Parallel Arm Lift — Contact Loss,0.7132183908045976,0.0812260536398468,True,False,True
R_H04_C08_F02,diagnosed_LIFT_OBJECT_unanticipated__RQ2_R_H04_C08_F02,H04/C08/F02,Lift Slip — Low Friction Surface,apply_vacuum_assist(),0.85,1,0.85,Parallel Arm Lift — Contact Loss,0.7132183908045976,0.1367816091954024,True,False,True
R_H04_C08_F03,diagnosed_LIFT_OBJECT_unanticipated__RQ2_R_H04_C08_F03,H04/C08/F03,Lift Slip — Low Friction Surface,apply_vacuum_assist(),0.8541666666666666,1,0.8541666666666666,Parallel Arm Lift — Contact Loss,0.7132183908045976,0.14094827586206904,True,False,True
R_H04_C08_F04,diagnosed_LIFT_OBJECT_unanticipated__RQ2_R_H04_C08_F04,H04/C08/F04,Lift Slip — Low Friction Surface,apply_vacuum_assist(),0.8583333333333334,1,0.8583333333333334,Parallel Arm Lift — Contact Loss,0.7132183908045976,0.1451149425287358,True,False,True
R_H04_C08_F05,diagnosed_LIFT_OBJECT_unanticipated__RQ2_R_H04_C08_F05,H04/C08/F05,Lift Slip — Low Friction Surface,apply_vacuum_assist(),0.8777777777777778,1,0.8777777777777778,Parallel Arm Lift — Contact Loss,0.7132183908045976,0.16455938697318018,True,False,True
R_H04_C08_F06,diagnosed_LIFT_OBJECT_unanticipated__RQ2_R_H04_C08_F06,H04/C08/F06,Lift Slip — Low Friction Surface,apply_vacuum_assist(),0.8555555555555556,1,0.8555555555555556,Parallel Arm Lift — Contact Loss,0.7132183908045976,0.14233716475095803,True,False,True
R_H04_C08_F07,diagnosed_LIFT_OBJECT_unanticipated__RQ2_R_H04_C08_F07,H04/C08/F07,Lift Slip — Low Friction Surface,apply_vacuum_assist(),0.8111111111111112,1,0.8111111111111112,Parallel Arm Lift — Contact Loss,0.7132183908045976,0.09789272030651364,True,False,True
R_H04_C08_F08,diagnosed_LIFT_OBJECT_unanticipated__RQ2_R_H04_C08_F08,H04/C08/F08,Lift Slip — Low Friction Surface,apply_vacuum_assist(),0.771388888888889,1,0.771388888888889,Parallel Arm Lift — Contact Loss,0.7132183908045976,0.05817049808429142,True,False,True
R_H04_C08_F09,diagnosed_LIFT_OBJECT_unanticipated__RQ2_R_H04_C08_F09,H04/C08/F09,Lift Slip — Low Friction Surface,apply_vacuum_assist(),0.7666666666666666,1,0.7666666666666666,Parallel Arm Lift — Contact Loss,0.7132183908045976,0.05344827586206902,True,False,True
R_H04_C08_F10,diagnosed_LIFT_OBJECT_unanticipated__RQ2_R_H04_C08_F10,H04/C08/F10,Lift Slip — Low Friction Surface,apply_vacuum_assist(),0.7666666666666666,1,0.7666666666666666,Parallel Arm Lift — Contact Loss,0.7132183908045976,0.05344827586206902,True,False,True
R_H04_C09_F01,diagnosed_LIFT_OBJECT_unanticipated__RQ2_R_H04_C09_F01,H04/C09/F01,Lift Slip — Low Friction Surface,apply_vacuum_assist(),0.7944444444444444,1,0.7944444444444444,Parallel Arm Lift — Contact Loss,0.7132183908045976,0.0812260536398468,True,False,True
R_H04_C09_F02,diagnosed_LIFT_OBJECT_unanticipated__RQ2_R_H04_C09_F02,H04/C09/F02,Lift Slip — Low Friction Surface,apply_vacuum_assist(),0.85,1,0.85,Parallel Arm Lift — Contact Loss,0.7132183908045976,0.1367816091954024,True,False,True
R_H04_C09_F03,diagnosed_LIFT_OBJECT_unanticipated__RQ2_R_H04_C09_F03,H04/C09/F03,Lift Slip — Low Friction Surface,apply_vacuum_assist(),0.8541666666666666,1,0.8541666666666666,Parallel Arm Lift — Contact Loss,0.7132183908045976,0.14094827586206904,True,False,True
R_H04_C09_F04,diagnosed_LIFT_OBJECT_unanticipated__RQ2_R_H04_C09_F04,H04/C09/F04,Lift Slip — Low Friction Surface,apply_vacuum_assist(),0.8583333333333334,1,0.8583333333333334,Parallel Arm Lift — Contact Loss,0.7132183908045976,0.1451149425287358,True,False,True
R_H04_C09_F05,diagnosed_LIFT_OBJECT_unanticipated__RQ2_R_H04_C09_F05,H04/C09/F05,Lift Slip — Low Friction Surface,apply_vacuum_assist(),0.8777777777777778,1,0.8777777777777778,Parallel Arm Lift — Contact Loss,0.7132183908045976,0.16455938697318018,True,False,True
R_H04_C09_F06,diagnosed_LIFT_OBJECT_unanticipated__RQ2_R_H04_C09_F06,H04/C09/F06,Lift Slip — Low Friction Surface,apply_vacuum_assist(),0.8555555555555556,1,0.8555555555555556,Parallel Arm Lift — Contact Loss,0.7132183908045976,0.14233716475095803,True,False,True
R_H04_C09_F07,diagnosed_LIFT_OBJECT_unanticipated__RQ2_R_H04_C09_F07,H04/C09/F07,Lift Slip — Low Friction Surface,apply_vacuum_assist(),0.8111111111111112,1,0.8111111111111112,Parallel Arm Lift — Contact Loss,0.7132183908045976,0.09789272030651364,True,False,True
R_H04_C09_F08,diagnosed_LIFT_OBJECT_unanticipated__RQ2_R_H04_C09_F08,H04/C09/F08,Lift Slip — Low Friction Surface,apply_vacuum_assist(),0.771388888888889,1,0.771388888888889,Parallel Arm Lift — Contact Loss,0.7132183908045976,0.05817049808429142,True,False,True
R_H04_C09_F09,diagnosed_LIFT_OBJECT_unanticipated__RQ2_R_H04_C09_F09,H04/C09/F09,Lift Slip — Low Friction Surface,apply_vacuum_assist(),0.7666666666666666,1,0.7666666666666666,Parallel Arm Lift — Contact Loss,0.7132183908045976,0.05344827586206902,True,False,True
R_H04_C09_F10,diagnosed_LIFT_OBJECT_unanticipated__RQ2_R_H04_C09_F10,H04/C09/F10,Lift Slip — Low Friction Surface,apply_vacuum_assist(),0.7666666666666666,1,0.7666666666666666,Parallel Arm Lift — Contact Loss,0.7132183908045976,0.05344827586206902,True,False,True
R_H04_C10_F01,diagnosed_LIFT_OBJECT_unanticipated__RQ2_R_H04_C10_F01,H04/C10/F01,Lift Slip — Low Friction Surface,apply_vacuum_assist(),0.7944444444444444,1,0.7944444444444444,Parallel Arm Lift — Contact Loss,0.7132183908045976,0.0812260536398468,True,False,True
R_H04_C10_F02,diagnosed_LIFT_OBJECT_unanticipated__RQ2_R_H04_C10_F02,H04/C10/F02,Lift Slip — Low Friction Surface,apply_vacuum_assist(),0.85,1,0.85,Parallel Arm Lift — Contact Loss,0.7132183908045976,0.1367816091954024,True,False,True
R_H04_C10_F03,diagnosed_LIFT_OBJECT_unanticipated__RQ2_R_H04_C10_F03,H04/C10/F03,Lift Slip — Low Friction Surface,apply_vacuum_assist(),0.8541666666666666,1,0.8541666666666666,Parallel Arm Lift — Contact Loss,0.7132183908045976,0.14094827586206904,True,False,True
R_H04_C10_F04,diagnosed_LIFT_OBJECT_unanticipated__RQ2_R_H04_C10_F04,H04/C10/F04,Lift Slip — Low Friction Surface,apply_vacuum_assist(),0.8583333333333334,1,0.8583333333333334,Parallel Arm Lift — Contact Loss,0.7132183908045976,0.1451149425287358,True,False,True
R_H04_C10_F05,diagnosed_LIFT_OBJECT_unanticipated__RQ2_R_H04_C10_F05,H04/C10/F05,Lift Slip — Low Friction Surface,apply_vacuum_assist(),0.8777777777777778,1,0.8777777777777778,Parallel Arm Lift — Contact Loss,0.7132183908045976,0.16455938697318018,True,False,True
R_H04_C10_F06,diagnosed_LIFT_OBJECT_unanticipated__RQ2_R_H04_C10_F06,H04/C10/F06,Lift Slip — Low Friction Surface,apply_vacuum_assist(),0.8555555555555556,1,0.8555555555555556,Parallel Arm Lift — Contact Loss,0.7132183908045976,0.14233716475095803,True,False,True
R_H04_C10_F07,diagnosed_LIFT_OBJECT_unanticipated__RQ2_R_H04_C10_F07,H04/C10/F07,Lift Slip — Low Friction Surface,apply_vacuum_assist(),0.8111111111111112,1,0.8111111111111112,Parallel Arm Lift — Contact Loss,0.7132183908045976,0.09789272030651364,True,False,True
R_H04_C10_F08,diagnosed_LIFT_OBJECT_unanticipated__RQ2_R_H04_C10_F08,H04/C10/F08,Lift Slip — Low Friction Surface,apply_vacuum_assist(),0.771388888888889,1,0.771388888888889,Parallel Arm Lift — Contact Loss,0.7132183908045976,0.05817049808429142,True,False,True
R_H04_C10_F09,diagnosed_LIFT_OBJECT_unanticipated__RQ2_R_H04_C10_F09,H04/C10/F09,Lift Slip — Low Friction Surface,apply_vacuum_assist(),0.7666666666666666,1,0.7666666666666666,Parallel Arm Lift — Contact Loss,0.7132183908045976,0.05344827586206902,True,False,True
R_H04_C10_F10,diagnosed_LIFT_OBJECT_unanticipated__RQ2_R_H04_C10_F10,H04/C10/F10,Lift Slip — Low Friction Surface,apply_vacuum_assist(),0.7666666666666666,1,0.7666666666666666,Parallel Arm Lift — Contact Loss,0.7132183908045976,0.05344827586206902,True,False,True
R_H05_C01_F01,diagnosed_LIFT_OBJECT_unanticipated__RQ2_R_H05_C01_F01,H05/C01/F01,Lift Slip — Low Friction Surface,apply_vacuum_assist(),0.736111111111111,1,0.736111111111111,Parallel Arm Lift — Contact Loss,0.6666666666666666,0.06944444444444442,True,False,True
R_H05_C01_F02,diagnosed_LIFT_OBJECT_unanticipated__RQ2_R_H05_C01_F02,H05/C01/F02,Lift Slip — Low Friction Surface,apply_vacuum_assist(),0.7916666666666666,1,0.7916666666666666,Parallel Arm Lift — Contact Loss,0.6666666666666666,0.125,True,False,True
R_H05_C01_F03,diagnosed_LIFT_OBJECT_unanticipated__RQ2_R_H05_C01_F03,H05/C01/F03,Lift Slip — Low Friction Surface,apply_vacuum_assist(),0.7958333333333334,1,0.7958333333333334,Parallel Arm Lift — Contact Loss,0.6666666666666666,0.12916666666666676,True,False,True
R_H05_C01_F04,diagnosed_LIFT_OBJECT_unanticipated__RQ2_R_H05_C01_F04,H05/C01/F04,Lift Slip — Low Friction Surface,apply_vacuum_assist(),0.7999999999999999,1,0.7999999999999999,Parallel Arm Lift — Contact Loss,0.6666666666666666,0.1333333333333333,True,False,True
R_H05_C01_F05,diagnosed_LIFT_OBJECT_unanticipated__RQ2_R_H05_C01_F05,H05/C01/F05,Lift Slip — Low Friction Surface,apply_vacuum_assist(),0.8194444444444443,1,0.8194444444444443,Parallel Arm Lift — Contact Loss,0.6666666666666666,0.15277777777777768,True,False,True
R_H05_C01_F06,diagnosed_LIFT_OBJECT_unanticipated__RQ2_R_H05_C01_F06,H05/C01/F06,Lift Slip — Low Friction Surface,apply_vacuum_assist(),0.7972222222222222,1,0.7972222222222222,Parallel Arm Lift — Contact Loss,0.6666666666666666,0.13055555555555554,True,False,True
R_H05_C01_F07,diagnosed_LIFT_OBJECT_unanticipated__RQ2_R_H05_C01_F07,H05/C01/F07,Lift Slip — Low Friction Surface,apply_vacuum_assist(),0.7527777777777778,1,0.7527777777777778,Parallel Arm Lift — Contact Loss,0.6666666666666666,0.08611111111111114,True,False,True
R_H05_C01_F08,diagnosed_LIFT_OBJECT_unanticipated__RQ2_R_H05_C01_F08,H05/C01/F08,Lift Slip — Low Friction Surface,apply_vacuum_assist(),0.7130555555555556,1,0.7130555555555556,Parallel Arm Lift — Contact Loss,0.6666666666666666,0.046388888888888924,True,False,True
R_H05_C01_F09,diagnosed_LIFT_OBJECT_unanticipated__RQ2_R_H05_C01_F09,H05/C01/F09,Lift Slip — Low Friction Surface,apply_vacuum_assist(),0.7083333333333334,1,0.7083333333333334,Parallel Arm Lift — Contact Loss,0.6666666666666666,0.04166666666666674,True,False,True
R_H05_C01_F10,diagnosed_LIFT_OBJECT_unanticipated__RQ2_R_H05_C01_F10,H05/C01/F10,Lift Slip — Low Friction Surface,apply_vacuum_assist(),0.7083333333333334,1,0.7083333333333334,Parallel Arm Lift — Contact Loss,0.6666666666666666,0.04166666666666674,True,False,True
R_H05_C02_F01,diagnosed_LIFT_OBJECT_unanticipated__RQ2_R_H05_C02_F01,H05/C02/F01,Lift Slip — Low Friction Surface,apply_vacuum_assist(),0.8472222222222222,1,0.8472222222222222,Parallel Arm Lift — Contact Loss,0.7923850574712644,0.05483716475095779,True,False,True
R_H05_C02_F02,diagnosed_LIFT_OBJECT_unanticipated__RQ2_R_H05_C02_F02,H05/C02/F02,Lift Slip — Low Friction Surface,apply_vacuum_assist(),0.9027777777777778,1,0.9027777777777778,Parallel Arm Lift — Contact Loss,0.7923850574712644,0.11039272030651337,True,False,True
R_H05_C02_F03,diagnosed_LIFT_OBJECT_unanticipated__RQ2_R_H05_C02_F03,H05/C02/F03,Lift Slip — Low Friction Surface,apply_vacuum_assist(),0.9069444444444444,1,0.9069444444444444,Parallel Arm Lift — Contact Loss,0.7923850574712644,0.11455938697318002,True,False,True
R_H05_C02_F04,diagnosed_LIFT_OBJECT_unanticipated__RQ2_R_H05_C02_F04,H05/C02/F04,Lift Slip — Low Friction Surface,apply_vacuum_assist(),0.9111111111111111,1,0.9111111111111111,Parallel Arm Lift — Contact Loss,0.7923850574712644,0.11872605363984667,True,False,True
R_H05_C02_F05,diagnosed_LIFT_OBJECT_unanticipated__RQ2_R_H05_C02_F05,H05/C02/F05,Lift Slip — Low Friction Surface,apply_vacuum_assist(),0.9305555555555555,1,0.9305555555555555,Parallel Arm Lift — Contact Loss,0.7923850574712644,0.13817049808429105,True,False,True
R_H05_C02_F06,diagnosed_LIFT_OBJECT_unanticipated__RQ2_R_H05_C02_F06,H05/C02/F06,Lift Slip — Low Friction Surface,apply_vacuum_assist(),0.9083333333333333,1,0.9083333333333333,Parallel Arm Lift — Contact Loss,0.7923850574712644,0.1159482758620689,True,False,True
R_H05_C02_F07,diagnosed_LIFT_OBJECT_unanticipated__RQ2_R_H05_C02_F07,H05/C02/F07,Lift Slip — Low Friction Surface,apply_vacuum_assist(),0.8638888888888889,1,0.8638888888888889,Parallel Arm Lift — Contact Loss,0.7923850574712644,0.07150383141762451,True,False,True
R_H05_C02_F08,diagnosed_LIFT_OBJECT_unanticipated__RQ2_R_H05_C02_F08,H05/C02/F08,Lift Slip — Low Friction Surface,apply_vacuum_assist(),0.8241666666666667,1,0.8241666666666667,Parallel Arm Lift — Contact Loss,0.7923850574712644,0.031781609195402294,True,False,True
R_H05_C02_F09,diagnosed_LIFT_OBJECT_unanticipated__RQ2_R_H05_C02_F09,H05/C02/F09,Lift Slip — Low Friction Surface,apply_vacuum_assist(),0.8194444444444443,1,0.8194444444444443,Parallel Arm Lift — Contact Loss,0.7923850574712644,0.02705938697317989,True,False,True
R_H05_C02_F10,diagnosed_LIFT_OBJECT_unanticipated__RQ2_R_H05_C02_F10,H05/C02/F10,Lift Slip — Low Friction Surface,apply_vacuum_assist(),0.8194444444444443,1,0.8194444444444443,Parallel Arm Lift — Contact Loss,0.7923850574712644,0.02705938697317989,True,False,True
R_H05_C03_F01,diagnosed_LIFT_OBJECT_unanticipated__RQ2_R_H05_C03_F01,H05/C03/F01,Lift Slip — Low Friction Surface,apply_vacuum_assist(),0.7916666666666666,1,0.7916666666666666,Parallel Arm Lift — Contact Loss,0.709051724137931,0.08261494252873558,True,False,True
R_H05_C03_F02,diagnosed_LIFT_OBJECT_unanticipated__RQ2_R_H05_C03_F02,H05/C03/F02,Lift Slip — Low Friction Surface,apply_vacuum_assist(),0.8472222222222222,1,0.8472222222222222,Parallel Arm Lift — Contact Loss,0.709051724137931,0.13817049808429116,True,False,True
R_H05_C03_F03,diagnosed_LIFT_OBJECT_unanticipated__RQ2_R_H05_C03_F03,H05/C03/F03,Lift Slip — Low Friction Surface,apply_vacuum_assist(),0.8513888888888889,1,0.8513888888888889,Parallel Arm Lift — Contact Loss,0.709051724137931,0.1423371647509578,True,False,True
R_H05_C03_F04,diagnosed_LIFT_OBJECT_unanticipated__RQ2_R_H05_C03_F04,H05/C03/F04,Lift Slip — Low Friction Surface,apply_vacuum_assist(),0.8555555555555555,1,0.8555555555555555,Parallel Arm Lift — Contact Loss,0.709051724137931,0.14650383141762446,True,False,True
R_H05_C03_F05,diagnosed_LIFT_OBJECT_unanticipated__RQ2_R_H05_C03_F05,H05/C03/F05,Lift Slip — Low Friction Surface,apply_vacuum_assist(),0.875,1,0.875,Parallel Arm Lift — Contact Loss,0.709051724137931,0.16594827586206895,True,False,True
R_H05_C03_F06,diagnosed_LIFT_OBJECT_unanticipated__RQ2_R_H05_C03_F06,H05/C03/F06,Lift Slip — Low Friction Surface,apply_vacuum_assist(),0.8527777777777779,1,0.8527777777777779,Parallel Arm Lift — Contact Loss,0.709051724137931,0.1437260536398468,True,False,True
R_H05_C03_F07,diagnosed_LIFT_OBJECT_unanticipated__RQ2_R_H05_C03_F07,H05/C03/F07,Lift Slip — Low Friction Surface,apply_vacuum_assist(),0.8083333333333332,1,0.8083333333333332,Parallel Arm Lift — Contact Loss,0.709051724137931,0.09928160919540219,True,False,True
R_H05_C03_F08,diagnosed_LIFT_OBJECT_unanticipated__RQ2_R_H05_C03_F08,H05/C03/F08,Lift Slip — Low Friction Surface,apply_vacuum_assist(),0.768611111111111,1,0.768611111111111,Parallel Arm Lift — Contact Loss,0.709051724137931,0.05955938697317997,True,False,True
R_H05_C03_F09,diagnosed_LIFT_OBJECT_unanticipated__RQ2_R_H05_C03_F09,H05/C03/F09,Lift Slip — Low Friction Surface,apply_vacuum_assist(),0.763888888888889,1,0.763888888888889,Parallel Arm Lift — Contact Loss,0.709051724137931,0.0548371647509579,True,False,True
R_H05_C03_F10,diagnosed_LIFT_OBJECT_unanticipated__RQ2_R_H05_C03_F10,H05/C03/F10,Lift Slip — Low Friction Surface,apply_vacuum_assist(),0.763888888888889,1,0.763888888888889,Parallel Arm Lift — Contact Loss,0.709051724137931,0.0548371647509579,True,False,True
R_H05_C04_F01,diagnosed_LIFT_OBJECT_unanticipated__RQ2_R_H05_C04_F01,H05/C04/F01,Lift Slip — Low Friction Surface,apply_vacuum_assist(),0.7731477777777777,1,0.7731477777777777,Parallel Arm Lift — Contact Loss,0.6812733908045977,0.09187438697317996,True,False,True
R_H05_C04_F02,diagnosed_LIFT_OBJECT_unanticipated__RQ2_R_H05_C04_F02,H05/C04/F02,Lift Slip — Low Friction Surface,apply_vacuum_assist(),0.8287033333333333,1,0.8287033333333333,Parallel Arm Lift — Contact Loss,0.6812733908045977,0.14742994252873565,True,False,True
R_H05_C04_F03,diagnosed_LIFT_OBJECT_unanticipated__RQ2_R_H05_C04_F03,H05/C04/F03,Lift Slip — Low Friction Surface,apply_vacuum_assist(),0.8328700000000001,1,0.8328700000000001,Parallel Arm Lift — Contact Loss,0.6812733908045977,0.1515966091954024,True,False,True
R_H05_C04_F04,diagnosed_LIFT_OBJECT_unanticipated__RQ2_R_H05_C04_F04,H05/C04/F04,Lift Slip — Low Friction Surface,apply_vacuum_assist(),0.8370366666666667,1,0.8370366666666667,Parallel Arm Lift — Contact Loss,0.6812733908045977,0.15576327586206895,True,False,True
R_H05_C04_F05,diagnosed_LIFT_OBJECT_unanticipated__RQ2_R_H05_C04_F05,H05/C04/F05,Lift Slip — Low Friction Surface,apply_vacuum_assist(),0.8564811111111111,1,0.8564811111111111,Parallel Arm Lift — Contact Loss,0.6812733908045977,0.17520772030651344,True,False,True
R_H05_C04_F06,diagnosed_LIFT_OBJECT_unanticipated__RQ2_R_H05_C04_F06,H05/C04/F06,Lift Slip — Low Friction Surface,apply_vacuum_assist(),0.8342588888888889,1,0.8342588888888889,Parallel Arm Lift — Contact Loss,0.6812733908045977,0.15298549808429118,True,False,True
R_H05_C04_F07,diagnosed_LIFT_OBJECT_unanticipated__RQ2_R_H05_C04_F07,H05/C04/F07,Lift Slip — Low Friction Surface,apply_vacuum_assist(),0.7898144444444445,1,0.7898144444444445,Parallel Arm Lift — Contact Loss,0.6812733908045977,0.10854105363984679,True,False,True
R_H05_C04_F08,diagnosed_LIFT_OBJECT_unanticipated__RQ2_R_H05_C04_F08,H05/C04/F08,Lift Slip — Low Friction Surface,apply_vacuum_assist(),0.7500922222222223,1,0.7500922222222223,Parallel Arm Lift — Contact Loss,0.6812733908045977,0.06881883141762457,True,False,True
R_H05_C04_F09,diagnosed_LIFT_OBJECT_unanticipated__RQ2_R_H05_C04_F09,H05/C04/F09,Lift Slip — Low Friction Surface,apply_vacuum_assist(),0.74537,1,0.74537,Parallel Arm Lift — Contact Loss,0.6812733908045977,0.06409660919540228,True,False,True
R_H05_C04_F10,diagnosed_LIFT_OBJECT_unanticipated__RQ2_R_H05_C04_F10,H05/C04/F10,Lift Slip — Low Friction Surface,apply_vacuum_assist(),0.74537,1,0.74537,Parallel Arm Lift — Contact Loss,0.6812733908045977,0.06409660919540228,True,False,True
R_H05_C05_F01,diagnosed_LIFT_OBJECT_unanticipated__RQ2_R_H05_C05_F01,H05/C05/F01,Lift Slip — Low Friction Surface,apply_vacuum_assist(),0.763888888888889,1,0.763888888888889,Parallel Arm Lift — Contact Loss,0.6673850574712644,0.09650383141762453,True,False,True
R_H05_C05_F02,diagnosed_LIFT_OBJECT_unanticipated__RQ2_R_H05_C05_F02,H05/C05/F02,Lift Slip — Low Friction Surface,apply_vacuum_assist(),0.8194444444444443,1,0.8194444444444443,Parallel Arm Lift — Contact Loss,0.6673850574712644,0.1520593869731799,True,False,True
R_H05_C05_F03,diagnosed_LIFT_OBJECT_unanticipated__RQ2_R_H05_C05_F03,H05/C05/F03,Lift Slip — Low Friction Surface,apply_vacuum_assist(),0.8236111111111111,1,0.8236111111111111,Parallel Arm Lift — Contact Loss,0.6673850574712644,0.15622605363984665,True,False,True
R_H05_C05_F04,diagnosed_LIFT_OBJECT_unanticipated__RQ2_R_H05_C05_F04,H05/C05/F04,Lift Slip — Low Friction Surface,apply_vacuum_assist(),0.8277777777777778,1,0.8277777777777778,Parallel Arm Lift — Contact Loss,0.6673850574712644,0.16039272030651341,True,False,True
R_H05_C05_F05,diagnosed_LIFT_OBJECT_unanticipated__RQ2_R_H05_C05_F05,H05/C05/F05,Lift Slip — Low Friction Surface,apply_vacuum_assist(),0.8472222222222222,1,0.8472222222222222,Parallel Arm Lift — Contact Loss,0.6673850574712644,0.1798371647509578,True,False,True
R_H05_C05_F06,diagnosed_LIFT_OBJECT_unanticipated__RQ2_R_H05_C05_F06,H05/C05/F06,Lift Slip — Low Friction Surface,apply_vacuum_assist(),0.8250000000000001,1,0.8250000000000001,Parallel Arm Lift — Contact Loss,0.6673850574712644,0.15761494252873565,True,False,True
R_H05_C05_F07,diagnosed_LIFT_OBJECT_unanticipated__RQ2_R_H05_C05_F07,H05/C05/F07,Lift Slip — Low Friction Surface,apply_vacuum_assist(),0.7805555555555556,1,0.7805555555555556,Parallel Arm Lift — Contact Loss,0.6673850574712644,0.11317049808429114,True,False,True
R_H05_C05_F08,diagnosed_LIFT_OBJECT_unanticipated__RQ2_R_H05_C05_F08,H05/C05/F08,Lift Slip — Low Friction Surface,apply_vacuum_assist(),0.7408333333333333,1,0.7408333333333333,Parallel Arm Lift — Contact Loss,0.6673850574712644,0.07344827586206892,True,False,True
R_H05_C05_F09,diagnosed_LIFT_OBJECT_unanticipated__RQ2_R_H05_C05_F09,H05/C05/F09,Lift Slip — Low Friction Surface,apply_vacuum_assist(),0.736111111111111,1,0.736111111111111,Parallel Arm Lift — Contact Loss,0.6673850574712644,0.06872605363984663,True,False,True
R_H05_C05_F10,diagnosed_LIFT_OBJECT_unanticipated__RQ2_R_H05_C05_F10,H05/C05/F10,Lift Slip — Low Friction Surface,apply_vacuum_assist(),0.736111111111111,1,0.736111111111111,Parallel Arm Lift — Contact Loss,0.6673850574712644,0.06872605363984663,True,False,True
R_H05_C06_F01,diagnosed_LIFT_OBJECT_unanticipated__RQ2_R_H05_C06_F01,H05/C06/F01,Lift Slip — Low Friction Surface,apply_vacuum_assist(),0.736111111111111,1,0.736111111111111,Parallel Arm Lift — Contact Loss,0.6666666666666666,0.06944444444444442,True,False,True
R_H05_C06_F02,diagnosed_LIFT_OBJECT_unanticipated__RQ2_R_H05_C06_F02,H05/C06/F02,Lift Slip — Low Friction Surface,apply_vacuum_assist(),0.7916666666666666,1,0.7916666666666666,Parallel Arm Lift — Contact Loss,0.6666666666666666,0.125,True,False,True
R_H05_C06_F03,diagnosed_LIFT_OBJECT_unanticipated__RQ2_R_H05_C06_F03,H05/C06/F03,Lift Slip — Low Friction Surface,apply_vacuum_assist(),0.7958333333333334,1,0.7958333333333334,Parallel Arm Lift — Contact Loss,0.6666666666666666,0.12916666666666676,True,False,True
R_H05_C06_F04,diagnosed_LIFT_OBJECT_unanticipated__RQ2_R_H05_C06_F04,H05/C06/F04,Lift Slip — Low Friction Surface,apply_vacuum_assist(),0.7999999999999999,1,0.7999999999999999,Parallel Arm Lift — Contact Loss,0.6666666666666666,0.1333333333333333,True,False,True
R_H05_C06_F05,diagnosed_LIFT_OBJECT_unanticipated__RQ2_R_H05_C06_F05,H05/C06/F05,Lift Slip — Low Friction Surface,apply_vacuum_assist(),0.8194444444444443,1,0.8194444444444443,Parallel Arm Lift — Contact Loss,0.6666666666666666,0.15277777777777768,True,False,True
R_H05_C06_F06,diagnosed_LIFT_OBJECT_unanticipated__RQ2_R_H05_C06_F06,H05/C06/F06,Lift Slip — Low Friction Surface,apply_vacuum_assist(),0.7972222222222222,1,0.7972222222222222,Parallel Arm Lift — Contact Loss,0.6666666666666666,0.13055555555555554,True,False,True
R_H05_C06_F07,diagnosed_LIFT_OBJECT_unanticipated__RQ2_R_H05_C06_F07,H05/C06/F07,Lift Slip — Low Friction Surface,apply_vacuum_assist(),0.7527777777777778,1,0.7527777777777778,Parallel Arm Lift — Contact Loss,0.6666666666666666,0.08611111111111114,True,False,True
R_H05_C06_F08,diagnosed_LIFT_OBJECT_unanticipated__RQ2_R_H05_C06_F08,H05/C06/F08,Lift Slip — Low Friction Surface,apply_vacuum_assist(),0.7130555555555556,1,0.7130555555555556,Parallel Arm Lift — Contact Loss,0.6666666666666666,0.046388888888888924,True,False,True
R_H05_C06_F09,diagnosed_LIFT_OBJECT_unanticipated__RQ2_R_H05_C06_F09,H05/C06/F09,Lift Slip — Low Friction Surface,apply_vacuum_assist(),0.7083333333333334,1,0.7083333333333334,Parallel Arm Lift — Contact Loss,0.6666666666666666,0.04166666666666674,True,False,True
R_H05_C06_F10,diagnosed_LIFT_OBJECT_unanticipated__RQ2_R_H05_C06_F10,H05/C06/F10,Lift Slip — Low Friction Surface,apply_vacuum_assist(),0.7083333333333334,1,0.7083333333333334,Parallel Arm Lift — Contact Loss,0.6666666666666666,0.04166666666666674,True,False,True
R_H05_C07_F01,diagnosed_LIFT_OBJECT_unanticipated__RQ2_R_H05_C07_F01,H05/C07/F01,Lift Slip — Low Friction Surface,apply_vacuum_assist(),0.736111111111111,1,0.736111111111111,Parallel Arm Lift — Contact Loss,0.6666666666666666,0.06944444444444442,True,False,True
R_H05_C07_F02,diagnosed_LIFT_OBJECT_unanticipated__RQ2_R_H05_C07_F02,H05/C07/F02,Lift Slip — Low Friction Surface,apply_vacuum_assist(),0.7916666666666666,1,0.7916666666666666,Parallel Arm Lift — Contact Loss,0.6666666666666666,0.125,True,False,True
R_H05_C07_F03,diagnosed_LIFT_OBJECT_unanticipated__RQ2_R_H05_C07_F03,H05/C07/F03,Lift Slip — Low Friction Surface,apply_vacuum_assist(),0.7958333333333334,1,0.7958333333333334,Parallel Arm Lift — Contact Loss,0.6666666666666666,0.12916666666666676,True,False,True
R_H05_C07_F04,diagnosed_LIFT_OBJECT_unanticipated__RQ2_R_H05_C07_F04,H05/C07/F04,Lift Slip — Low Friction Surface,apply_vacuum_assist(),0.7999999999999999,1,0.7999999999999999,Parallel Arm Lift — Contact Loss,0.6666666666666666,0.1333333333333333,True,False,True
R_H05_C07_F05,diagnosed_LIFT_OBJECT_unanticipated__RQ2_R_H05_C07_F05,H05/C07/F05,Lift Slip — Low Friction Surface,apply_vacuum_assist(),0.8194444444444443,1,0.8194444444444443,Parallel Arm Lift — Contact Loss,0.6666666666666666,0.15277777777777768,True,False,True
R_H05_C07_F06,diagnosed_LIFT_OBJECT_unanticipated__RQ2_R_H05_C07_F06,H05/C07/F06,Lift Slip — Low Friction Surface,apply_vacuum_assist(),0.7972222222222222,1,0.7972222222222222,Parallel Arm Lift — Contact Loss,0.6666666666666666,0.13055555555555554,True,False,True
R_H05_C07_F07,diagnosed_LIFT_OBJECT_unanticipated__RQ2_R_H05_C07_F07,H05/C07/F07,Lift Slip — Low Friction Surface,apply_vacuum_assist(),0.7527777777777778,1,0.7527777777777778,Parallel Arm Lift — Contact Loss,0.6666666666666666,0.08611111111111114,True,False,True
R_H05_C07_F08,diagnosed_LIFT_OBJECT_unanticipated__RQ2_R_H05_C07_F08,H05/C07/F08,Lift Slip — Low Friction Surface,apply_vacuum_assist(),0.7130555555555556,1,0.7130555555555556,Parallel Arm Lift — Contact Loss,0.6666666666666666,0.046388888888888924,True,False,True
R_H05_C07_F09,diagnosed_LIFT_OBJECT_unanticipated__RQ2_R_H05_C07_F09,H05/C07/F09,Lift Slip — Low Friction Surface,apply_vacuum_assist(),0.7083333333333334,1,0.7083333333333334,Parallel Arm Lift — Contact Loss,0.6666666666666666,0.04166666666666674,True,False,True
R_H05_C07_F10,diagnosed_LIFT_OBJECT_unanticipated__RQ2_R_H05_C07_F10,H05/C07/F10,Lift Slip — Low Friction Surface,apply_vacuum_assist(),0.7083333333333334,1,0.7083333333333334,Parallel Arm Lift — Contact Loss,0.6666666666666666,0.04166666666666674,True,False,True
R_H05_C08_F01,diagnosed_LIFT_OBJECT_unanticipated__RQ2_R_H05_C08_F01,H05/C08/F01,Lift Slip — Low Friction Surface,apply_vacuum_assist(),0.736111111111111,1,0.736111111111111,Parallel Arm Lift — Contact Loss,0.6666666666666666,0.06944444444444442,True,False,True
R_H05_C08_F02,diagnosed_LIFT_OBJECT_unanticipated__RQ2_R_H05_C08_F02,H05/C08/F02,Lift Slip — Low Friction Surface,apply_vacuum_assist(),0.7916666666666666,1,0.7916666666666666,Parallel Arm Lift — Contact Loss,0.6666666666666666,0.125,True,False,True
R_H05_C08_F03,diagnosed_LIFT_OBJECT_unanticipated__RQ2_R_H05_C08_F03,H05/C08/F03,Lift Slip — Low Friction Surface,apply_vacuum_assist(),0.7958333333333334,1,0.7958333333333334,Parallel Arm Lift — Contact Loss,0.6666666666666666,0.12916666666666676,True,False,True
R_H05_C08_F04,diagnosed_LIFT_OBJECT_unanticipated__RQ2_R_H05_C08_F04,H05/C08/F04,Lift Slip — Low Friction Surface,apply_vacuum_assist(),0.7999999999999999,1,0.7999999999999999,Parallel Arm Lift — Contact Loss,0.6666666666666666,0.1333333333333333,True,False,True
R_H05_C08_F05,diagnosed_LIFT_OBJECT_unanticipated__RQ2_R_H05_C08_F05,H05/C08/F05,Lift Slip — Low Friction Surface,apply_vacuum_assist(),0.8194444444444443,1,0.8194444444444443,Parallel Arm Lift — Contact Loss,0.6666666666666666,0.15277777777777768,True,False,True
R_H05_C08_F06,diagnosed_LIFT_OBJECT_unanticipated__RQ2_R_H05_C08_F06,H05/C08/F06,Lift Slip — Low Friction Surface,apply_vacuum_assist(),0.7972222222222222,1,0.7972222222222222,Parallel Arm Lift — Contact Loss,0.6666666666666666,0.13055555555555554,True,False,True
R_H05_C08_F07,diagnosed_LIFT_OBJECT_unanticipated__RQ2_R_H05_C08_F07,H05/C08/F07,Lift Slip — Low Friction Surface,apply_vacuum_assist(),0.7527777777777778,1,0.7527777777777778,Parallel Arm Lift — Contact Loss,0.6666666666666666,0.08611111111111114,True,False,True
R_H05_C08_F08,diagnosed_LIFT_OBJECT_unanticipated__RQ2_R_H05_C08_F08,H05/C08/F08,Lift Slip — Low Friction Surface,apply_vacuum_assist(),0.7130555555555556,1,0.7130555555555556,Parallel Arm Lift — Contact Loss,0.6666666666666666,0.046388888888888924,True,False,True
R_H05_C08_F09,diagnosed_LIFT_OBJECT_unanticipated__RQ2_R_H05_C08_F09,H05/C08/F09,Lift Slip — Low Friction Surface,apply_vacuum_assist(),0.7083333333333334,1,0.7083333333333334,Parallel Arm Lift — Contact Loss,0.6666666666666666,0.04166666666666674,True,False,True
R_H05_C08_F10,diagnosed_LIFT_OBJECT_unanticipated__RQ2_R_H05_C08_F10,H05/C08/F10,Lift Slip — Low Friction Surface,apply_vacuum_assist(),0.7083333333333334,1,0.7083333333333334,Parallel Arm Lift — Contact Loss,0.6666666666666666,0.04166666666666674,True,False,True
R_H05_C09_F01,diagnosed_LIFT_OBJECT_unanticipated__RQ2_R_H05_C09_F01,H05/C09/F01,Lift Slip — Low Friction Surface,apply_vacuum_assist(),0.736111111111111,1,0.736111111111111,Parallel Arm Lift — Contact Loss,0.6666666666666666,0.06944444444444442,True,False,True
R_H05_C09_F02,diagnosed_LIFT_OBJECT_unanticipated__RQ2_R_H05_C09_F02,H05/C09/F02,Lift Slip — Low Friction Surface,apply_vacuum_assist(),0.7916666666666666,1,0.7916666666666666,Parallel Arm Lift — Contact Loss,0.6666666666666666,0.125,True,False,True
R_H05_C09_F03,diagnosed_LIFT_OBJECT_unanticipated__RQ2_R_H05_C09_F03,H05/C09/F03,Lift Slip — Low Friction Surface,apply_vacuum_assist(),0.7958333333333334,1,0.7958333333333334,Parallel Arm Lift — Contact Loss,0.6666666666666666,0.12916666666666676,True,False,True
R_H05_C09_F04,diagnosed_LIFT_OBJECT_unanticipated__RQ2_R_H05_C09_F04,H05/C09/F04,Lift Slip — Low Friction Surface,apply_vacuum_assist(),0.7999999999999999,1,0.7999999999999999,Parallel Arm Lift — Contact Loss,0.6666666666666666,0.1333333333333333,True,False,True
R_H05_C09_F05,diagnosed_LIFT_OBJECT_unanticipated__RQ2_R_H05_C09_F05,H05/C09/F05,Lift Slip — Low Friction Surface,apply_vacuum_assist(),0.8194444444444443,1,0.8194444444444443,Parallel Arm Lift — Contact Loss,0.6666666666666666,0.15277777777777768,True,False,True
R_H05_C09_F06,diagnosed_LIFT_OBJECT_unanticipated__RQ2_R_H05_C09_F06,H05/C09/F06,Lift Slip — Low Friction Surface,apply_vacuum_assist(),0.7972222222222222,1,0.7972222222222222,Parallel Arm Lift — Contact Loss,0.6666666666666666,0.13055555555555554,True,False,True
R_H05_C09_F07,diagnosed_LIFT_OBJECT_unanticipated__RQ2_R_H05_C09_F07,H05/C09/F07,Lift Slip — Low Friction Surface,apply_vacuum_assist(),0.7527777777777778,1,0.7527777777777778,Parallel Arm Lift — Contact Loss,0.6666666666666666,0.08611111111111114,True,False,True
R_H05_C09_F08,diagnosed_LIFT_OBJECT_unanticipated__RQ2_R_H05_C09_F08,H05/C09/F08,Lift Slip — Low Friction Surface,apply_vacuum_assist(),0.7130555555555556,1,0.7130555555555556,Parallel Arm Lift — Contact Loss,0.6666666666666666,0.046388888888888924,True,False,True
R_H05_C09_F09,diagnosed_LIFT_OBJECT_unanticipated__RQ2_R_H05_C09_F09,H05/C09/F09,Lift Slip — Low Friction Surface,apply_vacuum_assist(),0.7083333333333334,1,0.7083333333333334,Parallel Arm Lift — Contact Loss,0.6666666666666666,0.04166666666666674,True,False,True
R_H05_C09_F10,diagnosed_LIFT_OBJECT_unanticipated__RQ2_R_H05_C09_F10,H05/C09/F10,Lift Slip — Low Friction Surface,apply_vacuum_assist(),0.7083333333333334,1,0.7083333333333334,Parallel Arm Lift — Contact Loss,0.6666666666666666,0.04166666666666674,True,False,True
R_H05_C10_F01,diagnosed_LIFT_OBJECT_unanticipated__RQ2_R_H05_C10_F01,H05/C10/F01,Lift Slip — Low Friction Surface,apply_vacuum_assist(),0.736111111111111,1,0.736111111111111,Parallel Arm Lift — Contact Loss,0.6666666666666666,0.06944444444444442,True,False,True
R_H05_C10_F02,diagnosed_LIFT_OBJECT_unanticipated__RQ2_R_H05_C10_F02,H05/C10/F02,Lift Slip — Low Friction Surface,apply_vacuum_assist(),0.7916666666666666,1,0.7916666666666666,Parallel Arm Lift — Contact Loss,0.6666666666666666,0.125,True,False,True
R_H05_C10_F03,diagnosed_LIFT_OBJECT_unanticipated__RQ2_R_H05_C10_F03,H05/C10/F03,Lift Slip — Low Friction Surface,apply_vacuum_assist(),0.7958333333333334,1,0.7958333333333334,Parallel Arm Lift — Contact Loss,0.6666666666666666,0.12916666666666676,True,False,True
R_H05_C10_F04,diagnosed_LIFT_OBJECT_unanticipated__RQ2_R_H05_C10_F04,H05/C10/F04,Lift Slip — Low Friction Surface,apply_vacuum_assist(),0.7999999999999999,1,0.7999999999999999,Parallel Arm Lift — Contact Loss,0.6666666666666666,0.1333333333333333,True,False,True
R_H05_C10_F05,diagnosed_LIFT_OBJECT_unanticipated__RQ2_R_H05_C10_F05,H05/C10/F05,Lift Slip — Low Friction Surface,apply_vacuum_assist(),0.8194444444444443,1,0.8194444444444443,Parallel Arm Lift — Contact Loss,0.6666666666666666,0.15277777777777768,True,False,True
R_H05_C10_F06,diagnosed_LIFT_OBJECT_unanticipated__RQ2_R_H05_C10_F06,H05/C10/F06,Lift Slip — Low Friction Surface,apply_vacuum_assist(),0.7972222222222222,1,0.7972222222222222,Parallel Arm Lift — Contact Loss,0.6666666666666666,0.13055555555555554,True,False,True
R_H05_C10_F07,diagnosed_LIFT_OBJECT_unanticipated__RQ2_R_H05_C10_F07,H05/C10/F07,Lift Slip — Low Friction Surface,apply_vacuum_assist(),0.7527777777777778,1,0.7527777777777778,Parallel Arm Lift — Contact Loss,0.6666666666666666,0.08611111111111114,True,False,True
R_H05_C10_F08,diagnosed_LIFT_OBJECT_unanticipated__RQ2_R_H05_C10_F08,H05/C10/F08,Lift Slip — Low Friction Surface,apply_vacuum_assist(),0.7130555555555556,1,0.7130555555555556,Parallel Arm Lift — Contact Loss,0.6666666666666666,0.046388888888888924,True,False,True
R_H05_C10_F09,diagnosed_LIFT_OBJECT_unanticipated__RQ2_R_H05_C10_F09,H05/C10/F09,Lift Slip — Low Friction Surface,apply_vacuum_assist(),0.7083333333333334,1,0.7083333333333334,Parallel Arm Lift — Contact Loss,0.6666666666666666,0.04166666666666674,True,False,True
R_H05_C10_F10,diagnosed_LIFT_OBJECT_unanticipated__RQ2_R_H05_C10_F10,H05/C10/F10,Lift Slip — Low Friction Surface,apply_vacuum_assist(),0.7083333333333334,1,0.7083333333333334,Parallel Arm Lift — Contact Loss,0.6666666666666666,0.04166666666666674,True,False,True
R_H06_C01_F01,diagnosed_LIFT_OBJECT_unanticipated__RQ2_R_H06_C01_F01,H06/C01/F01,Lift Slip — Low Friction Surface,apply_vacuum_assist(),0.7148522222222221,1,0.7148522222222221,Parallel Arm Lift — Contact Loss,0.6666666666666666,0.04818555555555548,True,False,True
R_H06_C01_F02,diagnosed_LIFT_OBJECT_unanticipated__RQ2_R_H06_C01_F02,H06/C01/F02,Lift Slip — Low Friction Surface,apply_vacuum_assist(),0.7704077777777778,1,0.7704077777777778,Parallel Arm Lift — Contact Loss,0.6666666666666666,0.10374111111111117,True,False,True
R_H06_C01_F03,diagnosed_LIFT_OBJECT_unanticipated__RQ2_R_H06_C01_F03,H06/C01/F03,Lift Slip — Low Friction Surface,apply_vacuum_assist(),0.7745744444444446,1,0.7745744444444446,Parallel Arm Lift — Contact Loss,0.6666666666666666,0.10790777777777794,True,False,True
R_H06_C01_F04,diagnosed_LIFT_OBJECT_unanticipated__RQ2_R_H06_C01_F04,H06/C01/F04,Lift Slip — Low Friction Surface,apply_vacuum_assist(),0.7787411111111111,1,0.7787411111111111,Parallel Arm Lift — Contact Loss,0.6666666666666666,0.11207444444444448,True,False,True
R_H06_C01_F05,diagnosed_LIFT_OBJECT_unanticipated__RQ2_R_H06_C01_F05,H06/C01/F05,Lift Slip — Low Friction Surface,apply_vacuum_assist(),0.7981855555555555,1,0.7981855555555555,Parallel Arm Lift — Contact Loss,0.6666666666666666,0.13151888888888885,True,False,True
R_H06_C01_F06,diagnosed_LIFT_OBJECT_unanticipated__RQ2_R_H06_C01_F06,H06/C01/F06,Lift Slip — Low Friction Surface,apply_vacuum_assist(),0.7759633333333333,1,0.7759633333333333,Parallel Arm Lift — Contact Loss,0.6666666666666666,0.10929666666666671,True,False,True
R_H06_C01_F07,diagnosed_LIFT_OBJECT_unanticipated__RQ2_R_H06_C01_F07,H06/C01/F07,Lift Slip — Low Friction Surface,apply_vacuum_assist(),0.7315188888888889,1,0.7315188888888889,Parallel Arm Lift — Contact Loss,0.6666666666666666,0.06485222222222231,True,False,True
R_H06_C01_F08,diagnosed_LIFT_OBJECT_unanticipated__RQ2_R_H06_C01_F08,H06/C01/F08,Lift Slip — Low Friction Surface,apply_vacuum_assist(),0.6917966666666667,1,0.6917966666666667,Parallel Arm Lift — Contact Loss,0.6666666666666666,0.025130000000000097,True,False,True
R_H06_C01_F09,diagnosed_LIFT_OBJECT_unanticipated__RQ2_R_H06_C01_F09,H06/C01/F09,Lift Slip — Low Friction Surface,apply_vacuum_assist(),0.6870744444444444,1,0.6870744444444444,Parallel Arm Lift — Contact Loss,0.6666666666666666,0.020407777777777802,True,False,True
R_H06_C01_F10,diagnosed_LIFT_OBJECT_unanticipated__RQ2_R_H06_C01_F10,H06/C01/F10,Lift Slip — Low Friction Surface,apply_vacuum_assist(),0.6870744444444444,1,0.6870744444444444,Parallel Arm Lift — Contact Loss,0.6666666666666666,0.020407777777777802,True,False,True
R_H06_C02_F01,diagnosed_LIFT_OBJECT_unanticipated__RQ2_R_H06_C02_F01,H06/C02/F01,Lift Slip — Low Friction Surface,apply_vacuum_assist(),0.8259633333333333,1,0.8259633333333333,Parallel Arm Lift — Contact Loss,0.7604967241379311,0.06546660919540215,True,False,True
R_H06_C02_F02,diagnosed_LIFT_OBJECT_unanticipated__RQ2_R_H06_C02_F02,H06/C02/F02,Lift Slip — Low Friction Surface,apply_vacuum_assist(),0.8815188888888889,1,0.8815188888888889,Parallel Arm Lift — Contact Loss,0.7604967241379311,0.12102216475095773,True,False,True
R_H06_C02_F03,diagnosed_LIFT_OBJECT_unanticipated__RQ2_R_H06_C02_F03,H06/C02/F03,Lift Slip — Low Friction Surface,apply_vacuum_assist(),0.8856855555555555,1,0.8856855555555555,Parallel Arm Lift — Contact Loss,0.7604967241379311,0.12518883141762438,True,False,True
R_H06_C02_F04,diagnosed_LIFT_OBJECT_unanticipated__RQ2_R_H06_C02_F04,H06/C02/F04,Lift Slip — Low Friction Surface,apply_vacuum_assist(),0.8898522222222223,1,0.8898522222222223,Parallel Arm Lift — Contact Loss,0.7604967241379311,0.12935549808429114,True,False,True
R_H06_C02_F05,diagnosed_LIFT_OBJECT_unanticipated__RQ2_R_H06_C02_F05,H06/C02/F05,Lift Slip — Low Friction Surface,apply_vacuum_assist(),0.9092966666666666,1,0.9092966666666666,Parallel Arm Lift — Contact Loss,0.7604967241379311,0.14879994252873552,True,False,True
R_H06_C02_F06,diagnosed_LIFT_OBJECT_unanticipated__RQ2_R_H06_C02_F06,H06/C02/F06,Lift Slip — Low Friction Surface,apply_vacuum_assist(),0.8870744444444445,1,0.8870744444444445,Parallel Arm Lift — Contact Loss,0.7604967241379311,0.12657772030651337,True,False,True
R_H06_C02_F07,diagnosed_LIFT_OBJECT_unanticipated__RQ2_R_H06_C02_F07,H06/C02/F07,Lift Slip — Low Friction Surface,apply_vacuum_assist(),0.8426300000000001,1,0.8426300000000001,Parallel Arm Lift — Contact Loss,0.7604967241379311,0.08213327586206898,True,False,True
R_H06_C02_F08,diagnosed_LIFT_OBJECT_unanticipated__RQ2_R_H06_C02_F08,H06/C02/F08,Lift Slip — Low Friction Surface,apply_vacuum_assist(),0.8029077777777779,1,0.8029077777777779,Parallel Arm Lift — Contact Loss,0.7604967241379311,0.04241105363984676,True,False,True
R_H06_C02_F09,diagnosed_LIFT_OBJECT_unanticipated__RQ2_R_H06_C02_F09,H06/C02/F09,Lift Slip — Low Friction Surface,apply_vacuum_assist(),0.7981855555555555,1,0.7981855555555555,Parallel Arm Lift — Contact Loss,0.7604967241379311,0.03768883141762436,True,False,True
R_H06_C02_F10,diagnosed_LIFT_OBJECT_unanticipated__RQ2_R_H06_C02_F10,H06/C02/F10,Lift Slip — Low Friction Surface,apply_vacuum_assist(),0.7981855555555555,1,0.7981855555555555,Parallel Arm Lift — Contact Loss,0.7604967241379311,0.03768883141762436,True,False,True
R_H06_C03_F01,diagnosed_LIFT_OBJECT_unanticipated__RQ2_R_H06_C03_F01,H06/C03/F01,Lift Slip — Low Friction Surface,apply_vacuum_assist(),0.7704077777777778,1,0.7704077777777778,Parallel Arm Lift — Contact Loss,0.6771633908045978,0.09324438697318005,True,False,True
R_H06_C03_F02,diagnosed_LIFT_OBJECT_unanticipated__RQ2_R_H06_C03_F02,H06/C03/F02,Lift Slip — Low Friction Surface,apply_vacuum_assist(),0.8259633333333333,1,0.8259633333333333,Parallel Arm Lift — Contact Loss,0.6771633908045978,0.14879994252873552,True,False,True
R_H06_C03_F03,diagnosed_LIFT_OBJECT_unanticipated__RQ2_R_H06_C03_F03,H06/C03/F03,Lift Slip — Low Friction Surface,apply_vacuum_assist(),0.8301299999999999,1,0.8301299999999999,Parallel Arm Lift — Contact Loss,0.6771633908045978,0.15296660919540217,True,False,True
R_H06_C03_F04,diagnosed_LIFT_OBJECT_unanticipated__RQ2_R_H06_C03_F04,H06/C03/F04,Lift Slip — Low Friction Surface,apply_vacuum_assist(),0.8342966666666666,1,0.8342966666666666,Parallel Arm Lift — Contact Loss,0.6771633908045978,0.15713327586206882,True,False,True
R_H06_C03_F05,diagnosed_LIFT_OBJECT_unanticipated__RQ2_R_H06_C03_F05,H06/C03/F05,Lift Slip — Low Friction Surface,apply_vacuum_assist(),0.8537411111111112,1,0.8537411111111112,Parallel Arm Lift — Contact Loss,0.6771633908045978,0.17657772030651342,True,False,True
R_H06_C03_F06,diagnosed_LIFT_OBJECT_unanticipated__RQ2_R_H06_C03_F06,H06/C03/F06,Lift Slip — Low Friction Surface,apply_vacuum_assist(),0.831518888888889,1,0.831518888888889,Parallel Arm Lift — Contact Loss,0.6771633908045978,0.15435549808429128,True,False,True
R_H06_C03_F07,diagnosed_LIFT_OBJECT_unanticipated__RQ2_R_H06_C03_F07,H06/C03/F07,Lift Slip — Low Friction Surface,apply_vacuum_assist(),0.7870744444444444,1,0.7870744444444444,Parallel Arm Lift — Contact Loss,0.6771633908045978,0.10991105363984666,True,False,True
R_H06_C03_F08,diagnosed_LIFT_OBJECT_unanticipated__RQ2_R_H06_C03_F08,H06/C03/F08,Lift Slip — Low Friction Surface,apply_vacuum_assist(),0.7473522222222222,1,0.7473522222222222,Parallel Arm Lift — Contact Loss,0.6771633908045978,0.07018883141762444,True,False,True
R_H06_C03_F09,diagnosed_LIFT_OBJECT_unanticipated__RQ2_R_H06_C03_F09,H06/C03/F09,Lift Slip — Low Friction Surface,apply_vacuum_assist(),0.74263,1,0.74263,Parallel Arm Lift — Contact Loss,0.6771633908045978,0.06546660919540226,True,False,True
R_H06_C03_F10,diagnosed_LIFT_OBJECT_unanticipated__RQ2_R_H06_C03_F10,H06/C03/F10,Lift Slip — Low Friction Surface,apply_vacuum_assist(),0.74263,1,0.74263,Parallel Arm Lift — Contact Loss,0.6771633908045978,0.06546660919540226,True,False,True
R_H06_C04_F01,diagnosed_LIFT_OBJECT_unanticipated__RQ2_R_H06_C04_F01,H06/C04/F01,Lift Slip — Low Friction Surface,apply_vacuum_assist(),0.7518888888888888,1,0.7518888888888888,Parallel Arm Lift — Contact Loss,0.6666666666666666,0.0852222222222222,True,False,True
R_H06_C04_F02,diagnosed_LIFT_OBJECT_unanticipated__RQ2_R_H06_C04_F02,H06/C04/F02,Lift Slip — Low Friction Surface,apply_vacuum_assist(),0.8074444444444445,1,0.8074444444444445,Parallel Arm Lift — Contact Loss,0.6666666666666666,0.1407777777777779,True,False,True
R_H06_C04_F03,diagnosed_LIFT_OBJECT_unanticipated__RQ2_R_H06_C04_F03,H06/C04/F03,Lift Slip — Low Friction Surface,apply_vacuum_assist(),0.8116111111111112,1,0.8116111111111112,Parallel Arm Lift — Contact Loss,0.6666666666666666,0.14494444444444454,True,False,True
R_H06_C04_F04,diagnosed_LIFT_OBJECT_unanticipated__RQ2_R_H06_C04_F04,H06/C04/F04,Lift Slip — Low Friction Surface,apply_vacuum_assist(),0.8157777777777778,1,0.8157777777777778,Parallel Arm Lift — Contact Loss,0.6666666666666666,0.1491111111111112,True,False,True
R_H06_C04_F05,diagnosed_LIFT_OBJECT_unanticipated__RQ2_R_H06_C04_F05,H06/C04/F05,Lift Slip — Low Friction Surface,apply_vacuum_assist(),0.8352222222222222,1,0.8352222222222222,Parallel Arm Lift — Contact Loss,0.6666666666666666,0.16855555555555557,True,False,True
R_H06_C04_F06,diagnosed_LIFT_OBJECT_unanticipated__RQ2_R_H06_C04_F06,H06/C04/F06,Lift Slip — Low Friction Surface,apply_vacuum_assist(),0.8130000000000001,1,0.8130000000000001,Parallel Arm Lift — Contact Loss,0.6666666666666666,0.14633333333333343,True,False,True
R_H06_C04_F07,diagnosed_LIFT_OBJECT_unanticipated__RQ2_R_H06_C04_F07,H06/C04/F07,Lift Slip — Low Friction Surface,apply_vacuum_assist(),0.7685555555555555,1,0.7685555555555555,Parallel Arm Lift — Contact Loss,0.6666666666666666,0.10188888888888892,True,False,True
R_H06_C04_F08,diagnosed_LIFT_OBJECT_unanticipated__RQ2_R_H06_C04_F08,H06/C04/F08,Lift Slip — Low Friction Surface,apply_vacuum_assist(),0.7288333333333333,1,0.7288333333333333,Parallel Arm Lift — Contact Loss,0.6666666666666666,0.0621666666666667,True,False,True
R_H06_C04_F09,diagnosed_LIFT_OBJECT_unanticipated__RQ2_R_H06_C04_F09,H06/C04/F09,Lift Slip — Low Friction Surface,apply_vacuum_assist(),0.7241111111111111,1,0.7241111111111111,Parallel Arm Lift — Contact Loss,0.6666666666666666,0.05744444444444452,True,False,True
R_H06_C04_F10,diagnosed_LIFT_OBJECT_unanticipated__RQ2_R_H06_C04_F10,H06/C04/F10,Lift Slip — Low Friction Surface,apply_vacuum_assist(),0.7241111111111111,1,0.7241111111111111,Parallel Arm Lift — Contact Loss,0.6666666666666666,0.05744444444444452,True,False,True
R_H06_C05_F01,diagnosed_LIFT_OBJECT_unanticipated__RQ2_R_H06_C05_F01,H06/C05/F01,Lift Slip — Low Friction Surface,apply_vacuum_assist(),0.74263,1,0.74263,Parallel Arm Lift — Contact Loss,0.6666666666666666,0.07596333333333338,True,False,True
R_H06_C05_F02,diagnosed_LIFT_OBJECT_unanticipated__RQ2_R_H06_C05_F02,H06/C05/F02,Lift Slip — Low Friction Surface,apply_vacuum_assist(),0.7981855555555555,1,0.7981855555555555,Parallel Arm Lift — Contact Loss,0.6666666666666666,0.13151888888888885,True,False,True
R_H06_C05_F03,diagnosed_LIFT_OBJECT_unanticipated__RQ2_R_H06_C05_F03,H06/C05/F03,Lift Slip — Low Friction Surface,apply_vacuum_assist(),0.8023522222222222,1,0.8023522222222222,Parallel Arm Lift — Contact Loss,0.6666666666666666,0.13568555555555561,True,False,True
R_H06_C05_F04,diagnosed_LIFT_OBJECT_unanticipated__RQ2_R_H06_C05_F04,H06/C05/F04,Lift Slip — Low Friction Surface,apply_vacuum_assist(),0.8065188888888889,1,0.8065188888888889,Parallel Arm Lift — Contact Loss,0.6666666666666666,0.13985222222222227,True,False,True
R_H06_C05_F05,diagnosed_LIFT_OBJECT_unanticipated__RQ2_R_H06_C05_F05,H06/C05/F05,Lift Slip — Low Friction Surface,apply_vacuum_assist(),0.8259633333333333,1,0.8259633333333333,Parallel Arm Lift — Contact Loss,0.6666666666666666,0.15929666666666664,True,False,True
R_H06_C05_F06,diagnosed_LIFT_OBJECT_unanticipated__RQ2_R_H06_C05_F06,H06/C05/F06,Lift Slip — Low Friction Surface,apply_vacuum_assist(),0.803741111111111,1,0.803741111111111,Parallel Arm Lift — Contact Loss,0.6666666666666666,0.1370744444444444,True,False,True
R_H06_C05_F07,diagnosed_LIFT_OBJECT_unanticipated__RQ2_R_H06_C05_F07,H06/C05/F07,Lift Slip — Low Friction Surface,apply_vacuum_assist(),0.7592966666666667,1,0.7592966666666667,Parallel Arm Lift — Contact Loss,0.6666666666666666,0.0926300000000001,True,False,True
R_H06_C05_F08,diagnosed_LIFT_OBJECT_unanticipated__RQ2_R_H06_C05_F08,H06/C05/F08,Lift Slip — Low Friction Surface,apply_vacuum_assist(),0.7195744444444445,1,0.7195744444444445,Parallel Arm Lift — Contact Loss,0.6666666666666666,0.05290777777777789,True,False,True
R_H06_C05_F09,diagnosed_LIFT_OBJECT_unanticipated__RQ2_R_H06_C05_F09,H06/C05/F09,Lift Slip — Low Friction Surface,apply_vacuum_assist(),0.7148522222222221,1,0.7148522222222221,Parallel Arm Lift — Contact Loss,0.6666666666666666,0.04818555555555548,True,False,True
R_H06_C05_F10,diagnosed_LIFT_OBJECT_unanticipated__RQ2_R_H06_C05_F10,H06/C05/F10,Lift Slip — Low Friction Surface,apply_vacuum_assist(),0.7148522222222221,1,0.7148522222222221,Parallel Arm Lift — Contact Loss,0.6666666666666666,0.04818555555555548,True,False,True
R_H06_C06_F01,diagnosed_LIFT_OBJECT_unanticipated__RQ2_R_H06_C06_F01,H06/C06/F01,Lift Slip — Low Friction Surface,apply_vacuum_assist(),0.7148522222222221,1,0.7148522222222221,Parallel Arm Lift — Contact Loss,0.6666666666666666,0.04818555555555548,True,False,True
R_H06_C06_F02,diagnosed_LIFT_OBJECT_unanticipated__RQ2_R_H06_C06_F02,H06/C06/F02,Lift Slip — Low Friction Surface,apply_vacuum_assist(),0.7704077777777778,1,0.7704077777777778,Parallel Arm Lift — Contact Loss,0.6666666666666666,0.10374111111111117,True,False,True
R_H06_C06_F03,diagnosed_LIFT_OBJECT_unanticipated__RQ2_R_H06_C06_F03,H06/C06/F03,Lift Slip — Low Friction Surface,apply_vacuum_assist(),0.7745744444444446,1,0.7745744444444446,Parallel Arm Lift — Contact Loss,0.6666666666666666,0.10790777777777794,True,False,True
R_H06_C06_F04,diagnosed_LIFT_OBJECT_unanticipated__RQ2_R_H06_C06_F04,H06/C06/F04,Lift Slip — Low Friction Surface,apply_vacuum_assist(),0.7787411111111111,1,0.7787411111111111,Parallel Arm Lift — Contact Loss,0.6666666666666666,0.11207444444444448,True,False,True
R_H06_C06_F05,diagnosed_LIFT_OBJECT_unanticipated__RQ2_R_H06_C06_F05,H06/C06/F05,Lift Slip — Low Friction Surface,apply_vacuum_assist(),0.7981855555555555,1,0.7981855555555555,Parallel Arm Lift — Contact Loss,0.6666666666666666,0.13151888888888885,True,False,True
R_H06_C06_F06,diagnosed_LIFT_OBJECT_unanticipated__RQ2_R_H06_C06_F06,H06/C06/F06,Lift Slip — Low Friction Surface,apply_vacuum_assist(),0.7759633333333333,1,0.7759633333333333,Parallel Arm Lift — Contact Loss,0.6666666666666666,0.10929666666666671,True,False,True
R_H06_C06_F07,diagnosed_LIFT_OBJECT_unanticipated__RQ2_R_H06_C06_F07,H06/C06/F07,Lift Slip — Low Friction Surface,apply_vacuum_assist(),0.7315188888888889,1,0.7315188888888889,Parallel Arm Lift — Contact Loss,0.6666666666666666,0.06485222222222231,True,False,True
R_H06_C06_F08,diagnosed_LIFT_OBJECT_unanticipated__RQ2_R_H06_C06_F08,H06/C06/F08,Lift Slip — Low Friction Surface,apply_vacuum_assist(),0.6917966666666667,1,0.6917966666666667,Parallel Arm Lift — Contact Loss,0.6666666666666666,0.025130000000000097,True,False,True
R_H06_C06_F09,diagnosed_LIFT_OBJECT_unanticipated__RQ2_R_H06_C06_F09,H06/C06/F09,Lift Slip — Low Friction Surface,apply_vacuum_assist(),0.6870744444444444,1,0.6870744444444444,Parallel Arm Lift — Contact Loss,0.6666666666666666,0.020407777777777802,True,False,True
R_H06_C06_F10,diagnosed_LIFT_OBJECT_unanticipated__RQ2_R_H06_C06_F10,H06/C06/F10,Lift Slip — Low Friction Surface,apply_vacuum_assist(),0.6870744444444444,1,0.6870744444444444,Parallel Arm Lift — Contact Loss,0.6666666666666666,0.020407777777777802,True,False,True
R_H06_C07_F01,diagnosed_LIFT_OBJECT_unanticipated__RQ2_R_H06_C07_F01,H06/C07/F01,Lift Slip — Low Friction Surface,apply_vacuum_assist(),0.7148522222222221,1,0.7148522222222221,Parallel Arm Lift — Contact Loss,0.6666666666666666,0.04818555555555548,True,False,True
R_H06_C07_F02,diagnosed_LIFT_OBJECT_unanticipated__RQ2_R_H06_C07_F02,H06/C07/F02,Lift Slip — Low Friction Surface,apply_vacuum_assist(),0.7704077777777778,1,0.7704077777777778,Parallel Arm Lift — Contact Loss,0.6666666666666666,0.10374111111111117,True,False,True
R_H06_C07_F03,diagnosed_LIFT_OBJECT_unanticipated__RQ2_R_H06_C07_F03,H06/C07/F03,Lift Slip — Low Friction Surface,apply_vacuum_assist(),0.7745744444444446,1,0.7745744444444446,Parallel Arm Lift — Contact Loss,0.6666666666666666,0.10790777777777794,True,False,True
R_H06_C07_F04,diagnosed_LIFT_OBJECT_unanticipated__RQ2_R_H06_C07_F04,H06/C07/F04,Lift Slip — Low Friction Surface,apply_vacuum_assist(),0.7787411111111111,1,0.7787411111111111,Parallel Arm Lift — Contact Loss,0.6666666666666666,0.11207444444444448,True,False,True
R_H06_C07_F05,diagnosed_LIFT_OBJECT_unanticipated__RQ2_R_H06_C07_F05,H06/C07/F05,Lift Slip — Low Friction Surface,apply_vacuum_assist(),0.7981855555555555,1,0.7981855555555555,Parallel Arm Lift — Contact Loss,0.6666666666666666,0.13151888888888885,True,False,True
R_H06_C07_F06,diagnosed_LIFT_OBJECT_unanticipated__RQ2_R_H06_C07_F06,H06/C07/F06,Lift Slip — Low Friction Surface,apply_vacuum_assist(),0.7759633333333333,1,0.7759633333333333,Parallel Arm Lift — Contact Loss,0.6666666666666666,0.10929666666666671,True,False,True
R_H06_C07_F07,diagnosed_LIFT_OBJECT_unanticipated__RQ2_R_H06_C07_F07,H06/C07/F07,Lift Slip — Low Friction Surface,apply_vacuum_assist(),0.7315188888888889,1,0.7315188888888889,Parallel Arm Lift — Contact Loss,0.6666666666666666,0.06485222222222231,True,False,True
R_H06_C07_F08,diagnosed_LIFT_OBJECT_unanticipated__RQ2_R_H06_C07_F08,H06/C07/F08,Lift Slip — Low Friction Surface,apply_vacuum_assist(),0.6917966666666667,1,0.6917966666666667,Parallel Arm Lift — Contact Loss,0.6666666666666666,0.025130000000000097,True,False,True
R_H06_C07_F09,diagnosed_LIFT_OBJECT_unanticipated__RQ2_R_H06_C07_F09,H06/C07/F09,Lift Slip — Low Friction Surface,apply_vacuum_assist(),0.6870744444444444,1,0.6870744444444444,Parallel Arm Lift — Contact Loss,0.6666666666666666,0.020407777777777802,True,False,True
R_H06_C07_F10,diagnosed_LIFT_OBJECT_unanticipated__RQ2_R_H06_C07_F10,H06/C07/F10,Lift Slip — Low Friction Surface,apply_vacuum_assist(),0.6870744444444444,1,0.6870744444444444,Parallel Arm Lift — Contact Loss,0.6666666666666666,0.020407777777777802,True,False,True
R_H06_C08_F01,diagnosed_LIFT_OBJECT_unanticipated__RQ2_R_H06_C08_F01,H06/C08/F01,Lift Slip — Low Friction Surface,apply_vacuum_assist(),0.7148522222222221,1,0.7148522222222221,Parallel Arm Lift — Contact Loss,0.6666666666666666,0.04818555555555548,True,False,True
R_H06_C08_F02,diagnosed_LIFT_OBJECT_unanticipated__RQ2_R_H06_C08_F02,H06/C08/F02,Lift Slip — Low Friction Surface,apply_vacuum_assist(),0.7704077777777778,1,0.7704077777777778,Parallel Arm Lift — Contact Loss,0.6666666666666666,0.10374111111111117,True,False,True
R_H06_C08_F03,diagnosed_LIFT_OBJECT_unanticipated__RQ2_R_H06_C08_F03,H06/C08/F03,Lift Slip — Low Friction Surface,apply_vacuum_assist(),0.7745744444444446,1,0.7745744444444446,Parallel Arm Lift — Contact Loss,0.6666666666666666,0.10790777777777794,True,False,True
R_H06_C08_F04,diagnosed_LIFT_OBJECT_unanticipated__RQ2_R_H06_C08_F04,H06/C08/F04,Lift Slip — Low Friction Surface,apply_vacuum_assist(),0.7787411111111111,1,0.7787411111111111,Parallel Arm Lift — Contact Loss,0.6666666666666666,0.11207444444444448,True,False,True
R_H06_C08_F05,diagnosed_LIFT_OBJECT_unanticipated__RQ2_R_H06_C08_F05,H06/C08/F05,Lift Slip — Low Friction Surface,apply_vacuum_assist(),0.7981855555555555,1,0.7981855555555555,Parallel Arm Lift — Contact Loss,0.6666666666666666,0.13151888888888885,True,False,True
R_H06_C08_F06,diagnosed_LIFT_OBJECT_unanticipated__RQ2_R_H06_C08_F06,H06/C08/F06,Lift Slip — Low Friction Surface,apply_vacuum_assist(),0.7759633333333333,1,0.7759633333333333,Parallel Arm Lift — Contact Loss,0.6666666666666666,0.10929666666666671,True,False,True
R_H06_C08_F07,diagnosed_LIFT_OBJECT_unanticipated__RQ2_R_H06_C08_F07,H06/C08/F07,Lift Slip — Low Friction Surface,apply_vacuum_assist(),0.7315188888888889,1,0.7315188888888889,Parallel Arm Lift — Contact Loss,0.6666666666666666,0.06485222222222231,True,False,True
R_H06_C08_F08,diagnosed_LIFT_OBJECT_unanticipated__RQ2_R_H06_C08_F08,H06/C08/F08,Lift Slip — Low Friction Surface,apply_vacuum_assist(),0.6917966666666667,1,0.6917966666666667,Parallel Arm Lift — Contact Loss,0.6666666666666666,0.025130000000000097,True,False,True
R_H06_C08_F09,diagnosed_LIFT_OBJECT_unanticipated__RQ2_R_H06_C08_F09,H06/C08/F09,Lift Slip — Low Friction Surface,apply_vacuum_assist(),0.6870744444444444,1,0.6870744444444444,Parallel Arm Lift — Contact Loss,0.6666666666666666,0.020407777777777802,True,False,True
R_H06_C08_F10,diagnosed_LIFT_OBJECT_unanticipated__RQ2_R_H06_C08_F10,H06/C08/F10,Lift Slip — Low Friction Surface,apply_vacuum_assist(),0.6870744444444444,1,0.6870744444444444,Parallel Arm Lift — Contact Loss,0.6666666666666666,0.020407777777777802,True,False,True
R_H06_C09_F01,diagnosed_LIFT_OBJECT_unanticipated__RQ2_R_H06_C09_F01,H06/C09/F01,Lift Slip — Low Friction Surface,apply_vacuum_assist(),0.7148522222222221,1,0.7148522222222221,Parallel Arm Lift — Contact Loss,0.6666666666666666,0.04818555555555548,True,False,True
R_H06_C09_F02,diagnosed_LIFT_OBJECT_unanticipated__RQ2_R_H06_C09_F02,H06/C09/F02,Lift Slip — Low Friction Surface,apply_vacuum_assist(),0.7704077777777778,1,0.7704077777777778,Parallel Arm Lift — Contact Loss,0.6666666666666666,0.10374111111111117,True,False,True
R_H06_C09_F03,diagnosed_LIFT_OBJECT_unanticipated__RQ2_R_H06_C09_F03,H06/C09/F03,Lift Slip — Low Friction Surface,apply_vacuum_assist(),0.7745744444444446,1,0.7745744444444446,Parallel Arm Lift — Contact Loss,0.6666666666666666,0.10790777777777794,True,False,True
R_H06_C09_F04,diagnosed_LIFT_OBJECT_unanticipated__RQ2_R_H06_C09_F04,H06/C09/F04,Lift Slip — Low Friction Surface,apply_vacuum_assist(),0.7787411111111111,1,0.7787411111111111,Parallel Arm Lift — Contact Loss,0.6666666666666666,0.11207444444444448,True,False,True
R_H06_C09_F05,diagnosed_LIFT_OBJECT_unanticipated__RQ2_R_H06_C09_F05,H06/C09/F05,Lift Slip — Low Friction Surface,apply_vacuum_assist(),0.7981855555555555,1,0.7981855555555555,Parallel Arm Lift — Contact Loss,0.6666666666666666,0.13151888888888885,True,False,True
R_H06_C09_F06,diagnosed_LIFT_OBJECT_unanticipated__RQ2_R_H06_C09_F06,H06/C09/F06,Lift Slip — Low Friction Surface,apply_vacuum_assist(),0.7759633333333333,1,0.7759633333333333,Parallel Arm Lift — Contact Loss,0.6666666666666666,0.10929666666666671,True,False,True
R_H06_C09_F07,diagnosed_LIFT_OBJECT_unanticipated__RQ2_R_H06_C09_F07,H06/C09/F07,Lift Slip — Low Friction Surface,apply_vacuum_assist(),0.7315188888888889,1,0.7315188888888889,Parallel Arm Lift — Contact Loss,0.6666666666666666,0.06485222222222231,True,False,True
R_H06_C09_F08,diagnosed_LIFT_OBJECT_unanticipated__RQ2_R_H06_C09_F08,H06/C09/F08,Lift Slip — Low Friction Surface,apply_vacuum_assist(),0.6917966666666667,1,0.6917966666666667,Parallel Arm Lift — Contact Loss,0.6666666666666666,0.025130000000000097,True,False,True
R_H06_C09_F09,diagnosed_LIFT_OBJECT_unanticipated__RQ2_R_H06_C09_F09,H06/C09/F09,Lift Slip — Low Friction Surface,apply_vacuum_assist(),0.6870744444444444,1,0.6870744444444444,Parallel Arm Lift — Contact Loss,0.6666666666666666,0.020407777777777802,True,False,True
R_H06_C09_F10,diagnosed_LIFT_OBJECT_unanticipated__RQ2_R_H06_C09_F10,H06/C09/F10,Lift Slip — Low Friction Surface,apply_vacuum_assist(),0.6870744444444444,1,0.6870744444444444,Parallel Arm Lift — Contact Loss,0.6666666666666666,0.020407777777777802,True,False,True
R_H06_C10_F01,diagnosed_LIFT_OBJECT_unanticipated__RQ2_R_H06_C10_F01,H06/C10/F01,Lift Slip — Low Friction Surface,apply_vacuum_assist(),0.7148522222222221,1,0.7148522222222221,Parallel Arm Lift — Contact Loss,0.6666666666666666,0.04818555555555548,True,False,True
R_H06_C10_F02,diagnosed_LIFT_OBJECT_unanticipated__RQ2_R_H06_C10_F02,H06/C10/F02,Lift Slip — Low Friction Surface,apply_vacuum_assist(),0.7704077777777778,1,0.7704077777777778,Parallel Arm Lift — Contact Loss,0.6666666666666666,0.10374111111111117,True,False,True
R_H06_C10_F03,diagnosed_LIFT_OBJECT_unanticipated__RQ2_R_H06_C10_F03,H06/C10/F03,Lift Slip — Low Friction Surface,apply_vacuum_assist(),0.7745744444444446,1,0.7745744444444446,Parallel Arm Lift — Contact Loss,0.6666666666666666,0.10790777777777794,True,False,True
R_H06_C10_F04,diagnosed_LIFT_OBJECT_unanticipated__RQ2_R_H06_C10_F04,H06/C10/F04,Lift Slip — Low Friction Surface,apply_vacuum_assist(),0.7787411111111111,1,0.7787411111111111,Parallel Arm Lift — Contact Loss,0.6666666666666666,0.11207444444444448,True,False,True
R_H06_C10_F05,diagnosed_LIFT_OBJECT_unanticipated__RQ2_R_H06_C10_F05,H06/C10/F05,Lift Slip — Low Friction Surface,apply_vacuum_assist(),0.7981855555555555,1,0.7981855555555555,Parallel Arm Lift — Contact Loss,0.6666666666666666,0.13151888888888885,True,False,True
R_H06_C10_F06,diagnosed_LIFT_OBJECT_unanticipated__RQ2_R_H06_C10_F06,H06/C10/F06,Lift Slip — Low Friction Surface,apply_vacuum_assist(),0.7759633333333333,1,0.7759633333333333,Parallel Arm Lift — Contact Loss,0.6666666666666666,0.10929666666666671,True,False,True
R_H06_C10_F07,diagnosed_LIFT_OBJECT_unanticipated__RQ2_R_H06_C10_F07,H06/C10/F07,Lift Slip — Low Friction Surface,apply_vacuum_assist(),0.7315188888888889,1,0.7315188888888889,Parallel Arm Lift — Contact Loss,0.6666666666666666,0.06485222222222231,True,False,True
R_H06_C10_F08,diagnosed_LIFT_OBJECT_unanticipated__RQ2_R_H06_C10_F08,H06/C10/F08,Lift Slip — Low Friction Surface,apply_vacuum_assist(),0.6917966666666667,1,0.6917966666666667,Parallel Arm Lift — Contact Loss,0.6666666666666666,0.025130000000000097,True,False,True
R_H06_C10_F09,diagnosed_LIFT_OBJECT_unanticipated__RQ2_R_H06_C10_F09,H06/C10/F09,Lift Slip — Low Friction Surface,apply_vacuum_assist(),0.6870744444444444,1,0.6870744444444444,Parallel Arm Lift — Contact Loss,0.6666666666666666,0.020407777777777802,True,False,True
R_H06_C10_F10,diagnosed_LIFT_OBJECT_unanticipated__RQ2_R_H06_C10_F10,H06/C10/F10,Lift Slip — Low Friction Surface,apply_vacuum_assist(),0.6870744444444444,1,0.6870744444444444,Parallel Arm Lift — Contact Loss,0.6666666666666666,0.020407777777777802,True,False,True
R_H07_C01_F01,diagnosed_LIFT_OBJECT_unanticipated__RQ2_R_H07_C01_F01,H07/C01/F01,Lift Slip — Low Friction Surface,apply_vacuum_assist(),0.6944444444444443,1,0.6944444444444443,Parallel Arm Lift — Contact Loss,0.6666666666666666,0.02777777777777768,True,False,True
R_H07_C01_F02,diagnosed_LIFT_OBJECT_unanticipated__RQ2_R_H07_C01_F02,H07/C01/F02,Lift Slip — Low Friction Surface,apply_vacuum_assist(),0.75,1,0.75,Parallel Arm Lift — Contact Loss,0.6666666666666666,0.08333333333333337,True,False,True
R_H07_C01_F03,diagnosed_LIFT_OBJECT_unanticipated__RQ2_R_H07_C01_F03,H07/C01/F03,Lift Slip — Low Friction Surface,apply_vacuum_assist(),0.7541666666666668,1,0.7541666666666668,Parallel Arm Lift — Contact Loss,0.6666666666666666,0.08750000000000013,True,False,True
R_H07_C01_F04,diagnosed_LIFT_OBJECT_unanticipated__RQ2_R_H07_C01_F04,H07/C01/F04,Lift Slip — Low Friction Surface,apply_vacuum_assist(),0.7583333333333333,1,0.7583333333333333,Parallel Arm Lift — Contact Loss,0.6666666666666666,0.09166666666666667,True,False,True
R_H07_C01_F05,diagnosed_LIFT_OBJECT_unanticipated__RQ2_R_H07_C01_F05,H07/C01/F05,Lift Slip — Low Friction Surface,apply_vacuum_assist(),0.7777777777777777,1,0.7777777777777777,Parallel Arm Lift — Contact Loss,0.6666666666666666,0.11111111111111105,True,False,True
R_H07_C01_F06,diagnosed_LIFT_OBJECT_unanticipated__RQ2_R_H07_C01_F06,H07/C01/F06,Lift Slip — Low Friction Surface,apply_vacuum_assist(),0.7555555555555555,1,0.7555555555555555,Parallel Arm Lift — Contact Loss,0.6666666666666666,0.0888888888888889,True,False,True
R_H07_C01_F07,diagnosed_LIFT_OBJECT_unanticipated__RQ2_R_H07_C01_F07,H07/C01/F07,Lift Slip — Low Friction Surface,apply_vacuum_assist(),0.7111111111111111,1,0.7111111111111111,Parallel Arm Lift — Contact Loss,0.6666666666666666,0.04444444444444451,True,False,True
R_H07_C01_F08,diagnosed_LIFT_OBJECT_unanticipated__RQ2_R_H07_C01_F08,H07/C01/F08,Lift Slip — Low Friction Surface,apply_vacuum_assist(),0.6713888888888889,1,0.6713888888888889,Parallel Arm Lift — Contact Loss,0.6666666666666666,0.004722222222222294,True,False,True
R_H07_C01_F09,diagnosed_LIFT_OBJECT_unanticipated__RQ2_R_H07_C01_F09,H07/C01/F09,Lift Slip — Low Friction Surface,apply_vacuum_assist(),0.6666666666666666,1,0.6666666666666666,Parallel Arm Lift — Contact Loss,0.6666666666666666,0.0,True,True,True
R_H07_C01_F10,diagnosed_LIFT_OBJECT_unanticipated__RQ2_R_H07_C01_F10,H07/C01/F10,Lift Slip — Low Friction Surface,apply_vacuum_assist(),0.6666666666666666,1,0.6666666666666666,Parallel Arm Lift — Contact Loss,0.6666666666666666,0.0,True,True,True
R_H07_C02_F01,diagnosed_LIFT_OBJECT_unanticipated__RQ2_R_H07_C02_F01,H07/C02/F01,Lift Slip — Low Friction Surface,apply_vacuum_assist(),0.8055555555555557,1,0.8055555555555557,Parallel Arm Lift — Contact Loss,0.7298850574712644,0.07567049808429127,True,False,True
R_H07_C02_F02,diagnosed_LIFT_OBJECT_unanticipated__RQ2_R_H07_C02_F02,H07/C02/F02,Lift Slip — Low Friction Surface,apply_vacuum_assist(),0.8611111111111112,1,0.8611111111111112,Parallel Arm Lift — Contact Loss,0.7298850574712644,0.13122605363984674,True,False,True
R_H07_C02_F03,diagnosed_LIFT_OBJECT_unanticipated__RQ2_R_H07_C02_F03,H07/C02/F03,Lift Slip — Low Friction Surface,apply_vacuum_assist(),0.8652777777777777,1,0.8652777777777777,Parallel Arm Lift — Contact Loss,0.7298850574712644,0.13539272030651328,True,False,True
R_H07_C02_F04,diagnosed_LIFT_OBJECT_unanticipated__RQ2_R_H07_C02_F04,H07/C02/F04,Lift Slip — Low Friction Surface,apply_vacuum_assist(),0.8694444444444445,1,0.8694444444444445,Parallel Arm Lift — Contact Loss,0.7298850574712644,0.13955938697318004,True,False,True
R_H07_C02_F05,diagnosed_LIFT_OBJECT_unanticipated__RQ2_R_H07_C02_F05,H07/C02/F05,Lift Slip — Low Friction Surface,apply_vacuum_assist(),0.8888888888888888,1,0.8888888888888888,Parallel Arm Lift — Contact Loss,0.7298850574712644,0.15900383141762442,True,False,True
R_H07_C02_F06,diagnosed_LIFT_OBJECT_unanticipated__RQ2_R_H07_C02_F06,H07/C02/F06,Lift Slip — Low Friction Surface,apply_vacuum_assist(),0.8666666666666667,1,0.8666666666666667,Parallel Arm Lift — Contact Loss,0.7298850574712644,0.13678160919540228,True,False,True
R_H07_C02_F07,diagnosed_LIFT_OBJECT_unanticipated__RQ2_R_H07_C02_F07,H07/C02/F07,Lift Slip — Low Friction Surface,apply_vacuum_assist(),0.8222222222222223,1,0.8222222222222223,Parallel Arm Lift — Contact Loss,0.7298850574712644,0.09233716475095788,True,False,True
R_H07_C02_F08,diagnosed_LIFT_OBJECT_unanticipated__RQ2_R_H07_C02_F08,H07/C02/F08,Lift Slip — Low Friction Surface,apply_vacuum_assist(),0.7825000000000001,1,0.7825000000000001,Parallel Arm Lift — Contact Loss,0.7298850574712644,0.052614942528735664,True,False,True
R_H07_C02_F09,diagnosed_LIFT_OBJECT_unanticipated__RQ2_R_H07_C02_F09,H07/C02/F09,Lift Slip — Low Friction Surface,apply_vacuum_assist(),0.7777777777777777,1,0.7777777777777777,Parallel Arm Lift — Contact Loss,0.7298850574712644,0.04789272030651326,True,False,True
R_H07_C02_F10,diagnosed_LIFT_OBJECT_unanticipated__RQ2_R_H07_C02_F10,H07/C02/F10,Lift Slip — Low Friction Surface,apply_vacuum_assist(),0.7777777777777777,1,0.7777777777777777,Parallel Arm Lift — Contact Loss,0.7298850574712644,0.04789272030651326,True,False,True
R_H07_C03_F01,diagnosed_LIFT_OBJECT_unanticipated__RQ2_R_H07_C03_F01,H07/C03/F01,Lift Slip — Low Friction Surface,apply_vacuum_assist(),0.75,1,0.75,Parallel Arm Lift — Contact Loss,0.6666666666666666,0.08333333333333337,True,False,True
R_H07_C03_F02,diagnosed_LIFT_OBJECT_unanticipated__RQ2_R_H07_C03_F02,H07/C03/F02,Lift Slip — Low Friction Surface,apply_vacuum_assist(),0.8055555555555557,1,0.8055555555555557,Parallel Arm Lift — Contact Loss,0.6666666666666666,0.13888888888888906,True,False,True
R_H07_C03_F03,diagnosed_LIFT_OBJECT_unanticipated__RQ2_R_H07_C03_F03,H07/C03/F03,Lift Slip — Low Friction Surface,apply_vacuum_assist(),0.8097222222222222,1,0.8097222222222222,Parallel Arm Lift — Contact Loss,0.6666666666666666,0.1430555555555556,True,False,True
R_H07_C03_F04,diagnosed_LIFT_OBJECT_unanticipated__RQ2_R_H07_C03_F04,H07/C03/F04,Lift Slip — Low Friction Surface,apply_vacuum_assist(),0.8138888888888888,1,0.8138888888888888,Parallel Arm Lift — Contact Loss,0.6666666666666666,0.14722222222222214,True,False,True
R_H07_C03_F05,diagnosed_LIFT_OBJECT_unanticipated__RQ2_R_H07_C03_F05,H07/C03/F05,Lift Slip — Low Friction Surface,apply_vacuum_assist(),0.8333333333333334,1,0.8333333333333334,Parallel Arm Lift — Contact Loss,0.6666666666666666,0.16666666666666674,True,False,True
R_H07_C03_F06,diagnosed_LIFT_OBJECT_unanticipated__RQ2_R_H07_C03_F06,H07/C03/F06,Lift Slip — Low Friction Surface,apply_vacuum_assist(),0.8111111111111112,1,0.8111111111111112,Parallel Arm Lift — Contact Loss,0.6666666666666666,0.1444444444444446,True,False,True
R_H07_C03_F07,diagnosed_LIFT_OBJECT_unanticipated__RQ2_R_H07_C03_F07,H07/C03/F07,Lift Slip — Low Friction Surface,apply_vacuum_assist(),0.7666666666666666,1,0.7666666666666666,Parallel Arm Lift — Contact Loss,0.6666666666666666,0.09999999999999998,True,False,True
R_H07_C03_F08,diagnosed_LIFT_OBJECT_unanticipated__RQ2_R_H07_C03_F08,H07/C03/F08,Lift Slip — Low Friction Surface,apply_vacuum_assist(),0.7269444444444444,1,0.7269444444444444,Parallel Arm Lift — Contact Loss,0.6666666666666666,0.06027777777777776,True,False,True
R_H07_C03_F09,diagnosed_LIFT_OBJECT_unanticipated__RQ2_R_H07_C03_F09,H07/C03/F09,Lift Slip — Low Friction Surface,apply_vacuum_assist(),0.7222222222222223,1,0.7222222222222223,Parallel Arm Lift — Contact Loss,0.6666666666666666,0.05555555555555569,True,False,True
R_H07_C03_F10,diagnosed_LIFT_OBJECT_unanticipated__RQ2_R_H07_C03_F10,H07/C03/F10,Lift Slip — Low Friction Surface,apply_vacuum_assist(),0.7222222222222223,1,0.7222222222222223,Parallel Arm Lift — Contact Loss,0.6666666666666666,0.05555555555555569,True,False,True
R_H07_C04_F01,diagnosed_LIFT_OBJECT_unanticipated__RQ2_R_H07_C04_F01,H07/C04/F01,Lift Slip — Low Friction Surface,apply_vacuum_assist(),0.731481111111111,1,0.731481111111111,Parallel Arm Lift — Contact Loss,0.6666666666666666,0.0648144444444444,True,False,True
R_H07_C04_F02,diagnosed_LIFT_OBJECT_unanticipated__RQ2_R_H07_C04_F02,H07/C04/F02,Lift Slip — Low Friction Surface,apply_vacuum_assist(),0.7870366666666667,1,0.7870366666666667,Parallel Arm Lift — Contact Loss,0.6666666666666666,0.12037000000000009,True,False,True
R_H07_C04_F03,diagnosed_LIFT_OBJECT_unanticipated__RQ2_R_H07_C04_F03,H07/C04/F03,Lift Slip — Low Friction Surface,apply_vacuum_assist(),0.7912033333333334,1,0.7912033333333334,Parallel Arm Lift — Contact Loss,0.6666666666666666,0.12453666666666674,True,False,True
R_H07_C04_F04,diagnosed_LIFT_OBJECT_unanticipated__RQ2_R_H07_C04_F04,H07/C04/F04,Lift Slip — Low Friction Surface,apply_vacuum_assist(),0.79537,1,0.79537,Parallel Arm Lift — Contact Loss,0.6666666666666666,0.1287033333333334,True,False,True
R_H07_C04_F05,diagnosed_LIFT_OBJECT_unanticipated__RQ2_R_H07_C04_F05,H07/C04/F05,Lift Slip — Low Friction Surface,apply_vacuum_assist(),0.8148144444444444,1,0.8148144444444444,Parallel Arm Lift — Contact Loss,0.6666666666666666,0.14814777777777777,True,False,True
R_H07_C04_F06,diagnosed_LIFT_OBJECT_unanticipated__RQ2_R_H07_C04_F06,H07/C04/F06,Lift Slip — Low Friction Surface,apply_vacuum_assist(),0.7925922222222223,1,0.7925922222222223,Parallel Arm Lift — Contact Loss,0.6666666666666666,0.12592555555555562,True,False,True
R_H07_C04_F07,diagnosed_LIFT_OBJECT_unanticipated__RQ2_R_H07_C04_F07,H07/C04/F07,Lift Slip — Low Friction Surface,apply_vacuum_assist(),0.7481477777777777,1,0.7481477777777777,Parallel Arm Lift — Contact Loss,0.6666666666666666,0.08148111111111112,True,False,True
R_H07_C04_F08,diagnosed_LIFT_OBJECT_unanticipated__RQ2_R_H07_C04_F08,H07/C04/F08,Lift Slip — Low Friction Surface,apply_vacuum_assist(),0.7084255555555555,1,0.7084255555555555,Parallel Arm Lift — Contact Loss,0.6666666666666666,0.0417588888888889,True,False,True
R_H07_C04_F09,diagnosed_LIFT_OBJECT_unanticipated__RQ2_R_H07_C04_F09,H07/C04/F09,Lift Slip — Low Friction Surface,apply_vacuum_assist(),0.7037033333333333,1,0.7037033333333333,Parallel Arm Lift — Contact Loss,0.6666666666666666,0.03703666666666672,True,False,True
R_H07_C04_F10,diagnosed_LIFT_OBJECT_unanticipated__RQ2_R_H07_C04_F10,H07/C04/F10,Lift Slip — Low Friction Surface,apply_vacuum_assist(),0.7037033333333333,1,0.7037033333333333,Parallel Arm Lift — Contact Loss,0.6666666666666666,0.03703666666666672,True,False,True
R_H07_C05_F01,diagnosed_LIFT_OBJECT_unanticipated__RQ2_R_H07_C05_F01,H07/C05/F01,Lift Slip — Low Friction Surface,apply_vacuum_assist(),0.7222222222222223,1,0.7222222222222223,Parallel Arm Lift — Contact Loss,0.6666666666666666,0.05555555555555569,True,False,True
R_H07_C05_F02,diagnosed_LIFT_OBJECT_unanticipated__RQ2_R_H07_C05_F02,H07/C05/F02,Lift Slip — Low Friction Surface,apply_vacuum_assist(),0.7777777777777777,1,0.7777777777777777,Parallel Arm Lift — Contact Loss,0.6666666666666666,0.11111111111111105,True,False,True
R_H07_C05_F03,diagnosed_LIFT_OBJECT_unanticipated__RQ2_R_H07_C05_F03,H07/C05/F03,Lift Slip — Low Friction Surface,apply_vacuum_assist(),0.7819444444444444,1,0.7819444444444444,Parallel Arm Lift — Contact Loss,0.6666666666666666,0.11527777777777781,True,False,True
R_H07_C05_F04,diagnosed_LIFT_OBJECT_unanticipated__RQ2_R_H07_C05_F04,H07/C05/F04,Lift Slip — Low Friction Surface,apply_vacuum_assist(),0.7861111111111111,1,0.7861111111111111,Parallel Arm Lift — Contact Loss,0.6666666666666666,0.11944444444444446,True,False,True
R_H07_C05_F05,diagnosed_LIFT_OBJECT_unanticipated__RQ2_R_H07_C05_F05,H07/C05/F05,Lift Slip — Low Friction Surface,apply_vacuum_assist(),0.8055555555555557,1,0.8055555555555557,Parallel Arm Lift — Contact Loss,0.6666666666666666,0.13888888888888906,True,False,True
R_H07_C05_F06,diagnosed_LIFT_OBJECT_unanticipated__RQ2_R_H07_C05_F06,H07/C05/F06,Lift Slip — Low Friction Surface,apply_vacuum_assist(),0.7833333333333333,1,0.7833333333333333,Parallel Arm Lift — Contact Loss,0.6666666666666666,0.1166666666666667,True,False,True
R_H07_C05_F07,diagnosed_LIFT_OBJECT_unanticipated__RQ2_R_H07_C05_F07,H07/C05/F07,Lift Slip — Low Friction Surface,apply_vacuum_assist(),0.7388888888888889,1,0.7388888888888889,Parallel Arm Lift — Contact Loss,0.6666666666666666,0.0722222222222223,True,False,True
R_H07_C05_F08,diagnosed_LIFT_OBJECT_unanticipated__RQ2_R_H07_C05_F08,H07/C05/F08,Lift Slip — Low Friction Surface,apply_vacuum_assist(),0.6991666666666667,1,0.6991666666666667,Parallel Arm Lift — Contact Loss,0.6666666666666666,0.032500000000000084,True,False,True
R_H07_C05_F09,diagnosed_LIFT_OBJECT_unanticipated__RQ2_R_H07_C05_F09,H07/C05/F09,Lift Slip — Low Friction Surface,apply_vacuum_assist(),0.6944444444444443,1,0.6944444444444443,Parallel Arm Lift — Contact Loss,0.6666666666666666,0.02777777777777768,True,False,True
R_H07_C05_F10,diagnosed_LIFT_OBJECT_unanticipated__RQ2_R_H07_C05_F10,H07/C05/F10,Lift Slip — Low Friction Surface,apply_vacuum_assist(),0.6944444444444443,1,0.6944444444444443,Parallel Arm Lift — Contact Loss,0.6666666666666666,0.02777777777777768,True,False,True
R_H07_C06_F01,diagnosed_LIFT_OBJECT_unanticipated__RQ2_R_H07_C06_F01,H07/C06/F01,Lift Slip — Low Friction Surface,apply_vacuum_assist(),0.6944444444444443,1,0.6944444444444443,Parallel Arm Lift — Contact Loss,0.6666666666666666,0.02777777777777768,True,False,True
R_H07_C06_F02,diagnosed_LIFT_OBJECT_unanticipated__RQ2_R_H07_C06_F02,H07/C06/F02,Lift Slip — Low Friction Surface,apply_vacuum_assist(),0.75,1,0.75,Parallel Arm Lift — Contact Loss,0.6666666666666666,0.08333333333333337,True,False,True
R_H07_C06_F03,diagnosed_LIFT_OBJECT_unanticipated__RQ2_R_H07_C06_F03,H07/C06/F03,Lift Slip — Low Friction Surface,apply_vacuum_assist(),0.7541666666666668,1,0.7541666666666668,Parallel Arm Lift — Contact Loss,0.6666666666666666,0.08750000000000013,True,False,True
R_H07_C06_F04,diagnosed_LIFT_OBJECT_unanticipated__RQ2_R_H07_C06_F04,H07/C06/F04,Lift Slip — Low Friction Surface,apply_vacuum_assist(),0.7583333333333333,1,0.7583333333333333,Parallel Arm Lift — Contact Loss,0.6666666666666666,0.09166666666666667,True,False,True
R_H07_C06_F05,diagnosed_LIFT_OBJECT_unanticipated__RQ2_R_H07_C06_F05,H07/C06/F05,Lift Slip — Low Friction Surface,apply_vacuum_assist(),0.7777777777777777,1,0.7777777777777777,Parallel Arm Lift — Contact Loss,0.6666666666666666,0.11111111111111105,True,False,True
R_H07_C06_F06,diagnosed_LIFT_OBJECT_unanticipated__RQ2_R_H07_C06_F06,H07/C06/F06,Lift Slip — Low Friction Surface,apply_vacuum_assist(),0.7555555555555555,1,0.7555555555555555,Parallel Arm Lift — Contact Loss,0.6666666666666666,0.0888888888888889,True,False,True
R_H07_C06_F07,diagnosed_LIFT_OBJECT_unanticipated__RQ2_R_H07_C06_F07,H07/C06/F07,Lift Slip — Low Friction Surface,apply_vacuum_assist(),0.7111111111111111,1,0.7111111111111111,Parallel Arm Lift — Contact Loss,0.6666666666666666,0.04444444444444451,True,False,True
R_H07_C06_F08,diagnosed_LIFT_OBJECT_unanticipated__RQ2_R_H07_C06_F08,H07/C06/F08,Lift Slip — Low Friction Surface,apply_vacuum_assist(),0.6713888888888889,1,0.6713888888888889,Parallel Arm Lift — Contact Loss,0.6666666666666666,0.004722222222222294,True,False,True
R_H07_C06_F09,diagnosed_LIFT_OBJECT_unanticipated__RQ2_R_H07_C06_F09,H07/C06/F09,Lift Slip — Low Friction Surface,apply_vacuum_assist(),0.6666666666666666,1,0.6666666666666666,Parallel Arm Lift — Contact Loss,0.6666666666666666,0.0,True,True,True
R_H07_C06_F10,diagnosed_LIFT_OBJECT_unanticipated__RQ2_R_H07_C06_F10,H07/C06/F10,Lift Slip — Low Friction Surface,apply_vacuum_assist(),0.6666666666666666,1,0.6666666666666666,Parallel Arm Lift — Contact Loss,0.6666666666666666,0.0,True,True,True
R_H07_C07_F01,diagnosed_LIFT_OBJECT_unanticipated__RQ2_R_H07_C07_F01,H07/C07/F01,Lift Slip — Low Friction Surface,apply_vacuum_assist(),0.6944444444444443,1,0.6944444444444443,Parallel Arm Lift — Contact Loss,0.6666666666666666,0.02777777777777768,True,False,True
R_H07_C07_F02,diagnosed_LIFT_OBJECT_unanticipated__RQ2_R_H07_C07_F02,H07/C07/F02,Lift Slip — Low Friction Surface,apply_vacuum_assist(),0.75,1,0.75,Parallel Arm Lift — Contact Loss,0.6666666666666666,0.08333333333333337,True,False,True
R_H07_C07_F03,diagnosed_LIFT_OBJECT_unanticipated__RQ2_R_H07_C07_F03,H07/C07/F03,Lift Slip — Low Friction Surface,apply_vacuum_assist(),0.7541666666666668,1,0.7541666666666668,Parallel Arm Lift — Contact Loss,0.6666666666666666,0.08750000000000013,True,False,True
R_H07_C07_F04,diagnosed_LIFT_OBJECT_unanticipated__RQ2_R_H07_C07_F04,H07/C07/F04,Lift Slip — Low Friction Surface,apply_vacuum_assist(),0.7583333333333333,1,0.7583333333333333,Parallel Arm Lift — Contact Loss,0.6666666666666666,0.09166666666666667,True,False,True
R_H07_C07_F05,diagnosed_LIFT_OBJECT_unanticipated__RQ2_R_H07_C07_F05,H07/C07/F05,Lift Slip — Low Friction Surface,apply_vacuum_assist(),0.7777777777777777,1,0.7777777777777777,Parallel Arm Lift — Contact Loss,0.6666666666666666,0.11111111111111105,True,False,True
R_H07_C07_F06,diagnosed_LIFT_OBJECT_unanticipated__RQ2_R_H07_C07_F06,H07/C07/F06,Lift Slip — Low Friction Surface,apply_vacuum_assist(),0.7555555555555555,1,0.7555555555555555,Parallel Arm Lift — Contact Loss,0.6666666666666666,0.0888888888888889,True,False,True
R_H07_C07_F07,diagnosed_LIFT_OBJECT_unanticipated__RQ2_R_H07_C07_F07,H07/C07/F07,Lift Slip — Low Friction Surface,apply_vacuum_assist(),0.7111111111111111,1,0.7111111111111111,Parallel Arm Lift — Contact Loss,0.6666666666666666,0.04444444444444451,True,False,True
R_H07_C07_F08,diagnosed_LIFT_OBJECT_unanticipated__RQ2_R_H07_C07_F08,H07/C07/F08,Lift Slip — Low Friction Surface,apply_vacuum_assist(),0.6713888888888889,1,0.6713888888888889,Parallel Arm Lift — Contact Loss,0.6666666666666666,0.004722222222222294,True,False,True
R_H07_C07_F09,diagnosed_LIFT_OBJECT_unanticipated__RQ2_R_H07_C07_F09,H07/C07/F09,Lift Slip — Low Friction Surface,apply_vacuum_assist(),0.6666666666666666,1,0.6666666666666666,Parallel Arm Lift — Contact Loss,0.6666666666666666,0.0,True,True,True
R_H07_C07_F10,diagnosed_LIFT_OBJECT_unanticipated__RQ2_R_H07_C07_F10,H07/C07/F10,Lift Slip — Low Friction Surface,apply_vacuum_assist(),0.6666666666666666,1,0.6666666666666666,Parallel Arm Lift — Contact Loss,0.6666666666666666,0.0,True,True,True
R_H07_C08_F01,diagnosed_LIFT_OBJECT_unanticipated__RQ2_R_H07_C08_F01,H07/C08/F01,Lift Slip — Low Friction Surface,apply_vacuum_assist(),0.6944444444444443,1,0.6944444444444443,Parallel Arm Lift — Contact Loss,0.6666666666666666,0.02777777777777768,True,False,True
R_H07_C08_F02,diagnosed_LIFT_OBJECT_unanticipated__RQ2_R_H07_C08_F02,H07/C08/F02,Lift Slip — Low Friction Surface,apply_vacuum_assist(),0.75,1,0.75,Parallel Arm Lift — Contact Loss,0.6666666666666666,0.08333333333333337,True,False,True
R_H07_C08_F03,diagnosed_LIFT_OBJECT_unanticipated__RQ2_R_H07_C08_F03,H07/C08/F03,Lift Slip — Low Friction Surface,apply_vacuum_assist(),0.7541666666666668,1,0.7541666666666668,Parallel Arm Lift — Contact Loss,0.6666666666666666,0.08750000000000013,True,False,True
R_H07_C08_F04,diagnosed_LIFT_OBJECT_unanticipated__RQ2_R_H07_C08_F04,H07/C08/F04,Lift Slip — Low Friction Surface,apply_vacuum_assist(),0.7583333333333333,1,0.7583333333333333,Parallel Arm Lift — Contact Loss,0.6666666666666666,0.09166666666666667,True,False,True
R_H07_C08_F05,diagnosed_LIFT_OBJECT_unanticipated__RQ2_R_H07_C08_F05,H07/C08/F05,Lift Slip — Low Friction Surface,apply_vacuum_assist(),0.7777777777777777,1,0.7777777777777777,Parallel Arm Lift — Contact Loss,0.6666666666666666,0.11111111111111105,True,False,True
R_H07_C08_F06,diagnosed_LIFT_OBJECT_unanticipated__RQ2_R_H07_C08_F06,H07/C08/F06,Lift Slip — Low Friction Surface,apply_vacuum_assist(),0.7555555555555555,1,0.7555555555555555,Parallel Arm Lift — Contact Loss,0.6666666666666666,0.0888888888888889,True,False,True
R_H07_C08_F07,diagnosed_LIFT_OBJECT_unanticipated__RQ2_R_H07_C08_F07,H07/C08/F07,Lift Slip — Low Friction Surface,apply_vacuum_assist(),0.7111111111111111,1,0.7111111111111111,Parallel Arm Lift — Contact Loss,0.6666666666666666,0.04444444444444451,True,False,True
R_H07_C08_F08,diagnosed_LIFT_OBJECT_unanticipated__RQ2_R_H07_C08_F08,H07/C08/F08,Lift Slip — Low Friction Surface,apply_vacuum_assist(),0.6713888888888889,1,0.6713888888888889,Parallel Arm Lift — Contact Loss,0.6666666666666666,0.004722222222222294,True,False,True
R_H07_C08_F09,diagnosed_LIFT_OBJECT_unanticipated__RQ2_R_H07_C08_F09,H07/C08/F09,Lift Slip — Low Friction Surface,apply_vacuum_assist(),0.6666666666666666,1,0.6666666666666666,Parallel Arm Lift — Contact Loss,0.6666666666666666,0.0,True,True,True
R_H07_C08_F10,diagnosed_LIFT_OBJECT_unanticipated__RQ2_R_H07_C08_F10,H07/C08/F10,Lift Slip — Low Friction Surface,apply_vacuum_assist(),0.6666666666666666,1,0.6666666666666666,Parallel Arm Lift — Contact Loss,0.6666666666666666,0.0,True,True,True
R_H07_C09_F01,diagnosed_LIFT_OBJECT_unanticipated__RQ2_R_H07_C09_F01,H07/C09/F01,Lift Slip — Low Friction Surface,apply_vacuum_assist(),0.6944444444444443,1,0.6944444444444443,Parallel Arm Lift — Contact Loss,0.6666666666666666,0.02777777777777768,True,False,True
R_H07_C09_F02,diagnosed_LIFT_OBJECT_unanticipated__RQ2_R_H07_C09_F02,H07/C09/F02,Lift Slip — Low Friction Surface,apply_vacuum_assist(),0.75,1,0.75,Parallel Arm Lift — Contact Loss,0.6666666666666666,0.08333333333333337,True,False,True
R_H07_C09_F03,diagnosed_LIFT_OBJECT_unanticipated__RQ2_R_H07_C09_F03,H07/C09/F03,Lift Slip — Low Friction Surface,apply_vacuum_assist(),0.7541666666666668,1,0.7541666666666668,Parallel Arm Lift — Contact Loss,0.6666666666666666,0.08750000000000013,True,False,True
R_H07_C09_F04,diagnosed_LIFT_OBJECT_unanticipated__RQ2_R_H07_C09_F04,H07/C09/F04,Lift Slip — Low Friction Surface,apply_vacuum_assist(),0.7583333333333333,1,0.7583333333333333,Parallel Arm Lift — Contact Loss,0.6666666666666666,0.09166666666666667,True,False,True
R_H07_C09_F05,diagnosed_LIFT_OBJECT_unanticipated__RQ2_R_H07_C09_F05,H07/C09/F05,Lift Slip — Low Friction Surface,apply_vacuum_assist(),0.7777777777777777,1,0.7777777777777777,Parallel Arm Lift — Contact Loss,0.6666666666666666,0.11111111111111105,True,False,True
R_H07_C09_F06,diagnosed_LIFT_OBJECT_unanticipated__RQ2_R_H07_C09_F06,H07/C09/F06,Lift Slip — Low Friction Surface,apply_vacuum_assist(),0.7555555555555555,1,0.7555555555555555,Parallel Arm Lift — Contact Loss,0.6666666666666666,0.0888888888888889,True,False,True
R_H07_C09_F07,diagnosed_LIFT_OBJECT_unanticipated__RQ2_R_H07_C09_F07,H07/C09/F07,Lift Slip — Low Friction Surface,apply_vacuum_assist(),0.7111111111111111,1,0.7111111111111111,Parallel Arm Lift — Contact Loss,0.6666666666666666,0.04444444444444451,True,False,True
R_H07_C09_F08,diagnosed_LIFT_OBJECT_unanticipated__RQ2_R_H07_C09_F08,H07/C09/F08,Lift Slip — Low Friction Surface,apply_vacuum_assist(),0.6713888888888889,1,0.6713888888888889,Parallel Arm Lift — Contact Loss,0.6666666666666666,0.004722222222222294,True,False,True
R_H07_C09_F09,diagnosed_LIFT_OBJECT_unanticipated__RQ2_R_H07_C09_F09,H07/C09/F09,Lift Slip — Low Friction Surface,apply_vacuum_assist(),0.6666666666666666,1,0.6666666666666666,Parallel Arm Lift — Contact Loss,0.6666666666666666,0.0,True,True,True
R_H07_C09_F10,diagnosed_LIFT_OBJECT_unanticipated__RQ2_R_H07_C09_F10,H07/C09/F10,Lift Slip — Low Friction Surface,apply_vacuum_assist(),0.6666666666666666,1,0.6666666666666666,Parallel Arm Lift — Contact Loss,0.6666666666666666,0.0,True,True,True
R_H07_C10_F01,diagnosed_LIFT_OBJECT_unanticipated__RQ2_R_H07_C10_F01,H07/C10/F01,Lift Slip — Low Friction Surface,apply_vacuum_assist(),0.6944444444444443,1,0.6944444444444443,Parallel Arm Lift — Contact Loss,0.6666666666666666,0.02777777777777768,True,False,True
R_H07_C10_F02,diagnosed_LIFT_OBJECT_unanticipated__RQ2_R_H07_C10_F02,H07/C10/F02,Lift Slip — Low Friction Surface,apply_vacuum_assist(),0.75,1,0.75,Parallel Arm Lift — Contact Loss,0.6666666666666666,0.08333333333333337,True,False,True
R_H07_C10_F03,diagnosed_LIFT_OBJECT_unanticipated__RQ2_R_H07_C10_F03,H07/C10/F03,Lift Slip — Low Friction Surface,apply_vacuum_assist(),0.7541666666666668,1,0.7541666666666668,Parallel Arm Lift — Contact Loss,0.6666666666666666,0.08750000000000013,True,False,True
R_H07_C10_F04,diagnosed_LIFT_OBJECT_unanticipated__RQ2_R_H07_C10_F04,H07/C10/F04,Lift Slip — Low Friction Surface,apply_vacuum_assist(),0.7583333333333333,1,0.7583333333333333,Parallel Arm Lift — Contact Loss,0.6666666666666666,0.09166666666666667,True,False,True
R_H07_C10_F05,diagnosed_LIFT_OBJECT_unanticipated__RQ2_R_H07_C10_F05,H07/C10/F05,Lift Slip — Low Friction Surface,apply_vacuum_assist(),0.7777777777777777,1,0.7777777777777777,Parallel Arm Lift — Contact Loss,0.6666666666666666,0.11111111111111105,True,False,True
R_H07_C10_F06,diagnosed_LIFT_OBJECT_unanticipated__RQ2_R_H07_C10_F06,H07/C10/F06,Lift Slip — Low Friction Surface,apply_vacuum_assist(),0.7555555555555555,1,0.7555555555555555,Parallel Arm Lift — Contact Loss,0.6666666666666666,0.0888888888888889,True,False,True
R_H07_C10_F07,diagnosed_LIFT_OBJECT_unanticipated__RQ2_R_H07_C10_F07,H07/C10/F07,Lift Slip — Low Friction Surface,apply_vacuum_assist(),0.7111111111111111,1,0.7111111111111111,Parallel Arm Lift — Contact Loss,0.6666666666666666,0.04444444444444451,True,False,True
R_H07_C10_F08,diagnosed_LIFT_OBJECT_unanticipated__RQ2_R_H07_C10_F08,H07/C10/F08,Lift Slip — Low Friction Surface,apply_vacuum_assist(),0.6713888888888889,1,0.6713888888888889,Parallel Arm Lift — Contact Loss,0.6666666666666666,0.004722222222222294,True,False,True
R_H07_C10_F09,diagnosed_LIFT_OBJECT_unanticipated__RQ2_R_H07_C10_F09,H07/C10/F09,Lift Slip — Low Friction Surface,apply_vacuum_assist(),0.6666666666666666,1,0.6666666666666666,Parallel Arm Lift — Contact Loss,0.6666666666666666,0.0,True,True,True
R_H07_C10_F10,diagnosed_LIFT_OBJECT_unanticipated__RQ2_R_H07_C10_F10,H07/C10/F10,Lift Slip — Low Friction Surface,apply_vacuum_assist(),0.6666666666666666,1,0.6666666666666666,Parallel Arm Lift — Contact Loss,0.6666666666666666,0.0,True,True,True
R_H08_C01_F01,diagnosed_LIFT_OBJECT_unanticipated__RQ2_R_H08_C01_F01,H08/C01/F01,Lift Slip — Low Friction Surface,apply_vacuum_assist(),0.6944444444444443,1,0.6944444444444443,Parallel Arm Lift — Contact Loss,0.6666666666666666,0.02777777777777768,True,False,True
R_H08_C01_F02,diagnosed_LIFT_OBJECT_unanticipated__RQ2_R_H08_C01_F02,H08/C01/F02,Lift Slip — Low Friction Surface,apply_vacuum_assist(),0.75,1,0.75,Parallel Arm Lift — Contact Loss,0.6666666666666666,0.08333333333333337,True,False,True
R_H08_C01_F03,diagnosed_LIFT_OBJECT_unanticipated__RQ2_R_H08_C01_F03,H08/C01/F03,Lift Slip — Low Friction Surface,apply_vacuum_assist(),0.7541666666666668,1,0.7541666666666668,Parallel Arm Lift — Contact Loss,0.6666666666666666,0.08750000000000013,True,False,True
R_H08_C01_F04,diagnosed_LIFT_OBJECT_unanticipated__RQ2_R_H08_C01_F04,H08/C01/F04,Lift Slip — Low Friction Surface,apply_vacuum_assist(),0.7583333333333333,1,0.7583333333333333,Parallel Arm Lift — Contact Loss,0.6666666666666666,0.09166666666666667,True,False,True
R_H08_C01_F05,diagnosed_LIFT_OBJECT_unanticipated__RQ2_R_H08_C01_F05,H08/C01/F05,Lift Slip — Low Friction Surface,apply_vacuum_assist(),0.7777777777777777,1,0.7777777777777777,Parallel Arm Lift — Contact Loss,0.6666666666666666,0.11111111111111105,True,False,True
R_H08_C01_F06,diagnosed_LIFT_OBJECT_unanticipated__RQ2_R_H08_C01_F06,H08/C01/F06,Lift Slip — Low Friction Surface,apply_vacuum_assist(),0.7555555555555555,1,0.7555555555555555,Parallel Arm Lift — Contact Loss,0.6666666666666666,0.0888888888888889,True,False,True
R_H08_C01_F07,diagnosed_LIFT_OBJECT_unanticipated__RQ2_R_H08_C01_F07,H08/C01/F07,Lift Slip — Low Friction Surface,apply_vacuum_assist(),0.7111111111111111,1,0.7111111111111111,Parallel Arm Lift — Contact Loss,0.6666666666666666,0.04444444444444451,True,False,True
R_H08_C01_F08,diagnosed_LIFT_OBJECT_unanticipated__RQ2_R_H08_C01_F08,H08/C01/F08,Lift Slip — Low Friction Surface,apply_vacuum_assist(),0.6713888888888889,1,0.6713888888888889,Parallel Arm Lift — Contact Loss,0.6666666666666666,0.004722222222222294,True,False,True
R_H08_C01_F09,diagnosed_LIFT_OBJECT_unanticipated__RQ2_R_H08_C01_F09,H08/C01/F09,Lift Slip — Low Friction Surface,apply_vacuum_assist(),0.6666666666666666,1,0.6666666666666666,Parallel Arm Lift — Contact Loss,0.6666666666666666,0.0,True,True,True
R_H08_C01_F10,diagnosed_LIFT_OBJECT_unanticipated__RQ2_R_H08_C01_F10,H08/C01/F10,Lift Slip — Low Friction Surface,apply_vacuum_assist(),0.6666666666666666,1,0.6666666666666666,Parallel Arm Lift — Contact Loss,0.6666666666666666,0.0,True,True,True
R_H08_C02_F01,diagnosed_LIFT_OBJECT_unanticipated__RQ2_R_H08_C02_F01,H08/C02/F01,Lift Slip — Low Friction Surface,apply_vacuum_assist(),0.8055555555555557,1,0.8055555555555557,Parallel Arm Lift — Contact Loss,0.7298850574712644,0.07567049808429127,True,False,True
R_H08_C02_F02,diagnosed_LIFT_OBJECT_unanticipated__RQ2_R_H08_C02_F02,H08/C02/F02,Lift Slip — Low Friction Surface,apply_vacuum_assist(),0.8611111111111112,1,0.8611111111111112,Parallel Arm Lift — Contact Loss,0.7298850574712644,0.13122605363984674,True,False,True
R_H08_C02_F03,diagnosed_LIFT_OBJECT_unanticipated__RQ2_R_H08_C02_F03,H08/C02/F03,Lift Slip — Low Friction Surface,apply_vacuum_assist(),0.8652777777777777,1,0.8652777777777777,Parallel Arm Lift — Contact Loss,0.7298850574712644,0.13539272030651328,True,False,True
R_H08_C02_F04,diagnosed_LIFT_OBJECT_unanticipated__RQ2_R_H08_C02_F04,H08/C02/F04,Lift Slip — Low Friction Surface,apply_vacuum_assist(),0.8694444444444445,1,0.8694444444444445,Parallel Arm Lift — Contact Loss,0.7298850574712644,0.13955938697318004,True,False,True
R_H08_C02_F05,diagnosed_LIFT_OBJECT_unanticipated__RQ2_R_H08_C02_F05,H08/C02/F05,Lift Slip — Low Friction Surface,apply_vacuum_assist(),0.8888888888888888,1,0.8888888888888888,Parallel Arm Lift — Contact Loss,0.7298850574712644,0.15900383141762442,True,False,True
R_H08_C02_F06,diagnosed_LIFT_OBJECT_unanticipated__RQ2_R_H08_C02_F06,H08/C02/F06,Lift Slip — Low Friction Surface,apply_vacuum_assist(),0.8666666666666667,1,0.8666666666666667,Parallel Arm Lift — Contact Loss,0.7298850574712644,0.13678160919540228,True,False,True
R_H08_C02_F07,diagnosed_LIFT_OBJECT_unanticipated__RQ2_R_H08_C02_F07,H08/C02/F07,Lift Slip — Low Friction Surface,apply_vacuum_assist(),0.8222222222222223,1,0.8222222222222223,Parallel Arm Lift — Contact Loss,0.7298850574712644,0.09233716475095788,True,False,True
R_H08_C02_F08,diagnosed_LIFT_OBJECT_unanticipated__RQ2_R_H08_C02_F08,H08/C02/F08,Lift Slip — Low Friction Surface,apply_vacuum_assist(),0.7825000000000001,1,0.7825000000000001,Parallel Arm Lift — Contact Loss,0.7298850574712644,0.052614942528735664,True,False,True
R_H08_C02_F09,diagnosed_LIFT_OBJECT_unanticipated__RQ2_R_H08_C02_F09,H08/C02/F09,Lift Slip — Low Friction Surface,apply_vacuum_assist(),0.7777777777777777,1,0.7777777777777777,Parallel Arm Lift — Contact Loss,0.7298850574712644,0.04789272030651326,True,False,True
R_H08_C02_F10,diagnosed_LIFT_OBJECT_unanticipated__RQ2_R_H08_C02_F10,H08/C02/F10,Lift Slip — Low Friction Surface,apply_vacuum_assist(),0.7777777777777777,1,0.7777777777777777,Parallel Arm Lift — Contact Loss,0.7298850574712644,0.04789272030651326,True,False,True
R_H08_C03_F01,diagnosed_LIFT_OBJECT_unanticipated__RQ2_R_H08_C03_F01,H08/C03/F01,Lift Slip — Low Friction Surface,apply_vacuum_assist(),0.75,1,0.75,Parallel Arm Lift — Contact Loss,0.6666666666666666,0.08333333333333337,True,False,True
R_H08_C03_F02,diagnosed_LIFT_OBJECT_unanticipated__RQ2_R_H08_C03_F02,H08/C03/F02,Lift Slip — Low Friction Surface,apply_vacuum_assist(),0.8055555555555557,1,0.8055555555555557,Parallel Arm Lift — Contact Loss,0.6666666666666666,0.13888888888888906,True,False,True
R_H08_C03_F03,diagnosed_LIFT_OBJECT_unanticipated__RQ2_R_H08_C03_F03,H08/C03/F03,Lift Slip — Low Friction Surface,apply_vacuum_assist(),0.8097222222222222,1,0.8097222222222222,Parallel Arm Lift — Contact Loss,0.6666666666666666,0.1430555555555556,True,False,True
R_H08_C03_F04,diagnosed_LIFT_OBJECT_unanticipated__RQ2_R_H08_C03_F04,H08/C03/F04,Lift Slip — Low Friction Surface,apply_vacuum_assist(),0.8138888888888888,1,0.8138888888888888,Parallel Arm Lift — Contact Loss,0.6666666666666666,0.14722222222222214,True,False,True
R_H08_C03_F05,diagnosed_LIFT_OBJECT_unanticipated__RQ2_R_H08_C03_F05,H08/C03/F05,Lift Slip — Low Friction Surface,apply_vacuum_assist(),0.8333333333333334,1,0.8333333333333334,Parallel Arm Lift — Contact Loss,0.6666666666666666,0.16666666666666674,True,False,True
R_H08_C03_F06,diagnosed_LIFT_OBJECT_unanticipated__RQ2_R_H08_C03_F06,H08/C03/F06,Lift Slip — Low Friction Surface,apply_vacuum_assist(),0.8111111111111112,1,0.8111111111111112,Parallel Arm Lift — Contact Loss,0.6666666666666666,0.1444444444444446,True,False,True
R_H08_C03_F07,diagnosed_LIFT_OBJECT_unanticipated__RQ2_R_H08_C03_F07,H08/C03/F07,Lift Slip — Low Friction Surface,apply_vacuum_assist(),0.7666666666666666,1,0.7666666666666666,Parallel Arm Lift — Contact Loss,0.6666666666666666,0.09999999999999998,True,False,True
R_H08_C03_F08,diagnosed_LIFT_OBJECT_unanticipated__RQ2_R_H08_C03_F08,H08/C03/F08,Lift Slip — Low Friction Surface,apply_vacuum_assist(),0.7269444444444444,1,0.7269444444444444,Parallel Arm Lift — Contact Loss,0.6666666666666666,0.06027777777777776,True,False,True
R_H08_C03_F09,diagnosed_LIFT_OBJECT_unanticipated__RQ2_R_H08_C03_F09,H08/C03/F09,Lift Slip — Low Friction Surface,apply_vacuum_assist(),0.7222222222222223,1,0.7222222222222223,Parallel Arm Lift — Contact Loss,0.6666666666666666,0.05555555555555569,True,False,True
R_H08_C03_F10,diagnosed_LIFT_OBJECT_unanticipated__RQ2_R_H08_C03_F10,H08/C03/F10,Lift Slip — Low Friction Surface,apply_vacuum_assist(),0.7222222222222223,1,0.7222222222222223,Parallel Arm Lift — Contact Loss,0.6666666666666666,0.05555555555555569,True,False,True
R_H08_C04_F01,diagnosed_LIFT_OBJECT_unanticipated__RQ2_R_H08_C04_F01,H08/C04/F01,Lift Slip — Low Friction Surface,apply_vacuum_assist(),0.731481111111111,1,0.731481111111111,Parallel Arm Lift — Contact Loss,0.6666666666666666,0.0648144444444444,True,False,True
R_H08_C04_F02,diagnosed_LIFT_OBJECT_unanticipated__RQ2_R_H08_C04_F02,H08/C04/F02,Lift Slip — Low Friction Surface,apply_vacuum_assist(),0.7870366666666667,1,0.7870366666666667,Parallel Arm Lift — Contact Loss,0.6666666666666666,0.12037000000000009,True,False,True
R_H08_C04_F03,diagnosed_LIFT_OBJECT_unanticipated__RQ2_R_H08_C04_F03,H08/C04/F03,Lift Slip — Low Friction Surface,apply_vacuum_assist(),0.7912033333333334,1,0.7912033333333334,Parallel Arm Lift — Contact Loss,0.6666666666666666,0.12453666666666674,True,False,True
R_H08_C04_F04,diagnosed_LIFT_OBJECT_unanticipated__RQ2_R_H08_C04_F04,H08/C04/F04,Lift Slip — Low Friction Surface,apply_vacuum_assist(),0.79537,1,0.79537,Parallel Arm Lift — Contact Loss,0.6666666666666666,0.1287033333333334,True,False,True
R_H08_C04_F05,diagnosed_LIFT_OBJECT_unanticipated__RQ2_R_H08_C04_F05,H08/C04/F05,Lift Slip — Low Friction Surface,apply_vacuum_assist(),0.8148144444444444,1,0.8148144444444444,Parallel Arm Lift — Contact Loss,0.6666666666666666,0.14814777777777777,True,False,True
R_H08_C04_F06,diagnosed_LIFT_OBJECT_unanticipated__RQ2_R_H08_C04_F06,H08/C04/F06,Lift Slip — Low Friction Surface,apply_vacuum_assist(),0.7925922222222223,1,0.7925922222222223,Parallel Arm Lift — Contact Loss,0.6666666666666666,0.12592555555555562,True,False,True
R_H08_C04_F07,diagnosed_LIFT_OBJECT_unanticipated__RQ2_R_H08_C04_F07,H08/C04/F07,Lift Slip — Low Friction Surface,apply_vacuum_assist(),0.7481477777777777,1,0.7481477777777777,Parallel Arm Lift — Contact Loss,0.6666666666666666,0.08148111111111112,True,False,True
R_H08_C04_F08,diagnosed_LIFT_OBJECT_unanticipated__RQ2_R_H08_C04_F08,H08/C04/F08,Lift Slip — Low Friction Surface,apply_vacuum_assist(),0.7084255555555555,1,0.7084255555555555,Parallel Arm Lift — Contact Loss,0.6666666666666666,0.0417588888888889,True,False,True
R_H08_C04_F09,diagnosed_LIFT_OBJECT_unanticipated__RQ2_R_H08_C04_F09,H08/C04/F09,Lift Slip — Low Friction Surface,apply_vacuum_assist(),0.7037033333333333,1,0.7037033333333333,Parallel Arm Lift — Contact Loss,0.6666666666666666,0.03703666666666672,True,False,True
R_H08_C04_F10,diagnosed_LIFT_OBJECT_unanticipated__RQ2_R_H08_C04_F10,H08/C04/F10,Lift Slip — Low Friction Surface,apply_vacuum_assist(),0.7037033333333333,1,0.7037033333333333,Parallel Arm Lift — Contact Loss,0.6666666666666666,0.03703666666666672,True,False,True
R_H08_C05_F01,diagnosed_LIFT_OBJECT_unanticipated__RQ2_R_H08_C05_F01,H08/C05/F01,Lift Slip — Low Friction Surface,apply_vacuum_assist(),0.7222222222222223,1,0.7222222222222223,Parallel Arm Lift — Contact Loss,0.6666666666666666,0.05555555555555569,True,False,True
R_H08_C05_F02,diagnosed_LIFT_OBJECT_unanticipated__RQ2_R_H08_C05_F02,H08/C05/F02,Lift Slip — Low Friction Surface,apply_vacuum_assist(),0.7777777777777777,1,0.7777777777777777,Parallel Arm Lift — Contact Loss,0.6666666666666666,0.11111111111111105,True,False,True
R_H08_C05_F03,diagnosed_LIFT_OBJECT_unanticipated__RQ2_R_H08_C05_F03,H08/C05/F03,Lift Slip — Low Friction Surface,apply_vacuum_assist(),0.7819444444444444,1,0.7819444444444444,Parallel Arm Lift — Contact Loss,0.6666666666666666,0.11527777777777781,True,False,True
R_H08_C05_F04,diagnosed_LIFT_OBJECT_unanticipated__RQ2_R_H08_C05_F04,H08/C05/F04,Lift Slip — Low Friction Surface,apply_vacuum_assist(),0.7861111111111111,1,0.7861111111111111,Parallel Arm Lift — Contact Loss,0.6666666666666666,0.11944444444444446,True,False,True
R_H08_C05_F05,diagnosed_LIFT_OBJECT_unanticipated__RQ2_R_H08_C05_F05,H08/C05/F05,Lift Slip — Low Friction Surface,apply_vacuum_assist(),0.8055555555555557,1,0.8055555555555557,Parallel Arm Lift — Contact Loss,0.6666666666666666,0.13888888888888906,True,False,True
R_H08_C05_F06,diagnosed_LIFT_OBJECT_unanticipated__RQ2_R_H08_C05_F06,H08/C05/F06,Lift Slip — Low Friction Surface,apply_vacuum_assist(),0.7833333333333333,1,0.7833333333333333,Parallel Arm Lift — Contact Loss,0.6666666666666666,0.1166666666666667,True,False,True
R_H08_C05_F07,diagnosed_LIFT_OBJECT_unanticipated__RQ2_R_H08_C05_F07,H08/C05/F07,Lift Slip — Low Friction Surface,apply_vacuum_assist(),0.7388888888888889,1,0.7388888888888889,Parallel Arm Lift — Contact Loss,0.6666666666666666,0.0722222222222223,True,False,True
R_H08_C05_F08,diagnosed_LIFT_OBJECT_unanticipated__RQ2_R_H08_C05_F08,H08/C05/F08,Lift Slip — Low Friction Surface,apply_vacuum_assist(),0.6991666666666667,1,0.6991666666666667,Parallel Arm Lift — Contact Loss,0.6666666666666666,0.032500000000000084,True,False,True
R_H08_C05_F09,diagnosed_LIFT_OBJECT_unanticipated__RQ2_R_H08_C05_F09,H08/C05/F09,Lift Slip — Low Friction Surface,apply_vacuum_assist(),0.6944444444444443,1,0.6944444444444443,Parallel Arm Lift — Contact Loss,0.6666666666666666,0.02777777777777768,True,False,True
R_H08_C05_F10,diagnosed_LIFT_OBJECT_unanticipated__RQ2_R_H08_C05_F10,H08/C05/F10,Lift Slip — Low Friction Surface,apply_vacuum_assist(),0.6944444444444443,1,0.6944444444444443,Parallel Arm Lift — Contact Loss,0.6666666666666666,0.02777777777777768,True,False,True
R_H08_C06_F01,diagnosed_LIFT_OBJECT_unanticipated__RQ2_R_H08_C06_F01,H08/C06/F01,Lift Slip — Low Friction Surface,apply_vacuum_assist(),0.6944444444444443,1,0.6944444444444443,Parallel Arm Lift — Contact Loss,0.6666666666666666,0.02777777777777768,True,False,True
R_H08_C06_F02,diagnosed_LIFT_OBJECT_unanticipated__RQ2_R_H08_C06_F02,H08/C06/F02,Lift Slip — Low Friction Surface,apply_vacuum_assist(),0.75,1,0.75,Parallel Arm Lift — Contact Loss,0.6666666666666666,0.08333333333333337,True,False,True
R_H08_C06_F03,diagnosed_LIFT_OBJECT_unanticipated__RQ2_R_H08_C06_F03,H08/C06/F03,Lift Slip — Low Friction Surface,apply_vacuum_assist(),0.7541666666666668,1,0.7541666666666668,Parallel Arm Lift — Contact Loss,0.6666666666666666,0.08750000000000013,True,False,True
R_H08_C06_F04,diagnosed_LIFT_OBJECT_unanticipated__RQ2_R_H08_C06_F04,H08/C06/F04,Lift Slip — Low Friction Surface,apply_vacuum_assist(),0.7583333333333333,1,0.7583333333333333,Parallel Arm Lift — Contact Loss,0.6666666666666666,0.09166666666666667,True,False,True
R_H08_C06_F05,diagnosed_LIFT_OBJECT_unanticipated__RQ2_R_H08_C06_F05,H08/C06/F05,Lift Slip — Low Friction Surface,apply_vacuum_assist(),0.7777777777777777,1,0.7777777777777777,Parallel Arm Lift — Contact Loss,0.6666666666666666,0.11111111111111105,True,False,True
R_H08_C06_F06,diagnosed_LIFT_OBJECT_unanticipated__RQ2_R_H08_C06_F06,H08/C06/F06,Lift Slip — Low Friction Surface,apply_vacuum_assist(),0.7555555555555555,1,0.7555555555555555,Parallel Arm Lift — Contact Loss,0.6666666666666666,0.0888888888888889,True,False,True
R_H08_C06_F07,diagnosed_LIFT_OBJECT_unanticipated__RQ2_R_H08_C06_F07,H08/C06/F07,Lift Slip — Low Friction Surface,apply_vacuum_assist(),0.7111111111111111,1,0.7111111111111111,Parallel Arm Lift — Contact Loss,0.6666666666666666,0.04444444444444451,True,False,True
R_H08_C06_F08,diagnosed_LIFT_OBJECT_unanticipated__RQ2_R_H08_C06_F08,H08/C06/F08,Lift Slip — Low Friction Surface,apply_vacuum_assist(),0.6713888888888889,1,0.6713888888888889,Parallel Arm Lift — Contact Loss,0.6666666666666666,0.004722222222222294,True,False,True
R_H08_C06_F09,diagnosed_LIFT_OBJECT_unanticipated__RQ2_R_H08_C06_F09,H08/C06/F09,Lift Slip — Low Friction Surface,apply_vacuum_assist(),0.6666666666666666,1,0.6666666666666666,Parallel Arm Lift — Contact Loss,0.6666666666666666,0.0,True,True,True
R_H08_C06_F10,diagnosed_LIFT_OBJECT_unanticipated__RQ2_R_H08_C06_F10,H08/C06/F10,Lift Slip — Low Friction Surface,apply_vacuum_assist(),0.6666666666666666,1,0.6666666666666666,Parallel Arm Lift — Contact Loss,0.6666666666666666,0.0,True,True,True
R_H08_C07_F01,diagnosed_LIFT_OBJECT_unanticipated__RQ2_R_H08_C07_F01,H08/C07/F01,Lift Slip — Low Friction Surface,apply_vacuum_assist(),0.6944444444444443,1,0.6944444444444443,Parallel Arm Lift — Contact Loss,0.6666666666666666,0.02777777777777768,True,False,True
R_H08_C07_F02,diagnosed_LIFT_OBJECT_unanticipated__RQ2_R_H08_C07_F02,H08/C07/F02,Lift Slip — Low Friction Surface,apply_vacuum_assist(),0.75,1,0.75,Parallel Arm Lift — Contact Loss,0.6666666666666666,0.08333333333333337,True,False,True
R_H08_C07_F03,diagnosed_LIFT_OBJECT_unanticipated__RQ2_R_H08_C07_F03,H08/C07/F03,Lift Slip — Low Friction Surface,apply_vacuum_assist(),0.7541666666666668,1,0.7541666666666668,Parallel Arm Lift — Contact Loss,0.6666666666666666,0.08750000000000013,True,False,True
R_H08_C07_F04,diagnosed_LIFT_OBJECT_unanticipated__RQ2_R_H08_C07_F04,H08/C07/F04,Lift Slip — Low Friction Surface,apply_vacuum_assist(),0.7583333333333333,1,0.7583333333333333,Parallel Arm Lift — Contact Loss,0.6666666666666666,0.09166666666666667,True,False,True
R_H08_C07_F05,diagnosed_LIFT_OBJECT_unanticipated__RQ2_R_H08_C07_F05,H08/C07/F05,Lift Slip — Low Friction Surface,apply_vacuum_assist(),0.7777777777777777,1,0.7777777777777777,Parallel Arm Lift — Contact Loss,0.6666666666666666,0.11111111111111105,True,False,True
R_H08_C07_F06,diagnosed_LIFT_OBJECT_unanticipated__RQ2_R_H08_C07_F06,H08/C07/F06,Lift Slip — Low Friction Surface,apply_vacuum_assist(),0.7555555555555555,1,0.7555555555555555,Parallel Arm Lift — Contact Loss,0.6666666666666666,0.0888888888888889,True,False,True
R_H08_C07_F07,diagnosed_LIFT_OBJECT_unanticipated__RQ2_R_H08_C07_F07,H08/C07/F07,Lift Slip — Low Friction Surface,apply_vacuum_assist(),0.7111111111111111,1,0.7111111111111111,Parallel Arm Lift — Contact Loss,0.6666666666666666,0.04444444444444451,True,False,True
R_H08_C07_F08,diagnosed_LIFT_OBJECT_unanticipated__RQ2_R_H08_C07_F08,H08/C07/F08,Lift Slip — Low Friction Surface,apply_vacuum_assist(),0.6713888888888889,1,0.6713888888888889,Parallel Arm Lift — Contact Loss,0.6666666666666666,0.004722222222222294,True,False,True
R_H08_C07_F09,diagnosed_LIFT_OBJECT_unanticipated__RQ2_R_H08_C07_F09,H08/C07/F09,Lift Slip — Low Friction Surface,apply_vacuum_assist(),0.6666666666666666,1,0.6666666666666666,Parallel Arm Lift — Contact Loss,0.6666666666666666,0.0,True,True,True
R_H08_C07_F10,diagnosed_LIFT_OBJECT_unanticipated__RQ2_R_H08_C07_F10,H08/C07/F10,Lift Slip — Low Friction Surface,apply_vacuum_assist(),0.6666666666666666,1,0.6666666666666666,Parallel Arm Lift — Contact Loss,0.6666666666666666,0.0,True,True,True
R_H08_C08_F01,diagnosed_LIFT_OBJECT_unanticipated__RQ2_R_H08_C08_F01,H08/C08/F01,Lift Slip — Low Friction Surface,apply_vacuum_assist(),0.6944444444444443,1,0.6944444444444443,Parallel Arm Lift — Contact Loss,0.6666666666666666,0.02777777777777768,True,False,True
R_H08_C08_F02,diagnosed_LIFT_OBJECT_unanticipated__RQ2_R_H08_C08_F02,H08/C08/F02,Lift Slip — Low Friction Surface,apply_vacuum_assist(),0.75,1,0.75,Parallel Arm Lift — Contact Loss,0.6666666666666666,0.08333333333333337,True,False,True
R_H08_C08_F03,diagnosed_LIFT_OBJECT_unanticipated__RQ2_R_H08_C08_F03,H08/C08/F03,Lift Slip — Low Friction Surface,apply_vacuum_assist(),0.7541666666666668,1,0.7541666666666668,Parallel Arm Lift — Contact Loss,0.6666666666666666,0.08750000000000013,True,False,True
R_H08_C08_F04,diagnosed_LIFT_OBJECT_unanticipated__RQ2_R_H08_C08_F04,H08/C08/F04,Lift Slip — Low Friction Surface,apply_vacuum_assist(),0.7583333333333333,1,0.7583333333333333,Parallel Arm Lift — Contact Loss,0.6666666666666666,0.09166666666666667,True,False,True
R_H08_C08_F05,diagnosed_LIFT_OBJECT_unanticipated__RQ2_R_H08_C08_F05,H08/C08/F05,Lift Slip — Low Friction Surface,apply_vacuum_assist(),0.7777777777777777,1,0.7777777777777777,Parallel Arm Lift — Contact Loss,0.6666666666666666,0.11111111111111105,True,False,True
R_H08_C08_F06,diagnosed_LIFT_OBJECT_unanticipated__RQ2_R_H08_C08_F06,H08/C08/F06,Lift Slip — Low Friction Surface,apply_vacuum_assist(),0.7555555555555555,1,0.7555555555555555,Parallel Arm Lift — Contact Loss,0.6666666666666666,0.0888888888888889,True,False,True
R_H08_C08_F07,diagnosed_LIFT_OBJECT_unanticipated__RQ2_R_H08_C08_F07,H08/C08/F07,Lift Slip — Low Friction Surface,apply_vacuum_assist(),0.7111111111111111,1,0.7111111111111111,Parallel Arm Lift — Contact Loss,0.6666666666666666,0.04444444444444451,True,False,True
R_H08_C08_F08,diagnosed_LIFT_OBJECT_unanticipated__RQ2_R_H08_C08_F08,H08/C08/F08,Lift Slip — Low Friction Surface,apply_vacuum_assist(),0.6713888888888889,1,0.6713888888888889,Parallel Arm Lift — Contact Loss,0.6666666666666666,0.004722222222222294,True,False,True
R_H08_C08_F09,diagnosed_LIFT_OBJECT_unanticipated__RQ2_R_H08_C08_F09,H08/C08/F09,Lift Slip — Low Friction Surface,apply_vacuum_assist(),0.6666666666666666,1,0.6666666666666666,Parallel Arm Lift — Contact Loss,0.6666666666666666,0.0,True,True,True
R_H08_C08_F10,diagnosed_LIFT_OBJECT_unanticipated__RQ2_R_H08_C08_F10,H08/C08/F10,Lift Slip — Low Friction Surface,apply_vacuum_assist(),0.6666666666666666,1,0.6666666666666666,Parallel Arm Lift — Contact Loss,0.6666666666666666,0.0,True,True,True
R_H08_C09_F01,diagnosed_LIFT_OBJECT_unanticipated__RQ2_R_H08_C09_F01,H08/C09/F01,Lift Slip — Low Friction Surface,apply_vacuum_assist(),0.6944444444444443,1,0.6944444444444443,Parallel Arm Lift — Contact Loss,0.6666666666666666,0.02777777777777768,True,False,True
R_H08_C09_F02,diagnosed_LIFT_OBJECT_unanticipated__RQ2_R_H08_C09_F02,H08/C09/F02,Lift Slip — Low Friction Surface,apply_vacuum_assist(),0.75,1,0.75,Parallel Arm Lift — Contact Loss,0.6666666666666666,0.08333333333333337,True,False,True
R_H08_C09_F03,diagnosed_LIFT_OBJECT_unanticipated__RQ2_R_H08_C09_F03,H08/C09/F03,Lift Slip — Low Friction Surface,apply_vacuum_assist(),0.7541666666666668,1,0.7541666666666668,Parallel Arm Lift — Contact Loss,0.6666666666666666,0.08750000000000013,True,False,True
R_H08_C09_F04,diagnosed_LIFT_OBJECT_unanticipated__RQ2_R_H08_C09_F04,H08/C09/F04,Lift Slip — Low Friction Surface,apply_vacuum_assist(),0.7583333333333333,1,0.7583333333333333,Parallel Arm Lift — Contact Loss,0.6666666666666666,0.09166666666666667,True,False,True
R_H08_C09_F05,diagnosed_LIFT_OBJECT_unanticipated__RQ2_R_H08_C09_F05,H08/C09/F05,Lift Slip — Low Friction Surface,apply_vacuum_assist(),0.7777777777777777,1,0.7777777777777777,Parallel Arm Lift — Contact Loss,0.6666666666666666,0.11111111111111105,True,False,True
R_H08_C09_F06,diagnosed_LIFT_OBJECT_unanticipated__RQ2_R_H08_C09_F06,H08/C09/F06,Lift Slip — Low Friction Surface,apply_vacuum_assist(),0.7555555555555555,1,0.7555555555555555,Parallel Arm Lift — Contact Loss,0.6666666666666666,0.0888888888888889,True,False,True
R_H08_C09_F07,diagnosed_LIFT_OBJECT_unanticipated__RQ2_R_H08_C09_F07,H08/C09/F07,Lift Slip — Low Friction Surface,apply_vacuum_assist(),0.7111111111111111,1,0.7111111111111111,Parallel Arm Lift — Contact Loss,0.6666666666666666,0.04444444444444451,True,False,True
R_H08_C09_F08,diagnosed_LIFT_OBJECT_unanticipated__RQ2_R_H08_C09_F08,H08/C09/F08,Lift Slip — Low Friction Surface,apply_vacuum_assist(),0.6713888888888889,1,0.6713888888888889,Parallel Arm Lift — Contact Loss,0.6666666666666666,0.004722222222222294,True,False,True
R_H08_C09_F09,diagnosed_LIFT_OBJECT_unanticipated__RQ2_R_H08_C09_F09,H08/C09/F09,Lift Slip — Low Friction Surface,apply_vacuum_assist(),0.6666666666666666,1,0.6666666666666666,Parallel Arm Lift — Contact Loss,0.6666666666666666,0.0,True,True,True
R_H08_C09_F10,diagnosed_LIFT_OBJECT_unanticipated__RQ2_R_H08_C09_F10,H08/C09/F10,Lift Slip — Low Friction Surface,apply_vacuum_assist(),0.6666666666666666,1,0.6666666666666666,Parallel Arm Lift — Contact Loss,0.6666666666666666,0.0,True,True,True
R_H08_C10_F01,diagnosed_LIFT_OBJECT_unanticipated__RQ2_R_H08_C10_F01,H08/C10/F01,Lift Slip — Low Friction Surface,apply_vacuum_assist(),0.6944444444444443,1,0.6944444444444443,Parallel Arm Lift — Contact Loss,0.6666666666666666,0.02777777777777768,True,False,True
R_H08_C10_F02,diagnosed_LIFT_OBJECT_unanticipated__RQ2_R_H08_C10_F02,H08/C10/F02,Lift Slip — Low Friction Surface,apply_vacuum_assist(),0.75,1,0.75,Parallel Arm Lift — Contact Loss,0.6666666666666666,0.08333333333333337,True,False,True
R_H08_C10_F03,diagnosed_LIFT_OBJECT_unanticipated__RQ2_R_H08_C10_F03,H08/C10/F03,Lift Slip — Low Friction Surface,apply_vacuum_assist(),0.7541666666666668,1,0.7541666666666668,Parallel Arm Lift — Contact Loss,0.6666666666666666,0.08750000000000013,True,False,True
R_H08_C10_F04,diagnosed_LIFT_OBJECT_unanticipated__RQ2_R_H08_C10_F04,H08/C10/F04,Lift Slip — Low Friction Surface,apply_vacuum_assist(),0.7583333333333333,1,0.7583333333333333,Parallel Arm Lift — Contact Loss,0.6666666666666666,0.09166666666666667,True,False,True
R_H08_C10_F05,diagnosed_LIFT_OBJECT_unanticipated__RQ2_R_H08_C10_F05,H08/C10/F05,Lift Slip — Low Friction Surface,apply_vacuum_assist(),0.7777777777777777,1,0.7777777777777777,Parallel Arm Lift — Contact Loss,0.6666666666666666,0.11111111111111105,True,False,True
R_H08_C10_F06,diagnosed_LIFT_OBJECT_unanticipated__RQ2_R_H08_C10_F06,H08/C10/F06,Lift Slip — Low Friction Surface,apply_vacuum_assist(),0.7555555555555555,1,0.7555555555555555,Parallel Arm Lift — Contact Loss,0.6666666666666666,0.0888888888888889,True,False,True
R_H08_C10_F07,diagnosed_LIFT_OBJECT_unanticipated__RQ2_R_H08_C10_F07,H08/C10/F07,Lift Slip — Low Friction Surface,apply_vacuum_assist(),0.7111111111111111,1,0.7111111111111111,Parallel Arm Lift — Contact Loss,0.6666666666666666,0.04444444444444451,True,False,True
R_H08_C10_F08,diagnosed_LIFT_OBJECT_unanticipated__RQ2_R_H08_C10_F08,H08/C10/F08,Lift Slip — Low Friction Surface,apply_vacuum_assist(),0.6713888888888889,1,0.6713888888888889,Parallel Arm Lift — Contact Loss,0.6666666666666666,0.004722222222222294,True,False,True
R_H08_C10_F09,diagnosed_LIFT_OBJECT_unanticipated__RQ2_R_H08_C10_F09,H08/C10/F09,Lift Slip — Low Friction Surface,apply_vacuum_assist(),0.6666666666666666,1,0.6666666666666666,Parallel Arm Lift — Contact Loss,0.6666666666666666,0.0,True,True,True
R_H08_C10_F10,diagnosed_LIFT_OBJECT_unanticipated__RQ2_R_H08_C10_F10,H08/C10/F10,Lift Slip — Low Friction Surface,apply_vacuum_assist(),0.6666666666666666,1,0.6666666666666666,Parallel Arm Lift — Contact Loss,0.6666666666666666,0.0,True,True,True
R_H09_C01_F01,diagnosed_LIFT_OBJECT_unanticipated__RQ2_R_H09_C01_F01,H09/C01/F01,Lift Slip — Low Friction Surface,apply_vacuum_assist(),0.6944444444444443,1,0.6944444444444443,Parallel Arm Lift — Contact Loss,0.6666666666666666,0.02777777777777768,True,False,True
R_H09_C01_F02,diagnosed_LIFT_OBJECT_unanticipated__RQ2_R_H09_C01_F02,H09/C01/F02,Lift Slip — Low Friction Surface,apply_vacuum_assist(),0.75,1,0.75,Parallel Arm Lift — Contact Loss,0.6666666666666666,0.08333333333333337,True,False,True
R_H09_C01_F03,diagnosed_LIFT_OBJECT_unanticipated__RQ2_R_H09_C01_F03,H09/C01/F03,Lift Slip — Low Friction Surface,apply_vacuum_assist(),0.7541666666666668,1,0.7541666666666668,Parallel Arm Lift — Contact Loss,0.6666666666666666,0.08750000000000013,True,False,True
R_H09_C01_F04,diagnosed_LIFT_OBJECT_unanticipated__RQ2_R_H09_C01_F04,H09/C01/F04,Lift Slip — Low Friction Surface,apply_vacuum_assist(),0.7583333333333333,1,0.7583333333333333,Parallel Arm Lift — Contact Loss,0.6666666666666666,0.09166666666666667,True,False,True
R_H09_C01_F05,diagnosed_LIFT_OBJECT_unanticipated__RQ2_R_H09_C01_F05,H09/C01/F05,Lift Slip — Low Friction Surface,apply_vacuum_assist(),0.7777777777777777,1,0.7777777777777777,Parallel Arm Lift — Contact Loss,0.6666666666666666,0.11111111111111105,True,False,True
R_H09_C01_F06,diagnosed_LIFT_OBJECT_unanticipated__RQ2_R_H09_C01_F06,H09/C01/F06,Lift Slip — Low Friction Surface,apply_vacuum_assist(),0.7555555555555555,1,0.7555555555555555,Parallel Arm Lift — Contact Loss,0.6666666666666666,0.0888888888888889,True,False,True
R_H09_C01_F07,diagnosed_LIFT_OBJECT_unanticipated__RQ2_R_H09_C01_F07,H09/C01/F07,Lift Slip — Low Friction Surface,apply_vacuum_assist(),0.7111111111111111,1,0.7111111111111111,Parallel Arm Lift — Contact Loss,0.6666666666666666,0.04444444444444451,True,False,True
R_H09_C01_F08,diagnosed_LIFT_OBJECT_unanticipated__RQ2_R_H09_C01_F08,H09/C01/F08,Lift Slip — Low Friction Surface,apply_vacuum_assist(),0.6713888888888889,1,0.6713888888888889,Parallel Arm Lift — Contact Loss,0.6666666666666666,0.004722222222222294,True,False,True
R_H09_C01_F09,diagnosed_LIFT_OBJECT_unanticipated__RQ2_R_H09_C01_F09,H09/C01/F09,Lift Slip — Low Friction Surface,apply_vacuum_assist(),0.6666666666666666,1,0.6666666666666666,Parallel Arm Lift — Contact Loss,0.6666666666666666,0.0,True,True,True
R_H09_C01_F10,diagnosed_LIFT_OBJECT_unanticipated__RQ2_R_H09_C01_F10,H09/C01/F10,Lift Slip — Low Friction Surface,apply_vacuum_assist(),0.6666666666666666,1,0.6666666666666666,Parallel Arm Lift — Contact Loss,0.6666666666666666,0.0,True,True,True
R_H09_C02_F01,diagnosed_LIFT_OBJECT_unanticipated__RQ2_R_H09_C02_F01,H09/C02/F01,Lift Slip — Low Friction Surface,apply_vacuum_assist(),0.8055555555555557,1,0.8055555555555557,Parallel Arm Lift — Contact Loss,0.7298850574712644,0.07567049808429127,True,False,True
R_H09_C02_F02,diagnosed_LIFT_OBJECT_unanticipated__RQ2_R_H09_C02_F02,H09/C02/F02,Lift Slip — Low Friction Surface,apply_vacuum_assist(),0.8611111111111112,1,0.8611111111111112,Parallel Arm Lift — Contact Loss,0.7298850574712644,0.13122605363984674,True,False,True
R_H09_C02_F03,diagnosed_LIFT_OBJECT_unanticipated__RQ2_R_H09_C02_F03,H09/C02/F03,Lift Slip — Low Friction Surface,apply_vacuum_assist(),0.8652777777777777,1,0.8652777777777777,Parallel Arm Lift — Contact Loss,0.7298850574712644,0.13539272030651328,True,False,True
R_H09_C02_F04,diagnosed_LIFT_OBJECT_unanticipated__RQ2_R_H09_C02_F04,H09/C02/F04,Lift Slip — Low Friction Surface,apply_vacuum_assist(),0.8694444444444445,1,0.8694444444444445,Parallel Arm Lift — Contact Loss,0.7298850574712644,0.13955938697318004,True,False,True
R_H09_C02_F05,diagnosed_LIFT_OBJECT_unanticipated__RQ2_R_H09_C02_F05,H09/C02/F05,Lift Slip — Low Friction Surface,apply_vacuum_assist(),0.8888888888888888,1,0.8888888888888888,Parallel Arm Lift — Contact Loss,0.7298850574712644,0.15900383141762442,True,False,True
R_H09_C02_F06,diagnosed_LIFT_OBJECT_unanticipated__RQ2_R_H09_C02_F06,H09/C02/F06,Lift Slip — Low Friction Surface,apply_vacuum_assist(),0.8666666666666667,1,0.8666666666666667,Parallel Arm Lift — Contact Loss,0.7298850574712644,0.13678160919540228,True,False,True
R_H09_C02_F07,diagnosed_LIFT_OBJECT_unanticipated__RQ2_R_H09_C02_F07,H09/C02/F07,Lift Slip — Low Friction Surface,apply_vacuum_assist(),0.8222222222222223,1,0.8222222222222223,Parallel Arm Lift — Contact Loss,0.7298850574712644,0.09233716475095788,True,False,True
R_H09_C02_F08,diagnosed_LIFT_OBJECT_unanticipated__RQ2_R_H09_C02_F08,H09/C02/F08,Lift Slip — Low Friction Surface,apply_vacuum_assist(),0.7825000000000001,1,0.7825000000000001,Parallel Arm Lift — Contact Loss,0.7298850574712644,0.052614942528735664,True,False,True
R_H09_C02_F09,diagnosed_LIFT_OBJECT_unanticipated__RQ2_R_H09_C02_F09,H09/C02/F09,Lift Slip — Low Friction Surface,apply_vacuum_assist(),0.7777777777777777,1,0.7777777777777777,Parallel Arm Lift — Contact Loss,0.7298850574712644,0.04789272030651326,True,False,True
R_H09_C02_F10,diagnosed_LIFT_OBJECT_unanticipated__RQ2_R_H09_C02_F10,H09/C02/F10,Lift Slip — Low Friction Surface,apply_vacuum_assist(),0.7777777777777777,1,0.7777777777777777,Parallel Arm Lift — Contact Loss,0.7298850574712644,0.04789272030651326,True,False,True
R_H09_C03_F01,diagnosed_LIFT_OBJECT_unanticipated__RQ2_R_H09_C03_F01,H09/C03/F01,Lift Slip — Low Friction Surface,apply_vacuum_assist(),0.75,1,0.75,Parallel Arm Lift — Contact Loss,0.6666666666666666,0.08333333333333337,True,False,True
R_H09_C03_F02,diagnosed_LIFT_OBJECT_unanticipated__RQ2_R_H09_C03_F02,H09/C03/F02,Lift Slip — Low Friction Surface,apply_vacuum_assist(),0.8055555555555557,1,0.8055555555555557,Parallel Arm Lift — Contact Loss,0.6666666666666666,0.13888888888888906,True,False,True
R_H09_C03_F03,diagnosed_LIFT_OBJECT_unanticipated__RQ2_R_H09_C03_F03,H09/C03/F03,Lift Slip — Low Friction Surface,apply_vacuum_assist(),0.8097222222222222,1,0.8097222222222222,Parallel Arm Lift — Contact Loss,0.6666666666666666,0.1430555555555556,True,False,True
R_H09_C03_F04,diagnosed_LIFT_OBJECT_unanticipated__RQ2_R_H09_C03_F04,H09/C03/F04,Lift Slip — Low Friction Surface,apply_vacuum_assist(),0.8138888888888888,1,0.8138888888888888,Parallel Arm Lift — Contact Loss,0.6666666666666666,0.14722222222222214,True,False,True
R_H09_C03_F05,diagnosed_LIFT_OBJECT_unanticipated__RQ2_R_H09_C03_F05,H09/C03/F05,Lift Slip — Low Friction Surface,apply_vacuum_assist(),0.8333333333333334,1,0.8333333333333334,Parallel Arm Lift — Contact Loss,0.6666666666666666,0.16666666666666674,True,False,True
R_H09_C03_F06,diagnosed_LIFT_OBJECT_unanticipated__RQ2_R_H09_C03_F06,H09/C03/F06,Lift Slip — Low Friction Surface,apply_vacuum_assist(),0.8111111111111112,1,0.8111111111111112,Parallel Arm Lift — Contact Loss,0.6666666666666666,0.1444444444444446,True,False,True
R_H09_C03_F07,diagnosed_LIFT_OBJECT_unanticipated__RQ2_R_H09_C03_F07,H09/C03/F07,Lift Slip — Low Friction Surface,apply_vacuum_assist(),0.7666666666666666,1,0.7666666666666666,Parallel Arm Lift — Contact Loss,0.6666666666666666,0.09999999999999998,True,False,True
R_H09_C03_F08,diagnosed_LIFT_OBJECT_unanticipated__RQ2_R_H09_C03_F08,H09/C03/F08,Lift Slip — Low Friction Surface,apply_vacuum_assist(),0.7269444444444444,1,0.7269444444444444,Parallel Arm Lift — Contact Loss,0.6666666666666666,0.06027777777777776,True,False,True
R_H09_C03_F09,diagnosed_LIFT_OBJECT_unanticipated__RQ2_R_H09_C03_F09,H09/C03/F09,Lift Slip — Low Friction Surface,apply_vacuum_assist(),0.7222222222222223,1,0.7222222222222223,Parallel Arm Lift — Contact Loss,0.6666666666666666,0.05555555555555569,True,False,True
R_H09_C03_F10,diagnosed_LIFT_OBJECT_unanticipated__RQ2_R_H09_C03_F10,H09/C03/F10,Lift Slip — Low Friction Surface,apply_vacuum_assist(),0.7222222222222223,1,0.7222222222222223,Parallel Arm Lift — Contact Loss,0.6666666666666666,0.05555555555555569,True,False,True
R_H09_C04_F01,diagnosed_LIFT_OBJECT_unanticipated__RQ2_R_H09_C04_F01,H09/C04/F01,Lift Slip — Low Friction Surface,apply_vacuum_assist(),0.731481111111111,1,0.731481111111111,Parallel Arm Lift — Contact Loss,0.6666666666666666,0.0648144444444444,True,False,True
R_H09_C04_F02,diagnosed_LIFT_OBJECT_unanticipated__RQ2_R_H09_C04_F02,H09/C04/F02,Lift Slip — Low Friction Surface,apply_vacuum_assist(),0.7870366666666667,1,0.7870366666666667,Parallel Arm Lift — Contact Loss,0.6666666666666666,0.12037000000000009,True,False,True
R_H09_C04_F03,diagnosed_LIFT_OBJECT_unanticipated__RQ2_R_H09_C04_F03,H09/C04/F03,Lift Slip — Low Friction Surface,apply_vacuum_assist(),0.7912033333333334,1,0.7912033333333334,Parallel Arm Lift — Contact Loss,0.6666666666666666,0.12453666666666674,True,False,True
R_H09_C04_F04,diagnosed_LIFT_OBJECT_unanticipated__RQ2_R_H09_C04_F04,H09/C04/F04,Lift Slip — Low Friction Surface,apply_vacuum_assist(),0.79537,1,0.79537,Parallel Arm Lift — Contact Loss,0.6666666666666666,0.1287033333333334,True,False,True
R_H09_C04_F05,diagnosed_LIFT_OBJECT_unanticipated__RQ2_R_H09_C04_F05,H09/C04/F05,Lift Slip — Low Friction Surface,apply_vacuum_assist(),0.8148144444444444,1,0.8148144444444444,Parallel Arm Lift — Contact Loss,0.6666666666666666,0.14814777777777777,True,False,True
R_H09_C04_F06,diagnosed_LIFT_OBJECT_unanticipated__RQ2_R_H09_C04_F06,H09/C04/F06,Lift Slip — Low Friction Surface,apply_vacuum_assist(),0.7925922222222223,1,0.7925922222222223,Parallel Arm Lift — Contact Loss,0.6666666666666666,0.12592555555555562,True,False,True
R_H09_C04_F07,diagnosed_LIFT_OBJECT_unanticipated__RQ2_R_H09_C04_F07,H09/C04/F07,Lift Slip — Low Friction Surface,apply_vacuum_assist(),0.7481477777777777,1,0.7481477777777777,Parallel Arm Lift — Contact Loss,0.6666666666666666,0.08148111111111112,True,False,True
R_H09_C04_F08,diagnosed_LIFT_OBJECT_unanticipated__RQ2_R_H09_C04_F08,H09/C04/F08,Lift Slip — Low Friction Surface,apply_vacuum_assist(),0.7084255555555555,1,0.7084255555555555,Parallel Arm Lift — Contact Loss,0.6666666666666666,0.0417588888888889,True,False,True
R_H09_C04_F09,diagnosed_LIFT_OBJECT_unanticipated__RQ2_R_H09_C04_F09,H09/C04/F09,Lift Slip — Low Friction Surface,apply_vacuum_assist(),0.7037033333333333,1,0.7037033333333333,Parallel Arm Lift — Contact Loss,0.6666666666666666,0.03703666666666672,True,False,True
R_H09_C04_F10,diagnosed_LIFT_OBJECT_unanticipated__RQ2_R_H09_C04_F10,H09/C04/F10,Lift Slip — Low Friction Surface,apply_vacuum_assist(),0.7037033333333333,1,0.7037033333333333,Parallel Arm Lift — Contact Loss,0.6666666666666666,0.03703666666666672,True,False,True
R_H09_C05_F01,diagnosed_LIFT_OBJECT_unanticipated__RQ2_R_H09_C05_F01,H09/C05/F01,Lift Slip — Low Friction Surface,apply_vacuum_assist(),0.7222222222222223,1,0.7222222222222223,Parallel Arm Lift — Contact Loss,0.6666666666666666,0.05555555555555569,True,False,True
R_H09_C05_F02,diagnosed_LIFT_OBJECT_unanticipated__RQ2_R_H09_C05_F02,H09/C05/F02,Lift Slip — Low Friction Surface,apply_vacuum_assist(),0.7777777777777777,1,0.7777777777777777,Parallel Arm Lift — Contact Loss,0.6666666666666666,0.11111111111111105,True,False,True
R_H09_C05_F03,diagnosed_LIFT_OBJECT_unanticipated__RQ2_R_H09_C05_F03,H09/C05/F03,Lift Slip — Low Friction Surface,apply_vacuum_assist(),0.7819444444444444,1,0.7819444444444444,Parallel Arm Lift — Contact Loss,0.6666666666666666,0.11527777777777781,True,False,True
R_H09_C05_F04,diagnosed_LIFT_OBJECT_unanticipated__RQ2_R_H09_C05_F04,H09/C05/F04,Lift Slip — Low Friction Surface,apply_vacuum_assist(),0.7861111111111111,1,0.7861111111111111,Parallel Arm Lift — Contact Loss,0.6666666666666666,0.11944444444444446,True,False,True
R_H09_C05_F05,diagnosed_LIFT_OBJECT_unanticipated__RQ2_R_H09_C05_F05,H09/C05/F05,Lift Slip — Low Friction Surface,apply_vacuum_assist(),0.8055555555555557,1,0.8055555555555557,Parallel Arm Lift — Contact Loss,0.6666666666666666,0.13888888888888906,True,False,True
R_H09_C05_F06,diagnosed_LIFT_OBJECT_unanticipated__RQ2_R_H09_C05_F06,H09/C05/F06,Lift Slip — Low Friction Surface,apply_vacuum_assist(),0.7833333333333333,1,0.7833333333333333,Parallel Arm Lift — Contact Loss,0.6666666666666666,0.1166666666666667,True,False,True
R_H09_C05_F07,diagnosed_LIFT_OBJECT_unanticipated__RQ2_R_H09_C05_F07,H09/C05/F07,Lift Slip — Low Friction Surface,apply_vacuum_assist(),0.7388888888888889,1,0.7388888888888889,Parallel Arm Lift — Contact Loss,0.6666666666666666,0.0722222222222223,True,False,True
R_H09_C05_F08,diagnosed_LIFT_OBJECT_unanticipated__RQ2_R_H09_C05_F08,H09/C05/F08,Lift Slip — Low Friction Surface,apply_vacuum_assist(),0.6991666666666667,1,0.6991666666666667,Parallel Arm Lift — Contact Loss,0.6666666666666666,0.032500000000000084,True,False,True
R_H09_C05_F09,diagnosed_LIFT_OBJECT_unanticipated__RQ2_R_H09_C05_F09,H09/C05/F09,Lift Slip — Low Friction Surface,apply_vacuum_assist(),0.6944444444444443,1,0.6944444444444443,Parallel Arm Lift — Contact Loss,0.6666666666666666,0.02777777777777768,True,False,True
R_H09_C05_F10,diagnosed_LIFT_OBJECT_unanticipated__RQ2_R_H09_C05_F10,H09/C05/F10,Lift Slip — Low Friction Surface,apply_vacuum_assist(),0.6944444444444443,1,0.6944444444444443,Parallel Arm Lift — Contact Loss,0.6666666666666666,0.02777777777777768,True,False,True
R_H09_C06_F01,diagnosed_LIFT_OBJECT_unanticipated__RQ2_R_H09_C06_F01,H09/C06/F01,Lift Slip — Low Friction Surface,apply_vacuum_assist(),0.6944444444444443,1,0.6944444444444443,Parallel Arm Lift — Contact Loss,0.6666666666666666,0.02777777777777768,True,False,True
R_H09_C06_F02,diagnosed_LIFT_OBJECT_unanticipated__RQ2_R_H09_C06_F02,H09/C06/F02,Lift Slip — Low Friction Surface,apply_vacuum_assist(),0.75,1,0.75,Parallel Arm Lift — Contact Loss,0.6666666666666666,0.08333333333333337,True,False,True
R_H09_C06_F03,diagnosed_LIFT_OBJECT_unanticipated__RQ2_R_H09_C06_F03,H09/C06/F03,Lift Slip — Low Friction Surface,apply_vacuum_assist(),0.7541666666666668,1,0.7541666666666668,Parallel Arm Lift — Contact Loss,0.6666666666666666,0.08750000000000013,True,False,True
R_H09_C06_F04,diagnosed_LIFT_OBJECT_unanticipated__RQ2_R_H09_C06_F04,H09/C06/F04,Lift Slip — Low Friction Surface,apply_vacuum_assist(),0.7583333333333333,1,0.7583333333333333,Parallel Arm Lift — Contact Loss,0.6666666666666666,0.09166666666666667,True,False,True
R_H09_C06_F05,diagnosed_LIFT_OBJECT_unanticipated__RQ2_R_H09_C06_F05,H09/C06/F05,Lift Slip — Low Friction Surface,apply_vacuum_assist(),0.7777777777777777,1,0.7777777777777777,Parallel Arm Lift — Contact Loss,0.6666666666666666,0.11111111111111105,True,False,True
R_H09_C06_F06,diagnosed_LIFT_OBJECT_unanticipated__RQ2_R_H09_C06_F06,H09/C06/F06,Lift Slip — Low Friction Surface,apply_vacuum_assist(),0.7555555555555555,1,0.7555555555555555,Parallel Arm Lift — Contact Loss,0.6666666666666666,0.0888888888888889,True,False,True
R_H09_C06_F07,diagnosed_LIFT_OBJECT_unanticipated__RQ2_R_H09_C06_F07,H09/C06/F07,Lift Slip — Low Friction Surface,apply_vacuum_assist(),0.7111111111111111,1,0.7111111111111111,Parallel Arm Lift — Contact Loss,0.6666666666666666,0.04444444444444451,True,False,True
R_H09_C06_F08,diagnosed_LIFT_OBJECT_unanticipated__RQ2_R_H09_C06_F08,H09/C06/F08,Lift Slip — Low Friction Surface,apply_vacuum_assist(),0.6713888888888889,1,0.6713888888888889,Parallel Arm Lift — Contact Loss,0.6666666666666666,0.004722222222222294,True,False,True
R_H09_C06_F09,diagnosed_LIFT_OBJECT_unanticipated__RQ2_R_H09_C06_F09,H09/C06/F09,Lift Slip — Low Friction Surface,apply_vacuum_assist(),0.6666666666666666,1,0.6666666666666666,Parallel Arm Lift — Contact Loss,0.6666666666666666,0.0,True,True,True
R_H09_C06_F10,diagnosed_LIFT_OBJECT_unanticipated__RQ2_R_H09_C06_F10,H09/C06/F10,Lift Slip — Low Friction Surface,apply_vacuum_assist(),0.6666666666666666,1,0.6666666666666666,Parallel Arm Lift — Contact Loss,0.6666666666666666,0.0,True,True,True
R_H09_C07_F01,diagnosed_LIFT_OBJECT_unanticipated__RQ2_R_H09_C07_F01,H09/C07/F01,Lift Slip — Low Friction Surface,apply_vacuum_assist(),0.6944444444444443,1,0.6944444444444443,Parallel Arm Lift — Contact Loss,0.6666666666666666,0.02777777777777768,True,False,True
R_H09_C07_F02,diagnosed_LIFT_OBJECT_unanticipated__RQ2_R_H09_C07_F02,H09/C07/F02,Lift Slip — Low Friction Surface,apply_vacuum_assist(),0.75,1,0.75,Parallel Arm Lift — Contact Loss,0.6666666666666666,0.08333333333333337,True,False,True
R_H09_C07_F03,diagnosed_LIFT_OBJECT_unanticipated__RQ2_R_H09_C07_F03,H09/C07/F03,Lift Slip — Low Friction Surface,apply_vacuum_assist(),0.7541666666666668,1,0.7541666666666668,Parallel Arm Lift — Contact Loss,0.6666666666666666,0.08750000000000013,True,False,True
R_H09_C07_F04,diagnosed_LIFT_OBJECT_unanticipated__RQ2_R_H09_C07_F04,H09/C07/F04,Lift Slip — Low Friction Surface,apply_vacuum_assist(),0.7583333333333333,1,0.7583333333333333,Parallel Arm Lift — Contact Loss,0.6666666666666666,0.09166666666666667,True,False,True
R_H09_C07_F05,diagnosed_LIFT_OBJECT_unanticipated__RQ2_R_H09_C07_F05,H09/C07/F05,Lift Slip — Low Friction Surface,apply_vacuum_assist(),0.7777777777777777,1,0.7777777777777777,Parallel Arm Lift — Contact Loss,0.6666666666666666,0.11111111111111105,True,False,True
R_H09_C07_F06,diagnosed_LIFT_OBJECT_unanticipated__RQ2_R_H09_C07_F06,H09/C07/F06,Lift Slip — Low Friction Surface,apply_vacuum_assist(),0.7555555555555555,1,0.7555555555555555,Parallel Arm Lift — Contact Loss,0.6666666666666666,0.0888888888888889,True,False,True
R_H09_C07_F07,diagnosed_LIFT_OBJECT_unanticipated__RQ2_R_H09_C07_F07,H09/C07/F07,Lift Slip — Low Friction Surface,apply_vacuum_assist(),0.7111111111111111,1,0.7111111111111111,Parallel Arm Lift — Contact Loss,0.6666666666666666,0.04444444444444451,True,False,True
R_H09_C07_F08,diagnosed_LIFT_OBJECT_unanticipated__RQ2_R_H09_C07_F08,H09/C07/F08,Lift Slip — Low Friction Surface,apply_vacuum_assist(),0.6713888888888889,1,0.6713888888888889,Parallel Arm Lift — Contact Loss,0.6666666666666666,0.004722222222222294,True,False,True
R_H09_C07_F09,diagnosed_LIFT_OBJECT_unanticipated__RQ2_R_H09_C07_F09,H09/C07/F09,Lift Slip — Low Friction Surface,apply_vacuum_assist(),0.6666666666666666,1,0.6666666666666666,Parallel Arm Lift — Contact Loss,0.6666666666666666,0.0,True,True,True
R_H09_C07_F10,diagnosed_LIFT_OBJECT_unanticipated__RQ2_R_H09_C07_F10,H09/C07/F10,Lift Slip — Low Friction Surface,apply_vacuum_assist(),0.6666666666666666,1,0.6666666666666666,Parallel Arm Lift — Contact Loss,0.6666666666666666,0.0,True,True,True
R_H09_C08_F01,diagnosed_LIFT_OBJECT_unanticipated__RQ2_R_H09_C08_F01,H09/C08/F01,Lift Slip — Low Friction Surface,apply_vacuum_assist(),0.6944444444444443,1,0.6944444444444443,Parallel Arm Lift — Contact Loss,0.6666666666666666,0.02777777777777768,True,False,True
R_H09_C08_F02,diagnosed_LIFT_OBJECT_unanticipated__RQ2_R_H09_C08_F02,H09/C08/F02,Lift Slip — Low Friction Surface,apply_vacuum_assist(),0.75,1,0.75,Parallel Arm Lift — Contact Loss,0.6666666666666666,0.08333333333333337,True,False,True
R_H09_C08_F03,diagnosed_LIFT_OBJECT_unanticipated__RQ2_R_H09_C08_F03,H09/C08/F03,Lift Slip — Low Friction Surface,apply_vacuum_assist(),0.7541666666666668,1,0.7541666666666668,Parallel Arm Lift — Contact Loss,0.6666666666666666,0.08750000000000013,True,False,True
R_H09_C08_F04,diagnosed_LIFT_OBJECT_unanticipated__RQ2_R_H09_C08_F04,H09/C08/F04,Lift Slip — Low Friction Surface,apply_vacuum_assist(),0.7583333333333333,1,0.7583333333333333,Parallel Arm Lift — Contact Loss,0.6666666666666666,0.09166666666666667,True,False,True
R_H09_C08_F05,diagnosed_LIFT_OBJECT_unanticipated__RQ2_R_H09_C08_F05,H09/C08/F05,Lift Slip — Low Friction Surface,apply_vacuum_assist(),0.7777777777777777,1,0.7777777777777777,Parallel Arm Lift — Contact Loss,0.6666666666666666,0.11111111111111105,True,False,True
R_H09_C08_F06,diagnosed_LIFT_OBJECT_unanticipated__RQ2_R_H09_C08_F06,H09/C08/F06,Lift Slip — Low Friction Surface,apply_vacuum_assist(),0.7555555555555555,1,0.7555555555555555,Parallel Arm Lift — Contact Loss,0.6666666666666666,0.0888888888888889,True,False,True
R_H09_C08_F07,diagnosed_LIFT_OBJECT_unanticipated__RQ2_R_H09_C08_F07,H09/C08/F07,Lift Slip — Low Friction Surface,apply_vacuum_assist(),0.7111111111111111,1,0.7111111111111111,Parallel Arm Lift — Contact Loss,0.6666666666666666,0.04444444444444451,True,False,True
R_H09_C08_F08,diagnosed_LIFT_OBJECT_unanticipated__RQ2_R_H09_C08_F08,H09/C08/F08,Lift Slip — Low Friction Surface,apply_vacuum_assist(),0.6713888888888889,1,0.6713888888888889,Parallel Arm Lift — Contact Loss,0.6666666666666666,0.004722222222222294,True,False,True
R_H09_C08_F09,diagnosed_LIFT_OBJECT_unanticipated__RQ2_R_H09_C08_F09,H09/C08/F09,Lift Slip — Low Friction Surface,apply_vacuum_assist(),0.6666666666666666,1,0.6666666666666666,Parallel Arm Lift — Contact Loss,0.6666666666666666,0.0,True,True,True
R_H09_C08_F10,diagnosed_LIFT_OBJECT_unanticipated__RQ2_R_H09_C08_F10,H09/C08/F10,Lift Slip — Low Friction Surface,apply_vacuum_assist(),0.6666666666666666,1,0.6666666666666666,Parallel Arm Lift — Contact Loss,0.6666666666666666,0.0,True,True,True
R_H09_C09_F01,diagnosed_LIFT_OBJECT_unanticipated__RQ2_R_H09_C09_F01,H09/C09/F01,Lift Slip — Low Friction Surface,apply_vacuum_assist(),0.6944444444444443,1,0.6944444444444443,Parallel Arm Lift — Contact Loss,0.6666666666666666,0.02777777777777768,True,False,True
R_H09_C09_F02,diagnosed_LIFT_OBJECT_unanticipated__RQ2_R_H09_C09_F02,H09/C09/F02,Lift Slip — Low Friction Surface,apply_vacuum_assist(),0.75,1,0.75,Parallel Arm Lift — Contact Loss,0.6666666666666666,0.08333333333333337,True,False,True
R_H09_C09_F03,diagnosed_LIFT_OBJECT_unanticipated__RQ2_R_H09_C09_F03,H09/C09/F03,Lift Slip — Low Friction Surface,apply_vacuum_assist(),0.7541666666666668,1,0.7541666666666668,Parallel Arm Lift — Contact Loss,0.6666666666666666,0.08750000000000013,True,False,True
R_H09_C09_F04,diagnosed_LIFT_OBJECT_unanticipated__RQ2_R_H09_C09_F04,H09/C09/F04,Lift Slip — Low Friction Surface,apply_vacuum_assist(),0.7583333333333333,1,0.7583333333333333,Parallel Arm Lift — Contact Loss,0.6666666666666666,0.09166666666666667,True,False,True
R_H09_C09_F05,diagnosed_LIFT_OBJECT_unanticipated__RQ2_R_H09_C09_F05,H09/C09/F05,Lift Slip — Low Friction Surface,apply_vacuum_assist(),0.7777777777777777,1,0.7777777777777777,Parallel Arm Lift — Contact Loss,0.6666666666666666,0.11111111111111105,True,False,True
R_H09_C09_F06,diagnosed_LIFT_OBJECT_unanticipated__RQ2_R_H09_C09_F06,H09/C09/F06,Lift Slip — Low Friction Surface,apply_vacuum_assist(),0.7555555555555555,1,0.7555555555555555,Parallel Arm Lift — Contact Loss,0.6666666666666666,0.0888888888888889,True,False,True
R_H09_C09_F07,diagnosed_LIFT_OBJECT_unanticipated__RQ2_R_H09_C09_F07,H09/C09/F07,Lift Slip — Low Friction Surface,apply_vacuum_assist(),0.7111111111111111,1,0.7111111111111111,Parallel Arm Lift — Contact Loss,0.6666666666666666,0.04444444444444451,True,False,True
R_H09_C09_F08,diagnosed_LIFT_OBJECT_unanticipated__RQ2_R_H09_C09_F08,H09/C09/F08,Lift Slip — Low Friction Surface,apply_vacuum_assist(),0.6713888888888889,1,0.6713888888888889,Parallel Arm Lift — Contact Loss,0.6666666666666666,0.004722222222222294,True,False,True
R_H09_C09_F09,diagnosed_LIFT_OBJECT_unanticipated__RQ2_R_H09_C09_F09,H09/C09/F09,Lift Slip — Low Friction Surface,apply_vacuum_assist(),0.6666666666666666,1,0.6666666666666666,Parallel Arm Lift — Contact Loss,0.6666666666666666,0.0,True,True,True
R_H09_C09_F10,diagnosed_LIFT_OBJECT_unanticipated__RQ2_R_H09_C09_F10,H09/C09/F10,Lift Slip — Low Friction Surface,apply_vacuum_assist(),0.6666666666666666,1,0.6666666666666666,Parallel Arm Lift — Contact Loss,0.6666666666666666,0.0,True,True,True
R_H09_C10_F01,diagnosed_LIFT_OBJECT_unanticipated__RQ2_R_H09_C10_F01,H09/C10/F01,Lift Slip — Low Friction Surface,apply_vacuum_assist(),0.6944444444444443,1,0.6944444444444443,Parallel Arm Lift — Contact Loss,0.6666666666666666,0.02777777777777768,True,False,True
R_H09_C10_F02,diagnosed_LIFT_OBJECT_unanticipated__RQ2_R_H09_C10_F02,H09/C10/F02,Lift Slip — Low Friction Surface,apply_vacuum_assist(),0.75,1,0.75,Parallel Arm Lift — Contact Loss,0.6666666666666666,0.08333333333333337,True,False,True
R_H09_C10_F03,diagnosed_LIFT_OBJECT_unanticipated__RQ2_R_H09_C10_F03,H09/C10/F03,Lift Slip — Low Friction Surface,apply_vacuum_assist(),0.7541666666666668,1,0.7541666666666668,Parallel Arm Lift — Contact Loss,0.6666666666666666,0.08750000000000013,True,False,True
R_H09_C10_F04,diagnosed_LIFT_OBJECT_unanticipated__RQ2_R_H09_C10_F04,H09/C10/F04,Lift Slip — Low Friction Surface,apply_vacuum_assist(),0.7583333333333333,1,0.7583333333333333,Parallel Arm Lift — Contact Loss,0.6666666666666666,0.09166666666666667,True,False,True
R_H09_C10_F05,diagnosed_LIFT_OBJECT_unanticipated__RQ2_R_H09_C10_F05,H09/C10/F05,Lift Slip — Low Friction Surface,apply_vacuum_assist(),0.7777777777777777,1,0.7777777777777777,Parallel Arm Lift — Contact Loss,0.6666666666666666,0.11111111111111105,True,False,True
R_H09_C10_F06,diagnosed_LIFT_OBJECT_unanticipated__RQ2_R_H09_C10_F06,H09/C10/F06,Lift Slip — Low Friction Surface,apply_vacuum_assist(),0.7555555555555555,1,0.7555555555555555,Parallel Arm Lift — Contact Loss,0.6666666666666666,0.0888888888888889,True,False,True
R_H09_C10_F07,diagnosed_LIFT_OBJECT_unanticipated__RQ2_R_H09_C10_F07,H09/C10/F07,Lift Slip — Low Friction Surface,apply_vacuum_assist(),0.7111111111111111,1,0.7111111111111111,Parallel Arm Lift — Contact Loss,0.6666666666666666,0.04444444444444451,True,False,True
R_H09_C10_F08,diagnosed_LIFT_OBJECT_unanticipated__RQ2_R_H09_C10_F08,H09/C10/F08,Lift Slip — Low Friction Surface,apply_vacuum_assist(),0.6713888888888889,1,0.6713888888888889,Parallel Arm Lift — Contact Loss,0.6666666666666666,0.004722222222222294,True,False,True
R_H09_C10_F09,diagnosed_LIFT_OBJECT_unanticipated__RQ2_R_H09_C10_F09,H09/C10/F09,Lift Slip — Low Friction Surface,apply_vacuum_assist(),0.6666666666666666,1,0.6666666666666666,Parallel Arm Lift — Contact Loss,0.6666666666666666,0.0,True,True,True
R_H09_C10_F10,diagnosed_LIFT_OBJECT_unanticipated__RQ2_R_H09_C10_F10,H09/C10/F10,Lift Slip — Low Friction Surface,apply_vacuum_assist(),0.6666666666666666,1,0.6666666666666666,Parallel Arm Lift — Contact Loss,0.6666666666666666,0.0,True,True,True
