desired_scenario,given,category,height_op,height_value,contacts_op,contacts_value,friction_op,friction_value,top1_candidate_name,top1_is_reference,is_exact_tie_at_top,margin_signed
diagnosed_LIFT_OBJECT_unanticipated__RQ2_R_H01_C01_F01,object_lift_height_cm < 5 AND finger_contacts < 1 AND lateral_friction <= 0.100,Threshold-only,<,5.0,<,1.0,<=,0.1,Lift Slip — Low Friction Surface,True,False,0.07716
diagnosed_LIFT_OBJECT_unanticipated__RQ2_R_H01_C01_F02,object_lift_height_cm < 5 AND finger_contacts < 1 AND lateral_friction <= 0.300,Threshold-only,<,5.0,<,1.0,<=,0.3,Lift Slip — Low Friction Surface,True,False,0.13271555555555548
diagnosed_LIFT_OBJECT_unanticipated__RQ2_R_H01_C01_F03,object_lift_height_cm < 5 AND finger_contacts < 1 AND lateral_friction <= 0.315,Threshold-only,<,5.0,<,1.0,<=,0.315,Lift Slip — Low Friction Surface,True,False,0.13688222222222224
diagnosed_LIFT_OBJECT_unanticipated__RQ2_R_H01_C01_F04,object_lift_height_cm < 5 AND finger_contacts < 1 AND lateral_friction <= 0.330,Threshold-only,<,5.0,<,1.0,<=,0.33,Lift Slip — Low Friction Surface,True,False,0.141048888888889
diagnosed_LIFT_OBJECT_unanticipated__RQ2_R_H01_C01_F05,object_lift_height_cm < 5 AND finger_contacts < 1 AND lateral_friction <= 0.400,Threshold-only,<,5.0,<,1.0,<=,0.4,Lift Slip — Low Friction Surface,True,False,0.16049333333333338
diagnosed_LIFT_OBJECT_unanticipated__RQ2_R_H01_C01_F06,object_lift_height_cm < 5 AND finger_contacts < 1 AND lateral_friction <= 0.500,Threshold-only,<,5.0,<,1.0,<=,0.5,Lift Slip — Low Friction Surface,True,False,0.138271111111111
diagnosed_LIFT_OBJECT_unanticipated__RQ2_R_H01_C01_F07,object_lift_height_cm < 5 AND finger_contacts < 1 AND lateral_friction <= 1.000,Threshold-only,<,5.0,<,1.0,<=,1.0,Lift Slip — Low Friction Surface,True,False,0.09382666666666672
diagnosed_LIFT_OBJECT_unanticipated__RQ2_R_H01_C01_F08,object_lift_height_cm < 5 AND finger_contacts < 1 AND lateral_friction >= 0.315,Combined,<,5.0,<,1.0,>=,0.315,Lift Slip — Low Friction Surface,True,False,0.05410444444444451
diagnosed_LIFT_OBJECT_unanticipated__RQ2_R_H01_C01_F09,object_lift_height_cm < 5 AND finger_contacts < 1 AND lateral_friction >= 0.500,Combined,<,5.0,<,1.0,>=,0.5,Lift Slip — Low Friction Surface,True,False,0.049382222222222216
diagnosed_LIFT_OBJECT_unanticipated__RQ2_R_H01_C01_F10,object_lift_height_cm < 5 AND finger_contacts < 1 AND lateral_friction >= 1.000,Combined,<,5.0,<,1.0,>=,1.0,Lift Slip — Low Friction Surface,True,False,0.049382222222222216
diagnosed_LIFT_OBJECT_unanticipated__RQ2_R_H01_C02_F01,object_lift_height_cm < 5 AND finger_contacts < 2 AND lateral_friction <= 0.100,Threshold-only,<,5.0,<,2.0,<=,0.1,Lift Slip — Low Friction Surface,True,False,0.05097938697318005
diagnosed_LIFT_OBJECT_unanticipated__RQ2_R_H01_C02_F02,object_lift_height_cm < 5 AND finger_contacts < 2 AND lateral_friction <= 0.300,Threshold-only,<,5.0,<,2.0,<=,0.3,Lift Slip — Low Friction Surface,True,False,0.10653494252873552
diagnosed_LIFT_OBJECT_unanticipated__RQ2_R_H01_C02_F03,object_lift_height_cm < 5 AND finger_contacts < 2 AND lateral_friction <= 0.315,Threshold-only,<,5.0,<,2.0,<=,0.315,Lift Slip — Low Friction Surface,True,False,0.11070160919540228
diagnosed_LIFT_OBJECT_unanticipated__RQ2_R_H01_C02_F04,object_lift_height_cm < 5 AND finger_contacts < 2 AND lateral_friction <= 0.330,Threshold-only,<,5.0,<,2.0,<=,0.33,Lift Slip — Low Friction Surface,True,False,0.11486827586206882
diagnosed_LIFT_OBJECT_unanticipated__RQ2_R_H01_C02_F05,object_lift_height_cm < 5 AND finger_contacts < 2 AND lateral_friction <= 0.400,Threshold-only,<,5.0,<,2.0,<=,0.4,Lift Slip — Low Friction Surface,True,False,0.13431272030651342
diagnosed_LIFT_OBJECT_unanticipated__RQ2_R_H01_C02_F06,object_lift_height_cm < 5 AND finger_contacts < 2 AND lateral_friction <= 0.500,Threshold-only,<,5.0,<,2.0,<=,0.5,Lift Slip — Low Friction Surface,True,False,0.11209049808429106
diagnosed_LIFT_OBJECT_unanticipated__RQ2_R_H01_C02_F07,object_lift_height_cm < 5 AND finger_contacts < 2 AND lateral_friction <= 1.000,Threshold-only,<,5.0,<,2.0,<=,1.0,Lift Slip — Low Friction Surface,True,False,0.06764605363984666
diagnosed_LIFT_OBJECT_unanticipated__RQ2_R_H01_C02_F08,object_lift_height_cm < 5 AND finger_contacts < 2 AND lateral_friction >= 0.315,Combined,<,5.0,<,2.0,>=,0.315,Lift Slip — Low Friction Surface,True,False,0.027923831417624445
diagnosed_LIFT_OBJECT_unanticipated__RQ2_R_H01_C02_F09,object_lift_height_cm < 5 AND finger_contacts < 2 AND lateral_friction >= 0.500,Combined,<,5.0,<,2.0,>=,0.5,Lift Slip — Low Friction Surface,True,False,0.023201609195402262
diagnosed_LIFT_OBJECT_unanticipated__RQ2_R_H01_C02_F10,object_lift_height_cm < 5 AND finger_contacts < 2 AND lateral_friction >= 1.000,Combined,<,5.0,<,2.0,>=,1.0,Lift Slip — Low Friction Surface,True,False,0.023201609195402262
diagnosed_LIFT_OBJECT_unanticipated__RQ2_R_H01_C03_F01,object_lift_height_cm < 5 AND finger_contacts < 3 AND lateral_friction <= 0.100,Threshold-only,<,5.0,<,3.0,<=,0.1,Lift Slip — Low Friction Surface,True,False,0.07875716475095773
diagnosed_LIFT_OBJECT_unanticipated__RQ2_R_H01_C03_F02,object_lift_height_cm < 5 AND finger_contacts < 3 AND lateral_friction <= 0.300,Threshold-only,<,5.0,<,3.0,<=,0.3,Lift Slip — Low Friction Surface,True,False,0.13431272030651342
diagnosed_LIFT_OBJECT_unanticipated__RQ2_R_H01_C03_F03,object_lift_height_cm < 5 AND finger_contacts < 3 AND lateral_friction <= 0.315,Threshold-only,<,5.0,<,3.0,<=,0.315,Lift Slip — Low Friction Surface,True,False,0.13847938697317996
diagnosed_LIFT_OBJECT_unanticipated__RQ2_R_H01_C03_F04,object_lift_height_cm < 5 AND finger_contacts < 3 AND lateral_friction <= 0.330,Threshold-only,<,5.0,<,3.0,<=,0.33,Lift Slip — Low Friction Surface,True,False,0.14264605363984673
diagnosed_LIFT_OBJECT_unanticipated__RQ2_R_H01_C03_F05,object_lift_height_cm < 5 AND finger_contacts < 3 AND lateral_friction <= 0.400,Threshold-only,<,5.0,<,3.0,<=,0.4,Lift Slip — Low Friction Surface,True,False,0.1620904980842911
diagnosed_LIFT_OBJECT_unanticipated__RQ2_R_H01_C03_F06,object_lift_height_cm < 5 AND finger_contacts < 3 AND lateral_friction <= 0.500,Threshold-only,<,5.0,<,3.0,<=,0.5,Lift Slip — Low Friction Surface,True,False,0.13986827586206896
diagnosed_LIFT_OBJECT_unanticipated__RQ2_R_H01_C03_F07,object_lift_height_cm < 5 AND finger_contacts < 3 AND lateral_friction <= 1.000,Threshold-only,<,5.0,<,3.0,<=,1.0,Lift Slip — Low Friction Surface,True,False,0.09542383141762456
diagnosed_LIFT_OBJECT_unanticipated__RQ2_R_H01_C03_F08,object_lift_height_cm < 5 AND finger_contacts < 3 AND lateral_friction >= 0.315,Combined,<,5.0,<,3.0,>=,0.315,Lift Slip — Low Friction Surface,True,False,0.055701609195402346
diagnosed_LIFT_OBJECT_unanticipated__RQ2_R_H01_C03_F09,object_lift_height_cm < 5 AND finger_contacts < 3 AND lateral_friction >= 0.500,Combined,<,5.0,<,3.0,>=,0.5,Lift Slip — Low Friction Surface,True,False,0.05097938697318005
diagnosed_LIFT_OBJECT_unanticipated__RQ2_R_H01_C03_F10,object_lift_height_cm < 5 AND finger_contacts < 3 AND lateral_friction >= 1.000,Combined,<,5.0,<,3.0,>=,1.0,Lift Slip — Low Friction Surface,True,False,0.05097938697318005
diagnosed_LIFT_OBJECT_unanticipated__RQ2_R_H01_C04_F01,object_lift_height_cm < 5 AND finger_contacts < 4 AND lateral_friction <= 0.100,Threshold-only,<,5.0,<,4.0,<=,0.1,Lift Slip — Low Friction Surface,True,False,0.08801660919540222
diagnosed_LIFT_OBJECT_unanticipated__RQ2_R_H01_C04_F02,object_lift_height_cm < 5 AND finger_contacts < 4 AND lateral_friction <= 0.300,Threshold-only,<,5.0,<,4.0,<=,0.3,Lift Slip — Low Friction Surface,True,False,0.1435721647509577
diagnosed_LIFT_OBJECT_unanticipated__RQ2_R_H01_C04_F03,object_lift_height_cm < 5 AND finger_contacts < 4 AND lateral_friction <= 0.315,Threshold-only,<,5.0,<,4.0,<=,0.315,Lift Slip — Low Friction Surface,True,False,0.14773883141762445
diagnosed_LIFT_OBJECT_unanticipated__RQ2_R_H01_C04_F04,object_lift_height_cm < 5 AND finger_contacts < 4 AND lateral_friction <= 0.330,Threshold-only,<,5.0,<,4.0,<=,0.33,Lift Slip — Low Friction Surface,True,False,0.1519054980842911
diagnosed_LIFT_OBJECT_unanticipated__RQ2_R_H01_C04_F05,object_lift_height_cm < 5 AND finger_contacts < 4 AND lateral_friction <= 0.400,Threshold-only,<,5.0,<,4.0,<=,0.4,Lift Slip — Low Friction Surface,True,False,0.17134994252873548
diagnosed_LIFT_OBJECT_unanticipated__RQ2_R_H01_C04_F06,object_lift_height_cm < 5 AND finger_contacts < 4 AND lateral_friction <= 0.500,Threshold-only,<,5.0,<,4.0,<=,0.5,Lift Slip — Low Friction Surface,True,False,0.14912772030651333
diagnosed_LIFT_OBJECT_unanticipated__RQ2_R_H01_C04_F07,object_lift_height_cm < 5 AND finger_contacts < 4 AND lateral_friction <= 1.000,Threshold-only,<,5.0,<,4.0,<=,1.0,Lift Slip — Low Friction Surface,True,False,0.10468327586206894
diagnosed_LIFT_OBJECT_unanticipated__RQ2_R_H01_C04_F08,object_lift_height_cm < 5 AND finger_contacts < 4 AND lateral_friction >= 0.315,Combined,<,5.0,<,4.0,>=,0.315,Lift Slip — Low Friction Surface,True,False,0.06496105363984672
diagnosed_LIFT_OBJECT_unanticipated__RQ2_R_H01_C04_F09,object_lift_height_cm < 5 AND finger_contacts < 4 AND lateral_friction >= 0.500,Combined,<,5.0,<,4.0,>=,0.5,Lift Slip — Low Friction Surface,True,False,0.06023883141762432
diagnosed_LIFT_OBJECT_unanticipated__RQ2_R_H01_C04_F10,object_lift_height_cm < 5 AND finger_contacts < 4 AND lateral_friction >= 1.000,Combined,<,5.0,<,4.0,>=,1.0,Lift Slip — Low Friction Surface,True,False,0.06023883141762432
diagnosed_LIFT_OBJECT_unanticipated__RQ2_R_H01_C05_F01,object_lift_height_cm < 5 AND finger_contacts < 5 AND lateral_friction <= 0.100,Threshold-only,<,5.0,<,5.0,<=,0.1,Lift Slip — Low Friction Surface,True,False,0.09264605363984668
diagnosed_LIFT_OBJECT_unanticipated__RQ2_R_H01_C05_F02,object_lift_height_cm < 5 AND finger_contacts < 5 AND lateral_friction <= 0.300,Threshold-only,<,5.0,<,5.0,<=,0.3,Lift Slip — Low Friction Surface,True,False,0.14820160919540226
diagnosed_LIFT_OBJECT_unanticipated__RQ2_R_H01_C05_F03,object_lift_height_cm < 5 AND finger_contacts < 5 AND lateral_friction <= 0.315,Threshold-only,<,5.0,<,5.0,<=,0.315,Lift Slip — Low Friction Surface,True,False,0.1523682758620688
diagnosed_LIFT_OBJECT_unanticipated__RQ2_R_H01_C05_F04,object_lift_height_cm < 5 AND finger_contacts < 5 AND lateral_friction <= 0.330,Threshold-only,<,5.0,<,5.0,<=,0.33,Lift Slip — Low Friction Surface,True,False,0.15653494252873557
diagnosed_LIFT_OBJECT_unanticipated__RQ2_R_H01_C05_F05,object_lift_height_cm < 5 AND finger_contacts < 5 AND lateral_friction <= 0.400,Threshold-only,<,5.0,<,5.0,<=,0.4,Lift Slip — Low Friction Surface,True,False,0.17597938697318005
diagnosed_LIFT_OBJECT_unanticipated__RQ2_R_H01_C05_F06,object_lift_height_cm < 5 AND finger_contacts < 5 AND lateral_friction <= 0.500,Threshold-only,<,5.0,<,5.0,<=,0.5,Lift Slip — Low Friction Surface,True,False,0.1537571647509579
diagnosed_LIFT_OBJECT_unanticipated__RQ2_R_H01_C05_F07,object_lift_height_cm < 5 AND finger_contacts < 5 AND lateral_friction <= 1.000,Threshold-only,<,5.0,<,5.0,<=,1.0,Lift Slip — Low Friction Surface,True,False,0.10931272030651329
diagnosed_LIFT_OBJECT_unanticipated__RQ2_R_H01_C05_F08,object_lift_height_cm < 5 AND finger_contacts < 5 AND lateral_friction >= 0.315,Combined,<,5.0,<,5.0,>=,0.315,Lift Slip — Low Friction Surface,True,False,0.06959049808429107
diagnosed_LIFT_OBJECT_unanticipated__RQ2_R_H01_C05_F09,object_lift_height_cm < 5 AND finger_contacts < 5 AND lateral_friction >= 0.500,Combined,<,5.0,<,5.0,>=,0.5,Lift Slip — Low Friction Surface,True,False,0.06486827586206889
diagnosed_LIFT_OBJECT_unanticipated__RQ2_R_H01_C05_F10,object_lift_height_cm < 5 AND finger_contacts < 5 AND lateral_friction >= 1.000,Combined,<,5.0,<,5.0,>=,1.0,Lift Slip — Low Friction Surface,True,False,0.06486827586206889
diagnosed_LIFT_OBJECT_unanticipated__RQ2_R_H01_C06_F01,object_lift_height_cm < 5 AND finger_contacts >= 1 AND lateral_friction <= 0.100,Combined,<,5.0,>=,1.0,<=,0.1,Lift Slip — Low Friction Surface,True,False,0.07716
diagnosed_LIFT_OBJECT_unanticipated__RQ2_R_H01_C06_F02,object_lift_height_cm < 5 AND finger_contacts >= 1 AND lateral_friction <= 0.300,Combined,<,5.0,>=,1.0,<=,0.3,Lift Slip — Low Friction Surface,True,False,0.13271555555555548
diagnosed_LIFT_OBJECT_unanticipated__RQ2_R_H01_C06_F03,object_lift_height_cm < 5 AND finger_contacts >= 1 AND lateral_friction <= 0.315,Combined,<,5.0,>=,1.0,<=,0.315,Lift Slip — Low Friction Surface,True,False,0.13688222222222224
diagnosed_LIFT_OBJECT_unanticipated__RQ2_R_H01_C06_F04,object_lift_height_cm < 5 AND finger_contacts >= 1 AND lateral_friction <= 0.330,Combined,<,5.0,>=,1.0,<=,0.33,Lift Slip — Low Friction Surface,True,False,0.141048888888889
diagnosed_LIFT_OBJECT_unanticipated__RQ2_R_H01_C06_F05,object_lift_height_cm < 5 AND finger_contacts >= 1 AND lateral_friction <= 0.400,Combined,<,5.0,>=,1.0,<=,0.4,Lift Slip — Low Friction Surface,True,False,0.16049333333333338
diagnosed_LIFT_OBJECT_unanticipated__RQ2_R_H01_C06_F06,object_lift_height_cm < 5 AND finger_contacts >= 1 AND lateral_friction <= 0.500,Combined,<,5.0,>=,1.0,<=,0.5,Lift Slip — Low Friction Surface,True,False,0.138271111111111
diagnosed_LIFT_OBJECT_unanticipated__RQ2_R_H01_C06_F07,object_lift_height_cm < 5 AND finger_contacts >= 1 AND lateral_friction <= 1.000,Combined,<,5.0,>=,1.0,<=,1.0,Lift Slip — Low Friction Surface,True,False,0.09382666666666672
diagnosed_LIFT_OBJECT_unanticipated__RQ2_R_H01_C06_F08,object_lift_height_cm < 5 AND finger_contacts >= 1 AND lateral_friction >= 0.315,Combined,<,5.0,>=,1.0,>=,0.315,Lift Slip — Low Friction Surface,True,False,0.05410444444444451
diagnosed_LIFT_OBJECT_unanticipated__RQ2_R_H01_C06_F09,object_lift_height_cm < 5 AND finger_contacts >= 1 AND lateral_friction >= 0.500,Combined,<,5.0,>=,1.0,>=,0.5,Lift Slip — Low Friction Surface,True,False,0.049382222222222216
diagnosed_LIFT_OBJECT_unanticipated__RQ2_R_H01_C06_F10,object_lift_height_cm < 5 AND finger_contacts >= 1 AND lateral_friction >= 1.000,Combined,<,5.0,>=,1.0,>=,1.0,Lift Slip — Low Friction Surface,True,False,0.049382222222222216
diagnosed_LIFT_OBJECT_unanticipated__RQ2_R_H01_C07_F01,object_lift_height_cm < 5 AND finger_contacts >= 2 AND lateral_friction <= 0.100,Combined,<,5.0,>=,2.0,<=,0.1,Lift Slip — Low Friction Surface,True,False,0.07716
diagnosed_LIFT_OBJECT_unanticipated__RQ2_R_H01_C07_F02,object_lift_height_cm < 5 AND finger_contacts >= 2 AND lateral_friction <= 0.300,Combined,<,5.0,>=,2.0,<=,0.3,Lift Slip — Low Friction Surface,True,False,0.13271555555555548
diagnosed_LIFT_OBJECT_unanticipated__RQ2_R_H01_C07_F03,object_lift_height_cm < 5 AND finger_contacts >= 2 AND lateral_friction <= 0.315,Combined,<,5.0,>=,2.0,<=,0.315,Lift Slip — Low Friction Surface,True,False,0.13688222222222224
diagnosed_LIFT_OBJECT_unanticipated__RQ2_R_H01_C07_F04,object_lift_height_cm < 5 AND finger_contacts >= 2 AND lateral_friction <= 0.330,Combined,<,5.0,>=,2.0,<=,0.33,Lift Slip — Low Friction Surface,True,False,0.141048888888889
diagnosed_LIFT_OBJECT_unanticipated__RQ2_R_H01_C07_F05,object_lift_height_cm < 5 AND finger_contacts >= 2 AND lateral_friction <= 0.400,Combined,<,5.0,>=,2.0,<=,0.4,Lift Slip — Low Friction Surface,True,False,0.16049333333333338
diagnosed_LIFT_OBJECT_unanticipated__RQ2_R_H01_C07_F06,object_lift_height_cm < 5 AND finger_contacts >= 2 AND lateral_friction <= 0.500,Combined,<,5.0,>=,2.0,<=,0.5,Lift Slip — Low Friction Surface,True,False,0.138271111111111
diagnosed_LIFT_OBJECT_unanticipated__RQ2_R_H01_C07_F07,object_lift_height_cm < 5 AND finger_contacts >= 2 AND lateral_friction <= 1.000,Combined,<,5.0,>=,2.0,<=,1.0,Lift Slip — Low Friction Surface,True,False,0.09382666666666672
diagnosed_LIFT_OBJECT_unanticipated__RQ2_R_H01_C07_F08,object_lift_height_cm < 5 AND finger_contacts >= 2 AND lateral_friction >= 0.315,Combined,<,5.0,>=,2.0,>=,0.315,Lift Slip — Low Friction Surface,True,False,0.05410444444444451
diagnosed_LIFT_OBJECT_unanticipated__RQ2_R_H01_C07_F09,object_lift_height_cm < 5 AND finger_contacts >= 2 AND lateral_friction >= 0.500,Combined,<,5.0,>=,2.0,>=,0.5,Lift Slip — Low Friction Surface,True,False,0.049382222222222216
diagnosed_LIFT_OBJECT_unanticipated__RQ2_R_H01_C07_F10,object_lift_height_cm < 5 AND finger_contacts >= 2 AND lateral_friction >= 1.000,Combined,<,5.0,>=,2.0,>=,1.0,Lift Slip — Low Friction Surface,True,False,0.049382222222222216
diagnosed_LIFT_OBJECT_unanticipated__RQ2_R_H01_C08_F01,object_lift_height_cm < 5 AND finger_contacts >= 3 AND lateral_friction <= 0.100,Combined,<,5.0,>=,3.0,<=,0.1,Lift Slip — Low Friction Surface,True,False,0.07716
diagnosed_LIFT_OBJECT_unanticipated__RQ2_R_H01_C08_F02,object_lift_height_cm < 5 AND finger_contacts >= 3 AND lateral_friction <= 0.300,Combined,<,5.0,>=,3.0,<=,0.3,Lift Slip — Low Friction Surface,True,False,0.13271555555555548
diagnosed_LIFT_OBJECT_unanticipated__RQ2_R_H01_C08_F03,object_lift_height_cm < 5 AND finger_contacts >= 3 AND lateral_friction <= 0.315,Combined,<,5.0,>=,3.0,<=,0.315,Lift Slip — Low Friction Surface,True,False,0.13688222222222224
diagnosed_LIFT_OBJECT_unanticipated__RQ2_R_H01_C08_F04,object_lift_height_cm < 5 AND finger_contacts >= 3 AND lateral_friction <= 0.330,Combined,<,5.0,>=,3.0,<=,0.33,Lift Slip — Low Friction Surface,True,False,0.141048888888889
diagnosed_LIFT_OBJECT_unanticipated__RQ2_R_H01_C08_F05,object_lift_height_cm < 5 AND finger_contacts >= 3 AND lateral_friction <= 0.400,Combined,<,5.0,>=,3.0,<=,0.4,Lift Slip — Low Friction Surface,True,False,0.16049333333333338
diagnosed_LIFT_OBJECT_unanticipated__RQ2_R_H01_C08_F06,object_lift_height_cm < 5 AND finger_contacts >= 3 AND lateral_friction <= 0.500,Combined,<,5.0,>=,3.0,<=,0.5,Lift Slip — Low Friction Surface,True,False,0.138271111111111
diagnosed_LIFT_OBJECT_unanticipated__RQ2_R_H01_C08_F07,object_lift_height_cm < 5 AND finger_contacts >= 3 AND lateral_friction <= 1.000,Combined,<,5.0,>=,3.0,<=,1.0,Lift Slip — Low Friction Surface,True,False,0.09382666666666672
diagnosed_LIFT_OBJECT_unanticipated__RQ2_R_H01_C08_F08,object_lift_height_cm < 5 AND finger_contacts >= 3 AND lateral_friction >= 0.315,Combined,<,5.0,>=,3.0,>=,0.315,Lift Slip — Low Friction Surface,True,False,0.05410444444444451
diagnosed_LIFT_OBJECT_unanticipated__RQ2_R_H01_C08_F09,object_lift_height_cm < 5 AND finger_contacts >= 3 AND lateral_friction >= 0.500,Combined,<,5.0,>=,3.0,>=,0.5,Lift Slip — Low Friction Surface,True,False,0.049382222222222216
diagnosed_LIFT_OBJECT_unanticipated__RQ2_R_H01_C08_F10,object_lift_height_cm < 5 AND finger_contacts >= 3 AND lateral_friction >= 1.000,Combined,<,5.0,>=,3.0,>=,1.0,Lift Slip — Low Friction Surface,True,False,0.049382222222222216
diagnosed_LIFT_OBJECT_unanticipated__RQ2_R_H01_C09_F01,object_lift_height_cm < 5 AND finger_contacts >= 4 AND lateral_friction <= 0.100,Combined,<,5.0,>=,4.0,<=,0.1,Lift Slip — Low Friction Surface,True,False,0.07716
diagnosed_LIFT_OBJECT_unanticipated__RQ2_R_H01_C09_F02,object_lift_height_cm < 5 AND finger_contacts >= 4 AND lateral_friction <= 0.300,Combined,<,5.0,>=,4.0,<=,0.3,Lift Slip — Low Friction Surface,True,False,0.13271555555555548
diagnosed_LIFT_OBJECT_unanticipated__RQ2_R_H01_C09_F03,object_lift_height_cm < 5 AND finger_contacts >= 4 AND lateral_friction <= 0.315,Combined,<,5.0,>=,4.0,<=,0.315,Lift Slip — Low Friction Surface,True,False,0.13688222222222224
diagnosed_LIFT_OBJECT_unanticipated__RQ2_R_H01_C09_F04,object_lift_height_cm < 5 AND finger_contacts >= 4 AND lateral_friction <= 0.330,Combined,<,5.0,>=,4.0,<=,0.33,Lift Slip — Low Friction Surface,True,False,0.141048888888889
diagnosed_LIFT_OBJECT_unanticipated__RQ2_R_H01_C09_F05,object_lift_height_cm < 5 AND finger_contacts >= 4 AND lateral_friction <= 0.400,Combined,<,5.0,>=,4.0,<=,0.4,Lift Slip — Low Friction Surface,True,False,0.16049333333333338
diagnosed_LIFT_OBJECT_unanticipated__RQ2_R_H01_C09_F06,object_lift_height_cm < 5 AND finger_contacts >= 4 AND lateral_friction <= 0.500,Combined,<,5.0,>=,4.0,<=,0.5,Lift Slip — Low Friction Surface,True,False,0.138271111111111
diagnosed_LIFT_OBJECT_unanticipated__RQ2_R_H01_C09_F07,object_lift_height_cm < 5 AND finger_contacts >= 4 AND lateral_friction <= 1.000,Combined,<,5.0,>=,4.0,<=,1.0,Lift Slip — Low Friction Surface,True,False,0.09382666666666672
diagnosed_LIFT_OBJECT_unanticipated__RQ2_R_H01_C09_F08,object_lift_height_cm < 5 AND finger_contacts >= 4 AND lateral_friction >= 0.315,Combined,<,5.0,>=,4.0,>=,0.315,Lift Slip — Low Friction Surface,True,False,0.05410444444444451
diagnosed_LIFT_OBJECT_unanticipated__RQ2_R_H01_C09_F09,object_lift_height_cm < 5 AND finger_contacts >= 4 AND lateral_friction >= 0.500,Combined,<,5.0,>=,4.0,>=,0.5,Lift Slip — Low Friction Surface,True,False,0.049382222222222216
diagnosed_LIFT_OBJECT_unanticipated__RQ2_R_H01_C09_F10,object_lift_height_cm < 5 AND finger_contacts >= 4 AND lateral_friction >= 1.000,Combined,<,5.0,>=,4.0,>=,1.0,Lift Slip — Low Friction Surface,True,False,0.049382222222222216
diagnosed_LIFT_OBJECT_unanticipated__RQ2_R_H01_C10_F01,object_lift_height_cm < 5 AND finger_contacts >= 5 AND lateral_friction <= 0.100,Combined,<,5.0,>=,5.0,<=,0.1,Lift Slip — Low Friction Surface,True,False,0.07716
diagnosed_LIFT_OBJECT_unanticipated__RQ2_R_H01_C10_F02,object_lift_height_cm < 5 AND finger_contacts >= 5 AND lateral_friction <= 0.300,Combined,<,5.0,>=,5.0,<=,0.3,Lift Slip — Low Friction Surface,True,False,0.13271555555555548
diagnosed_LIFT_OBJECT_unanticipated__RQ2_R_H01_C10_F03,object_lift_height_cm < 5 AND finger_contacts >= 5 AND lateral_friction <= 0.315,Combined,<,5.0,>=,5.0,<=,0.315,Lift Slip — Low Friction Surface,True,False,0.13688222222222224
diagnosed_LIFT_OBJECT_unanticipated__RQ2_R_H01_C10_F04,object_lift_height_cm < 5 AND finger_contacts >= 5 AND lateral_friction <= 0.330,Combined,<,5.0,>=,5.0,<=,0.33,Lift Slip — Low Friction Surface,True,False,0.141048888888889
diagnosed_LIFT_OBJECT_unanticipated__RQ2_R_H01_C10_F05,object_lift_height_cm < 5 AND finger_contacts >= 5 AND lateral_friction <= 0.400,Combined,<,5.0,>=,5.0,<=,0.4,Lift Slip — Low Friction Surface,True,False,0.16049333333333338
diagnosed_LIFT_OBJECT_unanticipated__RQ2_R_H01_C10_F06,object_lift_height_cm < 5 AND finger_contacts >= 5 AND lateral_friction <= 0.500,Combined,<,5.0,>=,5.0,<=,0.5,Lift Slip — Low Friction Surface,True,False,0.138271111111111
diagnosed_LIFT_OBJECT_unanticipated__RQ2_R_H01_C10_F07,object_lift_height_cm < 5 AND finger_contacts >= 5 AND lateral_friction <= 1.000,Combined,<,5.0,>=,5.0,<=,1.0,Lift Slip — Low Friction Surface,True,False,0.09382666666666672
diagnosed_LIFT_OBJECT_unanticipated__RQ2_R_H01_C10_F08,object_lift_height_cm < 5 AND finger_contacts >= 5 AND lateral_friction >= 0.315,Combined,<,5.0,>=,5.0,>=,0.315,Lift Slip — Low Friction Surface,True,False,0.05410444444444451
diagnosed_LIFT_OBJECT_unanticipated__RQ2_R_H01_C10_F09,object_lift_height_cm < 5 AND finger_contacts >= 5 AND lateral_friction >= 0.500,Combined,<,5.0,>=,5.0,>=,0.5,Lift Slip — Low Friction Surface,True,False,0.049382222222222216
diagnosed_LIFT_OBJECT_unanticipated__RQ2_R_H01_C10_F10,object_lift_height_cm < 5 AND finger_contacts >= 5 AND lateral_friction >= 1.000,Combined,<,5.0,>=,5.0,>=,1.0,Lift Slip — Low Friction Surface,True,False,0.049382222222222216
diagnosed_LIFT_OBJECT_unanticipated__RQ2_R_H02_C01_F01,object_lift_height_cm < 9 AND finger_contacts < 1 AND lateral_friction <= 0.100,Threshold-only,<,9.0,<,1.0,<=,0.1,Lift Slip — Low Friction Surface,True,False,0.08184327586206885
diagnosed_LIFT_OBJECT_unanticipated__RQ2_R_H02_C01_F02,object_lift_height_cm < 9 AND finger_contacts < 1 AND lateral_friction <= 0.300,Threshold-only,<,9.0,<,1.0,<=,0.3,Lift Slip — Low Friction Surface,True,False,0.13739883141762455
diagnosed_LIFT_OBJECT_unanticipated__RQ2_R_H02_C01_F03,object_lift_height_cm < 9 AND finger_contacts < 1 AND lateral_friction <= 0.315,Threshold-only,<,9.0,<,1.0,<=,0.315,Lift Slip — Low Friction Surface,True,False,0.1415654980842913
diagnosed_LIFT_OBJECT_unanticipated__RQ2_R_H02_C01_F04,object_lift_height_cm < 9 AND finger_contacts < 1 AND lateral_friction <= 0.330,Threshold-only,<,9.0,<,1.0,<=,0.33,Lift Slip — Low Friction Surface,True,False,0.14573216475095785
diagnosed_LIFT_OBJECT_unanticipated__RQ2_R_H02_C01_F05,object_lift_height_cm < 9 AND finger_contacts < 1 AND lateral_friction <= 0.400,Threshold-only,<,9.0,<,1.0,<=,0.4,Lift Slip — Low Friction Surface,True,False,0.16517660919540234
diagnosed_LIFT_OBJECT_unanticipated__RQ2_R_H02_C01_F06,object_lift_height_cm < 9 AND finger_contacts < 1 AND lateral_friction <= 0.500,Threshold-only,<,9.0,<,1.0,<=,0.5,Lift Slip — Low Friction Surface,True,False,0.14295438697318008
diagnosed_LIFT_OBJECT_unanticipated__RQ2_R_H02_C01_F07,object_lift_height_cm < 9 AND finger_contacts < 1 AND lateral_friction <= 1.000,Threshold-only,<,9.0,<,1.0,<=,1.0,Lift Slip — Low Friction Surface,True,False,0.09850994252873568
diagnosed_LIFT_OBJECT_unanticipated__RQ2_R_H02_C01_F08,object_lift_height_cm < 9 AND finger_contacts < 1 AND lateral_friction >= 0.315,Combined,<,9.0,<,1.0,>=,0.315,Lift Slip — Low Friction Surface,True,False,0.05878772030651347
diagnosed_LIFT_OBJECT_unanticipated__RQ2_R_H02_C01_F09,object_lift_height_cm < 9 AND finger_contacts < 1 AND lateral_friction >= 0.500,Combined,<,9.0,<,1.0,>=,0.5,Lift Slip — Low Friction Surface,True,False,0.054065498084291175
diagnosed_LIFT_OBJECT_unanticipated__RQ2_R_H02_C01_F10,object_lift_height_cm < 9 AND finger_contacts < 1 AND lateral_friction >= 1.000,Combined,<,9.0,<,1.0,>=,1.0,Lift Slip — Low Friction Surface,True,False,0.054065498084291175
diagnosed_LIFT_OBJECT_unanticipated__RQ2_R_H02_C02_F01,object_lift_height_cm < 9 AND finger_contacts < 2 AND lateral_friction <= 0.100,Threshold-only,<,9.0,<,2.0,<=,0.1,Lift Slip — Low Friction Surface,True,False,0.026287720306513274
diagnosed_LIFT_OBJECT_unanticipated__RQ2_R_H02_C02_F02,object_lift_height_cm < 9 AND finger_contacts < 2 AND lateral_friction <= 0.300,Threshold-only,<,9.0,<,2.0,<=,0.3,Lift Slip — Low Friction Surface,True,False,0.08184327586206896
diagnosed_LIFT_OBJECT_unanticipated__RQ2_R_H02_C02_F03,object_lift_height_cm < 9 AND finger_contacts < 2 AND lateral_friction <= 0.315,Threshold-only,<,9.0,<,2.0,<=,0.315,Lift Slip — Low Friction Surface,True,False,0.0860099425287355
diagnosed_LIFT_OBJECT_unanticipated__RQ2_R_H02_C02_F04,object_lift_height_cm < 9 AND finger_contacts < 2 AND lateral_friction <= 0.330,Threshold-only,<,9.0,<,2.0,<=,0.33,Lift Slip — Low Friction Surface,True,False,0.09017660919540227
diagnosed_LIFT_OBJECT_unanticipated__RQ2_R_H02_C02_F05,object_lift_height_cm < 9 AND finger_contacts < 2 AND lateral_friction <= 0.400,Threshold-only,<,9.0,<,2.0,<=,0.4,Lift Slip — Low Friction Surface,True,False,0.10962105363984664
diagnosed_LIFT_OBJECT_unanticipated__RQ2_R_H02_C02_F06,object_lift_height_cm < 9 AND finger_contacts < 2 AND lateral_friction <= 0.500,Threshold-only,<,9.0,<,2.0,<=,0.5,Lift Slip — Low Friction Surface,True,False,0.0873988314176245
diagnosed_LIFT_OBJECT_unanticipated__RQ2_R_H02_C02_F07,object_lift_height_cm < 9 AND finger_contacts < 2 AND lateral_friction <= 1.000,Threshold-only,<,9.0,<,2.0,<=,1.0,Lift Slip — Low Friction Surface,True,False,0.0429543869731801
diagnosed_LIFT_OBJECT_unanticipated__RQ2_R_H02_C02_F08,object_lift_height_cm < 9 AND finger_contacts < 2 AND lateral_friction >= 0.315,Combined,<,9.0,<,2.0,>=,0.315,Lift Slip — Low Friction Surface,True,False,0.003232164750957889
diagnosed_LIFT_OBJECT_unanticipated__RQ2_R_H02_C02_F09,object_lift_height_cm < 9 AND finger_contacts < 2 AND lateral_friction >= 0.500,Combined,<,9.0,<,2.0,>=,0.5,Parallel Arm Lift — Contact Loss,False,False,-0.0014900574712644055
diagnosed_LIFT_OBJECT_unanticipated__RQ2_R_H02_C02_F10,object_lift_height_cm < 9 AND finger_contacts < 2 AND lateral_friction >= 1.000,Combined,<,9.0,<,2.0,>=,1.0,Parallel Arm Lift — Contact Loss,False,False,-0.0014900574712644055
diagnosed_LIFT_OBJECT_unanticipated__RQ2_R_H02_C03_F01,object_lift_height_cm < 9 AND finger_contacts < 3 AND lateral_friction <= 0.100,Threshold-only,<,9.0,<,3.0,<=,0.1,Lift Slip — Low Friction Surface,True,False,0.054065498084291175
diagnosed_LIFT_OBJECT_unanticipated__RQ2_R_H02_C03_F02,object_lift_height_cm < 9 AND finger_contacts < 3 AND lateral_friction <= 0.300,Threshold-only,<,9.0,<,3.0,<=,0.3,Lift Slip — Low Friction Surface,True,False,0.10962105363984664
diagnosed_LIFT_OBJECT_unanticipated__RQ2_R_H02_C03_F03,object_lift_height_cm < 9 AND finger_contacts < 3 AND lateral_friction <= 0.315,Threshold-only,<,9.0,<,3.0,<=,0.315,Lift Slip — Low Friction Surface,True,False,0.1137877203065134
diagnosed_LIFT_OBJECT_unanticipated__RQ2_R_H02_C03_F04,object_lift_height_cm < 9 AND finger_contacts < 3 AND lateral_friction <= 0.330,Threshold-only,<,9.0,<,3.0,<=,0.33,Lift Slip — Low Friction Surface,True,False,0.11795438697318017
diagnosed_LIFT_OBJECT_unanticipated__RQ2_R_H02_C03_F05,object_lift_height_cm < 9 AND finger_contacts < 3 AND lateral_friction <= 0.400,Threshold-only,<,9.0,<,3.0,<=,0.4,Lift Slip — Low Friction Surface,True,False,0.13739883141762455
diagnosed_LIFT_OBJECT_unanticipated__RQ2_R_H02_C03_F06,object_lift_height_cm < 9 AND finger_contacts < 3 AND lateral_friction <= 0.500,Threshold-only,<,9.0,<,3.0,<=,0.5,Lift Slip — Low Friction Surface,True,False,0.11517660919540218
diagnosed_LIFT_OBJECT_unanticipated__RQ2_R_H02_C03_F07,object_lift_height_cm < 9 AND finger_contacts < 3 AND lateral_friction <= 1.000,Threshold-only,<,9.0,<,3.0,<=,1.0,Lift Slip — Low Friction Surface,True,False,0.07073216475095778
diagnosed_LIFT_OBJECT_unanticipated__RQ2_R_H02_C03_F08,object_lift_height_cm < 9 AND finger_contacts < 3 AND lateral_friction >= 0.315,Combined,<,9.0,<,3.0,>=,0.315,Lift Slip — Low Friction Surface,True,False,0.031009942528735568
diagnosed_LIFT_OBJECT_unanticipated__RQ2_R_H02_C03_F09,object_lift_height_cm < 9 AND finger_contacts < 3 AND lateral_friction >= 0.500,Combined,<,9.0,<,3.0,>=,0.5,Lift Slip — Low Friction Surface,True,False,0.026287720306513496
diagnosed_LIFT_OBJECT_unanticipated__RQ2_R_H02_C03_F10,object_lift_height_cm < 9 AND finger_contacts < 3 AND lateral_friction >= 1.000,Combined,<,9.0,<,3.0,>=,1.0,Lift Slip — Low Friction Surface,True,False,0.026287720306513496
diagnosed_LIFT_OBJECT_unanticipated__RQ2_R_H02_C04_F01,object_lift_height_cm < 9 AND finger_contacts < 4 AND lateral_friction <= 0.100,Threshold-only,<,9.0,<,4.0,<=,0.1,Lift Slip — Low Friction Surface,True,False,0.06332494252873555
diagnosed_LIFT_OBJECT_unanticipated__RQ2_R_H02_C04_F02,object_lift_height_cm < 9 AND finger_contacts < 4 AND lateral_friction <= 0.300,Threshold-only,<,9.0,<,4.0,<=,0.3,Lift Slip — Low Friction Surface,True,False,0.11888049808429124
diagnosed_LIFT_OBJECT_unanticipated__RQ2_R_H02_C04_F03,object_lift_height_cm < 9 AND finger_contacts < 4 AND lateral_friction <= 0.315,Threshold-only,<,9.0,<,4.0,<=,0.315,Lift Slip — Low Friction Surface,True,False,0.1230471647509579
diagnosed_LIFT_OBJECT_unanticipated__RQ2_R_H02_C04_F04,object_lift_height_cm < 9 AND finger_contacts < 4 AND lateral_friction <= 0.330,Threshold-only,<,9.0,<,4.0,<=,0.33,Lift Slip — Low Friction Surface,True,False,0.12721383141762455
diagnosed_LIFT_OBJECT_unanticipated__RQ2_R_H02_C04_F05,object_lift_height_cm < 9 AND finger_contacts < 4 AND lateral_friction <= 0.400,Threshold-only,<,9.0,<,4.0,<=,0.4,Lift Slip — Low Friction Surface,True,False,0.14665827586206903
diagnosed_LIFT_OBJECT_unanticipated__RQ2_R_H02_C04_F06,object_lift_height_cm < 9 AND finger_contacts < 4 AND lateral_friction <= 0.500,Threshold-only,<,9.0,<,4.0,<=,0.5,Lift Slip — Low Friction Surface,True,False,0.12443605363984678
diagnosed_LIFT_OBJECT_unanticipated__RQ2_R_H02_C04_F07,object_lift_height_cm < 9 AND finger_contacts < 4 AND lateral_friction <= 1.000,Threshold-only,<,9.0,<,4.0,<=,1.0,Lift Slip — Low Friction Surface,True,False,0.07999160919540227
diagnosed_LIFT_OBJECT_unanticipated__RQ2_R_H02_C04_F08,object_lift_height_cm < 9 AND finger_contacts < 4 AND lateral_friction >= 0.315,Combined,<,9.0,<,4.0,>=,0.315,Lift Slip — Low Friction Surface,True,False,0.040269386973180055
diagnosed_LIFT_OBJECT_unanticipated__RQ2_R_H02_C04_F09,object_lift_height_cm < 9 AND finger_contacts < 4 AND lateral_friction >= 0.500,Combined,<,9.0,<,4.0,>=,0.5,Lift Slip — Low Friction Surface,True,False,0.03554716475095787
diagnosed_LIFT_OBJECT_unanticipated__RQ2_R_H02_C04_F10,object_lift_height_cm < 9 AND finger_contacts < 4 AND lateral_friction >= 1.000,Combined,<,9.0,<,4.0,>=,1.0,Lift Slip — Low Friction Surface,True,False,0.03554716475095787
diagnosed_LIFT_OBJECT_unanticipated__RQ2_R_H02_C05_F01,object_lift_height_cm < 9 AND finger_contacts < 5 AND lateral_friction <= 0.100,Threshold-only,<,9.0,<,5.0,<=,0.1,Lift Slip — Low Friction Surface,True,False,0.06795438697318013
diagnosed_LIFT_OBJECT_unanticipated__RQ2_R_H02_C05_F02,object_lift_height_cm < 9 AND finger_contacts < 5 AND lateral_friction <= 0.300,Threshold-only,<,9.0,<,5.0,<=,0.3,Lift Slip — Low Friction Surface,True,False,0.1235099425287356
diagnosed_LIFT_OBJECT_unanticipated__RQ2_R_H02_C05_F03,object_lift_height_cm < 9 AND finger_contacts < 5 AND lateral_friction <= 0.315,Threshold-only,<,9.0,<,5.0,<=,0.315,Lift Slip — Low Friction Surface,True,False,0.12767660919540225
diagnosed_LIFT_OBJECT_unanticipated__RQ2_R_H02_C05_F04,object_lift_height_cm < 9 AND finger_contacts < 5 AND lateral_friction <= 0.330,Threshold-only,<,9.0,<,5.0,<=,0.33,Lift Slip — Low Friction Surface,True,False,0.1318432758620689
diagnosed_LIFT_OBJECT_unanticipated__RQ2_R_H02_C05_F05,object_lift_height_cm < 9 AND finger_contacts < 5 AND lateral_friction <= 0.400,Threshold-only,<,9.0,<,5.0,<=,0.4,Lift Slip — Low Friction Surface,True,False,0.15128772030651327
diagnosed_LIFT_OBJECT_unanticipated__RQ2_R_H02_C05_F06,object_lift_height_cm < 9 AND finger_contacts < 5 AND lateral_friction <= 0.500,Threshold-only,<,9.0,<,5.0,<=,0.5,Lift Slip — Low Friction Surface,True,False,0.12906549808429113
diagnosed_LIFT_OBJECT_unanticipated__RQ2_R_H02_C05_F07,object_lift_height_cm < 9 AND finger_contacts < 5 AND lateral_friction <= 1.000,Threshold-only,<,9.0,<,5.0,<=,1.0,Lift Slip — Low Friction Surface,True,False,0.08462105363984673
diagnosed_LIFT_OBJECT_unanticipated__RQ2_R_H02_C05_F08,object_lift_height_cm < 9 AND finger_contacts < 5 AND lateral_friction >= 0.315,Combined,<,9.0,<,5.0,>=,0.315,Lift Slip — Low Friction Surface,True,False,0.04489883141762452
diagnosed_LIFT_OBJECT_unanticipated__RQ2_R_H02_C05_F09,object_lift_height_cm < 9 AND finger_contacts < 5 AND lateral_friction >= 0.500,Combined,<,9.0,<,5.0,>=,0.5,Lift Slip — Low Friction Surface,True,False,0.04017660919540211
diagnosed_LIFT_OBJECT_unanticipated__RQ2_R_H02_C05_F10,object_lift_height_cm < 9 AND finger_contacts < 5 AND lateral_friction >= 1.000,Combined,<,9.0,<,5.0,>=,1.0,Lift Slip — Low Friction Surface,True,False,0.04017660919540211
diagnosed_LIFT_OBJECT_unanticipated__RQ2_R_H02_C06_F01,object_lift_height_cm < 9 AND finger_contacts >= 1 AND lateral_friction <= 0.100,Combined,<,9.0,>=,1.0,<=,0.1,Lift Slip — Low Friction Surface,True,False,0.08184327586206885
diagnosed_LIFT_OBJECT_unanticipated__RQ2_R_H02_C06_F02,object_lift_height_cm < 9 AND finger_contacts >= 1 AND lateral_friction <= 0.300,Combined,<,9.0,>=,1.0,<=,0.3,Lift Slip — Low Friction Surface,True,False,0.13739883141762455
diagnosed_LIFT_OBJECT_unanticipated__RQ2_R_H02_C06_F03,object_lift_height_cm < 9 AND finger_contacts >= 1 AND lateral_friction <= 0.315,Combined,<,9.0,>=,1.0,<=,0.315,Lift Slip — Low Friction Surface,True,False,0.1415654980842913
diagnosed_LIFT_OBJECT_unanticipated__RQ2_R_H02_C06_F04,object_lift_height_cm < 9 AND finger_contacts >= 1 AND lateral_friction <= 0.330,Combined,<,9.0,>=,1.0,<=,0.33,Lift Slip — Low Friction Surface,True,False,0.14573216475095785
diagnosed_LIFT_OBJECT_unanticipated__RQ2_R_H02_C06_F05,object_lift_height_cm < 9 AND finger_contacts >= 1 AND lateral_friction <= 0.400,Combined,<,9.0,>=,1.0,<=,0.4,Lift Slip — Low Friction Surface,True,False,0.16517660919540234
diagnosed_LIFT_OBJECT_unanticipated__RQ2_R_H02_C06_F06,object_lift_height_cm < 9 AND finger_contacts >= 1 AND lateral_friction <= 0.500,Combined,<,9.0,>=,1.0,<=,0.5,Lift Slip — Low Friction Surface,True,False,0.14295438697318008
diagnosed_LIFT_OBJECT_unanticipated__RQ2_R_H02_C06_F07,object_lift_height_cm < 9 AND finger_contacts >= 1 AND lateral_friction <= 1.000,Combined,<,9.0,>=,1.0,<=,1.0,Lift Slip — Low Friction Surface,True,False,0.09850994252873568
diagnosed_LIFT_OBJECT_unanticipated__RQ2_R_H02_C06_F08,object_lift_height_cm < 9 AND finger_contacts >= 1 AND lateral_friction >= 0.315,Combined,<,9.0,>=,1.0,>=,0.315,Lift Slip — Low Friction Surface,True,False,0.05878772030651347
diagnosed_LIFT_OBJECT_unanticipated__RQ2_R_H02_C06_F09,object_lift_height_cm < 9 AND finger_contacts >= 1 AND lateral_friction >= 0.500,Combined,<,9.0,>=,1.0,>=,0.5,Lift Slip — Low Friction Surface,True,False,0.054065498084291175
diagnosed_LIFT_OBJECT_unanticipated__RQ2_R_H02_C06_F10,object_lift_height_cm < 9 AND finger_contacts >= 1 AND lateral_friction >= 1.000,Combined,<,9.0,>=,1.0,>=,1.0,Lift Slip — Low Friction Surface,True,False,0.054065498084291175
diagnosed_LIFT_OBJECT_unanticipated__RQ2_R_H02_C07_F01,object_lift_height_cm < 9 AND finger_contacts >= 2 AND lateral_friction <= 0.100,Combined,<,9.0,>=,2.0,<=,0.1,Lift Slip — Low Friction Surface,True,False,0.08184327586206885
diagnosed_LIFT_OBJECT_unanticipated__RQ2_R_H02_C07_F02,object_lift_height_cm < 9 AND finger_contacts >= 2 AND lateral_friction <= 0.300,Combined,<,9.0,>=,2.0,<=,0.3,Lift Slip — Low Friction Surface,True,False,0.13739883141762455
diagnosed_LIFT_OBJECT_unanticipated__RQ2_R_H02_C07_F03,object_lift_height_cm < 9 AND finger_contacts >= 2 AND lateral_friction <= 0.315,Combined,<,9.0,>=,2.0,<=,0.315,Lift Slip — Low Friction Surface,True,False,0.1415654980842913
diagnosed_LIFT_OBJECT_unanticipated__RQ2_R_H02_C07_F04,object_lift_height_cm < 9 AND finger_contacts >= 2 AND lateral_friction <= 0.330,Combined,<,9.0,>=,2.0,<=,0.33,Lift Slip — Low Friction Surface,True,False,0.14573216475095785
diagnosed_LIFT_OBJECT_unanticipated__RQ2_R_H02_C07_F05,object_lift_height_cm < 9 AND finger_contacts >= 2 AND lateral_friction <= 0.400,Combined,<,9.0,>=,2.0,<=,0.4,Lift Slip — Low Friction Surface,True,False,0.16517660919540234
diagnosed_LIFT_OBJECT_unanticipated__RQ2_R_H02_C07_F06,object_lift_height_cm < 9 AND finger_contacts >= 2 AND lateral_friction <= 0.500,Combined,<,9.0,>=,2.0,<=,0.5,Lift Slip — Low Friction Surface,True,False,0.14295438697318008
diagnosed_LIFT_OBJECT_unanticipated__RQ2_R_H02_C07_F07,object_lift_height_cm < 9 AND finger_contacts >= 2 AND lateral_friction <= 1.000,Combined,<,9.0,>=,2.0,<=,1.0,Lift Slip — Low Friction Surface,True,False,0.09850994252873568
diagnosed_LIFT_OBJECT_unanticipated__RQ2_R_H02_C07_F08,object_lift_height_cm < 9 AND finger_contacts >= 2 AND lateral_friction >= 0.315,Combined,<,9.0,>=,2.0,>=,0.315,Lift Slip — Low Friction Surface,True,False,0.05878772030651347
diagnosed_LIFT_OBJECT_unanticipated__RQ2_R_H02_C07_F09,object_lift_height_cm < 9 AND finger_contacts >= 2 AND lateral_friction >= 0.500,Combined,<,9.0,>=,2.0,>=,0.5,Lift Slip — Low Friction Surface,True,False,0.054065498084291175
diagnosed_LIFT_OBJECT_unanticipated__RQ2_R_H02_C07_F10,object_lift_height_cm < 9 AND finger_contacts >= 2 AND lateral_friction >= 1.000,Combined,<,9.0,>=,2.0,>=,1.0,Lift Slip — Low Friction Surface,True,False,0.054065498084291175
diagnosed_LIFT_OBJECT_unanticipated__RQ2_R_H02_C08_F01,object_lift_height_cm < 9 AND finger_contacts >= 3 AND lateral_friction <= 0.100,Combined,<,9.0,>=,3.0,<=,0.1,Lift Slip — Low Friction Surface,True,False,0.08184327586206885
diagnosed_LIFT_OBJECT_unanticipated__RQ2_R_H02_C08_F02,object_lift_height_cm < 9 AND finger_contacts >= 3 AND lateral_friction <= 0.300,Combined,<,9.0,>=,3.0,<=,0.3,Lift Slip — Low Friction Surface,True,False,0.13739883141762455
diagnosed_LIFT_OBJECT_unanticipated__RQ2_R_H02_C08_F03,object_lift_height_cm < 9 AND finger_contacts >= 3 AND lateral_friction <= 0.315,Combined,<,9.0,>=,3.0,<=,0.315,Lift Slip — Low Friction Surface,True,False,0.1415654980842913
diagnosed_LIFT_OBJECT_unanticipated__RQ2_R_H02_C08_F04,object_lift_height_cm < 9 AND finger_contacts >= 3 AND lateral_friction <= 0.330,Combined,<,9.0,>=,3.0,<=,0.33,Lift Slip — Low Friction Surface,True,False,0.14573216475095785
diagnosed_LIFT_OBJECT_unanticipated__RQ2_R_H02_C08_F05,object_lift_height_cm < 9 AND finger_contacts >= 3 AND lateral_friction <= 0.400,Combined,<,9.0,>=,3.0,<=,0.4,Lift Slip — Low Friction Surface,True,False,0.16517660919540234
diagnosed_LIFT_OBJECT_unanticipated__RQ2_R_H02_C08_F06,object_lift_height_cm < 9 AND finger_contacts >= 3 AND lateral_friction <= 0.500,Combined,<,9.0,>=,3.0,<=,0.5,Lift Slip — Low Friction Surface,True,False,0.14295438697318008
diagnosed_LIFT_OBJECT_unanticipated__RQ2_R_H02_C08_F07,object_lift_height_cm < 9 AND finger_contacts >= 3 AND lateral_friction <= 1.000,Combined,<,9.0,>=,3.0,<=,1.0,Lift Slip — Low Friction Surface,True,False,0.09850994252873568
diagnosed_LIFT_OBJECT_unanticipated__RQ2_R_H02_C08_F08,object_lift_height_cm < 9 AND finger_contacts >= 3 AND lateral_friction >= 0.315,Combined,<,9.0,>=,3.0,>=,0.315,Lift Slip — Low Friction Surface,True,False,0.05878772030651347
diagnosed_LIFT_OBJECT_unanticipated__RQ2_R_H02_C08_F09,object_lift_height_cm < 9 AND finger_contacts >= 3 AND lateral_friction >= 0.500,Combined,<,9.0,>=,3.0,>=,0.5,Lift Slip — Low Friction Surface,True,False,0.054065498084291175
diagnosed_LIFT_OBJECT_unanticipated__RQ2_R_H02_C08_F10,object_lift_height_cm < 9 AND finger_contacts >= 3 AND lateral_friction >= 1.000,Combined,<,9.0,>=,3.0,>=,1.0,Lift Slip — Low Friction Surface,True,False,0.054065498084291175
diagnosed_LIFT_OBJECT_unanticipated__RQ2_R_H02_C09_F01,object_lift_height_cm < 9 AND finger_contacts >= 4 AND lateral_friction <= 0.100,Combined,<,9.0,>=,4.0,<=,0.1,Lift Slip — Low Friction Surface,True,False,0.08184327586206885
diagnosed_LIFT_OBJECT_unanticipated__RQ2_R_H02_C09_F02,object_lift_height_cm < 9 AND finger_contacts >= 4 AND lateral_friction <= 0.300,Combined,<,9.0,>=,4.0,<=,0.3,Lift Slip — Low Friction Surface,True,False,0.13739883141762455
diagnosed_LIFT_OBJECT_unanticipated__RQ2_R_H02_C09_F03,object_lift_height_cm < 9 AND finger_contacts >= 4 AND lateral_friction <= 0.315,Combined,<,9.0,>=,4.0,<=,0.315,Lift Slip — Low Friction Surface,True,False,0.1415654980842913
diagnosed_LIFT_OBJECT_unanticipated__RQ2_R_H02_C09_F04,object_lift_height_cm < 9 AND finger_contacts >= 4 AND lateral_friction <= 0.330,Combined,<,9.0,>=,4.0,<=,0.33,Lift Slip — Low Friction Surface,True,False,0.14573216475095785
diagnosed_LIFT_OBJECT_unanticipated__RQ2_R_H02_C09_F05,object_lift_height_cm < 9 AND finger_contacts >= 4 AND lateral_friction <= 0.400,Combined,<,9.0,>=,4.0,<=,0.4,Lift Slip — Low Friction Surface,True,False,0.16517660919540234
diagnosed_LIFT_OBJECT_unanticipated__RQ2_R_H02_C09_F06,object_lift_height_cm < 9 AND finger_contacts >= 4 AND lateral_friction <= 0.500,Combined,<,9.0,>=,4.0,<=,0.5,Lift Slip — Low Friction Surface,True,False,0.14295438697318008
diagnosed_LIFT_OBJECT_unanticipated__RQ2_R_H02_C09_F07,object_lift_height_cm < 9 AND finger_contacts >= 4 AND lateral_friction <= 1.000,Combined,<,9.0,>=,4.0,<=,1.0,Lift Slip — Low Friction Surface,True,False,0.09850994252873568
diagnosed_LIFT_OBJECT_unanticipated__RQ2_R_H02_C09_F08,object_lift_height_cm < 9 AND finger_contacts >= 4 AND lateral_friction >= 0.315,Combined,<,9.0,>=,4.0,>=,0.315,Lift Slip — Low Friction Surface,True,False,0.05878772030651347
diagnosed_LIFT_OBJECT_unanticipated__RQ2_R_H02_C09_F09,object_lift_height_cm < 9 AND finger_contacts >= 4 AND lateral_friction >= 0.500,Combined,<,9.0,>=,4.0,>=,0.5,Lift Slip — Low Friction Surface,True,False,0.054065498084291175
diagnosed_LIFT_OBJECT_unanticipated__RQ2_R_H02_C09_F10,object_lift_height_cm < 9 AND finger_contacts >= 4 AND lateral_friction >= 1.000,Combined,<,9.0,>=,4.0,>=,1.0,Lift Slip — Low Friction Surface,True,False,0.054065498084291175
diagnosed_LIFT_OBJECT_unanticipated__RQ2_R_H02_C10_F01,object_lift_height_cm < 9 AND finger_contacts >= 5 AND lateral_friction <= 0.100,Combined,<,9.0,>=,5.0,<=,0.1,Lift Slip — Low Friction Surface,True,False,0.08184327586206885
diagnosed_LIFT_OBJECT_unanticipated__RQ2_R_H02_C10_F02,object_lift_height_cm < 9 AND finger_contacts >= 5 AND lateral_friction <= 0.300,Combined,<,9.0,>=,5.0,<=,0.3,Lift Slip — Low Friction Surface,True,False,0.13739883141762455
diagnosed_LIFT_OBJECT_unanticipated__RQ2_R_H02_C10_F03,object_lift_height_cm < 9 AND finger_contacts >= 5 AND lateral_friction <= 0.315,Combined,<,9.0,>=,5.0,<=,0.315,Lift Slip — Low Friction Surface,True,False,0.1415654980842913
diagnosed_LIFT_OBJECT_unanticipated__RQ2_R_H02_C10_F04,object_lift_height_cm < 9 AND finger_contacts >= 5 AND lateral_friction <= 0.330,Combined,<,9.0,>=,5.0,<=,0.33,Lift Slip — Low Friction Surface,True,False,0.14573216475095785
diagnosed_LIFT_OBJECT_unanticipated__RQ2_R_H02_C10_F05,object_lift_height_cm < 9 AND finger_contacts >= 5 AND lateral_friction <= 0.400,Combined,<,9.0,>=,5.0,<=,0.4,Lift Slip — Low Friction Surface,True,False,0.16517660919540234
diagnosed_LIFT_OBJECT_unanticipated__RQ2_R_H02_C10_F06,object_lift_height_cm < 9 AND finger_contacts >= 5 AND lateral_friction <= 0.500,Combined,<,9.0,>=,5.0,<=,0.5,Lift Slip — Low Friction Surface,True,False,0.14295438697318008
diagnosed_LIFT_OBJECT_unanticipated__RQ2_R_H02_C10_F07,object_lift_height_cm < 9 AND finger_contacts >= 5 AND lateral_friction <= 1.000,Combined,<,9.0,>=,5.0,<=,1.0,Lift Slip — Low Friction Surface,True,False,0.09850994252873568
diagnosed_LIFT_OBJECT_unanticipated__RQ2_R_H02_C10_F08,object_lift_height_cm < 9 AND finger_contacts >= 5 AND lateral_friction >= 0.315,Combined,<,9.0,>=,5.0,>=,0.315,Lift Slip — Low Friction Surface,True,False,0.05878772030651347
diagnosed_LIFT_OBJECT_unanticipated__RQ2_R_H02_C10_F09,object_lift_height_cm < 9 AND finger_contacts >= 5 AND lateral_friction >= 0.500,Combined,<,9.0,>=,5.0,>=,0.5,Lift Slip — Low Friction Surface,True,False,0.054065498084291175
diagnosed_LIFT_OBJECT_unanticipated__RQ2_R_H02_C10_F10,object_lift_height_cm < 9 AND finger_contacts >= 5 AND lateral_friction >= 1.000,Combined,<,9.0,>=,5.0,>=,1.0,Lift Slip — Low Friction Surface,True,False,0.054065498084291175
diagnosed_LIFT_OBJECT_unanticipated__RQ2_R_H03_C01_F01,object_lift_height_cm < 10 AND finger_contacts < 1 AND lateral_friction <= 0.100,Threshold-only,<,10.0,<,1.0,<=,0.1,Lift Slip — Low Friction Surface,True,False,0.07567049808429127
diagnosed_LIFT_OBJECT_unanticipated__RQ2_R_H03_C01_F02,object_lift_height_cm < 10 AND finger_contacts < 1 AND lateral_friction <= 0.300,Threshold-only,<,10.0,<,1.0,<=,0.3,Lift Slip — Low Friction Surface,True,False,0.13122605363984674
diagnosed_LIFT_OBJECT_unanticipated__RQ2_R_H03_C01_F03,object_lift_height_cm < 10 AND finger_contacts < 1 AND lateral_friction <= 0.315,Threshold-only,<,10.0,<,1.0,<=,0.315,Lift Slip — Low Friction Surface,True,False,0.13539272030651328
diagnosed_LIFT_OBJECT_unanticipated__RQ2_R_H03_C01_F04,object_lift_height_cm < 10 AND finger_contacts < 1 AND lateral_friction <= 0.330,Threshold-only,<,10.0,<,1.0,<=,0.33,Lift Slip — Low Friction Surface,True,False,0.13955938697318004
diagnosed_LIFT_OBJECT_unanticipated__RQ2_R_H03_C01_F05,object_lift_height_cm < 10 AND finger_contacts < 1 AND lateral_friction <= 0.400,Threshold-only,<,10.0,<,1.0,<=,0.4,Lift Slip — Low Friction Surface,True,False,0.15900383141762442
diagnosed_LIFT_OBJECT_unanticipated__RQ2_R_H03_C01_F06,object_lift_height_cm < 10 AND finger_contacts < 1 AND lateral_friction <= 0.500,Threshold-only,<,10.0,<,1.0,<=,0.5,Lift Slip — Low Friction Surface,True,False,0.13678160919540228
diagnosed_LIFT_OBJECT_unanticipated__RQ2_R_H03_C01_F07,object_lift_height_cm < 10 AND finger_contacts < 1 AND lateral_friction <= 1.000,Threshold-only,<,10.0,<,1.0,<=,1.0,Lift Slip — Low Friction Surface,True,False,0.09233716475095788
diagnosed_LIFT_OBJECT_unanticipated__RQ2_R_H03_C01_F08,object_lift_height_cm < 10 AND finger_contacts < 1 AND lateral_friction >= 0.315,Combined,<,10.0,<,1.0,>=,0.315,Lift Slip — Low Friction Surface,True,False,0.052614942528735664
diagnosed_LIFT_OBJECT_unanticipated__RQ2_R_H03_C01_F09,object_lift_height_cm < 10 AND finger_contacts < 1 AND lateral_friction >= 0.500,Combined,<,10.0,<,1.0,>=,0.5,Lift Slip — Low Friction Surface,True,False,0.04789272030651326
diagnosed_LIFT_OBJECT_unanticipated__RQ2_R_H03_C01_F10,object_lift_height_cm < 10 AND finger_contacts < 1 AND lateral_friction >= 1.000,Combined,<,10.0,<,1.0,>=,1.0,Lift Slip — Low Friction Surface,True,False,0.04789272030651326
diagnosed_LIFT_OBJECT_unanticipated__RQ2_R_H03_C02_F01,object_lift_height_cm < 10 AND finger_contacts < 2 AND lateral_friction <= 0.100,Threshold-only,<,10.0,<,2.0,<=,0.1,Lift Slip — Low Friction Surface,True,False,0.02011494252873558
diagnosed_LIFT_OBJECT_unanticipated__RQ2_R_H03_C02_F05,object_lift_height_cm < 10 AND finger_contacts < 2 AND lateral_friction <= 0.400,Threshold-only,<,10.0,<,2.0,<=,0.4,Lift Slip — Low Friction Surface,True,False,0.10344827586206895
diagnosed_LIFT_OBJECT_unanticipated__RQ2_R_H03_C02_F06,object_lift_height_cm < 10 AND finger_contacts < 2 AND lateral_friction <= 0.500,Threshold-only,<,10.0,<,2.0,<=,0.5,Lift Slip — Low Friction Surface,True,False,0.0812260536398467
diagnosed_LIFT_OBJECT_unanticipated__RQ2_R_H03_C02_F07,object_lift_height_cm < 10 AND finger_contacts < 2 AND lateral_friction <= 1.000,Threshold-only,<,10.0,<,2.0,<=,1.0,Lift Slip — Low Friction Surface,True,False,0.03678160919540219
diagnosed_LIFT_OBJECT_unanticipated__RQ2_R_H03_C02_F08,object_lift_height_cm < 10 AND finger_contacts < 2 AND lateral_friction >= 0.315,Operator-only,<,10.0,<,2.0,>=,0.315,Parallel Arm Lift — Contact Loss,False,False,-0.002940613026820027
diagnosed_LIFT_OBJECT_unanticipated__RQ2_R_H03_C02_F09,object_lift_height_cm < 10 AND finger_contacts < 2 AND lateral_friction >= 0.500,Combined,<,10.0,<,2.0,>=,0.5,Parallel Arm Lift — Contact Loss,False,False,-0.00766283524904221
diagnosed_LIFT_OBJECT_unanticipated__RQ2_R_H03_C02_F10,object_lift_height_cm < 10 AND finger_contacts < 2 AND lateral_friction >= 1.000,Combined,<,10.0,<,2.0,>=,1.0,Parallel Arm Lift — Contact Loss,False,False,-0.00766283524904221
diagnosed_LIFT_OBJECT_unanticipated__RQ2_R_H03_C03_F01,object_lift_height_cm < 10 AND finger_contacts < 3 AND lateral_friction <= 0.100,Threshold-only,<,10.0,<,3.0,<=,0.1,Lift Slip — Low Friction Surface,True,False,0.04789272030651348
diagnosed_LIFT_OBJECT_unanticipated__RQ2_R_H03_C03_F02,object_lift_height_cm < 10 AND finger_contacts < 3 AND lateral_friction <= 0.300,Threshold-only,<,10.0,<,3.0,<=,0.3,Lift Slip — Low Friction Surface,True,False,0.10344827586206895
diagnosed_LIFT_OBJECT_unanticipated__RQ2_R_H03_C03_F03,object_lift_height_cm < 10 AND finger_contacts < 3 AND lateral_friction <= 0.315,Threshold-only,<,10.0,<,3.0,<=,0.315,Lift Slip — Low Friction Surface,True,False,0.10761494252873571
diagnosed_LIFT_OBJECT_unanticipated__RQ2_R_H03_C03_F04,object_lift_height_cm < 10 AND finger_contacts < 3 AND lateral_friction <= 0.330,Threshold-only,<,10.0,<,3.0,<=,0.33,Lift Slip — Low Friction Surface,True,False,0.11178160919540225
diagnosed_LIFT_OBJECT_unanticipated__RQ2_R_H03_C03_F05,object_lift_height_cm < 10 AND finger_contacts < 3 AND lateral_friction <= 0.400,Threshold-only,<,10.0,<,3.0,<=,0.4,Lift Slip — Low Friction Surface,True,False,0.13122605363984685
diagnosed_LIFT_OBJECT_unanticipated__RQ2_R_H03_C03_F06,object_lift_height_cm < 10 AND finger_contacts < 3 AND lateral_friction <= 0.500,Threshold-only,<,10.0,<,3.0,<=,0.5,Lift Slip — Low Friction Surface,True,False,0.10900383141762449
diagnosed_LIFT_OBJECT_unanticipated__RQ2_R_H03_C03_F07,object_lift_height_cm < 10 AND finger_contacts < 3 AND lateral_friction <= 1.000,Threshold-only,<,10.0,<,3.0,<=,1.0,Lift Slip — Low Friction Surface,True,False,0.06455938697318009
diagnosed_LIFT_OBJECT_unanticipated__RQ2_R_H03_C03_F08,object_lift_height_cm < 10 AND finger_contacts < 3 AND lateral_friction >= 0.315,Combined,<,10.0,<,3.0,>=,0.315,Lift Slip — Low Friction Surface,True,False,0.024837164750957874
diagnosed_LIFT_OBJECT_unanticipated__RQ2_R_H03_C03_F09,object_lift_height_cm < 10 AND finger_contacts < 3 AND lateral_friction >= 0.500,Combined,<,10.0,<,3.0,>=,0.5,Lift Slip — Low Friction Surface,True,False,0.02011494252873569
diagnosed_LIFT_OBJECT_unanticipated__RQ2_R_H03_C03_F10,object_lift_height_cm < 10 AND finger_contacts < 3 AND lateral_friction >= 1.000,Combined,<,10.0,<,3.0,>=,1.0,Lift Slip — Low Friction Surface,True,False,0.02011494252873569
diagnosed_LIFT_OBJECT_unanticipated__RQ2_R_H03_C04_F01,object_lift_height_cm < 10 AND finger_contacts < 4 AND lateral_friction <= 0.100,Threshold-only,<,10.0,<,4.0,<=,0.1,Lift Slip — Low Friction Surface,True,False,0.057152164750957746
diagnosed_LIFT_OBJECT_unanticipated__RQ2_R_H03_C04_F02,object_lift_height_cm < 10 AND finger_contacts < 4 AND lateral_friction <= 0.300,Threshold-only,<,10.0,<,4.0,<=,0.3,Lift Slip — Low Friction Surface,True,False,0.11270772030651344
diagnosed_LIFT_OBJECT_unanticipated__RQ2_R_H03_C04_F03,object_lift_height_cm < 10 AND finger_contacts < 4 AND lateral_friction <= 0.315,Threshold-only,<,10.0,<,4.0,<=,0.315,Lift Slip — Low Friction Surface,True,False,0.11687438697317998
diagnosed_LIFT_OBJECT_unanticipated__RQ2_R_H03_C04_F04,object_lift_height_cm < 10 AND finger_contacts < 4 AND lateral_friction <= 0.330,Threshold-only,<,10.0,<,4.0,<=,0.33,Lift Slip — Low Friction Surface,True,False,0.12104105363984674
diagnosed_LIFT_OBJECT_unanticipated__RQ2_R_H03_C04_F05,object_lift_height_cm < 10 AND finger_contacts < 4 AND lateral_friction <= 0.400,Threshold-only,<,10.0,<,4.0,<=,0.4,Lift Slip — Low Friction Surface,True,False,0.14048549808429112
diagnosed_LIFT_OBJECT_unanticipated__RQ2_R_H03_C04_F06,object_lift_height_cm < 10 AND finger_contacts < 4 AND lateral_friction <= 0.500,Threshold-only,<,10.0,<,4.0,<=,0.5,Lift Slip — Low Friction Surface,True,False,0.11826327586206897
diagnosed_LIFT_OBJECT_unanticipated__RQ2_R_H03_C04_F07,object_lift_height_cm < 10 AND finger_contacts < 4 AND lateral_friction <= 1.000,Threshold-only,<,10.0,<,4.0,<=,1.0,Lift Slip — Low Friction Surface,True,False,0.07381883141762446
diagnosed_LIFT_OBJECT_unanticipated__RQ2_R_H03_C04_F08,object_lift_height_cm < 10 AND finger_contacts < 4 AND lateral_friction >= 0.315,Combined,<,10.0,<,4.0,>=,0.315,Lift Slip — Low Friction Surface,True,False,0.03409660919540225
diagnosed_LIFT_OBJECT_unanticipated__RQ2_R_H03_C04_F09,object_lift_height_cm < 10 AND finger_contacts < 4 AND lateral_friction >= 0.500,Combined,<,10.0,<,4.0,>=,0.5,Lift Slip — Low Friction Surface,True,False,0.029374386973179956
diagnosed_LIFT_OBJECT_unanticipated__RQ2_R_H03_C04_F10,object_lift_height_cm < 10 AND finger_contacts < 4 AND lateral_friction >= 1.000,Combined,<,10.0,<,4.0,>=,1.0,Lift Slip — Low Friction Surface,True,False,0.029374386973179956
diagnosed_LIFT_OBJECT_unanticipated__RQ2_R_H03_C05_F01,object_lift_height_cm < 10 AND finger_contacts < 5 AND lateral_friction <= 0.100,Threshold-only,<,10.0,<,5.0,<=,0.1,Lift Slip — Low Friction Surface,True,False,0.06178160919540232
diagnosed_LIFT_OBJECT_unanticipated__RQ2_R_H03_C05_F02,object_lift_height_cm < 10 AND finger_contacts < 5 AND lateral_friction <= 0.300,Threshold-only,<,10.0,<,5.0,<=,0.3,Lift Slip — Low Friction Surface,True,False,0.11733716475095779
diagnosed_LIFT_OBJECT_unanticipated__RQ2_R_H03_C05_F03,object_lift_height_cm < 10 AND finger_contacts < 5 AND lateral_friction <= 0.315,Threshold-only,<,10.0,<,5.0,<=,0.315,Lift Slip — Low Friction Surface,True,False,0.12150383141762455
diagnosed_LIFT_OBJECT_unanticipated__RQ2_R_H03_C05_F04,object_lift_height_cm < 10 AND finger_contacts < 5 AND lateral_friction <= 0.330,Threshold-only,<,10.0,<,5.0,<=,0.33,Lift Slip — Low Friction Surface,True,False,0.1256704980842912
diagnosed_LIFT_OBJECT_unanticipated__RQ2_R_H03_C05_F05,object_lift_height_cm < 10 AND finger_contacts < 5 AND lateral_friction <= 0.400,Threshold-only,<,10.0,<,5.0,<=,0.4,Lift Slip — Low Friction Surface,True,False,0.14511494252873558
diagnosed_LIFT_OBJECT_unanticipated__RQ2_R_H03_C05_F06,object_lift_height_cm < 10 AND finger_contacts < 5 AND lateral_friction <= 0.500,Threshold-only,<,10.0,<,5.0,<=,0.5,Lift Slip — Low Friction Surface,True,False,0.12289272030651333
diagnosed_LIFT_OBJECT_unanticipated__RQ2_R_H03_C05_F07,object_lift_height_cm < 10 AND finger_contacts < 5 AND lateral_friction <= 1.000,Threshold-only,<,10.0,<,5.0,<=,1.0,Lift Slip — Low Friction Surface,True,False,0.07844827586206893
diagnosed_LIFT_OBJECT_unanticipated__RQ2_R_H03_C05_F08,object_lift_height_cm < 10 AND finger_contacts < 5 AND lateral_friction >= 0.315,Combined,<,10.0,<,5.0,>=,0.315,Lift Slip — Low Friction Surface,True,False,0.038726053639846714
diagnosed_LIFT_OBJECT_unanticipated__RQ2_R_H03_C05_F09,object_lift_height_cm < 10 AND finger_contacts < 5 AND lateral_friction >= 0.500,Combined,<,10.0,<,5.0,>=,0.5,Lift Slip — Low Friction Surface,True,False,0.03400383141762464
diagnosed_LIFT_OBJECT_unanticipated__RQ2_R_H03_C05_F10,object_lift_height_cm < 10 AND finger_contacts < 5 AND lateral_friction >= 1.000,Combined,<,10.0,<,5.0,>=,1.0,Lift Slip — Low Friction Surface,True,False,0.03400383141762464
diagnosed_LIFT_OBJECT_unanticipated__RQ2_R_H03_C06_F01,object_lift_height_cm < 10 AND finger_contacts >= 1 AND lateral_friction <= 0.100,Combined,<,10.0,>=,1.0,<=,0.1,Lift Slip — Low Friction Surface,True,False,0.07567049808429127
diagnosed_LIFT_OBJECT_unanticipated__RQ2_R_H03_C06_F02,object_lift_height_cm < 10 AND finger_contacts >= 1 AND lateral_friction <= 0.300,Combined,<,10.0,>=,1.0,<=,0.3,Lift Slip — Low Friction Surface,True,False,0.13122605363984674
diagnosed_LIFT_OBJECT_unanticipated__RQ2_R_H03_C06_F03,object_lift_height_cm < 10 AND finger_contacts >= 1 AND lateral_friction <= 0.315,Combined,<,10.0,>=,1.0,<=,0.315,Lift Slip — Low Friction Surface,True,False,0.13539272030651328
diagnosed_LIFT_OBJECT_unanticipated__RQ2_R_H03_C06_F04,object_lift_height_cm < 10 AND finger_contacts >= 1 AND lateral_friction <= 0.330,Combined,<,10.0,>=,1.0,<=,0.33,Lift Slip — Low Friction Surface,True,False,0.13955938697318004
diagnosed_LIFT_OBJECT_unanticipated__RQ2_R_H03_C06_F05,object_lift_height_cm < 10 AND finger_contacts >= 1 AND lateral_friction <= 0.400,Combined,<,10.0,>=,1.0,<=,0.4,Lift Slip — Low Friction Surface,True,False,0.15900383141762442
diagnosed_LIFT_OBJECT_unanticipated__RQ2_R_H03_C06_F06,object_lift_height_cm < 10 AND finger_contacts >= 1 AND lateral_friction <= 0.500,Combined,<,10.0,>=,1.0,<=,0.5,Lift Slip — Low Friction Surface,True,False,0.13678160919540228
diagnosed_LIFT_OBJECT_unanticipated__RQ2_R_H03_C06_F07,object_lift_height_cm < 10 AND finger_contacts >= 1 AND lateral_friction <= 1.000,Combined,<,10.0,>=,1.0,<=,1.0,Lift Slip — Low Friction Surface,True,False,0.09233716475095788
diagnosed_LIFT_OBJECT_unanticipated__RQ2_R_H03_C06_F08,object_lift_height_cm < 10 AND finger_contacts >= 1 AND lateral_friction >= 0.315,Combined,<,10.0,>=,1.0,>=,0.315,Lift Slip — Low Friction Surface,True,False,0.052614942528735664
diagnosed_LIFT_OBJECT_unanticipated__RQ2_R_H03_C06_F09,object_lift_height_cm < 10 AND finger_contacts >= 1 AND lateral_friction >= 0.500,Combined,<,10.0,>=,1.0,>=,0.5,Lift Slip — Low Friction Surface,True,False,0.04789272030651326
diagnosed_LIFT_OBJECT_unanticipated__RQ2_R_H03_C06_F10,object_lift_height_cm < 10 AND finger_contacts >= 1 AND lateral_friction >= 1.000,Combined,<,10.0,>=,1.0,>=,1.0,Lift Slip — Low Friction Surface,True,False,0.04789272030651326
diagnosed_LIFT_OBJECT_unanticipated__RQ2_R_H03_C07_F01,object_lift_height_cm < 10 AND finger_contacts >= 2 AND lateral_friction <= 0.100,Combined,<,10.0,>=,2.0,<=,0.1,Lift Slip — Low Friction Surface,True,False,0.07567049808429127
diagnosed_LIFT_OBJECT_unanticipated__RQ2_R_H03_C07_F02,object_lift_height_cm < 10 AND finger_contacts >= 2 AND lateral_friction <= 0.300,Combined,<,10.0,>=,2.0,<=,0.3,Lift Slip — Low Friction Surface,True,False,0.13122605363984674
diagnosed_LIFT_OBJECT_unanticipated__RQ2_R_H03_C07_F03,object_lift_height_cm < 10 AND finger_contacts >= 2 AND lateral_friction <= 0.315,Operator-only,<,10.0,>=,2.0,<=,0.315,Lift Slip — Low Friction Surface,True,False,0.13539272030651328
diagnosed_LIFT_OBJECT_unanticipated__RQ2_R_H03_C07_F04,object_lift_height_cm < 10 AND finger_contacts >= 2 AND lateral_friction <= 0.330,Combined,<,10.0,>=,2.0,<=,0.33,Lift Slip — Low Friction Surface,True,False,0.13955938697318004
diagnosed_LIFT_OBJECT_unanticipated__RQ2_R_H03_C07_F05,object_lift_height_cm < 10 AND finger_contacts >= 2 AND lateral_friction <= 0.400,Combined,<,10.0,>=,2.0,<=,0.4,Lift Slip — Low Friction Surface,True,False,0.15900383141762442
diagnosed_LIFT_OBJECT_unanticipated__RQ2_R_H03_C07_F06,object_lift_height_cm < 10 AND finger_contacts >= 2 AND lateral_friction <= 0.500,Combined,<,10.0,>=,2.0,<=,0.5,Lift Slip — Low Friction Surface,True,False,0.13678160919540228
diagnosed_LIFT_OBJECT_unanticipated__RQ2_R_H03_C07_F07,object_lift_height_cm < 10 AND finger_contacts >= 2 AND lateral_friction <= 1.000,Combined,<,10.0,>=,2.0,<=,1.0,Lift Slip — Low Friction Surface,True,False,0.09233716475095788
diagnosed_LIFT_OBJECT_unanticipated__RQ2_R_H03_C07_F08,object_lift_height_cm < 10 AND finger_contacts >= 2 AND lateral_friction >= 0.315,Operator-only,<,10.0,>=,2.0,>=,0.315,Lift Slip — Low Friction Surface,True,False,0.052614942528735664
diagnosed_LIFT_OBJECT_unanticipated__RQ2_R_H03_C07_F09,object_lift_height_cm < 10 AND finger_contacts >= 2 AND lateral_friction >= 0.500,Combined,<,10.0,>=,2.0,>=,0.5,Lift Slip — Low Friction Surface,True,False,0.04789272030651326
diagnosed_LIFT_OBJECT_unanticipated__RQ2_R_H03_C07_F10,object_lift_height_cm < 10 AND finger_contacts >= 2 AND lateral_friction >= 1.000,Combined,<,10.0,>=,2.0,>=,1.0,Lift Slip — Low Friction Surface,True,False,0.04789272030651326
diagnosed_LIFT_OBJECT_unanticipated__RQ2_R_H03_C08_F01,object_lift_height_cm < 10 AND finger_contacts >= 3 AND lateral_friction <= 0.100,Combined,<,10.0,>=,3.0,<=,0.1,Lift Slip — Low Friction Surface,True,False,0.07567049808429127
diagnosed_LIFT_OBJECT_unanticipated__RQ2_R_H03_C08_F02,object_lift_height_cm < 10 AND finger_contacts >= 3 AND lateral_friction <= 0.300,Combined,<,10.0,>=,3.0,<=,0.3,Lift Slip — Low Friction Surface,True,False,0.13122605363984674
diagnosed_LIFT_OBJECT_unanticipated__RQ2_R_H03_C08_F03,object_lift_height_cm < 10 AND finger_contacts >= 3 AND lateral_friction <= 0.315,Combined,<,10.0,>=,3.0,<=,0.315,Lift Slip — Low Friction Surface,True,False,0.13539272030651328
diagnosed_LIFT_OBJECT_unanticipated__RQ2_R_H03_C08_F04,object_lift_height_cm < 10 AND finger_contacts >= 3 AND lateral_friction <= 0.330,Combined,<,10.0,>=,3.0,<=,0.33,Lift Slip — Low Friction Surface,True,False,0.13955938697318004
diagnosed_LIFT_OBJECT_unanticipated__RQ2_R_H03_C08_F05,object_lift_height_cm < 10 AND finger_contacts >= 3 AND lateral_friction <= 0.400,Combined,<,10.0,>=,3.0,<=,0.4,Lift Slip — Low Friction Surface,True,False,0.15900383141762442
diagnosed_LIFT_OBJECT_unanticipated__RQ2_R_H03_C08_F06,object_lift_height_cm < 10 AND finger_contacts >= 3 AND lateral_friction <= 0.500,Combined,<,10.0,>=,3.0,<=,0.5,Lift Slip — Low Friction Surface,True,False,0.13678160919540228
diagnosed_LIFT_OBJECT_unanticipated__RQ2_R_H03_C08_F07,object_lift_height_cm < 10 AND finger_contacts >= 3 AND lateral_friction <= 1.000,Combined,<,10.0,>=,3.0,<=,1.0,Lift Slip — Low Friction Surface,True,False,0.09233716475095788
diagnosed_LIFT_OBJECT_unanticipated__RQ2_R_H03_C08_F08,object_lift_height_cm < 10 AND finger_contacts >= 3 AND lateral_friction >= 0.315,Combined,<,10.0,>=,3.0,>=,0.315,Lift Slip — Low Friction Surface,True,False,0.052614942528735664
diagnosed_LIFT_OBJECT_unanticipated__RQ2_R_H03_C08_F09,object_lift_height_cm < 10 AND finger_contacts >= 3 AND lateral_friction >= 0.500,Combined,<,10.0,>=,3.0,>=,0.5,Lift Slip — Low Friction Surface,True,False,0.04789272030651326
diagnosed_LIFT_OBJECT_unanticipated__RQ2_R_H03_C08_F10,object_lift_height_cm < 10 AND finger_contacts >= 3 AND lateral_friction >= 1.000,Combined,<,10.0,>=,3.0,>=,1.0,Lift Slip — Low Friction Surface,True,False,0.04789272030651326
diagnosed_LIFT_OBJECT_unanticipated__RQ2_R_H03_C09_F01,object_lift_height_cm < 10 AND finger_contacts >= 4 AND lateral_friction <= 0.100,Combined,<,10.0,>=,4.0,<=,0.1,Lift Slip — Low Friction Surface,True,False,0.07567049808429127
diagnosed_LIFT_OBJECT_unanticipated__RQ2_R_H03_C09_F02,object_lift_height_cm < 10 AND finger_contacts >= 4 AND lateral_friction <= 0.300,Combined,<,10.0,>=,4.0,<=,0.3,Lift Slip — Low Friction Surface,True,False,0.13122605363984674
diagnosed_LIFT_OBJECT_unanticipated__RQ2_R_H03_C09_F03,object_lift_height_cm < 10 AND finger_contacts >= 4 AND lateral_friction <= 0.315,Combined,<,10.0,>=,4.0,<=,0.315,Lift Slip — Low Friction Surface,True,False,0.13539272030651328
diagnosed_LIFT_OBJECT_unanticipated__RQ2_R_H03_C09_F04,object_lift_height_cm < 10 AND finger_contacts >= 4 AND lateral_friction <= 0.330,Combined,<,10.0,>=,4.0,<=,0.33,Lift Slip — Low Friction Surface,True,False,0.13955938697318004
diagnosed_LIFT_OBJECT_unanticipated__RQ2_R_H03_C09_F05,object_lift_height_cm < 10 AND finger_contacts >= 4 AND lateral_friction <= 0.400,Combined,<,10.0,>=,4.0,<=,0.4,Lift Slip — Low Friction Surface,True,False,0.15900383141762442
diagnosed_LIFT_OBJECT_unanticipated__RQ2_R_H03_C09_F06,object_lift_height_cm < 10 AND finger_contacts >= 4 AND lateral_friction <= 0.500,Combined,<,10.0,>=,4.0,<=,0.5,Lift Slip — Low Friction Surface,True,False,0.13678160919540228
diagnosed_LIFT_OBJECT_unanticipated__RQ2_R_H03_C09_F07,object_lift_height_cm < 10 AND finger_contacts >= 4 AND lateral_friction <= 1.000,Combined,<,10.0,>=,4.0,<=,1.0,Lift Slip — Low Friction Surface,True,False,0.09233716475095788
diagnosed_LIFT_OBJECT_unanticipated__RQ2_R_H03_C09_F08,object_lift_height_cm < 10 AND finger_contacts >= 4 AND lateral_friction >= 0.315,Combined,<,10.0,>=,4.0,>=,0.315,Lift Slip — Low Friction Surface,True,False,0.052614942528735664
diagnosed_LIFT_OBJECT_unanticipated__RQ2_R_H03_C09_F09,object_lift_height_cm < 10 AND finger_contacts >= 4 AND lateral_friction >= 0.500,Combined,<,10.0,>=,4.0,>=,0.5,Lift Slip — Low Friction Surface,True,False,0.04789272030651326
diagnosed_LIFT_OBJECT_unanticipated__RQ2_R_H03_C09_F10,object_lift_height_cm < 10 AND finger_contacts >= 4 AND lateral_friction >= 1.000,Combined,<,10.0,>=,4.0,>=,1.0,Lift Slip — Low Friction Surface,True,False,0.04789272030651326
diagnosed_LIFT_OBJECT_unanticipated__RQ2_R_H03_C10_F01,object_lift_height_cm < 10 AND finger_contacts >= 5 AND lateral_friction <= 0.100,Combined,<,10.0,>=,5.0,<=,0.1,Lift Slip — Low Friction Surface,True,False,0.07567049808429127
diagnosed_LIFT_OBJECT_unanticipated__RQ2_R_H03_C10_F02,object_lift_height_cm < 10 AND finger_contacts >= 5 AND lateral_friction <= 0.300,Combined,<,10.0,>=,5.0,<=,0.3,Lift Slip — Low Friction Surface,True,False,0.13122605363984674
diagnosed_LIFT_OBJECT_unanticipated__RQ2_R_H03_C10_F03,object_lift_height_cm < 10 AND finger_contacts >= 5 AND lateral_friction <= 0.315,Combined,<,10.0,>=,5.0,<=,0.315,Lift Slip — Low Friction Surface,True,False,0.13539272030651328
diagnosed_LIFT_OBJECT_unanticipated__RQ2_R_H03_C10_F04,object_lift_height_cm < 10 AND finger_contacts >= 5 AND lateral_friction <= 0.330,Combined,<,10.0,>=,5.0,<=,0.33,Lift Slip — Low Friction Surface,True,False,0.13955938697318004
diagnosed_LIFT_OBJECT_unanticipated__RQ2_R_H03_C10_F05,object_lift_height_cm < 10 AND finger_contacts >= 5 AND lateral_friction <= 0.400,Combined,<,10.0,>=,5.0,<=,0.4,Lift Slip — Low Friction Surface,True,False,0.15900383141762442
diagnosed_LIFT_OBJECT_unanticipated__RQ2_R_H03_C10_F06,object_lift_height_cm < 10 AND finger_contacts >= 5 AND lateral_friction <= 0.500,Combined,<,10.0,>=,5.0,<=,0.5,Lift Slip — Low Friction Surface,True,False,0.13678160919540228
diagnosed_LIFT_OBJECT_unanticipated__RQ2_R_H03_C10_F07,object_lift_height_cm < 10 AND finger_contacts >= 5 AND lateral_friction <= 1.000,Combined,<,10.0,>=,5.0,<=,1.0,Lift Slip — Low Friction Surface,True,False,0.09233716475095788
diagnosed_LIFT_OBJECT_unanticipated__RQ2_R_H03_C10_F08,object_lift_height_cm < 10 AND finger_contacts >= 5 AND lateral_friction >= 0.315,Combined,<,10.0,>=,5.0,>=,0.315,Lift Slip — Low Friction Surface,True,False,0.052614942528735664
diagnosed_LIFT_OBJECT_unanticipated__RQ2_R_H03_C10_F09,object_lift_height_cm < 10 AND finger_contacts >= 5 AND lateral_friction >= 0.500,Combined,<,10.0,>=,5.0,>=,0.5,Lift Slip — Low Friction Surface,True,False,0.04789272030651326
diagnosed_LIFT_OBJECT_unanticipated__RQ2_R_H03_C10_F10,object_lift_height_cm < 10 AND finger_contacts >= 5 AND lateral_friction >= 1.000,Combined,<,10.0,>=,5.0,>=,1.0,Lift Slip — Low Friction Surface,True,False,0.04789272030651326
diagnosed_LIFT_OBJECT_unanticipated__RQ2_R_H04_C01_F01,object_lift_height_cm < 11 AND finger_contacts < 1 AND lateral_friction <= 0.100,Threshold-only,<,11.0,<,1.0,<=,0.1,Lift Slip — Low Friction Surface,True,False,0.0812260536398468
diagnosed_LIFT_OBJECT_unanticipated__RQ2_R_H04_C01_F02,object_lift_height_cm < 11 AND finger_contacts < 1 AND lateral_friction <= 0.300,Threshold-only,<,11.0,<,1.0,<=,0.3,Lift Slip — Low Friction Surface,True,False,0.1367816091954024
diagnosed_LIFT_OBJECT_unanticipated__RQ2_R_H04_C01_F03,object_lift_height_cm < 11 AND finger_contacts < 1 AND lateral_friction <= 0.315,Threshold-only,<,11.0,<,1.0,<=,0.315,Lift Slip — Low Friction Surface,True,False,0.14094827586206904
diagnosed_LIFT_OBJECT_unanticipated__RQ2_R_H04_C01_F04,object_lift_height_cm < 11 AND finger_contacts < 1 AND lateral_friction <= 0.330,Threshold-only,<,11.0,<,1.0,<=,0.33,Lift Slip — Low Friction Surface,True,False,0.1451149425287358
diagnosed_LIFT_OBJECT_unanticipated__RQ2_R_H04_C01_F05,object_lift_height_cm < 11 AND finger_contacts < 1 AND lateral_friction <= 0.400,Threshold-only,<,11.0,<,1.0,<=,0.4,Lift Slip — Low Friction Surface,True,False,0.16455938697318018
diagnosed_LIFT_OBJECT_unanticipated__RQ2_R_H04_C01_F06,object_lift_height_cm < 11 AND finger_contacts < 1 AND lateral_friction <= 0.500,Threshold-only,<,11.0,<,1.0,<=,0.5,Lift Slip — Low Friction Surface,True,False,0.14233716475095803
diagnosed_LIFT_OBJECT_unanticipated__RQ2_R_H04_C01_F07,object_lift_height_cm < 11 AND finger_contacts < 1 AND lateral_friction <= 1.000,Threshold-only,<,11.0,<,1.0,<=,1.0,Lift Slip — Low Friction Surface,True,False,0.09789272030651364
diagnosed_LIFT_OBJECT_unanticipated__RQ2_R_H04_C01_F08,object_lift_height_cm < 11 AND finger_contacts < 1 AND lateral_friction >= 0.315,Combined,<,11.0,<,1.0,>=,0.315,Lift Slip — Low Friction Surface,True,False,0.05817049808429142
diagnosed_LIFT_OBJECT_unanticipated__RQ2_R_H04_C01_F09,object_lift_height_cm < 11 AND finger_contacts < 1 AND lateral_friction >= 0.500,Combined,<,11.0,<,1.0,>=,0.5,Lift Slip — Low Friction Surface,True,False,0.05344827586206902
diagnosed_LIFT_OBJECT_unanticipated__RQ2_R_H04_C01_F10,object_lift_height_cm < 11 AND finger_contacts < 1 AND lateral_friction >= 1.000,Combined,<,11.0,<,1.0,>=,1.0,Lift Slip — Low Friction Surface,True,False,0.05344827586206902
diagnosed_LIFT_OBJECT_unanticipated__RQ2_R_H04_C02_F01,object_lift_height_cm < 11 AND finger_contacts < 2 AND lateral_friction <= 0.100,Threshold-only,<,11.0,<,2.0,<=,0.1,Lift Slip — Low Friction Surface,True,False,0.025670498084291227
diagnosed_LIFT_OBJECT_unanticipated__RQ2_R_H04_C02_F02,object_lift_height_cm < 11 AND finger_contacts < 2 AND lateral_friction <= 0.300,Threshold-only,<,11.0,<,2.0,<=,0.3,Lift Slip — Low Friction Surface,True,False,0.0812260536398468
diagnosed_LIFT_OBJECT_unanticipated__RQ2_R_H04_C02_F03,object_lift_height_cm < 11 AND finger_contacts < 2 AND lateral_friction <= 0.315,Threshold-only,<,11.0,<,2.0,<=,0.315,Lift Slip — Low Friction Surface,True,False,0.08539272030651346
diagnosed_LIFT_OBJECT_unanticipated__RQ2_R_H04_C02_F04,object_lift_height_cm < 11 AND finger_contacts < 2 AND lateral_friction <= 0.330,Threshold-only,<,11.0,<,2.0,<=,0.33,Lift Slip — Low Friction Surface,True,False,0.08955938697318011
diagnosed_LIFT_OBJECT_unanticipated__RQ2_R_H04_C02_F05,object_lift_height_cm < 11 AND finger_contacts < 2 AND lateral_friction <= 0.400,Threshold-only,<,11.0,<,2.0,<=,0.4,Lift Slip — Low Friction Surface,True,False,0.1090038314176246
diagnosed_LIFT_OBJECT_unanticipated__RQ2_R_H04_C02_F06,object_lift_height_cm < 11 AND finger_contacts < 2 AND lateral_friction <= 0.500,Threshold-only,<,11.0,<,2.0,<=,0.5,Lift Slip — Low Friction Surface,True,False,0.08678160919540234
diagnosed_LIFT_OBJECT_unanticipated__RQ2_R_H04_C02_F07,object_lift_height_cm < 11 AND finger_contacts < 2 AND lateral_friction <= 1.000,Threshold-only,<,11.0,<,2.0,<=,1.0,Lift Slip — Low Friction Surface,True,False,0.042337164750957834
diagnosed_LIFT_OBJECT_unanticipated__RQ2_R_H04_C02_F08,object_lift_height_cm < 11 AND finger_contacts < 2 AND lateral_friction >= 0.315,Combined,<,11.0,<,2.0,>=,0.315,Lift Slip — Low Friction Surface,True,False,0.00261494252873562
diagnosed_LIFT_OBJECT_unanticipated__RQ2_R_H04_C02_F09,object_lift_height_cm < 11 AND finger_contacts < 2 AND lateral_friction >= 0.500,Combined,<,11.0,<,2.0,>=,0.5,Parallel Arm Lift — Contact Loss,False,False,-0.0021072796934865634
diagnosed_LIFT_OBJECT_unanticipated__RQ2_R_H04_C02_F10,object_lift_height_cm < 11 AND finger_contacts < 2 AND lateral_friction >= 1.000,Combined,<,11.0,<,2.0,>=,1.0,Parallel Arm Lift — Contact Loss,False,False,-0.0021072796934865634
diagnosed_LIFT_OBJECT_unanticipated__RQ2_R_H04_C03_F01,object_lift_height_cm < 11 AND finger_contacts < 3 AND lateral_friction <= 0.100,Threshold-only,<,11.0,<,3.0,<=,0.1,Lift Slip — Low Friction Surface,True,False,0.05344827586206902
diagnosed_LIFT_OBJECT_unanticipated__RQ2_R_H04_C03_F02,object_lift_height_cm < 11 AND finger_contacts < 3 AND lateral_friction <= 0.300,Threshold-only,<,11.0,<,3.0,<=,0.3,Lift Slip — Low Friction Surface,True,False,0.1090038314176246
diagnosed_LIFT_OBJECT_unanticipated__RQ2_R_H04_C03_F03,object_lift_height_cm < 11 AND finger_contacts < 3 AND lateral_friction <= 0.315,Threshold-only,<,11.0,<,3.0,<=,0.315,Lift Slip — Low Friction Surface,True,False,0.11317049808429125
diagnosed_LIFT_OBJECT_unanticipated__RQ2_R_H04_C03_F04,object_lift_height_cm < 11 AND finger_contacts < 3 AND lateral_friction <= 0.330,Threshold-only,<,11.0,<,3.0,<=,0.33,Lift Slip — Low Friction Surface,True,False,0.1173371647509579
diagnosed_LIFT_OBJECT_unanticipated__RQ2_R_H04_C03_F05,object_lift_height_cm < 11 AND finger_contacts < 3 AND lateral_friction <= 0.400,Threshold-only,<,11.0,<,3.0,<=,0.4,Lift Slip — Low Friction Surface,True,False,0.13678160919540228
diagnosed_LIFT_OBJECT_unanticipated__RQ2_R_H04_C03_F06,object_lift_height_cm < 11 AND finger_contacts < 3 AND lateral_friction <= 0.500,Threshold-only,<,11.0,<,3.0,<=,0.5,Lift Slip — Low Friction Surface,True,False,0.11455938697318013
diagnosed_LIFT_OBJECT_unanticipated__RQ2_R_H04_C03_F07,object_lift_height_cm < 11 AND finger_contacts < 3 AND lateral_friction <= 1.000,Threshold-only,<,11.0,<,3.0,<=,1.0,Lift Slip — Low Friction Surface,True,False,0.07011494252873574
diagnosed_LIFT_OBJECT_unanticipated__RQ2_R_H04_C03_F08,object_lift_height_cm < 11 AND finger_contacts < 3 AND lateral_friction >= 0.315,Combined,<,11.0,<,3.0,>=,0.315,Lift Slip — Low Friction Surface,True,False,0.03039272030651341
diagnosed_LIFT_OBJECT_unanticipated__RQ2_R_H04_C03_F09,object_lift_height_cm < 11 AND finger_contacts < 3 AND lateral_friction >= 0.500,Combined,<,11.0,<,3.0,>=,0.5,Lift Slip — Low Friction Surface,True,False,0.025670498084291338
diagnosed_LIFT_OBJECT_unanticipated__RQ2_R_H04_C03_F10,object_lift_height_cm < 11 AND finger_contacts < 3 AND lateral_friction >= 1.000,Combined,<,11.0,<,3.0,>=,1.0,Lift Slip — Low Friction Surface,True,False,0.025670498084291338
diagnosed_LIFT_OBJECT_unanticipated__RQ2_R_H04_C04_F01,object_lift_height_cm < 11 AND finger_contacts < 4 AND lateral_friction <= 0.100,Threshold-only,<,11.0,<,4.0,<=,0.1,Lift Slip — Low Friction Surface,True,False,0.0627077203065135
diagnosed_LIFT_OBJECT_unanticipated__RQ2_R_H04_C04_F02,object_lift_height_cm < 11 AND finger_contacts < 4 AND lateral_friction <= 0.300,Threshold-only,<,11.0,<,4.0,<=,0.3,Lift Slip — Low Friction Surface,True,False,0.11826327586206897
diagnosed_LIFT_OBJECT_unanticipated__RQ2_R_H04_C04_F03,object_lift_height_cm < 11 AND finger_contacts < 4 AND lateral_friction <= 0.315,Threshold-only,<,11.0,<,4.0,<=,0.315,Lift Slip — Low Friction Surface,True,False,0.12242994252873574
diagnosed_LIFT_OBJECT_unanticipated__RQ2_R_H04_C04_F04,object_lift_height_cm < 11 AND finger_contacts < 4 AND lateral_friction <= 0.330,Threshold-only,<,11.0,<,4.0,<=,0.33,Lift Slip — Low Friction Surface,True,False,0.12659660919540228
diagnosed_LIFT_OBJECT_unanticipated__RQ2_R_H04_C04_F05,object_lift_height_cm < 11 AND finger_contacts < 4 AND lateral_friction <= 0.400,Threshold-only,<,11.0,<,4.0,<=,0.4,Lift Slip — Low Friction Surface,True,False,0.14604105363984687
diagnosed_LIFT_OBJECT_unanticipated__RQ2_R_H04_C04_F06,object_lift_height_cm < 11 AND finger_contacts < 4 AND lateral_friction <= 0.500,Threshold-only,<,11.0,<,4.0,<=,0.5,Lift Slip — Low Friction Surface,True,False,0.12381883141762473
diagnosed_LIFT_OBJECT_unanticipated__RQ2_R_H04_C04_F07,object_lift_height_cm < 11 AND finger_contacts < 4 AND lateral_friction <= 1.000,Threshold-only,<,11.0,<,4.0,<=,1.0,Lift Slip — Low Friction Surface,True,False,0.07937438697318011
diagnosed_LIFT_OBJECT_unanticipated__RQ2_R_H04_C04_F08,object_lift_height_cm < 11 AND finger_contacts < 4 AND lateral_friction >= 0.315,Combined,<,11.0,<,4.0,>=,0.315,Lift Slip — Low Friction Surface,True,False,0.03965216475095801
diagnosed_LIFT_OBJECT_unanticipated__RQ2_R_H04_C04_F09,object_lift_height_cm < 11 AND finger_contacts < 4 AND lateral_friction >= 0.500,Combined,<,11.0,<,4.0,>=,0.5,Lift Slip — Low Friction Surface,True,False,0.034929942528735713
diagnosed_LIFT_OBJECT_unanticipated__RQ2_R_H04_C04_F10,object_lift_height_cm < 11 AND finger_contacts < 4 AND lateral_friction >= 1.000,Combined,<,11.0,<,4.0,>=,1.0,Lift Slip — Low Friction Surface,True,False,0.034929942528735713
diagnosed_LIFT_OBJECT_unanticipated__RQ2_R_H04_C05_F01,object_lift_height_cm < 11 AND finger_contacts < 5 AND lateral_friction <= 0.100,Threshold-only,<,11.0,<,5.0,<=,0.1,Lift Slip — Low Friction Surface,True,False,0.06733716475095797
diagnosed_LIFT_OBJECT_unanticipated__RQ2_R_H04_C05_F02,object_lift_height_cm < 11 AND finger_contacts < 5 AND lateral_friction <= 0.300,Threshold-only,<,11.0,<,5.0,<=,0.3,Lift Slip — Low Friction Surface,True,False,0.12289272030651344
diagnosed_LIFT_OBJECT_unanticipated__RQ2_R_H04_C05_F03,object_lift_height_cm < 11 AND finger_contacts < 5 AND lateral_friction <= 0.315,Threshold-only,<,11.0,<,5.0,<=,0.315,Lift Slip — Low Friction Surface,True,False,0.1270593869731802
diagnosed_LIFT_OBJECT_unanticipated__RQ2_R_H04_C05_F04,object_lift_height_cm < 11 AND finger_contacts < 5 AND lateral_friction <= 0.330,Threshold-only,<,11.0,<,5.0,<=,0.33,Lift Slip — Low Friction Surface,True,False,0.13122605363984674
diagnosed_LIFT_OBJECT_unanticipated__RQ2_R_H04_C05_F05,object_lift_height_cm < 11 AND finger_contacts < 5 AND lateral_friction <= 0.400,Threshold-only,<,11.0,<,5.0,<=,0.4,Lift Slip — Low Friction Surface,True,False,0.15067049808429123
diagnosed_LIFT_OBJECT_unanticipated__RQ2_R_H04_C05_F06,object_lift_height_cm < 11 AND finger_contacts < 5 AND lateral_friction <= 0.500,Threshold-only,<,11.0,<,5.0,<=,0.5,Lift Slip — Low Friction Surface,True,False,0.12844827586206897
diagnosed_LIFT_OBJECT_unanticipated__RQ2_R_H04_C05_F07,object_lift_height_cm < 11 AND finger_contacts < 5 AND lateral_friction <= 1.000,Threshold-only,<,11.0,<,5.0,<=,1.0,Lift Slip — Low Friction Surface,True,False,0.08400383141762457
diagnosed_LIFT_OBJECT_unanticipated__RQ2_R_H04_C05_F08,object_lift_height_cm < 11 AND finger_contacts < 5 AND lateral_friction >= 0.315,Combined,<,11.0,<,5.0,>=,0.315,Lift Slip — Low Friction Surface,True,False,0.04428160919540236
diagnosed_LIFT_OBJECT_unanticipated__RQ2_R_H04_C05_F09,object_lift_height_cm < 11 AND finger_contacts < 5 AND lateral_friction >= 0.500,Combined,<,11.0,<,5.0,>=,0.5,Lift Slip — Low Friction Surface,True,False,0.039559386973180066
diagnosed_LIFT_OBJECT_unanticipated__RQ2_R_H04_C05_F10,object_lift_height_cm < 11 AND finger_contacts < 5 AND lateral_friction >= 1.000,Combined,<,11.0,<,5.0,>=,1.0,Lift Slip — Low Friction Surface,True,False,0.039559386973180066
diagnosed_LIFT_OBJECT_unanticipated__RQ2_R_H04_C06_F01,object_lift_height_cm < 11 AND finger_contacts >= 1 AND lateral_friction <= 0.100,Combined,<,11.0,>=,1.0,<=,0.1,Lift Slip — Low Friction Surface,True,False,0.0812260536398468
diagnosed_LIFT_OBJECT_unanticipated__RQ2_R_H04_C06_F02,object_lift_height_cm < 11 AND finger_contacts >= 1 AND lateral_friction <= 0.300,Combined,<,11.0,>=,1.0,<=,0.3,Lift Slip — Low Friction Surface,True,False,0.1367816091954024
diagnosed_LIFT_OBJECT_unanticipated__RQ2_R_H04_C06_F03,object_lift_height_cm < 11 AND finger_contacts >= 1 AND lateral_friction <= 0.315,Combined,<,11.0,>=,1.0,<=,0.315,Lift Slip — Low Friction Surface,True,False,0.14094827586206904
diagnosed_LIFT_OBJECT_unanticipated__RQ2_R_H04_C06_F04,object_lift_height_cm < 11 AND finger_contacts >= 1 AND lateral_friction <= 0.330,Combined,<,11.0,>=,1.0,<=,0.33,Lift Slip — Low Friction Surface,True,False,0.1451149425287358
diagnosed_LIFT_OBJECT_unanticipated__RQ2_R_H04_C06_F05,object_lift_height_cm < 11 AND finger_contacts >= 1 AND lateral_friction <= 0.400,Combined,<,11.0,>=,1.0,<=,0.4,Lift Slip — Low Friction Surface,True,False,0.16455938697318018
diagnosed_LIFT_OBJECT_unanticipated__RQ2_R_H04_C06_F06,object_lift_height_cm < 11 AND finger_contacts >= 1 AND lateral_friction <= 0.500,Combined,<,11.0,>=,1.0,<=,0.5,Lift Slip — Low Friction Surface,True,False,0.14233716475095803
diagnosed_LIFT_OBJECT_unanticipated__RQ2_R_H04_C06_F07,object_lift_height_cm < 11 AND finger_contacts >= 1 AND lateral_friction <= 1.000,Combined,<,11.0,>=,1.0,<=,1.0,Lift Slip — Low Friction Surface,True,False,0.09789272030651364
diagnosed_LIFT_OBJECT_unanticipated__RQ2_R_H04_C06_F08,object_lift_height_cm < 11 AND finger_contacts >= 1 AND lateral_friction >= 0.315,Combined,<,11.0,>=,1.0,>=,0.315,Lift Slip — Low Friction Surface,True,False,0.05817049808429142
diagnosed_LIFT_OBJECT_unanticipated__RQ2_R_H04_C06_F09,object_lift_height_cm < 11 AND finger_contacts >= 1 AND lateral_friction >= 0.500,Combined,<,11.0,>=,1.0,>=,0.5,Lift Slip — Low Friction Surface,True,False,0.05344827586206902
diagnosed_LIFT_OBJECT_unanticipated__RQ2_R_H04_C06_F10,object_lift_height_cm < 11 AND finger_contacts >= 1 AND lateral_friction >= 1.000,Combined,<,11.0,>=,1.0,>=,1.0,Lift Slip — Low Friction Surface,True,False,0.05344827586206902
diagnosed_LIFT_OBJECT_unanticipated__RQ2_R_H04_C07_F01,object_lift_height_cm < 11 AND finger_contacts >= 2 AND lateral_friction <= 0.100,Combined,<,11.0,>=,2.0,<=,0.1,Lift Slip — Low Friction Surface,True,False,0.0812260536398468
diagnosed_LIFT_OBJECT_unanticipated__RQ2_R_H04_C07_F02,object_lift_height_cm < 11 AND finger_contacts >= 2 AND lateral_friction <= 0.300,Combined,<,11.0,>=,2.0,<=,0.3,Lift Slip — Low Friction Surface,True,False,0.1367816091954024
diagnosed_LIFT_OBJECT_unanticipated__RQ2_R_H04_C07_F03,object_lift_height_cm < 11 AND finger_contacts >= 2 AND lateral_friction <= 0.315,Combined,<,11.0,>=,2.0,<=,0.315,Lift Slip — Low Friction Surface,True,False,0.14094827586206904
diagnosed_LIFT_OBJECT_unanticipated__RQ2_R_H04_C07_F04,object_lift_height_cm < 11 AND finger_contacts >= 2 AND lateral_friction <= 0.330,Combined,<,11.0,>=,2.0,<=,0.33,Lift Slip — Low Friction Surface,True,False,0.1451149425287358
diagnosed_LIFT_OBJECT_unanticipated__RQ2_R_H04_C07_F05,object_lift_height_cm < 11 AND finger_contacts >= 2 AND lateral_friction <= 0.400,Combined,<,11.0,>=,2.0,<=,0.4,Lift Slip — Low Friction Surface,True,False,0.16455938697318018
diagnosed_LIFT_OBJECT_unanticipated__RQ2_R_H04_C07_F06,object_lift_height_cm < 11 AND finger_contacts >= 2 AND lateral_friction <= 0.500,Combined,<,11.0,>=,2.0,<=,0.5,Lift Slip — Low Friction Surface,True,False,0.14233716475095803
diagnosed_LIFT_OBJECT_unanticipated__RQ2_R_H04_C07_F07,object_lift_height_cm < 11 AND finger_contacts >= 2 AND lateral_friction <= 1.000,Combined,<,11.0,>=,2.0,<=,1.0,Lift Slip — Low Friction Surface,True,False,0.09789272030651364
diagnosed_LIFT_OBJECT_unanticipated__RQ2_R_H04_C07_F08,object_lift_height_cm < 11 AND finger_contacts >= 2 AND lateral_friction >= 0.315,Combined,<,11.0,>=,2.0,>=,0.315,Lift Slip — Low Friction Surface,True,False,0.05817049808429142
diagnosed_LIFT_OBJECT_unanticipated__RQ2_R_H04_C07_F09,object_lift_height_cm < 11 AND finger_contacts >= 2 AND lateral_friction >= 0.500,Combined,<,11.0,>=,2.0,>=,0.5,Lift Slip — Low Friction Surface,True,False,0.05344827586206902
diagnosed_LIFT_OBJECT_unanticipated__RQ2_R_H04_C07_F10,object_lift_height_cm < 11 AND finger_contacts >= 2 AND lateral_friction >= 1.000,Combined,<,11.0,>=,2.0,>=,1.0,Lift Slip — Low Friction Surface,True,False,0.05344827586206902
diagnosed_LIFT_OBJECT_unanticipated__RQ2_R_H04_C08_F01,object_lift_height_cm < 11 AND finger_contacts >= 3 AND lateral_friction <= 0.100,Combined,<,11.0,>=,3.0,<=,0.1,Lift Slip — Low Friction Surface,True,False,0.0812260536398468
diagnosed_LIFT_OBJECT_unanticipated__RQ2_R_H04_C08_F02,object_lift_height_cm < 11 AND finger_contacts >= 3 AND lateral_friction <= 0.300,Combined,<,11.0,>=,3.0,<=,0.3,Lift Slip — Low Friction Surface,True,False,0.1367816091954024
diagnosed_LIFT_OBJECT_unanticipated__RQ2_R_H04_C08_F03,object_lift_height_cm < 11 AND finger_contacts >= 3 AND lateral_friction <= 0.315,Combined,<,11.0,>=,3.0,<=,0.315,Lift Slip — Low Friction Surface,True,False,0.14094827586206904
diagnosed_LIFT_OBJECT_unanticipated__RQ2_R_H04_C08_F04,object_lift_height_cm < 11 AND finger_contacts >= 3 AND lateral_friction <= 0.330,Combined,<,11.0,>=,3.0,<=,0.33,Lift Slip — Low Friction Surface,True,False,0.1451149425287358
diagnosed_LIFT_OBJECT_unanticipated__RQ2_R_H04_C08_F05,object_lift_height_cm < 11 AND finger_contacts >= 3 AND lateral_friction <= 0.400,Combined,<,11.0,>=,3.0,<=,0.4,Lift Slip — Low Friction Surface,True,False,0.16455938697318018
diagnosed_LIFT_OBJECT_unanticipated__RQ2_R_H04_C08_F06,object_lift_height_cm < 11 AND finger_contacts >= 3 AND lateral_friction <= 0.500,Combined,<,11.0,>=,3.0,<=,0.5,Lift Slip — Low Friction Surface,True,False,0.14233716475095803
diagnosed_LIFT_OBJECT_unanticipated__RQ2_R_H04_C08_F07,object_lift_height_cm < 11 AND finger_contacts >= 3 AND lateral_friction <= 1.000,Combined,<,11.0,>=,3.0,<=,1.0,Lift Slip — Low Friction Surface,True,False,0.09789272030651364
diagnosed_LIFT_OBJECT_unanticipated__RQ2_R_H04_C08_F08,object_lift_height_cm < 11 AND finger_contacts >= 3 AND lateral_friction >= 0.315,Combined,<,11.0,>=,3.0,>=,0.315,Lift Slip — Low Friction Surface,True,False,0.05817049808429142
diagnosed_LIFT_OBJECT_unanticipated__RQ2_R_H04_C08_F09,object_lift_height_cm < 11 AND finger_contacts >= 3 AND lateral_friction >= 0.500,Combined,<,11.0,>=,3.0,>=,0.5,Lift Slip — Low Friction Surface,True,False,0.05344827586206902
diagnosed_LIFT_OBJECT_unanticipated__RQ2_R_H04_C08_F10,object_lift_height_cm < 11 AND finger_contacts >= 3 AND lateral_friction >= 1.000,Combined,<,11.0,>=,3.0,>=,1.0,Lift Slip — Low Friction Surface,True,False,0.05344827586206902
diagnosed_LIFT_OBJECT_unanticipated__RQ2_R_H04_C09_F01,object_lift_height_cm < 11 AND finger_contacts >= 4 AND lateral_friction <= 0.100,Combined,<,11.0,>=,4.0,<=,0.1,Lift Slip — Low Friction Surface,True,False,0.0812260536398468
diagnosed_LIFT_OBJECT_unanticipated__RQ2_R_H04_C09_F02,object_lift_height_cm < 11 AND finger_contacts >= 4 AND lateral_friction <= 0.300,Combined,<,11.0,>=,4.0,<=,0.3,Lift Slip — Low Friction Surface,True,False,0.1367816091954024
diagnosed_LIFT_OBJECT_unanticipated__RQ2_R_H04_C09_F03,object_lift_height_cm < 11 AND finger_contacts >= 4 AND lateral_friction <= 0.315,Combined,<,11.0,>=,4.0,<=,0.315,Lift Slip — Low Friction Surface,True,False,0.14094827586206904
diagnosed_LIFT_OBJECT_unanticipated__RQ2_R_H04_C09_F04,object_lift_height_cm < 11 AND finger_contacts >= 4 AND lateral_friction <= 0.330,Combined,<,11.0,>=,4.0,<=,0.33,Lift Slip — Low Friction Surface,True,False,0.1451149425287358
diagnosed_LIFT_OBJECT_unanticipated__RQ2_R_H04_C09_F05,object_lift_height_cm < 11 AND finger_contacts >= 4 AND lateral_friction <= 0.400,Combined,<,11.0,>=,4.0,<=,0.4,Lift Slip — Low Friction Surface,True,False,0.16455938697318018
diagnosed_LIFT_OBJECT_unanticipated__RQ2_R_H04_C09_F06,object_lift_height_cm < 11 AND finger_contacts >= 4 AND lateral_friction <= 0.500,Combined,<,11.0,>=,4.0,<=,0.5,Lift Slip — Low Friction Surface,True,False,0.14233716475095803
diagnosed_LIFT_OBJECT_unanticipated__RQ2_R_H04_C09_F07,object_lift_height_cm < 11 AND finger_contacts >= 4 AND lateral_friction <= 1.000,Combined,<,11.0,>=,4.0,<=,1.0,Lift Slip — Low Friction Surface,True,False,0.09789272030651364
diagnosed_LIFT_OBJECT_unanticipated__RQ2_R_H04_C09_F08,object_lift_height_cm < 11 AND finger_contacts >= 4 AND lateral_friction >= 0.315,Combined,<,11.0,>=,4.0,>=,0.315,Lift Slip — Low Friction Surface,True,False,0.05817049808429142
diagnosed_LIFT_OBJECT_unanticipated__RQ2_R_H04_C09_F09,object_lift_height_cm < 11 AND finger_contacts >= 4 AND lateral_friction >= 0.500,Combined,<,11.0,>=,4.0,>=,0.5,Lift Slip — Low Friction Surface,True,False,0.05344827586206902
diagnosed_LIFT_OBJECT_unanticipated__RQ2_R_H04_C09_F10,object_lift_height_cm < 11 AND finger_contacts >= 4 AND lateral_friction >= 1.000,Combined,<,11.0,>=,4.0,>=,1.0,Lift Slip — Low Friction Surface,True,False,0.05344827586206902
diagnosed_LIFT_OBJECT_unanticipated__RQ2_R_H04_C10_F01,object_lift_height_cm < 11 AND finger_contacts >= 5 AND lateral_friction <= 0.100,Combined,<,11.0,>=,5.0,<=,0.1,Lift Slip — Low Friction Surface,True,False,0.0812260536398468
diagnosed_LIFT_OBJECT_unanticipated__RQ2_R_H04_C10_F02,object_lift_height_cm < 11 AND finger_contacts >= 5 AND lateral_friction <= 0.300,Combined,<,11.0,>=,5.0,<=,0.3,Lift Slip — Low Friction Surface,True,False,0.1367816091954024
diagnosed_LIFT_OBJECT_unanticipated__RQ2_R_H04_C10_F03,object_lift_height_cm < 11 AND finger_contacts >= 5 AND lateral_friction <= 0.315,Combined,<,11.0,>=,5.0,<=,0.315,Lift Slip — Low Friction Surface,True,False,0.14094827586206904
diagnosed_LIFT_OBJECT_unanticipated__RQ2_R_H04_C10_F04,object_lift_height_cm < 11 AND finger_contacts >= 5 AND lateral_friction <= 0.330,Combined,<,11.0,>=,5.0,<=,0.33,Lift Slip — Low Friction Surface,True,False,0.1451149425287358
diagnosed_LIFT_OBJECT_unanticipated__RQ2_R_H04_C10_F05,object_lift_height_cm < 11 AND finger_contacts >= 5 AND lateral_friction <= 0.400,Combined,<,11.0,>=,5.0,<=,0.4,Lift Slip — Low Friction Surface,True,False,0.16455938697318018
diagnosed_LIFT_OBJECT_unanticipated__RQ2_R_H04_C10_F06,object_lift_height_cm < 11 AND finger_contacts >= 5 AND lateral_friction <= 0.500,Combined,<,11.0,>=,5.0,<=,0.5,Lift Slip — Low Friction Surface,True,False,0.14233716475095803
diagnosed_LIFT_OBJECT_unanticipated__RQ2_R_H04_C10_F07,object_lift_height_cm < 11 AND finger_contacts >= 5 AND lateral_friction <= 1.000,Combined,<,11.0,>=,5.0,<=,1.0,Lift Slip — Low Friction Surface,True,False,0.09789272030651364
diagnosed_LIFT_OBJECT_unanticipated__RQ2_R_H04_C10_F08,object_lift_height_cm < 11 AND finger_contacts >= 5 AND lateral_friction >= 0.315,Combined,<,11.0,>=,5.0,>=,0.315,Lift Slip — Low Friction Surface,True,False,0.05817049808429142
diagnosed_LIFT_OBJECT_unanticipated__RQ2_R_H04_C10_F09,object_lift_height_cm < 11 AND finger_contacts >= 5 AND lateral_friction >= 0.500,Combined,<,11.0,>=,5.0,>=,0.5,Lift Slip — Low Friction Surface,True,False,0.05344827586206902
diagnosed_LIFT_OBJECT_unanticipated__RQ2_R_H04_C10_F10,object_lift_height_cm < 11 AND finger_contacts >= 5 AND lateral_friction >= 1.000,Combined,<,11.0,>=,5.0,>=,1.0,Lift Slip — Low Friction Surface,True,False,0.05344827586206902
diagnosed_LIFT_OBJECT_unanticipated__RQ2_R_H05_C01_F01,object_lift_height_cm < 25 AND finger_contacts < 1 AND lateral_friction <= 0.100,Threshold-only,<,25.0,<,1.0,<=,0.1,Lift Slip — Low Friction Surface,True,False,0.06944444444444442
diagnosed_LIFT_OBJECT_unanticipated__RQ2_R_H05_C01_F02,object_lift_height_cm < 25 AND finger_contacts < 1 AND lateral_friction <= 0.300,Threshold-only,<,25.0,<,1.0,<=,0.3,Lift Slip — Low Friction Surface,True,False,0.125
diagnosed_LIFT_OBJECT_unanticipated__RQ2_R_H05_C01_F03,object_lift_height_cm < 25 AND finger_contacts < 1 AND lateral_friction <= 0.315,Threshold-only,<,25.0,<,1.0,<=,0.315,Lift Slip — Low Friction Surface,True,False,0.12916666666666676
diagnosed_LIFT_OBJECT_unanticipated__RQ2_R_H05_C01_F04,object_lift_height_cm < 25 AND finger_contacts < 1 AND lateral_friction <= 0.330,Threshold-only,<,25.0,<,1.0,<=,0.33,Lift Slip — Low Friction Surface,True,False,0.1333333333333333
diagnosed_LIFT_OBJECT_unanticipated__RQ2_R_H05_C01_F05,object_lift_height_cm < 25 AND finger_contacts < 1 AND lateral_friction <= 0.400,Threshold-only,<,25.0,<,1.0,<=,0.4,Lift Slip — Low Friction Surface,True,False,0.15277777777777768
diagnosed_LIFT_OBJECT_unanticipated__RQ2_R_H05_C01_F06,object_lift_height_cm < 25 AND finger_contacts < 1 AND lateral_friction <= 0.500,Threshold-only,<,25.0,<,1.0,<=,0.5,Lift Slip — Low Friction Surface,True,False,0.13055555555555554
diagnosed_LIFT_OBJECT_unanticipated__RQ2_R_H05_C01_F07,object_lift_height_cm < 25 AND finger_contacts < 1 AND lateral_friction <= 1.000,Threshold-only,<,25.0,<,1.0,<=,1.0,Lift Slip — Low Friction Surface,True,False,0.08611111111111114
diagnosed_LIFT_OBJECT_unanticipated__RQ2_R_H05_C01_F08,object_lift_height_cm < 25 AND finger_contacts < 1 AND lateral_friction >= 0.315,Combined,<,25.0,<,1.0,>=,0.315,Lift Slip — Low Friction Surface,True,False,0.046388888888888924
diagnosed_LIFT_OBJECT_unanticipated__RQ2_R_H05_C01_F09,object_lift_height_cm < 25 AND finger_contacts < 1 AND lateral_friction >= 0.500,Combined,<,25.0,<,1.0,>=,0.5,Lift Slip — Low Friction Surface,True,False,0.04166666666666674
diagnosed_LIFT_OBJECT_unanticipated__RQ2_R_H05_C01_F10,object_lift_height_cm < 25 AND finger_contacts < 1 AND lateral_friction >= 1.000,Combined,<,25.0,<,1.0,>=,1.0,Lift Slip — Low Friction Surface,True,False,0.04166666666666674
diagnosed_LIFT_OBJECT_unanticipated__RQ2_R_H05_C02_F01,object_lift_height_cm < 25 AND finger_contacts < 2 AND lateral_friction <= 0.100,Threshold-only,<,25.0,<,2.0,<=,0.1,Lift Slip — Low Friction Surface,True,False,0.05483716475095779
diagnosed_LIFT_OBJECT_unanticipated__RQ2_R_H05_C02_F02,object_lift_height_cm < 25 AND finger_contacts < 2 AND lateral_friction <= 0.300,Threshold-only,<,25.0,<,2.0,<=,0.3,Lift Slip — Low Friction Surface,True,False,0.11039272030651337
diagnosed_LIFT_OBJECT_unanticipated__RQ2_R_H05_C02_F03,object_lift_height_cm < 25 AND finger_contacts < 2 AND lateral_friction <= 0.315,Threshold-only,<,25.0,<,2.0,<=,0.315,Lift Slip — Low Friction Surface,True,False,0.11455938697318002
diagnosed_LIFT_OBJECT_unanticipated__RQ2_R_H05_C02_F04,object_lift_height_cm < 25 AND finger_contacts < 2 AND lateral_friction <= 0.330,Threshold-only,<,25.0,<,2.0,<=,0.33,Lift Slip — Low Friction Surface,True,False,0.11872605363984667
diagnosed_LIFT_OBJECT_unanticipated__RQ2_R_H05_C02_F05,object_lift_height_cm < 25 AND finger_contacts < 2 AND lateral_friction <= 0.400,Threshold-only,<,25.0,<,2.0,<=,0.4,Lift Slip — Low Friction Surface,True,False,0.13817049808429105
diagnosed_LIFT_OBJECT_unanticipated__RQ2_R_H05_C02_F06,object_lift_height_cm < 25 AND finger_contacts < 2 AND lateral_friction <= 0.500,Threshold-only,<,25.0,<,2.0,<=,0.5,Lift Slip — Low Friction Surface,True,False,0.1159482758620689
diagnosed_LIFT_OBJECT_unanticipated__RQ2_R_H05_C02_F07,object_lift_height_cm < 25 AND finger_contacts < 2 AND lateral_friction <= 1.000,Threshold-only,<,25.0,<,2.0,<=,1.0,Lift Slip — Low Friction Surface,True,False,0.07150383141762451
diagnosed_LIFT_OBJECT_unanticipated__RQ2_R_H05_C02_F08,object_lift_height_cm < 25 AND finger_contacts < 2 AND lateral_friction >= 0.315,Combined,<,25.0,<,2.0,>=,0.315,Lift Slip — Low Friction Surface,True,False,0.031781609195402294
diagnosed_LIFT_OBJECT_unanticipated__RQ2_R_H05_C02_F09,object_lift_height_cm < 25 AND finger_contacts < 2 AND lateral_friction >= 0.500,Combined,<,25.0,<,2.0,>=,0.5,Lift Slip — Low Friction Surface,True,False,0.02705938697317989
diagnosed_LIFT_OBJECT_unanticipated__RQ2_R_H05_C02_F10,object_lift_height_cm < 25 AND finger_contacts < 2 AND lateral_friction >= 1.000,Combined,<,25.0,<,2.0,>=,1.0,Lift Slip — Low Friction Surface,True,False,0.02705938697317989
diagnosed_LIFT_OBJECT_unanticipated__RQ2_R_H05_C03_F01,object_lift_height_cm < 25 AND finger_contacts < 3 AND lateral_friction <= 0.100,Threshold-only,<,25.0,<,3.0,<=,0.1,Lift Slip — Low Friction Surface,True,False,0.08261494252873558
diagnosed_LIFT_OBJECT_unanticipated__RQ2_R_H05_C03_F02,object_lift_height_cm < 25 AND finger_contacts < 3 AND lateral_friction <= 0.300,Threshold-only,<,25.0,<,3.0,<=,0.3,Lift Slip — Low Friction Surface,True,False,0.13817049808429116
diagnosed_LIFT_OBJECT_unanticipated__RQ2_R_H05_C03_F03,object_lift_height_cm < 25 AND finger_contacts < 3 AND lateral_friction <= 0.315,Threshold-only,<,25.0,<,3.0,<=,0.315,Lift Slip — Low Friction Surface,True,False,0.1423371647509578
diagnosed_LIFT_OBJECT_unanticipated__RQ2_R_H05_C03_F04,object_lift_height_cm < 25 AND finger_contacts < 3 AND lateral_friction <= 0.330,Threshold-only,<,25.0,<,3.0,<=,0.33,Lift Slip — Low Friction Surface,True,False,0.14650383141762446
diagnosed_LIFT_OBJECT_unanticipated__RQ2_R_H05_C03_F05,object_lift_height_cm < 25 AND finger_contacts < 3 AND lateral_friction <= 0.400,Threshold-only,<,25.0,<,3.0,<=,0.4,Lift Slip — Low Friction Surface,True,False,0.16594827586206895
diagnosed_LIFT_OBJECT_unanticipated__RQ2_R_H05_C03_F06,object_lift_height_cm < 25 AND finger_contacts < 3 AND lateral_friction <= 0.500,Threshold-only,<,25.0,<,3.0,<=,0.5,Lift Slip — Low Friction Surface,True,False,0.1437260536398468
diagnosed_LIFT_OBJECT_unanticipated__RQ2_R_H05_C03_F07,object_lift_height_cm < 25 AND finger_contacts < 3 AND lateral_friction <= 1.000,Threshold-only,<,25.0,<,3.0,<=,1.0,Lift Slip — Low Friction Surface,True,False,0.09928160919540219
diagnosed_LIFT_OBJECT_unanticipated__RQ2_R_H05_C03_F08,object_lift_height_cm < 25 AND finger_contacts < 3 AND lateral_friction >= 0.315,Combined,<,25.0,<,3.0,>=,0.315,Lift Slip — Low Friction Surface,True,False,0.05955938697317997
diagnosed_LIFT_OBJECT_unanticipated__RQ2_R_H05_C03_F09,object_lift_height_cm < 25 AND finger_contacts < 3 AND lateral_friction >= 0.500,Combined,<,25.0,<,3.0,>=,0.5,Lift Slip — Low Friction Surface,True,False,0.0548371647509579
diagnosed_LIFT_OBJECT_unanticipated__RQ2_R_H05_C03_F10,object_lift_height_cm < 25 AND finger_contacts < 3 AND lateral_friction >= 1.000,Combined,<,25.0,<,3.0,>=,1.0,Lift Slip — Low Friction Surface,True,False,0.0548371647509579
diagnosed_LIFT_OBJECT_unanticipated__RQ2_R_H05_C04_F01,object_lift_height_cm < 25 AND finger_contacts < 4 AND lateral_friction <= 0.100,Threshold-only,<,25.0,<,4.0,<=,0.1,Lift Slip — Low Friction Surface,True,False,0.09187438697317996
diagnosed_LIFT_OBJECT_unanticipated__RQ2_R_H05_C04_F02,object_lift_height_cm < 25 AND finger_contacts < 4 AND lateral_friction <= 0.300,Threshold-only,<,25.0,<,4.0,<=,0.3,Lift Slip — Low Friction Surface,True,False,0.14742994252873565
diagnosed_LIFT_OBJECT_unanticipated__RQ2_R_H05_C04_F03,object_lift_height_cm < 25 AND finger_contacts < 4 AND lateral_friction <= 0.315,Threshold-only,<,25.0,<,4.0,<=,0.315,Lift Slip — Low Friction Surface,True,False,0.1515966091954024
diagnosed_LIFT_OBJECT_unanticipated__RQ2_R_H05_C04_F04,object_lift_height_cm < 25 AND finger_contacts < 4 AND lateral_friction <= 0.330,Threshold-only,<,25.0,<,4.0,<=,0.33,Lift Slip — Low Friction Surface,True,False,0.15576327586206895
diagnosed_LIFT_OBJECT_unanticipated__RQ2_R_H05_C04_F05,object_lift_height_cm < 25 AND finger_contacts < 4 AND lateral_friction <= 0.400,Threshold-only,<,25.0,<,4.0,<=,0.4,Lift Slip — Low Friction Surface,True,False,0.17520772030651344
diagnosed_LIFT_OBJECT_unanticipated__RQ2_R_H05_C04_F06,object_lift_height_cm < 25 AND finger_contacts < 4 AND lateral_friction <= 0.500,Threshold-only,<,25.0,<,4.0,<=,0.5,Lift Slip — Low Friction Surface,True,False,0.15298549808429118
diagnosed_LIFT_OBJECT_unanticipated__RQ2_R_H05_C04_F07,object_lift_height_cm < 25 AND finger_contacts < 4 AND lateral_friction <= 1.000,Threshold-only,<,25.0,<,4.0,<=,1.0,Lift Slip — Low Friction Surface,True,False,0.10854105363984679
diagnosed_LIFT_OBJECT_unanticipated__RQ2_R_H05_C04_F08,object_lift_height_cm < 25 AND finger_contacts < 4 AND lateral_friction >= 0.315,Combined,<,25.0,<,4.0,>=,0.315,Lift Slip — Low Friction Surface,True,False,0.06881883141762457
diagnosed_LIFT_OBJECT_unanticipated__RQ2_R_H05_C04_F09,object_lift_height_cm < 25 AND finger_contacts < 4 AND lateral_friction >= 0.500,Combined,<,25.0,<,4.0,>=,0.5,Lift Slip — Low Friction Surface,True,False,0.06409660919540228
diagnosed_LIFT_OBJECT_unanticipated__RQ2_R_H05_C04_F10,object_lift_height_cm < 25 AND finger_contacts < 4 AND lateral_friction >= 1.000,Combined,<,25.0,<,4.0,>=,1.0,Lift Slip — Low Friction Surface,True,False,0.06409660919540228
diagnosed_LIFT_OBJECT_unanticipated__RQ2_R_H05_C05_F01,object_lift_height_cm < 25 AND finger_contacts < 5 AND lateral_friction <= 0.100,Threshold-only,<,25.0,<,5.0,<=,0.1,Lift Slip — Low Friction Surface,True,False,0.09650383141762453
diagnosed_LIFT_OBJECT_unanticipated__RQ2_R_H05_C05_F02,object_lift_height_cm < 25 AND finger_contacts < 5 AND lateral_friction <= 0.300,Threshold-only,<,25.0,<,5.0,<=,0.3,Lift Slip — Low Friction Surface,True,False,0.1520593869731799
diagnosed_LIFT_OBJECT_unanticipated__RQ2_R_H05_C05_F03,object_lift_height_cm < 25 AND finger_contacts < 5 AND lateral_friction <= 0.315,Threshold-only,<,25.0,<,5.0,<=,0.315,Lift Slip — Low Friction Surface,True,False,0.15622605363984665
diagnosed_LIFT_OBJECT_unanticipated__RQ2_R_H05_C05_F04,object_lift_height_cm < 25 AND finger_contacts < 5 AND lateral_friction <= 0.330,Threshold-only,<,25.0,<,5.0,<=,0.33,Lift Slip — Low Friction Surface,True,False,0.16039272030651341
diagnosed_LIFT_OBJECT_unanticipated__RQ2_R_H05_C05_F05,object_lift_height_cm < 25 AND finger_contacts < 5 AND lateral_friction <= 0.400,Threshold-only,<,25.0,<,5.0,<=,0.4,Lift Slip — Low Friction Surface,True,False,0.1798371647509578
diagnosed_LIFT_OBJECT_unanticipated__RQ2_R_H05_C05_F06,object_lift_height_cm < 25 AND finger_contacts < 5 AND lateral_friction <= 0.500,Threshold-only,<,25.0,<,5.0,<=,0.5,Lift Slip — Low Friction Surface,True,False,0.15761494252873565
diagnosed_LIFT_OBJECT_unanticipated__RQ2_R_H05_C05_F07,object_lift_height_cm < 25 AND finger_contacts < 5 AND lateral_friction <= 1.000,Threshold-only,<,25.0,<,5.0,<=,1.0,Lift Slip — Low Friction Surface,True,False,0.11317049808429114
diagnosed_LIFT_OBJECT_unanticipated__RQ2_R_H05_C05_F08,object_lift_height_cm < 25 AND finger_contacts < 5 AND lateral_friction >= 0.315,Combined,<,25.0,<,5.0,>=,0.315,Lift Slip — Low Friction Surface,True,False,0.07344827586206892
diagnosed_LIFT_OBJECT_unanticipated__RQ2_R_H05_C05_F09,object_lift_height_cm < 25 AND finger_contacts < 5 AND lateral_friction >= 0.500,Combined,<,25.0,<,5.0,>=,0.5,Lift Slip — Low Friction Surface,True,False,0.06872605363984663
diagnosed_LIFT_OBJECT_unanticipated__RQ2_R_H05_C05_F10,object_lift_height_cm < 25 AND finger_contacts < 5 AND lateral_friction >= 1.000,Combined,<,25.0,<,5.0,>=,1.0,Lift Slip — Low Friction Surface,True,False,0.06872605363984663
diagnosed_LIFT_OBJECT_unanticipated__RQ2_R_H05_C06_F01,object_lift_height_cm < 25 AND finger_contacts >= 1 AND lateral_friction <= 0.100,Combined,<,25.0,>=,1.0,<=,0.1,Lift Slip — Low Friction Surface,True,False,0.06944444444444442
diagnosed_LIFT_OBJECT_unanticipated__RQ2_R_H05_C06_F02,object_lift_height_cm < 25 AND finger_contacts >= 1 AND lateral_friction <= 0.300,Combined,<,25.0,>=,1.0,<=,0.3,Lift Slip — Low Friction Surface,True,False,0.125
diagnosed_LIFT_OBJECT_unanticipated__RQ2_R_H05_C06_F03,object_lift_height_cm < 25 AND finger_contacts >= 1 AND lateral_friction <= 0.315,Combined,<,25.0,>=,1.0,<=,0.315,Lift Slip — Low Friction Surface,True,False,0.12916666666666676
diagnosed_LIFT_OBJECT_unanticipated__RQ2_R_H05_C06_F04,object_lift_height_cm < 25 AND finger_contacts >= 1 AND lateral_friction <= 0.330,Combined,<,25.0,>=,1.0,<=,0.33,Lift Slip — Low Friction Surface,True,False,0.1333333333333333
diagnosed_LIFT_OBJECT_unanticipated__RQ2_R_H05_C06_F05,object_lift_height_cm < 25 AND finger_contacts >= 1 AND lateral_friction <= 0.400,Combined,<,25.0,>=,1.0,<=,0.4,Lift Slip — Low Friction Surface,True,False,0.15277777777777768
diagnosed_LIFT_OBJECT_unanticipated__RQ2_R_H05_C06_F06,object_lift_height_cm < 25 AND finger_contacts >= 1 AND lateral_friction <= 0.500,Combined,<,25.0,>=,1.0,<=,0.5,Lift Slip — Low Friction Surface,True,False,0.13055555555555554
diagnosed_LIFT_OBJECT_unanticipated__RQ2_R_H05_C06_F07,object_lift_height_cm < 25 AND finger_contacts >= 1 AND lateral_friction <= 1.000,Combined,<,25.0,>=,1.0,<=,1.0,Lift Slip — Low Friction Surface,True,False,0.08611111111111114
diagnosed_LIFT_OBJECT_unanticipated__RQ2_R_H05_C06_F08,object_lift_height_cm < 25 AND finger_contacts >= 1 AND lateral_friction >= 0.315,Combined,<,25.0,>=,1.0,>=,0.315,Lift Slip — Low Friction Surface,True,False,0.046388888888888924
diagnosed_LIFT_OBJECT_unanticipated__RQ2_R_H05_C06_F09,object_lift_height_cm < 25 AND finger_contacts >= 1 AND lateral_friction >= 0.500,Combined,<,25.0,>=,1.0,>=,0.5,Lift Slip — Low Friction Surface,True,False,0.04166666666666674
diagnosed_LIFT_OBJECT_unanticipated__RQ2_R_H05_C06_F10,object_lift_height_cm < 25 AND finger_contacts >= 1 AND lateral_friction >= 1.000,Combined,<,25.0,>=,1.0,>=,1.0,Lift Slip — Low Friction Surface,True,False,0.04166666666666674
diagnosed_LIFT_OBJECT_unanticipated__RQ2_R_H05_C07_F01,object_lift_height_cm < 25 AND finger_contacts >= 2 AND lateral_friction <= 0.100,Combined,<,25.0,>=,2.0,<=,0.1,Lift Slip — Low Friction Surface,True,False,0.06944444444444442
diagnosed_LIFT_OBJECT_unanticipated__RQ2_R_H05_C07_F02,object_lift_height_cm < 25 AND finger_contacts >= 2 AND lateral_friction <= 0.300,Combined,<,25.0,>=,2.0,<=,0.3,Lift Slip — Low Friction Surface,True,False,0.125
diagnosed_LIFT_OBJECT_unanticipated__RQ2_R_H05_C07_F03,object_lift_height_cm < 25 AND finger_contacts >= 2 AND lateral_friction <= 0.315,Combined,<,25.0,>=,2.0,<=,0.315,Lift Slip — Low Friction Surface,True,False,0.12916666666666676
diagnosed_LIFT_OBJECT_unanticipated__RQ2_R_H05_C07_F04,object_lift_height_cm < 25 AND finger_contacts >= 2 AND lateral_friction <= 0.330,Combined,<,25.0,>=,2.0,<=,0.33,Lift Slip — Low Friction Surface,True,False,0.1333333333333333
diagnosed_LIFT_OBJECT_unanticipated__RQ2_R_H05_C07_F05,object_lift_height_cm < 25 AND finger_contacts >= 2 AND lateral_friction <= 0.400,Combined,<,25.0,>=,2.0,<=,0.4,Lift Slip — Low Friction Surface,True,False,0.15277777777777768
diagnosed_LIFT_OBJECT_unanticipated__RQ2_R_H05_C07_F06,object_lift_height_cm < 25 AND finger_contacts >= 2 AND lateral_friction <= 0.500,Combined,<,25.0,>=,2.0,<=,0.5,Lift Slip — Low Friction Surface,True,False,0.13055555555555554
diagnosed_LIFT_OBJECT_unanticipated__RQ2_R_H05_C07_F07,object_lift_height_cm < 25 AND finger_contacts >= 2 AND lateral_friction <= 1.000,Combined,<,25.0,>=,2.0,<=,1.0,Lift Slip — Low Friction Surface,True,False,0.08611111111111114
diagnosed_LIFT_OBJECT_unanticipated__RQ2_R_H05_C07_F08,object_lift_height_cm < 25 AND finger_contacts >= 2 AND lateral_friction >= 0.315,Combined,<,25.0,>=,2.0,>=,0.315,Lift Slip — Low Friction Surface,True,False,0.046388888888888924
diagnosed_LIFT_OBJECT_unanticipated__RQ2_R_H05_C07_F09,object_lift_height_cm < 25 AND finger_contacts >= 2 AND lateral_friction >= 0.500,Combined,<,25.0,>=,2.0,>=,0.5,Lift Slip — Low Friction Surface,True,False,0.04166666666666674
diagnosed_LIFT_OBJECT_unanticipated__RQ2_R_H05_C07_F10,object_lift_height_cm < 25 AND finger_contacts >= 2 AND lateral_friction >= 1.000,Combined,<,25.0,>=,2.0,>=,1.0,Lift Slip — Low Friction Surface,True,False,0.04166666666666674
diagnosed_LIFT_OBJECT_unanticipated__RQ2_R_H05_C08_F01,object_lift_height_cm < 25 AND finger_contacts >= 3 AND lateral_friction <= 0.100,Combined,<,25.0,>=,3.0,<=,0.1,Lift Slip — Low Friction Surface,True,False,0.06944444444444442
diagnosed_LIFT_OBJECT_unanticipated__RQ2_R_H05_C08_F02,object_lift_height_cm < 25 AND finger_contacts >= 3 AND lateral_friction <= 0.300,Combined,<,25.0,>=,3.0,<=,0.3,Lift Slip — Low Friction Surface,True,False,0.125
diagnosed_LIFT_OBJECT_unanticipated__RQ2_R_H05_C08_F03,object_lift_height_cm < 25 AND finger_contacts >= 3 AND lateral_friction <= 0.315,Combined,<,25.0,>=,3.0,<=,0.315,Lift Slip — Low Friction Surface,True,False,0.12916666666666676
diagnosed_LIFT_OBJECT_unanticipated__RQ2_R_H05_C08_F04,object_lift_height_cm < 25 AND finger_contacts >= 3 AND lateral_friction <= 0.330,Combined,<,25.0,>=,3.0,<=,0.33,Lift Slip — Low Friction Surface,True,False,0.1333333333333333
diagnosed_LIFT_OBJECT_unanticipated__RQ2_R_H05_C08_F05,object_lift_height_cm < 25 AND finger_contacts >= 3 AND lateral_friction <= 0.400,Combined,<,25.0,>=,3.0,<=,0.4,Lift Slip — Low Friction Surface,True,False,0.15277777777777768
diagnosed_LIFT_OBJECT_unanticipated__RQ2_R_H05_C08_F06,object_lift_height_cm < 25 AND finger_contacts >= 3 AND lateral_friction <= 0.500,Combined,<,25.0,>=,3.0,<=,0.5,Lift Slip — Low Friction Surface,True,False,0.13055555555555554
diagnosed_LIFT_OBJECT_unanticipated__RQ2_R_H05_C08_F07,object_lift_height_cm < 25 AND finger_contacts >= 3 AND lateral_friction <= 1.000,Combined,<,25.0,>=,3.0,<=,1.0,Lift Slip — Low Friction Surface,True,False,0.08611111111111114
diagnosed_LIFT_OBJECT_unanticipated__RQ2_R_H05_C08_F08,object_lift_height_cm < 25 AND finger_contacts >= 3 AND lateral_friction >= 0.315,Combined,<,25.0,>=,3.0,>=,0.315,Lift Slip — Low Friction Surface,True,False,0.046388888888888924
diagnosed_LIFT_OBJECT_unanticipated__RQ2_R_H05_C08_F09,object_lift_height_cm < 25 AND finger_contacts >= 3 AND lateral_friction >= 0.500,Combined,<,25.0,>=,3.0,>=,0.5,Lift Slip — Low Friction Surface,True,False,0.04166666666666674
diagnosed_LIFT_OBJECT_unanticipated__RQ2_R_H05_C08_F10,object_lift_height_cm < 25 AND finger_contacts >= 3 AND lateral_friction >= 1.000,Combined,<,25.0,>=,3.0,>=,1.0,Lift Slip — Low Friction Surface,True,False,0.04166666666666674
diagnosed_LIFT_OBJECT_unanticipated__RQ2_R_H05_C09_F01,object_lift_height_cm < 25 AND finger_contacts >= 4 AND lateral_friction <= 0.100,Combined,<,25.0,>=,4.0,<=,0.1,Lift Slip — Low Friction Surface,True,False,0.06944444444444442
diagnosed_LIFT_OBJECT_unanticipated__RQ2_R_H05_C09_F02,object_lift_height_cm < 25 AND finger_contacts >= 4 AND lateral_friction <= 0.300,Combined,<,25.0,>=,4.0,<=,0.3,Lift Slip — Low Friction Surface,True,False,0.125
diagnosed_LIFT_OBJECT_unanticipated__RQ2_R_H05_C09_F03,object_lift_height_cm < 25 AND finger_contacts >= 4 AND lateral_friction <= 0.315,Combined,<,25.0,>=,4.0,<=,0.315,Lift Slip — Low Friction Surface,True,False,0.12916666666666676
diagnosed_LIFT_OBJECT_unanticipated__RQ2_R_H05_C09_F04,object_lift_height_cm < 25 AND finger_contacts >= 4 AND lateral_friction <= 0.330,Combined,<,25.0,>=,4.0,<=,0.33,Lift Slip — Low Friction Surface,True,False,0.1333333333333333
diagnosed_LIFT_OBJECT_unanticipated__RQ2_R_H05_C09_F05,object_lift_height_cm < 25 AND finger_contacts >= 4 AND lateral_friction <= 0.400,Combined,<,25.0,>=,4.0,<=,0.4,Lift Slip — Low Friction Surface,True,False,0.15277777777777768
diagnosed_LIFT_OBJECT_unanticipated__RQ2_R_H05_C09_F06,object_lift_height_cm < 25 AND finger_contacts >= 4 AND lateral_friction <= 0.500,Combined,<,25.0,>=,4.0,<=,0.5,Lift Slip — Low Friction Surface,True,False,0.13055555555555554
diagnosed_LIFT_OBJECT_unanticipated__RQ2_R_H05_C09_F07,object_lift_height_cm < 25 AND finger_contacts >= 4 AND lateral_friction <= 1.000,Combined,<,25.0,>=,4.0,<=,1.0,Lift Slip — Low Friction Surface,True,False,0.08611111111111114
diagnosed_LIFT_OBJECT_unanticipated__RQ2_R_H05_C09_F08,object_lift_height_cm < 25 AND finger_contacts >= 4 AND lateral_friction >= 0.315,Combined,<,25.0,>=,4.0,>=,0.315,Lift Slip — Low Friction Surface,True,False,0.046388888888888924
diagnosed_LIFT_OBJECT_unanticipated__RQ2_R_H05_C09_F09,object_lift_height_cm < 25 AND finger_contacts >= 4 AND lateral_friction >= 0.500,Combined,<,25.0,>=,4.0,>=,0.5,Lift Slip — Low Friction Surface,True,False,0.04166666666666674
diagnosed_LIFT_OBJECT_unanticipated__RQ2_R_H05_C09_F10,object_lift_height_cm < 25 AND finger_contacts >= 4 AND lateral_friction >= 1.000,Combined,<,25.0,>=,4.0,>=,1.0,Lift Slip — Low Friction Surface,True,False,0.04166666666666674
diagnosed_LIFT_OBJECT_unanticipated__RQ2_R_H05_C10_F01,object_lift_height_cm < 25 AND finger_contacts >= 5 AND lateral_friction <= 0.100,Combined,<,25.0,>=,5.0,<=,0.1,Lift Slip — Low Friction Surface,True,False,0.06944444444444442
diagnosed_LIFT_OBJECT_unanticipated__RQ2_R_H05_C10_F02,object_lift_height_cm < 25 AND finger_contacts >= 5 AND lateral_friction <= 0.300,Combined,<,25.0,>=,5.0,<=,0.3,Lift Slip — Low Friction Surface,True,False,0.125
diagnosed_LIFT_OBJECT_unanticipated__RQ2_R_H05_C10_F03,object_lift_height_cm < 25 AND finger_contacts >= 5 AND lateral_friction <= 0.315,Combined,<,25.0,>=,5.0,<=,0.315,Lift Slip — Low Friction Surface,True,False,0.12916666666666676
diagnosed_LIFT_OBJECT_unanticipated__RQ2_R_H05_C10_F04,object_lift_height_cm < 25 AND finger_contacts >= 5 AND lateral_friction <= 0.330,Combined,<,25.0,>=,5.0,<=,0.33,Lift Slip — Low Friction Surface,True,False,0.1333333333333333
diagnosed_LIFT_OBJECT_unanticipated__RQ2_R_H05_C10_F05,object_lift_height_cm < 25 AND finger_contacts >= 5 AND lateral_friction <= 0.400,Combined,<,25.0,>=,5.0,<=,0.4,Lift Slip — Low Friction Surface,True,False,0.15277777777777768
diagnosed_LIFT_OBJECT_unanticipated__RQ2_R_H05_C10_F06,object_lift_height_cm < 25 AND finger_contacts >= 5 AND lateral_friction <= 0.500,Combined,<,25.0,>=,5.0,<=,0.5,Lift Slip — Low Friction Surface,True,False,0.13055555555555554
diagnosed_LIFT_OBJECT_unanticipated__RQ2_R_H05_C10_F07,object_lift_height_cm < 25 AND finger_contacts >= 5 AND lateral_friction <= 1.000,Combined,<,25.0,>=,5.0,<=,1.0,Lift Slip — Low Friction Surface,True,False,0.08611111111111114
diagnosed_LIFT_OBJECT_unanticipated__RQ2_R_H05_C10_F08,object_lift_height_cm < 25 AND finger_contacts >= 5 AND lateral_friction >= 0.315,Combined,<,25.0,>=,5.0,>=,0.315,Lift Slip — Low Friction Surface,True,False,0.046388888888888924
diagnosed_LIFT_OBJECT_unanticipated__RQ2_R_H05_C10_F09,object_lift_height_cm < 25 AND finger_contacts >= 5 AND lateral_friction >= 0.500,Combined,<,25.0,>=,5.0,>=,0.5,Lift Slip — Low Friction Surface,True,False,0.04166666666666674
diagnosed_LIFT_OBJECT_unanticipated__RQ2_R_H05_C10_F10,object_lift_height_cm < 25 AND finger_contacts >= 5 AND lateral_friction >= 1.000,Combined,<,25.0,>=,5.0,>=,1.0,Lift Slip — Low Friction Surface,True,False,0.04166666666666674
diagnosed_LIFT_OBJECT_unanticipated__RQ2_R_H06_C01_F01,object_lift_height_cm < 50 AND finger_contacts < 1 AND lateral_friction <= 0.100,Threshold-only,<,50.0,<,1.0,<=,0.1,Lift Slip — Low Friction Surface,True,False,0.04818555555555548
diagnosed_LIFT_OBJECT_unanticipated__RQ2_R_H06_C01_F02,object_lift_height_cm < 50 AND finger_contacts < 1 AND lateral_friction <= 0.300,Threshold-only,<,50.0,<,1.0,<=,0.3,Lift Slip — Low Friction Surface,True,False,0.10374111111111117
diagnosed_LIFT_OBJECT_unanticipated__RQ2_R_H06_C01_F03,object_lift_height_cm < 50 AND finger_contacts < 1 AND lateral_friction <= 0.315,Threshold-only,<,50.0,<,1.0,<=,0.315,Lift Slip — Low Friction Surface,True,False,0.10790777777777794
diagnosed_LIFT_OBJECT_unanticipated__RQ2_R_H06_C01_F04,object_lift_height_cm < 50 AND finger_contacts < 1 AND lateral_friction <= 0.330,Threshold-only,<,50.0,<,1.0,<=,0.33,Lift Slip — Low Friction Surface,True,False,0.11207444444444448
diagnosed_LIFT_OBJECT_unanticipated__RQ2_R_H06_C01_F05,object_lift_height_cm < 50 AND finger_contacts < 1 AND lateral_friction <= 0.400,Threshold-only,<,50.0,<,1.0,<=,0.4,Lift Slip — Low Friction Surface,True,False,0.13151888888888885
diagnosed_LIFT_OBJECT_unanticipated__RQ2_R_H06_C01_F06,object_lift_height_cm < 50 AND finger_contacts < 1 AND lateral_friction <= 0.500,Threshold-only,<,50.0,<,1.0,<=,0.5,Lift Slip — Low Friction Surface,True,False,0.10929666666666671
diagnosed_LIFT_OBJECT_unanticipated__RQ2_R_H06_C01_F07,object_lift_height_cm < 50 AND finger_contacts < 1 AND lateral_friction <= 1.000,Threshold-only,<,50.0,<,1.0,<=,1.0,Lift Slip — Low Friction Surface,True,False,0.06485222222222231
diagnosed_LIFT_OBJECT_unanticipated__RQ2_R_H06_C01_F08,object_lift_height_cm < 50 AND finger_contacts < 1 AND lateral_friction >= 0.315,Combined,<,50.0,<,1.0,>=,0.315,Lift Slip — Low Friction Surface,True,False,0.025130000000000097
diagnosed_LIFT_OBJECT_unanticipated__RQ2_R_H06_C01_F09,object_lift_height_cm < 50 AND finger_contacts < 1 AND lateral_friction >= 0.500,Combined,<,50.0,<,1.0,>=,0.5,Lift Slip — Low Friction Surface,True,False,0.020407777777777802
diagnosed_LIFT_OBJECT_unanticipated__RQ2_R_H06_C01_F10,object_lift_height_cm < 50 AND finger_contacts < 1 AND lateral_friction >= 1.000,Combined,<,50.0,<,1.0,>=,1.0,Lift Slip — Low Friction Surface,True,False,0.020407777777777802
diagnosed_LIFT_OBJECT_unanticipated__RQ2_R_H06_C02_F01,object_lift_height_cm < 50 AND finger_contacts < 2 AND lateral_friction <= 0.100,Threshold-only,<,50.0,<,2.0,<=,0.1,Lift Slip — Low Friction Surface,True,False,0.06546660919540215
diagnosed_LIFT_OBJECT_unanticipated__RQ2_R_H06_C02_F02,object_lift_height_cm < 50 AND finger_contacts < 2 AND lateral_friction <= 0.300,Threshold-only,<,50.0,<,2.0,<=,0.3,Lift Slip — Low Friction Surface,True,False,0.12102216475095773
diagnosed_LIFT_OBJECT_unanticipated__RQ2_R_H06_C02_F03,object_lift_height_cm < 50 AND finger_contacts < 2 AND lateral_friction <= 0.315,Threshold-only,<,50.0,<,2.0,<=,0.315,Lift Slip — Low Friction Surface,True,False,0.12518883141762438
diagnosed_LIFT_OBJECT_unanticipated__RQ2_R_H06_C02_F04,object_lift_height_cm < 50 AND finger_contacts < 2 AND lateral_friction <= 0.330,Threshold-only,<,50.0,<,2.0,<=,0.33,Lift Slip — Low Friction Surface,True,False,0.12935549808429114
diagnosed_LIFT_OBJECT_unanticipated__RQ2_R_H06_C02_F05,object_lift_height_cm < 50 AND finger_contacts < 2 AND lateral_friction <= 0.400,Threshold-only,<,50.0,<,2.0,<=,0.4,Lift Slip — Low Friction Surface,True,False,0.14879994252873552
diagnosed_LIFT_OBJECT_unanticipated__RQ2_R_H06_C02_F06,object_lift_height_cm < 50 AND finger_contacts < 2 AND lateral_friction <= 0.500,Threshold-only,<,50.0,<,2.0,<=,0.5,Lift Slip — Low Friction Surface,True,False,0.12657772030651337
diagnosed_LIFT_OBJECT_unanticipated__RQ2_R_H06_C02_F07,object_lift_height_cm < 50 AND finger_contacts < 2 AND lateral_friction <= 1.000,Threshold-only,<,50.0,<,2.0,<=,1.0,Lift Slip — Low Friction Surface,True,False,0.08213327586206898
diagnosed_LIFT_OBJECT_unanticipated__RQ2_R_H06_C02_F08,object_lift_height_cm < 50 AND finger_contacts < 2 AND lateral_friction >= 0.315,Combined,<,50.0,<,2.0,>=,0.315,Lift Slip — Low Friction Surface,True,False,0.04241105363984676
diagnosed_LIFT_OBJECT_unanticipated__RQ2_R_H06_C02_F09,object_lift_height_cm < 50 AND finger_contacts < 2 AND lateral_friction >= 0.500,Combined,<,50.0,<,2.0,>=,0.5,Lift Slip — Low Friction Surface,True,False,0.03768883141762436
diagnosed_LIFT_OBJECT_unanticipated__RQ2_R_H06_C02_F10,object_lift_height_cm < 50 AND finger_contacts < 2 AND lateral_friction >= 1.000,Combined,<,50.0,<,2.0,>=,1.0,Lift Slip — Low Friction Surface,True,False,0.03768883141762436
diagnosed_LIFT_OBJECT_unanticipated__RQ2_R_H06_C03_F01,object_lift_height_cm < 50 AND finger_contacts < 3 AND lateral_friction <= 0.100,Threshold-only,<,50.0,<,3.0,<=,0.1,Lift Slip — Low Friction Surface,True,False,0.09324438697318005
diagnosed_LIFT_OBJECT_unanticipated__RQ2_R_H06_C03_F02,object_lift_height_cm < 50 AND finger_contacts < 3 AND lateral_friction <= 0.300,Threshold-only,<,50.0,<,3.0,<=,0.3,Lift Slip — Low Friction Surface,True,False,0.14879994252873552
diagnosed_LIFT_OBJECT_unanticipated__RQ2_R_H06_C03_F03,object_lift_height_cm < 50 AND finger_contacts < 3 AND lateral_friction <= 0.315,Threshold-only,<,50.0,<,3.0,<=,0.315,Lift Slip — Low Friction Surface,True,False,0.15296660919540217
diagnosed_LIFT_OBJECT_unanticipated__RQ2_R_H06_C03_F04,object_lift_height_cm < 50 AND finger_contacts < 3 AND lateral_friction <= 0.330,Threshold-only,<,50.0,<,3.0,<=,0.33,Lift Slip — Low Friction Surface,True,False,0.15713327586206882
diagnosed_LIFT_OBJECT_unanticipated__RQ2_R_H06_C03_F05,object_lift_height_cm < 50 AND finger_contacts < 3 AND lateral_friction <= 0.400,Threshold-only,<,50.0,<,3.0,<=,0.4,Lift Slip — Low Friction Surface,True,False,0.17657772030651342
diagnosed_LIFT_OBJECT_unanticipated__RQ2_R_H06_C03_F06,object_lift_height_cm < 50 AND finger_contacts < 3 AND lateral_friction <= 0.500,Threshold-only,<,50.0,<,3.0,<=,0.5,Lift Slip — Low Friction Surface,True,False,0.15435549808429128
diagnosed_LIFT_OBJECT_unanticipated__RQ2_R_H06_C03_F07,object_lift_height_cm < 50 AND finger_contacts < 3 AND lateral_friction <= 1.000,Threshold-only,<,50.0,<,3.0,<=,1.0,Lift Slip — Low Friction Surface,True,False,0.10991105363984666
diagnosed_LIFT_OBJECT_unanticipated__RQ2_R_H06_C03_F08,object_lift_height_cm < 50 AND finger_contacts < 3 AND lateral_friction >= 0.315,Combined,<,50.0,<,3.0,>=,0.315,Lift Slip — Low Friction Surface,True,False,0.07018883141762444
diagnosed_LIFT_OBJECT_unanticipated__RQ2_R_H06_C03_F09,object_lift_height_cm < 50 AND finger_contacts < 3 AND lateral_friction >= 0.500,Combined,<,50.0,<,3.0,>=,0.5,Lift Slip — Low Friction Surface,True,False,0.06546660919540226
diagnosed_LIFT_OBJECT_unanticipated__RQ2_R_H06_C03_F10,object_lift_height_cm < 50 AND finger_contacts < 3 AND lateral_friction >= 1.000,Combined,<,50.0,<,3.0,>=,1.0,Lift Slip — Low Friction Surface,True,False,0.06546660919540226
diagnosed_LIFT_OBJECT_unanticipated__RQ2_R_H06_C04_F01,object_lift_height_cm < 50 AND finger_contacts < 4 AND lateral_friction <= 0.100,Threshold-only,<,50.0,<,4.0,<=,0.1,Lift Slip — Low Friction Surface,True,False,0.0852222222222222
diagnosed_LIFT_OBJECT_unanticipated__RQ2_R_H06_C04_F02,object_lift_height_cm < 50 AND finger_contacts < 4 AND lateral_friction <= 0.300,Threshold-only,<,50.0,<,4.0,<=,0.3,Lift Slip — Low Friction Surface,True,False,0.1407777777777779
diagnosed_LIFT_OBJECT_unanticipated__RQ2_R_H06_C04_F03,object_lift_height_cm < 50 AND finger_contacts < 4 AND lateral_friction <= 0.315,Threshold-only,<,50.0,<,4.0,<=,0.315,Lift Slip — Low Friction Surface,True,False,0.14494444444444454
diagnosed_LIFT_OBJECT_unanticipated__RQ2_R_H06_C04_F04,object_lift_height_cm < 50 AND finger_contacts < 4 AND lateral_friction <= 0.330,Threshold-only,<,50.0,<,4.0,<=,0.33,Lift Slip — Low Friction Surface,True,False,0.1491111111111112
diagnosed_LIFT_OBJECT_unanticipated__RQ2_R_H06_C04_F05,object_lift_height_cm < 50 AND finger_contacts < 4 AND lateral_friction <= 0.400,Threshold-only,<,50.0,<,4.0,<=,0.4,Lift Slip — Low Friction Surface,True,False,0.16855555555555557
diagnosed_LIFT_OBJECT_unanticipated__RQ2_R_H06_C04_F06,object_lift_height_cm < 50 AND finger_contacts < 4 AND lateral_friction <= 0.500,Threshold-only,<,50.0,<,4.0,<=,0.5,Lift Slip — Low Friction Surface,True,False,0.14633333333333343
diagnosed_LIFT_OBJECT_unanticipated__RQ2_R_H06_C04_F07,object_lift_height_cm < 50 AND finger_contacts < 4 AND lateral_friction <= 1.000,Threshold-only,<,50.0,<,4.0,<=,1.0,Lift Slip — Low Friction Surface,True,False,0.10188888888888892
diagnosed_LIFT_OBJECT_unanticipated__RQ2_R_H06_C04_F08,object_lift_height_cm < 50 AND finger_contacts < 4 AND lateral_friction >= 0.315,Combined,<,50.0,<,4.0,>=,0.315,Lift Slip — Low Friction Surface,True,False,0.0621666666666667
diagnosed_LIFT_OBJECT_unanticipated__RQ2_R_H06_C04_F09,object_lift_height_cm < 50 AND finger_contacts < 4 AND lateral_friction >= 0.500,Combined,<,50.0,<,4.0,>=,0.5,Lift Slip — Low Friction Surface,True,False,0.05744444444444452
diagnosed_LIFT_OBJECT_unanticipated__RQ2_R_H06_C04_F10,object_lift_height_cm < 50 AND finger_contacts < 4 AND lateral_friction >= 1.000,Combined,<,50.0,<,4.0,>=,1.0,Lift Slip — Low Friction Surface,True,False,0.05744444444444452
diagnosed_LIFT_OBJECT_unanticipated__RQ2_R_H06_C05_F01,object_lift_height_cm < 50 AND finger_contacts < 5 AND lateral_friction <= 0.100,Threshold-only,<,50.0,<,5.0,<=,0.1,Lift Slip — Low Friction Surface,True,False,0.07596333333333338
diagnosed_LIFT_OBJECT_unanticipated__RQ2_R_H06_C05_F02,object_lift_height_cm < 50 AND finger_contacts < 5 AND lateral_friction <= 0.300,Threshold-only,<,50.0,<,5.0,<=,0.3,Lift Slip — Low Friction Surface,True,False,0.13151888888888885
diagnosed_LIFT_OBJECT_unanticipated__RQ2_R_H06_C05_F03,object_lift_height_cm < 50 AND finger_contacts < 5 AND lateral_friction <= 0.315,Threshold-only,<,50.0,<,5.0,<=,0.315,Lift Slip — Low Friction Surface,True,False,0.13568555555555561
diagnosed_LIFT_OBJECT_unanticipated__RQ2_R_H06_C05_F04,object_lift_height_cm < 50 AND finger_contacts < 5 AND lateral_friction <= 0.330,Threshold-only,<,50.0,<,5.0,<=,0.33,Lift Slip — Low Friction Surface,True,False,0.13985222222222227
diagnosed_LIFT_OBJECT_unanticipated__RQ2_R_H06_C05_F05,object_lift_height_cm < 50 AND finger_contacts < 5 AND lateral_friction <= 0.400,Threshold-only,<,50.0,<,5.0,<=,0.4,Lift Slip — Low Friction Surface,True,False,0.15929666666666664
diagnosed_LIFT_OBJECT_unanticipated__RQ2_R_H06_C05_F06,object_lift_height_cm < 50 AND finger_contacts < 5 AND lateral_friction <= 0.500,Threshold-only,<,50.0,<,5.0,<=,0.5,Lift Slip — Low Friction Surface,True,False,0.1370744444444444
diagnosed_LIFT_OBJECT_unanticipated__RQ2_R_H06_C05_F07,object_lift_height_cm < 50 AND finger_contacts < 5 AND lateral_friction <= 1.000,Threshold-only,<,50.0,<,5.0,<=,1.0,Lift Slip — Low Friction Surface,True,False,0.0926300000000001
diagnosed_LIFT_OBJECT_unanticipated__RQ2_R_H06_C05_F08,object_lift_height_cm < 50 AND finger_contacts < 5 AND lateral_friction >= 0.315,Combined,<,50.0,<,5.0,>=,0.315,Lift Slip — Low Friction Surface,True,False,0.05290777777777789
diagnosed_LIFT_OBJECT_unanticipated__RQ2_R_H06_C05_F09,object_lift_height_cm < 50 AND finger_contacts < 5 AND lateral_friction >= 0.500,Combined,<,50.0,<,5.0,>=,0.5,Lift Slip — Low Friction Surface,True,False,0.04818555555555548
diagnosed_LIFT_OBJECT_unanticipated__RQ2_R_H06_C05_F10,object_lift_height_cm < 50 AND finger_contacts < 5 AND lateral_friction >= 1.000,Combined,<,50.0,<,5.0,>=,1.0,Lift Slip — Low Friction Surface,True,False,0.04818555555555548
diagnosed_LIFT_OBJECT_unanticipated__RQ2_R_H06_C06_F01,object_lift_height_cm < 50 AND finger_contacts >= 1 AND lateral_friction <= 0.100,Combined,<,50.0,>=,1.0,<=,0.1,Lift Slip — Low Friction Surface,True,False,0.04818555555555548
diagnosed_LIFT_OBJECT_unanticipated__RQ2_R_H06_C06_F02,object_lift_height_cm < 50 AND finger_contacts >= 1 AND lateral_friction <= 0.300,Combined,<,50.0,>=,1.0,<=,0.3,Lift Slip — Low Friction Surface,True,False,0.10374111111111117
diagnosed_LIFT_OBJECT_unanticipated__RQ2_R_H06_C06_F03,object_lift_height_cm < 50 AND finger_contacts >= 1 AND lateral_friction <= 0.315,Combined,<,50.0,>=,1.0,<=,0.315,Lift Slip — Low Friction Surface,True,False,0.10790777777777794
diagnosed_LIFT_OBJECT_unanticipated__RQ2_R_H06_C06_F04,object_lift_height_cm < 50 AND finger_contacts >= 1 AND lateral_friction <= 0.330,Combined,<,50.0,>=,1.0,<=,0.33,Lift Slip — Low Friction Surface,True,False,0.11207444444444448
diagnosed_LIFT_OBJECT_unanticipated__RQ2_R_H06_C06_F05,object_lift_height_cm < 50 AND finger_contacts >= 1 AND lateral_friction <= 0.400,Combined,<,50.0,>=,1.0,<=,0.4,Lift Slip — Low Friction Surface,True,False,0.13151888888888885
diagnosed_LIFT_OBJECT_unanticipated__RQ2_R_H06_C06_F06,object_lift_height_cm < 50 AND finger_contacts >= 1 AND lateral_friction <= 0.500,Combined,<,50.0,>=,1.0,<=,0.5,Lift Slip — Low Friction Surface,True,False,0.10929666666666671
diagnosed_LIFT_OBJECT_unanticipated__RQ2_R_H06_C06_F07,object_lift_height_cm < 50 AND finger_contacts >= 1 AND lateral_friction <= 1.000,Combined,<,50.0,>=,1.0,<=,1.0,Lift Slip — Low Friction Surface,True,False,0.06485222222222231
diagnosed_LIFT_OBJECT_unanticipated__RQ2_R_H06_C06_F08,object_lift_height_cm < 50 AND finger_contacts >= 1 AND lateral_friction >= 0.315,Combined,<,50.0,>=,1.0,>=,0.315,Lift Slip — Low Friction Surface,True,False,0.025130000000000097
diagnosed_LIFT_OBJECT_unanticipated__RQ2_R_H06_C06_F09,object_lift_height_cm < 50 AND finger_contacts >= 1 AND lateral_friction >= 0.500,Combined,<,50.0,>=,1.0,>=,0.5,Lift Slip — Low Friction Surface,True,False,0.020407777777777802
diagnosed_LIFT_OBJECT_unanticipated__RQ2_R_H06_C06_F10,object_lift_height_cm < 50 AND finger_contacts >= 1 AND lateral_friction >= 1.000,Combined,<,50.0,>=,1.0,>=,1.0,Lift Slip — Low Friction Surface,True,False,0.020407777777777802
diagnosed_LIFT_OBJECT_unanticipated__RQ2_R_H06_C07_F01,object_lift_height_cm < 50 AND finger_contacts >= 2 AND lateral_friction <= 0.100,Combined,<,50.0,>=,2.0,<=,0.1,Lift Slip — Low Friction Surface,True,False,0.04818555555555548
diagnosed_LIFT_OBJECT_unanticipated__RQ2_R_H06_C07_F02,object_lift_height_cm < 50 AND finger_contacts >= 2 AND lateral_friction <= 0.300,Combined,<,50.0,>=,2.0,<=,0.3,Lift Slip — Low Friction Surface,True,False,0.10374111111111117
diagnosed_LIFT_OBJECT_unanticipated__RQ2_R_H06_C07_F03,object_lift_height_cm < 50 AND finger_contacts >= 2 AND lateral_friction <= 0.315,Combined,<,50.0,>=,2.0,<=,0.315,Lift Slip — Low Friction Surface,True,False,0.10790777777777794
diagnosed_LIFT_OBJECT_unanticipated__RQ2_R_H06_C07_F04,object_lift_height_cm < 50 AND finger_contacts >= 2 AND lateral_friction <= 0.330,Combined,<,50.0,>=,2.0,<=,0.33,Lift Slip — Low Friction Surface,True,False,0.11207444444444448
diagnosed_LIFT_OBJECT_unanticipated__RQ2_R_H06_C07_F05,object_lift_height_cm < 50 AND finger_contacts >= 2 AND lateral_friction <= 0.400,Combined,<,50.0,>=,2.0,<=,0.4,Lift Slip — Low Friction Surface,True,False,0.13151888888888885
diagnosed_LIFT_OBJECT_unanticipated__RQ2_R_H06_C07_F06,object_lift_height_cm < 50 AND finger_contacts >= 2 AND lateral_friction <= 0.500,Combined,<,50.0,>=,2.0,<=,0.5,Lift Slip — Low Friction Surface,True,False,0.10929666666666671
diagnosed_LIFT_OBJECT_unanticipated__RQ2_R_H06_C07_F07,object_lift_height_cm < 50 AND finger_contacts >= 2 AND lateral_friction <= 1.000,Combined,<,50.0,>=,2.0,<=,1.0,Lift Slip — Low Friction Surface,True,False,0.06485222222222231
diagnosed_LIFT_OBJECT_unanticipated__RQ2_R_H06_C07_F08,object_lift_height_cm < 50 AND finger_contacts >= 2 AND lateral_friction >= 0.315,Combined,<,50.0,>=,2.0,>=,0.315,Lift Slip — Low Friction Surface,True,False,0.025130000000000097
diagnosed_LIFT_OBJECT_unanticipated__RQ2_R_H06_C07_F09,object_lift_height_cm < 50 AND finger_contacts >= 2 AND lateral_friction >= 0.500,Combined,<,50.0,>=,2.0,>=,0.5,Lift Slip — Low Friction Surface,True,False,0.020407777777777802
diagnosed_LIFT_OBJECT_unanticipated__RQ2_R_H06_C07_F10,object_lift_height_cm < 50 AND finger_contacts >= 2 AND lateral_friction >= 1.000,Combined,<,50.0,>=,2.0,>=,1.0,Lift Slip — Low Friction Surface,True,False,0.020407777777777802
diagnosed_LIFT_OBJECT_unanticipated__RQ2_R_H06_C08_F01,object_lift_height_cm < 50 AND finger_contacts >= 3 AND lateral_friction <= 0.100,Combined,<,50.0,>=,3.0,<=,0.1,Lift Slip — Low Friction Surface,True,False,0.04818555555555548
diagnosed_LIFT_OBJECT_unanticipated__RQ2_R_H06_C08_F02,object_lift_height_cm < 50 AND finger_contacts >= 3 AND lateral_friction <= 0.300,Combined,<,50.0,>=,3.0,<=,0.3,Lift Slip — Low Friction Surface,True,False,0.10374111111111117
diagnosed_LIFT_OBJECT_unanticipated__RQ2_R_H06_C08_F03,object_lift_height_cm < 50 AND finger_contacts >= 3 AND lateral_friction <= 0.315,Combined,<,50.0,>=,3.0,<=,0.315,Lift Slip — Low Friction Surface,True,False,0.10790777777777794
diagnosed_LIFT_OBJECT_unanticipated__RQ2_R_H06_C08_F04,object_lift_height_cm < 50 AND finger_contacts >= 3 AND lateral_friction <= 0.330,Combined,<,50.0,>=,3.0,<=,0.33,Lift Slip — Low Friction Surface,True,False,0.11207444444444448
diagnosed_LIFT_OBJECT_unanticipated__RQ2_R_H06_C08_F05,object_lift_height_cm < 50 AND finger_contacts >= 3 AND lateral_friction <= 0.400,Combined,<,50.0,>=,3.0,<=,0.4,Lift Slip — Low Friction Surface,True,False,0.13151888888888885
diagnosed_LIFT_OBJECT_unanticipated__RQ2_R_H06_C08_F06,object_lift_height_cm < 50 AND finger_contacts >= 3 AND lateral_friction <= 0.500,Combined,<,50.0,>=,3.0,<=,0.5,Lift Slip — Low Friction Surface,True,False,0.10929666666666671
diagnosed_LIFT_OBJECT_unanticipated__RQ2_R_H06_C08_F07,object_lift_height_cm < 50 AND finger_contacts >= 3 AND lateral_friction <= 1.000,Combined,<,50.0,>=,3.0,<=,1.0,Lift Slip — Low Friction Surface,True,False,0.06485222222222231
diagnosed_LIFT_OBJECT_unanticipated__RQ2_R_H06_C08_F08,object_lift_height_cm < 50 AND finger_contacts >= 3 AND lateral_friction >= 0.315,Combined,<,50.0,>=,3.0,>=,0.315,Lift Slip — Low Friction Surface,True,False,0.025130000000000097
diagnosed_LIFT_OBJECT_unanticipated__RQ2_R_H06_C08_F09,object_lift_height_cm < 50 AND finger_contacts >= 3 AND lateral_friction >= 0.500,Combined,<,50.0,>=,3.0,>=,0.5,Lift Slip — Low Friction Surface,True,False,0.020407777777777802
diagnosed_LIFT_OBJECT_unanticipated__RQ2_R_H06_C08_F10,object_lift_height_cm < 50 AND finger_contacts >= 3 AND lateral_friction >= 1.000,Combined,<,50.0,>=,3.0,>=,1.0,Lift Slip — Low Friction Surface,True,False,0.020407777777777802
diagnosed_LIFT_OBJECT_unanticipated__RQ2_R_H06_C09_F01,object_lift_height_cm < 50 AND finger_contacts >= 4 AND lateral_friction <= 0.100,Combined,<,50.0,>=,4.0,<=,0.1,Lift Slip — Low Friction Surface,True,False,0.04818555555555548
diagnosed_LIFT_OBJECT_unanticipated__RQ2_R_H06_C09_F02,object_lift_height_cm < 50 AND finger_contacts >= 4 AND lateral_friction <= 0.300,Combined,<,50.0,>=,4.0,<=,0.3,Lift Slip — Low Friction Surface,True,False,0.10374111111111117
diagnosed_LIFT_OBJECT_unanticipated__RQ2_R_H06_C09_F03,object_lift_height_cm < 50 AND finger_contacts >= 4 AND lateral_friction <= 0.315,Combined,<,50.0,>=,4.0,<=,0.315,Lift Slip — Low Friction Surface,True,False,0.10790777777777794
diagnosed_LIFT_OBJECT_unanticipated__RQ2_R_H06_C09_F04,object_lift_height_cm < 50 AND finger_contacts >= 4 AND lateral_friction <= 0.330,Combined,<,50.0,>=,4.0,<=,0.33,Lift Slip — Low Friction Surface,True,False,0.11207444444444448
diagnosed_LIFT_OBJECT_unanticipated__RQ2_R_H06_C09_F05,object_lift_height_cm < 50 AND finger_contacts >= 4 AND lateral_friction <= 0.400,Combined,<,50.0,>=,4.0,<=,0.4,Lift Slip — Low Friction Surface,True,False,0.13151888888888885
diagnosed_LIFT_OBJECT_unanticipated__RQ2_R_H06_C09_F06,object_lift_height_cm < 50 AND finger_contacts >= 4 AND lateral_friction <= 0.500,Combined,<,50.0,>=,4.0,<=,0.5,Lift Slip — Low Friction Surface,True,False,0.10929666666666671
diagnosed_LIFT_OBJECT_unanticipated__RQ2_R_H06_C09_F07,object_lift_height_cm < 50 AND finger_contacts >= 4 AND lateral_friction <= 1.000,Combined,<,50.0,>=,4.0,<=,1.0,Lift Slip — Low Friction Surface,True,False,0.06485222222222231
diagnosed_LIFT_OBJECT_unanticipated__RQ2_R_H06_C09_F08,object_lift_height_cm < 50 AND finger_contacts >= 4 AND lateral_friction >= 0.315,Combined,<,50.0,>=,4.0,>=,0.315,Lift Slip — Low Friction Surface,True,False,0.025130000000000097
diagnosed_LIFT_OBJECT_unanticipated__RQ2_R_H06_C09_F09,object_lift_height_cm < 50 AND finger_contacts >= 4 AND lateral_friction >= 0.500,Combined,<,50.0,>=,4.0,>=,0.5,Lift Slip — Low Friction Surface,True,False,0.020407777777777802
diagnosed_LIFT_OBJECT_unanticipated__RQ2_R_H06_C09_F10,object_lift_height_cm < 50 AND finger_contacts >= 4 AND lateral_friction >= 1.000,Combined,<,50.0,>=,4.0,>=,1.0,Lift Slip — Low Friction Surface,True,False,0.020407777777777802
diagnosed_LIFT_OBJECT_unanticipated__RQ2_R_H06_C10_F01,object_lift_height_cm < 50 AND finger_contacts >= 5 AND lateral_friction <= 0.100,Combined,<,50.0,>=,5.0,<=,0.1,Lift Slip — Low Friction Surface,True,False,0.04818555555555548
diagnosed_LIFT_OBJECT_unanticipated__RQ2_R_H06_C10_F02,object_lift_height_cm < 50 AND finger_contacts >= 5 AND lateral_friction <= 0.300,Combined,<,50.0,>=,5.0,<=,0.3,Lift Slip — Low Friction Surface,True,False,0.10374111111111117
diagnosed_LIFT_OBJECT_unanticipated__RQ2_R_H06_C10_F03,object_lift_height_cm < 50 AND finger_contacts >= 5 AND lateral_friction <= 0.315,Combined,<,50.0,>=,5.0,<=,0.315,Lift Slip — Low Friction Surface,True,False,0.10790777777777794
diagnosed_LIFT_OBJECT_unanticipated__RQ2_R_H06_C10_F04,object_lift_height_cm < 50 AND finger_contacts >= 5 AND lateral_friction <= 0.330,Combined,<,50.0,>=,5.0,<=,0.33,Lift Slip — Low Friction Surface,True,False,0.11207444444444448
diagnosed_LIFT_OBJECT_unanticipated__RQ2_R_H06_C10_F05,object_lift_height_cm < 50 AND finger_contacts >= 5 AND lateral_friction <= 0.400,Combined,<,50.0,>=,5.0,<=,0.4,Lift Slip — Low Friction Surface,True,False,0.13151888888888885
diagnosed_LIFT_OBJECT_unanticipated__RQ2_R_H06_C10_F06,object_lift_height_cm < 50 AND finger_contacts >= 5 AND lateral_friction <= 0.500,Combined,<,50.0,>=,5.0,<=,0.5,Lift Slip — Low Friction Surface,True,False,0.10929666666666671
diagnosed_LIFT_OBJECT_unanticipated__RQ2_R_H06_C10_F07,object_lift_height_cm < 50 AND finger_contacts >= 5 AND lateral_friction <= 1.000,Combined,<,50.0,>=,5.0,<=,1.0,Lift Slip — Low Friction Surface,True,False,0.06485222222222231
diagnosed_LIFT_OBJECT_unanticipated__RQ2_R_H06_C10_F08,object_lift_height_cm < 50 AND finger_contacts >= 5 AND lateral_friction >= 0.315,Combined,<,50.0,>=,5.0,>=,0.315,Lift Slip — Low Friction Surface,True,False,0.025130000000000097
diagnosed_LIFT_OBJECT_unanticipated__RQ2_R_H06_C10_F09,object_lift_height_cm < 50 AND finger_contacts >= 5 AND lateral_friction >= 0.500,Combined,<,50.0,>=,5.0,>=,0.5,Lift Slip — Low Friction Surface,True,False,0.020407777777777802
diagnosed_LIFT_OBJECT_unanticipated__RQ2_R_H06_C10_F10,object_lift_height_cm < 50 AND finger_contacts >= 5 AND lateral_friction >= 1.000,Combined,<,50.0,>=,5.0,>=,1.0,Lift Slip — Low Friction Surface,True,False,0.020407777777777802
diagnosed_LIFT_OBJECT_unanticipated__RQ2_R_H07_C01_F01,object_lift_height_cm >= 10 AND finger_contacts < 1 AND lateral_friction <= 0.100,Combined,>=,10.0,<,1.0,<=,0.1,Lift Slip — Low Friction Surface,True,False,0.02777777777777768
diagnosed_LIFT_OBJECT_unanticipated__RQ2_R_H07_C01_F02,object_lift_height_cm >= 10 AND finger_contacts < 1 AND lateral_friction <= 0.300,Combined,>=,10.0,<,1.0,<=,0.3,Lift Slip — Low Friction Surface,True,False,0.08333333333333337
diagnosed_LIFT_OBJECT_unanticipated__RQ2_R_H07_C01_F03,object_lift_height_cm >= 10 AND finger_contacts < 1 AND lateral_friction <= 0.315,Combined,>=,10.0,<,1.0,<=,0.315,Lift Slip — Low Friction Surface,True,False,0.08750000000000013
diagnosed_LIFT_OBJECT_unanticipated__RQ2_R_H07_C01_F04,object_lift_height_cm >= 10 AND finger_contacts < 1 AND lateral_friction <= 0.330,Combined,>=,10.0,<,1.0,<=,0.33,Lift Slip — Low Friction Surface,True,False,0.09166666666666667
diagnosed_LIFT_OBJECT_unanticipated__RQ2_R_H07_C01_F05,object_lift_height_cm >= 10 AND finger_contacts < 1 AND lateral_friction <= 0.400,Combined,>=,10.0,<,1.0,<=,0.4,Lift Slip — Low Friction Surface,True,False,0.11111111111111105
diagnosed_LIFT_OBJECT_unanticipated__RQ2_R_H07_C01_F06,object_lift_height_cm >= 10 AND finger_contacts < 1 AND lateral_friction <= 0.500,Combined,>=,10.0,<,1.0,<=,0.5,Lift Slip — Low Friction Surface,True,False,0.0888888888888889
diagnosed_LIFT_OBJECT_unanticipated__RQ2_R_H07_C01_F07,object_lift_height_cm >= 10 AND finger_contacts < 1 AND lateral_friction <= 1.000,Combined,>=,10.0,<,1.0,<=,1.0,Lift Slip — Low Friction Surface,True,False,0.04444444444444451
diagnosed_LIFT_OBJECT_unanticipated__RQ2_R_H07_C01_F08,object_lift_height_cm >= 10 AND finger_contacts < 1 AND lateral_friction >= 0.315,Combined,>=,10.0,<,1.0,>=,0.315,Lift Slip — Low Friction Surface,True,False,0.004722222222222294
diagnosed_LIFT_OBJECT_unanticipated__RQ2_R_H07_C01_F09,object_lift_height_cm >= 10 AND finger_contacts < 1 AND lateral_friction >= 0.500,Combined,>=,10.0,<,1.0,>=,0.5,Lift Slip — Low Friction Surface,True,True,0.0
diagnosed_LIFT_OBJECT_unanticipated__RQ2_R_H07_C01_F10,object_lift_height_cm >= 10 AND finger_contacts < 1 AND lateral_friction >= 1.000,Combined,>=,10.0,<,1.0,>=,1.0,Lift Slip — Low Friction Surface,True,True,0.0
diagnosed_LIFT_OBJECT_unanticipated__RQ2_R_H07_C02_F01,object_lift_height_cm >= 10 AND finger_contacts < 2 AND lateral_friction <= 0.100,Combined,>=,10.0,<,2.0,<=,0.1,Lift Slip — Low Friction Surface,True,False,0.07567049808429127
diagnosed_LIFT_OBJECT_unanticipated__RQ2_R_H07_C02_F02,object_lift_height_cm >= 10 AND finger_contacts < 2 AND lateral_friction <= 0.300,Combined,>=,10.0,<,2.0,<=,0.3,Lift Slip — Low Friction Surface,True,False,0.13122605363984674
diagnosed_LIFT_OBJECT_unanticipated__RQ2_R_H07_C02_F03,object_lift_height_cm >= 10 AND finger_contacts < 2 AND lateral_friction <= 0.315,Operator-only,>=,10.0,<,2.0,<=,0.315,Lift Slip — Low Friction Surface,True,False,0.13539272030651328
diagnosed_LIFT_OBJECT_unanticipated__RQ2_R_H07_C02_F04,object_lift_height_cm >= 10 AND finger_contacts < 2 AND lateral_friction <= 0.330,Combined,>=,10.0,<,2.0,<=,0.33,Lift Slip — Low Friction Surface,True,False,0.13955938697318004
diagnosed_LIFT_OBJECT_unanticipated__RQ2_R_H07_C02_F05,object_lift_height_cm >= 10 AND finger_contacts < 2 AND lateral_friction <= 0.400,Combined,>=,10.0,<,2.0,<=,0.4,Lift Slip — Low Friction Surface,True,False,0.15900383141762442
diagnosed_LIFT_OBJECT_unanticipated__RQ2_R_H07_C02_F06,object_lift_height_cm >= 10 AND finger_contacts < 2 AND lateral_friction <= 0.500,Combined,>=,10.0,<,2.0,<=,0.5,Lift Slip — Low Friction Surface,True,False,0.13678160919540228
diagnosed_LIFT_OBJECT_unanticipated__RQ2_R_H07_C02_F07,object_lift_height_cm >= 10 AND finger_contacts < 2 AND lateral_friction <= 1.000,Combined,>=,10.0,<,2.0,<=,1.0,Lift Slip — Low Friction Surface,True,False,0.09233716475095788
diagnosed_LIFT_OBJECT_unanticipated__RQ2_R_H07_C02_F08,object_lift_height_cm >= 10 AND finger_contacts < 2 AND lateral_friction >= 0.315,Operator-only,>=,10.0,<,2.0,>=,0.315,Lift Slip — Low Friction Surface,True,False,0.052614942528735664
diagnosed_LIFT_OBJECT_unanticipated__RQ2_R_H07_C02_F09,object_lift_height_cm >= 10 AND finger_contacts < 2 AND lateral_friction >= 0.500,Combined,>=,10.0,<,2.0,>=,0.5,Lift Slip — Low Friction Surface,True,False,0.04789272030651326
diagnosed_LIFT_OBJECT_unanticipated__RQ2_R_H07_C02_F10,object_lift_height_cm >= 10 AND finger_contacts < 2 AND lateral_friction >= 1.000,Combined,>=,10.0,<,2.0,>=,1.0,Lift Slip — Low Friction Surface,True,False,0.04789272030651326
diagnosed_LIFT_OBJECT_unanticipated__RQ2_R_H07_C03_F01,object_lift_height_cm >= 10 AND finger_contacts < 3 AND lateral_friction <= 0.100,Combined,>=,10.0,<,3.0,<=,0.1,Lift Slip — Low Friction Surface,True,False,0.08333333333333337
diagnosed_LIFT_OBJECT_unanticipated__RQ2_R_H07_C03_F02,object_lift_height_cm >= 10 AND finger_contacts < 3 AND lateral_friction <= 0.300,Combined,>=,10.0,<,3.0,<=,0.3,Lift Slip — Low Friction Surface,True,False,0.13888888888888906
diagnosed_LIFT_OBJECT_unanticipated__RQ2_R_H07_C03_F03,object_lift_height_cm >= 10 AND finger_contacts < 3 AND lateral_friction <= 0.315,Combined,>=,10.0,<,3.0,<=,0.315,Lift Slip — Low Friction Surface,True,False,0.1430555555555556
diagnosed_LIFT_OBJECT_unanticipated__RQ2_R_H07_C03_F04,object_lift_height_cm >= 10 AND finger_contacts < 3 AND lateral_friction <= 0.330,Combined,>=,10.0,<,3.0,<=,0.33,Lift Slip — Low Friction Surface,True,False,0.14722222222222214
diagnosed_LIFT_OBJECT_unanticipated__RQ2_R_H07_C03_F05,object_lift_height_cm >= 10 AND finger_contacts < 3 AND lateral_friction <= 0.400,Combined,>=,10.0,<,3.0,<=,0.4,Lift Slip — Low Friction Surface,True,False,0.16666666666666674
diagnosed_LIFT_OBJECT_unanticipated__RQ2_R_H07_C03_F06,object_lift_height_cm >= 10 AND finger_contacts < 3 AND lateral_friction <= 0.500,Combined,>=,10.0,<,3.0,<=,0.5,Lift Slip — Low Friction Surface,True,False,0.1444444444444446
diagnosed_LIFT_OBJECT_unanticipated__RQ2_R_H07_C03_F07,object_lift_height_cm >= 10 AND finger_contacts < 3 AND lateral_friction <= 1.000,Combined,>=,10.0,<,3.0,<=,1.0,Lift Slip — Low Friction Surface,True,False,0.09999999999999998
diagnosed_LIFT_OBJECT_unanticipated__RQ2_R_H07_C03_F08,object_lift_height_cm >= 10 AND finger_contacts < 3 AND lateral_friction >= 0.315,Combined,>=,10.0,<,3.0,>=,0.315,Lift Slip — Low Friction Surface,True,False,0.06027777777777776
diagnosed_LIFT_OBJECT_unanticipated__RQ2_R_H07_C03_F09,object_lift_height_cm >= 10 AND finger_contacts < 3 AND lateral_friction >= 0.500,Combined,>=,10.0,<,3.0,>=,0.5,Lift Slip — Low Friction Surface,True,False,0.05555555555555569
diagnosed_LIFT_OBJECT_unanticipated__RQ2_R_H07_C03_F10,object_lift_height_cm >= 10 AND finger_contacts < 3 AND lateral_friction >= 1.000,Combined,>=,10.0,<,3.0,>=,1.0,Lift Slip — Low Friction Surface,True,False,0.05555555555555569
diagnosed_LIFT_OBJECT_unanticipated__RQ2_R_H07_C04_F01,object_lift_height_cm >= 10 AND finger_contacts < 4 AND lateral_friction <= 0.100,Combined,>=,10.0,<,4.0,<=,0.1,Lift Slip — Low Friction Surface,True,False,0.0648144444444444
diagnosed_LIFT_OBJECT_unanticipated__RQ2_R_H07_C04_F02,object_lift_height_cm >= 10 AND finger_contacts < 4 AND lateral_friction <= 0.300,Combined,>=,10.0,<,4.0,<=,0.3,Lift Slip — Low Friction Surface,True,False,0.12037000000000009
diagnosed_LIFT_OBJECT_unanticipated__RQ2_R_H07_C04_F03,object_lift_height_cm >= 10 AND finger_contacts < 4 AND lateral_friction <= 0.315,Combined,>=,10.0,<,4.0,<=,0.315,Lift Slip — Low Friction Surface,True,False,0.12453666666666674
diagnosed_LIFT_OBJECT_unanticipated__RQ2_R_H07_C04_F04,object_lift_height_cm >= 10 AND finger_contacts < 4 AND lateral_friction <= 0.330,Combined,>=,10.0,<,4.0,<=,0.33,Lift Slip — Low Friction Surface,True,False,0.1287033333333334
diagnosed_LIFT_OBJECT_unanticipated__RQ2_R_H07_C04_F05,object_lift_height_cm >= 10 AND finger_contacts < 4 AND lateral_friction <= 0.400,Combined,>=,10.0,<,4.0,<=,0.4,Lift Slip — Low Friction Surface,True,False,0.14814777777777777
diagnosed_LIFT_OBJECT_unanticipated__RQ2_R_H07_C04_F06,object_lift_height_cm >= 10 AND finger_contacts < 4 AND lateral_friction <= 0.500,Combined,>=,10.0,<,4.0,<=,0.5,Lift Slip — Low Friction Surface,True,False,0.12592555555555562
diagnosed_LIFT_OBJECT_unanticipated__RQ2_R_H07_C04_F07,object_lift_height_cm >= 10 AND finger_contacts < 4 AND lateral_friction <= 1.000,Combined,>=,10.0,<,4.0,<=,1.0,Lift Slip — Low Friction Surface,True,False,0.08148111111111112
diagnosed_LIFT_OBJECT_unanticipated__RQ2_R_H07_C04_F08,object_lift_height_cm >= 10 AND finger_contacts < 4 AND lateral_friction >= 0.315,Combined,>=,10.0,<,4.0,>=,0.315,Lift Slip — Low Friction Surface,True,False,0.0417588888888889
diagnosed_LIFT_OBJECT_unanticipated__RQ2_R_H07_C04_F09,object_lift_height_cm >= 10 AND finger_contacts < 4 AND lateral_friction >= 0.500,Combined,>=,10.0,<,4.0,>=,0.5,Lift Slip — Low Friction Surface,True,False,0.03703666666666672
diagnosed_LIFT_OBJECT_unanticipated__RQ2_R_H07_C04_F10,object_lift_height_cm >= 10 AND finger_contacts < 4 AND lateral_friction >= 1.000,Combined,>=,10.0,<,4.0,>=,1.0,Lift Slip — Low Friction Surface,True,False,0.03703666666666672
diagnosed_LIFT_OBJECT_unanticipated__RQ2_R_H07_C05_F01,object_lift_height_cm >= 10 AND finger_contacts < 5 AND lateral_friction <= 0.100,Combined,>=,10.0,<,5.0,<=,0.1,Lift Slip — Low Friction Surface,True,False,0.05555555555555569
diagnosed_LIFT_OBJECT_unanticipated__RQ2_R_H07_C05_F02,object_lift_height_cm >= 10 AND finger_contacts < 5 AND lateral_friction <= 0.300,Combined,>=,10.0,<,5.0,<=,0.3,Lift Slip — Low Friction Surface,True,False,0.11111111111111105
diagnosed_LIFT_OBJECT_unanticipated__RQ2_R_H07_C05_F03,object_lift_height_cm >= 10 AND finger_contacts < 5 AND lateral_friction <= 0.315,Combined,>=,10.0,<,5.0,<=,0.315,Lift Slip — Low Friction Surface,True,False,0.11527777777777781
diagnosed_LIFT_OBJECT_unanticipated__RQ2_R_H07_C05_F04,object_lift_height_cm >= 10 AND finger_contacts < 5 AND lateral_friction <= 0.330,Combined,>=,10.0,<,5.0,<=,0.33,Lift Slip — Low Friction Surface,True,False,0.11944444444444446
diagnosed_LIFT_OBJECT_unanticipated__RQ2_R_H07_C05_F05,object_lift_height_cm >= 10 AND finger_contacts < 5 AND lateral_friction <= 0.400,Combined,>=,10.0,<,5.0,<=,0.4,Lift Slip — Low Friction Surface,True,False,0.13888888888888906
diagnosed_LIFT_OBJECT_unanticipated__RQ2_R_H07_C05_F06,object_lift_height_cm >= 10 AND finger_contacts < 5 AND lateral_friction <= 0.500,Combined,>=,10.0,<,5.0,<=,0.5,Lift Slip — Low Friction Surface,True,False,0.1166666666666667
diagnosed_LIFT_OBJECT_unanticipated__RQ2_R_H07_C05_F07,object_lift_height_cm >= 10 AND finger_contacts < 5 AND lateral_friction <= 1.000,Combined,>=,10.0,<,5.0,<=,1.0,Lift Slip — Low Friction Surface,True,False,0.0722222222222223
diagnosed_LIFT_OBJECT_unanticipated__RQ2_R_H07_C05_F08,object_lift_height_cm >= 10 AND finger_contacts < 5 AND lateral_friction >= 0.315,Combined,>=,10.0,<,5.0,>=,0.315,Lift Slip — Low Friction Surface,True,False,0.032500000000000084
diagnosed_LIFT_OBJECT_unanticipated__RQ2_R_H07_C05_F09,object_lift_height_cm >= 10 AND finger_contacts < 5 AND lateral_friction >= 0.500,Combined,>=,10.0,<,5.0,>=,0.5,Lift Slip — Low Friction Surface,True,False,0.02777777777777768
diagnosed_LIFT_OBJECT_unanticipated__RQ2_R_H07_C05_F10,object_lift_height_cm >= 10 AND finger_contacts < 5 AND lateral_friction >= 1.000,Combined,>=,10.0,<,5.0,>=,1.0,Lift Slip — Low Friction Surface,True,False,0.02777777777777768
diagnosed_LIFT_OBJECT_unanticipated__RQ2_R_H07_C06_F01,object_lift_height_cm >= 10 AND finger_contacts >= 1 AND lateral_friction <= 0.100,Combined,>=,10.0,>=,1.0,<=,0.1,Lift Slip — Low Friction Surface,True,False,0.02777777777777768
diagnosed_LIFT_OBJECT_unanticipated__RQ2_R_H07_C06_F02,object_lift_height_cm >= 10 AND finger_contacts >= 1 AND lateral_friction <= 0.300,Combined,>=,10.0,>=,1.0,<=,0.3,Lift Slip — Low Friction Surface,True,False,0.08333333333333337
diagnosed_LIFT_OBJECT_unanticipated__RQ2_R_H07_C06_F03,object_lift_height_cm >= 10 AND finger_contacts >= 1 AND lateral_friction <= 0.315,Combined,>=,10.0,>=,1.0,<=,0.315,Lift Slip — Low Friction Surface,True,False,0.08750000000000013
diagnosed_LIFT_OBJECT_unanticipated__RQ2_R_H07_C06_F04,object_lift_height_cm >= 10 AND finger_contacts >= 1 AND lateral_friction <= 0.330,Combined,>=,10.0,>=,1.0,<=,0.33,Lift Slip — Low Friction Surface,True,False,0.09166666666666667
diagnosed_LIFT_OBJECT_unanticipated__RQ2_R_H07_C06_F05,object_lift_height_cm >= 10 AND finger_contacts >= 1 AND lateral_friction <= 0.400,Combined,>=,10.0,>=,1.0,<=,0.4,Lift Slip — Low Friction Surface,True,False,0.11111111111111105
diagnosed_LIFT_OBJECT_unanticipated__RQ2_R_H07_C06_F06,object_lift_height_cm >= 10 AND finger_contacts >= 1 AND lateral_friction <= 0.500,Combined,>=,10.0,>=,1.0,<=,0.5,Lift Slip — Low Friction Surface,True,False,0.0888888888888889
diagnosed_LIFT_OBJECT_unanticipated__RQ2_R_H07_C06_F07,object_lift_height_cm >= 10 AND finger_contacts >= 1 AND lateral_friction <= 1.000,Combined,>=,10.0,>=,1.0,<=,1.0,Lift Slip — Low Friction Surface,True,False,0.04444444444444451
diagnosed_LIFT_OBJECT_unanticipated__RQ2_R_H07_C06_F08,object_lift_height_cm >= 10 AND finger_contacts >= 1 AND lateral_friction >= 0.315,Combined,>=,10.0,>=,1.0,>=,0.315,Lift Slip — Low Friction Surface,True,False,0.004722222222222294
diagnosed_LIFT_OBJECT_unanticipated__RQ2_R_H07_C06_F09,object_lift_height_cm >= 10 AND finger_contacts >= 1 AND lateral_friction >= 0.500,Combined,>=,10.0,>=,1.0,>=,0.5,Lift Slip — Low Friction Surface,True,True,0.0
diagnosed_LIFT_OBJECT_unanticipated__RQ2_R_H07_C06_F10,object_lift_height_cm >= 10 AND finger_contacts >= 1 AND lateral_friction >= 1.000,Combined,>=,10.0,>=,1.0,>=,1.0,Lift Slip — Low Friction Surface,True,True,0.0
diagnosed_LIFT_OBJECT_unanticipated__RQ2_R_H07_C07_F01,object_lift_height_cm >= 10 AND finger_contacts >= 2 AND lateral_friction <= 0.100,Combined,>=,10.0,>=,2.0,<=,0.1,Lift Slip — Low Friction Surface,True,False,0.02777777777777768
diagnosed_LIFT_OBJECT_unanticipated__RQ2_R_H07_C07_F02,object_lift_height_cm >= 10 AND finger_contacts >= 2 AND lateral_friction <= 0.300,Combined,>=,10.0,>=,2.0,<=,0.3,Lift Slip — Low Friction Surface,True,False,0.08333333333333337
diagnosed_LIFT_OBJECT_unanticipated__RQ2_R_H07_C07_F03,object_lift_height_cm >= 10 AND finger_contacts >= 2 AND lateral_friction <= 0.315,Operator-only,>=,10.0,>=,2.0,<=,0.315,Lift Slip — Low Friction Surface,True,False,0.08750000000000013
diagnosed_LIFT_OBJECT_unanticipated__RQ2_R_H07_C07_F04,object_lift_height_cm >= 10 AND finger_contacts >= 2 AND lateral_friction <= 0.330,Combined,>=,10.0,>=,2.0,<=,0.33,Lift Slip — Low Friction Surface,True,False,0.09166666666666667
diagnosed_LIFT_OBJECT_unanticipated__RQ2_R_H07_C07_F05,object_lift_height_cm >= 10 AND finger_contacts >= 2 AND lateral_friction <= 0.400,Combined,>=,10.0,>=,2.0,<=,0.4,Lift Slip — Low Friction Surface,True,False,0.11111111111111105
diagnosed_LIFT_OBJECT_unanticipated__RQ2_R_H07_C07_F06,object_lift_height_cm >= 10 AND finger_contacts >= 2 AND lateral_friction <= 0.500,Combined,>=,10.0,>=,2.0,<=,0.5,Lift Slip — Low Friction Surface,True,False,0.0888888888888889
diagnosed_LIFT_OBJECT_unanticipated__RQ2_R_H07_C07_F07,object_lift_height_cm >= 10 AND finger_contacts >= 2 AND lateral_friction <= 1.000,Combined,>=,10.0,>=,2.0,<=,1.0,Lift Slip — Low Friction Surface,True,False,0.04444444444444451
diagnosed_LIFT_OBJECT_unanticipated__RQ2_R_H07_C07_F08,object_lift_height_cm >= 10 AND finger_contacts >= 2 AND lateral_friction >= 0.315,Operator-only,>=,10.0,>=,2.0,>=,0.315,Lift Slip — Low Friction Surface,True,False,0.004722222222222294
diagnosed_LIFT_OBJECT_unanticipated__RQ2_R_H07_C07_F09,object_lift_height_cm >= 10 AND finger_contacts >= 2 AND lateral_friction >= 0.500,Combined,>=,10.0,>=,2.0,>=,0.5,Lift Slip — Low Friction Surface,True,True,0.0
diagnosed_LIFT_OBJECT_unanticipated__RQ2_R_H07_C07_F10,object_lift_height_cm >= 10 AND finger_contacts >= 2 AND lateral_friction >= 1.000,Combined,>=,10.0,>=,2.0,>=,1.0,Lift Slip — Low Friction Surface,True,True,0.0
diagnosed_LIFT_OBJECT_unanticipated__RQ2_R_H07_C08_F01,object_lift_height_cm >= 10 AND finger_contacts >= 3 AND lateral_friction <= 0.100,Combined,>=,10.0,>=,3.0,<=,0.1,Lift Slip — Low Friction Surface,True,False,0.02777777777777768
diagnosed_LIFT_OBJECT_unanticipated__RQ2_R_H07_C08_F02,object_lift_height_cm >= 10 AND finger_contacts >= 3 AND lateral_friction <= 0.300,Combined,>=,10.0,>=,3.0,<=,0.3,Lift Slip — Low Friction Surface,True,False,0.08333333333333337
diagnosed_LIFT_OBJECT_unanticipated__RQ2_R_H07_C08_F03,object_lift_height_cm >= 10 AND finger_contacts >= 3 AND lateral_friction <= 0.315,Combined,>=,10.0,>=,3.0,<=,0.315,Lift Slip — Low Friction Surface,True,False,0.08750000000000013
diagnosed_LIFT_OBJECT_unanticipated__RQ2_R_H07_C08_F04,object_lift_height_cm >= 10 AND finger_contacts >= 3 AND lateral_friction <= 0.330,Combined,>=,10.0,>=,3.0,<=,0.33,Lift Slip — Low Friction Surface,True,False,0.09166666666666667
diagnosed_LIFT_OBJECT_unanticipated__RQ2_R_H07_C08_F05,object_lift_height_cm >= 10 AND finger_contacts >= 3 AND lateral_friction <= 0.400,Combined,>=,10.0,>=,3.0,<=,0.4,Lift Slip — Low Friction Surface,True,False,0.11111111111111105
diagnosed_LIFT_OBJECT_unanticipated__RQ2_R_H07_C08_F06,object_lift_height_cm >= 10 AND finger_contacts >= 3 AND lateral_friction <= 0.500,Combined,>=,10.0,>=,3.0,<=,0.5,Lift Slip — Low Friction Surface,True,False,0.0888888888888889
diagnosed_LIFT_OBJECT_unanticipated__RQ2_R_H07_C08_F07,object_lift_height_cm >= 10 AND finger_contacts >= 3 AND lateral_friction <= 1.000,Combined,>=,10.0,>=,3.0,<=,1.0,Lift Slip — Low Friction Surface,True,False,0.04444444444444451
diagnosed_LIFT_OBJECT_unanticipated__RQ2_R_H07_C08_F08,object_lift_height_cm >= 10 AND finger_contacts >= 3 AND lateral_friction >= 0.315,Combined,>=,10.0,>=,3.0,>=,0.315,Lift Slip — Low Friction Surface,True,False,0.004722222222222294
diagnosed_LIFT_OBJECT_unanticipated__RQ2_R_H07_C08_F09,object_lift_height_cm >= 10 AND finger_contacts >= 3 AND lateral_friction >= 0.500,Combined,>=,10.0,>=,3.0,>=,0.5,Lift Slip — Low Friction Surface,True,True,0.0
diagnosed_LIFT_OBJECT_unanticipated__RQ2_R_H07_C08_F10,object_lift_height_cm >= 10 AND finger_contacts >= 3 AND lateral_friction >= 1.000,Combined,>=,10.0,>=,3.0,>=,1.0,Lift Slip — Low Friction Surface,True,True,0.0
diagnosed_LIFT_OBJECT_unanticipated__RQ2_R_H07_C09_F01,object_lift_height_cm >= 10 AND finger_contacts >= 4 AND lateral_friction <= 0.100,Combined,>=,10.0,>=,4.0,<=,0.1,Lift Slip — Low Friction Surface,True,False,0.02777777777777768
diagnosed_LIFT_OBJECT_unanticipated__RQ2_R_H07_C09_F02,object_lift_height_cm >= 10 AND finger_contacts >= 4 AND lateral_friction <= 0.300,Combined,>=,10.0,>=,4.0,<=,0.3,Lift Slip — Low Friction Surface,True,False,0.08333333333333337
diagnosed_LIFT_OBJECT_unanticipated__RQ2_R_H07_C09_F03,object_lift_height_cm >= 10 AND finger_contacts >= 4 AND lateral_friction <= 0.315,Combined,>=,10.0,>=,4.0,<=,0.315,Lift Slip — Low Friction Surface,True,False,0.08750000000000013
diagnosed_LIFT_OBJECT_unanticipated__RQ2_R_H07_C09_F04,object_lift_height_cm >= 10 AND finger_contacts >= 4 AND lateral_friction <= 0.330,Combined,>=,10.0,>=,4.0,<=,0.33,Lift Slip — Low Friction Surface,True,False,0.09166666666666667
diagnosed_LIFT_OBJECT_unanticipated__RQ2_R_H07_C09_F05,object_lift_height_cm >= 10 AND finger_contacts >= 4 AND lateral_friction <= 0.400,Combined,>=,10.0,>=,4.0,<=,0.4,Lift Slip — Low Friction Surface,True,False,0.11111111111111105
diagnosed_LIFT_OBJECT_unanticipated__RQ2_R_H07_C09_F06,object_lift_height_cm >= 10 AND finger_contacts >= 4 AND lateral_friction <= 0.500,Combined,>=,10.0,>=,4.0,<=,0.5,Lift Slip — Low Friction Surface,True,False,0.0888888888888889
diagnosed_LIFT_OBJECT_unanticipated__RQ2_R_H07_C09_F07,object_lift_height_cm >= 10 AND finger_contacts >= 4 AND lateral_friction <= 1.000,Combined,>=,10.0,>=,4.0,<=,1.0,Lift Slip — Low Friction Surface,True,False,0.04444444444444451
diagnosed_LIFT_OBJECT_unanticipated__RQ2_R_H07_C09_F08,object_lift_height_cm >= 10 AND finger_contacts >= 4 AND lateral_friction >= 0.315,Combined,>=,10.0,>=,4.0,>=,0.315,Lift Slip — Low Friction Surface,True,False,0.004722222222222294
diagnosed_LIFT_OBJECT_unanticipated__RQ2_R_H07_C09_F09,object_lift_height_cm >= 10 AND finger_contacts >= 4 AND lateral_friction >= 0.500,Combined,>=,10.0,>=,4.0,>=,0.5,Lift Slip — Low Friction Surface,True,True,0.0
diagnosed_LIFT_OBJECT_unanticipated__RQ2_R_H07_C09_F10,object_lift_height_cm >= 10 AND finger_contacts >= 4 AND lateral_friction >= 1.000,Combined,>=,10.0,>=,4.0,>=,1.0,Lift Slip — Low Friction Surface,True,True,0.0
diagnosed_LIFT_OBJECT_unanticipated__RQ2_R_H07_C10_F01,object_lift_height_cm >= 10 AND finger_contacts >= 5 AND lateral_friction <= 0.100,Combined,>=,10.0,>=,5.0,<=,0.1,Lift Slip — Low Friction Surface,True,False,0.02777777777777768
diagnosed_LIFT_OBJECT_unanticipated__RQ2_R_H07_C10_F02,object_lift_height_cm >= 10 AND finger_contacts >= 5 AND lateral_friction <= 0.300,Combined,>=,10.0,>=,5.0,<=,0.3,Lift Slip — Low Friction Surface,True,False,0.08333333333333337
diagnosed_LIFT_OBJECT_unanticipated__RQ2_R_H07_C10_F03,object_lift_height_cm >= 10 AND finger_contacts >= 5 AND lateral_friction <= 0.315,Combined,>=,10.0,>=,5.0,<=,0.315,Lift Slip — Low Friction Surface,True,False,0.08750000000000013
diagnosed_LIFT_OBJECT_unanticipated__RQ2_R_H07_C10_F04,object_lift_height_cm >= 10 AND finger_contacts >= 5 AND lateral_friction <= 0.330,Combined,>=,10.0,>=,5.0,<=,0.33,Lift Slip — Low Friction Surface,True,False,0.09166666666666667
diagnosed_LIFT_OBJECT_unanticipated__RQ2_R_H07_C10_F05,object_lift_height_cm >= 10 AND finger_contacts >= 5 AND lateral_friction <= 0.400,Combined,>=,10.0,>=,5.0,<=,0.4,Lift Slip — Low Friction Surface,True,False,0.11111111111111105
diagnosed_LIFT_OBJECT_unanticipated__RQ2_R_H07_C10_F06,object_lift_height_cm >= 10 AND finger_contacts >= 5 AND lateral_friction <= 0.500,Combined,>=,10.0,>=,5.0,<=,0.5,Lift Slip — Low Friction Surface,True,False,0.0888888888888889
diagnosed_LIFT_OBJECT_unanticipated__RQ2_R_H07_C10_F07,object_lift_height_cm >= 10 AND finger_contacts >= 5 AND lateral_friction <= 1.000,Combined,>=,10.0,>=,5.0,<=,1.0,Lift Slip — Low Friction Surface,True,False,0.04444444444444451
diagnosed_LIFT_OBJECT_unanticipated__RQ2_R_H07_C10_F08,object_lift_height_cm >= 10 AND finger_contacts >= 5 AND lateral_friction >= 0.315,Combined,>=,10.0,>=,5.0,>=,0.315,Lift Slip — Low Friction Surface,True,False,0.004722222222222294
diagnosed_LIFT_OBJECT_unanticipated__RQ2_R_H07_C10_F09,object_lift_height_cm >= 10 AND finger_contacts >= 5 AND lateral_friction >= 0.500,Combined,>=,10.0,>=,5.0,>=,0.5,Lift Slip — Low Friction Surface,True,True,0.0
diagnosed_LIFT_OBJECT_unanticipated__RQ2_R_H07_C10_F10,object_lift_height_cm >= 10 AND finger_contacts >= 5 AND lateral_friction >= 1.000,Combined,>=,10.0,>=,5.0,>=,1.0,Lift Slip — Low Friction Surface,True,True,0.0
diagnosed_LIFT_OBJECT_unanticipated__RQ2_R_H08_C01_F01,object_lift_height_cm >= 25 AND finger_contacts < 1 AND lateral_friction <= 0.100,Combined,>=,25.0,<,1.0,<=,0.1,Lift Slip — Low Friction Surface,True,False,0.02777777777777768
diagnosed_LIFT_OBJECT_unanticipated__RQ2_R_H08_C01_F02,object_lift_height_cm >= 25 AND finger_contacts < 1 AND lateral_friction <= 0.300,Combined,>=,25.0,<,1.0,<=,0.3,Lift Slip — Low Friction Surface,True,False,0.08333333333333337
diagnosed_LIFT_OBJECT_unanticipated__RQ2_R_H08_C01_F03,object_lift_height_cm >= 25 AND finger_contacts < 1 AND lateral_friction <= 0.315,Combined,>=,25.0,<,1.0,<=,0.315,Lift Slip — Low Friction Surface,True,False,0.08750000000000013
diagnosed_LIFT_OBJECT_unanticipated__RQ2_R_H08_C01_F04,object_lift_height_cm >= 25 AND finger_contacts < 1 AND lateral_friction <= 0.330,Combined,>=,25.0,<,1.0,<=,0.33,Lift Slip — Low Friction Surface,True,False,0.09166666666666667
diagnosed_LIFT_OBJECT_unanticipated__RQ2_R_H08_C01_F05,object_lift_height_cm >= 25 AND finger_contacts < 1 AND lateral_friction <= 0.400,Combined,>=,25.0,<,1.0,<=,0.4,Lift Slip — Low Friction Surface,True,False,0.11111111111111105
diagnosed_LIFT_OBJECT_unanticipated__RQ2_R_H08_C01_F06,object_lift_height_cm >= 25 AND finger_contacts < 1 AND lateral_friction <= 0.500,Combined,>=,25.0,<,1.0,<=,0.5,Lift Slip — Low Friction Surface,True,False,0.0888888888888889
diagnosed_LIFT_OBJECT_unanticipated__RQ2_R_H08_C01_F07,object_lift_height_cm >= 25 AND finger_contacts < 1 AND lateral_friction <= 1.000,Combined,>=,25.0,<,1.0,<=,1.0,Lift Slip — Low Friction Surface,True,False,0.04444444444444451
diagnosed_LIFT_OBJECT_unanticipated__RQ2_R_H08_C01_F08,object_lift_height_cm >= 25 AND finger_contacts < 1 AND lateral_friction >= 0.315,Combined,>=,25.0,<,1.0,>=,0.315,Lift Slip — Low Friction Surface,True,False,0.004722222222222294
diagnosed_LIFT_OBJECT_unanticipated__RQ2_R_H08_C01_F09,object_lift_height_cm >= 25 AND finger_contacts < 1 AND lateral_friction >= 0.500,Combined,>=,25.0,<,1.0,>=,0.5,Lift Slip — Low Friction Surface,True,True,0.0
diagnosed_LIFT_OBJECT_unanticipated__RQ2_R_H08_C01_F10,object_lift_height_cm >= 25 AND finger_contacts < 1 AND lateral_friction >= 1.000,Combined,>=,25.0,<,1.0,>=,1.0,Lift Slip — Low Friction Surface,True,True,0.0
diagnosed_LIFT_OBJECT_unanticipated__RQ2_R_H08_C02_F01,object_lift_height_cm >= 25 AND finger_contacts < 2 AND lateral_friction <= 0.100,Combined,>=,25.0,<,2.0,<=,0.1,Lift Slip — Low Friction Surface,True,False,0.07567049808429127
diagnosed_LIFT_OBJECT_unanticipated__RQ2_R_H08_C02_F02,object_lift_height_cm >= 25 AND finger_contacts < 2 AND lateral_friction <= 0.300,Combined,>=,25.0,<,2.0,<=,0.3,Lift Slip — Low Friction Surface,True,False,0.13122605363984674
diagnosed_LIFT_OBJECT_unanticipated__RQ2_R_H08_C02_F03,object_lift_height_cm >= 25 AND finger_contacts < 2 AND lateral_friction <= 0.315,Combined,>=,25.0,<,2.0,<=,0.315,Lift Slip — Low Friction Surface,True,False,0.13539272030651328
diagnosed_LIFT_OBJECT_unanticipated__RQ2_R_H08_C02_F04,object_lift_height_cm >= 25 AND finger_contacts < 2 AND lateral_friction <= 0.330,Combined,>=,25.0,<,2.0,<=,0.33,Lift Slip — Low Friction Surface,True,False,0.13955938697318004
diagnosed_LIFT_OBJECT_unanticipated__RQ2_R_H08_C02_F05,object_lift_height_cm >= 25 AND finger_contacts < 2 AND lateral_friction <= 0.400,Combined,>=,25.0,<,2.0,<=,0.4,Lift Slip — Low Friction Surface,True,False,0.15900383141762442
diagnosed_LIFT_OBJECT_unanticipated__RQ2_R_H08_C02_F06,object_lift_height_cm >= 25 AND finger_contacts < 2 AND lateral_friction <= 0.500,Combined,>=,25.0,<,2.0,<=,0.5,Lift Slip — Low Friction Surface,True,False,0.13678160919540228
diagnosed_LIFT_OBJECT_unanticipated__RQ2_R_H08_C02_F07,object_lift_height_cm >= 25 AND finger_contacts < 2 AND lateral_friction <= 1.000,Combined,>=,25.0,<,2.0,<=,1.0,Lift Slip — Low Friction Surface,True,False,0.09233716475095788
diagnosed_LIFT_OBJECT_unanticipated__RQ2_R_H08_C02_F08,object_lift_height_cm >= 25 AND finger_contacts < 2 AND lateral_friction >= 0.315,Combined,>=,25.0,<,2.0,>=,0.315,Lift Slip — Low Friction Surface,True,False,0.052614942528735664
diagnosed_LIFT_OBJECT_unanticipated__RQ2_R_H08_C02_F09,object_lift_height_cm >= 25 AND finger_contacts < 2 AND lateral_friction >= 0.500,Combined,>=,25.0,<,2.0,>=,0.5,Lift Slip — Low Friction Surface,True,False,0.04789272030651326
diagnosed_LIFT_OBJECT_unanticipated__RQ2_R_H08_C02_F10,object_lift_height_cm >= 25 AND finger_contacts < 2 AND lateral_friction >= 1.000,Combined,>=,25.0,<,2.0,>=,1.0,Lift Slip — Low Friction Surface,True,False,0.04789272030651326
diagnosed_LIFT_OBJECT_unanticipated__RQ2_R_H08_C03_F01,object_lift_height_cm >= 25 AND finger_contacts < 3 AND lateral_friction <= 0.100,Combined,>=,25.0,<,3.0,<=,0.1,Lift Slip — Low Friction Surface,True,False,0.08333333333333337
diagnosed_LIFT_OBJECT_unanticipated__RQ2_R_H08_C03_F02,object_lift_height_cm >= 25 AND finger_contacts < 3 AND lateral_friction <= 0.300,Combined,>=,25.0,<,3.0,<=,0.3,Lift Slip — Low Friction Surface,True,False,0.13888888888888906
diagnosed_LIFT_OBJECT_unanticipated__RQ2_R_H08_C03_F03,object_lift_height_cm >= 25 AND finger_contacts < 3 AND lateral_friction <= 0.315,Combined,>=,25.0,<,3.0,<=,0.315,Lift Slip — Low Friction Surface,True,False,0.1430555555555556
diagnosed_LIFT_OBJECT_unanticipated__RQ2_R_H08_C03_F04,object_lift_height_cm >= 25 AND finger_contacts < 3 AND lateral_friction <= 0.330,Combined,>=,25.0,<,3.0,<=,0.33,Lift Slip — Low Friction Surface,True,False,0.14722222222222214
diagnosed_LIFT_OBJECT_unanticipated__RQ2_R_H08_C03_F05,object_lift_height_cm >= 25 AND finger_contacts < 3 AND lateral_friction <= 0.400,Combined,>=,25.0,<,3.0,<=,0.4,Lift Slip — Low Friction Surface,True,False,0.16666666666666674
diagnosed_LIFT_OBJECT_unanticipated__RQ2_R_H08_C03_F06,object_lift_height_cm >= 25 AND finger_contacts < 3 AND lateral_friction <= 0.500,Combined,>=,25.0,<,3.0,<=,0.5,Lift Slip — Low Friction Surface,True,False,0.1444444444444446
diagnosed_LIFT_OBJECT_unanticipated__RQ2_R_H08_C03_F07,object_lift_height_cm >= 25 AND finger_contacts < 3 AND lateral_friction <= 1.000,Combined,>=,25.0,<,3.0,<=,1.0,Lift Slip — Low Friction Surface,True,False,0.09999999999999998
diagnosed_LIFT_OBJECT_unanticipated__RQ2_R_H08_C03_F08,object_lift_height_cm >= 25 AND finger_contacts < 3 AND lateral_friction >= 0.315,Combined,>=,25.0,<,3.0,>=,0.315,Lift Slip — Low Friction Surface,True,False,0.06027777777777776
diagnosed_LIFT_OBJECT_unanticipated__RQ2_R_H08_C03_F09,object_lift_height_cm >= 25 AND finger_contacts < 3 AND lateral_friction >= 0.500,Combined,>=,25.0,<,3.0,>=,0.5,Lift Slip — Low Friction Surface,True,False,0.05555555555555569
diagnosed_LIFT_OBJECT_unanticipated__RQ2_R_H08_C03_F10,object_lift_height_cm >= 25 AND finger_contacts < 3 AND lateral_friction >= 1.000,Combined,>=,25.0,<,3.0,>=,1.0,Lift Slip — Low Friction Surface,True,False,0.05555555555555569
diagnosed_LIFT_OBJECT_unanticipated__RQ2_R_H08_C04_F01,object_lift_height_cm >= 25 AND finger_contacts < 4 AND lateral_friction <= 0.100,Combined,>=,25.0,<,4.0,<=,0.1,Lift Slip — Low Friction Surface,True,False,0.0648144444444444
diagnosed_LIFT_OBJECT_unanticipated__RQ2_R_H08_C04_F02,object_lift_height_cm >= 25 AND finger_contacts < 4 AND lateral_friction <= 0.300,Combined,>=,25.0,<,4.0,<=,0.3,Lift Slip — Low Friction Surface,True,False,0.12037000000000009
diagnosed_LIFT_OBJECT_unanticipated__RQ2_R_H08_C04_F03,object_lift_height_cm >= 25 AND finger_contacts < 4 AND lateral_friction <= 0.315,Combined,>=,25.0,<,4.0,<=,0.315,Lift Slip — Low Friction Surface,True,False,0.12453666666666674
diagnosed_LIFT_OBJECT_unanticipated__RQ2_R_H08_C04_F04,object_lift_height_cm >= 25 AND finger_contacts < 4 AND lateral_friction <= 0.330,Combined,>=,25.0,<,4.0,<=,0.33,Lift Slip — Low Friction Surface,True,False,0.1287033333333334
diagnosed_LIFT_OBJECT_unanticipated__RQ2_R_H08_C04_F05,object_lift_height_cm >= 25 AND finger_contacts < 4 AND lateral_friction <= 0.400,Combined,>=,25.0,<,4.0,<=,0.4,Lift Slip — Low Friction Surface,True,False,0.14814777777777777
diagnosed_LIFT_OBJECT_unanticipated__RQ2_R_H08_C04_F06,object_lift_height_cm >= 25 AND finger_contacts < 4 AND lateral_friction <= 0.500,Combined,>=,25.0,<,4.0,<=,0.5,Lift Slip — Low Friction Surface,True,False,0.12592555555555562
diagnosed_LIFT_OBJECT_unanticipated__RQ2_R_H08_C04_F07,object_lift_height_cm >= 25 AND finger_contacts < 4 AND lateral_friction <= 1.000,Combined,>=,25.0,<,4.0,<=,1.0,Lift Slip — Low Friction Surface,True,False,0.08148111111111112
diagnosed_LIFT_OBJECT_unanticipated__RQ2_R_H08_C04_F08,object_lift_height_cm >= 25 AND finger_contacts < 4 AND lateral_friction >= 0.315,Combined,>=,25.0,<,4.0,>=,0.315,Lift Slip — Low Friction Surface,True,False,0.0417588888888889
diagnosed_LIFT_OBJECT_unanticipated__RQ2_R_H08_C04_F09,object_lift_height_cm >= 25 AND finger_contacts < 4 AND lateral_friction >= 0.500,Combined,>=,25.0,<,4.0,>=,0.5,Lift Slip — Low Friction Surface,True,False,0.03703666666666672
diagnosed_LIFT_OBJECT_unanticipated__RQ2_R_H08_C04_F10,object_lift_height_cm >= 25 AND finger_contacts < 4 AND lateral_friction >= 1.000,Combined,>=,25.0,<,4.0,>=,1.0,Lift Slip — Low Friction Surface,True,False,0.03703666666666672
diagnosed_LIFT_OBJECT_unanticipated__RQ2_R_H08_C05_F01,object_lift_height_cm >= 25 AND finger_contacts < 5 AND lateral_friction <= 0.100,Combined,>=,25.0,<,5.0,<=,0.1,Lift Slip — Low Friction Surface,True,False,0.05555555555555569
diagnosed_LIFT_OBJECT_unanticipated__RQ2_R_H08_C05_F02,object_lift_height_cm >= 25 AND finger_contacts < 5 AND lateral_friction <= 0.300,Combined,>=,25.0,<,5.0,<=,0.3,Lift Slip — Low Friction Surface,True,False,0.11111111111111105
diagnosed_LIFT_OBJECT_unanticipated__RQ2_R_H08_C05_F03,object_lift_height_cm >= 25 AND finger_contacts < 5 AND lateral_friction <= 0.315,Combined,>=,25.0,<,5.0,<=,0.315,Lift Slip — Low Friction Surface,True,False,0.11527777777777781
diagnosed_LIFT_OBJECT_unanticipated__RQ2_R_H08_C05_F04,object_lift_height_cm >= 25 AND finger_contacts < 5 AND lateral_friction <= 0.330,Combined,>=,25.0,<,5.0,<=,0.33,Lift Slip — Low Friction Surface,True,False,0.11944444444444446
diagnosed_LIFT_OBJECT_unanticipated__RQ2_R_H08_C05_F05,object_lift_height_cm >= 25 AND finger_contacts < 5 AND lateral_friction <= 0.400,Combined,>=,25.0,<,5.0,<=,0.4,Lift Slip — Low Friction Surface,True,False,0.13888888888888906
diagnosed_LIFT_OBJECT_unanticipated__RQ2_R_H08_C05_F06,object_lift_height_cm >= 25 AND finger_contacts < 5 AND lateral_friction <= 0.500,Combined,>=,25.0,<,5.0,<=,0.5,Lift Slip — Low Friction Surface,True,False,0.1166666666666667
diagnosed_LIFT_OBJECT_unanticipated__RQ2_R_H08_C05_F07,object_lift_height_cm >= 25 AND finger_contacts < 5 AND lateral_friction <= 1.000,Combined,>=,25.0,<,5.0,<=,1.0,Lift Slip — Low Friction Surface,True,False,0.0722222222222223
diagnosed_LIFT_OBJECT_unanticipated__RQ2_R_H08_C05_F08,object_lift_height_cm >= 25 AND finger_contacts < 5 AND lateral_friction >= 0.315,Combined,>=,25.0,<,5.0,>=,0.315,Lift Slip — Low Friction Surface,True,False,0.032500000000000084
diagnosed_LIFT_OBJECT_unanticipated__RQ2_R_H08_C05_F09,object_lift_height_cm >= 25 AND finger_contacts < 5 AND lateral_friction >= 0.500,Combined,>=,25.0,<,5.0,>=,0.5,Lift Slip — Low Friction Surface,True,False,0.02777777777777768
diagnosed_LIFT_OBJECT_unanticipated__RQ2_R_H08_C05_F10,object_lift_height_cm >= 25 AND finger_contacts < 5 AND lateral_friction >= 1.000,Combined,>=,25.0,<,5.0,>=,1.0,Lift Slip — Low Friction Surface,True,False,0.02777777777777768
diagnosed_LIFT_OBJECT_unanticipated__RQ2_R_H08_C06_F01,object_lift_height_cm >= 25 AND finger_contacts >= 1 AND lateral_friction <= 0.100,Combined,>=,25.0,>=,1.0,<=,0.1,Lift Slip — Low Friction Surface,True,False,0.02777777777777768
diagnosed_LIFT_OBJECT_unanticipated__RQ2_R_H08_C06_F02,object_lift_height_cm >= 25 AND finger_contacts >= 1 AND lateral_friction <= 0.300,Combined,>=,25.0,>=,1.0,<=,0.3,Lift Slip — Low Friction Surface,True,False,0.08333333333333337
diagnosed_LIFT_OBJECT_unanticipated__RQ2_R_H08_C06_F03,object_lift_height_cm >= 25 AND finger_contacts >= 1 AND lateral_friction <= 0.315,Combined,>=,25.0,>=,1.0,<=,0.315,Lift Slip — Low Friction Surface,True,False,0.08750000000000013
diagnosed_LIFT_OBJECT_unanticipated__RQ2_R_H08_C06_F04,object_lift_height_cm >= 25 AND finger_contacts >= 1 AND lateral_friction <= 0.330,Combined,>=,25.0,>=,1.0,<=,0.33,Lift Slip — Low Friction Surface,True,False,0.09166666666666667
diagnosed_LIFT_OBJECT_unanticipated__RQ2_R_H08_C06_F05,object_lift_height_cm >= 25 AND finger_contacts >= 1 AND lateral_friction <= 0.400,Combined,>=,25.0,>=,1.0,<=,0.4,Lift Slip — Low Friction Surface,True,False,0.11111111111111105
diagnosed_LIFT_OBJECT_unanticipated__RQ2_R_H08_C06_F06,object_lift_height_cm >= 25 AND finger_contacts >= 1 AND lateral_friction <= 0.500,Combined,>=,25.0,>=,1.0,<=,0.5,Lift Slip — Low Friction Surface,True,False,0.0888888888888889
diagnosed_LIFT_OBJECT_unanticipated__RQ2_R_H08_C06_F07,object_lift_height_cm >= 25 AND finger_contacts >= 1 AND lateral_friction <= 1.000,Combined,>=,25.0,>=,1.0,<=,1.0,Lift Slip — Low Friction Surface,True,False,0.04444444444444451
diagnosed_LIFT_OBJECT_unanticipated__RQ2_R_H08_C06_F08,object_lift_height_cm >= 25 AND finger_contacts >= 1 AND lateral_friction >= 0.315,Combined,>=,25.0,>=,1.0,>=,0.315,Lift Slip — Low Friction Surface,True,False,0.004722222222222294
diagnosed_LIFT_OBJECT_unanticipated__RQ2_R_H08_C06_F09,object_lift_height_cm >= 25 AND finger_contacts >= 1 AND lateral_friction >= 0.500,Combined,>=,25.0,>=,1.0,>=,0.5,Lift Slip — Low Friction Surface,True,True,0.0
diagnosed_LIFT_OBJECT_unanticipated__RQ2_R_H08_C06_F10,object_lift_height_cm >= 25 AND finger_contacts >= 1 AND lateral_friction >= 1.000,Combined,>=,25.0,>=,1.0,>=,1.0,Lift Slip — Low Friction Surface,True,True,0.0
diagnosed_LIFT_OBJECT_unanticipated__RQ2_R_H08_C07_F01,object_lift_height_cm >= 25 AND finger_contacts >= 2 AND lateral_friction <= 0.100,Combined,>=,25.0,>=,2.0,<=,0.1,Lift Slip — Low Friction Surface,True,False,0.02777777777777768
diagnosed_LIFT_OBJECT_unanticipated__RQ2_R_H08_C07_F02,object_lift_height_cm >= 25 AND finger_contacts >= 2 AND lateral_friction <= 0.300,Combined,>=,25.0,>=,2.0,<=,0.3,Lift Slip — Low Friction Surface,True,False,0.08333333333333337
diagnosed_LIFT_OBJECT_unanticipated__RQ2_R_H08_C07_F03,object_lift_height_cm >= 25 AND finger_contacts >= 2 AND lateral_friction <= 0.315,Combined,>=,25.0,>=,2.0,<=,0.315,Lift Slip — Low Friction Surface,True,False,0.08750000000000013
diagnosed_LIFT_OBJECT_unanticipated__RQ2_R_H08_C07_F04,object_lift_height_cm >= 25 AND finger_contacts >= 2 AND lateral_friction <= 0.330,Combined,>=,25.0,>=,2.0,<=,0.33,Lift Slip — Low Friction Surface,True,False,0.09166666666666667
diagnosed_LIFT_OBJECT_unanticipated__RQ2_R_H08_C07_F05,object_lift_height_cm >= 25 AND finger_contacts >= 2 AND lateral_friction <= 0.400,Combined,>=,25.0,>=,2.0,<=,0.4,Lift Slip — Low Friction Surface,True,False,0.11111111111111105
diagnosed_LIFT_OBJECT_unanticipated__RQ2_R_H08_C07_F06,object_lift_height_cm >= 25 AND finger_contacts >= 2 AND lateral_friction <= 0.500,Combined,>=,25.0,>=,2.0,<=,0.5,Lift Slip — Low Friction Surface,True,False,0.0888888888888889
diagnosed_LIFT_OBJECT_unanticipated__RQ2_R_H08_C07_F07,object_lift_height_cm >= 25 AND finger_contacts >= 2 AND lateral_friction <= 1.000,Combined,>=,25.0,>=,2.0,<=,1.0,Lift Slip — Low Friction Surface,True,False,0.04444444444444451
diagnosed_LIFT_OBJECT_unanticipated__RQ2_R_H08_C07_F08,object_lift_height_cm >= 25 AND finger_contacts >= 2 AND lateral_friction >= 0.315,Combined,>=,25.0,>=,2.0,>=,0.315,Lift Slip — Low Friction Surface,True,False,0.004722222222222294
diagnosed_LIFT_OBJECT_unanticipated__RQ2_R_H08_C07_F09,object_lift_height_cm >= 25 AND finger_contacts >= 2 AND lateral_friction >= 0.500,Combined,>=,25.0,>=,2.0,>=,0.5,Lift Slip — Low Friction Surface,True,True,0.0
diagnosed_LIFT_OBJECT_unanticipated__RQ2_R_H08_C07_F10,object_lift_height_cm >= 25 AND finger_contacts >= 2 AND lateral_friction >= 1.000,Combined,>=,25.0,>=,2.0,>=,1.0,Lift Slip — Low Friction Surface,True,True,0.0
diagnosed_LIFT_OBJECT_unanticipated__RQ2_R_H08_C08_F01,object_lift_height_cm >= 25 AND finger_contacts >= 3 AND lateral_friction <= 0.100,Combined,>=,25.0,>=,3.0,<=,0.1,Lift Slip — Low Friction Surface,True,False,0.02777777777777768
diagnosed_LIFT_OBJECT_unanticipated__RQ2_R_H08_C08_F02,object_lift_height_cm >= 25 AND finger_contacts >= 3 AND lateral_friction <= 0.300,Combined,>=,25.0,>=,3.0,<=,0.3,Lift Slip — Low Friction Surface,True,False,0.08333333333333337
diagnosed_LIFT_OBJECT_unanticipated__RQ2_R_H08_C08_F03,object_lift_height_cm >= 25 AND finger_contacts >= 3 AND lateral_friction <= 0.315,Combined,>=,25.0,>=,3.0,<=,0.315,Lift Slip — Low Friction Surface,True,False,0.08750000000000013
diagnosed_LIFT_OBJECT_unanticipated__RQ2_R_H08_C08_F04,object_lift_height_cm >= 25 AND finger_contacts >= 3 AND lateral_friction <= 0.330,Combined,>=,25.0,>=,3.0,<=,0.33,Lift Slip — Low Friction Surface,True,False,0.09166666666666667
diagnosed_LIFT_OBJECT_unanticipated__RQ2_R_H08_C08_F05,object_lift_height_cm >= 25 AND finger_contacts >= 3 AND lateral_friction <= 0.400,Combined,>=,25.0,>=,3.0,<=,0.4,Lift Slip — Low Friction Surface,True,False,0.11111111111111105
diagnosed_LIFT_OBJECT_unanticipated__RQ2_R_H08_C08_F06,object_lift_height_cm >= 25 AND finger_contacts >= 3 AND lateral_friction <= 0.500,Combined,>=,25.0,>=,3.0,<=,0.5,Lift Slip — Low Friction Surface,True,False,0.0888888888888889
diagnosed_LIFT_OBJECT_unanticipated__RQ2_R_H08_C08_F07,object_lift_height_cm >= 25 AND finger_contacts >= 3 AND lateral_friction <= 1.000,Combined,>=,25.0,>=,3.0,<=,1.0,Lift Slip — Low Friction Surface,True,False,0.04444444444444451
diagnosed_LIFT_OBJECT_unanticipated__RQ2_R_H08_C08_F08,object_lift_height_cm >= 25 AND finger_contacts >= 3 AND lateral_friction >= 0.315,Combined,>=,25.0,>=,3.0,>=,0.315,Lift Slip — Low Friction Surface,True,False,0.004722222222222294
diagnosed_LIFT_OBJECT_unanticipated__RQ2_R_H08_C08_F09,object_lift_height_cm >= 25 AND finger_contacts >= 3 AND lateral_friction >= 0.500,Combined,>=,25.0,>=,3.0,>=,0.5,Lift Slip — Low Friction Surface,True,True,0.0
diagnosed_LIFT_OBJECT_unanticipated__RQ2_R_H08_C08_F10,object_lift_height_cm >= 25 AND finger_contacts >= 3 AND lateral_friction >= 1.000,Combined,>=,25.0,>=,3.0,>=,1.0,Lift Slip — Low Friction Surface,True,True,0.0
diagnosed_LIFT_OBJECT_unanticipated__RQ2_R_H08_C09_F01,object_lift_height_cm >= 25 AND finger_contacts >= 4 AND lateral_friction <= 0.100,Combined,>=,25.0,>=,4.0,<=,0.1,Lift Slip — Low Friction Surface,True,False,0.02777777777777768
diagnosed_LIFT_OBJECT_unanticipated__RQ2_R_H08_C09_F02,object_lift_height_cm >= 25 AND finger_contacts >= 4 AND lateral_friction <= 0.300,Combined,>=,25.0,>=,4.0,<=,0.3,Lift Slip — Low Friction Surface,True,False,0.08333333333333337
diagnosed_LIFT_OBJECT_unanticipated__RQ2_R_H08_C09_F03,object_lift_height_cm >= 25 AND finger_contacts >= 4 AND lateral_friction <= 0.315,Combined,>=,25.0,>=,4.0,<=,0.315,Lift Slip — Low Friction Surface,True,False,0.08750000000000013
diagnosed_LIFT_OBJECT_unanticipated__RQ2_R_H08_C09_F04,object_lift_height_cm >= 25 AND finger_contacts >= 4 AND lateral_friction <= 0.330,Combined,>=,25.0,>=,4.0,<=,0.33,Lift Slip — Low Friction Surface,True,False,0.09166666666666667
diagnosed_LIFT_OBJECT_unanticipated__RQ2_R_H08_C09_F05,object_lift_height_cm >= 25 AND finger_contacts >= 4 AND lateral_friction <= 0.400,Combined,>=,25.0,>=,4.0,<=,0.4,Lift Slip — Low Friction Surface,True,False,0.11111111111111105
diagnosed_LIFT_OBJECT_unanticipated__RQ2_R_H08_C09_F06,object_lift_height_cm >= 25 AND finger_contacts >= 4 AND lateral_friction <= 0.500,Combined,>=,25.0,>=,4.0,<=,0.5,Lift Slip — Low Friction Surface,True,False,0.0888888888888889
diagnosed_LIFT_OBJECT_unanticipated__RQ2_R_H08_C09_F07,object_lift_height_cm >= 25 AND finger_contacts >= 4 AND lateral_friction <= 1.000,Combined,>=,25.0,>=,4.0,<=,1.0,Lift Slip — Low Friction Surface,True,False,0.04444444444444451
diagnosed_LIFT_OBJECT_unanticipated__RQ2_R_H08_C09_F08,object_lift_height_cm >= 25 AND finger_contacts >= 4 AND lateral_friction >= 0.315,Combined,>=,25.0,>=,4.0,>=,0.315,Lift Slip — Low Friction Surface,True,False,0.004722222222222294
diagnosed_LIFT_OBJECT_unanticipated__RQ2_R_H08_C09_F09,object_lift_height_cm >= 25 AND finger_contacts >= 4 AND lateral_friction >= 0.500,Combined,>=,25.0,>=,4.0,>=,0.5,Lift Slip — Low Friction Surface,True,True,0.0
diagnosed_LIFT_OBJECT_unanticipated__RQ2_R_H08_C09_F10,object_lift_height_cm >= 25 AND finger_contacts >= 4 AND lateral_friction >= 1.000,Combined,>=,25.0,>=,4.0,>=,1.0,Lift Slip — Low Friction Surface,True,True,0.0
diagnosed_LIFT_OBJECT_unanticipated__RQ2_R_H08_C10_F01,object_lift_height_cm >= 25 AND finger_contacts >= 5 AND lateral_friction <= 0.100,Combined,>=,25.0,>=,5.0,<=,0.1,Lift Slip — Low Friction Surface,True,False,0.02777777777777768
diagnosed_LIFT_OBJECT_unanticipated__RQ2_R_H08_C10_F02,object_lift_height_cm >= 25 AND finger_contacts >= 5 AND lateral_friction <= 0.300,Combined,>=,25.0,>=,5.0,<=,0.3,Lift Slip — Low Friction Surface,True,False,0.08333333333333337
diagnosed_LIFT_OBJECT_unanticipated__RQ2_R_H08_C10_F03,object_lift_height_cm >= 25 AND finger_contacts >= 5 AND lateral_friction <= 0.315,Combined,>=,25.0,>=,5.0,<=,0.315,Lift Slip — Low Friction Surface,True,False,0.08750000000000013
diagnosed_LIFT_OBJECT_unanticipated__RQ2_R_H08_C10_F04,object_lift_height_cm >= 25 AND finger_contacts >= 5 AND lateral_friction <= 0.330,Combined,>=,25.0,>=,5.0,<=,0.33,Lift Slip — Low Friction Surface,True,False,0.09166666666666667
diagnosed_LIFT_OBJECT_unanticipated__RQ2_R_H08_C10_F05,object_lift_height_cm >= 25 AND finger_contacts >= 5 AND lateral_friction <= 0.400,Combined,>=,25.0,>=,5.0,<=,0.4,Lift Slip — Low Friction Surface,True,False,0.11111111111111105
diagnosed_LIFT_OBJECT_unanticipated__RQ2_R_H08_C10_F06,object_lift_height_cm >= 25 AND finger_contacts >= 5 AND lateral_friction <= 0.500,Combined,>=,25.0,>=,5.0,<=,0.5,Lift Slip — Low Friction Surface,True,False,0.0888888888888889
diagnosed_LIFT_OBJECT_unanticipated__RQ2_R_H08_C10_F07,object_lift_height_cm >= 25 AND finger_contacts >= 5 AND lateral_friction <= 1.000,Combined,>=,25.0,>=,5.0,<=,1.0,Lift Slip — Low Friction Surface,True,False,0.04444444444444451
diagnosed_LIFT_OBJECT_unanticipated__RQ2_R_H08_C10_F08,object_lift_height_cm >= 25 AND finger_contacts >= 5 AND lateral_friction >= 0.315,Combined,>=,25.0,>=,5.0,>=,0.315,Lift Slip — Low Friction Surface,True,False,0.004722222222222294
diagnosed_LIFT_OBJECT_unanticipated__RQ2_R_H08_C10_F09,object_lift_height_cm >= 25 AND finger_contacts >= 5 AND lateral_friction >= 0.500,Combined,>=,25.0,>=,5.0,>=,0.5,Lift Slip — Low Friction Surface,True,True,0.0
diagnosed_LIFT_OBJECT_unanticipated__RQ2_R_H08_C10_F10,object_lift_height_cm >= 25 AND finger_contacts >= 5 AND lateral_friction >= 1.000,Combined,>=,25.0,>=,5.0,>=,1.0,Lift Slip — Low Friction Surface,True,True,0.0
diagnosed_LIFT_OBJECT_unanticipated__RQ2_R_H09_C01_F01,object_lift_height_cm >= 50 AND finger_contacts < 1 AND lateral_friction <= 0.100,Combined,>=,50.0,<,1.0,<=,0.1,Lift Slip — Low Friction Surface,True,False,0.02777777777777768
diagnosed_LIFT_OBJECT_unanticipated__RQ2_R_H09_C01_F02,object_lift_height_cm >= 50 AND finger_contacts < 1 AND lateral_friction <= 0.300,Combined,>=,50.0,<,1.0,<=,0.3,Lift Slip — Low Friction Surface,True,False,0.08333333333333337
diagnosed_LIFT_OBJECT_unanticipated__RQ2_R_H09_C01_F03,object_lift_height_cm >= 50 AND finger_contacts < 1 AND lateral_friction <= 0.315,Combined,>=,50.0,<,1.0,<=,0.315,Lift Slip — Low Friction Surface,True,False,0.08750000000000013
diagnosed_LIFT_OBJECT_unanticipated__RQ2_R_H09_C01_F04,object_lift_height_cm >= 50 AND finger_contacts < 1 AND lateral_friction <= 0.330,Combined,>=,50.0,<,1.0,<=,0.33,Lift Slip — Low Friction Surface,True,False,0.09166666666666667
diagnosed_LIFT_OBJECT_unanticipated__RQ2_R_H09_C01_F05,object_lift_height_cm >= 50 AND finger_contacts < 1 AND lateral_friction <= 0.400,Combined,>=,50.0,<,1.0,<=,0.4,Lift Slip — Low Friction Surface,True,False,0.11111111111111105
diagnosed_LIFT_OBJECT_unanticipated__RQ2_R_H09_C01_F06,object_lift_height_cm >= 50 AND finger_contacts < 1 AND lateral_friction <= 0.500,Combined,>=,50.0,<,1.0,<=,0.5,Lift Slip — Low Friction Surface,True,False,0.0888888888888889
diagnosed_LIFT_OBJECT_unanticipated__RQ2_R_H09_C01_F07,object_lift_height_cm >= 50 AND finger_contacts < 1 AND lateral_friction <= 1.000,Combined,>=,50.0,<,1.0,<=,1.0,Lift Slip — Low Friction Surface,True,False,0.04444444444444451
diagnosed_LIFT_OBJECT_unanticipated__RQ2_R_H09_C01_F08,object_lift_height_cm >= 50 AND finger_contacts < 1 AND lateral_friction >= 0.315,Combined,>=,50.0,<,1.0,>=,0.315,Lift Slip — Low Friction Surface,True,False,0.004722222222222294
diagnosed_LIFT_OBJECT_unanticipated__RQ2_R_H09_C01_F09,object_lift_height_cm >= 50 AND finger_contacts < 1 AND lateral_friction >= 0.500,Combined,>=,50.0,<,1.0,>=,0.5,Lift Slip — Low Friction Surface,True,True,0.0
diagnosed_LIFT_OBJECT_unanticipated__RQ2_R_H09_C01_F10,object_lift_height_cm >= 50 AND finger_contacts < 1 AND lateral_friction >= 1.000,Combined,>=,50.0,<,1.0,>=,1.0,Lift Slip — Low Friction Surface,True,True,0.0
diagnosed_LIFT_OBJECT_unanticipated__RQ2_R_H09_C02_F01,object_lift_height_cm >= 50 AND finger_contacts < 2 AND lateral_friction <= 0.100,Combined,>=,50.0,<,2.0,<=,0.1,Lift Slip — Low Friction Surface,True,False,0.07567049808429127
diagnosed_LIFT_OBJECT_unanticipated__RQ2_R_H09_C02_F02,object_lift_height_cm >= 50 AND finger_contacts < 2 AND lateral_friction <= 0.300,Combined,>=,50.0,<,2.0,<=,0.3,Lift Slip — Low Friction Surface,True,False,0.13122605363984674
diagnosed_LIFT_OBJECT_unanticipated__RQ2_R_H09_C02_F03,object_lift_height_cm >= 50 AND finger_contacts < 2 AND lateral_friction <= 0.315,Combined,>=,50.0,<,2.0,<=,0.315,Lift Slip — Low Friction Surface,True,False,0.13539272030651328
diagnosed_LIFT_OBJECT_unanticipated__RQ2_R_H09_C02_F04,object_lift_height_cm >= 50 AND finger_contacts < 2 AND lateral_friction <= 0.330,Combined,>=,50.0,<,2.0,<=,0.33,Lift Slip — Low Friction Surface,True,False,0.13955938697318004
diagnosed_LIFT_OBJECT_unanticipated__RQ2_R_H09_C02_F05,object_lift_height_cm >= 50 AND finger_contacts < 2 AND lateral_friction <= 0.400,Combined,>=,50.0,<,2.0,<=,0.4,Lift Slip — Low Friction Surface,True,False,0.15900383141762442
diagnosed_LIFT_OBJECT_unanticipated__RQ2_R_H09_C02_F06,object_lift_height_cm >= 50 AND finger_contacts < 2 AND lateral_friction <= 0.500,Combined,>=,50.0,<,2.0,<=,0.5,Lift Slip — Low Friction Surface,True,False,0.13678160919540228
diagnosed_LIFT_OBJECT_unanticipated__RQ2_R_H09_C02_F07,object_lift_height_cm >= 50 AND finger_contacts < 2 AND lateral_friction <= 1.000,Combined,>=,50.0,<,2.0,<=,1.0,Lift Slip — Low Friction Surface,True,False,0.09233716475095788
diagnosed_LIFT_OBJECT_unanticipated__RQ2_R_H09_C02_F08,object_lift_height_cm >= 50 AND finger_contacts < 2 AND lateral_friction >= 0.315,Combined,>=,50.0,<,2.0,>=,0.315,Lift Slip — Low Friction Surface,True,False,0.052614942528735664
diagnosed_LIFT_OBJECT_unanticipated__RQ2_R_H09_C02_F09,object_lift_height_cm >= 50 AND finger_contacts < 2 AND lateral_friction >= 0.500,Combined,>=,50.0,<,2.0,>=,0.5,Lift Slip — Low Friction Surface,True,False,0.04789272030651326
diagnosed_LIFT_OBJECT_unanticipated__RQ2_R_H09_C02_F10,object_lift_height_cm >= 50 AND finger_contacts < 2 AND lateral_friction >= 1.000,Combined,>=,50.0,<,2.0,>=,1.0,Lift Slip — Low Friction Surface,True,False,0.04789272030651326
diagnosed_LIFT_OBJECT_unanticipated__RQ2_R_H09_C03_F01,object_lift_height_cm >= 50 AND finger_contacts < 3 AND lateral_friction <= 0.100,Combined,>=,50.0,<,3.0,<=,0.1,Lift Slip — Low Friction Surface,True,False,0.08333333333333337
diagnosed_LIFT_OBJECT_unanticipated__RQ2_R_H09_C03_F02,object_lift_height_cm >= 50 AND finger_contacts < 3 AND lateral_friction <= 0.300,Combined,>=,50.0,<,3.0,<=,0.3,Lift Slip — Low Friction Surface,True,False,0.13888888888888906
diagnosed_LIFT_OBJECT_unanticipated__RQ2_R_H09_C03_F03,object_lift_height_cm >= 50 AND finger_contacts < 3 AND lateral_friction <= 0.315,Combined,>=,50.0,<,3.0,<=,0.315,Lift Slip — Low Friction Surface,True,False,0.1430555555555556
diagnosed_LIFT_OBJECT_unanticipated__RQ2_R_H09_C03_F04,object_lift_height_cm >= 50 AND finger_contacts < 3 AND lateral_friction <= 0.330,Combined,>=,50.0,<,3.0,<=,0.33,Lift Slip — Low Friction Surface,True,False,0.14722222222222214
diagnosed_LIFT_OBJECT_unanticipated__RQ2_R_H09_C03_F05,object_lift_height_cm >= 50 AND finger_contacts < 3 AND lateral_friction <= 0.400,Combined,>=,50.0,<,3.0,<=,0.4,Lift Slip — Low Friction Surface,True,False,0.16666666666666674
diagnosed_LIFT_OBJECT_unanticipated__RQ2_R_H09_C03_F06,object_lift_height_cm >= 50 AND finger_contacts < 3 AND lateral_friction <= 0.500,Combined,>=,50.0,<,3.0,<=,0.5,Lift Slip — Low Friction Surface,True,False,0.1444444444444446
diagnosed_LIFT_OBJECT_unanticipated__RQ2_R_H09_C03_F07,object_lift_height_cm >= 50 AND finger_contacts < 3 AND lateral_friction <= 1.000,Combined,>=,50.0,<,3.0,<=,1.0,Lift Slip — Low Friction Surface,True,False,0.09999999999999998
diagnosed_LIFT_OBJECT_unanticipated__RQ2_R_H09_C03_F08,object_lift_height_cm >= 50 AND finger_contacts < 3 AND lateral_friction >= 0.315,Combined,>=,50.0,<,3.0,>=,0.315,Lift Slip — Low Friction Surface,True,False,0.06027777777777776
diagnosed_LIFT_OBJECT_unanticipated__RQ2_R_H09_C03_F09,object_lift_height_cm >= 50 AND finger_contacts < 3 AND lateral_friction >= 0.500,Combined,>=,50.0,<,3.0,>=,0.5,Lift Slip — Low Friction Surface,True,False,0.05555555555555569
diagnosed_LIFT_OBJECT_unanticipated__RQ2_R_H09_C03_F10,object_lift_height_cm >= 50 AND finger_contacts < 3 AND lateral_friction >= 1.000,Combined,>=,50.0,<,3.0,>=,1.0,Lift Slip — Low Friction Surface,True,False,0.05555555555555569
diagnosed_LIFT_OBJECT_unanticipated__RQ2_R_H09_C04_F01,object_lift_height_cm >= 50 AND finger_contacts < 4 AND lateral_friction <= 0.100,Combined,>=,50.0,<,4.0,<=,0.1,Lift Slip — Low Friction Surface,True,False,0.0648144444444444
diagnosed_LIFT_OBJECT_unanticipated__RQ2_R_H09_C04_F02,object_lift_height_cm >= 50 AND finger_contacts < 4 AND lateral_friction <= 0.300,Combined,>=,50.0,<,4.0,<=,0.3,Lift Slip — Low Friction Surface,True,False,0.12037000000000009
diagnosed_LIFT_OBJECT_unanticipated__RQ2_R_H09_C04_F03,object_lift_height_cm >= 50 AND finger_contacts < 4 AND lateral_friction <= 0.315,Combined,>=,50.0,<,4.0,<=,0.315,Lift Slip — Low Friction Surface,True,False,0.12453666666666674
diagnosed_LIFT_OBJECT_unanticipated__RQ2_R_H09_C04_F04,object_lift_height_cm >= 50 AND finger_contacts < 4 AND lateral_friction <= 0.330,Combined,>=,50.0,<,4.0,<=,0.33,Lift Slip — Low Friction Surface,True,False,0.1287033333333334
diagnosed_LIFT_OBJECT_unanticipated__RQ2_R_H09_C04_F05,object_lift_height_cm >= 50 AND finger_contacts < 4 AND lateral_friction <= 0.400,Combined,>=,50.0,<,4.0,<=,0.4,Lift Slip — Low Friction Surface,True,False,0.14814777777777777
diagnosed_LIFT_OBJECT_unanticipated__RQ2_R_H09_C04_F06,object_lift_height_cm >= 50 AND finger_contacts < 4 AND lateral_friction <= 0.500,Combined,>=,50.0,<,4.0,<=,0.5,Lift Slip — Low Friction Surface,True,False,0.12592555555555562
diagnosed_LIFT_OBJECT_unanticipated__RQ2_R_H09_C04_F07,object_lift_height_cm >= 50 AND finger_contacts < 4 AND lateral_friction <= 1.000,Combined,>=,50.0,<,4.0,<=,1.0,Lift Slip — Low Friction Surface,True,False,0.08148111111111112
diagnosed_LIFT_OBJECT_unanticipated__RQ2_R_H09_C04_F08,object_lift_height_cm >= 50 AND finger_contacts < 4 AND lateral_friction >= 0.315,Combined,>=,50.0,<,4.0,>=,0.315,Lift Slip — Low Friction Surface,True,False,0.0417588888888889
diagnosed_LIFT_OBJECT_unanticipated__RQ2_R_H09_C04_F09,object_lift_height_cm >= 50 AND finger_contacts < 4 AND lateral_friction >= 0.500,Combined,>=,50.0,<,4.0,>=,0.5,Lift Slip — Low Friction Surface,True,False,0.03703666666666672
diagnosed_LIFT_OBJECT_unanticipated__RQ2_R_H09_C04_F10,object_lift_height_cm >= 50 AND finger_contacts < 4 AND lateral_friction >= 1.000,Combined,>=,50.0,<,4.0,>=,1.0,Lift Slip — Low Friction Surface,True,False,0.03703666666666672
diagnosed_LIFT_OBJECT_unanticipated__RQ2_R_H09_C05_F01,object_lift_height_cm >= 50 AND finger_contacts < 5 AND lateral_friction <= 0.100,Combined,>=,50.0,<,5.0,<=,0.1,Lift Slip — Low Friction Surface,True,False,0.05555555555555569
diagnosed_LIFT_OBJECT_unanticipated__RQ2_R_H09_C05_F02,object_lift_height_cm >= 50 AND finger_contacts < 5 AND lateral_friction <= 0.300,Combined,>=,50.0,<,5.0,<=,0.3,Lift Slip — Low Friction Surface,True,False,0.11111111111111105
diagnosed_LIFT_OBJECT_unanticipated__RQ2_R_H09_C05_F03,object_lift_height_cm >= 50 AND finger_contacts < 5 AND lateral_friction <= 0.315,Combined,>=,50.0,<,5.0,<=,0.315,Lift Slip — Low Friction Surface,True,False,0.11527777777777781
diagnosed_LIFT_OBJECT_unanticipated__RQ2_R_H09_C05_F04,object_lift_height_cm >= 50 AND finger_contacts < 5 AND lateral_friction <= 0.330,Combined,>=,50.0,<,5.0,<=,0.33,Lift Slip — Low Friction Surface,True,False,0.11944444444444446
diagnosed_LIFT_OBJECT_unanticipated__RQ2_R_H09_C05_F05,object_lift_height_cm >= 50 AND finger_contacts < 5 AND lateral_friction <= 0.400,Combined,>=,50.0,<,5.0,<=,0.4,Lift Slip — Low Friction Surface,True,False,0.13888888888888906
diagnosed_LIFT_OBJECT_unanticipated__RQ2_R_H09_C05_F06,object_lift_height_cm >= 50 AND finger_contacts < 5 AND lateral_friction <= 0.500,Combined,>=,50.0,<,5.0,<=,0.5,Lift Slip — Low Friction Surface,True,False,0.1166666666666667
diagnosed_LIFT_OBJECT_unanticipated__RQ2_R_H09_C05_F07,object_lift_height_cm >= 50 AND finger_contacts < 5 AND lateral_friction <= 1.000,Combined,>=,50.0,<,5.0,<=,1.0,Lift Slip — Low Friction Surface,True,False,0.0722222222222223
diagnosed_LIFT_OBJECT_unanticipated__RQ2_R_H09_C05_F08,object_lift_height_cm >= 50 AND finger_contacts < 5 AND lateral_friction >= 0.315,Combined,>=,50.0,<,5.0,>=,0.315,Lift Slip — Low Friction Surface,True,False,0.032500000000000084
diagnosed_LIFT_OBJECT_unanticipated__RQ2_R_H09_C05_F09,object_lift_height_cm >= 50 AND finger_contacts < 5 AND lateral_friction >= 0.500,Combined,>=,50.0,<,5.0,>=,0.5,Lift Slip — Low Friction Surface,True,False,0.02777777777777768
diagnosed_LIFT_OBJECT_unanticipated__RQ2_R_H09_C05_F10,object_lift_height_cm >= 50 AND finger_contacts < 5 AND lateral_friction >= 1.000,Combined,>=,50.0,<,5.0,>=,1.0,Lift Slip — Low Friction Surface,True,False,0.02777777777777768
diagnosed_LIFT_OBJECT_unanticipated__RQ2_R_H09_C06_F01,object_lift_height_cm >= 50 AND finger_contacts >= 1 AND lateral_friction <= 0.100,Combined,>=,50.0,>=,1.0,<=,0.1,Lift Slip — Low Friction Surface,True,False,0.02777777777777768
diagnosed_LIFT_OBJECT_unanticipated__RQ2_R_H09_C06_F02,object_lift_height_cm >= 50 AND finger_contacts >= 1 AND lateral_friction <= 0.300,Combined,>=,50.0,>=,1.0,<=,0.3,Lift Slip — Low Friction Surface,True,False,0.08333333333333337
diagnosed_LIFT_OBJECT_unanticipated__RQ2_R_H09_C06_F03,object_lift_height_cm >= 50 AND finger_contacts >= 1 AND lateral_friction <= 0.315,Combined,>=,50.0,>=,1.0,<=,0.315,Lift Slip — Low Friction Surface,True,False,0.08750000000000013
diagnosed_LIFT_OBJECT_unanticipated__RQ2_R_H09_C06_F04,object_lift_height_cm >= 50 AND finger_contacts >= 1 AND lateral_friction <= 0.330,Combined,>=,50.0,>=,1.0,<=,0.33,Lift Slip — Low Friction Surface,True,False,0.09166666666666667
diagnosed_LIFT_OBJECT_unanticipated__RQ2_R_H09_C06_F05,object_lift_height_cm >= 50 AND finger_contacts >= 1 AND lateral_friction <= 0.400,Combined,>=,50.0,>=,1.0,<=,0.4,Lift Slip — Low Friction Surface,True,False,0.11111111111111105
diagnosed_LIFT_OBJECT_unanticipated__RQ2_R_H09_C06_F06,object_lift_height_cm >= 50 AND finger_contacts >= 1 AND lateral_friction <= 0.500,Combined,>=,50.0,>=,1.0,<=,0.5,Lift Slip — Low Friction Surface,True,False,0.0888888888888889
diagnosed_LIFT_OBJECT_unanticipated__RQ2_R_H09_C06_F07,object_lift_height_cm >= 50 AND finger_contacts >= 1 AND lateral_friction <= 1.000,Combined,>=,50.0,>=,1.0,<=,1.0,Lift Slip — Low Friction Surface,True,False,0.04444444444444451
diagnosed_LIFT_OBJECT_unanticipated__RQ2_R_H09_C06_F08,object_lift_height_cm >= 50 AND finger_contacts >= 1 AND lateral_friction >= 0.315,Combined,>=,50.0,>=,1.0,>=,0.315,Lift Slip — Low Friction Surface,True,False,0.004722222222222294
diagnosed_LIFT_OBJECT_unanticipated__RQ2_R_H09_C06_F09,object_lift_height_cm >= 50 AND finger_contacts >= 1 AND lateral_friction >= 0.500,Combined,>=,50.0,>=,1.0,>=,0.5,Lift Slip — Low Friction Surface,True,True,0.0
diagnosed_LIFT_OBJECT_unanticipated__RQ2_R_H09_C06_F10,object_lift_height_cm >= 50 AND finger_contacts >= 1 AND lateral_friction >= 1.000,Combined,>=,50.0,>=,1.0,>=,1.0,Lift Slip — Low Friction Surface,True,True,0.0
diagnosed_LIFT_OBJECT_unanticipated__RQ2_R_H09_C07_F01,object_lift_height_cm >= 50 AND finger_contacts >= 2 AND lateral_friction <= 0.100,Combined,>=,50.0,>=,2.0,<=,0.1,Lift Slip — Low Friction Surface,True,False,0.02777777777777768
diagnosed_LIFT_OBJECT_unanticipated__RQ2_R_H09_C07_F02,object_lift_height_cm >= 50 AND finger_contacts >= 2 AND lateral_friction <= 0.300,Combined,>=,50.0,>=,2.0,<=,0.3,Lift Slip — Low Friction Surface,True,False,0.08333333333333337
diagnosed_LIFT_OBJECT_unanticipated__RQ2_R_H09_C07_F03,object_lift_height_cm >= 50 AND finger_contacts >= 2 AND lateral_friction <= 0.315,Combined,>=,50.0,>=,2.0,<=,0.315,Lift Slip — Low Friction Surface,True,False,0.08750000000000013
diagnosed_LIFT_OBJECT_unanticipated__RQ2_R_H09_C07_F04,object_lift_height_cm >= 50 AND finger_contacts >= 2 AND lateral_friction <= 0.330,Combined,>=,50.0,>=,2.0,<=,0.33,Lift Slip — Low Friction Surface,True,False,0.09166666666666667
diagnosed_LIFT_OBJECT_unanticipated__RQ2_R_H09_C07_F05,object_lift_height_cm >= 50 AND finger_contacts >= 2 AND lateral_friction <= 0.400,Combined,>=,50.0,>=,2.0,<=,0.4,Lift Slip — Low Friction Surface,True,False,0.11111111111111105
diagnosed_LIFT_OBJECT_unanticipated__RQ2_R_H09_C07_F06,object_lift_height_cm >= 50 AND finger_contacts >= 2 AND lateral_friction <= 0.500,Combined,>=,50.0,>=,2.0,<=,0.5,Lift Slip — Low Friction Surface,True,False,0.0888888888888889
diagnosed_LIFT_OBJECT_unanticipated__RQ2_R_H09_C07_F07,object_lift_height_cm >= 50 AND finger_contacts >= 2 AND lateral_friction <= 1.000,Combined,>=,50.0,>=,2.0,<=,1.0,Lift Slip — Low Friction Surface,True,False,0.04444444444444451
diagnosed_LIFT_OBJECT_unanticipated__RQ2_R_H09_C07_F08,object_lift_height_cm >= 50 AND finger_contacts >= 2 AND lateral_friction >= 0.315,Combined,>=,50.0,>=,2.0,>=,0.315,Lift Slip — Low Friction Surface,True,False,0.004722222222222294
diagnosed_LIFT_OBJECT_unanticipated__RQ2_R_H09_C07_F09,object_lift_height_cm >= 50 AND finger_contacts >= 2 AND lateral_friction >= 0.500,Combined,>=,50.0,>=,2.0,>=,0.5,Lift Slip — Low Friction Surface,True,True,0.0
diagnosed_LIFT_OBJECT_unanticipated__RQ2_R_H09_C07_F10,object_lift_height_cm >= 50 AND finger_contacts >= 2 AND lateral_friction >= 1.000,Combined,>=,50.0,>=,2.0,>=,1.0,Lift Slip — Low Friction Surface,True,True,0.0
diagnosed_LIFT_OBJECT_unanticipated__RQ2_R_H09_C08_F01,object_lift_height_cm >= 50 AND finger_contacts >= 3 AND lateral_friction <= 0.100,Combined,>=,50.0,>=,3.0,<=,0.1,Lift Slip — Low Friction Surface,True,False,0.02777777777777768
diagnosed_LIFT_OBJECT_unanticipated__RQ2_R_H09_C08_F02,object_lift_height_cm >= 50 AND finger_contacts >= 3 AND lateral_friction <= 0.300,Combined,>=,50.0,>=,3.0,<=,0.3,Lift Slip — Low Friction Surface,True,False,0.08333333333333337
diagnosed_LIFT_OBJECT_unanticipated__RQ2_R_H09_C08_F03,object_lift_height_cm >= 50 AND finger_contacts >= 3 AND lateral_friction <= 0.315,Combined,>=,50.0,>=,3.0,<=,0.315,Lift Slip — Low Friction Surface,True,False,0.08750000000000013
diagnosed_LIFT_OBJECT_unanticipated__RQ2_R_H09_C08_F04,object_lift_height_cm >= 50 AND finger_contacts >= 3 AND lateral_friction <= 0.330,Combined,>=,50.0,>=,3.0,<=,0.33,Lift Slip — Low Friction Surface,True,False,0.09166666666666667
diagnosed_LIFT_OBJECT_unanticipated__RQ2_R_H09_C08_F05,object_lift_height_cm >= 50 AND finger_contacts >= 3 AND lateral_friction <= 0.400,Combined,>=,50.0,>=,3.0,<=,0.4,Lift Slip — Low Friction Surface,True,False,0.11111111111111105
diagnosed_LIFT_OBJECT_unanticipated__RQ2_R_H09_C08_F06,object_lift_height_cm >= 50 AND finger_contacts >= 3 AND lateral_friction <= 0.500,Combined,>=,50.0,>=,3.0,<=,0.5,Lift Slip — Low Friction Surface,True,False,0.0888888888888889
diagnosed_LIFT_OBJECT_unanticipated__RQ2_R_H09_C08_F07,object_lift_height_cm >= 50 AND finger_contacts >= 3 AND lateral_friction <= 1.000,Combined,>=,50.0,>=,3.0,<=,1.0,Lift Slip — Low Friction Surface,True,False,0.04444444444444451
diagnosed_LIFT_OBJECT_unanticipated__RQ2_R_H09_C08_F08,object_lift_height_cm >= 50 AND finger_contacts >= 3 AND lateral_friction >= 0.315,Combined,>=,50.0,>=,3.0,>=,0.315,Lift Slip — Low Friction Surface,True,False,0.004722222222222294
diagnosed_LIFT_OBJECT_unanticipated__RQ2_R_H09_C08_F09,object_lift_height_cm >= 50 AND finger_contacts >= 3 AND lateral_friction >= 0.500,Combined,>=,50.0,>=,3.0,>=,0.5,Lift Slip — Low Friction Surface,True,True,0.0
diagnosed_LIFT_OBJECT_unanticipated__RQ2_R_H09_C08_F10,object_lift_height_cm >= 50 AND finger_contacts >= 3 AND lateral_friction >= 1.000,Combined,>=,50.0,>=,3.0,>=,1.0,Lift Slip — Low Friction Surface,True,True,0.0
diagnosed_LIFT_OBJECT_unanticipated__RQ2_R_H09_C09_F01,object_lift_height_cm >= 50 AND finger_contacts >= 4 AND lateral_friction <= 0.100,Combined,>=,50.0,>=,4.0,<=,0.1,Lift Slip — Low Friction Surface,True,False,0.02777777777777768
diagnosed_LIFT_OBJECT_unanticipated__RQ2_R_H09_C09_F02,object_lift_height_cm >= 50 AND finger_contacts >= 4 AND lateral_friction <= 0.300,Combined,>=,50.0,>=,4.0,<=,0.3,Lift Slip — Low Friction Surface,True,False,0.08333333333333337
diagnosed_LIFT_OBJECT_unanticipated__RQ2_R_H09_C09_F03,object_lift_height_cm >= 50 AND finger_contacts >= 4 AND lateral_friction <= 0.315,Combined,>=,50.0,>=,4.0,<=,0.315,Lift Slip — Low Friction Surface,True,False,0.08750000000000013
diagnosed_LIFT_OBJECT_unanticipated__RQ2_R_H09_C09_F04,object_lift_height_cm >= 50 AND finger_contacts >= 4 AND lateral_friction <= 0.330,Combined,>=,50.0,>=,4.0,<=,0.33,Lift Slip — Low Friction Surface,True,False,0.09166666666666667
diagnosed_LIFT_OBJECT_unanticipated__RQ2_R_H09_C09_F05,object_lift_height_cm >= 50 AND finger_contacts >= 4 AND lateral_friction <= 0.400,Combined,>=,50.0,>=,4.0,<=,0.4,Lift Slip — Low Friction Surface,True,False,0.11111111111111105
diagnosed_LIFT_OBJECT_unanticipated__RQ2_R_H09_C09_F06,object_lift_height_cm >= 50 AND finger_contacts >= 4 AND lateral_friction <= 0.500,Combined,>=,50.0,>=,4.0,<=,0.5,Lift Slip — Low Friction Surface,True,False,0.0888888888888889
diagnosed_LIFT_OBJECT_unanticipated__RQ2_R_H09_C09_F07,object_lift_height_cm >= 50 AND finger_contacts >= 4 AND lateral_friction <= 1.000,Combined,>=,50.0,>=,4.0,<=,1.0,Lift Slip — Low Friction Surface,True,False,0.04444444444444451
diagnosed_LIFT_OBJECT_unanticipated__RQ2_R_H09_C09_F08,object_lift_height_cm >= 50 AND finger_contacts >= 4 AND lateral_friction >= 0.315,Combined,>=,50.0,>=,4.0,>=,0.315,Lift Slip — Low Friction Surface,True,False,0.004722222222222294
diagnosed_LIFT_OBJECT_unanticipated__RQ2_R_H09_C09_F09,object_lift_height_cm >= 50 AND finger_contacts >= 4 AND lateral_friction >= 0.500,Combined,>=,50.0,>=,4.0,>=,0.5,Lift Slip — Low Friction Surface,True,True,0.0
diagnosed_LIFT_OBJECT_unanticipated__RQ2_R_H09_C09_F10,object_lift_height_cm >= 50 AND finger_contacts >= 4 AND lateral_friction >= 1.000,Combined,>=,50.0,>=,4.0,>=,1.0,Lift Slip — Low Friction Surface,True,True,0.0
diagnosed_LIFT_OBJECT_unanticipated__RQ2_R_H09_C10_F01,object_lift_height_cm >= 50 AND finger_contacts >= 5 AND lateral_friction <= 0.100,Combined,>=,50.0,>=,5.0,<=,0.1,Lift Slip — Low Friction Surface,True,False,0.02777777777777768
diagnosed_LIFT_OBJECT_unanticipated__RQ2_R_H09_C10_F02,object_lift_height_cm >= 50 AND finger_contacts >= 5 AND lateral_friction <= 0.300,Combined,>=,50.0,>=,5.0,<=,0.3,Lift Slip — Low Friction Surface,True,False,0.08333333333333337
diagnosed_LIFT_OBJECT_unanticipated__RQ2_R_H09_C10_F03,object_lift_height_cm >= 50 AND finger_contacts >= 5 AND lateral_friction <= 0.315,Combined,>=,50.0,>=,5.0,<=,0.315,Lift Slip — Low Friction Surface,True,False,0.08750000000000013
diagnosed_LIFT_OBJECT_unanticipated__RQ2_R_H09_C10_F04,object_lift_height_cm >= 50 AND finger_contacts >= 5 AND lateral_friction <= 0.330,Combined,>=,50.0,>=,5.0,<=,0.33,Lift Slip — Low Friction Surface,True,False,0.09166666666666667
diagnosed_LIFT_OBJECT_unanticipated__RQ2_R_H09_C10_F05,object_lift_height_cm >= 50 AND finger_contacts >= 5 AND lateral_friction <= 0.400,Combined,>=,50.0,>=,5.0,<=,0.4,Lift Slip — Low Friction Surface,True,False,0.11111111111111105
diagnosed_LIFT_OBJECT_unanticipated__RQ2_R_H09_C10_F06,object_lift_height_cm >= 50 AND finger_contacts >= 5 AND lateral_friction <= 0.500,Combined,>=,50.0,>=,5.0,<=,0.5,Lift Slip — Low Friction Surface,True,False,0.0888888888888889
diagnosed_LIFT_OBJECT_unanticipated__RQ2_R_H09_C10_F07,object_lift_height_cm >= 50 AND finger_contacts >= 5 AND lateral_friction <= 1.000,Combined,>=,50.0,>=,5.0,<=,1.0,Lift Slip — Low Friction Surface,True,False,0.04444444444444451
diagnosed_LIFT_OBJECT_unanticipated__RQ2_R_H09_C10_F08,object_lift_height_cm >= 50 AND finger_contacts >= 5 AND lateral_friction >= 0.315,Combined,>=,50.0,>=,5.0,>=,0.315,Lift Slip — Low Friction Surface,True,False,0.004722222222222294
diagnosed_LIFT_OBJECT_unanticipated__RQ2_R_H09_C10_F09,object_lift_height_cm >= 50 AND finger_contacts >= 5 AND lateral_friction >= 0.500,Combined,>=,50.0,>=,5.0,>=,0.5,Lift Slip — Low Friction Surface,True,True,0.0
diagnosed_LIFT_OBJECT_unanticipated__RQ2_R_H09_C10_F10,object_lift_height_cm >= 50 AND finger_contacts >= 5 AND lateral_friction >= 1.000,Combined,>=,50.0,>=,5.0,>=,1.0,Lift Slip — Low Friction Surface,True,True,0.0
