[Trace] Gravando em: C:\Users\lucas_alves\Workspace\self-adaptive-arm-simulator\1-manager\traces\trace_20260905_184735.log
[step=   0 18:47:35.477][Manager] DejaVu conectado.
[step=   0 18:47:36.869][Manager] Aguardando percepcoes do managing...

[step=   0 18:47:37.431][WsClient] Conectado a ws://localhost:8000/ws/perception
[step=   1 18:47:37.493][Manager] ep=1 subtask=APPROACH_OBJECT reward=-0.4000
[step=   1 18:47:37.493][Perception]
  RAW PERCEPTION                                  MONITORED PARAMS
  ----------------------------------------------  --------------------------------------
  fingers_width         = 0.0703 m                gripper_width_cm      = 7 cm
  dist_ee_to_cube       = 0.3106 m                distance_ee_object_cm = 28 cm
  dist_cube_to_target   = 0.4000 m  (3D)          distance_obj_goal_cm  = 40 cm  (XY)
  cube_position (z)     = 0.0200 m                object_lift_height_cm = 0 cm
  cube_position (xy)    = [-0.250, 0.000]         grasp_completed       = 0
  finger_contacts (raw) = 0                       finger_contacts       = 0
  x                                               grasp_attempts        = 0
  x                                               task_started          = 1
  x                                               object_available      = 1
  x                                               task_aborted          = 0
  episode                = 1                      x
  step                   = 1                      x
  ee_position            = [0.0095, 0.0000, 0.1906]  x
  ee_velocity            = [-0.4160, 0.0005, -0.0497]  x
  target_position        = [0.1500, 0.0000, 0.0200]  x
  reward                 = -0.4000                x
  is_success             = False                  x
  obstacle_in_path       = False                  x
  obstacle_count_in_path = 0                      x
  obstacles              = {}                     x
  objects                = {'object_1': {'type': 'box', 'size': [0.04, 0.04, 0.04], 'mass': 1.0, 'color': [0.1, 0.2, 0.9, 1.0], 'initial_position': [-0.25, 0.0, 0.02], 'lateral_friction': 0.7, 'spinning_friction': 0.001, 'current_position': [-0.2500006382154648, 3.736820161819107e-07, 0.01998952846842175]}}  x
  scripts                = {'script_1': True, 'reach_only': True, 'left_right': True}  x
  target_goal            = {'type': 'goal_sequence', 'targets': [{'name': 'target', 'position': [0.15000000596046448, 0.0, 0.019999999552965164]}], 'mode': 'goal_sequence'}  x
  scene                  = {'table': {'length': 1.1, 'width': 0.7, 'height': 0.4, 'x_offset': -0.3, 'lateral_friction': 3.0, 'spinning_friction': 0.001}}  x
  robot_config           = {'control_type': 'ee', 'block_gripper': False, 'base_position': [-0.6, 0.0, 0.05]}  x
  current_task           = OBJECT_DELIVERY_SEQUENCE  x
  current_subtask        = APPROACH_OBJECT        x
  active_target_name     = target                 x
  action                 = [-0.9839, 0.0000, -0.1787, 1.0000]  x
  joint_angles           = [-0.0006, 0.3402, 0.0006, -1.9788, -0.0003, 2.3185, 0.7862]  x
  joint_velocities       = [-0.0043, -0.9484, 0.0052, -1.5662, -0.0026, 0.4502, -0.0295]  x
  cube_rotation          = [0.0000, -0.0000, -0.0000]  x
  cube_linear_velocity   = [-0.0000, 0.0000, -0.0000]  x
  obstacle_positions     = {}                     x
[step=   1 18:47:37.498][ASM] [PENDING] __init__ → approach_object: condições satisfeitas, aguardando managing
[step=   1 18:47:37.498][ASM] [D] __init__ → approach_object  (type=domain)
[step=   1 18:47:37.498][Analyzer] ASM node=approach_object  goal_status=ok  (scenario=APPROACH_OBJECT)
[step=   1 18:48:05.537][DejaVu] {'status': 'ok', 'unanticipated': False, 'adaptation': None, 'evaluation': None}
[step=   5 18:48:05.565][Manager] ep=1 subtask=APPROACH_OBJECT reward=-0.4000
[step=   5 18:48:05.566][Perception]
  RAW PERCEPTION                                  MONITORED PARAMS
  ----------------------------------------------  --------------------------------------
  fingers_width         = 0.0800 m                gripper_width_cm      = 7 cm
  dist_ee_to_cube       = 0.1900 m                distance_ee_object_cm = 16 cm
  dist_cube_to_target   = 0.4000 m  (3D)          distance_obj_goal_cm  = 40 cm  (XY)
  cube_position (z)     = 0.0200 m                object_lift_height_cm = 0 cm
  cube_position (xy)    = [-0.250, 0.000]         grasp_completed       = 0
  finger_contacts (raw) = 0                       finger_contacts       = 0
  x                                               grasp_attempts        = 0
  x                                               task_started          = 1
  x                                               object_available      = 1
  x                                               task_aborted          = 0
  episode                = 1                      x
  step                   = 5                      x
  ee_position            = [-0.1251, 0.0001, 0.1632]  x
  ee_velocity            = [-0.3810, 0.0007, -0.0494]  x
  target_position        = [0.1500, 0.0000, 0.0200]  x
  reward                 = -0.4000                x
  is_success             = False                  x
  obstacle_in_path       = False                  x
  obstacle_count_in_path = 0                      x
  obstacles              = {}                     x
  objects                = {'object_1': {'type': 'box', 'size': [0.04, 0.04, 0.04], 'mass': 1.0, 'color': [0.1, 0.2, 0.9, 1.0], 'initial_position': [-0.25, 0.0, 0.02], 'lateral_friction': 0.7, 'spinning_friction': 0.001, 'current_position': [-0.25000082410733043, 2.1765994240189325e-06, 0.019989411556199578]}}  x
  scripts                = {'script_1': True, 'reach_only': True, 'left_right': True}  x
  target_goal            = {'type': 'goal_sequence', 'targets': [{'name': 'target', 'position': [0.15000000596046448, 0.0, 0.019999999552965164]}], 'mode': 'goal_sequence'}  x
  scene                  = {'table': {'length': 1.1, 'width': 0.7, 'height': 0.4, 'x_offset': -0.3, 'lateral_friction': 3.0, 'spinning_friction': 0.001}}  x
  robot_config           = {'control_type': 'ee', 'block_gripper': False, 'base_position': [-0.6, 0.0, 0.05]}  x
  current_task           = OBJECT_DELIVERY_SEQUENCE  x
  current_subtask        = APPROACH_OBJECT        x
  active_target_name     = target                 x
  action                 = [-0.9875, -0.0003, -0.1576, 1.0000]  x
  joint_angles           = [-0.0007, 0.0555, 0.0008, -2.4806, -0.0001, 2.5352, 0.7855]  x
  joint_velocities       = [-0.0001, -0.8110, 0.0017, -1.2507, 0.0006, 0.3895, -0.0002]  x
  cube_rotation          = [0.0000, -0.0000, -0.0000]  x
  cube_linear_velocity   = [-0.0000, 0.0000, -0.0000]  x
  obstacle_positions     = {}                     x
[step=   5 18:48:05.566][Analyzer] ASM node=approach_object  goal_status=not_applicable
[step=   5 18:48:05.568][DejaVu] {'status': 'ok', 'unanticipated': False, 'adaptation': None, 'evaluation': None}
[step=   6 18:48:06.613][Manager] ep=1 subtask=APPROACH_OBJECT reward=-0.4000
[step=   6 18:48:06.613][Perception]
  RAW PERCEPTION                                  MONITORED PARAMS
  ----------------------------------------------  --------------------------------------
  fingers_width         = 0.0800 m                gripper_width_cm      = 7 cm
  dist_ee_to_cube       = 0.1629 m                distance_ee_object_cm = 13 cm
  dist_cube_to_target   = 0.4000 m  (3D)          distance_obj_goal_cm  = 40 cm  (XY)
  cube_position (z)     = 0.0200 m                object_lift_height_cm = 0 cm
  cube_position (xy)    = [-0.250, 0.000]         grasp_completed       = 0
  finger_contacts (raw) = 0                       finger_contacts       = 0
  x                                               grasp_attempts        = 0
  x                                               task_started          = 1
  x                                               object_available      = 1
  x                                               task_aborted          = 0
  episode                = 1                      x
  step                   = 6                      x
  ee_position            = [-0.1607, 0.0001, 0.1562]  x
  ee_velocity            = [-0.4082, 0.0008, -0.0668]  x
  target_position        = [0.1500, 0.0000, 0.0200]  x
  reward                 = -0.4000                x
  is_success             = False                  x
  obstacle_in_path       = False                  x
  obstacle_count_in_path = 0                      x
  obstacles              = {}                     x
  objects                = {'object_1': {'type': 'box', 'size': [0.04, 0.04, 0.04], 'mass': 1.0, 'color': [0.1, 0.2, 0.9, 1.0], 'initial_position': [-0.25, 0.0, 0.02], 'lateral_friction': 0.7, 'spinning_friction': 0.001, 'current_position': [-0.25000084148704027, 2.627324180841425e-06, 0.01998941143610688]}}  x
  scripts                = {'script_1': True, 'reach_only': True, 'left_right': True}  x
  target_goal            = {'type': 'goal_sequence', 'targets': [{'name': 'target', 'position': [0.15000000596046448, 0.0, 0.019999999552965164]}], 'mode': 'goal_sequence'}  x
  scene                  = {'table': {'length': 1.1, 'width': 0.7, 'height': 0.4, 'x_offset': -0.3, 'lateral_friction': 3.0, 'spinning_friction': 0.001}}  x
  robot_config           = {'control_type': 'ee', 'block_gripper': False, 'base_position': [-0.6, 0.0, 0.05]}  x
  current_task           = OBJECT_DELIVERY_SEQUENCE  x
  current_subtask        = APPROACH_OBJECT        x
  active_target_name     = target                 x
  action                 = [-0.9895, -0.0005, -0.1444, 1.0000]  x
  joint_angles           = [-0.0007, -0.0164, 0.0009, -2.6004, 0.0000, 2.5839, 0.7855]  x
  joint_velocities       = [-0.0001, -0.8300, 0.0023, -1.2837, 0.0008, 0.3742, -0.0004]  x
  cube_rotation          = [0.0000, -0.0000, -0.0000]  x
  cube_linear_velocity   = [-0.0000, 0.0000, -0.0000]  x
  obstacle_positions     = {}                     x
[step=   6 18:48:06.614][Analyzer] ASM node=approach_object  goal_status=not_applicable
[step=   6 18:48:06.616][DejaVu] {'status': 'ok', 'unanticipated': False, 'adaptation': None, 'evaluation': None}
[step=   7 18:48:07.733][Manager] ep=1 subtask=APPROACH_OBJECT reward=-0.4000
[step=   7 18:48:07.733][Perception]
  RAW PERCEPTION                                  MONITORED PARAMS
  ----------------------------------------------  --------------------------------------
  fingers_width         = 0.0800 m                gripper_width_cm      = 7 cm
  dist_ee_to_cube       = 0.1396 m                distance_ee_object_cm = 11 cm
  dist_cube_to_target   = 0.4000 m  (3D)          distance_obj_goal_cm  = 40 cm  (XY)
  cube_position (z)     = 0.0200 m                object_lift_height_cm = 0 cm
  cube_position (xy)    = [-0.250, 0.000]         grasp_completed       = 0
  finger_contacts (raw) = 0                       finger_contacts       = 0
  x                                               grasp_attempts        = 0
  x                                               task_started          = 1
  x                                               object_available      = 1
  x                                               task_aborted          = 0
  episode                = 1                      x
  step                   = 7                      x
  ee_position            = [-0.1970, 0.0001, 0.1492]  x
  ee_velocity            = [-0.4312, 0.0003, -0.0816]  x
  target_position        = [0.1500, 0.0000, 0.0200]  x
  reward                 = -0.4000                x
  is_success             = False                  x
  obstacle_in_path       = False                  x
  obstacle_count_in_path = 0                      x
  obstacles              = {}                     x
  objects                = {'object_1': {'type': 'box', 'size': [0.04, 0.04, 0.04], 'mass': 1.0, 'color': [0.1, 0.2, 0.9, 1.0], 'initial_position': [-0.25, 0.0, 0.02], 'lateral_friction': 0.7, 'spinning_friction': 0.001, 'current_position': [-0.25000085876834904, 3.0780479764908263e-06, 0.019989411413349322]}}  x
  scripts                = {'script_1': True, 'reach_only': True, 'left_right': True}  x
  target_goal            = {'type': 'goal_sequence', 'targets': [{'name': 'target', 'position': [0.15000000596046448, 0.0, 0.019999999552965164]}], 'mode': 'goal_sequence'}  x
  scene                  = {'table': {'length': 1.1, 'width': 0.7, 'height': 0.4, 'x_offset': -0.3, 'lateral_friction': 3.0, 'spinning_friction': 0.001}}  x
  robot_config           = {'control_type': 'ee', 'block_gripper': False, 'base_position': [-0.6, 0.0, 0.05]}  x
  current_task           = OBJECT_DELIVERY_SEQUENCE  x
  current_subtask        = APPROACH_OBJECT        x
  active_target_name     = target                 x
  action                 = [-0.9922, -0.0007, -0.1249, 1.0000]  x
  joint_angles           = [-0.0007, -0.0897, 0.0009, -2.7181, 0.0001, 2.6278, 0.7854]  x
  joint_velocities       = [-0.0000, -0.8522, 0.0015, -1.3031, 0.0010, 0.3374, -0.0007]  x
  cube_rotation          = [0.0000, -0.0000, -0.0000]  x
  cube_linear_velocity   = [-0.0000, 0.0000, -0.0000]  x
  obstacle_positions     = {}                     x
[step=   7 18:48:07.734][Analyzer] ASM node=approach_object  goal_status=not_applicable
[step=   7 18:48:07.735][DejaVu] {'status': 'ok', 'unanticipated': False, 'adaptation': None, 'evaluation': None}
[step=   8 18:48:08.893][Manager] ep=1 subtask=APPROACH_OBJECT reward=-0.4000
[step=   8 18:48:08.893][Perception]
  RAW PERCEPTION                                  MONITORED PARAMS
  ----------------------------------------------  --------------------------------------
  fingers_width         = 0.0800 m                gripper_width_cm      = 7 cm
  dist_ee_to_cube       = 0.1238 m                distance_ee_object_cm = 9 cm
  dist_cube_to_target   = 0.4000 m  (3D)          distance_obj_goal_cm  = 40 cm  (XY)
  cube_position (z)     = 0.0200 m                object_lift_height_cm = 0 cm
  cube_position (xy)    = [-0.250, 0.000]         grasp_completed       = 0
  finger_contacts (raw) = 0                       finger_contacts       = 0
  x                                               grasp_attempts        = 0
  x                                               task_started          = 1
  x                                               object_available      = 1
  x                                               task_aborted          = 0
  episode                = 1                      x
  step                   = 8                      x
  ee_position            = [-0.2336, 0.0000, 0.1427]  x
  ee_velocity            = [-0.4297, -0.0001, -0.0722]  x
  target_position        = [0.1500, 0.0000, 0.0200]  x
  reward                 = -0.4000                x
  is_success             = False                  x
  obstacle_in_path       = False                  x
  obstacle_count_in_path = 0                      x
  obstacles              = {}                     x
  objects                = {'object_1': {'type': 'box', 'size': [0.04, 0.04, 0.04], 'mass': 1.0, 'color': [0.1, 0.2, 0.9, 1.0], 'initial_position': [-0.25, 0.0, 0.02], 'lateral_friction': 0.7, 'spinning_friction': 0.001, 'current_position': [-0.2500008760301956, 3.528770818098008e-06, 0.019989411408939943]}}  x
  scripts                = {'script_1': True, 'reach_only': True, 'left_right': True}  x
  target_goal            = {'type': 'goal_sequence', 'targets': [{'name': 'target', 'position': [0.15000000596046448, 0.0, 0.019999999552965164]}], 'mode': 'goal_sequence'}  x
  scene                  = {'table': {'length': 1.1, 'width': 0.7, 'height': 0.4, 'x_offset': -0.3, 'lateral_friction': 3.0, 'spinning_friction': 0.001}}  x
  robot_config           = {'control_type': 'ee', 'block_gripper': False, 'base_position': [-0.6, 0.0, 0.05]}  x
  current_task           = OBJECT_DELIVERY_SEQUENCE  x
  current_subtask        = APPROACH_OBJECT        x
  active_target_name     = target                 x
  action                 = [-0.9969, -0.0010, -0.0788, 1.0000]  x
  joint_angles           = [-0.0007, -0.1676, 0.0008, -2.8337, 0.0003, 2.6648, 0.7852]  x
  joint_velocities       = [0.0001, -0.9251, 0.0004, -1.2920, 0.0011, 0.2850, -0.0012]  x
  cube_rotation          = [0.0000, -0.0000, -0.0000]  x
  cube_linear_velocity   = [-0.0000, 0.0000, -0.0000]  x
  obstacle_positions     = {}                     x
[step=   8 18:48:08.894][Analyzer] ASM node=approach_object  goal_status=not_applicable
[step=   8 18:48:08.897][DejaVu] {'status': 'ok', 'unanticipated': False, 'adaptation': None, 'evaluation': None}
[step=   9 18:48:10.040][Manager] ep=1 subtask=APPROACH_OBJECT reward=-0.4000
[step=   9 18:48:10.040][Perception]
  RAW PERCEPTION                                  MONITORED PARAMS
  ----------------------------------------------  --------------------------------------
  fingers_width         = 0.0800 m                gripper_width_cm      = 7 cm
  dist_ee_to_cube       = 0.1214 m                distance_ee_object_cm = 9 cm
  dist_cube_to_target   = 0.4000 m  (3D)          distance_obj_goal_cm  = 40 cm  (XY)
  cube_position (z)     = 0.0200 m                object_lift_height_cm = 0 cm
  cube_position (xy)    = [-0.250, 0.000]         grasp_completed       = 0
  finger_contacts (raw) = 0                       finger_contacts       = 0
  x                                               grasp_attempts        = 0
  x                                               task_started          = 1
  x                                               object_available      = 1
  x                                               task_aborted          = 0
  episode                = 1                      x
  step                   = 9                      x
  ee_position            = [-0.2714, -0.0000, 0.1395]  x
  ee_velocity            = [-0.3739, -0.0003, 0.0261]  x
  target_position        = [0.1500, 0.0000, 0.0200]  x
  reward                 = -0.4000                x
  is_success             = False                  x
  obstacle_in_path       = False                  x
  obstacle_count_in_path = 0                      x
  obstacles              = {}                     x
  objects                = {'object_1': {'type': 'box', 'size': [0.04, 0.04, 0.04], 'mass': 1.0, 'color': [0.1, 0.2, 0.9, 1.0], 'initial_position': [-0.25, 0.0, 0.02], 'lateral_friction': 0.7, 'spinning_friction': 0.001, 'current_position': [-0.25000089328746017, 3.979492706986637e-06, 0.019989411407989287]}}  x
  scripts                = {'script_1': True, 'reach_only': True, 'left_right': True}  x
  target_goal            = {'type': 'goal_sequence', 'targets': [{'name': 'target', 'position': [0.15000000596046448, 0.0, 0.019999999552965164]}], 'mode': 'goal_sequence'}  x
  scene                  = {'table': {'length': 1.1, 'width': 0.7, 'height': 0.4, 'x_offset': -0.3, 'lateral_friction': 3.0, 'spinning_friction': 0.001}}  x
  robot_config           = {'control_type': 'ee', 'block_gripper': False, 'base_position': [-0.6, 0.0, 0.05]}  x
  current_task           = OBJECT_DELIVERY_SEQUENCE  x
  current_subtask        = APPROACH_OBJECT        x
  active_target_name     = target                 x
  action                 = [-0.9907, -0.0012, 0.1364, 1.0000]  x
  joint_angles           = [-0.0007, -0.2644, 0.0007, -2.9453, 0.0004, 2.6725, 0.7850]  x
  joint_velocities       = [0.0002, -1.3025, -0.0006, -1.2276, 0.0009, 0.0589, -0.0015]  x
  cube_rotation          = [0.0000, -0.0000, -0.0000]  x
  cube_linear_velocity   = [-0.0000, 0.0000, -0.0000]  x
  obstacle_positions     = {}                     x
[step=   9 18:48:10.040][Analyzer] ASM node=approach_object  goal_status=not_applicable
[step=   9 18:48:10.042][DejaVu] {'status': 'ok', 'unanticipated': False, 'adaptation': None, 'evaluation': None}
[step=  10 18:48:11.240][Manager] ep=1 subtask=APPROACH_OBJECT reward=-0.4000
[step=  10 18:48:11.240][Perception]
  RAW PERCEPTION                                  MONITORED PARAMS
  ----------------------------------------------  --------------------------------------
  fingers_width         = 0.0800 m                gripper_width_cm      = 7 cm
  dist_ee_to_cube       = 0.1080 m                distance_ee_object_cm = 8 cm
  dist_cube_to_target   = 0.4000 m  (3D)          distance_obj_goal_cm  = 40 cm  (XY)
  cube_position (z)     = 0.0200 m                object_lift_height_cm = 0 cm
  cube_position (xy)    = [-0.250, 0.000]         grasp_completed       = 0
  finger_contacts (raw) = 0                       finger_contacts       = 0
  x                                               grasp_attempts        = 0
  x                                               task_started          = 1
  x                                               object_available      = 1
  x                                               task_aborted          = 0
  episode                = 1                      x
  step                   = 10                     x
  ee_position            = [-0.2591, -0.0000, 0.1276]  x
  ee_velocity            = [-0.4097, 0.0005, -1.0626]  x
  target_position        = [0.1500, 0.0000, 0.0200]  x
  reward                 = -0.4000                x
  is_success             = False                  x
  obstacle_in_path       = False                  x
  obstacle_count_in_path = 0                      x
  obstacles              = {}                     x
  objects                = {'object_1': {'type': 'box', 'size': [0.04, 0.04, 0.04], 'mass': 1.0, 'color': [0.1, 0.2, 0.9, 1.0], 'initial_position': [-0.25, 0.0, 0.02], 'lateral_friction': 0.7, 'spinning_friction': 0.001, 'current_position': [-0.250000910542948, 4.430213643272149e-06, 0.019989411407690616]}}  x
  scripts                = {'script_1': True, 'reach_only': True, 'left_right': True}  x
  target_goal            = {'type': 'goal_sequence', 'targets': [{'name': 'target', 'position': [0.15000000596046448, 0.0, 0.019999999552965164]}], 'mode': 'goal_sequence'}  x
  scene                  = {'table': {'length': 1.1, 'width': 0.7, 'height': 0.4, 'x_offset': -0.3, 'lateral_friction': 3.0, 'spinning_friction': 0.001}}  x
  robot_config           = {'control_type': 'ee', 'block_gripper': False, 'base_position': [-0.6, 0.0, 0.05]}  x
  current_task           = OBJECT_DELIVERY_SEQUENCE  x
  current_subtask        = APPROACH_OBJECT        x
  active_target_name     = target                 x
  action                 = [0.2206, 0.0003, -0.9754, 1.0000]  x
  joint_angles           = [-0.0007, -0.1840, 0.0008, -2.9402, 0.0003, 2.7943, 0.7851]  x
  joint_velocities       = [-0.0002, 3.6343, 0.0001, 0.2702, -0.0005, 0.9369, 0.0005]  x
  cube_rotation          = [0.0000, -0.0000, -0.0000]  x
  cube_linear_velocity   = [-0.0000, 0.0000, -0.0000]  x
  obstacle_positions     = {}                     x
[step=  10 18:48:11.241][Analyzer] ASM node=approach_object  goal_status=not_applicable
[step=  10 18:48:11.242][DejaVu] {'status': 'ok', 'unanticipated': False, 'adaptation': None, 'evaluation': None}
[step=  11 18:48:12.356][Manager] ep=1 subtask=APPROACH_OBJECT reward=-0.4000
[step=  11 18:48:12.356][Perception]
  RAW PERCEPTION                                  MONITORED PARAMS
  ----------------------------------------------  --------------------------------------
  fingers_width         = 0.0800 m                gripper_width_cm      = 7 cm
  dist_ee_to_cube       = 0.0700 m                distance_ee_object_cm = 4 cm
  dist_cube_to_target   = 0.4000 m  (3D)          distance_obj_goal_cm  = 40 cm  (XY)
  cube_position (z)     = 0.0200 m                object_lift_height_cm = 0 cm
  cube_position (xy)    = [-0.250, 0.000]         grasp_completed       = 0
  finger_contacts (raw) = 0                       finger_contacts       = 0
  x                                               grasp_attempts        = 0
  x                                               task_started          = 1
  x                                               object_available      = 1
  x                                               task_aborted          = 0
  episode                = 1                      x
  step                   = 11                     x
  ee_position            = [-0.2648, -0.0000, 0.0884]  x
  ee_velocity            = [-0.2715, 0.0004, -0.6197]  x
  target_position        = [0.1500, 0.0000, 0.0200]  x
  reward                 = -0.4000                x
  is_success             = False                  x
  obstacle_in_path       = False                  x
  obstacle_count_in_path = 0                      x
  obstacles              = {}                     x
  objects                = {'object_1': {'type': 'box', 'size': [0.04, 0.04, 0.04], 'mass': 1.0, 'color': [0.1, 0.2, 0.9, 1.0], 'initial_position': [-0.25, 0.0, 0.02], 'lateral_friction': 0.7, 'spinning_friction': 0.001, 'current_position': [-0.25000070043087186, 4.903380098338324e-06, 0.01998948963338307]}}  x
  scripts                = {'script_1': True, 'reach_only': True, 'left_right': True}  x
  target_goal            = {'type': 'goal_sequence', 'targets': [{'name': 'target', 'position': [0.15000000596046448, 0.0, 0.019999999552965164]}], 'mode': 'goal_sequence'}  x
  scene                  = {'table': {'length': 1.1, 'width': 0.7, 'height': 0.4, 'x_offset': -0.3, 'lateral_friction': 3.0, 'spinning_friction': 0.001}}  x
  robot_config           = {'control_type': 'ee', 'block_gripper': False, 'base_position': [-0.6, 0.0, 0.05]}  x
  current_task           = OBJECT_DELIVERY_SEQUENCE  x
  current_subtask        = APPROACH_OBJECT        x
  active_target_name     = target                 x
  action                 = [0.1090, 0.0003, -0.9940, 1.0000]  x
  joint_angles           = [-0.0008, -0.0286, 0.0008, -2.9115, 0.0002, 2.8606, 0.7852]  x
  joint_velocities       = [-0.0004, 2.1932, 0.0002, 0.2782, -0.0010, 0.5096, 0.0006]  x
  cube_rotation          = [0.0000, -0.0000, -0.0000]  x
  cube_linear_velocity   = [0.0000, 0.0000, 0.0000]  x
  obstacle_positions     = {}                     x
[step=  11 18:48:12.357][Analyzer] ASM node=approach_object  goal_status=not_applicable
[step=  11 18:48:12.359][DejaVu] {'status': 'ok', 'unanticipated': False, 'adaptation': None, 'evaluation': None}
[step=  12 18:48:13.450][Manager] ep=1 subtask=APPROACH_OBJECT reward=-0.4000
[step=  12 18:48:13.450][Perception]
  RAW PERCEPTION                                  MONITORED PARAMS
  ----------------------------------------------  --------------------------------------
  fingers_width         = 0.0800 m                gripper_width_cm      = 7 cm
  dist_ee_to_cube       = 0.0391 m                distance_ee_object_cm = 1 cm
  dist_cube_to_target   = 0.4000 m  (3D)          distance_obj_goal_cm  = 40 cm  (XY)
  cube_position (z)     = 0.0200 m                object_lift_height_cm = 0 cm
  cube_position (xy)    = [-0.250, 0.000]         grasp_completed       = 0
  finger_contacts (raw) = 0                       finger_contacts       = 0
  x                                               grasp_attempts        = 0
  x                                               task_started          = 1
  x                                               object_available      = 1
  x                                               task_aborted          = 0
  episode                = 1                      x
  step                   = 12                     x
  ee_position            = [-0.2567, -0.0000, 0.0585]  x
  ee_velocity            = [-0.1778, 0.0003, -0.5876]  x
  target_position        = [0.1500, 0.0000, 0.0200]  x
  reward                 = -0.4000                x
  is_success             = False                  x
  obstacle_in_path       = False                  x
  obstacle_count_in_path = 0                      x
  obstacles              = {}                     x
  objects                = {'object_1': {'type': 'box', 'size': [0.04, 0.04, 0.04], 'mass': 1.0, 'color': [0.1, 0.2, 0.9, 1.0], 'initial_position': [-0.25, 0.0, 0.02], 'lateral_friction': 0.7, 'spinning_friction': 0.001, 'current_position': [-0.2500002862534305, 4.903496398524369e-06, 0.01998990368716314]}}  x
  scripts                = {'script_1': True, 'reach_only': True, 'left_right': True}  x
  target_goal            = {'type': 'goal_sequence', 'targets': [{'name': 'target', 'position': [0.15000000596046448, 0.0, 0.019999999552965164]}], 'mode': 'goal_sequence'}  x
  scene                  = {'table': {'length': 1.1, 'width': 0.7, 'height': 0.4, 'x_offset': -0.3, 'lateral_friction': 3.0, 'spinning_friction': 0.001}}  x
  robot_config           = {'control_type': 'ee', 'block_gripper': False, 'base_position': [-0.6, 0.0, 0.05]}  x
  current_task           = OBJECT_DELIVERY_SEQUENCE  x
  current_subtask        = APPROACH_OBJECT        x
  active_target_name     = target                 x
  action                 = [0.3224, 0.0003, -0.9466, 1.0000]  x
  joint_angles           = [-0.0008, 0.1141, 0.0006, -2.8742, -0.0001, 2.9734, 0.7853]  x
  joint_velocities       = [0.0001, 2.2020, -0.0008, 0.4190, -0.0021, 0.8672, 0.0012]  x
  cube_rotation          = [0.0000, -0.0000, -0.0000]  x
  cube_linear_velocity   = [0.0000, -0.0000, 0.0000]  x
  obstacle_positions     = {}                     x
[step=  12 18:48:13.451][ASM] [PENDING] approach_object → grasp_object: condições satisfeitas, aguardando managing
[step=  12 18:48:13.451][Analyzer] ASM node=approach_object  goal_status=not_applicable
[step=  12 18:48:13.453][DejaVu] {'status': 'ok', 'unanticipated': False, 'adaptation': None, 'evaluation': None}
[step=  13 18:48:14.636][Manager] ep=1 subtask=APPROACH_OBJECT reward=-0.4000
[step=  13 18:48:14.636][Perception]
  RAW PERCEPTION                                  MONITORED PARAMS
  ----------------------------------------------  --------------------------------------
  fingers_width         = 0.0800 m                gripper_width_cm      = 7 cm
  dist_ee_to_cube       = 0.0092 m                distance_ee_object_cm = 0 cm
  dist_cube_to_target   = 0.4000 m  (3D)          distance_obj_goal_cm  = 40 cm  (XY)
  cube_position (z)     = 0.0200 m                object_lift_height_cm = 0 cm
  cube_position (xy)    = [-0.250, 0.000]         grasp_completed       = 0
  finger_contacts (raw) = 0                       finger_contacts       = 0
  x                                               grasp_attempts        = 0
  x                                               task_started          = 1
  x                                               object_available      = 1
  x                                               task_aborted          = 0
  episode                = 1                      x
  step                   = 13                     x
  ee_position            = [-0.2448, 0.0000, 0.0275]  x
  ee_velocity            = [-0.1041, 0.0003, -0.6151]  x
  target_position        = [0.1500, 0.0000, 0.0200]  x
  reward                 = -0.4000                x
  is_success             = False                  x
  obstacle_in_path       = False                  x
  obstacle_count_in_path = 0                      x
  obstacles              = {}                     x
  objects                = {'object_1': {'type': 'box', 'size': [0.04, 0.04, 0.04], 'mass': 1.0, 'color': [0.1, 0.2, 0.9, 1.0], 'initial_position': [-0.25, 0.0, 0.02], 'lateral_friction': 0.7, 'spinning_friction': 0.001, 'current_position': [-0.2500002081102265, 4.903495591203585e-06, 0.01998998182561259]}}  x
  scripts                = {'script_1': True, 'reach_only': True, 'left_right': True}  x
  target_goal            = {'type': 'goal_sequence', 'targets': [{'name': 'target', 'position': [0.15000000596046448, 0.0, 0.019999999552965164]}], 'mode': 'goal_sequence'}  x
  scene                  = {'table': {'length': 1.1, 'width': 0.7, 'height': 0.4, 'x_offset': -0.3, 'lateral_friction': 3.0, 'spinning_friction': 0.001}}  x
  robot_config           = {'control_type': 'ee', 'block_gripper': False, 'base_position': [-0.6, 0.0, 0.05]}  x
  current_task           = OBJECT_DELIVERY_SEQUENCE  x
  current_subtask        = APPROACH_OBJECT        x
  active_target_name     = target                 x
  action                 = [0.4439, 0.0015, -0.8961, 1.0000]  x
  joint_angles           = [-0.0005, 0.2612, 0.0004, -2.8099, -0.0003, 3.0542, 0.7856]  x
  joint_velocities       = [0.0022, 2.3164, -0.0022, 0.8002, -0.0016, 0.6211, 0.0017]  x
  cube_rotation          = [-0.0000, -0.0000, -0.0000]  x
  cube_linear_velocity   = [0.0000, -0.0000, 0.0000]  x
  obstacle_positions     = {}                     x
[step=  13 18:48:14.637][ASM] [PENDING] approach_object → grasp_object: aguardando managing (já validado)
[step=  13 18:48:14.637][Analyzer] ASM node=approach_object  goal_status=not_applicable
[step=  13 18:48:14.639][DejaVu] {'status': 'ok', 'unanticipated': False, 'adaptation': None, 'evaluation': None}
[step=  14 18:48:15.744][Manager] ep=1 subtask=GRASP_OBJECT reward=-0.3973
[step=  14 18:48:15.744][Perception]
  RAW PERCEPTION                                  MONITORED PARAMS
  ----------------------------------------------  --------------------------------------
  fingers_width         = 0.0359 m                gripper_width_cm      = 3 cm
  dist_ee_to_cube       = 0.0009 m                distance_ee_object_cm = 0 cm
  dist_cube_to_target   = 0.3973 m  (3D)          distance_obj_goal_cm  = 39 cm  (XY)
  cube_position (z)     = 0.0240 m                object_lift_height_cm = 0 cm
  cube_position (xy)    = [-0.247, 0.000]         grasp_completed       = 1
  finger_contacts (raw) = 2                       finger_contacts       = 2
  x                                               grasp_attempts        = 1
  x                                               task_started          = 1
  x                                               object_available      = 1
  x                                               task_aborted          = 0
  episode                = 1                      x
  step                   = 14                     x
  ee_position            = [-0.2479, -0.0000, 0.0235]  x
  ee_velocity            = [0.1779, -0.0002, 0.2212]  x
  target_position        = [0.1500, 0.0000, 0.0200]  x
  reward                 = -0.3973                x
  is_success             = False                  x
  obstacle_in_path       = False                  x
  obstacle_count_in_path = 0                      x
  obstacles              = {}                     x
  objects                = {'object_1': {'type': 'box', 'size': [0.04, 0.04, 0.04], 'mass': 1.0, 'color': [0.1, 0.2, 0.9, 1.0], 'initial_position': [-0.25, 0.0, 0.02], 'lateral_friction': 0.7, 'spinning_friction': 0.001, 'current_position': [-0.2472810063106203, 0.00041716785330349744, 0.02397480628830297]}}  x
  scripts                = {'script_1': True, 'reach_only': True, 'left_right': True}  x
  target_goal            = {'type': 'goal_sequence', 'targets': [{'name': 'target', 'position': [0.15000000596046448, 0.0, 0.019999999552965164]}], 'mode': 'goal_sequence'}  x
  scene                  = {'table': {'length': 1.1, 'width': 0.7, 'height': 0.4, 'x_offset': -0.3, 'lateral_friction': 3.0, 'spinning_friction': 0.001}}  x
  robot_config           = {'control_type': 'ee', 'block_gripper': False, 'base_position': [-0.6, 0.0, 0.05]}  x
  current_task           = OBJECT_DELIVERY_SEQUENCE  x
  current_subtask        = GRASP_OBJECT           x
  active_target_name     = target                 x
  action                 = [0.0000, 0.0000, 0.0000, -1.0000]  x
  joint_angles           = [-0.0003, 0.2682, 0.0002, -2.8174, -0.0003, 3.0728, 0.7856]  x
  joint_velocities       = [0.0011, -0.6396, -0.0013, -0.0854, -0.0007, 0.1432, 0.0005]  x
  cube_rotation          = [0.0052, -0.0149, -0.0070]  x
  cube_linear_velocity   = [0.1756, 0.0173, 0.2204]  x
  obstacle_positions     = {}                     x
[step=  14 18:48:15.745][ASM] [PENDING] approach_object → grasp_object: aguardando managing (já validado)
[step=  14 18:48:15.745][ASM] [D] approach_object → grasp_object  (type=domain)
[step=  14 18:48:15.745][Analyzer] ASM node=grasp_object  goal_status=ok  (scenario=GRASP_OBJECT)
[step=  14 18:48:15.747][DejaVu] {'status': 'ok', 'unanticipated': False, 'adaptation': None, 'evaluation': None}
[step=  15 18:48:16.943][Manager] ep=1 subtask=GRASP_OBJECT reward=-0.3973
[step=  15 18:48:16.943][Perception]
  RAW PERCEPTION                                  MONITORED PARAMS
  ----------------------------------------------  --------------------------------------
  fingers_width         = 0.0326 m                gripper_width_cm      = 3 cm
  dist_ee_to_cube       = 0.0011 m                distance_ee_object_cm = 0 cm
  dist_cube_to_target   = 0.3973 m  (3D)          distance_obj_goal_cm  = 39 cm  (XY)
  cube_position (z)     = 0.0243 m                object_lift_height_cm = 0 cm
  cube_position (xy)    = [-0.247, 0.001]         grasp_completed       = 1
  finger_contacts (raw) = 2                       finger_contacts       = 2
  x                                               grasp_attempts        = 1
  x                                               task_started          = 1
  x                                               object_available      = 1
  x                                               task_aborted          = 0
  episode                = 1                      x
  step                   = 15                     x
  ee_position            = [-0.2475, -0.0000, 0.0243]  x
  ee_velocity            = [-0.0059, -0.0000, -0.0041]  x
  target_position        = [0.1500, 0.0000, 0.0200]  x
  reward                 = -0.3973                x
  is_success             = False                  x
  obstacle_in_path       = False                  x
  obstacle_count_in_path = 0                      x
  obstacles              = {}                     x
  objects                = {'object_1': {'type': 'box', 'size': [0.04, 0.04, 0.04], 'mass': 1.0, 'color': [0.1, 0.2, 0.9, 1.0], 'initial_position': [-0.25, 0.0, 0.02], 'lateral_friction': 0.7, 'spinning_friction': 0.001, 'current_position': [-0.2472521705488016, 0.0011085344764729835, 0.02430257478320621]}}  x
  scripts                = {'script_1': True, 'reach_only': True, 'left_right': True}  x
  target_goal            = {'type': 'goal_sequence', 'targets': [{'name': 'target', 'position': [0.15000000596046448, 0.0, 0.019999999552965164]}], 'mode': 'goal_sequence'}  x
  scene                  = {'table': {'length': 1.1, 'width': 0.7, 'height': 0.4, 'x_offset': -0.3, 'lateral_friction': 3.0, 'spinning_friction': 0.001}}  x
  robot_config           = {'control_type': 'ee', 'block_gripper': False, 'base_position': [-0.6, 0.0, 0.05]}  x
  current_task           = OBJECT_DELIVERY_SEQUENCE  x
  current_subtask        = GRASP_OBJECT           x
  active_target_name     = target                 x
  action                 = [0.0000, 0.0000, 0.0000, -1.0000]  x
  joint_angles           = [-0.0002, 0.2682, 0.0001, -2.8236, -0.0004, 3.0903, 0.7856]  x
  joint_velocities       = [0.0005, 0.0191, -0.0006, -0.0485, -0.0003, 0.1351, 0.0002]  x
  cube_rotation          = [0.0057, -0.0263, -0.0079]  x
  cube_linear_velocity   = [-0.0059, 0.0173, -0.0040]  x
  obstacle_positions     = {}                     x
[step=  15 18:48:16.943][ASM] [PENDING] grasp_object → lift_object: condições satisfeitas, aguardando managing
[step=  15 18:48:16.943][Analyzer] ASM node=grasp_object  goal_status=not_applicable
[step=  15 18:48:16.945][DejaVu] {'status': 'ok', 'unanticipated': False, 'adaptation': None, 'evaluation': None}
[step=  16 18:48:18.089][Manager] ep=1 subtask=LIFT_OBJECT reward=-0.4126
[step=  16 18:48:18.090][Perception]
  RAW PERCEPTION                                  MONITORED PARAMS
  ----------------------------------------------  --------------------------------------
  fingers_width         = 0.0333 m                gripper_width_cm      = 3 cm
  dist_ee_to_cube       = 0.0027 m                distance_ee_object_cm = 0 cm
  dist_cube_to_target   = 0.4126 m  (3D)          distance_obj_goal_cm  = 41 cm  (XY)
  cube_position (z)     = 0.0367 m                object_lift_height_cm = 1 cm
  cube_position (xy)    = [-0.262, 0.002]         grasp_completed       = 1
  finger_contacts (raw) = 2                       finger_contacts       = 2
  x                                               grasp_attempts        = 1
  x                                               task_started          = 1
  x                                               object_available      = 1
  x                                               task_aborted          = 0
  episode                = 1                      x
  step                   = 16                     x
  ee_position            = [-0.2639, 0.0000, 0.0352]  x
  ee_velocity            = [0.3237, 0.0002, 0.6954]  x
  target_position        = [0.1500, 0.0000, 0.0200]  x
  reward                 = -0.4126                x
  is_success             = False                  x
  obstacle_in_path       = False                  x
  obstacle_count_in_path = 0                      x
  obstacles              = {}                     x
  objects                = {'object_1': {'type': 'box', 'size': [0.04, 0.04, 0.04], 'mass': 1.0, 'color': [0.1, 0.2, 0.9, 1.0], 'initial_position': [-0.25, 0.0, 0.02], 'lateral_friction': 0.7, 'spinning_friction': 0.001, 'current_position': [-0.26230156289808376, 0.0016556652840562386, 0.036653583395449274]}}  x
  scripts                = {'script_1': True, 'reach_only': True, 'left_right': True}  x
  target_goal            = {'type': 'goal_sequence', 'targets': [{'name': 'target', 'position': [0.15000000596046448, 0.0, 0.019999999552965164]}], 'mode': 'goal_sequence'}  x
  scene                  = {'table': {'length': 1.1, 'width': 0.7, 'height': 0.4, 'x_offset': -0.3, 'lateral_friction': 3.0, 'spinning_friction': 0.001}}  x
  robot_config           = {'control_type': 'ee', 'block_gripper': False, 'base_position': [-0.6, 0.0, 0.05]}  x
  current_task           = OBJECT_DELIVERY_SEQUENCE  x
  current_subtask        = LIFT_OBJECT            x
  active_target_name     = target                 x
  action                 = [0.0000, 0.0000, 1.0000, -1.0000]  x
  joint_angles           = [-0.0003, 0.1924, 0.0002, -2.8514, -0.0003, 2.9867, 0.7856]  x
  joint_velocities       = [-0.0001, -2.4840, 0.0012, -0.4090, 0.0005, -0.7969, -0.0001]  x
  cube_rotation          = [0.0019, 0.0297, 0.0242]  x
  cube_linear_velocity   = [0.3241, 0.0151, 0.6968]  x
  obstacle_positions     = {}                     x
[step=  16 18:48:18.090][ASM] [PENDING] grasp_object → lift_object: aguardando managing (já validado)
[step=  16 18:48:18.090][ASM] [D] grasp_object → lift_object  (type=domain)
[step=  16 18:48:18.090][Analyzer] ASM node=lift_object  goal_status=ok  (scenario=LIFT_OBJECT)
[step=  16 18:48:18.094][DejaVu] {'status': 'ok', 'unanticipated': False, 'adaptation': None, 'evaluation': None}
[step=  17 18:48:19.264][Manager] ep=1 subtask=LIFT_OBJECT reward=-0.4128
[step=  17 18:48:19.264][Perception]
  RAW PERCEPTION                                  MONITORED PARAMS
  ----------------------------------------------  --------------------------------------
  fingers_width         = 0.0337 m                gripper_width_cm      = 3 cm
  dist_ee_to_cube       = 0.0027 m                distance_ee_object_cm = 0 cm
  dist_cube_to_target   = 0.4128 m  (3D)          distance_obj_goal_cm  = 41 cm  (XY)
  cube_position (z)     = 0.0679 m                object_lift_height_cm = 4 cm
  cube_position (xy)    = [-0.260, 0.002]         grasp_completed       = 1
  finger_contacts (raw) = 2                       finger_contacts       = 2
  x                                               grasp_attempts        = 1
  x                                               task_started          = 1
  x                                               object_available      = 1
  x                                               task_aborted          = 0
  episode                = 1                      x
  step                   = 17                     x
  ee_position            = [-0.2612, 0.0000, 0.0669]  x
  ee_velocity            = [0.1085, -0.0002, 0.4044]  x
  target_position        = [0.1500, 0.0000, 0.0200]  x
  reward                 = -0.4128                x
  is_success             = False                  x
  obstacle_in_path       = False                  x
  obstacle_count_in_path = 0                      x
  obstacles              = {}                     x
  objects                = {'object_1': {'type': 'box', 'size': [0.04, 0.04, 0.04], 'mass': 1.0, 'color': [0.1, 0.2, 0.9, 1.0], 'initial_position': [-0.25, 0.0, 0.02], 'lateral_friction': 0.7, 'spinning_friction': 0.001, 'current_position': [-0.26002611233377254, 0.0022921493489822136, 0.0678566400300378]}}  x
  scripts                = {'script_1': True, 'reach_only': True, 'left_right': True}  x
  target_goal            = {'type': 'goal_sequence', 'targets': [{'name': 'target', 'position': [0.15000000596046448, 0.0, 0.019999999552965164]}], 'mode': 'goal_sequence'}  x
  scene                  = {'table': {'length': 1.1, 'width': 0.7, 'height': 0.4, 'x_offset': -0.3, 'lateral_friction': 3.0, 'spinning_friction': 0.001}}  x
  robot_config           = {'control_type': 'ee', 'block_gripper': False, 'base_position': [-0.6, 0.0, 0.05]}  x
  current_task           = OBJECT_DELIVERY_SEQUENCE  x
  current_subtask        = LIFT_OBJECT            x
  active_target_name     = target                 x
  action                 = [0.0000, 0.0000, 1.0000, -1.0000]  x
  joint_angles           = [-0.0003, 0.0627, 0.0003, -2.8963, -0.0002, 2.9497, 0.7856]  x
  joint_velocities       = [-0.0000, -1.5653, -0.0002, -0.4290, 0.0008, -0.2843, -0.0003]  x
  cube_rotation          = [0.0010, -0.0176, 0.0239]  x
  cube_linear_velocity   = [0.1073, 0.0165, 0.4050]  x
  obstacle_positions     = {}                     x
[step=  17 18:48:19.265][Analyzer] ASM node=lift_object  goal_status=not_applicable
[step=  17 18:48:19.266][DejaVu] {'status': 'ok', 'unanticipated': False, 'adaptation': None, 'evaluation': None}
[step=  18 18:48:20.384][Manager] ep=1 subtask=LIFT_OBJECT reward=-0.4158
[step=  18 18:48:20.384][Perception]
  RAW PERCEPTION                                  MONITORED PARAMS
  ----------------------------------------------  --------------------------------------
  fingers_width         = 0.0357 m                gripper_width_cm      = 3 cm
  dist_ee_to_cube       = 0.0038 m                distance_ee_object_cm = 0 cm
  dist_cube_to_target   = 0.4158 m  (3D)          distance_obj_goal_cm  = 40 cm  (XY)
  cube_position (z)     = 0.0943 m                object_lift_height_cm = 7 cm
  cube_position (xy)    = [-0.259, 0.003]         grasp_completed       = 1
  finger_contacts (raw) = 2                       finger_contacts       = 2
  x                                               grasp_attempts        = 1
  x                                               task_started          = 1
  x                                               object_available      = 1
  x                                               task_aborted          = 0
  episode                = 1                      x
  step                   = 18                     x
  ee_position            = [-0.2609, 0.0000, 0.0930]  x
  ee_velocity            = [0.2671, -0.0002, 0.5805]  x
  target_position        = [0.1500, 0.0000, 0.0200]  x
  reward                 = -0.4158                x
  is_success             = False                  x
  obstacle_in_path       = False                  x
  obstacle_count_in_path = 0                      x
  obstacles              = {}                     x
  objects                = {'object_1': {'type': 'box', 'size': [0.04, 0.04, 0.04], 'mass': 1.0, 'color': [0.1, 0.2, 0.9, 1.0], 'initial_position': [-0.25, 0.0, 0.02], 'lateral_friction': 0.7, 'spinning_friction': 0.001, 'current_position': [-0.25908012026289906, 0.0031047123913953045, 0.09429714653236435]}}  x
  scripts                = {'script_1': True, 'reach_only': True, 'left_right': True}  x
  target_goal            = {'type': 'goal_sequence', 'targets': [{'name': 'target', 'position': [0.15000000596046448, 0.0, 0.019999999552965164]}], 'mode': 'goal_sequence'}  x
  scene                  = {'table': {'length': 1.1, 'width': 0.7, 'height': 0.4, 'x_offset': -0.3, 'lateral_friction': 3.0, 'spinning_friction': 0.001}}  x
  robot_config           = {'control_type': 'ee', 'block_gripper': False, 'base_position': [-0.6, 0.0, 0.05]}  x
  current_task           = OBJECT_DELIVERY_SEQUENCE  x
  current_subtask        = LIFT_OBJECT            x
  active_target_name     = target                 x
  action                 = [0.0000, 0.0000, 1.0000, -1.0000]  x
  joint_angles           = [-0.0002, -0.0484, 0.0003, -2.9055, -0.0000, 2.8454, 0.7855]  x
  joint_velocities       = [0.0003, -1.9573, -0.0004, -0.0549, 0.0014, -0.8025, -0.0008]  x
  cube_rotation          = [0.0033, -0.0093, 0.0075]  x
  cube_linear_velocity   = [0.2657, 0.0192, 0.5822]  x
  obstacle_positions     = {}                     x
[step=  18 18:48:20.385][Analyzer] ASM node=lift_object  goal_status=not_applicable
[step=  18 18:48:20.387][DejaVu] {'status': 'ok', 'unanticipated': False, 'adaptation': None, 'evaluation': None}
[step=  19 18:48:21.531][Manager] ep=1 subtask=LIFT_OBJECT reward=-0.4183
[step=  19 18:48:21.531][Perception]
  RAW PERCEPTION                                  MONITORED PARAMS
  ----------------------------------------------  --------------------------------------
  fingers_width         = 0.0350 m                gripper_width_cm      = 3 cm
  dist_ee_to_cube       = 0.0047 m                distance_ee_object_cm = 0 cm
  dist_cube_to_target   = 0.4183 m  (3D)          distance_obj_goal_cm  = 40 cm  (XY)
  cube_position (z)     = 0.1239 m                object_lift_height_cm = 10 cm
  cube_position (xy)    = [-0.255, 0.004]         grasp_completed       = 1
  finger_contacts (raw) = 2                       finger_contacts       = 2
  x                                               grasp_attempts        = 1
  x                                               task_started          = 1
  x                                               object_available      = 1
  x                                               task_aborted          = 0
  episode                = 1                      x
  step                   = 19                     x
  ee_position            = [-0.2573, 0.0000, 0.1229]  x
  ee_velocity            = [0.1542, 0.0000, 0.4645]  x
  target_position        = [0.1500, 0.0000, 0.0200]  x
  reward                 = -0.4183                x
  is_success             = False                  x
  obstacle_in_path       = False                  x
  obstacle_count_in_path = 0                      x
  obstacles              = {}                     x
  objects                = {'object_1': {'type': 'box', 'size': [0.04, 0.04, 0.04], 'mass': 1.0, 'color': [0.1, 0.2, 0.9, 1.0], 'initial_position': [-0.25, 0.0, 0.02], 'lateral_friction': 0.7, 'spinning_friction': 0.001, 'current_position': [-0.255118188750491, 0.004033548583569122, 0.12390673729387568]}}  x
  scripts                = {'script_1': True, 'reach_only': True, 'left_right': True}  x
  target_goal            = {'type': 'goal_sequence', 'targets': [{'name': 'target', 'position': [0.15000000596046448, 0.0, 0.019999999552965164]}], 'mode': 'goal_sequence'}  x
  scene                  = {'table': {'length': 1.1, 'width': 0.7, 'height': 0.4, 'x_offset': -0.3, 'lateral_friction': 3.0, 'spinning_friction': 0.001}}  x
  robot_config           = {'control_type': 'ee', 'block_gripper': False, 'base_position': [-0.6, 0.0, 0.05]}  x
  current_task           = OBJECT_DELIVERY_SEQUENCE  x
  current_subtask        = LIFT_OBJECT            x
  active_target_name     = target                 x
  action                 = [0.0000, 0.0000, 1.0000, -1.0000]  x
  joint_angles           = [-0.0002, -0.1606, 0.0002, -2.9038, 0.0001, 2.7387, 0.7854]  x
  joint_velocities       = [0.0003, -1.5616, -0.0002, 0.0018, 0.0009, -0.8199, -0.0006]  x
  cube_rotation          = [0.0026, -0.0186, -0.0200]  x
  cube_linear_velocity   = [0.1534, 0.0208, 0.4663]  x
  obstacle_positions     = {}                     x
[step=  19 18:48:21.531][ASM] [PENDING] lift_object → transport_object: condições satisfeitas, aguardando managing
[step=  19 18:48:21.531][Analyzer] ASM node=lift_object  goal_status=not_applicable
[step=  19 18:48:21.533][DejaVu] {'status': 'ok', 'unanticipated': False, 'adaptation': None, 'evaluation': None}
[step=  20 18:48:22.664][Manager] ep=1 subtask=LIFT_OBJECT reward=-0.4234
[step=  20 18:48:22.665][Perception]
  RAW PERCEPTION                                  MONITORED PARAMS
  ----------------------------------------------  --------------------------------------
  fingers_width         = 0.0350 m                gripper_width_cm      = 3 cm
  dist_ee_to_cube       = 0.0054 m                distance_ee_object_cm = 0 cm
  dist_cube_to_target   = 0.4234 m  (3D)          distance_obj_goal_cm  = 40 cm  (XY)
  cube_position (z)     = 0.1534 m                object_lift_height_cm = 13 cm
  cube_position (xy)    = [-0.252, 0.005]         grasp_completed       = 1
  finger_contacts (raw) = 2                       finger_contacts       = 2
  x                                               grasp_attempts        = 1
  x                                               task_started          = 1
  x                                               object_available      = 1
  x                                               task_aborted          = 0
  episode                = 1                      x
  step                   = 20                     x
  ee_position            = [-0.2540, 0.0000, 0.1523]  x
  ee_velocity            = [0.1656, 0.0001, 0.5239]  x
  target_position        = [0.1500, 0.0000, 0.0200]  x
  reward                 = -0.4234                x
  is_success             = False                  x
  obstacle_in_path       = False                  x
  obstacle_count_in_path = 0                      x
  obstacles              = {}                     x
  objects                = {'object_1': {'type': 'box', 'size': [0.04, 0.04, 0.04], 'mass': 1.0, 'color': [0.1, 0.2, 0.9, 1.0], 'initial_position': [-0.25, 0.0, 0.02], 'lateral_friction': 0.7, 'spinning_friction': 0.001, 'current_position': [-0.2517630150194441, 0.004808383615197821, 0.15339366849575176]}}  x
  scripts                = {'script_1': True, 'reach_only': True, 'left_right': True}  x
  target_goal            = {'type': 'goal_sequence', 'targets': [{'name': 'target', 'position': [0.15000000596046448, 0.0, 0.019999999552965164]}], 'mode': 'goal_sequence'}  x
  scene                  = {'table': {'length': 1.1, 'width': 0.7, 'height': 0.4, 'x_offset': -0.3, 'lateral_friction': 3.0, 'spinning_friction': 0.001}}  x
  robot_config           = {'control_type': 'ee', 'block_gripper': False, 'base_position': [-0.6, 0.0, 0.05]}  x
  current_task           = OBJECT_DELIVERY_SEQUENCE  x
  current_subtask        = LIFT_OBJECT            x
  active_target_name     = target                 x
  action                 = [0.0000, 0.0000, 1.0000, -1.0000]  x
  joint_angles           = [-0.0002, -0.2580, 0.0002, -2.8847, 0.0000, 2.6185, 0.7854]  x
  joint_velocities       = [0.0002, -1.5964, -0.0001, 0.1472, 0.0040, -0.9246, -0.0002]  x
  cube_rotation          = [0.0024, -0.0155, -0.0204]  x
  cube_linear_velocity   = [0.1637, 0.0185, 0.5262]  x
  obstacle_positions     = {}                     x
[step=  20 18:48:22.665][ASM] [PENDING] lift_object → transport_object: aguardando managing (já validado)
[step=  20 18:48:22.665][Analyzer] ASM node=lift_object  goal_status=not_applicable
[step=  20 18:48:22.666][DejaVu] {'status': 'ok', 'unanticipated': False, 'adaptation': None, 'evaluation': None}
[step=  21 18:48:23.823][Manager] ep=1 subtask=LIFT_OBJECT reward=-0.4309
[step=  21 18:48:23.824][Perception]
  RAW PERCEPTION                                  MONITORED PARAMS
  ----------------------------------------------  --------------------------------------
  fingers_width         = 0.0349 m                gripper_width_cm      = 3 cm
  dist_ee_to_cube       = 0.0061 m                distance_ee_object_cm = 0 cm
  dist_cube_to_target   = 0.4309 m  (3D)          distance_obj_goal_cm  = 39 cm  (XY)
  cube_position (z)     = 0.1856 m                object_lift_height_cm = 16 cm
  cube_position (xy)    = [-0.248, 0.006]         grasp_completed       = 1
  finger_contacts (raw) = 2                       finger_contacts       = 2
  x                                               grasp_attempts        = 1
  x                                               task_started          = 1
  x                                               object_available      = 1
  x                                               task_aborted          = 0
  episode                = 1                      x
  step                   = 21                     x
  ee_position            = [-0.2500, -0.0000, 0.1844]  x
  ee_velocity            = [0.1310, 0.0004, 0.5171]  x
  target_position        = [0.1500, 0.0000, 0.0200]  x
  reward                 = -0.4309                x
  is_success             = False                  x
  obstacle_in_path       = False                  x
  obstacle_count_in_path = 0                      x
  obstacles              = {}                     x
  objects                = {'object_1': {'type': 'box', 'size': [0.04, 0.04, 0.04], 'mass': 1.0, 'color': [0.1, 0.2, 0.9, 1.0], 'initial_position': [-0.25, 0.0, 0.02], 'lateral_friction': 0.7, 'spinning_friction': 0.001, 'current_position': [-0.24781073591936917, 0.005543425825291863, 0.18556567765252296]}}  x
  scripts                = {'script_1': True, 'reach_only': True, 'left_right': True}  x
  target_goal            = {'type': 'goal_sequence', 'targets': [{'name': 'target', 'position': [0.15000000596046448, 0.0, 0.019999999552965164]}], 'mode': 'goal_sequence'}  x
  scene                  = {'table': {'length': 1.1, 'width': 0.7, 'height': 0.4, 'x_offset': -0.3, 'lateral_friction': 3.0, 'spinning_friction': 0.001}}  x
  robot_config           = {'control_type': 'ee', 'block_gripper': False, 'base_position': [-0.6, 0.0, 0.05]}  x
  current_task           = OBJECT_DELIVERY_SEQUENCE  x
  current_subtask        = LIFT_OBJECT            x
  active_target_name     = target                 x
  action                 = [0.0000, 0.0000, 1.0000, -1.0000]  x
  joint_angles           = [-0.0001, -0.3493, 0.0002, -2.8556, -0.0000, 2.4999, 0.7854]  x
  joint_velocities       = [0.0001, -1.4488, -0.0002, 0.2333, 0.0075, -0.9120, -0.0001]  x
  cube_rotation          = [0.0023, -0.0192, -0.0196]  x
  cube_linear_velocity   = [0.1295, 0.0182, 0.5194]  x
  obstacle_positions     = {}                     x
[step=  21 18:48:23.824][ASM] [PENDING] lift_object → transport_object: aguardando managing (já validado)
[step=  21 18:48:23.824][Analyzer] ASM node=lift_object  goal_status=not_applicable
[step=  21 18:48:23.827][DejaVu] {'status': 'ok', 'unanticipated': False, 'adaptation': None, 'evaluation': None}
[step=  22 18:48:24.970][Manager] ep=1 subtask=LIFT_OBJECT reward=-0.4213
[step=  22 18:48:24.971][Perception]
  RAW PERCEPTION                                  MONITORED PARAMS
  ----------------------------------------------  --------------------------------------
  fingers_width         = 0.0360 m                gripper_width_cm      = 3 cm
  dist_ee_to_cube       = 0.0064 m                distance_ee_object_cm = 0 cm
  dist_cube_to_target   = 0.4213 m  (3D)          distance_obj_goal_cm  = 39 cm  (XY)
  cube_position (z)     = 0.1774 m                object_lift_height_cm = 15 cm
  cube_position (xy)    = [-0.241, 0.006]         grasp_completed       = 1
  finger_contacts (raw) = 2                       finger_contacts       = 2
  x                                               grasp_attempts        = 1
  x                                               task_started          = 1
  x                                               object_available      = 1
  x                                               task_aborted          = 0
  episode                = 1                      x
  step                   = 22                     x
  ee_position            = [-0.2413, 0.0000, 0.1791]  x
  ee_velocity            = [-0.3021, -0.0006, -0.8675]  x
  target_position        = [0.1500, 0.0000, 0.0200]  x
  reward                 = -0.4213                x
  is_success             = False                  x
  obstacle_in_path       = False                  x
  obstacle_count_in_path = 0                      x
  obstacles              = {}                     x
  objects                = {'object_1': {'type': 'box', 'size': [0.04, 0.04, 0.04], 'mass': 1.0, 'color': [0.1, 0.2, 0.9, 1.0], 'initial_position': [-0.25, 0.0, 0.02], 'lateral_friction': 0.7, 'spinning_friction': 0.001, 'current_position': [-0.2407204104773283, 0.006210846129787735, 0.17743539312457807]}}  x
  scripts                = {'script_1': True, 'reach_only': True, 'left_right': True}  x
  target_goal            = {'type': 'goal_sequence', 'targets': [{'name': 'target', 'position': [0.15000000596046448, 0.0, 0.019999999552965164]}], 'mode': 'goal_sequence'}  x
  scene                  = {'table': {'length': 1.1, 'width': 0.7, 'height': 0.4, 'x_offset': -0.3, 'lateral_friction': 3.0, 'spinning_friction': 0.001}}  x
  robot_config           = {'control_type': 'ee', 'block_gripper': False, 'base_position': [-0.6, 0.0, 0.05]}  x
  current_task           = OBJECT_DELIVERY_SEQUENCE  x
  current_subtask        = LIFT_OBJECT            x
  active_target_name     = target                 x
  action                 = [0.0000, 0.0000, -1.0000, -1.0000]  x
  joint_angles           = [-0.0001, -0.3294, 0.0001, -2.8921, 0.0004, 2.6351, 0.7853]  x
  joint_velocities       = [0.0001, 2.3970, -0.0003, -0.3016, -0.0199, 1.0402, -0.0003]  x
  cube_rotation          = [-0.0015, -0.0967, 0.0022]  x
  cube_linear_velocity   = [-0.3012, 0.0178, -0.8695]  x
  obstacle_positions     = {}                     x
[step=  22 18:48:24.971][ASM] [PENDING] lift_object → transport_object: aguardando managing (já validado)
[step=  22 18:48:24.971][Analyzer] ASM node=lift_object  goal_status=not_applicable
[step=  22 18:48:24.973][DejaVu] {'status': 'ok', 'unanticipated': False, 'adaptation': None, 'evaluation': None}
[step=  23 18:48:26.066][Manager] ep=1 subtask=TRANSPORT_OBJECT reward=-0.4091
[step=  23 18:48:26.067][Perception]
  RAW PERCEPTION                                  MONITORED PARAMS
  ----------------------------------------------  --------------------------------------
  fingers_width         = 0.0376 m                gripper_width_cm      = 3 cm
  dist_ee_to_cube       = 0.0075 m                distance_ee_object_cm = 0 cm
  dist_cube_to_target   = 0.4091 m  (3D)          distance_obj_goal_cm  = 38 cm  (XY)
  cube_position (z)     = 0.1470 m                object_lift_height_cm = 12 cm
  cube_position (xy)    = [-0.239, 0.007]         grasp_completed       = 1
  finger_contacts (raw) = 2                       finger_contacts       = 2
  x                                               grasp_attempts        = 1
  x                                               task_started          = 1
  x                                               object_available      = 1
  x                                               task_aborted          = 0
  episode                = 1                      x
  step                   = 23                     x
  ee_position            = [-0.2415, -0.0000, 0.1477]  x
  ee_velocity            = [0.7564, 0.0009, -0.3122]  x
  target_position        = [0.1500, 0.0000, 0.0200]  x
  reward                 = -0.4091                x
  is_success             = False                  x
  obstacle_in_path       = False                  x
  obstacle_count_in_path = 0                      x
  obstacles              = {}                     x
  objects                = {'object_1': {'type': 'box', 'size': [0.04, 0.04, 0.04], 'mass': 1.0, 'color': [0.1, 0.2, 0.9, 1.0], 'initial_position': [-0.25, 0.0, 0.02], 'lateral_friction': 0.7, 'spinning_friction': 0.001, 'current_position': [-0.2387801846492089, 0.007003523861682349, 0.1470137489909829]}}  x
  scripts                = {'script_1': True, 'reach_only': True, 'left_right': True}  x
  target_goal            = {'type': 'goal_sequence', 'targets': [{'name': 'target', 'position': [0.15000000596046448, 0.0, 0.019999999552965164]}], 'mode': 'goal_sequence'}  x
  scene                  = {'table': {'length': 1.1, 'width': 0.7, 'height': 0.4, 'x_offset': -0.3, 'lateral_friction': 3.0, 'spinning_friction': 0.001}}  x
  robot_config           = {'control_type': 'ee', 'block_gripper': False, 'base_position': [-0.6, 0.0, 0.05]}  x
  current_task           = OBJECT_DELIVERY_SEQUENCE  x
  current_subtask        = TRANSPORT_OBJECT       x
  active_target_name     = target                 x
  action                 = [1.0000, -0.0000, 0.0000, -1.0000]  x
  joint_angles           = [-0.0002, -0.1694, 0.0002, -2.7932, -0.0002, 2.5413, 0.7853]  x
  joint_velocities       = [-0.0006, 3.5787, 0.0004, 3.0877, 0.0179, -0.7217, 0.0000]  x
  cube_rotation          = [-0.0019, 0.0579, 0.0033]  x
  cube_linear_velocity   = [0.7554, 0.0210, -0.3108]  x
  obstacle_positions     = {}                     x
[step=  23 18:48:26.068][ASM] [PENDING] lift_object → transport_object: aguardando managing (já validado)
[step=  23 18:48:26.069][ASM] [D] lift_object → transport_object  (type=domain)
[step=  23 18:48:26.069][Analyzer] ASM node=transport_object  goal_status=ok  (scenario=TRANSPORT_OBJECT)
[step=  23 18:48:26.071][DejaVu] {'status': 'ok', 'unanticipated': False, 'adaptation': None, 'evaluation': None}
[step=  24 18:48:27.265][Manager] ep=1 subtask=TRANSPORT_OBJECT reward=-0.3761
[step=  24 18:48:27.265][Perception]
  RAW PERCEPTION                                  MONITORED PARAMS
  ----------------------------------------------  --------------------------------------
  fingers_width         = 0.0381 m                gripper_width_cm      = 3 cm
  dist_ee_to_cube       = 0.0082 m                distance_ee_object_cm = 0 cm
  dist_cube_to_target   = 0.3761 m  (3D)          distance_obj_goal_cm  = 35 cm  (XY)
  cube_position (z)     = 0.1475 m                object_lift_height_cm = 12 cm
  cube_position (xy)    = [-0.204, 0.008]         grasp_completed       = 1
  finger_contacts (raw) = 2                       finger_contacts       = 2
  x                                               grasp_attempts        = 1
  x                                               task_started          = 1
  x                                               object_available      = 1
  x                                               task_aborted          = 0
  episode                = 1                      x
  step                   = 24                     x
  ee_position            = [-0.2057, -0.0000, 0.1470]  x
  ee_velocity            = [0.4187, -0.0001, 0.2397]  x
  target_position        = [0.1500, 0.0000, 0.0200]  x
  reward                 = -0.3761                x
  is_success             = False                  x
  obstacle_in_path       = False                  x
  obstacle_count_in_path = 0                      x
  obstacles              = {}                     x
  objects                = {'object_1': {'type': 'box', 'size': [0.04, 0.04, 0.04], 'mass': 1.0, 'color': [0.1, 0.2, 0.9, 1.0], 'initial_position': [-0.25, 0.0, 0.02], 'lateral_friction': 0.7, 'spinning_friction': 0.001, 'current_position': [-0.2037080779882923, 0.00785542092252258, 0.1475271527584234]}}  x
  scripts                = {'script_1': True, 'reach_only': True, 'left_right': True}  x
  target_goal            = {'type': 'goal_sequence', 'targets': [{'name': 'target', 'position': [0.15000000596046448, 0.0, 0.019999999552965164]}], 'mode': 'goal_sequence'}  x
  scene                  = {'table': {'length': 1.1, 'width': 0.7, 'height': 0.4, 'x_offset': -0.3, 'lateral_friction': 3.0, 'spinning_friction': 0.001}}  x
  robot_config           = {'control_type': 'ee', 'block_gripper': False, 'base_position': [-0.6, 0.0, 0.05]}  x
  current_task           = OBJECT_DELIVERY_SEQUENCE  x
  current_subtask        = TRANSPORT_OBJECT       x
  active_target_name     = target                 x
  action                 = [0.9968, 0.0000, 0.0799, -1.0000]  x
  joint_angles           = [-0.0002, -0.0951, 0.0001, -2.7213, -0.0000, 2.5980, 0.7853]  x
  joint_velocities       = [0.0002, 0.0536, -0.0005, 0.6589, 0.0019, 0.4360, -0.0000]  x
  cube_rotation          = [-0.0020, 0.0051, 0.0024]  x
  cube_linear_velocity   = [0.4185, 0.0214, 0.2411]  x
  obstacle_positions     = {}                     x
[step=  24 18:48:27.265][Analyzer] ASM node=transport_object  goal_status=not_applicable
[step=  24 18:48:27.267][DejaVu] {'status': 'ok', 'unanticipated': False, 'adaptation': None, 'evaluation': None}
[step=  25 18:48:28.411][Manager] ep=1 subtask=TRANSPORT_OBJECT reward=-0.3455
[step=  25 18:48:28.411][Perception]
  RAW PERCEPTION                                  MONITORED PARAMS
  ----------------------------------------------  --------------------------------------
  fingers_width         = 0.0383 m                gripper_width_cm      = 3 cm
  dist_ee_to_cube       = 0.0091 m                distance_ee_object_cm = 0 cm
  dist_cube_to_target   = 0.3455 m  (3D)          distance_obj_goal_cm  = 31 cm  (XY)
  cube_position (z)     = 0.1506 m                object_lift_height_cm = 13 cm
  cube_position (xy)    = [-0.170, 0.009]         grasp_completed       = 1
  finger_contacts (raw) = 2                       finger_contacts       = 2
  x                                               grasp_attempts        = 1
  x                                               task_started          = 1
  x                                               object_available      = 1
  x                                               task_aborted          = 0
  episode                = 1                      x
  step                   = 25                     x
  ee_position            = [-0.1720, -0.0001, 0.1503]  x
  ee_velocity            = [0.5470, -0.0011, 0.1494]  x
  target_position        = [0.1500, 0.0000, 0.0200]  x
  reward                 = -0.3455                x
  is_success             = False                  x
  obstacle_in_path       = False                  x
  obstacle_count_in_path = 0                      x
  obstacles              = {}                     x
  objects                = {'object_1': {'type': 'box', 'size': [0.04, 0.04, 0.04], 'mass': 1.0, 'color': [0.1, 0.2, 0.9, 1.0], 'initial_position': [-0.25, 0.0, 0.02], 'lateral_friction': 0.7, 'spinning_friction': 0.001, 'current_position': [-0.16972598266934413, 0.00871235914616634, 0.15063737885866635]}}  x
  scripts                = {'script_1': True, 'reach_only': True, 'left_right': True}  x
  target_goal            = {'type': 'goal_sequence', 'targets': [{'name': 'target', 'position': [0.15000000596046448, 0.0, 0.019999999552965164]}], 'mode': 'goal_sequence'}  x
  scene                  = {'table': {'length': 1.1, 'width': 0.7, 'height': 0.4, 'x_offset': -0.3, 'lateral_friction': 3.0, 'spinning_friction': 0.001}}  x
  robot_config           = {'control_type': 'ee', 'block_gripper': False, 'base_position': [-0.6, 0.0, 0.05]}  x
  current_task           = OBJECT_DELIVERY_SEQUENCE  x
  current_subtask        = TRANSPORT_OBJECT       x
  active_target_name     = target                 x
  action                 = [0.9960, 0.0001, 0.0897, -1.0000]  x
  joint_angles           = [-0.0002, -0.0223, 0.0000, -2.6252, 0.0000, 2.5928, 0.7853]  x
  joint_velocities       = [0.0001, 0.7972, -0.0025, 1.4011, 0.0000, -0.0403, -0.0001]  x
  cube_rotation          = [-0.0019, -0.0128, 0.0023]  x
  cube_linear_velocity   = [0.5468, 0.0215, 0.1499]  x
  obstacle_positions     = {}                     x
[step=  25 18:48:28.412][Analyzer] ASM node=transport_object  goal_status=not_applicable
[step=  25 18:48:28.413][DejaVu] {'status': 'ok', 'unanticipated': False, 'adaptation': None, 'evaluation': None}
[step=  26 18:48:29.518][Manager] ep=1 subtask=TRANSPORT_OBJECT reward=-0.3150
[step=  26 18:48:29.518][Perception]
  RAW PERCEPTION                                  MONITORED PARAMS
  ----------------------------------------------  --------------------------------------
  fingers_width         = 0.0383 m                gripper_width_cm      = 3 cm
  dist_ee_to_cube       = 0.0099 m                distance_ee_object_cm = 0 cm
  dist_cube_to_target   = 0.3150 m  (3D)          distance_obj_goal_cm  = 28 cm  (XY)
  cube_position (z)     = 0.1518 m                object_lift_height_cm = 13 cm
  cube_position (xy)    = [-0.136, 0.010]         grasp_completed       = 1
  finger_contacts (raw) = 2                       finger_contacts       = 2
  x                                               grasp_attempts        = 1
  x                                               task_started          = 1
  x                                               object_available      = 1
  x                                               task_aborted          = 0
  episode                = 1                      x
  step                   = 26                     x
  ee_position            = [-0.1381, -0.0001, 0.1515]  x
  ee_velocity            = [0.4773, -0.0009, 0.1230]  x
  target_position        = [0.1500, 0.0000, 0.0200]  x
  reward                 = -0.3150                x
  is_success             = False                  x
  obstacle_in_path       = False                  x
  obstacle_count_in_path = 0                      x
  obstacles              = {}                     x
  objects                = {'object_1': {'type': 'box', 'size': [0.04, 0.04, 0.04], 'mass': 1.0, 'color': [0.1, 0.2, 0.9, 1.0], 'initial_position': [-0.25, 0.0, 0.02], 'lateral_friction': 0.7, 'spinning_friction': 0.001, 'current_position': [-0.1359290492521017, 0.009570199108385056, 0.15182360277605103]}}  x
  scripts                = {'script_1': True, 'reach_only': True, 'left_right': True}  x
  target_goal            = {'type': 'goal_sequence', 'targets': [{'name': 'target', 'position': [0.15000000596046448, 0.0, 0.019999999552965164]}], 'mode': 'goal_sequence'}  x
  scene                  = {'table': {'length': 1.1, 'width': 0.7, 'height': 0.4, 'x_offset': -0.3, 'lateral_friction': 3.0, 'spinning_friction': 0.001}}  x
  robot_config           = {'control_type': 'ee', 'block_gripper': False, 'base_position': [-0.6, 0.0, 0.05]}  x
  current_task           = OBJECT_DELIVERY_SEQUENCE  x
  current_subtask        = TRANSPORT_OBJECT       x
  active_target_name     = target                 x
  action                 = [0.9960, 0.0002, 0.0890, -1.0000]  x
  joint_angles           = [-0.0002, 0.0576, -0.0001, -2.5152, -0.0000, 2.5635, 0.7853]  x
  joint_velocities       = [0.0001, 0.7409, -0.0018, 1.3403, -0.0000, -0.2251, -0.0003]  x
  cube_rotation          = [-0.0019, -0.0135, 0.0023]  x
  cube_linear_velocity   = [0.4771, 0.0215, 0.1232]  x
  obstacle_positions     = {}                     x
[step=  26 18:48:29.519][Analyzer] ASM node=transport_object  goal_status=not_applicable
[step=  26 18:48:29.521][DejaVu] {'status': 'ok', 'unanticipated': False, 'adaptation': None, 'evaluation': None}
[step=  27 18:48:30.678][Manager] ep=1 subtask=TRANSPORT_OBJECT reward=-0.2854
[step=  27 18:48:30.678][Perception]
  RAW PERCEPTION                                  MONITORED PARAMS
  ----------------------------------------------  --------------------------------------
  fingers_width         = 0.0383 m                gripper_width_cm      = 3 cm
  dist_ee_to_cube       = 0.0108 m                distance_ee_object_cm = 0 cm
  dist_cube_to_target   = 0.2854 m  (3D)          distance_obj_goal_cm  = 25 cm  (XY)
  cube_position (z)     = 0.1518 m                object_lift_height_cm = 13 cm
  cube_position (xy)    = [-0.103, 0.010]         grasp_completed       = 1
  finger_contacts (raw) = 2                       finger_contacts       = 2
  x                                               grasp_attempts        = 1
  x                                               task_started          = 1
  x                                               object_available      = 1
  x                                               task_aborted          = 0
  episode                = 1                      x
  step                   = 27                     x
  ee_position            = [-0.1050, -0.0002, 0.1516]  x
  ee_velocity            = [0.4628, -0.0009, 0.0787]  x
  target_position        = [0.1500, 0.0000, 0.0200]  x
  reward                 = -0.2854                x
  is_success             = False                  x
  obstacle_in_path       = False                  x
  obstacle_count_in_path = 0                      x
  obstacles              = {}                     x
  objects                = {'object_1': {'type': 'box', 'size': [0.04, 0.04, 0.04], 'mass': 1.0, 'color': [0.1, 0.2, 0.9, 1.0], 'initial_position': [-0.25, 0.0, 0.02], 'lateral_friction': 0.7, 'spinning_friction': 0.001, 'current_position': [-0.10289471159973261, 0.01042686548524721, 0.1517762816525857]}}  x
  scripts                = {'script_1': True, 'reach_only': True, 'left_right': True}  x
  target_goal            = {'type': 'goal_sequence', 'targets': [{'name': 'target', 'position': [0.15000000596046448, 0.0, 0.019999999552965164]}], 'mode': 'goal_sequence'}  x
  scene                  = {'table': {'length': 1.1, 'width': 0.7, 'height': 0.4, 'x_offset': -0.3, 'lateral_friction': 3.0, 'spinning_friction': 0.001}}  x
  robot_config           = {'control_type': 'ee', 'block_gripper': False, 'base_position': [-0.6, 0.0, 0.05]}  x
  current_task           = OBJECT_DELIVERY_SEQUENCE  x
  current_subtask        = TRANSPORT_OBJECT       x
  active_target_name     = target                 x
  action                 = [0.9955, 0.0004, 0.0951, -1.0000]  x
  joint_angles           = [-0.0001, 0.1375, -0.0002, -2.4029, 0.0000, 2.5293, 0.7852]  x
  joint_velocities       = [0.0002, 0.8322, -0.0017, 1.3862, 0.0001, -0.2626, -0.0005]  x
  cube_rotation          = [-0.0018, -0.0118, 0.0024]  x
  cube_linear_velocity   = [0.4626, 0.0214, 0.0787]  x
  obstacle_positions     = {}                     x
[step=  27 18:48:30.679][Analyzer] ASM node=transport_object  goal_status=not_applicable
[step=  27 18:48:30.680][DejaVu] {'status': 'ok', 'unanticipated': False, 'adaptation': None, 'evaluation': None}
[step=  28 18:48:31.891][Manager] ep=1 subtask=TRANSPORT_OBJECT reward=-0.2566
[step=  28 18:48:31.892][Perception]
  RAW PERCEPTION                                  MONITORED PARAMS
  ----------------------------------------------  --------------------------------------
  fingers_width         = 0.0383 m                gripper_width_cm      = 3 cm
  dist_ee_to_cube       = 0.0116 m                distance_ee_object_cm = 0 cm
  dist_cube_to_target   = 0.2566 m  (3D)          distance_obj_goal_cm  = 22 cm  (XY)
  cube_position (z)     = 0.1505 m                object_lift_height_cm = 13 cm
  cube_position (xy)    = [-0.071, 0.011]         grasp_completed       = 1
  finger_contacts (raw) = 2                       finger_contacts       = 2
  x                                               grasp_attempts        = 1
  x                                               task_started          = 1
  x                                               object_available      = 1
  x                                               task_aborted          = 0
  episode                = 1                      x
  step                   = 28                     x
  ee_position            = [-0.0727, -0.0002, 0.1504]  x
  ee_velocity            = [0.4333, -0.0007, 0.0449]  x
  target_position        = [0.1500, 0.0000, 0.0200]  x
  reward                 = -0.2566                x
  is_success             = False                  x
  obstacle_in_path       = False                  x
  obstacle_count_in_path = 0                      x
  obstacles              = {}                     x
  objects                = {'object_1': {'type': 'box', 'size': [0.04, 0.04, 0.04], 'mass': 1.0, 'color': [0.1, 0.2, 0.9, 1.0], 'initial_position': [-0.25, 0.0, 0.02], 'lateral_friction': 0.7, 'spinning_friction': 0.001, 'current_position': [-0.07065434184850831, 0.01128219281956947, 0.1505402918360048]}}  x
  scripts                = {'script_1': True, 'reach_only': True, 'left_right': True}  x
  target_goal            = {'type': 'goal_sequence', 'targets': [{'name': 'target', 'position': [0.15000000596046448, 0.0, 0.019999999552965164]}], 'mode': 'goal_sequence'}  x
  scene                  = {'table': {'length': 1.1, 'width': 0.7, 'height': 0.4, 'x_offset': -0.3, 'lateral_friction': 3.0, 'spinning_friction': 0.001}}  x
  robot_config           = {'control_type': 'ee', 'block_gripper': False, 'base_position': [-0.6, 0.0, 0.05]}  x
  current_task           = OBJECT_DELIVERY_SEQUENCE  x
  current_subtask        = TRANSPORT_OBJECT       x
  active_target_name     = target                 x
  action                 = [0.9942, 0.0006, 0.1071, -1.0000]  x
  joint_angles           = [-0.0001, 0.2174, -0.0002, -2.2888, 0.0000, 2.4929, 0.7851]  x
  joint_velocities       = [0.0002, 0.8548, -0.0012, 1.3715, 0.0002, -0.2804, -0.0005]  x
  cube_rotation          = [-0.0018, -0.0095, 0.0024]  x
  cube_linear_velocity   = [0.4331, 0.0214, 0.0449]  x
  obstacle_positions     = {}                     x
[step=  28 18:48:31.892][Analyzer] ASM node=transport_object  goal_status=not_applicable
[step=  28 18:48:31.895][DejaVu] {'status': 'ok', 'unanticipated': False, 'adaptation': None, 'evaluation': None}
[step=  29 18:48:32.998][Manager] ep=1 subtask=TRANSPORT_OBJECT reward=-0.2293
[step=  29 18:48:32.998][Perception]
  RAW PERCEPTION                                  MONITORED PARAMS
  ----------------------------------------------  --------------------------------------
  fingers_width         = 0.0383 m                gripper_width_cm      = 3 cm
  dist_ee_to_cube       = 0.0125 m                distance_ee_object_cm = 0 cm
  dist_cube_to_target   = 0.2293 m  (3D)          distance_obj_goal_cm  = 18 cm  (XY)
  cube_position (z)     = 0.1488 m                object_lift_height_cm = 12 cm
  cube_position (xy)    = [-0.039, 0.012]         grasp_completed       = 1
  finger_contacts (raw) = 2                       finger_contacts       = 2
  x                                               grasp_attempts        = 1
  x                                               task_started          = 1
  x                                               object_available      = 1
  x                                               task_aborted          = 0
  episode                = 1                      x
  step                   = 29                     x
  ee_position            = [-0.0413, -0.0002, 0.1487]  x
  ee_velocity            = [0.4116, -0.0005, 0.0319]  x
  target_position        = [0.1500, 0.0000, 0.0200]  x
  reward                 = -0.2293                x
  is_success             = False                  x
  obstacle_in_path       = False                  x
  obstacle_count_in_path = 0                      x
  obstacles              = {}                     x
  objects                = {'object_1': {'type': 'box', 'size': [0.04, 0.04, 0.04], 'mass': 1.0, 'color': [0.1, 0.2, 0.9, 1.0], 'initial_position': [-0.25, 0.0, 0.02], 'lateral_friction': 0.7, 'spinning_friction': 0.001, 'current_position': [-0.03932861675995595, 0.012135727816489484, 0.14881415099249437]}}  x
  scripts                = {'script_1': True, 'reach_only': True, 'left_right': True}  x
  target_goal            = {'type': 'goal_sequence', 'targets': [{'name': 'target', 'position': [0.15000000596046448, 0.0, 0.019999999552965164]}], 'mode': 'goal_sequence'}  x
  scene                  = {'table': {'length': 1.1, 'width': 0.7, 'height': 0.4, 'x_offset': -0.3, 'lateral_friction': 3.0, 'spinning_friction': 0.001}}  x
  robot_config           = {'control_type': 'ee', 'block_gripper': False, 'base_position': [-0.6, 0.0, 0.05]}  x
  current_task           = OBJECT_DELIVERY_SEQUENCE  x
  current_subtask        = TRANSPORT_OBJECT       x
  active_target_name     = target                 x
  action                 = [0.9918, 0.0008, 0.1276, -1.0000]  x
  joint_angles           = [-0.0001, 0.2958, -0.0003, -2.1737, 0.0001, 2.4545, 0.7851]  x
  joint_velocities       = [0.0002, 0.8436, -0.0008, 1.3620, 0.0003, -0.2947, -0.0004]  x
  cube_rotation          = [-0.0018, -0.0079, 0.0025]  x
  cube_linear_velocity   = [0.4113, 0.0213, 0.0320]  x
  obstacle_positions     = {}                     x
[step=  29 18:48:32.999][Analyzer] ASM node=transport_object  goal_status=not_applicable
[step=  29 18:48:33.000][DejaVu] {'status': 'ok', 'unanticipated': False, 'adaptation': None, 'evaluation': None}
[step=  30 18:48:34.093][Manager] ep=1 subtask=TRANSPORT_OBJECT reward=-0.2039
[step=  30 18:48:34.093][Perception]
  RAW PERCEPTION                                  MONITORED PARAMS
  ----------------------------------------------  --------------------------------------
  fingers_width         = 0.0384 m                gripper_width_cm      = 3 cm
  dist_ee_to_cube       = 0.0133 m                distance_ee_object_cm = 0 cm
  dist_cube_to_target   = 0.2039 m  (3D)          distance_obj_goal_cm  = 15 cm  (XY)
  cube_position (z)     = 0.1466 m                object_lift_height_cm = 12 cm
  cube_position (xy)    = [-0.009, 0.013]         grasp_completed       = 1
  finger_contacts (raw) = 2                       finger_contacts       = 2
  x                                               grasp_attempts        = 1
  x                                               task_started          = 1
  x                                               object_available      = 1
  x                                               task_aborted          = 0
  episode                = 1                      x
  step                   = 30                     x
  ee_position            = [-0.0112, -0.0002, 0.1466]  x
  ee_velocity            = [0.3790, -0.0003, 0.0087]  x
  target_position        = [0.1500, 0.0000, 0.0200]  x
  reward                 = -0.2039                x
  is_success             = False                  x
  obstacle_in_path       = False                  x
  obstacle_count_in_path = 0                      x
  obstacles              = {}                     x
  objects                = {'object_1': {'type': 'box', 'size': [0.04, 0.04, 0.04], 'mass': 1.0, 'color': [0.1, 0.2, 0.9, 1.0], 'initial_position': [-0.25, 0.0, 0.02], 'lateral_friction': 0.7, 'spinning_friction': 0.001, 'current_position': [-0.009238791565589821, 0.012987620702618047, 0.1466162372531069]}}  x
  scripts                = {'script_1': True, 'reach_only': True, 'left_right': True}  x
  target_goal            = {'type': 'goal_sequence', 'targets': [{'name': 'target', 'position': [0.15000000596046448, 0.0, 0.019999999552965164]}], 'mode': 'goal_sequence'}  x
  scene                  = {'table': {'length': 1.1, 'width': 0.7, 'height': 0.4, 'x_offset': -0.3, 'lateral_friction': 3.0, 'spinning_friction': 0.001}}  x
  robot_config           = {'control_type': 'ee', 'block_gripper': False, 'base_position': [-0.6, 0.0, 0.05]}  x
  current_task           = OBJECT_DELIVERY_SEQUENCE  x
  current_subtask        = TRANSPORT_OBJECT       x
  active_target_name     = target                 x
  action                 = [0.9877, 0.0011, 0.1566, -1.0000]  x
  joint_angles           = [-0.0001, 0.3733, -0.0003, -2.0572, 0.0001, 2.4136, 0.7851]  x
  joint_velocities       = [0.0002, 0.8428, -0.0006, 1.3388, 0.0003, -0.3146, -0.0002]  x
  cube_rotation          = [-0.0018, -0.0060, 0.0026]  x
  cube_linear_velocity   = [0.3787, 0.0213, 0.0087]  x
  obstacle_positions     = {}                     x
[step=  30 18:48:34.094][Analyzer] ASM node=transport_object  goal_status=not_applicable
[step=  30 18:48:34.096][DejaVu] {'status': 'ok', 'unanticipated': False, 'adaptation': None, 'evaluation': None}
[step=  31 18:48:35.305][Manager] ep=1 subtask=TRANSPORT_OBJECT reward=-0.1814
[step=  31 18:48:35.305][Perception]
  RAW PERCEPTION                                  MONITORED PARAMS
  ----------------------------------------------  --------------------------------------
  fingers_width         = 0.0384 m                gripper_width_cm      = 3 cm
  dist_ee_to_cube       = 0.0142 m                distance_ee_object_cm = 0 cm
  dist_cube_to_target   = 0.1814 m  (3D)          distance_obj_goal_cm  = 13 cm  (XY)
  cube_position (z)     = 0.1451 m                object_lift_height_cm = 12 cm
  cube_position (xy)    = [0.019, 0.014]          grasp_completed       = 1
  finger_contacts (raw) = 2                       finger_contacts       = 2
  x                                               grasp_attempts        = 1
  x                                               task_started          = 1
  x                                               object_available      = 1
  x                                               task_aborted          = 0
  episode                = 1                      x
  step                   = 31                     x
  ee_position            = [0.0176, -0.0002, 0.1450]  x
  ee_velocity            = [0.3607, -0.0001, 0.0309]  x
  target_position        = [0.1500, 0.0000, 0.0200]  x
  reward                 = -0.1814                x
  is_success             = False                  x
  obstacle_in_path       = False                  x
  obstacle_count_in_path = 0                      x
  obstacles              = {}                     x
  objects                = {'object_1': {'type': 'box', 'size': [0.04, 0.04, 0.04], 'mass': 1.0, 'color': [0.1, 0.2, 0.9, 1.0], 'initial_position': [-0.25, 0.0, 0.02], 'lateral_friction': 0.7, 'spinning_friction': 0.001, 'current_position': [0.019454968541359745, 0.013838027498408222, 0.1451179173705156]}}  x
  scripts                = {'script_1': True, 'reach_only': True, 'left_right': True}  x
  target_goal            = {'type': 'goal_sequence', 'targets': [{'name': 'target', 'position': [0.15000000596046448, 0.0, 0.019999999552965164]}], 'mode': 'goal_sequence'}  x
  scene                  = {'table': {'length': 1.1, 'width': 0.7, 'height': 0.4, 'x_offset': -0.3, 'lateral_friction': 3.0, 'spinning_friction': 0.001}}  x
  robot_config           = {'control_type': 'ee', 'block_gripper': False, 'base_position': [-0.6, 0.0, 0.05]}  x
  current_task           = OBJECT_DELIVERY_SEQUENCE  x
  current_subtask        = TRANSPORT_OBJECT       x
  active_target_name     = target                 x
  action                 = [0.9803, 0.0013, 0.1976, -1.0000]  x
  joint_angles           = [-0.0000, 0.4475, -0.0003, -1.9404, 0.0001, 2.3702, 0.7851]  x
  joint_velocities       = [0.0003, 0.7742, -0.0004, 1.3210, 0.0003, -0.3336, -0.0000]  x
  cube_rotation          = [-0.0018, -0.0053, 0.0027]  x
  cube_linear_velocity   = [0.3604, 0.0213, 0.0311]  x
  obstacle_positions     = {}                     x
[step=  31 18:48:35.306][Analyzer] ASM node=transport_object  goal_status=not_applicable
[step=  31 18:48:35.308][DejaVu] {'status': 'ok', 'unanticipated': False, 'adaptation': None, 'evaluation': None}
[step=  32 18:48:36.412][Manager] ep=1 subtask=TRANSPORT_OBJECT reward=-0.1629
[step=  32 18:48:36.412][Perception]
  RAW PERCEPTION                                  MONITORED PARAMS
  ----------------------------------------------  --------------------------------------
  fingers_width         = 0.0384 m                gripper_width_cm      = 3 cm
  dist_ee_to_cube       = 0.0150 m                distance_ee_object_cm = 0 cm
  dist_cube_to_target   = 0.1629 m  (3D)          distance_obj_goal_cm  = 10 cm  (XY)
  cube_position (z)     = 0.1450 m                object_lift_height_cm = 12 cm
  cube_position (xy)    = [0.047, 0.015]          grasp_completed       = 1
  finger_contacts (raw) = 2                       finger_contacts       = 2
  x                                               grasp_attempts        = 1
  x                                               task_started          = 1
  x                                               object_available      = 1
  x                                               task_aborted          = 0
  episode                = 1                      x
  step                   = 32                     x
  ee_position            = [0.0447, -0.0002, 0.1448]  x
  ee_velocity            = [0.3312, -0.0001, 0.0555]  x
  target_position        = [0.1500, 0.0000, 0.0200]  x
  reward                 = -0.1629                x
  is_success             = False                  x
  obstacle_in_path       = False                  x
  obstacle_count_in_path = 0                      x
  obstacles              = {}                     x
  objects                = {'object_1': {'type': 'box', 'size': [0.04, 0.04, 0.04], 'mass': 1.0, 'color': [0.1, 0.2, 0.9, 1.0], 'initial_position': [-0.25, 0.0, 0.02], 'lateral_friction': 0.7, 'spinning_friction': 0.001, 'current_position': [0.04654153034377153, 0.014687279813602995, 0.14495935960479644]}}  x
  scripts                = {'script_1': True, 'reach_only': True, 'left_right': True}  x
  target_goal            = {'type': 'goal_sequence', 'targets': [{'name': 'target', 'position': [0.15000000596046448, 0.0, 0.019999999552965164]}], 'mode': 'goal_sequence'}  x
  scene                  = {'table': {'length': 1.1, 'width': 0.7, 'height': 0.4, 'x_offset': -0.3, 'lateral_friction': 3.0, 'spinning_friction': 0.001}}  x
  robot_config           = {'control_type': 'ee', 'block_gripper': False, 'base_position': [-0.6, 0.0, 0.05]}  x
  current_task           = OBJECT_DELIVERY_SEQUENCE  x
  current_subtask        = TRANSPORT_OBJECT       x
  active_target_name     = target                 x
  action                 = [0.9686, 0.0016, 0.2488, -1.0000]  x
  joint_angles           = [0.0000, 0.5179, -0.0004, -1.8234, 0.0002, 2.3236, 0.7851]  x
  joint_velocities       = [0.0003, 0.6912, -0.0004, 1.2750, 0.0002, -0.3589, 0.0001]  x
  cube_rotation          = [-0.0019, -0.0049, 0.0032]  x
  cube_linear_velocity   = [0.3310, 0.0212, 0.0558]  x
  obstacle_positions     = {}                     x
[step=  32 18:48:36.413][Analyzer] ASM node=transport_object  goal_status=not_applicable
[step=  32 18:48:36.414][DejaVu] {'status': 'ok', 'unanticipated': False, 'adaptation': None, 'evaluation': None}
[step=  33 18:48:37.585][Manager] ep=1 subtask=TRANSPORT_OBJECT reward=-0.1501
[step=  33 18:48:37.586][Perception]
  RAW PERCEPTION                                  MONITORED PARAMS
  ----------------------------------------------  --------------------------------------
  fingers_width         = 0.0384 m                gripper_width_cm      = 3 cm
  dist_ee_to_cube       = 0.0158 m                distance_ee_object_cm = 0 cm
  dist_cube_to_target   = 0.1501 m  (3D)          distance_obj_goal_cm  = 7 cm  (XY)
  cube_position (z)     = 0.1471 m                object_lift_height_cm = 12 cm
  cube_position (xy)    = [0.072, 0.016]          grasp_completed       = 1
  finger_contacts (raw) = 2                       finger_contacts       = 2
  x                                               grasp_attempts        = 1
  x                                               task_started          = 1
  x                                               object_available      = 1
  x                                               task_aborted          = 0
  episode                = 1                      x
  step                   = 33                     x
  ee_position            = [0.0699, -0.0002, 0.1469]  x
  ee_velocity            = [0.3101, -0.0000, 0.1132]  x
  target_position        = [0.1500, 0.0000, 0.0200]  x
  reward                 = -0.1501                x
  is_success             = False                  x
  obstacle_in_path       = False                  x
  obstacle_count_in_path = 0                      x
  obstacles              = {}                     x
  objects                = {'object_1': {'type': 'box', 'size': [0.04, 0.04, 0.04], 'mass': 1.0, 'color': [0.1, 0.2, 0.9, 1.0], 'initial_position': [-0.25, 0.0, 0.02], 'lateral_friction': 0.7, 'spinning_friction': 0.001, 'current_position': [0.07167828122732389, 0.01553511817316109, 0.1471359631239112]}}  x
  scripts                = {'script_1': True, 'reach_only': True, 'left_right': True}  x
  target_goal            = {'type': 'goal_sequence', 'targets': [{'name': 'target', 'position': [0.15000000596046448, 0.0, 0.019999999552965164]}], 'mode': 'goal_sequence'}  x
  scene                  = {'table': {'length': 1.1, 'width': 0.7, 'height': 0.4, 'x_offset': -0.3, 'lateral_friction': 3.0, 'spinning_friction': 0.001}}  x
  robot_config           = {'control_type': 'ee', 'block_gripper': False, 'base_position': [-0.6, 0.0, 0.05]}  x
  current_task           = OBJECT_DELIVERY_SEQUENCE  x
  current_subtask        = TRANSPORT_OBJECT       x
  active_target_name     = target                 x
  action                 = [0.9510, 0.0019, 0.3092, -1.0000]  x
  joint_angles           = [0.0001, 0.5827, -0.0004, -1.7072, 0.0002, 2.2732, 0.7851]  x
  joint_velocities       = [0.0004, 0.5682, -0.0005, 1.2323, 0.0002, -0.3869, 0.0002]  x
  cube_rotation          = [-0.0019, -0.0057, 0.0032]  x
  cube_linear_velocity   = [0.3098, 0.0212, 0.1136]  x
  obstacle_positions     = {}                     x
[step=  33 18:48:37.586][Analyzer] ASM node=transport_object  goal_status=not_applicable
[step=  33 18:48:37.588][DejaVu] {'status': 'ok', 'unanticipated': False, 'adaptation': None, 'evaluation': None}
[step=  34 18:48:38.719][Manager] ep=1 subtask=TRANSPORT_OBJECT reward=-0.1446
[step=  34 18:48:38.719][Perception]
  RAW PERCEPTION                                  MONITORED PARAMS
  ----------------------------------------------  --------------------------------------
  fingers_width         = 0.0384 m                gripper_width_cm      = 3 cm
  dist_ee_to_cube       = 0.0166 m                distance_ee_object_cm = 0 cm
  dist_cube_to_target   = 0.1446 m  (3D)          distance_obj_goal_cm  = 5 cm  (XY)
  cube_position (z)     = 0.1526 m                object_lift_height_cm = 13 cm
  cube_position (xy)    = [0.095, 0.016]          grasp_completed       = 1
  finger_contacts (raw) = 2                       finger_contacts       = 2
  x                                               grasp_attempts        = 1
  x                                               task_started          = 1
  x                                               object_available      = 1
  x                                               task_aborted          = 0
  episode                = 1                      x
  step                   = 34                     x
  ee_position            = [0.0929, -0.0002, 0.1522]  x
  ee_velocity            = [0.2862, -0.0000, 0.1884]  x
  target_position        = [0.1500, 0.0000, 0.0200]  x
  reward                 = -0.1446                x
  is_success             = False                  x
  obstacle_in_path       = False                  x
  obstacle_count_in_path = 0                      x
  obstacles              = {}                     x
  objects                = {'object_1': {'type': 'box', 'size': [0.04, 0.04, 0.04], 'mass': 1.0, 'color': [0.1, 0.2, 0.9, 1.0], 'initial_position': [-0.25, 0.0, 0.02], 'lateral_friction': 0.7, 'spinning_friction': 0.001, 'current_position': [0.09469421412443017, 0.016382182402747525, 0.15255179042037742]}}  x
  scripts                = {'script_1': True, 'reach_only': True, 'left_right': True}  x
  target_goal            = {'type': 'goal_sequence', 'targets': [{'name': 'target', 'position': [0.15000000596046448, 0.0, 0.019999999552965164]}], 'mode': 'goal_sequence'}  x
  scene                  = {'table': {'length': 1.1, 'width': 0.7, 'height': 0.4, 'x_offset': -0.3, 'lateral_friction': 3.0, 'spinning_friction': 0.001}}  x
  robot_config           = {'control_type': 'ee', 'block_gripper': False, 'base_position': [-0.6, 0.0, 0.05]}  x
  current_task           = OBJECT_DELIVERY_SEQUENCE  x
  current_subtask        = TRANSPORT_OBJECT       x
  active_target_name     = target                 x
  action                 = [0.9280, 0.0022, 0.3726, -1.0000]  x
  joint_angles           = [0.0001, 0.6408, -0.0004, -1.5927, 0.0002, 2.2193, 0.7851]  x
  joint_velocities       = [0.0005, 0.4169, -0.0006, 1.1699, 0.0002, -0.4150, 0.0003]  x
  cube_rotation          = [-0.0019, -0.0081, 0.0032]  x
  cube_linear_velocity   = [0.2858, 0.0212, 0.1888]  x
  obstacle_positions     = {}                     x
[step=  34 18:48:38.720][ASM] [PENDING] transport_object → place_object: condições satisfeitas, aguardando managing
[step=  34 18:48:38.720][Analyzer] ASM node=transport_object  goal_status=not_applicable
[step=  34 18:48:38.721][DejaVu] {'status': 'ok', 'unanticipated': False, 'adaptation': None, 'evaluation': None}
[step=  35 18:48:39.839][Manager] ep=1 subtask=TRANSPORT_OBJECT reward=-0.1472
[step=  35 18:48:39.839][Perception]
  RAW PERCEPTION                                  MONITORED PARAMS
  ----------------------------------------------  --------------------------------------
  fingers_width         = 0.0384 m                gripper_width_cm      = 3 cm
  dist_ee_to_cube       = 0.0175 m                distance_ee_object_cm = 0 cm
  dist_cube_to_target   = 0.1472 m  (3D)          distance_obj_goal_cm  = 3 cm  (XY)
  cube_position (z)     = 0.1621 m                object_lift_height_cm = 14 cm
  cube_position (xy)    = [0.116, 0.017]          grasp_completed       = 1
  finger_contacts (raw) = 2                       finger_contacts       = 2
  x                                               grasp_attempts        = 1
  x                                               task_started          = 1
  x                                               object_available      = 1
  x                                               task_aborted          = 0
  episode                = 1                      x
  step                   = 35                     x
  ee_position            = [0.1138, -0.0001, 0.1615]  x
  ee_velocity            = [0.2661, -0.0000, 0.2868]  x
  target_position        = [0.1500, 0.0000, 0.0200]  x
  reward                 = -0.1472                x
  is_success             = False                  x
  obstacle_in_path       = False                  x
  obstacle_count_in_path = 0                      x
  obstacles              = {}                     x
  objects                = {'object_1': {'type': 'box', 'size': [0.04, 0.04, 0.04], 'mass': 1.0, 'color': [0.1, 0.2, 0.9, 1.0], 'initial_position': [-0.25, 0.0, 0.02], 'lateral_friction': 0.7, 'spinning_friction': 0.001, 'current_position': [0.11553192093378584, 0.017228824361790247, 0.16207647715703458]}}  x
  scripts                = {'script_1': True, 'reach_only': True, 'left_right': True}  x
  target_goal            = {'type': 'goal_sequence', 'targets': [{'name': 'target', 'position': [0.15000000596046448, 0.0, 0.019999999552965164]}], 'mode': 'goal_sequence'}  x
  scene                  = {'table': {'length': 1.1, 'width': 0.7, 'height': 0.4, 'x_offset': -0.3, 'lateral_friction': 3.0, 'spinning_friction': 0.001}}  x
  robot_config           = {'control_type': 'ee', 'block_gripper': False, 'base_position': [-0.6, 0.0, 0.05]}  x
  current_task           = OBJECT_DELIVERY_SEQUENCE  x
  current_subtask        = TRANSPORT_OBJECT       x
  active_target_name     = target                 x
  action                 = [0.9045, 0.0025, 0.4265, -1.0000]  x
  joint_angles           = [0.0002, 0.6912, -0.0005, -1.4804, 0.0003, 2.1618, 0.7852]  x
  joint_velocities       = [0.0006, 0.2431, -0.0009, 1.1096, 0.0002, -0.4420, 0.0004]  x
  cube_rotation          = [-0.0019, -0.0126, 0.0032]  x
  cube_linear_velocity   = [0.2657, 0.0212, 0.2873]  x
  obstacle_positions     = {}                     x
[step=  35 18:48:39.840][ASM] [PENDING] transport_object → place_object: aguardando managing (já validado)
[step=  35 18:48:39.840][Analyzer] ASM node=transport_object  goal_status=not_applicable
[step=  35 18:48:39.841][DejaVu] {'status': 'ok', 'unanticipated': False, 'adaptation': None, 'evaluation': None}
[step=  36 18:48:41.001][Manager] ep=1 subtask=TRANSPORT_OBJECT reward=-0.1572
[step=  36 18:48:41.001][Perception]
  RAW PERCEPTION                                  MONITORED PARAMS
  ----------------------------------------------  --------------------------------------
  fingers_width         = 0.0384 m                gripper_width_cm      = 3 cm
  dist_ee_to_cube       = 0.0182 m                distance_ee_object_cm = 0 cm
  dist_cube_to_target   = 0.1572 m  (3D)          distance_obj_goal_cm  = 2 cm  (XY)
  cube_position (z)     = 0.1754 m                object_lift_height_cm = 15 cm
  cube_position (xy)    = [0.135, 0.018]          grasp_completed       = 1
  finger_contacts (raw) = 2                       finger_contacts       = 2
  x                                               grasp_attempts        = 1
  x                                               task_started          = 1
  x                                               object_available      = 1
  x                                               task_aborted          = 0
  episode                = 1                      x
  step                   = 36                     x
  ee_position            = [0.1328, -0.0001, 0.1747]  x
  ee_velocity            = [0.2363, 0.0003, 0.3434]  x
  target_position        = [0.1500, 0.0000, 0.0200]  x
  reward                 = -0.1572                x
  is_success             = False                  x
  obstacle_in_path       = False                  x
  obstacle_count_in_path = 0                      x
  obstacles              = {}                     x
  objects                = {'object_1': {'type': 'box', 'size': [0.04, 0.04, 0.04], 'mass': 1.0, 'color': [0.1, 0.2, 0.9, 1.0], 'initial_position': [-0.25, 0.0, 0.02], 'lateral_friction': 0.7, 'spinning_friction': 0.001, 'current_position': [0.1345065850478457, 0.018075298704647424, 0.17540200392811822]}}  x
  scripts                = {'script_1': True, 'reach_only': True, 'left_right': True}  x
  target_goal            = {'type': 'goal_sequence', 'targets': [{'name': 'target', 'position': [0.15000000596046448, 0.0, 0.019999999552965164]}], 'mode': 'goal_sequence'}  x
  scene                  = {'table': {'length': 1.1, 'width': 0.7, 'height': 0.4, 'x_offset': -0.3, 'lateral_friction': 3.0, 'spinning_friction': 0.001}}  x
  robot_config           = {'control_type': 'ee', 'block_gripper': False, 'base_position': [-0.6, 0.0, 0.05]}  x
  current_task           = OBJECT_DELIVERY_SEQUENCE  x
  current_subtask        = TRANSPORT_OBJECT       x
  active_target_name     = target                 x
  action                 = [0.8995, 0.0031, 0.4370, -1.0000]  x
  joint_angles           = [0.0003, 0.7358, -0.0005, -1.3685, 0.0003, 2.1018, 0.7853]  x
  joint_velocities       = [0.0007, 0.1398, -0.0006, 1.0574, 0.0002, -0.4607, 0.0007]  x
  cube_rotation          = [-0.0020, -0.0196, 0.0032]  x
  cube_linear_velocity   = [0.2359, 0.0212, 0.3441]  x
  obstacle_positions     = {}                     x
[step=  36 18:48:41.002][ASM] [PENDING] transport_object → place_object: aguardando managing (já validado)
[step=  36 18:48:41.002][Analyzer] ASM node=transport_object  goal_status=not_applicable
[step=  36 18:48:41.004][DejaVu] {'status': 'ok', 'unanticipated': False, 'adaptation': None, 'evaluation': None}
[step=  37 18:48:42.187][Manager] ep=1 subtask=TRANSPORT_OBJECT reward=-0.1647
[step=  37 18:48:42.187][Perception]
  RAW PERCEPTION                                  MONITORED PARAMS
  ----------------------------------------------  --------------------------------------
  fingers_width         = 0.0384 m                gripper_width_cm      = 3 cm
  dist_ee_to_cube       = 0.0190 m                distance_ee_object_cm = 0 cm
  dist_cube_to_target   = 0.1647 m  (3D)          distance_obj_goal_cm  = 1 cm  (XY)
  cube_position (z)     = 0.1836 m                object_lift_height_cm = 16 cm
  cube_position (xy)    = [0.152, 0.019]          grasp_completed       = 1
  finger_contacts (raw) = 2                       finger_contacts       = 2
  x                                               grasp_attempts        = 1
  x                                               task_started          = 1
  x                                               object_available      = 1
  x                                               task_aborted          = 0
  episode                = 1                      x
  step                   = 37                     x
  ee_position            = [0.1509, 0.0000, 0.1834]  x
  ee_velocity            = [0.1685, 0.0000, 0.0665]  x
  target_position        = [0.1500, 0.0000, 0.0200]  x
  reward                 = -0.1647                x
  is_success             = False                  x
  obstacle_in_path       = False                  x
  obstacle_count_in_path = 0                      x
  obstacles              = {}                     x
  objects                = {'object_1': {'type': 'box', 'size': [0.04, 0.04, 0.04], 'mass': 1.0, 'color': [0.1, 0.2, 0.9, 1.0], 'initial_position': [-0.25, 0.0, 0.02], 'lateral_friction': 0.7, 'spinning_friction': 0.001, 'current_position': [0.15238975756687573, 0.01892085448706043, 0.18356731555444486]}}  x
  scripts                = {'script_1': True, 'reach_only': True, 'left_right': True}  x
  target_goal            = {'type': 'goal_sequence', 'targets': [{'name': 'target', 'position': [0.15000000596046448, 0.0, 0.019999999552965164]}], 'mode': 'goal_sequence'}  x
  scene                  = {'table': {'length': 1.1, 'width': 0.7, 'height': 0.4, 'x_offset': -0.3, 'lateral_friction': 3.0, 'spinning_friction': 0.001}}  x
  robot_config           = {'control_type': 'ee', 'block_gripper': False, 'base_position': [-0.6, 0.0, 0.05]}  x
  current_task           = OBJECT_DELIVERY_SEQUENCE  x
  current_subtask        = TRANSPORT_OBJECT       x
  active_target_name     = target                 x
  action                 = [0.9689, 0.0046, 0.2473, -1.0000]  x
  joint_angles           = [0.0005, 0.7912, -0.0006, -1.2523, 0.0003, 2.0483, 0.7854]  x
  joint_velocities       = [0.0012, 0.5300, -0.0018, 1.0702, 0.0004, -0.4125, 0.0009]  x
  cube_rotation          = [-0.0019, -0.0266, 0.0032]  x
  cube_linear_velocity   = [0.1681, 0.0212, 0.0667]  x
  obstacle_positions     = {}                     x
[step=  37 18:48:42.187][ASM] [PENDING] transport_object → place_object: aguardando managing (já validado)
[step=  37 18:48:42.187][Analyzer] ASM node=transport_object  goal_status=not_applicable
[step=  37 18:48:42.189][DejaVu] {'status': 'ok', 'unanticipated': False, 'adaptation': None, 'evaluation': None}
[step=  38 18:48:43.306][Manager] ep=1 subtask=TRANSPORT_OBJECT reward=-0.1646
[step=  38 18:48:43.307][Perception]
  RAW PERCEPTION                                  MONITORED PARAMS
  ----------------------------------------------  --------------------------------------
  fingers_width         = 0.0385 m                gripper_width_cm      = 3 cm
  dist_ee_to_cube       = 0.0199 m                distance_ee_object_cm = 0 cm
  dist_cube_to_target   = 0.1646 m  (3D)          distance_obj_goal_cm  = 1 cm  (XY)
  cube_position (z)     = 0.1834 m                object_lift_height_cm = 16 cm
  cube_position (xy)    = [0.152, 0.020]          grasp_completed       = 1
  finger_contacts (raw) = 2                       finger_contacts       = 2
  x                                               grasp_attempts        = 1
  x                                               task_started          = 1
  x                                               object_available      = 1
  x                                               task_aborted          = 0
  episode                = 1                      x
  step                   = 38                     x
  ee_position            = [0.1504, -0.0001, 0.1834]  x
  ee_velocity            = [-0.0063, -0.0023, -0.0016]  x
  target_position        = [0.1500, 0.0000, 0.0200]  x
  reward                 = -0.1646                x
  is_success             = False                  x
  obstacle_in_path       = False                  x
  obstacle_count_in_path = 0                      x
  obstacles              = {}                     x
  objects                = {'object_1': {'type': 'box', 'size': [0.04, 0.04, 0.04], 'mass': 1.0, 'color': [0.1, 0.2, 0.9, 1.0], 'initial_position': [-0.25, 0.0, 0.02], 'lateral_friction': 0.7, 'spinning_friction': 0.001, 'current_position': [0.15160968902491614, 0.019737006442657714, 0.1833858401073808]}}  x
  scripts                = {'script_1': True, 'reach_only': True, 'left_right': True}  x
  target_goal            = {'type': 'goal_sequence', 'targets': [{'name': 'target', 'position': [0.15000000596046448, 0.0, 0.019999999552965164]}], 'mode': 'goal_sequence'}  x
  scene                  = {'table': {'length': 1.1, 'width': 0.7, 'height': 0.4, 'x_offset': -0.3, 'lateral_friction': 3.0, 'spinning_friction': 0.001}}  x
  robot_config           = {'control_type': 'ee', 'block_gripper': False, 'base_position': [-0.6, 0.0, 0.05]}  x
  current_task           = OBJECT_DELIVERY_SEQUENCE  x
  current_subtask        = TRANSPORT_OBJECT       x
  active_target_name     = target                 x
  action                 = [0.0000, 0.0000, 0.0000, -1.0000]  x
  joint_angles           = [0.0004, 0.7913, -0.0008, -1.2515, 0.0004, 2.0435, 0.7852]  x
  joint_velocities       = [-0.0004, 0.0011, -0.0032, 0.0051, 0.0004, -0.0365, -0.0013]  x
  cube_rotation          = [-0.0020, -0.0226, 0.0032]  x
  cube_linear_velocity   = [-0.0063, 0.0146, -0.0017]  x
  obstacle_positions     = {}                     x
[step=  38 18:48:43.307][ASM] [PENDING] transport_object → place_object: aguardando managing (já validado)
[step=  38 18:48:43.307][Analyzer] ASM node=transport_object  goal_status=not_applicable
[step=  38 18:48:43.315][DejaVu] {'status': 'ok', 'unanticipated': False, 'adaptation': None, 'evaluation': None}
[step=  39 18:48:44.466][Manager] ep=1 subtask=PLACE_OBJECT reward=-0.1573
[step=  39 18:48:44.467][Perception]
  RAW PERCEPTION                                  MONITORED PARAMS
  ----------------------------------------------  --------------------------------------
  fingers_width         = 0.0385 m                gripper_width_cm      = 3 cm
  dist_ee_to_cube       = 0.0202 m                distance_ee_object_cm = 0 cm
  dist_cube_to_target   = 0.1573 m  (3D)          distance_obj_goal_cm  = 1 cm  (XY)
  cube_position (z)     = 0.1761 m                object_lift_height_cm = 15 cm
  cube_position (xy)    = [0.152, 0.020]          grasp_completed       = 1
  finger_contacts (raw) = 2                       finger_contacts       = 2
  x                                               grasp_attempts        = 1
  x                                               task_started          = 1
  x                                               object_available      = 1
  x                                               task_aborted          = 0
  episode                = 1                      x
  step                   = 39                     x
  ee_position            = [0.1505, -0.0003, 0.1762]  x
  ee_velocity            = [-0.0052, -0.0016, -0.0822]  x
  target_position        = [0.1500, 0.0000, 0.0200]  x
  reward                 = -0.1573                x
  is_success             = False                  x
  obstacle_in_path       = False                  x
  obstacle_count_in_path = 0                      x
  obstacles              = {}                     x
  objects                = {'object_1': {'type': 'box', 'size': [0.04, 0.04, 0.04], 'mass': 1.0, 'color': [0.1, 0.2, 0.9, 1.0], 'initial_position': [-0.25, 0.0, 0.02], 'lateral_friction': 0.7, 'spinning_friction': 0.001, 'current_position': [0.15167230256217937, 0.01982875065722866, 0.17607097264303617]}}  x
  scripts                = {'script_1': True, 'reach_only': True, 'left_right': True}  x
  target_goal            = {'type': 'goal_sequence', 'targets': [{'name': 'target', 'position': [0.15000000596046448, 0.0, 0.019999999552965164]}], 'mode': 'goal_sequence'}  x
  scene                  = {'table': {'length': 1.1, 'width': 0.7, 'height': 0.4, 'x_offset': -0.3, 'lateral_friction': 3.0, 'spinning_friction': 0.001}}  x
  robot_config           = {'control_type': 'ee', 'block_gripper': False, 'base_position': [-0.6, 0.0, 0.05]}  x
  current_task           = OBJECT_DELIVERY_SEQUENCE  x
  current_subtask        = PLACE_OBJECT           x
  active_target_name     = target                 x
  action                 = [0.0000, 0.0000, -0.1500, -1.0000]  x
  joint_angles           = [0.0003, 0.8012, -0.0010, -1.2531, 0.0005, 2.0534, 0.7850]  x
  joint_velocities       = [-0.0008, 0.1107, -0.0017, -0.0124, 0.0008, 0.0760, -0.0019]  x
  cube_rotation          = [-0.0021, -0.0212, 0.0031]  x
  cube_linear_velocity   = [-0.0053, 0.0006, -0.0822]  x
  obstacle_positions     = {}                     x
[step=  39 18:48:44.467][ASM] [PENDING] transport_object → place_object: aguardando managing (já validado)
[step=  39 18:48:44.467][ASM] [D] transport_object → place_object  (type=domain)
[step=  39 18:48:44.467][Analyzer] ASM node=place_object  goal_status=ok  (scenario=PLACE_OBJECT)
[step=  39 18:48:44.469][DejaVu] {'status': 'ok', 'unanticipated': False, 'adaptation': None, 'evaluation': None}
[step=  40 18:48:45.586][Manager] ep=1 subtask=PLACE_OBJECT reward=-0.1497
[step=  40 18:48:45.586][Perception]
  RAW PERCEPTION                                  MONITORED PARAMS
  ----------------------------------------------  --------------------------------------
  fingers_width         = 0.0385 m                gripper_width_cm      = 3 cm
  dist_ee_to_cube       = 0.0201 m                distance_ee_object_cm = 0 cm
  dist_cube_to_target   = 0.1497 m  (3D)          distance_obj_goal_cm  = 1 cm  (XY)
  cube_position (z)     = 0.1684 m                object_lift_height_cm = 14 cm
  cube_position (xy)    = [0.152, 0.020]          grasp_completed       = 1
  finger_contacts (raw) = 2                       finger_contacts       = 2
  x                                               grasp_attempts        = 1
  x                                               task_started          = 1
  x                                               object_available      = 1
  x                                               task_aborted          = 0
  episode                = 1                      x
  step                   = 40                     x
  ee_position            = [0.1506, -0.0005, 0.1685]  x
  ee_velocity            = [-0.0027, -0.0007, -0.0738]  x
  target_position        = [0.1500, 0.0000, 0.0200]  x
  reward                 = -0.1497                x
  is_success             = False                  x
  obstacle_in_path       = False                  x
  obstacle_count_in_path = 0                      x
  obstacles              = {}                     x
  objects                = {'object_1': {'type': 'box', 'size': [0.04, 0.04, 0.04], 'mass': 1.0, 'color': [0.1, 0.2, 0.9, 1.0], 'initial_position': [-0.25, 0.0, 0.02], 'lateral_friction': 0.7, 'spinning_friction': 0.001, 'current_position': [0.15179610897289586, 0.019590805101291738, 0.1684240760373357]}}  x
  scripts                = {'script_1': True, 'reach_only': True, 'left_right': True}  x
  target_goal            = {'type': 'goal_sequence', 'targets': [{'name': 'target', 'position': [0.15000000596046448, 0.0, 0.019999999552965164]}], 'mode': 'goal_sequence'}  x
  scene                  = {'table': {'length': 1.1, 'width': 0.7, 'height': 0.4, 'x_offset': -0.3, 'lateral_friction': 3.0, 'spinning_friction': 0.001}}  x
  robot_config           = {'control_type': 'ee', 'block_gripper': False, 'base_position': [-0.6, 0.0, 0.05]}  x
  current_task           = OBJECT_DELIVERY_SEQUENCE  x
  current_subtask        = PLACE_OBJECT           x
  active_target_name     = target                 x
  action                 = [0.0000, 0.0000, -0.1500, -1.0000]  x
  joint_angles           = [0.0001, 0.8115, -0.0011, -1.2551, 0.0007, 2.0648, 0.7847]  x
  joint_velocities       = [-0.0010, 0.0990, -0.0001, -0.0153, 0.0011, 0.0874, -0.0024]  x
  cube_rotation          = [-0.0021, -0.0205, 0.0032]  x
  cube_linear_velocity   = [-0.0028, -0.0061, -0.0738]  x
  obstacle_positions     = {}                     x
[step=  40 18:48:45.587][Analyzer] ASM node=place_object  goal_status=not_applicable
[step=  40 18:48:45.588][DejaVu] {'status': 'ok', 'unanticipated': False, 'adaptation': None, 'evaluation': None}
[step=  41 18:48:46.733][Manager] ep=1 subtask=PLACE_OBJECT reward=-0.1420
[step=  41 18:48:46.733][Perception]
  RAW PERCEPTION                                  MONITORED PARAMS
  ----------------------------------------------  --------------------------------------
  fingers_width         = 0.0385 m                gripper_width_cm      = 3 cm
  dist_ee_to_cube       = 0.0200 m                distance_ee_object_cm = 0 cm
  dist_cube_to_target   = 0.1420 m  (3D)          distance_obj_goal_cm  = 1 cm  (XY)
  cube_position (z)     = 0.1607 m                object_lift_height_cm = 14 cm
  cube_position (xy)    = [0.152, 0.019]          grasp_completed       = 1
  finger_contacts (raw) = 2                       finger_contacts       = 2
  x                                               grasp_attempts        = 1
  x                                               task_started          = 1
  x                                               object_available      = 1
  x                                               task_aborted          = 0
  episode                = 1                      x
  step                   = 41                     x
  ee_position            = [0.1508, -0.0006, 0.1608]  x
  ee_velocity            = [-0.0034, -0.0008, -0.0784]  x
  target_position        = [0.1500, 0.0000, 0.0200]  x
  reward                 = -0.1420                x
  is_success             = False                  x
  obstacle_in_path       = False                  x
  obstacle_count_in_path = 0                      x
  obstacles              = {}                     x
  objects                = {'object_1': {'type': 'box', 'size': [0.04, 0.04, 0.04], 'mass': 1.0, 'color': [0.1, 0.2, 0.9, 1.0], 'initial_position': [-0.25, 0.0, 0.02], 'lateral_friction': 0.7, 'spinning_friction': 0.001, 'current_position': [0.15196806902255927, 0.01934609185490428, 0.1606981910942576]}}  x
  scripts                = {'script_1': True, 'reach_only': True, 'left_right': True}  x
  target_goal            = {'type': 'goal_sequence', 'targets': [{'name': 'target', 'position': [0.15000000596046448, 0.0, 0.019999999552965164]}], 'mode': 'goal_sequence'}  x
  scene                  = {'table': {'length': 1.1, 'width': 0.7, 'height': 0.4, 'x_offset': -0.3, 'lateral_friction': 3.0, 'spinning_friction': 0.001}}  x
  robot_config           = {'control_type': 'ee', 'block_gripper': False, 'base_position': [-0.6, 0.0, 0.05]}  x
  current_task           = OBJECT_DELIVERY_SEQUENCE  x
  current_subtask        = PLACE_OBJECT           x
  active_target_name     = target                 x
  action                 = [0.0000, 0.0000, -0.1500, -1.0000]  x
  joint_angles           = [0.0000, 0.8219, -0.0012, -1.2572, 0.0008, 2.0771, 0.7844]  x
  joint_velocities       = [-0.0009, 0.1055, -0.0003, -0.0163, 0.0010, 0.0947, -0.0022]  x
  cube_rotation          = [-0.0021, -0.0203, 0.0032]  x
  cube_linear_velocity   = [-0.0035, -0.0061, -0.0785]  x
  obstacle_positions     = {}                     x
[step=  41 18:48:46.734][Analyzer] ASM node=place_object  goal_status=not_applicable
[step=  41 18:48:46.736][DejaVu] {'status': 'ok', 'unanticipated': False, 'adaptation': None, 'evaluation': None}
[step=  42 18:48:47.880][Manager] ep=1 subtask=PLACE_OBJECT reward=-0.1343
[step=  42 18:48:47.881][Perception]
  RAW PERCEPTION                                  MONITORED PARAMS
  ----------------------------------------------  --------------------------------------
  fingers_width         = 0.0385 m                gripper_width_cm      = 3 cm
  dist_ee_to_cube       = 0.0199 m                distance_ee_object_cm = 0 cm
  dist_cube_to_target   = 0.1343 m  (3D)          distance_obj_goal_cm  = 1 cm  (XY)
  cube_position (z)     = 0.1530 m                object_lift_height_cm = 13 cm
  cube_position (xy)    = [0.152, 0.019]          grasp_completed       = 1
  finger_contacts (raw) = 2                       finger_contacts       = 2
  x                                               grasp_attempts        = 1
  x                                               task_started          = 1
  x                                               object_available      = 1
  x                                               task_aborted          = 0
  episode                = 1                      x
  step                   = 42                     x
  ee_position            = [0.1509, -0.0008, 0.1531]  x
  ee_velocity            = [-0.0039, -0.0008, -0.0787]  x
  target_position        = [0.1500, 0.0000, 0.0200]  x
  reward                 = -0.1343                x
  is_success             = False                  x
  obstacle_in_path       = False                  x
  obstacle_count_in_path = 0                      x
  obstacles              = {}                     x
  objects                = {'object_1': {'type': 'box', 'size': [0.04, 0.04, 0.04], 'mass': 1.0, 'color': [0.1, 0.2, 0.9, 1.0], 'initial_position': [-0.25, 0.0, 0.02], 'lateral_friction': 0.7, 'spinning_friction': 0.001, 'current_position': [0.1521076460061575, 0.01910484714398592, 0.15296215819381295]}}  x
  scripts                = {'script_1': True, 'reach_only': True, 'left_right': True}  x
  target_goal            = {'type': 'goal_sequence', 'targets': [{'name': 'target', 'position': [0.15000000596046448, 0.0, 0.019999999552965164]}], 'mode': 'goal_sequence'}  x
  scene                  = {'table': {'length': 1.1, 'width': 0.7, 'height': 0.4, 'x_offset': -0.3, 'lateral_friction': 3.0, 'spinning_friction': 0.001}}  x
  robot_config           = {'control_type': 'ee', 'block_gripper': False, 'base_position': [-0.6, 0.0, 0.05]}  x
  current_task           = OBJECT_DELIVERY_SEQUENCE  x
  current_subtask        = PLACE_OBJECT           x
  active_target_name     = target                 x
  action                 = [0.0000, 0.0000, -0.1500, -1.0000]  x
  joint_angles           = [-0.0001, 0.8325, -0.0013, -1.2592, 0.0009, 2.0896, 0.7841]  x
  joint_velocities       = [-0.0009, 0.1065, -0.0003, -0.0153, 0.0009, 0.0959, -0.0020]  x
  cube_rotation          = [-0.0021, -0.0202, 0.0032]  x
  cube_linear_velocity   = [-0.0040, -0.0060, -0.0787]  x
  obstacle_positions     = {}                     x
[step=  42 18:48:47.881][Analyzer] ASM node=place_object  goal_status=not_applicable
[step=  42 18:48:47.883][DejaVu] {'status': 'ok', 'unanticipated': False, 'adaptation': None, 'evaluation': None}
[step=  43 18:48:49.040][Manager] ep=1 subtask=PLACE_OBJECT reward=-0.1266
[step=  43 18:48:49.041][Perception]
  RAW PERCEPTION                                  MONITORED PARAMS
  ----------------------------------------------  --------------------------------------
  fingers_width         = 0.0385 m                gripper_width_cm      = 3 cm
  dist_ee_to_cube       = 0.0198 m                distance_ee_object_cm = 0 cm
  dist_cube_to_target   = 0.1266 m  (3D)          distance_obj_goal_cm  = 1 cm  (XY)
  cube_position (z)     = 0.1452 m                object_lift_height_cm = 12 cm
  cube_position (xy)    = [0.152, 0.019]          grasp_completed       = 1
  finger_contacts (raw) = 2                       finger_contacts       = 2
  x                                               grasp_attempts        = 1
  x                                               task_started          = 1
  x                                               object_available      = 1
  x                                               task_aborted          = 0
  episode                = 1                      x
  step                   = 43                     x
  ee_position            = [0.1510, -0.0009, 0.1453]  x
  ee_velocity            = [-0.0049, -0.0008, -0.0804]  x
  target_position        = [0.1500, 0.0000, 0.0200]  x
  reward                 = -0.1266                x
  is_success             = False                  x
  obstacle_in_path       = False                  x
  obstacle_count_in_path = 0                      x
  obstacles              = {}                     x
  objects                = {'object_1': {'type': 'box', 'size': [0.04, 0.04, 0.04], 'mass': 1.0, 'color': [0.1, 0.2, 0.9, 1.0], 'initial_position': [-0.25, 0.0, 0.02], 'lateral_friction': 0.7, 'spinning_friction': 0.001, 'current_position': [0.1521861956115338, 0.018866961984818555, 0.14519098548419285]}}  x
  scripts                = {'script_1': True, 'reach_only': True, 'left_right': True}  x
  target_goal            = {'type': 'goal_sequence', 'targets': [{'name': 'target', 'position': [0.15000000596046448, 0.0, 0.019999999552965164]}], 'mode': 'goal_sequence'}  x
  scene                  = {'table': {'length': 1.1, 'width': 0.7, 'height': 0.4, 'x_offset': -0.3, 'lateral_friction': 3.0, 'spinning_friction': 0.001}}  x
  robot_config           = {'control_type': 'ee', 'block_gripper': False, 'base_position': [-0.6, 0.0, 0.05]}  x
  current_task           = OBJECT_DELIVERY_SEQUENCE  x
  current_subtask        = PLACE_OBJECT           x
  active_target_name     = target                 x
  action                 = [0.0000, 0.0000, -0.1500, -1.0000]  x
  joint_angles           = [-0.0002, 0.8432, -0.0014, -1.2610, 0.0010, 2.1020, 0.7839]  x
  joint_velocities       = [-0.0008, 0.1097, -0.0003, -0.0138, 0.0009, 0.0957, -0.0019]  x
  cube_rotation          = [-0.0021, -0.0201, 0.0032]  x
  cube_linear_velocity   = [-0.0050, -0.0059, -0.0804]  x
  obstacle_positions     = {}                     x
[step=  43 18:48:49.042][Analyzer] ASM node=place_object  goal_status=not_applicable
[step=  43 18:48:49.044][DejaVu] {'status': 'ok', 'unanticipated': False, 'adaptation': None, 'evaluation': None}
[step=  44 18:48:50.174][Manager] ep=1 subtask=PLACE_OBJECT reward=-0.1189
[step=  44 18:48:50.174][Perception]
  RAW PERCEPTION                                  MONITORED PARAMS
  ----------------------------------------------  --------------------------------------
  fingers_width         = 0.0385 m                gripper_width_cm      = 3 cm
  dist_ee_to_cube       = 0.0197 m                distance_ee_object_cm = 0 cm
  dist_cube_to_target   = 0.1189 m  (3D)          distance_obj_goal_cm  = 1 cm  (XY)
  cube_position (z)     = 0.1374 m                object_lift_height_cm = 11 cm
  cube_position (xy)    = [0.152, 0.019]          grasp_completed       = 1
  finger_contacts (raw) = 2                       finger_contacts       = 2
  x                                               grasp_attempts        = 1
  x                                               task_started          = 1
  x                                               object_available      = 1
  x                                               task_aborted          = 0
  episode                = 1                      x
  step                   = 44                     x
  ee_position            = [0.1510, -0.0010, 0.1375]  x
  ee_velocity            = [-0.0059, -0.0007, -0.0815]  x
  target_position        = [0.1500, 0.0000, 0.0200]  x
  reward                 = -0.1189                x
  is_success             = False                  x
  obstacle_in_path       = False                  x
  obstacle_count_in_path = 0                      x
  obstacles              = {}                     x
  objects                = {'object_1': {'type': 'box', 'size': [0.04, 0.04, 0.04], 'mass': 1.0, 'color': [0.1, 0.2, 0.9, 1.0], 'initial_position': [-0.25, 0.0, 0.02], 'lateral_friction': 0.7, 'spinning_friction': 0.001, 'current_position': [0.15220429676353023, 0.018632292925821067, 0.1373952003640402]}}  x
  scripts                = {'script_1': True, 'reach_only': True, 'left_right': True}  x
  target_goal            = {'type': 'goal_sequence', 'targets': [{'name': 'target', 'position': [0.15000000596046448, 0.0, 0.019999999552965164]}], 'mode': 'goal_sequence'}  x
  scene                  = {'table': {'length': 1.1, 'width': 0.7, 'height': 0.4, 'x_offset': -0.3, 'lateral_friction': 3.0, 'spinning_friction': 0.001}}  x
  robot_config           = {'control_type': 'ee', 'block_gripper': False, 'base_position': [-0.6, 0.0, 0.05]}  x
  current_task           = OBJECT_DELIVERY_SEQUENCE  x
  current_subtask        = PLACE_OBJECT           x
  active_target_name     = target                 x
  action                 = [0.0000, 0.0000, -0.1500, -1.0000]  x
  joint_angles           = [-0.0003, 0.8541, -0.0015, -1.2626, 0.0011, 2.1145, 0.7837]  x
  joint_velocities       = [-0.0008, 0.1122, -0.0003, -0.0122, 0.0008, 0.0954, -0.0018]  x
  cube_rotation          = [-0.0021, -0.0201, 0.0032]  x
  cube_linear_velocity   = [-0.0059, -0.0058, -0.0815]  x
  obstacle_positions     = {}                     x
[step=  44 18:48:50.175][Analyzer] ASM node=place_object  goal_status=not_applicable
[step=  44 18:48:50.176][DejaVu] {'status': 'ok', 'unanticipated': False, 'adaptation': None, 'evaluation': None}
[step=  45 18:48:51.347][Manager] ep=1 subtask=PLACE_OBJECT reward=-0.1111
[step=  45 18:48:51.348][Perception]
  RAW PERCEPTION                                  MONITORED PARAMS
  ----------------------------------------------  --------------------------------------
  fingers_width         = 0.0385 m                gripper_width_cm      = 3 cm
  dist_ee_to_cube       = 0.0196 m                distance_ee_object_cm = 0 cm
  dist_cube_to_target   = 0.1111 m  (3D)          distance_obj_goal_cm  = 1 cm  (XY)
  cube_position (z)     = 0.1296 m                object_lift_height_cm = 10 cm
  cube_position (xy)    = [0.152, 0.018]          grasp_completed       = 1
  finger_contacts (raw) = 2                       finger_contacts       = 2
  x                                               grasp_attempts        = 1
  x                                               task_started          = 1
  x                                               object_available      = 1
  x                                               task_aborted          = 0
  episode                = 1                      x
  step                   = 45                     x
  ee_position            = [0.1510, -0.0011, 0.1297]  x
  ee_velocity            = [-0.0068, -0.0007, -0.0827]  x
  target_position        = [0.1500, 0.0000, 0.0200]  x
  reward                 = -0.1111                x
  is_success             = False                  x
  obstacle_in_path       = False                  x
  obstacle_count_in_path = 0                      x
  obstacles              = {}                     x
  objects                = {'object_1': {'type': 'box', 'size': [0.04, 0.04, 0.04], 'mass': 1.0, 'color': [0.1, 0.2, 0.9, 1.0], 'initial_position': [-0.25, 0.0, 0.02], 'lateral_friction': 0.7, 'spinning_friction': 0.001, 'current_position': [0.15215974009278097, 0.018400676608971264, 0.1295737293911061]}}  x
  scripts                = {'script_1': True, 'reach_only': True, 'left_right': True}  x
  target_goal            = {'type': 'goal_sequence', 'targets': [{'name': 'target', 'position': [0.15000000596046448, 0.0, 0.019999999552965164]}], 'mode': 'goal_sequence'}  x
  scene                  = {'table': {'length': 1.1, 'width': 0.7, 'height': 0.4, 'x_offset': -0.3, 'lateral_friction': 3.0, 'spinning_friction': 0.001}}  x
  robot_config           = {'control_type': 'ee', 'block_gripper': False, 'base_position': [-0.6, 0.0, 0.05]}  x
  current_task           = OBJECT_DELIVERY_SEQUENCE  x
  current_subtask        = PLACE_OBJECT           x
  active_target_name     = target                 x
  action                 = [0.0000, 0.0000, -0.1500, -1.0000]  x
  joint_angles           = [-0.0004, 0.8651, -0.0016, -1.2639, 0.0012, 2.1268, 0.7835]  x
  joint_velocities       = [-0.0008, 0.1148, -0.0003, -0.0106, 0.0008, 0.0950, -0.0016]  x
  cube_rotation          = [-0.0020, -0.0201, 0.0032]  x
  cube_linear_velocity   = [-0.0069, -0.0057, -0.0828]  x
  obstacle_positions     = {}                     x
[step=  45 18:48:51.348][Analyzer] ASM node=place_object  goal_status=not_applicable
[step=  45 18:48:51.350][DejaVu] {'status': 'ok', 'unanticipated': False, 'adaptation': None, 'evaluation': None}
[step=  46 18:48:52.495][Manager] ep=1 subtask=PLACE_OBJECT reward=-0.1034
[step=  46 18:48:52.495][Perception]
  RAW PERCEPTION                                  MONITORED PARAMS
  ----------------------------------------------  --------------------------------------
  fingers_width         = 0.0385 m                gripper_width_cm      = 3 cm
  dist_ee_to_cube       = 0.0195 m                distance_ee_object_cm = 0 cm
  dist_cube_to_target   = 0.1034 m  (3D)          distance_obj_goal_cm  = 1 cm  (XY)
  cube_position (z)     = 0.1217 m                object_lift_height_cm = 10 cm
  cube_position (xy)    = [0.152, 0.018]          grasp_completed       = 1
  finger_contacts (raw) = 2                       finger_contacts       = 2
  x                                               grasp_attempts        = 1
  x                                               task_started          = 1
  x                                               object_available      = 1
  x                                               task_aborted          = 0
  episode                = 1                      x
  step                   = 46                     x
  ee_position            = [0.1509, -0.0012, 0.1219]  x
  ee_velocity            = [-0.0078, -0.0007, -0.0839]  x
  target_position        = [0.1500, 0.0000, 0.0200]  x
  reward                 = -0.1034                x
  is_success             = False                  x
  obstacle_in_path       = False                  x
  obstacle_count_in_path = 0                      x
  obstacles              = {}                     x
  objects                = {'object_1': {'type': 'box', 'size': [0.04, 0.04, 0.04], 'mass': 1.0, 'color': [0.1, 0.2, 0.9, 1.0], 'initial_position': [-0.25, 0.0, 0.02], 'lateral_friction': 0.7, 'spinning_friction': 0.001, 'current_position': [0.15205244564537093, 0.01817194971517923, 0.1217295044916424]}}  x
  scripts                = {'script_1': True, 'reach_only': True, 'left_right': True}  x
  target_goal            = {'type': 'goal_sequence', 'targets': [{'name': 'target', 'position': [0.15000000596046448, 0.0, 0.019999999552965164]}], 'mode': 'goal_sequence'}  x
  scene                  = {'table': {'length': 1.1, 'width': 0.7, 'height': 0.4, 'x_offset': -0.3, 'lateral_friction': 3.0, 'spinning_friction': 0.001}}  x
  robot_config           = {'control_type': 'ee', 'block_gripper': False, 'base_position': [-0.6, 0.0, 0.05]}  x
  current_task           = OBJECT_DELIVERY_SEQUENCE  x
  current_subtask        = PLACE_OBJECT           x
  active_target_name     = target                 x
  action                 = [0.0000, 0.0000, -0.1500, -1.0000]  x
  joint_angles           = [-0.0005, 0.8763, -0.0016, -1.2651, 0.0013, 2.1391, 0.7833]  x
  joint_velocities       = [-0.0007, 0.1173, -0.0003, -0.0090, 0.0007, 0.0946, -0.0015]  x
  cube_rotation          = [-0.0020, -0.0200, 0.0032]  x
  cube_linear_velocity   = [-0.0079, -0.0057, -0.0839]  x
  obstacle_positions     = {}                     x
[step=  46 18:48:52.496][Analyzer] ASM node=place_object  goal_status=not_applicable
[step=  46 18:48:52.498][DejaVu] {'status': 'ok', 'unanticipated': False, 'adaptation': None, 'evaluation': None}
[step=  47 18:48:53.628][Manager] ep=1 subtask=PLACE_OBJECT reward=-0.0956
[step=  47 18:48:53.628][Perception]
  RAW PERCEPTION                                  MONITORED PARAMS
  ----------------------------------------------  --------------------------------------
  fingers_width         = 0.0385 m                gripper_width_cm      = 3 cm
  dist_ee_to_cube       = 0.0193 m                distance_ee_object_cm = 0 cm
  dist_cube_to_target   = 0.0956 m  (3D)          distance_obj_goal_cm  = 1 cm  (XY)
  cube_position (z)     = 0.1139 m                object_lift_height_cm = 9 cm
  cube_position (xy)    = [0.152, 0.018]          grasp_completed       = 1
  finger_contacts (raw) = 2                       finger_contacts       = 2
  x                                               grasp_attempts        = 1
  x                                               task_started          = 1
  x                                               object_available      = 1
  x                                               task_aborted          = 0
  episode                = 1                      x
  step                   = 47                     x
  ee_position            = [0.1507, -0.0013, 0.1140]  x
  ee_velocity            = [-0.0089, -0.0006, -0.0850]  x
  target_position        = [0.1500, 0.0000, 0.0200]  x
  reward                 = -0.0956                x
  is_success             = False                  x
  obstacle_in_path       = False                  x
  obstacle_count_in_path = 0                      x
  obstacles              = {}                     x
  objects                = {'object_1': {'type': 'box', 'size': [0.04, 0.04, 0.04], 'mass': 1.0, 'color': [0.1, 0.2, 0.9, 1.0], 'initial_position': [-0.25, 0.0, 0.02], 'lateral_friction': 0.7, 'spinning_friction': 0.001, 'current_position': [0.1518818832002881, 0.01794596173813694, 0.11386438731030046]}}  x
  scripts                = {'script_1': True, 'reach_only': True, 'left_right': True}  x
  target_goal            = {'type': 'goal_sequence', 'targets': [{'name': 'target', 'position': [0.15000000596046448, 0.0, 0.019999999552965164]}], 'mode': 'goal_sequence'}  x
  scene                  = {'table': {'length': 1.1, 'width': 0.7, 'height': 0.4, 'x_offset': -0.3, 'lateral_friction': 3.0, 'spinning_friction': 0.001}}  x
  robot_config           = {'control_type': 'ee', 'block_gripper': False, 'base_position': [-0.6, 0.0, 0.05]}  x
  current_task           = OBJECT_DELIVERY_SEQUENCE  x
  current_subtask        = PLACE_OBJECT           x
  active_target_name     = target                 x
  action                 = [0.0000, 0.0000, -0.1500, -1.0000]  x
  joint_angles           = [-0.0006, 0.8876, -0.0017, -1.2660, 0.0014, 2.1514, 0.7831]  x
  joint_velocities       = [-0.0007, 0.1198, -0.0003, -0.0073, 0.0007, 0.0942, -0.0015]  x
  cube_rotation          = [-0.0020, -0.0200, 0.0032]  x
  cube_linear_velocity   = [-0.0089, -0.0056, -0.0850]  x
  obstacle_positions     = {}                     x
[step=  47 18:48:53.628][Analyzer] ASM node=place_object  goal_status=not_applicable
[step=  47 18:48:53.630][DejaVu] {'status': 'ok', 'unanticipated': False, 'adaptation': None, 'evaluation': None}
[step=  48 18:48:54.815][Manager] ep=1 subtask=PLACE_OBJECT reward=-0.0878
[step=  48 18:48:54.815][Perception]
  RAW PERCEPTION                                  MONITORED PARAMS
  ----------------------------------------------  --------------------------------------
  fingers_width         = 0.0385 m                gripper_width_cm      = 3 cm
  dist_ee_to_cube       = 0.0192 m                distance_ee_object_cm = 0 cm
  dist_cube_to_target   = 0.0878 m  (3D)          distance_obj_goal_cm  = 1 cm  (XY)
  cube_position (z)     = 0.1060 m                object_lift_height_cm = 8 cm
  cube_position (xy)    = [0.152, 0.018]          grasp_completed       = 1
  finger_contacts (raw) = 2                       finger_contacts       = 2
  x                                               grasp_attempts        = 1
  x                                               task_started          = 1
  x                                               object_available      = 1
  x                                               task_aborted          = 0
  episode                = 1                      x
  step                   = 48                     x
  ee_position            = [0.1505, -0.0014, 0.1061]  x
  ee_velocity            = [-0.0099, -0.0006, -0.0860]  x
  target_position        = [0.1500, 0.0000, 0.0200]  x
  reward                 = -0.0878                x
  is_success             = False                  x
  obstacle_in_path       = False                  x
  obstacle_count_in_path = 0                      x
  obstacles              = {}                     x
  objects                = {'object_1': {'type': 'box', 'size': [0.04, 0.04, 0.04], 'mass': 1.0, 'color': [0.1, 0.2, 0.9, 1.0], 'initial_position': [-0.25, 0.0, 0.02], 'lateral_friction': 0.7, 'spinning_friction': 0.001, 'current_position': [0.15164766195881377, 0.017722571300253332, 0.1059804512277188]}}  x
  scripts                = {'script_1': True, 'reach_only': True, 'left_right': True}  x
  target_goal            = {'type': 'goal_sequence', 'targets': [{'name': 'target', 'position': [0.15000000596046448, 0.0, 0.019999999552965164]}], 'mode': 'goal_sequence'}  x
  scene                  = {'table': {'length': 1.1, 'width': 0.7, 'height': 0.4, 'x_offset': -0.3, 'lateral_friction': 3.0, 'spinning_friction': 0.001}}  x
  robot_config           = {'control_type': 'ee', 'block_gripper': False, 'base_position': [-0.6, 0.0, 0.05]}  x
  current_task           = OBJECT_DELIVERY_SEQUENCE  x
  current_subtask        = PLACE_OBJECT           x
  active_target_name     = target                 x
  action                 = [0.0000, 0.0000, -0.1500, -1.0000]  x
  joint_angles           = [-0.0007, 0.8991, -0.0018, -1.2668, 0.0015, 2.1636, 0.7829]  x
  joint_velocities       = [-0.0007, 0.1221, -0.0002, -0.0057, 0.0007, 0.0937, -0.0014]  x
  cube_rotation          = [-0.0020, -0.0200, 0.0032]  x
  cube_linear_velocity   = [-0.0099, -0.0055, -0.0861]  x
  obstacle_positions     = {}                     x
[step=  48 18:48:54.815][Analyzer] ASM node=place_object  goal_status=not_applicable
[step=  48 18:48:54.818][DejaVu] {'status': 'ok', 'unanticipated': False, 'adaptation': None, 'evaluation': None}
[step=  49 18:48:55.935][Manager] ep=1 subtask=PLACE_OBJECT reward=-0.0800
[step=  49 18:48:55.935][Perception]
  RAW PERCEPTION                                  MONITORED PARAMS
  ----------------------------------------------  --------------------------------------
  fingers_width         = 0.0385 m                gripper_width_cm      = 3 cm
  dist_ee_to_cube       = 0.0191 m                distance_ee_object_cm = 0 cm
  dist_cube_to_target   = 0.0800 m  (3D)          distance_obj_goal_cm  = 1 cm  (XY)
  cube_position (z)     = 0.0981 m                object_lift_height_cm = 7 cm
  cube_position (xy)    = [0.151, 0.018]          grasp_completed       = 1
  finger_contacts (raw) = 2                       finger_contacts       = 2
  x                                               grasp_attempts        = 1
  x                                               task_started          = 1
  x                                               object_available      = 1
  x                                               task_aborted          = 0
  episode                = 1                      x
  step                   = 49                     x
  ee_position            = [0.1502, -0.0015, 0.0982]  x
  ee_velocity            = [-0.0109, -0.0006, -0.0870]  x
  target_position        = [0.1500, 0.0000, 0.0200]  x
  reward                 = -0.0800                x
  is_success             = False                  x
  obstacle_in_path       = False                  x
  obstacle_count_in_path = 0                      x
  obstacles              = {}                     x
  objects                = {'object_1': {'type': 'box', 'size': [0.04, 0.04, 0.04], 'mass': 1.0, 'color': [0.1, 0.2, 0.9, 1.0], 'initial_position': [-0.25, 0.0, 0.02], 'lateral_friction': 0.7, 'spinning_friction': 0.001, 'current_position': [0.15134943428342748, 0.017501648672442312, 0.09807986236185967]}}  x
  scripts                = {'script_1': True, 'reach_only': True, 'left_right': True}  x
  target_goal            = {'type': 'goal_sequence', 'targets': [{'name': 'target', 'position': [0.15000000596046448, 0.0, 0.019999999552965164]}], 'mode': 'goal_sequence'}  x
  scene                  = {'table': {'length': 1.1, 'width': 0.7, 'height': 0.4, 'x_offset': -0.3, 'lateral_friction': 3.0, 'spinning_friction': 0.001}}  x
  robot_config           = {'control_type': 'ee', 'block_gripper': False, 'base_position': [-0.6, 0.0, 0.05]}  x
  current_task           = OBJECT_DELIVERY_SEQUENCE  x
  current_subtask        = PLACE_OBJECT           x
  active_target_name     = target                 x
  action                 = [0.0000, 0.0000, -0.1500, -1.0000]  x
  joint_angles           = [-0.0007, 0.9107, -0.0018, -1.2673, 0.0016, 2.1757, 0.7827]  x
  joint_velocities       = [-0.0006, 0.1244, -0.0002, -0.0040, 0.0006, 0.0932, -0.0013]  x
  cube_rotation          = [-0.0020, -0.0200, 0.0032]  x
  cube_linear_velocity   = [-0.0110, -0.0055, -0.0870]  x
  obstacle_positions     = {}                     x
[step=  49 18:48:55.935][Analyzer] ASM node=place_object  goal_status=not_applicable
[step=  49 18:48:55.937][DejaVu] {'status': 'ok', 'unanticipated': False, 'adaptation': None, 'evaluation': None}
[step=  50 18:48:57.054][Manager] ep=1 subtask=PLACE_OBJECT reward=-0.0723
[step=  50 18:48:57.055][Perception]
  RAW PERCEPTION                                  MONITORED PARAMS
  ----------------------------------------------  --------------------------------------
  fingers_width         = 0.0384 m                gripper_width_cm      = 3 cm
  dist_ee_to_cube       = 0.0189 m                distance_ee_object_cm = 0 cm
  dist_cube_to_target   = 0.0723 m  (3D)          distance_obj_goal_cm  = 1 cm  (XY)
  cube_position (z)     = 0.0902 m                object_lift_height_cm = 7 cm
  cube_position (xy)    = [0.151, 0.017]          grasp_completed       = 1
  finger_contacts (raw) = 2                       finger_contacts       = 2
  x                                               grasp_attempts        = 1
  x                                               task_started          = 1
  x                                               object_available      = 1
  x                                               task_aborted          = 0
  episode                = 1                      x
  step                   = 50                     x
  ee_position            = [0.1498, -0.0016, 0.0903]  x
  ee_velocity            = [-0.0119, -0.0005, -0.0879]  x
  target_position        = [0.1500, 0.0000, 0.0200]  x
  reward                 = -0.0723                x
  is_success             = False                  x
  obstacle_in_path       = False                  x
  obstacle_count_in_path = 0                      x
  obstacles              = {}                     x
  objects                = {'object_1': {'type': 'box', 'size': [0.04, 0.04, 0.04], 'mass': 1.0, 'color': [0.1, 0.2, 0.9, 1.0], 'initial_position': [-0.25, 0.0, 0.02], 'lateral_friction': 0.7, 'spinning_friction': 0.001, 'current_position': [0.15098685015103983, 0.01728306528430717, 0.09016469244560853]}}  x
  scripts                = {'script_1': True, 'reach_only': True, 'left_right': True}  x
  target_goal            = {'type': 'goal_sequence', 'targets': [{'name': 'target', 'position': [0.15000000596046448, 0.0, 0.019999999552965164]}], 'mode': 'goal_sequence'}  x
  scene                  = {'table': {'length': 1.1, 'width': 0.7, 'height': 0.4, 'x_offset': -0.3, 'lateral_friction': 3.0, 'spinning_friction': 0.001}}  x
  robot_config           = {'control_type': 'ee', 'block_gripper': False, 'base_position': [-0.6, 0.0, 0.05]}  x
  current_task           = OBJECT_DELIVERY_SEQUENCE  x
  current_subtask        = PLACE_OBJECT           x
  active_target_name     = target                 x
  action                 = [0.0000, 0.0000, -0.1500, -1.0000]  x
  joint_angles           = [-0.0008, 0.9225, -0.0018, -1.2676, 0.0017, 2.1878, 0.7826]  x
  joint_velocities       = [-0.0006, 0.1267, -0.0002, -0.0023, 0.0006, 0.0927, -0.0012]  x
  cube_rotation          = [-0.0020, -0.0200, 0.0033]  x
  cube_linear_velocity   = [-0.0120, -0.0054, -0.0879]  x
  obstacle_positions     = {}                     x
[step=  50 18:48:57.055][Analyzer] ASM node=place_object  goal_status=not_applicable
[step=  50 18:48:57.056][DejaVu] {'status': 'ok', 'unanticipated': False, 'adaptation': None, 'evaluation': None}
[step=  51 18:48:58.241][Manager] ep=1 subtask=PLACE_OBJECT reward=-0.0646
[step=  51 18:48:58.242][Perception]
  RAW PERCEPTION                                  MONITORED PARAMS
  ----------------------------------------------  --------------------------------------
  fingers_width         = 0.0384 m                gripper_width_cm      = 3 cm
  dist_ee_to_cube       = 0.0188 m                distance_ee_object_cm = 0 cm
  dist_cube_to_target   = 0.0646 m  (3D)          distance_obj_goal_cm  = 1 cm  (XY)
  cube_position (z)     = 0.0823 m                object_lift_height_cm = 6 cm
  cube_position (xy)    = [0.151, 0.017]          grasp_completed       = 1
  finger_contacts (raw) = 2                       finger_contacts       = 2
  x                                               grasp_attempts        = 1
  x                                               task_started          = 1
  x                                               object_available      = 1
  x                                               task_aborted          = 0
  episode                = 1                      x
  step                   = 51                     x
  ee_position            = [0.1494, -0.0017, 0.0824]  x
  ee_velocity            = [-0.0125, -0.0005, -0.0872]  x
  target_position        = [0.1500, 0.0000, 0.0200]  x
  reward                 = -0.0646                x
  is_success             = False                  x
  obstacle_in_path       = False                  x
  obstacle_count_in_path = 0                      x
  obstacles              = {}                     x
  objects                = {'object_1': {'type': 'box', 'size': [0.04, 0.04, 0.04], 'mass': 1.0, 'color': [0.1, 0.2, 0.9, 1.0], 'initial_position': [-0.25, 0.0, 0.02], 'lateral_friction': 0.7, 'spinning_friction': 0.001, 'current_position': [0.15057157953118164, 0.017066709175643263, 0.08229058110534866]}}  x
  scripts                = {'script_1': True, 'reach_only': True, 'left_right': True}  x
  target_goal            = {'type': 'goal_sequence', 'targets': [{'name': 'target', 'position': [0.15000000596046448, 0.0, 0.019999999552965164]}], 'mode': 'goal_sequence'}  x
  scene                  = {'table': {'length': 1.1, 'width': 0.7, 'height': 0.4, 'x_offset': -0.3, 'lateral_friction': 3.0, 'spinning_friction': 0.001}}  x
  robot_config           = {'control_type': 'ee', 'block_gripper': False, 'base_position': [-0.6, 0.0, 0.05]}  x
  current_task           = OBJECT_DELIVERY_SEQUENCE  x
  current_subtask        = PLACE_OBJECT           x
  active_target_name     = target                 x
  action                 = [0.0000, 0.0000, -0.1500, -1.0000]  x
  joint_angles           = [-0.0009, 0.9344, -0.0019, -1.2676, 0.0017, 2.1997, 0.7824]  x
  joint_velocities       = [-0.0006, 0.1268, -0.0001, -0.0003, 0.0006, 0.0916, -0.0011]  x
  cube_rotation          = [-0.0020, -0.0200, 0.0033]  x
  cube_linear_velocity   = [-0.0125, -0.0054, -0.0872]  x
  obstacle_positions     = {}                     x
[step=  51 18:48:58.242][Analyzer] ASM node=place_object  goal_status=not_applicable
[step=  51 18:48:58.245][DejaVu] {'status': 'ok', 'unanticipated': False, 'adaptation': None, 'evaluation': None}
[step=  52 18:48:59.362][Manager] ep=1 subtask=PLACE_OBJECT reward=-0.0570
[step=  52 18:48:59.362][Perception]
  RAW PERCEPTION                                  MONITORED PARAMS
  ----------------------------------------------  --------------------------------------
  fingers_width         = 0.0384 m                gripper_width_cm      = 3 cm
  dist_ee_to_cube       = 0.0186 m                distance_ee_object_cm = 0 cm
  dist_cube_to_target   = 0.0570 m  (3D)          distance_obj_goal_cm  = 1 cm  (XY)
  cube_position (z)     = 0.0744 m                object_lift_height_cm = 5 cm
  cube_position (xy)    = [0.150, 0.017]          grasp_completed       = 1
  finger_contacts (raw) = 2                       finger_contacts       = 2
  x                                               grasp_attempts        = 1
  x                                               task_started          = 1
  x                                               object_available      = 1
  x                                               task_aborted          = 0
  episode                = 1                      x
  step                   = 52                     x
  ee_position            = [0.1489, -0.0018, 0.0746]  x
  ee_velocity            = [-0.0135, -0.0005, -0.0875]  x
  target_position        = [0.1500, 0.0000, 0.0200]  x
  reward                 = -0.0570                x
  is_success             = False                  x
  obstacle_in_path       = False                  x
  obstacle_count_in_path = 0                      x
  obstacles              = {}                     x
  objects                = {'object_1': {'type': 'box', 'size': [0.04, 0.04, 0.04], 'mass': 1.0, 'color': [0.1, 0.2, 0.9, 1.0], 'initial_position': [-0.25, 0.0, 0.02], 'lateral_friction': 0.7, 'spinning_friction': 0.001, 'current_position': [0.15008778207482426, 0.016852472520715464, 0.07442891357299533]}}  x
  scripts                = {'script_1': True, 'reach_only': True, 'left_right': True}  x
  target_goal            = {'type': 'goal_sequence', 'targets': [{'name': 'target', 'position': [0.15000000596046448, 0.0, 0.019999999552965164]}], 'mode': 'goal_sequence'}  x
  scene                  = {'table': {'length': 1.1, 'width': 0.7, 'height': 0.4, 'x_offset': -0.3, 'lateral_friction': 3.0, 'spinning_friction': 0.001}}  x
  robot_config           = {'control_type': 'ee', 'block_gripper': False, 'base_position': [-0.6, 0.0, 0.05]}  x
  current_task           = OBJECT_DELIVERY_SEQUENCE  x
  current_subtask        = PLACE_OBJECT           x
  active_target_name     = target                 x
  action                 = [0.0000, 0.0000, -0.1500, -1.0000]  x
  joint_angles           = [-0.0010, 0.9464, -0.0019, -1.2674, 0.0018, 2.2115, 0.7823]  x
  joint_velocities       = [-0.0005, 0.1281, -0.0001, 0.0011, 0.0006, 0.0908, -0.0011]  x
  cube_rotation          = [-0.0020, -0.0200, 0.0033]  x
  cube_linear_velocity   = [-0.0135, -0.0053, -0.0876]  x
  obstacle_positions     = {}                     x
[step=  52 18:48:59.363][Analyzer] ASM node=place_object  goal_status=not_applicable
[step=  52 18:48:59.365][DejaVu] {'status': 'ok', 'unanticipated': False, 'adaptation': None, 'evaluation': None}
[step=  53 18:49:00.509][Manager] ep=1 subtask=PLACE_OBJECT reward=-0.0494
[step=  53 18:49:00.509][Perception]
  RAW PERCEPTION                                  MONITORED PARAMS
  ----------------------------------------------  --------------------------------------
  fingers_width         = 0.0384 m                gripper_width_cm      = 3 cm
  dist_ee_to_cube       = 0.0185 m                distance_ee_object_cm = 0 cm
  dist_cube_to_target   = 0.0494 m  (3D)          distance_obj_goal_cm  = 1 cm  (XY)
  cube_position (z)     = 0.0665 m                object_lift_height_cm = 4 cm
  cube_position (xy)    = [0.150, 0.017]          grasp_completed       = 1
  finger_contacts (raw) = 2                       finger_contacts       = 2
  x                                               grasp_attempts        = 1
  x                                               task_started          = 1
  x                                               object_available      = 1
  x                                               task_aborted          = 0
  episode                = 1                      x
  step                   = 53                     x
  ee_position            = [0.1484, -0.0018, 0.0667]  x
  ee_velocity            = [-0.0148, -0.0004, -0.0891]  x
  target_position        = [0.1500, 0.0000, 0.0200]  x
  reward                 = -0.0494                x
  is_success             = False                  x
  obstacle_in_path       = False                  x
  obstacle_count_in_path = 0                      x
  obstacles              = {}                     x
  objects                = {'object_1': {'type': 'box', 'size': [0.04, 0.04, 0.04], 'mass': 1.0, 'color': [0.1, 0.2, 0.9, 1.0], 'initial_position': [-0.25, 0.0, 0.02], 'lateral_friction': 0.7, 'spinning_friction': 0.001, 'current_position': [0.14952997454662217, 0.016640246691311172, 0.06653117824291453]}}  x
  scripts                = {'script_1': True, 'reach_only': True, 'left_right': True}  x
  target_goal            = {'type': 'goal_sequence', 'targets': [{'name': 'target', 'position': [0.15000000596046448, 0.0, 0.019999999552965164]}], 'mode': 'goal_sequence'}  x
  scene                  = {'table': {'length': 1.1, 'width': 0.7, 'height': 0.4, 'x_offset': -0.3, 'lateral_friction': 3.0, 'spinning_friction': 0.001}}  x
  robot_config           = {'control_type': 'ee', 'block_gripper': False, 'base_position': [-0.6, 0.0, 0.05]}  x
  current_task           = OBJECT_DELIVERY_SEQUENCE  x
  current_subtask        = PLACE_OBJECT           x
  active_target_name     = target                 x
  action                 = [0.0000, 0.0000, -0.1500, -1.0000]  x
  joint_angles           = [-0.0010, 0.9585, -0.0019, -1.2671, 0.0019, 2.2233, 0.7822]  x
  joint_velocities       = [-0.0005, 0.1312, -0.0001, 0.0025, 0.0005, 0.0904, -0.0010]  x
  cube_rotation          = [-0.0020, -0.0200, 0.0033]  x
  cube_linear_velocity   = [-0.0148, -0.0053, -0.0892]  x
  obstacle_positions     = {}                     x
[step=  53 18:49:00.509][Analyzer] ASM node=place_object  goal_status=not_applicable
[step=  53 18:49:00.512][DejaVu] {'status': 'ok', 'unanticipated': False, 'adaptation': None, 'evaluation': None}
[step=  54 18:49:01.616][Manager] ep=1 subtask=PLACE_OBJECT reward=-0.0419
[step=  54 18:49:01.616][Perception]
  RAW PERCEPTION                                  MONITORED PARAMS
  ----------------------------------------------  --------------------------------------
  fingers_width         = 0.0384 m                gripper_width_cm      = 3 cm
  dist_ee_to_cube       = 0.0183 m                distance_ee_object_cm = 0 cm
  dist_cube_to_target   = 0.0419 m  (3D)          distance_obj_goal_cm  = 1 cm  (XY)
  cube_position (z)     = 0.0586 m                object_lift_height_cm = 3 cm
  cube_position (xy)    = [0.149, 0.016]          grasp_completed       = 1
  finger_contacts (raw) = 2                       finger_contacts       = 2
  x                                               grasp_attempts        = 1
  x                                               task_started          = 1
  x                                               object_available      = 1
  x                                               task_aborted          = 0
  episode                = 1                      x
  step                   = 54                     x
  ee_position            = [0.1477, -0.0019, 0.0587]  x
  ee_velocity            = [-0.0162, -0.0004, -0.0912]  x
  target_position        = [0.1500, 0.0000, 0.0200]  x
  reward                 = -0.0419                x
  is_success             = False                  x
  obstacle_in_path       = False                  x
  obstacle_count_in_path = 0                      x
  obstacles              = {}                     x
  objects                = {'object_1': {'type': 'box', 'size': [0.04, 0.04, 0.04], 'mass': 1.0, 'color': [0.1, 0.2, 0.9, 1.0], 'initial_position': [-0.25, 0.0, 0.02], 'lateral_friction': 0.7, 'spinning_friction': 0.001, 'current_position': [0.14890505806321483, 0.01642992979275654, 0.05857527873765186]}}  x
  scripts                = {'script_1': True, 'reach_only': True, 'left_right': True}  x
  target_goal            = {'type': 'goal_sequence', 'targets': [{'name': 'target', 'position': [0.15000000596046448, 0.0, 0.019999999552965164]}], 'mode': 'goal_sequence'}  x
  scene                  = {'table': {'length': 1.1, 'width': 0.7, 'height': 0.4, 'x_offset': -0.3, 'lateral_friction': 3.0, 'spinning_friction': 0.001}}  x
  robot_config           = {'control_type': 'ee', 'block_gripper': False, 'base_position': [-0.6, 0.0, 0.05]}  x
  current_task           = OBJECT_DELIVERY_SEQUENCE  x
  current_subtask        = PLACE_OBJECT           x
  active_target_name     = target                 x
  action                 = [0.0000, 0.0000, -0.1500, -1.0000]  x
  joint_angles           = [-0.0011, 0.9708, -0.0020, -1.2665, 0.0019, 2.2350, 0.7821]  x
  joint_velocities       = [-0.0005, 0.1352, -0.0001, 0.0045, 0.0005, 0.0902, -0.0010]  x
  cube_rotation          = [-0.0020, -0.0199, 0.0033]  x
  cube_linear_velocity   = [-0.0163, -0.0052, -0.0913]  x
  obstacle_positions     = {}                     x
[step=  54 18:49:01.617][Analyzer] ASM node=place_object  goal_status=not_applicable
[step=  54 18:49:01.619][DejaVu] {'status': 'ok', 'unanticipated': False, 'adaptation': None, 'evaluation': None}
[step=  55 18:49:02.789][Manager] ep=1 subtask=PLACE_OBJECT reward=-0.0347
[step=  55 18:49:02.789][Perception]
  RAW PERCEPTION                                  MONITORED PARAMS
  ----------------------------------------------  --------------------------------------
  fingers_width         = 0.0384 m                gripper_width_cm      = 3 cm
  dist_ee_to_cube       = 0.0182 m                distance_ee_object_cm = 0 cm
  dist_cube_to_target   = 0.0347 m  (3D)          distance_obj_goal_cm  = 1 cm  (XY)
  cube_position (z)     = 0.0506 m                object_lift_height_cm = 3 cm
  cube_position (xy)    = [0.148, 0.016]          grasp_completed       = 1
  finger_contacts (raw) = 2                       finger_contacts       = 2
  x                                               grasp_attempts        = 1
  x                                               task_started          = 1
  x                                               object_available      = 1
  x                                               task_aborted          = 0
  episode                = 1                      x
  step                   = 55                     x
  ee_position            = [0.1471, -0.0019, 0.0508]  x
  ee_velocity            = [-0.0171, -0.0004, -0.0913]  x
  target_position        = [0.1500, 0.0000, 0.0200]  x
  reward                 = -0.0347                x
  is_success             = False                  x
  obstacle_in_path       = False                  x
  obstacle_count_in_path = 0                      x
  obstacles              = {}                     x
  objects                = {'object_1': {'type': 'box', 'size': [0.04, 0.04, 0.04], 'mass': 1.0, 'color': [0.1, 0.2, 0.9, 1.0], 'initial_position': [-0.25, 0.0, 0.02], 'lateral_friction': 0.7, 'spinning_friction': 0.001, 'current_position': [0.14821998291224078, 0.01622142921585928, 0.05062389337986876]}}  x
  scripts                = {'script_1': True, 'reach_only': True, 'left_right': True}  x
  target_goal            = {'type': 'goal_sequence', 'targets': [{'name': 'target', 'position': [0.15000000596046448, 0.0, 0.019999999552965164]}], 'mode': 'goal_sequence'}  x
  scene                  = {'table': {'length': 1.1, 'width': 0.7, 'height': 0.4, 'x_offset': -0.3, 'lateral_friction': 3.0, 'spinning_friction': 0.001}}  x
  robot_config           = {'control_type': 'ee', 'block_gripper': False, 'base_position': [-0.6, 0.0, 0.05]}  x
  current_task           = OBJECT_DELIVERY_SEQUENCE  x
  current_subtask        = PLACE_OBJECT           x
  active_target_name     = target                 x
  action                 = [0.0000, 0.0000, -0.1500, -1.0000]  x
  joint_angles           = [-0.0012, 0.9833, -0.0020, -1.2657, 0.0020, 2.2467, 0.7819]  x
  joint_velocities       = [-0.0005, 0.1364, -0.0000, 0.0062, 0.0005, 0.0897, -0.0009]  x
  cube_rotation          = [-0.0020, -0.0199, 0.0033]  x
  cube_linear_velocity   = [-0.0171, -0.0052, -0.0914]  x
  obstacle_positions     = {}                     x
[step=  55 18:49:02.789][Analyzer] ASM node=place_object  goal_status=not_applicable
[step=  55 18:49:02.791][DejaVu] {'status': 'ok', 'unanticipated': False, 'adaptation': None, 'evaluation': None}
[step=  56 18:49:03.949][Manager] ep=1 subtask=PLACE_OBJECT reward=-0.0279
[step=  56 18:49:03.949][Perception]
  RAW PERCEPTION                                  MONITORED PARAMS
  ----------------------------------------------  --------------------------------------
  fingers_width         = 0.0384 m                gripper_width_cm      = 3 cm
  dist_ee_to_cube       = 0.0180 m                distance_ee_object_cm = 0 cm
  dist_cube_to_target   = 0.0279 m  (3D)          distance_obj_goal_cm  = 1 cm  (XY)
  cube_position (z)     = 0.0427 m                object_lift_height_cm = 2 cm
  cube_position (xy)    = [0.147, 0.016]          grasp_completed       = 1
  finger_contacts (raw) = 2                       finger_contacts       = 2
  x                                               grasp_attempts        = 1
  x                                               task_started          = 1
  x                                               object_available      = 1
  x                                               task_aborted          = 0
  episode                = 1                      x
  step                   = 56                     x
  ee_position            = [0.1463, -0.0020, 0.0428]  x
  ee_velocity            = [-0.0182, -0.0003, -0.0920]  x
  target_position        = [0.1500, 0.0000, 0.0200]  x
  reward                 = -0.0279                x
  is_success             = False                  x
  obstacle_in_path       = False                  x
  obstacle_count_in_path = 0                      x
  obstacles              = {}                     x
  objects                = {'object_1': {'type': 'box', 'size': [0.04, 0.04, 0.04], 'mass': 1.0, 'color': [0.1, 0.2, 0.9, 1.0], 'initial_position': [-0.25, 0.0, 0.02], 'lateral_friction': 0.7, 'spinning_friction': 0.001, 'current_position': [0.14746831626344722, 0.0160146500633327, 0.04266922944498976]}}  x
  scripts                = {'script_1': True, 'reach_only': True, 'left_right': True}  x
  target_goal            = {'type': 'goal_sequence', 'targets': [{'name': 'target', 'position': [0.15000000596046448, 0.0, 0.019999999552965164]}], 'mode': 'goal_sequence'}  x
  scene                  = {'table': {'length': 1.1, 'width': 0.7, 'height': 0.4, 'x_offset': -0.3, 'lateral_friction': 3.0, 'spinning_friction': 0.001}}  x
  robot_config           = {'control_type': 'ee', 'block_gripper': False, 'base_position': [-0.6, 0.0, 0.05]}  x
  current_task           = OBJECT_DELIVERY_SEQUENCE  x
  current_subtask        = PLACE_OBJECT           x
  active_target_name     = target                 x
  action                 = [0.0000, 0.0000, -0.1500, -1.0000]  x
  joint_angles           = [-0.0012, 0.9960, -0.0020, -1.2646, 0.0020, 2.2582, 0.7818]  x
  joint_velocities       = [-0.0005, 0.1383, -0.0000, 0.0079, 0.0005, 0.0889, -0.0008]  x
  cube_rotation          = [-0.0020, -0.0199, 0.0033]  x
  cube_linear_velocity   = [-0.0182, -0.0051, -0.0920]  x
  obstacle_positions     = {}                     x
[step=  56 18:49:03.950][Analyzer] ASM node=place_object  goal_status=not_applicable
[step=  56 18:49:03.952][DejaVu] {'status': 'ok', 'unanticipated': False, 'adaptation': None, 'evaluation': None}
[step=  57 18:49:05.096][Manager] ep=1 subtask=PLACE_OBJECT reward=-0.0237
[step=  57 18:49:05.096][Perception]
  RAW PERCEPTION                                  MONITORED PARAMS
  ----------------------------------------------  --------------------------------------
  fingers_width         = 0.0384 m                gripper_width_cm      = 3 cm
  dist_ee_to_cube       = 0.0179 m                distance_ee_object_cm = 0 cm
  dist_cube_to_target   = 0.0237 m  (3D)          distance_obj_goal_cm  = 1 cm  (XY)
  cube_position (z)     = 0.0374 m                object_lift_height_cm = 1 cm
  cube_position (xy)    = [0.147, 0.016]          grasp_completed       = 1
  finger_contacts (raw) = 2                       finger_contacts       = 2
  x                                               grasp_attempts        = 1
  x                                               task_started          = 1
  x                                               object_available      = 1
  x                                               task_aborted          = 0
  episode                = 1                      x
  step                   = 57                     x
  ee_position            = [0.1460, -0.0020, 0.0374]  x
  ee_velocity            = [0.0083, -0.0005, -0.0140]  x
  target_position        = [0.1500, 0.0000, 0.0200]  x
  reward                 = -0.0237                x
  is_success             = False                  x
  obstacle_in_path       = False                  x
  obstacle_count_in_path = 0                      x
  obstacles              = {}                     x
  objects                = {'object_1': {'type': 'box', 'size': [0.04, 0.04, 0.04], 'mass': 1.0, 'color': [0.1, 0.2, 0.9, 1.0], 'initial_position': [-0.25, 0.0, 0.02], 'lateral_friction': 0.7, 'spinning_friction': 0.001, 'current_position': [0.14721553422440117, 0.015809669326526467, 0.03737484010107208]}}  x
  scripts                = {'script_1': True, 'reach_only': True, 'left_right': True}  x
  target_goal            = {'type': 'goal_sequence', 'targets': [{'name': 'target', 'position': [0.15000000596046448, 0.0, 0.019999999552965164]}], 'mode': 'goal_sequence'}  x
  scene                  = {'table': {'length': 1.1, 'width': 0.7, 'height': 0.4, 'x_offset': -0.3, 'lateral_friction': 3.0, 'spinning_friction': 0.001}}  x
  robot_config           = {'control_type': 'ee', 'block_gripper': False, 'base_position': [-0.6, 0.0, 0.05]}  x
  current_task           = OBJECT_DELIVERY_SEQUENCE  x
  current_subtask        = PLACE_OBJECT           x
  active_target_name     = target                 x
  action                 = [0.0000, 0.0000, -0.1141, -1.0000]  x
  joint_angles           = [-0.0013, 1.0046, -0.0020, -1.2639, 0.0021, 2.2676, 0.7817]  x
  joint_velocities       = [-0.0004, 0.0304, -0.0003, 0.0056, 0.0005, 0.0710, -0.0010]  x
  cube_rotation          = [-0.0020, -0.0214, 0.0033]  x
  cube_linear_velocity   = [0.0083, -0.0051, -0.0139]  x
  obstacle_positions     = {}                     x
[step=  57 18:49:05.096][Analyzer] ASM node=place_object  goal_status=not_applicable
[step=  57 18:49:05.098][DejaVu] {'status': 'ok', 'unanticipated': False, 'adaptation': None, 'evaluation': None}
[step=  58 18:49:06.203][Manager] ep=1 subtask=PLACE_OBJECT reward=-0.0209
[step=  58 18:49:06.203][Perception]
  RAW PERCEPTION                                  MONITORED PARAMS
  ----------------------------------------------  --------------------------------------
  fingers_width         = 0.0384 m                gripper_width_cm      = 3 cm
  dist_ee_to_cube       = 0.0177 m                distance_ee_object_cm = 0 cm
  dist_cube_to_target   = 0.0209 m  (3D)          distance_obj_goal_cm  = 1 cm  (XY)
  cube_position (z)     = 0.0336 m                object_lift_height_cm = 1 cm
  cube_position (xy)    = [0.147, 0.016]          grasp_completed       = 1
  finger_contacts (raw) = 2                       finger_contacts       = 2
  x                                               grasp_attempts        = 1
  x                                               task_started          = 1
  x                                               object_available      = 1
  x                                               task_aborted          = 0
  episode                = 1                      x
  step                   = 58                     x
  ee_position            = [0.1458, -0.0021, 0.0337]  x
  ee_velocity            = [-0.0028, -0.0003, -0.0310]  x
  target_position        = [0.1500, 0.0000, 0.0200]  x
  reward                 = -0.0209                x
  is_success             = False                  x
  obstacle_in_path       = False                  x
  obstacle_count_in_path = 0                      x
  obstacles              = {}                     x
  objects                = {'object_1': {'type': 'box', 'size': [0.04, 0.04, 0.04], 'mass': 1.0, 'color': [0.1, 0.2, 0.9, 1.0], 'initial_position': [-0.25, 0.0, 0.02], 'lateral_friction': 0.7, 'spinning_friction': 0.001, 'current_position': [0.14701098217367833, 0.01560634668732574, 0.033635223037747075]}}  x
  scripts                = {'script_1': True, 'reach_only': True, 'left_right': True}  x
  target_goal            = {'type': 'goal_sequence', 'targets': [{'name': 'target', 'position': [0.15000000596046448, 0.0, 0.019999999552965164]}], 'mode': 'goal_sequence'}  x
  scene                  = {'table': {'length': 1.1, 'width': 0.7, 'height': 0.4, 'x_offset': -0.3, 'lateral_friction': 3.0, 'spinning_friction': 0.001}}  x
  robot_config           = {'control_type': 'ee', 'block_gripper': False, 'base_position': [-0.6, 0.0, 0.05]}  x
  current_task           = OBJECT_DELIVERY_SEQUENCE  x
  current_subtask        = PLACE_OBJECT           x
  active_target_name     = target                 x
  action                 = [0.0000, 0.0000, -0.0868, -1.0000]  x
  joint_angles           = [-0.0013, 1.0108, -0.0020, -1.2630, 0.0021, 2.2738, 0.7816]  x
  joint_velocities       = [-0.0004, 0.0506, -0.0002, 0.0058, 0.0005, 0.0476, -0.0008]  x
  cube_rotation          = [-0.0020, -0.0221, 0.0033]  x
  cube_linear_velocity   = [-0.0028, -0.0051, -0.0310]  x
  obstacle_positions     = {}                     x
[step=  58 18:49:06.204][Analyzer] ASM node=place_object  goal_status=not_applicable
[step=  58 18:49:06.205][DejaVu] {'status': 'ok', 'unanticipated': False, 'adaptation': None, 'evaluation': None}
[step=  59 18:49:07.376][Manager] ep=1 subtask=PLACE_OBJECT reward=-0.0163
[step=  59 18:49:07.376][Perception]
  RAW PERCEPTION                                  MONITORED PARAMS
  ----------------------------------------------  --------------------------------------
  fingers_width         = 0.0749 m                gripper_width_cm      = 7 cm
  dist_ee_to_cube       = 0.0199 m                distance_ee_object_cm = 0 cm
  dist_cube_to_target   = 0.0163 m  (3D)          distance_obj_goal_cm  = 1 cm  (XY)
  cube_position (z)     = 0.0242 m                object_lift_height_cm = 0 cm
  cube_position (xy)    = [0.147, 0.015]          grasp_completed       = 1
  finger_contacts (raw) = 0                       finger_contacts       = 0
  x                                               grasp_attempts        = 1
  x                                               task_started          = 1
  x                                               object_available      = 1
  x                                               task_aborted          = 0
  episode                = 1                      x
  step                   = 59                     x
  ee_position            = [0.1458, -0.0021, 0.0336]  x
  ee_velocity            = [0.0002, 0.0001, 0.0004]  x
  target_position        = [0.1500, 0.0000, 0.0200]  x
  reward                 = -0.0163                x
  is_success             = False                  x
  obstacle_in_path       = False                  x
  obstacle_count_in_path = 0                      x
  obstacles              = {}                     x
  objects                = {'object_1': {'type': 'box', 'size': [0.04, 0.04, 0.04], 'mass': 1.0, 'color': [0.1, 0.2, 0.9, 1.0], 'initial_position': [-0.25, 0.0, 0.02], 'lateral_friction': 0.7, 'spinning_friction': 0.001, 'current_position': [0.14690036767489364, 0.015404134297160189, 0.024159454415717527]}}  x
  scripts                = {'script_1': True, 'reach_only': True, 'left_right': True}  x
  target_goal            = {'type': 'goal_sequence', 'targets': [{'name': 'target', 'position': [0.15000000596046448, 0.0, 0.019999999552965164]}], 'mode': 'goal_sequence'}  x
  scene                  = {'table': {'length': 1.1, 'width': 0.7, 'height': 0.4, 'x_offset': -0.3, 'lateral_friction': 3.0, 'spinning_friction': 0.001}}  x
  robot_config           = {'control_type': 'ee', 'block_gripper': False, 'base_position': [-0.6, 0.0, 0.05]}  x
  current_task           = OBJECT_DELIVERY_SEQUENCE  x
  current_subtask        = PLACE_OBJECT           x
  active_target_name     = target                 x
  action                 = [0.0000, 0.0000, 0.0000, 1.0000]  x
  joint_angles           = [-0.0013, 1.0108, -0.0020, -1.2630, 0.0022, 2.2738, 0.7816]  x
  joint_velocities       = [-0.0000, -0.0006, 0.0002, 0.0000, 0.0002, 0.0001, -0.0002]  x
  cube_rotation          = [-0.0020, -0.0222, 0.0033]  x
  cube_linear_velocity   = [-0.0028, -0.0051, -0.4230]  x
  obstacle_positions     = {}                     x
[step=  59 18:49:07.377][ASM] [DONE] PLACE_OBJECT → __end__
[step=  59 18:49:07.377][Analyzer] ASM node=__end__  goal_status=not_applicable
[step=  59 18:49:07.380][DejaVu] {'status': 'ok', 'unanticipated': False, 'adaptation': None, 'evaluation': None}
[step=  60 18:49:08.536][Manager] ep=1 subtask=PLACE_OBJECT reward=-0.0155
[step=  60 18:49:08.537][Perception]
  RAW PERCEPTION                                  MONITORED PARAMS
  ----------------------------------------------  --------------------------------------
  fingers_width         = 0.0794 m                gripper_width_cm      = 7 cm
  dist_ee_to_cube       = 0.0222 m                distance_ee_object_cm = 0 cm
  dist_cube_to_target   = 0.0155 m  (3D)          distance_obj_goal_cm  = 1 cm  (XY)
  cube_position (z)     = 0.0199 m                object_lift_height_cm = 0 cm
  cube_position (xy)    = [0.147, 0.015]          grasp_completed       = 0
  finger_contacts (raw) = 0                       finger_contacts       = 0
  x                                               grasp_attempts        = 1
  x                                               task_started          = 1
  x                                               object_available      = 1
  x                                               task_aborted          = 0
  episode                = 1                      x
  step                   = 60                     x
  ee_position            = [0.1458, -0.0021, 0.0336]  x
  ee_velocity            = [0.0000, 0.0001, 0.0000]  x
  target_position        = [0.1500, 0.0000, 0.0200]  x
  reward                 = -0.0155                x
  is_success             = False                  x
  obstacle_in_path       = False                  x
  obstacle_count_in_path = 0                      x
  obstacles              = {}                     x
  objects                = {'object_1': {'type': 'box', 'size': [0.04, 0.04, 0.04], 'mass': 1.0, 'color': [0.1, 0.2, 0.9, 1.0], 'initial_position': [-0.25, 0.0, 0.02], 'lateral_friction': 0.7, 'spinning_friction': 0.001, 'current_position': [0.14745548445984596, 0.015335352847406216, 0.019900461129521225]}}  x
  scripts                = {'script_1': True, 'reach_only': True, 'left_right': True}  x
  target_goal            = {'type': 'goal_sequence', 'targets': [{'name': 'target', 'position': [0.15000000596046448, 0.0, 0.019999999552965164]}], 'mode': 'goal_sequence'}  x
  scene                  = {'table': {'length': 1.1, 'width': 0.7, 'height': 0.4, 'x_offset': -0.3, 'lateral_friction': 3.0, 'spinning_friction': 0.001}}  x
  robot_config           = {'control_type': 'ee', 'block_gripper': False, 'base_position': [-0.6, 0.0, 0.05]}  x
  current_task           = OBJECT_DELIVERY_SEQUENCE  x
  current_subtask        = PLACE_OBJECT           x
  active_target_name     = target                 x
  action                 = [0.0000, 0.0000, 0.0000, 1.0000]  x
  joint_angles           = [-0.0013, 1.0108, -0.0020, -1.2630, 0.0022, 2.2738, 0.7816]  x
  joint_velocities       = [-0.0000, -0.0000, 0.0001, -0.0001, 0.0001, 0.0001, -0.0001]  x
  cube_rotation          = [-0.0005, 0.0063, 0.0033]  x
  cube_linear_velocity   = [-0.0519, -0.0006, -0.0413]  x
  obstacle_positions     = {}                     x
[step=  60 18:49:08.537][Analyzer] ASM node=__end__  goal_status=not_applicable
[step=  60 18:49:08.539][DejaVu] {'status': 'ok', 'unanticipated': False, 'adaptation': None, 'evaluation': None}
[step=  61 18:49:09.670][Manager] ep=1 subtask=PLACE_OBJECT reward=-0.0156
[step=  61 18:49:09.670][Perception]
  RAW PERCEPTION                                  MONITORED PARAMS
  ----------------------------------------------  --------------------------------------
  fingers_width         = 0.0799 m                gripper_width_cm      = 7 cm
  dist_ee_to_cube       = 0.0222 m                distance_ee_object_cm = 0 cm
  dist_cube_to_target   = 0.0156 m  (3D)          distance_obj_goal_cm  = 1 cm  (XY)
  cube_position (z)     = 0.0200 m                object_lift_height_cm = 0 cm
  cube_position (xy)    = [0.147, 0.015]          grasp_completed       = 0
  finger_contacts (raw) = 0                       finger_contacts       = 0
  x                                               grasp_attempts        = 1
  x                                               task_started          = 1
  x                                               object_available      = 1
  x                                               task_aborted          = 0
  episode                = 1                      x
  step                   = 61                     x
  ee_position            = [0.1458, -0.0021, 0.0336]  x
  ee_velocity            = [-0.0000, 0.0000, -0.0000]  x
  target_position        = [0.1500, 0.0000, 0.0200]  x
  reward                 = -0.0156                x
  is_success             = False                  x
  obstacle_in_path       = False                  x
  obstacle_count_in_path = 0                      x
  obstacles              = {}                     x
  objects                = {'object_1': {'type': 'box', 'size': [0.04, 0.04, 0.04], 'mass': 1.0, 'color': [0.1, 0.2, 0.9, 1.0], 'initial_position': [-0.25, 0.0, 0.02], 'lateral_friction': 0.7, 'spinning_friction': 0.001, 'current_position': [0.14732661553113457, 0.015326576986668602, 0.019955358529003802]}}  x
  scripts                = {'script_1': True, 'reach_only': True, 'left_right': True}  x
  target_goal            = {'type': 'goal_sequence', 'targets': [{'name': 'target', 'position': [0.15000000596046448, 0.0, 0.019999999552965164]}], 'mode': 'goal_sequence'}  x
  scene                  = {'table': {'length': 1.1, 'width': 0.7, 'height': 0.4, 'x_offset': -0.3, 'lateral_friction': 3.0, 'spinning_friction': 0.001}}  x
  robot_config           = {'control_type': 'ee', 'block_gripper': False, 'base_position': [-0.6, 0.0, 0.05]}  x
  current_task           = OBJECT_DELIVERY_SEQUENCE  x
  current_subtask        = PLACE_OBJECT           x
  active_target_name     = target                 x
  action                 = [0.0000, 0.0000, 0.0000, 1.0000]  x
  joint_angles           = [-0.0013, 1.0108, -0.0020, -1.2630, 0.0022, 2.2738, 0.7816]  x
  joint_velocities       = [-0.0000, -0.0000, 0.0000, -0.0001, 0.0001, 0.0001, -0.0001]  x
  cube_rotation          = [-0.0001, -0.0001, 0.0033]  x
  cube_linear_velocity   = [0.0001, -0.0001, 0.0015]  x
  obstacle_positions     = {}                     x
[step=  61 18:49:09.670][Analyzer] ASM node=__end__  goal_status=not_applicable
[step=  61 18:49:09.673][DejaVu] {'status': 'ok', 'unanticipated': False, 'adaptation': None, 'evaluation': None}
[step=  62 18:49:10.830][Manager] ep=1 subtask=PLACE_OBJECT reward=-0.0156
[step=  62 18:49:10.830][Perception]
  RAW PERCEPTION                                  MONITORED PARAMS
  ----------------------------------------------  --------------------------------------
  fingers_width         = 0.0800 m                gripper_width_cm      = 7 cm
  dist_ee_to_cube       = 0.0221 m                distance_ee_object_cm = 0 cm
  dist_cube_to_target   = 0.0156 m  (3D)          distance_obj_goal_cm  = 1 cm  (XY)
  cube_position (z)     = 0.0200 m                object_lift_height_cm = 0 cm
  cube_position (xy)    = [0.147, 0.015]          grasp_completed       = 0
  finger_contacts (raw) = 0                       finger_contacts       = 0
  x                                               grasp_attempts        = 1
  x                                               task_started          = 1
  x                                               object_available      = 1
  x                                               task_aborted          = 0
  episode                = 1                      x
  step                   = 62                     x
  ee_position            = [0.1458, -0.0021, 0.0336]  x
  ee_velocity            = [-0.0000, 0.0000, -0.0000]  x
  target_position        = [0.1500, 0.0000, 0.0200]  x
  reward                 = -0.0156                x
  is_success             = False                  x
  obstacle_in_path       = False                  x
  obstacle_count_in_path = 0                      x
  obstacles              = {}                     x
  objects                = {'object_1': {'type': 'box', 'size': [0.04, 0.04, 0.04], 'mass': 1.0, 'color': [0.1, 0.2, 0.9, 1.0], 'initial_position': [-0.25, 0.0, 0.02], 'lateral_friction': 0.7, 'spinning_friction': 0.001, 'current_position': [0.14732823203917167, 0.01532501089416722, 0.019983463417526545]}}  x
  scripts                = {'script_1': True, 'reach_only': True, 'left_right': True}  x
  target_goal            = {'type': 'goal_sequence', 'targets': [{'name': 'target', 'position': [0.15000000596046448, 0.0, 0.019999999552965164]}], 'mode': 'goal_sequence'}  x
  scene                  = {'table': {'length': 1.1, 'width': 0.7, 'height': 0.4, 'x_offset': -0.3, 'lateral_friction': 3.0, 'spinning_friction': 0.001}}  x
  robot_config           = {'control_type': 'ee', 'block_gripper': False, 'base_position': [-0.6, 0.0, 0.05]}  x
  current_task           = OBJECT_DELIVERY_SEQUENCE  x
  current_subtask        = PLACE_OBJECT           x
  active_target_name     = target                 x
  action                 = [0.0000, 0.0000, 0.0000, 1.0000]  x
  joint_angles           = [-0.0013, 1.0108, -0.0020, -1.2630, 0.0022, 2.2738, 0.7816]  x
  joint_velocities       = [0.0000, -0.0000, 0.0000, -0.0001, 0.0000, 0.0001, -0.0000]  x
  cube_rotation          = [-0.0000, -0.0000, 0.0033]  x
  cube_linear_velocity   = [0.0000, -0.0000, 0.0003]  x
  obstacle_positions     = {}                     x
[step=  62 18:49:10.831][Analyzer] ASM node=__end__  goal_status=not_applicable
[step=  62 18:49:10.832][DejaVu] {'status': 'ok', 'unanticipated': False, 'adaptation': None, 'evaluation': None}
[step=  63 18:49:11.963][Manager] ep=1 subtask=PLACE_OBJECT reward=-0.0156
[step=  63 18:49:11.963][Perception]
  RAW PERCEPTION                                  MONITORED PARAMS
  ----------------------------------------------  --------------------------------------
  fingers_width         = 0.0800 m                gripper_width_cm      = 7 cm
  dist_ee_to_cube       = 0.0221 m                distance_ee_object_cm = 0 cm
  dist_cube_to_target   = 0.0156 m  (3D)          distance_obj_goal_cm  = 1 cm  (XY)
  cube_position (z)     = 0.0200 m                object_lift_height_cm = 0 cm
  cube_position (xy)    = [0.147, 0.015]          grasp_completed       = 0
  finger_contacts (raw) = 0                       finger_contacts       = 0
  x                                               grasp_attempts        = 1
  x                                               task_started          = 1
  x                                               object_available      = 1
  x                                               task_aborted          = 0
  episode                = 1                      x
  step                   = 63                     x
  ee_position            = [0.1458, -0.0021, 0.0336]  x
  ee_velocity            = [-0.0000, -0.0000, -0.0000]  x
  target_position        = [0.1500, 0.0000, 0.0200]  x
  reward                 = -0.0156                x
  is_success             = False                  x
  obstacle_in_path       = False                  x
  obstacle_count_in_path = 0                      x
  obstacles              = {}                     x
  objects                = {'object_1': {'type': 'box', 'size': [0.04, 0.04, 0.04], 'mass': 1.0, 'color': [0.1, 0.2, 0.9, 1.0], 'initial_position': [-0.25, 0.0, 0.02], 'lateral_friction': 0.7, 'spinning_friction': 0.001, 'current_position': [0.14732853704195553, 0.01532471540102989, 0.019988766591636713]}}  x
  scripts                = {'script_1': True, 'reach_only': True, 'left_right': True}  x
  target_goal            = {'type': 'goal_sequence', 'targets': [{'name': 'target', 'position': [0.15000000596046448, 0.0, 0.019999999552965164]}], 'mode': 'goal_sequence'}  x
  scene                  = {'table': {'length': 1.1, 'width': 0.7, 'height': 0.4, 'x_offset': -0.3, 'lateral_friction': 3.0, 'spinning_friction': 0.001}}  x
  robot_config           = {'control_type': 'ee', 'block_gripper': False, 'base_position': [-0.6, 0.0, 0.05]}  x
  current_task           = OBJECT_DELIVERY_SEQUENCE  x
  current_subtask        = PLACE_OBJECT           x
  active_target_name     = target                 x
  action                 = [0.0000, 0.0000, 0.0000, 1.0000]  x
  joint_angles           = [-0.0013, 1.0108, -0.0020, -1.2631, 0.0022, 2.2738, 0.7816]  x
  joint_velocities       = [0.0000, -0.0000, -0.0000, -0.0001, 0.0000, 0.0001, -0.0000]  x
  cube_rotation          = [-0.0000, -0.0000, 0.0033]  x
  cube_linear_velocity   = [0.0000, -0.0000, 0.0001]  x
  obstacle_positions     = {}                     x
[step=  63 18:49:11.964][Analyzer] ASM node=__end__  goal_status=not_applicable
[step=  63 18:49:11.965][DejaVu] {'status': 'ok', 'unanticipated': False, 'adaptation': None, 'evaluation': None}
[step=  64 18:49:13.110][Manager] ep=1 subtask=PLACE_OBJECT reward=-0.0156
[step=  64 18:49:13.110][Perception]
  RAW PERCEPTION                                  MONITORED PARAMS
  ----------------------------------------------  --------------------------------------
  fingers_width         = 0.0800 m                gripper_width_cm      = 7 cm
  dist_ee_to_cube       = 0.0221 m                distance_ee_object_cm = 0 cm
  dist_cube_to_target   = 0.0156 m  (3D)          distance_obj_goal_cm  = 1 cm  (XY)
  cube_position (z)     = 0.0200 m                object_lift_height_cm = 0 cm
  cube_position (xy)    = [0.147, 0.015]          grasp_completed       = 0
  finger_contacts (raw) = 0                       finger_contacts       = 0
  x                                               grasp_attempts        = 1
  x                                               task_started          = 1
  x                                               object_available      = 1
  x                                               task_aborted          = 0
  episode                = 1                      x
  step                   = 64                     x
  ee_position            = [0.1458, -0.0021, 0.0336]  x
  ee_velocity            = [-0.0000, -0.0000, -0.0000]  x
  target_position        = [0.1500, 0.0000, 0.0200]  x
  reward                 = -0.0156                x
  is_success             = True                   x
  obstacle_in_path       = False                  x
  obstacle_count_in_path = 0                      x
  obstacles              = {}                     x
  objects                = {'object_1': {'type': 'box', 'size': [0.04, 0.04, 0.04], 'mass': 1.0, 'color': [0.1, 0.2, 0.9, 1.0], 'initial_position': [-0.25, 0.0, 0.02], 'lateral_friction': 0.7, 'spinning_friction': 0.001, 'current_position': [0.14732859459319567, 0.015324659644105702, 0.019989767264115527]}}  x
  scripts                = {'script_1': True, 'reach_only': True, 'left_right': True}  x
  target_goal            = {'type': 'goal_sequence', 'targets': [{'name': 'target', 'position': [0.15000000596046448, 0.0, 0.019999999552965164]}], 'mode': 'goal_sequence'}  x
  scene                  = {'table': {'length': 1.1, 'width': 0.7, 'height': 0.4, 'x_offset': -0.3, 'lateral_friction': 3.0, 'spinning_friction': 0.001}}  x
  robot_config           = {'control_type': 'ee', 'block_gripper': False, 'base_position': [-0.6, 0.0, 0.05]}  x
  current_task           = OBJECT_DELIVERY_SEQUENCE  x
  current_subtask        = PLACE_OBJECT           x
  active_target_name     = target                 x
  action                 = [0.0000, 0.0000, 0.0000, 0.0000]  x
  joint_angles           = [-0.0013, 1.0108, -0.0020, -1.2631, 0.0022, 2.2738, 0.7816]  x
  joint_velocities       = [0.0000, -0.0000, -0.0000, -0.0001, 0.0000, 0.0001, -0.0000]  x
  cube_rotation          = [-0.0000, -0.0000, 0.0033]  x
  cube_linear_velocity   = [0.0000, -0.0000, 0.0000]  x
  obstacle_positions     = {}                     x
[step=  64 18:49:13.111][Analyzer] ASM node=__end__  goal_status=not_applicable
[step=  64 18:49:13.114][DejaVu] {'status': 'ok', 'unanticipated': False, 'adaptation': None, 'evaluation': None}
